udise_code,status,school_name,state,edu_district,edu_block,academic_year,school_category,school_management,class_range,school_type,school_location,lgd_block,lgd_village,lgd_ward,urban_local_body,address,pin_code,email,know_more_url,schooldetail_id,last_modified_time,total_results_hint
******00978 Operational,,(10026) SRI VYSHNAVI JR COLLEGE NANDIKOTKUR,,,,Andhra Pradesh,11-Higher Secondary only/Jr. College,38-Pvt.Unaided,11 To 12,3-Co-educational,2-Urban,NA,,Nandikotkur Ward No. 1,Nandikotkur-Town Panchayat,523/1 byreddy complex nandikotkur,518401,srivyshnavijuniorcollege[at]gmail[dot]com,https://kys.udiseplus.gov.in/#/schooldetail/4698412/12,4698412,18/12/2025 16:11,2367
******91466 Operational,,(10083) Sri Venkateshwara Jr.College Nandyala,,,,Andhra Pradesh,11-Higher Secondary only/Jr. College,38-Pvt.Unaided,11 To 12,3-Co-educational,2-Urban,NA,,Nandyal (M) - Ward No.13,Nandyal-Municipality,NEAR PADMAVATHI NAGAR ARCH NK ROAD NANDYAL,518501,ssvjc10083[at]gmail[dot]com,https://kys.udiseplus.gov.in/#/schooldetail/4699507/12,4699507,15/10/2020 12:18,2367
******91467 Permanently Closed,,(10084) Sri Siva Sai Jr.College Nandyala,,,,Andhra Pradesh,11-Higher Secondary only/Jr. College,38-Pvt.Unaided,11 To 12,3-Co-educational,2-Urban,NA,,Nandyal (M) - Ward No.29,Nandyal-Municipality,NA,518502,,https://kys.udiseplus.gov.in/#/schooldetail/4699508/12,4699508,15/10/2020 12:18,2367
******91468 Operational,,"(10085) RAOS JUNIOR COLLEGE, SANJEEVA NAGAR NANDYAL",,,,Andhra Pradesh,11-Higher Secondary only/Jr. College,38-Pvt.Unaided,11 To 12,3-Co-educational,2-Urban,NA,,Nandyal (M) - Ward No.25,Nandyal-Municipality,25-252sanjeeva nagar Nandyal,518501,ndl.rjc[at]gmail[dot]com,https://kys.udiseplus.gov.in/#/schooldetail/4699509/12,4699509,06/02/2023 17:23,2367
******91470 Operational,,(10087) PSC and KVSC Govt. Jr.College Bomalasatram Nandyal,,,,Andhra Pradesh,11-Higher Secondary only/Jr. College,10-State Govt.,11 To 12,3-Co-educational,2-Urban,NA,,Nandyal (M) - Ward No.29,Nandyal-Municipality,BOMMALASATRAM NANDYAL,518501,principal.gjc.nandyal[at]gmail[dot]com,https://kys.udiseplus.gov.in/#/schooldetail/4699510/12,4699510,26/06/2021 09:59,2367
******91471 Operational,,(10089) SYVCP Govt. Jr College for Girls Nandyal,,,,Andhra Pradesh,11-Higher Secondary only/Jr. College,10-State Govt.,11 To 12,2-Girls,2-Urban,NA,,Nandyal (M) - Ward No.16,Nandyal-Municipality,NEAR GOVTPOLYTECGHNIC COLLEGE TEKKE NANDYAL,518501,principalgjcforgirlsnandyal[at]gmail[dot]com,https://kys.udiseplus.gov.in/#/schooldetail/4700629/12,4700629,26/06/2021 09:59,2367
******91472 Operational,,(10090) SPY Reddy Jr.College for girls BomalasatramNandyala,,,,Andhra Pradesh,11-Higher Secondary only/Jr. College,38-Pvt.Unaided,11 To 12,2-Girls,2-Urban,NA,,Nandyal (M) - Ward No.30,Nandyal-Municipality,263 Bommalasatram Nandyal,518502,prlspyrjc[at]gmail[dot]com,https://kys.udiseplus.gov.in/#/schooldetail/4700630/12,4700630,26/06/2021 10:10,2367
******91473 Operational,,(10091) Raos Jr.College Srinivasa Nagar Nandyal,,,,Andhra Pradesh,11-Higher Secondary only/Jr. College,38-Pvt.Unaided,11 To 12,3-Co-educational,2-Urban,NA,,Nandyal (M) - Ward No.25,Nandyal-Municipality,25/695-2 SY NO 759/213 SRINIVASA NAGAR NANDYAL,518501,ndl.rjc[at]gmail[dot]com,https://kys.udiseplus.gov.in/#/schooldetail/4700631/12,4700631,09/01/2026 12:37,2367
******00628 Operational,,(10092) Vijayawada Nalanda Jr College Nandyal,,,,Andhra Pradesh,11-Higher Secondary only/Jr. College,38-Pvt.Unaided,11 To 12,3-Co-educational,2-Urban,NA,,Nandyal (M) - Ward No.28,Nandyal-Municipality,28/759/B3 NGOS COLONY NANDYAL,518502,ramasubbaiah75[at]gmail[dot]com,https://kys.udiseplus.gov.in/#/schooldetail/4700409/12,4700409,26/06/2021 09:57,2367
******03145 Operational,,(10094) SRI SAI SIDDRATHA JR.COLLEGE B.PALLI,,,,Andhra Pradesh,11-Higher Secondary only/Jr. College,38-Pvt.Unaided,11 To 12,3-Co-educational,1-Rural,Banaganapalle,Banaganapalle (Ct),,,GOOTHY ROAD BANAGANAPALLI,518124,rayapatirasekher1985[at]gmail[dot]com,https://kys.udiseplus.gov.in/#/schooldetail/4701333/12,4701333,11/05/2022 12:23,2367
******91512 Operational,,(10103) THE NANDYAL JUNIOR COLLEGE,,,,Andhra Pradesh,11-Higher Secondary only/Jr. College,38-Pvt.Unaided,11 To 12,3-Co-educational,1-Rural,Nandyal,Kothapalli,,,"THE NANDYAL JUNIOR COLLEGE ,KOTHAPALLI,NANDYAL",518501,meo.nandyal34[at]gmail[dot]com,https://kys.udiseplus.gov.in/#/schooldetail/4700657/12,4700657,13/12/2023 10:37,2367
******00644 Operational,,(10104) NARAYANA JUNIOR COLLEGE NANDYAL,,,,Andhra Pradesh,11-Higher Secondary only/Jr. College,38-Pvt.Unaided,11 To 12,3-Co-educational,2-Urban,NA,,Nandyal (M) - Ward No.25,Nandyal-Municipality,"R P COMPLEX , N K ROAD",518501,njcndl[at]gmail[dot]com,https://kys.udiseplus.gov.in/#/schooldetail/4700421/12,4700421,15/12/2023 08:45,2367
******91475 Operational,,(10105) NAGARJUNA JR.COLLEGE NANDYAL,,,,Andhra Pradesh,11-Higher Secondary only/Jr. College,38-Pvt.Unaided,11 To 12,3-Co-educational,2-Urban,NA,,Nandyal (M) - Ward No.14,Nandyal-Municipality,H NO 25/684-239 PADMAVATHI NAGAR NANDYAL KURNOOL DISTRIC AP-518501,518502,nagarjunajuniorcollege123[at]gmail[dot]com,https://kys.udiseplus.gov.in/#/schooldetail/4700632/12,4700632,18/11/2024 11:44,2367
******91477 Operational,,(10107) NATIONAL JR.COLLEGE NANDYAL,,,,Andhra Pradesh,11-Higher Secondary only/Jr. College,38-Pvt.Unaided,11 To 12,3-Co-educational,2-Urban,NA,,Nandyal (M) - Ward No.25,Nandyal-Municipality,Sreenivasa Nagar Nandyal,518501,nationaljrcollegenandyal[at]gmail[dot]com,https://kys.udiseplus.gov.in/#/schooldetail/4700633/12,4700633,18/11/2024 11:12,2367
******91478 Operational,,(10108) ST.Josephs Jr.College for girls Nandyala,,,,Andhra Pradesh,11-Higher Secondary only/Jr. College,38-Pvt.Unaided,11 To 12,2-Girls,2-Urban,NA,,Nandyal Ward No. 35,Nandyal-Municipality,DANIELPURAM NANDYAL MUNCIPALITY,518501,Stjosephsjuniorcollege393[at]gmail[dot]com,https://kys.udiseplus.gov.in/#/schooldetail/4717463/12,4717463,15/10/2024 12:35,2367
******91479 Operational,,(10109) Bhuvana Vijayamma Jr.College Nandyala,,,,Andhra Pradesh,11-Higher Secondary only/Jr. College,38-Pvt.Unaided,11 To 12,3-Co-educational,2-Urban,NA,,Nandyal (M) - Ward No.25,Nandyal-Municipality,DANIEL PURAM GATE NANDYAL,518501,ccvenkatasubbaiahbvj[at]gmail[dot]com,https://kys.udiseplus.gov.in/#/schooldetail/4700634/12,4700634,26/06/2021 10:01,2367
******00627 Operational,,(10110) BBJ SPG Jr collegeNandyal,,,,Andhra Pradesh,11-Higher Secondary only/Jr. College,38-Pvt.Unaided,11 To 12,3-Co-educational,2-Urban,NA,,MOOLASAGARAM(RURAL) Ward No.33,Nandyal-Municipality,26/129 R S Road Nandyal Kurnool Dist,518502,bbjspgvocationaljuniorcollege[at]gmail[dot]com,https://kys.udiseplus.gov.in/#/schooldetail/4700408/12,4700408,26/06/2021 09:56,2367
******00622 Closed,Closed,(10111) C.S.I. Jr.College Sirvel,,,,Andhra Pradesh,11-Higher Secondary only/Jr. College,38-Pvt.Unaided,11 To 12,3-Co-educational,1-Rural,Sirivel,Govindpalle,,,govindhapalli village sirvel mandal kurnool dist,518502,hepsiba999law[at]gmail[dot]com,https://kys.udiseplus.gov.in/#/schooldetail/4700765/12,4700765,09/05/2022 13:33,2367
******91465 Operational,,(10112) Sri Srinivasa Jr.College Nandyala,,,,Andhra Pradesh,11-Higher Secondary only/Jr. College,38-Pvt.Unaided,11 To 12,3-Co-educational,2-Urban,NA,,Nandyal (M) - Ward No.14,Nandyal-Municipality,25/684-3-1,518502,sjcgdr19246[at]gmail[dot]com,https://kys.udiseplus.gov.in/#/schooldetail/4699506/12,4699506,15/10/2020 12:18,2367
******00962 Operational,,(10120) YPPM Govt. Jr College Allagadda,,,,Andhra Pradesh,11-Higher Secondary only/Jr. College,10-State Govt.,11 To 12,3-Co-educational,2-Urban,NA,,Allagadda Ward no. 6,Allagadda-Town Panchayat,TB ROAD ALLAGADDA KURNOOL DT AP,518543,principal.gjc.allagadda[at]gmail[dot]com,https://kys.udiseplus.gov.in/#/schooldetail/4700920/12,4700920,25/06/2021 12:37,2367
******00964 Operational,,(10122) K.V. SUBBAREDDY Jr.College Allagadda,,,,Andhra Pradesh,11-Higher Secondary only/Jr. College,38-Pvt.Unaided,11 To 12,3-Co-educational,2-Urban,NA,,Allagadda Ward no. 6,Allagadda-Town Panchayat,8-11-8 SRINIVASA NAGAR ALLAGADDA NAGARA PANCHAYATH KURNOOL DISTRICT,518543,principal.kvsrjc[at]gmail[dot]com,https://kys.udiseplus.gov.in/#/schooldetail/4700921/12,4700921,21/09/2024 15:02,2367
******01806 Closed,Closed,(10125) RAVI JR COLLEGE,,,,Andhra Pradesh,11-Higher Secondary only/Jr. College,38-Pvt.Unaided,11 To 12,3-Co-educational,1-Rural,Rudravaram,Narasapuram,,,SRI RAVI JUNIOR COLLEGE NARASAPURAM.AHOBILAM ROAD,518543,sriravijrcollege[at]gmail[dot]com,https://kys.udiseplus.gov.in/#/schooldetail/4700849/12,4700849,23/08/2024 12:48,2367
******00965 Operational,,(10126) Pragnya Jr.College Sadha Colony Allagadda,,,,Andhra Pradesh,11-Higher Secondary only/Jr. College,38-Pvt.Unaided,11 To 12,3-Co-educational,2-Urban,NA,,Allagadda Ward no. 6,Allagadda-Town Panchayat,TB ROAD ALLAGADDA KURNOOL DT AP,518543,pragnajuniorcollege10126[at]gmail[dot]com,https://kys.udiseplus.gov.in/#/schooldetail/4700922/12,4700922,21/09/2024 14:28,2367
******00911 Operational,,(10135) GOVT.JR.COLLEGE YERRANGUNTLA,,,,Andhra Pradesh,11-Higher Secondary only/Jr. College,10-State Govt.,11 To 12,3-Co-educational,1-Rural,Sirivel,Yerragundla,,,adjacent to NH 40 YERRAGUNTLA VILLAGE SIRVEL MANDAL,518510,principal.gjc.yerraguntla1[at]gmail[dot]com,https://kys.udiseplus.gov.in/#/schooldetail/4700785/12,4700785,19/09/2024 09:59,2367
******01438 Operational,,(10146) GOVT.JR.COLLEGE KOILAKUNTLA,,,,Andhra Pradesh,11-Higher Secondary only/Jr. College,10-State Govt.,11 To 12,3-Co-educational,1-Rural,Koilakuntla,Koilkuntla,,,Opp Govt Hospital,518134,principal.gjc.koilkuntla[at]gmail[dot]com,https://kys.udiseplus.gov.in/#/schooldetail/4701196/12,4701196,15/10/2020 12:18,2367
******01439 Closed,Closed,(10147) GSR and PSR Jr.College Koilakuntla,,,,Andhra Pradesh,11-Higher Secondary only/Jr. College,38-Pvt.Unaided,11 To 12,3-Co-educational,1-Rural,Koilakuntla,Koilkuntla,,,KOILAKUNTLA KURNOOL 518134,518134,KVSR.PRIN.GOTUR[at]GMAIL[dot]COM,https://kys.udiseplus.gov.in/#/schooldetail/4701197/12,4701197,22/07/2024 13:29,2367
******01440 Operational,,(10149) Dr.C.V.Raman Jr.College Koilakuntla,,,,Andhra Pradesh,11-Higher Secondary only/Jr. College,38-Pvt.Unaided,11 To 12,3-Co-educational,1-Rural,Koilakuntla,Koilkuntla,,,10-543/17A near RTC bustand koilkuntla,518134,cvrjc.kkl[at]gmail[dot]com,https://kys.udiseplus.gov.in/#/schooldetail/4701198/12,4701198,11/05/2022 16:13,2367
******01008 Operational,,(10150) GOVT.JR.COLLEGE SANJAMALA,,,,Andhra Pradesh,11-Higher Secondary only/Jr. College,10-State Govt.,11 To 12,3-Co-educational,1-Rural,Sanjamala,Sanjamala,,,APPOSITE GHS SANJAMALA MAIN ROAD PINCODE 518165,518165,principal.gjc.sanjamala[at]gmail[dot]com,https://kys.udiseplus.gov.in/#/schooldetail/4700248/12,4700248,23/12/2025 14:56,2367
******01445 Operational,,(10151) MASTER MAHILA KALASHALA KOILAKUNTLA,,,,Andhra Pradesh,11-Higher Secondary only/Jr. College,38-Pvt.Unaided,11 To 12,3-Co-educational,1-Rural,Koilakuntla,Koilkuntla,,,10-610 GANDHI NAGAR KOILKUNTLA,518134,hemasundarreddy636[at]gmail[dot]com,https://kys.udiseplus.gov.in/#/schooldetail/4701202/12,4701202,11/12/2025 13:01,2367
******00968 Operational,,(10161) Basi Reddy Memorial Jr.College Nandikotkur,,,,Andhra Pradesh,11-Higher Secondary only/Jr. College,38-Pvt.Unaided,11 To 12,3-Co-educational,2-Urban,NA,,Nandikotkur Ward No. 14,Nandikotkur-Town Panchayat,NANDYAL ROAD NANDIKOTKUR,518401,basireddy_ramesh[at]yahoo[dot]co[dot]in,https://kys.udiseplus.gov.in/#/schooldetail/4698403/12,4698403,23/07/2024 14:32,2367
******00973 Operational,,(10162) GOVT.JR.COLLEGE NANDIKOTKUR,,,,Andhra Pradesh,11-Higher Secondary only/Jr. College,10-State Govt.,11 To 12,3-Co-educational,2-Urban,NA,,Nandikotkur Ward No. 10,Nandikotkur-Town Panchayat,Vidya Nagar,518401,principal.gjc.ndk[at]gmail[dot]com,https://kys.udiseplus.gov.in/#/schooldetail/4698407/12,4698407,25/06/2021 17:59,2367
******00969 Operational,,(10164) Sri Sai Rama Jr.College Nandikotkur,,,,Andhra Pradesh,11-Higher Secondary only/Jr. College,38-Pvt.Unaided,11 To 12,3-Co-educational,2-Urban,NA,,Nandikotkur Ward No. 14,Nandikotkur-Town Panchayat,NANDIKOTKUR,518401,srisairamcollege.ndk[at]gmail[dot]com,https://kys.udiseplus.gov.in/#/schooldetail/4698404/12,4698404,26/06/2021 12:02,2367
******00972 Operational,,(10179) SRI NANDI JR.COLLEGEL NANDIKOTKUR,,,,Andhra Pradesh,11-Higher Secondary only/Jr. College,38-Pvt.Unaided,11 To 12,3-Co-educational,2-Urban,NA,,Nandikotkur Ward No. 14,Nandikotkur-Town Panchayat,BEHAIND VASAVI HOSPITAL NANDIKOTKUR,518401,baddulasrikanth2014[at]gmail[dot]com,https://kys.udiseplus.gov.in/#/schooldetail/4698406/12,4698406,25/06/2021 17:59,2367
******01535 Operational,,(10200) S.V.M.S.R.Jr.College Chagalamarri,,,,Andhra Pradesh,11-Higher Secondary only/Jr. College,38-Pvt.Unaided,11 To 12,3-Co-educational,1-Rural,Chagalamarri,Chagalamarri,,,11-101 NARAYANAPALLI ROAD CHAGALAMARRI,518553,svmvsrjc[at]gmail[dot]com,https://kys.udiseplus.gov.in/#/schooldetail/4701023/12,4701023,29/06/2022 17:39,2367
******01536 Operational,,(10201) Moulana Azad Jr.College Chagalamarri,,,,Andhra Pradesh,11-Higher Secondary only/Jr. College,38-Pvt.Unaided,11 To 12,3-Co-educational,1-Rural,Chagalamarri,Chagalamarri,,,9-27/13 sivalayam street CHAGALAMARRI,518553,majrcollege[at]gmail[dot]com,https://kys.udiseplus.gov.in/#/schooldetail/4701024/12,4701024,24/06/2021 21:24,2367
******00714 Operational,,(10245) GOVT JR COLLEGEPAMULAPADU,,,,Andhra Pradesh,11-Higher Secondary only/Jr. College,10-State Govt.,11 To 12,3-Co-educational,1-Rural,Pamulapadu,Pamulapadu,,,NEAR NEW MRO OFFICE,518442,,https://kys.udiseplus.gov.in/#/schooldetail/4698694/12,4698694,15/10/2020 12:18,2367
******00154 Operational,,(10246) GOVT.JR.COLLEGE ATMAKUR,,,,Andhra Pradesh,11-Higher Secondary only/Jr. College,10-State Govt.,11 To 12,3-Co-educational,2-Urban,NA,,Atmakurknl Ward No. 18,Atmakur (Kurnool)-Municipality,GOVT JR COLLEGE ATMAKUR,518422,principal.gjc.atmakur[at]gmail[dot]com,https://kys.udiseplus.gov.in/#/schooldetail/4698542/12,4698542,15/10/2020 12:18,2367
******00155 Operational,,(10248) St.Theresais Jr.College Atamkur,,,,Andhra Pradesh,11-Higher Secondary only/Jr. College,38-Pvt.Unaided,11 To 12,3-Co-educational,2-Urban,NA,,Atmakurknl Ward No. 10,Atmakur (Kurnool)-Municipality,GAREEB NAGAR ATMAKUR MANDAL,518422,theresajuniorcollege[at]gmail[dot]com,https://kys.udiseplus.gov.in/#/schooldetail/4698543/12,4698543,25/06/2021 16:07,2367
******00156 Operational,,(10249) GR Jr. College Atmakur,,,,Andhra Pradesh,11-Higher Secondary only/Jr. College,38-Pvt.Unaided,11 To 12,3-Co-educational,2-Urban,NA,,Atmakurknl Ward No. 18,Atmakur (Kurnool)-Municipality,2-49/30/1 2-49/30/2 MARKANDEYA NAGAR ATMAKUR,518422,sriadityajuniorcollege10249[at]gmail[dot]com,https://kys.udiseplus.gov.in/#/schooldetail/4698544/12,4698544,17/02/2026 11:22,2367
******00157 Closed,Closed,(10250) Sri.Sai Jr.College Atmakur,,,,Andhra Pradesh,11-Higher Secondary only/Jr. College,38-Pvt.Unaided,11 To 12,3-Co-educational,2-Urban,NA,,Atmakurknl Ward No. 13,Atmakur (Kurnool)-Municipality,STATE BANK BACK SIDE ATMAKUR MANDAL KURNOOL DIST,518422,dvnaikchanti[at]gmail[dot]com,https://kys.udiseplus.gov.in/#/schooldetail/4698545/12,4698545,22/07/2024 13:55,2367
******00167 Operational,,(10252) SRI DEEPA JUNIOR COLLEGE FOR GIRLS,,,,Andhra Pradesh,11-Higher Secondary only/Jr. College,38-Pvt.Unaided,11 To 12,2-Girls,2-Urban,NA,,Atmakurknl Ward No. 13,Atmakur (Kurnool)-Municipality,STATE BANK BACK SIDE ATMAKUR MANDAL KURNOOL DIST,518422,srideepajrcollege[at]gmail[dot]com,https://kys.udiseplus.gov.in/#/schooldetail/4698554/12,4698554,25/06/2021 16:08,2367
******03139 Operational,,(10260) Govt.Jr.CollegeB.Palli,,,,Andhra Pradesh,11-Higher Secondary only/Jr. College,10-State Govt.,11 To 12,3-Co-educational,1-Rural,Banaganapalle,Banaganapalle (Ct),,,principalgovtjrcollegebanaganapalle,518124,principal.gjc.banaganapalle[at]gmail[dot]com,https://kys.udiseplus.gov.in/#/schooldetail/4701328/12,4701328,11/05/2022 12:02,2367
******03140 Operational,,(10261) Kanakara Gurreddy Jr.College B.Palli,,,,Andhra Pradesh,11-Higher Secondary only/Jr. College,38-Pvt.Unaided,11 To 12,3-Co-educational,1-Rural,Banaganapalle,Banaganapalle (Ct),,,BESIDE RTC BUSSTAND BANAGANAPALLI BANAGANAPALLI MANDAL,518124,krcr.degree[at]gmail[dot]com,https://kys.udiseplus.gov.in/#/schooldetail/4701329/12,4701329,11/05/2022 12:23,2367
******01024 Operational,,(10262) GOVT JR COLLEGEOWK,,,,Andhra Pradesh,11-Higher Secondary only/Jr. College,10-State Govt.,11 To 12,3-Co-educational,1-Rural,Owk,Owk,,,OWK OWK OWK(VILLAGE) OWK(MANDAL) KURNOOL(DIST),518122,gJcowk10262ppl[at]gmail[dot]com,https://kys.udiseplus.gov.in/#/schooldetail/4701500/12,4701500,11/05/2022 15:30,2367
******03143 Operational,,(10263) VELOCITY JUNIOR COLLEGE NANDYAL,,,,Andhra Pradesh,11-Higher Secondary only/Jr. College,38-Pvt.Unaided,11 To 12,3-Co-educational,2-Urban,Nandyal,,Nandyal Ward No. 35,Nandyal-Municipality,Padmavathi Nagar Nandyal (Dt) Andhra Pradesh,518501,velocityjrcollegendl[at]gmail[dot]com,https://kys.udiseplus.gov.in/#/schooldetail/4701331/12,4701331,11/12/2025 13:01,2367
******00812 Operational,,(10271) Govt.Jr.CollegeKolimigundla,,,,Andhra Pradesh,11-Higher Secondary only/Jr. College,10-State Govt.,11 To 12,3-Co-educational,1-Rural,Kolimigundla,Kolimigundla,,,govt junior college kolimigundla,518123,kolimigundlaprincipalgjc[at]gmail[dot]com,https://kys.udiseplus.gov.in/#/schooldetail/4701423/12,4701423,25/06/2021 13:25,2367
******90813 Operational,,(10282) Govt. Jr.College Srisaialam,,,,Andhra Pradesh,11-Higher Secondary only/Jr. College,10-State Govt.,11 To 12,3-Co-educational,1-Rural,Srisailam,NA,,,sunnipenta srisailam,518102,gjcsslm10282[at]gmail[dot]com,https://kys.udiseplus.gov.in/#/schooldetail/4698612/12,4698612,15/10/2020 12:18,2367
******90814 Operational,,(10283) APTWR Jr.College (Boys) Srisailam,,,,Andhra Pradesh,11-Higher Secondary only/Jr. College,27-APTWREI Society Schools,11 To 12,1-Boys,1-Rural,Srisailam,NA,,,dam east srisailam,518102,rjcb.sslm[at]gmail[dot]com,https://kys.udiseplus.gov.in/#/schooldetail/4698613/12,4698613,01/09/2025 13:12,2367
******00689 Permanently Closed,,(10292) NARAYANA JR COLLEGE,,,,Andhra Pradesh,11-Higher Secondary only/Jr. College,38-Pvt.Unaided,11 To 12,3-Co-educational,2-Urban,NA,,Dhone Ward No. 17,Dhone(M)-Municipality,NA,518222,,https://kys.udiseplus.gov.in/#/schooldetail/4717524/12,4717524,15/10/2020 12:18,2367
******00682 Operational,,(10295) Navodya Jr.CollegeDhone,,,,Andhra Pradesh,11-Higher Secondary only/Jr. College,38-Pvt.Unaided,11 To 12,3-Co-educational,2-Urban,NA,,Dhone Ward No. 2,Dhone(M)-Municipality,dhone Nandyal 518222,518222,navodayajuniorcollege[at]gmail[dot]com,https://kys.udiseplus.gov.in/#/schooldetail/4700551/12,4700551,11/12/2023 15:51,2367
******00683 Operational,,(10296) Siddartha Jr College Near Court Dhone,,,,Andhra Pradesh,11-Higher Secondary only/Jr. College,38-Pvt.Unaided,11 To 12,3-Co-educational,2-Urban,NA,,Dhone Ward No. 14,Dhone(M)-Municipality,NEAR RLY STATION DHONE,518222,chandurani6011[at]gmail[dot]com,https://kys.udiseplus.gov.in/#/schooldetail/4700552/12,4700552,15/10/2020 12:18,2367
******00684 Operational,,(10297) GOVT. JR. COLLEGE DHONE,,,,Andhra Pradesh,11-Higher Secondary only/Jr. College,10-State Govt.,11 To 12,3-Co-educational,2-Urban,NA,,Dhone Ward No. 1,Dhone(M)-Municipality,"GOOTY ROAD, DHONE, NANDYAL DIST",518222,principal.gjc.dhone[at]gmail[dot]com,https://kys.udiseplus.gov.in/#/schooldetail/4700553/12,4700553,25/09/2024 12:02,2367
******00685 Closed,Closed,(10298) Abhyudaya Jr. College Dhone,,,,Andhra Pradesh,11-Higher Secondary only/Jr. College,38-Pvt.Unaided,11 To 12,3-Co-educational,2-Urban,NA,,Dhone Ward No. 3,Dhone(M)-Municipality,8-8-1 KOTHAPETA,518222,abhyudayamahilajuniorcollege[at]gmail[dot]com,https://kys.udiseplus.gov.in/#/schooldetail/4700554/12,4700554,10/05/2022 17:45,2367
******00688 Operational,,(10300) SRI VENKATESWARA JR. COLLEGE DHONE,,,,Andhra Pradesh,11-Higher Secondary only/Jr. College,38-Pvt.Unaided,11 To 12,3-Co-educational,2-Urban,NA,,Dhone Ward No. 20,Dhone(M)-Municipality,KOTHAPETA DHONE,518222,svjc.100[at]gmail[dot]com,https://kys.udiseplus.gov.in/#/schooldetail/4701692/12,4701692,26/06/2021 10:10,2367
******00699 Operational,,(10301) SAI SREE JUNIOR COLLEGE DHONE,,,,Andhra Pradesh,11-Higher Secondary only/Jr. College,38-Pvt.Unaided,11 To 12,3-Co-educational,2-Urban,NA,,Dhone Ward No. 18,Dhone(M)-Municipality,"Dhone Nandyal dt,Railway Station Road",518222,saisreejuniorcollege[at]gmail[dot]com,https://kys.udiseplus.gov.in/#/schooldetail/4701700/12,4701700,11/12/2023 12:20,2367
******00720 Operational,,(10309) GOVT.JR.COLLEGE PEAPALLY,,,,Andhra Pradesh,11-Higher Secondary only/Jr. College,10-State Govt.,11 To 12,3-Co-educational,1-Rural,Peapully,Peapally,,,PEAPULLY KURNOOL DT,518221,principal.gjc.peapully[at]gmail[dot]com,https://kys.udiseplus.gov.in/#/schooldetail/4701556/12,4701556,25/06/2021 13:26,2367
******00722 Permanently Closed,,(10310) SHANTHI Jr.COLLAGEPEAPULLY,,,,Andhra Pradesh,11-Higher Secondary only/Jr. College,38-Pvt.Unaided,11 To 12,3-Co-educational,1-Rural,Peapully,Peapally,,,NA,518221,,https://kys.udiseplus.gov.in/#/schooldetail/4701558/12,4701558,15/10/2020 12:18,2367
******90233 Operational,,(10319) GANASARAWATHI JR.COLLEG BETHAMCHERLA,,,,Andhra Pradesh,11-Higher Secondary only/Jr. College,38-Pvt.Unaided,11 To 12,3-Co-educational,2-Urban,NA,,Election Ward No.3,BETHAMCHERLA-Town Panchayat,Bethamcherla kurnool 518599,518599,gnanasaraswathicolleges10319[at]gmail[dot]com,https://kys.udiseplus.gov.in/#/schooldetail/4700192/12,4700192,25/06/2021 17:35,2367
******90231 Operational,,(10320) Panyam Cement Jr.College Bethamcherla,,,,Andhra Pradesh,11-Higher Secondary only/Jr. College,38-Pvt.Unaided,11 To 12,3-Co-educational,2-Urban,NA,,Election Ward No.2,BETHAMCHERLA-Town Panchayat,2-216OPP SBI BETHAMCHERLA,518599,pcjc010320[at]gmail[dot]com,https://kys.udiseplus.gov.in/#/schooldetail/4700190/12,4700190,02/01/2026 12:22,2367
******00534 Operational,,(10331) VELGODE JR.COLLEGE VELGODE,,,,Andhra Pradesh,11-Higher Secondary only/Jr. College,38-Pvt.Unaided,11 To 12,3-Co-educational,1-Rural,Velugodu,Velgode,,,Opp-Telugu Ganga Reservoir-Velgode,518533,principaljcvlg[at]gmail[dot]com,https://kys.udiseplus.gov.in/#/schooldetail/4697621/12,4697621,17/02/2026 11:23,2367
******00618 Operational,,(10342) T.C.GOVT.JR.COLLEGE PANYAM,,,,Andhra Pradesh,11-Higher Secondary only/Jr. College,10-State Govt.,11 To 12,3-Co-educational,1-Rural,Panyam,Panyam,,,OPP MDO OFFICE PANYAM,518112,principal.gjc.panyam[at]gmail[dot]com,https://kys.udiseplus.gov.in/#/schooldetail/4700232/12,4700232,11/05/2022 10:32,2367
******00415 Operational,,(10431) Govt. Jr.College Midthur,,,,Andhra Pradesh,11-Higher Secondary only/Jr. College,10-State Govt.,11 To 12,3-Co-educational,1-Rural,Midthur,Midthur,,,MIDTHUR VILL MIDTHUR MANDAL KURNOOL DISTRICT 518405,518405,principal.gjc.midthur[at]gmail[dot]com,https://kys.udiseplus.gov.in/#/schooldetail/4698768/12,4698768,19/12/2025 19:25,2367
******00910 Operational,,(10443) Govt. Jr.CollegeGospadu,,,,Andhra Pradesh,11-Higher Secondary only/Jr. College,10-State Govt.,11 To 12,3-Co-educational,1-Rural,Gospadu,Gospadu,,,GOVTJUNIOR COLLEGE GOSPADU,518674,principal.gjc.gospadu[at]gmail[dot]com,https://kys.udiseplus.gov.in/#/schooldetail/4701134/12,4701134,19/12/2025 11:02,2367
******01107 Permanently Closed,,(10444) PRABHATH JR COLLEGE PARNAPALLI,,,,Andhra Pradesh,11-Higher Secondary only/Jr. College,38-Pvt.Unaided,11 To 12,3-Co-educational,1-Rural,Bandi Atmakur,Parnapalle,,,NA,518523,,https://kys.udiseplus.gov.in/#/schooldetail/4717439/12,4717439,15/10/2020 12:18,2367
******00608 Operational,,(10445) GOVERNMENT JR.COLLEGEDEEBAGUNTLA,,,,Andhra Pradesh,11-Higher Secondary only/Jr. College,10-State Govt.,11 To 12,3-Co-educational,1-Rural,Gospadu,Deebaguntla,,,BESIDE ZPHS DEEBAGUNTLA,518502,principal.gjc.deebaguntla[at]gmail[dot]com,https://kys.udiseplus.gov.in/#/schooldetail/4701121/12,4701121,19/12/2025 11:05,2367
******00821 Operational,,(10454) Govt. Jr.College Bandi Atmakur,,,,Andhra Pradesh,11-Higher Secondary only/Jr. College,10-State Govt.,11 To 12,3-Co-educational,1-Rural,Bandi Atmakur,Bandi Atmakur,,,BANDI ATMAKUR BANDI ATMAKUR KURNOOL -518523,518523,principal.gjc.bandiatmakur[at]gmail[dot]com,https://kys.udiseplus.gov.in/#/schooldetail/4700359/12,4700359,25/06/2021 12:48,2367
******00316 Closed,Closed,(10476) BVR Co-op Jr.College Gadivemula,,,,Andhra Pradesh,11-Higher Secondary only/Jr. College,38-Pvt.Unaided,11 To 12,3-Co-educational,1-Rural,Gadivemula,Gadivemula,,,opp ZPH School Gadivemula V M Kurnool Dist,518508,bvrjc2017[at]gmail[dot]com,https://kys.udiseplus.gov.in/#/schooldetail/4700285/12,4700285,20/08/2024 17:48,2367
******01301 Closed,Closed,A.B.M.AIDEDPS JALAKANUR,,,,Andhra Pradesh,1-Primary,35-Pvt.Aided,1 To 5,3-Co-educational,1-Rural,Midthur,Jalakanur,,,JALAKANUR JALAKANUR(VILLAGE) MIDTHUR(MANDAL) KURNOOL(DIST),518405,abmaidedjalakanur[at]gmail[dot]com,https://kys.udiseplus.gov.in/#/schooldetail/4698787/12,4698787,15/10/2020 12:18,2367
******00804 Closed,Closed,ABM AIDED PS K.PALLI,,,,Andhra Pradesh,1-Primary,35-Pvt.Aided,1 To 5,3-Co-educational,1-Rural,Nandikotkur,Vaddamanu,,,KONETAMMAPALLI VADDAMANU VADDAMANU(VILLAGE) NANDIKOTKUR(MANDAL) KURNOOL(DIST),518432,,https://kys.udiseplus.gov.in/#/schooldetail/4698353/12,4698353,15/10/2020 12:18,2367
******00910 Closed,Closed,ABMAIDED PS NANDIKOTKUR,,,,Andhra Pradesh,1-Primary,35-Pvt.Aided,1 To 5,3-Co-educational,2-Urban,NA,,Nandikotkur Ward No. 3,Nandikotkur-Town Panchayat,NANDI KOTKUR PALEM NANDI KOTKUR(VILLAGE) NANDIKOTKUR(MANDAL) KURNOOL(DIST),518401,,https://kys.udiseplus.gov.in/#/schooldetail/4698365/12,4698365,09/05/2022 16:40,2367
******01861 Operational,,ACHIEVERS ENGLISH MEDIUM UP SCHOOL NGOS COLONY,,,,Andhra Pradesh,2-Primary with Upper Primary,38-Pvt.Unaided,1 To 7,3-Co-educational,2-Urban,Nandyal,,Nandyal (M) - Ward No.18,Nandyal-Municipality,MIG2 NGOs COLONY NANDYAL,518502,achieversacademyndl.3[at]gmail[dot]com,,,26/12/2025 15:36,2367
******00610 Operational,,ADARSA VIDYA MANDIR,,,,Andhra Pradesh,2-Primary with Upper Primary,38-Pvt.Unaided,1 To 7,3-Co-educational,2-Urban,NA,,Election Ward No.15,BETHAMCHERLA-Town Panchayat,"SANJEEVA NAGAR BETHAM CHERLA, BETHAMCHERLA(VILLAGE) BETHAMCHERLA(MANDAL) KURNOOL(DIST)",518599,unnaidu.9999[at]gmail[dot]com,https://kys.udiseplus.gov.in/#/schooldetail/4700144/12,4700144,19/12/2023 17:05,2367
******03129 Operational,,ADARSA VIDYA MANDIR HS BANAGANAPALLI,,,,Andhra Pradesh,7-Upper Pr. and Secondary,38-Pvt.Unaided,6 To 10,3-Co-educational,1-Rural,Banaganapalle,Banumukkala (Ct),,,13th WARD BANAGANAPALLE BANAGANAPALLE(VILLAGE) BANAGANAPALLI(MANDAL) KURNOOL(DIST),518124,jilanibasha5745[at]gmail[dot]com,https://kys.udiseplus.gov.in/#/schooldetail/4701320/12,4701320,11/05/2022 12:18,2367
******03128 Operational,,ADARSA VIDYA MANDIR PS BANAGANAPALLI,,,,Andhra Pradesh,1-Primary,38-Pvt.Unaided,1 To 5,3-Co-educational,1-Rural,Banaganapalle,Banumukkala (Ct),,,13th WARD BANAGANAPALLE BANAGANAPALLE(VILLAGE) BANAGANAPALLI(MANDAL) KURNOOL(DIST),518124,jilanibash5745[at]gmail[dot]com,https://kys.udiseplus.gov.in/#/schooldetail/4701319/12,4701319,21/04/2023 15:31,2367
******01207 Operational,,ADARSHA ELEMENTARY SCHOOL BRAHMANAKOTKUR,,,,Andhra Pradesh,1-Primary,38-Pvt.Unaided,1 To 5,3-Co-educational,1-Rural,Nandikotkur,Brahmanakotkur,,,BRAHMANAKOTKUR BRAHMANAKOTKUR BRAHMANAKOTKUR(VILLAGE) NANDIKOTKUR(MANDAL) KURNOOL(DIST),518432,adarshahighs[at]gmail[dot]com,https://kys.udiseplus.gov.in/#/schooldetail/4697375/12,4697375,16/06/2023 15:21,2367
******01208 Operational,,ADARSHA HIGH SCHOOL BRAHMANAKOTKUR,,,,Andhra Pradesh,7-Upper Pr. and Secondary,38-Pvt.Unaided,6 To 10,3-Co-educational,1-Rural,Nandikotkur,Brahmanakotkur,,,BRAHMANAKOTKUR BRAHMANAKOTKUR BRAHMANAKOTKUR(VILLAGE) NANDIKOTKUR(MANDAL) KURNOOL(DIST),518432,adarshahighs[at]gmail[dot]com,https://kys.udiseplus.gov.in/#/schooldetail/4698431/12,4698431,15/10/2020 12:18,2367
******01443 Operational,,ADARSHA HS KOILAKUNTLA,,,,Andhra Pradesh,7-Upper Pr. and Secondary,38-Pvt.Unaided,6 To 10,3-Co-educational,1-Rural,Koilakuntla,Koilkuntla,,,Koilakuntla,518134,psv799[at]gmail[dot]com,https://kys.udiseplus.gov.in/#/schooldetail/4701200/12,4701200,15/10/2020 12:18,2367
******01416 Operational,,ADARSHA Pri. School NEAR AYYAPPA SWMAY TEMPLE KKL,,,,Andhra Pradesh,1-Primary,38-Pvt.Unaided,1 To 5,3-Co-educational,1-Rural,Koilakuntla,Koilkuntla,,,NEAR AYYAPPA SWAMY TEMPLE KOILAKUNTLA KOILKUNTLA(VILLAGE) KOILAKUNTLA(MANDAL) KURNOOL(DIST),518134,psv799[at]gmail[dot]com,https://kys.udiseplus.gov.in/#/schooldetail/4701181/12,4701181,22/12/2023 16:42,2367
******00602 Closed,Closed,ADI ANDHRA AIDED ELESCHOO,,,,Andhra Pradesh,1-Primary,35-Pvt.Aided,1 To 5,3-Co-educational,1-Rural,Bandi Atmakur,Gali Chennaiah Palem,,,G.CH.PALEM BANDIATMAKUR G.CH.PALEM(VILLAGE) BANDIATMAKUR(MANDAL) KURNOOL(DIST),518513,,https://kys.udiseplus.gov.in/#/schooldetail/4700338/12,4700338,08/05/2022 21:51,2367
******90629 Closed,Closed,ADI ANDHRA AIDEDPS DANILE PURAM,,,,Andhra Pradesh,1-Primary,35-Pvt.Aided,1 To 5,3-Co-educational,2-Urban,NA,,Nandyal (M) - Ward No.25,Nandyal-Municipality,DANIEL PURAM NANDYAL NANDYAL (M)(VILLAGE) NANDYAL(MANDAL) KURNOOL(DIST),518501,,https://kys.udiseplus.gov.in/#/schooldetail/4700522/12,4700522,09/05/2022 16:38,2367
******01903 Closed,Closed,ADI ANDHRA AIDEDPS GUNTHANALA,,,,Andhra Pradesh,1-Primary,35-Pvt.Aided,1 To 5,3-Co-educational,1-Rural,Nandyal,Gunthanala,,,GUNTHANALA NANDYAL GUNTHANALA(VILLAGE) NANDYAL(MANDAL) KURNOOL(DIST),518593,,https://kys.udiseplus.gov.in/#/schooldetail/4700485/12,4700485,09/05/2022 16:38,2367
******01103 Closed,Closed,ADI ANDHRA AIDED UPS,,,,Andhra Pradesh,1-Primary,35-Pvt.Aided,1 To 5,3-Co-educational,1-Rural,Bandi Atmakur,Parnapalle,,,PARNAPALLE PARNAPALLE PARNAPALLE(VILLAGE) BANDIATMAKUR(MANDAL) KURNOOL(DIST),518523,,https://kys.udiseplus.gov.in/#/schooldetail/4700366/12,4700366,08/05/2022 21:51,2367
******90666 Closed,Closed,ADI ANDHRA AIDED UPS(G) SANGAPETA,,,,Andhra Pradesh,2-Primary with Upper Primary,35-Pvt.Aided,1 To 5,3-Co-educational,2-Urban,NA,,Nandyal (M) - Ward No.1,Nandyal-Municipality,SANGAPETA NANDYAL NANDYAL (M)(VILLAGE) NANDYAL(MANDAL) KURNOOL(DIST),518501,,https://kys.udiseplus.gov.in/#/schooldetail/4700550/12,4700550,09/05/2022 16:38,2367
******01013 Operational,,ADITYA (EMTM) UPS JALADURGAM PEAPURRLY(M),,,,Andhra Pradesh,2-Primary with Upper Primary,38-Pvt.Unaided,1 To 7,3-Co-educational,1-Rural,Peapully,Jaladurgam,,,JALADURGAM PEAPULLY KURNOOL 518221,518220,devikesava123[at]gmail[dot]com,https://kys.udiseplus.gov.in/#/schooldetail/4700448/12,4700448,21/04/2023 15:31,2367
******00507 Closed,Closed,AIDED HARIJANA COMMITTEE 9TH WARD VELGODE,,,,Andhra Pradesh,1-Primary,35-Pvt.Aided,1 To 5,3-Co-educational,1-Rural,Velugodu,Velgode,,,VELGODE 9th WARD RAJANAGAR VELGODE(VILLAGE) VELUGODU(MANDAL) KURNOOL(DIST),518533,,https://kys.udiseplus.gov.in/#/schooldetail/4698646/12,4698646,09/05/2022 16:36,2367
******00522 Closed,Closed,AIDED HS 8TH WARD VELGODE,,,,Andhra Pradesh,7-Upper Pr. and Secondary,35-Pvt.Aided,6 To 10,3-Co-educational,1-Rural,Velugodu,Velgode,,,8TH WARD VELGODE VELGODE(VILLAGE) VELUGODU(MANDAL) KURNOOL(DIST),518533,,https://kys.udiseplus.gov.in/#/schooldetail/4698658/12,4698658,09/05/2022 16:46,2367
******00508 Closed,Closed,AIDEDPS 8TH WARD VELGODE,,,,Andhra Pradesh,1-Primary,35-Pvt.Aided,1 To 5,3-Co-educational,1-Rural,Velugodu,Velgode,,,8TH WARD VELGODE VELGODE(VILLAGE) VELUGODU(MANDAL) KURNOOL(DIST),518533,,https://kys.udiseplus.gov.in/#/schooldetail/4698647/12,4698647,10/05/2022 12:59,2367
******90615 Operational,,A.K.P.M.MPLPS THOTALINE,,,,Andhra Pradesh,1-Primary,34-MUNCIPAL,1 To 5,3-Co-educational,2-Urban,NA,,Nandyal (M) - Ward No.21,Nandyal-Municipality,THOTALINE NANDYAL NANDYAL (M)(VILLAGE) NANDYAL(MANDAL) KURNOOL(DIST),518501,meo.nandyal34[at]gmail[dot]com,https://kys.udiseplus.gov.in/#/schooldetail/4700507/12,4700507,12/03/2024 11:10,2367
******00305 Operational,,AKSAA EMTMP SCHOOL KADUMUR,,,,Andhra Pradesh,1-Primary,38-Pvt.Unaided,1 To 5,3-Co-educational,1-Rural,Midthur,Kadumur,,,KADUMUR KADUMUR(VILLAGE) MIDTHUR(MANDAL) KURNOOL(DIST),518452,aksaaemschool[at]gmail[dot]com,https://kys.udiseplus.gov.in/#/schooldetail/4698759/12,4698759,19/12/2025 19:18,2367
******91499 Closed,Closed,AKSHARA EM UP SCHOOLPOLURU,,,,Andhra Pradesh,2-Primary with Upper Primary,38-Pvt.Unaided,1 To 7,3-Co-educational,1-Rural,Nandyal,Polur,,,POLUR VILLAGE NANDYAL MANDAL,518502,,https://kys.udiseplus.gov.in/#/schooldetail/4719610/12,4719610,09/05/2022 16:38,2367
******00987 Closed,Closed,AKSHARASRI EM HIGH SCHOOL SHIVAJI NAGAR NANDI KOTKUR,,,,Andhra Pradesh,7-Upper Pr. and Secondary,38-Pvt.Unaided,6 To 10,3-Co-educational,2-Urban,NA,,Nandikotkur Ward No. 10,Nandikotkur-Town Panchayat,16/35-2 SHIVAJI NAGAR NANDIKOTKUR,518401,cpreddy.acs[at]gmail[dot]com,https://kys.udiseplus.gov.in/#/schooldetail/4698418/12,4698418,23/09/2025 16:30,2367
******00986 Closed,Closed,AKSHARA SRI EM UP SCHOOL NANDIKOTKUR,,,,Andhra Pradesh,2-Primary with Upper Primary,38-Pvt.Unaided,1 To 7,3-Co-educational,2-Urban,NA,,Nandikotkur Ward No. 10,Nandikotkur-Town Panchayat,16/35-2 SHIVAJI NAGAR NANDIKOTKUR,518401,knlndktrencs1532[at]narayanagroup[dot]com,https://kys.udiseplus.gov.in/#/schooldetail/4698417/12,4698417,23/09/2025 16:45,2367
******00585 Operational,,AKSHARA UP EM SCHOOL,,,,Andhra Pradesh,2-Primary with Upper Primary,38-Pvt.Unaided,1 To 7,3-Co-educational,2-Urban,NA,,Nandyal (M) - Ward No.27,Nandyal-Municipality,DEVA NAGAR COLONY oop Bethel chruch shyam nagar,518501,chandu[at]gmail[dot]com,https://kys.udiseplus.gov.in/#/schooldetail/4721027/12,4721027,11/04/2023 17:38,2367
******00153 Operational,,ALAQSA EM SCHOOL,,,,Andhra Pradesh,2-Primary with Upper Primary,38-Pvt.Unaided,1 To 7,3-Co-educational,2-Urban,NA,,Atmakurknl Ward No. 13,Atmakur (Kurnool)-Municipality,ATMAKUR ATMAKUR ATMAKUR[VILLAGE] ATMAKUR[MANDAL] KURNOOL[DIST],518422,pnazeer145[at]gmail[dot]com,https://kys.udiseplus.gov.in/#/schooldetail/4698541/12,4698541,21/04/2023 15:31,2367
******00927 Operational,,"ALFA EM UP SCHOOL, TEACHERS COLONY, NDL",,,,Andhra Pradesh,2-Primary with Upper Primary,38-Pvt.Unaided,1 To 7,3-Co-educational,2-Urban,NA,,Nandyal (M) - Ward No.28,Nandyal-Municipality,"4th Street,Near Shramadanam Bridge,Teachers Colony ,Nandyal",518501,meo.nandyal34[at]gmail[dot]com,https://kys.udiseplus.gov.in/#/schooldetail/4721364/12,4721364,02/02/2024 15:11,2367
******00150 Operational,,ALFA UPS ATMAKUR,,,,Andhra Pradesh,2-Primary with Upper Primary,38-Pvt.Unaided,1 To 7,3-Co-educational,2-Urban,NA,,Atmakurknl Ward No. 7,Atmakur (Kurnool)-Municipality,ATMAKUR ATMAKUR ATMAKUR(VILLAGE) ATMAKUR(MANDAL) KURNOOL(DIST),518422,s.khalilullah1188[at]gmail[dot]com,https://kys.udiseplus.gov.in/#/schooldetail/4698538/12,4698538,15/10/2020 12:18,2367
******00724 Closed,Closed,"AMARAVATHI EM UP SCHOOL,PEAPULLY",,,,Andhra Pradesh,2-Primary with Upper Primary,38-Pvt.Unaided,1 To 7,3-Co-educational,1-Rural,Peapully,Peapally,,,near SBI Peapully 51821,518221,,https://kys.udiseplus.gov.in/#/schooldetail/4701560/12,4701560,11/05/2022 14:27,2367
******00985 Operational,,ANANTHA JUNIOR COLLEGE ALLAGADDA,,,,Andhra Pradesh,11-Higher Secondary only/Jr. College,38-Pvt.Unaided,11 To 12,3-Co-educational,2-Urban,NA,,Allagadda Ward no. 6,Allagadda-Town Panchayat,HNO-8-9-123/5 GOWRI SANKAR STREET ALLAGADDA,518543,ramasubbareddy.a[at]gmail[dot]com,https://kys.udiseplus.gov.in/#/schooldetail/4719617/12,4719617,26/12/2025 17:09,2367
******01455 Operational,,ANK EMUP KOILAKUNTLA,,,,Andhra Pradesh,2-Primary with Upper Primary,38-Pvt.Unaided,1 To 7,3-Co-educational,1-Rural,Koilakuntla,Koilkuntla,,,SANTHAPETA KOILAKUNTLA MDL KURNOOL DT,518134,allihussain05910[at]gmail[dot]com,https://kys.udiseplus.gov.in/#/schooldetail/4719621/12,4719621,24/06/2021 21:50,2367
******00315 Operational,,A.P.MODEL HIGH SCHOOL M.THIMMAPURAM,,,,Andhra Pradesh,5-Up. Pr. Secondary and Higher Sec,62-AP MODEL SCHOOLS,6 To 12,3-Co-educational,1-Rural,Mahanandi,Thimmapuram,,,M THIMMAPURAM(VILLAGE MAHANANDI(MANDAL) KURNOOL(DIST) 518512,518512,apms.thimmapuram[at]gmail[dot]com,https://kys.udiseplus.gov.in/#/schooldetail/4700701/12,4700701,15/10/2020 12:18,2367
******00825 Operational,,A.P MODEL SCHOOL B.ATMAKUR,,,,Andhra Pradesh,5-Up. Pr. Secondary and Higher Sec,62-AP MODEL SCHOOLS,6 To 12,3-Co-educational,1-Rural,Bandi Atmakur,Bandi Atmakur,,,BANDI ATMAKUR,518523,apms.bandiatmakur[at]gmail[dot]com,https://kys.udiseplus.gov.in/#/schooldetail/4699238/12,4699238,15/10/2020 12:18,2367
******00302 Operational,,A P MODEL SCHOOLDHONE,,,,Andhra Pradesh,5-Up. Pr. Secondary and Higher Sec,62-AP MODEL SCHOOLS,6 To 12,3-Co-educational,1-Rural,Dhone Alias Dronachalam,Udumulapadu,,,UDUMULAPADU 2 UDUMULAPADU(VILLAGE) DHONE(MANDAL) KURNOOL(DIST),518222,apms.dhone[at]gmail[dot]com,https://kys.udiseplus.gov.in/#/schooldetail/4701627/12,4701627,20/09/2024 16:48,2367
******00317 Operational,,A.P. MODEL SCHOOL GADIVEMULA,,,,Andhra Pradesh,5-Up. Pr. Secondary and Higher Sec,62-AP MODEL SCHOOLS,6 To 12,3-Co-educational,1-Rural,Gadivemula,Gadivemula,,,AP MODEL SCHOOL GADIVEMULA,518508,apms.gadivemulaapmodelschool[at]gmail[dot]com,https://kys.udiseplus.gov.in/#/schooldetail/4700286/12,4700286,15/10/2020 12:18,2367
******00409 Operational,,AP MODEL SCHOOL GORUMANUKONDA,,,,Andhra Pradesh,5-Up. Pr. Secondary and Higher Sec,62-AP MODEL SCHOOLS,6 To 12,3-Co-educational,1-Rural,Bethamcherla,Bugganipalle,,,"GORMANUKONDA VILLAGE, BETHAMCHERLA MANDAL",518599,apms.bethamcherla[at]gmail[dot]com,https://kys.udiseplus.gov.in/#/schooldetail/4700135/12,4700135,30/12/2025 14:09,2367
******00911 Operational,,"A.P MODEL SCHOOL, GOSAPDU",,,,Andhra Pradesh,5-Up. Pr. Secondary and Higher Sec,62-AP MODEL SCHOOLS,6 To 12,3-Co-educational,1-Rural,Gospadu,Gospadu,,,GOSPADU VILLAGE AND MANDAL,518674,apms.gospadumodelschool[at]gmail[dot]com,https://kys.udiseplus.gov.in/#/schooldetail/4701135/12,4701135,19/12/2025 11:07,2367
******01205 Operational,,"A.P. MODEL SCHOOL, J-BUNGLOW",,,,Andhra Pradesh,5-Up. Pr. Secondary and Higher Sec,62-AP MODEL SCHOOLS,6 To 12,3-Co-educational,1-Rural,Jupadu Bungalow,Bannur,,,AP MODEL SCHOOL JUPADU BUNGLOW,518401,apms.jupadubunglow[at]gmail[dot]com,https://kys.udiseplus.gov.in/#/schooldetail/4698745/12,4698745,09/05/2022 17:11,2367
******00816 Operational,,A.P MODEL SCHOOL KOLIMIGUNDLA,,,,Andhra Pradesh,5-Up. Pr. Secondary and Higher Sec,62-AP MODEL SCHOOLS,6 To 12,3-Co-educational,1-Rural,Kolimigundla,Kolimigundla,,,kolimigundla village and mandal,518123,apms.kolimigundla[at]gmail[dot]com,https://kys.udiseplus.gov.in/#/schooldetail/4701427/12,4701427,15/10/2020 12:18,2367
******01805 Operational,,A.P MODEL SCHOOL KOTA KANDUKUR,,,,Andhra Pradesh,5-Up. Pr. Secondary and Higher Sec,62-AP MODEL SCHOOLS,6 To 12,3-Co-educational,1-Rural,Allagadda,Kotha Kandukur,,,APMS KOTA KANDUKUR ALLAGADDA MANDAL KURNOOL DISTRICT 518543,518543,apms.allagadda[at]gmail[dot]com,https://kys.udiseplus.gov.in/#/schooldetail/4700966/12,4700966,15/10/2020 12:18,2367
******00416 Operational,,A.P MODEL SCHOOL MIDTHUR,,,,Andhra Pradesh,5-Up. Pr. Secondary and Higher Sec,62-AP MODEL SCHOOLS,6 To 12,3-Co-educational,1-Rural,Midthur,Midthur,,,NEAR BC COLONY MIDTHUR VILL MIDTHUR MANDAL KURNOOL DT 518405,518405,apms.midthur[at]gmail[dot]com,https://kys.udiseplus.gov.in/#/schooldetail/4698769/12,4698769,19/12/2025 19:25,2367
******01110 Operational,,AP MODEL SCHOOL NANDYAL,,,,Andhra Pradesh,7-Upper Pr. and Secondary,62-AP MODEL SCHOOLS,6 To 10,3-Co-educational,2-Urban,NA,,Nandyal (M) - Ward No.22,Nandyal-Municipality,kranthi nagar nandyal kurnooldist,518502,apms.nandyal[at]gmai[dot]com,https://kys.udiseplus.gov.in/#/schooldetail/4699334/12,4699334,24/06/2021 22:37,2367
******01025 Operational,,AP MODEL SCHOOL OWK,,,,Andhra Pradesh,5-Up. Pr. Secondary and Higher Sec,62-AP MODEL SCHOOLS,6 To 12,3-Co-educational,1-Rural,Owk,Owk,,,METTUPALLI ROAD OWKOWK OWK(VILLAGE) OWK(MANDAL) KURNOOL(DIST),518122,apms.owk[at]gmail[dot]com,https://kys.udiseplus.gov.in/#/schooldetail/4701501/12,4701501,11/05/2022 15:11,2367
******00915 Operational,,AP MODEL SCHOOL PAGIDYAL,,,,Andhra Pradesh,5-Up. Pr. Secondary and Higher Sec,62-AP MODEL SCHOOLS,6 To 12,3-Co-educational,1-Rural,Pagidyala,Pagidyala,,,AP MODEL SCHOOL PAGIDYALA KURNOOL,518412,apmspagidyala[at]gmail[dot]com,https://kys.udiseplus.gov.in/#/schooldetail/4698460/12,4698460,24/06/2021 20:11,2367
******00715 Operational,,"A.P. MODEL SCHOOL, PAMULAPADU",,,,Andhra Pradesh,5-Up. Pr. Secondary and Higher Sec,62-AP MODEL SCHOOLS,6 To 12,3-Co-educational,1-Rural,Pamulapadu,Pamulapadu,,,PAMULAPADU 1 PAMULAPADU (VILLAGE) PAMULAPADU(MANDAL) KURNOOL (DIST),518442,apms.pamulapadumodelschool[at]gmail[dot]com,https://kys.udiseplus.gov.in/#/schooldetail/4698695/12,4698695,11/05/2022 16:20,2367
******00622 Operational,,AP MODEL SCHOOLPANYAM,,,,Andhra Pradesh,5-Up. Pr. Secondary and Higher Sec,62-AP MODEL SCHOOLS,6 To 12,3-Co-educational,1-Rural,Panyam,Panyam,,,28213100622 1 PANYAM(VILLAGE) PANYAM KURNOOL(DIST),518112,apms.panyam[at]gmail[dot]com,https://kys.udiseplus.gov.in/#/schooldetail/4700234/12,4700234,11/05/2022 10:35,2367
******03144 Operational,,A.P MODEL SCHOOL RAVVALAKONDA,,,,Andhra Pradesh,5-Up. Pr. Secondary and Higher Sec,62-AP MODEL SCHOOLS,6 To 12,3-Co-educational,1-Rural,Banaganapalle,Banumukkala (Ct),,,BANAGANAPALLE KURNOOL-518124,518124,apms.banaganapalle[at]gmail[dot]com,https://kys.udiseplus.gov.in/#/schooldetail/4701332/12,4701332,11/05/2022 11:49,2367
******01417 Operational,,"AP MODEL SCHOOL,RUDRAVARAM",,,,Andhra Pradesh,5-Up. Pr. Secondary and Higher Sec,62-AP MODEL SCHOOLS,6 To 12,3-Co-educational,1-Rural,Rudravaram,Rudravaram,,,"THUVVA PALLI VILLAGE, RUDRAVARAM PANCHAYATH AND MANDAL",518594,apms.rudravaram[at]gmail[dot]com,https://kys.udiseplus.gov.in/#/schooldetail/4700832/12,4700832,24/12/2025 11:20,2367
******00624 Operational,,A.P MODEL SCHOOL SIRVEL,,,,Andhra Pradesh,5-Up. Pr. Secondary and Higher Sec,62-AP MODEL SCHOOLS,6 To 12,3-Co-educational,1-Rural,Sirivel,Sirvel,,,RUDRAVARAM ROAD SIRVEL(VILLAGE) SIRVEL(MANDAL) KURNOOL(DIST),518563,apms.sirvel[at]gmail[dot]com,https://kys.udiseplus.gov.in/#/schooldetail/4700767/12,4700767,19/09/2024 09:48,2367
******00811 Operational,,AP MODEL SCHOOL UYYALAWADDA,,,,Andhra Pradesh,5-Up. Pr. Secondary and Higher Sec,62-AP MODEL SCHOOLS,6 To 12,3-Co-educational,1-Rural,Uyyalawada,Uyyalawada,,,uyyalawada,518155,apms.uyyalawada[at]gmail[dot]com,https://kys.udiseplus.gov.in/#/schooldetail/4701053/12,4701053,15/10/2020 12:18,2367
******00536 Operational,,A.P. MODEL SCHOOL VELGODE,,,,Andhra Pradesh,5-Up. Pr. Secondary and Higher Sec,62-AP MODEL SCHOOLS,6 To 12,3-Co-educational,1-Rural,Velugodu,Velgode,,,AP MODEL SCHOOLVELGODE,518533,apms.velgode[at]gmail[dot]com,https://kys.udiseplus.gov.in/#/schooldetail/4697622/12,4697622,15/10/2020 12:18,2367
******01201 Operational,,"APSWR/JR COLLEGE(B), J.BUNGLOW",,,,Andhra Pradesh,3-Pr. with Up.Pr. Sec. and H.Sec.,24-APSWREI Society Schools,5 To 12,1-Boys,1-Rural,Jupadu Bungalow,Bannur,,,JUPADU BUNGLOW JUPADU BUNGLOW jUPADU BUNGLOW J-BANGLAW(MANDAL) KURNOOL(DIST),518401,prlndljupadu[at]gmail[dot]com,https://kys.udiseplus.gov.in/#/schooldetail/4698742/12,4698742,09/05/2022 17:21,2367
******00408 Permanently Closed,,A.P.S.W.R JR COLLEGE FOR GIRLS,,,,Andhra Pradesh,11-Higher Secondary only/Jr. College,12-APREI Society Schools,11 To 12,3-Co-educational,1-Rural,NA,NA,,,NA,518102,,https://kys.udiseplus.gov.in/#/schooldetail/4717367/12,4717367,15/10/2020 12:18,2367
******01201 Permanently Closed,,A.P.S.W.R. JR COLLEGE FOR GIRLS,,,,Andhra Pradesh,11-Higher Secondary only/Jr. College,38-Pvt.Unaided,11 To 12,3-Co-educational,1-Rural,Chagalamarri,Chagalamarri,,,NA,NA,,https://kys.udiseplus.gov.in/#/schooldetail/4717487/12,4717487,15/10/2020 12:18,2367
******00932 Operational,,APSWRS ALLAGADDA,,,,Andhra Pradesh,3-Pr. with Up.Pr. Sec. and H.Sec.,24-APSWREI Society Schools,1 To 12,2-Girls,2-Urban,NA,,Allagadda Ward no. 17,Allagadda-Town Panchayat,ammavarisala veedhi ALLAGADDA ALLAGADDA(VILLAGE) ALLAGADDA(MANDAL) KURNOOL(DIST),518543,prlknlallagaddarprp1[at]gmail[dot]com,https://kys.udiseplus.gov.in/#/schooldetail/4700901/12,4700901,24/12/2025 16:27,2367
******00639 Operational,,APSWRS DHONE,,,,Andhra Pradesh,3-Pr. with Up.Pr. Sec. and H.Sec.,24-APSWREI Society Schools,5 To 12,2-Girls,1-Rural,Dhone Alias Dronachalam,Udumulapadu,,,"KOTLA MARKET YARD, A.P.MODELSCHOOL ROAD, DHONE, NANDYAL DISTRICT.",518222,kurnool.dhoneprl[at]gmail[dot]com,https://kys.udiseplus.gov.in/#/schooldetail/4701661/12,4701661,20/09/2024 16:50,2367
******00944 Operational,,APSWRS(G) ALLAGADDA,,,,Andhra Pradesh,3-Pr. with Up.Pr. Sec. and H.Sec.,24-APSWREI Society Schools,1 To 12,2-Girls,2-Urban,NA,,Allagadda Ward no. 3,Allagadda-Town Panchayat,P.KANDUKUR ROAD ALLAGADDA ALLAGADDA(VILLAGE) ALLAGADDA(MANDAL) KURNOOL(DIST),518543,prl.knl.allagadda123[at]gmail[dot]com,https://kys.udiseplus.gov.in/#/schooldetail/4700910/12,4700910,26/12/2025 08:58,2367
******01425 Operational,,APSWRS/JR COLLEGEOPP.MRO OFFICE KKL,,,,Andhra Pradesh,3-Pr. with Up.Pr. Sec. and H.Sec.,24-APSWREI Society Schools,1 To 12,2-Girls,1-Rural,Koilakuntla,Koilkuntla,,,OppMROofficekoilakuntla ndl Nandyal dist,518134,prl.knl.koilakuntla12[at]gmail[dot]com,https://kys.udiseplus.gov.in/#/schooldetail/4701190/12,4701190,23/12/2025 16:35,2367
******01006 Operational,,A P S W R S LAXMAPUARM,,,,Andhra Pradesh,3-Pr. with Up.Pr. Sec. and H.Sec.,24-APSWREI Society Schools,5 To 12,2-Girls,1-Rural,Pagidyala,Laxmapuram,,,LAXMAPURAM PAGIDALA LAXMAPURAM(VILLAGE) PAGIDALA(MANDAL) KURNOOL(DIST),518412,knl.laxmapuram41313[at]gmail[dot]com,https://kys.udiseplus.gov.in/#/schooldetail/4698468/12,4698468,15/10/2020 12:18,2367
******00620 Operational,,APTW Jr.CollegePanyam,,,,Andhra Pradesh,11-Higher Secondary only/Jr. College,27-APTWREI Society Schools,11 To 12,2-Girls,1-Rural,Panyam,Nerawada,,,OPP RGM BTECH COLLEGE NERAWADA,518112,rjcg.mnd[at]gmail[dot]com,https://kys.udiseplus.gov.in/#/schooldetail/4719601/12,4719601,11/05/2022 10:34,2367
******00979 Operational,,APTWR (B) EM SCHOOL ALLGADDA,,,,Andhra Pradesh,6-Pr. Up Pr. and Secondary Only,27-APTWREI Society Schools,3 To 10,1-Boys,2-Urban,NA,,Allagadda Ward no. 3,Allagadda-Town Panchayat,APTWR SCHOOL BOYS Allagadda,518543,principalallagadda[at]gmail[dot]com,https://kys.udiseplus.gov.in/#/schooldetail/4700933/12,4700933,26/12/2025 11:29,2367
******90809 Operational,,APTWRIES(STB) SUNNIPENTA,,,,Andhra Pradesh,6-Pr. Up Pr. and Secondary Only,27-APTWREI Society Schools,5 To 10,1-Boys,1-Rural,Srisailam,NA,,,NEAR ITDA SUNDIPETA VILLAGE SRISAILAM(MANDAL) KURNOOL(DIST),518102,aptwrsslm[at]gmail[dot]com,https://kys.udiseplus.gov.in/#/schooldetail/4698606/12,4698606,15/10/2020 12:18,2367
******00508 Operational,,APTWR S BALAPANUR,,,,Andhra Pradesh,6-Pr. Up Pr. and Secondary Only,27-APTWREI Society Schools,3 To 10,2-Girls,1-Rural,Panyam,Balapanur,,,BALAPANUR BALAPANUR BALAPANUR(VILLAGE) PANYAM(MANDAL) KURNOOL(DIST),518112,principalmahanandi[at]gmail[dot]com,https://kys.udiseplus.gov.in/#/schooldetail/4700218/12,4700218,11/05/2022 10:27,2367
******00623 Operational,,APTWRS BOYS PANYAM,,,,Andhra Pradesh,6-Pr. Up Pr. and Secondary Only,27-APTWREI Society Schools,1 To 10,1-Boys,1-Rural,Panyam,Panyam,,,Banaganapalli Road panyam,518112,aptwrspanyam[at]gmail[dot]com,https://kys.udiseplus.gov.in/#/schooldetail/4700235/12,4700235,11/05/2022 10:36,2367
******90811 Operational,,APTWRS(EXCELLENCE) SRISAILAM PROJECT,,,,Andhra Pradesh,5-Up. Pr. Secondary and Higher Sec,27-APTWREI Society Schools,8 To 12,1-Boys,1-Rural,Srisailam,NA,,,SRISAILAM PROJECT SRISAILAM DAM EAST SRISAILAM(VILLAGE) SRISAILAM(MANDAL) KURNOOL(DIST),518102,soe.sslm[at]gmail[dot]com,https://kys.udiseplus.gov.in/#/schooldetail/4698610/12,4698610,15/10/2020 12:18,2367
******01203 Operational,,APTWRS (G) BAIRLUTY,,,,Andhra Pradesh,6-Pr. Up Pr. and Secondary Only,27-APTWREI Society Schools,3 To 10,2-Girls,1-Rural,Atmakur,Bairlutygudem,,,BAIRLUTY GUDEM ATMAKUR MANDAL,518422,rsg.bairluty2016[at]gmail[dot]com,https://kys.udiseplus.gov.in/#/schooldetail/4698599/12,4698599,24/06/2021 21:15,2367
******00505 Operational,,APTWRS(G) BALAPANUR,,,,Andhra Pradesh,2-Primary with Upper Primary,27-APTWREI Society Schools,1 To 7,2-Girls,1-Rural,Panyam,Balapanur,,,BALAPANUR BALAPANUR BALAPANUR(VILLAGE) PANYAM(MANDAL) KURNOOL(DIST),518112,mg.nrkunta[at]gmail[dot]com,https://kys.udiseplus.gov.in/#/schooldetail/4700215/12,4700215,11/05/2022 10:27,2367
******01206 Closed,Closed,A P URDU RES JR COLLEGE FOR BOYS,,,,Andhra Pradesh,11-Higher Secondary only/Jr. College,38-Pvt.Unaided,11 To 12,3-Co-educational,1-Rural,Jupadu Bungalow,Bannur,,,AP URDU RES JR COLLEGE,518003,,https://kys.udiseplus.gov.in/#/schooldetail/4717378/12,4717378,16/07/2023 02:00,2367
******03153 Operational,,AQSA EM UP SCHOOL NEAR LAL MASQUE,,,,Andhra Pradesh,2-Primary with Upper Primary,38-Pvt.Unaided,1 To 7,3-Co-educational,1-Rural,Banaganapalle,Banaganapalle (Ct),,,NEAR LAL MASQ BANAGANAPALLE,518124,gsecs2006[at]gmail[dot]com,https://kys.udiseplus.gov.in/#/schooldetail/4701342/12,4701342,11/12/2025 13:05,2367
******90631 Closed,Closed,ARUNA AIDEDPS GADDASTREET,,,,Andhra Pradesh,1-Primary,35-Pvt.Aided,1 To 5,3-Co-educational,2-Urban,NA,,Nandyal (M) - Ward No.7,Nandyal-Municipality,NADIGADDA STREET NANDYAL NANDYAL (M)(VILLAGE) NANDYAL(MANDAL) KURNOOL(DIST),518501,,https://kys.udiseplus.gov.in/#/schooldetail/4700524/12,4700524,09/05/2022 16:38,2367
******00104 Closed,Closed,ARUNDHATI AIDED U P SCHOO,,,,Andhra Pradesh,1-Primary,35-Pvt.Aided,1 To 5,3-Co-educational,1-Rural,Mahanandi,Bollavaram,,,ABBIPURAM BOLLAVARAM BOLLAVARAM(VILLAGE) MAHANANDI(MANDAL) KURNOOL(DIST),518512,,https://kys.udiseplus.gov.in/#/schooldetail/4700686/12,4700686,10/05/2022 12:48,2367
******01204 Operational,,ARUNODAYA UPS TALAMUDIPI,,,,Andhra Pradesh,2-Primary with Upper Primary,38-Pvt.Unaided,1 To 7,3-Co-educational,1-Rural,Midthur,Talamudipi,,,TALAMUDIPI TALAMUDIPI(VILLAGE) MIDTHUR(MANDAL) KURNOOL(DIST),518508,arunodayaupstalamudipi[at]gmail[dot]com,https://kys.udiseplus.gov.in/#/schooldetail/4698785/12,4698785,19/12/2025 19:31,2367
******01205 Operational,,ASFA EM UP SCHOOL OBULAMPALLE,,,,Andhra Pradesh,2-Primary with Upper Primary,38-Pvt.Unaided,1 To 7,3-Co-educational,1-Rural,Allagadda,Obulampalle,,,OBULAMPALLE,518543,asfapulicherla[at]gmail[dot]com,https://kys.udiseplus.gov.in/#/schooldetail/4700948/12,4700948,21/04/2023 15:31,2367
******03003 Operational,,AUXILIUM VIDYA NIKETAN HS MITTAPALLE,,,,Andhra Pradesh,7-Upper Pr. and Secondary,38-Pvt.Unaided,6 To 10,3-Co-educational,1-Rural,Banaganapalle,Mittapalle,,,MITTAPALLE(VILLAGE) BANAGANAPALLI(MANDAL) KURNOOL(DIST),518124,avnbosco[at]gmail[dot]com,https://kys.udiseplus.gov.in/#/schooldetail/4701293/12,4701293,11/05/2022 11:56,2367
******03002 Operational,,AUXILIUM VIDYA NIKETAN PS MITTAPALLE,,,,Andhra Pradesh,1-Primary,38-Pvt.Unaided,1 To 5,3-Co-educational,1-Rural,Banaganapalle,Mittapalle,,,MITTAPALLE (VILLAGE) BANAGANAPALLI(MANDAL) KURNOOL(DIST),518124,avnbosco[at]gmail[dot]com,https://kys.udiseplus.gov.in/#/schooldetail/4701292/12,4701292,21/04/2023 15:31,2367
******01703 Closed,Closed,AVR EM HIGH SCHOOL DHONE,,,,Andhra Pradesh,7-Upper Pr. and Secondary,38-Pvt.Unaided,6 To 10,3-Co-educational,2-Urban,NA,,Dhone Ward No. 16,Dhone(M)-Municipality,NEAR MAHALAKSHMI TEMPLEGOOTY ROADDHONE,518222,avrtechnoschoolsdhone[at]gmail[dot]com,https://kys.udiseplus.gov.in/#/schooldetail/4701745/12,4701745,10/05/2022 17:40,2367
******00975 Operational,,AVR EM HS ALLAGADDA,,,,Andhra Pradesh,7-Upper Pr. and Secondary,38-Pvt.Unaided,6 To 10,3-Co-educational,2-Urban,NA,,Allagadda Ward no. 17,Allagadda-Town Panchayat,AVR SCHOOL ALLAGADDA,518543,avrtechnoschoolsalgd[at]gmail[dot]com,https://kys.udiseplus.gov.in/#/schooldetail/4700930/12,4700930,25/06/2021 12:45,2367
******01701 Closed,Closed,AVR EM PRIMARY SCHOOLDHONE,,,,Andhra Pradesh,1-Primary,38-Pvt.Unaided,1 To 5,3-Co-educational,2-Urban,NA,,Dhone Ward No. 16,Dhone(M)-Municipality,near mahalakshmi temple gootyroad dhone,518222,avrtechnoschoolsdhone[at]gmail[dot]com,https://kys.udiseplus.gov.in/#/schooldetail/4701743/12,4701743,10/05/2022 17:46,2367
******00976 Closed,Closed,A V R EM P.S NANDIKOTKUR,,,,Andhra Pradesh,1-Primary,38-Pvt.Unaided,1 To 5,3-Co-educational,2-Urban,NA,,Nandikotkur Ward No. 11,Nandikotkur-Town Panchayat,NANDYAL ROAD NANDIKOTKUR,518401,avrtechnoschoolsndkr[at]gmail[dot]com,https://kys.udiseplus.gov.in/#/schooldetail/4698410/12,4698410,09/05/2022 16:40,2367
******00977 Closed,Closed,A.V.R HIGH SCHOOL NANDIKOTKUR,,,,Andhra Pradesh,7-Upper Pr. and Secondary,38-Pvt.Unaided,6 To 10,3-Co-educational,2-Urban,NA,,Nandikotkur Ward No. 11,Nandikotkur-Town Panchayat,NANDYAL ROAD NANDIKOTKUR,518401,avrtechnoschoolsndkr[at]gmail[dot]com,https://kys.udiseplus.gov.in/#/schooldetail/4698411/12,4698411,09/05/2022 16:40,2367
******00969 Operational,,AVR UP SCHOOL ALLAGADDA,,,,Andhra Pradesh,2-Primary with Upper Primary,38-Pvt.Unaided,1 To 7,3-Co-educational,2-Urban,NA,,Allagadda Ward no. 17,Allagadda-Town Panchayat,AVR SCHOOL ALLAGADDA,518543,avrtechnoschoolsalgd[at]gmail[dot]com,https://kys.udiseplus.gov.in/#/schooldetail/4700927/12,4700927,21/04/2023 15:31,2367
******00807 Closed,Closed,AZAD PUBLIC S KOLIMIDUNGLA,,,,Andhra Pradesh,2-Primary with Upper Primary,38-Pvt.Unaided,1 To 7,3-Co-educational,1-Rural,Kolimigundla,Kolimigundla,,,KOLIMIGUNDLA (VILL&MNDL) KURNOOL KOLIMIGUNDLA(VILLAGE) KOLIMIGUNDLA(MANDAL) KURNOOL(DIST),518123,,https://kys.udiseplus.gov.in/#/schooldetail/4701420/12,4701420,10/05/2022 12:54,2367
******91523 Operational,,BASHYAM EM HS NANDYAL,,,,Andhra Pradesh,6-Pr. Up Pr. and Secondary Only,38-Pvt.Unaided,1 To 10,3-Co-educational,2-Urban,NA,,Nandyal (M) - Ward No.17,Nandyal-Municipality,SBI COLONY NANDYAL,518501,principal.nandyala[at]bhashyam[dot]in,https://kys.udiseplus.gov.in/#/schooldetail/4700669/12,4700669,21/04/2023 15:31,2367
******00916 Closed,Closed,BBR EM PS ALLAGADDA,,,,Andhra Pradesh,1-Primary,38-Pvt.Unaided,1 To 5,3-Co-educational,2-Urban,NA,,Allagadda Ward no. 17,Allagadda-Town Panchayat,KANDUKUR ROAD ALLAGADDA ALLAGADDA(VILLAGE) ALLAGADDA(MANDAL) KURNOOL(DIST),518543,,https://kys.udiseplus.gov.in/#/schooldetail/4700891/12,4700891,16/12/2023 20:33,2367
******00934 Closed,Closed,B B R HS ALLAGADDA,,,,Andhra Pradesh,7-Upper Pr. and Secondary,38-Pvt.Unaided,6 To 10,3-Co-educational,2-Urban,NA,,Allagadda Ward no. 17,Allagadda-Town Panchayat,KANDUKUR ROAD ALLAGADDA ALLAGADDA(VILLAGE) ALLAGADDA(MANDAL) KURNOOL(DIST),518543,,https://kys.udiseplus.gov.in/#/schooldetail/4700903/12,4700903,16/12/2023 20:33,2367
******00804 Closed,Closed,BCSR.AIDED ELE SCHOOL UYYALAWADDA,,,,Andhra Pradesh,1-Primary,35-Pvt.Aided,1 To 5,3-Co-educational,1-Rural,Uyyalawada,Uyyalawada,,,UYYALAWADA UYYALAWADA UYYALAWADA(VILLAGE) UYYALAWADA(MANDAL) KURNOOL(DIST),518155,,https://kys.udiseplus.gov.in/#/schooldetail/4701048/12,4701048,09/05/2022 13:33,2367
******00812 Operational,,BCSR EM PS UYYALAWADA,,,,Andhra Pradesh,1-Primary,38-Pvt.Unaided,1 To 5,3-Co-educational,1-Rural,Uyyalawada,Uyyalawada,,,uyyalawada,518155,padmavatibudda2[at]gmail[dot]com,https://kys.udiseplus.gov.in/#/schooldetail/4701054/12,4701054,21/04/2023 15:31,2367
******00806 Closed,Closed,BCSR HS UYYALAWADDA,,,,Andhra Pradesh,7-Upper Pr. and Secondary,35-Pvt.Aided,6 To 10,3-Co-educational,1-Rural,Uyyalawada,Uyyalawada,,,UYYALAWADA UYYALAWADA UYYALAWADA(VILLAGE) UYYALAWADA(MANDAL) KURNOOL(DIST),518155,,https://kys.udiseplus.gov.in/#/schooldetail/4701050/12,4701050,09/05/2022 13:32,2367
******90635 Operational,,B.F.C AIDEDPS MALADARPETA,,,,Andhra Pradesh,1-Primary,35-Pvt.Aided,1 To 5,3-Co-educational,2-Urban,NA,,Nandyal Ward No. 37,Nandyal-Municipality,MALDARPETA NANDYAL NANDYAL (M)(VILLAGE) NANDYAL(MANDAL) KURNOOL(DIST),518501,babafakruddin1942[at]gmail[dot]com,https://kys.udiseplus.gov.in/#/schooldetail/4699402/12,4699402,15/10/2020 12:18,2367
******00785 Operational,,"BHARATHI EM HIGH SCHOOL, SHYAMNAGAR, NDL",,,,Andhra Pradesh,6-Pr. Up Pr. and Secondary Only,38-Pvt.Unaided,1 To 10,3-Co-educational,2-Urban,NA,,Nandyal (M) - Ward No.25,Nandyal-Municipality,SHYAMNAGAR NANDYAL MUNICIPALITY NANDYAL DISTRICT,518501,,https://kys.udiseplus.gov.in/#/schooldetail/4721218/12,4721218,09/10/2024 12:46,2367
******91555 Closed,Closed,BHARATHI JUNIOR COLLEGE SALEEM NAGAR NANDYAL,,,,Andhra Pradesh,11-Higher Secondary only/Jr. College,38-Pvt.Unaided,11 To 12,3-Co-educational,2-Urban,NA,,Nandyal Ward No. 35,Nandyal-Municipality,25-419-5B SALEEM NAGAR NANDYAL,518501,ynr.anatha[at]gmail[dot]com,https://kys.udiseplus.gov.in/#/schooldetail/4719616/12,4719616,03/10/2025 16:04,2367
******91433 Permanently Closed,,BHARATHI VIDYS MSNDI SAI BABA NAGAR,,,,Andhra Pradesh,2-Primary with Upper Primary,38-Pvt.Unaided,1 To 7,3-Co-educational,2-Urban,NA,,Nandyal (M) - Ward No.21,Nandyal-Municipality,NA,518501,,https://kys.udiseplus.gov.in/#/schooldetail/4717462/12,4717462,15/10/2020 12:18,2367
******00506 Operational,,BHARATH PUBLIC S,,,,Andhra Pradesh,2-Primary with Upper Primary,38-Pvt.Unaided,1 To 7,3-Co-educational,1-Rural,Panyam,Balapanur,,,BALAPANUR BALAPANUR BALAPANUR(VILLAGE) PANYAM(MANDAL) KURNOOL(DIST),518112,gmroshan1122[at]gmail[dot]com,https://kys.udiseplus.gov.in/#/schooldetail/4700216/12,4700216,21/04/2023 15:31,2367
******90691 Operational,,BHARATH UP S CHANDBADA STREET,,,,Andhra Pradesh,2-Primary with Upper Primary,38-Pvt.Unaided,1 To 7,3-Co-educational,2-Urban,NA,,Nandyal (M) - Ward No.11,Nandyal-Municipality,CHANDBADE STREET NANDYAL NANDYAL (M)(VILLAGE) NANDYAL(MANDAL) KURNOOL(DIST),518501,chinnu1985.cgck[at]gmail[dot]com,https://kys.udiseplus.gov.in/#/schooldetail/4700572/12,4700572,21/04/2023 15:31,2367
******91525 Operational,,BHARTH EM HIGH SCHOOL CHANDBADA NANDYAL,,,,Andhra Pradesh,7-Upper Pr. and Secondary,38-Pvt.Unaided,6 To 10,3-Co-educational,2-Urban,NA,,Nandyal (M) - Ward No.11,Nandyal-Municipality,4/166 ChandBADA,518501,chinnu1985.cgck[at]gmail[dot]com,https://kys.udiseplus.gov.in/#/schooldetail/4700671/12,4700671,26/06/2021 10:08,2367
******01384 Operational,,"BHASHYAM EM SCHOOL, NEW KVS COLONY DHONE",,,,Andhra Pradesh,6-Pr. Up Pr. and Secondary Only,38-Pvt.Unaided,1 To 10,3-Co-educational,2-Urban,NA,,Dhone Ward No. 3,Dhone(M)-Municipality,NEW KVS COLONY DHONE,518222,,https://kys.udiseplus.gov.in/#/schooldetail/4721824/12,4721824,09/09/2024 15:10,2367
******00827 Operational,,BHAVISHYA EM UP SCHOOL BANDI ATMAKUR,,,,Andhra Pradesh,2-Primary with Upper Primary,38-Pvt.Unaided,1 To 7,3-Co-educational,1-Rural,Bandi Atmakur,Bandi Atmakur,,,BHAVISHYA SCHOOL BANDIATMAKUR VILLAGE BANDIATMAKUR MANDAL,518523,bhavishyaemschool[at]gmail[dot]com,https://kys.udiseplus.gov.in/#/schooldetail/4720287/12,4720287,21/04/2023 15:31,2367
******00912 Operational,,BHAVITHA VIDYANIKETHAN,,,,Andhra Pradesh,2-Primary with Upper Primary,38-Pvt.Unaided,1 To 7,3-Co-educational,1-Rural,Bethamcherla,Rangapuram,,,"R.S RANGAPURAM R.S.RANGAPURAM ,RANGAPURAM(VILLAGE) BETHAMCHERLA(MANDAL) KURNOOL(DIST)",518598,bavithavidyanikethan[at]gmail[dot]com,https://kys.udiseplus.gov.in/#/schooldetail/4700167/12,4700167,02/01/2026 11:37,2367
******00512 Operational,,BIRDS(EMTM)HIGHSCHOOL,,,,Andhra Pradesh,7-Upper Pr. and Secondary,38-Pvt.Unaided,6 To 10,3-Co-educational,1-Rural,Chagalamarri,Muthyalapadu,,,BIRDS COMPOUND MUTHYALAPADU MUTHYALAPADU MUTHYALAPADU(VILLAGE) CHAGALAMARRI(MANDAL) KURNOOL(DIST),518553,schoolsbirds[at]gmail[dot]com,https://kys.udiseplus.gov.in/#/schooldetail/4700983/12,4700983,15/10/2020 12:18,2367
******00511 Operational,,BIRDS(EMTM)PRIMARY SCHOOL,,,,Andhra Pradesh,1-Primary,38-Pvt.Unaided,1 To 5,3-Co-educational,1-Rural,Chagalamarri,Muthyalapadu,,,BIRDS COMPOUND MUTHYALAPADU MUTHYALAPADU MUTHYALAPADU(VILLAGE) CHAGALAMARRI(MANDAL) KURNOOL(DIST),518553,schoolsbirds[at]gmail[dot]com,https://kys.udiseplus.gov.in/#/schooldetail/4700982/12,4700982,21/04/2023 15:31,2367
******00518 Operational,,BIRDS VOCATIONAL JUNIOR COLLEGE,,,,Andhra Pradesh,11-Higher Secondary only/Jr. College,38-Pvt.Unaided,11 To 12,3-Co-educational,1-Rural,Chagalamarri,Muthyalapadu,,,"BIRDS COMPOUND, MUTYALAPADU (V), CHAGALAMARRI",518553,birdsvocjrcollege[at]gmail[dot]com,https://kys.udiseplus.gov.in/#/schooldetail/4720292/12,4720292,11/05/2022 17:35,2367
******91554 Operational,,BISHOP BUNYAN JOSEPH SPG JUNIOR COLLEGE RS ROAD NANDYAL,,,,Andhra Pradesh,11-Higher Secondary only/Jr. College,38-Pvt.Unaided,11 To 12,3-Co-educational,2-Urban,NA,,MOOLASAGARAM(RURAL) Ward No.33,Nandyal-Municipality,26/129 RS Rosd Nandyal Kurnool Dist,518502,bbjspgjuniorgeneral[at]gmail[dot]com,https://kys.udiseplus.gov.in/#/schooldetail/4719615/12,4719615,26/06/2021 10:09,2367
******00984 Permanently Closed,,BISHOP BUNYAN J S P G JR COLLEGE,,,,Andhra Pradesh,11-Higher Secondary only/Jr. College,38-Pvt.Unaided,11 To 12,3-Co-educational,9-NA,NA,,,,NA,518501,,https://kys.udiseplus.gov.in/#/schooldetail/4717352/12,4717352,15/10/2020 12:18,2367
******01182 Operational,,BRIGHT UP EM SCHOOL SANJAMALA,,,,Andhra Pradesh,2-Primary with Upper Primary,38-Pvt.Unaided,1 To 7,3-Co-educational,1-Rural,Sanjamala,Sanjamala,,,SANJAMALA VILLAGE AND MANDAL,518165,brightschoolsangamala[at]gmail[dot]com,https://kys.udiseplus.gov.in/#/schooldetail/4721542/12,4721542,23/12/2025 15:51,2367
******01520 Operational,,BRILIANT H.S,,,,Andhra Pradesh,7-Upper Pr. and Secondary,38-Pvt.Unaided,6 To 10,3-Co-educational,1-Rural,Chagalamarri,Chagalamarri,,,NEAR BANDAVASHALI DURGA CHAGALAMARRI CHAGALAMARRI(VILLAGE) CHAGALAMARRI(MANDAL) KURNOOL(DIST),518553,shabber.mulla[at]gmail[dot]com,https://kys.udiseplus.gov.in/#/schooldetail/4701016/12,4701016,15/10/2020 12:18,2367
******01510 Operational,,BRILLIANT PRIMARY S,,,,Andhra Pradesh,1-Primary,38-Pvt.Unaided,1 To 5,3-Co-educational,1-Rural,Chagalamarri,Chagalamarri,,,NEAROLD BUS STAND CHAGALAMARRI CHAGALAMARRI(VILLAGE) CHAGALAMARRI(MANDAL) KURNOOL(DIST),518553,brillant.em[at]gmail[dot]com,https://kys.udiseplus.gov.in/#/schooldetail/4701009/12,4701009,21/04/2023 15:31,2367
******90815 Operational,,BRILLIANT UPPER PRIMARY SCHOOL,,,,Andhra Pradesh,2-Primary with Upper Primary,38-Pvt.Unaided,1 To 7,3-Co-educational,1-Rural,Srisailam,NA,,,SUNDIPENTA 2 SUNDIPENTA(VILLAGE) SUNDIPENTA(VILLAGE) KURNOOL(DIST),518102,briliantschoolslmp[at]gmail[dot]com,https://kys.udiseplus.gov.in/#/schooldetail/4698614/12,4698614,21/04/2023 15:31,2367
******00615 Operational,,BRILLIANT VIDYA MANDIR EM HIGH SCHOOL,,,,Andhra Pradesh,6-Pr. Up Pr. and Secondary Only,38-Pvt.Unaided,1 To 10,3-Co-educational,2-Urban,NA,,Election Ward No.11,BETHAMCHERLA-Town Panchayat,"NEAR MARKET BETHAMCHERLA, BETHAMCHERLA(VILLAGE) BETHAMCHERLA(MANDAL) KURNOOL(DIST)",518599,,https://kys.udiseplus.gov.in/#/schooldetail/4700146/12,4700146,29/07/2025 15:38,2367
******00360 Closed,Closed,BRUNDAVAN JUNIOR COLLEGE ALLAGDDA,,,,Andhra Pradesh,11-Higher Secondary only/Jr. College,38-Pvt.Unaided,11 To 12,3-Co-educational,2-Urban,NA,,Allagadda Ward no. 12,Allagadda-Town Panchayat,"BRUNDAVAN JUNIOR COLLEGE , ABHYUDAYA COLONY ,ALLAGDDA",518543,brundavanjuniorcollegealg[at]gmail[dot]com,https://kys.udiseplus.gov.in/#/schooldetail/4720774/12,4720774,28/08/2024 10:51,2367
******00510 Operational,,BRUNDAVAN UP EM SCHOOL VELOGDE,,,,Andhra Pradesh,2-Primary with Upper Primary,38-Pvt.Unaided,1 To 7,3-Co-educational,1-Rural,Velugodu,Velgode,,,GANDHI NAGAR VELUGODU,518533,kfayazkhan54[at]gmail[dot]com,https://kys.udiseplus.gov.in/#/schooldetail/4698649/12,4698649,16/06/2023 15:21,2367
******01537 Operational,,CHAITANYA BHARATHI HS CHAGLAMARRI,,,,Andhra Pradesh,7-Upper Pr. and Secondary,38-Pvt.Unaided,6 To 10,3-Co-educational,1-Rural,Chagalamarri,Chagalamarri,,,Mutyalapadu road Chagalamarri,518553,,https://kys.udiseplus.gov.in/#/schooldetail/4701025/12,4701025,11/05/2022 17:31,2367
******01533 Operational,,CHAITANYA BHARATHI S,,,,Andhra Pradesh,1-Primary,38-Pvt.Unaided,1 To 5,3-Co-educational,1-Rural,Chagalamarri,Chagalamarri,,,CHAGLAMARRI CHAGALAMARRI CHAGALAMARRI(VILLAGE) CHAGALAMARRI(MANDAL) KURNOOL(DIST),518553,malli9pnp[at]gmail[dot]com,https://kys.udiseplus.gov.in/#/schooldetail/4701022/12,4701022,21/04/2023 15:31,2367
******00173 Operational,,"CHAITANYA EM SCHOOL,ATMAKUR",,,,Andhra Pradesh,7-Upper Pr. and Secondary,38-Pvt.Unaided,6 To 10,3-Co-educational,2-Urban,NA,,Atmakurknl Ward No. 6,Atmakur (Kurnool)-Municipality,ISLAM PETA STREET,518422,taziyauddin[at]gmail[dot]com,https://kys.udiseplus.gov.in/#/schooldetail/4698560/12,4698560,24/06/2021 21:13,2367
******01416 Operational,,CHAITANYA EMTM UP SCHOOL RUDRAVARAM,,,,Andhra Pradesh,2-Primary with Upper Primary,38-Pvt.Unaided,1 To 8,3-Co-educational,1-Rural,Rudravaram,Rudravaram,,,RUDRAVARAM VILLAGE AND MANDAL,518594,medaprasad.vara[at]gmail[dot]com,https://kys.udiseplus.gov.in/#/schooldetail/4700831/12,4700831,24/12/2025 11:21,2367
******00979 Operational,,CHAITANYA HS NANDIKOTKUR,,,,Andhra Pradesh,7-Upper Pr. and Secondary,38-Pvt.Unaided,6 To 10,3-Co-educational,2-Urban,NA,,Nandikotkur Ward No. 14,Nandikotkur-Town Panchayat,NANDIKOTKUR 0 NANDIKOTKUR(VILLAGE) NANDIKOTKUR(MANDAL) KURNOOL(DIST),518401,nandikotkur[at]srichaitanyaschol[dot]net,https://kys.udiseplus.gov.in/#/schooldetail/4698413/12,4698413,16/12/2023 12:26,2367
******91426 Closed,Closed,CHAITANYA H.S NGOS COLONY,,,,Andhra Pradesh,7-Upper Pr. and Secondary,38-Pvt.Unaided,6 To 10,3-Co-educational,2-Urban,NA,,Nandyal (M) - Ward No.20,Nandyal-Municipality,N G O S COLONY NANDYAL NANDYAL (M)-2(VILLAGE) NANDYAL(MANDAL) KURNOOL(DIST),NA,navachaitanyahighschool9[at]gmail[dot]com,https://kys.udiseplus.gov.in/#/schooldetail/4700596/12,4700596,09/05/2022 16:39,2367
******90654 Closed,Closed,CHAITANYA PS NGOS COLONY,,,,Andhra Pradesh,1-Primary,38-Pvt.Unaided,1 To 5,3-Co-educational,2-Urban,NA,,Nandyal (M) - Ward No.20,Nandyal-Municipality,Lalitha Nagar,518502,,https://kys.udiseplus.gov.in/#/schooldetail/4700538/12,4700538,09/05/2022 16:39,2367
******00975 Operational,,CHAITANYA PS SCHOOL NANDIKOTKUR,,,,Andhra Pradesh,1-Primary,38-Pvt.Unaided,1 To 5,3-Co-educational,2-Urban,NA,,Nandikotkur Ward No. 14,Nandikotkur-Town Panchayat,MADDUR NAGAR NANDIKOTKUR,518401,nandikotkur[at]srichaitanyaschool[dot]net,https://kys.udiseplus.gov.in/#/schooldetail/4698409/12,4698409,16/12/2023 12:26,2367
******00164 Operational,,CHAITANYA UP SCHOOL,,,,Andhra Pradesh,2-Primary with Upper Primary,38-Pvt.Unaided,1 To 8,3-Co-educational,2-Urban,NA,,Atmakurknl Ward No. 6,Atmakur (Kurnool)-Municipality,ISLAM PETA STREET,518422,taziyauddin[at]gmail[dot]com,https://kys.udiseplus.gov.in/#/schooldetail/4698551/12,4698551,21/04/2023 15:31,2367
******00954 Closed,Closed,CHAITHNYA PUBLIC HS ALLAGADDA,,,,Andhra Pradesh,7-Upper Pr. and Secondary,38-Pvt.Unaided,6 To 10,3-Co-educational,2-Urban,NA,,Allagadda Ward no. 10,Allagadda-Town Panchayat,ALLAGADDA ALLAGADDA ALLAGADDA(VILLAGE) ALLAGADDA(MANDAL) KURNOOL(DIST),518543,chitanyapublicallagadda[at]gmail[dot]com,https://kys.udiseplus.gov.in/#/schooldetail/4700912/12,4700912,07/11/2024 14:50,2367
******00959 Operational,,CHAMUNDI HIGH SCHOOL NEAR SANTHI THEATER NDK,,,,Andhra Pradesh,7-Upper Pr. and Secondary,38-Pvt.Unaided,6 To 10,3-Co-educational,2-Urban,NA,,Nandikotkur Ward No. 6,Nandikotkur-Town Panchayat,NEAR SANTHI THEATERNANDIKOTKUR,518412,chamundi.ndk1[at]gmail[dot]com,https://kys.udiseplus.gov.in/#/schooldetail/4698396/12,4698396,15/10/2020 12:18,2367
******00929 Operational,,CHAMUNDI PUBLIC SCHOOL NEAR SHANTI THEATER NDK,,,,Andhra Pradesh,1-Primary,38-Pvt.Unaided,1 To 5,3-Co-educational,2-Urban,NA,,Nandikotkur Ward No. 6,Nandikotkur-Town Panchayat,NEAR SHATHI THEATER NANDIKOTKUR,518412,chamundi.ndk1[at]gmail[dot]com,https://kys.udiseplus.gov.in/#/schooldetail/4698377/12,4698377,16/06/2023 15:21,2367
******00667 Permanently Closed,,"CHANAKYA EM HS, SHYAM NAGAR, NANDYAL",,,,Andhra Pradesh,7-Upper Pr. and Secondary,38-Pvt.Unaided,6 To 10,3-Co-educational,2-Urban,NA,,Nandyal (M) - Ward No.26,Nandyal-Municipality,NA,518501,,https://kys.udiseplus.gov.in/#/schooldetail/4717448/12,4717448,15/10/2020 12:18,2367
******91541 Operational,,CHANAKYA EM HS SHYAM NAGAR NDL,,,,Andhra Pradesh,7-Upper Pr. and Secondary,38-Pvt.Unaided,6 To 10,3-Co-educational,2-Urban,NA,,Nandyal (M) - Ward No.26,Nandyal-Municipality,Shyam Nagar Nandyal,518501,chankyaofficial2003[at]gmail[dot]com,https://kys.udiseplus.gov.in/#/schooldetail/4700680/12,4700680,15/10/2020 12:18,2367
******91455 Operational,,"CHANAKYA PRI SCHOOL SHYAM NAGAR, NDL",,,,Andhra Pradesh,2-Primary with Upper Primary,38-Pvt.Unaided,1 To 7,3-Co-educational,2-Urban,NA,,Nandyal (M) - Ward No.26,Nandyal-Municipality,V.C.COLONY NANDYAL NANDYAL NANDYAL MANDAL KURNOOL DIST,518501,chankya[at]gmail[dot]com,https://kys.udiseplus.gov.in/#/schooldetail/4700621/12,4700621,29/12/2023 09:50,2367
******01314 Closed,Closed,CHANDAMAMA EM UP SCHOOL AYYALUR,,,,Andhra Pradesh,2-Primary with Upper Primary,38-Pvt.Unaided,1 To 7,3-Co-educational,1-Rural,Nandyal,Ayyalur (Part),,,AYYALURU VILLAGE,518502,chandhamama786[at]gmail[dot]com,https://kys.udiseplus.gov.in/#/schooldetail/4700465/12,4700465,09/05/2022 16:39,2367
******90687 Operational,,CHINMAYA MISSION VIDYALAY 3RD WARD,,,,Andhra Pradesh,1-Primary,35-Pvt.Aided,1 To 5,3-Co-educational,2-Urban,NA,,Nandyal (M) - Ward No.3,Nandyal-Municipality,3rd WARD NANDYAL NANDYAL (M)(VILLAGE) NANDYAL(MANDAL) KURNOOL(DIST),518501,meo.nandyal34[at]gmail[dot]com,https://kys.udiseplus.gov.in/#/schooldetail/4700569/12,4700569,15/10/2020 12:18,2367
******91489 Operational,,CHINMAYA MISSION VIDYALAYAM HIGH SCHOOL,,,,Andhra Pradesh,7-Upper Pr. and Secondary,38-Pvt.Unaided,6 To 10,3-Co-educational,2-Urban,NA,,Nandyal (M) - Ward No.3,Nandyal-Municipality,BESIDE RTC BUS STAND NANDYAL,518501,,https://kys.udiseplus.gov.in/#/schooldetail/4700643/12,4700643,15/10/2020 12:18,2367
******00925 Closed,Closed,CHITANYA PUBLIC PS ALLAGADDA,,,,Andhra Pradesh,1-Primary,38-Pvt.Unaided,1 To 5,3-Co-educational,2-Urban,NA,,Allagadda Ward no. 10,Allagadda-Town Panchayat,SAGARAM STREET ALLAGADDA ALLAGADDA(VILLAGE) ALLAGADDA(MANDAL) KURNOOL(DIST),518543,chitanyapublicallagadda[at]gmail[dot]com,https://kys.udiseplus.gov.in/#/schooldetail/4700898/12,4700898,07/11/2024 14:50,2367
******00818 Operational,,CHRISTU JYOTHI EM HS GAJULAPALLE MAHANANDI(M),,,,Andhra Pradesh,7-Upper Pr. and Secondary,38-Pvt.Unaided,6 To 10,3-Co-educational,1-Rural,Mahanandi,Gajulapalle,,,GAJULAPALLE VILLAGE mahanandi mandal,518583,cjemhighschool[at]gmail[dot]com,https://kys.udiseplus.gov.in/#/schooldetail/4700730/12,4700730,14/05/2022 11:46,2367
******00814 Operational,,CHRISTU JYOTHI EM PS GAJULAPALLE MAHANANDI(M),,,,Andhra Pradesh,1-Primary,38-Pvt.Unaided,1 To 5,3-Co-educational,1-Rural,Mahanandi,Gajulapalle,,,GAJULAPALLE(VILLAGE) MAHANANDI(MANDAL) KURNOOL(DIST),518583,cjemhighscool[at]gmail[dot]com,https://kys.udiseplus.gov.in/#/schooldetail/4700727/12,4700727,16/06/2023 15:21,2367
******00666 Operational,,CHRIST UP SCHOOL NANDYAL,,,,Andhra Pradesh,2-Primary with Upper Primary,38-Pvt.Unaided,1 To 7,3-Co-educational,2-Urban,NA,,Nandyal (M) - Ward No.19,Nandyal-Municipality,Pnnapuram- Nandyal-Kurnool,518502,glinganna007[at]gmail[dot]com,https://kys.udiseplus.gov.in/#/schooldetail/4700432/12,4700432,21/04/2023 15:31,2367
******00601 Operational,,"CMS JUNIOR COLLEGE,NK ROAD NANDYAL",,,,Andhra Pradesh,11-Higher Secondary only/Jr. College,38-Pvt.Unaided,11 To 12,3-Co-educational,2-Urban,NA,,Nandyal (M) - Ward No.12,Nandyal-Municipality,VENKATESWARA JUNIOR COLLEGE,518501,cmsjc[at]gmail[dot]com,https://kys.udiseplus.gov.in/#/schooldetail/4720288/12,4720288,01/08/2022 17:59,2367
******00537 Operational,,CRESCENT UP SCHOOL VELGODE,,,,Andhra Pradesh,2-Primary with Upper Primary,38-Pvt.Unaided,1 To 7,3-Co-educational,1-Rural,Velugodu,Velgode,,,college by pass road velgode,518533,ayathu.khan[at]gmail[dot]com,https://kys.udiseplus.gov.in/#/schooldetail/4698663/12,4698663,21/04/2023 15:31,2367
******00909 Operational,,CSI AIDED PS NDK,,,,Andhra Pradesh,1-Primary,35-Pvt.Aided,1 To 5,3-Co-educational,2-Urban,NA,,Nandikotkur Ward No. 11,Nandikotkur-Town Panchayat,NANDI KOTKUR NANDIKOTKUR NANDI KOTKUR(VILLAGE) NANDIKOTKUR(MANDAL) KURNOOL(DIST),518401,csiaidedps.ndk[at]gmail[dot]com,https://kys.udiseplus.gov.in/#/schooldetail/4698364/12,4698364,15/10/2020 12:18,2367
******00658 Operational,,CSI HIGH SCHOOL NANDYALA,,,,Andhra Pradesh,7-Upper Pr. and Secondary,38-Pvt.Unaided,6 To 10,3-Co-educational,2-Urban,NA,,Nandyal (M) - Ward No.30,Nandyal-Municipality,Bishop compound Bommalasatram Nandyala,518501,-csioxfordnandyal[at]gmail[dot]com,https://kys.udiseplus.gov.in/#/schooldetail/4700424/12,4700424,16/12/2023 13:59,2367
******00938 Operational,,C.S.I HS SAIBABA PETA NANDIKOTKUR,,,,Andhra Pradesh,7-Upper Pr. and Secondary,35-Pvt.Aided,6 To 10,3-Co-educational,2-Urban,NA,,Nandikotkur Ward No. 11,Nandikotkur-Town Panchayat,SAIBABAPETA NANDI KOTKUR NANDI KOTKUR(VILLAGE) NANDIKOTKUR(MANDAL) KURNOOL(DIST),518401,csihsndk[at]gmail[dot]com,https://kys.udiseplus.gov.in/#/schooldetail/4698385/12,4698385,15/10/2020 12:18,2367
******00657 Operational,,CSI PRIMARY SCHOOL NANDYALA,,,,Andhra Pradesh,1-Primary,38-Pvt.Unaided,1 To 5,3-Co-educational,2-Urban,NA,,Nandyal (M) - Ward No.30,Nandyal-Municipality,bishop compound bommalasatram,518502,rajasekhar196677[at]gmail[dot]com,https://kys.udiseplus.gov.in/#/schooldetail/4699305/12,4699305,12/03/2024 11:02,2367
******00103 Operational,,DAV.PRIMARY SCHOOL SUNIDPENTA,,,,Andhra Pradesh,1-Primary,38-Pvt.Unaided,1 To 5,3-Co-educational,1-Rural,Srisailam,NA,,,APGENCO COLONY SUNNIPENTA (VILLAGE) SRISAILAM(MANDAL) KURNOOL(DIST),518102,davsslmrb[at]gmail[dot]com,https://kys.udiseplus.gov.in/#/schooldetail/4697552/12,4697552,19/12/2024 11:10,2367
******90812 Operational,,DAV PUBLIC S SRISAILAM PROJECT,,,,Andhra Pradesh,7-Upper Pr. and Secondary,38-Pvt.Unaided,6 To 10,3-Co-educational,1-Rural,Srisailam,NA,,,AP GENCO COLONY SINNIPENTA (VILLAGE) SRISAILAM(MANDAL) KURNOOL(DIST),518102,davsslmrb[at]gmail[dot]com,https://kys.udiseplus.gov.in/#/schooldetail/4698611/12,4698611,15/10/2020 12:18,2367
******00529 Operational,,DEPAUL EM PS VELGODE,,,,Andhra Pradesh,1-Primary,38-Pvt.Unaided,1 To 5,3-Co-educational,1-Rural,Velugodu,Velgode,,,VELGODE VELGODE VELGODE(VILLAGE) VELUGODU(MANDAL) KURNOOL(DIST),518533,DEPAULEMHSCHOOL[at]GMAIL[dot]COM,https://kys.udiseplus.gov.in/#/schooldetail/4698661/12,4698661,21/04/2023 15:31,2367
******01006 Operational,,DE PAUL HS KARIVENA,,,,Andhra Pradesh,7-Upper Pr. and Secondary,38-Pvt.Unaided,6 To 10,3-Co-educational,1-Rural,Atmakur,Karivena,,,KARIVENA ATMAKUR KARIVENA(VILLAGE) ATMAKUR(MANDAL) KURNOOL(DIST),518422,depaulkarivena[at]gmail[dot]com,https://kys.udiseplus.gov.in/#/schooldetail/4698593/12,4698593,15/10/2020 12:18,2367
******00177 Operational,,DE PAUL PRIMARY SCHOOL ATMAKUR,,,,Andhra Pradesh,1-Primary,38-Pvt.Unaided,1 To 5,3-Co-educational,2-Urban,NA,,Atmakurknl Ward No. 18,Atmakur (Kurnool)-Municipality,APPLARAO STREET ATMAKUR MANDAL,518422,depaulkarivena[at]gmail[dot]com,https://kys.udiseplus.gov.in/#/schooldetail/4719559/12,4719559,21/04/2023 15:31,2367
******01004 Operational,,DE PAULPS KARIVENA,,,,Andhra Pradesh,1-Primary,38-Pvt.Unaided,1 To 5,3-Co-educational,1-Rural,Atmakur,Karivena,,,KARIVENA ATMAKUR KARIVENA(VILLAGE) ATMAKUR(MANDAL) KURNOOL(DIST),518422,depaulkarivena[at]gmail[dot]com,https://kys.udiseplus.gov.in/#/schooldetail/4698592/12,4698592,21/04/2023 15:31,2367
******00538 Operational,,DEPUAL EM HIGH SCHOOL VELGODE,,,,Andhra Pradesh,7-Upper Pr. and Secondary,38-Pvt.Unaided,6 To 10,3-Co-educational,1-Rural,Velugodu,Velgode,,,Near RCM Church velgode,518533,depaulemhschool[at]gmail[dot]com,https://kys.udiseplus.gov.in/#/schooldetail/4698664/12,4698664,15/10/2020 12:18,2367
******00807 Closed,Closed,DHARANIUPS DORNIPADU,,,,Andhra Pradesh,2-Primary with Upper Primary,38-Pvt.Unaided,1 To 7,3-Co-educational,1-Rural,Dornipadu,Dornipadu,,,KAKANOORI STREET DORNIPADU DORNIPADU(VILLAGE) DORNIPADU(MANDAL) KURNOOL(DIST),518135,,https://kys.udiseplus.gov.in/#/schooldetail/4701106/12,4701106,15/10/2020 12:18,2367
******00925 Closed,Closed,DIVYAVANI VIDYA MANDIR UPS NANDIKOTKUR,,,,Andhra Pradesh,2-Primary with Upper Primary,38-Pvt.Unaided,1 To 7,3-Co-educational,2-Urban,NA,,Nandikotkur Ward No. 6,Nandikotkur-Town Panchayat,NANDI KOTKUR PAGIDALA ROAD NANDI KOTKUR(VILLAGE) NANDIKOTKUR(MANDAL) KURNOOL(DIST),518401,divyavanindk[at]gmail[dot]com,https://kys.udiseplus.gov.in/#/schooldetail/4698375/12,4698375,09/05/2022 16:40,2367
******00700 Closed,Closed,D NARAYANA REDDY (VOC) JR COLLEGE,,,,Andhra Pradesh,11-Higher Secondary only/Jr. College,38-Pvt.Unaided,11 To 12,3-Co-educational,2-Urban,NA,,Dhone Ward No. 3,Dhone(M)-Municipality,s valasala,518422,dnreddycollege9[at]gmail[dot]com,https://kys.udiseplus.gov.in/#/schooldetail/4719632/12,4719632,15/10/2020 12:18,2367
******00178 Operational,,DNR VOCATIONAL JUNIOR COLLEGE ATMAKUR,,,,Andhra Pradesh,11-Higher Secondary only/Jr. College,38-Pvt.Unaided,11 To 12,3-Co-educational,2-Urban,NA,,Atmakurknl Ward No. 14,Atmakur (Kurnool)-Municipality,"H.NO.1-43,SIVAPRIYA NAGAR,ATMAKUR",518422,dnreddycollege9[at]gmail[dot]com,https://kys.udiseplus.gov.in/#/schooldetail/4720267/12,4720267,22/12/2023 18:32,2367
******03155 Operational,,DOLPHIN UP EM SCHOOL BANAGANAPALLI,,,,Andhra Pradesh,2-Primary with Upper Primary,38-Pvt.Unaided,1 To 7,3-Co-educational,1-Rural,Banaganapalle,Banaganapalle (Ct),,,khasba dora kota banaganapalli,518124,dolphinschool9[at]gmail[dot]com,https://kys.udiseplus.gov.in/#/schooldetail/4719626/12,4719626,21/04/2023 15:31,2367
******00677 Operational,,DORNACHALAM HS DHONE,,,,Andhra Pradesh,7-Upper Pr. and Secondary,38-Pvt.Unaided,6 To 10,3-Co-educational,2-Urban,NA,,Dhone Ward No. 3,Dhone(M)-Municipality,DHONE DHONE DHONE(VILLAGE) DHONE(MANDAL) KURNOOL(DIST),518222,dranachalampublicschool[at]gmail[dot]com,https://kys.udiseplus.gov.in/#/schooldetail/4701686/12,4701686,15/10/2020 12:18,2367
******00403 Operational,,DORNACHALAM PS DHONE,,,,Andhra Pradesh,1-Primary,38-Pvt.Unaided,1 To 5,3-Co-educational,2-Urban,NA,,Dhone Ward No. 3,Dhone(M)-Municipality,DHONE DHONE DHONE DHONE(MANDAL) KURNOOL(DIST),518222,dronachalampublicschool[at]gmail[dot]com,https://kys.udiseplus.gov.in/#/schooldetail/4701630/12,4701630,21/04/2023 15:31,2367
******00864 Operational,,"DR. BR AMBEDKAR, GURUKULAM APSWR BOYS SCHOOL DHONE",,,,Andhra Pradesh,3-Pr. with Up.Pr. Sec. and H.Sec.,24-APSWREI Society Schools,5 To 12,1-Boys,1-Rural,Dhone Alias Dronachalam,Udumulapadu,,,NEAR APSWR BOYS SCHOOL DHONE,518222,prl.ndl.dhoneboys[at]gmail[dot]com,https://kys.udiseplus.gov.in/#/schooldetail/4721279/12,4721279,20/09/2024 16:52,2367
******01205 Operational,,DR.NARENDRA MEMORIAL UP SCHOOL ERNAPADU,,,,Andhra Pradesh,1-Primary,38-Pvt.Unaided,1 To 5,3-Co-educational,1-Rural,Bandi Atmakur,Ernapadu,,,ERNAPADU ERNAPADU ERNAPADU(VILLAGE) BANDIATMAKUR(MANDAL) KURNOOL(DIST),518512,chukkalgovind[at]gmail[dot]com,https://kys.udiseplus.gov.in/#/schooldetail/4700373/12,4700373,21/04/2023 15:31,2367
******91483 Permanently Closed,,Dwarakamai(EMandTM)HSSanjeeva Nagar Nandyal,,,,Andhra Pradesh,7-Upper Pr. and Secondary,38-Pvt.Unaided,6 To 10,3-Co-educational,2-Urban,NA,,Nandyal (M) - Ward No.25,Nandyal-Municipality,NA,518502,,https://kys.udiseplus.gov.in/#/schooldetail/4717464/12,4717464,15/10/2020 12:18,2367
******90688 Closed,Closed,DWARKAMAI P S SANJEEVA NAGAR,,,,Andhra Pradesh,1-Primary,38-Pvt.Unaided,1 To 5,3-Co-educational,2-Urban,NA,,Nandyal (M) - Ward No.25,Nandyal-Municipality,SANJEEVANAGAR NANDYAL NANDYAL (M)(VILLAGE) NANDYAL(MANDAL) KURNOOL(DIST),518501,dwarakamaikighschool[at]gmail[dot]com,https://kys.udiseplus.gov.in/#/schooldetail/4700570/12,4700570,09/05/2022 16:39,2367
******03110 Operational,,EVEREST PS BANAGANAPALLI,,,,Andhra Pradesh,1-Primary,38-Pvt.Unaided,1 To 5,3-Co-educational,1-Rural,Banaganapalle,Banaganapalle (Ct),,,BANAGANAPALLE KHASBA BANAGANAPALLE(VILLAGE) BANAGANAPALLI(MANDAL) KURNOOL(DIST),518124,everestedu1985[at]gmail[dot]com,https://kys.udiseplus.gov.in/#/schooldetail/4701303/12,4701303,21/04/2023 15:31,2367
******91461 Operational,,EXCELLENT HIGH SCHOOL NOONEPALLI,,,,Andhra Pradesh,7-Upper Pr. and Secondary,38-Pvt.Unaided,6 To 10,3-Co-educational,2-Urban,NA,,Nandyal (M) - Ward No.29,Nandyal-Municipality,NOONEPALLI NANDYAL NANDYAL NANDYAL(MANDAL) KURNOOL(DIST),518502,nandyalexcellentschool[at]gmail[dot]com,https://kys.udiseplus.gov.in/#/schooldetail/4700625/12,4700625,15/10/2020 12:18,2367
******90694 Operational,,EXCELLENT P S NOONEPALLI,,,,Andhra Pradesh,1-Primary,38-Pvt.Unaided,1 To 5,3-Co-educational,2-Urban,NA,,Nandyal (M) - Ward No.29,Nandyal-Municipality,NOONEPALLI NANDYAL NANDYAL (M)(VILLAGE) NANDYAL(MANDAL) KURNOOL(DIST),518502,nandyalexcellentschool[at]gmail[dot]com,https://kys.udiseplus.gov.in/#/schooldetail/4700574/12,4700574,16/06/2023 15:21,2367
******00505 Sanctioned but not Operational,,FINE SEVA EM UP SCHOOLCHINNAKAMBALOOR,,,,Andhra Pradesh,2-Primary with Upper Primary,38-Pvt.Unaided,1 To 7,3-Co-educational,1-Rural,Rudravaram,Chinna Kambaloor,,,28213700505 2 CHINNAKAMBALOOR(VILLAGE) RUDRAVARAM(MANDAL) KURNOOL(DIST),518594,,https://kys.udiseplus.gov.in/#/schooldetail/4700806/12,4700806,10/05/2022 06:09,2367
******01304 Permanently Closed,,FLORENCE VIGNAN PRIMARY SCHOOL PUCHAKAYALAPALLI,,,,Andhra Pradesh,2-Primary with Upper Primary,38-Pvt.Unaided,1 To 7,3-Co-educational,1-Rural,Uyyalawada,Bodemmanur,,,NA,518145,,https://kys.udiseplus.gov.in/#/schooldetail/4701065/12,4701065,15/10/2020 12:18,2367
******01307 Permanently Closed,,FLOWERENCE VIGNAN HIGH SCHOOL PUCHAKAYALAPALLII,,,,Andhra Pradesh,7-Upper Pr. and Secondary,38-Pvt.Unaided,6 To 10,3-Co-educational,1-Rural,Uyyalawada,Bodemmanur,,,NA,518145,,https://kys.udiseplus.gov.in/#/schooldetail/4701071/12,4701071,15/10/2020 12:18,2367
******90683 Operational,,GANDHIGI MPLPS HARIJANA PETA,,,,Andhra Pradesh,1-Primary,34-MUNCIPAL,1 To 5,3-Co-educational,2-Urban,NA,,Nandyal (M) - Ward No.24,Nandyal-Municipality,HARIJAN PETA NANDYAL NANDYAL (M)(VILLAGE) NANDYAL(MANDAL) KURNOOL(DIST),518501,mplpsgandhiji1939[at]gmail[dot]com,https://kys.udiseplus.gov.in/#/schooldetail/4700564/12,4700564,15/10/2020 12:18,2367
******00149 Permanently Closed,,GANDHI UPS ATMAKUR,,,,Andhra Pradesh,2-Primary with Upper Primary,38-Pvt.Unaided,1 To 7,3-Co-educational,2-Urban,NA,,Atmakurknl Ward No. 20,Atmakur (Kurnool)-Municipality,NA,518422,,https://kys.udiseplus.gov.in/#/schooldetail/4698537/12,4698537,15/10/2020 12:18,2367
******01002 Closed,Closed,G.A. UPPER PRIMARY SAMBAPURAM,,,,Andhra Pradesh,2-Primary with Upper Primary,35-Pvt.Aided,1 To 7,3-Co-educational,1-Rural,Bethamcherla,Ambapuram,,,AMBAPURAM AMBAPURAM AMBAPURAM(VILLAGE) BETHAMCHERLA(MANDAL) KURNOOL(DIST),518598,,https://kys.udiseplus.gov.in/#/schooldetail/4700169/12,4700169,10/05/2022 12:41,2367
******00912 Operational,,Gayathri HS Yerraguntla Sirvel,,,,Andhra Pradesh,7-Upper Pr. and Secondary,38-Pvt.Unaided,6 To 10,3-Co-educational,1-Rural,Sirivel,Yerragundla,,,MAIN ROAD YERRAGUNTLA,518510,gayathrischoolyrg[at]gmail[dot]com,https://kys.udiseplus.gov.in/#/schooldetail/4700786/12,4700786,19/09/2024 10:01,2367
******00910 Operational,,GAYATRI EMTM PS YERRAGUNTLA,,,,Andhra Pradesh,1-Primary,38-Pvt.Unaided,1 To 5,3-Co-educational,1-Rural,Sirivel,Yerragundla,,,YERRAGUNTLA SIRVEL YERRAGUNTLA(VILLAGE) SIRVEL(MANDAL) KURNOOL(DIST),518510,gayathrischoolyrg[at]gmail[dot]com,https://kys.udiseplus.gov.in/#/schooldetail/4700782/12,4700782,19/09/2024 09:58,2367
******00523 Operational,,GBM HS VELGODE,,,,Andhra Pradesh,7-Upper Pr. and Secondary,38-Pvt.Unaided,6 To 10,3-Co-educational,1-Rural,Velugodu,Velgode,,,DWARAKA NAGAR VELGODE VELGODE(VILLAGE) VELUGODU(MANDAL) KURNOOL(DIST),518533,gbmschoolvgd[at]gmail[dot]com,https://kys.udiseplus.gov.in/#/schooldetail/4698659/12,4698659,15/10/2020 12:18,2367
******00509 Operational,,G.B.M.PS DWARAKA NAGAR VELGODE,,,,Andhra Pradesh,1-Primary,38-Pvt.Unaided,1 To 5,3-Co-educational,1-Rural,Velugodu,Velgode,,,DWARAKA NAGAR VELGODE VELGODE(VILLAGE) VELUGODU(MANDAL) KURNOOL(DIST),518533,gbmschoolvgd[at]gmail[dot]com,https://kys.udiseplus.gov.in/#/schooldetail/4698648/12,4698648,21/04/2023 15:31,2367
******00106 Closed,Closed,GEETANJALI EM UP SCHOOL POLUR,,,,Andhra Pradesh,2-Primary with Upper Primary,38-Pvt.Unaided,1 To 7,3-Co-educational,1-Rural,Nandyal,Polur,,,polur village,518511,rajavijendrareddy9[at]gmail[dot]com,https://kys.udiseplus.gov.in/#/schooldetail/4700391/12,4700391,24/06/2021 22:36,2367
******90679 Closed,Closed,GEETANJALI MODEL UPS SANJEEVA NAGAR,,,,Andhra Pradesh,2-Primary with Upper Primary,38-Pvt.Unaided,1 To 8,3-Co-educational,2-Urban,NA,,Nandyal Ward No. 35,Nandyal-Municipality,SANJEEVA NAGAR NANDYAL NANDYAL (M)(VILLAGE) NANDYAL(MANDAL) KURNOOL(DIST),518501,,https://kys.udiseplus.gov.in/#/schooldetail/4699436/12,4699436,15/10/2020 12:18,2367
******00649 Operational,,GEETHANJALI GRAMMER PS DHONE,,,,Andhra Pradesh,1-Primary,38-Pvt.Unaided,1 To 5,3-Co-educational,2-Urban,NA,,Dhone Ward No. 12,Dhone(M)-Municipality,DHONE NO.4-149-83-2 DHONE(VILLAGE) DHONE(MANDAL) KURNOOL(DIST),518222,lokhandevyshnavi[at]gmail[dot]com,https://kys.udiseplus.gov.in/#/schooldetail/4701671/12,4701671,21/04/2023 15:31,2367
******91444 Operational,,GELIVIS E.M H.S TEKKE,,,,Andhra Pradesh,7-Upper Pr. and Secondary,38-Pvt.Unaided,6 To 10,3-Co-educational,2-Urban,NA,,Nandyal (M) - Ward No.14,Nandyal-Municipality,29/154-C1 TEKKE NANDYAL NANDYAL (M)-2(VILLAGE) NANDYAL(MANDAL) KURNOOL(DIST),518502,gelivischool[at]gmail[dot]com,https://kys.udiseplus.gov.in/#/schooldetail/4700610/12,4700610,15/10/2020 12:18,2367
******02046 Operational,,GENIUS SCHOOL OF EXCELLENCE EM SCHOOL,,,,Andhra Pradesh,2-Primary with Upper Primary,38-Pvt.Unaided,1 To 7,3-Co-educational,2-Urban,Atmakur,,Atmakurknl Ward No. 16,Atmakur (Kurnool)-Municipality,VADDLAPETA ATMAKUR ATMAKUR,518422,shaikjaffar2[at]gmail[dot]com,,,26/12/2025 10:43,2367
******01016 Operational,,GIRISH MODEL U P SCHOOL RAMAPURAM,,,,Andhra Pradesh,2-Primary with Upper Primary,38-Pvt.Unaided,1 To 7,3-Co-educational,1-Rural,Owk,Ramapuram (Ct),,,RAMAPURAM RAMAPURAM RAMAPURAM(VILLAGE) OWK(MANDAL) KURNOOL(DIST),518122,girishmodelschool[at]gmail[dot]com,https://kys.udiseplus.gov.in/#/schooldetail/4701494/12,4701494,11/05/2022 15:01,2367
******00652 Operational,,GITANJALI GRAMMAR HS DHONE,,,,Andhra Pradesh,7-Upper Pr. and Secondary,38-Pvt.Unaided,6 To 10,3-Co-educational,2-Urban,NA,,Dhone Ward No. 12,Dhone(M)-Municipality,7-289-7 sri venkateswara colony Dhone,518222,lokhandevyshnavi[at]gmail[dot]com,https://kys.udiseplus.gov.in/#/schooldetail/4701673/12,4701673,15/10/2020 12:18,2367
******01010 Closed,Closed,GLOBAL CONCEPT E.M/T/M SCHOOL JALADURGAM,,,,Andhra Pradesh,2-Primary with Upper Primary,38-Pvt.Unaided,1 To 7,3-Co-educational,1-Rural,Peapully,Jaladurgam,,,JALADURGAM JALAGURGAM JALADURGAM(VILLAGE) PEAPULLY(MANDAL) KURNOOL(DIST),518220,eswaraiah678[at]gmail[dot]com,https://kys.udiseplus.gov.in/#/schooldetail/4701581/12,4701581,11/05/2022 14:27,2367
******91490 Operational,,GOOD DAY EM UP SCHOOLNANDYAL,,,,Andhra Pradesh,2-Primary with Upper Primary,38-Pvt.Unaided,1 To 7,3-Co-educational,2-Urban,NA,,Nandyal (M) - Ward No.26,Nandyal-Municipality,NANDYAL M,518502,,https://kys.udiseplus.gov.in/#/schooldetail/4700644/12,4700644,21/04/2023 15:31,2367
******90658 Operational,,GOOD SHEPERERD EM ELE SCHOOL NGOS COLONY,,,,Andhra Pradesh,1-Primary,38-Pvt.Unaided,1 To 5,3-Co-educational,2-Urban,NA,,Nandyal (M) - Ward No.18,Nandyal-Municipality,N G O S COLONY NANDYAL NANDYAL (M)(VILLAGE) NANDYAL(MANDAL) KURNOOL(DIST),518502,goodshepherdschool.ndl[at]gmail[dot]com,https://kys.udiseplus.gov.in/#/schooldetail/4700542/12,4700542,16/06/2023 15:21,2367
******91417 Operational,,GOOD SHEPHERED HS NGOS COLONY,,,,Andhra Pradesh,7-Upper Pr. and Secondary,38-Pvt.Unaided,6 To 10,3-Co-educational,2-Urban,NA,,Nandyal (M) - Ward No.18,Nandyal-Municipality,N G O S COLONY NANDYAL NANDYAL (M)-2(VILLAGE) NANDYAL(MANDAL) KURNOOL(DIST),518502,goodshepherdschool.ndl[at]gmail[dot]com,https://kys.udiseplus.gov.in/#/schooldetail/4700591/12,4700591,15/10/2020 12:18,2367
******00605 Permanently Closed,,GOODSHEPHER P.S DEEBAGUNTLA,,,,Andhra Pradesh,1-Primary,38-Pvt.Unaided,1 To 5,3-Co-educational,1-Rural,Gospadu,Deebaguntla,,,NA,NA,,https://kys.udiseplus.gov.in/#/schooldetail/4717496/12,4717496,15/10/2020 12:18,2367
******03150 Operational,,GOUSE-E-AZAM EM HS KONDAPETA,,,,Andhra Pradesh,7-Upper Pr. and Secondary,38-Pvt.Unaided,6 To 10,3-Co-educational,1-Rural,Banaganapalle,Banumukkala (Ct),,,14/57 KONDAPETA BANAGANAPALLI,518124,ghousesyed34[at]gmail[dot]com,https://kys.udiseplus.gov.in/#/schooldetail/4701335/12,4701335,11/05/2022 12:19,2367
******03133 Operational,,GOUSIA AZUM UPS BANAGANAPALLI,,,,Andhra Pradesh,2-Primary with Upper Primary,38-Pvt.Unaided,1 To 7,3-Co-educational,1-Rural,Banaganapalle,Banumukkala (Ct),,,"14-57 KONDAPETA,BANAGANAPALLI(M), KURNOOL(DT)",518124,ghousesyed34[at]gmail[dot]com,https://kys.udiseplus.gov.in/#/schooldetail/4701323/12,4701323,21/04/2023 15:31,2367
******00402 Operational,,GOVT.ASHARAM PS ERRAMATAM,,,,Andhra Pradesh,1-Primary,31-GOVT TW DEPT.PRIMARY SCHOOLS,1 To 5,3-Co-educational,1-Rural,Kothapalle,Erramatam,,,ERRAMATAM ERRAMATAM ERRAMATAM(VILLAGE) KOTAPALLI(MANDAL) KURNOOL(DIST),518422,govtstpserramatam402[at]gmail[dot]com,https://kys.udiseplus.gov.in/#/schooldetail/4698471/12,4698471,07/05/2022 20:20,2367
******00805 Operational,,GOVT.ASHRAM PS K CHENCHU GUDEM,,,,Andhra Pradesh,1-Primary,31-GOVT TW DEPT.PRIMARY SCHOOLS,1 To 5,3-Co-educational,1-Rural,Kothapalle,Kothapalle,,,KOTHAPALLI BRAMARAMBHA GUDEM KOTHAPALLE(VILLAGE) KOTAPALLI(MANDAL) KURNOOL(DIST),518422,anaveen634[at]gmail[dot]com,https://kys.udiseplus.gov.in/#/schooldetail/4698487/12,4698487,12/03/2024 11:38,2367
******00405 Operational,,GOVT.ASHRAM PS SUNNIPENTA,,,,Andhra Pradesh,6-Pr. Up Pr. and Secondary Only,29-TW DEPT. ASHRAM SCHOOLS,1 To 10,2-Girls,1-Rural,Srisailam,NA,,,"ITDA OFFICE BACK SIDE, SUNNIPENTA",518102,meosrisailam[at]gmail[dot]com,https://kys.udiseplus.gov.in/#/schooldetail/4717366/12,4717366,19/12/2024 10:47,2367
******00903 Operational,,GOVT.DNT PS BN PALEM,,,,Andhra Pradesh,1-Primary,11-State Govt.(DNT),1 To 5,3-Co-educational,1-Rural,Kothapalle,Guvvalakunta,,,BANDINAYANIPALE GUVVLAKUNTA GUVVLAKUNTA(VILLAGE) KOTAPALLI(MANDAL) KURNOOL(DIST),518422,,https://kys.udiseplus.gov.in/#/schooldetail/4698494/12,4698494,07/05/2022 20:37,2367
******00905 Operational,,GOVT.DNT.PS GUVVALAKUNTLA,,,,Andhra Pradesh,1-Primary,11-State Govt.(DNT),1 To 5,3-Co-educational,1-Rural,Kothapalle,Guvvalakunta,,,GUVVLAKUNTLA(VILLAGE) KOTAPALLI(MANDAL) KURNOOL(DIST),518422,,https://kys.udiseplus.gov.in/#/schooldetail/4698496/12,4698496,12/03/2024 11:36,2367
******00931 Operational,,GOVT.HS ALLAGADDA,,,,Andhra Pradesh,7-Upper Pr. and Secondary,10-State Govt.,6 To 10,3-Co-educational,2-Urban,NA,,Allagadda Ward no. 6,Allagadda-Town Panchayat,ALLAGADDA ALLAGADDA ALLAGADDA(VILLAGE) ALLAGADDA(MANDAL) KURNOOL(DIST),518543,yppmgovthighschool[at]gmail[dot]com,https://kys.udiseplus.gov.in/#/schooldetail/4700900/12,4700900,15/10/2020 12:18,2367
******00130 Operational,,GOVT.HS ATMAKUR,,,,Andhra Pradesh,7-Upper Pr. and Secondary,10-State Govt.,6 To 10,3-Co-educational,2-Urban,NA,,Atmakurknl Ward No. 18,Atmakur (Kurnool)-Municipality,ATMAKUR ATMAKUR ATMAKUR(VILLAGE) ATMAKUR(MANDAL) KURNOOL(DIST),518422,ghsatmakurknl1896[at]gmail[dot]com,https://kys.udiseplus.gov.in/#/schooldetail/4698533/12,4698533,25/06/2025 16:23,2367
******01202 Operational,,GOVT.HS BAIRLUTY GUDEM,,,,Andhra Pradesh,7-Upper Pr. and Secondary,10-State Govt.,6 To 10,3-Co-educational,1-Rural,Atmakur,Bairlutygudem,,,BAIRLUTY GUDEM BAIRLUTY GUDEM BAIRLUTYGUDEM(VILLAGE) ATMAKUR(MANDAL) KURNOOL(DIST),518422,ghsbairluti202[at]gmail[dot]com,https://kys.udiseplus.gov.in/#/schooldetail/4698598/12,4698598,21/06/2025 10:50,2367
******03123 Operational,,GOVT.HS B.PALLI,,,,Andhra Pradesh,7-Upper Pr. and Secondary,10-State Govt.,6 To 10,3-Co-educational,1-Rural,Banaganapalle,Banaganapalle (Ct),,,BANAGANAPALLE NEAR R.T.C.BUS STAND BANAGANAPALLE(VILLAGE) BANAGANAPALLI(MANDAL) KURNOOL(DIST),518124,hmghsbpl3123[at]gmail[dot]com,https://kys.udiseplus.gov.in/#/schooldetail/4701314/12,4701314,11/05/2022 12:01,2367
******90699 Operational,,GOVT.H.S. FOR GIRLS NEAR RTC BUS STAND,,,,Andhra Pradesh,7-Upper Pr. and Secondary,10-State Govt.,6 To 10,2-Girls,2-Urban,NA,,Nandyal (M) - Ward No.3,Nandyal-Municipality,NEAR RTC BUS STAND NANDYAL NANDYAL (M)(VILLAGE) NANDYAL(MANDAL) KURNOOL(DIST),518501,chitthaa[at]gmail[dot]com,https://kys.udiseplus.gov.in/#/schooldetail/4700576/12,4700576,15/10/2020 12:18,2367
******00709 Operational,,GOVT.HS JUPADU BUNGLOW,,,,Andhra Pradesh,7-Upper Pr. and Secondary,10-State Govt.,6 To 10,3-Co-educational,1-Rural,Jupadu Bungalow,Bannur,,,JUPADU BUNGLOW JUPADU BUNGLOW BANNUR(VILLAGE) J-BANGLAW(MANDAL) KURNOOL(DIST),518401,hm.ghs.jbunglow[at]gmail[dot]com,https://kys.udiseplus.gov.in/#/schooldetail/4698725/12,4698725,21/06/2025 18:42,2367
******01423 Operational,,GOVT.HS KOIALKUNTLA,,,,Andhra Pradesh,7-Upper Pr. and Secondary,10-State Govt.,6 To 10,3-Co-educational,1-Rural,Koilakuntla,Koilkuntla,,,KOILKUNTLA(VILLAGE) KOILAKUNTLA(MANDAL) KURNOOL(DIST),518134,ghskkl[at]gmail[dot]com,https://kys.udiseplus.gov.in/#/schooldetail/4701188/12,4701188,23/12/2025 16:39,2367
******00937 Operational,,GOVT.HS NANDIKOTKUR,,,,Andhra Pradesh,7-Upper Pr. and Secondary,10-State Govt.,6 To 10,3-Co-educational,2-Urban,NA,,Nandikotkur Ward No. 10,Nandikotkur-Town Panchayat,NANDI KOTKUR COLLEGE ROAD NANDI KOTKUR(VILLAGE) NANDIKOTKUR(MANDAL) KURNOOL(DIST),518401,hmghsndk[at]gmail[dot]com,https://kys.udiseplus.gov.in/#/schooldetail/4698384/12,4698384,21/06/2025 19:18,2367
******00609 Operational,,GOVT.HS PANYAM,,,,Andhra Pradesh,7-Upper Pr. and Secondary,10-State Govt.,6 To 10,3-Co-educational,1-Rural,Panyam,Panyam,,,PANYAM PANYAM PANYAM(VILLAGE) PANYAM(MANDAL) KURNOOL(DIST),518112,HMGHSPANYAM[at]GMAIL[dot]COM,https://kys.udiseplus.gov.in/#/schooldetail/4700227/12,4700227,11/05/2022 10:30,2367
******01005 Operational,,GOVT.HS SANJAMALA,,,,Andhra Pradesh,7-Upper Pr. and Secondary,10-State Govt.,6 To 10,3-Co-educational,1-Rural,Sanjamala,Sanjamala,,,SANJAMALA SANJAMALA SANJAMALA(VILLAGE) SANJAMALA(MANDAL) KURNOOL(DIST),518165,ghsanjamala1005[at]gmail[dot]com,https://kys.udiseplus.gov.in/#/schooldetail/4700246/12,4700246,23/12/2025 14:55,2367
******90911 Operational,,GOVT HS SRISAILAM PROJECT,,,,Andhra Pradesh,7-Upper Pr. and Secondary,10-State Govt.,6 To 10,3-Co-educational,1-Rural,Srisailam,NA,,,NEAR RTC BUSTAND SUNDIPETAI(VILLAGE) SRISAILAM(MANDAL) KURNOOL(DIST),518102,gphsknl167[at]gmail[dot]com,https://kys.udiseplus.gov.in/#/schooldetail/4698625/12,4698625,26/06/2025 10:22,2367
******91549 Operational,,GOVT JUNIOR COLLEGE URDU NANDYAL,,,,Andhra Pradesh,11-Higher Secondary only/Jr. College,10-State Govt.,11 To 12,3-Co-educational,2-Urban,NA,,Nandyal (M) - Ward No.14,Nandyal-Municipality,OPPSIT MUBAR FONCTION HALL TEKKE NANDYAL,518501,principal.gjcurdu.nandyal[at]Gmail[dot]com,https://kys.udiseplus.gov.in/#/schooldetail/4717471/12,4717471,01/08/2022 17:45,2367
******00408 Operational,,GOVT. PC HS CEMENT NAGAR,,,,Andhra Pradesh,7-Upper Pr. and Secondary,10-State Govt.,6 To 10,3-Co-educational,1-Rural,Bethamcherla,Bugganipalle,,,"CEMENT NAGAR , BUGGANIPALLE(VILLAGE) BETHAMCHERLA(MANDAL) KURNOOL(DIST)",518206,pchighschool2015[at]gmail[dot]com,https://kys.udiseplus.gov.in/#/schooldetail/4700134/12,4700134,27/12/2025 12:47,2367
******00404 Operational,,GOVT PC PRIMARY SCHOOL CEMENT NAGAR,,,,Andhra Pradesh,1-Primary,10-State Govt.,1 To 5,3-Co-educational,1-Rural,Bethamcherla,Bugganipalle,,,"CEMENT NAGAR ,BUGGANIPALLE(VILLAGE) BETHAMCHERLA(MANDAL) KURNOOL(DIST)",518206,pcaemschool[at]gmail[dot]com,https://kys.udiseplus.gov.in/#/schooldetail/4700133/12,4700133,27/12/2025 11:39,2367
******90303 Operational,,"Govt. PC TM Pri. School, Cement Nagar",,,,Andhra Pradesh,1-Primary,10-State Govt.,1 To 5,3-Co-educational,1-Rural,Bethamcherla,Bugganipalle,,,CEMENT NAGAR BUGGANIPALLE BUGGAANIPALLE(VILLAGE) BETHAMCHERLA(MANDAL) KURNOOL(DIST),518206,pcaemschool[at]gmail[dot]com,https://kys.udiseplus.gov.in/#/schooldetail/4700199/12,4700199,26/07/2024 10:20,2367
******01201 Operational,,GOVT.PS BAIRLUTY GUDEM,,,,Andhra Pradesh,1-Primary,10-State Govt.,1 To 5,3-Co-educational,1-Rural,Atmakur,Bairlutygudem,,,BAIRLUTY GUDEM ATMAKUR KURNOOL,518422,jangitisekhar[at]gmail[dot]com,https://kys.udiseplus.gov.in/#/schooldetail/4698597/12,4698597,15/10/2020 12:18,2367
******90302 Operational,,GOVT.PS B.THANDA,,,,Andhra Pradesh,1-Primary,10-State Govt.,1 To 5,3-Co-educational,1-Rural,Bethamcherla,Bugganipalle,,,BUGGANIPALLE THANDA BUGGANIPALLE BUGGAANIPALLE(VILLAGE) BETHAMCHERLA(MANDAL) KURNOOL(DIST),518206,susi817969[at]gmail[dot]com,https://kys.udiseplus.gov.in/#/schooldetail/4700198/12,4700198,27/12/2025 11:38,2367
******90909 Operational,,GOVTPS CENTRAL LOCALITY,,,,Andhra Pradesh,1-Primary,10-State Govt.,1 To 5,3-Co-educational,1-Rural,Srisailam,NA,,,OPPOSIT APGB BANK CENTRAL LOCALITY SUNDIPENTA(VILLAGE) SRISAILAM(MANDAL) NANDYAL(DIST),518102,govtprimaryschoolcl[at]gmail[dot]com,https://kys.udiseplus.gov.in/#/schooldetail/4698623/12,4698623,20/09/2024 22:30,2367
******01531 Permanently Closed,,GOVT.PS CHENCU COLONY,,,,Andhra Pradesh,1-Primary,31-GOVT TW DEPT.PRIMARY SCHOOLS,1 To 5,3-Co-educational,1-Rural,Chagalamarri,Chagalamarri,,,NA,518553,,https://kys.udiseplus.gov.in/#/schooldetail/4717490/12,4717490,15/10/2020 12:18,2367
******01704 Operational,,GOVT.PS C.R.P.THANDA,,,,Andhra Pradesh,1-Primary,10-State Govt.,1 To 5,3-Co-educational,1-Rural,Banaganapalle,Pasupula,,,CHINNARAJUPALEM THANDA PASUPULA PASUPULA(VILLAGE) BANAGANAPALLI(MANDAL) KURNOOL(DIST),518220,raju9550485148[at]gmail[dot]com,https://kys.udiseplus.gov.in/#/schooldetail/4701264/12,4701264,11/05/2022 11:38,2367
******90601 Operational,,GOVT.PS FAROOQ NAGAR,,,,Andhra Pradesh,1-Primary,10-State Govt.,1 To 5,3-Co-educational,2-Urban,NA,,Nandyal (M) - Ward No.21,Nandyal-Municipality,FAROOQNAGAR NANDYAL NANDYAL (M)(VILLAGE) NANDYAL(MANDAL) KURNOOL(DIST),518501,,https://kys.udiseplus.gov.in/#/schooldetail/4700492/12,4700492,15/10/2020 12:18,2367
******00602 Operational,,GOVT.PS INCOLONY,,,,Andhra Pradesh,1-Primary,10-State Govt.,1 To 5,3-Co-educational,1-Rural,Panyam,Panyam,,,PANYAM INDIRA NAGAR COLONY PANYAM(VILLAGE) PANYAM(MANDAL) KURNOOL(DIST),518112,-sreenivasulugolla73[at]gmail[dot]com,https://kys.udiseplus.gov.in/#/schooldetail/4700220/12,4700220,11/05/2022 10:28,2367
******00402 Operational,,GOVT. PS INDIRESWARAM,,,,Andhra Pradesh,1-Primary,31-GOVT TW DEPT.PRIMARY SCHOOLS,1 To 5,3-Co-educational,1-Rural,Atmakur,Indireswaram,,,INDIRESWARAM INDIRESWARAM INDIRESWARAM(VILLAGE) ATMAKUR(MANDAL) KURNOOL(DIST),518422,meo.atmakur[at]gmail[dot]com,https://kys.udiseplus.gov.in/#/schooldetail/4698574/12,4698574,12/03/2024 10:49,2367
******90904 Permanently Closed,,GOVTPS(ITDA) M.BANDA,,,,Andhra Pradesh,1-Primary,31-GOVT TW DEPT.PRIMARY SCHOOLS,1 To 5,3-Co-educational,1-Rural,NA,NA,,,NA,518101,,https://kys.udiseplus.gov.in/#/schooldetail/4717369/12,4717369,15/10/2020 12:18,2367
******00818 Operational,,GOVT PS (ITDA) NEMALAKUN,,,,Andhra Pradesh,1-Primary,31-GOVT TW DEPT.PRIMARY SCHOOLS,1 To 2,3-Co-educational,1-Rural,Bandi Atmakur,Gali Chennaiah Palem,,,G.C.H.PALEM BANDI ATMAKUR BANDI ATMAKUR(VILLAGE) BANDIATMAKUR(MANDAL) KURNOOL(DIST),518523,shivachandra283[at]gmail[dot]com,https://kys.udiseplus.gov.in/#/schooldetail/4700357/12,4700357,08/05/2022 11:20,2367
******00506 Operational,,GOVT.PS JAMMINAGAR,,,,Andhra Pradesh,1-Primary,10-State Govt.,1 To 5,3-Co-educational,1-Rural,Velugodu,Velgode,,,JAMMINAGAR VELGODE VELGODE(VILLAGE) VELUGODU(MANDAL) KURNOOL(DIST),518533,govtpsjn506[at]gmail[dot]com,https://kys.udiseplus.gov.in/#/schooldetail/4698645/12,4698645,11/03/2024 19:57,2367
******01603 Operational,,GOVT.PS KADIRIPURAM,,,,Andhra Pradesh,1-Primary,10-State Govt.,1 To 5,3-Co-educational,1-Rural,Chagalamarri,Settiveedu,,,Govt PS KADIRIPURAM SETTIVEEDU(VILLAGE) CHAGALAMARRI(MANDAL) KURNOOL(DIST),518553,govtpskpthanda[at]gmail[dot]com,https://kys.udiseplus.gov.in/#/schooldetail/4701030/12,4701030,12/03/2024 11:16,2367
******00604 Operational,,GOVT.PS K.METTA,,,,Andhra Pradesh,1-Primary,10-State Govt.,1 To 5,3-Co-educational,1-Rural,Panyam,Panyam,,,KOLLAMAKULAMETTA PANYAM PANYAM(VILLAGE) PANYAM(MANDAL) KURNOOL(DIST),518112,lathadoddareddy[at]gmail[dot]com,https://kys.udiseplus.gov.in/#/schooldetail/4700222/12,4700222,11/05/2022 10:28,2367
******90801 Operational,,"GOVT.PS LABOUR COLONY, SUNNIPENTA",,,,Andhra Pradesh,1-Primary,10-State Govt.,1 To 5,3-Co-educational,1-Rural,Srisailam,NA,,,LABOUR COLONY SUNNIPENTA (VILLAGE) SRISAILAM(MANDAL) KURNOOL(DIST),518102,govtpslc[at]gmail[dot]com,https://kys.udiseplus.gov.in/#/schooldetail/4698602/12,4698602,15/10/2020 12:18,2367
******00902 Operational,,GOVT.PS RUDRAKODUR GUDEM,,,,Andhra Pradesh,1-Primary,31-GOVT TW DEPT.PRIMARY SCHOOLS,1 To 5,3-Co-educational,1-Rural,Atmakur,Nallakalva,,,RUDRAKODUR GUDEM RUDRAKODUR GUDEM NALLAKALVA(VILLAGE) ATMAKUR(MANDAL) KURNOOL(DIST),518422,honeypulicherla9[at]gmail[dot]com,https://kys.udiseplus.gov.in/#/schooldetail/4698589/12,4698589,22/07/2024 12:54,2367
******90603 Operational,,GOVT.PS SALEEM NAGAR,,,,Andhra Pradesh,1-Primary,10-State Govt.,1 To 5,3-Co-educational,2-Urban,NA,,Nandyal (M) - Ward No.25,Nandyal-Municipality,SALEEM NAGAR NANDYAL NANDYAL (M)(VILLAGE) NANDYAL(MANDAL) KURNOOL(DIST),518501,meo.nandyal34[at]gmail[dot]com,https://kys.udiseplus.gov.in/#/schooldetail/4700494/12,4700494,15/10/2020 12:18,2367
******90602 Operational,,GOVT.PS SBI COLONY,,,,Andhra Pradesh,1-Primary,10-State Govt.,1 To 5,3-Co-educational,2-Urban,NA,,Nandyal (M) - Ward No.29,Nandyal-Municipality,SBI COLONY NANDYAL NANDYAL (M)(VILLAGE) NANDYAL(MANDAL) KURNOOL(DIST),518501,nsrreddy162[at]gmail[dot]com,https://kys.udiseplus.gov.in/#/schooldetail/4700493/12,4700493,15/10/2020 12:18,2367
******00601 Operational,,GOVT.PS SIDDAPURAM,,,,Andhra Pradesh,1-Primary,11-State Govt.(DNT),1 To 5,3-Co-educational,1-Rural,Atmakur,Siddapuram,,,SIDDAPURAM SIDDAPURAM SIDDAPURAM(VILLAGE) ATMAKUR(MANDAL) KURNOOL(DIST),518422,janardan.ysys[at]gmail[dot]com,https://kys.udiseplus.gov.in/#/schooldetail/4698582/12,4698582,15/10/2020 12:18,2367
******01301 Operational,,GOVT.PS S.THANDA,,,,Andhra Pradesh,1-Primary,10-State Govt.,1 To 5,3-Co-educational,1-Rural,Atmakur,Siddapuram,,,SANJEEVANAGAR THANDA BAIRLOOTY SANJEEVANAGAR THANDA(VILLAGE) ATMAKUR(MANDAL) KURNOOL(DIST),518422,chandunaik40594[at]gmail[dot]com,https://kys.udiseplus.gov.in/#/schooldetail/4698600/12,4698600,15/10/2020 12:18,2367
******90902 Operational,,GOVT.PS(ST) MEKALABANDA,,,,Andhra Pradesh,1-Primary,10-State Govt.,1 To 5,3-Co-educational,1-Rural,Srisailam,NA,,,MEKALA BANDA CHENCHU COLONY SRISAILAM(VILLAGE) SRISAILAM(MANDAL) KURNOOL(DIST),518101,,https://kys.udiseplus.gov.in/#/schooldetail/4698617/12,4698617,11/03/2024 20:18,2367
******00705 Closed,Closed,GOVT.PS (T.W) Gajulapalli RS,,,,Andhra Pradesh,1-Primary,31-GOVT TW DEPT.PRIMARY SCHOOLS,1 To 5,3-Co-educational,1-Rural,Mahanandi,Gopavaram,,,GAJULAPALLE (R.S) GOPAVARAM GOPAVARAM(VILLAGE) MAHANANDI(MANDAL) KURNOOL(DIST),518583,,https://kys.udiseplus.gov.in/#/schooldetail/4700712/12,4700712,29/10/2025 16:37,2367
******00506 Permanently Closed,,GOVT.PS(TW) MUSALIMADUGU,,,,Andhra Pradesh,1-Primary,31-GOVT TW DEPT.PRIMARY SCHOOLS,1 To 5,3-Co-educational,1-Rural,Kothapalle,Musalimadugu,,,NA,518422,,https://kys.udiseplus.gov.in/#/schooldetail/4717354/12,4717354,15/10/2020 12:18,2367
******01401 Operational,,GOVT.PS (T.W) N GUDEM,,,,Andhra Pradesh,1-Primary,31-GOVT TW DEPT.PRIMARY SCHOOLS,1 To 5,3-Co-educational,1-Rural,Atmakur,Nagalooty Gudum,,,NAGALOOTY GUDEM NAGALOOTY GUDEM NAGALOOTY GUDEM(VILLAGE) ATMAKUR(MANDAL) KURNOOL(DIST),518422,laxmivulavala759[at]gmail[dot]com,https://kys.udiseplus.gov.in/#/schooldetail/4697550/12,4697550,12/03/2024 10:52,2367
******00508 Operational,,GOVT PS (TW) NR KUNTA,,,,Andhra Pradesh,1-Primary,31-GOVT TW DEPT.PRIMARY SCHOOLS,1 To 5,3-Co-educational,1-Rural,Bandi Atmakur,Narayanapuram,,,NARAPUREDDYKUNTA NARAYANAPRUAM NARAYANAPURAM(VILLAGE) BANDIATMAKUR(MANDAL) KURNOOL(DIST),518533,knagaraju254[at]gmail[dot]com,https://kys.udiseplus.gov.in/#/schooldetail/4700336/12,4700336,13/05/2022 14:09,2367
******00204 Operational,,GOVT.PS (T.W) P CHERUVU,,,,Andhra Pradesh,1-Primary,31-GOVT TW DEPT.PRIMARY SCHOOLS,1 To 5,3-Co-educational,1-Rural,Atmakur,Kurukunda,,,PCHERUVU KURUKUNDA KURUKUNDA(VILLAGE) ATMAKUR(MANDAL) KURNOOL(DIST),518422,nagarjuna7471[at]gmail[dot]com,https://kys.udiseplus.gov.in/#/schooldetail/4698564/12,4698564,15/10/2020 12:18,2367
******00524 Operational,,GOVT.PS (T.W) VELGODE,,,,Andhra Pradesh,1-Primary,31-GOVT TW DEPT.PRIMARY SCHOOLS,1 To 5,3-Co-educational,1-Rural,Velugodu,Velgode,,,VIJAYA DURGA CHENCHU COLONY VELGODE VELGODE(VILLAGE) VELUGODU(MANDAL) KURNOOL(DIST),518533,gpstwvelugodu[at]gmail[dot]com,https://kys.udiseplus.gov.in/#/schooldetail/4698660/12,4698660,15/10/2020 12:18,2367
******01403 Operational,,GOVT PS (TW) YEDURUPADU KOTHAPALLI(M),,,,Andhra Pradesh,1-Primary,31-GOVT TW DEPT.PRIMARY SCHOOLS,1 To 5,3-Co-educational,1-Rural,Kothapalle,Edurupadu,,,EDURUPADU GUDEM EDURUPADU VILLAGE KOTHAPALLI MANDAL KURNOOL DISTRICT,518422,Lakshmamma94415[at]gmail[dot]com,https://kys.udiseplus.gov.in/#/schooldetail/4697448/12,4697448,07/05/2022 20:16,2367
******00907 Operational,,GOVT.PS VEMPENTA,,,,Andhra Pradesh,1-Primary,31-GOVT TW DEPT.PRIMARY SCHOOLS,1 To 5,3-Co-educational,1-Rural,Pamulapadu,Vempenta,,,VEMPENTA VEMPENTA VEMPENTA(VILLAGE) PAMULAPADU(MANDAL) KURNOOL(DIST),518533,yellaraghava949[at]gmail[dot]com,https://kys.udiseplus.gov.in/#/schooldetail/4698704/12,4698704,11/05/2022 16:33,2367
******90604 Operational,,GOVT.PS VISWANAGAR,,,,Andhra Pradesh,1-Primary,10-State Govt.,1 To 5,3-Co-educational,2-Urban,NA,,Nandyal (M) - Ward No.28,Nandyal-Municipality,VISWANAGAR NANDYAL NANDYAL (M)(VILLAGE) NANDYAL(MANDAL) KURNOOL(DIST),518502,meo.nandyal34[at]gmail[dot]com,https://kys.udiseplus.gov.in/#/schooldetail/4700495/12,4700495,12/03/2024 12:05,2367
******00402 Operational,,GOVT.PS(WC) SUNNIPENTA,,,,Andhra Pradesh,1-Primary,10-State Govt.,1 To 5,3-Co-educational,1-Rural,Srisailam,NA,,,WESTERN COLONY SUNDIPENTA(VILLAGE) SRISAILAM(MANDAL) KURNOOL(DIST),518102,govtpswc[at]gmail[dot]com,https://kys.udiseplus.gov.in/#/schooldetail/4697554/12,4697554,15/10/2020 12:18,2367
******00904 Operational,,GOVT.ST ASHARAM P.CHERUVU,,,,Andhra Pradesh,6-Pr. Up Pr. and Secondary Only,29-TW DEPT. ASHRAM SCHOOLS,1 To 10,3-Co-educational,1-Rural,Kothapalle,Guvvalakunta,,,PALEMCHERUVU GUVVALAKUNTLA(VILLAGE) KOTAPALLI(MANDAL) KURNOOL(DIST),518422,kunchamdebora[at]gmail[dot]com,https://kys.udiseplus.gov.in/#/schooldetail/4698495/12,4698495,07/05/2022 20:37,2367
******00603 Operational,,GOVT ST ASHRAM HS,,,,Andhra Pradesh,6-Pr. Up Pr. and Secondary Only,29-TW DEPT. ASHRAM SCHOOLS,1 To 10,2-Girls,1-Rural,Panyam,Panyam,,,PANYAM INDIRA NAGAR COLONY PANYAM(VILLAGE) PANYAM(MANDAL) KURNOOL(DIST),518112,panyamashramschool1983[at]gmail[dot]com,https://kys.udiseplus.gov.in/#/schooldetail/4700221/12,4700221,11/05/2022 10:28,2367
******00704 Operational,,GOVT.ST ASHRAM S.GUDEM,,,,Andhra Pradesh,6-Pr. Up Pr. and Secondary Only,29-TW DEPT. ASHRAM SCHOOLS,1 To 10,3-Co-educational,1-Rural,Kothapalle,Sivapuram,,,SIVAPURAM GUDEM SIVAPURAM GUDEM SIVAPURAM(VILLAGE) KOTAPALLI(MANDAL) KURNOOL(DIST),518422,,https://kys.udiseplus.gov.in/#/schooldetail/4698482/12,4698482,07/05/2022 20:30,2367
******01203 Operational,,GOVT.STHS(ASHRAM) ALEBAD THANDA,,,,Andhra Pradesh,6-Pr. Up Pr. and Secondary Only,29-TW DEPT. ASHRAM SCHOOLS,1 To 10,3-Co-educational,1-Rural,Peapully,Munimadugu,,,ALEBAD THANDA VILLAGE) PEAPULLY(MANDAL) KURNOOL(DIST),518221,hmalebadthanda1203[at]gmail[dot]com,https://kys.udiseplus.gov.in/#/schooldetail/4701588/12,4701588,15/10/2020 12:18,2367
******00611 Permanently Closed,,GOVT.STPS DHONE,,,,Andhra Pradesh,1-Primary,10-State Govt.,1 To 5,3-Co-educational,2-Urban,NA,,Dhone Ward No. 1,Dhone(M)-Municipality,NA,518222,,https://kys.udiseplus.gov.in/#/schooldetail/4717521/12,4717521,15/10/2020 12:18,2367
******00403 Operational,,GOVT. STPS L.K.THANDA,,,,Andhra Pradesh,1-Primary,10-State Govt.,1 To 5,3-Co-educational,1-Rural,Gadivemula,Chennakkapalle,,,L K THANDA LK THANDA(VILLAGE) GADIVEMULA(MANDAL) KURNOOL(DIST),518010,schoolsgadivemula[at]gmail[dot]com,https://kys.udiseplus.gov.in/#/schooldetail/4700290/12,4700290,11/03/2024 19:00,2367
******00605 Operational,,GOVT.STPS P GUMMADAPURAM,,,,Andhra Pradesh,1-Primary,31-GOVT TW DEPT.PRIMARY SCHOOLS,1 To 5,3-Co-educational,1-Rural,Kothapalle,P Gummadapuram,,,P GUMMADAPURAM GUMMADAPURAM(VILLAGE) KOTAPALLI(MANDAL) KURNOOL(DIST),518422,mvenkata.2408[at]gmail[dot]com,https://kys.udiseplus.gov.in/#/schooldetail/4698479/12,4698479,07/05/2022 20:28,2367
******00204 Operational,,GOVT.STPS SIDDHESWARAM,,,,Andhra Pradesh,1-Primary,31-GOVT TW DEPT.PRIMARY SCHOOLS,1 To 5,3-Co-educational,1-Rural,Kothapalle,Siddheswaram,,,JANALA GUDEM SIDDHESWARAM SIDDHESWARAM(VILLAGE) KOTAPALLI(MANDAL) KURNOOL(DIST),518422,,https://kys.udiseplus.gov.in/#/schooldetail/4697411/12,4697411,12/03/2024 11:39,2367
******00207 Operational,,GOVT.TW ASHRAMA HIGH SCHOOL KOTTALA CHERUVU,,,,Andhra Pradesh,6-Pr. Up Pr. and Secondary Only,29-TW DEPT. ASHRAM SCHOOLS,1 To 10,3-Co-educational,1-Rural,Atmakur,Kurukunda,,,KURUKUNDA GUVVAKUNTLA KURUKUNDA(VILLAGE) ATMAKUR(MANDAL) KURNOOL(DIST),518422,bandaambamma[at]gmail[dot]com,https://kys.udiseplus.gov.in/#/schooldetail/4698566/12,4698566,07/10/2025 17:33,2367
******01502 Operational,,GOVT.TW ASHRAM HIGH SCHOOL AHOBILAM,,,,Andhra Pradesh,6-Pr. Up Pr. and Secondary Only,29-TW DEPT. ASHRAM SCHOOLS,1 To 10,3-Co-educational,1-Rural,Allagadda,Ahobilam,,,AHOBILAM AHOBILAM AHOBILAM(VILLAGE) ALLAGADDA(MANDAL) KURNOOL(DIST),518543,ahobilamashramschool[at]gmail[dot]com,https://kys.udiseplus.gov.in/#/schooldetail/4700952/12,4700952,18/09/2024 17:08,2367
******00304 Operational,,GOVT.TW ASHRAM HIGH SCHOOL MAHAANDI,,,,Andhra Pradesh,6-Pr. Up Pr. and Secondary Only,29-TW DEPT. ASHRAM SCHOOLS,1 To 10,3-Co-educational,1-Rural,Mahanandi,Thimmapuram,,,MAHANANDI THIMMAPURAM THIMMAPURAM(VILLAGE) MAHANANDI(MANDAL) KURNOOL(DIST),518502,mahanandindl[at]gmail[dot]com,https://kys.udiseplus.gov.in/#/schooldetail/4700694/12,4700694,15/10/2020 12:18,2367
******00166 Operational,,GOWTHAM E.M.HIGH SCHOOL,,,,Andhra Pradesh,1-Primary,38-Pvt.Unaided,1 To 5,3-Co-educational,2-Urban,NA,,Atmakurknl Ward No. 8,Atmakur (Kurnool)-Municipality,near chakram hotel atmakur,518422,sreenivasuluguntha1981[at]gmail[dot]com,https://kys.udiseplus.gov.in/#/schooldetail/4698553/12,4698553,16/06/2023 15:21,2367
******00168 Operational,,GOWTHAM EM HS ATMAKUR,,,,Andhra Pradesh,7-Upper Pr. and Secondary,38-Pvt.Unaided,6 To 10,3-Co-educational,2-Urban,NA,,Atmakurknl Ward No. 8,Atmakur (Kurnool)-Municipality,"Saibaba nagar,Atmakur.",518422,sreenivasuluguntha1981[at]gmail[dot]com,https://kys.udiseplus.gov.in/#/schooldetail/4698555/12,4698555,15/12/2023 11:00,2367
******00698 Closed,Closed,GOWTHAM HIGH SCHOOL DHONE,,,,Andhra Pradesh,7-Upper Pr. and Secondary,38-Pvt.Unaided,6 To 10,3-Co-educational,2-Urban,NA,,Dhone Ward No. 20,Dhone(M)-Municipality,NEAR KOTLAVARI PALLI DHONE,518222,,https://kys.udiseplus.gov.in/#/schooldetail/4701699/12,4701699,15/10/2020 12:18,2367
******00967 Closed,Closed,GOWTHAM MODEL HIGH SCHOOL ALLAGADDA,,,,Andhra Pradesh,7-Upper Pr. and Secondary,38-Pvt.Unaided,6 To 10,3-Co-educational,2-Urban,NA,,Allagadda Ward no. 17,Allagadda-Town Panchayat,"NEAR OLD BUSTAND,NEAR BBR INDOOR STADIUM ALLAGADDA",518543,prasanthichaduvula2[at]gmail[dot]com,https://kys.udiseplus.gov.in/#/schooldetail/4700924/12,4700924,06/11/2025 14:57,2367
******00960 Closed,Closed,GOWTHAM MODEL PS ALLAGADDA,,,,Andhra Pradesh,1-Primary,38-Pvt.Unaided,1 To 5,3-Co-educational,2-Urban,NA,,Allagadda Ward no. 17,Allagadda-Town Panchayat,"NEAR BBR INDOOR STADIUM, ALLAGADDA(MANDAL) KURNOOL(DIST)",518543,prasanthichaduvula2[at]gmail[dot]com,https://kys.udiseplus.gov.in/#/schooldetail/4700918/12,4700918,06/11/2025 14:57,2367
******00697 Closed,Closed,GOWTHAM PS DHONE,,,,Andhra Pradesh,1-Primary,38-Pvt.Unaided,1 To 5,3-Co-educational,2-Urban,NA,,Dhone Ward No. 20,Dhone(M)-Municipality,KOTLAVARI PALLI DHONE,518222,,https://kys.udiseplus.gov.in/#/schooldetail/4701698/12,4701698,10/05/2022 17:47,2367
******00508 Operational,,GPS TW AMALAPURAM GUDEM,,,,Andhra Pradesh,1-Primary,31-GOVT TW DEPT.PRIMARY SCHOOLS,1 To 5,3-Co-educational,1-Rural,Atmakur,Pinnapuram,,,AMALAPURAM GUDEM,518422,knagaraju254[at]gmail[dot]com,https://kys.udiseplus.gov.in/#/schooldetail/4698581/12,4698581,24/06/2021 21:15,2367
******00151 Operational,,G.PULLA REDDY E.M SCHOOL,,,,Andhra Pradesh,2-Primary with Upper Primary,38-Pvt.Unaided,1 To 8,3-Co-educational,2-Urban,NA,,Atmakurknl Ward No. 20,Atmakur (Kurnool)-Municipality,ATMAKUR ATMAKUR ATMAKUR(VILLAGE) ATMAKUR(MANDAL) KURNOOL(DIST),518422,gpremschool[at]gmail[dot]com,https://kys.udiseplus.gov.in/#/schooldetail/4698539/12,4698539,14/07/2025 11:08,2367
******90240 Operational,,GRACE EM HIGH SCHOOL BETHAMCHERLA,,,,Andhra Pradesh,7-Upper Pr. and Secondary,38-Pvt.Unaided,6 To 10,3-Co-educational,2-Urban,NA,,Election Ward No.3,BETHAMCHERLA-Town Panchayat,"BETHAMCHERLA NEAR SBI MAIN ROAD ,BETHAMCHERLA(VILLAGE) BETHAMCHERLA(MANDAL) KURNOOL DIST PIN 518599",518599,,https://kys.udiseplus.gov.in/#/schooldetail/4720139/12,4720139,11/04/2023 16:04,2367
******90210 Operational,,GRACE E/M S BETHAMC,,,,Andhra Pradesh,2-Primary with Upper Primary,38-Pvt.Unaided,1 To 7,3-Co-educational,2-Urban,NA,,Election Ward No.4,BETHAMCHERLA-Town Panchayat,"BETHAMCHERLA NEAR SBI MAIN ROAD ,BETHAMCHERLA(VILLAGE) BETHAMCHERLA(MANDAL) KURNOOL(DIST)",518599,Graceschool1312[at]gmail[dot]com,https://kys.udiseplus.gov.in/#/schooldetail/4700178/12,4700178,16/06/2023 15:21,2367
******01009 Permanently Closed,,G.V.SIVA REDDY EM UP SCHOOL UNGARANIGUNDLA,,,,Andhra Pradesh,2-Primary with Upper Primary,38-Pvt.Unaided,1 To 7,3-Co-educational,1-Rural,Dhone Alias Dronachalam,Ungaranigundla,,,NA,518222,,https://kys.udiseplus.gov.in/#/schooldetail/4717528/12,4717528,15/10/2020 12:18,2367
******01405 Operational,,HERALDS OF GOOD NEWS EM HS DRVESI GADIVEMULA,,,,Andhra Pradesh,7-Upper Pr. and Secondary,38-Pvt.Unaided,6 To 10,3-Co-educational,1-Rural,Gadivemula,Durvesi,,,DURVESI GADIVEMULA 518511,518511,,https://kys.udiseplus.gov.in/#/schooldetail/4719602/12,4719602,12/12/2023 11:08,2367
******01415 Permanently Closed,,HERALDS OF GOOD NEWS EM HS DURVESI GADIVEMULA,,,,Andhra Pradesh,7-Upper Pr. and Secondary,38-Pvt.Unaided,6 To 10,3-Co-educational,1-Rural,Gadivemula,Durvesi,,,NA,518511,,https://kys.udiseplus.gov.in/#/schooldetail/4717438/12,4717438,15/10/2020 12:18,2367
******01404 Operational,,HERALDS OF GOOD NEWS EM SCHOOL DURVESI,,,,Andhra Pradesh,1-Primary,38-Pvt.Unaided,1 To 5,3-Co-educational,1-Rural,Gadivemula,Durvesi,,,DURVESI 518511,518511,gheraldof99[at]gmail[dot]com,https://kys.udiseplus.gov.in/#/schooldetail/4700322/12,4700322,22/07/2024 15:50,2367
******90638 Operational,,HINDU AIDED PETA COMMITTE 12TH WARD,,,,Andhra Pradesh,1-Primary,35-Pvt.Aided,1 To 5,3-Co-educational,2-Urban,NA,,Nandyal (M) - Ward No.12,Nandyal-Municipality,12th WARD NANDYAL NANDYAL (M)(VILLAGE) NANDYAL(MANDAL) KURNOOL(DIST),518501,meo.nandyal34[at]gmail[dot]com,https://kys.udiseplus.gov.in/#/schooldetail/4700528/12,4700528,12/03/2024 11:21,2367
******90657 Operational,,HINDU AIDED UP SCHOOL MOOLASAGARAM,,,,Andhra Pradesh,2-Primary with Upper Primary,35-Pvt.Aided,1 To 7,3-Co-educational,2-Urban,NA,,Nandyal (M) - Ward No.30,Nandyal-Municipality,MOOLASAGARAM NANDYAL NANDYAL (M)(VILLAGE) NANDYAL(MANDAL) KURNOOL(DIST),518502,hinduaidedupscl[at]gmail[dot]com,https://kys.udiseplus.gov.in/#/schooldetail/4700541/12,4700541,12/03/2024 11:53,2367
******91550 Closed,Closed,HINDU UNAIDED HS MOOLASAGARAM NANDYAL,,,,Andhra Pradesh,7-Upper Pr. and Secondary,38-Pvt.Unaided,6 To 10,3-Co-educational,2-Urban,NA,,Nandyal (M) - Ward No.30,Nandyal-Municipality,TEKKE NANDYAL,518502,,https://kys.udiseplus.gov.in/#/schooldetail/4719611/12,4719611,06/02/2023 13:05,2367
******90639 Operational,,HOLY CROSS AIDED ELE SCHOOL GHANPURAM,,,,Andhra Pradesh,1-Primary,35-Pvt.Aided,1 To 5,3-Co-educational,2-Urban,NA,,MOOLASAGARAM(RURAL) Ward No.33,Nandyal-Municipality,GHANAPURAM RLY STATION ROAD NANDYAL NANDYAL (M)(VILLAGE) NANDYAL(MANDAL) KURNOOL(DIST),518502,pothulurug[at]gmail[dot]com,https://kys.udiseplus.gov.in/#/schooldetail/4700529/12,4700529,12/03/2024 11:22,2367
******91410 Operational,,HOLY CROSS H.S 32ND WARD,,,,Andhra Pradesh,7-Upper Pr. and Secondary,35-Pvt.Aided,6 To 10,3-Co-educational,2-Urban,NA,,MOOLASAGARAM(RURAL) Ward No.33,Nandyal-Municipality,32nd WARD NANDYAL NANDYAL (M)-2(VILLAGE) NANDYAL(MANDAL) KURNOOL(DIST),518502,meo.nandyal34[at]gmail[dot]com,https://kys.udiseplus.gov.in/#/schooldetail/4700585/12,4700585,15/10/2020 12:18,2367
******01004 Operational,,HPM AIDED HS PADAKANDLA,,,,Andhra Pradesh,7-Upper Pr. and Secondary,35-Pvt.Aided,6 To 10,3-Co-educational,2-Urban,NA,,Allagadda Ward no. 3,Allagadda-Town Panchayat,PADAKANDLA PADAKANDLA PADAKANDLA(VILLAGE) ALLAGADDA(MANDAL) KURNOOL(DIST),518543,hpmschoolpadakandla[at]gmail[dot]com,https://kys.udiseplus.gov.in/#/schooldetail/4700943/12,4700943,26/12/2025 10:16,2367
******91494 Operational,,ICON E-LEARNING E/M HIGH SCHOOL NANDYAL,,,,Andhra Pradesh,7-Upper Pr. and Secondary,38-Pvt.Unaided,6 To 10,3-Co-educational,2-Urban,NA,,MOOLASAGARAM(RURAL) Ward No.33,Nandyal-Municipality,1 R S ROAD NANDYAL,518502,iconschool2025[at]gmail[dot]com,https://kys.udiseplus.gov.in/#/schooldetail/4700647/12,4700647,15/10/2020 12:18,2367
******91453 Operational,,ICON E LEARNING SCHOOL NANDYAL,,,,Andhra Pradesh,1-Primary,38-Pvt.Unaided,1 To 5,3-Co-educational,2-Urban,NA,,MOOLASAGARAM(RURAL) Ward No.33,Nandyal-Municipality,NANDYAL NANDYAL NANDYAL NANDYAL MANDAL KURNOOL DIST,518502,iconschool2025[at]gmail[dot]com,https://kys.udiseplus.gov.in/#/schooldetail/4700619/12,4700619,16/06/2023 15:21,2367
******00983 Operational,,IDS EM TM HIGH SCHOOL ALLAGADDA,,,,Andhra Pradesh,7-Upper Pr. and Secondary,38-Pvt.Unaided,6 To 10,3-Co-educational,2-Urban,NA,,Allagadda Ward no. 17,Allagadda-Town Panchayat,KANDUKURU ROAD ALLAGADDA,518543,idsalg2012[at]gmail[dot]com,https://kys.udiseplus.gov.in/#/schooldetail/4700937/12,4700937,25/06/2021 10:41,2367
******00984 Operational,,IDS EM TM PRIMARY SCHOOL ALLAGADDA,,,,Andhra Pradesh,1-Primary,38-Pvt.Unaided,1 To 5,3-Co-educational,2-Urban,NA,,Allagadda Ward no. 17,Allagadda-Town Panchayat,KANDUKURU ROAD ALLAGADDA,518543,idsschoolallagadda[at]gmail[dot]com,https://kys.udiseplus.gov.in/#/schooldetail/4700938/12,4700938,21/04/2023 15:31,2367
******00959 Operational,,INDIAN EM PS SCHOOL ALLAGADDA,,,,Andhra Pradesh,1-Primary,38-Pvt.Unaided,1 To 5,3-Co-educational,2-Urban,NA,,Allagadda Ward no. 7,Allagadda-Town Panchayat,ALLAGADDA ALLAGADDA ALLAGADDA(VILLAGE) ALLAGADDA(MANDAL) KURNOOL(DIST),518543,indianglobalschool2019[at]gmail[dot]com,https://kys.udiseplus.gov.in/#/schooldetail/4700917/12,4700917,26/12/2025 17:00,2367
******00974 Operational,,INDIAN TM EM HIGH SCHOOL ALLAGADDA,,,,Andhra Pradesh,7-Upper Pr. and Secondary,38-Pvt.Unaided,6 To 10,3-Co-educational,2-Urban,NA,,Allagadda Ward no. 7,Allagadda-Town Panchayat,ALLAGADDA ALLAGADDA KURNOOL DIST,518543,indianglobalschool2019[at]gmail[dot]com,https://kys.udiseplus.gov.in/#/schooldetail/4700929/12,4700929,26/12/2025 17:01,2367
******00970 Permanently Closed,,INDIA UP SCHOOL ALLAGADDA,,,,Andhra Pradesh,2-Primary with Upper Primary,38-Pvt.Unaided,1 To 7,3-Co-educational,2-Urban,NA,,Allagadda Ward no. 7,Allagadda-Town Panchayat,NA,518543,,https://kys.udiseplus.gov.in/#/schooldetail/4717484/12,4717484,15/10/2020 12:18,2367
******91518 Operational,,IQRA EM HIGH SCHOOL NABINAGAR,,,,Andhra Pradesh,6-Pr. Up Pr. and Secondary Only,38-Pvt.Unaided,1 To 10,3-Co-educational,2-Urban,NA,,Nandyal (M) - Ward No.7,Nandyal-Municipality,nabi nagar,518501,meo.nandyal34[at]gmail[dot]com,https://kys.udiseplus.gov.in/#/schooldetail/4700665/12,4700665,21/11/2025 17:10,2367
******00626 Operational,,IQRA EM UP SCHOOL SIRVEL,,,,Andhra Pradesh,2-Primary with Upper Primary,38-Pvt.Unaided,1 To 7,3-Co-educational,1-Rural,Sirivel,Sirvel,,,SIRVEL(VILLAGE) SIRVEL(MANDAL) KURNOOL(DIST),518563,-iqraem3[at]gmail[dot]com,https://kys.udiseplus.gov.in/#/schooldetail/4700769/12,4700769,17/09/2024 09:48,2367
******00540 Operational,,IQRA EM UP SCHOOL VELGODU,,,,Andhra Pradesh,2-Primary with Upper Primary,38-Pvt.Unaided,1 To 7,3-Co-educational,1-Rural,Velugodu,Velgode,,,CHENCHU COLONY,518533,iqraem3[at]gmail[dot]com,https://kys.udiseplus.gov.in/#/schooldetail/4698666/12,4698666,21/04/2023 15:31,2367
******00652 Operational,,JAMIA E TAZKIYATUL BANAATH,,,,Andhra Pradesh,2-Primary with Upper Primary,98-Madarsa Unrecognized,1 To 8,2-Girls,2-Urban,NA,,Nandyal Ward No. 40,Nandyal-Municipality,CHAND BADA NANDYAL,518501,,https://kys.udiseplus.gov.in/#/schooldetail/4699301/12,4699301,15/10/2020 12:18,2367
******91548 Permanently Closed,,JAMIYATHUS SALIHAT MADARASA,,,,Andhra Pradesh,1-Primary,98-Madarsa Unrecognized,1 To 5,2-Girls,2-Urban,NA,,Nandyal (M) - Ward No.24,Nandyal-Municipality,NA,518501,,https://kys.udiseplus.gov.in/#/schooldetail/4717470/12,4717470,15/10/2020 12:18,2367
******91497 Operational,,JAYASRI VIDYA SADAN NANDYAL,,,,Andhra Pradesh,2-Primary with Upper Primary,38-Pvt.Unaided,1 To 7,3-Co-educational,2-Urban,NA,,Nandyal Ward No. 38,Nandyal-Municipality,YSR NAGAR NANDYAL,518502,karunamyaschools[at]gmail[dot]com,https://kys.udiseplus.gov.in/#/schooldetail/4700649/12,4700649,16/06/2023 15:21,2367
******00912 Operational,,JEEVANA JYOTHI ENG.MED.PS PAGIDYALA ROAD NDK,,,,Andhra Pradesh,1-Primary,38-Pvt.Unaided,1 To 5,3-Co-educational,2-Urban,NA,,Nandikotkur Ward No. 9,Nandikotkur-Town Panchayat,NANDI KOTKUR PAGIDYALA ROAD NANDI KOTKUR(VILLAGE) NANDIKOTKUR(MANDAL) KURNOOL(DIST),518401,narahariseshu6[at]gmail[dot]com,https://kys.udiseplus.gov.in/#/schooldetail/4698367/12,4698367,16/06/2023 15:21,2367
******00940 Operational,,JEEVAN JYOTHI ENG MED H.S PAGIDYALA ROAD NDK,,,,Andhra Pradesh,7-Upper Pr. and Secondary,38-Pvt.Unaided,6 To 10,3-Co-educational,2-Urban,NA,,Nandikotkur Ward No. 6,Nandikotkur-Town Panchayat,NANDI KOTKUR PAGIDYALA ROAD NANDI KOTKUR(VILLAGE) NANDIKOTKUR(MANDAL) KURNOOL(DIST),518401,narahariseshu6[at]gmail[dot]com,https://kys.udiseplus.gov.in/#/schooldetail/4698387/12,4698387,15/10/2020 12:18,2367
******00541 Operational,,J L VOC JR COLLEGE VELGODE,,,,Andhra Pradesh,11-Higher Secondary only/Jr. College,38-Pvt.Unaided,11 To 12,3-Co-educational,1-Rural,Velugodu,Velgode,,,velgode village,518533,pnazeer145[at]gmail[dot]com,https://kys.udiseplus.gov.in/#/schooldetail/4719560/12,4719560,15/10/2020 12:18,2367
******01313 Operational,,JMJ NAVJEEVAN UP EM SCHOOL,,,,Andhra Pradesh,2-Primary with Upper Primary,38-Pvt.Unaided,1 To 7,3-Co-educational,1-Rural,Nandyal,Ayyalur (Part),,,AYYALURIMETTA NANDYAL KURNOOL,518502,jmjnavajeevanem[at]gmail[dot]com,https://kys.udiseplus.gov.in/#/schooldetail/4700464/12,4700464,16/06/2023 15:21,2367
******01415 Permanently Closed,,J M J UP SCHOL NANDYAL ROAD KKL,,,,Andhra Pradesh,2-Primary with Upper Primary,38-Pvt.Unaided,1 To 7,3-Co-educational,1-Rural,Koilakuntla,Koilkuntla,,,NA,518134,,https://kys.udiseplus.gov.in/#/schooldetail/4701180/12,4701180,15/10/2020 12:18,2367
******90616 Operational,,J.V.R.NAGAR MPLPS NGOS COLONY,,,,Andhra Pradesh,1-Primary,34-MUNCIPAL,1 To 5,3-Co-educational,2-Urban,NA,,Nandyal (M) - Ward No.28,Nandyal-Municipality,N G O S COLONY NANDYAL NANDYAL (M)(VILLAGE) NANDYAL(MANDAL) KURNOOL(DIST),518501,meo.nandyal34[at]gmail[dot]com,https://kys.udiseplus.gov.in/#/schooldetail/4700508/12,4700508,15/10/2020 12:18,2367
******91411 Closed,Closed,"J V R R MODEL H.S, 37TH WARD",,,,Andhra Pradesh,7-Upper Pr. and Secondary,38-Pvt.Unaided,6 To 10,3-Co-educational,2-Urban,NA,,Nandyal Ward No. 37,Nandyal-Municipality,37-26th WARD NANDYAL NANDYAL (M)-2(VILLAGE) NANDYAL(MANDAL) KURNOOL(DIST),518502,jvrrmce[at]yahoo[dot]co[dot]in,https://kys.udiseplus.gov.in/#/schooldetail/4700586/12,4700586,16/12/2023 20:39,2367
******90641 Closed,Closed,J.V.R.R.PUBLIC SCHOOL 26TH WARD,,,,Andhra Pradesh,1-Primary,38-Pvt.Unaided,1 To 5,3-Co-educational,2-Urban,NA,,Nandyal (M) - Ward No.26,Nandyal-Municipality,26th WARD NANDYAL NANDYAL (M)(VILLAGE) NANDYAL(MANDAL) KURNOOL(DIST),518502,jvrrmce[at]yahoo[dot]co[dot]in,https://kys.udiseplus.gov.in/#/schooldetail/4700531/12,4700531,16/12/2023 20:39,2367
******00625 Operational,,JWALA LITTLE ANGELS UP SCHOOL PANYAM,,,,Andhra Pradesh,6-Pr. Up Pr. and Secondary Only,38-Pvt.Unaided,1 To 9,3-Co-educational,1-Rural,Panyam,Panyam,,,PANYAM KURNOOL 518112,518112,inarayana.chakali[at]gmail[dot]com,https://kys.udiseplus.gov.in/#/schooldetail/4700237/12,4700237,24/06/2025 13:16,2367
******00823 Operational,,JYOTHI EM TM HIGH SCHOOL,,,,Andhra Pradesh,7-Upper Pr. and Secondary,38-Pvt.Unaided,6 To 10,3-Co-educational,1-Rural,Bandi Atmakur,Bandi Atmakur,,,BANDI ATMAKUR 2 BANDI ATMAKUR(VILLAGE) BANDI ATMAKUR(MANDAL) KURNOOL(DIST),518523,jyothihighschool365[at]gmail[dot]com,https://kys.udiseplus.gov.in/#/schooldetail/4700360/12,4700360,15/10/2020 12:18,2367
******00686 Operational,,JYOTHI HSDHONE,,,,Andhra Pradesh,7-Upper Pr. and Secondary,38-Pvt.Unaided,6 To 10,3-Co-educational,2-Urban,NA,,Dhone Ward No. 13,Dhone(M)-Municipality,7-7-11 NEHRU NAGAR DHONE,518222,jyothihighschooldnc[at]gmail[dot]com,https://kys.udiseplus.gov.in/#/schooldetail/4700555/12,4700555,15/10/2020 12:18,2367
******00813 Operational,,JYOTHI P.S.,,,,Andhra Pradesh,1-Primary,38-Pvt.Unaided,1 To 5,3-Co-educational,1-Rural,Bandi Atmakur,Bandi Atmakur,,,BANDI ATMAKUR BANDI ATMAKUR BANDI ATMAKUR(VILLAGE) BANDIATMAKUR(MANDAL) KURNOOL(DIST),518523,jyothihighschool365[at]gmail[dot]com,https://kys.udiseplus.gov.in/#/schooldetail/4700355/12,4700355,21/04/2023 15:31,2367
******00629 Operational,,JYOTHI PSDHONE,,,,Andhra Pradesh,1-Primary,38-Pvt.Unaided,1 To 5,3-Co-educational,2-Urban,NA,,Dhone Ward No. 13,Dhone(M)-Municipality,DHONE NEAR VENKATESWARA TEMPLE DHONE(VILLAGE) DHONE(MANDAL) KURNOOL(DIST),518222,vvramaiah59[at]gmail[dot]com,https://kys.udiseplus.gov.in/#/schooldetail/4701657/12,4701657,21/04/2023 15:31,2367
******91515 Operational,,JYOTHIRMAI EM UP SCHOOL SRINIVASA NAGAR,,,,Andhra Pradesh,2-Primary with Upper Primary,38-Pvt.Unaided,1 To 7,3-Co-educational,2-Urban,NA,,Nandyal Ward No. 36,Nandyal-Municipality,25/225 Sanjeeva Nagar Nandyal,518501,srijyothirmayischool.ndl[at]gmail[dot]com,https://kys.udiseplus.gov.in/#/schooldetail/4700660/12,4700660,21/04/2023 15:31,2367
******01450 Operational,,JYOTHI VIDYANIKETHAN EM PS KOILAKUNTLA,,,,Andhra Pradesh,1-Primary,38-Pvt.Unaided,1 To 5,3-Co-educational,1-Rural,Koilakuntla,Koilkuntla,,,JAMMALAMADUGU ROAD KOILKUNTLA KOILKUNTLA KURNOOL 518134,518134,jyothividyaniketan[at]gmail[dot]com,https://kys.udiseplus.gov.in/#/schooldetail/4701213/12,4701213,21/04/2023 15:31,2367
******01451 Operational,,JYOTHI VIDYANIKETHAN HS KOILAKUNTLA CBSE,,,,Andhra Pradesh,7-Upper Pr. and Secondary,39-Pvt.Unaided (CBSE Syllabus),6 To 10,3-Co-educational,1-Rural,Koilakuntla,Koilkuntla,,,JAMMALAMADUGU ROAD KOILKUNTLA KURNOOL 518134,518134,jyothividyaniketan[at]gmail[dot]com,https://kys.udiseplus.gov.in/#/schooldetail/4701214/12,4701214,22/07/2024 13:05,2367
******01602 Operational,,KARUNAMAYA EM UPS PUSULUR NDL,,,,Andhra Pradesh,2-Primary with Upper Primary,38-Pvt.Unaided,1 To 7,3-Co-educational,1-Rural,Nandyal,Pusulur,,,NEAR GRAMA SACHIVALAM PUSULURU,518593,karunamayaschools[at]gmail[dot]com,https://kys.udiseplus.gov.in/#/schooldetail/4700480/12,4700480,14/12/2023 15:08,2367
******00641 Operational,,KARUNAMAYA HIGH SCHOOL NANDYAL,,,,Andhra Pradesh,7-Upper Pr. and Secondary,38-Pvt.Unaided,6 To 10,3-Co-educational,2-Urban,NA,,MOOLASAGARAM(RURAL) Ward No.33,Nandyal-Municipality,SHYAM NAGAR NANDYAL,518502,karunamayaschools[at]gmail[dot]com,https://kys.udiseplus.gov.in/#/schooldetail/4700418/12,4700418,15/10/2020 12:18,2367
******90672 Operational,,KARUNAMAYA U.P. S SHYAM NAGAR,,,,Andhra Pradesh,1-Primary,38-Pvt.Unaided,1 To 5,3-Co-educational,2-Urban,NA,,MOOLASAGARAM(RURAL) Ward No.33,Nandyal-Municipality,SHYAM NAGAR NANDYAL NANDYAL (M)(VILLAGE) NANDYAL(MANDAL) KURNOOL(DIST),518502,karunamayaschools[at]gmail[dot]com,https://kys.udiseplus.gov.in/#/schooldetail/4700560/12,4700560,16/06/2023 15:21,2367
******00532 Operational,,KARUNYA EM TM UPS VELGODE,,,,Andhra Pradesh,2-Primary with Upper Primary,38-Pvt.Unaided,1 To 7,3-Co-educational,1-Rural,Velugodu,Velgode,,,VELGODE VELGODU VELGODE(VILLAGE) VELUGODU(MANDAL) KURNOOL(DIST),518533,ldargaiah[at]gmail[dot]com,https://kys.udiseplus.gov.in/#/schooldetail/4697619/12,4697619,15/10/2020 12:18,2367
******00204 Permanently Closed,,KARUNYA UP SCHOOL RAYAMALPURAM,,,,Andhra Pradesh,2-Primary with Upper Primary,38-Pvt.Unaided,1 To 7,3-Co-educational,1-Rural,Nandyal,Rayamalpuram,,,NA,518511,,https://kys.udiseplus.gov.in/#/schooldetail/4717440/12,4717440,15/10/2020 12:18,2367
******01415 Permanently Closed,,KATHYAINI TALENT SCHOOL RUDRAVARAM,,,,Andhra Pradesh,2-Primary with Upper Primary,38-Pvt.Unaided,1 To 7,3-Co-educational,1-Rural,Rudravaram,Rudravaram,,,NA,518594,,https://kys.udiseplus.gov.in/#/schooldetail/4700830/12,4700830,15/10/2020 12:18,2367
******00617 Operational,,KATYAYINI EM UP SCHOOL BETHAMCHERLA,,,,Andhra Pradesh,2-Primary with Upper Primary,38-Pvt.Unaided,1 To 7,3-Co-educational,2-Urban,NA,,Election Ward No.15,BETHAMCHERLA-Town Panchayat,"SANJEEVANAGAR ,BETHAMCHERLA",518599,katyayiniupschool99[at]gmail[dot]com,https://kys.udiseplus.gov.in/#/schooldetail/4700148/12,4700148,21/04/2023 15:31,2367
******00148 Operational,,KERALA MODEL EM UPS,,,,Andhra Pradesh,2-Primary with Upper Primary,38-Pvt.Unaided,1 To 7,3-Co-educational,2-Urban,NA,,Atmakurknl Ward No. 8,Atmakur (Kurnool)-Municipality,ATMAKUR ATMAKUR ATMAKUR(VILLAGE) ATMAKUR(MANDAL) KURNOOL(DIST),518422,,https://kys.udiseplus.gov.in/#/schooldetail/4698536/12,4698536,15/10/2020 12:18,2367
******91443 Operational,,KESAVA REDDY EM HS NGOS COLONY,,,,Andhra Pradesh,7-Upper Pr. and Secondary,38-Pvt.Unaided,6 To 10,3-Co-educational,2-Urban,NA,,Nandyal (M) - Ward No.22,Nandyal-Municipality,TEKKE MAIN ROAD NANDYAL,518502,ngoscolonyndl[at]keshavareddy[dot]com,https://kys.udiseplus.gov.in/#/schooldetail/4700609/12,4700609,13/12/2023 10:21,2367
******91506 Operational,,KESHAA REDDY EM PS BALAJI COMPLEX,,,,Andhra Pradesh,1-Primary,38-Pvt.Unaided,1 To 5,3-Co-educational,2-Urban,NA,,Nandyal (M) - Ward No.12,Nandyal-Municipality,BALAJICOMPLEX NANDYAL 518501,518501,balajicomplexndl[at]keshavareddy[dot]com,https://kys.udiseplus.gov.in/#/schooldetail/4699535/12,4699535,16/06/2023 15:21,2367
******91498 Permanently Closed,,KESHAVAREDDY E/M HIGH SCHOOL KOTHAPALLI ABANDAMTHANDA,,,,Andhra Pradesh,7-Upper Pr. and Secondary,38-Pvt.Unaided,6 To 10,3-Co-educational,1-Rural,Nandyal,Kothapalli,,,NA,518502,,https://kys.udiseplus.gov.in/#/schooldetail/4717466/12,4717466,15/10/2020 12:18,2367
******91505 Operational,,KESHAVA REDDY EM HS BALAJI COMPLEX,,,,Andhra Pradesh,7-Upper Pr. and Secondary,38-Pvt.Unaided,6 To 10,3-Co-educational,2-Urban,NA,,Nandyal (M) - Ward No.12,Nandyal-Municipality,balajicomplex nandyal,518501,balajicomplexndl[at]keshavareddy[dot]com,https://kys.udiseplus.gov.in/#/schooldetail/4700654/12,4700654,15/10/2020 12:18,2367
******00902 Operational,,KESHAVA REDDY E/M S,,,,Andhra Pradesh,1-Primary,38-Pvt.Unaided,1 To 5,3-Co-educational,1-Rural,Panyam,Nerawada,,,NERAWADA PANYAM NERAWADA(VILLAGE) PANYAM(MANDAL) KURNOOL(DIST),518112,panyamndl[at]keshavareddy[dot]com,https://kys.udiseplus.gov.in/#/schooldetail/4700243/12,4700243,11/05/2022 10:38,2367
******00904 Operational,,KESHAVA REDDY E/M S,,,,Andhra Pradesh,7-Upper Pr. and Secondary,38-Pvt.Unaided,6 To 10,3-Co-educational,1-Rural,Panyam,Nerawada,,,NERAWADA PANYAM NERAWADA(VILLAGE) PANYAM(MANDAL) KURNOOL(DIST),518112,panyamndl[at]keshavareddy[dot]com,https://kys.udiseplus.gov.in/#/schooldetail/4700252/12,4700252,11/05/2022 10:40,2367
******00625 Operational,,KESHAVA REDDY EM S NGOS COLONY,,,,Andhra Pradesh,1-Primary,38-Pvt.Unaided,1 To 5,3-Co-educational,2-Urban,NA,,Nandyal (M) - Ward No.22,Nandyal-Municipality,TEKKE MAIN ROAD NANDYAL,518502,ngoscolonynandyal[at]keshavareddy[dot]com,https://kys.udiseplus.gov.in/#/schooldetail/4700407/12,4700407,13/12/2023 10:49,2367
******91416 Closed,Closed,KESHAVA REDDY PUBLIC SCHOOL BALAJI COMPLEX,,,,Andhra Pradesh,7-Upper Pr. and Secondary,38-Pvt.Unaided,6 To 10,3-Co-educational,2-Urban,NA,,Nandyal (M) - Ward No.12,Nandyal-Municipality,BALAJI COMPLEX NANDYAL NANDYAL (M)-2(VILLAGE) NANDYAL(MANDAL) KURNOOL(DIST),518501,balajicomplexndl[at]keshavareddy[dot]com,https://kys.udiseplus.gov.in/#/schooldetail/4700590/12,4700590,15/10/2020 12:18,2367
******90645 Closed,Closed,KESHAVA REDDY PUBLIC SCHOOL BALAJI NAGAR,,,,Andhra Pradesh,1-Primary,38-Pvt.Unaided,1 To 5,3-Co-educational,2-Urban,NA,,Nandyal (M) - Ward No.12,Nandyal-Municipality,BALAJI NAGAR NANDYAL NANDYAL (M)(VILLAGE) NANDYAL(MANDAL) KURNOOL(DIST),518501,balajicomplexndl[at]keshavareddy[dot]com,https://kys.udiseplus.gov.in/#/schooldetail/4700534/12,4700534,15/10/2020 12:18,2367
******91495 Permanently Closed,,KESHAVAREEDY E/M PRIMARY SCHOOL KOTHAPALLI ABANDAMTHANDA,,,,Andhra Pradesh,1-Primary,38-Pvt.Unaided,1 To 5,3-Co-educational,1-Rural,Nandyal,Kothapalli,,,NA,518502,,https://kys.udiseplus.gov.in/#/schooldetail/4717465/12,4717465,15/10/2020 12:18,2367
******00957 Operational,,KGBV ALLAGADDA,,,,Andhra Pradesh,5-Up. Pr. Secondary and Higher Sec,14-KGBVs(SSA),6 To 12,2-Girls,1-Rural,Allagadda,Kotha Kandukur,,,ALLAGADDA ALLAGADDA ALLAGADDA(VILLAGE) ALLAGADDA(MANDAL) KURNOOL(DIST),518543,kgbvallagadda[at]gmail[dot]com,https://kys.udiseplus.gov.in/#/schooldetail/4700915/12,4700915,12/12/2023 20:56,2367
******00158 Operational,,KGBV ATMAKUR,,,,Andhra Pradesh,5-Up. Pr. Secondary and Higher Sec,14-KGBVs(SSA),6 To 12,2-Girls,2-Urban,NA,,Atmakurknl Ward No. 9,Atmakur (Kurnool)-Municipality,ATMAKUR ATMAKUR KURNOOL 518422,518422,kgbvatmakur2014[at]gmail[dot]com,https://kys.udiseplus.gov.in/#/schooldetail/4698546/12,4698546,20/06/2023 13:37,2367
******00820 Operational,,KGBV BANDIATMAKUR,,,,Andhra Pradesh,5-Up. Pr. Secondary and Higher Sec,14-KGBVs(SSA),6 To 12,2-Girls,1-Rural,Bandi Atmakur,Bandi Atmakur,,,BANDI ATMAKUR BANDI ATMAKUR BANDI ATMAKUR(VILLAGE) BANDIATMAKUR(MANDAL) KURNOOL(DIST),518523,kgbvbandiatmakur1[at]gmail[dot]com,https://kys.udiseplus.gov.in/#/schooldetail/4700358/12,4700358,20/06/2023 13:37,2367
******90229 Operational,,KGBV BETHAMCHERLA,,,,Andhra Pradesh,5-Up. Pr. Secondary and Higher Sec,14-KGBVs(SSA),6 To 12,2-Girls,2-Urban,NA,,Election Ward No.15,BETHAMCHERLA-Town Panchayat,"Near HP Petrol Bunk Bethamcherla ,BETHAMCHERAL BETHAMCHERLA(VILLAGE) BETHAMCHERLA(MANDAL) KURNOOL(DIST)",518599,kgbvbtm[at]gmail[dot]com,https://kys.udiseplus.gov.in/#/schooldetail/4700188/12,4700188,01/08/2022 16:43,2367
******01532 Operational,,KGBV CHAGALAMARRI,,,,Andhra Pradesh,5-Up. Pr. Secondary and Higher Sec,14-KGBVs(SSA),6 To 12,2-Girls,1-Rural,Chagalamarri,Chagalamarri,,,CHAGALAMARRI (VILLAGE) CHAGALAMARRI (MANDAL) NANDYAL (DIST),518553,kgbvchagalamarri55[at]gmail[dot]com,https://kys.udiseplus.gov.in/#/schooldetail/4701021/12,4701021,18/11/2023 15:59,2367
******00681 Operational,,KGBV DHONE,,,,Andhra Pradesh,5-Up. Pr. Secondary and Higher Sec,14-KGBVs(SSA),6 To 12,2-Girls,1-Rural,Dhone Alias Dronachalam,Udumulapadu,,,DHONE DHONE DHONE(VILLAGE) DHONE(MANDAL) KURNOOL(DIST),518222,kgbvdhone[at]gmail[dot]com,https://kys.udiseplus.gov.in/#/schooldetail/4701690/12,4701690,20/09/2024 16:49,2367
******00812 Operational,,KGBV DORNIPADU,,,,Andhra Pradesh,5-Up. Pr. Secondary and Higher Sec,14-KGBVs(SSA),6 To 12,2-Girls,1-Rural,Dornipadu,Dornipadu,,,AMMIREDDYNAGAR (VILLAGE) DORNIPADU(MANDAL) KURNOOL(DIST),518135,kgbvdornipadu369[at]gmail[dot]com,https://kys.udiseplus.gov.in/#/schooldetail/4699996/12,4699996,27/01/2023 19:13,2367
******00314 Operational,,KGBV GADIVEMULA,,,,Andhra Pradesh,5-Up. Pr. Secondary and Higher Sec,14-KGBVs(SSA),6 To 12,2-Girls,1-Rural,Gadivemula,Gadivemula,,,GADIVEMULA GADIVEMULA GADIVEMULA(VILLAGE) GADIVEMULA(MANDAL) KURNOOL(DIST),518508,kgbvgadivemula2016[at]gmail[dot]com,https://kys.udiseplus.gov.in/#/schooldetail/4700283/12,4700283,20/06/2023 13:37,2367
******91457 Operational,,KGBV (GEN) YSR NAGAR NANDYAL,,,,Andhra Pradesh,5-Up. Pr. Secondary and Higher Sec,14-KGBVs(SSA),6 To 12,2-Girls,2-Urban,NA,,Nandyal Ward No. 38,Nandyal-Municipality,YSR NAGAR 38 WARD NANDYAL NANDYAL NANDYAL MANDAL KURNOOL DIST,518501,kgbvnandyalgeneral[at]gmail[dot]com,https://kys.udiseplus.gov.in/#/schooldetail/4700623/12,4700623,05/02/2023 22:03,2367
******00909 Operational,,KGBV GOSPADU,,,,Andhra Pradesh,5-Up. Pr. Secondary and Higher Sec,14-KGBVs(SSA),6 To 12,2-Girls,1-Rural,Gospadu,Gospadu,,,GOSPADU GOSPADU GOSPADU(VILLAGE) GOSPADU(MANDAL) KURNOOL(DIST),518674,kgbvgospadu[at]gmail[dot]com,https://kys.udiseplus.gov.in/#/schooldetail/4701133/12,4701133,19/12/2025 11:06,2367
******01204 Operational,,KGBV JUPADUBUNGLOW,,,,Andhra Pradesh,5-Up. Pr. Secondary and Higher Sec,14-KGBVs(SSA),6 To 12,2-Girls,1-Rural,Jupadu Bungalow,Bannur,,,JUPADUBUNGLOW 2 JUPADU BULGOW J-BUNGLOW(MADNAL) KURNOOL(DIST),518401,kgbvbunglow[at]gmail[dot]com,https://kys.udiseplus.gov.in/#/schooldetail/4698744/12,4698744,06/02/2023 17:23,2367
******00815 Operational,,KGBV KOLIMIGUNDLA,,,,Andhra Pradesh,5-Up. Pr. Secondary and Higher Sec,14-KGBVs(SSA),6 To 12,2-Girls,1-Rural,Kolimigundla,Kolimigundla,,,KOLIMIGUNDLA,518123,kgbvkolimigundla[at]gmail[dot]com,https://kys.udiseplus.gov.in/#/schooldetail/4701426/12,4701426,05/02/2023 22:03,2367
******00314 Operational,,KGBV MAHANANDI,,,,Andhra Pradesh,5-Up. Pr. Secondary and Higher Sec,14-KGBVs(SSA),6 To 12,2-Girls,1-Rural,Mahanandi,Bollavaram,,,MAHANANDI MAHAMNANDI THIMMAPURAM(VILLAGE) MAHANANDI(MANDAL) KURNOOL(DIST),518512,kgbvmahanandi1[at]gmail[dot]com,https://kys.udiseplus.gov.in/#/schooldetail/4700700/12,4700700,05/02/2023 22:02,2367
******00414 Operational,,KGBV MIDTHUR,,,,Andhra Pradesh,5-Up. Pr. Secondary and Higher Sec,14-KGBVs(SSA),6 To 12,2-Girls,1-Rural,Midthur,Midthur,,,MIDTHUR MIDTHUR(VILLAGE) MIDTHUR(MANDAL) KURNOOL(DIST),518405,kgbvmidthur[at]gmail[dot]com,https://kys.udiseplus.gov.in/#/schooldetail/4698767/12,4698767,19/12/2025 19:24,2367
******03131 Operational,,KGBV(MINORITY) BANAGANAPALLI,,,,Andhra Pradesh,5-Up. Pr. Secondary and Higher Sec,14-KGBVs(SSA),6 To 12,2-Girls,1-Rural,Banaganapalle,Banaganapalle (Ct),,,URDU BHAVAN NEAR SHADI KHANA OLD BUS STAND BANAGANAPALLE(VILLAGE) BANAGANAPALLI(MANDAL) KURNOOL(DIST),518124,kgbvemmbpl[at]gmail[dot]com,https://kys.udiseplus.gov.in/#/schooldetail/4701321/12,4701321,11/05/2022 12:21,2367
******91450 Operational,,KGBV (MIN ) YSR NAGAR NANDYAL,,,,Andhra Pradesh,5-Up. Pr. Secondary and Higher Sec,14-KGBVs(SSA),6 To 12,2-Girls,2-Urban,NA,,Nandyal Ward No. 38,Nandyal-Municipality,YSRNAGR NANDYAL NANDYAL (M)-2(VILLAGE) NANDYAL(MANDAL) KURNOOL(DIST),518501,meo.nandyal34[at]gmail[dot]com,https://kys.udiseplus.gov.in/#/schooldetail/4700616/12,4700616,17/09/2024 10:52,2367
******01020 Operational,,KGBV OWK,,,,Andhra Pradesh,5-Up. Pr. Secondary and Higher Sec,14-KGBVs(SSA),6 To 12,2-Girls,1-Rural,Owk,Owk,,,OWK OWK OWK(VILLAGE) OWK(MANDAL) KURNOOL(DIST),518122,kgbvowk2011[at]gmail[dot]com,https://kys.udiseplus.gov.in/#/schooldetail/4650214/12,4650214,07/02/2023 14:17,2367
******00914 Operational,,KGBV PAGIDYALA,,,,Andhra Pradesh,5-Up. Pr. Secondary and Higher Sec,14-KGBVs(SSA),6 To 12,2-Girls,1-Rural,Pagidyala,Pagidyala,,,PAGIDYALA 2 PAGIDYALA(VILLAGE) PAGIDYALA(MANDAL) KURNOOL(DIST),518412,kgbv.pgdl[at]gmail[dot]com,https://kys.udiseplus.gov.in/#/schooldetail/4698459/12,4698459,20/06/2023 13:37,2367
******00712 Operational,,KGBV PAMULAPADU,,,,Andhra Pradesh,5-Up. Pr. Secondary and Higher Sec,14-KGBVs(SSA),6 To 12,2-Girls,1-Rural,Pamulapadu,Pamulapadu,,,PAMULAPADU PAMULAPADU PAMULAPADU(VILLAGE) PAMULAPADU(MANDAL) KURNOOL(DIST),518442,kgbvschool55[at]gmail[dot]com,https://kys.udiseplus.gov.in/#/schooldetail/4698693/12,4698693,07/02/2023 14:16,2367
******00621 Operational,,KGBV PANYAM,,,,Andhra Pradesh,5-Up. Pr. Secondary and Higher Sec,14-KGBVs(SSA),6 To 12,2-Girls,1-Rural,Panyam,Panyam,,,Sugalimetta(v) Panyam (mdl) Nandyal (dist) pincode-518112,518112,kgbvpanyam[at]gmail[dot]com,https://kys.udiseplus.gov.in/#/schooldetail/4700233/12,4700233,12/12/2023 10:57,2367
******00721 Operational,,KGBV PEAPULLY,,,,Andhra Pradesh,5-Up. Pr. Secondary and Higher Sec,14-KGBVs(SSA),6 To 12,2-Girls,1-Rural,Peapully,Peapally,,,KGBV PEAPULLY NEAR DURGAMMA TEMPLE PEAPULLY KURNOOL DIST,518221,kgbv.pplyso[at]gmail[dot]com,https://kys.udiseplus.gov.in/#/schooldetail/4701557/12,4701557,15/10/2020 12:18,2367
******01408 Operational,,KGBV RUDRAVARAM,,,,Andhra Pradesh,5-Up. Pr. Secondary and Higher Sec,14-KGBVs(SSA),6 To 12,2-Girls,1-Rural,Rudravaram,Rudravaram,,,RUDRAVARAM RUDRAVARAM RUDRAVARAM(VILLAGE) RUDRAVARAM(MANDAL) KURNOOL(DIST),518594,rudravaramkgbv[at]gmail[dot]com,https://kys.udiseplus.gov.in/#/schooldetail/4700828/12,4700828,24/12/2025 11:21,2367
******01007 Operational,,KGBV SANJAMALA,,,,Andhra Pradesh,5-Up. Pr. Secondary and Higher Sec,14-KGBVs(SSA),6 To 12,2-Girls,1-Rural,Sanjamala,Sanjamala,,,NEAR GOVY HIGH SCHOOLSANJAMALA PO SANJAMALA MDL KURNOOL-518165,518165,kgbv.sanjamala[at]gmail[dot]com,https://kys.udiseplus.gov.in/#/schooldetail/4700247/12,4700247,23/12/2025 14:55,2367
******00620 Operational,,KGBV SIRVEL,,,,Andhra Pradesh,5-Up. Pr. Secondary and Higher Sec,14-KGBVs(SSA),6 To 12,2-Girls,1-Rural,Sirivel,Sirvel,,,SIRVEL(VILLAGE) SIRVEL(MANDAL) KURNOOL(DIST),518563,kgbv.svl[at]gmail[dot]com,https://kys.udiseplus.gov.in/#/schooldetail/4700763/12,4700763,19/09/2024 09:46,2367
******00810 Operational,,KGBV(ST) KOTHAPALLI,,,,Andhra Pradesh,5-Up. Pr. Secondary and Higher Sec,14-KGBVs(SSA),6 To 12,2-Girls,1-Rural,Kothapalle,Kothapalle,,,Kothapalli Kothapalli KOTHAPALLE(VILLAGE) KOTAPALLI(MANDAL) KURNOOL(DIST),518422,kgbv.kothapally[at]gmail[dot]com,https://kys.udiseplus.gov.in/#/schooldetail/4698489/12,4698489,07/05/2022 20:34,2367
******00808 Operational,,KGBV UYYALAWADDA,,,,Andhra Pradesh,5-Up. Pr. Secondary and Higher Sec,14-KGBVs(SSA),6 To 12,2-Girls,1-Rural,Uyyalawada,Uyyalawada,,,UYYALAWADA UYYALAWADA UYYALAWADA(VILLAGE) UYYALAWADA(MANDAL) KURNOOL(DIST),518155,kgbvuyyalawada[at]gmail[dot]com,https://kys.udiseplus.gov.in/#/schooldetail/4701051/12,4701051,15/10/2020 12:18,2367
******00533 Operational,,KGBV VELGODE,,,,Andhra Pradesh,5-Up. Pr. Secondary and Higher Sec,14-KGBVs(SSA),6 To 12,2-Girls,1-Rural,Velugodu,Velgode,,,KGBV SCHOOL GUNTHAKANDALA(VILLAGE) VELUGODU(MANDAL) KURNOOL(DIST),518533,kgbvsovelgode[at]gmail[dot]com,https://kys.udiseplus.gov.in/#/schooldetail/4697620/12,4697620,22/07/2024 13:35,2367
******01026 Operational,,KHAJA BANDE NAWAZ UPS EM SCHOOL OWK,,,,Andhra Pradesh,2-Primary with Upper Primary,38-Pvt.Unaided,1 To 7,3-Co-educational,1-Rural,Owk,Owk,,,OWK OWK OWK(VILLAGE) OWK(MANDAL) KURNOOL(DIST),518122,kbnschoolowk[at]gmail[dot]com,https://kys.udiseplus.gov.in/#/schooldetail/4700379/12,4700379,16/06/2023 15:21,2367
******91409 Operational,,KHALEEL SIDDIQUE H S NGOS COLONY,,,,Andhra Pradesh,7-Upper Pr. and Secondary,35-Pvt.Aided,6 To 10,3-Co-educational,2-Urban,NA,,Nandyal (M) - Ward No.28,Nandyal-Municipality,N G O S COLONY NANDYAL NANDYAL (M)-2(VILLAGE) NANDYAL(MANDAL) KURNOOL(DIST),518502,kshschool786[at]gmail[dot]com,https://kys.udiseplus.gov.in/#/schooldetail/4700584/12,4700584,15/10/2020 12:18,2367
******00961 Operational,,KPG EM HIGH SCHOOL PADAKANDLA ALLAGADDA,,,,Andhra Pradesh,6-Pr. Up Pr. and Secondary Only,38-Pvt.Unaided,1 To 10,3-Co-educational,2-Urban,NA,,Allagadda Ward no. 3,Allagadda-Town Panchayat,PADAKANDLA ALLAGADDA,518543,,https://kys.udiseplus.gov.in/#/schooldetail/4721399/12,4721399,26/12/2025 10:16,2367
******01005 Operational,,KPG EM UP SCHOOL PADAKANDAL,,,,Andhra Pradesh,2-Primary with Upper Primary,38-Pvt.Unaided,1 To 8,3-Co-educational,2-Urban,NA,,Allagadda Ward no. 3,Allagadda-Town Panchayat,KPG SCHOOL PADAKANDLA ALLAGADDA,518543,kpgschool007[at]gmail[dot]com,https://kys.udiseplus.gov.in/#/schooldetail/4700944/12,4700944,26/12/2025 10:16,2367
******00515 Operational,,KRANTHI UP.S (I.E.D) VIJAYA NAGAR COLONY VELGODE,,,,Andhra Pradesh,2-Primary with Upper Primary,38-Pvt.Unaided,1 To 7,3-Co-educational,1-Rural,Velugodu,Velgode,,,VIHJAYANAGAR COLONY VELGODE VELGODE(VILLAGE) VELUGODU(MANDAL) KURNOOL(DIST),518533,jakeerkmd[at]gmail[dot]com,https://kys.udiseplus.gov.in/#/schooldetail/4698653/12,4698653,15/10/2020 12:18,2367
******00965 Permanently Closed,,KRISHANVENI EM PS NANDIKOTKUR,,,,Andhra Pradesh,1-Primary,38-Pvt.Unaided,1 To 5,3-Co-educational,2-Urban,NA,,Nandikotkur Ward No. 10,Nandikotkur-Town Panchayat,NA,518401,,https://kys.udiseplus.gov.in/#/schooldetail/4698399/12,4698399,15/10/2020 12:18,2367
******02006 Operational,,KRISHNA U.P.S N.KOTHAPALLI,,,,Andhra Pradesh,2-Primary with Upper Primary,38-Pvt.Unaided,1 To 7,3-Co-educational,1-Rural,Nandyal,Kothapalli,,,N.KOTTAPALLI N.KOTHAPALLI KOTHAPALLI(VILLAGE) NANDYAL(MANDAL) KURNOOL(DIST),518502,gandhamramana9989[at]gmail[dot]com,https://kys.udiseplus.gov.in/#/schooldetail/4700490/12,4700490,21/04/2023 15:31,2367
******00966 Permanently Closed,,KRISHNAVENI HS NANDIKOKTUR,,,,Andhra Pradesh,7-Upper Pr. and Secondary,38-Pvt.Unaided,6 To 10,3-Co-educational,2-Urban,NA,,Nandikotkur Ward No. 10,Nandikotkur-Town Panchayat,NA,518401,,https://kys.udiseplus.gov.in/#/schooldetail/4698400/12,4698400,15/10/2020 12:18,2367
******00616 Operational,,KRR HIGH SCHOOL AR COLONY PANYAM,,,,Andhra Pradesh,7-Upper Pr. and Secondary,38-Pvt.Unaided,6 To 10,3-Co-educational,1-Rural,Panyam,Panyam,,,AR COLONY PANYAM PANYAM(VILLAGE) PANYAM(MANDAL) KURNOOL(DIST),518112,vasudevarareddykandula[at]gmail[dot]com,https://kys.udiseplus.gov.in/#/schooldetail/4700230/12,4700230,11/05/2022 10:31,2367
******00607 Operational,,KRR P.S PANYAM,,,,Andhra Pradesh,1-Primary,38-Pvt.Unaided,1 To 5,3-Co-educational,1-Rural,Panyam,Panyam,,,PANYAM PANYAM PANYAM(VILLAGE) PANYAM(MANDAL) KURNOOL(DIST),518112,vasudevarareddykandula[at]gmail[dot]com,https://kys.udiseplus.gov.in/#/schooldetail/4700225/12,4700225,21/04/2023 15:31,2367
******00914 Operational,,KRUSHI VIDYA NIKETAN SCHOOL ALLAGADDA,,,,Andhra Pradesh,1-Primary,35-Pvt.Aided,1 To 5,3-Co-educational,2-Urban,NA,,Allagadda Ward no. 11,Allagadda-Town Panchayat,ALLAGADDA ALLAGADDA ALLAGADDA(VILLAGE) ALLAGADDA(MANDAL) KURNOOL(DIST),518543,,https://kys.udiseplus.gov.in/#/schooldetail/4700890/12,4700890,26/12/2025 08:15,2367
******00942 Operational,,K V N HIGH SCHOOL ALLAGADDA,,,,Andhra Pradesh,7-Upper Pr. and Secondary,35-Pvt.Aided,6 To 10,3-Co-educational,2-Urban,NA,,Allagadda Ward no. 11,Allagadda-Town Panchayat,MOLVI STREET ALLAGADDA ALLAGADDA(VILLAGE) ALLAGADDA(MANDAL) KURNOOL(DIST),518543,gvs.kvn[at]gmail[dot]com,https://kys.udiseplus.gov.in/#/schooldetail/4700908/12,4700908,15/10/2020 12:18,2367
******00968 Closed,Closed,KVSR EM UP SCHOOL ALLAGADDA,,,,Andhra Pradesh,2-Primary with Upper Primary,38-Pvt.Unaided,1 To 8,3-Co-educational,2-Urban,NA,,Allagadda Ward no. 6,Allagadda-Town Panchayat,KVSR SCHOOL ALLAGADDA TOWN,518543,mukkkamalla3323[at]gmail[dot]com,https://kys.udiseplus.gov.in/#/schooldetail/4700925/12,4700925,04/08/2025 11:52,2367
******01590 Operational,,K V SUBBA REDDY EM HIGH SCHOOL ALLAGADDA,,,,Andhra Pradesh,6-Pr. Up Pr. and Secondary Only,38-Pvt.Unaided,1 To 10,3-Co-educational,2-Urban,NA,,NA,NA,NEAR BUS STAND ALLAGADDA,518543,,https://kys.udiseplus.gov.in/#/schooldetail/4722025/12,4722025,26/12/2025 09:01,2367
******00709 Operational,,LAKSHMI REDDY UPS MAIN ROAD PEAPULLY,,,,Andhra Pradesh,2-Primary with Upper Primary,38-Pvt.Unaided,1 To 7,3-Co-educational,1-Rural,Peapully,Peapally,,,MAIN ROAD PEAPALLY PEAPALLY(VILLAGE) PEAPULLY(MANDAL) KURNOOL(DIST),518221,vlrschool709[at]gmail[dot]com,https://kys.udiseplus.gov.in/#/schooldetail/4701548/12,4701548,21/04/2023 15:31,2367
******91415 Operational,,LEADERS MODEL HS SANTHA GATE,,,,Andhra Pradesh,7-Upper Pr. and Secondary,38-Pvt.Unaided,6 To 10,3-Co-educational,2-Urban,NA,,Nandyal (M) - Ward No.7,Nandyal-Municipality,SANTHA GATE BYE PASS ROAD NANDYAL NANDYAL (M)-2(VILLAGE) NANDYAL(MANDAL) KURNOOL(DIST),518501,leadersmodel1989[at]gmail[dot]com,https://kys.udiseplus.gov.in/#/schooldetail/4700589/12,4700589,15/10/2020 12:18,2367
******90649 Operational,,LEADERS MODEL P.S BYE PASS ROAD,,,,Andhra Pradesh,1-Primary,38-Pvt.Unaided,1 To 5,3-Co-educational,2-Urban,NA,,Nandyal (M) - Ward No.7,Nandyal-Municipality,23rd WARD BYE PASS ROAD NANDYAL NANDYAL (M)(VILLAGE) NANDYAL(MANDAL) KURNOOL(DIST),518501,,https://kys.udiseplus.gov.in/#/schooldetail/4700536/12,4700536,16/06/2023 15:21,2367
******01449 Closed,Closed,LIFE ENERGY EM UP SCHOOL KOILAKUNTLA,,,,Andhra Pradesh,2-Primary with Upper Primary,38-Pvt.Unaided,1 To 7,3-Co-educational,1-Rural,Koilakuntla,Koilkuntla,,,NEAR HEAD POST OFFICE,518134,lifeenergy17[at]gmail[dot]com,https://kys.udiseplus.gov.in/#/schooldetail/4701212/12,4701212,09/05/2022 16:46,2367
******00531 Operational,,LITTLE ANGELS H.S VELGODE,,,,Andhra Pradesh,7-Upper Pr. and Secondary,38-Pvt.Unaided,6 To 10,3-Co-educational,1-Rural,Velugodu,Velgode,,,VELGODE VELGODU VELGODE(VILLAGE) VELUGODU(MANDAL) KURNOOL(DIST),518533,mercysocity2001[at]gmail[dot]com,https://kys.udiseplus.gov.in/#/schooldetail/4697618/12,4697618,15/10/2020 12:18,2367
******00518 Operational,,LITTLE ANGELS P S GANDHI NAGAR VELGODE,,,,Andhra Pradesh,1-Primary,38-Pvt.Unaided,1 To 5,3-Co-educational,1-Rural,Velugodu,Velgode,,,GANDHI NAGAR VELGODE VELGODE(VILLAGE) VELUGODU(MANDAL) KURNOOL(DIST),518533,mercysociety2001[at]gmail[dot]com,https://kys.udiseplus.gov.in/#/schooldetail/4698655/12,4698655,21/04/2023 15:31,2367
******00102 Operational,,LITTLE ANGLES EM HIGH SCHOOL PASURUPADU,,,,Andhra Pradesh,6-Pr. Up Pr. and Secondary Only,38-Pvt.Unaided,1 To 10,3-Co-educational,1-Rural,Gospadu,Pasurapadu,,,PASURAPADU VILLAGE GOSPADU MANDAL,518593,littleangelspasurupadu[at]gmail[dot]com,https://kys.udiseplus.gov.in/#/schooldetail/4701109/12,4701109,19/12/2025 11:01,2367
******00176 Operational,,LITTLE FLOWER EM UP SCHOOL ATMAKUR,,,,Andhra Pradesh,2-Primary with Upper Primary,38-Pvt.Unaided,1 To 7,3-Co-educational,2-Urban,NA,,Atmakurknl Ward No. 7,Atmakur (Kurnool)-Municipality,NANDYAL ROAD ATMAKUR V KURNOOL DIST,518422,littlefloweratmakur[at]gmail[dot]com,https://kys.udiseplus.gov.in/#/schooldetail/4719558/12,4719558,21/04/2023 15:31,2367
******01385 Operational,,"LITTLE FLOWER EM UP SCHOOL, DHONE",,,,Andhra Pradesh,2-Primary with Upper Primary,38-Pvt.Unaided,1 To 7,3-Co-educational,2-Urban,NA,,Dhone Ward No. 12,Dhone(M)-Municipality,NEAR GIRLS HIGH SCHOOL DHONE,518222,,https://kys.udiseplus.gov.in/#/schooldetail/4721825/12,4721825,09/09/2024 15:16,2367
******00814 Operational,,LITTLE FLOWER HS KOLIMIGUNDLA,,,,Andhra Pradesh,7-Upper Pr. and Secondary,38-Pvt.Unaided,6 To 10,3-Co-educational,1-Rural,Kolimigundla,Kolimigundla,,,LITTLE FLOWERS KOLIMIGUNDLA,518123,vengaiahmc[at]gmail[dot]com,https://kys.udiseplus.gov.in/#/schooldetail/4701425/12,4701425,15/10/2020 12:18,2367
******00813 Operational,,LITTLE FLOWER PS KOLIMIGUNDLA,,,,Andhra Pradesh,1-Primary,38-Pvt.Unaided,1 To 5,3-Co-educational,1-Rural,Kolimigundla,Kolimigundla,,,littleflowers kolimigundla,518123,chandu145[at]gmail[dot]com,https://kys.udiseplus.gov.in/#/schooldetail/4701424/12,4701424,21/04/2023 15:31,2367
******00668 Operational,,LITTLE FLOWER UPS DHONE,,,,Andhra Pradesh,2-Primary with Upper Primary,38-Pvt.Unaided,1 To 7,3-Co-educational,2-Urban,NA,,Dhone Ward No. 9,Dhone(M)-Municipality,KONDAPETA DHONE DHONE(VILLAGE) DHONE(MANDAL) KURNOOL(DIST),518222,littleflowerpublicschool289[at]gmail[dot]com,https://kys.udiseplus.gov.in/#/schooldetail/4701677/12,4701677,21/04/2023 15:31,2367
******00059 Operational,,"LITTLE STARS EM UP SCHOOL,POLUR",,,,Andhra Pradesh,2-Primary with Upper Primary,38-Pvt.Unaided,1 To 7,3-Co-educational,1-Rural,Nandyal,Polur,,,MUNAGALA ROAD POLURU,518511,,https://kys.udiseplus.gov.in/#/schooldetail/4720467/12,4720467,13/09/2024 19:45,2367
******91556 Operational,,LKR EM HIGH SCHOOL SALEEM NAGAR NANDYAL,,,,Andhra Pradesh,3-Pr. with Up.Pr. Sec. and H.Sec.,38-Pvt.Unaided,1 To 12,3-Co-educational,2-Urban,NA,,Nandyal Ward No. 35,Nandyal-Municipality,NEAR BY NTR VINDO STADEM,518501,kalyanjupalle[at]gmail[dot]com,https://kys.udiseplus.gov.in/#/schooldetail/4720044/12,4720044,16/06/2023 15:21,2367
******91551 Operational,,LKR EM SCHOOL SALEEM NAGAR NANDYAL,,,,Andhra Pradesh,2-Primary with Upper Primary,38-Pvt.Unaided,1 To 7,3-Co-educational,2-Urban,NA,,Nandyal Ward No. 35,Nandyal-Municipality,PADMAVATHINAGAR,518501,lkemschool[at]gmail[dot]com,https://kys.udiseplus.gov.in/#/schooldetail/4719612/12,4719612,21/04/2023 15:31,2367
******90804 Closed,Closed,LUTHERAN ENGLISH TELUGU SRISAILAM PROJECT,,,,Andhra Pradesh,2-Primary with Upper Primary,38-Pvt.Unaided,1 To 7,3-Co-educational,1-Rural,NA,NA,,,SUNNIPENTA SRISAILAM PROJECT SRISAILAM(VILLAGE) SRISAILAM(MANDAL) KURNOOL(DIST),518102,,https://kys.udiseplus.gov.in/#/schooldetail/4698603/12,4698603,15/10/2020 12:18,2367
******00651 Permanently Closed,,MADARASA ARABIYAH BUSHRA LIL BANAATH,,,,Andhra Pradesh,1-Primary,98-Madarsa Unrecognized,1 To 5,2-Girls,2-Urban,NA,,Nandyal (M) - Ward No.2,Nandyal-Municipality,NA,518502,,https://kys.udiseplus.gov.in/#/schooldetail/4717446/12,4717446,15/10/2020 12:18,2367
******00974 Operational,,MADARASA AYESHA NISWAN NANDIKOTKUR,,,,Andhra Pradesh,1-Primary,98-Madarsa Unrecognized,1 To 5,2-Girls,2-Urban,NA,,Nandikotkur Ward No. 1,Nandikotkur-Town Panchayat,NANDIKOTKUR MANDAL KURNOOL AP,518401,meo.nandikotkur1[at]gmail[dot]com,https://kys.udiseplus.gov.in/#/schooldetail/4698408/12,4698408,15/10/2020 12:18,2367
******91536 Permanently Closed,,MADARASA-EAFSHEEN,,,,Andhra Pradesh,1-Primary,98-Madarsa Unrecognized,1 To 5,2-Girls,2-Urban,NA,,Nandyal (M) - Ward No.2,Nandyal-Municipality,NA,518501,,https://kys.udiseplus.gov.in/#/schooldetail/4717467/12,4717467,15/10/2020 12:18,2367
******91532 Operational,,MADARASA-E-AFSHEEN SULTAN NAGAR NDL,,,,Andhra Pradesh,2-Primary with Upper Primary,98-Madarsa Unrecognized,1 To 8,3-Co-educational,2-Urban,NA,,Nandyal Ward No. 34,Nandyal-Municipality,SULTHAN NAGAR NANDYAL,518501,meo.nandyal34[at]gmail[dot]com,https://kys.udiseplus.gov.in/#/schooldetail/4700673/12,4700673,19/02/2025 14:43,2367
******91509 Closed,Closed,"MADARASA - E - ALBANATUS SALEHA NISWAN, ANTIKOTA",,,,Andhra Pradesh,2-Primary with Upper Primary,98-Madarsa Unrecognized,1 To 8,3-Co-educational,2-Urban,NA,,Nandyal (M) - Ward No.6,Nandyal-Municipality,ANTIKOTA NANDYAL,518501,,https://kys.udiseplus.gov.in/#/schooldetail/4700655/12,4700655,06/02/2023 13:03,2367
******91508 Operational,,MADARASA - E- ARABIUL HUDA NANDYAL,,,,Andhra Pradesh,2-Primary with Upper Primary,98-Madarsa Unrecognized,1 To 8,3-Co-educational,1-Rural,Nandyal,Kanala,,,MULLA STREET KANALA VILLAGE NANDYAL MANDAL,518502,arabbiulhuda786[at]gmail[dot]com,https://kys.udiseplus.gov.in/#/schooldetail/4699537/12,4699537,16/06/2023 15:21,2367
******00159 Closed,Closed,MADARASA E ARABIYA DARUSSAUD (KOTHAPETA),,,,Andhra Pradesh,1-Primary,98-Madarsa Unrecognized,1 To 5,1-Boys,2-Urban,NA,,Atmakurknl Ward No. 6,Atmakur (Kurnool)-Municipality,KOTHAPETA STREETATMAKUR MANDAL,518422,,https://kys.udiseplus.gov.in/#/schooldetail/4698547/12,4698547,09/05/2022 16:40,2367
******00508 Closed,Closed,MADARASA-E-ARABIYA MADINATUL-ULOOM BILAKALAGUDUR,,,,Andhra Pradesh,1-Primary,98-Madarsa Unrecognized,1 To 5,3-Co-educational,1-Rural,Gadivemula,Bilakala Gudur,,,BILAKALAGUDUR BILAKALGUDUR BILAKALAGUDUR(VILLAGE) GADIVEMULA(MANDAL) KURNOOL(DIST),518508,,https://kys.udiseplus.gov.in/#/schooldetail/4700295/12,4700295,02/02/2023 20:56,2367
******91533 Operational,,MADARASA-E-ARFA DEVANAGAR NANDYAL,,,,Andhra Pradesh,2-Primary with Upper Primary,98-Madarsa Unrecognized,1 To 8,3-Co-educational,2-Urban,NA,,Nandyal (M) - Ward No.24,Nandyal-Municipality,DEVANAGAR NANDYAL KNL,518501,arfa91533[at]gmail[dot]com,https://kys.udiseplus.gov.in/#/schooldetail/4700674/12,4700674,12/03/2024 11:29,2367
******00653 Permanently Closed,,MADARASA E ASMA ARABIYA NISWAN,,,,Andhra Pradesh,2-Primary with Upper Primary,98-Madarsa Unrecognized,1 To 7,2-Girls,2-Urban,NA,,Nandyal (M) - Ward No.27,Nandyal-Municipality,NA,518502,,https://kys.udiseplus.gov.in/#/schooldetail/4717447/12,4717447,15/10/2020 12:18,2367
******00963 Operational,,MADARASA - E- EMANLIL BANAT NANDIKOTKUR,,,,Andhra Pradesh,2-Primary with Upper Primary,98-Madarsa Unrecognized,1 To 8,2-Girls,2-Urban,NA,,Nandikotkur Ward No. 6,Nandikotkur-Town Panchayat,NANDIKOTKUR NANDIKOTKUR NANDIKOTKUR(VILLAGE) NANDIKOTKUR(MANDAL) KURNOOL(DIST),518401,meo.nandikotkur1[at]gmail[dot]com,https://kys.udiseplus.gov.in/#/schooldetail/4698397/12,4698397,12/03/2024 11:12,2367
******01316 Closed,Closed,MADARASA-E-FATHIMUZ ZOHRA (NISWAN),,,,Andhra Pradesh,1-Primary,98-Madarsa Unrecognized,1 To 5,2-Girls,1-Rural,Nandyal,Ayyalur (Part),,,AYYALUR METTA,518502,,https://kys.udiseplus.gov.in/#/schooldetail/4700466/12,4700466,24/06/2021 22:37,2367
******03146 Closed,Closed,MADARASA-E-JAMEIA HAFSHA NISWANB.PALLI,,,,Andhra Pradesh,1-Primary,98-Madarsa Unrecognized,1 To 5,2-Girls,1-Rural,Banaganapalle,Banaganapalle (Ct),,,BC COLONY BANAGANAPALLI MANDAL,518124,,https://kys.udiseplus.gov.in/#/schooldetail/4701334/12,4701334,09/05/2022 16:36,2367
******91535 Operational,,MADARASA-E-JAMEYAH ZIYAUL BANAT,,,,Andhra Pradesh,2-Primary with Upper Primary,98-Madarsa Unrecognized,1 To 8,2-Girls,2-Urban,NA,,Nandyal (M) - Ward No.8,Nandyal-Municipality,ANTIKOTA NANDYAL,518501,mymunashaik961[at]gmail[dot]com,https://kys.udiseplus.gov.in/#/schooldetail/4700676/12,4700676,24/06/2021 22:39,2367
******00962 Operational,,MADARASA - E- MAHAMMADIYA SALAFIA NANDIKOTKUR,,,,Andhra Pradesh,1-Primary,98-Madarsa Unrecognized,1 To 5,1-Boys,2-Urban,NA,,Nandikotkur Ward No. 1,Nandikotkur-Town Panchayat,NANDIKOTKUR NANDIKOTKUR NANDIKOTKUR(VILLAGE) NANDIKOTKUR(MANDAL) KURNOOL(DIST),518401,shaikimtiazjamayi[at]gmail[dot]com,https://kys.udiseplus.gov.in/#/schooldetail/4697341/12,4697341,15/10/2020 12:18,2367
******01312 Operational,,MADARASA -E-MAIFUL HUDA AYYALUR,,,,Andhra Pradesh,1-Primary,98-Madarsa Unrecognized,1 To 5,3-Co-educational,1-Rural,Nandyal,Ayyalur (Part),,,AYYALUR VILLAGE,518502,dsnawaz4[at]gmail[dot]com,https://kys.udiseplus.gov.in/#/schooldetail/4700463/12,4700463,15/10/2020 12:18,2367
******00702 Closed,Closed,MADARASA E MAZHARUL ULOOM THIMMAPURAM,,,,Andhra Pradesh,2-Primary with Upper Primary,98-Madarsa Unrecognized,1 To 7,1-Boys,1-Rural,Midthur,Thimmapuram,,,THIMMAPURAM VILL MIDTHUR MANDAL KURNOOL DT 518405,518405,ikhuddus[at]gmail[dot]com,https://kys.udiseplus.gov.in/#/schooldetail/4698775/12,4698775,24/06/2021 22:17,2367
******00650 Permanently Closed,,MADARASA E MESBAHUL ULOOM,,,,Andhra Pradesh,1-Primary,98-Madarsa Unrecognized,1 To 5,1-Boys,2-Urban,NA,,Nandyal (M) - Ward No.1,Nandyal-Municipality,NA,518502,,https://kys.udiseplus.gov.in/#/schooldetail/4717445/12,4717445,15/10/2020 12:18,2367
******91522 Operational,,MADARASA E MOHAMMED,,,,Andhra Pradesh,2-Primary with Upper Primary,98-Madarsa Unrecognized,1 To 8,3-Co-educational,2-Urban,NA,,Nandyal (M) - Ward No.11,Nandyal-Municipality,jagajjanani nagar nandyal,518501,arshiyamadarasa[at]gmail[dot]com,https://kys.udiseplus.gov.in/#/schooldetail/4699538/12,4699538,12/03/2024 12:33,2367
******91546 Operational,,MADARASA-E-MOMINEEN NISWAN GUDIPATIGADDA,,,,Andhra Pradesh,2-Primary with Upper Primary,98-Madarsa Unrecognized,1 To 7,3-Co-educational,2-Urban,NA,,Nandyal (M) - Ward No.15,Nandyal-Municipality,park road nandyal,518501,momineenniswanmadarasa[at]gmail[dot]com,https://kys.udiseplus.gov.in/#/schooldetail/4700684/12,4700684,15/10/2020 12:18,2367
******03147 Closed,Closed,MADARASA-E-NOORUL HUSSAIN B.PALLI,,,,Andhra Pradesh,1-Primary,98-Madarsa Unrecognized,1 To 5,1-Boys,1-Rural,Banaganapalle,Banumukkala (Ct),,,SRBC COLONY BANAGANAPALLI MANDAL,518124,,https://kys.udiseplus.gov.in/#/schooldetail/4700211/12,4700211,09/05/2022 16:36,2367
******00160 Operational,,MADARASA E RAHAMANIA (RAHAMATH NAGAR),,,,Andhra Pradesh,1-Primary,98-Madarsa Unrecognized,1 To 5,1-Boys,2-Urban,NA,,Atmakurknl Ward No. 7,Atmakur (Kurnool)-Municipality,RAHAMATH NAGAR,518422,,https://kys.udiseplus.gov.in/#/schooldetail/4698548/12,4698548,15/10/2020 12:18,2367
******91507 Closed,Closed,MADARASA - E- SABESLUL MOMINEEN NANDYAL,,,,Andhra Pradesh,1-Primary,98-Madarsa Unrecognized,1 To 5,3-Co-educational,2-Urban,NA,,Nandyal (M) - Ward No.30,Nandyal-Municipality,Mullanpetta nandyal,518502,,https://kys.udiseplus.gov.in/#/schooldetail/4699536/12,4699536,15/10/2020 12:18,2367
******91510 Operational,,"MADARASA - E - SABILUL-HUDA, BHEEMAVARAM ROAD",,,,Andhra Pradesh,2-Primary with Upper Primary,98-Madarsa Unrecognized,1 To 8,3-Co-educational,2-Urban,NA,,Nandyal Ward No. 42,Nandyal-Municipality,BHEMMAVARAM ROAD NANDYAL,518501,kousarfaiz1[at]gmail[dot]com,https://kys.udiseplus.gov.in/#/schooldetail/4700656/12,4700656,12/03/2024 12:18,2367
******01406 Closed,Closed,MADARASA-E-UMME-SALMA NISWAN,,,,Andhra Pradesh,2-Primary with Upper Primary,98-Madarsa Unrecognized,1 To 8,2-Girls,1-Rural,Nandyal,Chabolu,,,CHABOLU MASIDDU,518502,,https://kys.udiseplus.gov.in/#/schooldetail/4719609/12,4719609,24/06/2021 22:38,2367
******00802 Operational,,MADARASA FATHIMA NISWAN NANDAMURI NAGAR,,,,Andhra Pradesh,1-Primary,98-Madarsa Unrecognized,1 To 5,2-Girls,2-Urban,NA,,Nandyal Ward No. 37,Nandyal-Municipality,NANDAMURINAGAR NANDYAL,518501,,https://kys.udiseplus.gov.in/#/schooldetail/4700436/12,4700436,24/06/2021 22:37,2367
******00161 Closed,Closed,MADARASA MADEENATHUL ULOOM (ISLAMPETA),,,,Andhra Pradesh,1-Primary,98-Madarsa Unrecognized,1 To 5,1-Boys,2-Urban,NA,,Atmakurknl Ward No. 5,Atmakur (Kurnool)-Municipality,ISLAMPETA ATMAKUR,518422,,https://kys.udiseplus.gov.in/#/schooldetail/4698549/12,4698549,15/10/2020 12:18,2367
******00162 Closed,Closed,MADARASA MADEENATHUL ULOOM NISWAN (GIRLS) (X WARD),,,,Andhra Pradesh,1-Primary,98-Madarsa Unrecognized,1 To 5,2-Girls,2-Urban,NA,,Atmakurknl Ward No. 16,Atmakur (Kurnool)-Municipality,VADLA PETA ATMAKUR MANDAL,518422,,https://kys.udiseplus.gov.in/#/schooldetail/4698550/12,4698550,15/10/2020 12:18,2367
******00970 Permanently Closed,,MADARASAS-E-ARABIA-UMMA-E-SALMAN NDK,,,,Andhra Pradesh,1-Primary,98-Madarsa Unrecognized,1 To 5,2-Girls,2-Urban,NA,,Nandikotkur Ward No. 10,Nandikotkur-Town Panchayat,NA,518401,,https://kys.udiseplus.gov.in/#/schooldetail/4717351/12,4717351,15/10/2020 12:18,2367
******91534 Operational,,MADARASA-TAALIMUDDIN NISWAN NDL,,,,Andhra Pradesh,1-Primary,98-Madarsa Unrecognized,1 To 5,3-Co-educational,2-Urban,NA,,Nandyal (M) - Ward No.4,Nandyal-Municipality,NEAR PEDDA MARKET NANDYAL,518501,,https://kys.udiseplus.gov.in/#/schooldetail/4700675/12,4700675,11/11/2024 10:38,2367
******00654 Operational,,MADINATUL ULOOM LIL BANAATH,,,,Andhra Pradesh,2-Primary with Upper Primary,98-Madarsa Unrecognized,1 To 8,2-Girls,2-Urban,NA,,Nandyal (M) - Ward No.12,Nandyal-Municipality,GURRALA PETA NANDYAL,518501,,https://kys.udiseplus.gov.in/#/schooldetail/4699302/12,4699302,15/10/2020 12:18,2367
******00646 Permanently Closed,,MADRASA NOORUL ULOOM ALIYA NISWAN,,,,Andhra Pradesh,2-Primary with Upper Primary,98-Madarsa Unrecognized,1 To 7,2-Girls,2-Urban,NA,,Nandyal (M) - Ward No.3,Nandyal-Municipality,NA,518502,,https://kys.udiseplus.gov.in/#/schooldetail/4717444/12,4717444,15/10/2020 12:18,2367
******00648 Operational,,MADRSA JAMIA AYESHA LILBANAAT NANDYAL,,,,Andhra Pradesh,2-Primary with Upper Primary,98-Madarsa Unrecognized,1 To 8,2-Girls,2-Urban,NA,,Nandyal (M) - Ward No.5,Nandyal-Municipality,NABI NAGAR NANDYAL,518501,jaeahs66[at]gmail[dot]com,https://kys.udiseplus.gov.in/#/schooldetail/4700423/12,4700423,12/03/2024 11:51,2367
******03105 Closed,Closed,MAHABOOB AIDEDPS B.PALLI,,,,Andhra Pradesh,1-Primary,35-Pvt.Aided,1 To 5,3-Co-educational,1-Rural,Banaganapalle,Banaganapalle (Ct),,,BANAGANAPALLE B.PALLI BANAGANAPALLE(VILLAGE) BANAGANAPALLI(MANDAL) KURNOOL(DIST),518124,meo.banaganapalli[at]gmail[dot]com,https://kys.udiseplus.gov.in/#/schooldetail/4701298/12,4701298,20/12/2023 14:49,2367
******90669 Operational,,MAHABOOBIA AIDED URDU PS MOOLASAGARAM,,,,Andhra Pradesh,1-Primary,35-Pvt.Aided,1 To 5,3-Co-educational,2-Urban,NA,,MOOLASAGARAM(RURAL) Ward No.33,Nandyal-Municipality,MOOLASAGARAM NANDYAL NANDYAL (M)(VILLAGE) NANDYAL(MANDAL) KURNOOL(DIST),518502,mahaboobiaaidedurdups[at]gmail[dot]com,https://kys.udiseplus.gov.in/#/schooldetail/4700558/12,4700558,12/03/2024 11:25,2367
******00311 Operational,,MAHANANDESWARA PS,,,,Andhra Pradesh,2-Primary with Upper Primary,38-Pvt.Unaided,1 To 7,3-Co-educational,1-Rural,Mahanandi,Thimmapuram,,,M.THIMMAPURAM MAHANANDI THIMMAPURAM(VILLAGE) MAHANANDI(MANDAL) KURNOOL(DIST),518512,haribabuyerraguntla11[at]gmail[dot]com,https://kys.udiseplus.gov.in/#/schooldetail/4700699/12,4700699,16/06/2023 15:21,2367
******00910 Closed,Closed,MAQDOOM AIDED URDU PS ALLAGADDA,,,,Andhra Pradesh,1-Primary,35-Pvt.Aided,1 To 5,3-Co-educational,2-Urban,NA,,Allagadda Ward no. 11,Allagadda-Town Panchayat,NEAR NEW MOSQUE ALLAGADDA ALLAGADDA(VILLAGE) ALLAGADDA(MANDAL) KURNOOL(DIST),518543,,https://kys.udiseplus.gov.in/#/schooldetail/4700887/12,4700887,05/02/2026 19:25,2367
******90680 Closed,Closed,MARGADARSHI V.N SISU MANDIR TEKKE,,,,Andhra Pradesh,2-Primary with Upper Primary,38-Pvt.Unaided,1 To 7,3-Co-educational,2-Urban,NA,,Nandyal (M) - Ward No.15,Nandyal-Municipality,TEKKE NEAR POLITECNIC COLLEGE NANDYAL NANDYAL (M)(VILLAGE) NANDYAL(MANDAL) KURNOOL(DIST),518501,margadarshividyaniketanndl[at]gmail[dot]com,https://kys.udiseplus.gov.in/#/schooldetail/4700561/12,4700561,03/10/2025 16:04,2367
******91540 Operational,,MARGADARSI EM/TM UPS NANDAMURINAGAR NDL,,,,Andhra Pradesh,2-Primary with Upper Primary,38-Pvt.Unaided,1 To 7,3-Co-educational,2-Urban,NA,,Nandyal Ward No. 37,Nandyal-Municipality,NANDAMURINAGAR,518501,margadarshi.nmn05[at]gmail[dot]com,https://kys.udiseplus.gov.in/#/schooldetail/4700679/12,4700679,24/06/2021 22:39,2367
******00169 Operational,,MARIA EM HS KARIVENA,,,,Andhra Pradesh,7-Upper Pr. and Secondary,38-Pvt.Unaided,6 To 10,3-Co-educational,1-Rural,Atmakur,Karivena,,,KARIVENA VI ATMAKUR MANDAL,518422,mariaemschool[at]gmail[dot]com,https://kys.udiseplus.gov.in/#/schooldetail/4698556/12,4698556,09/05/2022 16:51,2367
******00165 Operational,,MARIA ENGLISH MEDIUM SCHOOL KARIVENA,,,,Andhra Pradesh,1-Primary,38-Pvt.Unaided,1 To 5,3-Co-educational,1-Rural,Atmakur,Karivena,,,KARIVENA Villaage ATMAKUR Mandal KURNOOL Dist Pin 518422,518422,mariaemschool[at]gmail[dot]com,https://kys.udiseplus.gov.in/#/schooldetail/4698552/12,4698552,21/04/2023 15:31,2367
******00403 Permanently Closed,,MASTER E.K VIDYALAYA SUNNIPENTA,,,,Andhra Pradesh,2-Primary with Upper Primary,38-Pvt.Unaided,1 To 7,3-Co-educational,1-Rural,NA,NA,,,NA,518102,,https://kys.udiseplus.gov.in/#/schooldetail/4717364/12,4717364,15/10/2020 12:18,2367
******91484 Operational,,Master H.S Nadigadda Nandyal,,,,Andhra Pradesh,7-Upper Pr. and Secondary,38-Pvt.Unaided,6 To 10,3-Co-educational,2-Urban,NA,,Nandyal (M) - Ward No.2,Nandyal-Municipality,NADIGADDA NANDYAL,518501,masteremtmhighschool.ndl[at]gmail[dot]com,https://kys.udiseplus.gov.in/#/schooldetail/4700637/12,4700637,15/10/2020 12:18,2367
******91488 Operational,,MASTER PRIMARY SCHOOL NANDYAL,,,,Andhra Pradesh,1-Primary,38-Pvt.Unaided,1 To 5,3-Co-educational,2-Urban,NA,,Nandyal (M) - Ward No.2,Nandyal-Municipality,NADIGADDA NANDYAL,518501,masteremtmhighschool.ndl[at]gmail[dot]com,https://kys.udiseplus.gov.in/#/schooldetail/4700642/12,4700642,21/04/2023 15:31,2367
******00905 Operational,,MJPAPBCWRES(G)NERAWADA,,,,Andhra Pradesh,3-Pr. with Up.Pr. Sec. and H.Sec.,66-BC Welfare,5 To 12,2-Girls,1-Rural,Panyam,Nerawada,,,NERAWADA PANYAM NERAWADA(VILLAGE) PANYAM(MANDAL) KURNOOL(DIST),518112,mjpapbcwreisgirlsnandyal[at]gmail[dot]com,https://kys.udiseplus.gov.in/#/schooldetail/4700253/12,4700253,09/08/2024 12:36,2367
******00988 Operational,,MJPAPBCW RESIDENTIAL SCHOOL FOR GIRLS ALLAGADDA,,,,Andhra Pradesh,6-Pr. Up Pr. and Secondary Only,66-BC Welfare,5 To 10,2-Girls,2-Urban,NA,,Allagadda Ward no. 8,Allagadda-Town Panchayat,MJPABCW Allagadda mandal nandyal dt,518543,mjpapbcwreisallagadda[at]gmail[dot]com,https://kys.udiseplus.gov.in/#/schooldetail/4719618/12,4719618,26/12/2025 16:39,2367
******00352 Operational,,MJPAPBCWRS (B) BETHAMCHERLA,,,,Andhra Pradesh,3-Pr. with Up.Pr. Sec. and H.Sec.,66-BC Welfare,5 To 12,1-Boys,2-Urban,NA,,Election Ward No.2,BETHAMCHERLA-Town Panchayat,OPPOSITE MODEL SCHOOL GORUMANKONDA BETHAMCHERLA,518599,mjpbethamcherla2022[at]gmail[dot]com,https://kys.udiseplus.gov.in/#/schooldetail/4720767/12,4720767,27/12/2025 12:48,2367
******03609 Operational,,MJPAPBCWR SCHOOL BOYS ILLURUKOTHAPENTA,,,,Andhra Pradesh,6-Pr. Up Pr. and Secondary Only,66-BC Welfare,3 To 10,1-Boys,1-Rural,Banaganapalle,Illurukothapalle,,,MJPAPBCWR SCHOOL BOYS ILLURUKOTHAPENTA,518186,mjpapbcwrsboysbanaganapalli[at]gmail[dot]com,https://kys.udiseplus.gov.in/#/schooldetail/4721077/12,4721077,11/04/2023 15:38,2367
******00353 Operational,,MJPAPBCWRS(G) DHONE,,,,Andhra Pradesh,3-Pr. with Up.Pr. Sec. and H.Sec.,66-BC Welfare,5 To 12,2-Girls,2-Urban,NA,,Dhone Ward No. 2,Dhone(M)-Municipality,NEAR AYYAPPA SWAMY TEMPLE DHONE,518222,mjpapbcwrsdhone[at]gmail[dot]com,https://kys.udiseplus.gov.in/#/schooldetail/4720768/12,4720768,20/09/2024 16:28,2367
******90808 Operational,,MJPAPBCWR SUNNIPENTA,,,,Andhra Pradesh,6-Pr. Up Pr. and Secondary Only,66-BC Welfare,5 To 10,1-Boys,1-Rural,Srisailam,NA,,,WESTRAN COLONY SUNNIPENTA (VILLAGE) SRISAILAM(MANDAL) KURNOOL(DIST),518102,mjpsrisailam[at]gmail[dot]com,https://kys.udiseplus.gov.in/#/schooldetail/4697556/12,4697556,09/08/2024 12:39,2367
******90234 Operational,,MMCS SREE NARAYANA HIGH SCHOOL BETHAMCHERLA,,,,Andhra Pradesh,7-Upper Pr. and Secondary,38-Pvt.Unaided,6 To 10,3-Co-educational,2-Urban,NA,,Election Ward No.3,BETHAMCHERLA-Town Panchayat,BETHAMCHERLA BETHAMCHERLA KURNOOL 518599,518599,sureshbiology[at]gmail[dot]com,https://kys.udiseplus.gov.in/#/schooldetail/4700193/12,4700193,15/10/2020 12:18,2367
******90235 Operational,,MMCS SRE NARAYANA PRIMARY SCHOOL B.CHERLA,,,,Andhra Pradesh,1-Primary,38-Pvt.Unaided,1 To 5,3-Co-educational,2-Urban,NA,,Election Ward No.3,BETHAMCHERLA-Town Panchayat,BETHAMCHERLA BETHAMCHERLA KURNOOL 518599,518599,gadesaketh[at]gmail[dot]com,https://kys.udiseplus.gov.in/#/schooldetail/4700194/12,4700194,30/12/2025 17:01,2367
******91547 Operational,,MOHAMMAD ARSHAD MADARASA,,,,Andhra Pradesh,2-Primary with Upper Primary,98-Madarsa Unrecognized,1 To 7,3-Co-educational,2-Urban,NA,,Nandyal (M) - Ward No.15,Nandyal-Municipality,gudipati gadda nandyal,518501,arshadmadarasa[at]gmail[dot]com,https://kys.udiseplus.gov.in/#/schooldetail/4700685/12,4700685,15/10/2020 12:18,2367
******00609 Operational,,MOINUDDIN SIDDIQUE AIDEDUPS SIRVEL,,,,Andhra Pradesh,2-Primary with Upper Primary,35-Pvt.Aided,1 To 7,3-Co-educational,1-Rural,Sirivel,Sirvel,,,DAGAL PETA SIRVEL SIRVEL(VILLAGE) SIRVEL(MANDAL) KURNOOL(DIST),518563,sm.shareef1967[at]gmail[dot]com,https://kys.udiseplus.gov.in/#/schooldetail/4699641/12,4699641,19/09/2024 09:33,2367
******00619 Operational,,MORNING STAR EMS CHAPIREVULA,,,,Andhra Pradesh,1-Primary,38-Pvt.Unaided,1 To 5,3-Co-educational,1-Rural,Nandyal,Chapirevula,,,CHAPIREVULA(PO) NANDYAL NANDYAL(VILLAGE) NANDYAL(MANDAL) KURNOOL(DIST),518502,morningstarchapirevula[at]gmail[dot]com,https://kys.udiseplus.gov.in/#/schooldetail/4700401/12,4700401,21/04/2023 15:31,2367
******00613 Operational,,MORNING STAR E.M. SCHOOL CHAPIREVULA,,,,Andhra Pradesh,7-Upper Pr. and Secondary,38-Pvt.Unaided,6 To 10,3-Co-educational,1-Rural,Nandyal,Chapirevula,,,CHAPIREVULA NANDYAL NANDYAL(VILLAGE) NANDYAL(MANDAL) KURNOOL(DIST),518502,morningstarchapirevula[at]gmail[dot]com,https://kys.udiseplus.gov.in/#/schooldetail/4699274/12,4699274,15/10/2020 12:18,2367
******01606 Operational,,MOTHER LAP EM UP SCHOOL THIMMANAYUNIPETA,,,,Andhra Pradesh,2-Primary with Upper Primary,38-Pvt.Unaided,1 To 8,3-Co-educational,1-Rural,Kolimigundla,Thimmanayunipeta,,,thimmanayunipeta,518166,motherlapschool77[at]gmail[dot]com,https://kys.udiseplus.gov.in/#/schooldetail/4701457/12,4701457,21/04/2023 15:31,2367
******01023 Operational,,MOTHER MODEL HS OWK,,,,Andhra Pradesh,7-Upper Pr. and Secondary,38-Pvt.Unaided,6 To 10,3-Co-educational,1-Rural,Owk,Owk,,,OWK OWK OWK(VILLAGE) OWK(MANDAL) KURNOOL(DIST),518122,muchalapurIsreenivas[at]gmail[dot]com,https://kys.udiseplus.gov.in/#/schooldetail/4701499/12,4701499,11/05/2022 15:08,2367
******01021 Operational,,MOTHER P.S OWK,,,,Andhra Pradesh,1-Primary,38-Pvt.Unaided,1 To 5,3-Co-educational,1-Rural,Owk,Owk,,,OWK OWK OWK(VILLAGE) OWK(MANDAL) KURNOOL(DIST),518122,sreenivasmuchalapuri[at]gmail[dot]com,https://kys.udiseplus.gov.in/#/schooldetail/4701497/12,4701497,21/04/2023 15:31,2367
******00815 Operational,,MOTHER THERESSAVM Pri SCHOOL SOMAYAJULAPALLI,,,,Andhra Pradesh,1-Primary,38-Pvt.Unaided,1 To 5,3-Co-educational,1-Rural,Bandi Atmakur,Ernapadu,,,SOMAYAJULA PALLE BANDI ATMAKUR BANDI ATMAKUR(VILLAGE) BANDIATMAKUR(MANDAL) KURNOOL(DIST),518513,mtserds[at]gmail[dot]com,https://kys.udiseplus.gov.in/#/schooldetail/4700356/12,4700356,09/09/2024 12:33,2367
******00826 Operational,,MOTHER THERISA VIDYAMANDIR HIGH SCHOOL SOMAYAJULAPALLI B ATK,,,,Andhra Pradesh,7-Upper Pr. and Secondary,38-Pvt.Unaided,6 To 10,3-Co-educational,1-Rural,Bandi Atmakur,Ernapadu,,,SINGAVARAM singavaram village,518513,mtvmhs[at]gmail[dot]com,https://kys.udiseplus.gov.in/#/schooldetail/4719603/12,4719603,08/05/2022 11:21,2367
******00365 Operational,,MOTHER THERISSA VOCATIONAL JUNIOR COLLEGE PEDDAKOTTALA,,,,Andhra Pradesh,11-Higher Secondary only/Jr. College,38-Pvt.Unaided,11 To 12,3-Co-educational,1-Rural,Nandyal,Kottala,,,SUGALI METTA NEAR PEDDAKOTTALA,518502,,https://kys.udiseplus.gov.in/#/schooldetail/4720779/12,4720779,11/04/2023 17:42,2367
******01538 Operational,,MOULANA AZAD UP EM SCHOOL CHAGALAMARRI,,,,Andhra Pradesh,2-Primary with Upper Primary,38-Pvt.Unaided,1 To 7,3-Co-educational,1-Rural,Chagalamarri,Chagalamarri,,,Sivalayam Street Peddamakanam Chagalamarri,518553,majrcollege[at]gmail[dot]com,https://kys.udiseplus.gov.in/#/schooldetail/4701026/12,4701026,21/04/2023 15:31,2367
******00902 Operational,,MPES(M) GOSPADU,,,,Andhra Pradesh,1-Primary,33-MPP_ZPP SCHOOLS,1 To 5,3-Co-educational,1-Rural,Gospadu,Gospadu,,,GOSPADU GOSPADU GOSPADU(VILLAGE) GOSPADU(MANDAL) KURNOOL(DIST),518674,malli1.god[at]gmail[dot]com,https://kys.udiseplus.gov.in/#/schooldetail/4701128/12,4701128,19/12/2025 11:05,2367
******00402 Operational,,MPES(M) PD.PURAM,,,,Andhra Pradesh,1-Primary,33-MPP_ZPP SCHOOLS,1 To 5,3-Co-educational,1-Rural,Bandi Atmakur,Pedda Devalapuram,,,PEDDA DEVALAPURAM PEDDA DEVALAPURAM PEDDA DEVALAPURAM(VILLAGE) BANDIATMAKUR(MANDAL) KURNOOL(DIST),518523,yennam.ammulu[at]gmail[dot]com,https://kys.udiseplus.gov.in/#/schooldetail/4700330/12,4700330,15/10/2020 12:18,2367
******00707 Operational,,MPES(NP) JUPADU BUNGLOW,,,,Andhra Pradesh,1-Primary,33-MPP_ZPP SCHOOLS,1 To 5,3-Co-educational,1-Rural,Jupadu Bungalow,Bannur,,,JUPADU BUNGLOW JUPADU BUNGLOW BANNUR(VILLAGE) J-BANGLAW(MANDAL) KURNOOL(DIST),518401,mppsnpjbunglow7[at]gmail[dot]com,https://kys.udiseplus.gov.in/#/schooldetail/4698723/12,4698723,09/05/2022 17:13,2367
******90681 Operational,,MPL HIGH SCHOOL M.S NAGAR,,,,Andhra Pradesh,6-Pr. Up Pr. and Secondary Only,34-MUNCIPAL,1 To 10,3-Co-educational,2-Urban,NA,,MOOLASAGARAM(RURAL) Ward No.33,Nandyal-Municipality,M.S.NAGAR NANDYAL NANDYAL (M)(VILLAGE) NANDYAL(MANDAL) KURNOOL(DIST),518502,Prasadchandragiri[at]gmail[dot]com,https://kys.udiseplus.gov.in/#/schooldetail/4700562/12,4700562,17/07/2025 14:05,2367
******91402 Operational,,MPL HIGH SCHOOL TEKKE,,,,Andhra Pradesh,7-Upper Pr. and Secondary,34-MUNCIPAL,6 To 10,3-Co-educational,2-Urban,NA,,Nandyal (M) - Ward No.15,Nandyal-Municipality,TEKKE NANDYAL NANDYAL (M)-2(VILLAGE) NANDYAL(MANDAL) KURNOOL(DIST),518501,hmmhstekke65[at]gmail[dot]com,https://kys.udiseplus.gov.in/#/schooldetail/4700577/12,4700577,15/10/2020 12:18,2367
******91543 Operational,,MPL HS FOR GIRLS URDU MULLAN PETA,,,,Andhra Pradesh,7-Upper Pr. and Secondary,34-MUNCIPAL,6 To 10,3-Co-educational,2-Urban,NA,,Nandyal (M) - Ward No.10,Nandyal-Municipality,MULLANPETA NANDYAL,518501,mplhsug.mullanpeta[at]gmail[dot]com,https://kys.udiseplus.gov.in/#/schooldetail/4700683/12,4700683,08/07/2025 11:16,2367
******91401 Operational,,MPLHS GURSELAPETA,,,,Andhra Pradesh,7-Upper Pr. and Secondary,34-MUNCIPAL,6 To 10,3-Co-educational,2-Urban,NA,,Nandyal (M) - Ward No.12,Nandyal-Municipality,GURSELAPETA NANDYAL NANDYAL (M)-2(VILLAGE) NANDYAL(MANDAL) KURNOOL(DIST),518501,knmmplhighschool[at]gmail[dot]com,https://kys.udiseplus.gov.in/#/schooldetail/4650430/12,4650430,26/06/2025 10:21,2367
******91403 Operational,,MPLHS NGOS COLONY,,,,Andhra Pradesh,7-Upper Pr. and Secondary,34-MUNCIPAL,6 To 10,3-Co-educational,2-Urban,NA,,Nandyal (M) - Ward No.28,Nandyal-Municipality,N G O S COLONY NANDYAL NANDYAL (M)-2(VILLAGE) NANDYAL(MANDAL) KURNOOL(DIST),518502,mplhsngocolony[at]gmail[dot]com,https://kys.udiseplus.gov.in/#/schooldetail/4700578/12,4700578,15/10/2020 12:18,2367
******90605 Operational,,MPL HS (U) YSR NAGAR,,,,Andhra Pradesh,6-Pr. Up Pr. and Secondary Only,34-MUNCIPAL,1 To 10,3-Co-educational,2-Urban,NA,,Nandyal Ward No. 38,Nandyal-Municipality,YSR NAGAR NANDYAL (M)(VILLAGE) NANDYAL(MANDAL) KURNOOL(DIST),518501,mplupsuysrnagar[at]gmail[dot]com,https://kys.udiseplus.gov.in/#/schooldetail/4700496/12,4700496,23/06/2025 10:37,2367
******90625 Operational,,MPLPS BOLLEDEDULA VEEDHI,,,,Andhra Pradesh,1-Primary,34-MUNCIPAL,1 To 5,3-Co-educational,2-Urban,NA,,Nandyal (M) - Ward No.14,Nandyal-Municipality,BOLLEDEDULA VEEDHI NANDYAL NANDYAL (M)(VILLAGE) NANDYAL(MANDAL) KURNOOL(DIST),518501,meo.nandyal34[at]gmail[dot]com,https://kys.udiseplus.gov.in/#/schooldetail/4700517/12,4700517,12/03/2024 11:13,2367
******90624 Operational,,MPLPS BOMMALSATRAM,,,,Andhra Pradesh,1-Primary,34-MUNCIPAL,1 To 5,3-Co-educational,2-Urban,NA,,Nandyal (M) - Ward No.30,Nandyal-Municipality,29th WARD NANDYAL NANDYAL (M)(VILLAGE) NANDYAL(MANDAL) KURNOOL(DIST),518501,mplbommalasatram[at]gmail[dot]com,https://kys.udiseplus.gov.in/#/schooldetail/4700516/12,4700516,12/03/2024 11:12,2367
******90617 Operational,,MPLPS BYRMAL STREET,,,,Andhra Pradesh,1-Primary,34-MUNCIPAL,1 To 5,3-Co-educational,2-Urban,NA,,Nandyal (M) - Ward No.3,Nandyal-Municipality,BYRMAL STREET NANDYAL NANDYAL (M)(VILLAGE) NANDYAL(MANDAL) KURNOOL(DIST),518501,meo.nandyal34[at]gmail[dot]com,https://kys.udiseplus.gov.in/#/schooldetail/4700509/12,4700509,15/10/2020 12:18,2367
******90690 Operational,,MPLPS DEVANAGAR,,,,Andhra Pradesh,1-Primary,34-MUNCIPAL,1 To 5,3-Co-educational,2-Urban,NA,,Nandyal (M) - Ward No.28,Nandyal-Municipality,DEVANAGAR NANDYAL NANDYAL (M)(VILLAGE) NANDYAL(MANDAL) KURNOOL(DIST),518502,balamartha89[at]gmail[dot]com,https://kys.udiseplus.gov.in/#/schooldetail/4700571/12,4700571,15/10/2020 12:18,2367
******90627 Operational,,MPLPS(ENGLISH) NOONEPALLI,,,,Andhra Pradesh,1-Primary,34-MUNCIPAL,1 To 5,3-Co-educational,2-Urban,NA,,Nandyal (M) - Ward No.21,Nandyal-Municipality,NOONEPALLE NANDYAL NANDYAL (M)(VILLAGE) NANDYAL(MANDAL) KURNOOL(DIST),518502,,https://kys.udiseplus.gov.in/#/schooldetail/4700521/12,4700521,12/03/2024 11:20,2367
******90685 Operational,,MPLPS FORT SANTHA GATE,,,,Andhra Pradesh,1-Primary,34-MUNCIPAL,1 To 5,3-Co-educational,2-Urban,NA,,Nandyal (M) - Ward No.17,Nandyal-Municipality,SANTHA GATE NANDYAL NANDYAL (M)(VILLAGE) NANDYAL(MANDAL) KURNOOL(DIST),518501,pogulagopalreddy[at]gmail[dot]com,https://kys.udiseplus.gov.in/#/schooldetail/4700566/12,4700566,12/03/2024 11:43,2367
******90686 Operational,,MPLPS GUDIPATIGADDA,,,,Andhra Pradesh,1-Primary,34-MUNCIPAL,1 To 5,3-Co-educational,2-Urban,NA,,Nandyal (M) - Ward No.9,Nandyal-Municipality,BONYHALAVEEDHI NANDYAL NANDYAL (M)(VILLAGE) NANDYAL(MANDAL) KURNOOL(DIST),518501,meo.nandyal34[at]gmail[dot]com,https://kys.udiseplus.gov.in/#/schooldetail/4700568/12,4700568,15/10/2020 12:18,2367
******90614 Closed,Closed,MPLPS (HIGHSCHOOL STREET),,,,Andhra Pradesh,1-Primary,34-MUNCIPAL,1 To 5,3-Co-educational,2-Urban,NA,,Nandyal (M) - Ward No.4,Nandyal-Municipality,HIGH SCHOOL STREET NANDYAL NANDYAL (M)(VILLAGE) NANDYAL(MANDAL) KURNOOL(DIST),518501,ramuluudayagiri[at]gmail[dot]com,https://kys.udiseplus.gov.in/#/schooldetail/4700506/12,4700506,04/08/2025 11:49,2367
******90622 Operational,,MPLPS MOOLASAGARAM,,,,Andhra Pradesh,1-Primary,34-MUNCIPAL,1 To 5,3-Co-educational,2-Urban,NA,,Nandyal (M) - Ward No.26,Nandyal-Municipality,NOOLASAGARAM NEW NANDYAL NANDYAL (M)(VILLAGE) NANDYAL(MANDAL) KURNOOL(DIST),518502,meo.nandyal34[at]gmail[dot]com,https://kys.udiseplus.gov.in/#/schooldetail/4700514/12,4700514,15/10/2020 12:18,2367
******90620 Operational,,MPLPS(PETA) ROJAKUNTA,,,,Andhra Pradesh,1-Primary,34-MUNCIPAL,1 To 5,3-Co-educational,2-Urban,NA,,Nandyal (M) - Ward No.16,Nandyal-Municipality,ROJA KUNTA NANDYAL NANDYAL (M)(VILLAGE) NANDYAL(MANDAL) KURNOOL(DIST),518501,bhumasathya20[at]gmail[dot]com,https://kys.udiseplus.gov.in/#/schooldetail/4700512/12,4700512,15/10/2020 12:18,2367
******90623 Operational,,MPLPS SADIQ NAGAR,,,,Andhra Pradesh,1-Primary,34-MUNCIPAL,1 To 5,3-Co-educational,2-Urban,NA,,Nandyal (M) - Ward No.28,Nandyal-Municipality,SADIQ NAGAR NANDYAL NANDYAL (M)(VILLAGE) NANDYAL(MANDAL) KURNOOL(DIST),518501,sadiqnagarmplps[at]gmail[dot]com,https://kys.udiseplus.gov.in/#/schooldetail/4700515/12,4700515,12/03/2024 11:36,2367
******90613 Operational,,MPLPS SAIBABA PETA,,,,Andhra Pradesh,1-Primary,34-MUNCIPAL,1 To 5,3-Co-educational,2-Urban,NA,,Nandyal (M) - Ward No.28,Nandyal-Municipality,SAIBABA PETA NANDYAL NANDYAL (M)(VILLAGE) NANDYAL(MANDAL) KURNOOL(DIST),518502,narlavenkatasubbareddy[at]gmail[dot]com,https://kys.udiseplus.gov.in/#/schooldetail/4700505/12,4700505,15/10/2020 12:18,2367
******90606 Operational,,MPLPS SANTHA GATE,,,,Andhra Pradesh,1-Primary,34-MUNCIPAL,1 To 5,3-Co-educational,2-Urban,NA,,Nandyal (M) - Ward No.21,Nandyal-Municipality,SANTHA GATE NANDYAL NANDYAL (M)(VILLAGE) NANDYAL(MANDAL) KURNOOL(DIST),518501,farhin5131[at]gmail[dot]com,https://kys.udiseplus.gov.in/#/schooldetail/4700497/12,4700497,12/03/2024 11:08,2367
******90619 Operational,,MPLPS(SPL) BOGGULINE,,,,Andhra Pradesh,1-Primary,34-MUNCIPAL,1 To 5,3-Co-educational,2-Urban,NA,,Nandyal (M) - Ward No.30,Nandyal-Municipality,BOGGULINE NANDYAL NANDYAL (M)(VILLAGE) NANDYAL(MANDAL) KURNOOL(DIST),518502,eswarareddyamini77[at]gmail[dot]com,https://kys.udiseplus.gov.in/#/schooldetail/4700511/12,4700511,15/10/2020 12:18,2367
******90612 Operational,,MPLPS SUNKALAMMPETA,,,,Andhra Pradesh,1-Primary,34-MUNCIPAL,1 To 5,3-Co-educational,2-Urban,NA,,Nandyal (M) - Ward No.5,Nandyal-Municipality,SUNKALAMMPETA NANDYAL NANDYAL (M)(VILLAGE) NANDYAL(MANDAL) KURNOOL(DIST),518501,upparilakshmanna981[at]gmail[dot]com,https://kys.udiseplus.gov.in/#/schooldetail/4700504/12,4700504,15/10/2020 12:18,2367
******90621 Operational,,MPLPS TEKKE,,,,Andhra Pradesh,1-Primary,34-MUNCIPAL,1 To 5,3-Co-educational,2-Urban,NA,,Nandyal (M) - Ward No.14,Nandyal-Municipality,TEKKE NANDYAL NANDYAL (M)(VILLAGE) NANDYAL(MANDAL) KURNOOL(DIST),518501,meo.nandyal34[at]gmail[dot]com,https://kys.udiseplus.gov.in/#/schooldetail/4700513/12,4700513,12/03/2024 12:24,2367
******90618 Operational,,MPLPS TELUGU PETA,,,,Andhra Pradesh,1-Primary,34-MUNCIPAL,1 To 5,3-Co-educational,2-Urban,NA,,Nandyal (M) - Ward No.10,Nandyal-Municipality,TELUGUPETA STREET NANDYAL NANDYAL (M)(VILLAGE) NANDYAL(MANDAL) KURNOOL(DIST),518501,gorantlavani100[at]gmail[dot]com,https://kys.udiseplus.gov.in/#/schooldetail/4700510/12,4700510,21/09/2024 10:01,2367
******90611 Operational,,MPLPS(UB) MULLANPETA,,,,Andhra Pradesh,1-Primary,34-MUNCIPAL,1 To 5,3-Co-educational,2-Urban,NA,,Nandyal (M) - Ward No.10,Nandyal-Municipality,MULLANPETA NANDYAL NANDYAL (M)(VILLAGE) NANDYAL(MANDAL) KURNOOL(DIST),518501,asma8142848679[at]gmail[dot]com,https://kys.udiseplus.gov.in/#/schooldetail/4700503/12,4700503,15/10/2020 12:18,2367
******90609 Operational,,MPL PS (UB) VC COLONY,,,,Andhra Pradesh,1-Primary,34-MUNCIPAL,1 To 5,3-Co-educational,2-Urban,NA,,Nandyal Ward No. 34,Nandyal-Municipality,V C COLONY NANDYAL NANDYAL (M)(VILLAGE) NANDYAL(MANDAL) KURNOOL(DIST),518502,fayazsyed2234[at]gmail[dot]com,https://kys.udiseplus.gov.in/#/schooldetail/4700500/12,4700500,21/06/2025 19:24,2367
******90610 Operational,,MPLPS(UG) SALEEM NAGAR,,,,Andhra Pradesh,1-Primary,34-MUNCIPAL,1 To 5,3-Co-educational,2-Urban,NA,,Nandyal Ward No. 35,Nandyal-Municipality,SALEEM NAGAR NANDYAL NANDYAL (M)(VILLAGE) NANDYAL(MANDAL) KURNOOL(DIST),518501,meo.nandyal34[at]gmail[dot]com,https://kys.udiseplus.gov.in/#/schooldetail/4700502/12,4700502,15/10/2020 12:18,2367
******90607 Operational,,MPLPS(U) KHAZIKOTI,,,,Andhra Pradesh,1-Primary,34-MUNCIPAL,1 To 5,3-Co-educational,2-Urban,NA,,Nandyal (M) - Ward No.9,Nandyal-Municipality,KHAZIKOTI NANDYAL NANDYAL (M)(VILLAGE) NANDYAL(MANDAL) KURNOOL(DIST),518501,farhin5131[at]gmail[dot]com,https://kys.udiseplus.gov.in/#/schooldetail/4700498/12,4700498,15/10/2020 12:18,2367
******90661 Operational,,MPL PS(U) MULLANPETA,,,,Andhra Pradesh,1-Primary,34-MUNCIPAL,1 To 5,3-Co-educational,2-Urban,NA,,Nandyal (M) - Ward No.10,Nandyal-Municipality,"MULLANPETA, NANDYAL, NANDYAL (M)(VILLAGE) NANDYAL(MANDAL) NANDYAL(DIST)",518501,mplpsug.mullanpeta[at]gmail[dot]com,https://kys.udiseplus.gov.in/#/schooldetail/4700545/12,4700545,31/07/2024 13:34,2367
******90608 Operational,,MPLPS(U) NADDIGADDA,,,,Andhra Pradesh,1-Primary,34-MUNCIPAL,1 To 5,3-Co-educational,2-Urban,NA,,Nandyal (M) - Ward No.7,Nandyal-Municipality,NADDIGADDA NANDYAL NANDYAL (M)(VILLAGE) NANDYAL(MANDAL) KURNOOL(DIST),518501,meo.nandyal34[at]gmail[dot]com,https://kys.udiseplus.gov.in/#/schooldetail/4700499/12,4700499,12/03/2024 11:10,2367
******90692 Operational,,MPL PS URDU NADIGADDA,,,,Andhra Pradesh,1-Primary,34-MUNCIPAL,1 To 5,3-Co-educational,2-Urban,NA,,Nandyal (M) - Ward No.3,Nandyal-Municipality,NADDIGADDA NANDYAL NANDYAL (M)(VILLAGE) NANDYAL(MANDAL) KURNOOL(DIST),518501,meo.nandyal34[at]gmail[dot]com,https://kys.udiseplus.gov.in/#/schooldetail/4700573/12,4700573,31/07/2025 19:04,2367
******90626 Operational,,MPLPS YSR NAGAR,,,,Andhra Pradesh,1-Primary,34-MUNCIPAL,1 To 5,3-Co-educational,2-Urban,NA,,Nandyal Ward No. 38,Nandyal-Municipality,13th WARD NANDYAL NANDYAL (M)(VILLAGE) NANDYAL(MANDAL) KURNOOL(DIST),518501,Sugunamanchala2430[at]gmail[dot]com,https://kys.udiseplus.gov.in/#/schooldetail/4700520/12,4700520,15/10/2020 12:18,2367
******90682 Operational,,MPL SIVANANDA PS REVENUE QUATERS,,,,Andhra Pradesh,1-Primary,34-MUNCIPAL,1 To 5,3-Co-educational,2-Urban,NA,,Nandyal (M) - Ward No.29,Nandyal-Municipality,REVENUE QUARTERS NANDYAL NANDYAL (M)(VILLAGE) NANDYAL(MANDAL) KURNOOL(DIST),518501,meo.nandyal34[at]gmail[dot]com,https://kys.udiseplus.gov.in/#/schooldetail/4700563/12,4700563,12/03/2024 11:26,2367
******00202 Operational,,MPP(M) BELUM,,,,Andhra Pradesh,1-Primary,33-MPP_ZPP SCHOOLS,1 To 5,3-Co-educational,1-Rural,Kolimigundla,Belum,,,BELUM BELUM BELUM(VILLAGE) KOLIMIGUNDLA(MANDAL) KURNOOL(DIST),518123,suneethanagaradona[at]gmail[dot]com,https://kys.udiseplus.gov.in/#/schooldetail/4701407/12,4701407,12/03/2024 11:34,2367
******00803 Operational,,MPPPS K.PALLI,,,,Andhra Pradesh,1-Primary,33-MPP_ZPP SCHOOLS,1 To 5,3-Co-educational,1-Rural,Nandikotkur,Vaddamanu,,,KONETAMMAPALLI VADDAMANU VADDAMANU(VILLAGE) NANDIKOTKUR(MANDAL) KURNOOL(DIST),518432,jayasuryaraju1987[at]gmail[dot]com,https://kys.udiseplus.gov.in/#/schooldetail/4698352/12,4698352,15/10/2020 12:18,2367
******01201 Operational,,MPPS-1 MADDUR,,,,Andhra Pradesh,1-Primary,33-MPP_ZPP SCHOOLS,1 To 5,3-Co-educational,1-Rural,Panyam,Maddur,,,MADDUR MADDUR MADDUR(VILLAGE) PANYAM(MANDAL) KURNOOL(DIST),518593,nagarajunaga1970[at]gmail[dot]com,https://kys.udiseplus.gov.in/#/schooldetail/4700255/12,4700255,11/05/2022 10:41,2367
******02001 Operational,,MPPS -1YERRAGUDI,,,,Andhra Pradesh,1-Primary,33-MPP_ZPP SCHOOLS,1 To 5,3-Co-educational,1-Rural,Kolimigundla,Erragudi,,,ERRAGUDI ERRAGUDI ERRAGUDI(VILLAGE) KOLIMIGUNDLA(MANDAL) KURNOOL(DIST),518166,sudarsanchandra1967[at]gmail[dot]com,https://kys.udiseplus.gov.in/#/schooldetail/4701463/12,4701463,15/10/2020 12:18,2367
******00803 Operational,,MPPS-2 CH.MALKAPURAM,,,,Andhra Pradesh,1-Primary,33-MPP_ZPP SCHOOLS,1 To 5,3-Co-educational,1-Rural,Dhone Alias Dronachalam,Chinna Malkapuram,,,CHINNA MALAKAPURAM PD.MALKAPURAM MALKAPURAM(VILLAGE) DHONE(MANDAL) KURNOOL(DIST),518222,vsl909177[at]gmail[dot]com,https://kys.udiseplus.gov.in/#/schooldetail/4701705/12,4701705,21/09/2024 15:53,2367
******01202 Operational,,MPPS-2 MADDUR,,,,Andhra Pradesh,1-Primary,33-MPP_ZPP SCHOOLS,1 To 5,3-Co-educational,1-Rural,Panyam,Maddur,,,MADDUR MADDUR MADDUR(VILLAGE) PANYAM(MANDAL) KURNOOL(DIST),518593,,https://kys.udiseplus.gov.in/#/schooldetail/4700256/12,4700256,11/05/2022 10:41,2367
******01302 Operational,,MPPS-2 N.RACHERLA,,,,Andhra Pradesh,1-Primary,33-MPP_ZPP SCHOOLS,1 To 5,3-Co-educational,1-Rural,Peapully,Racherla,,,N.RACHERLA PEAPULLY RACHERLA(VILLAGE) PEAPULLY(MANDAL) KURNOOL(DIST),518220,devaraleela555[at]gmail[dot]com,https://kys.udiseplus.gov.in/#/schooldetail/4701590/12,4701590,15/10/2020 12:18,2367
******00603 Permanently Closed,,MPPS-2 POTHIDODDI,,,,Andhra Pradesh,1-Primary,33-MPP_ZPP SCHOOLS,1 To 5,3-Co-educational,1-Rural,Peapully,Pothidoddi,,,NA,518221,,https://kys.udiseplus.gov.in/#/schooldetail/4717518/12,4717518,15/10/2020 12:18,2367
******02002 Operational,,MPPS-2YERRAGUDI,,,,Andhra Pradesh,1-Primary,33-MPP_ZPP SCHOOLS,1 To 5,3-Co-educational,1-Rural,Kolimigundla,Erragudi,,,ERRAGUDI ERRAGUDI ERRAGUDI(VILLAGE) KOLIMIGUNDLA(MANDAL) KURNOOL(DIST),518166,npreddy944133[at]gmail[dot]com,https://kys.udiseplus.gov.in/#/schooldetail/4701464/12,4701464,15/10/2020 12:18,2367
******00804 Operational,,MPPS-3 CH.MALAKPURAM,,,,Andhra Pradesh,1-Primary,33-MPP_ZPP SCHOOLS,1 To 5,3-Co-educational,1-Rural,Dhone Alias Dronachalam,Chinna Malkapuram,,,CHINNA MALAKAPURAM PD.MALKAPURAM MALKAPURAM(VILLAGE) DHONE(MANDAL) KURNOOL(DIST),518222,goramvenkatalakshmi[at]gmail[dot]com,https://kys.udiseplus.gov.in/#/schooldetail/4701701/12,4701701,21/09/2024 15:54,2367
******01702 Operational,,MPPS 49-BANNUR,,,,Andhra Pradesh,1-Primary,33-MPP_ZPP SCHOOLS,1 To 5,3-Co-educational,1-Rural,Midthur,Bannur,,,BANNUR BANNUR 49-BANNUR(VILLAGE) MIDTHUR(MANDAL) KURNOOL(DIST),518405,mpps49bannur[at]gmail[dot]com,https://kys.udiseplus.gov.in/#/schooldetail/4698796/12,4698796,19/12/2025 19:34,2367
******00805 Operational,,MPPS -4 CH.MALKAPURAM,,,,Andhra Pradesh,1-Primary,33-MPP_ZPP SCHOOLS,1 To 5,3-Co-educational,1-Rural,Dhone Alias Dronachalam,Chinna Malkapuram,,,CHINNA KAMALAPURAM PD.MALKAPURAM MALKAPURAM(VILLAGE) DHONE(MANDAL) KURNOOL(DIST),518222,,https://kys.udiseplus.gov.in/#/schooldetail/4701711/12,4701711,21/09/2024 11:32,2367
******00501 Operational,,MPPS(4TH WARD) VELGODE,,,,Andhra Pradesh,1-Primary,33-MPP_ZPP SCHOOLS,1 To 5,3-Co-educational,1-Rural,Velugodu,Velgode,,,4TH WARD VELGODE VELGODE(VILLAGE) VELUGODU(MANDAL) KURNOOL(DIST),518533,naga.hansavath[at]gmail[dot]com,https://kys.udiseplus.gov.in/#/schooldetail/4698640/12,4698640,15/10/2020 12:18,2367
******00103 Operational,,"MPPS 5TH WARD, ATAMKUR",,,,Andhra Pradesh,1-Primary,33-MPP_ZPP SCHOOLS,1 To 5,3-Co-educational,2-Urban,NA,,Atmakurknl Ward No. 13,Atmakur (Kurnool)-Municipality,ATMAKUR 5th WARD ATMAKUR(VILLAGE) ATMAKUR(MANDAL) KURNOOL(DIST),518422,Chittiboyenamallieswari[at]gmail[dot]com,https://kys.udiseplus.gov.in/#/schooldetail/4698510/12,4698510,15/10/2020 12:18,2367
******00706 Operational,,MPPS 80-BANNUR,,,,Andhra Pradesh,1-Primary,33-MPP_ZPP SCHOOLS,1 To 5,3-Co-educational,1-Rural,Jupadu Bungalow,Bannur,,,BANNUR BANNUR BANNUR(VILLAGE) J-BANGLAW(MANDAL) KURNOOL(DIST),518401,mpupsbannur[at]gmail[dot]com,https://kys.udiseplus.gov.in/#/schooldetail/4697686/12,4697686,09/05/2022 17:17,2367
******00201 Operational,,MPPS ABBIREDDYPALLI,,,,Andhra Pradesh,1-Primary,33-MPP_ZPP SCHOOLS,1 To 5,3-Co-educational,1-Rural,Dhone Alias Dronachalam,Venkatapuram,,,ABBIREDDYPALLI VENKATAPURAM VENKATAPURAM(VILLAGE) DHONE(MANDAL) KURNOOL(DIST),518225,gunjepalirani[at]gmail[dot]com,https://kys.udiseplus.gov.in/#/schooldetail/4701620/12,4701620,20/09/2024 16:04,2367
******01201 Operational,,MPPS ABDULLAPURAM,,,,Andhra Pradesh,1-Primary,33-MPP_ZPP SCHOOLS,1 To 5,3-Co-educational,1-Rural,Kolimigundla,Abdullapuram,,,ABDULLAPURAM ABDULLAPURAM ABDULLAPURAM(VILLAGE) KOLIMIGUNDLA(MANDAL) KURNOOL(DIST),518123,hmabdullapuram05[at]gmail[dot]com,https://kys.udiseplus.gov.in/#/schooldetail/4701450/12,4701450,12/03/2024 11:41,2367
******00102 Operational,,MPPS ABIIRPURAM,,,,Andhra Pradesh,1-Primary,33-MPP_ZPP SCHOOLS,1 To 5,3-Co-educational,1-Rural,Mahanandi,Bollavaram,,,ABBIPURAM B C COLONY BOLLAVARAM BOLLAVARAM(VILLAGE) MAHANANDI(MANDAL) KURNOOL(DIST),518512,kesalunaik[at]gmail[dot]com,https://kys.udiseplus.gov.in/#/schooldetail/4699568/12,4699568,15/10/2020 12:18,2367
******01602 Operational,,MPPS AHALYAPURAM,,,,Andhra Pradesh,1-Primary,33-MPP_ZPP SCHOOLS,1 To 5,3-Co-educational,1-Rural,Panyam,Anupur,,,AHALYAPURAM ANUPUR ANUPUR(VILLAGE) PANYAM(MANDAL) KURNOOL(DIST),518112,mppsahalyapuram[at]gmail[dot]com,https://kys.udiseplus.gov.in/#/schooldetail/4700264/12,4700264,11/03/2024 21:49,2367
******01501 Operational,,MPPS AHOBILAM,,,,Andhra Pradesh,1-Primary,33-MPP_ZPP SCHOOLS,1 To 5,3-Co-educational,1-Rural,Allagadda,Ahobilam,,,AHOBILAM (HABITATION) AHOBILAM AHOBILAM(VILLAGE) ALLAGADDA(MANDAL) KURNOOL(DIST),518543,johnsonuej76[at]gmail[dot]com,https://kys.udiseplus.gov.in/#/schooldetail/4700951/12,4700951,19/09/2024 11:20,2367
******02106 Operational,,MPPS AKKAMPALLI,,,,Andhra Pradesh,1-Primary,33-MPP_ZPP SCHOOLS,1 To 5,3-Co-educational,1-Rural,Sanjamala,Nossam,,,AKKAMPALLI NOSSAM NOSSAM(VILLAGE) SANJAMALA(MANDAL) KURNOOL(DIST),518145,gaddamp03[at]gmail[dot]com,https://kys.udiseplus.gov.in/#/schooldetail/4701396/12,4701396,23/12/2025 15:52,2367
******01403 Operational,,MPPS A.KODUR,,,,Andhra Pradesh,1-Primary,33-MPP_ZPP SCHOOLS,1 To 5,3-Co-educational,1-Rural,Bandi Atmakur,Ayyavari Kodur,,,AYYAVARI KODUR AYYAVARI KODUR AYYAVARI KODUR(VILLAGE) BANDIATMAKUR(MANDAL) KURNOOL(DIST),518523,kirannandyal2002[at]gmail[dot]com,https://kys.udiseplus.gov.in/#/schooldetail/4700378/12,4700378,23/08/2024 12:59,2367
******01101 Operational,,MPPS ALAGANUR,,,,Andhra Pradesh,1-Primary,33-MPP_ZPP SCHOOLS,1 To 5,3-Co-educational,1-Rural,Midthur,Alaganur,,,ALAGANUR(VILLAGE) MIDTHUR(MANDAL) KURNOOL(DIST),518405,mppsalaganur1[at]gmail[dot]com,https://kys.udiseplus.gov.in/#/schooldetail/4698781/12,4698781,19/12/2025 19:29,2367
******01202 Operational,,MPPS ALEBAD,,,,Andhra Pradesh,1-Primary,33-MPP_ZPP SCHOOLS,1 To 5,3-Co-educational,1-Rural,Peapully,Munimadugu,,,ALEBAD MUNIMADUGU MUNIMADUGU(VILLAGE) PEAPULLY(MANDAL) KURNOOL(DIST),518220,saddunoteor1997[at]gmail[dot]com,https://kys.udiseplus.gov.in/#/schooldetail/4701587/12,4701587,28/08/2024 10:46,2367
******00502 Operational,,MPPS ALLAGADDA,,,,Andhra Pradesh,1-Primary,33-MPP_ZPP SCHOOLS,1 To 5,3-Co-educational,1-Rural,Gadivemula,Bilakala Gudur,,,ALLAGADDA BILAKALA GUDUR BILAKALA GUDUR(VILLAGE) GADIVEMULA(MANDAL) KURNOOL(DIST),518508,schoolsgadivemula[at]gmail[dot]com,https://kys.udiseplus.gov.in/#/schooldetail/4700292/12,4700292,15/10/2020 12:18,2367
******00204 Operational,,MPPS ALLI NAGAR,,,,Andhra Pradesh,1-Primary,33-MPP_ZPP SCHOOLS,1 To 5,3-Co-educational,1-Rural,Mahanandi,Bukkapuram,,,ALLI NAGAR BUKKAPURAM BUKKAPURAM(VILLAGE) MAHANANDI(MANDAL) KURNOOL(DIST),518512,allinagarammpupschool[at]gmail[dot]com,https://kys.udiseplus.gov.in/#/schooldetail/4700690/12,4700690,23/08/2024 12:51,2367
******01101 Operational,,MPPS AMADALA,,,,Andhra Pradesh,1-Primary,33-MPP_ZPP SCHOOLS,1 To 5,3-Co-educational,1-Rural,Koilakuntla,Amadala,,,AMADALA(VILLAGE) KOILAKUNTLA(MANDAL) KURNOOL(DIST),518134,akula.nagesh1965[at]gmail[dot]com,https://kys.udiseplus.gov.in/#/schooldetail/4701164/12,4701164,23/12/2025 16:28,2367
******01001 Operational,,MPPS AMBAPURAM,,,,Andhra Pradesh,1-Primary,33-MPP_ZPP SCHOOLS,1 To 5,3-Co-educational,1-Rural,Bethamcherla,Ambapuram,,,"AMBAPURAM AMBAPURAM, AMBAPURAM(VILLAGE) BETHAMCHERLA(MANDAL) KURNOOL(DIST)",518598,konarimahesh8480[at]gmail[dot]com,https://kys.udiseplus.gov.in/#/schooldetail/4700168/12,4700168,01/08/2022 16:42,2367
******00804 Operational,,MPPS AMMIREDDYNAGAR,,,,Andhra Pradesh,1-Primary,33-MPP_ZPP SCHOOLS,1 To 5,3-Co-educational,1-Rural,Dornipadu,Dornipadu,,,AMMIREDDY NAGAR (vILLAGGE) DORNIPADU(MANDAL) KURNOL(DIST),518135,mppsammireddy804[at]gmail[dot]com,https://kys.udiseplus.gov.in/#/schooldetail/4719619/12,4719619,08/05/2022 13:03,2367
******00903 Closed,Closed,MPPS ANJANEYA NAGAR,,,,Andhra Pradesh,1-Primary,33-MPP_ZPP SCHOOLS,1 To 5,3-Co-educational,1-Rural,Pagidyala,Pagidyala,,,ANJANEYANAGAR PAGIDIYALA PAGIDIYALA(VILLAGE) PAGIDALA(MANDAL) KURNOOL(DIST),518412,prasuna9441[at]gmail[dot]com,https://kys.udiseplus.gov.in/#/schooldetail/4698454/12,4698454,04/08/2025 11:55,2367
******00501 Operational,,MPPS ANNAVARAM,,,,Andhra Pradesh,1-Primary,33-MPP_ZPP SCHOOLS,1 To 5,3-Co-educational,1-Rural,Owk,Annavaram,,,ANNAVARAM(VILLAGE) OWK(MANDAL) KURNOOL(DIST),518122,meo.owk[at]gmail[dot]com,https://kys.udiseplus.gov.in/#/schooldetail/4701481/12,4701481,11/05/2022 15:28,2367
******01102 Operational,,MPPS ANUMAPALLI,,,,Andhra Pradesh,1-Primary,33-MPP_ZPP SCHOOLS,1 To 5,3-Co-educational,1-Rural,Dhone Alias Dronachalam,Eddupenta,,,HANUMAPALLI EDDUPENTA EDDUPENTA(VILLAGE) DHONE(MANDAL) KURNOOL(DIST),518222,mpps28214901102[at]gmail[dot]com,https://kys.udiseplus.gov.in/#/schooldetail/4701726/12,4701726,21/09/2024 11:20,2367
******01601 Operational,,MPPS ANUPUR,,,,Andhra Pradesh,1-Primary,33-MPP_ZPP SCHOOLS,1 To 5,3-Co-educational,1-Rural,Panyam,Anupur,,,ANUPUR ANUPUR ANUPUR(VILLAGE) PANYAM(MANDAL) KURNOOL(DIST),518112,mppsanupur601[at]gmail[dot]com,https://kys.udiseplus.gov.in/#/schooldetail/4700263/12,4700263,11/05/2022 10:43,2367
******00502 Operational,,MPPS APPANAPALLI,,,,Andhra Pradesh,1-Primary,33-MPP_ZPP SCHOOLS,1 To 5,3-Co-educational,1-Rural,Rudravaram,Chinna Kambaloor,,,APPANAPALLI APPANAPALLI CHINNAKAMBALOOR(VILLAGE) RUDRAVARAM(MANDAL) KURNOOL(DIST),518594,mppsappanapalli[at]gmail[dot]com,https://kys.udiseplus.gov.in/#/schooldetail/4700803/12,4700803,24/12/2025 11:17,2367
******02801 Operational,,MPPS APPLAPURAM,,,,Andhra Pradesh,1-Primary,33-MPP_ZPP SCHOOLS,1 To 5,3-Co-educational,1-Rural,Banaganapalle,Appalapuram,,,APPALAPURAM APPALAPURAM APPALAPURAM(VILLAGE) BANAGANAPALLI(MANDAL) KURNOOL(DIST),518124,,https://kys.udiseplus.gov.in/#/schooldetail/4701289/12,4701289,11/05/2022 11:55,2367
******00605 Operational,,"MPPS AR COLONY, PANYAM",,,,Andhra Pradesh,1-Primary,33-MPP_ZPP SCHOOLS,1 To 5,3-Co-educational,1-Rural,Panyam,Panyam,,,PANYAM A.R.COLONY PANYAM(VILLAGE) PANYAM(MANDAL) KURNOOL(DIST),518112,meo.panyam[at]gmail[dot]com,https://kys.udiseplus.gov.in/#/schooldetail/4700223/12,4700223,11/05/2022 10:29,2367
******00501 Operational,,MPPS ARJUNAPURAM,,,,Andhra Pradesh,1-Primary,33-MPP_ZPP SCHOOLS,1 To 5,3-Co-educational,1-Rural,Dornipadu,Arjunapuram,,,ARJUNAPURAM (VILLAGE) DORNIPADU (MANDAL) KURNOOL(DIST),518135,orgchem.abraham[at]gmail[dot]com,https://kys.udiseplus.gov.in/#/schooldetail/4701096/12,4701096,08/05/2022 12:53,2367
******00901 Permanently Closed,,MPPS ASHRAM STREET,,,,Andhra Pradesh,1-Primary,33-MPP_ZPP SCHOOLS,1 To 5,3-Co-educational,2-Urban,NA,,Allagadda Ward no. 13,Allagadda-Town Panchayat,NA,518543,,https://kys.udiseplus.gov.in/#/schooldetail/4717480/12,4717480,15/10/2020 12:18,2367
******00504 Operational,,MPPS AVULADODDI,,,,Andhra Pradesh,1-Primary,33-MPP_ZPP SCHOOLS,1 To 5,3-Co-educational,1-Rural,Dhone Alias Dronachalam,Kamaganikuntla,,,AVULADODDI AVULADODDI KAMAGANIKUNTLA(VILLAGE) DHONE(MANDAL) KURNOOL(DIST),518222,kallakesavareddy[at]gmail[dot]com,https://kys.udiseplus.gov.in/#/schooldetail/4701636/12,4701636,20/09/2024 16:35,2367
******00901 Operational,,MPPS AVULAPALLI,,,,Andhra Pradesh,1-Primary,33-MPP_ZPP SCHOOLS,1 To 5,3-Co-educational,1-Rural,Chagalamarri,Nelampadu,,,AVULAPALLI NELAMPADU NELAMPADU(VILLAGE) CHAGALAMARRI(MANDAL) KURNOOL(DIST),518553,shaikshamimoonshamimoon[at]gmail[dot]com,https://kys.udiseplus.gov.in/#/schooldetail/4700992/12,4700992,15/10/2020 12:18,2367
******01301 Operational,,MPPS AYYALUR METTA,,,,Andhra Pradesh,1-Primary,33-MPP_ZPP SCHOOLS,1 To 5,3-Co-educational,1-Rural,Nandyal,Ayyalur (Part),,,AYYALUR AYYALUR AYYALUR(VILLAGE) NANDYAL(MANDAL) KURNOOL(DIST),518502,hussainamma69[at]gmail[dot]com,https://kys.udiseplus.gov.in/#/schooldetail/4700455/12,4700455,15/10/2020 12:18,2367
******00602 Operational,,MPPS BABA NAGAR,,,,Andhra Pradesh,1-Primary,33-MPP_ZPP SCHOOLS,1 To 5,3-Co-educational,1-Rural,Gospadu,Deebaguntla,,,BABANAGAR DEEBAGUNTLA DEEBAGUNTLA(VILLAGE) GOSPADU(MANDAL) KURNOOL(DIST),518593,uppucnu1969[at]gmail[dot]com,https://kys.udiseplus.gov.in/#/schooldetail/4701118/12,4701118,19/12/2025 11:02,2367
******00402 Operational,,MPPS BACHAPURAM,,,,Andhra Pradesh,1-Primary,33-MPP_ZPP SCHOOLS,1 To 5,3-Co-educational,1-Rural,Allagadda,G.Jambuladinne,,,BACHAPURAM BACHAPURAM G.JAMBULADINNE(VILLAGE) ALLAGADDA(MANDAL) KURNOOL(DIST),518543,BK589210[at]GMAIL[dot]COM,https://kys.udiseplus.gov.in/#/schooldetail/4700865/12,4700865,26/12/2025 08:26,2367
******01602 Operational,,MPPS BACHEPALLI THANDA,,,,Andhra Pradesh,1-Primary,33-MPP_ZPP SCHOOLS,1 To 5,3-Co-educational,1-Rural,Allagadda,Bachepalle,,,BACHEPALLE THANDA BACHEPALLE BACHEPALLE(VILLAGE) ALLAGADDA(MANDAL) KURNOOL(DIST),518543,bthandampps[at]gmail[dot]com,https://kys.udiseplus.gov.in/#/schooldetail/4700957/12,4700957,15/10/2020 12:18,2367
******00505 Operational,,MPPS BALAPALAPALLE,,,,Andhra Pradesh,1-Primary,33-MPP_ZPP SCHOOLS,1 To 5,3-Co-educational,1-Rural,Bethamcherla,Kolumulapalle,,,BALAPALAPALLE KOLUMULAPALLE(VILLAGE) BETHAMCHERLA(MANDAL) KURNOOL(DIST),518599,rizwana7891[at]gmail[dot]com,https://kys.udiseplus.gov.in/#/schooldetail/4700138/12,4700138,17/07/2025 14:03,2367
******00501 Operational,,MPPS BALAPANUR,,,,Andhra Pradesh,1-Primary,33-MPP_ZPP SCHOOLS,1 To 5,3-Co-educational,1-Rural,Panyam,Balapanur,,,BALAPANUR BALAPANUR BALAPANUR(VILLAGE) PANYAM(MANDAL) KURNOOL(DIST),518112,,https://kys.udiseplus.gov.in/#/schooldetail/4700210/12,4700210,11/05/2022 10:26,2367
******00107 Operational,,MPPS B.ANANTHAPURAM,,,,Andhra Pradesh,1-Primary,33-MPP_ZPP SCHOOLS,1 To 5,3-Co-educational,1-Rural,Atmakur,Atmakur,,,B.ANANTHAPURAM ATMAKUR ATMAKUR(VILLAGE) ATMAKUR(MANDAL) KURNOOL(DIST),518422,meo.atmakur[at]gmail[dot]com,https://kys.udiseplus.gov.in/#/schooldetail/4698513/12,4698513,12/03/2024 10:47,2367
******03202 Operational,,MPPS BANUMUKKALA,,,,Andhra Pradesh,1-Primary,33-MPP_ZPP SCHOOLS,1 To 5,3-Co-educational,1-Rural,Banaganapalle,Banumukkala (Ct),,,NEW BUILIDNG OWK-METTA BANUMUKKALA BANUMUKKALA(VILLAGE) BANAGANAPALLI(MANDAL) KURNOOL(DIST),518124,yenakandlavenkatesh[at]gmail[dot]com,https://kys.udiseplus.gov.in/#/schooldetail/4701344/12,4701344,15/10/2020 12:18,2367
******01005 Operational,,MPPS BAPUJI NAGAR,,,,Andhra Pradesh,1-Primary,33-MPP_ZPP SCHOOLS,1 To 5,3-Co-educational,1-Rural,Nandyal,Chapirevula,,,BAPUJI NAGAR CHAPIREVULA CHAPIREVULA(VILLAGE) NANDYAL(MANDAL) KURNOOL(DIST),518502,Mallelakshmi1980[at]gmail[dot]com,https://kys.udiseplus.gov.in/#/schooldetail/4700443/12,4700443,12/03/2024 12:53,2367
******00503 Operational,,MPPS BARAKALA,,,,Andhra Pradesh,1-Primary,33-MPP_ZPP SCHOOLS,1 To 5,3-Co-educational,1-Rural,Bandi Atmakur,Narayanapuram,,,BARAKALA CHINNADEVALAPURAM NARAYANAPURAM(VILLAGE) BANDIATMAKUR(MANDAL) KURNOOL(DIST),518533,mvenkataramana84[at]gmail[dot]com,https://kys.udiseplus.gov.in/#/schooldetail/4700333/12,4700333,15/10/2020 12:18,2367
******00902 Operational,,MPPS BASAVAPURAM,,,,Andhra Pradesh,1-Primary,33-MPP_ZPP SCHOOLS,1 To 5,3-Co-educational,1-Rural,Mahanandi,Basavapuram,,,BASAVAPURAM BASAVAPURAM BASAVAPURAM(VILLAGE) MAHANANDI(MANDAL) KURNOOL(DIST),518583,yesudask33[at]gmail[dot]com,https://kys.udiseplus.gov.in/#/schooldetail/4700733/12,4700733,14/05/2022 11:45,2367
******01302 Operational,,MPPS BASAVATHARAKA NAGAR,,,,Andhra Pradesh,1-Primary,33-MPP_ZPP SCHOOLS,1 To 5,3-Co-educational,2-Urban,NA,,Nandyal (M) - Ward No.19,Nandyal-Municipality,BASAVATHARAKA NAGAR AYYALUR AYYALUR(VILLAGE) NANDYAL(MANDAL) KURNOOL(DIST),518502,gopalsunkari456[at]gmail[dot]com,https://kys.udiseplus.gov.in/#/schooldetail/4700456/12,4700456,21/09/2024 07:27,2367
******00106 Operational,,MPPS BATHALUR,,,,Andhra Pradesh,1-Primary,33-MPP_ZPP SCHOOLS,1 To 5,3-Co-educational,1-Rural,Allagadda,Bathalur,,,BATHALUR BATHALUR BATHALUR(VILLAGE) ALLAGADDA(MANDAL) KURNOOL(DIST),518543,bathalurmpups[at]gmail[dot]com,https://kys.udiseplus.gov.in/#/schooldetail/4700861/12,4700861,19/08/2024 18:22,2367
******02301 Operational,,MPPS BATHULURUPADU,,,,Andhra Pradesh,1-Primary,33-MPP_ZPP SCHOOLS,1 To 5,3-Co-educational,1-Rural,Banaganapalle,Bathulurupadu,,,BATHULURUPADU BATHULURUPADU BATHULURUPADU(VILLAGE) BANAGANAPALLI(MANDAL) KURNOOL(DIST),518124,anayeemunnisa9999[at]gmail[dot]com,https://kys.udiseplus.gov.in/#/schooldetail/4701282/12,4701282,24/12/2025 18:04,2367
******00907 Operational,,MPPS BBR NAGAR COLONY,,,,Andhra Pradesh,1-Primary,33-MPP_ZPP SCHOOLS,1 To 5,3-Co-educational,2-Urban,NA,,Allagadda Ward no. 10,Allagadda-Town Panchayat,BBR NAGAR COLONY ALLAGADDA ALLAGADDA(VILLAGE) ALLAGADDA(MANDAL) KURNOOL(DIST),518543,,https://kys.udiseplus.gov.in/#/schooldetail/4700884/12,4700884,15/10/2020 12:18,2367
******00304 Operational,,MPPS(BC) CHAKARAJUVEMULA,,,,Andhra Pradesh,1-Primary,33-MPP_ZPP SCHOOLS,1 To 5,3-Co-educational,1-Rural,Dornipadu,Chakarajuvemula,,,BC COLONY CHAKARAJUVEMULA (VILLAGE) DORNIPADU (MANDAL) KURNOOL(DIST),518135,mppsbcchakarajuvemula[at]gmail[dot]com,https://kys.udiseplus.gov.in/#/schooldetail/4701092/12,4701092,08/05/2022 12:48,2367
******00801 Operational,,MPPS(BC COL) KOLIMIGUNDLA,,,,Andhra Pradesh,1-Primary,33-MPP_ZPP SCHOOLS,1 To 5,3-Co-educational,1-Rural,Kolimigundla,Kolimigundla,,,KOLIMIGUNDLA B C COLONY KOLIMIGUNDLA(VILLAGE) KOLIMIGUNDLA(MANDAL) KURNOOL(DIST),518123,mppsbckgl2821[at]gmail[dot]com,https://kys.udiseplus.gov.in/#/schooldetail/4701416/12,4701416,15/10/2020 12:18,2367
******03103 Operational,,MPPS(BC COLONY) B.PALLI,,,,Andhra Pradesh,1-Primary,33-MPP_ZPP SCHOOLS,1 To 5,3-Co-educational,1-Rural,Banaganapalle,Banaganapalle (Ct),,,SC COLONY B.PALLI BANAGANAPALLE(VILLAGE) BANAGANAPALLI(MANDAL) KURNOOL(DIST),518124,yankandlavenkatesh[at]gmail[dot]com,https://kys.udiseplus.gov.in/#/schooldetail/4701296/12,4701296,11/05/2022 11:57,2367
******00903 Operational,,MPPS(BC COLONY) CHINDUKURU,,,,Andhra Pradesh,1-Primary,33-MPP_ZPP SCHOOLS,1 To 5,3-Co-educational,1-Rural,Gadivemula,Chindukuru,,,BC COLONY CHINDUKURU CHINDUKURU(VILLAGE) GADIVEMULA(MANDAL) KURNOOL(DIST),518511,schoolsgadivemula[at]gmail[dot]com,https://kys.udiseplus.gov.in/#/schooldetail/4700306/12,4700306,15/10/2020 12:18,2367
******00704 Operational,,MPPS(BC COLONY) GOPAVARAM,,,,Andhra Pradesh,1-Primary,33-MPP_ZPP SCHOOLS,1 To 5,3-Co-educational,1-Rural,Mahanandi,Gopavaram,,,B C COLONY GOPAVARAM GOPAVARAM(VILLAGE) MAHANANDI(MANDAL) KURNOOL(DIST),518512,kedamnaga[at]gmail[dot]com,https://kys.udiseplus.gov.in/#/schooldetail/4700711/12,4700711,15/10/2020 12:18,2367
******00401 Permanently Closed,,MPPS(BC COLONY) ISKALA,,,,Andhra Pradesh,1-Primary,33-MPP_ZPP SCHOOLS,1 To 5,3-Co-educational,1-Rural,Pamulapadu,Iskala,,,NA,518422,,https://kys.udiseplus.gov.in/#/schooldetail/4717371/12,4717371,15/10/2020 12:18,2367
******00402 Operational,,MPPS(BC COLONY) MIDTHUR,,,,Andhra Pradesh,1-Primary,33-MPP_ZPP SCHOOLS,1 To 5,3-Co-educational,1-Rural,Midthur,Midthur,,,BC COLONY MIDTHUR MIDTHUR(VILLAGE) MIDTHUR(MANDAL) KURNOOL(DIST),518405,mppsbccolonynew[at]gmail[dot]com,https://kys.udiseplus.gov.in/#/schooldetail/4698761/12,4698761,19/12/2025 19:22,2367
******00503 Operational,,MPPS(BC COLONY) M.PADU,,,,Andhra Pradesh,1-Primary,33-MPP_ZPP SCHOOLS,1 To 5,3-Co-educational,1-Rural,Chagalamarri,Muthyalapadu,,,MUTHYALAPADU B C COLONY MUTHYALAPADU(VILLAGE) CHAGALAMARRI(MANDAL) KURNOOL(DIST),518553,pavaniyennapusa[at]gmail[dot]com,https://kys.udiseplus.gov.in/#/schooldetail/4700978/12,4700978,15/10/2020 12:18,2367
******01001 Operational,,MPPS(BC COLONY) OWK,,,,Andhra Pradesh,1-Primary,33-MPP_ZPP SCHOOLS,1 To 5,3-Co-educational,1-Rural,Owk,Owk,,,BC COLONY OWK OWK(VILLAGE) OWK(MANDAL) KURNOOL(DIST),518122,mppsbcowk2012[at]gmail[dot]com,https://kys.udiseplus.gov.in/#/schooldetail/4701488/12,4701488,11/05/2022 14:55,2367
******00803 Permanently Closed,,MPPS(BC) DORNIPADU,,,,Andhra Pradesh,1-Primary,33-MPP_ZPP SCHOOLS,1 To 5,3-Co-educational,1-Rural,Dornipadu,Dornipadu,,,NA,518135,,https://kys.udiseplus.gov.in/#/schooldetail/4717494/12,4717494,15/10/2020 12:18,2367
******00201 Operational,,MPPS(BC) JULEPALLE,,,,Andhra Pradesh,1-Primary,33-MPP_ZPP SCHOOLS,1 To 5,3-Co-educational,1-Rural,Gospadu,Julepalle,,,JULEPALLE JULEPALLE JULEPALLE(VILLAGE) GOSPADU(MANDAL) KURNOOL(DIST),518593,meo.gospadu2[at]gmail[dot]com,https://kys.udiseplus.gov.in/#/schooldetail/4701110/12,4701110,19/12/2025 11:01,2367
******01802 Permanently Closed,,MPPS(BC) KAKARAWADA,,,,Andhra Pradesh,1-Primary,33-MPP_ZPP SCHOOLS,1 To 5,3-Co-educational,1-Rural,Uyyalawada,Kakarawada,,,NA,518145,,https://kys.udiseplus.gov.in/#/schooldetail/4717493/12,4717493,15/10/2020 12:18,2367
******01804 Permanently Closed,,MPPS(BC) KANALA,,,,Andhra Pradesh,1-Primary,33-MPP_ZPP SCHOOLS,1 To 5,3-Co-educational,1-Rural,Sanjamala,Kanala,,,NA,518165,,https://kys.udiseplus.gov.in/#/schooldetail/4717508/12,4717508,15/10/2020 12:18,2367
******00201 Operational,,MPPS(BC) KURUKUNDA,,,,Andhra Pradesh,1-Primary,33-MPP_ZPP SCHOOLS,1 To 5,3-Co-educational,1-Rural,Atmakur,Kurukunda,,,KURUKUNDA B C COLONY KURUKUNDA(VILLAGE) ATMAKUR(MANDAL)NANDYALA( DISTRICT),518422,skazamoddin1977[at]gmail[dot]com,https://kys.udiseplus.gov.in/#/schooldetail/4698563/12,4698563,11/09/2024 12:27,2367
******00702 Operational,,MPPS(BC) PEAPULLY,,,,Andhra Pradesh,1-Primary,33-MPP_ZPP SCHOOLS,1 To 5,3-Co-educational,1-Rural,Peapully,Peapally,,,B C COLONY PEAPALLY PEAPALLY(VILLAGE) PEAPULLY(MANDAL) KURNOOL(DIST),518221,ramanapelluri73[at]gmail[dot]com,https://kys.udiseplus.gov.in/#/schooldetail/4701542/12,4701542,15/10/2020 12:18,2367
******02103 Operational,,MPPS(BC) PEDDAVENTHURLA,,,,Andhra Pradesh,1-Primary,33-MPP_ZPP SCHOOLS,1 To 5,3-Co-educational,1-Rural,Kolimigundla,Peddaventhurla,,,PEDDAVENTHURLA PEDDAVENTHURLA PEDDAVENTHURLA(VILLAGE) KOLIMIGUNDLA(MANDAL) KURNOOL(DIST),518166,kbalaveeraiah9[at]gmail[dot]com,https://kys.udiseplus.gov.in/#/schooldetail/4701466/12,4701466,15/10/2020 12:18,2367
******01602 Permanently Closed,,MPPS (BC) THIMMANAYUNIPETA,,,,Andhra Pradesh,1-Primary,33-MPP_ZPP SCHOOLS,1 To 5,3-Co-educational,1-Rural,Kolimigundla,Thimmanayunipeta,,,NA,518166,,https://kys.udiseplus.gov.in/#/schooldetail/4717513/12,4717513,15/10/2020 12:18,2367
******00101 Operational,,MPPS BEERAVOLU,,,,Andhra Pradesh,1-Primary,33-MPP_ZPP SCHOOLS,1 To 5,3-Co-educational,1-Rural,Rudravaram,Beeravolu,,,BEERAVOLU BEERAVOLU BEERAVOLU(VILLAGE) RUDRAVARAM(MANDAL) KURNOOL(DIST),518583,mppsbeeravolurvm[at]gmail[dot]com,https://kys.udiseplus.gov.in/#/schooldetail/4700792/12,4700792,24/12/2025 11:16,2367
******00901 Operational,,MPPS BEERAVOLU,,,,Andhra Pradesh,1-Primary,33-MPP_ZPP SCHOOLS,1 To 5,3-Co-educational,1-Rural,Pagidyala,Beeravolu,,,BEERAVOLU BEERAVOLU PAGIDIYALA(VILLAGE) PAGIDALA(MANDAL) KURNOOL(DIST),518412,veda1976bittu[at]gmail[dot]com,https://kys.udiseplus.gov.in/#/schooldetail/4698452/12,4698452,15/10/2020 12:18,2367
******00801 Operational,,MPPS BEERAVOLU,,,,Andhra Pradesh,1-Primary,33-MPP_ZPP SCHOOLS,1 To 5,3-Co-educational,1-Rural,Banaganapalle,Beeravolu,,,BEERAVOLU BANAGANAPALLI BEERAVOLU(VILLAGE) BANAGANAPALLI(MANDAL) KURNOOL(DIST),518176,anandmanoj02[at]gmail[dot]com,https://kys.udiseplus.gov.in/#/schooldetail/4701247/12,4701247,11/05/2022 11:02,2367
******00602 Operational,,MPPS BHAGYANAGARAM,,,,Andhra Pradesh,1-Primary,33-MPP_ZPP SCHOOLS,1 To 5,3-Co-educational,1-Rural,Dornipadu,Kondapuram,,,BHAGYANAGARAM (VILLAGE) DORNIPADU (MANDAL) KURNOOL(DIST),518543,,https://kys.udiseplus.gov.in/#/schooldetail/4701098/12,4701098,12/03/2024 11:20,2367
******00603 Operational,,MPPS BHANUMUKKALA,,,,Andhra Pradesh,1-Primary,33-MPP_ZPP SCHOOLS,1 To 5,3-Co-educational,1-Rural,Pamulapadu,Bhanumukkala,,,SC COLONY BAHNUMUKKALA BHANUMUKKALA(VILLAGE) PAMULAPADU(MANDAL) KURNOOL(DIST),518422,karamtothsrinivasulunaik20370[at]gmail[dot]com,https://kys.udiseplus.gov.in/#/schooldetail/4698684/12,4698684,11/05/2022 16:09,2367
******00401 Operational,,MPPS BHASKARAPURAM,,,,Andhra Pradesh,1-Primary,33-MPP_ZPP SCHOOLS,1 To 5,3-Co-educational,1-Rural,Jupadu Bungalow,Bollavaram,,,BHASKARAPURAM BHASKARAPURAM BOLLAVARAM(VILLAGE) J-BANGLAW(MANDAL) KURNOOL(DIST),518412,mppsbhaskarapuram[at]gmail[dot]com,https://kys.udiseplus.gov.in/#/schooldetail/4698718/12,4698718,09/05/2022 17:15,2367
******00501 Operational,,MPPS BHEEMAVARAM,,,,Andhra Pradesh,1-Primary,33-MPP_ZPP SCHOOLS,1 To 5,3-Co-educational,1-Rural,Nandyal,Bheemavaram,,,BHEEMAVARAM BHEEMAVARAM BHEEMAVARAM(VILLAGE) NANDYAL(MANDAL) KURNOOL(DIST),518523,vanivadla99[at]gmail[dot]com,https://kys.udiseplus.gov.in/#/schooldetail/4699270/12,4699270,12/03/2024 12:41,2367
******00101 Operational,,MPPS BHOJANAM,,,,Andhra Pradesh,1-Primary,33-MPP_ZPP SCHOOLS,1 To 5,3-Co-educational,1-Rural,Bandi Atmakur,Bhojanam,,,BHOJANAM BHOJANAM BHOJANAM(VILLAGE) BANDIATMAKUR(MANDAL) KURNOOL(DIST),518523,smbasha23feb1980[at]gmail[dot]com,https://kys.udiseplus.gov.in/#/schooldetail/4700323/12,4700323,15/10/2020 12:18,2367
******01301 Operational,,MPPS BHUPANAPADU,,,,Andhra Pradesh,1-Primary,33-MPP_ZPP SCHOOLS,1 To 5,3-Co-educational,1-Rural,Panyam,Bhupanapadu,,,BHUPANAPADU BHUPANAPADU BHUPANAPADU(VILLAGE) PANYAM(MANDAL) KURNOOL(DIST),518112,meo.panyam[at]gmail[dot]com,https://kys.udiseplus.gov.in/#/schooldetail/4700258/12,4700258,28/08/2024 10:47,2367
******00201 Operational,,MPPS BIJINAVEMULA,,,,Andhra Pradesh,1-Primary,33-MPP_ZPP SCHOOLS,1 To 5,3-Co-educational,1-Rural,Nandikotkur,Bijinavemula,,,BIJINAVEMULA(S.M) BIJINAVEMULA BIJINAVEMULA(VILLAGE) NANDIKOTKUR(MANDAL) KURNOOL(DIST),518411,bknagaprasad[at]gmail[dot]com,https://kys.udiseplus.gov.in/#/schooldetail/4698335/12,4698335,15/10/2020 12:18,2367
******00904 Operational,,MPPS(BLOCK IV) ALLAGADDA,,,,Andhra Pradesh,1-Primary,33-MPP_ZPP SCHOOLS,1 To 5,3-Co-educational,2-Urban,NA,,Allagadda Ward no. 17,Allagadda-Town Panchayat,BLOCK IV ALLAGADDA ALLAGADDA(VILLAGE) ALLAGADDA(MANDAL) KURNOOL(DIST),518543,slkalavathi66[at]gmail[dot]com,https://kys.udiseplus.gov.in/#/schooldetail/4700881/12,4700881,24/12/2025 18:33,2367
******00901 Operational,,MPPS BN PALLI,,,,Andhra Pradesh,1-Primary,33-MPP_ZPP SCHOOLS,1 To 5,3-Co-educational,1-Rural,Rudravaram,Perur,,,BN PALLI B.N.PALLI PERUR(VILLAGE) RUDRAVARAM(MANDAL) KURNOOL(DIST),518510,mppsbnpalli[at]gmail[dot]com,https://kys.udiseplus.gov.in/#/schooldetail/4700812/12,4700812,24/12/2025 10:46,2367
******00706 Operational,,MPPS BOINCHERUPALLI,,,,Andhra Pradesh,1-Primary,33-MPP_ZPP SCHOOLS,1 To 5,3-Co-educational,1-Rural,Peapully,Racherla,,,BOINCHERUPALLI PEAPALLY PEAPALLY(VILLAGE) PEAPULLY(MANDAL) KURNOOL(DIST),518220,ambatisubbu9[at]gmail[dot]com,https://kys.udiseplus.gov.in/#/schooldetail/4701545/12,4701545,15/10/2020 12:18,2367
******00601 Operational,,MPPS BONDALADINNE,,,,Andhra Pradesh,1-Primary,33-MPP_ZPP SCHOOLS,1 To 5,3-Co-educational,1-Rural,Sanjamala,Bondaladinne,,,BONDALADINNE VASANTHAPURAM BONDALADINNE(VILLAGE) SANJAMALA(MANDAL) KURNOOL(DIST),518196,chennappaboya7777[at]gmail[dot]com,https://kys.udiseplus.gov.in/#/schooldetail/4701361/12,4701361,23/12/2025 14:53,2367
******01801 Operational,,MPPS BOYALA UPPALUR,,,,Andhra Pradesh,1-Primary,33-MPP_ZPP SCHOOLS,1 To 5,3-Co-educational,1-Rural,Kolimigundla,Boyala Uppalur,,,BOYALA UPPALUR BOYALA UPPALUR BOYALA UPPALUR(VILLAGE) KOLIMIGUNDLA(MANDAL) KURNOOL(DIST),518166,meo.kgl46[at]gmail[dot]com,https://kys.udiseplus.gov.in/#/schooldetail/4701459/12,4701459,15/10/2020 12:18,2367
******00703 Operational,,MPPS BOYAREVULA,,,,Andhra Pradesh,1-Primary,33-MPP_ZPP SCHOOLS,1 To 5,3-Co-educational,1-Rural,Velugodu,Boyarevula,,,BOYAREVULA BOYAREVULA BOYAREVULA(VILLAGE) VELUGODU(MANDAL) KURNOOL(DIST),518533,mpupsboyarevula703[at]gmail[dot]com,https://kys.udiseplus.gov.in/#/schooldetail/4698668/12,4698668,23/08/2024 12:48,2367
******01702 Operational,,MPPS BOYAVANDLAPALLI,,,,Andhra Pradesh,1-Primary,33-MPP_ZPP SCHOOLS,1 To 5,3-Co-educational,1-Rural,Peapully,Gudipadu,,,BOYAVANDLAPALLI GUDIPADU GUDIPADU(VILLAGE) PEAPULLY(MANDAL) KURNOOL(DIST),518221,venkatanarasaiah.80[at]gmail[dot]com,https://kys.udiseplus.gov.in/#/schooldetail/4701605/12,4701605,11/03/2024 21:01,2367
******01001 Operational,,MPPS BRAHAMANAPALLI,,,,Andhra Pradesh,1-Primary,33-MPP_ZPP SCHOOLS,1 To 5,3-Co-educational,1-Rural,Chagalamarri,Brahmanapalle,,,BRAHAMANAPALLI BRAHAMANAPALLI BRAHMANAPALLE(VILLAGE) CHAGALAMARRI(MANDAL) KURNOOL(DIST),518553,shaiksameena7730[at]gmail[dot]com,https://kys.udiseplus.gov.in/#/schooldetail/4700994/12,4700994,15/10/2020 12:18,2367
******01205 Operational,,MPPS BRAHMANAKOTKUR,,,,Andhra Pradesh,1-Primary,33-MPP_ZPP SCHOOLS,1 To 5,3-Co-educational,1-Rural,Nandikotkur,Brahmanakotkur,,,BRAHMANAKOTKUR BRAHMANAKOTKUR BRAHMANAKOTKUR(VILLAGE) NANDIKOTKUR(MANDAL) KURNOOL(DIST),518432,erannanaik1965[at]gmail[dot]com,https://kys.udiseplus.gov.in/#/schooldetail/4698429/12,4698429,21/03/2024 15:53,2367
******01701 Closed,Closed,MPPS BRAHMANAPALLE,,,,Andhra Pradesh,1-Primary,33-MPP_ZPP SCHOOLS,1 To 5,3-Co-educational,1-Rural,Nandyal,Brahmanapalle,,,BRAHMANAPALLE BRAHMANAPALLE BRAHMANAPALLE(VILLAGE) NANDYAL(MANDAL) KURNOOL(DIST),518593,nagalalithayadhagiri[at]gmail[dot]com,https://kys.udiseplus.gov.in/#/schooldetail/4700482/12,4700482,23/08/2024 12:49,2367
******01105 Operational,,MPPS B. RAMADURGAM,,,,Andhra Pradesh,1-Primary,33-MPP_ZPP SCHOOLS,1 To 5,3-Co-educational,1-Rural,Dhone Alias Dronachalam,Eddupenta,,,B. RAMADURGAM EDDUPENTA EDDUPENTA(VILLAGE) DHONE(MANDAL) KURNOOL(DIST),518222,shaikimtiyazali1969[at]gmail[dot]com,https://kys.udiseplus.gov.in/#/schooldetail/4701728/12,4701728,21/09/2024 11:21,2367
******00103 Operational,,MPPS BRINDAVANAM,,,,Andhra Pradesh,1-Primary,33-MPP_ZPP SCHOOLS,1 To 5,3-Co-educational,1-Rural,Allagadda,Bathalur,,,BRINDAVANAM RAJANAGARAM BATHALUR(VILLAGE) ALLAGADDA(MANDAL) KURNOOL(DIST),518543,,https://kys.udiseplus.gov.in/#/schooldetail/4700859/12,4700859,11/03/2024 17:38,2367
******00901 Operational,,"MPPS BRR NAGAR, NDK",,,,Andhra Pradesh,1-Primary,33-MPP_ZPP SCHOOLS,1 To 5,3-Co-educational,2-Urban,NA,,Nandikotkur Ward No. 1,Nandikotkur-Town Panchayat,NANDI KOTKUR B.R.R.NAGAR NANDI KOTKUR(VILLAGE) NANDIKOTKUR(MANDAL) KURNOOL(DIST),518401,balamaddileti9121[at]gmail[dot]com,https://kys.udiseplus.gov.in/#/schooldetail/4698357/12,4698357,15/10/2020 12:18,2367
******00401 Operational,,MPPS B SINGAVARAM,,,,Andhra Pradesh,1-Primary,33-MPP_ZPP SCHOOLS,1 To 5,3-Co-educational,1-Rural,Kolimigundla,Belumsingavaram,,,BELUMSINGAVARAM BELUMSINGAVARAM BELUMSINGAVARAM(VILLAGE) KOLIMIGUNDLA(MANDAL) KURNOOL(DIST),518122,sunkannasurendra[at]gmail[dot]com,https://kys.udiseplus.gov.in/#/schooldetail/4701411/12,4701411,15/10/2020 12:18,2367
******01801 Permanently Closed,,MPPS B.SIVARAMAPURAM,,,,Andhra Pradesh,1-Primary,33-MPP_ZPP SCHOOLS,1 To 5,3-Co-educational,1-Rural,Nandyal,Mitnala,,,NA,518593,,https://kys.udiseplus.gov.in/#/schooldetail/4717456/12,4717456,15/10/2020 12:18,2367
******01005 Operational,,MPPS(BSRN) PARUMANCHALA,,,,Andhra Pradesh,1-Primary,33-MPP_ZPP SCHOOLS,1 To 5,3-Co-educational,1-Rural,Jupadu Bungalow,Parumanchala,,,BYREDDY COLONY PARUMANCHALA PARUMANCHALA(VILLAGE) J-BANGLAW(MANDAL) KURNOOL(DIST),518401,mppsbsrnparumanchala15[at]gmail[dot]com,https://kys.udiseplus.gov.in/#/schooldetail/4698735/12,4698735,09/05/2022 17:20,2367
******00402 Operational,,MPPS(BSSR NAGAR) NAGATOOR,,,,Andhra Pradesh,1-Primary,33-MPP_ZPP SCHOOLS,1 To 5,3-Co-educational,1-Rural,Nandikotkur,Nagatoor,,,BSSR NAGAR NAGATOOR NAGATOOR(VILLAGE) NANDIKOTKUR(MANDAL) KURNOOL(DIST),518411,m.habeeb9966[at]gmail[dot]com,https://kys.udiseplus.gov.in/#/schooldetail/4698344/12,4698344,15/10/2020 12:18,2367
******01701 Operational,,MPPS B.TADIPATHRI,,,,Andhra Pradesh,1-Primary,33-MPP_ZPP SCHOOLS,1 To 5,3-Co-educational,1-Rural,Kolimigundla,Boyala Tadipatri,,,BOYALA TADIPATRI BOYALA TADIPATRI BOYALA TADIPATRI(VILLAGE) KOLIMIGUNDLA(MANDAL) KURNOOL(DIST),518166,yerasivenkataramamohanreddy[at]gmail[dot]com,https://kys.udiseplus.gov.in/#/schooldetail/4701458/12,4701458,15/10/2020 12:18,2367
******00801 Permanently Closed,,MPPS BUDDANAGARAM,,,,Andhra Pradesh,1-Primary,33-MPP_ZPP SCHOOLS,1 To 5,3-Co-educational,1-Rural,Pamulapadu,Mittakandala,,,NA,NA,,https://kys.udiseplus.gov.in/#/schooldetail/4717374/12,4717374,15/10/2020 12:18,2367
******01512 Operational,,MPPS BUGGA STREET,,,,Andhra Pradesh,1-Primary,33-MPP_ZPP SCHOOLS,1 To 5,3-Co-educational,1-Rural,Chagalamarri,Chagalamarri,,,BUGGA STREET CHAGALAMARRI CHAGALAMARRI(VILLAGE) CHAGALAMARRI(MANDAL) KURNOOL(DIST),518553,varu4247[at]gmail[dot]com,https://kys.udiseplus.gov.in/#/schooldetail/4701011/12,4701011,10/09/2024 15:21,2367
******00701 Operational,,MPPS BUJANUR,,,,Andhra Pradesh,1-Primary,33-MPP_ZPP SCHOOLS,1 To 5,3-Co-educational,1-Rural,Gadivemula,Bujanur,,,BUJANUR BUJANUR BUJANUR(VILLAGE) GADIVEMULA(MANDAL) KURNOOL(DIST),518508,mppsbujanur[at]gmail[dot]com,https://kys.udiseplus.gov.in/#/schooldetail/4700299/12,4700299,22/12/2025 16:03,2367
******00203 Operational,,MPPS BUKKAPURAM,,,,Andhra Pradesh,1-Primary,33-MPP_ZPP SCHOOLS,1 To 5,3-Co-educational,1-Rural,Mahanandi,Bukkapuram,,,MAIN RAOD BUKKAPURAM BUKKAPURAM(VILLAGE) MAHANANDI(MANDAL) KURNOOL(DIST),518512,bukkapuram203[at]gmail[dot]com,https://kys.udiseplus.gov.in/#/schooldetail/4700689/12,4700689,15/10/2020 12:18,2367
******00401 Operational,,MPPS BURRAREDDIPALLE,,,,Andhra Pradesh,1-Primary,33-MPP_ZPP SCHOOLS,1 To 5,3-Co-educational,1-Rural,Dornipadu,Burrareddipalle,,,NEAR MASTAN SWAMI DARGA BURRAREDDIPALLE(VILLAGE) DORNIPADU(MANDAL) KURNOOL(DIST),518135,rcmpps[at]gmail[dot]com,https://kys.udiseplus.gov.in/#/schooldetail/4701094/12,4701094,08/05/2022 12:51,2367
******01401 Operational,,MPPS B.V.NAGAR,,,,Andhra Pradesh,1-Primary,33-MPP_ZPP SCHOOLS,1 To 5,3-Co-educational,1-Rural,Gospadu,Yalluru,,,B.V.NAGAR YALLURU YALLURU(VILLAGE) GOSPADU(MANDAL) KURNOOL(DIST),518573,meo.gospadu2[at]gmail[dot]com,https://kys.udiseplus.gov.in/#/schooldetail/4701141/12,4701141,19/12/2025 11:04,2367
******00303 Operational,,MPPS BYANAPALLI,,,,Andhra Pradesh,1-Primary,33-MPP_ZPP SCHOOLS,1 To 5,3-Co-educational,1-Rural,Bethamcherla,Emboy,,,"BYANAPALLI VILLAGE, BETHAMCHERLA MANDAL",518599,eniranjangoud09[at]gmail[dot]com,https://kys.udiseplus.gov.in/#/schooldetail/4650147/12,4650147,27/12/2025 11:34,2367
******00601 Operational,,MPPS BYRAPURAM,,,,Andhra Pradesh,1-Primary,33-MPP_ZPP SCHOOLS,1 To 5,3-Co-educational,1-Rural,Midthur,Byrapuram,,,BYRAPURAM BYRAPURAM(VILLAGE) MIDTHUR(MANDAL) KURNOOL(DIST),518405,mppsbyrapuram[at]gmail[dot]com,https://kys.udiseplus.gov.in/#/schooldetail/4698773/12,4698773,19/12/2025 19:27,2367
******00602 Operational,,MPPS(CANAL AREA) MALYALA,,,,Andhra Pradesh,1-Primary,33-MPP_ZPP SCHOOLS,1 To 5,3-Co-educational,1-Rural,Nandikotkur,Malyala,,,CANAL AREA MALYALA MALYALA(VILLAGE) NANDIKOTKUR(MANDAL) KURNOOL(DIST),518401,dumpurikrishnavenamma[at]gmail[dot]com,https://kys.udiseplus.gov.in/#/schooldetail/4698347/12,4698347,12/03/2024 11:05,2367
******00201 Operational,,MPPS C.ANANDAPURAM,,,,Andhra Pradesh,1-Primary,33-MPP_ZPP SCHOOLS,1 To 5,3-Co-educational,1-Rural,Pamulapadu,Jutur,,,C.ANANDAPURAM C.ANANDAPURAM JUTUR(VILLAGE) PAMULAPADU(MANDAL) KURNOOL(DIST),518401,sivanagarajukanakam[at]gmail[dot]com,https://kys.udiseplus.gov.in/#/schooldetail/4698676/12,4698676,11/05/2022 16:05,2367
******01002 Operational,,MPPS C.COLONY,,,,Andhra Pradesh,1-Primary,33-MPP_ZPP SCHOOLS,1 To 5,3-Co-educational,1-Rural,Atmakur,Karivena,,,KARIVENA CHARKA COLONY KARIVENA(VILLAGE) ATMAKUR(MANDAL) KURNOOL(DIST),518422,ccolonympps[at]gmail[dot]com,https://kys.udiseplus.gov.in/#/schooldetail/4698590/12,4698590,15/10/2020 12:18,2367
******90301 Operational,,MPPS CEMENT NAGAR,,,,Andhra Pradesh,1-Primary,33-MPP_ZPP SCHOOLS,1 To 5,3-Co-educational,1-Rural,Bethamcherla,Bugganipalle,,,BUGGANIPALLE CEMENT NAGAR BUGGAANIPALLE(VILLAGE) BETHAMCHERLA(MANDAL) KURNOOL(DIST),518206,nagavenicherukupalli[at]gmail[dot]com,https://kys.udiseplus.gov.in/#/schooldetail/4700197/12,4700197,12/03/2024 11:02,2367
******00102 Operational,,MPPS(CENTRAL) ATAMKUR,,,,Andhra Pradesh,1-Primary,33-MPP_ZPP SCHOOLS,1 To 5,3-Co-educational,2-Urban,NA,,Atmakurknl Ward No. 12,Atmakur (Kurnool)-Municipality,ATMAKUR CENTRAL ATMAKUR(VILLAGE) ATMAKUR(MANDAL) KURNOOL(DIST),518422,shaika620[at]gmail[dot]com,https://kys.udiseplus.gov.in/#/schooldetail/4698509/12,4698509,12/03/2024 10:47,2367
******00602 Operational,,MPPS C GUMMADAPURAM,,,,Andhra Pradesh,1-Primary,33-MPP_ZPP SCHOOLS,1 To 5,3-Co-educational,1-Rural,Kothapalle,P Gummadapuram,,,CHINNA GUMMADAPURAM GUMMADAPURAM(VILLAGE) KOTAPALLI(MANDAL) KURNOOL(DIST),518422,chinnagummadapuram[at]gmail[dot]com,https://kys.udiseplus.gov.in/#/schooldetail/4698476/12,4698476,07/05/2022 20:25,2367
******01402 Permanently Closed,,MPPS CHABOLU TEKKE,,,,Andhra Pradesh,1-Primary,33-MPP_ZPP SCHOOLS,1 To 5,3-Co-educational,1-Rural,Nandyal,Chabolu,,,NA,518502,,https://kys.udiseplus.gov.in/#/schooldetail/4717454/12,4717454,15/10/2020 12:18,2367
******00901 Operational,,MPPS CHALAMA,,,,Andhra Pradesh,1-Primary,33-MPP_ZPP SCHOOLS,1 To 5,3-Co-educational,1-Rural,Mahanandi,Basavapuram,,,CHALAMA BASAVAPURAM BASAVAPURAM(VILLAGE) MAHANANDI(MANDAL) KURNOOL(DIST),518583,lakshmidevikalangari[at]gmail[dot]com,https://kys.udiseplus.gov.in/#/schooldetail/4700732/12,4700732,15/10/2020 12:18,2367
******00805 Closed,Closed,MPPS CHALAMA,,,,Andhra Pradesh,1-Primary,33-MPP_ZPP SCHOOLS,1 To 5,3-Co-educational,1-Rural,Mahanandi,Gajulapalle,,,CHALAMA GAJULAPALLE GAJULAPALLE(VILLAGE) MAHANANDI(MANDAL) KURNOOL(DIST),518513,lakshmidevikalangari1986[at]gmail[dot]com,https://kys.udiseplus.gov.in/#/schooldetail/4700721/12,4700721,16/12/2023 20:31,2367
******01201 Operational,,"MPPS, CHANDALUR",,,,Andhra Pradesh,1-Primary,33-MPP_ZPP SCHOOLS,1 To 5,3-Co-educational,1-Rural,Rudravaram,Chandalur,,,CHANDALUR CHANDALUR CHANDALUR(VILLAGE) RUDRAVARAM(MANDAL) KURNOOL(DIST),518594,mpupschandalur[at]gmail[dot]com,https://kys.udiseplus.gov.in/#/schooldetail/4700818/12,4700818,24/12/2025 10:47,2367
******01603 Operational,,MPPS CHANDRAPALLE,,,,Andhra Pradesh,1-Primary,33-MPP_ZPP SCHOOLS,1 To 5,3-Co-educational,1-Rural,Peapully,Chandrapalle,,,CHANDRAPALLE CHANDRAPALLE CHANDRAPALLE(VILLAGE) PEAPULLY(MANDAL) KURNOOL(DIST),518221,abdullateefshaik350[at]gmail[dot]com,https://kys.udiseplus.gov.in/#/schooldetail/4701604/12,4701604,22/06/2025 06:01,2367
******01801 Operational,,MPPS CHANUGONDLA,,,,Andhra Pradesh,1-Primary,33-MPP_ZPP SCHOOLS,1 To 5,3-Co-educational,1-Rural,Owk,Chanugondla,,,CHANUGONDLA CHANUGONDLA CHANUGONDLA(VILLAGE) OWK(MANDAL) KURNOOL(DIST),518196,mppschanugondla[at]gmail[dot]com,https://kys.udiseplus.gov.in/#/schooldetail/4701524/12,4701524,11/05/2022 15:24,2367
******00301 Operational,,MPPS CH.BODHANAM,,,,Andhra Pradesh,1-Primary,33-MPP_ZPP SCHOOLS,1 To 5,3-Co-educational,1-Rural,Chagalamarri,Chinna Bodhanam,,,CHINNA BODHANAM CHINNA BODHANAM CHINNA BODHANAM(VILLAGE) CHAGALAMARRI(MANDAL) KURNOOL(DIST),518553,chinnabodanammpps[at]gmail[dot]com,https://kys.udiseplus.gov.in/#/schooldetail/4700973/12,4700973,12/03/2024 11:03,2367
******00301 Operational,,MPPS CHELIMILLA,,,,Andhra Pradesh,1-Primary,33-MPP_ZPP SCHOOLS,1 To 5,3-Co-educational,1-Rural,Pamulapadu,Chelimella,,,CHELIMILLA CHELIMILLA CHELIMILLA(VILLAGE) PAMULAPADU(MANDAL) KURNOOL(DIST),518442,vijay23091982[at]gmail[dot]com,https://kys.udiseplus.gov.in/#/schooldetail/4698680/12,4698680,11/05/2022 16:07,2367
******00604 Operational,,MPPS CHENCHUGUDEM,,,,Andhra Pradesh,1-Primary,33-MPP_ZPP SCHOOLS,1 To 5,3-Co-educational,1-Rural,Chagalamarri,D Vanipenta,,,CHENCHUGUDEM CHENCHUGUDEM D. VANIPENTA(VILLAGE) CHAGALAMARRI(MANDAL) KURNOOL(DIST),518553,sanashaik5844[at]gamil[dot]com,https://kys.udiseplus.gov.in/#/schooldetail/4700987/12,4700987,15/10/2020 12:18,2367
******00202 Operational,,MPPS CHENUGUDEM,,,,Andhra Pradesh,1-Primary,33-MPP_ZPP SCHOOLS,1 To 5,3-Co-educational,1-Rural,Rudravaram,Kotakonda,,,CHENCHUGUDEM CHENCHUGUDEM KOTAKONDA(VILLAGE) RUDRAVARAM(MANDAL) KURNOOL(DIST),518583,chenchugudemmpps[at]gmail[dot]com,https://kys.udiseplus.gov.in/#/schooldetail/4700794/12,4700794,24/12/2025 11:16,2367
******01901 Operational,,MPPS CHERLOKOTHURU,,,,Andhra Pradesh,1-Primary,33-MPP_ZPP SCHOOLS,1 To 5,3-Co-educational,1-Rural,Banaganapalle,Cherlokothuru,,,CHERLOKOTHURU CHERLOKOTHURU CHERLOKOTHURU(VILLAGE) BANAGANAPALLI(MANDAL) KURNOOL(DIST),518124,,https://kys.udiseplus.gov.in/#/schooldetail/4701269/12,4701269,11/05/2022 11:39,2367
******00502 Operational,,MPPS CHERUVUPALLI,,,,Andhra Pradesh,1-Primary,33-MPP_ZPP SCHOOLS,1 To 5,3-Co-educational,1-Rural,Banaganapalle,Cherupalle,,,CHERUVUPALLI CHERUVUPALLI CHERUVUPALLI(VILLAGE) BANAGANAPALLI(MANDAL) KURNOOL(DIST),518176,karujayabharathi[at]gmail[dot]com,https://kys.udiseplus.gov.in/#/schooldetail/4701230/12,4701230,24/12/2025 17:51,2367
******01101 Operational,,MPPS CHILAKALUR,,,,Andhra Pradesh,1-Primary,33-MPP_ZPP SCHOOLS,1 To 5,3-Co-educational,1-Rural,Rudravaram,Chilakaloor,,,CHILAKALOOR CHILAKALOOR CHILAKALOOR(VILLAGE) RUDRAVARAM(MANDAL) KURNOOL(DIST),518510,mppschilakalur[at]gmail[dot]com,https://kys.udiseplus.gov.in/#/schooldetail/4700817/12,4700817,24/12/2025 10:47,2367
******00901 Operational,,MPPS CHINDUKURU,,,,Andhra Pradesh,1-Primary,33-MPP_ZPP SCHOOLS,1 To 5,3-Co-educational,1-Rural,Gadivemula,Chindukuru,,,CHINDUKURU CHINDUKURU CHINDUKURU(VILLAGE) GADIVEMULA(MANDAL) KURNOOL(DIST),518511,mppschindukuru901[at]gmail[dot]com,https://kys.udiseplus.gov.in/#/schooldetail/4700304/12,4700304,15/10/2020 12:18,2367
******00202 Operational,,MPPS CHINNA KOPPERLA,,,,Andhra Pradesh,1-Primary,33-MPP_ZPP SCHOOLS,1 To 5,3-Co-educational,1-Rural,Koilakuntla,Chinna Kopperla,,,CHINNA KOPPERLA(VILLAGE) KOILAKUNTLA(MANDAL) KURNOOL(DIST),518134,narasimhabachipalle[at]gmail[dot]com,https://kys.udiseplus.gov.in/#/schooldetail/4701152/12,4701152,23/12/2025 16:23,2367
******01503 Operational,,MPPS CHINNAMAPALLI,,,,Andhra Pradesh,1-Primary,33-MPP_ZPP SCHOOLS,1 To 5,3-Co-educational,1-Rural,Midthur,Devanur,,,SUNNAMAPALLI DEVANUR(VILLAGE) MIDTHUR(MANDAL) KURNOOL(DIST),518405,mppschinnampalli[at]gmail[dot]com,https://kys.udiseplus.gov.in/#/schooldetail/4697756/12,4697756,19/12/2025 19:33,2367
******00101 Operational,,MPPS CHINNAPODILLA,,,,Andhra Pradesh,1-Primary,33-MPP_ZPP SCHOOLS,1 To 5,3-Co-educational,1-Rural,Peapully,Peddapodilla,,,CHINNAPODILLA PEAPULLY KURNOOL(DIST),518221,sreenivaskankara[at]gmail[dot]com,https://kys.udiseplus.gov.in/#/schooldetail/4701528/12,4701528,15/10/2020 12:18,2367
******02001 Operational,,MPPS CHINTAKOMMADINNE,,,,Andhra Pradesh,1-Primary,33-MPP_ZPP SCHOOLS,1 To 5,3-Co-educational,1-Rural,Allagadda,Chinta Kommadinne,,,CHINTA KOMMADINNE CHINATKOMMADINNE CHINTA KOMMADINNE(VILLAGE) ALLAGADDA(MANDAL) KURNOOL(DIST),518543,Hema[at]gmail[dot]com,https://kys.udiseplus.gov.in/#/schooldetail/4700969/12,4700969,15/10/2020 12:18,2367
******01703 Operational,,MPPS CHINTALA CHERUVU,,,,Andhra Pradesh,1-Primary,33-MPP_ZPP SCHOOLS,1 To 5,3-Co-educational,1-Rural,Chagalamarri,Chintala Cheruvu,,,CHINTALA CHERUVU CHINTALA CHERUVU CHINTALA CHERUVU(VILLAGE) CHAGALAMARRI(MANDAL) KURNOOL(DIST),518553,haribabuyarram9[at]gmail[dot]com,https://kys.udiseplus.gov.in/#/schooldetail/4701034/12,4701034,15/10/2020 12:18,2367
******01403 Operational,,MPPS CHINTALAPALLE,,,,Andhra Pradesh,1-Primary,33-MPP_ZPP SCHOOLS,1 To 5,3-Co-educational,1-Rural,Midthur,Chintalapalle,,,CHINTALAPALLE CHINTALAPALLE(VILLAGE) MIDTHUR(MANDAL) KURNOOL(DIST),518405,mpupschintalapalli[at]gmail[dot]com,https://kys.udiseplus.gov.in/#/schooldetail/4697753/12,4697753,19/12/2025 19:33,2367
******00901 Operational,,MPPS CHINTALAPETA,,,,Andhra Pradesh,1-Primary,33-MPP_ZPP SCHOOLS,1 To 5,3-Co-educational,1-Rural,Dhone Alias Dronachalam,Kocheruvu,,,CHINTALAPETA KOCHERUVU KOCHERUVU(VILLAGE) DHONE(MANDAL) KURNOOL(DIST),518222,patnamsulochanamma111[at]gmail[dot]com,https://kys.udiseplus.gov.in/#/schooldetail/4701715/12,4701715,21/09/2024 11:33,2367
******01903 Operational,,MPPS CHITTARENIPALLI,,,,Andhra Pradesh,1-Primary,33-MPP_ZPP SCHOOLS,1 To 5,3-Co-educational,1-Rural,Rudravaram,Alamur,,,CHITRENIPALLI. CHITRENIPALLI. ALAMUR(VILLAGE) RUDRAVARAM(MANDAL) KURNOOL(DIST),518594,mppschittarenipalli[at]gmail[dot]com,https://kys.udiseplus.gov.in/#/schooldetail/4700853/12,4700853,24/12/2025 10:50,2367
******01002 Operational,,MPP SCHOOL(MUSLIM STREET) OWK,,,,Andhra Pradesh,1-Primary,33-MPP_ZPP SCHOOLS,1 To 5,3-Co-educational,1-Rural,Owk,Owk,,,MUSLIM STREET OWK OWK(VILLAGE) OWK(MANDAL) KURNOOL(DIST),518122,mppsmain670[at]gmail[dot]com,https://kys.udiseplus.gov.in/#/schooldetail/4701489/12,4701489,11/05/2022 14:56,2367
******01901 Operational,,MPPS CH.VANGALI,,,,Andhra Pradesh,1-Primary,33-MPP_ZPP SCHOOLS,1 To 5,3-Co-educational,1-Rural,Chagalamarri,Chinna Vangali,,,CHINNA VANGALI CHINNA VANGALI CHINNA VANGALI(VILLAGE) CHAGALAMARRI(MANDAL) KURNOOL(DIST),518553,vijayarajuvr7[at]gmail[dot]com,https://kys.udiseplus.gov.in/#/schooldetail/4701037/12,4701037,15/10/2020 12:18,2367
******00902 Operational,,MPPS C.KOTTALA,,,,Andhra Pradesh,1-Primary,33-MPP_ZPP SCHOOLS,1 To 5,3-Co-educational,1-Rural,Owk,Annavaram,,,C.KOTTALA OWK (MANDAL) KURNOOL(DIST),518122,Pallamveerajyothi[at]gmail[dot]com,https://kys.udiseplus.gov.in/#/schooldetail/4701487/12,4701487,11/05/2022 14:55,2367
******01504 Permanently Closed,,MPPS COMPANY KOTTALA,,,,Andhra Pradesh,1-Primary,33-MPP_ZPP SCHOOLS,1 To 5,3-Co-educational,1-Rural,Nandyal,Kanala,,,NA,518593,,https://kys.udiseplus.gov.in/#/schooldetail/4717455/12,4717455,15/10/2020 12:18,2367
******00505 Operational,,MPPS C.PALLI,,,,Andhra Pradesh,1-Primary,33-MPP_ZPP SCHOOLS,1 To 5,3-Co-educational,1-Rural,Chagalamarri,Muthyalapadu,,,CHAKRAVARTHULAPALLI MUTHYALAPADU MUTHYALAPADU(VILLAGE) CHAGALAMARRI(MANDAL) KURNOOL(DIST),518553,cvpallihm[at]gmail[dot]com,https://kys.udiseplus.gov.in/#/schooldetail/4700980/12,4700980,12/03/2024 11:04,2367
******00803 Operational,,MPPS DAIRY COMPLEX,,,,Andhra Pradesh,1-Primary,33-MPP_ZPP SCHOOLS,1 To 5,3-Co-educational,1-Rural,Atmakur,Siddepalle,,,DAIRY COMPLEX SIDDEPALLE SIDDEPALLE(VILLAGE) ATMAKUR(MANDAL) KURNOOL(DIST),518422,meo.atmakur[at]gmail[dot]com,https://kys.udiseplus.gov.in/#/schooldetail/4698586/12,4698586,12/03/2024 10:52,2367
******01103 Operational,,MPPS DAMAGATLA,,,,Andhra Pradesh,1-Primary,33-MPP_ZPP SCHOOLS,1 To 5,3-Co-educational,1-Rural,Nandikotkur,Damagatla,,,DAMAGATLA DAMAGATLA DAMAGATLA(VILLAGE) NANDIKOTKUR(MANDAL) KURNOOL(DIST),518432,zaddusatyamreddy[at]gmail[dot]com,https://kys.udiseplus.gov.in/#/schooldetail/4698424/12,4698424,15/10/2020 12:18,2367
******00601 Operational,,MPPS DEEBAGUNTLA,,,,Andhra Pradesh,1-Primary,33-MPP_ZPP SCHOOLS,1 To 5,3-Co-educational,1-Rural,Gospadu,Deebaguntla,,,DEEBAGUNTLA DEEBAGUNTLA DEEBAGUNTLA(VILLAGE) GOSPADU(MANDAL) KURNOOL(DIST),518502,balasivaiah19[at]gmail[dot]com,https://kys.udiseplus.gov.in/#/schooldetail/4701117/12,4701117,19/12/2025 11:02,2367
******00605 Operational,,MPPS DEVANAGAR,,,,Andhra Pradesh,1-Primary,33-MPP_ZPP SCHOOLS,1 To 5,3-Co-educational,1-Rural,Banaganapalle,Palukur,,,DEVANAGAR PALUKUR PALUKUR(VILLAGE) BANAGANAPALLI(MANDAL) KURNOOL(DIST),518176,devanagarmpps[at]gmail[dot]com,https://kys.udiseplus.gov.in/#/schooldetail/4701236/12,4701236,11/05/2022 10:58,2367
******01504 Operational,,MPPS DEVANUR,,,,Andhra Pradesh,1-Primary,33-MPP_ZPP SCHOOLS,1 To 5,3-Co-educational,1-Rural,Midthur,Devanur,,,DEVANUR DEVANUR(VILLAGE) MIDTHUR(MANDAL) KURNOOL(DIST),518405,mpupsdevanur[at]gmail[dot]com,https://kys.udiseplus.gov.in/#/schooldetail/4697757/12,4697757,19/12/2025 19:20,2367
******01502 Operational,,MPPS DEVARABANDA,,,,Andhra Pradesh,1-Primary,33-MPP_ZPP SCHOOLS,1 To 5,3-Co-educational,1-Rural,Dhone Alias Dronachalam,Devarabanda,,,DEVARABANDA DEVARABANDA DEVARABANDA(VILLAGE) DHONE(MANDAL) KURNOOL(DIST),518221,shaikimtiyazali1969[at]gmail[dot]com,https://kys.udiseplus.gov.in/#/schooldetail/4701737/12,4701737,21/09/2024 16:00,2367
******01503 Operational,,MPPS DEVARABANDA,,,,Andhra Pradesh,1-Primary,33-MPP_ZPP SCHOOLS,1 To 5,3-Co-educational,1-Rural,Dhone Alias Dronachalam,Devarabanda,,,DEVARABANDA DEVARABANDA DEVARABANDA(VILLAGE) DHONE(MANDAL) KURNOOL(DIST),518222,potlapatimuralikrishnareddy[at]gmail[dot]com,https://kys.udiseplus.gov.in/#/schooldetail/4701739/12,4701739,21/09/2024 15:59,2367
******00601 Operational,,MPPS DEVARAYAPURAM,,,,Andhra Pradesh,1-Primary,33-MPP_ZPP SCHOOLS,1 To 5,3-Co-educational,2-Urban,NA,,Allagadda Ward no. 20,Allagadda-Town Panchayat,DEVARAYAPURAM DEVARAYAPURAM DEVARAYAPURAM(VILLAGE) ALLAGADDA(MANDAL) KURNOOL(DIST),518543,baba02061988[at]gmail[dot]com,https://kys.udiseplus.gov.in/#/schooldetail/4700870/12,4700870,26/12/2025 11:29,2367
******00602 Operational,,MPPS D.KOTHAPALLI,,,,Andhra Pradesh,1-Primary,33-MPP_ZPP SCHOOLS,1 To 5,3-Co-educational,1-Rural,Chagalamarri,D Vanipenta,,,D.KOTHAPALLI D.KOTHAPALLI D. VANIPENTA(VILLAGE) CHAGALAMARRI(MANDAL) KURNOOL(DIST),518553,parthasaarathi777[at]gmail[dot]co,https://kys.udiseplus.gov.in/#/schooldetail/4700985/12,4700985,15/10/2020 12:18,2367
******00301 Operational,,MPPS D.KOTTALA,,,,Andhra Pradesh,1-Primary,33-MPP_ZPP SCHOOLS,1 To 5,3-Co-educational,1-Rural,Rudravaram,Sreerangapuram,,,D.KOTTALA. D.KOTTALA. SREERANGAPURAM(VILLAGE) RUDRAVARAM(MANDAL) KURNOOL(DIST),518583,mppsd.kottala[at]gmail[dot]com,https://kys.udiseplus.gov.in/#/schooldetail/4700796/12,4700796,24/12/2025 11:17,2367
******00519 Operational,,MPPS(D.N) VELGODE,,,,Andhra Pradesh,1-Primary,33-MPP_ZPP SCHOOLS,1 To 5,3-Co-educational,1-Rural,Velugodu,Velgode,,,VELGODE VELUGODU VELGODE(VILLAGE) VELUGODU(MANDAL) KURNOOL(DIST),518533,mppsdnvelgode519[at]gmail[dot]com,https://kys.udiseplus.gov.in/#/schooldetail/4698656/12,4698656,15/10/2020 12:18,2367
******00703 Permanently Closed,,MPPS(DPEP) AKKUMALLA,,,,Andhra Pradesh,1-Primary,33-MPP_ZPP SCHOOLS,1 To 5,3-Co-educational,1-Rural,Sanjamala,Akumalla,,,NA,518196,,https://kys.udiseplus.gov.in/#/schooldetail/4717501/12,4717501,15/10/2020 12:18,2367
******01002 Closed,Closed,MPPS(DPEP) ANKIREDDIPALLI,,,,Andhra Pradesh,1-Primary,33-MPP_ZPP SCHOOLS,1 To 5,3-Co-educational,1-Rural,Kolimigundla,Thummalapenta,,,ANKIREDDIPALLI THUMMALAPENTA THUMMALAPENTA(VILLAGE) KOLIMIGUNDLA(MANDAL) KURNOOL(DIST),518123,,https://kys.udiseplus.gov.in/#/schooldetail/4700311/12,4700311,10/05/2022 12:54,2367
******00702 Operational,,MPPS(DPEP)) BOYAREVULA,,,,Andhra Pradesh,1-Primary,33-MPP_ZPP SCHOOLS,1 To 5,3-Co-educational,1-Rural,Velugodu,Boyarevula,,,BC COLONY BOYAREVULA BOYAREVULA(VILLAGE) VELUGODU(MANDAL) KURNOOL(DIST),518533,mppsdpepboyarevula702[at]gmail[dot]com,https://kys.udiseplus.gov.in/#/schooldetail/4698667/12,4698667,15/10/2020 12:18,2367
******00932 Operational,,"MPPS (DPEP) BR NAGAR, NANDIKOTKUR",,,,Andhra Pradesh,1-Primary,33-MPP_ZPP SCHOOLS,1 To 5,3-Co-educational,2-Urban,NA,,Nandikotkur Ward No. 9,Nandikotkur-Town Panchayat,NANDI KOTKUR BYREDDY NAGAR NANDI KOTKUR(VILLAGE) NANDIKOTKUR(MANDAL) KURNOOL(DIST),518401,duddekulamahboobbi[at]gmail[dot]com,https://kys.udiseplus.gov.in/#/schooldetail/4698380/12,4698380,15/10/2020 12:18,2367
******00903 Operational,,"MPPS(DPEP) BSSR NAGAR, NDK",,,,Andhra Pradesh,1-Primary,33-MPP_ZPP SCHOOLS,1 To 5,3-Co-educational,2-Urban,NA,,Nandikotkur Ward No. 10,Nandikotkur-Town Panchayat,NANDI KOTKUR B.S.S.R.NAGAR NANDI KOTKUR(VILLAGE) NANDIKOTKUR(MANDAL) KURNOOL(DIST),518401,arunavbg2016[at]gmail[dot]com,https://kys.udiseplus.gov.in/#/schooldetail/4698360/12,4698360,15/10/2020 12:18,2367
******00502 Operational,,MPPS(DPEP) CH.DEVALAPURAM,,,,Andhra Pradesh,1-Primary,33-MPP_ZPP SCHOOLS,1 To 5,3-Co-educational,1-Rural,Bandi Atmakur,Narayanapuram,,,CHINNADEVALAPURAM CHINNADEVALAPURAM NARAYANAPURAM(VILLAGE) BANDIATMAKUR(MANDAL) KURNOOL(DIST),518533,anjaneyaprasad4258[at]zohomail[dot]in,https://kys.udiseplus.gov.in/#/schooldetail/4700332/12,4700332,21/09/2024 10:48,2367
******01603 Operational,,MPPS(DPEP) CHOWTAKUR,,,,Andhra Pradesh,1-Primary,33-MPP_ZPP SCHOOLS,1 To 5,3-Co-educational,1-Rural,Midthur,Chowtakur,,,CHOWTAKUR CHOWTAKUR CHOWTAKUR(VILLAGE) MIDTHUR(MANDAL) KURNOOL(DIST),518405,mppsdpepchowtkur[at]gmail[dot]com,https://kys.udiseplus.gov.in/#/schooldetail/4698793/12,4698793,19/12/2025 15:23,2367
******01203 Operational,,MPPS(DPEP) ERNAPADU,,,,Andhra Pradesh,1-Primary,33-MPP_ZPP SCHOOLS,1 To 5,3-Co-educational,1-Rural,Bandi Atmakur,Ernapadu,,,SC COLONY ERNAPADU ERNAPADU(VILLAGE) BANDIATMAKUR(MANDAL) KURNOOL(DIST),518512,bsomu85[at]gmail[dot]com,https://kys.udiseplus.gov.in/#/schooldetail/4700371/12,4700371,15/10/2020 12:18,2367
******00803 Operational,,MPPS(DPEP) GAJULAPALLE,,,,Andhra Pradesh,1-Primary,33-MPP_ZPP SCHOOLS,1 To 5,3-Co-educational,1-Rural,Mahanandi,Gajulapalle,,,SC COLONY GAJULAPALLE GAJULAPALLE(VILLAGE) MAHANANDI(MANDAL) KURNOOL(DIST),518583,m.subbanna1970[at]gmail[dot]com,https://kys.udiseplus.gov.in/#/schooldetail/4700719/12,4700719,14/05/2022 11:45,2367
******00901 Operational,,MPPS(DPEP) GOSAPDU,,,,Andhra Pradesh,1-Primary,33-MPP_ZPP SCHOOLS,1 To 5,3-Co-educational,1-Rural,Gospadu,Gospadu,,,GOSPADU GOSPADU GOSPADU(VILLAGE) GOSPADU(MANDAL) KURNOOL(DIST),518674,johnsonnaveen87[at]gmail[dot]com,https://kys.udiseplus.gov.in/#/schooldetail/4701127/12,4701127,19/12/2025 11:05,2367
******00401 Operational,,MPPS(DPEP) GUNTHAKANDALA,,,,Andhra Pradesh,1-Primary,33-MPP_ZPP SCHOOLS,1 To 5,3-Co-educational,1-Rural,Velugodu,Gunthakandala,,,"GUNTHAKANDALA (VILLAGE) ,VELUGODU (MANDAL) NANDYAL (DIST)",518533,mppsdpep1998[at]gmai[dot]com,https://kys.udiseplus.gov.in/#/schooldetail/4698638/12,4698638,15/12/2023 14:31,2367
******00402 Operational,,MPPS(DPEP) INDIRANAGAR,,,,Andhra Pradesh,1-Primary,33-MPP_ZPP SCHOOLS,1 To 5,3-Co-educational,1-Rural,Dornipadu,Burrareddipalle,,,INDIRANAGAR BURRAREDDIPALLE(VILLAGE) DORNIPADU(MANDAL) KURNOOL(DIST),518135,rachumallasanthilakshmi[at]gmail[dot]com,https://kys.udiseplus.gov.in/#/schooldetail/4701095/12,4701095,08/05/2022 12:52,2367
******00901 Operational,,MPPS(DPEP) ITIKALA,,,,Andhra Pradesh,1-Primary,33-MPP_ZPP SCHOOLS,1 To 5,3-Co-educational,1-Rural,Kolimigundla,Itikala,,,ITIKALA ITIKALA ITIKALA(VILLAGE) KOLIMIGUNDLA(MANDAL) KURNOOL(DIST),518123,anandsubhasini.y[at]gmail[dot]com,https://kys.udiseplus.gov.in/#/schooldetail/4701428/12,4701428,12/03/2024 11:36,2367
******00903 Operational,,MPPS(DPEP) KANAKADRIPALLI,,,,Andhra Pradesh,1-Primary,33-MPP_ZPP SCHOOLS,1 To 5,3-Co-educational,1-Rural,Kolimigundla,Itikala,,,KANAKADRIPALLI ITIKALA ITIKALA(VILLAGE) KOLIMIGUNDLA(MANDAL) KURNOOL(DIST),518123,vijji.muntimadugu[at]gmail[dot]com,https://kys.udiseplus.gov.in/#/schooldetail/4701429/12,4701429,15/10/2020 12:18,2367
******01803 Operational,,MPPS(DPEP) KANALA,,,,Andhra Pradesh,1-Primary,33-MPP_ZPP SCHOOLS,1 To 5,3-Co-educational,1-Rural,Sanjamala,Kanala,,,KANALA HARIJANAWADA KANALA(VILLAGE) SANJAMALA(MANDAL) KURNOOL(DIST),518165,dharani1268[at]gmail[dot]com,https://kys.udiseplus.gov.in/#/schooldetail/4701389/12,4701389,23/12/2025 15:53,2367
******01601 Operational,,MPPS DPEP KONDAMAPALLI,,,,Andhra Pradesh,1-Primary,33-MPP_ZPP SCHOOLS,1 To 5,3-Co-educational,1-Rural,Allagadda,Bachepalle,,,KONDAMPALLI BACHEPALLE BACHEPALLE(VILLAGE) ALLAGADDA(MANDAL) KURNOOL(DIST),518543,gskprasanna999[at]gmail[dot]com,https://kys.udiseplus.gov.in/#/schooldetail/4700956/12,4700956,15/10/2020 12:18,2367
******00301 Operational,,MPPS (DPEP) KONIDELA,,,,Andhra Pradesh,1-Primary,33-MPP_ZPP SCHOOLS,1 To 5,3-Co-educational,1-Rural,Nandikotkur,Konidela,,,BC COLONY KONIDELA KONIDELA(VILLAGE) NANDIKOTKUR(MANDAL) KURNOOL(DIST),518411,chelemigariramana[at]gmail[dot]com,https://kys.udiseplus.gov.in/#/schooldetail/4698338/12,4698338,15/10/2020 12:18,2367
******00801 Permanently Closed,,MPPS (DPEP) KOTAPADU,,,,Andhra Pradesh,1-Primary,33-MPP_ZPP SCHOOLS,1 To 5,3-Co-educational,1-Rural,Sirivel,Kotapadu,,,NA,518573,,https://kys.udiseplus.gov.in/#/schooldetail/4717476/12,4717476,15/10/2020 12:18,2367
******00302 Operational,,MPPS(DPEP) MIRJAPURAM,,,,Andhra Pradesh,1-Primary,33-MPP_ZPP SCHOOLS,1 To 5,3-Co-educational,1-Rural,Kolimigundla,Mirjapuram,,,MIRJAPURAM MIRJAPURAM MIRJAPURAM(VILLAGE) KOLIMIGUNDLA(MANDAL) KURNOOL(DIST),518123,devijanardhan2010[at]gmail[dot]com,https://kys.udiseplus.gov.in/#/schooldetail/4701410/12,4701410,15/10/2020 12:18,2367
******02103 Operational,,MPPS(DPEP) NOSSAM,,,,Andhra Pradesh,1-Primary,33-MPP_ZPP SCHOOLS,1 To 5,3-Co-educational,1-Rural,Sanjamala,Nossam,,,NOSSAM WEAVERS COLONY NOSSAM(VILLAGE) SANJAMALA(MANDAL) KURNOOL(DIST),518145,meo.sanjamala[at]gmail[dot]com,https://kys.udiseplus.gov.in/#/schooldetail/4701394/12,4701394,23/12/2025 15:52,2367
******00602 Operational,,MPPS(DPEP) PALUKUR,,,,Andhra Pradesh,1-Primary,33-MPP_ZPP SCHOOLS,1 To 5,3-Co-educational,1-Rural,Banaganapalle,Palukur,,,PALUKUR PALUKUR PALUKUR(VILLAGE) BANAGANAPALLI(MANDAL) KURNOOL(DIST),518176,Prasadapparaju[at]gmail[dot]com,https://kys.udiseplus.gov.in/#/schooldetail/4701233/12,4701233,11/05/2022 10:57,2367
******01302 Operational,,MPPS(DPEP) PERUSOMALA,,,,Andhra Pradesh,1-Primary,33-MPP_ZPP SCHOOLS,1 To 5,3-Co-educational,1-Rural,Sanjamala,Perusomala,,,PERUSOMALA ANJAMALA PERUSOMALA(VILLAGE) SANJAMALA(MANDAL) KURNOOL(DIST),518166,settynarayana6[at]gmail[dot]com,https://kys.udiseplus.gov.in/#/schooldetail/4701378/12,4701378,23/12/2025 14:59,2367
******01701 Operational,,MPPS(DPEP) RAMAPURAM,,,,Andhra Pradesh,1-Primary,33-MPP_ZPP SCHOOLS,1 To 5,3-Co-educational,1-Rural,Owk,Ramapuram (Ct),,,RAMAPURAM RAMAPURAM RAMAPURAM(VILLAGE) OWK(MANDAL) KURNOOL(DIST),518122,sadasivaiah74[at]gmail[dot]com,https://kys.udiseplus.gov.in/#/schooldetail/4701520/12,4701520,11/05/2022 15:22,2367
******00203 Operational,,MPPS(DPEP) VELPANUR,,,,Andhra Pradesh,1-Primary,33-MPP_ZPP SCHOOLS,1 To 5,3-Co-educational,1-Rural,Velugodu,Velpanur,,,VELPANUR VELPANUR VELPANUR(VILLAGE) VELUGODU(MANDAL) KURNOOL(DIST),518533,erripothulastephen[at]625gmail[dot]com,https://kys.udiseplus.gov.in/#/schooldetail/4698634/12,4698634,15/10/2020 12:18,2367
******00902 Operational,,MPPS(DPEP) VEMPENTA,,,,Andhra Pradesh,1-Primary,33-MPP_ZPP SCHOOLS,1 To 5,3-Co-educational,1-Rural,Pamulapadu,Vempenta,,,VEMPENTA PAMULAPADU VEMPENTA(VILLAGE) PAMULAPADU(MANDAL) KURNOOL(DIST),518533,nulakarajendrav25i[at]gmail[dot]com,https://kys.udiseplus.gov.in/#/schooldetail/4698701/12,4698701,11/05/2022 16:32,2367
******00606 Operational,,"MPPS(DPEP) V.N.PALLI,DHONE",,,,Andhra Pradesh,1-Primary,33-MPP_ZPP SCHOOLS,1 To 5,3-Co-educational,1-Rural,Dhone Alias Dronachalam,Dhone,,,VENKATANAYUNIPALLI DHONE DHONE(VILLAGE) DHONE(MANDAL) KURNOOL(DIST),518222,jagadeeshvalidra[at]gmail[dot]com,https://kys.udiseplus.gov.in/#/schooldetail/4701642/12,4701642,20/09/2024 16:46,2367
******00301 Operational,,MPPS DPEP V.RAMAPURAM,,,,Andhra Pradesh,1-Primary,33-MPP_ZPP SCHOOLS,1 To 5,3-Co-educational,1-Rural,Atmakur,Vadla Ramapuram,,,VADLA RAMAPURAM VADLA RAMAPURAM VADLA RAMAPURAM(VILLAGE) ATMAKUR(MANDAL) KURNOOL(DIST),518422,Shaikshabina12345[at]gmail[dot]com,https://kys.udiseplus.gov.in/#/schooldetail/4698569/12,4698569,21/07/2025 11:53,2367
******00201 Operational,,MPPS(DPEP) W.GOVINDINNE,,,,Andhra Pradesh,1-Primary,33-MPP_ZPP SCHOOLS,1 To 5,3-Co-educational,1-Rural,Dornipadu,W.Govindinne,,,"S C COLONY, W.GOVINDINNE(VILLAGE) DORNIPADU(MANDAL) KURNOOL(DIST)",518135,mppsdpepwg201[at]gmail[dot]com,https://kys.udiseplus.gov.in/#/schooldetail/4701084/12,4701084,08/05/2022 12:40,2367
******01802 Permanently Closed,,MPPS D. RANGAPURAM,,,,Andhra Pradesh,1-Primary,33-MPP_ZPP SCHOOLS,1 To 5,3-Co-educational,1-Rural,Peapully,Jakkasanikuntla,,,NA,518221,,https://kys.udiseplus.gov.in/#/schooldetail/4717519/12,4717519,15/10/2020 12:18,2367
******01402 Operational,,MPPS DURVESI,,,,Andhra Pradesh,1-Primary,33-MPP_ZPP SCHOOLS,1 To 5,3-Co-educational,1-Rural,Gadivemula,Durvesi,,,DURVESI DURVESI DURVESI(VILLAGE) GADIVEMULA(MANDAL) KURNOOL(DIST),518511,mppsdurvesi[at]gmail[dot]com,https://kys.udiseplus.gov.in/#/schooldetail/4700320/12,4700320,15/10/2020 12:18,2367
******00601 Operational,,MPPS D.VANIPENTA,,,,Andhra Pradesh,1-Primary,33-MPP_ZPP SCHOOLS,1 To 5,3-Co-educational,1-Rural,Chagalamarri,D Vanipenta,,,D.VANIPENTA D.VANIPENTA D. VANIPENTA(VILLAGE) CHAGALAMARRI(MANDAL) KURNOOL(DIST),518553,mppsdvanipenta[at]rediffmail[dot]com,https://kys.udiseplus.gov.in/#/schooldetail/4700984/12,4700984,15/10/2020 12:18,2367
******01104 Operational,,MPPS EDDUPENTA,,,,Andhra Pradesh,1-Primary,33-MPP_ZPP SCHOOLS,1 To 5,3-Co-educational,1-Rural,Dhone Alias Dronachalam,Eddupenta,,,EDDUPENTA B RAMADURGAM EDDUPENTA(VILLAGE) DHONE(MANDAL) KURNOOL(DIST),518222,iqbal01101970[at]gmail[dot]com,https://kys.udiseplus.gov.in/#/schooldetail/4701727/12,4701727,21/09/2024 11:24,2367
******01402 Operational,,MPPS EDURUPADU,,,,Andhra Pradesh,1-Primary,33-MPP_ZPP SCHOOLS,1 To 5,3-Co-educational,1-Rural,Kothapalle,Edurupadu,,,EDURUPADU EDURUPADU EDURUPADU(VILLAGE) KOTAPALLI(MANDAL) KURNOOL(DIST),518422,edurupadmpps[at]gmail[dot]com,https://kys.udiseplus.gov.in/#/schooldetail/4697447/12,4697447,11/09/2024 10:13,2367
******00901 Operational,,MPPS EGGONI,,,,Andhra Pradesh,1-Primary,33-MPP_ZPP SCHOOLS,1 To 5,3-Co-educational,1-Rural,Sanjamala,Eggoni,,,EGGONI SANJAMALA EGGONI(VILLAGE) SANJAMALA(MANDAL) KURNOOL(DIST),518165,lakshmiprasannadurvesula[at]gmail[dot]com,https://kys.udiseplus.gov.in/#/schooldetail/4701366/12,4701366,23/12/2025 14:54,2367
******00304 Operational,,MPPS EMBOY,,,,Andhra Pradesh,1-Primary,33-MPP_ZPP SCHOOLS,1 To 5,3-Co-educational,1-Rural,Bethamcherla,Emboy,,,"EMBOY VILLAGE, BETHAMCHERLA MANDAL",518599,nagireddy3295[at]gmail[dot]com,https://kys.udiseplus.gov.in/#/schooldetail/4700129/12,4700129,27/12/2025 11:34,2367
******01016 Operational,,MPPS EM UTCL,,,,Andhra Pradesh,1-Primary,33-MPP_ZPP SCHOOLS,1 To 5,3-Co-educational,1-Rural,Kolimigundla,Thummalapenta,,,THUMMALAPENTA THUMMALAPENTA THUMMALAPENTA(VILLAGE) KOLIMIGUNDLA(MANDAL) KURNOOL(DIST),518123,,https://kys.udiseplus.gov.in/#/schooldetail/4701441/12,4701441,15/10/2020 12:18,2367
******01001 Operational,,MPPS ERRAGUDINEE,,,,Andhra Pradesh,1-Primary,33-MPP_ZPP SCHOOLS,1 To 5,3-Co-educational,1-Rural,Rudravaram,Erragudidinne,,,ERRAGUDIDINNE ERRAGUDIDINNE ERRAGUDIDINNE(VILLAGE) RUDRAVARAM(MANDAL) KURNOOL(DIST),518510,mppserragudidinne[at]gmail[dot]com,https://kys.udiseplus.gov.in/#/schooldetail/4700814/12,4700814,24/12/2025 10:46,2367
******00706 Operational,,MPPS ERRAGUDUR,,,,Andhra Pradesh,1-Primary,33-MPP_ZPP SCHOOLS,1 To 5,3-Co-educational,1-Rural,Pamulapadu,Pamulapadu,,,M.P.U.P SCHOOL ERRAGUDURU,518442,katepogupremaraju[at]gmail[dot]com,https://kys.udiseplus.gov.in/#/schooldetail/4698691/12,4698691,17/07/2025 16:03,2367
******00705 Operational,,MPPS ERRAGUDUR,,,,Andhra Pradesh,1-Primary,33-MPP_ZPP SCHOOLS,1 To 5,3-Co-educational,1-Rural,Pamulapadu,Pamulapadu,,,ERRAGUDUR ERRAGUDUR PAMULAPADU(VILLAGE) PAMULAPADU(MANDAL) KURNOOL(DIST),518442,meo.pamulapadu[at]gmail[dot]com,https://kys.udiseplus.gov.in/#/schooldetail/4698690/12,4698690,11/05/2022 16:10,2367
******00401 Operational,,MPPS ERRAMATAM,,,,Andhra Pradesh,1-Primary,33-MPP_ZPP SCHOOLS,1 To 5,3-Co-educational,1-Rural,Kothapalle,Erramatam,,,ERRAMATAM ERRAMATAM ERRAMATAM(VILLAGE) KOTAPALLI(MANDAL) KURNOOL(DIST),518422,,https://kys.udiseplus.gov.in/#/schooldetail/4698470/12,4698470,17/07/2025 14:04,2367
******00801 Operational,,MPPS ERUKULACOLONY,,,,Andhra Pradesh,1-Primary,33-MPP_ZPP SCHOOLS,1 To 5,3-Co-educational,1-Rural,Bandi Atmakur,Bandi Atmakur,,,ERUKALACOLONY BANDI ATMAKUR BANDI ATMAKUR(VILLAGE) BANDIATMAKUR(MANDAL) KURNOOL(DIST),518513,sivaiahkadavuru[at]gmail[dot]com,https://kys.udiseplus.gov.in/#/schooldetail/4700348/12,4700348,08/05/2022 11:06,2367
******00102 Operational,,MPPS FATHENAGAR,,,,Andhra Pradesh,1-Primary,33-MPP_ZPP SCHOOLS,1 To 5,3-Co-educational,1-Rural,Banaganapalle,Katikavanikunta,,,FATHENAGAR (VILLAGE) KATIKAVANIKUNTA(PANCHAYET) BANAGANAPALLI(MANDAL) KURNOOL(DIST),518124,,https://kys.udiseplus.gov.in/#/schooldetail/4701226/12,4701226,24/12/2025 17:50,2367
******00202 Closed,Closed,MPPS GADDIMAKULA PALLE,,,,Andhra Pradesh,1-Primary,33-MPP_ZPP SCHOOLS,1 To 5,3-Co-educational,1-Rural,Owk,Ramavaram,,,GADDIMAKULA PALLE RAMAVARAM(POST) RAMAVARAM(VILLAGE) OWK(MANDAL) KURNOOL(DIST),518122,mppsgmpally[at]gmail[dot]com,https://kys.udiseplus.gov.in/#/schooldetail/4701474/12,4701474,15/10/2020 12:18,2367
******01101 Operational,,MPPS GADIGAREVULA,,,,Andhra Pradesh,1-Primary,33-MPP_ZPP SCHOOLS,1 To 5,3-Co-educational,1-Rural,Gadivemula,Gadigarevula,,,GADIGAREVULA GADIGAREVULA GADIGAREVULA(VILLAGE) GADIVEMULA(MANDAL) KURNOOL(DIST),518511,mppsgadigarevula[at]gmail[dot]com,https://kys.udiseplus.gov.in/#/schooldetail/4700315/12,4700315,15/10/2020 12:18,2367
******00301 Operational,,MPPS GADIVEMULA,,,,Andhra Pradesh,1-Primary,33-MPP_ZPP SCHOOLS,1 To 5,3-Co-educational,1-Rural,Gadivemula,Gadivemula,,,GADIVEMULA GADIVEMULA GADIVEMULA(VILLAGE) GADIVEMULA(MANDAL) KURNOOL(DIST),518508,mppsmgadivemula[at]gmail[dot]com,https://kys.udiseplus.gov.in/#/schooldetail/4700273/12,4700273,15/10/2020 12:18,2367
******01801 Operational,,MPPS GAGGATUR,,,,Andhra Pradesh,1-Primary,33-MPP_ZPP SCHOOLS,1 To 5,3-Co-educational,1-Rural,Panyam,Gaggatur,,,GAGGATUR GAGGATUR GAGGATUR(VILLAGE) PANYAM(MANDAL) KURNOOL(DIST),518112,mominnaveed1234[at]gmail[dot]com,https://kys.udiseplus.gov.in/#/schooldetail/4700266/12,4700266,11/03/2024 21:46,2367
******00804 Operational,,MPPS GAJULAPALLE,,,,Andhra Pradesh,1-Primary,33-MPP_ZPP SCHOOLS,1 To 5,3-Co-educational,1-Rural,Mahanandi,Gajulapalle,,,BC COLONY GAJULAPALLE GAJULAPALLE(VILLAGE) MAHANANDI(MANDAL) KURNOOL(DIST),518583,mohantulasi1[at]gmail[dot]com,https://kys.udiseplus.gov.in/#/schooldetail/4700720/12,4700720,15/10/2020 12:18,2367
******00801 Operational,,MPPS GAJULAPALLE,,,,Andhra Pradesh,1-Primary,33-MPP_ZPP SCHOOLS,1 To 5,3-Co-educational,1-Rural,Mahanandi,Gajulapalle,,,GAJULAPALLE GAJULAPALLE GAJULAPALLE(VILLAGE) MAHANANDI(MANDAL) KURNOOL(DIST),518583,venkataramudu2035[at]gmail[dot]com,https://kys.udiseplus.gov.in/#/schooldetail/4700718/12,4700718,14/05/2022 11:45,2367
******00706 Operational,,MPPS GAJULAPALLE (R.S),,,,Andhra Pradesh,1-Primary,33-MPP_ZPP SCHOOLS,1 To 5,3-Co-educational,1-Rural,Mahanandi,Gopavaram,,,GAJULAPALLE (R.S) GOPAVARAM GOPAVARAM(VILLAGE) MAHANANDI(MANDAL) KURNOOL(DIST),518583,mpps00706[at]gmail[dot]com,https://kys.udiseplus.gov.in/#/schooldetail/4700713/12,4700713,23/08/2024 12:50,2367
******01602 Operational,,MPPS GANAPURAM,,,,Andhra Pradesh,1-Primary,33-MPP_ZPP SCHOOLS,1 To 5,3-Co-educational,1-Rural,Chagalamarri,Settiveedu,,,GNANAPURAM GNANAPURAM SETTIVEEDU(VILLAGE) CHAGALAMARRI(MANDAL) KURNOOL(DIST),518553,chashmi125[at]gmail[dot]com,https://kys.udiseplus.gov.in/#/schooldetail/4701029/12,4701029,08/05/2022 19:56,2367
******01202 Permanently Closed,,MPPS GANDHI NAGAR,,,,Andhra Pradesh,1-Primary,33-MPP_ZPP SCHOOLS,1 To 5,3-Co-educational,1-Rural,Sirivel,Gumparamandinne,,,NA,518573,,https://kys.udiseplus.gov.in/#/schooldetail/4717478/12,4717478,15/10/2020 12:18,2367
******00511 Operational,,MPPS GANDIPET,,,,Andhra Pradesh,1-Primary,33-MPP_ZPP SCHOOLS,1 To 5,3-Co-educational,1-Rural,Velugodu,Velgode,,,GANDIPET VELGODE VELGODE(VILLAGE) VELUGODU(MANDAL) KURNOOL(DIST),518533,mppsgandipeta511[at]gmail[dot]com,https://kys.udiseplus.gov.in/#/schooldetail/4698650/12,4698650,11/03/2024 19:52,2367
******00301 Operational,,MPPS GANGAVARAM,,,,Andhra Pradesh,1-Primary,33-MPP_ZPP SCHOOLS,1 To 5,3-Co-educational,1-Rural,Sirivel,Gangavaram,,,GANGAVARAM GANGAVARAM GANGAVARAM(VILLAGE) SIRVEL(MANDAL) KURNOOL(DIST),518583,,https://kys.udiseplus.gov.in/#/schooldetail/4700743/12,4700743,19/09/2024 09:26,2367
******00101 Operational,,MPPS GANI,,,,Andhra Pradesh,1-Primary,33-MPP_ZPP SCHOOLS,1 To 5,3-Co-educational,1-Rural,Gadivemula,Gani,,,GANI GANI GANI(VILLAGE) GADIVEMULA(MANDAL) KURNOOL(DIST),518010,schoolsgadivemula[at]gmail[dot]com,https://kys.udiseplus.gov.in/#/schooldetail/4700267/12,4700267,15/10/2020 12:18,2367
******00109 Operational,,MPPS GAREEB NAGAR,,,,Andhra Pradesh,1-Primary,33-MPP_ZPP SCHOOLS,1 To 5,3-Co-educational,2-Urban,NA,,Atmakurknl Ward No. 10,Atmakur (Kurnool)-Municipality,GAREEB NAGAR ATMAKUR ATMAKUR(VILLAGE) ATMAKUR(MANDAL) KURNOOL(DIST),518422,meo.atmakur[at]gmail[dot]com,https://kys.udiseplus.gov.in/#/schooldetail/4698515/12,4698515,15/10/2020 12:18,2367
******01102 Operational,,MPPS GARLADINNE,,,,Andhra Pradesh,1-Primary,33-MPP_ZPP SCHOOLS,1 To 5,3-Co-educational,1-Rural,Peapully,Madhavaram,,,GARLADINNE MADHAVARAM MADHAVARAM(VILLAGE) PEAPULLY(MANDAL) KURNOOL(DIST),518220,diwakar.gvreddy[at]gmail[dot]com,https://kys.udiseplus.gov.in/#/schooldetail/4701584/12,4701584,15/10/2020 12:18,2367
******01103 Operational,,MPPS GARLADINNE,,,,Andhra Pradesh,1-Primary,33-MPP_ZPP SCHOOLS,1 To 5,3-Co-educational,1-Rural,Peapully,Madhavaram,,,GARLADINNE MADHAVARAM MADHAVARAM(VILLAGE) PEAPULLY(MANDAL) KURNOOL(DIST),518220,ashokreddynandyal[at]gmail[dot]com,https://kys.udiseplus.gov.in/#/schooldetail/4701585/12,4701585,15/10/2020 12:18,2367
******00101 Permanently Closed,,MPPS(G COLONY),,,,Andhra Pradesh,1-Primary,33-MPP_ZPP SCHOOLS,1 To 5,3-Co-educational,1-Rural,Mahanandi,Bollavaram,,,NA,518512,,https://kys.udiseplus.gov.in/#/schooldetail/4717472/12,4717472,15/10/2020 12:18,2367
******00404 Operational,,MPPS G.JAMBULADINNE,,,,Andhra Pradesh,1-Primary,33-MPP_ZPP SCHOOLS,1 To 5,3-Co-educational,1-Rural,Allagadda,G.Jambuladinne,,,G.JAMBULADINNE G.JAMBULADINNE G.JAMBULADINNE(VILLAGE) ALLAGADDA(MANDAL) KURNOOL(DIST),518543,kp_alg[at]yahoo[dot]com,https://kys.udiseplus.gov.in/#/schooldetail/4700866/12,4700866,24/12/2025 18:12,2367
******00604 Operational,,MPPS G.LINGAPURAM,,,,Andhra Pradesh,1-Primary,33-MPP_ZPP SCHOOLS,1 To 5,3-Co-educational,1-Rural,Bandi Atmakur,Gali Chennaiah Palem,,,G.LINGAPURAM G.LINGAPURAM G.CH.PALEM(VILLAGE) BANDIATMAKUR(MANDAL) KURNOOL(DIST),518523,Pullaihpadma[at]gmail[dot]com,https://kys.udiseplus.gov.in/#/schooldetail/4700340/12,4700340,08/05/2022 10:53,2367
******01403 Operational,,MPPS (GNAGAR) KOILAKUNTLA,,,,Andhra Pradesh,1-Primary,33-MPP_ZPP SCHOOLS,1 To 5,3-Co-educational,1-Rural,Koilakuntla,Koilkuntla,,,KOILKUNTLA KOILAKUNTLA KOILKUNTLA(VILLAGE) KOILAKUNTLA(MANDAL) KURNOOL(DIST),518134,,https://kys.udiseplus.gov.in/#/schooldetail/4701169/12,4701169,24/12/2025 12:15,2367
******01101 Operational,,MPPS GOKAVARAM,,,,Andhra Pradesh,1-Primary,33-MPP_ZPP SCHOOLS,1 To 5,3-Co-educational,1-Rural,Kothapalle,Gokavaram,,,GOKAVARAM GOKAVARAM GOKAVARAM(VILLAGE) KOTAPALLI(MANDAL) KURNOOL(DIST),518422,,https://kys.udiseplus.gov.in/#/schooldetail/4698499/12,4698499,07/05/2022 20:40,2367
******00402 Operational,,MPPS GOKULADINNE,,,,Andhra Pradesh,1-Primary,33-MPP_ZPP SCHOOLS,1 To 5,3-Co-educational,1-Rural,Owk,Gundla Singavaram,,,GOKULADINNE GOKULADINNE GUNDLA SINGAVARAM(VILLAGE) OWK(MANDAL) KURNOOL(DIST),518124,,https://kys.udiseplus.gov.in/#/schooldetail/4701479/12,4701479,11/05/2022 14:50,2367
******01501 Operational,,MPPS GONAVARAM,,,,Andhra Pradesh,1-Primary,33-MPP_ZPP SCHOOLS,1 To 5,3-Co-educational,1-Rural,Panyam,Gonavaram,,,GONAVARAM GONAVARAM GONAVARAM(VILLAGE) PANYAM(MANDAL) KURNOOL(DIST),518176,nageswaranaikd[at]gmail[dot]com,https://kys.udiseplus.gov.in/#/schooldetail/4700261/12,4700261,11/05/2022 10:42,2367
******01004 Operational,,MPPS GOPALANAGARAM,,,,Andhra Pradesh,1-Primary,33-MPP_ZPP SCHOOLS,1 To 5,3-Co-educational,1-Rural,Peapully,Jaladurgam,,,UTAKONDA JALADURGAM JALADURGAM(VILLAGE) PEAPULLY(MANDAL) KURNOOL(DIST),518220,k.umadevihari[at]gmail[dot]com,https://kys.udiseplus.gov.in/#/schooldetail/4701577/12,4701577,15/10/2020 12:18,2367
******00301 Operational,,MPPS GOPALAPURAM,,,,Andhra Pradesh,1-Primary,33-MPP_ZPP SCHOOLS,1 To 5,3-Co-educational,1-Rural,Allagadda,Gopalapuram,,,GOPALAPURAM GOPALAPURAM GOPALAPURAM(VILLAGE) ALLAGADDA(MANDAL) KURNOOL(DIST),518543,mppsgopalapuram07[at]gmail[dot]com,https://kys.udiseplus.gov.in/#/schooldetail/4699747/12,4699747,15/10/2020 12:18,2367
******00205 Operational,,MPPS GORUKALLU,,,,Andhra Pradesh,1-Primary,33-MPP_ZPP SCHOOLS,1 To 5,3-Co-educational,1-Rural,Panyam,Gorukallu,,,GORUKALLU GORUKALLU GORUKALLU(VILLAGE) PANYAM(MANDAL) KURNOOL(DIST),518511,mppsgorukallu[at]gmail[dot]com,https://kys.udiseplus.gov.in/#/schooldetail/4700204/12,4700204,11/05/2022 10:25,2367
******90304 Operational,,MPPS GORUMANKONDA,,,,Andhra Pradesh,1-Primary,33-MPP_ZPP SCHOOLS,1 To 5,3-Co-educational,1-Rural,Bethamcherla,Bugganipalle,,,GORUMANUKONDA VILLAGE BUGGANIPALLE(VILLAGE) BETHAMCHERLA(MANDAL) KURNOOL(DIST),518206,meo.bethamcherla[at]gmail[dot]com,https://kys.udiseplus.gov.in/#/schooldetail/4699095/12,4699095,21/02/2023 16:54,2367
******00305 Operational,,MPPS GORUMANUKONDA THANDA,,,,Andhra Pradesh,1-Primary,33-MPP_ZPP SCHOOLS,1 To 5,3-Co-educational,1-Rural,Bethamcherla,Bugganipalle,,,"GORUMANUKONDA THANDA,BETHAMCHERLA KURNOOL 518599",518599,cvsreenivasulu46[at]gmail[dot]com,https://kys.udiseplus.gov.in/#/schooldetail/4700130/12,4700130,27/12/2025 11:34,2367
******01101 Operational,,MPPS GOTLUR,,,,Andhra Pradesh,1-Primary,33-MPP_ZPP SCHOOLS,1 To 5,3-Co-educational,1-Rural,Chagalamarri,Gotlur,,,GOTLUR GOTLUR GOTLUR(VILLAGE) CHAGALAMARRI(MANDAL) KURNOOL(DIST),518553,mulebalu1968[at]gmail[dot]com,https://kys.udiseplus.gov.in/#/schooldetail/4700995/12,4700995,12/03/2024 11:13,2367
******01201 Operational,,MPPS GOVINDAPALLE,,,,Andhra Pradesh,1-Primary,33-MPP_ZPP SCHOOLS,1 To 5,3-Co-educational,1-Rural,Uyyalawada,Govindapalle,,,GOVINDAPALLE GOVINDAPALLE GOVINDAPALLE(VILLAGE) UYYALAWADA(MANDAL) KURNOOL(DIST),518155,allu.ummanaboina[at]gmail[dot]com,https://kys.udiseplus.gov.in/#/schooldetail/4701061/12,4701061,11/03/2024 20:09,2367
******00603 Operational,,MPPS GOVINDINNE,,,,Andhra Pradesh,1-Primary,33-MPP_ZPP SCHOOLS,1 To 5,3-Co-educational,1-Rural,Banaganapalle,Palukur,,,GOVINDINNE PALUKUR PALUKUR(VILLAGE) BANAGANAPALLI(MANDAL) KURNOOL(DIST),518176,mppsgovindinne[at]gmail[dot]com,https://kys.udiseplus.gov.in/#/schooldetail/4701234/12,4701234,11/09/2024 11:21,2367
******00702 Operational,,MPPS GRANTHIVEMULA,,,,Andhra Pradesh,1-Primary,33-MPP_ZPP SCHOOLS,1 To 5,3-Co-educational,1-Rural,Gadivemula,Bujanur,,,GRANTHIVEMULA BUJANUR BUJANUR(VILLAGE) GADIVEMULA(MANDAL) KURNOOL(DIST),518508,mppsgrandhivemula[at]gmail[dot]com,https://kys.udiseplus.gov.in/#/schooldetail/4700300/12,4700300,22/12/2025 16:05,2367
******00401 Operational,,MPPS G.SINGAVARAM,,,,Andhra Pradesh,1-Primary,33-MPP_ZPP SCHOOLS,1 To 5,3-Co-educational,1-Rural,Owk,Gundla Singavaram,,,GUNDLA SINGAVARAM GUNDLA SINGAVARAM GUNDLA SINGAVARAM(VILLAGE) OWK(MANDAL) KURNOOL(DIST),518124,mppsgsvaram23[at]gmail[dot]com,https://kys.udiseplus.gov.in/#/schooldetail/4701478/12,4701478,11/03/2024 22:06,2367
******00501 Operational,,MPPS GUBAGUNDAM,,,,Andhra Pradesh,1-Primary,33-MPP_ZPP SCHOOLS,1 To 5,3-Co-educational,1-Rural,Allagadda,Gubagundam,,,GUBAGUNDAM GUBAGUNDAM GUBAGUNDAM(VILLAGE) ALLAGADDA(MANDAL) KURNOOL(DIST),518543,,https://kys.udiseplus.gov.in/#/schooldetail/4700869/12,4700869,24/12/2025 18:19,2367
******01705 Operational,,MPPS GUDIPADU,,,,Andhra Pradesh,1-Primary,33-MPP_ZPP SCHOOLS,1 To 5,3-Co-educational,1-Rural,Peapully,Gudipadu,,,GUDIPADU PEAPULLY GUDIPADU(VILLAGE) PEAPULLY(MANDAL) KURNOOL(DIST),518221,mppsgudipadu705[at]gmail[dot]com,https://kys.udiseplus.gov.in/#/schooldetail/4701607/12,4701607,15/10/2020 12:18,2367
******01601 Operational,,MPPS GULAMALIABAD,,,,Andhra Pradesh,1-Primary,33-MPP_ZPP SCHOOLS,1 To 5,3-Co-educational,1-Rural,Banaganapalle,Gulamaliabad,,,GULAMALIABAD GULAMALIABAD GULAMALIABAD(VILLAGE) BANAGANAPALLI(MANDAL) KURNOOL(DIST),518220,m.kalavathi949[at]gmail[dot]com,https://kys.udiseplus.gov.in/#/schooldetail/4701261/12,4701261,11/05/2022 11:37,2367
******01203 Operational,,MPPS GUMPARAMANDINNE,,,,Andhra Pradesh,1-Primary,33-MPP_ZPP SCHOOLS,1 To 5,3-Co-educational,1-Rural,Sirivel,Gumparamandinne,,,SC COLONY GUMPARAMANDINNE(VILLAGE) SIRVEL(MANDAL) KURNOOL(DIST),518573,mppsgdinne[at]gmail[dot]com,https://kys.udiseplus.gov.in/#/schooldetail/4700790/12,4700790,19/09/2024 10:02,2367
******01204 Operational,,MPPS GUMPARAMANDINNE,,,,Andhra Pradesh,1-Primary,33-MPP_ZPP SCHOOLS,1 To 5,3-Co-educational,1-Rural,Sirivel,Gumparamandinne,,,GUMPARAMANDINNE GUMPARAMANDINNE GUMPARAMANDINNE(VILLAGE) SIRVEL(MANDAL) KURNOOL(DIST),518573,ullisubramanyam[at]gmail[dot]com,https://kys.udiseplus.gov.in/#/schooldetail/4700791/12,4700791,19/09/2024 10:02,2367
******01401 Operational,,MPPS GUNAJALAPDU,,,,Andhra Pradesh,1-Primary,33-MPP_ZPP SCHOOLS,1 To 5,3-Co-educational,1-Rural,Koilakuntla,Koilkuntla,,,GUNJALAPADU (VILLAGE) KOILAKUNTLA(MANDAL) NANDYAL (DIST),518134,hmmppsgunjalapadu[at]gmail[dot]com,https://kys.udiseplus.gov.in/#/schooldetail/4701167/12,4701167,23/12/2025 16:14,2367
******00505 Operational,,MPPS GUNDAMPADU,,,,Andhra Pradesh,1-Primary,33-MPP_ZPP SCHOOLS,1 To 5,3-Co-educational,1-Rural,Sirivel,Mahadevapuram,,,GUNDAMPADU VILLAGE SIRVEL(MANDAL) KURNOOL(DIST),518583,kampakrish1972[at]gmail[dot]com,https://kys.udiseplus.gov.in/#/schooldetail/4700752/12,4700752,19/09/2024 09:29,2367
******00602 Operational,,MPPS GUNDLANATTU,,,,Andhra Pradesh,1-Primary,33-MPP_ZPP SCHOOLS,1 To 5,3-Co-educational,1-Rural,Pamulapadu,Vempenta,,,GUNDALANATTU GUNDALANATTU BHANUMUKKALA(VILLAGE) PAMULAPADU(MANDAL) KURNOOL(DIST),518533,kondreddysivanagendramma[at]gmail[dot]com,https://kys.udiseplus.gov.in/#/schooldetail/4719563/12,4719563,11/05/2022 16:08,2367
******01504 Operational,,MPPS GUTHAPALEM,,,,Andhra Pradesh,1-Primary,33-MPP_ZPP SCHOOLS,1 To 5,3-Co-educational,1-Rural,Chagalamarri,Chagalamarri,,,GUNTAPALEM (ST) CHAGALAMARRI CHAGALAMARRI(VILLAGE) CHAGALAMARRI(MANDAL) NANDYAL(DIST),518553,jainu.sgt[at]gmail[dot]com,https://kys.udiseplus.gov.in/#/schooldetail/4701003/12,4701003,12/12/2023 21:06,2367
******01503 Operational,,MPPS GUTLAPALLI,,,,Andhra Pradesh,1-Primary,33-MPP_ZPP SCHOOLS,1 To 5,3-Co-educational,1-Rural,Peapully,Kommemarri,,,GUTLAPALLI KOMMEMARRI KOMMEMARRI(VILLAGE) PEAPULLY(MANDAL) KURNOOL(DIST),518220,ramanavenkata311[at]gmail[dot]com,https://kys.udiseplus.gov.in/#/schooldetail/4701597/12,4701597,15/10/2020 12:18,2367
******00704 Permanently Closed,,MPPS GUTUPALLE,,,,Andhra Pradesh,1-Primary,33-MPP_ZPP SCHOOLS,1 To 5,3-Co-educational,1-Rural,Bethamcherla,Gutupalle,,,NA,518598,,https://kys.udiseplus.gov.in/#/schooldetail/4717431/12,4717431,15/10/2020 12:18,2367
******00705 Operational,,MPPS GUTUPALLE,,,,Andhra Pradesh,1-Primary,33-MPP_ZPP SCHOOLS,1 To 5,3-Co-educational,1-Rural,Bethamcherla,Gutupalle,,,"GUTUPALLE VILLAGE,BETHAMCHERLA",518598,sudhakargangisetty871[at]gmail[dot]com,https://kys.udiseplus.gov.in/#/schooldetail/4700154/12,4700154,01/08/2022 16:31,2367
******00901 Operational,,MPPS G VEERAPURAM,,,,Andhra Pradesh,1-Primary,33-MPP_ZPP SCHOOLS,1 To 5,3-Co-educational,1-Rural,Kothapalle,Guvvalakunta,,,G.VEERAPURAM GUVVLAKUNTLA GUVVLAKUNTA(VILLAGE) KOTAPALLI(MANDAL) KURNOOL(DIST),518422,,https://kys.udiseplus.gov.in/#/schooldetail/4698492/12,4698492,07/05/2022 20:36,2367
******01901 Operational,,MPPS HANUMANTHAGUNDAM,,,,Andhra Pradesh,1-Primary,33-MPP_ZPP SCHOOLS,1 To 5,3-Co-educational,1-Rural,Kolimigundla,Erragudi,,,HANUMANTHAGUNDAM HANUMANTHAGUNDAM HANUMANTHAGUNDAM(VILLAGE) KOLIMIGUNDLA(MANDAL) KURNOOL(DIST),518166,anushapagadala688[at]gmail[dot]com,https://kys.udiseplus.gov.in/#/schooldetail/4701462/12,4701462,15/10/2020 12:18,2367
******01901 Operational,,MPPS HARINAGARAM,,,,Andhra Pradesh,1-Primary,33-MPP_ZPP SCHOOLS,1 To 5,3-Co-educational,1-Rural,Rudravaram,Alamur,,,HARINAGARAM. HARINAGARAM. ALAMUR(VILLAGE) RUDRAVARAM(MANDAL) KURNOOL(DIST),518543,mppsharinagaram[at]gmail[dot]com,https://kys.udiseplus.gov.in/#/schooldetail/4700851/12,4700851,24/12/2025 10:49,2367
******00905 Operational,,"MPPS HB COLONY, NDK",,,,Andhra Pradesh,1-Primary,33-MPP_ZPP SCHOOLS,1 To 5,3-Co-educational,2-Urban,NA,,Nandikotkur Ward No. 11,Nandikotkur-Town Panchayat,NANDI KOTKUR HOUSING BOARD COLONY NANDI KOTKUR(VILLAGE) NANDIKOTKUR(MANDAL) KURNOOL(DIST),518401,984979079p[at]gmsil[dot]com,https://kys.udiseplus.gov.in/#/schooldetail/4698362/12,4698362,16/05/2022 13:44,2367
******00802 Operational,,MPPS(H COLONY),,,,Andhra Pradesh,1-Primary,33-MPP_ZPP SCHOOLS,1 To 5,3-Co-educational,1-Rural,Banaganapalle,Beeravolu,,,BEERAVOLU HOUSING COLONY BEERAVOLU(VILLAGE) BANAGANAPALLI(MANDAL) KURNOOL(DIST),518176,parlapatiraghu1[at]gmail[dot]com,https://kys.udiseplus.gov.in/#/schooldetail/4701248/12,4701248,12/03/2024 10:54,2367
******90230 Operational,,MPPS(HN) BETHAMCHERLA,,,,Andhra Pradesh,1-Primary,33-MPP_ZPP SCHOOLS,1 To 5,3-Co-educational,2-Urban,NA,,Election Ward No.17,BETHAMCHERLA-Town Panchayat,HANUMAN NAGAR BETHAMCHERAL BETHAMCHERLA(VILLAGE) BETHAMCHERLA(MANDAL) KURNOOL(DIST),518599,lakshmannaabhi[at]gmail[dot]com,https://kys.udiseplus.gov.in/#/schooldetail/4700189/12,4700189,27/12/2025 11:39,2367
******00201 Operational,,MPPS HOTHRAMANDINNE,,,,Andhra Pradesh,1-Primary,33-MPP_ZPP SCHOOLS,1 To 5,3-Co-educational,1-Rural,Sanjamala,Hothramandinne,,,HOTHRAMANDINNE KAMALAPURI HOTHRAMANDINNE(VILLAGE) SANJAMALA(MANDAL) KURNOOL(DIST),518196,azuhabeebasj[at]gmail[dot]com,https://kys.udiseplus.gov.in/#/schooldetail/4701356/12,4701356,23/12/2025 14:50,2367
******01503 Operational,,MPPS H.S.KOTTALA,,,,Andhra Pradesh,1-Primary,33-MPP_ZPP SCHOOLS,1 To 5,3-Co-educational,1-Rural,Nandyal,Kanala,,,H.S.KOTTALA KANALA KANALA(VILLAGE) NANDYAL(MANDAL) KURNOOL(DIST),518593,rajasekharaiah1973[at]gmail[dot]com,https://kys.udiseplus.gov.in/#/schooldetail/4700473/12,4700473,15/10/2020 12:18,2367
******00301 Operational,,MPPS HUSSAINAPURAM,,,,Andhra Pradesh,1-Primary,33-MPP_ZPP SCHOOLS,1 To 5,3-Co-educational,1-Rural,Banaganapalle,Hussainapuram,,,HUSSAINAPURAM HUSSAINAPURAM HUSSAINAPURAM(VILLAGE) BANAGANAPALLI(MANDAL) KURNOOL(DIST),518124,yamunapara86[at]gmail[dot]com,https://kys.udiseplus.gov.in/#/schooldetail/4701228/12,4701228,24/12/2025 17:51,2367
******01501 Operational,,MPPS HUSSAINAPURAM,,,,Andhra Pradesh,1-Primary,33-MPP_ZPP SCHOOLS,1 To 5,3-Co-educational,1-Rural,Peapully,Kommemarri,,,HUSSAINAPURAM KOMMEMARRI KOMMEMARRI(VILLAGE) PEAPULLY(MANDAL) KURNOOL(DIST),518220,eramsarvothamareddy[at]gmail[dot]com,https://kys.udiseplus.gov.in/#/schooldetail/4701595/12,4701595,24/06/2021 22:30,2367
******00702 Operational,,MPPS HUSSAINAPURAM,,,,Andhra Pradesh,1-Primary,33-MPP_ZPP SCHOOLS,1 To 5,3-Co-educational,1-Rural,Bethamcherla,Gutupalle,,,"HUSSAINAPURAM VILLAGE, THAVISIKONDA GP BETHAMCHERLA MANDAL KURNOOL DISTRICT 518598",518598,hmmppshussainapuram[at]gmail[dot]com,https://kys.udiseplus.gov.in/#/schooldetail/4700152/12,4700152,01/08/2022 16:32,2367
******00903 Operational,,MPPS(HW) ALLAGADDA,,,,Andhra Pradesh,1-Primary,33-MPP_ZPP SCHOOLS,1 To 5,3-Co-educational,2-Urban,NA,,Allagadda Ward no. 17,Allagadda-Town Panchayat,SV NAGAR COLONY ALLAGADDA ALLAGADDA(VILLAGE) ALLAGADDA(MANDAL) KURNOOL(DIST),518543,geethasgt2018[at]gmail[dot]com,https://kys.udiseplus.gov.in/#/schooldetail/4700880/12,4700880,15/10/2020 12:18,2367
******03201 Operational,,MPPS(HW) BHANUMUKALA,,,,Andhra Pradesh,1-Primary,33-MPP_ZPP SCHOOLS,1 To 5,3-Co-educational,1-Rural,Banaganapalle,Banumukkala (Ct),,,HARIOJANAWADA BANUMUKKALA BANUMUKKALA(VILLAGE) BANAGANAPALLI(MANDAL) KURNOOL(DIST),518124,mppsbhanumukkala[at]gmail[dot]com,https://kys.udiseplus.gov.in/#/schooldetail/4701343/12,4701343,15/10/2020 12:18,2367
******01905 Operational,,MPPS(HW) BURUGULA,,,,Andhra Pradesh,1-Primary,33-MPP_ZPP SCHOOLS,1 To 5,3-Co-educational,1-Rural,Peapully,Burugula,,,BURUGULA PEAPULLY BURUGULA(VILLAGE) PEAPULLY(MANDAL) KURNOOL(DIST),518220,mabasha333[at]gmail[dot]com,https://kys.udiseplus.gov.in/#/schooldetail/4701616/12,4701616,13/09/2024 09:25,2367
******01403 Operational,,MPPS(HW) CHABOLU,,,,Andhra Pradesh,1-Primary,33-MPP_ZPP SCHOOLS,1 To 5,3-Co-educational,1-Rural,Nandyal,Chabolu,,,CHABOLU CHABOLU(VILLAGE) NANDYAL(MANDAL) KURNOOL(DIST)518502,518502,kadiyamravi.in[at]gmail[dot]com,https://kys.udiseplus.gov.in/#/schooldetail/4700468/12,4700468,15/10/2020 12:18,2367
******01703 Operational,,MPPS(HW) GUDIPADU,,,,Andhra Pradesh,1-Primary,33-MPP_ZPP SCHOOLS,1 To 5,3-Co-educational,1-Rural,Peapully,Gudipadu,,,GUDIPADU HARIJANAWADA GUDIPADU(VILLAGE) PEAPULLY(MANDAL) KURNOOL(DIST),518221,pschandar46[at]gmail[dot]com,https://kys.udiseplus.gov.in/#/schooldetail/4701606/12,4701606,15/10/2020 12:18,2367
******01002 Operational,,MPPS(HW) JALADURGAM,,,,Andhra Pradesh,1-Primary,33-MPP_ZPP SCHOOLS,1 To 5,3-Co-educational,1-Rural,Peapully,Jaladurgam,,,HARIJANAWADA JALADURGAM JALADURGAM(VILLAGE) PEAPULLY(MANDAL) KURNOOL(DIST),518220,msrpr2375[at]gmail[dot]com,https://kys.udiseplus.gov.in/#/schooldetail/4701576/12,4701576,15/10/2020 12:18,2367
******00301 Operational,,MPPS(HW) KALACHETLA,,,,Andhra Pradesh,1-Primary,33-MPP_ZPP SCHOOLS,1 To 5,3-Co-educational,1-Rural,Peapully,Kalachetla,,,HARIJANAWADA KALACHETLA KALACHETLA(VILLAGE) PEAPULLY(MANDAL) KURNOOL(DIST),518221,goddumuriramanjaneyulu29[at]gmail[dot]com,https://kys.udiseplus.gov.in/#/schooldetail/4701532/12,4701532,15/10/2020 12:18,2367
******01601 Operational,,MPPS(HW) KAMPAMALLA,,,,Andhra Pradesh,1-Primary,33-MPP_ZPP SCHOOLS,1 To 5,3-Co-educational,1-Rural,Koilakuntla,Kampamalla,,,KAMPAMALLA(VILLAGE) KOILAKUNTLA(MANDAL) KURNOOL(DIST),518134,gkg131113[at]gmail[dot]com,https://kys.udiseplus.gov.in/#/schooldetail/4701220/12,4701220,23/12/2025 16:37,2367
******00802 Operational,,MPPS(HW) KOTHAPALLI,,,,Andhra Pradesh,1-Primary,33-MPP_ZPP SCHOOLS,1 To 5,3-Co-educational,1-Rural,Kothapalle,Kothapalle,,,KOTHAPALLE H.W KOTHAPALLE(VILLAGE) KOTAPALLI(MANDAL) KURNOOL(DIST),518422,kothapallimppshw[at]gmail[dot]com,https://kys.udiseplus.gov.in/#/schooldetail/4698484/12,4698484,07/05/2022 20:32,2367
******00101 Operational,,MPPS(H.W) MANDLEM,,,,Andhra Pradesh,1-Primary,33-MPP_ZPP SCHOOLS,1 To 5,3-Co-educational,1-Rural,Jupadu Bungalow,Mandlem,,,SC COLONY MANDLEM MANDLEM(VILLAGE) J-BANGLAW(MANDAL) KURNOOL(DIST),518401,mppshwmandlem[at]gmail[dot]com,https://kys.udiseplus.gov.in/#/schooldetail/4698710/12,4698710,12/03/2024 11:25,2367
******00702 Operational,,MPPS(HW) PAMULAPADU,,,,Andhra Pradesh,1-Primary,33-MPP_ZPP SCHOOLS,1 To 5,3-Co-educational,1-Rural,Pamulapadu,Pamulapadu,,,HARIJANA WADA PAMULAPADU PAMULAPADU(VILLAGE) PAMULAPADU(MANDAL) KURNOOL(DIST),518442,sudhakarj1969[at]gmail[dot]com,https://kys.udiseplus.gov.in/#/schooldetail/4698688/12,4698688,11/05/2022 16:09,2367
******00701 Operational,,MPPS (HW) PEAPULLY,,,,Andhra Pradesh,1-Primary,33-MPP_ZPP SCHOOLS,1 To 5,3-Co-educational,1-Rural,Peapully,Peapally,,,HARIJANAWADA PEAPALLY PEAPALLY(VILLAGE) PEAPULLY(MANDAL) KURNOOL(DIST),518220,krishnaprabha.117[at]gmail[dot]com,https://kys.udiseplus.gov.in/#/schooldetail/4700412/12,4700412,15/10/2020 12:18,2367
******00904 Operational,,MPPS(HW) RANGAPURAM,,,,Andhra Pradesh,1-Primary,33-MPP_ZPP SCHOOLS,1 To 5,3-Co-educational,1-Rural,Bethamcherla,Rangapuram,,,HARIJANAWADA R.S.RANGAPURAM (VILLAGE) BETHAMCHERLA(MANDAL) KURNOOL(DIST),518598,venkateswarlu999k[at]gmail[dot]com,https://kys.udiseplus.gov.in/#/schooldetail/4700163/12,4700163,01/08/2022 16:37,2367
******90908 Operational,,MPPS(HW) SUNNIPENTA,,,,Andhra Pradesh,1-Primary,33-MPP_ZPP SCHOOLS,1 To 5,3-Co-educational,1-Rural,Srisailam,NA,,,HARIJANAWADA SRISAILAM(VILLAGE) SRISAILAM(MANDAL) KURNOOL(DIST),518102,mnagalakshmi1975[at]gmail[dot]com,https://kys.udiseplus.gov.in/#/schooldetail/4698622/12,4698622,15/10/2020 12:18,2367
******00201 Operational,,MPPS(H.W) TARTUR,,,,Andhra Pradesh,1-Primary,33-MPP_ZPP SCHOOLS,1 To 5,3-Co-educational,1-Rural,Jupadu Bungalow,Tartur,,,S C COLONY TARTUR TARTUR(VILLAGE) J-BANGLAW(MANDAL) KURNOOL(DIST),518401,mppshwtartur[at]gmail[dot]com,https://kys.udiseplus.gov.in/#/schooldetail/4698714/12,4698714,12/03/2024 11:26,2367
******90207 Operational,,MPPS I.CHERUVU,,,,Andhra Pradesh,1-Primary,33-MPP_ZPP SCHOOLS,1 To 5,3-Co-educational,2-Urban,NA,,Election Ward No.3,BETHAMCHERLA-Town Panchayat,"AYYALACHERUVU BUGGANIPALLE VILLAGE, BETHAMCHERLA MANDAL KURNOOL DISTRICT",518599,rajarenu64[at]gmail[dot]com,https://kys.udiseplus.gov.in/#/schooldetail/4700176/12,4700176,01/08/2022 16:39,2367
******03601 Operational,,MPPS ILLURUKOTHAPETA,,,,Andhra Pradesh,1-Primary,33-MPP_ZPP SCHOOLS,1 To 5,3-Co-educational,1-Rural,Banaganapalle,Illurukothapalle,,,ILLURUKOTHAPETA ILLURUKOTHAPETA ILLURUKOTHAPETA(VILLAGE) BANAGANAPALLI(MANDAL) KURNOOL(DIST),518186,mppsikpeta1948[at]gmail[dot]com,https://kys.udiseplus.gov.in/#/schooldetail/4701349/12,4701349,11/05/2022 11:48,2367
******01201 Operational,,MPPS INDARAMPALLI,,,,Andhra Pradesh,1-Primary,33-MPP_ZPP SCHOOLS,1 To 5,3-Co-educational,1-Rural,Dhone Alias Dronachalam,Chanugondla,,,"INDARAMPALLI ,DHONE(MANDAL) NANDYAL(DIST)",518468,meo.dhone[at]gmail[dot]com,https://kys.udiseplus.gov.in/#/schooldetail/4701729/12,4701729,21/09/2024 11:25,2367
******00505 Operational,,MPPS INDIRA NAGAR,,,,Andhra Pradesh,1-Primary,33-MPP_ZPP SCHOOLS,1 To 5,3-Co-educational,1-Rural,Velugodu,Velgode,,,MPPS INDIRANAGAR VELGODU V VELGODU M NANDYAL D,518533,mppsindiranagar505[at]gmail[dot]com,https://kys.udiseplus.gov.in/#/schooldetail/4698644/12,4698644,15/12/2023 22:42,2367
******00126 Operational,,MPPS INDIRA NAGAR,,,,Andhra Pradesh,1-Primary,33-MPP_ZPP SCHOOLS,1 To 5,3-Co-educational,2-Urban,NA,,Atmakurknl Ward No. 9,Atmakur (Kurnool)-Municipality,INDIRA NAGAR ATMAKUR ATMAKUR(VILLAGE) ATMAKUR(MANDAL) KURNOOL(DIST),518422,nagarajunaikdi[at]gmail[dot]com,https://kys.udiseplus.gov.in/#/schooldetail/4698529/12,4698529,15/10/2020 12:18,2367
******00303 Operational,,MPPS INDIRANAGAR,,,,Andhra Pradesh,1-Primary,33-MPP_ZPP SCHOOLS,1 To 5,3-Co-educational,1-Rural,Bandi Atmakur,Santhajutur,,,INDIRANAGAR SANTHAJUTUR SANTHAJUTUR(VILLAGE) BANDIATMAKUR(MANDAL) KURNOOL(DIST),518513,gillellavenkateswarlu16[at]gmail[dot]com,https://kys.udiseplus.gov.in/#/schooldetail/4700326/12,4700326,15/10/2020 12:18,2367
******00607 Operational,,"MPPS INDIRA NAGAR,DHONE",,,,Andhra Pradesh,1-Primary,33-MPP_ZPP SCHOOLS,1 To 5,3-Co-educational,2-Urban,NA,,Dhone Ward No. 20,Dhone(M)-Municipality,DHONE INDIRA NAGAR DHONE(VILLAGE) DHONE(MANDAL) KURNOOL(DIST),518222,,https://kys.udiseplus.gov.in/#/schooldetail/4701643/12,4701643,21/09/2024 10:46,2367
******00401 Operational,,MPPS INDIRESWARAM,,,,Andhra Pradesh,1-Primary,33-MPP_ZPP SCHOOLS,1 To 5,3-Co-educational,1-Rural,Atmakur,Indireswaram,,,INDIRESWARAM INDIRESWARAM INDIRESWARAM(VILLAGE) ATMAKUR(MANDAL) KURNOOL(DIST),518422,pyaramsivaprasad[at]gmail[dot]com,https://kys.udiseplus.gov.in/#/schooldetail/4698573/12,4698573,15/10/2020 12:18,2367
******01401 Operational,,MPPS INJEDU,,,,Andhra Pradesh,1-Primary,33-MPP_ZPP SCHOOLS,1 To 5,3-Co-educational,1-Rural,Uyyalawada,Injedu,,,INJEDU INJEDU INJEDU(VILLAGE) UYYALAWADA(MANDAL) KURNOOL(DIST),518155,meo.uyyalawada[at]gmail[dot]com,https://kys.udiseplus.gov.in/#/schooldetail/4701072/12,4701072,15/10/2020 12:18,2367
******00111 Operational,,MPPS ISLAMPET,,,,Andhra Pradesh,1-Primary,33-MPP_ZPP SCHOOLS,1 To 5,3-Co-educational,2-Urban,NA,,Atmakurknl Ward No. 5,Atmakur (Kurnool)-Municipality,ISLAMPET ATMAKUR ATMAKUR(VILLAGE) ATMAKUR(MANDAL) KURNOOL(DIST),518422,hussainsaheb879[at]gmail[dot]com,https://kys.udiseplus.gov.in/#/schooldetail/4698517/12,4698517,15/10/2020 12:18,2367
******01102 Operational,,MPPS ISRANAIK THANDA,,,,Andhra Pradesh,1-Primary,33-MPP_ZPP SCHOOLS,1 To 5,3-Co-educational,1-Rural,Owk,Kunukuntla,,,ISRA NAIK THANDA ISRA NAIK THANDA ISRA NAIK THANDA (VILLAGE) OWK(MANDAL) KURNOOL(DIST),518122,kuruvanarasimha1997[at]gmail[dot]com,https://kys.udiseplus.gov.in/#/schooldetail/4700381/12,4700381,11/05/2022 15:15,2367
******00401 Operational,,MPPS JAGADURTHI,,,,Andhra Pradesh,1-Primary,33-MPP_ZPP SCHOOLS,1 To 5,3-Co-educational,1-Rural,Dhone Alias Dronachalam,Jagadurthi,,,JAGADURTHI DHONE JAGADURTHI(VILLAGE) DHONE(MANDAL) KURNOOL(DIST),518222,duvvurihemalatha08[at]gmail[dot]com,https://kys.udiseplus.gov.in/#/schooldetail/4701628/12,4701628,20/09/2024 16:36,2367
******01801 Operational,,MPPS JAKKASANIKUNTLA,,,,Andhra Pradesh,1-Primary,33-MPP_ZPP SCHOOLS,1 To 5,3-Co-educational,1-Rural,Peapully,Jakkasanikuntla,,,JAKKASANIKUNTLA PEAPULLY JAKKASANIKUNTLA(VILLAGE) PEAPULLY(MANDAL) KURNOOL(DIST),518220,sharif0949786[at]gmail[dot]com,https://kys.udiseplus.gov.in/#/schooldetail/4701610/12,4701610,15/10/2020 12:18,2367
******01001 Operational,,MPPS JALADURGAM,,,,Andhra Pradesh,1-Primary,33-MPP_ZPP SCHOOLS,1 To 5,3-Co-educational,1-Rural,Peapully,Jaladurgam,,,JALADURGAM(VILLAGE) PEAPULLY(MANDAL) KURNOOL(DIST),518220,nageswaripatti[at]gmail[dot]com,https://kys.udiseplus.gov.in/#/schooldetail/4701575/12,4701575,15/10/2020 12:18,2367
******01302 Operational,,MPPS JALAKANUR,,,,Andhra Pradesh,1-Primary,33-MPP_ZPP SCHOOLS,1 To 5,3-Co-educational,1-Rural,Midthur,Jalakanur,,,JALAKANUR JALAKANUR(VILLAGE) MIDTHUR(MANDAL) KURNOOL(DIST),518405,mpupsjalakanur[at]gmail[dot]com,https://kys.udiseplus.gov.in/#/schooldetail/4698788/12,4698788,19/12/2025 19:31,2367
******03701 Operational,,MPPS JAMBULADINNE,,,,Andhra Pradesh,1-Primary,33-MPP_ZPP SCHOOLS,1 To 5,3-Co-educational,1-Rural,Banaganapalle,Jambuladinne,,,JAMBULADINNE JAMBULADINNE JAMBULADINNE(VILLAGE) BANAGANAPALLI(MANDAL) KURNOOL(DIST),518124,meo.banaganapalli[at]gmail[dot]com,https://kys.udiseplus.gov.in/#/schooldetail/4701354/12,4701354,11/05/2022 11:46,2367
******00102 Permanently Closed,,MPPS JAMIA MASJID,,,,Andhra Pradesh,1-Primary,33-MPP_ZPP SCHOOLS,1 To 5,3-Co-educational,1-Rural,NA,NA,,,NA,518102,,https://kys.udiseplus.gov.in/#/schooldetail/4717363/12,4717363,15/10/2020 12:18,2367
******00802 Operational,,MPPS JANGALA KOTTALA,,,,Andhra Pradesh,1-Primary,33-MPP_ZPP SCHOOLS,1 To 5,3-Co-educational,1-Rural,Pamulapadu,Mittakandala,,,JANGALA KOTTALA JANGALA KOTTALA MITTAKANDALA(VILLAGE) PAMULAPADU(MANDAL) KURNOOL(DIST),518442,anthpuram[at]gmail[dot]com,https://kys.udiseplus.gov.in/#/schooldetail/4698697/12,4698697,11/05/2022 16:21,2367
******00103 Operational,,MPPS JANGAMPADU,,,,Andhra Pradesh,1-Primary,33-MPP_ZPP SCHOOLS,1 To 5,3-Co-educational,1-Rural,Nandikotkur,Santhanikota,,,SANTHANIKOTA S.C.COLONY SANTHANIKOTA(VILLAGE) NANDIKOTKUR(MANDAL) KURNOOL(DIST),518401,kmvkmv609[at]gmail[dot]com,https://kys.udiseplus.gov.in/#/schooldetail/4698333/12,4698333,10/05/2022 12:03,2367
******01103 Operational,,MPPS JEENAPALLE,,,,Andhra Pradesh,1-Primary,33-MPP_ZPP SCHOOLS,1 To 5,3-Co-educational,1-Rural,Sirivel,Jeenepalle,,,JEENEPALLE YALLUR JEENEPALLE(VILLAGE) SIRVEL(MANDAL) KURNOOL(DIST),518573,sanjeevkumara66[at]gmail[dot]com,https://kys.udiseplus.gov.in/#/schooldetail/4700788/12,4700788,19/09/2024 10:01,2367
******00803 Operational,,MPPS JILLELA,,,,Andhra Pradesh,1-Primary,33-MPP_ZPP SCHOOLS,1 To 5,3-Co-educational,1-Rural,Gospadu,Jillela,,,JILLELA JILLELA JILLELA(VILLAGE) GOSPADU(MANDAL) KURNOOL(DIST),518563,ramakrishna.bujuti[at]gmail[dot]com,https://kys.udiseplus.gov.in/#/schooldetail/4701123/12,4701123,19/12/2025 10:38,2367
******00801 Operational,,MPPS JOLADARASI,,,,Andhra Pradesh,1-Primary,33-MPP_ZPP SCHOOLS,1 To 5,3-Co-educational,1-Rural,Koilakuntla,Joladarasi,,,JOLADARASI KOILAKUNTLA JOLADARASI(VILLAGE) KOILAKUNTLA(MANDAL) KURNOOL(DIST),518134,shaikasma1708[at]gmail[dot]com,https://kys.udiseplus.gov.in/#/schooldetail/4701161/12,4701161,23/12/2025 16:28,2367
******00705 Operational,,MPPS(JP) JUPADU BUNGLOW,,,,Andhra Pradesh,1-Primary,33-MPP_ZPP SCHOOLS,1 To 5,3-Co-educational,1-Rural,Jupadu Bungalow,Bannur,,,JUPADU BUNGLOW JUPADU BUNGLOW BANNUR(VILLAGE) J-BANGLAW(MANDAL) KURNOOL(DIST),518401,mamu.heaven[at]gmail[dot]com,https://kys.udiseplus.gov.in/#/schooldetail/4697685/12,4697685,09/05/2022 17:16,2367
******01301 Operational,,MPPS JUNUTHALA,,,,Andhra Pradesh,1-Primary,33-MPP_ZPP SCHOOLS,1 To 5,3-Co-educational,1-Rural,Owk,Junuthala,,,JUNUTHALA JUNUTHALA JUNUTHALA(VILLAGE) OWK(MANDAL) KURNOOL(DIST),518122,kirannandyal2002[at]gmail[dot]com,https://kys.udiseplus.gov.in/#/schooldetail/4701510/12,4701510,11/05/2022 15:18,2367
******00701 Operational,,MPPS JUPADUBUNGLOW,,,,Andhra Pradesh,1-Primary,33-MPP_ZPP SCHOOLS,1 To 5,3-Co-educational,1-Rural,Jupadu Bungalow,Bannur,,,JUPADU BUNGLOW JUPADU BUNGLOW BANNUR(VILLAGE) J-BANGLAW(MANDAL) KURNOOL(DIST),518401,mppsapquartersjbunglow[at]gmail[dot]com,https://kys.udiseplus.gov.in/#/schooldetail/4697683/12,4697683,09/05/2022 17:16,2367
******00102 Operational,,MPPS JUTUR,,,,Andhra Pradesh,1-Primary,33-MPP_ZPP SCHOOLS,1 To 5,3-Co-educational,1-Rural,Pamulapadu,Jutur,,,JUTUR JUTUR THUMMALUR(VILLAGE) PAMULAPADU(MANDAL) KURNOOL(DIST),518401,pkd1234[at]gmail[dot]com,https://kys.udiseplus.gov.in/#/schooldetail/4698673/12,4698673,11/03/2024 21:51,2367
******02001 Operational,,MPPS JWALAPURAM,,,,Andhra Pradesh,1-Primary,33-MPP_ZPP SCHOOLS,1 To 5,3-Co-educational,1-Rural,Banaganapalle,Jwalapuram,,,JWALAPURAM JWALAPURAM JWALAPURAM(VILLAGE) BANAGANAPALLI(MANDAL) KURNOOL(DIST),518124,Madhu327576[at]gmail[dot]com,https://kys.udiseplus.gov.in/#/schooldetail/4701270/12,4701270,11/05/2022 11:40,2367
******01604 Operational,,MPPS KADIRIPURAM,,,,Andhra Pradesh,1-Primary,33-MPP_ZPP SCHOOLS,1 To 5,3-Co-educational,1-Rural,Chagalamarri,Settiveedu,,,KADIRIPURAM KADIRIPURAM SETTIVEEDU(VILLAGE) CHAGALAMARRI(MANDAL) KURNOOL(DIST),518553,nurullas079[at]gmail[dot]com,https://kys.udiseplus.gov.in/#/schooldetail/4701032/12,4701032,15/10/2020 12:18,2367
******02901 Operational,,MPPS KAIPA,,,,Andhra Pradesh,1-Primary,33-MPP_ZPP SCHOOLS,1 To 5,3-Co-educational,1-Rural,Banaganapalle,Kyapa,,,KYAPA(VILLAGE) BANAGANAPALLI(MANDAL) NANDYAL(DIST),518124,veereswarareddychittepu[at]gmail[dot]com,https://kys.udiseplus.gov.in/#/schooldetail/4650431/12,4650431,22/09/2024 19:51,2367
******01001 Operational,,MPPS KAKANUR,,,,Andhra Pradesh,1-Primary,33-MPP_ZPP SCHOOLS,1 To 5,3-Co-educational,1-Rural,Bandi Atmakur,Kakanur,,,KAKANUR KAKANUR KAKANUR(VILLAGE) BANDIATMAKUR(MANDAL) KURNOOL(DIST),518523,vijayasikhamany[at]gmail[dot]com,https://kys.udiseplus.gov.in/#/schooldetail/4700363/12,4700363,08/05/2022 11:15,2367
******01803 Operational,,MPPS KAKARAWADA,,,,Andhra Pradesh,1-Primary,33-MPP_ZPP SCHOOLS,1 To 5,3-Co-educational,1-Rural,Uyyalawada,Kakarawada,,,KAKARAWADA KAKALAVADA KAKARAWADA(VILLAGE) UYYALAWADA(MANDAL) KURNOOL(DIST),518145,mppskakarawada[at]gmail[dot]com,https://kys.udiseplus.gov.in/#/schooldetail/4701079/12,4701079,12/09/2024 07:25,2367
******00205 Operational,,MPPS KALAMANDALAPADU,,,,Andhra Pradesh,1-Primary,33-MPP_ZPP SCHOOLS,1 To 5,3-Co-educational,1-Rural,Midthur,Masapeta,,,KALAMANDALAPADU (VILLAGE) MASAPETA (PANCHAYAT) MIDTHUR(MANDAL) KURNOOL(DIST),518452,mppskalamandalapadu[at]gmail[dot]com,https://kys.udiseplus.gov.in/#/schooldetail/4698751/12,4698751,19/12/2025 19:15,2367
******01703 Operational,,MPPS KALANAIK THANDA,,,,Andhra Pradesh,1-Primary,33-MPP_ZPP SCHOOLS,1 To 5,3-Co-educational,1-Rural,Banaganapalle,Pasupula,,,KALANAIK THANDA KALANAIK THANDA PASUPULA(VILLAGE) BANAGANAPALLI(MANDAL) KURNOOL(DIST),518220,,https://kys.udiseplus.gov.in/#/schooldetail/4719622/12,4719622,11/05/2022 11:38,2367
******00701 Operational,,MPPS KALUGOTLA,,,,Andhra Pradesh,1-Primary,33-MPP_ZPP SCHOOLS,1 To 5,3-Co-educational,1-Rural,Koilakuntla,Kalugotla,,,KALUGOTLA(VILLAGE) KOILAKUNTLA(MANDAL) KURNOOL(DIST),518134,Sivanagaiah1967[at]gmail[dot]com,https://kys.udiseplus.gov.in/#/schooldetail/4701159/12,4701159,23/12/2025 16:25,2367
******00701 Operational,,MPPS KALVATALA,,,,Andhra Pradesh,1-Primary,33-MPP_ZPP SCHOOLS,1 To 5,3-Co-educational,1-Rural,Kolimigundla,Kalvatala,,,KALVATALA KALVATALA KALVATALA(VILLAGE) KOLIMIGUNDLA(MANDAL) KURNOOL(DIST),518123,c.thrivenikndl[at]gmail[dot]com,https://kys.udiseplus.gov.in/#/schooldetail/4701415/12,4701415,12/03/2024 11:35,2367
******00503 Operational,,MPPS KAMAGANIKUNTLA,,,,Andhra Pradesh,1-Primary,33-MPP_ZPP SCHOOLS,1 To 5,3-Co-educational,1-Rural,Dhone Alias Dronachalam,Kamaganikuntla,,,KAMAGANIKUNTLA KAMAGANIKUNTLA KAMAGANIKUNTLA(VILLAGE) DHONE(MANDAL) KURNOOL(DIST),518222,kamagani[at]gmail[dot]com,https://kys.udiseplus.gov.in/#/schooldetail/4701633/12,4701633,20/09/2024 16:38,2367
******00806 Operational,,MPPS KAMALAPURAM,,,,Andhra Pradesh,1-Primary,33-MPP_ZPP SCHOOLS,1 To 5,3-Co-educational,1-Rural,Dhone Alias Dronachalam,Chinna Malkapuram,,,KAMALAPURAM MALKAPURAM MALKAPURAM(VILLAGE) DHONE(MANDAL) KURNOOL(DIST),518222,venkatgajula.vg[at]gmail[dot]com,https://kys.udiseplus.gov.in/#/schooldetail/4701712/12,4701712,21/09/2024 11:34,2367
******00809 Operational,,MPPS KAMALAPURAM,,,,Andhra Pradesh,1-Primary,33-MPP_ZPP SCHOOLS,1 To 5,3-Co-educational,1-Rural,Dhone Alias Dronachalam,Chinna Malkapuram,,,KAMALAPURAM PD.MALKAPURAM MALKAPURAM(VILLAGE) DHONE(MANDAL) KURNOOL(DIST),518222,k.chandrababu1998[at]gmail[dot]com,https://kys.udiseplus.gov.in/#/schooldetail/4701713/12,4701713,21/09/2024 11:33,2367
******00301 Operational,,MPPS KAMALAPURI,,,,Andhra Pradesh,1-Primary,33-MPP_ZPP SCHOOLS,1 To 5,3-Co-educational,1-Rural,Sanjamala,Kamalapuri,,,KAMALAPURI SANJAMALA KAMALAPURI(VILLAGE) SANJAMALA(MANDAL) KURNOOL(DIST),518196,narasimudubandela57[at]gmail[dot]com,https://kys.udiseplus.gov.in/#/schooldetail/4701357/12,4701357,23/12/2025 14:52,2367
******00501 Closed,Closed,MPPS KAMBALAPALLE,,,,Andhra Pradesh,1-Primary,33-MPP_ZPP SCHOOLS,1 To 5,3-Co-educational,1-Rural,Pamulapadu,Kambalapalle,,,KAMBALAPALLE(VILLAGE) PAMULAPADU(MANDAL) KURNOOL(DIST),518442,bhavithapamulapadu01[at]gmail[dot]com,https://kys.udiseplus.gov.in/#/schooldetail/4698683/12,4698683,04/08/2025 12:09,2367
******00701 Operational,,MPPS KAMINENIPALLE,,,,Andhra Pradesh,1-Primary,33-MPP_ZPP SCHOOLS,1 To 5,3-Co-educational,1-Rural,Sirivel,Kaminenipalle,,,KAMINENIPALLE(VILLAGE) SIRVEL(MANDAL) KURNOOL(DIST),518563,nramakrishnagvpalli04[at]gmail[dot]com,https://kys.udiseplus.gov.in/#/schooldetail/4700770/12,4700770,19/09/2024 09:49,2367
******00702 Operational,,MPPS KAMINENIPALLE,,,,Andhra Pradesh,1-Primary,33-MPP_ZPP SCHOOLS,1 To 5,3-Co-educational,1-Rural,Sirivel,Kaminenipalle,,,SC COLONY KAMINENIPALLE(VILLAGE) SIRVEL(MANDAL) KURNOOL(DIST),518563,yvramana13[at]gmail[dot]com,https://kys.udiseplus.gov.in/#/schooldetail/4700771/12,4700771,19/09/2024 09:49,2367
******02101 Operational,,MPPS KAMMAVARIPALLI,,,,Andhra Pradesh,1-Primary,33-MPP_ZPP SCHOOLS,1 To 5,3-Co-educational,1-Rural,Kolimigundla,Peddaventhurla,,,KAMMAVARIPALLI PEDDAVENTHURLA PEDDAVENTHURLA(VILLAGE) KOLIMIGUNDLA(MANDAL) KURNOOL(DIST),518166,navaneethsai7237[at]gmail[dot]com,https://kys.udiseplus.gov.in/#/schooldetail/4719630/12,4719630,25/06/2021 13:25,2367
******01602 Operational,,MPPS KAMPAMALLA,,,,Andhra Pradesh,1-Primary,33-MPP_ZPP SCHOOLS,1 To 5,3-Co-educational,1-Rural,Koilakuntla,Kampamalla,,,KAMPAMALLA KAMPAMALLA KAMPAMALLA(VILLAGE) KOILAKUNTLA(MANDAL) KURNOOL(DIST),518134,balub478[at]gmail[dot]com,https://kys.udiseplus.gov.in/#/schooldetail/4700103/12,4700103,23/12/2025 16:37,2367
******01501 Operational,,MPPS KANALA,,,,Andhra Pradesh,1-Primary,33-MPP_ZPP SCHOOLS,1 To 5,3-Co-educational,1-Rural,Nandyal,Kanala,,,KANALA KANALA KANALA(VILLAGE) NANDYAL(MANDAL) KURNOOL(DIST),518593,vijayeswariguddeti[at]gmail[dot]com,https://kys.udiseplus.gov.in/#/schooldetail/4700471/12,4700471,15/10/2020 12:18,2367
******00701 Operational,,MPPS KANALAPALLE,,,,Andhra Pradesh,1-Primary,33-MPP_ZPP SCHOOLS,1 To 5,3-Co-educational,1-Rural,Gospadu,Kanalapalle,,,KANALAPALLE KANALAPALLE KANALAPALLE(VILLAGE) GOSPADU(MANDAL) KURNOOL(DIST),518593,sunnyhunny7989904433[at]gmail[dot]com,https://kys.udiseplus.gov.in/#/schooldetail/4701122/12,4701122,19/12/2025 10:38,2367
******01402 Operational,,MPPS KANDIKAYAPALLI,,,,Andhra Pradesh,1-Primary,33-MPP_ZPP SCHOOLS,1 To 5,3-Co-educational,1-Rural,Panyam,Alamur,,,KANDIKAYAPALLI ALAMUR ALAMUR(VILLAGE) PANYAM(MANDAL) KURNOOL(DIST),518112,mpupskandhikayapalli[at]gmail[dot]com,https://kys.udiseplus.gov.in/#/schooldetail/4700260/12,4700260,11/09/2024 10:13,2367
******00902 Operational,,MPPS KANNEPUKUNTA,,,,Andhra Pradesh,1-Primary,33-MPP_ZPP SCHOOLS,1 To 5,3-Co-educational,1-Rural,Dhone Alias Dronachalam,Kocheruvu,,,KANNEPUKUNTA KOCHERUVU KOCHERUVU(VILLAGE) DHONE(MANDAL) KURNOOL(DIST),518222,debbelakshmanna[at]gmail[dot]com,https://kys.udiseplus.gov.in/#/schooldetail/4701716/12,4701716,21/09/2024 11:58,2367
******00203 Operational,,MPPS KAPILESHWARAM,,,,Andhra Pradesh,1-Primary,33-MPP_ZPP SCHOOLS,1 To 5,3-Co-educational,1-Rural,Kothapalle,Siddheswaram,,,MPPS KAPILESWARAM KOTHAPALLE,518422,,https://kys.udiseplus.gov.in/#/schooldetail/4717353/12,4717353,04/10/2024 16:24,2367
******03501 Operational,,MPPS KAPULAPALLE,,,,Andhra Pradesh,1-Primary,33-MPP_ZPP SCHOOLS,1 To 5,3-Co-educational,1-Rural,Banaganapalle,Kapulapalle,,,KAPULAPALLE KAPULAPALLE KAPULAPALLE(VILLAGE) BANAGANAPALLI(MANDAL) KURNOOL(DIST),518124,k.gopalteacher[at]gmail[dot]com,https://kys.udiseplus.gov.in/#/schooldetail/4701348/12,4701348,11/05/2022 11:48,2367
******01003 Operational,,MPPS KARIMADDALA,,,,Andhra Pradesh,1-Primary,33-MPP_ZPP SCHOOLS,1 To 5,3-Co-educational,1-Rural,Gadivemula,Karimaddala,,,KARIMADDALA GADIVEMULA KARIMADDALA(VILLAGE) GADIVEMULA(MANDAL) KURNOOL(DIST),518513,mppsmkarimaddala[at]gmail[dot]com,https://kys.udiseplus.gov.in/#/schooldetail/4700309/12,4700309,22/12/2025 16:14,2367
******01007 Operational,,MPPS KARIVENA,,,,Andhra Pradesh,1-Primary,33-MPP_ZPP SCHOOLS,1 To 5,3-Co-educational,1-Rural,Atmakur,Karivena,,,KARIVENA ATMAKUR KARIVENA(VILLAGE) ATMAKUR(MANDAL) KURNOOL(DIST),518422,meo.atmakur[at]gmail[dot]com,https://kys.udiseplus.gov.in/#/schooldetail/4698594/12,4698594,15/10/2020 12:18,2367
******03119 Operational,,MPPS KASBA,,,,Andhra Pradesh,1-Primary,33-MPP_ZPP SCHOOLS,1 To 5,3-Co-educational,1-Rural,Banaganapalle,Banaganapalle (Ct),,,WARD XI BANAGANAPALLE BANAGANAPALLE(VILLAGE) BANAGANAPALLI(MANDAL) KURNOOL(DIST),518124,sunkannayerukala22[at]gmail[dot]com,https://kys.udiseplus.gov.in/#/schooldetail/4701310/12,4701310,11/05/2022 11:58,2367
******01802 Operational,,MPPS KASIPURAM,,,,Andhra Pradesh,1-Primary,33-MPP_ZPP SCHOOLS,1 To 5,3-Co-educational,1-Rural,Owk,Chanugondla,,,KASIPURAM OWK (M) KURNOOL district,518196,mppskasipuramowk[at]gmail[dot]com,https://kys.udiseplus.gov.in/#/schooldetail/4701525/12,4701525,11/05/2022 15:26,2367
******00101 Operational,,MPPS KATIKAVANIKUNTA,,,,Andhra Pradesh,1-Primary,33-MPP_ZPP SCHOOLS,1 To 5,3-Co-educational,1-Rural,Banaganapalle,Katikavanikunta,,,KATIKAVANIKUNTA KATIKAVANIKUNTA KATIKAVANIKUNTA(VILLAGE) BANAGANAPALLI(MANDAL) KURNOOL(DIST),518124,meo.banaganapalli[at]gmail[dot]com,https://kys.udiseplus.gov.in/#/schooldetail/4701225/12,4701225,24/12/2025 17:43,2367
******00902 Operational,,MPPS K.BOLLAVARAM,,,,Andhra Pradesh,1-Primary,33-MPP_ZPP SCHOOLS,1 To 5,3-Co-educational,1-Rural,Gadivemula,Chindukuru,,,K.BOLLAVARAM CHINDUKURU CHINDUKURU(VILLAGE) GADIVEMULA(MANDAL) KURNOOL(DIST),518508,mppskbollavaram[at]gmail[dot]com,https://kys.udiseplus.gov.in/#/schooldetail/4700305/12,4700305,15/10/2020 12:18,2367
******00601 Operational,,MPPS K.CHABOLU,,,,Andhra Pradesh,1-Primary,33-MPP_ZPP SCHOOLS,1 To 5,3-Co-educational,1-Rural,Jupadu Bungalow,Ganapuram,,,K.CHABOLU K.CHABOLU GANAPURAM(VILLAGE) J-BANGLAW(MANDAL) KURNOOL(DIST),518401,mppskchabolu[at]gmail[dot]com,https://kys.udiseplus.gov.in/#/schooldetail/4698721/12,4698721,09/05/2022 17:16,2367
******00708 Operational,,MPPS(KG) PEAPULLY,,,,Andhra Pradesh,1-Primary,33-MPP_ZPP SCHOOLS,1 To 5,3-Co-educational,1-Rural,Peapully,Peapally,,,PEAPULLY PEAPALLY PEAPALLY(VILLAGE) PEAPULLY(MANDAL) KURNOOL(DIST),518221,teachermaheswarareddy[at]gmail[dot]com,https://kys.udiseplus.gov.in/#/schooldetail/4701547/12,4701547,15/10/2020 12:18,2367
******00610 Operational,,MPPS KHADARABADARA,,,,Andhra Pradesh,1-Primary,33-MPP_ZPP SCHOOLS,1 To 5,3-Co-educational,1-Rural,Sirivel,Sirvel,,,KHADARABADARA SIRVEL SIRVEL(VILLAGE) SIRVEL(MANDAL) KURNOOL(DIST),518563,veereswarareddychittepu[at]gmail[dot]com,https://kys.udiseplus.gov.in/#/schooldetail/4699642/12,4699642,19/09/2024 09:39,2367
******01401 Operational,,MPPS KHAJIPETA,,,,Andhra Pradesh,1-Primary,33-MPP_ZPP SCHOOLS,1 To 5,3-Co-educational,1-Rural,Midthur,Chintalapalle,,,KHAJIPETA CHINTALAPALLE(VILLAGE) MIDTHUR(MANDAL) KURNOOL(DIST),518405,mppskhajipeta[at]gmail[dot]com,https://kys.udiseplus.gov.in/#/schooldetail/4698789/12,4698789,19/12/2025 19:32,2367
******01803 Operational,,MPPS K KANDUKUR,,,,Andhra Pradesh,1-Primary,33-MPP_ZPP SCHOOLS,1 To 5,3-Co-educational,1-Rural,Allagadda,Kotha Kandukur,,,KOTHA KANDUKUR KOTHA KANDUKUR KOTHA KANDUKUR(VILLAGE) ALLAGADDA(MANDAL) KURNOOL(DIST),518543,,https://kys.udiseplus.gov.in/#/schooldetail/4700964/12,4700964,12/03/2024 10:46,2367
******90202 Operational,,MPPS K.K.KOTTALA,,,,Andhra Pradesh,1-Primary,33-MPP_ZPP SCHOOLS,1 To 5,3-Co-educational,1-Rural,Bethamcherla,Bethamcherla (Ct),,,"K K KOTTALA BETHAMCHERLA, BETHAMCHERLA(VILLAGE) BETHAMCHERLA(MANDAL) KURNOOL(DIST)",518599,rahimpinjari15[at]gmail[dot]com,https://kys.udiseplus.gov.in/#/schooldetail/4719600/12,4719600,01/08/2022 16:40,2367
******00201 Operational,,MPPS K.KOTHUR,,,,Andhra Pradesh,1-Primary,33-MPP_ZPP SCHOOLS,1 To 5,3-Co-educational,1-Rural,Rudravaram,Kotakonda,,,KOTHUR KOTHUR KOTAKONDA(VILLAGE) RUDRAVARAM(MANDAL) KURNOOL(DIST),518583,mppsk.kothur[at]gmail[dot]com,https://kys.udiseplus.gov.in/#/schooldetail/4700793/12,4700793,24/12/2025 11:16,2367
******00902 Operational,,MPPS K.KOTTALA,,,,Andhra Pradesh,1-Primary,33-MPP_ZPP SCHOOLS,1 To 5,3-Co-educational,1-Rural,Bethamcherla,Rangapuram,,,"KOMMURIKOTTALA , RANGAPURAM(VILLAGE) BETHAMCHERLA(MANDAL) KURNOOL(DIST)",518598,panchavathsubbanaik[at]gmail[dot]com,https://kys.udiseplus.gov.in/#/schooldetail/4700161/12,4700161,01/08/2022 16:37,2367
******01101 Operational,,MPPS K.KOTTALA,,,,Andhra Pradesh,1-Primary,33-MPP_ZPP SCHOOLS,1 To 5,3-Co-educational,1-Rural,Jupadu Bungalow,Thudicherla,,,K.KOTTALA K.KOTTALA THUDICHERLA(VILLAGE) J-BANGLAW(MANDAL) KURNOOL(DIST),518508,hyderbeedudekula212[at]gmail[dot]com,https://kys.udiseplus.gov.in/#/schooldetail/4698737/12,4698737,09/05/2022 17:20,2367
******01503 Operational,,MPPS K.MADUGULA,,,,Andhra Pradesh,1-Primary,33-MPP_ZPP SCHOOLS,1 To 5,3-Co-educational,1-Rural,Kothapalle,Dudyala,,,K.MADUGULA K.MADUGULA DUDYALA(VILLAGE) KOTAPALLI(MANDAL) KURNOOL(DIST),518422,,https://kys.udiseplus.gov.in/#/schooldetail/4698506/12,4698506,07/05/2022 20:45,2367
******00402 Operational,,MPPS K.MUCHUMARRI,,,,Andhra Pradesh,1-Primary,33-MPP_ZPP SCHOOLS,1 To 5,3-Co-educational,1-Rural,Pagidyala,Muchumarri,,,KOTHA MUCHUMARRI KOTHA MUCHUMARRI MUCHUMARRI(VILLAGE) PAGIDALA(MANDAL) KURNOOL(DIST),518411,meo.pagidyala53[at]gmail[dot]com,https://kys.udiseplus.gov.in/#/schooldetail/4698440/12,4698440,15/10/2020 12:18,2367
******00904 Operational,,MPPS KOCHERUVU,,,,Andhra Pradesh,1-Primary,33-MPP_ZPP SCHOOLS,1 To 5,3-Co-educational,1-Rural,Dhone Alias Dronachalam,Kocheruvu,,,KOCHERUVU KOCHERUVU KOCHERUVU(VILLAGE) DHONE(MANDAL) KURNOOL(DIST),518222,Kalangirimadhu1981[at]gmail[dot]com,https://kys.udiseplus.gov.in/#/schooldetail/4701718/12,4701718,21/09/2024 12:00,2367
******00903 Operational,,MPPS KOCHERUVU(MAIN),,,,Andhra Pradesh,1-Primary,33-MPP_ZPP SCHOOLS,1 To 5,3-Co-educational,1-Rural,Dhone Alias Dronachalam,Kocheruvu,,,KOCHERUVU KOCHERUVU KOCHERUVU(VILLAGE) DHONE(MANDAL) KURNOOL(DIST),518222,gshiva.sunny[at]gmail[dot]com,https://kys.udiseplus.gov.in/#/schooldetail/4701717/12,4701717,21/09/2024 15:49,2367
******00805 Closed,Closed,MPPS KOLLABAVAPURAM,,,,Andhra Pradesh,1-Primary,33-MPP_ZPP SCHOOLS,1 To 5,3-Co-educational,1-Rural,Nandikotkur,Brahmanakotkur,,,KOLLABAVAPURAM VADDAMANU VADDAMANU(VILLAGE) NANDIKOTKUR(MANDAL) KURNOOL(DIST),518432,mpupskollabavapuram[at]gmail[dot]com,https://kys.udiseplus.gov.in/#/schooldetail/4698354/12,4698354,23/08/2024 13:00,2367
******01701 Closed,Closed,MPPS KOLUMULAPETA,,,,Andhra Pradesh,1-Primary,33-MPP_ZPP SCHOOLS,1 To 5,3-Co-educational,1-Rural,Chagalamarri,Chintala Cheruvu,,,KOLUMULAPETA KOLUMULAPETA CHINTALA CHERUVU(VILLAGE) CHAGALAMARRI(MANDAL) KURNOOL(DIST),518553,mppskolumulapeta[at]gmail[dot]com,https://kys.udiseplus.gov.in/#/schooldetail/4701033/12,4701033,16/12/2023 20:32,2367
******01505 Operational,,MPPS KOMMEMARRI,,,,Andhra Pradesh,1-Primary,33-MPP_ZPP SCHOOLS,1 To 5,3-Co-educational,1-Rural,Peapully,Kommemarri,,,KOMMEMARRI KOMMEMARRI KOMMEMARRI(VILLAGE) PEAPULLY(MANDAL) KURNOOL(DIST),518220,rahimsa.ar2[at]gmail[dot]com,https://kys.udiseplus.gov.in/#/schooldetail/4701600/12,4701600,15/10/2020 12:18,2367
******00301 Operational,,MPPS KONAPURAM,,,,Andhra Pradesh,1-Primary,33-MPP_ZPP SCHOOLS,1 To 5,3-Co-educational,1-Rural,Owk,Mettupalle,,,KONAPURAM METTUPALLE METTUPALLE(VILLAGE) OWK(MANDAL) KURNOOL(DIST),518122,nethulamahesh[at]gmail[dot]com,https://kys.udiseplus.gov.in/#/schooldetail/4701476/12,4701476,11/05/2022 13:05,2367
******00301 Operational,,MPPS KONDAJUTUR,,,,Andhra Pradesh,1-Primary,33-MPP_ZPP SCHOOLS,1 To 5,3-Co-educational,1-Rural,Panyam,Kondajutur,,,KONDAJUTUR KONDAJUTUR KONDAJUTUR(VILLAGE) PANYAM(MANDAL) KURNOOL(DIST),518511,mppskjtr301[at]gmail[dot]com,https://kys.udiseplus.gov.in/#/schooldetail/4700206/12,4700206,11/05/2022 10:25,2367
******00302 Operational,,MPPS KONDAJUTUR,,,,Andhra Pradesh,1-Primary,33-MPP_ZPP SCHOOLS,1 To 5,3-Co-educational,1-Rural,Panyam,Kondajutur,,,KONDAJUTUR KONDAJUTUR(VILLAGE) PANYAM(MANDAL) KURNOOL(DIST),518511,meo.panyam[at]gmail[dot]com,https://kys.udiseplus.gov.in/#/schooldetail/4700207/12,4700207,11/03/2024 21:48,2367
******01303 Operational,,MPPS KONDAMANAYAUNIPALLI,,,,Andhra Pradesh,1-Primary,33-MPP_ZPP SCHOOLS,1 To 5,3-Co-educational,1-Rural,Owk,Kondamanayunipalli,,,KONDAMANAYUNIPALLI JUNUTHALA JUNUTHALA(VILLAGE) OWK(MANDAL) KURNOOL(DIST),518122,pnmvenuenadu[at]gmail[dot]com,https://kys.udiseplus.gov.in/#/schooldetail/4701511/12,4701511,11/05/2022 15:18,2367
******00802 Operational,,MPPS KONDAMAYAPALLE,,,,Andhra Pradesh,1-Primary,33-MPP_ZPP SCHOOLS,1 To 5,3-Co-educational,1-Rural,Rudravaram,Kondamayapalle,,,KONDAMAYAPALLE KONDAMAYAPALLE KONDAMAYAPALLE(VILLAGE) RUDRAVARAM(MANDAL) KURNOOL(DIST),518594,sasikalachinnapu[at]gmail[dot]com,https://kys.udiseplus.gov.in/#/schooldetail/4700811/12,4700811,24/12/2025 11:18,2367
******00621 Operational,,MPPS KONDAPETA,,,,Andhra Pradesh,1-Primary,33-MPP_ZPP SCHOOLS,1 To 5,3-Co-educational,2-Urban,NA,,Dhone Ward No. 9,Dhone(M)-Municipality,DHONE KONDAPETA DHONE(VILLAGE) DHONE(MANDAL) KURNOOL(DIST),518222,rafishaik28061973[at]gmail[dot]com,https://kys.udiseplus.gov.in/#/schooldetail/4701652/12,4701652,21/09/2024 10:49,2367
******03203 Operational,,MPPS KONDAPETA,,,,Andhra Pradesh,1-Primary,33-MPP_ZPP SCHOOLS,1 To 5,3-Co-educational,1-Rural,Banaganapalle,Banumukkala (Ct),,,19TH WARD BANUMUKKALA BANUMUKKALA(VILLAGE) BANAGANAPALLI(MANDAL) KURNOOL(DIST),518124,mppskondapetabanaganapalli[at]gmail[dot]com,https://kys.udiseplus.gov.in/#/schooldetail/4701345/12,4701345,11/05/2022 12:07,2367
******00601 Operational,,MPPS KONDAPURAM,,,,Andhra Pradesh,1-Primary,33-MPP_ZPP SCHOOLS,1 To 5,3-Co-educational,1-Rural,Dornipadu,Kondapuram,,,KONDAPURAM (VILLAGE) DORNIPADU (MANDAL) KURNOOL(DIST),518135,parameswaribandi2010[at]gmail[dot]com,https://kys.udiseplus.gov.in/#/schooldetail/4701097/12,4701097,08/05/2022 12:54,2367
******00801 Operational,,MPPS KONIDEDU,,,,Andhra Pradesh,1-Primary,33-MPP_ZPP SCHOOLS,1 To 5,3-Co-educational,1-Rural,Panyam,Konidedu,,,KONIDEDU KONIDEDU KONIDEDU(VILLAGE) PANYAM(MANDAL) KURNOOL(DIST),518112,meo.panyam[at]gmail[dot]com,https://kys.udiseplus.gov.in/#/schooldetail/4700240/12,4700240,11/03/2024 21:41,2367
******00304 Operational,,MPPS KONIDELA,,,,Andhra Pradesh,1-Primary,33-MPP_ZPP SCHOOLS,1 To 5,3-Co-educational,1-Rural,Nandikotkur,Konidela,,,KONIDELA KONIDELA KONIDELA(VILLAGE) NANDIKOTKUR(MANDAL) KURNOOL(DIST),518411,gopathipadmaja[at]gmail[dot]com,https://kys.udiseplus.gov.in/#/schooldetail/4698341/12,4698341,15/10/2020 12:18,2367
******01301 Operational,,MPPS KORATAMADDI,,,,Andhra Pradesh,1-Primary,33-MPP_ZPP SCHOOLS,1 To 5,3-Co-educational,1-Rural,Gadivemula,Koratamaddi,,,KORATAMADDI KORATAMADDI KORATAMADDI(VILLAGE) GADIVEMULA(MANDAL) KURNOOL(DIST),518511,kaipavijayalaksmi008[at]gmail[dot]com,https://kys.udiseplus.gov.in/#/schooldetail/4700318/12,4700318,23/08/2024 12:52,2367
******00401 Operational,,MPPS KORRAPOLUR,,,,Andhra Pradesh,1-Primary,33-MPP_ZPP SCHOOLS,1 To 5,3-Co-educational,1-Rural,Gadivemula,Korrapolur,,,KORRAPOLUR KORRAPOLUR KORRAPOLUR(VILLAGE) GADIVEMULA(MANDAL) KURNOOL(DIST),518508,schoolsgadivemula[at]gmail[dot]com,https://kys.udiseplus.gov.in/#/schooldetail/4700288/12,4700288,15/10/2020 12:18,2367
******01301 Operational,,MPPS KORUMANIPALLE,,,,Andhra Pradesh,1-Primary,33-MPP_ZPP SCHOOLS,1 To 5,3-Co-educational,1-Rural,Kolimigundla,Korumanipalle,,,KORUMANIPALLE KORUMANIPALLE KORUMANIPALLE(VILLAGE) KOLIMIGUNDLA(MANDAL) KURNOOL(DIST),518123,harikrish1565[at]gmail[dot]com,https://kys.udiseplus.gov.in/#/schooldetail/4701452/12,4701452,24/06/2021 21:52,2367
******00917 Operational,,"MPPS KOTA,NANDIKOTKUR",,,,Andhra Pradesh,1-Primary,33-MPP_ZPP SCHOOLS,1 To 5,3-Co-educational,2-Urban,NA,,Nandikotkur Ward No. 23,Nandikotkur-Town Panchayat,NANDI KOTKUR KOTA NANDI KOTKUR(VILLAGE) NANDIKOTKUR(MANDAL) KURNOOL(DIST),518401,akkem.narahari5[at]gmail[dot]com,https://kys.udiseplus.gov.in/#/schooldetail/4698370/12,4698370,11/05/2022 13:00,2367
******00501 Operational,,MPPS KOTAPADU,,,,Andhra Pradesh,1-Primary,33-MPP_ZPP SCHOOLS,1 To 5,3-Co-educational,1-Rural,Kolimigundla,Kotapadu,,,KOTAPADU KOTAPADU KOTAPADU(VILLAGE) KOLIMIGUNDLA(MANDAL) KURNOOL(DIST),518166,mppskotapadu[at]gmail[dot]com,https://kys.udiseplus.gov.in/#/schooldetail/4701412/12,4701412,15/10/2020 12:18,2367
******01401 Operational,,MPPS KOTHA BURUJU,,,,Andhra Pradesh,1-Primary,33-MPP_ZPP SCHOOLS,1 To 5,3-Co-educational,1-Rural,Dhone Alias Dronachalam,Kotha Buruju,,,KOTHA BURUJU KOTHA BURUJU KOTHA BURUJU(VILLAGE) DHONE(MANDAL) KURNOOL(DIST),518222,ramesmandla[at]gmail[dot]com,https://kys.udiseplus.gov.in/#/schooldetail/4701733/12,4701733,21/09/2024 11:25,2367
******01603 Operational,,MPPS KOTHAKOTA,,,,Andhra Pradesh,1-Primary,33-MPP_ZPP SCHOOLS,1 To 5,3-Co-educational,1-Rural,Dhone Alias Dronachalam,Kothakota,,,KOTHAKOTA KOTHAKOTA KOTHAKOTA(VILLAGE) DHONE(MANDAL) KURNOOL(DIST),518221,dshahanaaz[at]gmail[dot]com,https://kys.udiseplus.gov.in/#/schooldetail/4701742/12,4701742,21/09/2024 16:01,2367
******00101 Operational,,MPPS KOTHAPETA,,,,Andhra Pradesh,1-Primary,33-MPP_ZPP SCHOOLS,1 To 5,3-Co-educational,1-Rural,Srisailam,NA,,,KOTHAPETA SRISAILAM (VILLAGE) SRISAILAM(MANDAL) KURNOOL(DIST),518101,meosrisailam[at]gmail[dot]com,https://kys.udiseplus.gov.in/#/schooldetail/4697551/12,4697551,19/12/2024 11:09,2367
******00627 Operational,,MPPS(KOTHAPETA) DHONE,,,,Andhra Pradesh,1-Primary,33-MPP_ZPP SCHOOLS,1 To 5,3-Co-educational,2-Urban,NA,,Dhone Ward No. 18,Dhone(M)-Municipality,DHONE KOTHAPETA R.S.ROAD DHONE(VILLAGE) DHONE(MANDAL) KURNOOL(DIST),518222,Eswaramedha[at]gmail[dot]com,https://kys.udiseplus.gov.in/#/schooldetail/4701656/12,4701656,21/09/2024 11:12,2367
******01001 Operational,,MPPS KOTHASIDDESWARAM,,,,Andhra Pradesh,1-Primary,33-MPP_ZPP SCHOOLS,1 To 5,3-Co-educational,1-Rural,Jupadu Bungalow,Parumanchala,,,KOTHASIDDESWARAM KOTHASIDDESWARAM PARUMANCHALA(VILLAGE) J-BANGLAW(MANDAL) KURNOOL(DIST),518401,mppskothasiddeswaram[at]gmail[dot]com,https://kys.udiseplus.gov.in/#/schooldetail/4698731/12,4698731,09/05/2022 17:20,2367
******01403 Operational,,MPPS KOTRAI,,,,Andhra Pradesh,1-Primary,33-MPP_ZPP SCHOOLS,1 To 5,3-Co-educational,1-Rural,Dhone Alias Dronachalam,Kotha Buruju,,,KOTRAI KOTHA BURUJU KOTHA BURUJU(VILLAGE) DHONE(MANDAL) KURNOOL(DIST),518221,boyageetha1111[at]gmail[dot]com,https://kys.udiseplus.gov.in/#/schooldetail/4701735/12,4701735,21/09/2024 11:26,2367
******00206 Operational,,MPPS KOTTALACHERUVU,,,,Andhra Pradesh,1-Primary,33-MPP_ZPP SCHOOLS,1 To 5,3-Co-educational,1-Rural,Atmakur,Kurukunda,,,KURUKUNDA GUVVALAKUNTLA KURUKUNDA(VILLAGE) ATMAKUR(MANDAL) KURNOOL(DIST),518422,yvenki84[at]gmail[dot]com,https://kys.udiseplus.gov.in/#/schooldetail/4698565/12,4698565,15/10/2020 12:18,2367
******01902 Closed,Closed,MPPS KOWLAPALLE,,,,Andhra Pradesh,1-Primary,33-MPP_ZPP SCHOOLS,1 To 5,3-Co-educational,1-Rural,Peapully,Burugula,,,KOWLAPALLE BURUGULA BURUGULA(VILLAGE) PEAPULLY(MANDAL) KURNOOL(DIST),518220,,https://kys.udiseplus.gov.in/#/schooldetail/4701614/12,4701614,15/10/2020 12:18,2367
******01001 Operational,,MPPS KOWLUR,,,,Andhra Pradesh,1-Primary,33-MPP_ZPP SCHOOLS,1 To 5,3-Co-educational,1-Rural,Panyam,Kowlur,,,KOWLUR KOWLUR KOWLUR(VILLAGE) PANYAM(MANDAL) KURNOOL(DIST),518112,MPPS.kowlur[at]gmail[dot]com,https://kys.udiseplus.gov.in/#/schooldetail/4650028/12,4650028,11/05/2022 10:40,2367
******00904 Operational,,MPPS K.PALAMARRI,,,,Andhra Pradesh,1-Primary,33-MPP_ZPP SCHOOLS,1 To 5,3-Co-educational,1-Rural,Pagidyala,Palamarri,,,K.PALAMARRI K.PALAMARRI PAGIDIYALA(VILLAGE) PAGIDALA(MANDAL) KURNOOL(DIST),518412,hmmppskpalamarri[at]gmail[dot]com,https://kys.udiseplus.gov.in/#/schooldetail/4698455/12,4698455,15/10/2020 12:18,2367
******00102 Operational,,MPPS K.PRAGATUR,,,,Andhra Pradesh,1-Primary,33-MPP_ZPP SCHOOLS,1 To 5,3-Co-educational,1-Rural,Pagidyala,Murvakonda,,,K PRAGATUR K PRAGATUR MURVAKONDA(VILLAGE) PAGIDALA(MANDAL) KURNOOL(DIST),518411,meo.pagidyala53[at]gmail[dot]com,https://kys.udiseplus.gov.in/#/schooldetail/4698436/12,4698436,11/03/2024 21:58,2367
******00902 Permanently Closed,,MPPS (K.P) YERRAGUNTLA,,,,Andhra Pradesh,1-Primary,33-MPP_ZPP SCHOOLS,1 To 5,3-Co-educational,1-Rural,Sirivel,Yerragundla,,,NA,518510,,https://kys.udiseplus.gov.in/#/schooldetail/4717477/12,4717477,15/10/2020 12:18,2367
******00121 Operational,,MPPS K.RAMAPURAM,,,,Andhra Pradesh,1-Primary,33-MPP_ZPP SCHOOLS,1 To 5,3-Co-educational,1-Rural,Atmakur,Atmakur,,,K.RAMAPURAM ATMAKUR ATMAKUR(VILLAGE) ATMAKUR(MANDAL) KURNOOL(DIST),518422,vsrinivasanaik[at]20gmail[dot]com,https://kys.udiseplus.gov.in/#/schooldetail/4698526/12,4698526,17/07/2025 16:05,2367
******01101 Operational,,MPPS KRANTHI NAGAR,,,,Andhra Pradesh,1-Primary,33-MPP_ZPP SCHOOLS,1 To 5,3-Co-educational,2-Urban,NA,,Nandyal (M) - Ward No.22,Nandyal-Municipality,KRANTHI NAGAR NOONEPALLE NOONEPALLE(VILLAGE) NANDYAL(MANDAL) KURNOOL(DIST),518502,mppsknagar[at]gmail[dot]com,https://kys.udiseplus.gov.in/#/schooldetail/4700445/12,4700445,21/09/2024 07:29,2367
******01801 Operational,,MPPS KRISHNAGIRI,,,,Andhra Pradesh,1-Primary,33-MPP_ZPP SCHOOLS,1 To 5,3-Co-educational,1-Rural,Banaganapalle,Krishnagiri,,,KRISHNAGIRI BANAGANAPALLI KRISHNAGIRI(VILLAGE) BANAGANAPALLI(MANDAL) KURNOOL(DIST),518124,,https://kys.udiseplus.gov.in/#/schooldetail/4701268/12,4701268,30/08/2024 10:26,2367
******01004 Operational,,"MPPS, KRISHNA NAGAR",,,,Andhra Pradesh,1-Primary,33-MPP_ZPP SCHOOLS,1 To 5,3-Co-educational,1-Rural,Pamulapadu,Maddur,,,KRISHNA NAGAR MADDUR(VILLAGE) PAMULAPADU(MANDAL) KURNOOL(DIST),518533,www.tharunkumar23[at]gmai[dot]com,https://kys.udiseplus.gov.in/#/schooldetail/4698707/12,4698707,15/10/2020 12:18,2367
******00702 Operational,,MPPS KRISHNAPURAM,,,,Andhra Pradesh,1-Primary,33-MPP_ZPP SCHOOLS,1 To 5,3-Co-educational,1-Rural,Atmakur,Krishnapuram,,,KRISHNAPURAM KRISHNAPURAM KRISHNAPURAM(VILLAGE) ATMAKUR(MANDAL) KURNOOL(DIST),518422,mppskrishnapuram210[at]gmail[dot]com,https://kys.udiseplus.gov.in/#/schooldetail/4698583/12,4698583,15/10/2020 12:18,2367
******00202 Operational,,MPPS KRISHNARAO PETA,,,,Andhra Pradesh,1-Primary,33-MPP_ZPP SCHOOLS,1 To 5,3-Co-educational,1-Rural,Pamulapadu,Thummalur,,,KRISHNARAO PETA KRISHNARAO PETA JUTUR(VILLAGE) PAMULAPADU(MANDAL) KURNOOL(DIST),518401,mpps28211400202[at]gmail[dot]com,https://kys.udiseplus.gov.in/#/schooldetail/4719562/12,4719562,11/05/2022 16:06,2367
******01101 Operational,,MPPS KUNUKUNTLA,,,,Andhra Pradesh,1-Primary,33-MPP_ZPP SCHOOLS,1 To 5,3-Co-educational,1-Rural,Owk,Kunukuntla,,,KUNUKUNTLA KUNUKUNTLA KUNUKUNTLA(VILLAGE) OWK(MANDAL) KURNOOL(DIST),518122,yssswarupa[at]gmail[dot]com,https://kys.udiseplus.gov.in/#/schooldetail/4700380/12,4700380,11/03/2024 22:01,2367
******00205 Operational,,MPPS KURUKUNDA,,,,Andhra Pradesh,1-Primary,33-MPP_ZPP SCHOOLS,1 To 5,3-Co-educational,1-Rural,Atmakur,Kurukunda,,,KURUKUNDA ATMAKUR KURUKUNDA(VILLAGE) ATMAKUR(MANDAL) KURNOOL(DIST),518422,mullarasheed0610[at]gmail[dot]com,https://kys.udiseplus.gov.in/#/schooldetail/4697514/12,4697514,15/10/2020 12:18,2367
******00603 Operational,,MPPS(KVS COLONY) DHONE,,,,Andhra Pradesh,1-Primary,33-MPP_ZPP SCHOOLS,1 To 5,3-Co-educational,2-Urban,NA,,Dhone Ward No. 1,Dhone(M)-Municipality,KVS COLONY DHONE(VILLAGE) DHONE(MANDAL) NANDYAL (DIST),518222,,https://kys.udiseplus.gov.in/#/schooldetail/4701639/12,4701639,21/09/2024 11:13,2367
******00404 Operational,,MPPS K.YELLALA,,,,Andhra Pradesh,1-Primary,33-MPP_ZPP SCHOOLS,1 To 5,3-Co-educational,1-Rural,Pagidyala,Yellala,,,YELLALA YELLALA MUCHUMARRI(VILLAGE) PAGIDALA(MANDAL) KURNOOL(DIST),518411,hmmppskyellala[at]gmail[dot]com,https://kys.udiseplus.gov.in/#/schooldetail/4698442/12,4698442,15/10/2020 12:18,2367
******01003 Operational,,MPPS LAKSHMIPALLI,,,,Andhra Pradesh,1-Primary,33-MPP_ZPP SCHOOLS,1 To 5,3-Co-educational,1-Rural,Dhone Alias Dronachalam,Ungaranigundla,,,LAKSHMIPALLI UNGARANIGUNDLA UNGARANIGUNDLA(VILLAGE) DHONE(MANDAL) KURNOOL(DIST),518222,rjasgt14[at]gmail[dot]com,https://kys.udiseplus.gov.in/#/schooldetail/4701722/12,4701722,21/09/2024 16:02,2367
******02102 Operational,,MPPS LAKSHMIPALLI,,,,Andhra Pradesh,1-Primary,33-MPP_ZPP SCHOOLS,1 To 5,3-Co-educational,1-Rural,Kolimigundla,Peddaventhurla,,,LAKSHMIPALLI PEDDAVENTHURLA PEDDAVENTHURLA(VILLAGE) KOLIMIGUNDLA(MANDAL) KURNOOL(DIST),518166,obulesu[at]gmail[dot]com,https://kys.udiseplus.gov.in/#/schooldetail/4700343/12,4700343,15/10/2020 12:18,2367
******01303 Operational,,MPPS LAXMI THANDA,,,,Andhra Pradesh,1-Primary,33-MPP_ZPP SCHOOLS,1 To 5,3-Co-educational,1-Rural,Peapully,Racherla,,,LAXMI THANDA RACHERLA RACHERLA(VILLAGE) PEAPULLY(MANDAL) KURNOOL(DIST),518220,janavatkalavathi[at]gmail[dot]com,https://kys.udiseplus.gov.in/#/schooldetail/4701591/12,4701591,15/10/2020 12:18,2367
******00203 Operational,,MPPS LINGALA,,,,Andhra Pradesh,1-Primary,33-MPP_ZPP SCHOOLS,1 To 5,3-Co-educational,1-Rural,Pamulapadu,Jutur,,,LINGALA LINGALA JUTUR(VILLAGE) PAMULAPADU(MANDAL) KURNOOL(DIST),518422,nagamani.y.677[at]gmail[dot]com,https://kys.udiseplus.gov.in/#/schooldetail/4698677/12,4698677,15/10/2020 12:18,2367
******00401 Operational,,MPPS LINGALA,,,,Andhra Pradesh,1-Primary,33-MPP_ZPP SCHOOLS,1 To 5,3-Co-educational,1-Rural,Koilakuntla,Lingala,,,LINGALA(VILLAGE) KOILAKUNTLA(MANDAL) KURNOOL(DIST),518134,lingalamppschool[at]gmail[dot]com,https://kys.udiseplus.gov.in/#/schooldetail/4701154/12,4701154,23/12/2025 16:23,2367
******00401 Operational,,MPPS LINGALAGATTU,,,,Andhra Pradesh,1-Primary,33-MPP_ZPP SCHOOLS,1 To 5,3-Co-educational,1-Rural,Srisailam,NA,,,LINGALAGATTU (VILLAGE) SRISAILAM(MANDAL) KURNOOL(DIST),518102,mahabdulla786[at]gmail[dot]com,https://kys.udiseplus.gov.in/#/schooldetail/4697553/12,4697553,11/03/2024 20:16,2367
******00203 Operational,,MPPS LINGAMBODU,,,,Andhra Pradesh,1-Primary,33-MPP_ZPP SCHOOLS,1 To 5,3-Co-educational,1-Rural,Owk,Ramavaram,,,LINGAMBODU RAMAVARAM(POST) RAMAVARAM(VILLAGE) OWK(MANDAL) KURNOOL(DIST),518124,sagarglns[at]gmail[dot]com,https://kys.udiseplus.gov.in/#/schooldetail/4701475/12,4701475,11/05/2022 13:04,2367
******01002 Operational,,"MPPS, MACHINENIPALLI",,,,Andhra Pradesh,1-Primary,33-MPP_ZPP SCHOOLS,1 To 5,3-Co-educational,1-Rural,Rudravaram,Erragudidinne,,,MACHINENIPALLI. MACHINENIPALLI. ERRAGUDIDINNE(VILLAGE) RUDRAVARAM(MANDAL) KURNOOL(DIST),518510,mpupsmachinenipalli[at]gmail[dot]com,https://kys.udiseplus.gov.in/#/schooldetail/4700815/12,4700815,24/12/2025 11:18,2367
******01102 Operational,,MPPS MADANANTAPURAM,,,,Andhra Pradesh,1-Primary,33-MPP_ZPP SCHOOLS,1 To 5,3-Co-educational,1-Rural,Kolimigundla,Chintalayapalle,,,MADANANTAPURAM CHINTALAYAPALLE CHINTALAYAPALLE(VILLAGE) KOLIMIGUNDLA(MANDAL) KURNOOL(DIST),518123,gramamanohara[at]gmail[dot]com,https://kys.udiseplus.gov.in/#/schooldetail/4701446/12,4701446,12/03/2024 11:39,2367
******02102 Operational,,MPPS MADASUPALLI,,,,Andhra Pradesh,1-Primary,33-MPP_ZPP SCHOOLS,1 To 5,3-Co-educational,1-Rural,Banaganapalle,Pathapadu,,,MADASUPALLE MADASUPALLE PATHAPADU(VILLAGE) BANAGANAPALLI(MANDAL) KURNOOL(DIST),518124,psubha257[at]gmail[dot]com,https://kys.udiseplus.gov.in/#/schooldetail/4701275/12,4701275,24/12/2025 18:01,2367
******01003 Operational,,MPPS MADDUR,,,,Andhra Pradesh,1-Primary,33-MPP_ZPP SCHOOLS,1 To 5,3-Co-educational,1-Rural,Pamulapadu,Maddur,,,MADDUR MADDUR MADDUR(VILLAGE) PAMULAPADU(MANDAL) KURNOOL(DIST),518533,mclingamaiah1978[at]gmail[dot]com,https://kys.udiseplus.gov.in/#/schooldetail/4698706/12,4698706,15/10/2020 12:18,2367
******00802 Operational,,MPPS MADDURU,,,,Andhra Pradesh,1-Primary,33-MPP_ZPP SCHOOLS,1 To 5,3-Co-educational,1-Rural,Chagalamarri,Madduru,,,MADDURU MADDURU MADDURU(VILLAGE) CHAGALAMARRI(MANDAL) KURNOOL(DIST),518553,ravindrareddyboddu[at]gmail[dot]com,https://kys.udiseplus.gov.in/#/schooldetail/4700990/12,4700990,12/03/2024 11:12,2367
******01101 Operational,,MPPS MADHAVARAM,,,,Andhra Pradesh,1-Primary,33-MPP_ZPP SCHOOLS,1 To 5,3-Co-educational,1-Rural,Peapully,Madhavaram,,,MADHAVARAM PEAPULLY MADHAVARAM(VILLAGE) PEAPULLY(MANDAL) KURNOOL(DIST),518220,varadimanojkumar1816[at]gmail[dot]com,https://kys.udiseplus.gov.in/#/schooldetail/4701583/12,4701583,15/10/2020 12:18,2367
******00601 Operational,,MPPS MADINENIDODDI,,,,Andhra Pradesh,1-Primary,33-MPP_ZPP SCHOOLS,1 To 5,3-Co-educational,1-Rural,Peapully,Pothidoddi,,,MADINENIDODDI POTHIDODDI POTHIDODDI(VILLAGE) PEAPULLY(MANDAL) KURNOOL(DIST),518221,penugondarambabu94[at]gmail[dot]com,https://kys.udiseplus.gov.in/#/schooldetail/4701534/12,4701534,15/10/2020 12:18,2367
******00701 Permanently Closed,,MPPS MAHANANDI FARM,,,,Andhra Pradesh,1-Primary,33-MPP_ZPP SCHOOLS,1 To 5,3-Co-educational,1-Rural,Mahanandi,Gopavaram,,,NA,518502,,https://kys.udiseplus.gov.in/#/schooldetail/4717473/12,4717473,15/10/2020 12:18,2367
******01203 Operational,,MPPS(MAIN) ALVAKONDA,,,,Andhra Pradesh,1-Primary,33-MPP_ZPP SCHOOLS,1 To 5,3-Co-educational,1-Rural,Sanjamala,Alvakonda,,,ALVAKONDA SANJAMALA ALVAKONDA(VILLAGE) SANJAMALA(MANDAL) KURNOOL(DIST),518165,sujathaobulapus[at]gmail[dot]com,https://kys.udiseplus.gov.in/#/schooldetail/4701370/12,4701370,23/12/2025 14:56,2367
******01501 Operational,,MPPS(MAIN) CHAGALAMARRI,,,,Andhra Pradesh,1-Primary,33-MPP_ZPP SCHOOLS,1 To 5,3-Co-educational,1-Rural,Chagalamarri,Chagalamarri,,,NEAR MAIN BAZAR (STREET) CHAGALAMARRI CHAGALAMARRI(VILLAGE) CHAGALAMARRI(MANDAL) KURNOOL(DIST),518553,mppsmaincmi[at]gmail[dot]com,https://kys.udiseplus.gov.in/#/schooldetail/4701001/12,4701001,15/10/2020 12:18,2367
******00802 Operational,,"MPPS,(MAIN) CH.MALKAPURAM",,,,Andhra Pradesh,1-Primary,33-MPP_ZPP SCHOOLS,1 To 5,3-Co-educational,1-Rural,Dhone Alias Dronachalam,Chinna Malkapuram,,,CHINNA MALAKAPURAM PD.MALKAPURAM MALKAPURAM(VILLAGE) DHONE(MANDAL) KURNOOL(DIST),518222,bysrayududhone99[at]gmail[dot]com,https://kys.udiseplus.gov.in/#/schooldetail/4701704/12,4701704,21/09/2024 15:51,2367
******01501 Operational,,MPPS(MAIN) DUDYALA,,,,Andhra Pradesh,1-Primary,33-MPP_ZPP SCHOOLS,1 To 5,3-Co-educational,1-Rural,Kothapalle,Dudyala,,,DUDYALA DUDYALA DUDYALA(VILLAGE) KOTAPALLI(MANDAL) KURNOOL(DIST),518422,mppsmaindudyala501[at]gmail[dot]com,https://kys.udiseplus.gov.in/#/schooldetail/4697449/12,4697449,07/05/2022 20:45,2367
******00702 Closed,Closed,MPPS(MAIN) GOPAVARAM,,,,Andhra Pradesh,1-Primary,33-MPP_ZPP SCHOOLS,1 To 5,3-Co-educational,1-Rural,Mahanandi,Gopavaram,,,GOPAVARAM GOPAVARAM GOPAVARAM(VILLAGE) MAHANANDI(MANDAL) KURNOOL(DIST),518583,mppsmaingopavaram702[at]gmail[dot]com,https://kys.udiseplus.gov.in/#/schooldetail/4700709/12,4700709,04/08/2025 11:52,2367
******00101 Operational,,MPPS (MAIN) GOVINDPALLE,,,,Andhra Pradesh,1-Primary,33-MPP_ZPP SCHOOLS,1 To 5,3-Co-educational,1-Rural,Sirivel,Govindpalle,,,GOVINDPALLE GOVINDPALLE GOVINDPALLE(VILLAGE) SIRVEL(MANDAL) KURNOOL(DIST),518502,Kandulavathramesh[at]gmail[dot]com,https://kys.udiseplus.gov.in/#/schooldetail/4700734/12,4700734,19/09/2024 09:23,2367
******00103 Operational,,MPPS(MAIN) GUNDUPAPALA,,,,Andhra Pradesh,1-Primary,33-MPP_ZPP SCHOOLS,1 To 5,3-Co-educational,1-Rural,Dornipadu,Gundupapala,,,GUNDUPAPALA(VILLAGE) DORNIPADU(MANDAL) KURNOOL(DIST),518134,varalakshmi.balasani[at]gmail[dot]com,https://kys.udiseplus.gov.in/#/schooldetail/4701083/12,4701083,08/05/2022 12:39,2367
******00301 Operational,,MPPS(MAIN) KADUMUR,,,,Andhra Pradesh,1-Primary,33-MPP_ZPP SCHOOLS,1 To 5,3-Co-educational,1-Rural,Midthur,Kadumur,,,KADUMUR KADUMUR KADUMUR(VILLAGE) MIDTHUR(MANDAL) KURNOOL(DIST),518452,mppsmainkadumur2[at]gmail[dot]com,https://kys.udiseplus.gov.in/#/schooldetail/4698755/12,4698755,19/12/2025 19:17,2367
******01410 Operational,,MPPS(MAIN) KOILAKUNTLA,,,,Andhra Pradesh,1-Primary,33-MPP_ZPP SCHOOLS,1 To 5,3-Co-educational,1-Rural,Koilakuntla,Koilkuntla,,,KOILKUNTLA(VILLAGE) KOILAKUNTLA(MANDAL) KURNOOL(DIST),518134,mppsmainkoilkuntla[at]gmail[dot]com,https://kys.udiseplus.gov.in/#/schooldetail/4701175/12,4701175,23/12/2025 16:30,2367
******00803 Operational,,MPPS(MAIN) KOTAPADU,,,,Andhra Pradesh,1-Primary,33-MPP_ZPP SCHOOLS,1 To 5,3-Co-educational,1-Rural,Sirivel,Kotapadu,,,KOTAPADU(VILLAGE) SIRVEL(MANDAL) KURNOOL(DIST),518573,mpps.mainkotapadu[at]gmail[dot]com,https://kys.udiseplus.gov.in/#/schooldetail/4700773/12,4700773,19/09/2024 09:52,2367
******00501 Operational,,MPPS (MAIN) MAHADEVAPURAM,,,,Andhra Pradesh,1-Primary,33-MPP_ZPP SCHOOLS,1 To 5,3-Co-educational,1-Rural,Sirivel,Mahadevapuram,,,MAHADEVAPURAM MAHADEVAPURAM(VILLAGE) SIRVEL(MANDAL) KURNOOL(DIST),518583,swarnamanjari050572[at]gmail[dot]com,https://kys.udiseplus.gov.in/#/schooldetail/4700746/12,4700746,19/09/2024 09:27,2367
******00701 Operational,,MPPS(MAIN) PAMULAPADU,,,,Andhra Pradesh,1-Primary,33-MPP_ZPP SCHOOLS,1 To 5,3-Co-educational,1-Rural,Pamulapadu,Pamulapadu,,,PAMULAPADU(VILLAGE) PAMULAPADU(MANDAL) KURNOOL(DIST)518442,518442,bkrishnasunkara774[at]gmail[dot]com,https://kys.udiseplus.gov.in/#/schooldetail/4698687/12,4698687,11/05/2022 16:09,2367
******00507 Operational,,"MPPS(MAIN), SEETHARAMAPURAM",,,,Andhra Pradesh,1-Primary,33-MPP_ZPP SCHOOLS,1 To 5,3-Co-educational,1-Rural,Bethamcherla,Kolumulapalle,,,"SEETHARAMAPURAM, (VILLAGE) BETHAMCHERLA(MANDAL) KURNOOL(DIST) 518599",518599,msuneetha8783[at]gmai[dot]com,https://kys.udiseplus.gov.in/#/schooldetail/4700142/12,4700142,27/12/2025 12:01,2367
******00608 Operational,,MPPS (MAIN )SIRVEL,,,,Andhra Pradesh,1-Primary,33-MPP_ZPP SCHOOLS,1 To 5,3-Co-educational,1-Rural,Sirivel,Sirvel,,,NEAR P.H.C SIRVEL SIRVEL(VILLAGE) SIRVEL(MANDAL) KURNOOL(DIST),518563,mpps.mainsirvel[at]gmail[dot]com,https://kys.udiseplus.gov.in/#/schooldetail/4699640/12,4699640,19/09/2024 09:33,2367
******00302 Operational,,MPPS(MAIN) THIMMAPURAM,,,,Andhra Pradesh,1-Primary,33-MPP_ZPP SCHOOLS,1 To 5,3-Co-educational,1-Rural,Mahanandi,Thimmapuram,,,THIMMAPURAM ANKALAMMA VEEDHI THIMMAPURAM(VILLAGE) MAHANANDI(MANDAL) KURNOOL(DIST),518512,madduletipshm[at]gmail[dot]com,https://kys.udiseplus.gov.in/#/schooldetail/4700692/12,4700692,15/10/2020 12:18,2367
******01005 Operational,,"MPPS,(MAIN) U.KOTHAPALLI",,,,Andhra Pradesh,1-Primary,33-MPP_ZPP SCHOOLS,1 To 5,3-Co-educational,1-Rural,Dhone Alias Dronachalam,Ungaranigundla,,,U. KOTHAPALLI UNGARANIGUNDLA UNGARANIGUNDLA(VILLAGE) DHONE(MANDAL) KURNOOL(DIST),518222,yapamanucsr79[at]gmail[dot]com,https://kys.udiseplus.gov.in/#/schooldetail/4700582/12,4700582,21/09/2024 16:09,2367
******00901 Operational,,MPPS (MAIN) YERRAGUNTLA,,,,Andhra Pradesh,1-Primary,33-MPP_ZPP SCHOOLS,1 To 5,3-Co-educational,1-Rural,Sirivel,Yerragundla,,,YERRAGUNTLA(VILLAGE) SIRVEL(MANDAL) KURNOOL(DIST),518510,venkataramana9376[at]gmail[dot]com,https://kys.udiseplus.gov.in/#/schooldetail/4700775/12,4700775,19/09/2024 09:52,2367
******00701 Operational,,MPPS(M) AKKUMALLA,,,,Andhra Pradesh,1-Primary,33-MPP_ZPP SCHOOLS,1 To 5,3-Co-educational,1-Rural,Sanjamala,Akumalla,,,AKUMALLA SANJAMALA AKUMALLA(VILLAGE) SANJAMALA(MANDAL) KURNOOL(DIST),518196,mani.7398[at]gmail[dot]com,https://kys.udiseplus.gov.in/#/schooldetail/4701362/12,4701362,23/12/2025 14:53,2367
******01902 Operational,,MPPS(M) ALAMUR,,,,Andhra Pradesh,1-Primary,33-MPP_ZPP SCHOOLS,1 To 5,3-Co-educational,1-Rural,Rudravaram,Alamur,,,ALAMUR ALAMUR ALAMUR(VILLAGE) RUDRAVARAM(MANDAL) KURNOOL(DIST),518543,mppsmainalamuru[at]gmail[dot]com,https://kys.udiseplus.gov.in/#/schooldetail/4700852/12,4700852,24/12/2025 10:50,2367
******00921 Operational,,MPPS(M) ALLAGADDA,,,,Andhra Pradesh,1-Primary,33-MPP_ZPP SCHOOLS,1 To 5,3-Co-educational,2-Urban,NA,,Allagadda Ward no. 11,Allagadda-Town Panchayat,ALLAGADDA ALLAGADDA ALLAGADDA(VILLAGE) ALLAGADDA(MANDAL) KURNOOL(DIST),518543,,https://kys.udiseplus.gov.in/#/schooldetail/4700895/12,4700895,26/12/2025 08:43,2367
******01401 Operational,,MPPS MALLAVEMULA,,,,Andhra Pradesh,1-Primary,33-MPP_ZPP SCHOOLS,1 To 5,3-Co-educational,1-Rural,Chagalamarri,Mallavemula,,,MALLAVEMULA MALLAVEMULA MALLAVEMULA(VILLAGE) CHAGALAMARRI(MANDAL) KURNOOL(DIST),518553,,https://kys.udiseplus.gov.in/#/schooldetail/4701000/12,4701000,23/08/2024 12:51,2367
******00203 Operational,,MPPS MALLEMPALLI,,,,Andhra Pradesh,1-Primary,33-MPP_ZPP SCHOOLS,1 To 5,3-Co-educational,1-Rural,Dhone Alias Dronachalam,Venkatapuram,,,MALLEMPALLI DHONE MANDAL KURNOOL,518222,,https://kys.udiseplus.gov.in/#/schooldetail/4701622/12,4701622,20/09/2024 16:05,2367
******00101 Operational,,MPPS MALYALA,,,,Andhra Pradesh,1-Primary,33-MPP_ZPP SCHOOLS,1 To 5,3-Co-educational,1-Rural,Dhone Alias Dronachalam,Yapadinne,,,MALYALA YAPADINNE YAPADINNE(VILLAGE) DHONE(MANDAL) KURNOOL(DIST),518222,sunkapparaju0922[at]gmail[dot]com,https://kys.udiseplus.gov.in/#/schooldetail/4701618/12,4701618,21/09/2024 16:02,2367
******00603 Operational,,MPPS MALYALA,,,,Andhra Pradesh,1-Primary,33-MPP_ZPP SCHOOLS,1 To 5,3-Co-educational,1-Rural,Nandikotkur,Malyala,,,MALYALA MALYALA MALYALA(VILLAGE) NANDIKOTKUR(MANDAL) KURNOOL(DIST),518401,,https://kys.udiseplus.gov.in/#/schooldetail/4698311/12,4698311,12/03/2024 11:04,2367
******01805 Operational,,MPPS MAMILLAPALLI,,,,Andhra Pradesh,1-Primary,33-MPP_ZPP SCHOOLS,1 To 5,3-Co-educational,1-Rural,Peapully,Jakkasanikuntla,,,MAMILLAPALLI (VILLAGE) PEAPULLY(MANDAL) KURNOOL(DIST),518221,gowriswathi65[at]gmail[dot]com,https://kys.udiseplus.gov.in/#/schooldetail/4701611/12,4701611,22/06/2025 06:01,2367
******00201 Operational,,MPPS MANCHALAKATTA,,,,Andhra Pradesh,1-Primary,33-MPP_ZPP SCHOOLS,1 To 5,3-Co-educational,1-Rural,Gadivemula,Manchalakatta,,,SC COLONY MANCHALAKATTA MANCHALAKATTA(VILLAGE) GADIVEMULA(MANDAL) KURNOOL(DIST),518508,schoolsgadivemula[at]gmail[dot]com,https://kys.udiseplus.gov.in/#/schooldetail/4700271/12,4700271,15/10/2020 12:18,2367
******01701 Operational,,MPPS MANDALUR,,,,Andhra Pradesh,1-Primary,33-MPP_ZPP SCHOOLS,1 To 5,3-Co-educational,1-Rural,Rudravaram,Mandaloor,,,MANDALOOR MANDALOOR MANDALOOR(VILLAGE) RUDRAVARAM(MANDAL) KURNOOL(DIST),518543,mppsmandalur[at]gmail[dot]com,https://kys.udiseplus.gov.in/#/schooldetail/4700840/12,4700840,24/12/2025 11:21,2367
******00301 Operational,,MPPS MANDLAVANIPALLI,,,,Andhra Pradesh,1-Primary,33-MPP_ZPP SCHOOLS,1 To 5,3-Co-educational,1-Rural,Bethamcherla,Emboy,,,"MANDLAVANIPALLE ,EMBOY VILLAGE BETHAMCHERLA MANDAL KURNOOL DISRICT 518599",518599,Svgupta77[at]gmail[dot]com,https://kys.udiseplus.gov.in/#/schooldetail/4700127/12,4700127,27/12/2025 11:29,2367
******00103 Operational,,MPPS MANDLEM,,,,Andhra Pradesh,1-Primary,33-MPP_ZPP SCHOOLS,1 To 5,3-Co-educational,1-Rural,Jupadu Bungalow,Mandlem,,,MANDLEM MANDLEM MANDLEM(VILLAGE) J-BANGLAW(MANDAL) KURNOOL(DIST),518401,mppsmandlem[at]gmail[dot]com,https://kys.udiseplus.gov.in/#/schooldetail/4698712/12,4698712,12/03/2024 11:26,2367
******00102 Operational,,MPPS MANGAMPETA,,,,Andhra Pradesh,1-Primary,33-MPP_ZPP SCHOOLS,1 To 5,3-Co-educational,1-Rural,Owk,Vajragiri,,,MAGAMPETA VAJRAGIRI(POST) VAJRAGIRI(VILLAGE) OWK(MANDAL) KURNOOL(DIST),518122,mettuchandrashekharreddy[at]gmail[dot]com,https://kys.udiseplus.gov.in/#/schooldetail/4701469/12,4701469,11/05/2022 13:03,2367
******00101 Operational,,MPPS MANGAMPETA THANDA,,,,Andhra Pradesh,1-Primary,33-MPP_ZPP SCHOOLS,1 To 5,3-Co-educational,1-Rural,Owk,Vajragiri,,,MANGAMPETA THANDA VAJRAGIRI(POST) VAJRAGIRI(VILLAGE) OWK(MANDAL) KURNOOL(DIST),518124,dileepreddy440[at]gmail[dot]com,https://kys.udiseplus.gov.in/#/schooldetail/4701468/12,4701468,11/05/2022 13:02,2367
******01701 Operational,,MPPS MANGAPALLE,,,,Andhra Pradesh,1-Primary,33-MPP_ZPP SCHOOLS,1 To 5,3-Co-educational,1-Rural,Sanjamala,Mangapalle,,,MANGAPALLE GIDDALUR MANGAPALLE(VILLAGE) SANJAMALA(MANDAL) KURNOOL(DIST),518166,kummarisiva970[at]gmail[dot]com,https://kys.udiseplus.gov.in/#/schooldetail/4701387/12,4701387,23/12/2025 15:51,2367
******01001 Operational,,MPPS(M) ANKIREDDIPALLI,,,,Andhra Pradesh,1-Primary,33-MPP_ZPP SCHOOLS,1 To 5,3-Co-educational,1-Rural,Kolimigundla,Thummalapenta,,,ANKIREDDIPALLI THUMMALAPENTA THUMMALAPENTA(VILLAGE) KOLIMIGUNDLA(MANDAL) KURNOOL(DIST),518123,adiseshu963[at]gmail[dot]com,https://kys.udiseplus.gov.in/#/schooldetail/4700310/12,4700310,15/10/2020 12:18,2367
******01103 Closed,Closed,MPPS MANNE NAIK THANDA,,,,Andhra Pradesh,1-Primary,33-MPP_ZPP SCHOOLS,1 To 5,3-Co-educational,1-Rural,Owk,Kunukuntla,,,MANNE NAIK THANDA MANNE NAIK THANDA MANNE NAIK THANDA(VILLAGE) OWK(MANDAL) KURNOOL(DIST),518122,mppsmnthanda[at]gmail[dot]com,https://kys.udiseplus.gov.in/#/schooldetail/4701505/12,4701505,16/12/2023 20:42,2367
******01302 Permanently Closed,,MPPS MAREMADUGULA,,,,Andhra Pradesh,1-Primary,33-MPP_ZPP SCHOOLS,1 To 5,3-Co-educational,1-Rural,Owk,Junuthala,,,NA,518122,,https://kys.udiseplus.gov.in/#/schooldetail/4717516/12,4717516,15/10/2020 12:18,2367
******01702 Operational,,MPPS MARIPALLE,,,,Andhra Pradesh,1-Primary,33-MPP_ZPP SCHOOLS,1 To 5,3-Co-educational,1-Rural,Allagadda,R.Krishnapuram,,,MARIPALLE MARIPALLE R.KRISHNAPURAM(VILLAGE) ALLAGADDA(MANDAL) KURNOOL(DIST),518543,bnreddymrp[at]gmail[dot]com,https://kys.udiseplus.gov.in/#/schooldetail/4699851/12,4699851,15/10/2020 12:18,2367
******00101 Operational,,MPPS MARRIKUNTA,,,,Andhra Pradesh,1-Primary,33-MPP_ZPP SCHOOLS,1 To 5,3-Co-educational,1-Rural,Bethamcherla,Pendakal,,,MARRIKUNTA M.PENDAKAL(VILLAGE) BETHAMCHERLA(MANDAL) KURNOOL(DIST),518217,mppsmarrikunta[at]gmail[dot]com,https://kys.udiseplus.gov.in/#/schooldetail/4700118/12,4700118,01/08/2022 16:29,2367
******01104 Operational,,MPPS MARRIKUNTA THANDA,,,,Andhra Pradesh,1-Primary,33-MPP_ZPP SCHOOLS,1 To 5,3-Co-educational,1-Rural,Owk,Kunukuntla,,,MARRIKUNTA THANDA KUNUKUNTLA KUNUKUNTLA(VILLAGE) OWK(MANDAL) KURNOOL(DIST),518122,kasinenivenkat[at]gmail[dot]com,https://kys.udiseplus.gov.in/#/schooldetail/4701506/12,4701506,11/03/2024 22:05,2367
******00201 Operational,,MPPS MASAPETA,,,,Andhra Pradesh,1-Primary,33-MPP_ZPP SCHOOLS,1 To 5,3-Co-educational,1-Rural,Midthur,Masapeta,,,MASAPETA MASAPETA(VILLAGE) MIDTHUR(MANDAL) KURNOOL(DIST),518452,mppsmasapetatelugu[at]gmail[dot]com,https://kys.udiseplus.gov.in/#/schooldetail/4698748/12,4698748,19/12/2025 19:15,2367
******00602 Operational,,MPPS MASEEDUPURAM,,,,Andhra Pradesh,1-Primary,33-MPP_ZPP SCHOOLS,1 To 5,3-Co-educational,1-Rural,Mahanandi,Maseedupuram,,,MASEEDUPURAM B C COLONY MASEEDUPURAM(VILLAGE) MAHANANDI(MANDAL) KURNOOL(DIST),518502,Sarashaikjakeer[at]gmail[dot]com,https://kys.udiseplus.gov.in/#/schooldetail/4700708/12,4700708,23/12/2025 11:47,2367
******01001 Operational,,MPPS MAYALUR,,,,Andhra Pradesh,1-Primary,33-MPP_ZPP SCHOOLS,1 To 5,3-Co-educational,1-Rural,Uyyalawada,Mayalur,,,MAYALUR MAYALUR MAYALUR(VILLAGE) UYYALAWADA(MANDAL) KURNOOL(DIST),518155,mayalurmpps[at]gmail[dot]com,https://kys.udiseplus.gov.in/#/schooldetail/4701056/12,4701056,15/10/2020 12:18,2367
******01304 Operational,,MPPS(M) AYYALUR,,,,Andhra Pradesh,1-Primary,33-MPP_ZPP SCHOOLS,1 To 5,3-Co-educational,1-Rural,Nandyal,Ayyalur (Part),,,AYYALUR AYYALUR AYYALUR(VILLAGE) NANDYAL(MANDAL) KURNOOL(DIST),518502,beswarareddy543[at]gmail[dot]com,https://kys.udiseplus.gov.in/#/schooldetail/4700458/12,4700458,12/03/2024 12:58,2367
******01011 Operational,,MPPS(M) BANDARLAPALLE,,,,Andhra Pradesh,1-Primary,33-MPP_ZPP SCHOOLS,1 To 5,3-Co-educational,1-Rural,Kolimigundla,Thummalapenta,,,NEAR POST OFFICE KOLIMAGUNDLA POST KURNOOL dist,518123,meo.kgl46[at]gmail[dot]com,https://kys.udiseplus.gov.in/#/schooldetail/4701434/12,4701434,15/10/2020 12:18,2367
******00805 Operational,,MPPS(M) B.ATMAKUR,,,,Andhra Pradesh,1-Primary,33-MPP_ZPP SCHOOLS,1 To 5,3-Co-educational,1-Rural,Bandi Atmakur,Bandi Atmakur,,,BANDI ATMAKUR BANDIATMAKUR BANDI ATMAKUR(VILLAGE) BANDIATMAKUR(MANDAL) KURNOOL(DIST),518523,mppsmainbandiatmakur[at]gmail[dot]com,https://kys.udiseplus.gov.in/#/schooldetail/4700351/12,4700351,15/10/2020 12:18,2367
******90209 Operational,,MPPS(M) BETHAMCHERLA,,,,Andhra Pradesh,1-Primary,33-MPP_ZPP SCHOOLS,1 To 5,3-Co-educational,2-Urban,NA,,Election Ward No.6,BETHAMCHERLA-Town Panchayat,"BETHAMCHERLA MAIN ROAD, OLD BUS STAND BETHAMCHERLA(VILLAGE) BETHAMCHERLA(MANDAL) KURNOOL(DIST)",518599,mppsmainbtc[at]gmail[dot]com,https://kys.udiseplus.gov.in/#/schooldetail/4700177/12,4700177,11/12/2023 19:01,2367
******01903 Operational,,MPPS(M) BURUGULA,,,,Andhra Pradesh,1-Primary,33-MPP_ZPP SCHOOLS,1 To 5,3-Co-educational,1-Rural,Peapully,Burugula,,,BURUGULA PEAPULLY BURUGULA(VILLAGE) PEAPULLY(MANDAL) KURNOOL(DIST),518220,sushanth178896[at]gmail[dot]com,https://kys.udiseplus.gov.in/#/schooldetail/4701615/12,4701615,11/03/2024 20:48,2367
******00305 Operational,,MPPS(M) CHAKARAJUVEMULA,,,,Andhra Pradesh,1-Primary,33-MPP_ZPP SCHOOLS,1 To 5,3-Co-educational,1-Rural,Dornipadu,Chakarajuvemula,,,CHAKARAJUVEMULA (VILLAGE) DORNIPADU (MANDAL) KURNOOL(DIST),518135,devilakshmi605[at]gmail[dot]com,https://kys.udiseplus.gov.in/#/schooldetail/4701093/12,4701093,08/05/2022 12:49,2367
******00801 Permanently Closed,,MPPS(M) CHENAMPALLE,,,,Andhra Pradesh,1-Primary,33-MPP_ZPP SCHOOLS,1 To 5,3-Co-educational,1-Rural,Owk,Chennampalle,,,NA,518122,,https://kys.udiseplus.gov.in/#/schooldetail/4717515/12,4717515,15/10/2020 12:18,2367
******00301 Operational,,MPPS M.CHINTAKUNTA,,,,Andhra Pradesh,1-Primary,33-MPP_ZPP SCHOOLS,1 To 5,3-Co-educational,1-Rural,Gospadu,M.Chintakunta,,,M.CHINTAKUNTA M.CHINTAKUNTA M.CHINTAKUNTA(VILLAGE) GOSPADU(MANDAL) KURNOOL(DIST),518573,dastagiri1972[at]gmail[dot]com,https://kys.udiseplus.gov.in/#/schooldetail/4701112/12,4701112,19/12/2025 11:01,2367
******01101 Operational,,MPPS(M) CHINTALAYAPALLE,,,,Andhra Pradesh,1-Primary,33-MPP_ZPP SCHOOLS,1 To 5,3-Co-educational,1-Rural,Kolimigundla,Chintalayapalle,,,CHINTALAYAPALLE CHINTALAYAPALLE CHINTALAYAPALLE(VILLAGE) KOLIMIGUNDLA(MANDAL) KURNOOL(DIST),518123,,https://kys.udiseplus.gov.in/#/schooldetail/4701445/12,4701445,12/03/2024 11:37,2367
******01501 Operational,,MPPS MEERAPURAM,,,,Andhra Pradesh,1-Primary,33-MPP_ZPP SCHOOLS,1 To 5,3-Co-educational,1-Rural,Banaganapalle,Meerapuram,,,MEERAPURAM MEERAPURAM MEERAPURAM(VILLAGE) BANAGANAPALLI(MANDAL) KURNOOL(DIST),518124,rafigounda[at]gmail[dot]com,https://kys.udiseplus.gov.in/#/schooldetail/4701260/12,4701260,24/12/2025 18:00,2367
******90906 Operational,,MPPS MEKALABANDA,,,,Andhra Pradesh,1-Primary,33-MPP_ZPP SCHOOLS,1 To 5,3-Co-educational,1-Rural,Srisailam,NA,,,MEKALA BANDA SRISAILAM(VILLAGE) SRISAILAM(MANDAL) KURNOOL(DIST),518101,meosrisailam[at]gmail[dot]com,https://kys.udiseplus.gov.in/#/schooldetail/4698620/12,4698620,11/03/2024 20:17,2367
******01201 Operational,,MPPS(M) ERNAPADU,,,,Andhra Pradesh,1-Primary,33-MPP_ZPP SCHOOLS,1 To 5,3-Co-educational,1-Rural,Bandi Atmakur,Ernapadu,,,ERNAPADU ERNAPADU ERNAPADU(VILLAGE) BANDIATMAKUR(MANDAL) KURNOOL(DIST),518512,chinnabaks[at]gmail[dot]com,https://kys.udiseplus.gov.in/#/schooldetail/4700369/12,4700369,12/03/2024 10:57,2367
******00802 Permanently Closed,,MPPS(METTA) GAJULAPALLE,,,,Andhra Pradesh,1-Primary,33-MPP_ZPP SCHOOLS,1 To 5,3-Co-educational,1-Rural,Mahanandi,Gajulapalle,,,NA,518583,,https://kys.udiseplus.gov.in/#/schooldetail/4717474/12,4717474,15/10/2020 12:18,2367
******00901 Operational,,MPPS METTUPALLE,,,,Andhra Pradesh,1-Primary,33-MPP_ZPP SCHOOLS,1 To 5,3-Co-educational,1-Rural,Peapully,Mettupalle,,,METTUPALLE METTUPALLE METTUPALLE(VILLAGE) PEAPULLY(MANDAL) KURNOOL(DIST),518221,vgsudhakar1234[at]gmail[dot]com,https://kys.udiseplus.gov.in/#/schooldetail/4701564/12,4701564,15/10/2020 12:18,2367
******00302 Operational,,MPPS METTUPALLE,,,,Andhra Pradesh,1-Primary,33-MPP_ZPP SCHOOLS,1 To 5,3-Co-educational,1-Rural,Owk,Mettupalle,,,METTUPALLE METTUPALLE METTUPALLE(VILLAGE) OWK(MANDAL) KURNOOL(DIST),518122,meo.owk[at]gmail[dot]com,https://kys.udiseplus.gov.in/#/schooldetail/4701477/12,4701477,23/08/2024 13:18,2367
******00801 Operational,,MPPS M.GANAPURAM,,,,Andhra Pradesh,1-Primary,33-MPP_ZPP SCHOOLS,1 To 5,3-Co-educational,1-Rural,Pagidyala,Pathakota(East),,,M.GANAPURAM M.GANAPURAM PATHAKOTA(EAST)(VILLAGE) PAGIDALA(MANDAL) KURNOOL(DIST),518412,hmmppsmganapuram[at]gmail[dot]com,https://kys.udiseplus.gov.in/#/schooldetail/4698448/12,4698448,15/10/2020 12:18,2367
******01603 Operational,,MPPS(M) GIDDALUR,,,,Andhra Pradesh,1-Primary,33-MPP_ZPP SCHOOLS,1 To 5,3-Co-educational,1-Rural,Sanjamala,Giddalur,,,GIDDALUR SANJAMALA GIDDALUR(VILLAGE) SANJAMALA(MANDAL) KURNOOL(DIST),518166,madduletitc[at]gmail[dot]com,https://kys.udiseplus.gov.in/#/schooldetail/4701385/12,4701385,23/12/2025 14:59,2367
******00102 Operational,,MPPS(M) GORVIMANUPALLE,,,,Andhra Pradesh,1-Primary,33-MPP_ZPP SCHOOLS,1 To 5,3-Co-educational,1-Rural,Kolimigundla,Petnikota,,,GORVIMANUPALLE PETNIKOTA PETNIKOTA(VILLAGE) KOLIMIGUNDLA(MANDAL) KURNOOL(DIST),518123,smmohammadrafi0836[at]gmail[dot]com,https://kys.udiseplus.gov.in/#/schooldetail/4701398/12,4701398,31/12/2025 14:53,2367
******00201 Operational,,MPPS M.GOVINDINNE,,,,Andhra Pradesh,1-Primary,33-MPP_ZPP SCHOOLS,1 To 5,3-Co-educational,1-Rural,Koilakuntla,Chinna Kopperla,,,M.GOVINDINNE KURNOOL(DIST),518134,sirusanthu8121[at]gmail[dot]com,https://kys.udiseplus.gov.in/#/schooldetail/4701151/12,4701151,23/12/2025 16:17,2367
******01101 Operational,,MPPS MIDDEPALLI,,,,Andhra Pradesh,1-Primary,33-MPP_ZPP SCHOOLS,1 To 5,3-Co-educational,1-Rural,Dhone Alias Dronachalam,Eddupenta,,,MIDDEPALLI EDDUPENTA EDDUPENTA(VILLAGE) DHONE(MANDAL) KURNOOL(DIST),518222,bhargavisurendra9966[at]gmail[dot]com,https://kys.udiseplus.gov.in/#/schooldetail/4701725/12,4701725,21/09/2024 11:27,2367
******02001 Operational,,MPPS MIKKINENIPALLE,,,,Andhra Pradesh,1-Primary,33-MPP_ZPP SCHOOLS,1 To 5,3-Co-educational,1-Rural,Sanjamala,Mikkinenipalle,,,MIKKINENIPALLE GIDDALUR MIKKINENIPALLE(VILLAGE) SANJAMALA(MANDAL) KURNOOL(DIST),518166,annupurna1725[at]gmail[dot]com,https://kys.udiseplus.gov.in/#/schooldetail/4701391/12,4701391,23/12/2025 15:53,2367
******00301 Operational,,MPPS MIRJAPURAM,,,,Andhra Pradesh,1-Primary,33-MPP_ZPP SCHOOLS,1 To 5,3-Co-educational,1-Rural,Kolimigundla,Mirjapuram,,,MIRJAPURAM MIRJAPURAM MIRJAPURAM(VILLAGE) KOLIMIGUNDLA(MANDAL) KURNOOL(DIST),518123,hmmeerjps[at]gmail[dot]com,https://kys.udiseplus.gov.in/#/schooldetail/4701409/12,4701409,12/03/2024 11:34,2367
******00902 Permanently Closed,,MPPS(M) ITIKALA,,,,Andhra Pradesh,1-Primary,33-MPP_ZPP SCHOOLS,1 To 5,3-Co-educational,1-Rural,Kolimigundla,Itikala,,,NA,518123,,https://kys.udiseplus.gov.in/#/schooldetail/4717511/12,4717511,15/10/2020 12:18,2367
******01802 Operational,,MPPS MITNALA,,,,Andhra Pradesh,1-Primary,33-MPP_ZPP SCHOOLS,1 To 5,3-Co-educational,1-Rural,Nandyal,Mitnala,,,MITNALA MITNALA MITNALA(VILLAGE) NANDYAL(MANDAL) KURNOOL(DIST),518593,mpupschoolmitnala[at]gmail[dot]com,https://kys.udiseplus.gov.in/#/schooldetail/4700483/12,4700483,17/07/2025 14:01,2367
******03001 Operational,,MPPS MITTAPALLE,,,,Andhra Pradesh,1-Primary,33-MPP_ZPP SCHOOLS,1 To 5,3-Co-educational,1-Rural,Banaganapalle,Mittapalle,,,MITTAPALLE MITTAPALLE MITTAPALLE(VILLAGE) BANAGANAPALLI(MANDAL) KURNOOL(DIST),518124,nlakshmidevi2018[at]gmail[dot]com,https://kys.udiseplus.gov.in/#/schooldetail/4719623/12,4719623,11/05/2022 11:55,2367
******01401 Operational,,MPPS MITTAPALLE,,,,Andhra Pradesh,1-Primary,33-MPP_ZPP SCHOOLS,1 To 5,3-Co-educational,1-Rural,Allagadda,Mittalapalle,,,MITTAPALLE MITTAPALLE MITTALAPALLE(VILLAGE) ALLAGADDA(MANDAL) KURNOOL(DIST),518543,abdulraheem8008536[at]gmail[dot]com,https://kys.udiseplus.gov.in/#/schooldetail/4700950/12,4700950,15/10/2020 12:18,2367
******00202 Operational,,MPPS(M) JULEPALLE,,,,Andhra Pradesh,1-Primary,33-MPP_ZPP SCHOOLS,1 To 5,3-Co-educational,1-Rural,Gospadu,Julepalle,,,JULEPALLE JULEPALLE JULEPALLE(VILLAGE) GOSPADU(MANDAL) KURNOOL(DIST),518593,sreekanthreddy2312[at]gmail[dot]com,https://kys.udiseplus.gov.in/#/schooldetail/4701111/12,4701111,19/12/2025 11:01,2367
******01303 Operational,,MPPS(M) KADAMALAKALVA,,,,Andhra Pradesh,1-Primary,33-MPP_ZPP SCHOOLS,1 To 5,3-Co-educational,1-Rural,Bandi Atmakur,Kadamalakalva,,,KADAMALAKALVA KADAMALAKALVA KADAMALAKALVA(VILLAGE) BANDIATMAKUR(MANDAL) KURNOOL(DIST),518512,sulochanammabejjala[at]gmail[dot]com,https://kys.udiseplus.gov.in/#/schooldetail/4700376/12,4700376,12/03/2024 10:58,2367
******00303 Operational,,MPPS (M) KALACHETLA,,,,Andhra Pradesh,1-Primary,33-MPP_ZPP SCHOOLS,1 To 5,3-Co-educational,1-Rural,Peapully,Kalachetla,,,KALACHETLA KALACHETLA KALACHETLA(VILLAGE) PEAPULLY(MANDAL) KURNOOL(DIST),518221,kalachatlampups[at]gmail[dot]com,https://kys.udiseplus.gov.in/#/schooldetail/4701533/12,4701533,28/08/2024 10:46,2367
******00904 Operational,,MPPS(M) KANAKADRIPALLI,,,,Andhra Pradesh,1-Primary,33-MPP_ZPP SCHOOLS,1 To 5,3-Co-educational,1-Rural,Kolimigundla,Itikala,,,KANAKADRIPALLI (VILLAGE) KOLIMIGUNDLA(MANDAL) KURNOOL(DIST),518123,mppsmkkp99[at]gmail[dot]com,https://kys.udiseplus.gov.in/#/schooldetail/4701430/12,4701430,15/10/2020 12:18,2367
******01801 Operational,,MPPS(M) KANALA,,,,Andhra Pradesh,1-Primary,33-MPP_ZPP SCHOOLS,1 To 5,3-Co-educational,1-Rural,Sanjamala,Kanala,,,KANALA SANJAMALA KANALA(VILLAGE) SANJAMALA(MANDAL) KURNOOL(DIST),518165,ramajivijayabhaskar.charvitha[at]gmail[dot]com,https://kys.udiseplus.gov.in/#/schooldetail/4700501/12,4700501,23/12/2025 15:53,2367
******00804 Operational,,"MPPS(M), KOLIMIGUNDLA",,,,Andhra Pradesh,1-Primary,33-MPP_ZPP SCHOOLS,1 To 5,3-Co-educational,1-Rural,Kolimigundla,Kolimigundla,,,KOLIMIGUNDLA KOLIMIGUNDLA KOLIMIGUNDLA(VILLAGE) KOLIMIGUNDLA(MANDAL) KURNOOL(DIST),518123,surasuraanjanamma[at]gmail[dot]com,https://kys.udiseplus.gov.in/#/schooldetail/4701418/12,4701418,15/10/2020 12:18,2367
******00801 Operational,,MPPS(M) KOTHAPALLI,,,,Andhra Pradesh,1-Primary,33-MPP_ZPP SCHOOLS,1 To 5,3-Co-educational,1-Rural,Kothapalle,Kothapalle,,,KOTHAPALLI (MAIN) KOTAPALLI KOTHAPALLI(VILLAGE) KOTAPALLI(MANDAL) KURNOOL(DIST),518422,venkateswarluduggempudi81[at]gmail[dot]com,https://kys.udiseplus.gov.in/#/schooldetail/4698483/12,4698483,12/03/2024 11:34,2367
******01502 Operational,,MPPS M.KRISHNAPURAM,,,,Andhra Pradesh,1-Primary,33-MPP_ZPP SCHOOLS,1 To 5,3-Co-educational,1-Rural,Gospadu,M.Krishnapuram,,,M.KRISHNAPURAM M.KRISHNAPURAM M.KRISHNAPURAM(VILLAGE) GOSPADU(MANDAL) KURNOOL(DIST),518573,Msreenu290570[at]gmail[dot]com,https://kys.udiseplus.gov.in/#/schooldetail/4701149/12,4701149,19/12/2025 11:03,2367
******01102 Operational,,MPPS M.LINGAPURAM,,,,Andhra Pradesh,1-Primary,33-MPP_ZPP SCHOOLS,1 To 5,3-Co-educational,1-Rural,Kothapalle,Gokavaram,,,M.LINGAPURAM GOKAVARAM(VILLAGE) KOTAPALLI(MANDAL) KURNOOL(DIST),518422,ratnaharika1978[at]gmail[dot]com,https://kys.udiseplus.gov.in/#/schooldetail/4698500/12,4698500,07/05/2022 20:40,2367
******01201 Operational,,MPPS(M) NANDAVARAM,,,,Andhra Pradesh,1-Primary,33-MPP_ZPP SCHOOLS,1 To 5,3-Co-educational,1-Rural,Banaganapalle,Nandavaram,,,NANDAVARAM NANDAVARAM NANDAVARAM(VILLAGE) BANAGANAPALLI(MANDAL) KURNOOL(DIST),518124,peddayenumulavijayasekhar[at]gmail[dot]com,https://kys.udiseplus.gov.in/#/schooldetail/4701256/12,4701256,11/05/2022 12:20,2367
******00602 Operational,,MPPS(M) NANDIPADU,,,,Andhra Pradesh,1-Primary,33-MPP_ZPP SCHOOLS,1 To 5,3-Co-educational,1-Rural,Kolimigundla,Nandipadu,,,NANDIPADU NANDIPADU NANDIPADU(VILLAGE) KOLIMIGUNDLA(MANDAL) KURNOOL(DIST),518123,vijaya[at]gmail[dot]com,https://kys.udiseplus.gov.in/#/schooldetail/4701414/12,4701414,15/10/2020 12:18,2367
******02101 Operational,,MPPS(M) NOSSAM,,,,Andhra Pradesh,1-Primary,33-MPP_ZPP SCHOOLS,1 To 5,3-Co-educational,1-Rural,Sanjamala,Nossam,,,NOSSAM SANJAMALA NOSSAM(VILLAGE) SANJAMALA(MANDAL) KURNOOL(DIST),518145,meo.sanjamala[at]gmail[dot]com,https://kys.udiseplus.gov.in/#/schooldetail/4701392/12,4701392,23/12/2025 15:54,2367
******01301 Operational,,MPPS(M) N.RACHERLA,,,,Andhra Pradesh,1-Primary,33-MPP_ZPP SCHOOLS,1 To 5,3-Co-educational,1-Rural,Peapully,Racherla,,,N.RACHERLA PEAPULLY RACHERLA(VILLAGE) PEAPULLY(MANDAL) KURNOOL(DIST),518220,mvsubbareddy76[at]gmail[dot]com,https://kys.udiseplus.gov.in/#/schooldetail/4701589/12,4701589,11/03/2024 21:05,2367
******00601 Operational,,MPPS MOGALAI UPPALUR,,,,Andhra Pradesh,1-Primary,33-MPP_ZPP SCHOOLS,1 To 5,3-Co-educational,1-Rural,Koilakuntla,Mogalai Uppalur,,,MOGALAI UPPALUR(VILLAGE) KOILAKUNTLA(MANDAL) KURNOOL(DIST),518134,mppsmuppalur601[at]gmail[dot]com,https://kys.udiseplus.gov.in/#/schooldetail/4701158/12,4701158,23/12/2025 16:24,2367
******00905 Operational,,MPPS(M) PAGIDYALA,,,,Andhra Pradesh,1-Primary,33-MPP_ZPP SCHOOLS,1 To 5,3-Co-educational,1-Rural,Pagidyala,Pagidyala,,,PAGIDIYALA PAGIDALA PAGIDIYALA(VILLAGE) PAGIDALA(MANDAL) KURNOOL(DIST),518412,,https://kys.udiseplus.gov.in/#/schooldetail/4698456/12,4698456,11/09/2024 15:02,2367
******00601 Operational,,MPPS(M) PALUKUR,,,,Andhra Pradesh,1-Primary,33-MPP_ZPP SCHOOLS,1 To 5,3-Co-educational,1-Rural,Banaganapalle,Palukur,,,PALUKUR PALUKUR PALUKUR(VILLAGE) BANAGANAPALLI(MANDAL) KURNOOL(DIST),518176,mppsmainpalukur[at]gmail[dot]com,https://kys.udiseplus.gov.in/#/schooldetail/4701232/12,4701232,12/03/2024 10:53,2367
******00707 Operational,,MPPS(M) PEAPULLY,,,,Andhra Pradesh,1-Primary,33-MPP_ZPP SCHOOLS,1 To 5,3-Co-educational,1-Rural,Peapully,Peapally,,,PEAPALLY PEAPALLY (VILLAGE) PEAPULLY(MANDAL) KURNOOL(DIST),518221,70lakshmid[at]gmail[dot]com,https://kys.udiseplus.gov.in/#/schooldetail/4701546/12,4701546,17/09/2024 11:20,2367
******00104 Operational,,MPPS M.PENDAKAL,,,,Andhra Pradesh,1-Primary,33-MPP_ZPP SCHOOLS,1 To 5,3-Co-educational,1-Rural,Bethamcherla,Pendakal,,,M.PENDAKAL M.PENDAKAL(VILLAGE) BETHAMCHERLA(MANDAL) KURNOOL(DIST),518217,mppspendakal[at]gmail[dot]com,https://kys.udiseplus.gov.in/#/schooldetail/4700121/12,4700121,01/08/2022 16:27,2367
******01301 Operational,,MPPS(M) PERUSOMALA,,,,Andhra Pradesh,1-Primary,33-MPP_ZPP SCHOOLS,1 To 5,3-Co-educational,1-Rural,Sanjamala,Perusomala,,,PERUSOMALA SANJAMALA PERUSOMALA(VILLAGE) SANJAMALA(MANDAL) KURNOOL(DIST),518166,saikonda0107[at]gmail[dot]com,https://kys.udiseplus.gov.in/#/schooldetail/4701377/12,4701377,23/12/2025 14:59,2367
******00607 Permanently Closed,,MPPS(M.PETA) SIRVEL,,,,Andhra Pradesh,1-Primary,33-MPP_ZPP SCHOOLS,1 To 5,3-Co-educational,1-Rural,Sirivel,Sirvel,,,NA,518563,,https://kys.udiseplus.gov.in/#/schooldetail/4717475/12,4717475,15/10/2020 12:18,2367
******00107 Operational,,MPPS(M) PETNIKOTA,,,,Andhra Pradesh,1-Primary,33-MPP_ZPP SCHOOLS,1 To 5,3-Co-educational,1-Rural,Kolimigundla,Petnikota,,,PETNIKOTA PETNIKOTA PETNIKOTA(VILLAGE) KOLIMIGUNDLA(MANDAL) KURNOOL(DIST),518123,sainiranjanik[at]gmail[dot]com,https://kys.udiseplus.gov.in/#/schooldetail/4701402/12,4701402,12/03/2024 11:33,2367
******00602 Operational,,MPPS(M) POTHIDODDI,,,,Andhra Pradesh,1-Primary,33-MPP_ZPP SCHOOLS,1 To 5,3-Co-educational,1-Rural,Peapully,Pothidoddi,,,POTHIDODDI POTHIDODDI POTHIDODDI(VILLAGE) PEAPULLY(MANDAL) KURNOOL(DIST),518221,mppspothudoddi602[at]gmail[dot]com,https://kys.udiseplus.gov.in/#/schooldetail/4701535/12,4701535,15/10/2020 12:18,2367
******00901 Operational,,MPPS(M) RANGAPURAM,,,,Andhra Pradesh,1-Primary,33-MPP_ZPP SCHOOLS,1 To 5,3-Co-educational,1-Rural,Bethamcherla,Rangapuram,,,"CHAKALI PETA R.S.RANGAPURAM, RANGAPURAM(VILLAGE) BETHAMCHERLA(MANDAL) KURNOOL(DIST)",518598,danamaiahmanne[at]gmail[dot]com,https://kys.udiseplus.gov.in/#/schooldetail/4700160/12,4700160,27/12/2025 11:37,2367
******00101 Operational,,MPPS(M) REGADIGUDUR,,,,Andhra Pradesh,1-Primary,33-MPP_ZPP SCHOOLS,1 To 5,3-Co-educational,1-Rural,Velugodu,Regadigudur,,,4TH WARD REGADIGUDUR REGADIGUDUR(VILLAGE) VELUGODU(MANDAL) KURNOOL(DIST),518533,mppsmainregadagudur101[at]gmail[dot]com,https://kys.udiseplus.gov.in/#/schooldetail/4698627/12,4698627,11/03/2024 19:53,2367
******01405 Operational,,MPPS(M) RUDRAVARAM,,,,Andhra Pradesh,1-Primary,33-MPP_ZPP SCHOOLS,1 To 5,3-Co-educational,1-Rural,Rudravaram,Rudravaram,,,RUDRAVARAM TELUGU PETA RUDRAVARAM(VILLAGE) RUDRAVARAM(MANDAL) KURNOOL(DIST),518594,mppsm.rudravaram[at]gmail[dot]com,https://kys.udiseplus.gov.in/#/schooldetail/4700825/12,4700825,24/12/2025 11:19,2367
******01001 Operational,,MPPS(M) SANJAMALA,,,,Andhra Pradesh,1-Primary,33-MPP_ZPP SCHOOLS,1 To 5,3-Co-educational,1-Rural,Sanjamala,Sanjamala,,,SANJAMALA SANJAMALA SANJAMALA(VILLAGE) SANJAMALA(MANDAL) KURNOOL(DIST),518165,Jaya95604[at]gmail[dot]com,https://kys.udiseplus.gov.in/#/schooldetail/4701367/12,4701367,23/12/2025 14:54,2367
******00603 Operational,,MPPS(M) SIGARAJUPALLI,,,,Andhra Pradesh,1-Primary,33-MPP_ZPP SCHOOLS,1 To 5,3-Co-educational,1-Rural,Kothapalle,P Gummadapuram,,,SINGARAJUPALLI GUMMADAPURAM(VILLAGE) KOTAPALLI(MANDAL) KURNOOL(DIST),518422,,https://kys.udiseplus.gov.in/#/schooldetail/4698477/12,4698477,07/05/2022 20:27,2367
******00402 Operational,,MPPS (M) THAMMADAPALLE,,,,Andhra Pradesh,1-Primary,33-MPP_ZPP SCHOOLS,1 To 5,3-Co-educational,1-Rural,Mahanandi,Thammadapalle,,,THAMMADAPALLE B C COLONY THAMMADAPALLE(VILLAGE) MAHANANDI(MANDAL) KURNOOL(DIST),518512,hm28213500402[at]gmail[dot]com,https://kys.udiseplus.gov.in/#/schooldetail/4700703/12,4700703,23/08/2024 12:50,2367
******00502 Operational,,MPPS M.THANDA,,,,Andhra Pradesh,1-Primary,33-MPP_ZPP SCHOOLS,1 To 5,3-Co-educational,1-Rural,Chagalamarri,Muthyalapadu,,,M.THANDA M.THANDA MUTHYALAPADU(VILLAGE) CHAGALAMARRI(MANDAL) KURNOOL(DIST),518553,hussainpeera565[at]gmail[dot]com,https://kys.udiseplus.gov.in/#/schooldetail/4700977/12,4700977,15/10/2020 12:18,2367
******01601 Operational,,MPPS (M) THIMMANAYUNIPETA,,,,Andhra Pradesh,1-Primary,33-MPP_ZPP SCHOOLS,1 To 5,3-Co-educational,1-Rural,Kolimigundla,Thimmanayunipeta,,,THIMMANAYUNIPETA THIMMANAYUNIPETA THIMMANAYUNIPETA(VILLAGE) KOLIMIGUNDLA(MANDAL) KURNOOL(DIST),518166,meo.kgl46[at]gmail[dot]com,https://kys.udiseplus.gov.in/#/schooldetail/4701455/12,4701455,24/06/2021 21:53,2367
******01101 Operational,,MPPS MUCHALAPURI,,,,Andhra Pradesh,1-Primary,33-MPP_ZPP SCHOOLS,1 To 5,3-Co-educational,1-Rural,Sanjamala,Muchalapuri,,,MUCHALAPURI SANJAMALA MUCHALAPURI(VILLAGE) SANJAMALA(MANDAL) KURNOOL(DIST),518165,gowridevi1230[at]gmail[dot]com,https://kys.udiseplus.gov.in/#/schooldetail/4700249/12,4700249,23/12/2025 14:56,2367
******00201 Operational,,MPPS MUDDAVARAM,,,,Andhra Pradesh,1-Primary,33-MPP_ZPP SCHOOLS,1 To 5,3-Co-educational,1-Rural,Bethamcherla,Muddavaram,,,"MUDDAVARAM ,MUDDAVARAM(VILLAGE) BETHAMCHERLA(MANDAL) KURNOOL(DIST)",518599,balarambalaram53382[at]gmail[dot]com,https://kys.udiseplus.gov.in/#/schooldetail/4700124/12,4700124,01/08/2022 16:26,2367
******00501 Operational,,MPPS MUDIGODU,,,,Andhra Pradesh,1-Primary,33-MPP_ZPP SCHOOLS,1 To 5,3-Co-educational,1-Rural,Sanjamala,Mudigedu,,,MUDIGODU KAMALAPURI MUDIGEDU(VILLAGE) SANJAMALA(MANDAL) KURNOOL(DIST),518196,rajitha.patil302[at]gmail[dot]com,https://kys.udiseplus.gov.in/#/schooldetail/4701360/12,4701360,23/12/2025 14:53,2367
******01702 Permanently Closed,,MPPS MUDURALLAPALLI,,,,Andhra Pradesh,1-Primary,33-MPP_ZPP SCHOOLS,1 To 5,3-Co-educational,1-Rural,Chagalamarri,Chintala Cheruvu,,,NA,518553,,https://kys.udiseplus.gov.in/#/schooldetail/4717491/12,4717491,15/10/2020 12:18,2367
******01402 Permanently Closed,,MPPS (M) UMMAIPALLI,,,,Andhra Pradesh,1-Primary,33-MPP_ZPP SCHOOLS,1 To 5,3-Co-educational,1-Rural,Kolimigundla,Thollamadugu,,,NA,518123,,https://kys.udiseplus.gov.in/#/schooldetail/4717512/12,4717512,15/10/2020 12:18,2367
******00301 Operational,,MPPS MUNAGALA,,,,Andhra Pradesh,1-Primary,33-MPP_ZPP SCHOOLS,1 To 5,3-Co-educational,1-Rural,Nandyal,Munagala,,,MUNAGALA MUNAGALA MUNAGALA(VILLAGE) NANDYAL(MANDAL) KURNOOL(DIST),518511,mppsmunagala78[at]gmail[dot]com,https://kys.udiseplus.gov.in/#/schooldetail/4700386/12,4700386,15/10/2020 12:18,2367
******01201 Operational,,MPPS MUNIMADUGU,,,,Andhra Pradesh,1-Primary,33-MPP_ZPP SCHOOLS,1 To 5,3-Co-educational,1-Rural,Peapully,Munimadugu,,,MUNIMADUGU ALEBAD MUNIMADUGU(VILLAGE) PEAPULLY(MANDAL) KURNOOL(DIST),518220,sunninabirasool[at]gmail[dot]com,https://kys.udiseplus.gov.in/#/schooldetail/4701586/12,4701586,15/10/2020 12:18,2367
******01201 Operational,,MPPS M.UPPALAPADU,,,,Andhra Pradesh,1-Primary,33-MPP_ZPP SCHOOLS,1 To 5,3-Co-educational,1-Rural,Owk,Uppalapadu,,,M.UPPALAPADU M.UPPALAPADU UPPALAPADU(VILLAGE) OWK(MANDAL) KURNOOL(DIST),518122,,https://kys.udiseplus.gov.in/#/schooldetail/4701508/12,4701508,11/05/2022 15:17,2367
******00202 Operational,,MPPS MUSALAYACHERUVU,,,,Andhra Pradesh,1-Primary,33-MPP_ZPP SCHOOLS,1 To 5,3-Co-educational,1-Rural,Bethamcherla,Muddavaram,,,"MUSALAYACHERUVU, MUDDAVARAM MUDDAVARAM(VILLAGE) BETHAMCHERLA(MANDAL) KURNOOL(DIST)",518599,,https://kys.udiseplus.gov.in/#/schooldetail/4700125/12,4700125,01/08/2022 16:26,2367
******00503 Operational,,MPPS MUSALIMADUGU,,,,Andhra Pradesh,1-Primary,33-MPP_ZPP SCHOOLS,1 To 5,3-Co-educational,1-Rural,Kothapalle,Musalimadugu,,,MUSALIMADUGU MUSALIMADUGU MUSALIMADUGU(VILLAGE) KOTAPALLI(MANDAL) KURNOOL(DIST),518422,,https://kys.udiseplus.gov.in/#/schooldetail/4698474/12,4698474,07/05/2022 20:23,2367
******00801 Operational,,MPPS MUSTAPALLY,,,,Andhra Pradesh,1-Primary,33-MPP_ZPP SCHOOLS,1 To 5,3-Co-educational,1-Rural,Atmakur,Siddepalle,,,MUSTAPALLY SIDDEPALLE SIDDEPALLE(VILLAGE) ATMAKUR(MANDAL) KURNOOL(DIST),518422,meo.atmakur[at]gmail[dot]com,https://kys.udiseplus.gov.in/#/schooldetail/4698584/12,4698584,15/10/2020 12:18,2367
******01604 Operational,,"MPPS, MUTHALOOR",,,,Andhra Pradesh,1-Primary,33-MPP_ZPP SCHOOLS,1 To 5,3-Co-educational,1-Rural,Rudravaram,Muthaloor,,,MUTHALOOR MUTHALOOR MUTHALOOR(VILLAGE) RUDRAVARAM(MANDAL) KURNOOL(DIST),518543,cs279709[at]gmail[dot]com,https://kys.udiseplus.gov.in/#/schooldetail/4700837/12,4700837,24/12/2025 10:49,2367
******00501 Operational,,MPPS MUTHYALAPADU,,,,Andhra Pradesh,1-Primary,33-MPP_ZPP SCHOOLS,1 To 5,3-Co-educational,1-Rural,Chagalamarri,Muthyalapadu,,,MUTHYALAPADU MUTHYALAPADU MUTHYALAPADU(VILLAGE) CHAGALAMARRI(MANDAL) KURNOOL(DIST),518553,varikutisubramanyam[at]gmail[dot]com,https://kys.udiseplus.gov.in/#/schooldetail/4700976/12,4700976,13/09/2024 14:17,2367
******00808 Operational,,MPPS(M) VADDAMANU,,,,Andhra Pradesh,1-Primary,33-MPP_ZPP SCHOOLS,1 To 5,3-Co-educational,1-Rural,Nandikotkur,Vaddamanu,,,VADDAMANU BRAHMANAKOTKUR VADDAMANU(VILLAGE) NANDIKOTKUR(MANDAL) KURNOOL(DIST),518432,khamruddinshajahan[at]gmail[dot]com,https://kys.udiseplus.gov.in/#/schooldetail/4698356/12,4698356,15/10/2020 12:18,2367
******00514 Operational,,MPPS(M) VELGODE,,,,Andhra Pradesh,1-Primary,33-MPP_ZPP SCHOOLS,1 To 5,3-Co-educational,1-Rural,Velugodu,Velgode,,,DWARAKA NAGAR VELGODE VELGODE(VILLAGE) VELUGODU(MANDAL) KURNOOL(DIST),518533,mppsmain514[at]gmail[dot]com,https://kys.udiseplus.gov.in/#/schooldetail/4698652/12,4698652,15/10/2020 12:18,2367
******00201 Operational,,MPPS(M) VELPANUR,,,,Andhra Pradesh,1-Primary,33-MPP_ZPP SCHOOLS,1 To 5,3-Co-educational,1-Rural,Velugodu,Velpanur,,,NEAR STATE BANK OF INDIA VELPANUR VELPANUR(VILLAGE) VELUGODU(MANDAL) KURNOOL(DIST),518533,mppsmainvelpanur201[at]gmail[dot]com,https://kys.udiseplus.gov.in/#/schooldetail/4698632/12,4698632,11/03/2024 19:45,2367
******00901 Operational,,MPPS(M) VEMPENTA,,,,Andhra Pradesh,1-Primary,33-MPP_ZPP SCHOOLS,1 To 5,3-Co-educational,1-Rural,Pamulapadu,Vempenta,,,VEMPENTA PAMULAPADU VEMPENTA(VILLAGE) PAMULAPADU(MANDAL) KURNOOL(DIST),518533,pasulapullaiah744[at]gmail[dot]com,https://kys.udiseplus.gov.in/#/schooldetail/4698700/12,4698700,11/05/2022 16:32,2367
******00501 Operational,,MPPS (M) VENKATAPURAM,,,,Andhra Pradesh,1-Primary,33-MPP_ZPP SCHOOLS,1 To 5,3-Co-educational,1-Rural,Atmakur,Pinnapuram,,,VENKATAPURAM PINNAPURAM PINNAPURAM(VILLAGE) ATMAKUR(MANDAL) KURNOOL(DIST),518422,schlinganna[at]8gmail[dot]com,https://kys.udiseplus.gov.in/#/schooldetail/4698575/12,4698575,15/10/2020 12:18,2367
******00701 Operational,,MPPS M.V.NAGAR,,,,Andhra Pradesh,1-Primary,33-MPP_ZPP SCHOOLS,1 To 5,3-Co-educational,2-Urban,NA,,Allagadda Ward no. 18,Allagadda-Town Panchayat,M.V.NAGAR M.V.NAGAR PEDDACHINTAKUNT(VILLAGE) ALLAGADDA(MANDAL) KURNOOL(DIST),518543,lalitha.somula[at]gmail[dot]com,https://kys.udiseplus.gov.in/#/schooldetail/4700871/12,4700871,15/10/2020 12:18,2367
******00605 Operational,,"MPPS(M) V.N.PALLI , DHONE",,,,Andhra Pradesh,1-Primary,33-MPP_ZPP SCHOOLS,1 To 5,3-Co-educational,1-Rural,Dhone Alias Dronachalam,Dhone,,,VENKATANAYUNIPALLI DHONE DHONE(VILLAGE) DHONE(MANDAL) KURNOOL(DIST),518222,kmsr9099[at]gmail[dot]com,https://kys.udiseplus.gov.in/#/schooldetail/4701641/12,4701641,20/09/2024 16:46,2367
******01405 Operational,,MPPS(M) YALLUR,,,,Andhra Pradesh,1-Primary,33-MPP_ZPP SCHOOLS,1 To 5,3-Co-educational,1-Rural,Gospadu,Yalluru,,,YALLURU YALLURU YALLURU(VILLAGE) GOSPADU(MANDAL) KURNOOL(DIST),518573,sujathasari77[at]gmial[dot]com,https://kys.udiseplus.gov.in/#/schooldetail/4701144/12,4701144,19/12/2025 11:04,2367
******00401 Operational,,MPPS(M) YELLAVATHULLA,,,,Andhra Pradesh,1-Primary,33-MPP_ZPP SCHOOLS,1 To 5,3-Co-educational,1-Rural,Rudravaram,Yellavathula,,,YELLAVATHULA YELLAVATHULA YELLAVATHULA(VILLAGE) RUDRAVARAM(MANDAL) KURNOOL(DIST),518583,mppsmainyellavathulla[at]gmail[dot]com,https://kys.udiseplus.gov.in/#/schooldetail/4700799/12,4700799,24/12/2025 11:17,2367
******01301 Operational,,MPPS NAGALLAPADU,,,,Andhra Pradesh,1-Primary,33-MPP_ZPP SCHOOLS,1 To 5,3-Co-educational,1-Rural,Chagalamarri,Kalugotlapalle,,,NAGALLAPADU NAGALLAPADU KALUGOTLAPALLE(VILLAGE) CHAGALAMARRI(MANDAL) KURNOOL(DIST),518553,lalitha.bukkitti[at]gmail[dot]com,https://kys.udiseplus.gov.in/#/schooldetail/4699886/12,4699886,15/10/2020 12:18,2367
******00101 Operational,,MPPS NAGALOOTY,,,,Andhra Pradesh,1-Primary,33-MPP_ZPP SCHOOLS,1 To 5,3-Co-educational,1-Rural,Midthur,Nagalooty,,,NAGALOOTY NAGALOOTY(VILLAGE) MIDTHUR(MANDAL) KURNOOL(DIST),518432,mppsnagalooty[at]gmail[dot]com,https://kys.udiseplus.gov.in/#/schooldetail/4698746/12,4698746,19/12/2025 15:26,2367
******00703 Operational,,MPPS NAGAMALLAKUNTA,,,,Andhra Pradesh,1-Primary,33-MPP_ZPP SCHOOLS,1 To 5,3-Co-educational,1-Rural,Bethamcherla,Gutupalle,,,"NAGAMALLAKUNTA VILLAGE,BETHAMCHERLA MANDAL.",518598,dudekulashaikshavali123[at]gmail[dot]com,https://kys.udiseplus.gov.in/#/schooldetail/4700153/12,4700153,01/08/2022 16:32,2367
******01301 Operational,,MPPS NAGAMPALLI,,,,Andhra Pradesh,1-Primary,33-MPP_ZPP SCHOOLS,1 To 5,3-Co-educational,1-Rural,Kothapalle,Kokkerancha,,,NAGAMPALLI NAGAMPALLI KOKKERANCHA(VILLAGE) KOTAPALLI(MANDAL) KURNOOL(DIST),518422,,https://kys.udiseplus.gov.in/#/schooldetail/4698502/12,4698502,07/05/2022 20:42,2367
******00403 Operational,,MPPS NAGATOOR,,,,Andhra Pradesh,1-Primary,33-MPP_ZPP SCHOOLS,1 To 5,3-Co-educational,1-Rural,Nandikotkur,Nagatoor,,,NAGATOOR NAGATOOR NAGATOOR(VILLAGE) NANDIKOTKUR(MANDAL) KURNOOL(DIST),518411,mppsnagatoor[at]gmail[dot]com,https://kys.udiseplus.gov.in/#/schooldetail/4698345/12,4698345,15/10/2020 12:18,2367
******01602 Operational,,MPPS NAKKALADINNE,,,,Andhra Pradesh,1-Primary,33-MPP_ZPP SCHOOLS,1 To 5,3-Co-educational,1-Rural,Rudravaram,Muthaloor,,,NAKKALADINNE. NAKKALADINNE. MUTHALOOR(VILLAGE) RUDRAVARAM(MANDAL) KURNOOL(DIST),518543,nakkaladinnempps[at]gmail[dot]com,https://kys.udiseplus.gov.in/#/schooldetail/4700835/12,4700835,24/12/2025 10:53,2367
******01601 Operational,,MPPS NAKKALAVAGUPALLI,,,,Andhra Pradesh,1-Primary,33-MPP_ZPP SCHOOLS,1 To 5,3-Co-educational,1-Rural,Dhone Alias Dronachalam,Kothakota,,,NAKKALAVAGUPALLI KOTHAKOTA KOTHAKOTA(VILLAGE) DHONE(MANDAL) KURNOOL(DIST),518222,-mpps.nvpalle[at]gmail[dot]com,https://kys.udiseplus.gov.in/#/schooldetail/4701741/12,4701741,21/09/2024 16:03,2367
******00604 Operational,,MPPS NALLAGUTTA,,,,Andhra Pradesh,1-Primary,33-MPP_ZPP SCHOOLS,1 To 5,3-Co-educational,2-Urban,NA,,Dhone Ward No. 16,Dhone(M)-Municipality,NALLAGUTTA DHONE DHONE(VILLAGE) DHONE(MANDAL) KURNOOL(DIST),518222,kundurumuralireddy[at]gmail[dot]com,https://kys.udiseplus.gov.in/#/schooldetail/4701640/12,4701640,20/09/2024 16:06,2367
******00901 Operational,,MPPS NALLAKALUVA,,,,Andhra Pradesh,1-Primary,33-MPP_ZPP SCHOOLS,1 To 5,3-Co-educational,1-Rural,Atmakur,Nallakalva,,,NALLAKALUVA NALLAKALUVA NALLAKALVA(VILLAGE) ATMAKUR(MANDAL) KURNOOL(DIST),518422,Ramanayadavsavolu[at]gmail[dot]com,https://kys.udiseplus.gov.in/#/schooldetail/4698588/12,4698588,17/07/2025 17:18,2367
******01806 Operational,,MPPS NALLAMEKALAPALLI,,,,Andhra Pradesh,1-Primary,33-MPP_ZPP SCHOOLS,1 To 5,3-Co-educational,1-Rural,Peapully,Jakkasanikuntla,,,NALLAMEKALAPALLI (VILLAGE) PEAPULLY(MANDAL) KURNOOL(DIST),518221,manasauppari[at]gmail[dot]com,https://kys.udiseplus.gov.in/#/schooldetail/4701612/12,4701612,15/10/2020 12:18,2367
******01601 Operational,,MPPS NALLAVAGULAPALLI,,,,Andhra Pradesh,1-Primary,33-MPP_ZPP SCHOOLS,1 To 5,3-Co-educational,1-Rural,Rudravaram,Muthaloor,,,NALLAVAGUPALLI. NALLAVAGUPALLI. MUTHALOOR(VILLAGE) RUDRAVARAM(MANDAL) KURNOOL(DIST),518543,mppsnallavagulapalli[at]gmail[dot]com,https://kys.udiseplus.gov.in/#/schooldetail/4700834/12,4700834,24/12/2025 10:48,2367
******01002 Operational,,MPPS NANDIKUNTA,,,,Andhra Pradesh,1-Primary,33-MPP_ZPP SCHOOLS,1 To 5,3-Co-educational,1-Rural,Kothapalle,Nandikunta,,,NANDIKUNTA NANDIKUNTA NANDIKUNTA(VILLAGE) KOTAPALLI(MANDAL) KURNOOL(DIST),518422,,https://kys.udiseplus.gov.in/#/schooldetail/4698498/12,4698498,21/06/2025 18:45,2367
******00102 Operational,,MPPS NANDIMPALLI,,,,Andhra Pradesh,1-Primary,33-MPP_ZPP SCHOOLS,1 To 5,3-Co-educational,1-Rural,Allagadda,Bathalur,,,NADIMPALLI BATHALUR BATHALUR(VILLAGE) ALLAGADDA(MANDAL) KURNOOL(DIST),518543,mppsnandimpalli[at]gmail[dot]com,https://kys.udiseplus.gov.in/#/schooldetail/4700858/12,4700858,11/03/2024 17:36,2367
******00502 Operational,,MPPS NANDIPALLE,,,,Andhra Pradesh,1-Primary,33-MPP_ZPP SCHOOLS,1 To 5,3-Co-educational,1-Rural,Mahanandi,Nandipalle,,,NANDIPALLE NANDIPALLE NANDIPALLE(VILLAGE) MAHANANDI(MANDAL) KURNOOL(DIST),518502,kvgreddy32[at]gmail[dot]com,https://kys.udiseplus.gov.in/#/schooldetail/4700705/12,4700705,15/10/2020 12:18,2367
******00901 Operational,,MPPS NANDIVARGAM,,,,Andhra Pradesh,1-Primary,33-MPP_ZPP SCHOOLS,1 To 5,3-Co-educational,1-Rural,Banaganapalle,Nandivargam,,,NANDIVARGAM NANDIVARGAM NANDIVARGAM(VILLAGE) BANAGANAPALLI(MANDAL) KURNOOL(DIST),518176,mpps28214400901[at]gmail[dot]com,https://kys.udiseplus.gov.in/#/schooldetail/4701249/12,4701249,11/05/2022 11:03,2367
******01804 Operational,,MPPS NARASAPURAM,,,,Andhra Pradesh,1-Primary,33-MPP_ZPP SCHOOLS,1 To 5,3-Co-educational,1-Rural,Rudravaram,Narasapuram,,,NARASAPURAM NARASAPURAM NARASAPURAM(VILLAGE) RUDRAVARAM(MANDAL) KURNOOL(DIST),518543,mppsmainnarasapuram[at]gmail[dot]com,https://kys.udiseplus.gov.in/#/schooldetail/4700847/12,4700847,24/12/2025 11:22,2367
******00501 Operational,,MPPS NARAYANAPURAM,,,,Andhra Pradesh,1-Primary,33-MPP_ZPP SCHOOLS,1 To 5,3-Co-educational,1-Rural,Bandi Atmakur,Narayanapuram,,,NARAYANAPURAM NARAYANAPURAM NARAYANAPURAM(VILLAGE) BANDIATMAKUR(MANDAL) KURNOOL(DIST),518533,mppsnarayanapuram[at]gmail[dot]com,https://kys.udiseplus.gov.in/#/schooldetail/4700331/12,4700331,15/10/2020 12:18,2367
******00201 Operational,,MPPS NARSEPALLE,,,,Andhra Pradesh,1-Primary,33-MPP_ZPP SCHOOLS,1 To 5,3-Co-educational,1-Rural,Uyyalawada,Narsepalle,,,NARSEPALLE NARSEPALLE NARSEPALLE(VILLAGE) UYYALAWADA(MANDAL) KURNOOL(DIST),518155,katasani.sivareddy90[at]gmail[dot]com,https://kys.udiseplus.gov.in/#/schooldetail/4701042/12,4701042,15/10/2020 12:18,2367
******00401 Closed,Closed,MPPS NATLAKOTHUR,,,,Andhra Pradesh,1-Primary,33-MPP_ZPP SCHOOLS,1 To 5,3-Co-educational,1-Rural,Sanjamala,Natla Kothur,,,NATLA KOTHUR KAMALAPURI NATLA KOTHUR(VILLAGE) SANJAMALA(MANDAL) KURNOOL(DIST),518196,mppsnatlakothur[at]gmail[dot]com,https://kys.udiseplus.gov.in/#/schooldetail/4701359/12,4701359,02/09/2024 10:19,2367
******00101 Operational,,MPPS NAYUNIPALLI,,,,Andhra Pradesh,1-Primary,33-MPP_ZPP SCHOOLS,1 To 5,3-Co-educational,1-Rural,Kolimigundla,Petnikota,,,NAYUNIPALLI PETNIKOTA PETNIKOTA(VILLAGE) KOLIMIGUNDLA(MANDAL) KURNOOL(DIST),518123,babuhm330[at]gmail[dot]com,https://kys.udiseplus.gov.in/#/schooldetail/4701397/12,4701397,31/12/2025 14:53,2367
******00101 Operational,,MPPS NEHRU NAGAR,,,,Andhra Pradesh,1-Primary,33-MPP_ZPP SCHOOLS,1 To 5,3-Co-educational,1-Rural,Pagidyala,Murvakonda,,,NEHRU NAGAR WEST NEHRU NAGAR WEST MURVAKONDA(VILLAGE) PAGIDALA(MANDAL) KURNOOL(DIST),518411,,https://kys.udiseplus.gov.in/#/schooldetail/4698435/12,4698435,11/03/2024 21:53,2367
******00402 Operational,,MPPS NEHRU NAGAR,,,,Andhra Pradesh,1-Primary,33-MPP_ZPP SCHOOLS,1 To 5,3-Co-educational,1-Rural,Gospadu,S.Nagulavaram,,,NEHRU NAGAR S.NAGULAVARAM S.NAGULAVARAM(VILLAGE) GOSPADU(MANDAL) KURNOOL(DIST),518593,boreddyjayasudha[at]gmail[dot]com,https://kys.udiseplus.gov.in/#/schooldetail/4701114/12,4701114,19/12/2025 11:01,2367
******00103 Operational,,MPPS NEHRU NAGAR(EAST),,,,Andhra Pradesh,1-Primary,33-MPP_ZPP SCHOOLS,1 To 5,3-Co-educational,1-Rural,Pagidyala,Murvakonda,,,NEHRU NAGAR (EAST) NEHRU NAGAR (EAST) MURVAKONDA(VILLAGE) PAGIDALA(MANDAL) KURNOOL(DIST),518411,smmdyasinali[at]gmail[dot]com,https://kys.udiseplus.gov.in/#/schooldetail/4698437/12,4698437,11/03/2024 21:55,2367
******00902 Operational,,MPPS NELMAPADU,,,,Andhra Pradesh,1-Primary,33-MPP_ZPP SCHOOLS,1 To 5,3-Co-educational,1-Rural,Chagalamarri,Nelampadu,,,NELAMPADU CHAGALAMARRI NELAMPADU(VILLAGE) CHAGALAMARRI(MANDAL) KURNOOL(DIST),518553,nelampadumpps[at]gmail[dot]com,https://kys.udiseplus.gov.in/#/schooldetail/4700993/12,4700993,23/08/2024 12:51,2367
******00903 Operational,,MPPS NERAWADA,,,,Andhra Pradesh,1-Primary,33-MPP_ZPP SCHOOLS,1 To 5,3-Co-educational,1-Rural,Panyam,Nerawada,,,NERAWADA PANYAM NERAWADA(VILLAGE) PANYAM(MANDAL) KURNOOL(DIST),518112,,https://kys.udiseplus.gov.in/#/schooldetail/4700244/12,4700244,28/08/2024 10:47,2367
******01401 Operational,,MPPS NEREDUCHERLA,,,,Andhra Pradesh,1-Primary,33-MPP_ZPP SCHOOLS,1 To 5,3-Co-educational,1-Rural,Peapully,Nereducherla,,,NEREDUCHERLA (VILLAGE) PEAPULLY(MANDAL) KURNOOL(DIST),518220,Sambasivudu67[at]gmail[dot]com,https://kys.udiseplus.gov.in/#/schooldetail/4701594/12,4701594,28/08/2024 10:47,2367
******00802 Operational,,MPPS(NEW) CHERUKUCHERLA,,,,Andhra Pradesh,1-Primary,33-MPP_ZPP SCHOOLS,1 To 5,3-Co-educational,1-Rural,Midthur,Cherakucherla,,,MASEED PURAM S.C.COLONY CHERUKUCHERLA CHERUKUCHERLA(VILLAGE) MIDTHUR(MANDAL) KURNOOL(DIST),518405,cherukucherlamppsnew[at]gmail[dot]com,https://kys.udiseplus.gov.in/#/schooldetail/4698777/12,4698777,19/12/2025 19:27,2367
******00802 Operational,,MPPS(NEW) DORNIPADU,,,,Andhra Pradesh,1-Primary,33-MPP_ZPP SCHOOLS,1 To 5,3-Co-educational,1-Rural,Dornipadu,Dornipadu,,,CHURCH AREA DORNIPADU (VILLAGE) DORNIPADU (MANDAL) KURNOOL(DIST),518135,,https://kys.udiseplus.gov.in/#/schooldetail/4701103/12,4701103,08/05/2022 13:01,2367
******00605 Operational,,MPPS(NEW) G.C.PALEM,,,,Andhra Pradesh,1-Primary,33-MPP_ZPP SCHOOLS,1 To 5,3-Co-educational,1-Rural,Bandi Atmakur,Gali Chennaiah Palem,,,SAI NAGAR G.C.PALEM G.CH.PALEM(VILLAGE) BANDIATMAKUR(MANDAL) KURNOOL(DIST),518513,ravi.naik150[at]gmail[dot]com,https://kys.udiseplus.gov.in/#/schooldetail/4700341/12,4700341,08/05/2022 10:54,2367
******00102 Operational,,MPPS(NEW) HARIVARAM,,,,Andhra Pradesh,1-Primary,33-MPP_ZPP SCHOOLS,1 To 5,3-Co-educational,1-Rural,Uyyalawada,Harivaram,,,HARIVARAM HARIVARAM HARIVARAM(VILLAGE) UYYALAWADA(MANDAL) KURNOOL(DIST),518134,nageshyy[at]gmail[dot]com,https://kys.udiseplus.gov.in/#/schooldetail/4701040/12,4701040,15/10/2020 12:18,2367
******00802 Operational,,MPPS N.GHANAPURAM,,,,Andhra Pradesh,1-Primary,33-MPP_ZPP SCHOOLS,1 To 5,3-Co-educational,1-Rural,Pagidyala,Pathakota(East),,,N.GANAPURAM N.GANAPURAM PATHAKOTA(EAST)(VILLAGE) PAGIDALA(MANDAL) KURNOOL(DIST),518412,syedmurthujavali009[at]gmail[dot]com,https://kys.udiseplus.gov.in/#/schooldetail/4698449/12,4698449,15/10/2020 12:18,2367
******00901 Operational,,MPPS NICHENAMETLA,,,,Andhra Pradesh,1-Primary,33-MPP_ZPP SCHOOLS,1 To 5,3-Co-educational,1-Rural,Owk,Nichenametla,,,NICHENAMETLA(VILLAGE) OWK(MANDAL) KURNOOL(DIST),518122,obulareddy.gelagani[at]gmail[dot]com,https://kys.udiseplus.gov.in/#/schooldetail/4701486/12,4701486,11/05/2022 14:55,2367
******03801 Operational,,MPPS NILUVUGONDLA,,,,Andhra Pradesh,1-Primary,33-MPP_ZPP SCHOOLS,1 To 5,3-Co-educational,1-Rural,Banaganapalle,Niluvugondla,,,NILUVUGONDLA NILUVUGONDLA NILUVUGONDLA(VILLAGE) BANAGANAPALLI(MANDAL) KURNOOL(DIST),518124,niluvugondla[at]gmail[dot]com,https://kys.udiseplus.gov.in/#/schooldetail/4719628/12,4719628,11/05/2022 11:46,2367
******00622 Operational,,MPPS(NN COLONY) DHONE,,,,Andhra Pradesh,1-Primary,33-MPP_ZPP SCHOOLS,1 To 5,3-Co-educational,2-Urban,NA,,Dhone Ward No. 16,Dhone(M)-Municipality,DHONE NEHRU NAGAR DHONE(VILLAGE) DHONE(MANDAL) KURNOOL(DIST),518222,l.srinivasulu22[at]gmail[dot]com,https://kys.udiseplus.gov.in/#/schooldetail/4701653/12,4701653,21/09/2024 11:14,2367
******00904 Operational,,"MPPS, N.RANGAPURAM",,,,Andhra Pradesh,1-Primary,33-MPP_ZPP SCHOOLS,1 To 5,3-Co-educational,1-Rural,Peapully,Mettupalle,,,N.RANGAPURAM METTUPALLE METTUPALLE(VILLAGE) PEAPULLY(MANDAL) KURNOOL(DIST),518221,vrameshbabu2018[at]gmail[dot]com,https://kys.udiseplus.gov.in/#/schooldetail/4701573/12,4701573,11/03/2024 20:47,2367
******00105 Permanently Closed,,MPPS N.VEEDHI ATMAKUR,,,,Andhra Pradesh,1-Primary,33-MPP_ZPP SCHOOLS,1 To 5,3-Co-educational,2-Urban,NA,,Atmakurknl Ward No. 16,Atmakur (Kurnool)-Municipality,NA,518422,,https://kys.udiseplus.gov.in/#/schooldetail/4717355/12,4717355,15/10/2020 12:18,2367
******00802 Operational,,MPPS OBULADEVARAPALLI,,,,Andhra Pradesh,1-Primary,33-MPP_ZPP SCHOOLS,1 To 5,3-Co-educational,1-Rural,Peapully,Vengalampalle,,,OBULADEVARAPALLI (VILLAGE) PEAPULLY(MANDAL) KURNOOL(DIST),518221,malegepogusuresh[at]gmail[dot]com,https://kys.udiseplus.gov.in/#/schooldetail/4719631/12,4719631,15/10/2020 12:18,2367
******01203 Operational,,MPPS OBULAMPALLI,,,,Andhra Pradesh,1-Primary,33-MPP_ZPP SCHOOLS,1 To 5,3-Co-educational,1-Rural,Allagadda,Obulampalle,,,OBULAMPALLE OBULAMPALLE OBULAMPALLE(VILLAGE) ALLAGADDA(MANDAL) KURNOOL(DIST),518543,bonyyaggoni[at]gmail[dot]com,https://kys.udiseplus.gov.in/#/schooldetail/4700946/12,4700946,15/10/2020 12:18,2367
******01504 Operational,,MPPS OBULAPURAM,,,,Andhra Pradesh,1-Primary,33-MPP_ZPP SCHOOLS,1 To 5,3-Co-educational,1-Rural,Dhone Alias Dronachalam,Devarabanda,,,OBULAPURAM OBULAPURAM DEVARABANDA(VILLAGE) DHONE(MANDAL) KURNOOL(DIST),518222,mppsobulapuram5[at]gmail[dot]com,https://kys.udiseplus.gov.in/#/schooldetail/4701740/12,4701740,21/09/2024 16:04,2367
******01501 Operational,,MPPS OBULAPURAM,,,,Andhra Pradesh,1-Primary,33-MPP_ZPP SCHOOLS,1 To 5,3-Co-educational,1-Rural,Owk,Singanapalle,,,OBULAPURAM OBULAPURAM SINGANAPALLE(VILLAGE) OWK(MANDAL) KURNOOL(DIST),518196,ps.obulapuram[at]gmail[dot]com,https://kys.udiseplus.gov.in/#/schooldetail/4701515/12,4701515,11/05/2022 15:20,2367
******00603 Operational,,MPPS O.G.THANDA,,,,Andhra Pradesh,1-Primary,33-MPP_ZPP SCHOOLS,1 To 5,3-Co-educational,1-Rural,Chagalamarri,D Vanipenta,,,MPPS O.G.THANDA D. VANIPENTA(VILLAGE) CHAGALAMARRI(MANDAL) KURNOOL(DIST),518553,shaikmominaasma[at]gmail[dot]com,https://kys.udiseplus.gov.in/#/schooldetail/4700986/12,4700986,15/10/2020 12:18,2367
******01506 Operational,,MPPS OLD BUS STAND,,,,Andhra Pradesh,1-Primary,33-MPP_ZPP SCHOOLS,1 To 5,3-Co-educational,1-Rural,Chagalamarri,Chagalamarri,,,OLD BUS STAND CHAGALAMARRI CHAGALAMARRI(VILLAGE) CHAGALAMARRI(MANDAL) KURNOOL(DIST),518553,mppsobschagalamarri[at]gmail[dot]com,https://kys.udiseplus.gov.in/#/schooldetail/4701005/12,4701005,15/10/2020 12:18,2367
******00701 Permanently Closed,,MPPS(OLD) VELAGALAPALLE,,,,Andhra Pradesh,1-Primary,33-MPP_ZPP SCHOOLS,1 To 5,3-Co-educational,1-Rural,Rudravaram,Velagalapalle,,,NA,518594,,https://kys.udiseplus.gov.in/#/schooldetail/4717479/12,4717479,15/10/2020 12:18,2367
******00801 Operational,,MPPS ONDUTLA,,,,Andhra Pradesh,1-Primary,33-MPP_ZPP SCHOOLS,1 To 5,3-Co-educational,1-Rural,Gadivemula,Chennakkapalle,,,ONDUTLA CHENNAKKAPALLE CHENNAKKAPALLE(VILLAGE) GADIVEMULA(MANDAL) KURNOOL(DIST),518010,mppsondutla[at]gmail[dot]com,https://kys.udiseplus.gov.in/#/schooldetail/4700301/12,4700301,15/10/2020 12:18,2367
******00502 Operational,,MPPS PACHARLA,,,,Andhra Pradesh,1-Primary,33-MPP_ZPP SCHOOLS,1 To 5,3-Co-educational,1-Rural,Sirivel,Mahadevapuram,,,PACHARLA VILLAGE (RESERVEFOREST) SIRVEL(MANDAL) KURNOOL(DIST),518583,pampalle12[at]gmail[dot]com,https://kys.udiseplus.gov.in/#/schooldetail/4700747/12,4700747,19/09/2024 09:28,2367
******01003 Operational,,MPPS PADAKANDLA,,,,Andhra Pradesh,1-Primary,33-MPP_ZPP SCHOOLS,1 To 5,3-Co-educational,2-Urban,NA,,Allagadda Ward no. 2,Allagadda-Town Panchayat,PADAKANDLA PADAKANDLA PADAKANDLA(VILLAGE) ALLAGADDA(MANDAL) KURNOOL(DIST),518543,thirupalreddypalasani86[at]gmail[dot]com,https://kys.udiseplus.gov.in/#/schooldetail/4712507/12,4712507,26/12/2025 17:14,2367
******00602 Operational,,MPPS PADDAKAMBALAUR,,,,Andhra Pradesh,1-Primary,33-MPP_ZPP SCHOOLS,1 To 5,3-Co-educational,1-Rural,Rudravaram,Pedda Kambaloor,,,PEDDA KAMBALOOR PEDDA KAMBALOOR PEDDA KAMBALOOR(VILLAGE) RUDRAVARAM(MANDAL) KURNOOL(DIST),518594,mppspaddakambalaur[at]gmail[dot]com,https://kys.udiseplus.gov.in/#/schooldetail/4700808/12,4700808,24/12/2025 11:18,2367
******00601 Permanently Closed,,MPPS PADIGEPADU,,,,Andhra Pradesh,1-Primary,33-MPP_ZPP SCHOOLS,1 To 5,3-Co-educational,1-Rural,Uyyalawada,Padigepad,,,NA,518155,,https://kys.udiseplus.gov.in/#/schooldetail/4717492/12,4717492,15/10/2020 12:18,2367
******00802 Operational,,MPPS PAIBOGULA,,,,Andhra Pradesh,1-Primary,33-MPP_ZPP SCHOOLS,1 To 5,3-Co-educational,1-Rural,Gadivemula,Chennakkapalle,,,PAIBOGULA CHENNAKKAPALLE CHENNAKKAPALLE(VILLAGE) GADIVEMULA(MANDAL) KURNOOL(DIST),518010,mppspaibogula[at]gmail[dot]com,https://kys.udiseplus.gov.in/#/schooldetail/4700302/12,4700302,11/03/2024 19:02,2367
******00102 Operational,,MPPS PAIPALEM,,,,Andhra Pradesh,1-Primary,33-MPP_ZPP SCHOOLS,1 To 5,3-Co-educational,1-Rural,Midthur,Nagalooty,,,PAIPALEM NAGALOOTY(VILLAGE) MIDTHUR(MANDAL) KURNOOL(DIST),518452,mppspaipalem[at]gmail[dot]com,https://kys.udiseplus.gov.in/#/schooldetail/4698747/12,4698747,19/12/2025 19:14,2367
******03101 Closed,Closed,MPPS PANCHAMPETA,,,,Andhra Pradesh,1-Primary,33-MPP_ZPP SCHOOLS,1 To 5,3-Co-educational,1-Rural,Banaganapalle,Banaganapalle (Ct),,,PANCHAMAPETA 1st WARD B.PALLI BANAGANAPALLE(VILLAGE) BANAGANAPALLI(MANDAL) KURNOOL(DIST),518124,meo.banaganapalli[at]gmail[dot]com,https://kys.udiseplus.gov.in/#/schooldetail/4701294/12,4701294,21/12/2023 10:38,2367
******00601 Closed,Closed,MPPS PANDIRLAPALLI,,,,Andhra Pradesh,1-Primary,33-MPP_ZPP SCHOOLS,1 To 5,3-Co-educational,1-Rural,Rudravaram,Pedda Kambaloor,,,PANDIRLAPALLI. PANDIRLAPALLI. PEDDA KAMBALOOR(VILLAGE) RUDRAVARAM(MANDAL) KURNOOL(DIST),518594,badulla.d48[at]gmail[dot]com,https://kys.udiseplus.gov.in/#/schooldetail/4700807/12,4700807,04/08/2025 12:00,2367
******02401 Operational,,MPPS PANDLAPURAM,,,,Andhra Pradesh,1-Primary,33-MPP_ZPP SCHOOLS,1 To 5,3-Co-educational,1-Rural,Banaganapalle,Pandlapuram,,,PANDLAPURAM PANDLAPURAM PANDLAPURAM(VILLAGE) BANAGANAPALLI(MANDAL) KURNOOL(DIST),518124,mudireddylikhitha256[at]gmail[dot]com,https://kys.udiseplus.gov.in/#/schooldetail/4701283/12,4701283,11/05/2022 11:45,2367
******01008 Operational,,MPPS PANDURANGAPURAM,,,,Andhra Pradesh,1-Primary,33-MPP_ZPP SCHOOLS,1 To 5,3-Co-educational,1-Rural,Nandyal,Chapirevula,,,PANDURANGAPURAM CHAPIREVULA CHAPIREVULA(VILLAGE) NANDYAL(MANDAL) KURNOOL(DIST),518502,mppspandurangapuram[at]gmail[dot]com,https://kys.udiseplus.gov.in/#/schooldetail/4719608/12,4719608,15/10/2020 12:18,2367
******00608 Operational,,MPPS PANYAM,,,,Andhra Pradesh,1-Primary,33-MPP_ZPP SCHOOLS,1 To 5,3-Co-educational,1-Rural,Panyam,Panyam,,,PANYAM PANYAM PANYAM(VILLAGE) PANYAM(MANDAL) KURNOOL(DIST),518112,meo.panyam[at]gmail[dot]com,https://kys.udiseplus.gov.in/#/schooldetail/4700226/12,4700226,11/05/2022 10:30,2367
******00201 Operational,,MPPS PARAMATUR,,,,Andhra Pradesh,1-Primary,33-MPP_ZPP SCHOOLS,1 To 5,3-Co-educational,1-Rural,Bandi Atmakur,Paramatur,,,PARAMATUR PARAMATUR PARAMATUR(VILLAGE) BANDIATMAKUR(MANDAL) KURNOOL(DIST) 518513,518513,ramaraomalle[at]gmail[dot]com,https://kys.udiseplus.gov.in/#/schooldetail/4700324/12,4700324,23/08/2024 12:59,2367
******01102 Operational,,MPPS PARNAPALLE,,,,Andhra Pradesh,1-Primary,33-MPP_ZPP SCHOOLS,1 To 5,3-Co-educational,1-Rural,Bandi Atmakur,Parnapalle,,,ANANTHANAGAR COLONY PARNAPALLE PARNAPALLE(VILLAGE) BANDIATMAKUR(MANDAL) KURNOOL(DIST),518523,mallesreenivasulu570[at]gmail[dot]com,https://kys.udiseplus.gov.in/#/schooldetail/4700365/12,4700365,23/08/2024 12:59,2367
******01002 Operational,,MPPS PARUMANCHALA,,,,Andhra Pradesh,1-Primary,33-MPP_ZPP SCHOOLS,1 To 5,3-Co-educational,1-Rural,Jupadu Bungalow,Parumanchala,,,PARUMANCHALA PARUMANCHALA PARUMANCHALA(VILLAGE) J-BANGLAW(MANDAL) KURNOOL(DIST),518401,midderadha7[at]gmail[dot]com,https://kys.udiseplus.gov.in/#/schooldetail/4698732/12,4698732,09/05/2022 17:20,2367
******01701 Operational,,MPPS PASUPULA,,,,Andhra Pradesh,1-Primary,33-MPP_ZPP SCHOOLS,1 To 5,3-Co-educational,1-Rural,Banaganapalle,Pasupula,,,PASUPULA PASUPULA PASUPULA(VILLAGE) BANAGANAPALLI(MANDAL) KURNOOL(DIST),518220,csswamy1966[at]gmail[dot]com,https://kys.udiseplus.gov.in/#/schooldetail/4701262/12,4701262,11/05/2022 11:38,2367
******01702 Operational,,MPPS PASUPULA THANDA,,,,Andhra Pradesh,1-Primary,33-MPP_ZPP SCHOOLS,1 To 5,3-Co-educational,1-Rural,Banaganapalle,Pasupula,,,PASUPULA THANDA PASUPULA THANDA PASUPULA(VILLAGE) BANAGANAPALLI(MANDAL) KURNOOL(DIST),518220,,https://kys.udiseplus.gov.in/#/schooldetail/4701263/12,4701263,11/05/2022 11:38,2367
******00603 Operational,,MPPS PASURAPADU,,,,Andhra Pradesh,1-Primary,33-MPP_ZPP SCHOOLS,1 To 5,3-Co-educational,1-Rural,Gospadu,Pasurapadu,,,PASURAPADU (VILLAGE) GOSPADU(MANDAL) KURNOOL(DIST),518593,Bhoopinisuguna[at]gmail[dot]com,https://kys.udiseplus.gov.in/#/schooldetail/4701119/12,4701119,19/12/2025 11:06,2367
******00601 Permanently Closed,,MPPS PATHA BANAKACHERLA,,,,Andhra Pradesh,1-Primary,33-MPP_ZPP SCHOOLS,1 To 5,3-Co-educational,1-Rural,Pamulapadu,Bhanumukkala,,,NA,NA,,https://kys.udiseplus.gov.in/#/schooldetail/4717372/12,4717372,15/10/2020 12:18,2367
******00202 Operational,,MPPS PATHAMADUGULA,,,,Andhra Pradesh,1-Primary,33-MPP_ZPP SCHOOLS,1 To 5,3-Co-educational,1-Rural,Kothapalle,Siddheswaram,,,PATHAMADUGULA PATHAMADUGULA SIDDHESWARAM(VILLAGE) KOTAPALLI(MANDAL) KURNOOL(DIST),518422,,https://kys.udiseplus.gov.in/#/schooldetail/4698469/12,4698469,07/05/2022 20:18,2367
******02101 Operational,,MPPS PATHAPADU,,,,Andhra Pradesh,1-Primary,33-MPP_ZPP SCHOOLS,1 To 5,3-Co-educational,1-Rural,Banaganapalle,Pathapadu,,,PATHAPADU PATHAPADU PATHAPADU(VILLAGE) BANAGANAPALLI(MANDAL) KURNOOL(DIST),518124,mppspathapadu9[at]gmail[dot]com,https://kys.udiseplus.gov.in/#/schooldetail/4701274/12,4701274,24/12/2025 18:01,2367
******00803 Operational,,MPPS PATHA PAIBOGULA,,,,Andhra Pradesh,1-Primary,33-MPP_ZPP SCHOOLS,1 To 5,3-Co-educational,1-Rural,Gadivemula,Chennakkapalle,,,PATHA PAIBOGULA CHENNAKKAPALLE CHENNAKKAPALLE(VILLAGE) GADIVEMULA(MANDAL) KURNOOL(DIST),518010,battuvenkat123[at]gmail[dot]com,https://kys.udiseplus.gov.in/#/schooldetail/4700303/12,4700303,15/10/2020 12:18,2367
******00610 Operational,,"MPPS PATHAPETA,DHONE",,,,Andhra Pradesh,1-Primary,33-MPP_ZPP SCHOOLS,1 To 5,3-Co-educational,2-Urban,NA,,Dhone Ward No. 5,Dhone(M)-Municipality,DHONE PATHAPETA DHONE(VILLAGE) DHONE(MANDAL) NANDYAL (DIST),518222,mppspathapeta[at]gmail[dot]com,https://kys.udiseplus.gov.in/#/schooldetail/4701645/12,4701645,21/09/2024 11:09,2367
******90905 Operational,,MPPS(PB) LINGALAGATTU,,,,Andhra Pradesh,1-Primary,33-MPP_ZPP SCHOOLS,1 To 5,3-Co-educational,1-Rural,Srisailam,NA,,,PEDDA BRIDGE SUNNIPENTA VILLAGE SRISAILAM(MANDAL) KURNOOL(DIST),518102,meosrisailam[at]gmail[dot]com,https://kys.udiseplus.gov.in/#/schooldetail/4698619/12,4698619,15/10/2020 12:18,2367
******00201 Operational,,MPPS P.BODHANAM,,,,Andhra Pradesh,1-Primary,33-MPP_ZPP SCHOOLS,1 To 5,3-Co-educational,1-Rural,Chagalamarri,Pedda Bodhanam,,,PEDDA BODHANAM CHAGALAMARRI PEDDA BODHANAM(VILLAGE) CHAGALAMARRI(MANDAL) KURNOOL(DIST),518553,pbodhanammpps201[at]gmail[dot]com,https://kys.udiseplus.gov.in/#/schooldetail/4700971/12,4700971,15/10/2020 12:18,2367
******01003 Operational,,MPPS P.COLONY,,,,Andhra Pradesh,1-Primary,33-MPP_ZPP SCHOOLS,1 To 5,3-Co-educational,1-Rural,Atmakur,Karivena,,,POULTRY COLONY KARIVENA KARIVENA(VILLAGE) ATMAKUR(MANDAL) KURNOOL(DIST),518422,meo.atmakur[at]gmail[dot]com,https://kys.udiseplus.gov.in/#/schooldetail/4698591/12,4698591,15/10/2020 12:18,2367
******00703 Operational,,MPPS PEDDACHINTAKUNTA,,,,Andhra Pradesh,1-Primary,33-MPP_ZPP SCHOOLS,1 To 5,3-Co-educational,2-Urban,NA,,Allagadda Ward no. 1,Allagadda-Town Panchayat,PEDDACHINTAKUNT PEDDACHINTAKUNTA PEDDACHINTAKUNT(VILLAGE) ALLAGADDA(MANDAL) KURNOOL(DIST),518543,dastagiri69[at]gmail[dot]com,https://kys.udiseplus.gov.in/#/schooldetail/4700873/12,4700873,12/03/2024 10:43,2367
******00101 Operational,,MPPS PEDDAKOPPERLA,,,,Andhra Pradesh,1-Primary,33-MPP_ZPP SCHOOLS,1 To 5,3-Co-educational,1-Rural,Koilakuntla,Pedda Kopperla,,,PEDDA KOPPERLA KOILAKUNTLA PEDDA KOPPERLA(VILLAGE) KOILAKUNTLA(MANDAL) KURNOOL(DIST),518134,ramajiprasad.108[at]gmail[dot]com,https://kys.udiseplus.gov.in/#/schooldetail/4701150/12,4701150,23/12/2025 16:17,2367
******00801 Operational,,MPPS PEDDA MALKAPURAM,,,,Andhra Pradesh,1-Primary,33-MPP_ZPP SCHOOLS,1 To 5,3-Co-educational,1-Rural,Dhone Alias Dronachalam,Chinna Malkapuram,,,PEDDA MALKAPURAM (VILLAGE) DHONE(MANDAL) NANDYAL(DIST) A.P,518222,srajagopalsgt[at]gmail[dot]com,https://kys.udiseplus.gov.in/#/schooldetail/4701703/12,4701703,10/09/2024 22:50,2367
******00802 Operational,,MPPS PEDDANANTHAPURAM,,,,Andhra Pradesh,1-Primary,33-MPP_ZPP SCHOOLS,1 To 5,3-Co-educational,1-Rural,Atmakur,Siddepalle,,,PEDDANANTHAPURAM SIDDEPALLE SIDDEPALLE(VILLAGE) ATMAKUR(MANDAL) KURNOOL(DIST),518422,meo.atmakur[at]gmail[dot]com,https://kys.udiseplus.gov.in/#/schooldetail/4698585/12,4698585,15/10/2020 12:18,2367
******00102 Operational,,MPPS PEDDAPODILLA,,,,Andhra Pradesh,1-Primary,33-MPP_ZPP SCHOOLS,1 To 5,3-Co-educational,1-Rural,Peapully,Peddapodilla,,,PEDDAPODILLA(VILLAGE) PEAPULLY(MANDAL) KURNOOL(DIST),518221,mahabob.5196[at]gmail[dot]com,https://kys.udiseplus.gov.in/#/schooldetail/4701529/12,4701529,28/08/2024 10:47,2367
******01705 Operational,,MPPS PEDDARAJUPALEM,,,,Andhra Pradesh,1-Primary,33-MPP_ZPP SCHOOLS,1 To 5,3-Co-educational,1-Rural,Banaganapalle,Pasupula,,,PEDDARAJUPALEM PASUPULA PASUPULA(VILLAGE) BANAGANAPALLI(MANDAL) KURNOOL(DIST),518220,,https://kys.udiseplus.gov.in/#/schooldetail/4701265/12,4701265,11/05/2022 11:39,2367
******02104 Operational,,MPPS PEDDAVENTHURLA,,,,Andhra Pradesh,1-Primary,33-MPP_ZPP SCHOOLS,1 To 5,3-Co-educational,1-Rural,Kolimigundla,Peddaventhurla,,,PEDDAVENTHURLA PEDDAVENTHURLA PEDDAVENTHURLA(VILLAGE) KOLIMIGUNDLA(MANDAL) KURNOOL(DIST),518166,harinathdoppani[at]gmail[dot]com,https://kys.udiseplus.gov.in/#/schooldetail/4701467/12,4701467,15/10/2020 12:18,2367
******00404 Operational,,"MPPS, PEERSABPETA",,,,Andhra Pradesh,1-Primary,33-MPP_ZPP SCHOOLS,1 To 5,3-Co-educational,1-Rural,Midthur,Midthur,,,PEERUSAHEBPETA PEERUSAHEBPETA MIDTHUR(VILLAGE) MIDTHUR(MANDAL) KURNOOL(DIST),518405,mppspeerusahebpeta[at]gmail[dot]com,https://kys.udiseplus.gov.in/#/schooldetail/4698763/12,4698763,19/12/2025 19:23,2367
******01001 Operational,,MPPS PENCHIKALAPALLI,,,,Andhra Pradesh,1-Primary,33-MPP_ZPP SCHOOLS,1 To 5,3-Co-educational,1-Rural,Pamulapadu,Maddur,,,LAPALLI MADDUR(VILLAGE) PAMULAPADU(MANDAL) KURNOOL(DIST),518533,polkalsaroja[at]gmail[dot]com,https://kys.udiseplus.gov.in/#/schooldetail/4698705/12,4698705,11/05/2022 16:33,2367
******00406 Operational,,MPPS PERAIPALLI,,,,Andhra Pradesh,1-Primary,33-MPP_ZPP SCHOOLS,1 To 5,3-Co-educational,1-Rural,Allagadda,G.Jambuladinne,,,PERAIPALLI PERAIPALLI G.JAMBULADINNE(VILLAGE) ALLAGADDA(MANDAL) KURNOOL(DIST),518543,meo.allagadda[at]gmail[dot]com,https://kys.udiseplus.gov.in/#/schooldetail/4700867/12,4700867,15/10/2020 12:18,2367
******00902 Operational,,"MPPS, PERURU",,,,Andhra Pradesh,1-Primary,33-MPP_ZPP SCHOOLS,1 To 5,3-Co-educational,1-Rural,Rudravaram,Perur,,,PERUR PERUR PERUR(VILLAGE) RUDRAVARAM(MANDAL) KURNOOL(DIST),518510,pramakanth98[at]gmail[dot]com,https://kys.udiseplus.gov.in/#/schooldetail/4700813/12,4700813,24/12/2025 11:18,2367
******00602 Operational,,MPPS PESARAVAYI,,,,Andhra Pradesh,1-Primary,33-MPP_ZPP SCHOOLS,1 To 5,3-Co-educational,1-Rural,Gadivemula,Pesaravayi,,,PESARAVAYI PESARAVAYI PESARAVAYI(VILLAGE) GADIVEMULA(MANDAL) KURNOOL(DIST),518513,mpupspesaravayi[at]gmail[dot]com,https://kys.udiseplus.gov.in/#/schooldetail/4700297/12,4700297,23/12/2025 12:05,2367
******01411 Operational,,MPPS(PETA) KOILAKUNTLA,,,,Andhra Pradesh,1-Primary,33-MPP_ZPP SCHOOLS,1 To 5,3-Co-educational,1-Rural,Koilakuntla,Koilkuntla,,,RANGARAJU PETA KOILAKUNTLA KOILKUNTLA(VILLAGE) KOILAKUNTLA(MANDAL) KURNOOL(DIST),518134,nanempalle.eswaraiah[at]gmail[dot]com,https://kys.udiseplus.gov.in/#/schooldetail/4701176/12,4701176,23/12/2025 16:30,2367
******00920 Operational,,"MPPS PETA, NANDIKOTKUR",,,,Andhra Pradesh,1-Primary,33-MPP_ZPP SCHOOLS,1 To 5,3-Co-educational,2-Urban,NA,,Nandikotkur Ward No. 4,Nandikotkur-Town Panchayat,NANDI KOTKUR PETA NANDI KOTKUR(VILLAGE) NANDIKOTKUR(MANDAL) KURNOOL(DIST),518401,bhaskarpothuraju1234[at]gmail[dot]com,https://kys.udiseplus.gov.in/#/schooldetail/4698373/12,4698373,15/10/2020 12:18,2367
******90901 Operational,,MPPS P G METLU,,,,Andhra Pradesh,1-Primary,33-MPP_ZPP SCHOOLS,1 To 5,3-Co-educational,1-Rural,Srisailam,NA,,,SRISAILAM PATHALA GANGA METTU SRISAILAM(VILLAGE) SRISAILAM(MANDAL) KURNOOL(DIST),518101,meosrisailam[at]gmail[dot]com,https://kys.udiseplus.gov.in/#/schooldetail/4698616/12,4698616,01/09/2025 13:11,2367
******00601 Operational,,MPPS P GUMMADAPURAM,,,,Andhra Pradesh,1-Primary,33-MPP_ZPP SCHOOLS,1 To 5,3-Co-educational,1-Rural,Kothapalle,P Gummadapuram,,,P.GUMMADAPURAM MUSALIMADUGU GUMMADAPURAM(VILLAGE) KOTAPALLI(MANDAL) KURNOOL(DIST),518422,,https://kys.udiseplus.gov.in/#/schooldetail/4698475/12,4698475,07/05/2022 20:25,2367
******01304 Operational,,MPPS PIKKILLAPALLI THANDA,,,,Andhra Pradesh,1-Primary,33-MPP_ZPP SCHOOLS,1 To 5,3-Co-educational,1-Rural,Owk,Kondamanayunipalli,,,PIKKILLAPALLI THANDA JUNUTHALA JUNUTHALA(VILLAGE) OWK(MANDAL) KURNOOL(DIST),518122,ruddireddy.narasaiah[at]gmail[dot]com,https://kys.udiseplus.gov.in/#/schooldetail/4701512/12,4701512,11/05/2022 15:19,2367
******01902 Operational,,MPPS P.KANDUKUR,,,,Andhra Pradesh,1-Primary,33-MPP_ZPP SCHOOLS,1 To 5,3-Co-educational,1-Rural,Allagadda,Patha Kandukur,,,PATHA KANDUKUR PATHA KANDUKUR PATHA KANDUKUR(VILLAGE) ALLAGADDA(MANDAL) KURNOOL(DIST),518543,,https://kys.udiseplus.gov.in/#/schooldetail/4700968/12,4700968,15/10/2020 12:18,2367
******01201 Operational,,MPPS P.KOTTALA,,,,Andhra Pradesh,1-Primary,33-MPP_ZPP SCHOOLS,1 To 5,3-Co-educational,1-Rural,Nandyal,Kottala,,,P.KOTTALA P.KOTTALA KOTTALA(VILLAGE) NANDYAL(MANDAL) KURNOOL(DIST),518502,mppschool.pkottala[at]gmail[dot]com,https://kys.udiseplus.gov.in/#/schooldetail/4700452/12,4700452,15/10/2020 12:18,2367
******00901 Operational,,MPPS P. LINGAPURAM,,,,Andhra Pradesh,1-Primary,33-MPP_ZPP SCHOOLS,1 To 5,3-Co-educational,1-Rural,Jupadu Bungalow,Lingapuram,,,LINGAPURAM J-BANGLAW LINGAPURAM(VILLAGE) J-BANGLAW(MANDAL) KURNOOL(DIST),518401,mpupsplingapuram[at]gmail[dot]com,https://kys.udiseplus.gov.in/#/schooldetail/4698730/12,4698730,22/07/2024 12:19,2367
******00401 Operational,,MPPS P.MUCHUMARRI,,,,Andhra Pradesh,1-Primary,33-MPP_ZPP SCHOOLS,1 To 5,3-Co-educational,1-Rural,Pagidyala,Muchumarri,,,P.MUCHUMARRI P.MUCHUMARRI MUCHUMARRI(VILLAGE) PAGIDALA(MANDAL) KURNOOL(DIST),518411,hmmppsp.muchumarri[at]gmail[dot]com,https://kys.udiseplus.gov.in/#/schooldetail/4698439/12,4698439,11/03/2024 21:57,2367
******01002 Operational,,MPPS P.NAGIREDDYPALLI,,,,Andhra Pradesh,1-Primary,33-MPP_ZPP SCHOOLS,1 To 5,3-Co-educational,2-Urban,NA,,Allagadda Ward no. 2,Allagadda-Town Panchayat,P.NAGIREDDIPALLI P.NAGIREDDYPALLI PADAKANDLA(VILLAGE) ALLAGADDA(MANDAL) KURNOOL(DIST),518543,mppsp.nagireddypalli[at]gmail[dot]com,https://kys.udiseplus.gov.in/#/schooldetail/4700942/12,4700942,26/12/2025 17:12,2367
******00101 Operational,,MPPS POLUR,,,,Andhra Pradesh,1-Primary,33-MPP_ZPP SCHOOLS,1 To 5,3-Co-educational,1-Rural,Nandyal,Polur,,,POLUR POLUR POLUR(VILLAGE) NANDYAL(MANDAL) KURNOOL(DIST),518502,hmmppspoluru123[at]gmail[dot]com,https://kys.udiseplus.gov.in/#/schooldetail/4700385/12,4700385,12/03/2024 11:50,2367
******01701 Operational,,MPPS POTTIPADU,,,,Andhra Pradesh,1-Primary,33-MPP_ZPP SCHOOLS,1 To 5,3-Co-educational,1-Rural,Koilakuntla,Pottipadu,,,POTTIPADU(VILLAGE) KOILAKUNTLA(MANDAL) KURNOOL(DIST),518134,vsubbareddyb[at]gmail[dot]com,https://kys.udiseplus.gov.in/#/schooldetail/4701221/12,4701221,23/12/2025 16:37,2367
******00602 Operational,,MPPS POTULAPADU,,,,Andhra Pradesh,1-Primary,33-MPP_ZPP SCHOOLS,1 To 5,3-Co-educational,1-Rural,Jupadu Bungalow,Ganapuram,,,POTULAPADU POTULAPADU GANAPURAM(VILLAGE) J-BANGLAW(MANDAL) KURNOOL(DIST),518401,mpupspothulapadu[at]gmail[dot]com,https://kys.udiseplus.gov.in/#/schooldetail/4698722/12,4698722,09/05/2022 17:16,2367
******00803 Operational,,MPPS PRATHAKOTA(EAST),,,,Andhra Pradesh,1-Primary,33-MPP_ZPP SCHOOLS,1 To 5,3-Co-educational,1-Rural,Pagidyala,Pathakota(East),,,PATHAKOTA (EAST)(SM) PATHAKOTA (EAST)(SM) PATHAKOTA(EAST)(VILLAGE) PAGIDALA(MANDAL) KURNOOL(DIST),518412,hmmppsprathakotaeast[at]gmail[dot]com,https://kys.udiseplus.gov.in/#/schooldetail/4698450/12,4698450,15/10/2020 12:18,2367
******00701 Operational,,MPPS PRATHAKOTA(WEST),,,,Andhra Pradesh,1-Primary,33-MPP_ZPP SCHOOLS,1 To 5,3-Co-educational,1-Rural,Pagidyala,Pathakota(West),,,PRATHAKOTA(WEST) PRATHAKOTA(WEST) PATHAKOTA(WEST)(VILLAGE) PAGIDALA(MANDAL) KURNOOL(DIST),518412,hmmppsmprathakotawest[at]gmail[dot]com,https://kys.udiseplus.gov.in/#/schooldetail/4698444/12,4698444,15/10/2020 12:18,2367
******01706 Operational,,MPPS PR PALLI,,,,Andhra Pradesh,1-Primary,33-MPP_ZPP SCHOOLS,1 To 5,3-Co-educational,1-Rural,Peapully,Gudipadu,,,P. RANGAREDDIPALLI GUDIPADU GUDIPADU(VILLAGE) PEAPULLY(MANDAL) KURNOOL(DIST),518220,nandyalasanjeevareddy[at]gmail[dot]com,https://kys.udiseplus.gov.in/#/schooldetail/4701608/12,4701608,13/12/2023 17:42,2367
******01301 Operational,,MPPS PUCHAKAYALAPALLI,,,,Andhra Pradesh,1-Primary,33-MPP_ZPP SCHOOLS,1 To 5,3-Co-educational,1-Rural,Uyyalawada,Bodemmanur,,,PUCHAKAYALAPALLI PUCHAKAYALAPALLI BODEMMANUR(VILLAGE) UYYALAWADA(MANDAL) KURNOOL(DIST),518145,mppspuchhakayalapalli[at]gmail[dot]com,https://kys.udiseplus.gov.in/#/schooldetail/4701062/12,4701062,11/03/2024 20:06,2367
******00402 Operational,,MPPS PULIMADDI,,,,Andhra Pradesh,1-Primary,33-MPP_ZPP SCHOOLS,1 To 5,3-Co-educational,1-Rural,Nandyal,Pulimaddi,,,PULIMADDI PULIMADDI PULIMADDI(VILLAGE) NANDYAL(MANDAL) KURNOOL(DIST),518511,nani24082005[at]gmail[dot]com,https://kys.udiseplus.gov.in/#/schooldetail/4700396/12,4700396,23/08/2024 12:50,2367
******00401 Operational,,MPPS PULIMADDI,,,,Andhra Pradesh,1-Primary,33-MPP_ZPP SCHOOLS,1 To 5,3-Co-educational,1-Rural,Nandyal,Pulimaddi,,,PULIMADDI PULIMADDI PULIMADDI(VILLAGE) NANDYAL(MANDAL) KURNOOL(DIST),518511,mppssplpulimaddi02[at]gmail[dot]com,https://kys.udiseplus.gov.in/#/schooldetail/4700395/12,4700395,12/03/2024 12:40,2367
******00201 Operational,,MPPS PUTTUPALLY,,,,Andhra Pradesh,1-Primary,33-MPP_ZPP SCHOOLS,1 To 5,3-Co-educational,1-Rural,Mahanandi,Bukkapuram,,,PUTTUPALLY BUKKAPURAM BUKKAPURAM(VILLAGE) MAHANANDI(MANDAL) KURNOOL(DIST),518512,mpps28213500201[at]gmail[dot]com,https://kys.udiseplus.gov.in/#/schooldetail/4700687/12,4700687,15/10/2020 12:18,2367
******01802 Operational,,MPPS P.VANGALI,,,,Andhra Pradesh,1-Primary,33-MPP_ZPP SCHOOLS,1 To 5,3-Co-educational,1-Rural,Chagalamarri,Pedda Vangali,,,PEDDA VANGALI CHAGALAMARRI PEDDA VANGALI(VILLAGE) CHAGALAMARRI(MANDAL) KURNOOL(DIST),518553,,https://kys.udiseplus.gov.in/#/schooldetail/4701036/12,4701036,12/03/2024 11:17,2367
******90660 Operational,,MPPS PV NAGAR,,,,Andhra Pradesh,1-Primary,33-MPP_ZPP SCHOOLS,1 To 5,3-Co-educational,2-Urban,NA,,Nandyal (M) - Ward No.1,Nandyal-Municipality,PV NAGAR NANDYAL NANDYAL (M)(VILLAGE) NANDYAL(MANDAL) KURNOOL(DIST),518502,vangalaprameelamma[at]gmail[dot]com,https://kys.udiseplus.gov.in/#/schooldetail/4700544/12,4700544,24/09/2024 19:08,2367
******01804 Permanently Closed,,MPPS RACHAVANDLAPALLI,,,,Andhra Pradesh,1-Primary,33-MPP_ZPP SCHOOLS,1 To 5,3-Co-educational,1-Rural,Peapully,Jakkasanikuntla,,,NA,518221,,https://kys.udiseplus.gov.in/#/schooldetail/4717520/12,4717520,15/10/2020 12:18,2367
******00403 Operational,,MPPS RAGAHVARAJAPURAM,,,,Andhra Pradesh,1-Primary,33-MPP_ZPP SCHOOLS,1 To 5,3-Co-educational,1-Rural,Owk,Gundla Singavaram,,,RAGHAVARAJAPURAM RAGHAVARAJAPURAM GUNDLA SINGAVARAM(VILLAGE) OWK(MANDAL) KURNOOL(DIST),518122,shaikmahaboob172a[at]gmail[dot]com,https://kys.udiseplus.gov.in/#/schooldetail/4701480/12,4701480,11/05/2022 14:50,2367
******01103 Operational,,MPPS RAGHAVARAJAPALLI,,,,Andhra Pradesh,1-Primary,33-MPP_ZPP SCHOOLS,1 To 5,3-Co-educational,1-Rural,Kolimigundla,Chintalayapalle,,,RAGHAVARAJAPALLI CHINTALAYAPALLE CHINTALAYAPALLE(VILLAGE) KOLIMIGUNDLA(MANDAL) KURNOOL(DIST),518123,Vennkuk[at]gmail[dot]com,https://kys.udiseplus.gov.in/#/schooldetail/4701447/12,4701447,12/03/2024 11:40,2367
******00706 Operational,,MPPS RAHIMANPURAM,,,,Andhra Pradesh,1-Primary,33-MPP_ZPP SCHOOLS,1 To 5,3-Co-educational,1-Rural,Bethamcherla,Gutupalle,,,"RAHIMANPURAM VILLAGE, BETHAMCHERLA MANDAL KURNOOL DISTRICT 518599",518598,mpupsrahimanpuram[at]gmail[dot]com,https://kys.udiseplus.gov.in/#/schooldetail/4700155/12,4700155,27/12/2025 12:43,2367
******01104 Operational,,MPPS RAITHUNAGAR,,,,Andhra Pradesh,1-Primary,33-MPP_ZPP SCHOOLS,1 To 5,3-Co-educational,2-Urban,NA,,Nandyal (M) - Ward No.22,Nandyal-Municipality,RYOTHUNAGARAM NOONEPALLE NOONEPALLE(VILLAGE) NANDYAL(MANDAL) KURNOOL(DIST),518502,mppsraithunagar[at]gmail[dot]com,https://kys.udiseplus.gov.in/#/schooldetail/4700449/12,4700449,12/03/2024 11:05,2367
******01201 Operational,,MPPS RAJA NAGAR,,,,Andhra Pradesh,1-Primary,33-MPP_ZPP SCHOOLS,1 To 5,3-Co-educational,1-Rural,Sirivel,Gumparamandinne,,,RAJA NAGAR GUMPARAMANDINNE GUMPARAMANDINNE(VILLAGE) SIRVEL(MANDAL) KURNOOL(DIST),518573,lingarisrinivasreddy[at]gmail[dot]com,https://kys.udiseplus.gov.in/#/schooldetail/4700789/12,4700789,19/09/2024 10:02,2367
******03301 Operational,,MPPS RALLAKOTHURU,,,,Andhra Pradesh,1-Primary,33-MPP_ZPP SCHOOLS,1 To 5,3-Co-educational,1-Rural,Banaganapalle,Rallakothuru,,,RALLAKOTHURU RALLAKOTHURU RALLAKOTHURU(VILLAGE) BANAGANAPALLI(MANDAL) KURNOOL(DIST),518124,hidayathulla9999[at]gmail[dot]com,https://kys.udiseplus.gov.in/#/schooldetail/4701346/12,4701346,11/05/2022 11:47,2367
******00701 Operational,,MPPS RAMACHANDRAPURAM,,,,Andhra Pradesh,1-Primary,33-MPP_ZPP SCHOOLS,1 To 5,3-Co-educational,1-Rural,Dornipadu,Ramachandrapuram,,,RAMACHANDRAPURAM (VILLAGE) DORNIPADU (MANDAL) KURNOOL(DIST),518135,khatibullak[at]gmail[dot]com,https://kys.udiseplus.gov.in/#/schooldetail/4701101/12,4701101,12/03/2024 11:21,2367
******01009 Operational,,MPPS RAMAKRISHNAPURAM,,,,Andhra Pradesh,1-Primary,33-MPP_ZPP SCHOOLS,1 To 5,3-Co-educational,1-Rural,Peapully,Jaladurgam,,,RAMAKRISHNAPURAM (VILLAGE) PEAPULLY(MANDAL) KURNOOL(DIST),518220,rkpurampeapully[at]gmail[dot]com,https://kys.udiseplus.gov.in/#/schooldetail/4701580/12,4701580,28/08/2024 10:46,2367
******01803 Operational,,MPPS RAMAKRISHNAPURAM,,,,Andhra Pradesh,1-Primary,33-MPP_ZPP SCHOOLS,1 To 5,3-Co-educational,1-Rural,Kolimigundla,Boyala Uppalur,,,RAMAKRISHNAPURAM BOYALA UPPALUR BOYALA UPPALUR(VILLAGE) KOLIMIGUNDLA(MANDAL) KURNOOL(DIST) 518166,518166,anwar[at]gmail[dot]com,https://kys.udiseplus.gov.in/#/schooldetail/4701461/12,4701461,12/03/2024 11:43,2367
******01703 Operational,,MPPS RAMAPURAM,,,,Andhra Pradesh,1-Primary,33-MPP_ZPP SCHOOLS,1 To 5,3-Co-educational,1-Rural,Owk,Ramapuram (Ct),,,NEAR CHURCH RAMAPURAM RAMAPURAM(VILLAGE) OWK(MANDAL) KURNOOL(DIST),518122,mppsmainramapuram[at]gmail[dot]com,https://kys.udiseplus.gov.in/#/schooldetail/4701521/12,4701521,11/03/2024 22:02,2367
******00701 Operational,,MPPS RAMAPURAM,,,,Andhra Pradesh,1-Primary,33-MPP_ZPP SCHOOLS,1 To 5,3-Co-educational,1-Rural,Bandi Atmakur,Ramapuram,,,RAMAPURAM RAMAPURAM RAMAPURAM(VILLAGE) BANDIATMAKUR(MANDAL) KURNOOL(DIST),518513,sanjeevachethan22[at]gmail[dot]com,https://kys.udiseplus.gov.in/#/schooldetail/4700344/12,4700344,08/05/2022 11:04,2367
******00802 Operational,,MPPS RAMASAMUDRAM,,,,Andhra Pradesh,1-Primary,33-MPP_ZPP SCHOOLS,1 To 5,3-Co-educational,1-Rural,Jupadu Bungalow,Tarigopula,,,RAMASAMUDRAM RAMASAMUDRAM TARIGOPULA(VILLAGE) J-BANGLAW(MANDAL) KURNOOL(DIST),518401,mpesramasamudram2024[at]gmail[dot]com,https://kys.udiseplus.gov.in/#/schooldetail/4698727/12,4698727,09/05/2022 17:19,2367
******00701 Operational,,MPPS RAMATHEERTHAM,,,,Andhra Pradesh,1-Primary,33-MPP_ZPP SCHOOLS,1 To 5,3-Co-educational,1-Rural,Banaganapalle,Ramatheertham,,,RAMATHEERTHAM RAMATHEERTHAM RAMATHEERTHAM(VILLAGE) BANAGANAPALLI(MANDAL) KURNOOL(DIST),518176,mpps28214400701[at]gmail[dot]com,https://kys.udiseplus.gov.in/#/schooldetail/4701246/12,4701246,11/05/2022 12:14,2367
******01017 Operational,,MPPS RAMAVARAM,,,,Andhra Pradesh,1-Primary,33-MPP_ZPP SCHOOLS,1 To 5,3-Co-educational,1-Rural,Owk,Ramavaram,,,RAMAVARAM RAMAVARAM RAMAVARAM(VILLAGE) OWK(MANDAL) KURNOOL(DIST),518122,smahaboobbasha78600[at]gmail[dot]com,https://kys.udiseplus.gov.in/#/schooldetail/4701495/12,4701495,11/05/2022 15:02,2367
******00101 Operational,,MPPS RAMPALLE,,,,Andhra Pradesh,1-Primary,33-MPP_ZPP SCHOOLS,1 To 5,3-Co-educational,1-Rural,Chagalamarri,Rampalle,,,RAMPALLE RAMPALLE RAMPALLE(VILLAGE) CHAGALAMARRI(MANDAL) KURNOOL(DIST),518553,chatla10895[at]gmail[dot]com,https://kys.udiseplus.gov.in/#/schooldetail/4700970/12,4700970,15/10/2020 12:18,2367
******00502 Permanently Closed,,MPPS RASULPET,,,,Andhra Pradesh,1-Primary,33-MPP_ZPP SCHOOLS,1 To 5,3-Co-educational,1-Rural,Panyam,Balapanur,,,NA,518112,,https://kys.udiseplus.gov.in/#/schooldetail/4717436/12,4717436,15/10/2020 12:18,2367
******00201 Operational,,MPPS RAYAMALPURAM,,,,Andhra Pradesh,1-Primary,33-MPP_ZPP SCHOOLS,1 To 5,3-Co-educational,1-Rural,Nandyal,Rayamalpuram,,,RAYAMALPURAM RAYAMALPURAM RAYAMALPURAM(VILLAGE) NANDYAL(MANDAL) KURNOOL(DIST),518511,mppsrayamalpuram1920[at]gmail[dot]com,https://kys.udiseplus.gov.in/#/schooldetail/4700392/12,4700392,15/10/2020 12:18,2367
******01101 Operational,,MPPS RAYAPUDU,,,,Andhra Pradesh,1-Primary,33-MPP_ZPP SCHOOLS,1 To 5,3-Co-educational,1-Rural,Gospadu,Rayapadu,,,RAYAPADU RAYAPADU RAYAPADU(VILLAGE) GOSPADU(MANDAL) KURNOOL(DIST),518124,kumarkiran56[at]gmail[dot]com,https://kys.udiseplus.gov.in/#/schooldetail/4701138/12,4701138,19/12/2025 11:06,2367
******01501 Operational,,MPPS(R) BHEEMUNIPADU,,,,Andhra Pradesh,1-Primary,33-MPP_ZPP SCHOOLS,1 To 5,3-Co-educational,1-Rural,Koilakuntla,Bheemunipadu,,,BHEEMUNIPADU(VILLAGE) KOILAKUNTLA(MANDAL) KURNOOL(DIST),518134,,https://kys.udiseplus.gov.in/#/schooldetail/4701217/12,4701217,23/12/2025 16:38,2367
******01501 Closed,Closed,MPPS R.B.PALLI,,,,Andhra Pradesh,1-Primary,33-MPP_ZPP SCHOOLS,1 To 5,3-Co-educational,1-Rural,Sanjamala,Ramabhadrunipalle,,,RAMABHADRUNIPALLI SANJAMALA RAMABHADRUNIPALLI(VILLAGE) SANJAMALA(MANDAL) KURNOOL(DIST),518166,khajahussain.009[at]gmail[dot]com,https://kys.udiseplus.gov.in/#/schooldetail/4701384/12,4701384,15/10/2020 12:18,2367
******00802 Operational,,MPPS R.BUKKAPURAM,,,,Andhra Pradesh,1-Primary,33-MPP_ZPP SCHOOLS,1 To 5,3-Co-educational,1-Rural,Bethamcherla,Kothapalle,,,R.BUKKAPURAM R.KOTHAPALLE (VILLAGE) BETHAMCHERLA(MANDAL) KURNOOL(DIST),518598,7013365186jio[at]gmail[dot]com,https://kys.udiseplus.gov.in/#/schooldetail/4700158/12,4700158,01/08/2022 16:29,2367
******00801 Operational,,MPPS(R) CHERUKUCHERLA,,,,Andhra Pradesh,1-Primary,33-MPP_ZPP SCHOOLS,1 To 5,3-Co-educational,1-Rural,Midthur,Cherakucherla,,,CHERUKUCHERLA CHERUKUCHERLA(VILLAGE) MIDTHUR(MANDAL) KURNOOL(DIST),518405,mppsrcherukucherla[at]gmail[dot]com,https://kys.udiseplus.gov.in/#/schooldetail/4698776/12,4698776,19/12/2025 19:27,2367
******01601 Operational,,MPPS(R) CHOWTAKUR,,,,Andhra Pradesh,1-Primary,33-MPP_ZPP SCHOOLS,1 To 5,3-Co-educational,1-Rural,Midthur,Chowtakur,,,CHOWTKUR CHOWTKUR(VILLAGE) MIDTHUR(MANDAL) KURNOOL(DIST),518405,mppsrchowtkur[at]gmail[dot]com,https://kys.udiseplus.gov.in/#/schooldetail/4698792/12,4698792,19/12/2025 19:34,2367
******00805 Operational,,MPPS(R) DORNIPADU,,,,Andhra Pradesh,1-Primary,33-MPP_ZPP SCHOOLS,1 To 5,3-Co-educational,1-Rural,Dornipadu,Dornipadu,,,DORNIPADU(VILLAGE) DORNIPADU(MANDAL) NANDYAL (DIST),518135,madhavikishore87[at]gmail[dot]com,https://kys.udiseplus.gov.in/#/schooldetail/4701104/12,4701104,17/09/2024 21:45,2367
******01402 Operational,,MPPS REDDY PALLI,,,,Andhra Pradesh,1-Primary,33-MPP_ZPP SCHOOLS,1 To 5,3-Co-educational,1-Rural,Rudravaram,Rudravaram,,,REDDYPALLI. REDDY PALLI RUDRAVARAM(VILLAGE) RUDRAVARAM(MANDAL) KURNOOL(DIST),518594,mppsreddypalli[at]gmail[dot]com,https://kys.udiseplus.gov.in/#/schooldetail/4700822/12,4700822,24/12/2025 11:19,2367
******01202 Operational,,MPPS REDDYPALLI,,,,Andhra Pradesh,1-Primary,33-MPP_ZPP SCHOOLS,1 To 5,3-Co-educational,1-Rural,Sanjamala,Alvakonda,,,REDDYPALLI ALVAKONDA ALVAKONDA(VILLAGE) SANJAMALA(MANDAL) KURNOOL(DIST),518166,settynarayana6[at]gmail[dot]com,https://kys.udiseplus.gov.in/#/schooldetail/4700251/12,4700251,23/12/2025 14:56,2367
******00606 Operational,,MPPS REDDY PETA SIRVEL,,,,Andhra Pradesh,1-Primary,33-MPP_ZPP SCHOOLS,1 To 5,3-Co-educational,1-Rural,Sirivel,Sirvel,,,REDDY PETA SIRVEL SIRVEL(VILLAGE) SIRVEL(MANDAL) KURNOOL(DIST),518563,Santhi[at]gmail[dot]com,https://kys.udiseplus.gov.in/#/schooldetail/4700758/12,4700758,19/09/2024 09:33,2367
******01302 Operational,,MPPS(REG) BODEMMANUR,,,,Andhra Pradesh,1-Primary,33-MPP_ZPP SCHOOLS,1 To 5,3-Co-educational,1-Rural,Uyyalawada,Bodemmanur,,,BODEMMANUR BODEMMANUR BODEMMANUR(VILLAGE) UYYALAWADA(MANDAL) KURNOOL(DIST),518155,sailubai594[at]gmail[dot]com,https://kys.udiseplus.gov.in/#/schooldetail/4701063/12,4701063,11/03/2024 20:05,2367
******01001 Operational,,MPPS REG CHAPIREVULA,,,,Andhra Pradesh,1-Primary,33-MPP_ZPP SCHOOLS,1 To 5,3-Co-educational,1-Rural,Nandyal,Chapirevula,,,CHAPIREVULA CHAPIREVULA CHAPIREVULA(VILLAGE) NANDYAL(MANDAL) KURNOOL(DIST),518502,mrcr143[at]gmail[dot]com,https://kys.udiseplus.gov.in/#/schooldetail/4700440/12,4700440,12/03/2024 12:36,2367
******00101 Operational,,MPPS(REG) HARIVARAM,,,,Andhra Pradesh,1-Primary,33-MPP_ZPP SCHOOLS,1 To 5,3-Co-educational,1-Rural,Uyyalawada,Harivaram,,,HARIVARAM HARIVARAM HARIVARAM(VILLAGE) UYYALAWADA(MANDAL) KURNOOL(DIST),518134,cbharathi16[at]gmail[dot]com,https://kys.udiseplus.gov.in/#/schooldetail/4701039/12,4701039,15/10/2020 12:18,2367
******01501 Operational,,MPPS(REG) KONDUPALLE,,,,Andhra Pradesh,1-Primary,33-MPP_ZPP SCHOOLS,1 To 5,3-Co-educational,1-Rural,Uyyalawada,Kondupalle,,,KONDUPALLE KONDUPALLE KONDUPALLE(VILLAGE) UYYALAWADA(MANDAL) KURNOOL(DIST),518543,kondupalliregmpps[at]gmail[dot]com,https://kys.udiseplus.gov.in/#/schooldetail/4699960/12,4699960,11/03/2024 20:04,2367
******02001 Operational,,MPPS REG N.KOTHAPALLI,,,,Andhra Pradesh,1-Primary,33-MPP_ZPP SCHOOLS,1 To 5,3-Co-educational,1-Rural,Nandyal,Kothapalli,,,N.KOTHAPALLI N.KOTHAPALLI KOTHAPALLI(VILLAGE) NANDYAL(MANDAL) KURNOOL(DIST),518502,skodiganti88[at]gmail[dot]com,https://kys.udiseplus.gov.in/#/schooldetail/4700486/12,4700486,12/03/2024 11:06,2367
******01601 Operational,,MPPS(REG) SARVIAPALLI,,,,Andhra Pradesh,1-Primary,33-MPP_ZPP SCHOOLS,1 To 5,3-Co-educational,1-Rural,Uyyalawada,Sarvaipalle,,,BC COLONY SARVAIPALLE SARVAIPALLE(VILLAGE) UYYALAWADA(MANDAL) KURNOOL(DIST),518543,gvchari12[at]gmail[dot]com,https://kys.udiseplus.gov.in/#/schooldetail/4701074/12,4701074,15/10/2020 12:18,2367
******00801 Operational,,MPPS(REG) UYYALAWADA,,,,Andhra Pradesh,1-Primary,33-MPP_ZPP SCHOOLS,1 To 5,3-Co-educational,1-Rural,Uyyalawada,Uyyalawada,,,UYYALAWADA UYYALAWADA UYYALAWADA(VILLAGE) UYYALAWADA(MANDAL) KURNOOL(DIST),518155,reguyyalawadampps[at]gmail[dot]com,https://kys.udiseplus.gov.in/#/schooldetail/4701046/12,4701046,15/10/2020 12:18,2367
******01501 Operational,,MPPS REKULAKUNTA,,,,Andhra Pradesh,1-Primary,33-MPP_ZPP SCHOOLS,1 To 5,3-Co-educational,1-Rural,Dhone Alias Dronachalam,Devarabanda,,,REKULAKUNTA VILLAGE DEVARABANDA,518221,medasarirayudu094[at]gmail[dot]com,https://kys.udiseplus.gov.in/#/schooldetail/4701736/12,4701736,21/09/2024 16:06,2367
******00103 Operational,,MPPS REPALLI,,,,Andhra Pradesh,1-Primary,33-MPP_ZPP SCHOOLS,1 To 5,3-Co-educational,1-Rural,Bethamcherla,Pendakal,,,REPALLI M.PENDAKAL (VILLAGE) BETHAMCHERLA(MANDAL) KURNOOL(DIST),518217,schoolrepalli[at]gmail[dot]com,https://kys.udiseplus.gov.in/#/schooldetail/4700120/12,4700120,01/08/2022 16:28,2367
******01801 Operational,,MPPS(R) GULLADURTHY,,,,Andhra Pradesh,1-Primary,33-MPP_ZPP SCHOOLS,1 To 5,3-Co-educational,1-Rural,Koilakuntla,Gulladurthi,,,GULLADURTHI(VILLAGE) KOILAKUNTLA(MANDAL) KURNOOL(DIST),518134,,https://kys.udiseplus.gov.in/#/schooldetail/4701222/12,4701222,23/12/2025 16:36,2367
******01901 Operational,,MPPS R.JAMULADINNE,,,,Andhra Pradesh,1-Primary,33-MPP_ZPP SCHOOLS,1 To 5,3-Co-educational,1-Rural,Uyyalawada,R Jambuladinne,,,R. JAMBULADINNE R. JAMBULADINNE R. JAMBULADINNE(VILLAGE) UYYALAWADA(MANDAL) KURNOOL(DIST),518155,mpupsrjambuladinne[at]gmail[dot]com,https://kys.udiseplus.gov.in/#/schooldetail/4701080/12,4701080,23/08/2024 13:00,2367
******00801 Operational,,MPPS R.KOTHAPALLE,,,,Andhra Pradesh,1-Primary,33-MPP_ZPP SCHOOLS,1 To 5,3-Co-educational,1-Rural,Bethamcherla,Kothapalle,,,R.KOTHAPALLE R.KOTHAPALLE (VILLAGE) BETHAMCHERLA(MANDAL) KURNOOL(DIST),518598,kallapullaiah25[at]gmail[dot]com,https://kys.udiseplus.gov.in/#/schooldetail/4700157/12,4700157,27/12/2025 11:37,2367
******01302 Operational,,MPPS R.KOTHAPALLI,,,,Andhra Pradesh,1-Primary,33-MPP_ZPP SCHOOLS,1 To 5,3-Co-educational,1-Rural,Rudravaram,R.Nagulavaram,,,R.KOTHAPALLI. R.KOTHAPALLI. R.NAGULAVARAM(VILLAGE) RUDRAVARAM(MANDAL) KURNOOL(DIST),518594,mppsr.kothapalli[at]gmail[dot]com,https://kys.udiseplus.gov.in/#/schooldetail/4700820/12,4700820,24/12/2025 10:48,2367
******01701 Operational,,MPPS R.KRISHNAPURAM,,,,Andhra Pradesh,1-Primary,33-MPP_ZPP SCHOOLS,1 To 5,3-Co-educational,1-Rural,Allagadda,R.Krishnapuram,,,R.KRISHNAPURAM R.KRISHNAPURAM R.KRISHNAPURAM(VILLAGE) ALLAGADDA(MANDAL) KURNOOL(DIST),518543,bvs.englishreddy[at]gmail[dot]com,https://kys.udiseplus.gov.in/#/schooldetail/4699850/12,4699850,12/03/2024 10:45,2367
******00901 Permanently Closed,,MPPS(R) KRISTIPADU,,,,Andhra Pradesh,1-Primary,33-MPP_ZPP SCHOOLS,1 To 5,3-Co-educational,1-Rural,Dornipadu,Kristipadu,,,NA,518134,,https://kys.udiseplus.gov.in/#/schooldetail/4717495/12,4717495,15/10/2020 12:18,2367
******01901 Operational,,MPPS R.LINGAMDINNE,,,,Andhra Pradesh,1-Primary,33-MPP_ZPP SCHOOLS,1 To 5,3-Co-educational,1-Rural,Sanjamala,R Lingam Dinne,,,R.LINGAM DINNE SANJAMALA LINGAM DINNE(VILLAGE) SANJAMALA(MANDAL) KURNOOL(DIST),518166,mppsrlingamdinne1935[at]gmail[dot]com,https://kys.udiseplus.gov.in/#/schooldetail/4701390/12,4701390,23/12/2025 15:53,2367
******00602 Operational,,MPPS(RLY COLONY) DHONE,,,,Andhra Pradesh,1-Primary,33-MPP_ZPP SCHOOLS,1 To 5,3-Co-educational,2-Urban,NA,,Dhone Ward No. 12,Dhone(M)-Municipality,RLY COLONY DHONE DHONE(VILLAGE) DHONE(MANDAL) KURNOOL(DIST),518222,Shaikallauddin.knl707965[at]gmail[dot]cm,https://kys.udiseplus.gov.in/#/schooldetail/4701638/12,4701638,20/09/2024 16:19,2367
******00401 Operational,,MPPS(R) MIDTHUR,,,,Andhra Pradesh,1-Primary,33-MPP_ZPP SCHOOLS,1 To 5,3-Co-educational,1-Rural,Midthur,Midthur,,,MIDTHUR MIDTHUR MIDTHUR(VILLAGE) MIDTHUR(MANDAL) KURNOOL(DIST),518405,mppsmainmidthur401[at]gmail[dot]com,https://kys.udiseplus.gov.in/#/schooldetail/4698760/12,4698760,19/12/2025 19:21,2367
******01301 Operational,,MPPS R.NAGULAVARAM,,,,Andhra Pradesh,1-Primary,33-MPP_ZPP SCHOOLS,1 To 5,3-Co-educational,1-Rural,Rudravaram,R.Nagulavaram,,,R.NAGULAVARAM R.NAGULAVARAM R.NAGULAVARAM(VILLAGE) RUDRAVARAM(MANDAL) KURNOOL(DIST),518594,psrsgt1976[at]gmail[dot]com,https://kys.udiseplus.gov.in/#/schooldetail/4700819/12,4700819,24/12/2025 10:47,2367
******01001 Operational,,MPPS ROLLAPADU,,,,Andhra Pradesh,1-Primary,33-MPP_ZPP SCHOOLS,1 To 5,3-Co-educational,1-Rural,Midthur,Rollapadu,,,ROLLAPADU ROLLAPADU(VILLAGE) MIDTHUR(MANDAL) KURNOOL(DIST),518405,mppsrollapadu123[at]gmail[dot]com,https://kys.udiseplus.gov.in/#/schooldetail/4698780/12,4698780,19/12/2025 19:28,2367
******00701 Operational,,MPPS R.PAMPALLE,,,,Andhra Pradesh,1-Primary,33-MPP_ZPP SCHOOLS,1 To 5,3-Co-educational,1-Rural,Uyyalawada,R.Papampalle,,,R.PAPAMPALLE R.PAPAMPALLE R.PAPAMPALLE(VILLAGE) UYYALAWADA(MANDAL) KURNOOL(DIST),518543,mpupsrpapampalli[at]gmail[dot]com,https://kys.udiseplus.gov.in/#/schooldetail/4701045/12,4701045,23/08/2024 12:59,2367
******00501 Operational,,MPPS(R) REVANUR,,,,Andhra Pradesh,1-Primary,33-MPP_ZPP SCHOOLS,1 To 5,3-Co-educational,1-Rural,Koilakuntla,Revanur,,,REVANUR(VILLAGE) KOILAKUNTLA(MANDAL) KURNOOL(DIST),518134,p.mrunalini99[at]gmail[dot]com,https://kys.udiseplus.gov.in/#/schooldetail/4701155/12,4701155,23/12/2025 16:23,2367
******01305 Operational,,MPPS RR PALLI,,,,Andhra Pradesh,1-Primary,33-MPP_ZPP SCHOOLS,1 To 5,3-Co-educational,1-Rural,Sanjamala,Perusomala,,,RAMI REDDY PALLI PERUSOMALA PERUSOMALA(VILLAGE) SANJAMALA(MANDAL) KURNOOL(DIST),518166,dudekularajadastagiri[at]gmail[dot]com,https://kys.udiseplus.gov.in/#/schooldetail/4701380/12,4701380,23/12/2025 14:59,2367
******00903 Operational,,MPPS(RTC) RANGAPURAM,,,,Andhra Pradesh,1-Primary,33-MPP_ZPP SCHOOLS,1 To 5,3-Co-educational,1-Rural,Bethamcherla,Rangapuram,,,R.T.C.BUSTAND R.S.RANGAPURAM (VILLAGE) BETHAMCHERLA(MANDAL) KURNOOL(DIST),518598,meo.bethamcherla[at]gmail[dot]com,https://kys.udiseplus.gov.in/#/schooldetail/4700162/12,4700162,01/08/2022 16:37,2367
******01201 Permanently Closed,,MPPS(R) THALAMUDIPI,,,,Andhra Pradesh,1-Primary,33-MPP_ZPP SCHOOLS,1 To 5,3-Co-educational,1-Rural,Midthur,Talamudipi,,,NA,518508,,https://kys.udiseplus.gov.in/#/schooldetail/4717382/12,4717382,15/10/2020 12:18,2367
******00302 Operational,,MPPS RUDRAVARAM,,,,Andhra Pradesh,1-Primary,33-MPP_ZPP SCHOOLS,1 To 5,3-Co-educational,1-Rural,Pamulapadu,Chelimella,,,RUDRAVARAM CHELIMILLA(VILLAGE) PAMULAPADU(MANDAL) KURNOOL(DIST),518442,kasinaboyinaradha14[at]gmail[dot]com,https://kys.udiseplus.gov.in/#/schooldetail/4698681/12,4698681,11/05/2022 16:07,2367
******00302 Operational,,MPPS RUDRAVARAM,,,,Andhra Pradesh,1-Primary,33-MPP_ZPP SCHOOLS,1 To 5,3-Co-educational,1-Rural,Bethamcherla,Emboy,,,"RUDRAVARAM, VILLAGE BETHAMCHERLA MANDAL KURNOOL DISTRICT 518599",518599,meo.bethamcherla[at]gmail[dot]com,https://kys.udiseplus.gov.in/#/schooldetail/4700128/12,4700128,27/12/2025 11:33,2367
******00901 Operational,,MPPS RUPANAGUDI,,,,Andhra Pradesh,1-Primary,33-MPP_ZPP SCHOOLS,1 To 5,3-Co-educational,1-Rural,Uyyalawada,Rupamagudi,,,RUPANAGUDI RUPANAGUDI RUPANAGUDI(VILLAGE) UYYALAWADA(MANDAL) KURNOOL(DIST),518155,mppsrupanagudi[at]gmail[dot]com,https://kys.udiseplus.gov.in/#/schooldetail/4701055/12,4701055,15/10/2020 12:18,2367
******00202 Operational,,MPPS(R) W.KOTHAPALLI,,,,Andhra Pradesh,1-Primary,33-MPP_ZPP SCHOOLS,1 To 5,3-Co-educational,1-Rural,Dornipadu,W.Govindinne,,,CHAKARAJUVEMLA ROAD W.KOTHAPALLI (VILLAGE) DORNIPADU(MANDAL) KURNOOL(DIST),518135,mppswkp28214100202[at]gmail[dot]com,https://kys.udiseplus.gov.in/#/schooldetail/4701085/12,4701085,08/05/2022 12:42,2367
******02103 Operational,,MPPS SADUKOTTAM,,,,Andhra Pradesh,1-Primary,33-MPP_ZPP SCHOOLS,1 To 5,3-Co-educational,1-Rural,Banaganapalle,Pathapadu,,,SADU KOTTAM SADU KOTTAM PATHAPADU(VILLAGE) BANAGANAPALLI(MANDAL) KURNOOL(DIST),518124,mppssadukottam9[at]gmail[dot]com,https://kys.udiseplus.gov.in/#/schooldetail/4701276/12,4701276,24/12/2025 18:02,2367
******00201 Operational,,MPPS SAJJAKANI KOTTALA,,,,Andhra Pradesh,1-Primary,33-MPP_ZPP SCHOOLS,1 To 5,3-Co-educational,1-Rural,Panyam,Gorukallu,,,SAJJAKANI KOTTALA GORUKALLU GORUKALLU(VILLAGE) PANYAM(MANDAL) KURNOOL(DIST),518511,singareddy12815[at]gmail[dot]com,https://kys.udiseplus.gov.in/#/schooldetail/4700201/12,4700201,11/03/2024 21:43,2367
******00501 Operational,,MPPS SAMBAVARAM,,,,Andhra Pradesh,1-Primary,33-MPP_ZPP SCHOOLS,1 To 5,3-Co-educational,1-Rural,Gospadu,Sambavaram,,,SAMBAVARAM SAMBAVARAM SAMBAVARAM(VILLAGE) GOSPADU(MANDAL) KURNOOL(DIST),518502,bhaskarududaddanala[at]gmail[dot]com,https://kys.udiseplus.gov.in/#/schooldetail/4701115/12,4701115,19/12/2025 11:02,2367
******01602 Operational,,MPPS SANGAPATNAM,,,,Andhra Pradesh,1-Primary,33-MPP_ZPP SCHOOLS,1 To 5,3-Co-educational,1-Rural,Owk,Sangapatnam,,,SANGAPATNAM SANGAPATNAM SANGAPATNAM(VILLAGE) OWK(MANDAL) KURNOOL(DIST),518196,mppssangapatnam99[at]gmail[dot]com,https://kys.udiseplus.gov.in/#/schooldetail/4701518/12,4701518,11/03/2024 22:04,2367
******00306 Operational,,MPPS SANKALAPURAM,,,,Andhra Pradesh,1-Primary,33-MPP_ZPP SCHOOLS,1 To 5,3-Co-educational,1-Rural,Bethamcherla,Emboy,,,"SANKALAPURAM VILLAGE, BETHAMCHERLA MANDAL KURNOOL DISTRICT 518599",518599,sujathasujji49568[at]gmail[dot]com,https://kys.udiseplus.gov.in/#/schooldetail/4700131/12,4700131,27/12/2025 12:02,2367
******02501 Operational,,MPPS SANKALAPURAM,,,,Andhra Pradesh,1-Primary,33-MPP_ZPP SCHOOLS,1 To 5,3-Co-educational,1-Rural,Banaganapalle,Sankalapuram,,,SANKALAPURAM SANKALAPURAM SANKALAPURAM(VILLAGE) BANAGANAPALLI(MANDAL) KURNOOL(DIST),518124,thokkalamanjula123[at]gmail[dot]com,https://kys.udiseplus.gov.in/#/schooldetail/4701284/12,4701284,11/05/2022 11:45,2367
******00702 Operational,,MPPS SANKIRENIPALLI,,,,Andhra Pradesh,1-Primary,33-MPP_ZPP SCHOOLS,1 To 5,3-Co-educational,1-Rural,Pagidyala,Pathakota(East),,,SANKIRENI PALLI SANKIRENI PALLI PATHAKOTA(WEST)(VILLAGE) PAGIDALA(MANDAL) KURNOOL(DIST),518412,hmmppsankirenipalli[at]gmail[dot]com,https://kys.udiseplus.gov.in/#/schooldetail/4698445/12,4698445,15/10/2020 12:18,2367
******00302 Operational,,MPPS SANTHAJUTUR,,,,Andhra Pradesh,1-Primary,33-MPP_ZPP SCHOOLS,1 To 5,3-Co-educational,1-Rural,Bandi Atmakur,Santhajutur,,,SANTHAJUTUR SANTHAJUTUR SANTHAJUTUR(VILLAGE) BANDIATMAKUR(MANDAL) KURNOOL(DIST),518513,shobharanisurya[at]gmail[dot]com,https://kys.udiseplus.gov.in/#/schooldetail/4700325/12,4700325,17/09/2024 20:02,2367
******00104 Operational,,MPPS SATHANIKOTA,,,,Andhra Pradesh,1-Primary,33-MPP_ZPP SCHOOLS,1 To 5,3-Co-educational,1-Rural,Nandikotkur,Santhanikota,,,SANTHANIKOTA NANDIKOTKUR SANTHANIKOTA(VILLAGE) NANDIKOTKUR(MANDAL) KURNOOL(DIST),518401,sandhyaranigundrati[at]gmail[dot]com,https://kys.udiseplus.gov.in/#/schooldetail/4698334/12,4698334,15/10/2020 12:18,2367
******00801 Permanently Closed,,MPPS SATYNARAYANAPURAM,,,,Andhra Pradesh,1-Primary,33-MPP_ZPP SCHOOLS,1 To 5,3-Co-educational,1-Rural,Gospadu,Jillela,,,NA,518563,,https://kys.udiseplus.gov.in/#/schooldetail/4717497/12,4717497,15/10/2020 12:18,2367
******00918 Operational,,"MPPS(SB PETA), NANDIKOTKUR",,,,Andhra Pradesh,1-Primary,33-MPP_ZPP SCHOOLS,1 To 5,3-Co-educational,2-Urban,NA,,Nandikotkur Ward No. 16,Nandikotkur-Town Panchayat,NANDI KOTKUR SAIBABA PETA NANDI KOTKUR(VILLAGE) NANDIKOTKUR(MANDAL) KURNOOL(DIST),518401,brkreddy9t[at]gmail[dot]com,https://kys.udiseplus.gov.in/#/schooldetail/4698371/12,4698371,11/05/2022 13:04,2367
******01006 Operational,,MPPS(SBT) ANKIREDDYPALLI,,,,Andhra Pradesh,1-Primary,33-MPP_ZPP SCHOOLS,1 To 5,3-Co-educational,1-Rural,Kolimigundla,Thummalapenta,,,ANKIREDDIPALLI THUMMALAPENTA THUMMALAPENTA(VILLAGE) KOLIMIGUNDLA(MANDAL) KURNOOL(DIST),518123,meo.kgl46[at]gmail[dot]com,https://kys.udiseplus.gov.in/#/schooldetail/4700313/12,4700313,15/10/2020 12:18,2367
******01007 Operational,,MPPS(SC) ANKIREDDIPALLI,,,,Andhra Pradesh,1-Primary,33-MPP_ZPP SCHOOLS,1 To 5,3-Co-educational,1-Rural,Kolimigundla,Thummalapenta,,,ANKIREDDIPALLI THUMMALAPENTA THUMMALAPENTA(VILLAGE) KOLIMIGUNDLA(MANDAL) KURNOOL(DIST),518123,npadmavathi908[at]gmail[dot]com,https://kys.udiseplus.gov.in/#/schooldetail/4701432/12,4701432,15/10/2020 12:18,2367
******00201 Operational,,MPPS(SC) BELUM,,,,Andhra Pradesh,1-Primary,33-MPP_ZPP SCHOOLS,1 To 5,3-Co-educational,1-Rural,Kolimigundla,Belum,,,BELUM BELUM BELUM(VILLAGE) KOLIMIGUNDLA(MANDAL) KURNOOL(DIST),518123,nagininsultana[at]gmail[dot]com,https://kys.udiseplus.gov.in/#/schooldetail/4701406/12,4701406,15/10/2020 12:18,2367
******01104 Operational,,MPPS(SC) CHINTALAYAPALLE,,,,Andhra Pradesh,1-Primary,33-MPP_ZPP SCHOOLS,1 To 5,3-Co-educational,1-Rural,Kolimigundla,Chintalayapalle,,,CHINTALAYAPALLE CHINTALAYAPALLE CHINTALAYAPALLE(VILLAGE) KOLIMIGUNDLA(MANDAL) KURNOOL(DIST),518123,sugunamma[at]gmail[dot]com,https://kys.udiseplus.gov.in/#/schooldetail/4701448/12,4701448,12/03/2024 11:41,2367
******00802 Operational,,MPPS(SC COL) KOLIMIGUNDLA,,,,Andhra Pradesh,1-Primary,33-MPP_ZPP SCHOOLS,1 To 5,3-Co-educational,1-Rural,Kolimigundla,Kolimigundla,,,KOLIMIGUNDLA S C COLONY KOLIMIGUNDLA(VILLAGE) KOLIMIGUNDLA(MANDAL) KURNOOL(DIST),518123,sckglhm[at]gmail[dot]com,https://kys.udiseplus.gov.in/#/schooldetail/4701417/12,4701417,12/03/2024 11:36,2367
******00901 Operational,,MPPS(SC COL) NERAWADA,,,,Andhra Pradesh,1-Primary,33-MPP_ZPP SCHOOLS,1 To 5,3-Co-educational,1-Rural,Panyam,Nerawada,,,NERAWADA S C COLONY NERAWADA(VILLAGE) PANYAM(MANDAL) KURNOOL(DIST),518112,,https://kys.udiseplus.gov.in/#/schooldetail/4700242/12,4700242,11/05/2022 10:38,2367
******02002 Operational,,MPPS(SC COL) N.KOTHAPALLI,,,,Andhra Pradesh,1-Primary,33-MPP_ZPP SCHOOLS,1 To 5,3-Co-educational,1-Rural,Nandyal,Kothapalli,,,SC COLONY N.KOTHAPALLI KOTHAPALLI(VILLAGE) NANDYAL(MANDAL) KURNOOL(DIST),518502,himasekhar68[at]gmail[dot]com,https://kys.udiseplus.gov.in/#/schooldetail/4700487/12,4700487,12/03/2024 11:35,2367
******01303 Operational,,MPPS(SC COLONY) AYYALUR,,,,Andhra Pradesh,1-Primary,33-MPP_ZPP SCHOOLS,1 To 5,3-Co-educational,1-Rural,Nandyal,Ayyalur (Part),,,SC COLONY AYYALUR AYYALUR(VILLAGE) NANDYAL(MANDAL) KURNOOL(DIST),518502,ayyalursc303[at]gmail[dot]com,https://kys.udiseplus.gov.in/#/schooldetail/4700457/12,4700457,15/10/2020 12:18,2367
******00501 Operational,,MPPS(SC COLONY) BILAKALAGUDUR,,,,Andhra Pradesh,1-Primary,33-MPP_ZPP SCHOOLS,1 To 5,3-Co-educational,1-Rural,Gadivemula,Bilakala Gudur,,,SC COLONY BILAKALA GUDUR BILAKALA GUDUR(VILLAGE) GADIVEMULA(MANDAL) KURNOOL(DIST),518508,avulamuniswamy[at]gmail[dot]com,https://kys.udiseplus.gov.in/#/schooldetail/4700291/12,4700291,15/10/2020 12:18,2367
******01401 Operational,,MPPS(SC COLONY) DURVESI,,,,Andhra Pradesh,1-Primary,33-MPP_ZPP SCHOOLS,1 To 5,3-Co-educational,1-Rural,Gadivemula,Durvesi,,,SC COLONY DURVESI DURVESI(VILLAGE) GADIVEMULA(MANDAL) KURNOOL(DIST),518511,praneethapraneswar[at]gmail[dot]com,https://kys.udiseplus.gov.in/#/schooldetail/4700319/12,4700319,15/10/2020 12:18,2367
******00104 Operational,,MPPS(SC COLONY) GANI,,,,Andhra Pradesh,1-Primary,33-MPP_ZPP SCHOOLS,1 To 5,3-Co-educational,1-Rural,Gadivemula,Gani,,,S C COLONY GANI GANI(VILLAGE) GADIVEMULA(MANDAL) KURNOOL(DIST),518010,schoolsgadivemula[at]gmail[dot]com,https://kys.udiseplus.gov.in/#/schooldetail/4700268/12,4700268,15/10/2020 12:18,2367
******00703 Operational,,MPPS(SC COLONY) GOPAVARAM,,,,Andhra Pradesh,1-Primary,33-MPP_ZPP SCHOOLS,1 To 5,3-Co-educational,1-Rural,Mahanandi,Gopavaram,,,S C COLONY GOPAVARAM GOPAVARAM(VILLAGE) MAHANANDI(MANDAL) KURNOOL(DIST),518583,pvrkreddy1980[at]gmail[dot]com,https://kys.udiseplus.gov.in/#/schooldetail/4700710/12,4700710,12/03/2024 11:27,2367
******01901 Operational,,MPPS(SC COLONY) GUTHANALA,,,,Andhra Pradesh,1-Primary,33-MPP_ZPP SCHOOLS,1 To 5,3-Co-educational,1-Rural,Nandyal,Gunthanala,,,NEAR SC COLONY GUNTHANALA GUNTHANALA(VILLAGE) NANDYAL(MANDAL) KURNOOL(DIST),518593,vanivadla99[at]gmail[dot]com,https://kys.udiseplus.gov.in/#/schooldetail/4700484/12,4700484,15/10/2020 12:18,2367
******00302 Operational,,MPPS(SC COLONY) KONIDELA,,,,Andhra Pradesh,1-Primary,33-MPP_ZPP SCHOOLS,1 To 5,3-Co-educational,1-Rural,Nandikotkur,Konidela,,,S.C.COLONY KONIDELA KONIDELA(VILLAGE) NANDIKOTKUR(MANDAL) KURNOOL(DIST),518411,baddipudisuseela47[at]gmail[dot]com,https://kys.udiseplus.gov.in/#/schooldetail/4698339/12,4698339,15/10/2020 12:18,2367
******01003 Operational,,MPPS(SC COLONY) OWK,,,,Andhra Pradesh,1-Primary,33-MPP_ZPP SCHOOLS,1 To 5,3-Co-educational,1-Rural,Owk,Owk,,,SC COLONY OWK OWK(VILLAGE) OWK(MANDAL) KURNOOL(DIST),518122,harikrishna786d[at]gmail[dot]com,https://kys.udiseplus.gov.in/#/schooldetail/4701490/12,4701490,11/05/2022 14:56,2367
******00501 Operational,,MPPS(SC COLONY) VEEPANAGANDLA,,,,Andhra Pradesh,1-Primary,33-MPP_ZPP SCHOOLS,1 To 5,3-Co-educational,1-Rural,Midthur,Veepanagandla,,,SC COLONY VEEPANAGANDLA VEEPANAGANDLA(VILLAGE) MIDTHUR(MANDAL) KURNOOL(DIST),518405,mppssplveepanagandla[at]gmail[dot]com,https://kys.udiseplus.gov.in/#/schooldetail/4698771/12,4698771,19/12/2025 19:26,2367
******00303 Operational,,MPPS(SC COL) THIMMAPURAM,,,,Andhra Pradesh,1-Primary,33-MPP_ZPP SCHOOLS,1 To 5,3-Co-educational,1-Rural,Mahanandi,Thimmapuram,,,M.THIMMAPURAM S C COLONY THIMMAPURAM(VILLAGE) MAHANANDI(MANDAL) KURNOOL(DIST),518512,,https://kys.udiseplus.gov.in/#/schooldetail/4700693/12,4700693,15/10/2020 12:18,2367
******00907 Operational,,MPPS(SC COL) YERRAGUNTLA,,,,Andhra Pradesh,1-Primary,33-MPP_ZPP SCHOOLS,1 To 5,3-Co-educational,1-Rural,Sirivel,Yerragundla,,,S C COLONY YERRAGUNTLA(VILLAGE) SIRVEL(MANDAL) KURNOOL(DIST),518510,konetivenkateswarlu955[at]gmail[dot]com,https://kys.udiseplus.gov.in/#/schooldetail/4700779/12,4700779,19/09/2024 09:54,2367
******01401 Operational,,MPPS(SC) ENAKANDLA,,,,Andhra Pradesh,1-Primary,33-MPP_ZPP SCHOOLS,1 To 5,3-Co-educational,1-Rural,Banaganapalle,Enakandla,,,ENAKANDLA HOUSING COLONY ENAKANDLA(VILLAGE) BANAGANAPALLI(MANDAL) KURNOOL(DIST),518124,meo.banaganapalli[at]gmail[dot]com,https://kys.udiseplus.gov.in/#/schooldetail/4700139/12,4700139,24/12/2025 17:59,2367
******00104 Operational,,MPPS(SC) GORVIMANUPALLE,,,,Andhra Pradesh,1-Primary,33-MPP_ZPP SCHOOLS,1 To 5,3-Co-educational,1-Rural,Kolimigundla,Petnikota,,,GORVIMANUPALLE PETNIKOTA PETNIKOTA(VILLAGE) KOLIMIGUNDLA(MANDAL) KURNOOL(DIST),518123,indlajayarao[at]gmail[dot]com,https://kys.udiseplus.gov.in/#/schooldetail/4701399/12,4701399,13/05/2022 11:57,2367
******00802 Permanently Closed,,MPPS(SC) JILLELA,,,,Andhra Pradesh,1-Primary,33-MPP_ZPP SCHOOLS,1 To 5,3-Co-educational,1-Rural,Gospadu,Jillela,,,NA,518563,,https://kys.udiseplus.gov.in/#/schooldetail/4717498/12,4717498,15/10/2020 12:18,2367
******00504 Operational,,MPPS(SC) MAHADEVAPURAM,,,,Andhra Pradesh,1-Primary,33-MPP_ZPP SCHOOLS,1 To 5,3-Co-educational,1-Rural,Sirivel,Mahadevapuram,,,MAHADEVAPURAM S C COLONY MAHADEVAPURAM(VILLAGE) SIRVEL(MANDAL) KURNOOL(DIST),518583,gouri.pagidala[at]gmail[dot]com,https://kys.udiseplus.gov.in/#/schooldetail/4700751/12,4700751,19/09/2024 09:28,2367
******01202 Operational,,MPPS(SC) NANDAVARAM,,,,Andhra Pradesh,1-Primary,33-MPP_ZPP SCHOOLS,1 To 5,3-Co-educational,1-Rural,Banaganapalle,Nandavaram,,,NANDAVARAM NANDAVARAM NANDAVARAM(VILLAGE) BANAGANAPALLI(MANDAL) KURNOOL(DIST),518124,sarmanossam[at]gmail[dot]com,https://kys.udiseplus.gov.in/#/schooldetail/4701257/12,4701257,11/05/2022 11:35,2367
******02102 Operational,,MPPS(SC) NOSSAM,,,,Andhra Pradesh,1-Primary,33-MPP_ZPP SCHOOLS,1 To 5,3-Co-educational,1-Rural,Sanjamala,Nossam,,,NOSSAM S C COLONY NOSSAM(VILLAGE) SANJAMALA(MANDAL) KURNOOL(DIST),518145,mppssplnossam2102[at]gmail[dot]com,https://kys.udiseplus.gov.in/#/schooldetail/4701393/12,4701393,23/12/2025 15:51,2367
******01304 Operational,,MPPS(SC) PERUSOMALA,,,,Andhra Pradesh,1-Primary,33-MPP_ZPP SCHOOLS,1 To 5,3-Co-educational,1-Rural,Sanjamala,Perusomala,,,PERUSOMALA SANJAMALA PERUSOMALA(VILLAGE) SANJAMALA(MANDAL) KURNOOL(DIST),518166,blesseychrysolite[at]gmail[dot]com,https://kys.udiseplus.gov.in/#/schooldetail/4701379/12,4701379,23/12/2025 14:59,2367
******00601 Operational,,MPPS(SC) PESARAVAYI,,,,Andhra Pradesh,1-Primary,33-MPP_ZPP SCHOOLS,1 To 5,3-Co-educational,1-Rural,Gadivemula,Pesaravayi,,,SC COLONY PESARAVAYI PESARAVAYI(VILLAGE) GADIVEMULA(MANDAL) KURNOOL(DIST),518513,mppssplpesaravayi[at]gmail[dot]com,https://kys.udiseplus.gov.in/#/schooldetail/4700296/12,4700296,23/12/2025 12:04,2367
******00105 Operational,,MPPS (SC) PETNIKOTA,,,,Andhra Pradesh,1-Primary,33-MPP_ZPP SCHOOLS,1 To 5,3-Co-educational,1-Rural,Kolimigundla,Petnikota,,,PETNIKOTA(VILLAGE) KOLIMIGUNDLA(MANDAL) KURNOOL(DIST),518123,,https://kys.udiseplus.gov.in/#/schooldetail/4701400/12,4701400,13/05/2022 11:58,2367
******00601 Operational,,MPPS(SC) SIRVEL,,,,Andhra Pradesh,1-Primary,33-MPP_ZPP SCHOOLS,1 To 5,3-Co-educational,1-Rural,Sirivel,Sirvel,,,S C COLONY SIRVEL SIRVEL(VILLAGE) SIRVEL(MANDAL) KURNOOL(DIST),518563,abdulgaffar02468[at]gmail[dot]com,https://kys.udiseplus.gov.in/#/schooldetail/4700754/12,4700754,19/09/2024 09:29,2367
******00401 Operational,,MPPS(SC) THAMMADAPALLI,,,,Andhra Pradesh,1-Primary,33-MPP_ZPP SCHOOLS,1 To 5,3-Co-educational,1-Rural,Mahanandi,Thammadapalle,,,THAMMADAPALLE S.C.COLONY THAMMADAPALLE(VILLAGE) MAHANANDI(MANDAL) KURNOOL(DIST),518512,yrpreddy7107[at]gmail[dot]com,https://kys.udiseplus.gov.in/#/schooldetail/4700702/12,4700702,15/10/2020 12:18,2367
******01003 Operational,,MPPS(SC) THUMMALAPENTA,,,,Andhra Pradesh,1-Primary,33-MPP_ZPP SCHOOLS,1 To 5,3-Co-educational,1-Rural,Kolimigundla,Thummalapenta,,,THUMMALAPENTA KOLIMIGUNDLA THUMMALAPENTA(VILLAGE) KOLIMIGUNDLA(MANDAL) KURNOOL(DIST),518123,thirupathireddy7729[at]gmail[dot]com,https://kys.udiseplus.gov.in/#/schooldetail/4700312/12,4700312,15/10/2020 12:18,2367
******00905 Operational,,MPPS(SC) VEMPENTA,,,,Andhra Pradesh,1-Primary,33-MPP_ZPP SCHOOLS,1 To 5,3-Co-educational,1-Rural,Pamulapadu,Vempenta,,,SC COLONY VEMPENTA VEMPENTA(VILLAGE) PAMULAPADU(MANDAL) KURNOOL(DIST),518533,abidabegum6741[at]gmail[dot]com,https://kys.udiseplus.gov.in/#/schooldetail/4698702/12,4698702,11/05/2022 16:32,2367
******01002 Operational,,MPPS SEESAMGUNTLA,,,,Andhra Pradesh,1-Primary,33-MPP_ZPP SCHOOLS,1 To 5,3-Co-educational,1-Rural,Dhone Alias Dronachalam,Ungaranigundla,,,SEESAMGUNTLA UNGARANIGUNDLA UNGARANIGUNDLA(VILLAGE) DHONE(MANDAL) KURNOOL(DIST),518222,pgaliswamy[at]gmail[dot]com,https://kys.udiseplus.gov.in/#/schooldetail/4701721/12,4701721,21/09/2024 16:06,2367
******01901 Operational,,MPPS SEETAMMA THANDA,,,,Andhra Pradesh,1-Primary,33-MPP_ZPP SCHOOLS,1 To 5,3-Co-educational,1-Rural,Peapully,Burugula,,,SEETAMMA THANDA BURUGULA BURUGULA(VILLAGE) PEAPULLY(MANDAL) KURNOOL(DIST),518220,gopalrayudu01[at]gmail[dot]com,https://kys.udiseplus.gov.in/#/schooldetail/4701613/12,4701613,15/10/2020 12:18,2367
******00501 Operational,,MPPS SEETHARAMAUPRAM,,,,Andhra Pradesh,1-Primary,33-MPP_ZPP SCHOOLS,1 To 5,3-Co-educational,1-Rural,Bethamcherla,Kolumulapalle,,,"SEETHARAMAPURAM,KOLUMULAPALLE(VILLAGE) BETHAMCHERLA(MANDAL) KURNOOL(DIST)",518599,sreevanigummavajjala[at]gmail[dot]com,https://kys.udiseplus.gov.in/#/schooldetail/4700136/12,4700136,27/12/2025 11:35,2367
******00501 Operational,,MPPS SEETHARAMPURAM,,,,Andhra Pradesh,1-Primary,33-MPP_ZPP SCHOOLS,1 To 5,3-Co-educational,1-Rural,Mahanandi,Nandipalle,,,SEETHARAMPURAM NANDIPALLE NANDIPALLE(VILLAGE) MAHANANDI(MANDAL) KURNOOL(DIST),518502,vangalapullarao[at]gmail[dot]com,https://kys.udiseplus.gov.in/#/schooldetail/4700704/12,4700704,12/03/2024 11:28,2367
******00503 Operational,,MPPS SEETHARAMPURAM,,,,Andhra Pradesh,1-Primary,33-MPP_ZPP SCHOOLS,1 To 5,3-Co-educational,1-Rural,Mahanandi,Nandipalle,,,SEETHARAMPURAM NANDIPALLE NANDIPALLE(VILLAGE) MAHANANDI(MANDAL) KURNOOL(DIST),518502,arlaramani[at]gmail[dot]com,https://kys.udiseplus.gov.in/#/schooldetail/4700706/12,4700706,12/03/2024 11:32,2367
******01601 Operational,,MPPS SETTIVEDU,,,,Andhra Pradesh,1-Primary,33-MPP_ZPP SCHOOLS,1 To 5,3-Co-educational,1-Rural,Chagalamarri,Settiveedu,,,SETTIVEEDU SETTIVEEDU SETTIVEEDU(VILLAGE) CHAGALAMARRI(MANDAL) KURNOOL(DIST),518553,shaikmabubasha234[at]gmail[dot]com,https://kys.udiseplus.gov.in/#/schooldetail/4701028/12,4701028,15/10/2020 12:18,2367
******00104 Operational,,MPPS SHANTHINAGARAM,,,,Andhra Pradesh,1-Primary,33-MPP_ZPP SCHOOLS,1 To 5,3-Co-educational,1-Rural,Allagadda,Bathalur,,,SHANTHINAGARAM BATHALUR BATHALUR(VILLAGE) ALLAGADDA(MANDAL) KURNOOL(DIST),518543,mppsshanthinagaram123[at]gmail[dot]com,https://kys.udiseplus.gov.in/#/schooldetail/4700860/12,4700860,11/03/2024 17:39,2367
******00703 Permanently Closed,,MPPS SHANTINILAYAM,,,,Andhra Pradesh,1-Primary,33-MPP_ZPP SCHOOLS,1 To 5,3-Co-educational,1-Rural,Pamulapadu,Pamulapadu,,,NA,518442,,https://kys.udiseplus.gov.in/#/schooldetail/4717373/12,4717373,15/10/2020 12:18,2367
******01301 Operational,,MPPS SHOTRIUM GUNDALA,,,,Andhra Pradesh,1-Primary,33-MPP_ZPP SCHOOLS,1 To 5,3-Co-educational,1-Rural,Dhone Alias Dronachalam,Shotrium Gundala,,,SHOTRIUM GUNDALA SHOTRIUM GUNDALA SHOTRIUM GUNDALA(VILLAGE) DHONE(MANDAL) KURNOOL(DIST),518222,rama[at]2411gmail[dot]com,https://kys.udiseplus.gov.in/#/schooldetail/4701732/12,4701732,21/09/2024 11:27,2367
******01502 Operational,,MPPS SIDDANAGATTU,,,,Andhra Pradesh,1-Primary,33-MPP_ZPP SCHOOLS,1 To 5,3-Co-educational,1-Rural,Peapully,Kommemarri,,,SIDDANAGATTU KOMMEMARRI KOMMEMARRI(VILLAGE) PEAPULLY(MANDAL) KURNOOL(DIST),518220,vedavathivema[at]gmail[dot]com,https://kys.udiseplus.gov.in/#/schooldetail/4701596/12,4701596,15/10/2020 12:18,2367
******00804 Operational,,MPPS SIDDEPALLE,,,,Andhra Pradesh,1-Primary,33-MPP_ZPP SCHOOLS,1 To 5,3-Co-educational,1-Rural,Atmakur,Siddepalle,,,SIDDEPALLE ATMAKUR SIDDEPALLE(VILLAGE) ATMAKUR(MANDAL) KURNOOL(DIST),518422,meo.atmakur[at]gmail[dot]com,https://kys.udiseplus.gov.in/#/schooldetail/4698587/12,4698587,18/08/2024 18:28,2367
******01502 Operational,,MPPS SINGANAPALLE,,,,Andhra Pradesh,1-Primary,33-MPP_ZPP SCHOOLS,1 To 5,3-Co-educational,1-Rural,Owk,Singanapalle,,,SINGANAPALLE SINGANAPALLE SINGANAPALLE(VILLAGE) OWK(MANDAL) KURNOOL(DIST),518196,mpupssinganapalle99[at]gmail[dot]com,https://kys.udiseplus.gov.in/#/schooldetail/4701516/12,4701516,21/06/2025 19:32,2367
******00703 Operational,,MPPS SINGAVARAM,,,,Andhra Pradesh,1-Primary,33-MPP_ZPP SCHOOLS,1 To 5,3-Co-educational,1-Rural,Bandi Atmakur,Ramapuram,,,SINGAVARAM SINGAVARAM RAMAPURAM(VILLAGE) BANDIATMAKUR(MANDAL) KURNOOL(DIST),518513,Karthikgajja0[at]gmail[dot]com,https://kys.udiseplus.gov.in/#/schooldetail/4700346/12,4700346,08/05/2022 11:05,2367
******00702 Operational,,MPPS SINGAVARAM,,,,Andhra Pradesh,1-Primary,33-MPP_ZPP SCHOOLS,1 To 5,3-Co-educational,1-Rural,Bandi Atmakur,Ramapuram,,,SINGAVARAM SINGAVARAM RAMAPURAM(VILLAGE) BANDIATMAKUR(MANDAL) KURNOOL(DIST),518513,tchr.nazeer[at]gmail[dot]com,https://kys.udiseplus.gov.in/#/schooldetail/4700345/12,4700345,24/09/2024 13:57,2367
******00703 Operational,,MPPS SIVAPRAM,,,,Andhra Pradesh,1-Primary,33-MPP_ZPP SCHOOLS,1 To 5,3-Co-educational,1-Rural,Kothapalle,Sivapuram,,,SIVAPURAM SIVAPURAM SIVAPURAM(VILLAGE) KOTAPALLI(MANDAL) KURNOOL(DIST),518422,mppssivapuram703[at]gmail[dot]com,https://kys.udiseplus.gov.in/#/schooldetail/4698481/12,4698481,17/07/2025 14:05,2367
******00701 Operational,,MPPS SIVAPURAM,,,,Andhra Pradesh,1-Primary,33-MPP_ZPP SCHOOLS,1 To 5,3-Co-educational,1-Rural,Kothapalle,Sivapuram,,,SIVAPURAM SIVAPURAM SIVAPURAM(VILLAGE) KOTAPALLI(MANDAL) KURNOOL(DIST),518422,,https://kys.udiseplus.gov.in/#/schooldetail/4698480/12,4698480,07/05/2022 20:29,2367
******00701 Operational,,MPPS SIVAVARAM,,,,Andhra Pradesh,1-Primary,33-MPP_ZPP SCHOOLS,1 To 5,3-Co-educational,1-Rural,Owk,Sivavaram,,,SIVAVARAM SIVAVARAM SIVAVARAM(VILLAGE) OWK(MANDAL) KURNOOL(DIST),518122,meo.owk[at]gmail[dot]com,https://kys.udiseplus.gov.in/#/schooldetail/4701483/12,4701483,11/05/2022 14:53,2367
******00301 Operational,,MPPS S.KOTHPALLE,,,,Andhra Pradesh,1-Primary,33-MPP_ZPP SCHOOLS,1 To 5,3-Co-educational,1-Rural,Uyyalawada,S.Kothapalle,,,S.KOTHAPALLE S.KOTHAPALLE S.KOTHAPALLE(VILLAGE) UYYALAWADA(MANDAL) KURNOOL(DIST),518134,nnreddy163[at]gmail[dot]com,https://kys.udiseplus.gov.in/#/schooldetail/4701043/12,4701043,15/10/2020 12:18,2367
******01701 Operational,,MPPS S.KOTHURU,,,,Andhra Pradesh,1-Primary,33-MPP_ZPP SCHOOLS,1 To 5,3-Co-educational,1-Rural,Panyam,S Kothuru,,,S.KOTHURU S.KOTHURU KOTHURU(VILLAGE) PANYAM(MANDAL) KURNOOL(DIST),518112,meo.panyam[at]gmail[dot]com,https://kys.udiseplus.gov.in/#/schooldetail/4700265/12,4700265,11/03/2024 21:45,2367
******01301 Operational,,MPPS S.KULLUR,,,,Andhra Pradesh,1-Primary,33-MPP_ZPP SCHOOLS,1 To 5,3-Co-educational,1-Rural,Gospadu,Vantivelagala,,,S.KULURU VANTIVELAGALA VANTIVELAGALA(VILLAGE) GOSPADU(MANDAL) KURNOOL(DIST),518593,kulurabcd[at]yahoo[dot]com,https://kys.udiseplus.gov.in/#/schooldetail/4701139/12,4701139,19/12/2025 11:05,2367
******00802 Operational,,MPPS S.LINGAMDINNE,,,,Andhra Pradesh,1-Primary,33-MPP_ZPP SCHOOLS,1 To 5,3-Co-educational,1-Rural,Allagadda,S.Lingamdinne,,,S.LINGAMDINNE S.LINGAMDINNE S.LINGAMDINNE(VILLAGE) ALLAGADDA(MANDAL) KURNOOL(DIST),518543,jramasubbamma.sgt[at]gmail[dot]com,https://kys.udiseplus.gov.in/#/schooldetail/4700878/12,4700878,15/10/2020 12:18,2367
******00401 Operational,,MPPS S.NAGULAVARAM,,,,Andhra Pradesh,1-Primary,33-MPP_ZPP SCHOOLS,1 To 5,3-Co-educational,1-Rural,Gospadu,S.Nagulavaram,,,S.NAGULAVARAM S.NAGULAVARAM S.NAGULAVARAM(VILLAGE) GOSPADU(MANDAL) KURNOOL(DIST),518593,mppssnv123[at]gmail[dot]com,https://kys.udiseplus.gov.in/#/schooldetail/4701113/12,4701113,19/12/2025 11:01,2367
******00501 Permanently Closed,,MPPS S NALLABALLE,,,,Andhra Pradesh,1-Primary,33-MPP_ZPP SCHOOLS,1 To 5,3-Co-educational,1-Rural,Peapully,Shrotrium Nallaballe,,,NA,518221,,https://kys.udiseplus.gov.in/#/schooldetail/4717517/12,4717517,15/10/2020 12:18,2367
******90203 Operational,,MPPS(SN) BETHAMCHERLA,,,,Andhra Pradesh,1-Primary,33-MPP_ZPP SCHOOLS,1 To 5,3-Co-educational,2-Urban,NA,,Election Ward No.19,BETHAMCHERLA-Town Panchayat,"BETHAMCHERLA SANJEEV NAGAR, BETHAMCHERLA(VILLAGE) BETHAMCHERLA(MANDAL) KURNOOL(DIST)",518599,yvsubbareddy1963[at]gmail[dot]com,https://kys.udiseplus.gov.in/#/schooldetail/4700172/12,4700172,01/08/2022 16:40,2367
******00502 Operational,,MPPS SOMAPURAM,,,,Andhra Pradesh,1-Primary,33-MPP_ZPP SCHOOLS,1 To 5,3-Co-educational,1-Rural,Dhone Alias Dronachalam,Kamaganikuntla,,,SOMAPURAM SOMAPURAM KAMAGANIKUNTLA(VILLAGE) DHONE(MANDAL) KURNOOL(DIST),518222,sreenivas.praneeth[at]gmail[dot]com,https://kys.udiseplus.gov.in/#/schooldetail/4701632/12,4701632,20/09/2024 16:40,2367
******00402 Operational,,MPPS SOMAPURAM,,,,Andhra Pradesh,1-Primary,33-MPP_ZPP SCHOOLS,1 To 5,3-Co-educational,1-Rural,Gadivemula,Korrapolur,,,SOMAPURAM SOMAPURAM KORRAPOLUR(VILLAGE) GADIVEMULA(MANDAL) KURNOOL(DIST),518508,mppssomapuram402[at]gmail[dot]com,https://kys.udiseplus.gov.in/#/schooldetail/4700289/12,4700289,15/10/2020 12:18,2367
******01202 Operational,,MPPS SOMAYAJULAPALLI,,,,Andhra Pradesh,1-Primary,33-MPP_ZPP SCHOOLS,1 To 5,3-Co-educational,1-Rural,Bandi Atmakur,Ernapadu,,,SOMAYAJULAPALLI ERNAPADU ERNAPADU(VILLAGE) BANDIATMAKUR(MANDAL) KURNOOL(DIST),518512,abdulrahimsms[at]gmail[dot]com,https://kys.udiseplus.gov.in/#/schooldetail/4700370/12,4700370,08/05/2022 11:28,2367
******01202 Operational,,MPPS SOUDERDINNE,,,,Andhra Pradesh,1-Primary,33-MPP_ZPP SCHOOLS,1 To 5,3-Co-educational,1-Rural,Koilakuntla,Soulderdinne,,,SOUDERDINNE(VILLAGE) KOILAKUNTLA(MANDAL) KURNOOL(DIST),518134,jahnavijanu638[at]gmail[dot]com,https://kys.udiseplus.gov.in/#/schooldetail/4701166/12,4701166,23/12/2025 16:29,2367
******00108 Operational,,MPPS SPG PALEM,,,,Andhra Pradesh,1-Primary,33-MPP_ZPP SCHOOLS,1 To 5,3-Co-educational,2-Urban,NA,,Atmakurknl Ward No. 3,Atmakur (Kurnool)-Municipality,S P G PALLEM ATMAKUR ATMAKUR(VILLAGE) ATMAKUR(MANDAL) KURNOOL(DIST),518422,mmikbal1975[at]gmail[dot]com,https://kys.udiseplus.gov.in/#/schooldetail/4698514/12,4698514,12/03/2024 10:48,2367
******02104 Operational,,MPPS(SPL) AKKAMPALLI,,,,Andhra Pradesh,1-Primary,33-MPP_ZPP SCHOOLS,1 To 5,3-Co-educational,1-Rural,Sanjamala,Nossam,,,AKKAMPALLI POST NOSSAM NOSSAM(VILLAGE) SANJAMALA(MANDAL) KURNOOL(DIST),518145,arigalamalleswri23[at]gmail[dot]com,https://kys.udiseplus.gov.in/#/schooldetail/4701395/12,4701395,23/12/2025 15:52,2367
******00702 Operational,,MPPS(SPL) AKKUMALLA,,,,Andhra Pradesh,1-Primary,33-MPP_ZPP SCHOOLS,1 To 5,3-Co-educational,1-Rural,Sanjamala,Akumalla,,,AKUMALLA S C COLONY AKUMALLA(VILLAGE) SANJAMALA(MANDAL) KURNOOL(DIST),518196,eswar2020[at]gmail[dot]com,https://kys.udiseplus.gov.in/#/schooldetail/4701363/12,4701363,23/12/2025 14:53,2367
******01402 Operational,,MPPS(SPL) A.KODUR,,,,Andhra Pradesh,1-Primary,33-MPP_ZPP SCHOOLS,1 To 5,3-Co-educational,1-Rural,Bandi Atmakur,Ayyavari Kodur,,,SC COLONY AYYAVARI KODUR AYYAVARI KODUR(VILLAGE) BANDIATMAKUR(MANDAL) KURNOOL(DIST),518523,narlassnr70[at]gmail[dot]com,https://kys.udiseplus.gov.in/#/schooldetail/4700377/12,4700377,12/03/2024 11:00,2367
******01904 Operational,,MPPS(SPL) ALAMUR,,,,Andhra Pradesh,1-Primary,33-MPP_ZPP SCHOOLS,1 To 5,3-Co-educational,1-Rural,Rudravaram,Alamur,,,SC AREA ALAMUR ALAMUR(VILLAGE) RUDRAVARAM(MANDAL) KURNOOL(DIST),518543,mppssplschool[at]gmail[dot]com,https://kys.udiseplus.gov.in/#/schooldetail/4700854/12,4700854,24/12/2025 10:50,2367
******00701 Operational,,MPPS(SPL) ALLUR,,,,Andhra Pradesh,1-Primary,33-MPP_ZPP SCHOOLS,1 To 5,3-Co-educational,1-Rural,Nandikotkur,Allur,,,SC COLONY ALLUR ALLUR(VILLAGE) NANDIKOTKUR(MANDAL) KURNOOL(DIST),518432,indirarani1976[at]gmail[dot]com,https://kys.udiseplus.gov.in/#/schooldetail/4698349/12,4698349,15/10/2020 12:18,2367
******01201 Operational,,MPPS(SPL) ALVAKONDA,,,,Andhra Pradesh,1-Primary,33-MPP_ZPP SCHOOLS,1 To 5,3-Co-educational,1-Rural,Sanjamala,Alvakonda,,,ALVAKONDA HARIJANA WADA ALVAKONDA(VILLAGE) SANJAMALA(MANDAL) KURNOOL(DIST),518166,sandhyajinkala37[at]gmail[dot]com,https://kys.udiseplus.gov.in/#/schooldetail/4700250/12,4700250,23/12/2025 14:56,2367
******01603 Operational,,MPPS SPL BACHEPALLE,,,,Andhra Pradesh,1-Primary,33-MPP_ZPP SCHOOLS,1 To 5,3-Co-educational,1-Rural,Allagadda,Bachepalle,,,BACHEPALLE BACHEPALLE BACHEPALLE(VILLAGE) ALLAGADDA(MANDAL) KURNOOL(DIST),518543,balaswamynaik97[at]gmail[dot]com,https://kys.udiseplus.gov.in/#/schooldetail/4700958/12,4700958,15/10/2020 12:18,2367
******00101 Operational,,MPPS (Spl) BATHALUR,,,,Andhra Pradesh,1-Primary,33-MPP_ZPP SCHOOLS,1 To 5,3-Co-educational,1-Rural,Allagadda,Bathalur,,,BATHALUR BATHALUR BATHALUR(VILLAGE) ALLAGADDA(MANDAL) KURNOOL(DIST),518543,,https://kys.udiseplus.gov.in/#/schooldetail/4700857/12,4700857,20/08/2024 11:23,2367
******00802 Operational,,MPPS(SPL) B.ATMAKUR,,,,Andhra Pradesh,1-Primary,33-MPP_ZPP SCHOOLS,1 To 5,3-Co-educational,1-Rural,Bandi Atmakur,Bandi Atmakur,,,SC COLONY BANDI ATMAKUR BANDI ATMAKUR(VILLAGE) BANDIATMAKUR(MANDAL) KURNOOL(DIST),518523,padmanjali165[at]gmail[dot]com,https://kys.udiseplus.gov.in/#/schooldetail/4700349/12,4700349,23/09/2024 13:18,2367
******01502 Operational,,MPPS(SPL) BHEEMUNIPADU,,,,Andhra Pradesh,1-Primary,33-MPP_ZPP SCHOOLS,1 To 5,3-Co-educational,1-Rural,Koilakuntla,Bheemunipadu,,,BHEEMUNIPADU(VILLAGE) KOILAKUNTLA(MANDAL) KURNOOL(DIST),518134,nagalakshmikolimigundla[at]gmail[dot]com,https://kys.udiseplus.gov.in/#/schooldetail/4701218/12,4701218,23/12/2025 16:38,2367
******01502 Operational,,MPPS(SPL) B.KODUR,,,,Andhra Pradesh,1-Primary,33-MPP_ZPP SCHOOLS,1 To 5,3-Co-educational,1-Rural,Bandi Atmakur,Bayyapu Kodur,,,SC COLONY B KODUR BAYYAPU KODUR(VILLAGE) BANDIATMAKUR(MANDAL) KURNOOL(DIST),518523,laxmidevammalaxmi61770[at]gmail[dot]com,https://kys.udiseplus.gov.in/#/schooldetail/4700383/12,4700383,15/10/2020 12:18,2367
******01303 Operational,,MPPS(SPL) BODEMMANUR,,,,Andhra Pradesh,1-Primary,33-MPP_ZPP SCHOOLS,1 To 5,3-Co-educational,1-Rural,Uyyalawada,Bodemmanur,,,BODEMMANUR BODEMMANUR BODEMMANUR(VILLAGE) UYYALAWADA(MANDAL) KURNOOL(DIST),518155,mppssplbodemmanur[at]gmail[dot]com,https://kys.udiseplus.gov.in/#/schooldetail/4701064/12,4701064,15/10/2020 12:18,2367
******01202 Operational,,MPPS(SPL) BRAHMANAKOTKUR,,,,Andhra Pradesh,1-Primary,33-MPP_ZPP SCHOOLS,1 To 5,3-Co-educational,1-Rural,Nandikotkur,Brahmanakotkur,,,SANJEEVAPETA BRAHMANAKOTKUR BRAHMANAKOTKUR(VILLAGE) NANDIKOTKUR(MANDAL) KURNOOL(DIST),518432,ismailbasha2014[at]gmail[dot]com,https://kys.udiseplus.gov.in/#/schooldetail/4698426/12,4698426,15/10/2020 12:18,2367
******00950 Operational,,MPPS (SPL) BR.NAGAR NDK,,,,Andhra Pradesh,1-Primary,33-MPP_ZPP SCHOOLS,1 To 5,3-Co-educational,2-Urban,NA,,Nandikotkur Ward No. 6,Nandikotkur-Town Panchayat,NANDIKOTKUR BYREDDY NAGAR NANDI KOTKUR(VILLAGE) NANDIKOTKUR(MANDAL) KURNOOL(DIST),518401,bhargavisirela936[at]gmail[dot]com,https://kys.udiseplus.gov.in/#/schooldetail/4698394/12,4698394,23/09/2024 13:41,2367
******00301 Operational,,MPPS(SPL) CHAKARAJUVEMULA,,,,Andhra Pradesh,1-Primary,33-MPP_ZPP SCHOOLS,1 To 5,3-Co-educational,1-Rural,Dornipadu,Chakarajuvemula,,,SC COLONY CHAKARAJUVEMULA (VILLAGE) DORNIPADU(MANDAL) KURNOOL(DIST),518135,sudarsan.reddy[at]gmail[dot]com,https://kys.udiseplus.gov.in/#/schooldetail/4701090/12,4701090,19/11/2024 14:32,2367
******01002 Operational,,MPPS SPL CHAPIREVULA,,,,Andhra Pradesh,1-Primary,33-MPP_ZPP SCHOOLS,1 To 5,3-Co-educational,1-Rural,Nandyal,Chapirevula,,,CHAPIREVULA CHAPIREVULA CHAPIREVULA(VILLAGE) NANDYAL(MANDAL) KURNOOL(DIST),518502,mppssplchapirevula[at]gmail[dot]com,https://kys.udiseplus.gov.in/#/schooldetail/4700441/12,4700441,15/10/2020 12:18,2367
******00802 Operational,,MPPS(SPL) CHENNAMPALLE,,,,Andhra Pradesh,1-Primary,33-MPP_ZPP SCHOOLS,1 To 5,3-Co-educational,1-Rural,Owk,Chennampalle,,,SC COLONY CHENNAMPALLE CHENNAMPALLE(VILLAGE) OWK(MANDAL) KURNOOL(DIST),518122,turpunativenkata[at]gmail[dot]com,https://kys.udiseplus.gov.in/#/schooldetail/4701484/12,4701484,11/05/2022 14:54,2367
******00501 Operational,,MPPS(SPL) CHINNAKAMBALOOR,,,,Andhra Pradesh,1-Primary,33-MPP_ZPP SCHOOLS,1 To 5,3-Co-educational,1-Rural,Rudravaram,Chinna Kambaloor,,,SC COLONY CHINNAKAMBALOOR CHINNAKAMBALOOR(VILLAGE) RUDRAVARAM(MANDAL) KURNOOL(DIST),518594,mpps.spl.chinnakambaloor[at]gmail[dot]com,https://kys.udiseplus.gov.in/#/schooldetail/4700802/12,4700802,24/12/2025 10:45,2367
******01402 Operational,,MPPS(SPL) CHINTALAPALLE,,,,Andhra Pradesh,1-Primary,33-MPP_ZPP SCHOOLS,1 To 5,3-Co-educational,1-Rural,Midthur,Chintalapalle,,,CHINTALAPALLE CHINTALAPALLE CHINTALAPALLE(VILLAGE) MIDTHUR(MANDAL) KURNOOL(DIST),518405,mppschintalapalli[at]gmail[dot]com,https://kys.udiseplus.gov.in/#/schooldetail/4698790/12,4698790,19/12/2025 19:32,2367
******01101 Operational,,MPPS (SPL) DAMAGATLA,,,,Andhra Pradesh,1-Primary,33-MPP_ZPP SCHOOLS,1 To 5,3-Co-educational,1-Rural,Nandikotkur,Damagatla,,,DAMAGATLA DAMAGATLA DAMAGATLA(VILLAGE) NANDIKOTKUR(MANDAL) KURNOOL(DIST),518432,dhiddivenkateswarlu99[at]gmail[dot]com,https://kys.udiseplus.gov.in/#/schooldetail/4698422/12,4698422,15/10/2020 12:18,2367
******00806 Operational,,MPPS(SPL) DORNIPADU,,,,Andhra Pradesh,1-Primary,33-MPP_ZPP SCHOOLS,1 To 5,3-Co-educational,1-Rural,Dornipadu,Dornipadu,,,SC COLONY DORNIPADU (VILLAGE) DORNIPADU (MANDAL) KURNOOL(DIST),518135,ramanandakishore79[at]gmail[dot]com,https://kys.udiseplus.gov.in/#/schooldetail/4701105/12,4701105,08/05/2022 13:04,2367
******01502 Operational,,MPPS(SPL) DUDYALA,,,,Andhra Pradesh,1-Primary,33-MPP_ZPP SCHOOLS,1 To 5,3-Co-educational,1-Rural,Kothapalle,Dudyala,,,DUDYALA DUDYALA DUDYALA(VILLAGE) KOTAPALLI(MANDAL) KURNOOL(DIST),518422,,https://kys.udiseplus.gov.in/#/schooldetail/4698505/12,4698505,07/05/2022 20:45,2367
******00303 Operational,,MPPS (SPL) GADIVEMULA,,,,Andhra Pradesh,1-Primary,33-MPP_ZPP SCHOOLS,1 To 5,3-Co-educational,1-Rural,Gadivemula,Gadivemula,,,S C COLONY GADIVEMULA GADIVEMULA(VILLAGE) GADIVEMULA(MANDAL) KURNOOL(DIST),518508,mppssgadivemula[at]gmail[dot]com,https://kys.udiseplus.gov.in/#/schooldetail/4700274/12,4700274,15/10/2020 12:18,2367
******01602 Permanently Closed,,MPPS(SPL) GIDDALUR,,,,Andhra Pradesh,1-Primary,33-MPP_ZPP SCHOOLS,1 To 5,3-Co-educational,1-Rural,Sanjamala,Giddalur,,,NA,518166,,https://kys.udiseplus.gov.in/#/schooldetail/4717505/12,4717505,15/10/2020 12:18,2367
******00401 Operational,,MPPS(SPL) G.JAMBULADINNE,,,,Andhra Pradesh,1-Primary,33-MPP_ZPP SCHOOLS,1 To 5,3-Co-educational,1-Rural,Allagadda,G.Jambuladinne,,,G.JAMBULADINNE G.JAMBULADINNE G.JAMBULADINNE(VILLAGE) ALLAGADDA(MANDAL) KURNOOL(DIST),518543,mppssplgjambuladinne[at]gmail[dot]com,https://kys.udiseplus.gov.in/#/schooldetail/4700864/12,4700864,24/12/2025 18:09,2367
******00601 Operational,,MPPS(SPL) G LINGAPURAM,,,,Andhra Pradesh,1-Primary,33-MPP_ZPP SCHOOLS,1 To 5,3-Co-educational,1-Rural,Bandi Atmakur,Gali Chennaiah Palem,,,SC COLONY G.LINGAPURAM G.CH.PALEM(VILLAGE) BANDIATMAKUR(MANDAL) KURNOOL(DIST),518523,madhavk683[at]gmail[dot]com,https://kys.udiseplus.gov.in/#/schooldetail/4700337/12,4700337,08/05/2022 10:52,2367
******00109 Operational,,"MPPS(SPL), GOVINDAPALLI",,,,Andhra Pradesh,1-Primary,33-MPP_ZPP SCHOOLS,1 To 5,3-Co-educational,1-Rural,Sirivel,Govindpalle,,,GOVINDAPALLE GOVINDPALLE GOVINDAPALLE(VILLAGE) SIRVEL(MANDAL) KURNOOL(DIST),518502,madhaviindhu3760[at]gmail[dot]com,https://kys.udiseplus.gov.in/#/schooldetail/4700739/12,4700739,19/09/2024 09:25,2367
******01802 Operational,,MPPS(SPL) GULLADURTHY,,,,Andhra Pradesh,1-Primary,33-MPP_ZPP SCHOOLS,1 To 5,3-Co-educational,1-Rural,Koilakuntla,Gulladurthi,,,GULLADURTHI KOILAKUNTLA GULLADURTHI(VILLAGE) KOILAKUNTLA(MANDAL) KURNOOL(DIST),518134,valadasubharathi46365[at]gmail[dot]com,https://kys.udiseplus.gov.in/#/schooldetail/4701223/12,4701223,23/12/2025 16:36,2367
******00101 Operational,,MPPS(SPL) GUNDUPAPALA,,,,Andhra Pradesh,1-Primary,33-MPP_ZPP SCHOOLS,1 To 5,3-Co-educational,1-Rural,Dornipadu,Gundupapala,,,S C COLONY GUNDUPAPALA(VILLAGE) DORNIPADU(MANDAL) KURNOOL(DIST),518134,valadasu.bharathi[at]gmail[dot]com,https://kys.udiseplus.gov.in/#/schooldetail/4701081/12,4701081,08/05/2022 12:37,2367
******00902 Operational,,MPPS(SPL) GUVVALAKUNTLA,,,,Andhra Pradesh,1-Primary,33-MPP_ZPP SCHOOLS,1 To 5,3-Co-educational,1-Rural,Kothapalle,Guvvalakunta,,,GUVVALAKUNTLA SC COLONY GUVVALAKUNTLA(VILLAGE) KOTAPALLI(MANDAL) KURNOOL(DIST),518422,guvvalakuntlamppsspl902[at]gmail[dot]com,https://kys.udiseplus.gov.in/#/schooldetail/4698493/12,4698493,07/05/2022 20:37,2367
******01301 Operational,,MPPS(SPL) KADAMALAKALVA,,,,Andhra Pradesh,1-Primary,33-MPP_ZPP SCHOOLS,1 To 5,3-Co-educational,1-Rural,Bandi Atmakur,Kadamalakalva,,,KADAMALAKALVA KADAMALAKALVA KADAMALAKALVA(VILLAGE) BANDIATMAKUR(MANDAL) KURNOOL(DIST),518512,sailajayeddula30[at]gmail[dot]com,https://kys.udiseplus.gov.in/#/schooldetail/4700374/12,4700374,08/05/2022 11:22,2367
******00303 Operational,,MPPS(SPL) KADUMUR,,,,Andhra Pradesh,1-Primary,33-MPP_ZPP SCHOOLS,1 To 5,3-Co-educational,1-Rural,Midthur,Kadumur,,,KADUMUR KADUMUR KADUMUR(VILLAGE) MIDTHUR(MANDAL) KURNOOL(DIST),518452,mppssplkadumur[at]gmail[dot]com,https://kys.udiseplus.gov.in/#/schooldetail/4698757/12,4698757,19/12/2025 19:18,2367
******01001 Operational,,MPPS(SPL) KARIMADDALA,,,,Andhra Pradesh,1-Primary,33-MPP_ZPP SCHOOLS,1 To 5,3-Co-educational,1-Rural,Gadivemula,Karimaddala,,,KARIMADDALA GADIVEMULA KARIMADDALA(VILLAGE) GADIVEMULA(MANDAL) KURNOOL(DIST),518523,obaiahgaddam1[at]gmail[dot]com,https://kys.udiseplus.gov.in/#/schooldetail/4700308/12,4700308,22/12/2025 16:13,2367
******01801 Operational,,MPPS(SPL) K KANDUKUR,,,,Andhra Pradesh,1-Primary,33-MPP_ZPP SCHOOLS,1 To 5,3-Co-educational,1-Rural,Allagadda,Kotha Kandukur,,,KOTHA KANDUKUR KOTA KANDUKUR KOTHA KANDUKUR(VILLAGE) ALLAGADDA(MANDAL) KURNOOL(DIST),518543,emmymanoharir[at]gmail[dot]com,https://kys.udiseplus.gov.in/#/schooldetail/4700962/12,4700962,15/10/2020 12:18,2367
******01412 Operational,,MPPS(SPL) KOILAKUNTLA,,,,Andhra Pradesh,1-Primary,33-MPP_ZPP SCHOOLS,1 To 5,3-Co-educational,1-Rural,Koilakuntla,Koilkuntla,,,L M COMPOUND KOILAKUNTLA KOILKUNTLA(VILLAGE) KOILAKUNTLA(MANDAL) KURNOOL(DIST),518134,roopanagudi[at]gmail[dot]com,https://kys.udiseplus.gov.in/#/schooldetail/4701177/12,4701177,24/12/2025 12:15,2367
******01502 Operational,,MPPS(SPL) KONDUPALLI,,,,Andhra Pradesh,1-Primary,33-MPP_ZPP SCHOOLS,1 To 5,3-Co-educational,1-Rural,Uyyalawada,Kondupalle,,,SC COLONY KONDUPALLE KONDUPALLE(VILLAGE) UYYALAWADA(MANDAL) KURNOOL(DIST),518543,mppssplkondupalli[at]gmail[dot]com,https://kys.udiseplus.gov.in/#/schooldetail/4699961/12,4699961,15/10/2020 12:18,2367
******00801 Operational,,MPPS(SPL) MADDURU,,,,Andhra Pradesh,1-Primary,33-MPP_ZPP SCHOOLS,1 To 5,3-Co-educational,1-Rural,Chagalamarri,Madduru,,,SC COLONY MADDURU MADDURU(VILLAGE) CHAGALAMARRI(MANDAL) KURNOOL(DIST),518553,madduruspl[at]gmail[dot]com,https://kys.udiseplus.gov.in/#/schooldetail/4700989/12,4700989,15/10/2020 12:18,2367
******01702 Operational,,MPPS(SPL) MANDALOOR,,,,Andhra Pradesh,1-Primary,33-MPP_ZPP SCHOOLS,1 To 5,3-Co-educational,1-Rural,Rudravaram,Mandaloor,,,SC COLONY MANDALAOOR MANDALOOR(VILLAGE) RUDRAVARAM(MANDAL) KURNOOL(DIST),518543,mpps.spl.mandaloor[at]gmail[dot]com,https://kys.udiseplus.gov.in/#/schooldetail/4700841/12,4700841,24/12/2025 11:21,2367
******00405 Operational,,MPPS(SPL) MIDTHUR,,,,Andhra Pradesh,1-Primary,33-MPP_ZPP SCHOOLS,1 To 5,3-Co-educational,1-Rural,Midthur,Midthur,,,SC COLONY MIDTHUR MIDTHUR(VILLAGE) MIDTHUR(MANDAL) KURNOOL(DIST),518405,mppssplmidthur2[at]gmail[dot]com,https://kys.udiseplus.gov.in/#/schooldetail/4698764/12,4698764,19/12/2025 19:23,2367
******00502 Operational,,MPPS(SPL) MUSALIMADUGU,,,,Andhra Pradesh,1-Primary,33-MPP_ZPP SCHOOLS,1 To 5,3-Co-educational,1-Rural,Kothapalle,Musalimadugu,,,MUSALIMADUGU MUSALIMADUGU MUSALIMADUGU(VILLAGE) KOTAPALLI(MANDAL) KURNOOL(DIST),518422,mppssplmusalimadugu502[at]gmail[dot]com,https://kys.udiseplus.gov.in/#/schooldetail/4698473/12,4698473,07/05/2022 20:23,2367
******01603 Operational,,MPPS(SPL) MUTHALOOR,,,,Andhra Pradesh,1-Primary,33-MPP_ZPP SCHOOLS,1 To 5,3-Co-educational,1-Rural,Rudravaram,Muthaloor,,,SC COLONY MUTHALOOR MUTHALOOR(VILLAGE) RUDRAVARAM(MANDAL) KURNOOL(DIST),518543,muniadavala1969[at]gmail[dot]com,https://kys.udiseplus.gov.in/#/schooldetail/4700836/12,4700836,24/12/2025 10:49,2367
******00201 Operational,,MPPS(SPL) NALLAGATLA,,,,Andhra Pradesh,1-Primary,33-MPP_ZPP SCHOOLS,1 To 5,3-Co-educational,1-Rural,Allagadda,Nallagatla,,,NALLAGATLA NALLAGATLA NALLAGATLA(VILLAGE) ALLAGADDA(MANDAL) KURNOOL(DIST),518543,venki21061986[at]gmail[dot]com,https://kys.udiseplus.gov.in/#/schooldetail/4700862/12,4700862,15/10/2020 12:18,2367
******00601 Operational,,MPPS(SPL) NANDIPADU,,,,Andhra Pradesh,1-Primary,33-MPP_ZPP SCHOOLS,1 To 5,3-Co-educational,1-Rural,Kolimigundla,Nandipadu,,,NANDIPADU NANDIPADU NANDIPADU(VILLAGE) KOLIMIGUNDLA(MANDAL) KURNOOL(DIST),518123,subhanirayapati[at]gmail[dot]com,https://kys.udiseplus.gov.in/#/schooldetail/4701413/12,4701413,15/10/2020 12:18,2367
******01803 Operational,,MPPS(SPL) NARASAPURAM,,,,Andhra Pradesh,1-Primary,33-MPP_ZPP SCHOOLS,1 To 5,3-Co-educational,1-Rural,Rudravaram,Narasapuram,,,NARASAPURAM NARASAPURAM NARASAPURAM(VILLAGE) RUDRAVARAM(MANDAL) KURNOOL(DIST),518594,mppssplnarasapuram[at]gmail[dot]com,https://kys.udiseplus.gov.in/#/schooldetail/4700846/12,4700846,24/12/2025 11:22,2367
******00902 Operational,,MPPS (SPL) PAGIDYALA,,,,Andhra Pradesh,1-Primary,33-MPP_ZPP SCHOOLS,1 To 5,3-Co-educational,1-Rural,Pagidyala,Pagidyala,,,PAGIDIYALA PAGIDALA PAGIDIYALA(VILLAGE) PAGIDALA(MANDAL) KURNOOL(DIST),518412,,https://kys.udiseplus.gov.in/#/schooldetail/4698453/12,4698453,15/10/2020 12:18,2367
******00902 Operational,,"MPPS(SPL) PALEM, NDK",,,,Andhra Pradesh,1-Primary,33-MPP_ZPP SCHOOLS,1 To 5,3-Co-educational,2-Urban,NA,,Nandikotkur Ward No. 3,Nandikotkur-Town Panchayat,NANDI KOTKUR PALEM NANDI KOTKUR(VILLAGE) NANDIKOTKUR(MANDAL) KURNOOL(DIST),518401,tpushpalatha00[at]gmail[dot]com,https://kys.udiseplus.gov.in/#/schooldetail/4698358/12,4698358,12/03/2024 11:02,2367
******01004 Operational,,MPPS(SPL) PARUMANCHALA,,,,Andhra Pradesh,1-Primary,33-MPP_ZPP SCHOOLS,1 To 5,3-Co-educational,1-Rural,Jupadu Bungalow,Parumanchala,,,S C COLONY PARUMANCHALA PARUMANCHALA(VILLAGE) J-BANGLAW(MANDAL) KURNOOL(DIST),518401,mppssplparumanchala[at]gmail[dot]com,https://kys.udiseplus.gov.in/#/schooldetail/4698734/12,4698734,09/05/2022 17:20,2367
******00401 Operational,,MPPS(SPL) PD .PURAM,,,,Andhra Pradesh,1-Primary,33-MPP_ZPP SCHOOLS,1 To 5,3-Co-educational,1-Rural,Bandi Atmakur,Pedda Devalapuram,,,ST COLONY PEDDA DEVALAPURAM PEDDA DEVALAPURAM(VILLAGE) BANDIATMAKUR(MANDAL) KURNOOL(DIST),518533,aakumallakeerthi2015[at]gmail[dot]com,https://kys.udiseplus.gov.in/#/schooldetail/4700329/12,4700329,15/10/2020 12:18,2367
******00603 Operational,,MPPS(SPL) PEDDA KAMBALOOR,,,,Andhra Pradesh,1-Primary,33-MPP_ZPP SCHOOLS,1 To 5,3-Co-educational,1-Rural,Rudravaram,Pedda Kambaloor,,,SC COLONY PEDDA KAMBALOOR PEDDA KAMBALOOR(VILLAGE) RUDRAVARAM(MANDAL) KURNOOL(DIST),518594,mpps.spl.peddakambaloor[at]gmail[dot]com,https://kys.udiseplus.gov.in/#/schooldetail/4700809/12,4700809,24/12/2025 10:45,2367
******01901 Operational,,MPPS(SPL) P.KANDUKUR,,,,Andhra Pradesh,1-Primary,33-MPP_ZPP SCHOOLS,1 To 5,3-Co-educational,1-Rural,Allagadda,Patha Kandukur,,,PATHA KANDUKUR PATHA KANDUKUR PATHA KANDUKUR(VILLAGE) ALLAGADDA(MANDAL) KURNOOL(DIST),518543,ayyalashanth2512[at]gmail[dot]com,https://kys.udiseplus.gov.in/#/schooldetail/4700967/12,4700967,15/10/2020 12:18,2367
******01701 Operational,,MPPS(SPL) PPEDDAEMMANUR,,,,Andhra Pradesh,1-Primary,33-MPP_ZPP SCHOOLS,1 To 5,3-Co-educational,1-Rural,Uyyalawada,Pedda Emmanur,,,SC COLONY PEDDA EMMANUR PEDDA EMMANUR(VILLAGE) UYYALAWADA(MANDAL) KURNOOL(DIST),518155,peddaemmanurmppsspl[at]gmail[dot]com,https://kys.udiseplus.gov.in/#/schooldetail/4701076/12,4701076,15/10/2020 12:18,2367
******01002 Operational,,M PPS(SPL) PRATHAKOTA,,,,Andhra Pradesh,1-Primary,33-MPP_ZPP SCHOOLS,1 To 5,3-Co-educational,1-Rural,Pagidyala,Pathakota(West),,,PRATHAKOTA (WEST) LAXMAPURAM LAXMAPURAM(VILLAGE) PAGIDALA(MANDAL) KURNOOL(DIST),518412,hmmppssplprathakotawest[at]gmail[dot]com,https://kys.udiseplus.gov.in/#/schooldetail/4698462/12,4698462,11/03/2024 21:56,2367
******01801 Operational,,MPPS(SPL) P.VANGALI,,,,Andhra Pradesh,1-Primary,33-MPP_ZPP SCHOOLS,1 To 5,3-Co-educational,1-Rural,Chagalamarri,Pedda Vangali,,,PEDDA VANGALI CHAGALAMARRI PEDDA VANGALI(VILLAGE) CHAGALAMARRI(MANDAL) KURNOOL(DIST),518553,harikrishnae36[at]gmail[dot]com,https://kys.udiseplus.gov.in/#/schooldetail/4701035/12,4701035,08/05/2022 19:56,2367
******00102 Operational,,MPPS(SPL) REGADIGUDUR,,,,Andhra Pradesh,1-Primary,33-MPP_ZPP SCHOOLS,1 To 5,3-Co-educational,1-Rural,Velugodu,Regadigudur,,,SC COLONY REGADIGUDUR REGADIGUDUR(VILLAGE) VELUGODU(MANDAL) KURNOOL(DIST),518533,mppssplregadaguduru103[at]gmail[dot]com,https://kys.udiseplus.gov.in/#/schooldetail/4698628/12,4698628,15/10/2020 12:18,2367
******00502 Operational,,MPPS(SPL) REVANUR,,,,Andhra Pradesh,1-Primary,33-MPP_ZPP SCHOOLS,1 To 5,3-Co-educational,1-Rural,Koilakuntla,Revanur,,,REVANUR(VILLAGE) KOILAKUNTLA(MANDAL) KURNOOL(DIST),518134,,https://kys.udiseplus.gov.in/#/schooldetail/4701156/12,4701156,23/12/2025 16:24,2367
******01401 Operational,,MPPS(SPL) RUDRAVARAM,,,,Andhra Pradesh,1-Primary,33-MPP_ZPP SCHOOLS,1 To 5,3-Co-educational,1-Rural,Rudravaram,Rudravaram,,,SC COLONY RUDRAVARAM RUDRAVARAM(VILLAGE) RUDRAVARAM(MANDAL) KURNOOL(DIST),518594,mpps.spl.rudravaram[at]gmail[dot]com,https://kys.udiseplus.gov.in/#/schooldetail/4700821/12,4700821,24/12/2025 11:19,2367
******01002 Operational,,MPPS(SPL) SANJAMALA,,,,Andhra Pradesh,1-Primary,33-MPP_ZPP SCHOOLS,1 To 5,3-Co-educational,1-Rural,Sanjamala,Sanjamala,,,SANJAMALA S C COLONY SANJAMALA(VILLAGE) SANJAMALA(MANDAL) KURNOOL(DIST),518165,sarojasarubonguru[at]gmail[dot]com,https://kys.udiseplus.gov.in/#/schooldetail/4701368/12,4701368,23/12/2025 14:55,2367
******01602 Operational,,MPPS(SPL) SARVAIPALLE,,,,Andhra Pradesh,1-Primary,33-MPP_ZPP SCHOOLS,1 To 5,3-Co-educational,1-Rural,Uyyalawada,Sarvaipalle,,,SC COLONY SARVAIPALLE SARVAIPALLE(VILLAGE) UYYALAWADA(MANDAL) KURNOOL(DIST),518543,nadellasubbarao888[at]gmail[dot]com,https://kys.udiseplus.gov.in/#/schooldetail/4701075/12,4701075,15/10/2020 12:18,2367
******00102 Operational,,MPPS(SPL) SHATANAKOTA,,,,Andhra Pradesh,1-Primary,33-MPP_ZPP SCHOOLS,1 To 5,3-Co-educational,1-Rural,Nandikotkur,Santhanikota,,,JANGUMPADU JANGUMPADU SANTHANIKOTA(VILLAGE) NANDIKOTKUR(MANDAL) KURNOOL(DIST),518401,medicherlameenakshi[at]gmail[dot]com,https://kys.udiseplus.gov.in/#/schooldetail/4698332/12,4698332,15/10/2020 12:18,2367
******00604 Operational,,MPPS(SPL) SINGARAUPALLI,,,,Andhra Pradesh,1-Primary,33-MPP_ZPP SCHOOLS,1 To 5,3-Co-educational,1-Rural,Kothapalle,P Gummadapuram,,,SINGARAJUPALLI P. GUMMADAPURAM GUMMADAPURAM(VILLAGE) KOTAPALLI(MANDAL) KURNOOL(DIST),518422,,https://kys.udiseplus.gov.in/#/schooldetail/4698478/12,4698478,07/05/2022 20:28,2367
******00801 Operational,,MPPS(SPL) S.LINGAMDINNE,,,,Andhra Pradesh,1-Primary,33-MPP_ZPP SCHOOLS,1 To 5,3-Co-educational,1-Rural,Allagadda,S.Lingamdinne,,,S.LINGAMDINNE S.LINGAMDINNE S.LINGAMDINNE(VILLAGE) ALLAGADDA(MANDAL) KURNOOL(DIST),518543,drk0930541[at]gmail[dot]com,https://kys.udiseplus.gov.in/#/schooldetail/4700877/12,4700877,15/10/2020 12:18,2367
******01201 Operational,,MPPS(SPL) SOUDERDINNE,,,,Andhra Pradesh,1-Primary,33-MPP_ZPP SCHOOLS,1 To 5,3-Co-educational,1-Rural,Koilakuntla,Soulderdinne,,,SOUDERDINNE(VILLAGE) KOILAKUNTLA(MANDAL) KURNOOL(DIST),518134,mppssplsouderdinne[at]gmail[dot]com,https://kys.udiseplus.gov.in/#/schooldetail/4701165/12,4701165,23/12/2025 16:29,2367
******00113 Operational,,MPPS (SPL) S.R.PETA,,,,Andhra Pradesh,1-Primary,33-MPP_ZPP SCHOOLS,1 To 5,3-Co-educational,1-Rural,Atmakur,Atmakur,,,SREEPATHI RAO PETA ATMAKUR ATMAKUR(VILLAGE) ATMAKUR(MANDAL) KURNOOL(DIST),518422,meo.atmakur[at]gmail[dot]com,https://kys.udiseplus.gov.in/#/schooldetail/4698519/12,4698519,15/10/2020 12:18,2367
******01203 Operational,,MPPS(SPL) TALAMUDIPI,,,,Andhra Pradesh,1-Primary,33-MPP_ZPP SCHOOLS,1 To 5,3-Co-educational,1-Rural,Midthur,Talamudipi,,,SC COLONY TALAMUDIPI TALAMUDIPI(VILLAGE) MIDTHUR(MANDAL) KURNOOL(DIST),518508,mppsspltalamudipi[at]gmail[dot]com,https://kys.udiseplus.gov.in/#/schooldetail/4698784/12,4698784,19/12/2025 19:31,2367
******01102 Operational,,MPPS(SPL) THUDICHERLA,,,,Andhra Pradesh,1-Primary,33-MPP_ZPP SCHOOLS,1 To 5,3-Co-educational,1-Rural,Jupadu Bungalow,Thudicherla,,,B C COLONY THUDICHERLA THUDICHERLA(VILLAGE) J-BANGLAW(MANDAL) KURNOOL(DIST),518508,mppssplthudicherla[at]gmail[dot]com,https://kys.udiseplus.gov.in/#/schooldetail/4698738/12,4698738,12/03/2024 11:27,2367
******00802 Operational,,MPPS(SPL) UYYALAWADA,,,,Andhra Pradesh,1-Primary,33-MPP_ZPP SCHOOLS,1 To 5,3-Co-educational,1-Rural,Uyyalawada,Uyyalawada,,,SC COLONY UYYALAWADA UYYALAWADA(VILLAGE) UYYALAWADA(MANDAL) KURNOOL(DIST),518155,kamalaneravati[at]gmail[dot]com,https://kys.udiseplus.gov.in/#/schooldetail/4701047/12,4701047,15/10/2020 12:18,2367
******00801 Operational,,MPPS(SPL) VADDEMAN,,,,Andhra Pradesh,1-Primary,33-MPP_ZPP SCHOOLS,1 To 5,3-Co-educational,1-Rural,Nandikotkur,Vaddamanu,,,VADDAMANU S.C.COLONY VADDAMANU(VILLAGE) NANDIKOTKUR(MANDAL) KURNOOL(DIST),518432,joelswaroop070858[at]gmail[dot]com,https://kys.udiseplus.gov.in/#/schooldetail/4698351/12,4698351,15/10/2020 12:18,2367
******00513 Operational,,MPPS(SPL) VELGODE,,,,Andhra Pradesh,1-Primary,33-MPP_ZPP SCHOOLS,1 To 5,3-Co-educational,1-Rural,Velugodu,Velgode,,,GANDHI NAGAR VELGODE VELGODE(VILLAGE) VELUGODU(MANDAL) KURNOOL(DIST),518533,velgodemppsspl[at]gmail[dot]com,https://kys.udiseplus.gov.in/#/schooldetail/4698651/12,4698651,16/12/2023 12:43,2367
******00202 Operational,,MPPS(SPL) VELPANUR,,,,Andhra Pradesh,1-Primary,33-MPP_ZPP SCHOOLS,1 To 5,3-Co-educational,1-Rural,Velugodu,Velpanur,,,SC COLONY VELPANUR VELPANUR(VILLAGE) VELUGODU(MANDAL) KURNOOL(DIST),518533,haneefaa107[at]gmail[dot]com,https://kys.udiseplus.gov.in/#/schooldetail/4698633/12,4698633,15/10/2020 12:18,2367
******00505 Operational,,MPPS (SPL) VENKATAPURAM,,,,Andhra Pradesh,1-Primary,33-MPP_ZPP SCHOOLS,1 To 5,3-Co-educational,1-Rural,Atmakur,Pinnapuram,,,VENKATAPURAM PINNAPURAM PINNAPURAM(VILLAGE) ATMAKUR(MANDAL) KURNOOL(DIST),518422,mppssplvenkatapuram[at]gmail[dot]com,https://kys.udiseplus.gov.in/#/schooldetail/4698579/12,4698579,15/10/2020 12:18,2367
******00203 Operational,,MPPS(SPL) W.KOTHAPALLI,,,,Andhra Pradesh,1-Primary,33-MPP_ZPP SCHOOLS,1 To 5,3-Co-educational,1-Rural,Dornipadu,W.Govindinne,,,S C COLONY W.KOTHAPALLI (VILLAGE) DORNIPADU(MANDAL) KURNOOL(DIST),518135,mppssplwkp[at]gmail[dot]com,https://kys.udiseplus.gov.in/#/schooldetail/4701086/12,4701086,08/05/2022 12:43,2367
******01404 Operational,,MPPS(SPL) YALLUR,,,,Andhra Pradesh,1-Primary,33-MPP_ZPP SCHOOLS,1 To 5,3-Co-educational,1-Rural,Gospadu,Yalluru,,,YALLURU YALLURU YALLURU(VILLAGE) GOSPADU(MANDAL) KURNOOL(DIST),518573,meo.gospadu2[at]gmail[dot]com,https://kys.udiseplus.gov.in/#/schooldetail/4701143/12,4701143,19/12/2025 11:04,2367
******00402 Operational,,MPPS(SPL) YELLAVATHULLA,,,,Andhra Pradesh,1-Primary,33-MPP_ZPP SCHOOLS,1 To 5,3-Co-educational,1-Rural,Rudravaram,Yellavathula,,,SC COLONY YELLAVATHULA YELLAVATHULA(VILLAGE) RUDRAVARAM(MANDAL) KURNOOL(DIST),518583,mppssplyellavathula[at]gmail[dot]com,https://kys.udiseplus.gov.in/#/schooldetail/4700800/12,4700800,24/12/2025 11:17,2367
******00201 Operational,,MPPS S.RANGAPURAM,,,,Andhra Pradesh,1-Primary,33-MPP_ZPP SCHOOLS,1 To 5,3-Co-educational,1-Rural,Peapully,Shrotrium Rangapuram,,,S.RANGAPURAM S.RANGAPURAM S.RANGAPURAM(VILLAGE) PEAPULLY(MANDAL) KURNOOL(DIST),518221,srps2019peapully[at]gmail[dot]com,https://kys.udiseplus.gov.in/#/schooldetail/4701531/12,4701531,15/10/2020 12:18,2367
******00303 Operational,,MPPS SREERANGAPURAM,,,,Andhra Pradesh,1-Primary,33-MPP_ZPP SCHOOLS,1 To 5,3-Co-educational,1-Rural,Rudravaram,Sreerangapuram,,,SREERANGAPURAM SREERANGAPURAM SREERANGAPURAM(VILLAGE) RUDRAVARAM(MANDAL) KURNOOL(DIST),518583,srirangapurammpps63[at]gmail[dot]com,https://kys.udiseplus.gov.in/#/schooldetail/4700798/12,4700798,24/12/2025 11:15,2367
******00202 Operational,,MPPS SRINAGARAM,,,,Andhra Pradesh,1-Primary,33-MPP_ZPP SCHOOLS,1 To 5,3-Co-educational,1-Rural,Mahanandi,Bukkapuram,,,SRINAGARAM BUKKAPURAM BUKKAPURAM(VILLAGE) MAHANANDI(MANDAL) KURNOOL(DIST),518501,sreenagaram28213500202[at]gmail[dot]com,https://kys.udiseplus.gov.in/#/schooldetail/4700688/12,4700688,12/03/2024 11:31,2367
******01408 Operational,,MPPS SRINIVASAPURAM,,,,Andhra Pradesh,1-Primary,33-MPP_ZPP SCHOOLS,1 To 5,3-Co-educational,1-Rural,Gospadu,Yalluru,,,SRINIVASAPURAM VILLAGE GOSPADU MANDAL,518593,hasenathkeyaan[at]gmail[dot]com,https://kys.udiseplus.gov.in/#/schooldetail/4701147/12,4701147,19/12/2025 11:04,2367
******00101 Operational,,MPPS SRIRAMNAGAR,,,,Andhra Pradesh,1-Primary,33-MPP_ZPP SCHOOLS,1 To 5,3-Co-educational,1-Rural,Gospadu,Pasurapadu,,,SRIRAMNAGAR PASURAPADU PASURAPADU(VILLAGE) GOSPADU(MANDAL) KURNOOL(DIST),518674,karushailajaprashanth[at]gmail[dot]com,https://kys.udiseplus.gov.in/#/schooldetail/4701108/12,4701108,19/12/2025 11:01,2367
******00608 Operational,,"MPPS S.R NAGAR,DHONE",,,,Andhra Pradesh,1-Primary,33-MPP_ZPP SCHOOLS,1 To 5,3-Co-educational,2-Urban,NA,,Dhone Ward No. 1,Dhone(M)-Municipality,SRINIVASA NAGAR DHONE DHONE(VILLAGE) DHONE(MANDAL) KURNOOL(DIST),518222,ramavathramunaik1978[at]gmail[dot]com,https://kys.udiseplus.gov.in/#/schooldetail/4701644/12,4701644,20/09/2024 16:39,2367
******00120 Operational,,MPPS S.R.PETA,,,,Andhra Pradesh,1-Primary,33-MPP_ZPP SCHOOLS,1 To 5,3-Co-educational,1-Rural,Atmakur,Atmakur,,,SREEPATHI RAO PETA ATMAKUR ATMAKUR(VILLAGE) ATMAKUR(MANDAL) KURNOOL(DIST),518422,meo.atmakur[at]gmail[dot]com,https://kys.udiseplus.gov.in/#/schooldetail/4698525/12,4698525,17/07/2025 17:18,2367
******00919 Operational,,MPPS(SRPETA) NANDIKOTKUR,,,,Andhra Pradesh,1-Primary,33-MPP_ZPP SCHOOLS,1 To 5,3-Co-educational,2-Urban,NA,,Nandikotkur Ward No. 9,Nandikotkur-Town Panchayat,"SUBBARAOPETA NANDIKOTKUR (VILLAGE) , NANDIKOTKUR (MANDAL), NANDYALA (DIST)",518401,saradesiraj82[at]gmail[dot]com,https://kys.udiseplus.gov.in/#/schooldetail/4698372/12,4698372,16/09/2024 12:21,2367
******01505 Operational,,MPPS(ST COL) CHAGALAMARRI,,,,Andhra Pradesh,1-Primary,33-MPP_ZPP SCHOOLS,1 To 5,3-Co-educational,1-Rural,Chagalamarri,Chagalamarri,,,S T COLONY CHAGALAMARRI CHAGALAMARRI(VILLAGE) CHAGALAMARRI(MANDAL) KURNOOL(DIST),518553,mppsstcolony[at]gmail[dot]com,https://kys.udiseplus.gov.in/#/schooldetail/4701004/12,4701004,12/03/2024 11:16,2367
******00301 Operational,,MPPS(ST COLONY) MAHANADI,,,,Andhra Pradesh,1-Primary,33-MPP_ZPP SCHOOLS,1 To 5,3-Co-educational,1-Rural,Mahanandi,Thimmapuram,,,MAHANANDI S T COLONY THIMMAPURAM(VILLAGE) MAHANANDI(MANDAL) KURNOOL(DIST),518502,nmadhavindl[at]gmail[dot]com,https://kys.udiseplus.gov.in/#/schooldetail/4700691/12,4700691,14/05/2022 11:39,2367
******00605 Operational,,MPPS(ST COL) SIRVEL,,,,Andhra Pradesh,1-Primary,33-MPP_ZPP SCHOOLS,1 To 5,3-Co-educational,1-Rural,Sirivel,Sirvel,,,S T COLONY SIRVEL SIRVEL(VILLAGE) SIRVEL(MANDAL) KURNOOL(DIST),518563,evkumari1973[at]gmail[dot]com,https://kys.udiseplus.gov.in/#/schooldetail/4700757/12,4700757,19/09/2024 09:32,2367
******01802 Operational,,MPPS(ST) RAMAKRISHNAPURAM,,,,Andhra Pradesh,1-Primary,33-MPP_ZPP SCHOOLS,1 To 5,3-Co-educational,1-Rural,Kolimigundla,Boyala Uppalur,,,RAMAKRISHNAPURAM BOYALA UPPALUR BOYALA UPPALUR(VILLAGE) KOLIMIGUNDLA(MANDAL) KURNOOL(DIST),518166,burgalapoleswariram[at]gmail[dot]com,https://kys.udiseplus.gov.in/#/schooldetail/4701460/12,4701460,15/10/2020 12:18,2367
******01403 Operational,,MPPS (ST) UMMAIPALLI,,,,Andhra Pradesh,1-Primary,33-MPP_ZPP SCHOOLS,1 To 5,3-Co-educational,1-Rural,Kolimigundla,Thollamadugu,,,UMMAIPALLI THOLLAMADUGU THOLLAMADUGU(VILLAGE) KOLIMIGUNDLA(MANDAL) KURNOOL(DIST),518123,kanakavetisatish1411[at]gmail[dot]com,https://kys.udiseplus.gov.in/#/schooldetail/4701454/12,4701454,24/06/2021 21:53,2367
******01003 Sanctioned but not Operational,,MPPS SUBBAREDDIPALEM,,,,Andhra Pradesh,1-Primary,33-MPP_ZPP SCHOOLS,1 To 5,3-Co-educational,1-Rural,Nandyal,Chapirevula,,,SUBBAREDDIPALEM CHAPIREVULA CHAPIREVULA(VILLAGE) NANDYAL(MANDAL) KURNOOL(DIST),518502,nani24082005[at]gmail[dot]com,https://kys.udiseplus.gov.in/#/schooldetail/4700442/12,4700442,09/05/2022 16:36,2367
******00501 Operational,,MPPS SUDDAMALLA,,,,Andhra Pradesh,1-Primary,33-MPP_ZPP SCHOOLS,1 To 5,3-Co-educational,1-Rural,Uyyalawada,Suddamalla,,,SUDDAMALLA SUDDAMALLA SUDDAMALLA(VILLAGE) UYYALAWADA(MANDAL) KURNOOL(DIST),518155,vjaya96[at]gmail[dot]com,https://kys.udiseplus.gov.in/#/schooldetail/4701044/12,4701044,15/10/2020 12:18,2367
******02003 Operational,,MPPS SUGALIMETTA,,,,Andhra Pradesh,1-Primary,33-MPP_ZPP SCHOOLS,1 To 5,3-Co-educational,1-Rural,Nandyal,Kothapalli,,,SUGALIMETTA (A.B.TANDA) N.KOTHAPALLI KOTHAPALLI(VILLAGE) NANDYAL(MANDAL) KURNOOL(DIST),518502,mpps.sugalimetta123[at]gmail[dot]com,https://kys.udiseplus.gov.in/#/schooldetail/4700488/12,4700488,15/10/2020 12:18,2367
******00202 Permanently Closed,,MPPS SUGALI THANDA,,,,Andhra Pradesh,1-Primary,33-MPP_ZPP SCHOOLS,1 To 5,3-Co-educational,1-Rural,Panyam,Gorukallu,,,NA,518511,,https://kys.udiseplus.gov.in/#/schooldetail/4717435/12,4717435,15/10/2020 12:18,2367
******00903 Permanently Closed,,MPPS SUNKALAMMA KOTTALA,,,,Andhra Pradesh,1-Primary,33-MPP_ZPP SCHOOLS,1 To 5,3-Co-educational,1-Rural,Pamulapadu,Vempenta,,,NA,518533,,https://kys.udiseplus.gov.in/#/schooldetail/4717375/12,4717375,15/10/2020 12:18,2367
******00901 Operational,,MPPS SUNKESULA,,,,Andhra Pradesh,1-Primary,33-MPP_ZPP SCHOOLS,1 To 5,3-Co-educational,1-Rural,Midthur,Sunkesula,,,SUNKESULA SUNKESULA(VILLAGE) MIDTHUR(MANDAL) KURNOOL(DIST),518405,mppssunkesula901[at]gmail[dot]com,https://kys.udiseplus.gov.in/#/schooldetail/4698779/12,4698779,19/12/2025 19:28,2367
******01901 Operational,,MPPS SUNKESULA,,,,Andhra Pradesh,1-Primary,33-MPP_ZPP SCHOOLS,1 To 5,3-Co-educational,1-Rural,Owk,Sunkesula,,,SUNKESULA SUNKESULA SUNKESULA(VILLAGE) OWK(MANDAL) KURNOOL(DIST),518196,balakrishna8346[at]gmail[dot]com,https://kys.udiseplus.gov.in/#/schooldetail/4701526/12,4701526,11/03/2024 22:07,2367
******00701 Operational,,MPPS S VALSALA,,,,Andhra Pradesh,1-Primary,33-MPP_ZPP SCHOOLS,1 To 5,3-Co-educational,1-Rural,Dhone Alias Dronachalam,Shotrium Valasala,,,CH.MALKAPURAM SHOTRIUM VALASA SHOTRIUM VALASA(VILLAGE) DHONE(MANDAL) KURNOOL(DIST),518222,krsr1972[at]gmail[dot]com,https://kys.udiseplus.gov.in/#/schooldetail/4701702/12,4701702,21/09/2024 15:51,2367
******01103 Operational,,MPPS TADUR,,,,Andhra Pradesh,1-Primary,33-MPP_ZPP SCHOOLS,1 To 5,3-Co-educational,1-Rural,Dhone Alias Dronachalam,Eddupenta,,,TADUR EDDUPENTA EDDUPENTA(VILLAGE) DHONE(MANDAL) KURNOOL(DIST),518468,,https://kys.udiseplus.gov.in/#/schooldetail/4700567/12,4700567,21/09/2024 11:28,2367
******02701 Operational,,MPPS TANGUTOOR,,,,Andhra Pradesh,1-Primary,33-MPP_ZPP SCHOOLS,1 To 5,3-Co-educational,1-Rural,Banaganapalle,Tangutoor,,,TANGUTOOR TANGUTOOR TANGUTOOR(VILLAGE) BANAGANAPALLI(MANDAL) KURNOOL(DIST),518124,jagadishbabu.sangu[at]gmail[dot]com,https://kys.udiseplus.gov.in/#/schooldetail/4701286/12,4701286,11/05/2022 11:46,2367
******00803 Operational,,MPPS TARIGOPULA,,,,Andhra Pradesh,1-Primary,33-MPP_ZPP SCHOOLS,1 To 5,3-Co-educational,1-Rural,Jupadu Bungalow,Tarigopula,,,TARIGOPULA TARIGOPULA TARIGOPULA(VILLAGE) J-BANGLAW(MANDAL) KURNOOL(DIST),518401,mppstarigopula[at]gmail[dot]com,https://kys.udiseplus.gov.in/#/schooldetail/4698728/12,4698728,09/05/2022 17:19,2367
******00203 Operational,,MPPS TARTUR,,,,Andhra Pradesh,1-Primary,33-MPP_ZPP SCHOOLS,1 To 5,3-Co-educational,1-Rural,Jupadu Bungalow,Tartur,,,TARTUR TARTUR TARTUR(VILLAGE) J-BANGLAW(MANDAL) KURNOOL(DIST),518401,mpupstartur[at]gmail[dot]com,https://kys.udiseplus.gov.in/#/schooldetail/4698715/12,4698715,09/05/2022 17:15,2367
******00905 Operational,,MPPS TB RAOD ALLAGADDA,,,,Andhra Pradesh,1-Primary,33-MPP_ZPP SCHOOLS,1 To 5,3-Co-educational,2-Urban,NA,,Allagadda Ward no. 5,Allagadda-Town Panchayat,T B ROAD ALLAGADDA ALLAGADDA(VILLAGE) ALLAGADDA(MANDAL) KURNOOL(DIST),518543,pasulapullaiah744[at]gmail[dot]com,https://kys.udiseplus.gov.in/#/schooldetail/4700882/12,4700882,15/10/2020 12:18,2367
******01001 Operational,,MPPS TELLAPURI,,,,Andhra Pradesh,1-Primary,33-MPP_ZPP SCHOOLS,1 To 5,3-Co-educational,1-Rural,Gospadu,Tellapuri,,,TELLAPURI TELLAPURI TELLAPURI(VILLAGE) GOSPADU(MANDAL) Nandyal(DIST),518124,shaiksajidaparveen07[at]gmail[dot]com,https://kys.udiseplus.gov.in/#/schooldetail/4701137/12,4701137,19/12/2025 11:07,2367
******00502 Operational,,MPPS (TELUG AMALAPURAM,,,,Andhra Pradesh,1-Primary,33-MPP_ZPP SCHOOLS,1 To 5,3-Co-educational,1-Rural,Atmakur,Pinnapuram,,,AMALAPURAM PINNAPURAM PINNAPURAM(VILLAGE) ATMAKUR(MANDAL) KURNOOL(DIST),518422,bhemunipalleshashikala[at]gmail[dot]com,https://kys.udiseplus.gov.in/#/schooldetail/4698576/12,4698576,15/10/2020 12:18,2367
******03104 Operational,,MPPS(TELUGU PETA) B.PALLI,,,,Andhra Pradesh,1-Primary,33-MPP_ZPP SCHOOLS,1 To 5,3-Co-educational,1-Rural,Banaganapalle,Banumukkala (Ct),,,19TH WARD B.PALLI BANAGANAPALLE(VILLAGE) BANAGANAPALLI(MANDAL) KURNOOL(DIST),518124,prathapnandigalla[at]gmail[dot]com,https://kys.udiseplus.gov.in/#/schooldetail/4701297/12,4701297,11/05/2022 11:57,2367
******03401 Operational,,MPPS THAMMADAPALLE,,,,Andhra Pradesh,1-Primary,33-MPP_ZPP SCHOOLS,1 To 5,3-Co-educational,1-Rural,Banaganapalle,Thammadapalle,,,THAMMADAPALLE THAMMADAPALLE THAMMADAPALLE(VILLAGE) BANAGANAPALLI(MANDAL) KURNOOL(DIST),518124,mpups28214403401[at]gmail[dot]com,https://kys.udiseplus.gov.in/#/schooldetail/4701347/12,4701347,30/08/2024 10:26,2367
******00701 Operational,,MPPS THAMMARAJUPALLE,,,,Andhra Pradesh,1-Primary,33-MPP_ZPP SCHOOLS,1 To 5,3-Co-educational,1-Rural,Panyam,Thammarajupalle,,,THAMMARAJUPALLE THAMMARAJUPALLE THAMMARAJUPALLE(VILLAGE) PANYAM(MANDAL) KURNOOL(DIST),518112,bhrathisalila[at]gmail[dot]com,https://kys.udiseplus.gov.in/#/schooldetail/4700238/12,4700238,11/05/2022 10:37,2367
******00101 Operational,,MPPS THANA,,,,Andhra Pradesh,1-Primary,33-MPP_ZPP SCHOOLS,1 To 5,3-Co-educational,2-Urban,NA,,Atmakurknl Ward No. 8,Atmakur (Kurnool)-Municipality,THANA ATMAKUR(VILLAGE) ATMAKUR(MANDAL) KURNOOL(DIST),518422,bsrinivas9161[at]gmail[dot]com,https://kys.udiseplus.gov.in/#/schooldetail/4650092/12,4650092,15/10/2020 12:18,2367
******00402 Operational,,MPPS THATIMANU KOTHUR,,,,Andhra Pradesh,1-Primary,33-MPP_ZPP SCHOOLS,1 To 5,3-Co-educational,1-Rural,Dhone Alias Dronachalam,Jagadurthi,,,THATIMANU KOTHUR JAGADURTHI JAGADURTHI(VILLAGE) DHONE(MANDAL) KURNOOL(DIST),518222,mppstmkothuru1[at]gmail[dot]com,https://kys.udiseplus.gov.in/#/schooldetail/4701629/12,4701629,20/09/2024 16:37,2367
******00701 Operational,,MPPS THAVISIKONDA,,,,Andhra Pradesh,1-Primary,33-MPP_ZPP SCHOOLS,1 To 5,3-Co-educational,1-Rural,Bethamcherla,Gutupalle,,,"THAVISIKONDA VILLAGE,BETHAMCHERLA MANDAL.",518598,likhithareddy890[at]gmail[dot]com,https://kys.udiseplus.gov.in/#/schooldetail/4700151/12,4700151,27/12/2025 11:36,2367
******00802 Operational,,MPPS THIMMANAPALLI,,,,Andhra Pradesh,1-Primary,33-MPP_ZPP SCHOOLS,1 To 5,3-Co-educational,1-Rural,Velugodu,Mothukur,,,THIMMANAPALLI THIMMANAPALLI MOTHUKUR(VILLAGE) VELUGODU(MANDAL) KURNOOL(DIST),518533,mthimmanapalli[at]gmail[dot]com,https://kys.udiseplus.gov.in/#/schooldetail/4698670/12,4698670,15/10/2020 12:18,2367
******01802 Operational,,MPPS THIMMANAPALLI,,,,Andhra Pradesh,1-Primary,33-MPP_ZPP SCHOOLS,1 To 5,3-Co-educational,1-Rural,Rudravaram,Narasapuram,,,THIMMANAPALLI. THIMMANAPALLI. NARASAPURAM(VILLAGE) RUDRAVARAM(MANDAL) KURNOOL(DIST),518594,mppsthimmanapalli[at]gmail[dot]com,https://kys.udiseplus.gov.in/#/schooldetail/4700845/12,4700845,24/12/2025 11:22,2367
******00501 Operational,,MPPS THIMMAPURAM,,,,Andhra Pradesh,1-Primary,33-MPP_ZPP SCHOOLS,1 To 5,3-Co-educational,1-Rural,Dhone Alias Dronachalam,Kamaganikuntla,,,THIMMAPURAM KAMAGANIKUNTLA KAMAGANIKUNTLA(VILLAGE) DHONE(MANDAL) KURNOOL(DIST),518222,mareddylava[at]gmail[dot]com,https://kys.udiseplus.gov.in/#/schooldetail/4701631/12,4701631,20/09/2024 16:45,2367
******00701 Operational,,MPPS THIMMAPURAM,,,,Andhra Pradesh,1-Primary,33-MPP_ZPP SCHOOLS,1 To 5,3-Co-educational,1-Rural,Midthur,Thimmapuram,,,THIMMAPURAM THIMMAPURAM(VILLAGE) MIDTHUR(MANDAL) KURNOOL(DIST),518405,mppsthimmapuram2024[at]gmail[dot]com,https://kys.udiseplus.gov.in/#/schooldetail/4698774/12,4698774,19/12/2025 19:27,2367
******01101 Operational,,MPPS THIMMAPURAM,,,,Andhra Pradesh,1-Primary,33-MPP_ZPP SCHOOLS,1 To 5,3-Co-educational,1-Rural,Banaganapalle,Thimmapuram,,,THIMMAPURAM THIMMAPURAM THIMMAPURAM(VILLAGE) BANAGANAPALLI(MANDAL) KURNOOL(DIST),518176,pullaiahthummala9[at]gmail[dot]com,https://kys.udiseplus.gov.in/#/schooldetail/4701253/12,4701253,11/05/2022 12:16,2367
******01905 Operational,,MPPS THIPPA,,,,Andhra Pradesh,1-Primary,33-MPP_ZPP SCHOOLS,1 To 5,3-Co-educational,1-Rural,Rudravaram,Alamur,,,THIPPA ALAMUR ALAMUR(VILLAGE) RUDRAVARAM(MANDAL) KURNOOL(DIST),518543,msreddy7718[at]gmail[dot]com,https://kys.udiseplus.gov.in/#/schooldetail/4650213/12,4650213,24/12/2025 10:50,2367
******00302 Operational,,MPPS THIPPANAPALLI,,,,Andhra Pradesh,1-Primary,33-MPP_ZPP SCHOOLS,1 To 5,3-Co-educational,1-Rural,Chagalamarri,Chinna Bodhanam,,,THIPPANAPALLI THIPPANAPALLI CHINNA BODHANAM(VILLAGE) CHAGALAMARRI(MANDAL) KURNOOL(DIST),518553,mppsthippanapalli[at]gmail[dot]com,https://kys.udiseplus.gov.in/#/schooldetail/4700974/12,4700974,15/10/2020 12:18,2367
******01801 Operational,,MPPS THIPPAREDDY PALLI,,,,Andhra Pradesh,1-Primary,33-MPP_ZPP SCHOOLS,1 To 5,3-Co-educational,1-Rural,Rudravaram,Narasapuram,,,TIPPAREDDYPALLI TIPPAREDDYPALLI NARASAPURAM(VILLAGE) RUDRAVARAM(MANDAL) KURNOOL(DIST),518594,mppsthippareddypalli[at]gmail[dot]com,https://kys.udiseplus.gov.in/#/schooldetail/4700844/12,4700844,24/12/2025 11:21,2367
******01201 Operational,,MPPS THIRUPADU,,,,Andhra Pradesh,1-Primary,33-MPP_ZPP SCHOOLS,1 To 5,3-Co-educational,1-Rural,Gadivemula,Thirupadu,,,THIRUPADU THIRUPADU THIRUPADU(VILLAGE) GADIVEMULA(MANDAL) KURNOOL(DIST),518511,mppsthirupadu[at]gmail[dot]com,https://kys.udiseplus.gov.in/#/schooldetail/4700317/12,4700317,11/03/2024 19:03,2367
******00401 Operational,,MPPS THODENDLAPALLE,,,,Andhra Pradesh,1-Primary,33-MPP_ZPP SCHOOLS,1 To 5,3-Co-educational,1-Rural,Chagalamarri,Thodendlapalle,,,THODENDLAPALLE THODENDLAPALLE THODENDLAPALLE(VILLAGE) CHAGALAMARRI(MANDAL) KURNOOL(DIST),518553,renatijagadeeswari[at]gmail[dot]com,https://kys.udiseplus.gov.in/#/schooldetail/4700975/12,4700975,15/10/2020 12:18,2367
******01401 Operational,,MPPS THOLLAMADUGU,,,,Andhra Pradesh,1-Primary,33-MPP_ZPP SCHOOLS,1 To 5,3-Co-educational,1-Rural,Kolimigundla,Thollamadugu,,,THOLLAMADUGU THOLLAMADUGU THOLLAMADUGU(VILLAGE) KOLIMIGUNDLA(MANDAL) KURNOOL(DIST),518123,rajeswari526y[at]gmail[dot]com,https://kys.udiseplus.gov.in/#/schooldetail/4701453/12,4701453,24/06/2021 21:52,2367
******00118 Operational,,MPPS THOTAGERI,,,,Andhra Pradesh,1-Primary,33-MPP_ZPP SCHOOLS,1 To 5,3-Co-educational,2-Urban,NA,,Atmakurknl Ward No. 20,Atmakur (Kurnool)-Municipality,THOTAGERI ATMAKUR ATMAKUR(VILLAGE) ATMAKUR(MANDAL) KURNOOL(DIST),518422,meo.atmakur[at]gmail[dot]com,https://kys.udiseplus.gov.in/#/schooldetail/4698523/12,4698523,15/10/2020 12:18,2367
******01103 Operational,,MPPS THUDICHERLA,,,,Andhra Pradesh,1-Primary,33-MPP_ZPP SCHOOLS,1 To 5,3-Co-educational,1-Rural,Jupadu Bungalow,Thudicherla,,,THUDICHERLA THUDICHERLA THUDICHERLA(VILLAGE) J-BANGLAW(MANDAL) KURNOOL(DIST),518508,mppsthudicherla[at]gmail[dot]com,https://kys.udiseplus.gov.in/#/schooldetail/4698739/12,4698739,09/05/2022 17:21,2367
******01101 Operational,,MPPS THUDUMULADINNE,,,,Andhra Pradesh,1-Primary,33-MPP_ZPP SCHOOLS,1 To 5,3-Co-educational,1-Rural,Uyyalawada,Thudumuladinne,,,THUDUMULADINNE THUDUMULADINNE THUDUMULADINNE(VILLAGE) UYYALAWADA(MANDAL) KURNOOL(DIST),518155,mppsthudumaladinne123[at]gmail[dot]com,https://kys.udiseplus.gov.in/#/schooldetail/4701060/12,4701060,15/10/2020 12:18,2367
******01010 Operational,,MPPS THUMMALAPENTA,,,,Andhra Pradesh,1-Primary,33-MPP_ZPP SCHOOLS,1 To 5,3-Co-educational,1-Rural,Kolimigundla,Thummalapenta,,,THUMMALAPENTA KOLIMIGUNDLA THUMMALAPENTA(VILLAGE) KOLIMIGUNDLA(MANDAL) KURNOOL(DIST),518123,monsterravikumar1997[at]gmail[dot]com,https://kys.udiseplus.gov.in/#/schooldetail/4701433/12,4701433,23/08/2024 12:52,2367
******00103 Operational,,MPPS THUMMALUR,,,,Andhra Pradesh,1-Primary,33-MPP_ZPP SCHOOLS,1 To 5,3-Co-educational,1-Rural,Pamulapadu,Thummalur,,,THUMMALUR THUMMALUR THUMMALUR(VILLAGE) PAMULAPADU(MANDAL) KURNOOL(DIST),518401,syedaafiyah2015[at]gmail[dot]com,https://kys.udiseplus.gov.in/#/schooldetail/4698674/12,4698674,11/05/2022 16:05,2367
******01402 Operational,,MPPS TIRUNAMPALLI,,,,Andhra Pradesh,1-Primary,33-MPP_ZPP SCHOOLS,1 To 5,3-Co-educational,1-Rural,Dhone Alias Dronachalam,Kotha Buruju,,,TIRUNAMPALLI KOTHA BURUJU KOTHA BURUJU(VILLAGE) DHONE(MANDAL) KURNOOL(DIST),518222,mppstirunampalli[at]gov[dot]in,https://kys.udiseplus.gov.in/#/schooldetail/4701734/12,4701734,21/09/2024 11:29,2367
******00302 Closed,Closed,MPPS T.KOTTALA,,,,Andhra Pradesh,1-Primary,33-MPP_ZPP SCHOOLS,1 To 5,3-Co-educational,1-Rural,Rudravaram,Sreerangapuram,,,T.KOTTALA. T.KOTTALA. SREERANGAPURAM(VILLAGE) RUDRAVARAM(MANDAL) KURNOOL(DIST),518583,mppstkottala0302[at]gmail[dot]com,https://kys.udiseplus.gov.in/#/schooldetail/4700797/12,4700797,04/08/2025 12:01,2367
******01501 Operational,,"MPPS, T.LINGAMDINNE",,,,Andhra Pradesh,1-Primary,33-MPP_ZPP SCHOOLS,1 To 5,3-Co-educational,1-Rural,Rudravaram,T.Lingamdinne,,,T.LINGAMDINNE T.LINGAMDINNE T.LINGAMDINNE(VILLAGE) RUDRAVARAM(MANDAL) KURNOOL(DIST),518594,mpupst.lingamdinne[at]gmail[dot]com,https://kys.udiseplus.gov.in/#/schooldetail/4700833/12,4700833,24/12/2025 11:19,2367
******00601 Operational,,MPPS TR NAGAR,,,,Andhra Pradesh,1-Primary,33-MPP_ZPP SCHOOLS,1 To 5,3-Co-educational,2-Urban,NA,,Dhone Ward No. 18,Dhone(M)-Municipality,TARAKARAMA NAGAR DHONE DHONE(VILLAGE) DHONE(MANDAL) KURNOOL(DIST),518222,ganathesurendranatharao[at]gmail[dot]com,https://kys.udiseplus.gov.in/#/schooldetail/4701637/12,4701637,21/09/2024 11:11,2367
******01406 Operational,,MPPS TUVVAPALLI,,,,Andhra Pradesh,1-Primary,33-MPP_ZPP SCHOOLS,1 To 5,3-Co-educational,1-Rural,Rudravaram,Rudravaram,,,TUVVAPALLI. RUDRAVARAM RUDRAVARAM(VILLAGE) RUDRAVARAM(MANDAL) KURNOOL(DIST),518594,mppstuvvapalli[at]gmail[dot]com,https://kys.udiseplus.gov.in/#/schooldetail/4700826/12,4700826,24/12/2025 11:19,2367
******01701 Operational,,MPPS(U) 49-BANNUR,,,,Andhra Pradesh,1-Primary,33-MPP_ZPP SCHOOLS,1 To 5,3-Co-educational,1-Rural,Midthur,Bannur,,,BANNUR BANNUR BANNUR(VILLAGE) MIDTHUR(MANDAL) KURNOOL(DIST),518405,mppsurdu49bannur[at]gmail[dot]com,https://kys.udiseplus.gov.in/#/schooldetail/4698795/12,4698795,19/12/2025 19:32,2367
******00503 Operational,,MPPS (U) AMALAPURAM,,,,Andhra Pradesh,1-Primary,33-MPP_ZPP SCHOOLS,1 To 5,3-Co-educational,1-Rural,Atmakur,Pinnapuram,,,AMALAPURAM PINNAPURAM PINNAPURAM(VILLAGE) ATMAKUR(MANDAL) KURNOOL(DIST),518422,meo.atmakur[at]gmail[dot]com,https://kys.udiseplus.gov.in/#/schooldetail/4698577/12,4698577,17/07/2025 16:05,2367
******00503 Operational,,MPPS(U) BALAPANUR,,,,Andhra Pradesh,1-Primary,33-MPP_ZPP SCHOOLS,1 To 5,3-Co-educational,1-Rural,Panyam,Balapanur,,,BALAPANUR BALAPANUR BALAPANUR(VILLAGE) PANYAM(MANDAL) KURNOOL(DIST),518112,,https://kys.udiseplus.gov.in/#/schooldetail/4700214/12,4700214,11/05/2022 10:26,2367
******00119 Operational,,MPPS (UB) ATMAKUR,,,,Andhra Pradesh,1-Primary,33-MPP_ZPP SCHOOLS,1 To 5,3-Co-educational,2-Urban,NA,,Atmakurknl Ward No. 14,Atmakur (Kurnool)-Municipality,ATMAKUR URDU BOYS SANTHA MARKET ATMAKUR(VILLAGE) ATMAKUR(MANDAL) KURNOOL(DIST),518422,Azher4741[at]gmail[dot]com,https://kys.udiseplus.gov.in/#/schooldetail/4698524/12,4698524,15/10/2020 12:18,2367
******00807 Operational,,MPPS(U) B.ATMAKUR,,,,Andhra Pradesh,1-Primary,33-MPP_ZPP SCHOOLS,1 To 5,3-Co-educational,1-Rural,Bandi Atmakur,Bandi Atmakur,,,BANDI ATMAKUR BANDI ATMAKUR BANDI ATMAKUR(VILLAGE) BANDIATMAKUR(MANDAL) KURNOOL(DIST),518523,pittalanoorulla[at]gmail[dot]com,https://kys.udiseplus.gov.in/#/schooldetail/4700352/12,4700352,15/10/2020 12:18,2367
******01503 Operational,,MPPS(UB) CHAGALAMARRI,,,,Andhra Pradesh,1-Primary,33-MPP_ZPP SCHOOLS,1 To 5,3-Co-educational,1-Rural,Chagalamarri,Chagalamarri,,,NEAR SANTHA MARKET CHAGALAMARRI CHAGALAMARRI(VILLAGE) CHAGALAMARRI(MANDAL) KURNOOL(DIST),518553,mpupsubcmi[at]gmail[dot]com,https://kys.udiseplus.gov.in/#/schooldetail/4701002/12,4701002,17/07/2025 14:04,2367
******00602 Operational,,MPPS(UB) CHANDBADA,,,,Andhra Pradesh,1-Primary,33-MPP_ZPP SCHOOLS,1 To 5,3-Co-educational,1-Rural,Sirivel,Sirvel,,,CHANDBADA POLICE STATION ROAD SIRVEL SIRVEL(VILLAGE) SIRVEL(MANDAL) KURNOOL(DIST),518563,mppubs[at]gmail[dot]com,https://kys.udiseplus.gov.in/#/schooldetail/4700755/12,4700755,19/09/2024 09:30,2367
******01501 Operational,,MPPS(UB) DEVANUR,,,,Andhra Pradesh,1-Primary,33-MPP_ZPP SCHOOLS,1 To 5,1-Boys,1-Rural,Midthur,Devanur,,,DEVANUR DEVANUR(VILLAGE) MIDTHUR(MANDAL) KURNOOL(DIST),518405,mppsubdevanur[at]gmail[dot]com,https://kys.udiseplus.gov.in/#/schooldetail/4697754/12,4697754,19/12/2025 19:33,2367
******00203 Operational,,MPPS(U) BIJINAVEMULA,,,,Andhra Pradesh,1-Primary,33-MPP_ZPP SCHOOLS,1 To 5,3-Co-educational,1-Rural,Nandikotkur,Bijinavemula,,,BIJINAVEMULA BIJINAVEMULA NAGATOOR(VILLAGE) NANDIKOTKUR(MANDAL) KURNOOL(DIST),518411,rahamathrizwana786[at]gmail[dot]com,https://kys.udiseplus.gov.in/#/schooldetail/4698337/12,4698337,15/10/2020 12:18,2367
******00505 Operational,,MPPS(U) BILAKALAGUDUR,,,,Andhra Pradesh,1-Primary,33-MPP_ZPP SCHOOLS,1 To 5,3-Co-educational,1-Rural,Gadivemula,Bilakala Gudur,,,BILAKALA GUDUR(VILLAGE) GADIVEMULA(MANDAL) KURNOOL(DIST),518508,mppsubgudur505[at]gmail[dot]com,https://kys.udiseplus.gov.in/#/schooldetail/4700294/12,4700294,09/09/2024 18:34,2367
******00401 Operational,,MPPS(U) BOYALAKUNTLA,,,,Andhra Pradesh,1-Primary,33-MPP_ZPP SCHOOLS,1 To 5,3-Co-educational,1-Rural,Sirivel,Boyalakuntla,,,BOYALAKUNTLA BOYALAKUNTLA BOYALAKUNTLA(VILLAGE) SIRVEL(MANDAL) KURNOOL(DIST),518583,shameembanu.shaik81[at]gmail[dot]com,https://kys.udiseplus.gov.in/#/schooldetail/4700744/12,4700744,19/09/2024 09:27,2367
******00908 Operational,,MPPS(U) BSSR NAGAR NDK,,,,Andhra Pradesh,1-Primary,33-MPP_ZPP SCHOOLS,1 To 5,3-Co-educational,2-Urban,NA,,Nandikotkur Ward No. 10,Nandikotkur-Town Panchayat,NANDI KOTKUR B.S.S.R.NAGAR NANDI KOTKUR(VILLAGE) NANDIKOTKUR(MANDAL) KURNOOL(DIST),518401,mppsubssrnagar.ndk[at]gmail[dot]com,https://kys.udiseplus.gov.in/#/schooldetail/4697306/12,4697306,15/10/2020 12:18,2367
******00503 Operational,,MPPS(UB) VELGODE,,,,Andhra Pradesh,1-Primary,33-MPP_ZPP SCHOOLS,1 To 5,3-Co-educational,1-Rural,Velugodu,Velgode,,,NEAR OLD BUS STAND VELGODE VELGODE(VILLAGE) VELUGODU(MANDAL) KURNOOL(DIST),518533,,https://kys.udiseplus.gov.in/#/schooldetail/4698642/12,4698642,15/10/2020 12:18,2367
******00302 Operational,,MPPS(U) CHAKARAJUVEMULA,,,,Andhra Pradesh,1-Primary,33-MPP_ZPP SCHOOLS,1 To 5,3-Co-educational,1-Rural,Dornipadu,Chakarajuvemula,,,CHAKARAJUVEMULA (VILLAGE) DORNIPADU (MANDAL) KURNOOL(DIST),518135,,https://kys.udiseplus.gov.in/#/schooldetail/4701091/12,4701091,08/05/2022 12:47,2367
******01202 Operational,,MPPS(U) CHANUGONDLA,,,,Andhra Pradesh,1-Primary,33-MPP_ZPP SCHOOLS,1 To 5,3-Co-educational,1-Rural,Dhone Alias Dronachalam,Chanugondla,,,CHANUGONDLA CHANUGONDLA CHANUGONDLA(VILLAGE) DHONE(MANDAL) KURNOOL(DIST),518468,pshakeer526[at]gmail[dot]com,https://kys.udiseplus.gov.in/#/schooldetail/4701730/12,4701730,21/09/2024 11:29,2367
******00501 Operational,,MPPS(U) CHERUVUPALLI,,,,Andhra Pradesh,1-Primary,33-MPP_ZPP SCHOOLS,1 To 5,3-Co-educational,1-Rural,Banaganapalle,Cherupalle,,,CHERUVUPALLI CHERUVUPALLI CHERUVUPALLI(VILLAGE) BANAGANAPALLI(MANDAL) KURNOOL(DIST),518176,abdulrahimniyazi[at]gmail[dot]com,https://kys.udiseplus.gov.in/#/schooldetail/4701229/12,4701229,24/12/2025 17:51,2367
******00503 Operational,,MPPS(U) CHINNAKAMABALOOR,,,,Andhra Pradesh,1-Primary,33-MPP_ZPP SCHOOLS,1 To 5,3-Co-educational,1-Rural,Rudravaram,Chinna Kambaloor,,,CHINNAKAMBALOOR CHINNAKAMBALOOR CHINNAKAMBALOOR(VILLAGE) RUDRAVARAM(MANDAL) KURNOOL(DIST),518594,mpps.urdu.chinnakamabaloor[at]gmail[dot]com,https://kys.udiseplus.gov.in/#/schooldetail/4700804/12,4700804,24/12/2025 11:17,2367
******00504 Operational,,MPPS(U) CP NAGAR,,,,Andhra Pradesh,1-Primary,33-MPP_ZPP SCHOOLS,1 To 5,3-Co-educational,1-Rural,Velugodu,Velgode,,,C.P NAGAR VELGODE VELGODE(VILLAGE) VELUGODU(MANDAL) KURNOOL(DIST),518533,mppsurducpnagarvelgode[at]gmail[dot]com,https://kys.udiseplus.gov.in/#/schooldetail/4698643/12,4698643,15/10/2020 12:18,2367
******01102 Operational,,MPPS(U) DAMAGATLA,,,,Andhra Pradesh,1-Primary,33-MPP_ZPP SCHOOLS,1 To 5,3-Co-educational,1-Rural,Nandikotkur,Damagatla,,,DAMAGATLA DAMAGATLA DAMAGATLA(VILLAGE) NANDIKOTKUR(MANDAL) KURNOOL(DIST),518432,nausheen.aadil[at]gmail[dot]com,https://kys.udiseplus.gov.in/#/schooldetail/4698423/12,4698423,23/08/2024 12:49,2367
******00801 Closed,Closed,MPPS(U) DORNIPADU,,,,Andhra Pradesh,1-Primary,33-MPP_ZPP SCHOOLS,1 To 5,3-Co-educational,1-Rural,Dornipadu,Dornipadu,,,MAIN RAOD DORNIPADU (VILLAGE) DORNIPADU(MANDAL) KURNOOL(DIST),518135,mppsurdudornipadu786[at]gmail[dot]com,https://kys.udiseplus.gov.in/#/schooldetail/4701102/12,4701102,04/08/2025 11:52,2367
******00301 Operational,,MPPS UDUMULAPADU,,,,Andhra Pradesh,1-Primary,33-MPP_ZPP SCHOOLS,1 To 5,3-Co-educational,1-Rural,Dhone Alias Dronachalam,Udumulapadu,,,UDUMULAPADU UDUMULAPADU UDUMULAPADU(VILLAGE) DHONE(MANDAL) KURNOOL(DIST),518222,rvsreenu1965[at]gmail[dot]com,https://kys.udiseplus.gov.in/#/schooldetail/4701626/12,4701626,17/07/2025 14:01,2367
******00309 Operational,,MPPS(U) GADIVEMULA,,,,Andhra Pradesh,1-Primary,33-MPP_ZPP SCHOOLS,1 To 5,3-Co-educational,1-Rural,Gadivemula,Gadivemula,,,GADIVEMULA(VILLAGE) GADIVEMULA(MANDAL) KURNOOL(DIST),518508,schoolsgadivemula[at]gmail[dot]com,https://kys.udiseplus.gov.in/#/schooldetail/4700281/12,4700281,15/10/2020 12:18,2367
******00807 Operational,,MPPS(U) GAJULAPALLE,,,,Andhra Pradesh,1-Primary,33-MPP_ZPP SCHOOLS,1 To 5,3-Co-educational,1-Rural,Mahanandi,Gajulapalle,,,GAJULAPALLE GAJULAPALLE GAJULAPALLE(VILLAGE) MAHANANDI(MANDAL) KURNOOL(DIST),518583,Mahfuzansary786[at]gmail[dot]com,https://kys.udiseplus.gov.in/#/schooldetail/4700723/12,4700723,14/05/2022 11:44,2367
******00106 Operational,,MPPS(U) GANI,,,,Andhra Pradesh,1-Primary,33-MPP_ZPP SCHOOLS,1 To 5,3-Co-educational,1-Rural,Gadivemula,Gani,,,B C COLONY GANI GANI(VILLAGE) GADIVEMULA(MANDAL) KURNOOL(DIST),518010,schoolsgadivemula[at]gmail[dot]com,https://kys.udiseplus.gov.in/#/schooldetail/4700270/12,4700270,15/10/2020 12:18,2367
******00110 Operational,,MPPS(U) GAREEB NAGAR,,,,Andhra Pradesh,1-Primary,33-MPP_ZPP SCHOOLS,1 To 5,3-Co-educational,2-Urban,NA,,Atmakurknl Ward No. 10,Atmakur (Kurnool)-Municipality,GAREEB NAGAR ATMAKUR ATMAKUR(VILLAGE) ATMAKUR(MANDAL) KURNOOL(DIST),518422,Asifsaffu[at]gmail[dot]com,https://kys.udiseplus.gov.in/#/schooldetail/4698516/12,4698516,15/10/2020 12:18,2367
******03102 Operational,,MPPS(UG) B.PALLI,,,,Andhra Pradesh,1-Primary,33-MPP_ZPP SCHOOLS,1 To 5,3-Co-educational,1-Rural,Banaganapalle,Banaganapalle (Ct),,,2ND WARD B.PALLI BANAGANAPALLE(VILLAGE) BANAGANAPALLI(MANDAL) KURNOOL(DIST),518124,noormohiddin9[at]gmail[dot]com,https://kys.udiseplus.gov.in/#/schooldetail/4701295/12,4701295,11/05/2022 11:56,2367
******01203 Operational,,MPPS(UG) BRAHMANAKOTKUR,,,,Andhra Pradesh,1-Primary,33-MPP_ZPP SCHOOLS,1 To 5,3-Co-educational,1-Rural,Nandikotkur,Brahmanakotkur,,,BRAHMANAKOTKUR BRAHMANAKOTKUR BRAHMANAKOTKUR(VILLAGE) NANDIKOTKUR(MANDAL) KURNOOL(DIST),518432,faaizaanfaaizz[at]gmail[dot]com,https://kys.udiseplus.gov.in/#/schooldetail/4698427/12,4698427,15/10/2020 12:18,2367
******00603 Operational,,MPPS(UG) CHANDBADA,,,,Andhra Pradesh,1-Primary,33-MPP_ZPP SCHOOLS,1 To 5,3-Co-educational,1-Rural,Sirivel,Sirvel,,,CHANDBADA POLICE STATION ROAD SIRVEL SIRVEL(VILLAGE) SIRVEL(MANDAL) KURNOOL(DIST),518563,shussainbee131[at]gmail[dot]com,https://kys.udiseplus.gov.in/#/schooldetail/4700756/12,4700756,19/09/2024 09:32,2367
******01502 Operational,,MPPS(UG) DEVANUR,,,,Andhra Pradesh,1-Primary,33-MPP_ZPP SCHOOLS,1 To 5,2-Girls,1-Rural,Midthur,Devanur,,,DEVANUR DEVANUR(VILLAGE) MIDTHUR(MANDAL) KURNOOL(DIST),518405,mppsugdevanur[at]gmail[dot]com,https://kys.udiseplus.gov.in/#/schooldetail/4697755/12,4697755,19/12/2025 19:33,2367
******01601 Permanently Closed,,MPPS(U) GIDDALUR,,,,Andhra Pradesh,1-Primary,33-MPP_ZPP SCHOOLS,1 To 5,3-Co-educational,1-Rural,Sanjamala,Giddalur,,,NA,518166,,https://kys.udiseplus.gov.in/#/schooldetail/4717504/12,4717504,15/10/2020 12:18,2367
******01502 Operational,,MPPS(U) GONAVARAM,,,,Andhra Pradesh,1-Primary,33-MPP_ZPP SCHOOLS,1 To 5,3-Co-educational,1-Rural,Panyam,Gonavaram,,,GONAVARAM GONAVARAM GONAVARAM(VILLAGE) PANYAM(MANDAL) KURNOOL(DIST),518176,nazneenkhatoonsgt[at]gmail[dot]com,https://kys.udiseplus.gov.in/#/schooldetail/4700262/12,4700262,11/05/2022 10:43,2367
******00203 Operational,,MPPS(U) GORUKALLU,,,,Andhra Pradesh,1-Primary,33-MPP_ZPP SCHOOLS,1 To 5,3-Co-educational,1-Rural,Panyam,Gorukallu,,,GORUKALLU GORUKALLU GORUKALLU(VILLAGE) PANYAM(MANDAL) KURNOOL(DIST),518511,geetha301982[at]gmail[dot]com,https://kys.udiseplus.gov.in/#/schooldetail/4700202/12,4700202,21/06/2025 19:46,2367
******00930 Operational,,"MPPS (UG) PETA, NEAR SANTHA MARKET, NDK",,,,Andhra Pradesh,1-Primary,33-MPP_ZPP SCHOOLS,1 To 5,3-Co-educational,2-Urban,NA,,Nandikotkur Ward No. 4,Nandikotkur-Town Panchayat,NANDI KOTKUR NEAR SANTHA MARKET NANDI KOTKUR(VILLAGE) NANDIKOTKUR(MANDAL) KURNOOL(DIST),518401,anjumsameen72[at]gmail[dot]com,https://kys.udiseplus.gov.in/#/schooldetail/4698378/12,4698378,17/07/2025 16:04,2367
******00502 Operational,,MPPS(UG) VELGODE,,,,Andhra Pradesh,1-Primary,33-MPP_ZPP SCHOOLS,1 To 5,3-Co-educational,1-Rural,Velugodu,Velgode,,,NEAR MDO OFFICE VELGODE VELGODE(VILLAGE) VELUGODU(MANDAL) KURNOOL(DIST),518533,amdikhaleel1966[at]gmail[dot]com,https://kys.udiseplus.gov.in/#/schooldetail/4698641/12,4698641,15/10/2020 12:18,2367
******00203 Permanently Closed,,MPPS (U) KALAMADALAPADU,,,,Andhra Pradesh,1-Primary,33-MPP_ZPP SCHOOLS,1 To 5,3-Co-educational,1-Rural,Midthur,Masapeta,,,NA,518452,,https://kys.udiseplus.gov.in/#/schooldetail/4717379/12,4717379,15/10/2020 12:18,2367
******01802 Operational,,MPPS(U) KANALA,,,,Andhra Pradesh,1-Primary,33-MPP_ZPP SCHOOLS,1 To 5,3-Co-educational,1-Rural,Sanjamala,Kanala,,,KANALA SANJAMALA KANALA(VILLAGE) SANJAMALA(MANDAL) KURNOOL(DIST),518165,thokalasharon[at]gmail[dot]com,https://kys.udiseplus.gov.in/#/schooldetail/4701388/12,4701388,23/12/2025 15:53,2367
******03132 Operational,,MPPS(U) KASBA,,,,Andhra Pradesh,1-Primary,33-MPP_ZPP SCHOOLS,1 To 5,3-Co-educational,1-Rural,Banaganapalle,Banaganapalle (Ct),,,NEAR GRAMA PANCHYATHI BANAGANAPALLI,518124,sirivellamabasha786[at]gmail[dot]com,https://kys.udiseplus.gov.in/#/schooldetail/4701322/12,4701322,30/08/2024 10:26,2367
******01802 Operational,,MPPS(U) K KANDUKUR,,,,Andhra Pradesh,1-Primary,33-MPP_ZPP SCHOOLS,1 To 5,3-Co-educational,1-Rural,Allagadda,Kotha Kandukur,,,KOTHA KANDUKUR KOTAKANDUKUR KOTHA KANDUKUR(VILLAGE) ALLAGADDA(MANDAL) KURNOOL(DIST),518543,,https://kys.udiseplus.gov.in/#/schooldetail/4700963/12,4700963,15/10/2020 12:18,2367
******01004 Permanently Closed,,MPPS U.KOTHAPALLI(HW),,,,Andhra Pradesh,1-Primary,33-MPP_ZPP SCHOOLS,1 To 5,3-Co-educational,1-Rural,Dhone Alias Dronachalam,Ungaranigundla,,,NA,518222,,https://kys.udiseplus.gov.in/#/schooldetail/4717527/12,4717527,15/10/2020 12:18,2367
******00114 Operational,,"MPPS(U), KOTHAPETA",,,,Andhra Pradesh,1-Primary,33-MPP_ZPP SCHOOLS,1 To 5,3-Co-educational,2-Urban,NA,,Atmakurknl Ward No. 6,Atmakur (Kurnool)-Municipality,ATMAKUR KOTHAPETA ATMAKUR(VILLAGE) ATMAKUR(MANDAL) KURNOOL(DIST),518422,meo.atmakur[at]gmail[dot]com,https://kys.udiseplus.gov.in/#/schooldetail/4698520/12,4698520,12/05/2022 09:55,2367
******00701 Permanently Closed,,MPPS(U) KRISHNAPURAM,,,,Andhra Pradesh,1-Primary,33-MPP_ZPP SCHOOLS,1 To 5,3-Co-educational,1-Rural,Atmakur,Krishnapuram,,,NA,518422,,https://kys.udiseplus.gov.in/#/schooldetail/4717362/12,4717362,15/10/2020 12:18,2367
******00208 Operational,,MPPS (U) KURUKUNDA,,,,Andhra Pradesh,1-Primary,33-MPP_ZPP SCHOOLS,1 To 5,3-Co-educational,1-Rural,Atmakur,Kurukunda,,,KURUKUNDA ATMAKUR KURUKUNDA(VILLAGE) ATMAKUR(MANDAL) KURNOOL(DIST),518422,khursheedbanu768[at]gmail[dot]com,https://kys.udiseplus.gov.in/#/schooldetail/4698567/12,4698567,17/07/2025 16:05,2367
******00503 Operational,,MPPS(U) MADHADEVAPURAM,,,,Andhra Pradesh,1-Primary,33-MPP_ZPP SCHOOLS,1 To 5,3-Co-educational,1-Rural,Sirivel,Mahadevapuram,,,MOSQUE LINE MAHADEVAPURAM MAHADEVAPURAM(VILLAGE) SIRVEL(MANDAL) KURNOOL(DIST),518583,mudassir6963[at]gmail[dot]com,https://kys.udiseplus.gov.in/#/schooldetail/4700750/12,4700750,19/09/2024 09:28,2367
******00102 Operational,,MPPS UMAPATHI NAGAR,,,,Andhra Pradesh,1-Primary,33-MPP_ZPP SCHOOLS,1 To 5,3-Co-educational,1-Rural,Dornipadu,Gundupapala,,,UMAPATHI NAGAR GUNDUPAPALA(VILLAGE) DORNIPADU(MANDAL) KURNOOL(DIST),518134,msreddy2105[at]gmail[dot]com,https://kys.udiseplus.gov.in/#/schooldetail/4701082/12,4701082,08/05/2022 12:36,2367
******00202 Operational,,MPPS(U) MASAPETA,,,,Andhra Pradesh,1-Primary,33-MPP_ZPP SCHOOLS,1 To 5,3-Co-educational,1-Rural,Midthur,Masapeta,,,MASAPETA MASAPETA(VILLAGE) MIDTHUR(MANDAL) KURNOOL(DIST),518452,mppsurdumasapeta[at]gmail[dot]com,https://kys.udiseplus.gov.in/#/schooldetail/4698749/12,4698749,19/12/2025 19:15,2367
******00803 Operational,,MPPS (U) MITTAKANDALA,,,,Andhra Pradesh,1-Primary,33-MPP_ZPP SCHOOLS,1 To 5,3-Co-educational,1-Rural,Pamulapadu,Mittakandala,,,MITTAKANDALA MITTAKANDALA MITTAKANDALA(VILLAGE) PAMULAPADU(MANDAL) KURNOOL(DIST),518442,ataurdurg[at]gmail[dot]com,https://kys.udiseplus.gov.in/#/schooldetail/4698698/12,4698698,10/05/2022 14:33,2367
******01501 Closed,Closed,MPPS(U) M.KRISHNAPURAM,,,,Andhra Pradesh,1-Primary,33-MPP_ZPP SCHOOLS,1 To 5,3-Co-educational,1-Rural,Gospadu,M.Krishnapuram,,,M.KRISHNAPURAM(VILLAGE) GOSPADU(MANDAL) KURNOOL(DIST),518573,mullafayazuddin11639[at]gmail[dot]com,https://kys.udiseplus.gov.in/#/schooldetail/4701148/12,4701148,06/11/2024 14:06,2367
******00501 Operational,,MPPS(U) MUSALIMADUGU,,,,Andhra Pradesh,1-Primary,33-MPP_ZPP SCHOOLS,1 To 5,3-Co-educational,1-Rural,Kothapalle,Musalimadugu,,,MUSALIMADUGU MUSALIMADUGU MUSALIMADUGU(VILLAGE) KOTAPALLI(MANDAL) KURNOOL(DIST),518422,,https://kys.udiseplus.gov.in/#/schooldetail/4698472/12,4698472,07/05/2022 20:22,2367
******01507 Operational,,MPPS(U) NEAR NOORANI MASJID,,,,Andhra Pradesh,1-Primary,33-MPP_ZPP SCHOOLS,1 To 5,3-Co-educational,1-Rural,Chagalamarri,Chagalamarri,,,NEAR NOORANI MASJID CHAGALAMARRI CHAGALAMARRI(VILLAGE) CHAGALAMARRI(MANDAL) KURNOOL(DIST),518553,roshnishaikroshni1[at]gamil[dot]com,https://kys.udiseplus.gov.in/#/schooldetail/4701006/12,4701006,23/08/2024 12:51,2367
******01001 Operational,,MPPS UNGARANIGUNDLA,,,,Andhra Pradesh,1-Primary,33-MPP_ZPP SCHOOLS,1 To 5,3-Co-educational,1-Rural,Dhone Alias Dronachalam,Ungaranigundla,,,UNGARANIGUNDLA DHONE UNGARANIGUNDLA(VILLAGE) DHONE(MANDAL) KURNOOL(DIST),518222,,https://kys.udiseplus.gov.in/#/schooldetail/4701720/12,4701720,21/09/2024 16:07,2367
******02105 Permanently Closed,,MPPS(U) NOSSAM,,,,Andhra Pradesh,1-Primary,33-MPP_ZPP SCHOOLS,1 To 5,3-Co-educational,1-Rural,Sanjamala,Nossam,,,NA,518145,,https://kys.udiseplus.gov.in/#/schooldetail/4717509/12,4717509,15/10/2020 12:18,2367
******01201 Operational,,MPPS(U) OBULAMPALLI,,,,Andhra Pradesh,1-Primary,33-MPP_ZPP SCHOOLS,1 To 5,3-Co-educational,1-Rural,Allagadda,Obulampalle,,,OBULAMPALLE OBULAMPALLI OBULAMPALLE(VILLAGE) ALLAGADDA(MANDAL) KURNOOL(DIST),518543,ranisestherkashapogu[at]gmail[dot]com,https://kys.udiseplus.gov.in/#/schooldetail/4700945/12,4700945,15/10/2020 12:18,2367
******01005 Operational,,MPPS(U) OWK,,,,Andhra Pradesh,1-Primary,33-MPP_ZPP SCHOOLS,1 To 5,3-Co-educational,1-Rural,Owk,Owk,,,OWK OWK OWK(VILLAGE) OWK(MANDAL) KURNOOL(DIST),518122,mpupsurdu84[at]gmail[dot]com,https://kys.udiseplus.gov.in/#/schooldetail/4701491/12,4701491,21/06/2025 19:36,2367
******00604 Operational,,MPPS(U) PALUKUR,,,,Andhra Pradesh,1-Primary,33-MPP_ZPP SCHOOLS,1 To 5,3-Co-educational,1-Rural,Banaganapalle,Palukur,,,PALUKUR PALUKUR PALUKUR(VILLAGE) BANAGANAPALLI(MANDAL) KURNOOL(DIST),518176,nayabsyedakousar[at]gmail[dot]com,https://kys.udiseplus.gov.in/#/schooldetail/4701235/12,4701235,24/12/2025 17:52,2367
******01101 Operational,,MPPS(U) PARNAPALLE,,,,Andhra Pradesh,1-Primary,33-MPP_ZPP SCHOOLS,1 To 5,3-Co-educational,1-Rural,Bandi Atmakur,Parnapalle,,,PARNAPALLE PARNAPALLE PARNAPALLE(VILLAGE) BANDIATMAKUR(MANDAL) KURNOOL(DIST),518523,kkhursheedjahan786[at]gmail[dot]com,https://kys.udiseplus.gov.in/#/schooldetail/4700364/12,4700364,23/08/2024 12:59,2367
******01003 Operational,,MPPS(U) PARUMANCHALA,,,,Andhra Pradesh,1-Primary,33-MPP_ZPP SCHOOLS,1 To 5,3-Co-educational,1-Rural,Jupadu Bungalow,Parumanchala,,,PARUMANCHALA PARUMANCHALA PARUMANCHALA(VILLAGE) J-BANGLAW(MANDAL) KURNOOL(DIST),518401,mpupsparumanchala[at]gmail[dot]com,https://kys.udiseplus.gov.in/#/schooldetail/4698733/12,4698733,21/06/2025 18:42,2367
******01303 Permanently Closed,,MPPS(U) PERUSOMALA,,,,Andhra Pradesh,1-Primary,33-MPP_ZPP SCHOOLS,1 To 5,3-Co-educational,1-Rural,Sanjamala,Perusomala,,,NA,518166,,https://kys.udiseplus.gov.in/#/schooldetail/4717503/12,4717503,15/10/2020 12:18,2367
******00152 Operational,,MPPS UPPALADADIYA,,,,Andhra Pradesh,1-Primary,33-MPP_ZPP SCHOOLS,1 To 5,3-Co-educational,1-Rural,Midthur,Masapeta,,,"UPPALADADIYA, MASAPETA VILLAGE, MIDTHUR(M), KURNOOL",518452,mppsuppaladadiya[at]gmail[dot]com,https://kys.udiseplus.gov.in/#/schooldetail/4720578/12,4720578,19/12/2025 19:35,2367
******01001 Operational,,MPPS(U) PRATHAKOTA(WEST),,,,Andhra Pradesh,1-Primary,33-MPP_ZPP SCHOOLS,1 To 5,3-Co-educational,1-Rural,Pagidyala,Pathakota(West),,,PRATHAKOTA (WEST) LAXMAPURAM(POST) LAXMAPURAM(VILLAGE) PAGIDALA(MANDAL) KURNOOL(DIST),518412,kbalanarasimhudu1971[at]gmail[dot]com,https://kys.udiseplus.gov.in/#/schooldetail/4698461/12,4698461,15/10/2020 12:18,2367
******00112 Operational,,MPPS(U) RAHAMATH NAGAR,,,,Andhra Pradesh,1-Primary,33-MPP_ZPP SCHOOLS,1 To 5,3-Co-educational,2-Urban,NA,,Atmakurknl Ward No. 7,Atmakur (Kurnool)-Municipality,RAHAMAT NAGAR (URDU) ATMAKUR ATMAKUR(VILLAGE) ATMAKUR(MANDAL) KURNOOL(DIST),518422,adil52228[at]gmail[dot]com,https://kys.udiseplus.gov.in/#/schooldetail/4698518/12,4698518,15/10/2020 12:18,2367
******00703 Operational,,MPPS(URDU) 80-BANNUR,,,,Andhra Pradesh,1-Primary,33-MPP_ZPP SCHOOLS,1 To 5,3-Co-educational,1-Rural,Jupadu Bungalow,Bannur,,,BANNUR BANNUR BANNUR(VILLAGE) J-BANGLAW(MANDAL) KURNOOL(DIST),518401,mppsurdubannur[at]gmail[dot]com,https://kys.udiseplus.gov.in/#/schooldetail/4697684/12,4697684,09/05/2022 17:16,2367
******00708 Operational,,MPPS(URDU) JUPADU BUNGLOW,,,,Andhra Pradesh,1-Primary,33-MPP_ZPP SCHOOLS,1 To 5,3-Co-educational,1-Rural,Jupadu Bungalow,Bannur,,,JUPADU BUNGLOW JUPADU BUNGLOW BANNUR(VILLAGE) J-BANGLAW(MANDAL) KURNOOL(DIST),518401,mppsurdujupadubunglow708[at]gmail[dot]com,https://kys.udiseplus.gov.in/#/schooldetail/4698724/12,4698724,09/05/2022 17:18,2367
******00302 Operational,,MPPS(URDU) KADUMUR,,,,Andhra Pradesh,1-Primary,33-MPP_ZPP SCHOOLS,1 To 5,3-Co-educational,1-Rural,Midthur,Kadumur,,,KADUMUR KADUMUR(VILLAGE) MIDTHUR(MANDAL) KURNOOL(DIST),518452,mppsurdukadumur[at]gmail[dot]com,https://kys.udiseplus.gov.in/#/schooldetail/4698756/12,4698756,19/12/2025 19:17,2367
******01402 Operational,,MPPS(URDU) KOILAKUNTLA,,,,Andhra Pradesh,1-Primary,33-MPP_ZPP SCHOOLS,1 To 5,3-Co-educational,1-Rural,Koilakuntla,Koilkuntla,,,BANAGANAPALLE Tring Koilakuntla Mandal Kurnool District,518134,,https://kys.udiseplus.gov.in/#/schooldetail/4701168/12,4701168,23/12/2025 16:30,2367
******00904 Operational,,"MPPS (URDU) K.PETA, NANDIKOTKUR",,,,Andhra Pradesh,1-Primary,33-MPP_ZPP SCHOOLS,1 To 5,3-Co-educational,2-Urban,NA,,Nandikotkur Ward No. 6,Nandikotkur-Town Panchayat,NANDI KOTKUR KUMMARIPETA NANDI KOTKUR(VILLAGE) NANDIKOTKUR(MANDAL) KURNOOL(DIST),518401,sattarabdus729[at]gmail[dot]com,https://kys.udiseplus.gov.in/#/schooldetail/4698361/12,4698361,15/10/2020 12:18,2367
******00601 Operational,,MPPS(URDU) MALYALA,,,,Andhra Pradesh,1-Primary,33-MPP_ZPP SCHOOLS,1 To 5,3-Co-educational,1-Rural,Nandikotkur,Malyala,,,MALYALA MALYALA MALYALA(VILLAGE) NANDIKOTKUR(MANDAL) KURNOOL(DIST),518401,mppsumalyala[at]gmail[dot]com,https://kys.udiseplus.gov.in/#/schooldetail/4698346/12,4698346,15/10/2020 12:18,2367
******00102 Operational,,MPPS(URDU) MANDLEM,,,,Andhra Pradesh,1-Primary,33-MPP_ZPP SCHOOLS,1 To 5,3-Co-educational,1-Rural,Jupadu Bungalow,Mandlem,,,MANDLEM MANDLEM MANDLEM(VILLAGE) J-BANGLAW(MANDAL) KURNOOL(DIST),518401,mppsurdumandlem[at]gmail[dot]com,https://kys.udiseplus.gov.in/#/schooldetail/4698711/12,4698711,09/05/2022 17:14,2367
******00103 Operational,,MPPS ( URDU ) POLUR,,,,Andhra Pradesh,1-Primary,33-MPP_ZPP SCHOOLS,1 To 5,3-Co-educational,1-Rural,Nandyal,Polur,,,POLUR(VILLAGE) NANDYAL(MANDAL) NANDYAL(DIST),518511,mppsupolur[at]gmail[dot]com,https://kys.udiseplus.gov.in/#/schooldetail/4700388/12,4700388,13/09/2024 15:13,2367
******00801 Operational,,MPPS(URDU) TARIGOPULA,,,,Andhra Pradesh,1-Primary,33-MPP_ZPP SCHOOLS,1 To 5,3-Co-educational,1-Rural,Jupadu Bungalow,Tarigopula,,,TARIGOPULA TARIGOPULA TARIGOPULA(VILLAGE) J-BANGLAW(MANDAL) KURNOOL(DIST),518401,mppsurdutarigopula[at]gmail[dot]com,https://kys.udiseplus.gov.in/#/schooldetail/4698726/12,4698726,09/05/2022 17:19,2367
******00202 Permanently Closed,,MPPS(URDU) TARTUR,,,,Andhra Pradesh,1-Primary,33-MPP_ZPP SCHOOLS,1 To 5,3-Co-educational,1-Rural,Jupadu Bungalow,Tartur,,,NA,518401,,https://kys.udiseplus.gov.in/#/schooldetail/4717376/12,4717376,15/10/2020 12:18,2367
******00501 Operational,,MPPS(URDU) TATIPADU,,,,Andhra Pradesh,1-Primary,33-MPP_ZPP SCHOOLS,1 To 5,3-Co-educational,1-Rural,Jupadu Bungalow,Tatipadu,,,TAIPADU TAIPADU TATIPADU(VILLAGE) J-BANGLAW(MANDAL) KURNOOL(DIST),518412,mppsurdutatipadu[at]gmail[dot]com,https://kys.udiseplus.gov.in/#/schooldetail/4698719/12,4698719,09/05/2022 17:16,2367
******00204 Operational,,MPPS(URDU) VELPANUR,,,,Andhra Pradesh,1-Primary,33-MPP_ZPP SCHOOLS,1 To 5,3-Co-educational,1-Rural,Velugodu,Velpanur,,,BC COLONY VELPANUR VELPANUR(VILLAGE) VELUGODU(MANDAL) KURNOOL(DIST),518533,shaikrafiya07[at]gmail[dot]com,https://kys.udiseplus.gov.in/#/schooldetail/4698635/12,4698635,15/10/2020 12:18,2367
******00504 Operational,,MPPS (URDU) VENKATAPURAM,,,,Andhra Pradesh,1-Primary,33-MPP_ZPP SCHOOLS,1 To 5,3-Co-educational,1-Rural,Atmakur,Pinnapuram,,,VENKATAPURAM PINNAPURAM PINNAPURAM(VILLAGE) ATMAKUR(MANDAL) KURNOOL(DIST),518422,cmunawarbi1993[at]gmail[dot]com,https://kys.udiseplus.gov.in/#/schooldetail/4698578/12,4698578,15/10/2020 12:18,2367
******00907 Operational,,MPPS (URDU) VIDYA NAGAR NDK,,,,Andhra Pradesh,1-Primary,33-MPP_ZPP SCHOOLS,1 To 5,3-Co-educational,2-Urban,NA,,Nandikotkur Ward No. 11,Nandikotkur-Town Panchayat,NANDI KOTKUR VIDYANAGAR NANDI KOTKUR(VILLAGE) NANDIKOTKUR(MANDAL) KURNOOL(DIST),518401,mppsuvidyanagar.ndk[at]gmail[dot]com,https://kys.udiseplus.gov.in/#/schooldetail/4697305/12,4697305,15/10/2020 12:18,2367
******00103 Operational,,MPPS(U) REGADIGUDUR,,,,Andhra Pradesh,1-Primary,33-MPP_ZPP SCHOOLS,1 To 5,3-Co-educational,1-Rural,Velugodu,Regadigudur,,,REGADIGUDUR REGADIGUDUR REGADIGUDUR(VILLAGE) VELUGODU(MANDAL) KURNOOL(DIST),518508,mppsurdu103[at]gmail[dot]com,https://kys.udiseplus.gov.in/#/schooldetail/4698629/12,4698629,11/03/2024 20:02,2367
******00204 Operational,,MPPS(U) SAJJAKANI KOTTALA,,,,Andhra Pradesh,1-Primary,33-MPP_ZPP SCHOOLS,1 To 5,3-Co-educational,1-Rural,Panyam,Gorukallu,,,SAJJAKANI KOTTALA GORUKALLU GORUKALLU(VILLAGE) PANYAM(MANDAL) KURNOOL(DIST),518112,meo.panyam[at]gmail[dot]com,https://kys.udiseplus.gov.in/#/schooldetail/4700203/12,4700203,11/05/2022 10:24,2367
******01601 Operational,,MPPS(U) SANGAPATNAM,,,,Andhra Pradesh,1-Primary,33-MPP_ZPP SCHOOLS,1 To 5,3-Co-educational,1-Rural,Owk,Sangapatnam,,,SANGAPATNAM SANGAPATNAM SANGAPATNAM(VILLAGE) OWK(MANDAL) KURNOOL(DIST),518196,shatajsohail[at]gmail[dot]com,https://kys.udiseplus.gov.in/#/schooldetail/4701517/12,4701517,11/05/2022 15:21,2367
******01004 Operational,,MPPS(U) SANJAMALA,,,,Andhra Pradesh,1-Primary,33-MPP_ZPP SCHOOLS,1 To 5,3-Co-educational,1-Rural,Sanjamala,Sanjamala,,,SANJAMALA SANJAMALA SANJAMALA(VILLAGE) SANJAMALA(MANDAL) KURNOOL(DIST),518165,syedkarishma18[at]gmail[dot]com,https://kys.udiseplus.gov.in/#/schooldetail/4700245/12,4700245,23/12/2025 14:55,2367
******00101 Operational,,MPPS( U) SANTHANIKOTA,,,,Andhra Pradesh,1-Primary,33-MPP_ZPP SCHOOLS,1 To 5,3-Co-educational,1-Rural,Nandikotkur,Santhanikota,,,SANTHANIKOTA SANTHANIKOTA SANTHANIKOTA(VILLAGE) NANDIKOTKUR(MANDAL) KURNOOL(DIST),518401,shaikmubeena1906[at]gmail[dot]com,https://kys.udiseplus.gov.in/#/schooldetail/4698331/12,4698331,16/12/2023 12:19,2367
******01007 Operational,,MPPS UTAKONDA,,,,Andhra Pradesh,1-Primary,33-MPP_ZPP SCHOOLS,1 To 5,3-Co-educational,1-Rural,Peapully,Jaladurgam,,,UTAKONDA (VILLAGE) PEAPULLY(MANDAL) KURNOOL(DIST),518220,kasinenivenkat[at]gmail[dot]com,https://kys.udiseplus.gov.in/#/schooldetail/4701578/12,4701578,18/08/2024 18:24,2367
******00301 Operational,,MPPS(U) TANGADANCHA,,,,Andhra Pradesh,1-Primary,33-MPP_ZPP SCHOOLS,1 To 5,3-Co-educational,1-Rural,Jupadu Bungalow,Tangadancha,,,TANGADANCHA J-BANGLAW TANGADANCHA(VILLAGE) J-BANGLAW(MANDAL) KURNOOL(DIST),518401,mppsurdutangadancha[at]gmail[dot]com,https://kys.udiseplus.gov.in/#/schooldetail/4698716/12,4698716,09/05/2022 17:15,2367
******00101 Operational,,MPPS (U) THUMMALAUR,,,,Andhra Pradesh,1-Primary,33-MPP_ZPP SCHOOLS,1 To 5,3-Co-educational,1-Rural,Pamulapadu,Thummalur,,,THUMMALUR THUMMALUR THUMMALUR(VILLAGE) PAMULAPADU(MANDAL) KURNOOL(DIST),518401,shaheenanjum186[at]gmail[dot]com,https://kys.udiseplus.gov.in/#/schooldetail/4698672/12,4698672,23/08/2024 12:50,2367
******00802 Operational,,MPPS(U) VADDEMAN,,,,Andhra Pradesh,1-Primary,33-MPP_ZPP SCHOOLS,1 To 5,3-Co-educational,1-Rural,Nandikotkur,Vaddamanu,,,VADDAMANU NANDIKOTKUR VADDAMANU(VILLAGE) NANDIKOTKUR(MANDAL) KURNOOL(DIST),518432,zareenajabeen810[at]gmail[dot]com,https://kys.udiseplus.gov.in/#/schooldetail/4698282/12,4698282,15/10/2020 12:18,2367
******00906 Operational,,"MPPS VADDEPETA, NDK",,,,Andhra Pradesh,1-Primary,33-MPP_ZPP SCHOOLS,1 To 5,3-Co-educational,2-Urban,NA,,Nandikotkur Ward No. 8,Nandikotkur-Town Panchayat,NANDI KOTKUR VADDEPETA NANDI KOTKUR(VILLAGE) NANDIKOTKUR(MANDAL) KURNOOL(DIST),518401,dudekulamahaboobbi65[at]gmail[dot]com,https://kys.udiseplus.gov.in/#/schooldetail/4698363/12,4698363,15/10/2020 12:18,2367
******00401 Operational,,MPPS VADDUGANDLA,,,,Andhra Pradesh,1-Primary,33-MPP_ZPP SCHOOLS,1 To 5,3-Co-educational,1-Rural,Panyam,Chilakala,,,VADDUGANDLA VADDUGANDLA CHILAKALA(VILLAGE) PANYAM(MANDAL) KURNOOL(DIST),518112,,https://kys.udiseplus.gov.in/#/schooldetail/4700209/12,4700209,11/05/2022 10:26,2367
******00301 Operational,,MPPS VALLAMPADU,,,,Andhra Pradesh,1-Primary,33-MPP_ZPP SCHOOLS,1 To 5,3-Co-educational,1-Rural,Koilakuntla,Vallampadu,,,VALLAMPADU KOILAKUNTLA VALLAMPADU(VILLAGE) KOILAKUNTLA(MANDAL) KURNOOL(DIST),518134,mppsvallampadu[at]gmail[dot]com,https://kys.udiseplus.gov.in/#/schooldetail/4701153/12,4701153,23/12/2025 16:23,2367
******01101 Operational,,MPPS VANALA,,,,Andhra Pradesh,1-Primary,33-MPP_ZPP SCHOOLS,1 To 5,3-Co-educational,1-Rural,Pamulapadu,Vanala,,,VANALA VANALA VANALA(VILLAGE) PAMULAPADU(MANDAL) KURNOOL(DIST),518508,koraboyinamadhu3[at]gmail[dot]com,https://kys.udiseplus.gov.in/#/schooldetail/4698708/12,4698708,13/05/2022 13:09,2367
******00703 Operational,,MPPS VANAMULAPADU,,,,Andhra Pradesh,1-Primary,33-MPP_ZPP SCHOOLS,1 To 5,3-Co-educational,1-Rural,Pagidyala,Pathakota(East),,,VANAMULAPADU (E) VANAMULAPADU (E) PATHAKOTA(WEST)(VILLAGE) PAGIDALA(MANDAL) KURNOOL(DIST),518412,venugopalbollavaram999[at]gmail[dot]com,https://kys.udiseplus.gov.in/#/schooldetail/4698446/12,4698446,15/10/2020 12:18,2367
******00403 Operational,,MPPS VANAMULAPADU,,,,Andhra Pradesh,1-Primary,33-MPP_ZPP SCHOOLS,1 To 5,3-Co-educational,1-Rural,Pagidyala,Muchumarri,,,VANAMULAPADU (W) VANAMULAPADU (W) MUCHUMARRI(VILLAGE) PAGIDALA(MANDAL) KURNOOL(DIST),518411,hmmppsvanamulapaduwest[at]gmail[dot]com,https://kys.udiseplus.gov.in/#/schooldetail/4698441/12,4698441,15/10/2020 12:18,2367
******00101 Operational,,"MPPS, VASANTHAPURAM",,,,Andhra Pradesh,1-Primary,33-MPP_ZPP SCHOOLS,1 To 5,3-Co-educational,1-Rural,Sanjamala,Vasanthapuram,,,VASANTHAPURAM SANJAMALA VASANTHAPURAM(VILLAGE) SANJAMALA(MANDAL) KURNOOL(DIST),518196,shakeerhussain1994[at]gmail[dot]com,https://kys.udiseplus.gov.in/#/schooldetail/4701355/12,4701355,23/12/2025 14:41,2367
******00202 Operational,,MPPS V.BONTIRALLA,,,,Andhra Pradesh,1-Primary,33-MPP_ZPP SCHOOLS,1 To 5,3-Co-educational,1-Rural,Dhone Alias Dronachalam,Venkatapuram,,,V.BONTIRALLA VENKATAPURAM VENKATAPURAM(VILLAGE) DHONE(MANDAL) KURNOOL(DIST),518225,padmaboya2[at]gmail[dot]com,https://kys.udiseplus.gov.in/#/schooldetail/4701621/12,4701621,20/09/2024 16:08,2367
******00502 Operational,,MPPS VEEPANAGANDLA,,,,Andhra Pradesh,1-Primary,33-MPP_ZPP SCHOOLS,1 To 5,3-Co-educational,1-Rural,Midthur,Veepanagandla,,,VEEPANAGANDLA VEEPANAGANDLA(VILLAGE) MIDTHUR(MANDAL) KURNOOL(DIST),518405,veepanagandlampps835[at]gmail[dot]com,https://kys.udiseplus.gov.in/#/schooldetail/4698772/12,4698772,19/12/2025 19:26,2367
******00802 Operational,,MPPS VEERAREDDIPALLI,,,,Andhra Pradesh,1-Primary,33-MPP_ZPP SCHOOLS,1 To 5,3-Co-educational,1-Rural,Sirivel,Kotapadu,,,VEERAREDDIPALL(VILLAGE) SIRVEL(MANDAL) KURNOOL(DIST),518573,anuradhabommana04[at]gmail[dot]com,https://kys.udiseplus.gov.in/#/schooldetail/4700772/12,4700772,19/09/2024 09:51,2367
******00901 Operational,,MPPS VELGATUR,,,,Andhra Pradesh,1-Primary,33-MPP_ZPP SCHOOLS,1 To 5,3-Co-educational,1-Rural,Koilakuntla,Velagatur,,,VELAGATUR (VILLAGE) KOILAKUNTLA(MANDAL) KURNOOL(DIST),518134,s.suneel2[at]gmail[dot]com,https://kys.udiseplus.gov.in/#/schooldetail/4701162/12,4701162,23/12/2025 16:28,2367
******00601 Operational,,MPPS VEMULAPADU,,,,Andhra Pradesh,1-Primary,33-MPP_ZPP SCHOOLS,1 To 5,3-Co-educational,1-Rural,Owk,Vemulapadu,,,VEMULAPADU(VILLAGE) OWK(MANDAL) KURNOOL(DIST)PINCODE518122,518122,venkatesulu1116[at]gmail[dot]com,https://kys.udiseplus.gov.in/#/schooldetail/4701482/12,4701482,21/06/2025 19:36,2367
******00801 Operational,,MPPS VENGALAMPALLE,,,,Andhra Pradesh,1-Primary,33-MPP_ZPP SCHOOLS,1 To 5,3-Co-educational,1-Rural,Peapully,Vengalampalle,,,VENGALAMPALLE VENGALAMPALLE VENGALAMPALLE(VILLAGE) PEAPULLY(MANDAL) KURNOOL(DIST),518221,sukurhussain[at]gmail[dot]com,https://kys.udiseplus.gov.in/#/schooldetail/4701561/12,4701561,15/10/2020 12:18,2367
******00803 Operational,,MPPS VENGALAMPALLE,,,,Andhra Pradesh,1-Primary,33-MPP_ZPP SCHOOLS,1 To 5,3-Co-educational,1-Rural,Peapully,Vengalampalle,,,VENGALAMPALLE VENGALAMPALLE VENGALAMPALLE(VILLAGE) PEAPULLY(MANDAL) KURNOOL(DIST),518221,sshaikshavali755[at]gmail[dot]com,https://kys.udiseplus.gov.in/#/schooldetail/4701562/12,4701562,15/10/2020 12:18,2367
******01302 Operational,,MPPS VENGALAREDDYPETA,,,,Andhra Pradesh,1-Primary,33-MPP_ZPP SCHOOLS,1 To 5,3-Co-educational,1-Rural,Bandi Atmakur,Kadamalakalva,,,VENGALAREDDYPETA VENGALAREDDYPETA KADAMALAKALVA(VILLAGE) BANDIATMAKUR(MANDAL) KURNOOL(DIST),518512,mallikashaik005[at]gmail[dot]com,https://kys.udiseplus.gov.in/#/schooldetail/4700375/12,4700375,15/10/2020 12:18,2367
******00102 Operational,,MPPS VENKATAGIRI,,,,Andhra Pradesh,1-Primary,33-MPP_ZPP SCHOOLS,1 To 5,3-Co-educational,1-Rural,Bethamcherla,Pendakal,,,VENKATAGIRI M.PENDAKAL (VILLAGE) BETHAMCHERLA(MANDAL) KURNOOL(DIST),518599,sirigedhanunjaya84[at]gmail[dot]com,https://kys.udiseplus.gov.in/#/schooldetail/4700119/12,4700119,01/08/2022 16:28,2367
******01602 Operational,,MPPS VENKATAKONDAIAHPURAM,,,,Andhra Pradesh,1-Primary,33-MPP_ZPP SCHOOLS,1 To 5,3-Co-educational,1-Rural,Peapully,Chandrapalle,,,VENKATAKONDAIAHPURAM CHANDRAPALLE CHANDRAPALLE(VILLAGE) PEAPULLY(MANDAL) KURNOOL(DIST),518221,annemvijaykumar[at]gmail[dot]com,https://kys.udiseplus.gov.in/#/schooldetail/4701603/12,4701603,15/10/2020 12:18,2367
******00903 Operational,,MPPS VENKATAMPALLI,,,,Andhra Pradesh,1-Primary,33-MPP_ZPP SCHOOLS,1 To 5,3-Co-educational,1-Rural,Peapully,Mettupalle,,,VENKATAMPALLI METTUPALLE METTUPALLE(VILLAGE) PEAPULLY(MANDAL) KURNOOL(DIST),518221,mangarajula.sangeetha[at]gmail[dot]com,https://kys.udiseplus.gov.in/#/schooldetail/4701566/12,4701566,15/10/2020 12:18,2367
******00905 Operational,,MPPS VENKATAPURAM,,,,Andhra Pradesh,1-Primary,33-MPP_ZPP SCHOOLS,1 To 5,3-Co-educational,1-Rural,Sirivel,Yerragundla,,,VENKATAPURAM (VILLAGE) SIRVEL(MANDAL) KURNOOL(DIST),518510,ramaadusumalli3[at]gmail[dot]com,https://kys.udiseplus.gov.in/#/schooldetail/4700778/12,4700778,19/09/2024 09:54,2367
******01301 Operational,,MPPS VENKATAPURAM,,,,Andhra Pradesh,1-Primary,33-MPP_ZPP SCHOOLS,1 To 5,3-Co-educational,1-Rural,Banaganapalle,Venkatapuram,,,VENKATAPURAM VENKATAPURAM VENKATAPURAM(VILLAGE) BANAGANAPALLI(MANDAL) KURNOOL(DIST),518124,sreenivaskankara[at]gmail[dot]com,https://kys.udiseplus.gov.in/#/schooldetail/4701259/12,4701259,23/06/2025 10:31,2367
******00204 Operational,,MPPS VENKATAPURAM,,,,Andhra Pradesh,1-Primary,33-MPP_ZPP SCHOOLS,1 To 5,3-Co-educational,1-Rural,Dhone Alias Dronachalam,Venkatapuram,,,VENKATAPURAM VENKATAPURAM VENKATAPURAM(VILLAGE) DHONE(MANDAL) KURNOOL(DIST),518225,,https://kys.udiseplus.gov.in/#/schooldetail/4701623/12,4701623,20/09/2024 16:16,2367
******00901 Operational,,MPPS VENKATESWARAPURAM,,,,Andhra Pradesh,1-Primary,33-MPP_ZPP SCHOOLS,1 To 5,3-Co-educational,2-Urban,NA,,MOOLASAGARAM(RURAL) Ward No.33,Nandyal-Municipality,VENKATESWARAPURAM UDUMALPURAM UDUMALPURAM(VILLAGE) NANDYAL(MANDAL) KURNOOL(DIST),518502,suresh4444b[at]gmail[dot]com,https://kys.udiseplus.gov.in/#/schooldetail/4700437/12,4700437,14/09/2024 15:05,2367
******01302 Operational,,MPPS VENTIVELAGALA,,,,Andhra Pradesh,1-Primary,33-MPP_ZPP SCHOOLS,1 To 5,3-Co-educational,1-Rural,Gospadu,Vantivelagala,,,VANTIVELAGALA VANTIVELAGALA VANTIVELAGALA(VILLAGE) GOSPADU(MANDAL) KURNOOL(DIST),518674,meo.gospadu2[at]gmail[dot]com,https://kys.udiseplus.gov.in/#/schooldetail/4701140/12,4701140,19/12/2025 11:05,2367
******00918 Operational,,MPPS VISWAROOPA NAGAR,,,,Andhra Pradesh,1-Primary,33-MPP_ZPP SCHOOLS,1 To 5,3-Co-educational,2-Urban,NA,,Allagadda Ward no. 17,Allagadda-Town Panchayat,VISWAROOPA NAGAR ALLAGADDA ALLAGADDA(VILLAGE) ALLAGADDA(MANDAL) KURNOOL(DIST),518543,mppsviswaroopanagar[at]gmail[dot]com,https://kys.udiseplus.gov.in/#/schooldetail/4700893/12,4700893,15/10/2020 12:18,2367
******02601 Operational,,MPPS VITTALAPURAM,,,,Andhra Pradesh,1-Primary,33-MPP_ZPP SCHOOLS,1 To 5,3-Co-educational,1-Rural,Banaganapalle,Vittalapuram,,,VITTALAPURAM VITTALAPURAM VITTALAPURAM(VILLAGE) BANAGANAPALLI(MANDAL) KURNOOL(DIST),518124,mppsvittalapuram[at]gmail[dot]com,https://kys.udiseplus.gov.in/#/schooldetail/4701285/12,4701285,11/05/2022 11:45,2367
******00302 Operational,,MPPS V.RAMAPURAM,,,,Andhra Pradesh,1-Primary,33-MPP_ZPP SCHOOLS,1 To 5,3-Co-educational,1-Rural,Atmakur,Vadla Ramapuram,,,VADLA RAMAPURAM VADLA RAMAPURAM VADLA RAMAPURAM(VILLAGE) ATMAKUR(MANDAL) KURNOOL(DIST),518422,sekhar.c97[at]gmail[dot]com,https://kys.udiseplus.gov.in/#/schooldetail/4698570/12,4698570,15/10/2020 12:18,2367
******00106 Operational,,"MPPS V.R NAGAR, ATMAKUR",,,,Andhra Pradesh,1-Primary,33-MPP_ZPP SCHOOLS,1 To 5,3-Co-educational,2-Urban,NA,,Atmakurknl Ward No. 19,Atmakur (Kurnool)-Municipality,V.R.NAGAR ATMAKUR ATMAKUR(VILLAGE) ATMAKUR(MANDAL) KURNOOL(DIST),518422,sekharnaik1970[at]gmail[dot]com,https://kys.udiseplus.gov.in/#/schooldetail/4698512/12,4698512,15/10/2020 12:18,2367
******01102 Operational,,MPPS V.R PURAM,,,,Andhra Pradesh,1-Primary,33-MPP_ZPP SCHOOLS,1 To 5,3-Co-educational,1-Rural,Pamulapadu,Vanala,,,VENKATARAMAPURAM VANALA VANALA(VILLAGE) PAMULAPADU(MANDAL) KURNOOL(DIST),518508,pp7036675[at]gmail[dot]com,https://kys.udiseplus.gov.in/#/schooldetail/4650027/12,4650027,13/05/2022 13:09,2367
******00804 Operational,,MPPS WAKERS COLONY,,,,Andhra Pradesh,1-Primary,33-MPP_ZPP SCHOOLS,1 To 5,3-Co-educational,1-Rural,Bandi Atmakur,Bandi Atmakur,,,WEAKERS COLONY BANDI ATMAKUR BANDI ATMAKUR(VILLAGE) BANDIATMAKUR(MANDAL) KURNOOL(DIST),518523,mallela.breddy[at]gmail[dot]com,https://kys.udiseplus.gov.in/#/schooldetail/4700350/12,4700350,08/05/2022 11:07,2367
******00902 Operational,,MPPS WARDI&II ALLAGADDA,,,,Andhra Pradesh,1-Primary,33-MPP_ZPP SCHOOLS,1 To 5,3-Co-educational,2-Urban,NA,,Allagadda Ward no. 14,Allagadda-Town Panchayat,WARD I & II ALLAGADDA ALLAGADDA(VILLAGE) ALLAGADDA(MANDAL) KURNOOL(DIST),518543,madhavidevivalmiki[at]gmail[dot]com,https://kys.udiseplus.gov.in/#/schooldetail/4700879/12,4700879,15/10/2020 12:18,2367
******00702 Operational,,MPPS WEAVERS COLONY,,,,Andhra Pradesh,1-Primary,33-MPP_ZPP SCHOOLS,1 To 5,3-Co-educational,2-Urban,NA,,Allagadda Ward no. 18,Allagadda-Town Panchayat,WEAVES COLONY PEDDACHINTAKUNTA PEDDACHINTAKUNT(VILLAGE) ALLAGADDA(MANDAL) KURNOOL(DIST),518543,,https://kys.udiseplus.gov.in/#/schooldetail/4700872/12,4700872,15/10/2020 12:18,2367
******00205 Operational,,MPPS W.GOVINDINNE,,,,Andhra Pradesh,1-Primary,33-MPP_ZPP SCHOOLS,1 To 5,3-Co-educational,1-Rural,Dornipadu,W.Govindinne,,,W.GOVINDINNE (VILLAGE) DORNIPADU (MANDAL) KURNOOL(DIST),518135,somularajeswaramma[at]gmail[dot]com,https://kys.udiseplus.gov.in/#/schooldetail/4701088/12,4701088,08/05/2022 12:45,2367
******00104 Operational,,MPPS XTH ATMAKUR,,,,Andhra Pradesh,1-Primary,33-MPP_ZPP SCHOOLS,1 To 5,3-Co-educational,2-Urban,NA,,Atmakurknl Ward No. 16,Atmakur (Kurnool)-Municipality,ATMAKUR NEAR KANAKAPARAMESHWARI TEMPLE ATMAKUR(VILLAGE) ATMAKUR(MANDAL) KURNOOL(DIST),518422,vijayanji12[at]gmail[dot]com,https://kys.udiseplus.gov.in/#/schooldetail/4698511/12,4698511,15/10/2020 12:18,2367
******01301 Operational,,MPPS YADAWADDA,,,,Andhra Pradesh,1-Primary,33-MPP_ZPP SCHOOLS,1 To 5,3-Co-educational,1-Rural,Allagadda,Yadawada,,,YADAWADA YADAWADA YADAWADA(VILLAGE) ALLAGADDA(MANDAL) KURNOOL(DIST),518543,,https://kys.udiseplus.gov.in/#/schooldetail/4700949/12,4700949,24/12/2025 16:22,2367
******02201 Operational,,MPPS YAGANTIPALLE,,,,Andhra Pradesh,1-Primary,33-MPP_ZPP SCHOOLS,1 To 5,3-Co-educational,1-Rural,Banaganapalle,Yagantipalle,,,YAGANTIPALLE YAGANTIPALLE YAGANTIPALLE(VILLAGE) BANAGANAPALLI(MANDAL) KURNOOL(DIST),518124,p.mukunda.reddy69[at]gmail[dot]com,https://kys.udiseplus.gov.in/#/schooldetail/4701280/12,4701280,24/12/2025 18:03,2367
******00102 Operational,,MPPS YAPADINNE,,,,Andhra Pradesh,1-Primary,33-MPP_ZPP SCHOOLS,1 To 5,3-Co-educational,1-Rural,Dhone Alias Dronachalam,Yapadinne,,,YAPADINNE MALLIYALA YAPADINNE(VILLAGE) DHONE(MANDAL) KURNOOL(DIST),518222,rajiram22031982[at]gmail[dot]com,https://kys.udiseplus.gov.in/#/schooldetail/4701619/12,4701619,21/09/2024 16:08,2367
******00902 Operational,,MPPS YENUGUMARRI,,,,Andhra Pradesh,1-Primary,33-MPP_ZPP SCHOOLS,1 To 5,3-Co-educational,1-Rural,Peapully,Mettupalle,,,YENUGUMARRI METTUPALLE METTUPALLE(VILLAGE) PEAPULLY(MANDAL) KURNOOL(DIST),518221,lakshmidevi1966v[at]gmail[dot]com,https://kys.udiseplus.gov.in/#/schooldetail/4701565/12,4701565,15/10/2020 12:18,2367
******00201 Operational,,MPPS YERRAGUDI,,,,Andhra Pradesh,1-Primary,33-MPP_ZPP SCHOOLS,1 To 5,3-Co-educational,1-Rural,Banaganapalle,Yerragudi,,,YERRAGUDI(VILLAGE) BANAGANAPALLI(MANDAL) NANDYAL(DIST),518124,boyiniravi21[at]gmail[dot]com,https://kys.udiseplus.gov.in/#/schooldetail/4701227/12,4701227,24/12/2025 17:50,2367
******00902 Operational,,MPPS YERRAGUNTLA,,,,Andhra Pradesh,1-Primary,33-MPP_ZPP SCHOOLS,1 To 5,3-Co-educational,1-Rural,Bandi Atmakur,Yerraguntla,,,YERRAGUNTLA YERRAGUNTLA YERRAGUNTLA(VILLAGE) BANDIATMAKUR(MANDAL) KURNOOL(DIST),518523,aliyabegum.st[at]gmail[dot]com,https://kys.udiseplus.gov.in/#/schooldetail/4699240/12,4699240,15/10/2020 12:18,2367
******00901 Operational,,MPPS YERRAGUNTLA,,,,Andhra Pradesh,1-Primary,33-MPP_ZPP SCHOOLS,1 To 5,3-Co-educational,1-Rural,Bandi Atmakur,Yerraguntla,,,YERRAGUNTLA YERRAGUNTLA YERRAGUNTLA(VILLAGE) BANDIATMAKUR(MANDAL) KURNOOL(DIST),518523,manitharanim[at]gmail[dot]com,https://kys.udiseplus.gov.in/#/schooldetail/4699239/12,4699239,15/10/2020 12:18,2367
******01401 Operational,,MPPS ZADDUVARIPALLE,,,,Andhra Pradesh,1-Primary,33-MPP_ZPP SCHOOLS,1 To 5,3-Co-educational,1-Rural,Kothapalle,Edurupadu,,,ZADDUVARIPALLE ZADDUVARIPALLE EDURUPADU(VILLAGE) KOTAPALLI(MANDAL) KURNOOL(DIST),518422,kamatamrajakuamr9[at]gmail[dot]com,https://kys.udiseplus.gov.in/#/schooldetail/4698504/12,4698504,07/05/2022 20:43,2367
******01001 Operational,,MPPS ZILLELLA,,,,Andhra Pradesh,1-Primary,33-MPP_ZPP SCHOOLS,1 To 5,3-Co-educational,1-Rural,Banaganapalle,Jillella,,,JILLELLA(VILLAGE) BANAGANAPALLI(MANDAL) KURNOOL(DIST),518176,skdilshad825[at]gmai[dot]com,https://kys.udiseplus.gov.in/#/schooldetail/4701252/12,4701252,30/08/2024 10:26,2367
******00401 Operational,,MPUPS ALLUR,,,,Andhra Pradesh,2-Primary with Upper Primary,33-MPP_ZPP SCHOOLS,1 To 8,3-Co-educational,1-Rural,Uyyalawada,Allur,,,ALLUR ALLUR ALLUR(VILLAGE) UYYALAWADA(MANDAL) KURNOOL(DIST),518134,allurmpups7[at]gmail[dot]com,https://kys.udiseplus.gov.in/#/schooldetail/4713537/12,4713537,11/03/2024 20:07,2367
******00502 Operational,,MPUPS BHEEMAVARAM,,,,Andhra Pradesh,2-Primary with Upper Primary,33-MPP_ZPP SCHOOLS,1 To 8,3-Co-educational,1-Rural,Nandyal,Bheemavaram,,,BHEEMAVARAM BHEEMAVARAM BHEEMAVARAM(VILLAGE) NANDYAL(MANDAL) KURNOOL(DIST),518523,sumion123[at]gmail[dot]com,https://kys.udiseplus.gov.in/#/schooldetail/4699271/12,4699271,12/03/2024 10:41,2367
******01001 Operational,,MPUPS BIJINAVEMULA,,,,Andhra Pradesh,2-Primary with Upper Primary,33-MPP_ZPP SCHOOLS,1 To 8,3-Co-educational,1-Rural,Koilakuntla,Bijinavemula,,,BIJINAVEMULA(VILLAGE) KOILAKUNTLA(MANDAL) KURNOOL(DIST),518134,raghavammasarvala0[at]gmail[dot]com,https://kys.udiseplus.gov.in/#/schooldetail/4701163/12,4701163,23/12/2025 16:28,2367
******01302 Closed,Closed,MPUPS KALUGOTLAPALLE,,,,Andhra Pradesh,2-Primary with Upper Primary,33-MPP_ZPP SCHOOLS,1 To 7,3-Co-educational,1-Rural,Chagalamarri,Kalugotlapalle,,,KALUGOTLAPALLE KALUGOTLAPALLE KALUGOTLAPALLE(VILLAGE) CHAGALAMARRI(MANDAL) KURNOOL(DIST),518553,,https://kys.udiseplus.gov.in/#/schooldetail/4700996/12,4700996,15/10/2020 12:18,2367
******01302 Operational,,MPUPS KOKKERANCHA,,,,Andhra Pradesh,2-Primary with Upper Primary,33-MPP_ZPP SCHOOLS,1 To 8,3-Co-educational,1-Rural,Kothapalle,Kokkerancha,,,KOKKERANCHA KOKKERANCHA KOKKERANCHA(VILLAGE) KOTAPALLI(MANDAL) KURNOOL(DIST),518422,,https://kys.udiseplus.gov.in/#/schooldetail/4698503/12,4698503,07/05/2022 20:42,2367
******01004 Operational,,MPUPS LAXMAPURAM,,,,Andhra Pradesh,2-Primary with Upper Primary,33-MPP_ZPP SCHOOLS,1 To 8,3-Co-educational,1-Rural,Pagidyala,Laxmapuram,,,LAXMAPURAM PAGIDALA LAXMAPURAM(VILLAGE) PAGIDALA(MANDAL) KURNOOL(DIST),518412,,https://kys.udiseplus.gov.in/#/schooldetail/4698463/12,4698463,11/03/2024 21:54,2367
******01702 Operational,,MPUPS PEDDA EMMANUR,,,,Andhra Pradesh,2-Primary with Upper Primary,33-MPP_ZPP SCHOOLS,1 To 7,3-Co-educational,1-Rural,Uyyalawada,Pedda Emmanur,,,PEDDA EMMANUR PEDDA EMMANUR PEDDA EMMANUR(VILLAGE) UYYALAWADA(MANDAL) KURNOOL(DIST),518155,mpupspeddaemmanur[at]gmail[dot]com,https://kys.udiseplus.gov.in/#/schooldetail/4701077/12,4701077,15/10/2020 12:18,2367
******01101 Operational,,MPUPS THOGARCHEDU,,,,Andhra Pradesh,2-Primary with Upper Primary,33-MPP_ZPP SCHOOLS,1 To 8,3-Co-educational,1-Rural,Panyam,Thogarchedu,,,THOGARCHEDU THOGARCHEDU THOGARCHEDU(VILLAGE) PANYAM(MANDAL) KURNOOL(DIST),518112,meo.panyam[at]gmail[dot]com,https://kys.udiseplus.gov.in/#/schooldetail/4700254/12,4700254,11/03/2024 21:40,2367
******00906 Operational,,MPUPS(U) ALLAGADDA,,,,Andhra Pradesh,2-Primary with Upper Primary,33-MPP_ZPP SCHOOLS,1 To 8,3-Co-educational,2-Urban,NA,,Allagadda Ward no. 10,Allagadda-Town Panchayat,ALLAGADDA ALLAGADDA ALLAGADDA(VILLAGE) ALLAGADDA(MANDAL) KURNOOL(DIST),518543,haseenasultana1000[at]gmail[dot]com,https://kys.udiseplus.gov.in/#/schooldetail/4700883/12,4700883,15/10/2020 12:18,2367
******90201 Operational,,MPUPS(U) B.CHERLA,,,,Andhra Pradesh,2-Primary with Upper Primary,33-MPP_ZPP SCHOOLS,1 To 8,3-Co-educational,2-Urban,NA,,Election Ward No.4,BETHAMCHERLA-Town Panchayat,"ASARPETA BETHAMCHERLA ,BETHAMCHERLA(VILLAGE) BETHAMCHERLA(MANDAL) KURNOOL(DIST)",518599,shameemnanne[at]gmail[dot]com,https://kys.udiseplus.gov.in/#/schooldetail/4700171/12,4700171,01/08/2022 16:41,2367
******01504 Operational,,MPUPS(U) DUDYALA,,,,Andhra Pradesh,2-Primary with Upper Primary,33-MPP_ZPP SCHOOLS,1 To 8,3-Co-educational,1-Rural,Kothapalle,Dudyala,,,DUDYALA DUDYALA DUDYALA(VILLAGE) KOTAPALLI(MANDAL) KURNOOL(DIST),518422,,https://kys.udiseplus.gov.in/#/schooldetail/4698507/12,4698507,07/05/2022 20:46,2367
******00902 Operational,,MPUPS UDUMALPURAM,,,,Andhra Pradesh,2-Primary with Upper Primary,33-MPP_ZPP SCHOOLS,1 To 8,3-Co-educational,2-Urban,NA,,MOOLASAGARAM(RURAL) Ward No.33,Nandyal-Municipality,"MPUPS UDUMALPURAM, NANDYAL MANDAL,NANDYAL DISTRICT",518502,hariniy10bgs18080020[at]gmail[dot]com,https://kys.udiseplus.gov.in/#/schooldetail/4700438/12,4700438,20/06/2025 13:07,2367
******01505 Operational,,MPUPS(U) KANALA,,,,Andhra Pradesh,2-Primary with Upper Primary,33-MPP_ZPP SCHOOLS,1 To 8,3-Co-educational,1-Rural,Nandyal,Kanala,,,KANALA KANALA KANALA(VILLAGE) NANDYAL(MANDAL) KURNOOL(DIST),518502,,https://kys.udiseplus.gov.in/#/schooldetail/4700474/12,4700474,15/10/2020 12:18,2367
******01005 Operational,,MPUPS(U) LAXMAPURAM,,,,Andhra Pradesh,2-Primary with Upper Primary,33-MPP_ZPP SCHOOLS,1 To 8,3-Co-educational,1-Rural,Pagidyala,Laxmapuram,,,LAXMAPURAM PAGIDALA LAXMAPURAM(VILLAGE) PAGIDALA(MANDAL) KURNOOL(DIST),518412,,https://kys.udiseplus.gov.in/#/schooldetail/4698467/12,4698467,15/10/2020 12:18,2367
******00403 Operational,,MPUPS(U) MIDTHUR,,,,Andhra Pradesh,2-Primary with Upper Primary,33-MPP_ZPP SCHOOLS,1 To 8,3-Co-educational,1-Rural,Midthur,Midthur,,,MIDTHUR MIDTHUR MIDTHUR(VILLAGE) MIDTHUR(MANDAL) KURNOOL(DIST),518405,mppsurdumidthur[at]gmail[dot]com,https://kys.udiseplus.gov.in/#/schooldetail/4698762/12,4698762,19/12/2025 19:22,2367
******00704 Operational,,MPUPS (U) PAMULAPADU,,,,Andhra Pradesh,2-Primary with Upper Primary,33-MPP_ZPP SCHOOLS,1 To 8,3-Co-educational,1-Rural,Pamulapadu,Pamulapadu,,,PAMULAPADU PAMULAPADU PAMULAPADU(VILLAGE) PAMULAPADU(MANDAL) KURNOOL(DIST),518442,MEO.PAMULAPADU[at]GMAIL[dot]COM,https://kys.udiseplus.gov.in/#/schooldetail/4698689/12,4698689,11/05/2022 16:10,2367
******00601 Operational,,MPUPS(U) PANYAM,,,,Andhra Pradesh,2-Primary with Upper Primary,33-MPP_ZPP SCHOOLS,1 To 8,3-Co-educational,1-Rural,Panyam,Panyam,,,PANYAM PANYAM PANYAM(VILLAGE) PANYAM(MANDAL) KURNOOL(DIST),518112,rsharoon16[at]gmail[dot]com,https://kys.udiseplus.gov.in/#/schooldetail/4700219/12,4700219,11/05/2022 10:27,2367
******01202 Operational,,MPUPS(U) TALAMUDIPI,,,,Andhra Pradesh,2-Primary with Upper Primary,33-MPP_ZPP SCHOOLS,1 To 8,3-Co-educational,1-Rural,Midthur,Talamudipi,,,TALAMUDIPI TALAMUDIPI TALAMUDIPI(VILLAGE) MIDTHUR(MANDAL) KURNOOL(DIST),518508,sonusaanvi786[at]gmail[dot]com,https://kys.udiseplus.gov.in/#/schooldetail/4698783/12,4698783,19/12/2025 19:30,2367
******01402 Operational,,MPUPS(U) YALLUR,,,,Andhra Pradesh,2-Primary with Upper Primary,33-MPP_ZPP SCHOOLS,1 To 8,3-Co-educational,1-Rural,Gospadu,Yalluru,,,OPP SYNDICATE BANK YALLURU YALLURU VILLAGE GOSPADU MANDAL KURNOOL DIST,518573,azeemunnisa3031[at]gmail[dot]com,https://kys.udiseplus.gov.in/#/schooldetail/4701142/12,4701142,19/12/2025 11:03,2367
******00903 Operational,,MPUPS(U) YERRAGUNTLA,,,,Andhra Pradesh,2-Primary with Upper Primary,33-MPP_ZPP SCHOOLS,1 To 8,3-Co-educational,1-Rural,Sirivel,Yerragundla,,,YERRAGUNTLA SIRVEL YERRAGUNTLA(VILLAGE) SIRVEL(MANDAL) KURNOOL(DIST),518510,chandbasha949450[at]gmail[dot]com,https://kys.udiseplus.gov.in/#/schooldetail/4700776/12,4700776,19/09/2024 09:53,2367
******01002 Operational,,MPUPS VANIKEMDINNE,,,,Andhra Pradesh,2-Primary with Upper Primary,33-MPP_ZPP SCHOOLS,1 To 8,3-Co-educational,1-Rural,Sirivel,Vanikemdinne,,,VANIKEMDINNE VANIKEMDINNE VANIKEMDINNE(VILLAGE) SIRVEL(MANDAL) KURNOOL(DIST),518573,kumarkalangiri51[at]gmail[dot]com,https://kys.udiseplus.gov.in/#/schooldetail/4700787/12,4700787,19/09/2024 10:01,2367
******00631 Operational,,Nagarjuna EM and TM HS Nandyal,,,,Andhra Pradesh,7-Upper Pr. and Secondary,38-Pvt.Unaided,6 To 10,3-Co-educational,2-Urban,NA,,Nandyal (M) - Ward No.8,Nandyal-Municipality,NANDYAL NANDYAL,518502,nagarjuna08scl[at]gmail[dot]com,https://kys.udiseplus.gov.in/#/schooldetail/4700411/12,4700411,15/10/2020 12:18,2367
******91437 Operational,,"NAGASAI UP S, KRANTHI NAGAR",,,,Andhra Pradesh,2-Primary with Upper Primary,38-Pvt.Unaided,1 To 7,3-Co-educational,2-Urban,NA,,Nandyal (M) - Ward No.22,Nandyal-Municipality,KANTHINAGAR NANDYAL NANDYAL (M)-2(VILLAGE) NANDYAL(MANDAL) KURNOOL(DIST),518502,,https://kys.udiseplus.gov.in/#/schooldetail/4700605/12,4700605,12/03/2024 12:38,2367
******00616 Operational,,NALANDA ENG PS DHONE,,,,Andhra Pradesh,1-Primary,38-Pvt.Unaided,1 To 5,3-Co-educational,2-Urban,NA,,Dhone Ward No. 13,Dhone(M)-Municipality,DHONE NEAR MROS OFFICE DHONE(VILLAGE) DHONE(MANDAL) KURNOOL(DIST),518222,purushothamnaidu665[at]gmail[dot]com,https://kys.udiseplus.gov.in/#/schooldetail/4701648/12,4701648,21/04/2023 15:31,2367
******00147 Operational,,NALANDA HIGH SCHOOL ATMAKUR,,,,Andhra Pradesh,7-Upper Pr. and Secondary,38-Pvt.Unaided,6 To 10,3-Co-educational,2-Urban,NA,,Atmakurknl Ward No. 13,Atmakur (Kurnool)-Municipality,KAPPALAKUNTA ATMAKUR ATMAKUR(VILLAGE) ATMAKUR(MANDAL) KURNOOL(DIST),518422,meo.atmakur[at]gmail[dot]com,https://kys.udiseplus.gov.in/#/schooldetail/4697484/12,4697484,15/10/2020 12:18,2367
******00644 Operational,,NALANDA HIGH SCHOOL DHONE,,,,Andhra Pradesh,7-Upper Pr. and Secondary,38-Pvt.Unaided,6 To 10,3-Co-educational,2-Urban,NA,,Dhone Ward No. 13,Dhone(M)-Municipality,DHONE (VILLPOST) NEAR MRO OFFICE DHONE(VILLAGE) DHONE(MANDAL) KURNOOL(DIST),518222,purushothamnaidu665[at]gmail[dot]com,https://kys.udiseplus.gov.in/#/schooldetail/4701665/12,4701665,15/10/2020 12:18,2367
******00615 Operational,,NALANDA HIGH S NANDYAL,,,,Andhra Pradesh,7-Upper Pr. and Secondary,38-Pvt.Unaided,6 To 10,3-Co-educational,2-Urban,NA,,Nandyal (M) - Ward No.30,Nandyal-Municipality,NANDYAL MUNICIPALITY NANDYAL NANDYAL(VILLAGE) NANDYAL(MANDAL) KURNOOL(DIST),518502,nalanda992[at]gmail[dot]com,https://kys.udiseplus.gov.in/#/schooldetail/4700397/12,4700397,15/10/2020 12:18,2367
******00623 Operational,,NALANDA P.M.S NANDYALA,,,,Andhra Pradesh,1-Primary,38-Pvt.Unaided,1 To 5,3-Co-educational,2-Urban,NA,,Nandyal (M) - Ward No.30,Nandyal-Municipality,H.NO.30-672/A10 B. SATHRAM NANDYAL NANDYAL(VILLAGE) NANDYAL(MANDAL) KURNOOL(DIST),518502,nalanda992[at]gmail[dot]com,https://kys.udiseplus.gov.in/#/schooldetail/4700405/12,4700405,21/04/2023 15:31,2367
******00124 Operational,,NALANDA PRIMARY SCHOOL ATMAKUR,,,,Andhra Pradesh,1-Primary,38-Pvt.Unaided,1 To 5,3-Co-educational,2-Urban,NA,,Atmakurknl Ward No. 13,Atmakur (Kurnool)-Municipality,ATMAKUR KAPPALAKUNTA ATMAKUR(VILLAGE) ATMAKUR(MANDAL) KURNOOL(DIST),518422,,https://kys.udiseplus.gov.in/#/schooldetail/4698528/12,4698528,21/04/2023 15:31,2367
******02108 Operational,,NALANDA UPPER PRIMARY SCHOOL NOSSAM,,,,Andhra Pradesh,2-Primary with Upper Primary,38-Pvt.Unaided,1 To 7,3-Co-educational,1-Rural,Sanjamala,Nossam,,,NOSSAM SANJAMALA NOSSAM(VILLAGE) SANJAMALA(MANDAL) KURNOOL(DIST),518145,srinalanda22545[at]gmail[dot]com,https://kys.udiseplus.gov.in/#/schooldetail/4700276/12,4700276,23/12/2025 15:52,2367
******01837 Operational,,NALANDA VIDYA NIKETHAN KANALA,,,,Andhra Pradesh,2-Primary with Upper Primary,38-Pvt.Unaided,1 To 7,3-Co-educational,1-Rural,Nandyal,Kanala,,,KANALA VILLAGE NANDYAL MANDAL AND DISTRICT,518502,maheswarareddyru[at]gmail[dot]co,,,24/12/2025 15:35,2367
******91446 Operational,,NALLAMALA EM UP S BOMMALASATRAM,,,,Andhra Pradesh,2-Primary with Upper Primary,38-Pvt.Unaided,1 To 7,3-Co-educational,2-Urban,NA,,Ayyalur (OG) (Part) - Ward No.32,Nandyal-Municipality,BOMMALASATRAM RS ROAD NANDYAL NANDYAL NANDYAL (M)-2(VILLAGE) NANDYAL(MANDAL) KURNOOL(DIST),518502,venkatmurali40[at]gmail[dot]com,https://kys.udiseplus.gov.in/#/schooldetail/4700612/12,4700612,15/10/2020 12:18,2367
******01109 Closed,Closed,NANDI ACADEMY HIGH SCHOOL RYTHUNAGAR,,,,Andhra Pradesh,7-Upper Pr. and Secondary,39-Pvt.Unaided (CBSE Syllabus),6 To 10,3-Co-educational,2-Urban,NA,,Nandyal (M) - Ward No.30,Nandyal-Municipality,KRANTHI NAGAR,518502,principal[at]nandiacademy[dot]com,https://kys.udiseplus.gov.in/#/schooldetail/4699333/12,4699333,15/10/2020 12:18,2367
******01108 Closed,Closed,NANDI ACADEMY PRIMARY SCHOOL RYTHUNAGAR,,,,Andhra Pradesh,1-Primary,38-Pvt.Unaided,1 To 5,3-Co-educational,2-Urban,NA,,Nandyal (M) - Ward No.30,Nandyal-Municipality,kranthi nagar,518502,principal[at]nandiacadamy[dot]com,https://kys.udiseplus.gov.in/#/schooldetail/4700451/12,4700451,15/10/2020 12:18,2367
******00691 Operational,,NARAYANA EM HIGH SCHOOL DHONE,,,,Andhra Pradesh,7-Upper Pr. and Secondary,38-Pvt.Unaided,6 To 10,3-Co-educational,2-Urban,NA,,Dhone Ward No. 17,Dhone(M)-Municipality,H NO 7-7-2-3 NEHRU NAGARDHONE,518222,knldhone.etechno[at]narayanagroup[dot]com,https://kys.udiseplus.gov.in/#/schooldetail/4701694/12,4701694,15/10/2020 12:18,2367
******00643 Operational,,NARAYANA EM HS NANDYAL,,,,Andhra Pradesh,7-Upper Pr. and Secondary,38-Pvt.Unaided,6 To 10,3-Co-educational,2-Urban,NA,,Nandyal (M) - Ward No.13,Nandyal-Municipality,PADMAVATHI NAGAR,518502,knlndlencs[at]narayanagroup[dot]com,https://kys.udiseplus.gov.in/#/schooldetail/4700420/12,4700420,15/10/2020 12:18,2367
******00690 Operational,,NARAYANA EM PRIMARY SCHOOL DHONE,,,,Andhra Pradesh,1-Primary,38-Pvt.Unaided,1 To 5,3-Co-educational,2-Urban,NA,,Dhone Ward No. 17,Dhone(M)-Municipality,H NO 7-7-2-3NEHRU NAGAR DHONE,518222,knldhone.etechno[at]narayanagroup[dot]com,https://kys.udiseplus.gov.in/#/schooldetail/4701693/12,4701693,21/04/2023 15:31,2367
******01617 Operational,,NARAYANA EM SCHOOL NGOS COLONY NANDYAL,,,,Andhra Pradesh,7-Upper Pr. and Secondary,38-Pvt.Unaided,6 To 10,3-Co-educational,2-Urban,Nandyal,,Nandyal (M) - Ward No.23,Nandyal-Municipality,NEAR NGOs COLONY NANDYAL,518502,knlndloncs1914[at]narayanagroup[dot]com,https://kys.udiseplus.gov.in/#/schooldetail/4722060/12,4722060,30/12/2025 12:39,2367
******01594 Operational,,NARAYANA EM SCHOOL SAI BABANAGAR NDL,,,,Andhra Pradesh,6-Pr. Up Pr. and Secondary Only,38-Pvt.Unaided,1 To 10,3-Co-educational,2-Urban,NA,,NA,NA,SAIBABA NAGAR NANDYAL,518502,,https://kys.udiseplus.gov.in/#/schooldetail/4722028/12,4722028,24/12/2025 13:04,2367
******01991 Operational,,NARAYANA ENGLISH MEDIUM SCHOOL NANDIKOTKUR,,,,Andhra Pradesh,6-Pr. Up Pr. and Secondary Only,38-Pvt.Unaided,1 To 10,3-Co-educational,2-Urban,Nandikotkur,,Nandikotkur Ward No. 12,Nandikotkur-Town Panchayat,"SIVAJI NAGAR, NANDYAL ROAD NANDIKOTKUR",518401,knlndktrencs1532[at]narayanagroup[dot]com,,,11/12/2025 12:57,2367
******00662 Operational,,NARAYANA HIGH SCHOOL NGOS COLONY NANDYAAL,,,,Andhra Pradesh,7-Upper Pr. and Secondary,38-Pvt.Unaided,6 To 10,3-Co-educational,2-Urban,NA,,Nandyal (M) - Ward No.18,Nandyal-Municipality,NGOs COLONY NANDYAL,518501,nsch9342[at]gmail[dot]com,https://kys.udiseplus.gov.in/#/schooldetail/4700428/12,4700428,15/10/2020 12:18,2367
******00668 Permanently Closed,,NARAYANA JR. COLLEGE,,,,Andhra Pradesh,11-Higher Secondary only/Jr. College,38-Pvt.Unaided,11 To 12,3-Co-educational,2-Urban,NA,,Nandyal (M) - Ward No.25,Nandyal-Municipality,NA,518501,,https://kys.udiseplus.gov.in/#/schooldetail/4717449/12,4717449,15/10/2020 12:18,2367
******01509 Operational,,NARAYANA PANDY EM UPS KANALA NDL,,,,Andhra Pradesh,2-Primary with Upper Primary,38-Pvt.Unaided,1 To 7,3-Co-educational,1-Rural,Nandyal,Kanala,,,Near Lingavadhutha Matham Kanala village Nandyal Mandal,518593,sreenivaspandey11[at]gmail[dot]com,https://kys.udiseplus.gov.in/#/schooldetail/4700478/12,4700478,21/04/2023 15:31,2367
******00642 Operational,,NARAYANA PRIMARY E/M SCHOOL NANDYAL,,,,Andhra Pradesh,1-Primary,38-Pvt.Unaided,1 To 5,3-Co-educational,2-Urban,NA,,Nandyal (M) - Ward No.13,Nandyal-Municipality,PADMAVATHI NAGAR,518501,narayana[at]gmail[dot]com,https://kys.udiseplus.gov.in/#/schooldetail/4700419/12,4700419,21/04/2023 15:31,2367
******91435 Operational,,NARAYANA PS NGOS COLONY,,,,Andhra Pradesh,1-Primary,38-Pvt.Unaided,1 To 5,3-Co-educational,2-Urban,NA,,Nandyal (M) - Ward No.18,Nandyal-Municipality,NGO's COLONY NANDYAL,518501,meo.nandyal34[at]gmail[dot]com,https://kys.udiseplus.gov.in/#/schooldetail/4700603/12,4700603,21/04/2023 15:31,2367
******00568 Operational,,NARAYANA UP ENGLISH MEDIUM SCHOOL NGOS COLONY NANDYAL,,,,Andhra Pradesh,2-Primary with Upper Primary,38-Pvt.Unaided,1 To 7,3-Co-educational,2-Urban,NA,,Nandyal (M) - Ward No.15,Nandyal-Municipality,NARAYANA UPS NGOS COLONY,518501,knlndlsbn1540[at]narayanagroup[dot]com,https://kys.udiseplus.gov.in/#/schooldetail/4720981/12,4720981,21/04/2023 15:31,2367
******91527 Operational,,NATIONAL EM TM HIGH SCHOOL NANDYAL,,,,Andhra Pradesh,7-Upper Pr. and Secondary,38-Pvt.Unaided,6 To 10,3-Co-educational,2-Urban,NA,,Nandyal (M) - Ward No.6,Nandyal-Municipality,NADIGADDA NANDYAL,518501,,https://kys.udiseplus.gov.in/#/schooldetail/4700672/12,4700672,26/06/2021 10:09,2367
******91456 Operational,,NATIONAL E.M.T.M. SCHOOL NANDYAL,,,,Andhra Pradesh,2-Primary with Upper Primary,38-Pvt.Unaided,1 To 7,3-Co-educational,2-Urban,NA,,Nandyal (M) - Ward No.6,Nandyal-Municipality,NANDYAL NANDYAL NANDYAL NANDYAL MANDAL KURNOOL DIST,518501,,https://kys.udiseplus.gov.in/#/schooldetail/4700622/12,4700622,21/04/2023 15:31,2367
******00205 Operational,,NATIONAL EM UPS NANDAMURI NAGAR NANDYAL,,,,Andhra Pradesh,2-Primary with Upper Primary,38-Pvt.Unaided,1 To 7,3-Co-educational,2-Urban,NA,,Nandyal Ward No. 37,Nandyal-Municipality,NANDAMURINAGAR NANDYAL,518501,national[at]gmail[dot]com,https://kys.udiseplus.gov.in/#/schooldetail/4719606/12,4719606,26/12/2025 12:59,2367
******03136 Operational,,NATIONAL UP SCHOOL BANAGANAPALLI,,,,Andhra Pradesh,2-Primary with Upper Primary,38-Pvt.Unaided,1 To 7,3-Co-educational,1-Rural,Banaganapalle,Enakandla,,,Yanakandla Village Banaganapalle Mdl Nandyal Dist,518124,nationalschoolbpl[at]gmail[dot]com,https://kys.udiseplus.gov.in/#/schooldetail/4701326/12,4701326,10/09/2024 09:42,2367
******91425 Operational,,NAVABHARAT EM/TM H.S NOONEPALLI,,,,Andhra Pradesh,7-Upper Pr. and Secondary,38-Pvt.Unaided,6 To 10,3-Co-educational,2-Urban,NA,,Nandyal (M) - Ward No.21,Nandyal-Municipality,NOONEPALLE R.S.ROAD NANDYAL (M)-2(VILLAGE) NANDYAL(MANDAL) KURNOOL(DIST),518502,meo.nandyal34[at]gmail[dot]com,https://kys.udiseplus.gov.in/#/schooldetail/4700595/12,4700595,15/10/2020 12:18,2367
******00619 Closed,Closed,NAVABHARAT ENG TM PS DHONE,,,,Andhra Pradesh,1-Primary,38-Pvt.Unaided,1 To 5,3-Co-educational,2-Urban,NA,,Dhone Ward No. 1,Dhone(M)-Municipality,DHONE K V S COLONY DHONE(VILLAGE) DHONE(MANDAL) KURNOOL(DIST),518222,Navabharath1984[at]gmail[dot]com,https://kys.udiseplus.gov.in/#/schooldetail/4701651/12,4701651,05/02/2023 21:59,2367
******01705 Operational,,NAVA BHARATH (EMTM) UPS RAMAPURAM OWK(M),,,,Andhra Pradesh,2-Primary with Upper Primary,38-Pvt.Unaided,1 To 7,3-Co-educational,1-Rural,Owk,Ramapuram (Ct),,,RAMAPURAM VILLAGE OWK MANDAL,518122,kumarinagamaheswari[at]gmail[dot]com,https://kys.udiseplus.gov.in/#/schooldetail/4701523/12,4701523,21/04/2023 15:31,2367
******00647 Closed,Closed,NAVABHARATH HS DHONE,,,,Andhra Pradesh,7-Upper Pr. and Secondary,38-Pvt.Unaided,6 To 10,3-Co-educational,2-Urban,NA,,Dhone Ward No. 1,Dhone(M)-Municipality,DHONE K V S COLONY DHONE(VILLAGE) DHONE(MANDAL) KURNOOL(DIST),518222,,https://kys.udiseplus.gov.in/#/schooldetail/4701668/12,4701668,10/05/2022 17:48,2367
******00146 Operational,,NAVABHARATH PUBLIC S,,,,Andhra Pradesh,2-Primary with Upper Primary,38-Pvt.Unaided,1 To 7,3-Co-educational,2-Urban,NA,,Atmakurknl Ward No. 6,Atmakur (Kurnool)-Municipality,KOTHAPETA ATMAKUR ATMAKUR(VILLAGE) ATMAKUR(MANDAL) KURNOOL(DIST),518422,taziyauddin[at]gmail[dot]com,https://kys.udiseplus.gov.in/#/schooldetail/4697483/12,4697483,15/10/2020 12:18,2367
******90655 Operational,,NAVABHARATH TMEM PS NOONEPALLI,,,,Andhra Pradesh,1-Primary,38-Pvt.Unaided,1 To 5,3-Co-educational,2-Urban,NA,,Nandyal (M) - Ward No.21,Nandyal-Municipality,NOONEPALLE NANDYAL NANDYAL (M)(VILLAGE) NANDYAL(MANDAL) KURNOOL(DIST),518502,meo.nandyal34[at]gmail[dot]com,https://kys.udiseplus.gov.in/#/schooldetail/4700539/12,4700539,21/04/2023 15:31,2367
******00616 Operational,,NAVAJEEVAN S AYYALUR,,,,Andhra Pradesh,7-Upper Pr. and Secondary,38-Pvt.Unaided,6 To 10,3-Co-educational,1-Rural,Nandyal,Ayyalur (Part),,,AYYALURU NANDYAL NANDYAL(VILLAGE) NANDYAL(MANDAL) KURNOOL(DIST),518502,njdeaf1[at]gmail[dot]com,https://kys.udiseplus.gov.in/#/schooldetail/4700398/12,4700398,15/10/2020 12:18,2367
******00622 Operational,,NAVAJEEVAN SC. FOR DD AYYALUR METTA,,,,Andhra Pradesh,1-Primary,38-Pvt.Unaided,1 To 5,3-Co-educational,1-Rural,Nandyal,Ayyalur (Part),,,AYYALURUMATTA PONNAPURAM NANDYAL(VILLAGE) NANDYAL(MANDAL) KURNOOL(DIST),518502,njdeaf1[at]gmail[dot]com,https://kys.udiseplus.gov.in/#/schooldetail/4700404/12,4700404,21/04/2023 15:31,2367
******91452 Closed,Closed,NAVODYA VIDYA MANDIR NADIGADDA,,,,Andhra Pradesh,2-Primary with Upper Primary,38-Pvt.Unaided,1 To 7,3-Co-educational,2-Urban,NA,,Nandyal (M) - Ward No.2,Nandyal-Municipality,NADIGADDA NANDYAL NANDYAL NANDYAL MANDAL KURNOOL DIST,518501,navodya[at]gmail[dot]com,https://kys.udiseplus.gov.in/#/schooldetail/4700618/12,4700618,06/02/2023 13:05,2367
******03125 Closed,Closed,NAYAB RASOOL AIDED HS BANAGANAPALLI,,,,Andhra Pradesh,7-Upper Pr. and Secondary,35-Pvt.Aided,6 To 10,3-Co-educational,1-Rural,Banaganapalle,Banumukkala (Ct),,,BANAGANAPALLE KONDASPETA BANAGANAPALLE(VILLAGE) BANAGANAPALLI(MANDAL) KURNOOL(DIST),518124,,https://kys.udiseplus.gov.in/#/schooldetail/4701316/12,4701316,15/10/2020 12:18,2367
******03108 Closed,Closed,NAYAB RASOOL AIDED PS BANAGANAPALLI,,,,Andhra Pradesh,1-Primary,35-Pvt.Aided,1 To 5,3-Co-educational,1-Rural,Banaganapalle,Banumukkala (Ct),,,BANAGANAPALLE KONDAPETA BANAGANAPALLE(VILLAGE) BANAGANAPALLI(MANDAL) KURNOOL(DIST),518124,,https://kys.udiseplus.gov.in/#/schooldetail/4701301/12,4701301,15/10/2020 12:18,2367
******01804 Permanently Closed,,NBR INTERNATIONAL TECHNO SCHOOL R.K.PURAM,,,,Andhra Pradesh,2-Primary with Upper Primary,38-Pvt.Unaided,1 To 7,3-Co-educational,1-Rural,Kolimigundla,Boyala Uppalur,,,NA,518166,,https://kys.udiseplus.gov.in/#/schooldetail/4717514/12,4717514,15/10/2020 12:18,2367
******01505 Permanently Closed,,NCLP NRST CENTERE,,,,Andhra Pradesh,1-Primary,53-NCLP,1 To 5,3-Co-educational,1-Rural,Allagadda,Ahobilam,,,NA,518543,,https://kys.udiseplus.gov.in/#/schooldetail/4700955/12,4700955,15/10/2020 12:18,2367
******91542 Operational,,NCLP SCHOOL,,,,Andhra Pradesh,1-Primary,53-NCLP,1 To 5,3-Co-educational,2-Urban,NA,,Nandyal Ward No. 37,Nandyal-Municipality,YSR NAGAR NANDYAL,518501,meonandyal[at]gmail[dot]com,https://kys.udiseplus.gov.in/#/schooldetail/4699772/12,4699772,24/06/2021 22:40,2367
******03109 Closed,Closed,NEHRU AIDED ELE SCHOOL BANAGANAPALLI,,,,Andhra Pradesh,1-Primary,35-Pvt.Aided,1 To 5,3-Co-educational,1-Rural,Banaganapalle,Banaganapalle (Ct),,,BANAGANAPALLE NEAR MANDAL PARISHAD OFFICE BANAGANAPALLE(VILLAGE) BANAGANAPALLI(MANDAL) KURNOOL(DIST),518124,nehruaidedprimaryschoolbpl[at]gmail[dot]com,https://kys.udiseplus.gov.in/#/schooldetail/4701302/12,4701302,15/10/2020 12:18,2367
******03149 Operational,,NEHRU EM PRIMARY SCHOOL BANGANAPALLI,,,,Andhra Pradesh,1-Primary,38-Pvt.Unaided,1 To 5,3-Co-educational,1-Rural,Banaganapalle,Banaganapalle (Ct),,,"BANAGANAPALLI, GOOTI ROAD, BANAGANAPALLI (M) KURNOOL(DT)",518124,nehruschoolbpl[at]gmail[dot]com,https://kys.udiseplus.gov.in/#/schooldetail/4700213/12,4700213,21/04/2023 15:31,2367
******03124 Operational,,NEHRU HIGH SCHOOL BANAGANAPALLI,,,,Andhra Pradesh,7-Upper Pr. and Secondary,38-Pvt.Unaided,6 To 10,3-Co-educational,1-Rural,Banaganapalle,Banaganapalle (Ct),,,BANAGANAPALLE NEAR MANDAL PARISHAD OFFICE BANAGANAPALLE(VILLAGE) BANAGANAPALLI(MANDAL) KURNOOL(DIST),518124,nehruschoolbpl[at]gmail[dot]com,https://kys.udiseplus.gov.in/#/schooldetail/4701315/12,4701315,11/05/2022 11:59,2367
******03154 Operational,,NEHRU HIGH SCHOOL CBSE BANAGANAPALLI,,,,Andhra Pradesh,6-Pr. Up Pr. and Secondary Only,39-Pvt.Unaided (CBSE Syllabus),1 To 10,3-Co-educational,1-Rural,Banaganapalle,Banaganapalle (Ct),,,"BANAGANAPALLI, GOOTY ROAD, BANAGANAPALLI (M), KURNOOL (DT)",518124,nehrucbsehighschool[at]gmail[dot]com,https://kys.udiseplus.gov.in/#/schooldetail/4719625/12,4719625,18/08/2024 18:29,2367
******91558 Operational,,"NERAVATI ENGLISH MEDIUM SCHOOL, TEKKE NANDYAL",,,,Andhra Pradesh,6-Pr. Up Pr. and Secondary Only,38-Pvt.Unaided,1 To 10,3-Co-educational,2-Urban,NA,,Nandyal (M) - Ward No.13,Nandyal-Municipality,BHARATHAMATHA TEMPLE,518501,meo.nandyal34[at]gmail[dot]com,https://kys.udiseplus.gov.in/#/schooldetail/4720290/12,4720290,16/09/2025 14:41,2367
******90671 Permanently Closed,,NOBLE E.M/T.M S BALAJI COMPLEX,,,,Andhra Pradesh,2-Primary with Upper Primary,38-Pvt.Unaided,1 To 7,3-Co-educational,2-Urban,NA,,Nandyal (M) - Ward No.12,Nandyal-Municipality,NA,518501,,https://kys.udiseplus.gov.in/#/schooldetail/4717458/12,4717458,15/10/2020 12:18,2367
******00246 Operational,,NUCLEUS JUNIOR COLLEGE,,,,Andhra Pradesh,11-Higher Secondary only/Jr. College,38-Pvt.Unaided,11 To 12,3-Co-educational,2-Urban,NA,,Allagadda Ward no. 1,Allagadda-Town Panchayat,Pedda Chinthakunta Pampalli Road Allagadda mandal nandyal District,518543,meo.nandyal34[at]gmail[dot]com,https://kys.udiseplus.gov.in/#/schooldetail/4720660/12,4720660,11/12/2025 13:06,2367
******91544 Permanently Closed,,NUCLEUS JUNIOR COLLEGE NANDYAL,,,,Andhra Pradesh,11-Higher Secondary only/Jr. College,38-Pvt.Unaided,11 To 12,3-Co-educational,2-Urban,NA,,Nandyal (M) - Ward No.13,Nandyal-Municipality,NA,518501,,https://kys.udiseplus.gov.in/#/schooldetail/4717469/12,4717469,15/10/2020 12:18,2367
******91552 Operational,,NUCLEUS JUNIOR COLLEGE PADMAVATHI NAGAR NANDYAL,,,,Andhra Pradesh,11-Higher Secondary only/Jr. College,38-Pvt.Unaided,11 To 12,3-Co-educational,2-Urban,NA,,Nandyal (M) - Ward No.13,Nandyal-Municipality,PADMAVATHI NAGAR NANDYAL,518501,meo.nandyal34[at]gmail[dot]com,https://kys.udiseplus.gov.in/#/schooldetail/4719613/12,4719613,15/10/2020 12:18,2367
******91448 Closed,Closed,OM SAI EMTM U P S CHAPIREVULA,,,,Andhra Pradesh,2-Primary with Upper Primary,38-Pvt.Unaided,1 To 7,3-Co-educational,1-Rural,Nandyal,Chapirevula,,,CHAPIREVULA NANDYAL NANDYAL (M)-2(VILLAGE) NANDYAL(MANDAL) KURNOOL(DIST),518502,,https://kys.udiseplus.gov.in/#/schooldetail/4700613/12,4700613,09/05/2022 16:39,2367
******00678 Operational,,ONEIRO HIGH SCHOOL DHONE,,,,Andhra Pradesh,7-Upper Pr. and Secondary,38-Pvt.Unaided,6 To 10,3-Co-educational,2-Urban,NA,,Dhone Ward No. 1,Dhone(M)-Municipality,DHONE DHONE DHONE(VILLAGE) DHONE(MANDAL) KURNOOL(DIST),518222,oneiroemschool2[at]gmail[dot]com,https://kys.udiseplus.gov.in/#/schooldetail/4701687/12,4701687,15/10/2020 12:18,2367
******00679 Operational,,ONEIRO PRIMARY SCHOOL DHONE,,,,Andhra Pradesh,1-Primary,38-Pvt.Unaided,1 To 5,3-Co-educational,2-Urban,NA,,Dhone Ward No. 1,Dhone(M)-Municipality,DHONE DHONE DHONE(VILLAGE) DHONE(MANDAL) KURNOOL(DIST),518222,oneiroemschool[at]gmail[dot]com,https://kys.udiseplus.gov.in/#/schooldetail/4701688/12,4701688,21/04/2023 15:31,2367
******00670 Operational,,OSMANIA SCHOOL OF EXCELLENCE UPS FAROOK NAGAR NANDYAL,,,,Andhra Pradesh,2-Primary with Upper Primary,38-Pvt.Unaided,1 To 7,3-Co-educational,2-Urban,NA,,Nandyal (M) - Ward No.7,Nandyal-Municipality,21/452-75-A-7-1E FAROOQ NAGAR NANDYAL,518501,osmaniaschoolofexcellence[at]gmail[dot]com,https://kys.udiseplus.gov.in/#/schooldetail/4719607/12,4719607,16/06/2023 15:21,2367
******00964 Closed,Closed,OXFORD EM UPSNANDIKOTKUR,,,,Andhra Pradesh,2-Primary with Upper Primary,38-Pvt.Unaided,1 To 7,3-Co-educational,2-Urban,NA,,Nandikotkur Ward No. 14,Nandikotkur-Town Panchayat,NANDIKOTKUR NANDIKOTKUR NANDIKOTKUR(VILLAGE) NANDIKOTKUR(MANDAL) KURNOOL(DIST),518401,schooloxford03[at]gmail[dot]com,https://kys.udiseplus.gov.in/#/schooldetail/4698398/12,4698398,09/05/2022 16:40,2367
******90306 Operational,,PANYAM EM U P S,,,,Andhra Pradesh,2-Primary with Upper Primary,38-Pvt.Unaided,1 To 7,3-Co-educational,1-Rural,Bethamcherla,Bugganipalle,,,CEMENT NAGAR BUGGANIPALLE BUGGAANIPALLE(VILLAGE) BETHAMCHERLA(MANDAL) KURNOOL(DIST),518206,panyamemup.97[at]gmail[dot]com,https://kys.udiseplus.gov.in/#/schooldetail/4699097/12,4699097,02/01/2026 13:48,2367
******00943 Operational,,PAVANI HIGH SCHOOL NANDIKOTKUR,,,,Andhra Pradesh,7-Upper Pr. and Secondary,38-Pvt.Unaided,6 To 10,3-Co-educational,2-Urban,NA,,Nandikotkur Ward No. 14,Nandikotkur-Town Panchayat,SAIBABAPETA NANDI KOTKUR NANDI KOTKUR(VILLAGE) NANDIKOTKUR(MANDAL) KURNOOL(DIST),518401,venkipadma137[at]gmail[dot]com,https://kys.udiseplus.gov.in/#/schooldetail/4698389/12,4698389,15/10/2020 12:18,2367
******00914 Operational,,PAVANI PS SAIBABA PETA NANDIKOTKUR,,,,Andhra Pradesh,1-Primary,38-Pvt.Unaided,1 To 5,3-Co-educational,2-Urban,NA,,Nandikotkur Ward No. 14,Nandikotkur-Town Panchayat,SAIBABAPETA NANDI KOTKUR NANDI KOTKUR(VILLAGE) NANDIKOTKUR(MANDAL) KURNOOL(DIST),518401,venkipadma137[at]gmail[dot]com,https://kys.udiseplus.gov.in/#/schooldetail/4698368/12,4698368,16/06/2023 15:21,2367
******03608 Operational,,PENDEKANTI EM HS ILLURUKOTHAPETA,,,,Andhra Pradesh,7-Upper Pr. and Secondary,38-Pvt.Unaided,6 To 10,3-Co-educational,1-Rural,Banaganapalle,Illurukothapalle,,,PENDEKANTI ILLURUKOTHAPETA BANAGANAPALLI MANDAL,518124,pendekantiemhs[at]gmail[dot]com,https://kys.udiseplus.gov.in/#/schooldetail/4701353/12,4701353,11/05/2022 11:46,2367
******03607 Operational,,"PENDEKANTI EM PS,ILLURUKOTHAPETA",,,,Andhra Pradesh,2-Primary with Upper Primary,38-Pvt.Unaided,1 To 7,3-Co-educational,1-Rural,Banaganapalle,Illurukothapalle,,,PENDEKANTI EM SCHOOL ILLURU KOTHAPETA BANAGANAPALLI MANDAL,518124,pendekantiemhs[at]gmail[dot]com,https://kys.udiseplus.gov.in/#/schooldetail/4701352/12,4701352,16/06/2023 15:21,2367
******03603 Permanently Closed,,PENDEKANTI PUBLIC SCHOOL ILLURIKOTHAPETA,,,,Andhra Pradesh,2-Primary with Upper Primary,39-Pvt.Unaided (CBSE Syllabus),1 To 7,3-Co-educational,1-Rural,Banaganapalle,Illurukothapalle,,,NA,518186,,https://kys.udiseplus.gov.in/#/schooldetail/4717500/12,4717500,15/10/2020 12:18,2367
******90662 Operational,,POTTI SREE RAMULU MPLPS NOONEPALLI,,,,Andhra Pradesh,1-Primary,34-MUNCIPAL,1 To 5,3-Co-educational,2-Urban,NA,,Nandyal (M) - Ward No.28,Nandyal-Municipality,NOONEPALLE NANDYAL NANDYAL (M)(VILLAGE) NANDYAL(MANDAL) KURNOOL(DIST),518501,galaiahndl[at]gmail[dot]com,https://kys.udiseplus.gov.in/#/schooldetail/4700546/12,4700546,12/03/2024 11:24,2367
******01106 Operational,,PRABHAT EM HS,,,,Andhra Pradesh,7-Upper Pr. and Secondary,38-Pvt.Unaided,6 To 10,3-Co-educational,1-Rural,Bandi Atmakur,Parnapalle,,,PARNAPALLE PARNAPALLE PARNAPALLE(VILLAGE) BANDIATMAKUR(MANDAL) KURNOOL(DIST),518523,pesndl[at]gmail[dot]com,https://kys.udiseplus.gov.in/#/schooldetail/4700368/12,4700368,21/09/2024 14:08,2367
******01105 Operational,,PRABHATH EM PS PARNAPALLE,,,,Andhra Pradesh,1-Primary,38-Pvt.Unaided,1 To 5,3-Co-educational,1-Rural,Bandi Atmakur,Parnapalle,,,PARNAPALLE PARNAPALLE PARNAPALLE(VILLAGE) BANDIATMAKUR(MANDAL) KURNOOL(DIST),518523,pesndl[at]gmail[dot]com,https://kys.udiseplus.gov.in/#/schooldetail/4700367/12,4700367,26/09/2024 11:24,2367
******01108 Operational,,PRABHATH JR COLLEGE,,,,Andhra Pradesh,11-Higher Secondary only/Jr. College,38-Pvt.Unaided,11 To 12,3-Co-educational,1-Rural,Bandi Atmakur,Parnapalle,,,PARNAPALLI ATMAKUR ROAD BANDI ATMAKUR,518523,Prabhath10444[at]gmail[dot]com,https://kys.udiseplus.gov.in/#/schooldetail/4719604/12,4719604,21/09/2024 14:10,2367
******00303 Operational,,PRAGATHI H S VADLA PETA ATMAKUR,,,,Andhra Pradesh,7-Upper Pr. and Secondary,38-Pvt.Unaided,6 To 10,3-Co-educational,2-Urban,NA,,Atmakurknl Ward No. 16,Atmakur (Kurnool)-Municipality,VADLAPETA STREET ATMAKUR(MANDAL) KURNOOL(DIST)-518422,518422,pragathihighschool789[at]gmail[dot]com,https://kys.udiseplus.gov.in/#/schooldetail/4698571/12,4698571,15/10/2020 12:18,2367
******01429 Operational,,PRAGATHI Pri. SCHOOL BACK SIDE OF SLV TAKIES KKL,,,,Andhra Pradesh,1-Primary,38-Pvt.Unaided,1 To 5,3-Co-educational,1-Rural,Koilakuntla,Koilkuntla,,,BACKSIDE OF S.L.V.T KOILAKUNTLA KOILKUNTLA(VILLAGE) KOILAKUNTLA(MANDAL) KURNOOL(DIST),518134,gafoor.gaes[at]gmail[dot]com,https://kys.udiseplus.gov.in/#/schooldetail/4701191/12,4701191,22/12/2023 16:44,2367
******00123 Operational,,PRAGATHI PS VADLA PETA ATAMKUR,,,,Andhra Pradesh,1-Primary,38-Pvt.Unaided,1 To 5,3-Co-educational,2-Urban,NA,,Atmakurknl Ward No. 16,Atmakur (Kurnool)-Municipality,ATMAKUR VADLLA PETA ATMAKUR(VILLAGE) ATMAKUR(MANDAL) KURNOOL(DIST),518422,raghavakrishna1989[at]gmail[dot]com,https://kys.udiseplus.gov.in/#/schooldetail/4698527/12,4698527,21/04/2023 15:31,2367
******01444 Operational,,PRAGATHI PUBLIC HIGH SCHOOL KOILAKUNTLA,,,,Andhra Pradesh,7-Upper Pr. and Secondary,38-Pvt.Unaided,6 To 10,3-Co-educational,1-Rural,Koilakuntla,Koilkuntla,,,KOILKUNTLA KOILKUNTLA KURNOOL-518134,518134,gafoor.gaes[at]gmail[dot]com,https://kys.udiseplus.gov.in/#/schooldetail/4701201/12,4701201,15/10/2020 12:18,2367
******00650 Operational,,PRAGATHI S (TMEM),,,,Andhra Pradesh,2-Primary with Upper Primary,38-Pvt.Unaided,1 To 7,3-Co-educational,2-Urban,NA,,Dhone Ward No. 18,Dhone(M)-Municipality,DHONE D.NO.7-465 DHONE(VILLAGE) DHONE(MANDAL) KURNOOL(DIST),518222,giriprasadaraju.p[at]gmail[dot]com,https://kys.udiseplus.gov.in/#/schooldetail/4701672/12,4701672,21/04/2023 15:31,2367
******00617 Operational,,PRAGATHI VIDYA MANDIR NANDYAL,,,,Andhra Pradesh,7-Upper Pr. and Secondary,38-Pvt.Unaided,6 To 10,3-Co-educational,2-Urban,NA,,Nandyal (M) - Ward No.18,Nandyal-Municipality,NANDYAL NANDYAL NANDYAL(VILLAGE) NANDYAL(MANDAL) KURNOOL(DIST),518502,pragathi.ndl[at]gmail[dot]com,https://kys.udiseplus.gov.in/#/schooldetail/4700399/12,4700399,15/10/2020 12:18,2367
******00624 Operational,,PRAGATHI VIDYA MANDIR SYAMNAGAR,,,,Andhra Pradesh,1-Primary,38-Pvt.Unaided,1 To 5,3-Co-educational,2-Urban,NA,,Nandyal (M) - Ward No.18,Nandyal-Municipality,VISWANAGAR NANDYAL KURNOOL DIST,518502,pragathi.ndl[at]gmail[dot]com,https://kys.udiseplus.gov.in/#/schooldetail/4700406/12,4700406,21/04/2023 15:31,2367
******00606 Operational,,PRAGATHI VIDYA NIKETAN PANYAM,,,,Andhra Pradesh,2-Primary with Upper Primary,38-Pvt.Unaided,1 To 7,3-Co-educational,1-Rural,Panyam,Panyam,,,PANYAM PANYAM PANYAM(VILLAGE) PANYAM(MANDAL) KURNOOL(DIST),518112,rsudhakar518112[at]gmail[dot]com,https://kys.udiseplus.gov.in/#/schooldetail/4700224/12,4700224,21/04/2023 15:31,2367
******00913 Permanently Closed,,"PRAGNA EM PS,NEAR GOVT,HOSPITAL ,NANDIKOTKUR",,,,Andhra Pradesh,1-Primary,38-Pvt.Unaided,1 To 5,3-Co-educational,2-Urban,NA,,Nandikotkur Ward No. 14,Nandikotkur-Town Panchayat,NA,518401,,https://kys.udiseplus.gov.in/#/schooldetail/4717349/12,4717349,15/10/2020 12:18,2367
******00107 Operational,,PRAGNA E.M SCHOOL M.PENDEKAL,,,,Andhra Pradesh,2-Primary with Upper Primary,38-Pvt.Unaided,1 To 7,3-Co-educational,1-Rural,Bethamcherla,Pendakal,,,"M PENDEKAL VILLAGE,BETHAMCHERLA MANDAL.",518217,rallamaddiletylic[at]gmail[dot]com,https://kys.udiseplus.gov.in/#/schooldetail/4700123/12,4700123,02/01/2026 11:40,2367
******00982 Operational,,PRAGNA EM/TM PRIMARY SCHOOL ALLAGADDA,,,,Andhra Pradesh,1-Primary,38-Pvt.Unaided,1 To 5,3-Co-educational,2-Urban,NA,,Allagadda Ward no. 6,Allagadda-Town Panchayat,VIDYANAGER ALLAGADDA,518543,highschoolpragna[at]gmail[dot]com,https://kys.udiseplus.gov.in/#/schooldetail/4700936/12,4700936,16/06/2023 15:21,2367
******00977 Operational,,PRAGNA HS (EM) (TM) ALLGADDA,,,,Andhra Pradesh,7-Upper Pr. and Secondary,38-Pvt.Unaided,6 To 10,3-Co-educational,2-Urban,NA,,Allagadda Ward no. 6,Allagadda-Town Panchayat,VIDYANAGER ALLAGADDA,518543,highschoolpragna[at]gmail[dot]com,https://kys.udiseplus.gov.in/#/schooldetail/4700931/12,4700931,25/06/2021 12:46,2367
******00941 Permanently Closed,,PRAGNYA ENG MED H.S NEAR GOVT. HOSPITAL NDK,,,,Andhra Pradesh,7-Upper Pr. and Secondary,38-Pvt.Unaided,6 To 10,3-Co-educational,2-Urban,NA,,Nandikotkur Ward No. 14,Nandikotkur-Town Panchayat,NA,518401,,https://kys.udiseplus.gov.in/#/schooldetail/4717350/12,4717350,15/10/2020 12:18,2367
******00911 Operational,,PRAKRUTHI VIDYA NIKETHAN,,,,Andhra Pradesh,2-Primary with Upper Primary,38-Pvt.Unaided,1 To 7,3-Co-educational,1-Rural,Bethamcherla,Rangapuram,,,R.S RANGAPURAM R.S.RANGAPURAM (VILLAGE) BETHAMCHERLA(MANDAL) KURNOOL(DIST),518598,ravikumar.narla[at]gmail[dot]com,https://kys.udiseplus.gov.in/#/schooldetail/4699063/12,4699063,16/06/2023 15:21,2367
******01011 Operational,,PRASANTHI UPS KARIVENA,,,,Andhra Pradesh,2-Primary with Upper Primary,38-Pvt.Unaided,1 To 7,3-Co-educational,1-Rural,Atmakur,Karivena,,,KARIVENA ATMAKUR KARIVENA(VILLAGE) ATMAKUR(MANDAL) KURNOOL(DIST),518422,nagaseshulu[at]ghmail[dot]com,https://kys.udiseplus.gov.in/#/schooldetail/4698596/12,4698596,25/09/2024 11:58,2367
******00306 Operational,,PRATIBHA EM UP SCHOOL KONIDELA NDK,,,,Andhra Pradesh,2-Primary with Upper Primary,38-Pvt.Unaided,1 To 7,3-Co-educational,1-Rural,Nandikotkur,Konidela,,,NEAR POST OFFICE KONIDELA NANDIKOTKUR KURNOOL 518411,518411,pratibhaemschoolkdl[at]gmail[dot]com,https://kys.udiseplus.gov.in/#/schooldetail/4698343/12,4698343,16/06/2023 15:21,2367
******01305 Operational,,PRIYA CEMENT.HIGH S BOINCHERUVUPALLI,,,,Andhra Pradesh,6-Pr. Up Pr. and Secondary Only,39-Pvt.Unaided (CBSE Syllabus),1 To 10,3-Co-educational,1-Rural,Peapully,Racherla,,,BOINCHERUVUPALLI PEAPULLY RACHERLA(VILLAGE) PEAPULLY(MANDAL) KURNOOL(DIST),518220,priyacemenths[at]gmail[dot]com,https://kys.udiseplus.gov.in/#/schooldetail/4701593/12,4701593,26/09/2024 17:28,2367
******00712 Closed,Closed,PRIYA CEMENT PRIMARY SCHOOL BOINCHERUVUPALLI,,,,Andhra Pradesh,1-Primary,38-Pvt.Unaided,1 To 5,3-Co-educational,1-Rural,Peapully,Racherla,,,BOINCHERUVUPALLI PEAPALLY PEAPALLY(VILLAGE) PEAPULLY(MANDAL) KURNOOL(DIST),518220,priyacementhighschool[at]gmail[dot]com,https://kys.udiseplus.gov.in/#/schooldetail/4701551/12,4701551,01/08/2025 17:39,2367
******03111 Operational,,PRIYADARSHINI PS BANAGANAPALLI,,,,Andhra Pradesh,1-Primary,38-Pvt.Unaided,1 To 5,3-Co-educational,1-Rural,Banaganapalle,Banaganapalle (Ct),,,BANAGANAPALLE OLD BUS STAND ROAD BANAGANAPALLE(VILLAGE) BANAGANAPALLI(MANDAL) KURNOOL(DIST),518124,pemhs1980[at]gmail[dot]com,https://kys.udiseplus.gov.in/#/schooldetail/4701306/12,4701306,21/04/2023 15:31,2367
******03126 Operational,,PRIYADARSINI EM HS BANAGANAPALLI,,,,Andhra Pradesh,7-Upper Pr. and Secondary,38-Pvt.Unaided,6 To 10,3-Co-educational,1-Rural,Banaganapalle,Banaganapalle (Ct),,,BANAGANAPALLE OLD BUS STAND ROAD BANAGANAPALLE(VILLAGE) BANAGANAPALLI(MANDAL) KURNOOL(DIST),518124,pemhs1980[at]gmail[dot]com,https://kys.udiseplus.gov.in/#/schooldetail/4701317/12,4701317,11/05/2022 11:59,2367
******00717 Operational,,PRIYADARSINI SCHOOL PEAPULLY,,,,Andhra Pradesh,2-Primary with Upper Primary,38-Pvt.Unaided,1 To 7,3-Co-educational,1-Rural,Peapully,Peapally,,,D.NO.7-56 NESE PETA PEAPALLY PEAPULLY PEAPALLY(VILLAGE) PEAPULLY(MANDAL) KURNOOL(DIST),518221,priyadarshini.school99[at]gmail[dot]com,https://kys.udiseplus.gov.in/#/schooldetail/4701554/12,4701554,17/09/2024 14:54,2367
******01003 Operational,,P V S(DPEP) SANJAMALA,,,,Andhra Pradesh,1-Primary,33-MPP_ZPP SCHOOLS,1 To 5,3-Co-educational,1-Rural,Sanjamala,Sanjamala,,,SANJAMALA PENDEKANTI NAGAR SANJAMALA(VILLAGE) SANJAMALA(MANDAL) KURNOOL(DIST),518165,neelimaranivasagari121[at]gmail[dot]com,https://kys.udiseplus.gov.in/#/schooldetail/4701369/12,4701369,23/12/2025 14:55,2367
******01489 Operational,,PYRAMID HIGH SCHOOL SBI COLONY NDL,,,,Andhra Pradesh,7-Upper Pr. and Secondary,38-Pvt.Unaided,6 To 10,3-Co-educational,2-Urban,NA,,Nandyal (M) - Ward No.28,Nandyal-Municipality,STATE BANK COLONY NANDYAL,518501,,https://kys.udiseplus.gov.in/#/schooldetail/4721918/12,4721918,09/09/2024 15:30,2367
******91504 Operational,,"PYRAMID PRIMARY SCHOOL, SRINIVASA NAGAR",,,,Andhra Pradesh,2-Primary with Upper Primary,38-Pvt.Unaided,1 To 7,3-Co-educational,2-Urban,NA,,Nandyal (M) - Ward No.17,Nandyal-Municipality,"SBI COLONY NANDYAL,NANDYAL DIST",518501,PYRAMID[at]GMAIL[dot]COM,https://kys.udiseplus.gov.in/#/schooldetail/4700653/12,4700653,24/12/2025 12:14,2367
******00674 Operational,,RADHAKRISHNAN SCHOOL,,,,Andhra Pradesh,2-Primary with Upper Primary,38-Pvt.Unaided,1 To 7,3-Co-educational,2-Urban,NA,,Dhone Ward No. 13,Dhone(M)-Municipality,DHONE DHONE DHONE(VILLAGE) DHONE(MANDAL) KURNOOL(DIST),518222,purushothamnaidu665[at]gmail[dot]com,https://kys.udiseplus.gov.in/#/schooldetail/4701683/12,4701683,21/04/2023 15:31,2367
******00809 Closed,Closed,RAGHU RAM UP SCHOOL UYYALAWADDA,,,,Andhra Pradesh,2-Primary with Upper Primary,38-Pvt.Unaided,1 To 7,3-Co-educational,1-Rural,Uyyalawada,Uyyalawada,,,UYYALAWADA UYYALAWADA UYYALAWADA(VILLAGE) UYYALAWADA(MANDAL) KURNOOL(DIST),518155,,https://kys.udiseplus.gov.in/#/schooldetail/4701052/12,4701052,22/07/2024 13:55,2367
******00288 Operational,,RAOS JUNIOR COLLEGE 2-517 NANDYAL,,,,Andhra Pradesh,11-Higher Secondary only/Jr. College,38-Pvt.Unaided,11 To 12,3-Co-educational,2-Urban,NA,,Nandyal (M) - Ward No.12,Nandyal-Municipality,BALAJI COMPLEX NANDYAL,518501,ndl.rjc[at]gmail[dot]com,https://kys.udiseplus.gov.in/#/schooldetail/4720701/12,4720701,01/08/2022 18:14,2367
******91553 Operational,,RAOS JUNIOR COLLEGE FOR GIRLS BALAJI COMPLEX NANDYAL,,,,Andhra Pradesh,11-Higher Secondary only/Jr. College,38-Pvt.Unaided,11 To 12,2-Girls,2-Urban,NA,,Nandyal (M) - Ward No.12,Nandyal-Municipality,428-232-A3 BALAJI COMPLEX,518501,ndl.rjc[at]gmail[dot]com,https://kys.udiseplus.gov.in/#/schooldetail/4719614/12,4719614,27/09/2024 18:43,2367
******00105 Operational,,RAVEENDRA BHARATHIPS REGADAGUDUR,,,,Andhra Pradesh,2-Primary with Upper Primary,38-Pvt.Unaided,1 To 7,3-Co-educational,1-Rural,Velugodu,Regadigudur,,,REGADIGUDUR REGADIGUDUR REGADIGUDUR(VILLAGE) VELUGODU(MANDAL) KURNOOL(DIST),518533,babafakruddingdl[at]gmail[dot]com,https://kys.udiseplus.gov.in/#/schooldetail/4698631/12,4698631,16/06/2023 15:21,2367
******00958 Operational,,RAVI EMTM HIGH SCHOOL ALLAGADDA,,,,Andhra Pradesh,7-Upper Pr. and Secondary,38-Pvt.Unaided,6 To 10,3-Co-educational,2-Urban,NA,,Allagadda Ward no. 14,Allagadda-Town Panchayat,ALLAGADDA ALLAGADDA ALLAGADDA(VILLAGE) ALLAGADDA(MANDAL) KURNOOL(DIST),518543,ravischoolalg[at]gmail[dot]com,https://kys.udiseplus.gov.in/#/schooldetail/4700916/12,4700916,26/12/2025 10:02,2367
******00632 Operational,,RAVI KINDER GARTEN,,,,Andhra Pradesh,2-Primary with Upper Primary,38-Pvt.Unaided,1 To 7,3-Co-educational,2-Urban,NA,,Nandyal (M) - Ward No.4,Nandyal-Municipality,MAHANDESWARA TEMPLE NANDYAL,518501,gangireddypsr[at]gmail[dot]com,https://kys.udiseplus.gov.in/#/schooldetail/4700413/12,4700413,15/12/2023 14:39,2367
******00982 Closed,Closed,RAVINDRA BHARATHI HIGH SCHOOL NANDIKOTKUR,,,,Andhra Pradesh,7-Upper Pr. and Secondary,38-Pvt.Unaided,6 To 10,3-Co-educational,2-Urban,NA,,Nandikotkur Ward No. 10,Nandikotkur-Town Panchayat,SANGAIAH PETA NANDIKOTKUR MANDAL KURNOOL DIST,518401,ravindrabharathischool.ndk[at]gmail[dot]com,https://kys.udiseplus.gov.in/#/schooldetail/4698415/12,4698415,25/01/2023 23:11,2367
******00971 Closed,Closed,RAVINDRA BHARATHI PRIMARY SCHOOL NANDIKOTKUR,,,,Andhra Pradesh,1-Primary,38-Pvt.Unaided,1 To 5,3-Co-educational,2-Urban,NA,,Nandikotkur Ward No. 10,Nandikotkur-Town Panchayat,19-41A SANGAIAH PET,518401,ravindrabharathischool.ndk[at]gmail[dot]com,https://kys.udiseplus.gov.in/#/schooldetail/4698405/12,4698405,27/01/2023 19:15,2367
******00966 Closed,Closed,RAVINDRA BHARATHI PS ALLAGADDA,,,,Andhra Pradesh,1-Primary,38-Pvt.Unaided,1 To 5,3-Co-educational,2-Urban,NA,,Allagadda Ward no. 8,Allagadda-Town Panchayat,Ravindra Bharathi School Allagadda,518543,,https://kys.udiseplus.gov.in/#/schooldetail/4700923/12,4700923,16/12/2023 20:33,2367
******91502 Closed,Closed,RAVINDRA BHARATHI PS TEKKE,,,,Andhra Pradesh,1-Primary,38-Pvt.Unaided,1 To 5,3-Co-educational,2-Urban,NA,,Nandyal (M) - Ward No.14,Nandyal-Municipality,TEKKE NANDYAL,518501,,https://kys.udiseplus.gov.in/#/schooldetail/4700651/12,4700651,15/10/2020 12:18,2367
******91486 Permanently Closed,,"Ravindra Bharathi School, Tekke, Nandyal",,,,Andhra Pradesh,6-Pr. Up Pr. and Secondary Only,38-Pvt.Unaided,1 To 10,3-Co-educational,2-Urban,NA,,Nandyal (M) - Ward No.14,Nandyal-Municipality,NA,518501,,https://kys.udiseplus.gov.in/#/schooldetail/4700639/12,4700639,15/10/2020 12:18,2367
******91413 Operational,,RAVINDRA EM H.S BACKWARD AREA,,,,Andhra Pradesh,7-Upper Pr. and Secondary,38-Pvt.Unaided,6 To 10,3-Co-educational,2-Urban,NA,,Nandyal (M) - Ward No.6,Nandyal-Municipality,BACKWARD AREA NANDYAL NANDYAL (M)-2(VILLAGE) NANDYAL(MANDAL) KURNOOL(DIST),518501,ravindrahighschoolndl[at]gmail[dot]com,https://kys.udiseplus.gov.in/#/schooldetail/4700588/12,4700588,15/10/2020 12:18,2367
******90648 Operational,,RAVINDRA E.M S BACKWARD AREA,,,,Andhra Pradesh,1-Primary,38-Pvt.Unaided,1 To 5,3-Co-educational,2-Urban,NA,,Nandyal (M) - Ward No.6,Nandyal-Municipality,BACKWARD AREA NANDYAL NANDYAL (M)(VILLAGE) NANDYAL(MANDAL) KURNOOL(DIST),518501,ravindrahighschoolndl[at]gmail[dot]com,https://kys.udiseplus.gov.in/#/schooldetail/4700535/12,4700535,21/04/2023 15:31,2367
******00631 Permanently Closed,,RAVINDRA VIDYA NIKETHAN UDHONE,,,,Andhra Pradesh,2-Primary with Upper Primary,38-Pvt.Unaided,1 To 7,3-Co-educational,2-Urban,NA,,Dhone Ward No. 14,Dhone(M)-Municipality,NA,518222,,https://kys.udiseplus.gov.in/#/schooldetail/4717522/12,4717522,15/10/2020 12:18,2367
******00961 Closed,Closed,RAVINDR BHARATHI HS ALLAGADDA,,,,Andhra Pradesh,7-Upper Pr. and Secondary,38-Pvt.Unaided,6 To 10,3-Co-educational,2-Urban,NA,,Allagadda Ward no. 8,Allagadda-Town Panchayat,ALLAGADDA ALLAGADDA ALLAGADDA(VILLAGE) ALLAGADDA(MANDAL) KURNOOL(DIST),518543,,https://kys.udiseplus.gov.in/#/schooldetail/4700919/12,4700919,16/12/2023 20:33,2367
******00922 Operational,,RAVI UP SCHOOL (EM&TM) ALLAGADDA,,,,Andhra Pradesh,2-Primary with Upper Primary,38-Pvt.Unaided,1 To 7,3-Co-educational,2-Urban,NA,,Allagadda Ward no. 14,Allagadda-Town Panchayat,H NO 1-4-9 S V PALACE STREET ALLAGADDA ALLAGADDA(VILLAGE) ALLAGADDA(MANDAL) KURNOOL(DIST),518543,ravischoolalg[at]gmail[dot]com,https://kys.udiseplus.gov.in/#/schooldetail/4700896/12,4700896,26/12/2025 10:01,2367
******90633 Closed,Closed,RAVI VIDYA PARISHAD ELE S 23RD WARD,,,,Andhra Pradesh,1-Primary,35-Pvt.Aided,1 To 5,3-Co-educational,2-Urban,NA,,Nandyal (M) - Ward No.23,Nandyal-Municipality,23rd WARD NANDYAL NANDYAL (M)(VILLAGE) NANDYAL(MANDAL) KURNOOL(DIST),518501,,https://kys.udiseplus.gov.in/#/schooldetail/4700526/12,4700526,09/05/2022 16:38,2367
******01508 Operational,,R.C.M.AIDED ELE S,,,,Andhra Pradesh,1-Primary,35-Pvt.Aided,1 To 5,3-Co-educational,1-Rural,Chagalamarri,Chagalamarri,,,NEAR S C COLONY CHAGALAMARRI CHAGALAMARRI(VILLAGE) CHAGALAMARRI(MANDAL) KURNOOL(DIST),518553,raj.kumar593720[at]gmail[dot]com,https://kys.udiseplus.gov.in/#/schooldetail/4701007/12,4701007,11/05/2022 17:25,2367
******00601 Closed,Closed,R.C.M.AIDEDPS,,,,Andhra Pradesh,1-Primary,35-Pvt.Aided,1 To 5,3-Co-educational,1-Rural,Mahanandi,Maseedupuram,,,MASEEDUPURAM MAHANANDI MASEEDUPURAM(VILLAGE) MAHANANDI(MANDAL) KURNOOL(DIST),NA,,https://kys.udiseplus.gov.in/#/schooldetail/4700707/12,4700707,15/10/2020 12:18,2367
******00904 Closed,Closed,R.C.M.AIDEDPS BOLLAVARAM,,,,Andhra Pradesh,1-Primary,35-Pvt.Aided,1 To 5,3-Co-educational,1-Rural,Gadivemula,Chindukuru,,,K.BOLLAVARAM CHINDUKURU CHINDUKURU(VILLAGE) GADIVEMULA(MANDAL) KURNOOL(DIST),518508,,https://kys.udiseplus.gov.in/#/schooldetail/4700307/12,4700307,23/05/2022 14:21,2367
******01503 Closed,Closed,R.C.M.AIDED PS D.KOTTALA,,,,Andhra Pradesh,1-Primary,35-Pvt.Aided,1 To 5,3-Co-educational,1-Rural,Allagadda,Ahobilam,,,D.KOTTALA AHOBILAM AHOBILAM(VILLAGE) ALLAGADDA(MANDAL) KURNOOL(DIST),518543,,https://kys.udiseplus.gov.in/#/schooldetail/4700953/12,4700953,15/10/2020 12:18,2367
******00201 Closed,Closed,R.C.M. AIDED PS MOTHUKULAPALLI,,,,Andhra Pradesh,1-Primary,35-Pvt.Aided,1 To 5,3-Co-educational,1-Rural,Sirivel,Chennur,,,"MOTHUKULAPALLI VILLAGE, CHENNUR PANCHAYATH SIRVEL(MANDAL) KURNOOL(DIST)",518583,rajareddychintalacheruvu[at]gmail[dot]com,https://kys.udiseplus.gov.in/#/schooldetail/4700740/12,4700740,01/08/2025 17:17,2367
******01801 Closed,Closed,R.C.M.AIDEDPS ONTEDDUPALLI,,,,Andhra Pradesh,1-Primary,35-Pvt.Aided,1 To 5,3-Co-educational,1-Rural,Uyyalawada,Kakarawada,,,KAKARAWADA KAKARAWADA KAKARAWADA(VILLAGE) UYYALAWADA(MANDAL) KURNOOL(DIST),518145,,https://kys.udiseplus.gov.in/#/schooldetail/4701078/12,4701078,15/10/2020 12:18,2367
******00102 Operational,,R.C.M.AIDED PS POLUR,,,,Andhra Pradesh,1-Primary,35-Pvt.Aided,1 To 5,3-Co-educational,1-Rural,Nandyal,Polur,,,POLUR POLUR POLUR(VILLAGE) NANDYAL(MANDAL) KURNOOL(DIST),518502,,https://kys.udiseplus.gov.in/#/schooldetail/4700387/12,4700387,26/12/2025 13:50,2367
******00204 Closed,Closed,R.C.M. AIDED PS UPPALADADIYA,,,,Andhra Pradesh,1-Primary,35-Pvt.Aided,1 To 5,3-Co-educational,1-Rural,Midthur,Masapeta,,,UPPALADADIA UPPALADADIA MASAPETA(VILLAGE) MIDTHUR(MANDAL) KURNOOL(DIST),518452,rcmuppaladadiya[at]gmail[dot]com,https://kys.udiseplus.gov.in/#/schooldetail/4698750/12,4698750,09/05/2022 13:33,2367
******00510 Permanently Closed,,REDEMPTION EM.S,,,,Andhra Pradesh,2-Primary with Upper Primary,38-Pvt.Unaided,1 To 7,3-Co-educational,1-Rural,Chagalamarri,Muthyalapadu,,,NA,518553,,https://kys.udiseplus.gov.in/#/schooldetail/4717486/12,4717486,15/10/2020 12:18,2367
******00303 Operational,,RENUKA UPS KONIDELA,,,,Andhra Pradesh,2-Primary with Upper Primary,38-Pvt.Unaided,1 To 7,3-Co-educational,1-Rural,Nandikotkur,Konidela,,,KONIDELA(VILLAGE) NANDIKOTKUR(MANDAL) KURNOOL(DIST),518411,renuka.up.school[at]gmail[dot]com,https://kys.udiseplus.gov.in/#/schooldetail/4698340/12,4698340,16/12/2023 12:20,2367
******91514 Operational,,RGM INTERNATIONAL SCHOOL NANDYAL,,,,Andhra Pradesh,3-Pr. with Up.Pr. Sec. and H.Sec.,39-Pvt.Unaided (CBSE Syllabus),1 To 12,3-Co-educational,2-Urban,NA,,MOOLASAGARAM(RURAL) Ward No.33,Nandyal-Municipality,NH-18 OPP SRMC NANDYAL,518502,rgmintsch[at]gmail[dot]com,https://kys.udiseplus.gov.in/#/schooldetail/4700659/12,4700659,06/08/2024 22:20,2367
******91423 Operational,,ROTARY E.M H.S 25TH WARD,,,,Andhra Pradesh,7-Upper Pr. and Secondary,38-Pvt.Unaided,6 To 10,3-Co-educational,2-Urban,NA,,Nandyal (M) - Ward No.25,Nandyal-Municipality,25th WARD NANDYAL NANDYAL (M)-2(VILLAGE) NANDYAL(MANDAL) KURNOOL(DIST),518501,sudheer.shyam888[at]gmail[dot]com,https://kys.udiseplus.gov.in/#/schooldetail/4699470/12,4699470,15/10/2020 12:18,2367
******91503 Operational,,ROTARY EM UP SCHOOL HANEEF NAGAR,,,,Andhra Pradesh,2-Primary with Upper Primary,38-Pvt.Unaided,1 To 7,3-Co-educational,2-Urban,NA,,Nandyal (M) - Ward No.26,Nandyal-Municipality,HANEEF NAGAR NANDYAL,518501,dvsndl[at]gmail[dot]com,https://kys.udiseplus.gov.in/#/schooldetail/4700652/12,4700652,21/04/2023 15:31,2367
******91493 Operational,,ROTARY PRIMARY SCHOOL NANDYAL,,,,Andhra Pradesh,1-Primary,38-Pvt.Unaided,1 To 5,3-Co-educational,2-Urban,NA,,Nandyal (M) - Ward No.25,Nandyal-Municipality,SRINIVASA NAGAR NANDYAL,518501,nizammuddinmm[at]gmail[dot]com,https://kys.udiseplus.gov.in/#/schooldetail/4700645/12,4700645,21/04/2023 15:31,2367
******00661 Operational,,ROYAL EMTM UP SCHOOL NANDYALA,,,,Andhra Pradesh,2-Primary with Upper Primary,38-Pvt.Unaided,1 To 7,3-Co-educational,2-Urban,NA,,Nandyal (M) - Ward No.5,Nandyal-Municipality,NANDYAL 518501,518501,royaleshakvali[at]gmail[dot]com,https://kys.udiseplus.gov.in/#/schooldetail/4700427/12,4700427,21/04/2023 15:31,2367
******00714 Permanently Closed,,RUHES U P S PEAPULLY,,,,Andhra Pradesh,2-Primary with Upper Primary,38-Pvt.Unaided,1 To 7,3-Co-educational,1-Rural,Peapully,Peapally,,,NA,518221,,https://kys.udiseplus.gov.in/#/schooldetail/4701553/12,4701553,15/10/2020 12:18,2367
******00693 Permanently Closed,,SAARC MODEL HIGH SCHOOL,,,,Andhra Pradesh,7-Upper Pr. and Secondary,38-Pvt.Unaided,6 To 10,3-Co-educational,2-Urban,NA,,Dhone Ward No. 1,Dhone(M)-Municipality,NA,518222,,https://kys.udiseplus.gov.in/#/schooldetail/4717525/12,4717525,15/10/2020 12:18,2367
******00692 Operational,,SAARC MODEL PRIMARY SCHOOL,,,,Andhra Pradesh,1-Primary,38-Pvt.Unaided,1 To 5,3-Co-educational,2-Urban,NA,,Dhone Ward No. 1,Dhone(M)-Municipality,NEAR RTC BUS DEPO BACK SIDE DHONE,518222,,https://kys.udiseplus.gov.in/#/schooldetail/4701695/12,4701695,21/04/2023 15:31,2367
******00530 Closed,Closed,SABEELUSSALAM E.M SCHOOL VELGODE,,,,Andhra Pradesh,2-Primary with Upper Primary,38-Pvt.Unaided,1 To 7,3-Co-educational,1-Rural,Velugodu,Velgode,,,VELGODE VELGODU VELGODE(VILLAGE) VELUGODU(MANDAL) KURNOOL(DIST),518533,,https://kys.udiseplus.gov.in/#/schooldetail/4698662/12,4698662,15/10/2020 12:18,2367
******01436 Operational,,SAI CHIDANANDA UP S NEAR PR TAKIES KKL,,,,Andhra Pradesh,1-Primary,38-Pvt.Unaided,1 To 5,3-Co-educational,1-Rural,Koilakuntla,Koilkuntla,,,NEAR PR TAKIES ROAD KOILAKUNTLA KOILKUNTLA(VILLAGE) KOILAKUNTLA(MANDAL) KURNOOL(DIST),518134,chandubavayag[at]gmail[dot]com,https://kys.udiseplus.gov.in/#/schooldetail/4701194/12,4701194,22/07/2024 12:53,2367
******00811 Operational,,SAI CHYTHANYA UP SCHOOL,,,,Andhra Pradesh,2-Primary with Upper Primary,38-Pvt.Unaided,1 To 7,3-Co-educational,1-Rural,Kolimigundla,Kolimigundla,,,KOLIMIGUNDLA KOLIMIDUNGLA KOLIMIGUNDLA(VILLAGE) KOLIMIGUNDLA(MANDAL) KURNOOL(DIST),518123,venkateswarareddy1[at]gmail[dot]com,https://kys.udiseplus.gov.in/#/schooldetail/4701422/12,4701422,21/04/2023 15:31,2367
******91440 Operational,,SAI E.M./ T.M. UP SCHOOL MOOLASAGARAM,,,,Andhra Pradesh,2-Primary with Upper Primary,38-Pvt.Unaided,1 To 7,3-Co-educational,2-Urban,NA,,Nandyal (M) - Ward No.26,Nandyal-Municipality,MOOLASAGARAM NANDYAL NANDYAL (M)-2(VILLAGE) NANDYAL(MANDAL) KURNOOL(DIST),518502,saikumaribathini[at]gmail[dot]com,https://kys.udiseplus.gov.in/#/schooldetail/4700607/12,4700607,21/04/2023 15:31,2367
******00609 Permanently Closed,,SAI GANESH UPPER PRIMARY,,,,Andhra Pradesh,2-Primary with Upper Primary,38-Pvt.Unaided,1 To 7,3-Co-educational,1-Rural,Banaganapalle,Palukur,,,NA,518176,,https://kys.udiseplus.gov.in/#/schooldetail/4717499/12,4717499,15/10/2020 12:18,2367
******01413 Closed,Closed,SAIJYOTHI PUBLIC SCHOOL NEAR NANDYAL BUS-STAND RUDRAVARAM,,,,Andhra Pradesh,2-Primary with Upper Primary,38-Pvt.Unaided,1 To 7,3-Co-educational,1-Rural,Rudravaram,Rudravaram,,,Near Nandyal Bus Stand Rudravaram RUDRAVARAM(VILLAGE) RUDRAVARAM(MANDAL) KURNOOL(DIST),518594,,https://kys.udiseplus.gov.in/#/schooldetail/4700829/12,4700829,10/05/2022 06:11,2367
******91496 Operational,,SAI KEERTHANA UP SCHOOL NANDYAL,,,,Andhra Pradesh,2-Primary with Upper Primary,38-Pvt.Unaided,1 To 7,3-Co-educational,2-Urban,NA,,Nandyal (M) - Ward No.8,Nandyal-Municipality,Farooqnagar,518501,,https://kys.udiseplus.gov.in/#/schooldetail/4700648/12,4700648,15/10/2020 12:18,2367
******01712 Operational,,SAI VIJETHA UP EM SCHOOL KV NAGAR DHONE,,,,Andhra Pradesh,2-Primary with Upper Primary,38-Pvt.Unaided,1 To 7,3-Co-educational,2-Urban,NA,,Dhone Ward No. 3,Dhone(M)-Municipality,kurukunda venkataramadu nagar,518222,saivijetha2821[at]gmail[dot]om,https://kys.udiseplus.gov.in/#/schooldetail/4720298/12,4720298,21/04/2023 15:31,2367
******90650 Operational,,SAMATHA VIDYANIKETAN PS SRINIVASA NAGAR,,,,Andhra Pradesh,1-Primary,38-Pvt.Unaided,1 To 5,3-Co-educational,2-Urban,NA,,Nandyal (M) - Ward No.14,Nandyal-Municipality,SRINIVASA NAGAR NANDYAL NANDYAL (M)(VILLAGE) NANDYAL(MANDAL) KURNOOL(DIST),518501,samatha.school123[at]gmail[dot]com,https://kys.udiseplus.gov.in/#/schooldetail/4700537/12,4700537,15/10/2020 12:18,2367
******90664 Closed,Closed,SAMS AIDEDUPS FORT,,,,Andhra Pradesh,2-Primary with Upper Primary,35-Pvt.Aided,1 To 7,3-Co-educational,2-Urban,NA,,Nandyal (M) - Ward No.22,Nandyal-Municipality,FORT NANDYAL NANDYAL (M)(VILLAGE) NANDYAL(MANDAL) KURNOOL(DIST),518501,vvreddy1962[at]gmail[dot]com,https://kys.udiseplus.gov.in/#/schooldetail/4700548/12,4700548,09/05/2022 16:38,2367
******01010 Closed,Closed,SANJEEVA EM/TM UPS ULKOTHAPALLI DHONE(M),,,,Andhra Pradesh,2-Primary with Upper Primary,38-Pvt.Unaided,1 To 7,3-Co-educational,1-Rural,Dhone Alias Dronachalam,Ungaranigundla,,,U KOTHAPALLI VILLAGE DHONE MANDAL,518222,sanjeevarayudu[at]gmail[dot]com,https://kys.udiseplus.gov.in/#/schooldetail/4701724/12,4701724,05/02/2023 21:59,2367
******00621 Closed,Closed,SANJOE CARMEL SCHOOL SIRVEL,,,,Andhra Pradesh,1-Primary,38-Pvt.Unaided,1 To 5,3-Co-educational,1-Rural,Sirivel,Sirvel,,,SIRVEL SIRVEL SIRVEL(VILLAGE) SIRVEL(MANDAL) KURNOOL(DIST),518563,carmelbhavan16[at]gmail[dot]com,https://kys.udiseplus.gov.in/#/schooldetail/4700764/12,4700764,15/10/2020 12:18,2367
******00672 Operational,,SANJOE HIGH SCHOOL,,,,Andhra Pradesh,7-Upper Pr. and Secondary,38-Pvt.Unaided,6 To 10,3-Co-educational,2-Urban,NA,,Dhone Ward No. 12,Dhone(M)-Municipality,DHONE SANJOE EM SCHOOL DHONE(VILLAGE) DHONE(MANDAL) KURNOOL(DIST),518222,sanjoeemschool20[at]gmail[dot]com,https://kys.udiseplus.gov.in/#/schooldetail/4701681/12,4701681,15/10/2020 12:18,2367
******00665 Operational,,SANJOE P S,,,,Andhra Pradesh,1-Primary,38-Pvt.Unaided,1 To 5,3-Co-educational,2-Urban,NA,,Dhone Ward No. 12,Dhone(M)-Municipality,DHONE NEAR GOVT DEGREE COLLEGE DHONE(VILLAGE) DHONE(MANDAL) KURNOOL(DIST),518222,sanjoeemschool20[at]gmail[dot]com,https://kys.udiseplus.gov.in/#/schooldetail/4701675/12,4701675,21/04/2023 15:31,2367
******00034 Operational,,SANKALP EM HIGH SCHOOL BALAJI COMPLEX NANDYAL,,,,Andhra Pradesh,6-Pr. Up Pr. and Secondary Only,38-Pvt.Unaided,1 To 10,3-Co-educational,2-Urban,NA,,Nandyal (M) - Ward No.12,Nandyal-Municipality,BALAJI COMPLEX NANDYAL,518501,,https://kys.udiseplus.gov.in/#/schooldetail/4720434/12,4720434,21/04/2023 15:31,2367
******91438 Operational,,SANTHINIKETAN E.M. PS SRINIVASA NAGAR,,,,Andhra Pradesh,1-Primary,38-Pvt.Unaided,1 To 5,3-Co-educational,2-Urban,NA,,Nandyal Ward No. 39,Nandyal-Municipality,SRINIVASA NAGAR NANDYAL NANDYAL (M)-2(VILLAGE) NANDYAL(MANDAL) KURNOOL(DIST),518501,santhinikethangroups[at]gmail[dot]com,https://kys.udiseplus.gov.in/#/schooldetail/4700606/12,4700606,21/04/2023 15:31,2367
******00172 Operational,,SAPTAGIRI EM SCHOOL ATMAKUR,,,,Andhra Pradesh,2-Primary with Upper Primary,38-Pvt.Unaided,1 To 7,3-Co-educational,2-Urban,NA,,Atmakurknl Ward No. 5,Atmakur (Kurnool)-Municipality,"Near mmfunction hall,momin nagar, Atmakur, nandyal district, andhrapradesh",518422,riyaz.one1[at]gmail[dot]com,https://kys.udiseplus.gov.in/#/schooldetail/4698559/12,4698559,09/11/2024 23:56,2367
******01417 Operational,,SAPTAGIRI PRIMARY SCHOOL KOILAKUNTLA,,,,Andhra Pradesh,1-Primary,38-Pvt.Unaided,1 To 5,3-Co-educational,1-Rural,Koilakuntla,Koilkuntla,,,H.NO.11-91-2 KOILAKUNTLA KOILKUNTLA(VILLAGE) KOILAKUNTLA(MANDAL) KURNOOL(DIST),518134,,https://kys.udiseplus.gov.in/#/schooldetail/4701182/12,4701182,24/12/2023 09:19,2367
******01442 Operational,,SAPTHAGIRI HSKOILAKUNTLA,,,,Andhra Pradesh,7-Upper Pr. and Secondary,38-Pvt.Unaided,6 To 10,3-Co-educational,1-Rural,Koilakuntla,Koilkuntla,,,KOILKUNTLA VILLAGE AND MANDAL KURNOOL,518134,,https://kys.udiseplus.gov.in/#/schooldetail/4701199/12,4701199,11/05/2022 16:14,2367
******00913 Operational,,SARADA VIDYA NIKETAN PAGIDYALA,,,,Andhra Pradesh,2-Primary with Upper Primary,38-Pvt.Unaided,1 To 7,3-Co-educational,1-Rural,Pagidyala,Pagidyala,,,PAGIDYALA PAGIDYALA PAGIDYALA(VILLAGE) PAGIDALA(MANDAL) KURNOOL(DIST),518412,srinivasulusrinivasulu0895[at]gmail[dot]com,https://kys.udiseplus.gov.in/#/schooldetail/4698458/12,4698458,16/06/2023 15:21,2367
******00646 Closed,Closed,SARASWATHI SISHU MANDIR H,,,,Andhra Pradesh,7-Upper Pr. and Secondary,38-Pvt.Unaided,6 To 10,3-Co-educational,2-Urban,NA,,Dhone Ward No. 5,Dhone(M)-Municipality,DHONE @ DRONACH DHONE DHONE(VILLAGE) DHONE(MANDAL) KURNOOL(DIST),518222,,https://kys.udiseplus.gov.in/#/schooldetail/4701667/12,4701667,15/10/2020 12:18,2367
******00038 Operational,,"SARASWATHI UPPER PRIMARY SCHOOL, RUDRAVARAM",,,,Andhra Pradesh,2-Primary with Upper Primary,38-Pvt.Unaided,1 To 7,3-Co-educational,1-Rural,Rudravaram,Rudravaram,,,RUDRAVARAM VILLAGE AND MANDAL,518594,,https://kys.udiseplus.gov.in/#/schooldetail/4720448/12,4720448,24/12/2025 11:22,2367
******91454 Operational,,SARASWATHI VIDYA MANDIR AYYALUR,,,,Andhra Pradesh,2-Primary with Upper Primary,38-Pvt.Unaided,1 To 7,3-Co-educational,1-Rural,Nandyal,Ayyalur (Part),,,AYYALUR NANDYAL NANDYAL NANDYAL NANDYAL MANDAL NANDYAL DIST,518502,nandyalsvm[at]gmail[dot]com,https://kys.udiseplus.gov.in/#/schooldetail/4700620/12,4700620,21/09/2024 11:33,2367
******00938 Permanently Closed,,S A R MODEL HS ALLAGADDA,,,,Andhra Pradesh,7-Upper Pr. and Secondary,38-Pvt.Unaided,6 To 10,3-Co-educational,2-Urban,NA,,Allagadda Ward no. 5,Allagadda-Town Panchayat,NA,518543,,https://kys.udiseplus.gov.in/#/schooldetail/4717482/12,4717482,15/10/2020 12:18,2367
******00694 Permanently Closed,,SARRM UP SCHOOL(RESIDENTIAL SCHOOL FOR TRIBAL GIRILS),,,,Andhra Pradesh,1-Primary,38-Pvt.Unaided,1 To 5,2-Girls,2-Urban,NA,,Dhone Ward No. 14,Dhone(M)-Municipality,NA,518222,,https://kys.udiseplus.gov.in/#/schooldetail/4717526/12,4717526,15/10/2020 12:18,2367
******00664 Operational,,SARVAGNA EM HIGH SCHOOL NANDYALA,,,,Andhra Pradesh,7-Upper Pr. and Secondary,38-Pvt.Unaided,6 To 10,3-Co-educational,2-Urban,NA,,Nandyal (M) - Ward No.25,Nandyal-Municipality,"25-236-12-3, SANJEEVA NAGAR, SRINIVASA NAGAR, NANDYAL",518501,ndlsarvagna[at]gmail[dot]com,https://kys.udiseplus.gov.in/#/schooldetail/4700430/12,4700430,21/09/2024 09:21,2367
******00663 Operational,,SARVAGNA EM PRIMARY SCHOOL NANDYALA,,,,Andhra Pradesh,1-Primary,38-Pvt.Unaided,1 To 5,3-Co-educational,2-Urban,NA,,Nandyal (M) - Ward No.25,Nandyal-Municipality,"25-236-12-3, SANJEEVANAGAR, SRINIVASA NAGAR, NANDYAL",518501,-ndlsarvagna[at]gmail[dot]com,https://kys.udiseplus.gov.in/#/schooldetail/4700429/12,4700429,21/09/2024 09:58,2367
******00983 Operational,,SCHOLARS EM TM HS NANDIKOTKUR,,,,Andhra Pradesh,7-Upper Pr. and Secondary,38-Pvt.Unaided,6 To 10,3-Co-educational,2-Urban,NA,,Nandikotkur Ward No. 6,Nandikotkur-Town Panchayat,SANGAIAHPETA NANDIKOTKUR KURNOOL 518401,518401,siva.scholars[at]gmail[dot]com,https://kys.udiseplus.gov.in/#/schooldetail/4698416/12,4698416,25/06/2021 18:02,2367
******00960 Operational,,SCHOLARS EM TM SCHOOL NANDIKOTKUR,,,,Andhra Pradesh,1-Primary,38-Pvt.Unaided,1 To 5,3-Co-educational,2-Urban,NA,,Nandikotkur Ward No. 6,Nandikotkur-Town Panchayat,NANDIKOTKUR NANDIKOTKUR NANDIKOTKUR(VILLAGE) NANDIKOTKUR(MANDAL)I KURNOOL(DIST),518401,siva.scholars[at]gmail[dot]com,https://kys.udiseplus.gov.in/#/schooldetail/4697340/12,4697340,16/06/2023 15:21,2367
******00904 Permanently Closed,,SDR EM HS CBSE VENKATESWARAPURAM,,,,Andhra Pradesh,7-Upper Pr. and Secondary,39-Pvt.Unaided (CBSE Syllabus),6 To 10,3-Co-educational,1-Rural,Nandyal,NA,,,NA,518502,,https://kys.udiseplus.gov.in/#/schooldetail/4717451/12,4717451,15/10/2020 12:18,2367
******00903 Operational,,SDR EM UP SCHOOL UDUMALPURAM NANDYAL,,,,Andhra Pradesh,1-Primary,38-Pvt.Unaided,1 To 5,3-Co-educational,2-Urban,NA,,MOOLASAGARAM(RURAL) Ward No.33,Nandyal-Municipality,VENKATESWARAPURAM VILLAGE,518502,sdrdocs0[at]gmail[dot]com,https://kys.udiseplus.gov.in/#/schooldetail/4700439/12,4700439,16/06/2023 15:21,2367
******00905 Operational,,SDRS AKANKSHA JUNIOR COLLEGE VENKATESWARAPURAM NANDYAL,,,,Andhra Pradesh,11-Higher Secondary only/Jr. College,38-Pvt.Unaided,11 To 12,3-Co-educational,2-Urban,NA,,MOOLASAGARAM(RURAL) Ward No.33,Nandyal-Municipality,NEAR PETRO BUNK BACKSIDE VENKATERAPURAM,518502,sdrsjrcollege[at]gmail[dot]com,https://kys.udiseplus.gov.in/#/schooldetail/4717452/12,4717452,01/08/2022 18:31,2367
******91513 Operational,,SDR WORLD HS VENKATESWHARA PURAM,,,,Andhra Pradesh,3-Pr. with Up.Pr. Sec. and H.Sec.,38-Pvt.Unaided,1 To 12,3-Co-educational,2-Urban,NA,,MOOLASAGARAM(RURAL) Ward No.33,Nandyal-Municipality,Near Petrol Bunk backside venkateswarapuram nandyal,518502,sdrworldschool[at]gmail[dot]com,https://kys.udiseplus.gov.in/#/schooldetail/4700658/12,4700658,18/07/2025 13:23,2367
******90214 Closed,Closed,SESHA REDDI HIGH S,,,,Andhra Pradesh,7-Upper Pr. and Secondary,35-Pvt.Aided,6 To 10,3-Co-educational,2-Urban,NA,,Election Ward No.2,BETHAMCHERLA-Town Panchayat,BETHAMCHERLA BETHAMCHERLA BETHAMCHERLA(VILLAGE) BETHAMCHERLA(MANDAL) KURNOOL(DIST),518599,,https://kys.udiseplus.gov.in/#/schooldetail/4700180/12,4700180,10/05/2022 12:41,2367
******00136 Operational,,SHANTHINIKETAN HS,,,,Andhra Pradesh,7-Upper Pr. and Secondary,38-Pvt.Unaided,6 To 10,3-Co-educational,2-Urban,NA,,Atmakurknl Ward No. 10,Atmakur (Kurnool)-Municipality,ATMAKUR GAREEB NAGAR ATMAKUR(VILLAGE) ATMAKUR(MANDAL) KURNOOL(DIST),518422,shantinikethanhighschool[at]gmail[dot]com,https://kys.udiseplus.gov.in/#/schooldetail/4697481/12,4697481,15/10/2020 12:18,2367
******00819 Operational,,"SHANTHINIKETHAN HS, GAJULAPALLI, MAHANANDI (M)",,,,Andhra Pradesh,7-Upper Pr. and Secondary,38-Pvt.Unaided,6 To 10,3-Co-educational,1-Rural,Mahanandi,Gajulapalle,,,GAJULAPALLI MAHANANDI KURNOOL 518583,518583,sntgpl2016[at]gmil[dot]com,https://kys.udiseplus.gov.in/#/schooldetail/4700731/12,4700731,14/05/2022 11:46,2367
******00138 Operational,,SHANTINIKETAN P.S,,,,Andhra Pradesh,1-Primary,38-Pvt.Unaided,1 To 5,3-Co-educational,2-Urban,NA,,Atmakurknl Ward No. 10,Atmakur (Kurnool)-Municipality,ATMAKUR GAREEB NAGAR ATMAKUR(VILLAGE) ATMAKUR(MANDAL) KURNOOL(DIST),518422,karnakarforu[at]gmail[dot]com,https://kys.udiseplus.gov.in/#/schooldetail/4697482/12,4697482,21/04/2023 15:31,2367
******00812 Operational,,"SHANTINIKETHAN SCHOOL, GAJULAPALLI",,,,Andhra Pradesh,1-Primary,38-Pvt.Unaided,1 To 5,3-Co-educational,1-Rural,Mahanandi,Gajulapalle,,,GAJULAPALLE GAJULAPALLE GAJULAPALLE(VILLAGE) MAHANANDI(MANDAL) KURNOOL(DIST),518583,sntgpl2016[at]gmail[dot]com,https://kys.udiseplus.gov.in/#/schooldetail/4700726/12,4700726,16/06/2023 15:21,2367
******00358 Operational,,SHINE EM UP SCHOOL SIRVEL,,,,Andhra Pradesh,2-Primary with Upper Primary,38-Pvt.Unaided,1 To 7,3-Co-educational,1-Rural,Sirivel,Sirvel,,,NEAR SYNDICATE BANK,518563,shineemschool[at]gmail[dot]com,https://kys.udiseplus.gov.in/#/schooldetail/4720772/12,4720772,19/09/2024 10:03,2367
******01606 Permanently Closed,,SHINE UP SCHOOL MUTHYALUR,,,,Andhra Pradesh,2-Primary with Upper Primary,38-Pvt.Unaided,1 To 7,3-Co-educational,1-Rural,Rudravaram,Muthaloor,,,NA,518594,,https://kys.udiseplus.gov.in/#/schooldetail/4700839/12,4700839,15/10/2020 12:18,2367
******00933 Closed,Closed,SHIVAM MODERN S (E.M) SAIBABA PETA NANDIKOTKUR,,,,Andhra Pradesh,1-Primary,38-Pvt.Unaided,1 To 5,3-Co-educational,2-Urban,NA,,Nandikotkur Ward No. 6,Nandikotkur-Town Panchayat,SAIBABAPETA NANDI KOTKUR NANDI KOTKUR(VILLAGE) NANDIKOTKUR(MANDAL) KURNOOL(DIST),518401,shivamschoolndk[at]gmail[dot]com,https://kys.udiseplus.gov.in/#/schooldetail/4698381/12,4698381,15/10/2020 12:18,2367
******01862 Operational,,SHIVA UPPER PRIMARY SCHOOL NOSSAM,,,,Andhra Pradesh,2-Primary with Upper Primary,38-Pvt.Unaided,1 To 7,3-Co-educational,1-Rural,Sanjamala,Nossam,,,THERU STREET NOSSAM SANJAMALA MANDAL,518145,nagaswaramnarasimham[at]gmail[dot]com,,,11/12/2025 12:55,2367
******00989 Operational,,SHLOKA EM HIGH SCHOOL NANDIKOTKUR (CBSE),,,,Andhra Pradesh,6-Pr. Up Pr. and Secondary Only,39-Pvt.Unaided (CBSE Syllabus),1 To 10,3-Co-educational,2-Urban,NA,,Nandikotkur Ward No. 10,Nandikotkur-Town Panchayat,ATMAKUR ROAD NANDIKOTKUR,518401,shlokaschool.ndk[at]gmail[dot]com,https://kys.udiseplus.gov.in/#/schooldetail/4698420/12,4698420,16/06/2023 15:21,2367
******00988 Closed,Closed,SHLOKA EM PRIMARY SCHOOL NANDIKOTKUR,,,,Andhra Pradesh,1-Primary,38-Pvt.Unaided,1 To 5,3-Co-educational,2-Urban,NA,,Nandikotkur Ward No. 10,Nandikotkur-Town Panchayat,Atmakur Road Nandikotkur,518401,shlokaschool.ndk[at]gmail[dot]com,https://kys.udiseplus.gov.in/#/schooldetail/4698419/12,4698419,27/01/2023 19:15,2367
******01008 Operational,,SHRE VIDYANIIKETAN,,,,Andhra Pradesh,2-Primary with Upper Primary,38-Pvt.Unaided,1 To 7,3-Co-educational,1-Rural,Owk,Owk,,,MUSLIM STREET OWK OWK OWK(MANDAL) KURNOOL (DIST),518122,kbnschoolowk[at]gmail[dot]com,https://kys.udiseplus.gov.in/#/schooldetail/4701492/12,4701492,21/04/2023 15:31,2367
******00638 Operational,,SHYM VIDYAVIHAR EM HS SCHOOL NHANDYAL,,,,Andhra Pradesh,7-Upper Pr. and Secondary,38-Pvt.Unaided,6 To 10,3-Co-educational,2-Urban,NA,,Nandyal (M) - Ward No.23,Nandyal-Municipality,noonepalle nandyal,518502,shyamvidyavihar[at]gmail[dot]com,https://kys.udiseplus.gov.in/#/schooldetail/4700417/12,4700417,15/10/2020 12:18,2367
******00637 Operational,,SHYM VIDYA VIHAR PRIMARY SCHOOL NOONEPALI,,,,Andhra Pradesh,1-Primary,38-Pvt.Unaided,1 To 5,3-Co-educational,2-Urban,NA,,Nandyal (M) - Ward No.22,Nandyal-Municipality,NOONEPALLI,518502,shyamvidyavihar[at]gmail[dot]com,https://kys.udiseplus.gov.in/#/schooldetail/4700416/12,4700416,21/04/2023 15:31,2367
******00645 Operational,,SIDDARTHA HIGH S,,,,Andhra Pradesh,7-Upper Pr. and Secondary,38-Pvt.Unaided,6 To 10,3-Co-educational,2-Urban,NA,,Dhone Ward No. 13,Dhone(M)-Municipality,DHONE D.NO.4-190 DHONE(VILLAGE) DHONE(MANDAL) KURNOOL(DIST),518222,raghurambandla37[at]gmail[dot]com,https://kys.udiseplus.gov.in/#/schooldetail/4701666/12,4701666,15/10/2020 12:18,2367
******00617 Closed,Closed,SIDDARTHA UP S,,,,Andhra Pradesh,1-Primary,38-Pvt.Unaided,1 To 5,3-Co-educational,2-Urban,NA,,Dhone Ward No. 13,Dhone(M)-Municipality,DHONE D NO:4-190 DHONE(VILLAGE) DHONE(MANDAL) KURNOOL(DIST),518222,,https://kys.udiseplus.gov.in/#/schooldetail/4701649/12,4701649,10/05/2022 17:46,2367
******00804 Operational,,SIDDIQUE AIDEDPS JILLELA,,,,Andhra Pradesh,2-Primary with Upper Primary,35-Pvt.Aided,1 To 7,3-Co-educational,1-Rural,Gospadu,Jillela,,,JILLELA JILLELA JILLELA(VILLAGE) GOSPADU(MANDAL) KURNOOL(DIST),518563,chandbasha0033[at]gmail[dot]com,https://kys.udiseplus.gov.in/#/schooldetail/4701124/12,4701124,19/12/2025 10:39,2367
******90637 Operational,,SIDDIQUE AIDEDPS NOONEPALLI,,,,Andhra Pradesh,1-Primary,35-Pvt.Aided,1 To 5,3-Co-educational,2-Urban,NA,,Nandyal (M) - Ward No.28,Nandyal-Municipality,NOONEPALLE NANDYAL NANDYAL (M)(VILLAGE) NANDYAL(MANDAL) KURNOOL(DIST),518502,siddiquiaidedpsnoonepalli[at]gmail[dot]com,https://kys.udiseplus.gov.in/#/schooldetail/4700527/12,4700527,12/03/2024 12:28,2367
******90636 Operational,,SIDDIQUE AIDEDPS POLICE LINE,,,,Andhra Pradesh,1-Primary,35-Pvt.Aided,1 To 5,3-Co-educational,2-Urban,NA,,Nandyal (M) - Ward No.29,Nandyal-Municipality,NANDYAL ( POLICE LINE NANDYAL (M)(VILLAGE) NANDYAL(MANDAL) KURNOOL(DIST),518501,siddiquiurdups[at]gmail[dot]com,https://kys.udiseplus.gov.in/#/schooldetail/4699403/12,4699403,15/10/2020 12:18,2367
******03106 Operational,,SIDDIQUE AIDED(U)PS,,,,Andhra Pradesh,1-Primary,35-Pvt.Aided,1 To 5,3-Co-educational,1-Rural,Banaganapalle,Banaganapalle (Ct),,,19TH WARD BANAGANAPALLE BANAGANAPALLE(VILLAGE) BANAGANAPALLI(MANDAL) KURNOOL(DIST),518124,eqbalhussain986[at]gmail[dot]com,https://kys.udiseplus.gov.in/#/schooldetail/4701299/12,4701299,11/05/2022 11:59,2367
******03107 Operational,,SIDDIQUE AIDED URDU PRIMA,,,,Andhra Pradesh,1-Primary,35-Pvt.Aided,1 To 5,3-Co-educational,1-Rural,Banaganapalle,Banaganapalle (Ct),,,13TH WARD BANAGANAPALLE BANAGANAPALLE(VILLAGE) BANAGANAPALLI(MANDAL) KURNOOL(DIST),518124,mullaabdulmajeed786[at]gmail[dot]com,https://kys.udiseplus.gov.in/#/schooldetail/4701300/12,4701300,11/05/2022 11:59,2367
******02802 Operational,,SIDDIQUE AIDED URDU PS APPALAPURAM,,,,Andhra Pradesh,1-Primary,35-Pvt.Aided,1 To 5,3-Co-educational,1-Rural,Banaganapalle,Appalapuram,,,APPALAPURAM APPALAPURAM APPALAPURAM(VILLAGE) BANAGANAPALLI(MANDAL) KURNOOL(DIST),518124,nzba786[at]gmail[dot]com,https://kys.udiseplus.gov.in/#/schooldetail/4701290/12,4701290,11/05/2022 11:55,2367
******00805 Sanctioned but not Operational,,SIDDIQUE HS JILLELA,,,,Andhra Pradesh,4-Upper Primary only,35-Pvt.Aided,6 To 8,3-Co-educational,1-Rural,Gospadu,Jillela,,,JILLELA(VILLAGE) GOSPADU(MANDAL) KURNOOL(DIST),518563,,https://kys.udiseplus.gov.in/#/schooldetail/4701125/12,4701125,09/05/2022 13:34,2367
******01404 Operational,,SIDDIQUI AIDEDPS CHABOLU,,,,Andhra Pradesh,1-Primary,35-Pvt.Aided,1 To 5,3-Co-educational,1-Rural,Nandyal,Chabolu,,,CHABOLU CHABOLU CHABOLU(VILLAGE) NANDYAL(MANDAL) KURNOOL(DIST),518502,saifullandl[at]gmail[dot]com,https://kys.udiseplus.gov.in/#/schooldetail/4700469/12,4700469,15/10/2020 12:18,2367
******00603 Operational,,SIDDIQUI AIDED (U) PS,,,,Andhra Pradesh,1-Primary,35-Pvt.Aided,1 To 5,3-Co-educational,1-Rural,Bandi Atmakur,Gali Chennaiah Palem,,,G.LINGAPURAM G.CH.PALEM G.CH.PALEM(VILLAGE) BANDIATMAKUR(MANDAL) KURNOOL(DIST),518513,khateebabdulsalam1[at]gmail[dot]com,https://kys.udiseplus.gov.in/#/schooldetail/4700339/12,4700339,15/10/2020 12:18,2367
******01403 Operational,,SIDDIQUI AIDED(U)PS RUDRAVARAM,,,,Andhra Pradesh,1-Primary,35-Pvt.Aided,1 To 5,3-Co-educational,1-Rural,Rudravaram,Rudravaram,,,RUDRAVARAM BORUGULA PETA RUDRAVARAM(VILLAGE) RUDRAVARAM(MANDAL) KURNOOL(DIST),518594,sir27113[at]gmail[dot]com,https://kys.udiseplus.gov.in/#/schooldetail/4700823/12,4700823,24/12/2025 11:19,2367
******00902 Operational,,SIDDIQUI AIDED URDU ELE.S,,,,Andhra Pradesh,1-Primary,35-Pvt.Aided,1 To 5,3-Co-educational,1-Rural,Banaganapalle,Nandivargam,,,NANDIVARGAM BANAGANAPALLI NANDIVARGAM(VILLAGE) BANAGANAPALLI(MANDAL) KURNOOL(DIST),518176,,https://kys.udiseplus.gov.in/#/schooldetail/4701250/12,4701250,24/12/2025 17:55,2367
******00204 Closed,Closed,SIDDIQUI AIDED URDU P.S W.GOVIDNINE,,,,Andhra Pradesh,1-Primary,35-Pvt.Aided,1 To 5,3-Co-educational,1-Rural,Dornipadu,W.Govindinne,,,W.GOVINDINNE (VILLAGE) DORNIPADU (MANDAL) KURNOOL(DIST),518135,syedameer814[at]gmail[dot]com,https://kys.udiseplus.gov.in/#/schooldetail/4701087/12,4701087,16/12/2023 20:42,2367
******02008 Operational,,SIR VIJAYAVANI ENGLISH MEDIUM UP SCHOOL,,,,Andhra Pradesh,2-Primary with Upper Primary,38-Pvt.Unaided,1 To 7,3-Co-educational,1-Rural,Nandyal,Kottala,,,SUGALAIMETTA VILLAGE,518508,eswarchem393[at]gmail[dot]com,https://kys.udiseplus.gov.in/#/schooldetail/4700491/12,4700491,15/10/2020 12:18,2367
******00967 Closed,Closed,SIVAM MODREN HS NANDIKOTKUR,,,,Andhra Pradesh,7-Upper Pr. and Secondary,38-Pvt.Unaided,6 To 10,3-Co-educational,2-Urban,NA,,Nandikotkur Ward No. 14,Nandikotkur-Town Panchayat,NANDIKOTKUR NANDIKOTKUR NANDIKOTKUR(VILLAGE) NANDIKOTKUR(MANDAL) KURNOOL(DIST),518401,shivamschoolndk[at]gmail[dot]com,https://kys.udiseplus.gov.in/#/schooldetail/4698401/12,4698401,15/10/2020 12:18,2367
******00816 Operational,,Siva Ramakrishna Vidyalayam Mahanadi,,,,Andhra Pradesh,7-Upper Pr. and Secondary,38-Pvt.Unaided,6 To 10,3-Co-educational,1-Rural,Mahanandi,Gajulapalle,,,GAJULAPALLI VILLAGE MAHANANDI MANDAL,518583,mouleswarareddymouli[at]gmail[dot]com,https://kys.udiseplus.gov.in/#/schooldetail/4700728/12,4700728,14/05/2022 11:43,2367
******00640 Closed,Closed,SKP HIGH S DHONE,,,,Andhra Pradesh,7-Upper Pr. and Secondary,35-Pvt.Aided,6 To 10,3-Co-educational,2-Urban,NA,,Dhone Ward No. 16,Dhone(M)-Municipality,DHONE OPP:TELEPHONE EXCHANGE DHONE(VILLAGE) DHONE(MANDAL) KURNOOL(DIST),518222,,https://kys.udiseplus.gov.in/#/schooldetail/4701662/12,4701662,10/05/2022 17:46,2367
******91419 Permanently Closed,,SKP VIDYANILAYAM HS NADIGADDA,,,,Andhra Pradesh,7-Upper Pr. and Secondary,38-Pvt.Unaided,6 To 10,3-Co-educational,2-Urban,NA,,Nandyal (M) - Ward No.3,Nandyal-Municipality,NA,518501,,https://kys.udiseplus.gov.in/#/schooldetail/4717460/12,4717460,15/10/2020 12:18,2367
******00407 Operational,,SKRNZPHS PERAIPALLI,,,,Andhra Pradesh,7-Upper Pr. and Secondary,33-MPP_ZPP SCHOOLS,6 To 10,3-Co-educational,1-Rural,Allagadda,G.Jambuladinne,,,PERAIPALLI PERAIPALLI G.JAMBULADINNE(VILLAGE) ALLAGADDA(MANDAL) KURNOOL(DIST),518543,mahaboob.basha.a66[at]gmail[dot]com,https://kys.udiseplus.gov.in/#/schooldetail/4700868/12,4700868,15/10/2020 12:18,2367
******00706 Operational,,SKTEM UP SCHOOL PEDDA CHINTAKUNTA,,,,Andhra Pradesh,2-Primary with Upper Primary,38-Pvt.Unaided,1 To 7,3-Co-educational,2-Urban,NA,,Allagadda Ward no. 18,Allagadda-Town Panchayat,MV NAGAR PEDDACHINTAKUNTA PEDDACHINTAKUNT(VILLAGE) ALLAGADDA(MANDAL) KURNOOL(DIST),518543,srikeerthanahighschool[at]gmail[dot]com,https://kys.udiseplus.gov.in/#/schooldetail/4700875/12,4700875,26/12/2025 10:00,2367
******01507 Operational,,SLATE UP EMTM SCHOOL KANALA,,,,Andhra Pradesh,2-Primary with Upper Primary,38-Pvt.Unaided,1 To 7,3-Co-educational,1-Rural,Nandyal,Kanala,,,kanala nandyal kurnool518593,518593,begumhussian[at]gmail[dot]com,https://kys.udiseplus.gov.in/#/schooldetail/4700476/12,4700476,16/06/2023 15:21,2367
******01704 Operational,,SLNAIDEDHS MANDALOOR,,,,Andhra Pradesh,7-Upper Pr. and Secondary,35-Pvt.Aided,6 To 10,3-Co-educational,1-Rural,Rudravaram,Mandaloor,,,MANDALOOR MANDALOOR MANDALOOR(VILLAGE) RUDRAVARAM(MANDAL) KURNOOL(DIST),518543,slnaidedhsmandalur[at]gmail[dot]com,https://kys.udiseplus.gov.in/#/schooldetail/4700843/12,4700843,24/12/2025 10:49,2367
******01703 Closed,Closed,S L N AIDEDPS MANDALOOR,,,,Andhra Pradesh,1-Primary,35-Pvt.Aided,1 To 5,3-Co-educational,1-Rural,Rudravaram,Muthaloor,,,MANDALOOR MANDALOOR MANDALOOR(VILLAGE) RUDRAVARAM(MANDAL) KURNOOL(DIST),518543,,https://kys.udiseplus.gov.in/#/schooldetail/4700842/12,4700842,16/12/2023 20:42,2367
******00623 Operational,,SMART KIDS E-LEARNING UP SCHOOL SIRVEL,,,,Andhra Pradesh,2-Primary with Upper Primary,38-Pvt.Unaided,1 To 7,3-Co-educational,1-Rural,Sirivel,Sirvel,,,"NEAR REGISTRATION OFFICE, SIRVEL VILALGE, SIRVEL MANDAL",518563,shaikmabusen1[at]gmail[dot]com,https://kys.udiseplus.gov.in/#/schooldetail/4700766/12,4700766,19/09/2024 09:48,2367
******00704 Operational,,S MOKESHWARA VIDYA PRATHAKOTA(WEST),,,,Andhra Pradesh,2-Primary with Upper Primary,38-Pvt.Unaided,1 To 7,3-Co-educational,1-Rural,Pagidyala,Pathakota(West),,,PRATHAKOTA(WEST) PRATHAKOTA(WEST) PATHAKOTA(WEST)(VILLAGE) PAGIDALA(MANDAL) KURNOOL(DIST),518412,,https://kys.udiseplus.gov.in/#/schooldetail/4698447/12,4698447,21/04/2023 15:31,2367
******01431 Closed,Closed,SMOSHS KOIALKUNTLA,,,,Andhra Pradesh,7-Upper Pr. and Secondary,37-Pvt.Aided Oriental Schools,6 To 10,3-Co-educational,1-Rural,Koilakuntla,Koilkuntla,,,KOILAKUNTLA (VILL&MNDL) KOILAKUNTLA KOILKUNTLA(VILLAGE) KOILAKUNTLA(MANDAL) KURNOOL(DIST),518134,,https://kys.udiseplus.gov.in/#/schooldetail/4701193/12,4701193,15/10/2020 12:18,2367
******01430 Closed,Closed,SMOSPS KOILAKUNTLA,,,,Andhra Pradesh,1-Primary,37-Pvt.Aided Oriental Schools,1 To 5,3-Co-educational,1-Rural,Koilakuntla,Koilkuntla,,,KOILAKUNTLA (VILL&MNDL) KOILAKUNTLA KOILKUNTLA(VILLAGE) KOILAKUNTLA(MANDAL) KURNOOL(DIST),518134,,https://kys.udiseplus.gov.in/#/schooldetail/4701192/12,4701192,15/10/2020 12:18,2367
******91431 Closed,Closed,S.P.G.ENGLISH MEDIUM SCHOOL RS ROAD,,,,Andhra Pradesh,2-Primary with Upper Primary,38-Pvt.Unaided,1 To 7,3-Co-educational,2-Urban,NA,,Nandyal (M) - Ward No.20,Nandyal-Municipality,R.S. ROAD NANDYAL NANDYAL (M)-2(VILLAGE) NANDYAL(MANDAL) KURNOOL(DIST),518502,,https://kys.udiseplus.gov.in/#/schooldetail/4700600/12,4700600,03/10/2025 16:05,2367
******91407 Operational,,SPG HIGH SCHOOL RS ROAD,,,,Andhra Pradesh,7-Upper Pr. and Secondary,35-Pvt.Aided,6 To 10,3-Co-educational,2-Urban,NA,,Nandyal (M) - Ward No.26,Nandyal-Municipality,R S ROAD NANDYAL (M)-2(VILLAGE) NANDYAL(MANDAL) KURNOOL(DIST),518502,spghsndl[at]gmail[dot]com,https://kys.udiseplus.gov.in/#/schooldetail/4700581/12,4700581,15/10/2020 12:18,2367
******00506 Operational,,SPG HS M.PADU,,,,Andhra Pradesh,7-Upper Pr. and Secondary,35-Pvt.Aided,6 To 10,3-Co-educational,1-Rural,Chagalamarri,Muthyalapadu,,,MUTHYALAPADU CHAGALAMARRI MUTHYALAPADU(VILLAGE) CHAGALAMARRI(MANDAL) KURNOOL(DIST),518553,spgmpd1855[at]gmail[dot]com,https://kys.udiseplus.gov.in/#/schooldetail/4700981/12,4700981,11/05/2022 17:45,2367
******90630 Operational,,S.P.G MODEL PRIMARY SCHOOL 20TH WARD,,,,Andhra Pradesh,1-Primary,35-Pvt.Aided,1 To 5,3-Co-educational,2-Urban,NA,,Nandyal (M) - Ward No.20,Nandyal-Municipality,20th WARD NANDYAL NANDYAL (M)(VILLAGE) NANDYAL(MANDAL) KURNOOL(DIST),518502,spgaidedmodelprimaryschool[at]gmail[dot]com,https://kys.udiseplus.gov.in/#/schooldetail/4700523/12,4700523,15/10/2020 12:18,2367
******00504 Closed,Closed,S.P.G.PRIMARY S,,,,Andhra Pradesh,1-Primary,35-Pvt.Aided,1 To 5,3-Co-educational,1-Rural,Chagalamarri,Muthyalapadu,,,MUTHYALAPADU S P G COMPOUND MUTHYALAPADU(VILLAGE) CHAGALAMARRI(MANDAL) KURNOOL(DIST),518553,,https://kys.udiseplus.gov.in/#/schooldetail/4700979/12,4700979,10/05/2022 06:10,2367
******00103 Closed,Closed,SPGUPS GOVINDPALLE,,,,Andhra Pradesh,2-Primary with Upper Primary,35-Pvt.Aided,1 To 7,3-Co-educational,1-Rural,Sirivel,Govindpalle,,,GOVINDPALLE GOVINDPALLE GOVINDPALLE(VILLAGE) SIRVEL(MANDAL) KURNOOL(DIST),518502,,https://kys.udiseplus.gov.in/#/schooldetail/4700735/12,4700735,16/12/2023 20:42,2367
******00656 Operational,,S.P.Y.REDDY E/M HIGH SCHOOL NANDYAL,,,,Andhra Pradesh,7-Upper Pr. and Secondary,38-Pvt.Unaided,6 To 10,3-Co-educational,2-Urban,NA,,Nandyal (M) - Ward No.30,Nandyal-Municipality,Bommalasathram Nandyal,518502,spyreddyschoolnandyal[at]gmail[dot]com,https://kys.udiseplus.gov.in/#/schooldetail/4699304/12,4699304,15/10/2020 12:18,2367
******90697 Operational,,SPY REDDY PS BOMMALASATRAM,,,,Andhra Pradesh,1-Primary,38-Pvt.Unaided,1 To 5,3-Co-educational,2-Urban,NA,,Nandyal (M) - Ward No.30,Nandyal-Municipality,BOMMALASATRAM NANDYAL NANDYAL (M)(VILLAGE) NANDYAL(MANDAL) KURNOOL(DIST),518502,spyreddyschoolnandyal[at]gmail[dot]com,https://kys.udiseplus.gov.in/#/schooldetail/4700575/12,4700575,16/06/2023 15:21,2367
******00088 Operational,,SREE ASWARTHA NARAYANA UP EM SCHOOL GORVIMANIPALLI,,,,Andhra Pradesh,2-Primary with Upper Primary,38-Pvt.Unaided,1 To 7,3-Co-educational,1-Rural,Kolimigundla,Petnikota,,,"ASWARTHA NARAYANA UP EM SCHOOL ,GORVIMANIPALLI",518123,kamatapunarayanasway[at]gmail[dot]com,https://kys.udiseplus.gov.in/#/schooldetail/4720488/12,4720488,21/04/2023 15:31,2367
******00912 Operational,,SREE BHARATHI VIDYA MANDIR PS ALLAGADDA,,,,Andhra Pradesh,1-Primary,38-Pvt.Unaided,1 To 5,3-Co-educational,2-Urban,NA,,Allagadda Ward no. 14,Allagadda-Town Panchayat,AMMAVARI SALA STREET ALLAGADDA ALLAGADDA(VILLAGE) ALLAGADDA(MANDAL) KURNOOL(DIST),518543,sbvmallagaddahm[at]gmail[dot]com,https://kys.udiseplus.gov.in/#/schooldetail/4700889/12,4700889,24/09/2024 18:52,2367
******01424 Operational,,SREE GAYATHRI HIGH S SNATHAPETA KKL,,,,Andhra Pradesh,7-Upper Pr. and Secondary,38-Pvt.Unaided,6 To 10,3-Co-educational,1-Rural,Koilakuntla,Koilkuntla,,,SANTHAPETA KOILAKUNTLA KOILKUNTLA(VILLAGE) KOILAKUNTLA(MANDAL) KURNOOL(DIST),518134,srigayathrivmhs[at]gmail[dot]com,https://kys.udiseplus.gov.in/#/schooldetail/4701189/12,4701189,11/05/2022 16:06,2367
******01407 Operational,,SREE GAYATHRI VIDYAMANDIR PS SNATHAPETA KKL,,,,Andhra Pradesh,1-Primary,38-Pvt.Unaided,1 To 5,3-Co-educational,1-Rural,Koilakuntla,Koilkuntla,,,SANTHAPETA KOILAKUNTLA KOILKUNTLA(VILLAGE) KOILAKUNTLA(MANDAL) KURNOOL(DIST),518134,srigayathrihs[at]gmail[dot]com,https://kys.udiseplus.gov.in/#/schooldetail/4701174/12,4701174,24/12/2023 09:18,2367
******01608 Permanently Closed,,SREE JEEVANA JYOTHI JR COLLEGE,,,,Andhra Pradesh,11-Higher Secondary only/Jr. College,38-Pvt.Unaided,11 To 12,3-Co-educational,9-NA,NA,,,,NA,518166,,https://kys.udiseplus.gov.in/#/schooldetail/4717507/12,4717507,15/10/2020 12:18,2367
******00107 Operational,,SREE JEEVAN JYOTHI VOCIATION JUNIOR COLLEGE POLUR NANDYAL,,,,Andhra Pradesh,11-Higher Secondary only/Jr. College,38-Pvt.Unaided,11 To 12,3-Co-educational,1-Rural,Nandyal,Polur,,,9-62 Polur Nandyal,518511,meo.nandyal34[at]gmail[dot]com,https://kys.udiseplus.gov.in/#/schooldetail/4719605/12,4719605,26/06/2021 09:56,2367
******00869 Operational,,"SREE LAKSHMI ENGLISH SCHOOL, VELGODE",,,,Andhra Pradesh,2-Primary with Upper Primary,38-Pvt.Unaided,1 To 7,3-Co-educational,1-Rural,Velugodu,Velgode,,,"near police station,nandyal road",518533,rubiyabanu1892[at]gmail[dot]com,https://kys.udiseplus.gov.in/#/schooldetail/4721286/12,4721286,16/12/2023 12:20,2367
******00936 Permanently Closed,,SREE LAKSHMI RAGHAVENDRA HS ALLAGADDA,,,,Andhra Pradesh,7-Upper Pr. and Secondary,38-Pvt.Unaided,6 To 10,3-Co-educational,2-Urban,NA,,Allagadda Ward no. 6,Allagadda-Town Panchayat,NA,518543,,https://kys.udiseplus.gov.in/#/schooldetail/4717481/12,4717481,15/10/2020 12:18,2367
******03606 Operational,,SREE LAKSHMI VIDYA NIKETHAN I K PETA,,,,Andhra Pradesh,2-Primary with Upper Primary,38-Pvt.Unaided,1 To 7,3-Co-educational,1-Rural,Banaganapalle,Illurukothapalle,,,ILLURU KOTHAPETA NEAR BUSTAND,518186,madumal3459[at]gmail[dot]com,https://kys.udiseplus.gov.in/#/schooldetail/4701351/12,4701351,21/04/2023 15:31,2367
******01708 Operational,,SREENIVASA VIDYANIKETHAN (EMTM)SCHOOL DHONE,,,,Andhra Pradesh,7-Upper Pr. and Secondary,38-Pvt.Unaided,6 To 10,3-Co-educational,2-Urban,NA,,Dhone Ward No. 3,Dhone(M)-Municipality,NEAR MAHA LAKSHMI HOSPITAL DHONE,518222,prathapaug10[at]gmail[dot]com,https://kys.udiseplus.gov.in/#/schooldetail/4701750/12,4701750,24/06/2021 21:29,2367
******00981 Operational,,SREE RADHA KRISHNA VIDYANIKETHAN EMUPS ALLAGADDA,,,,Andhra Pradesh,2-Primary with Upper Primary,38-Pvt.Unaided,1 To 7,3-Co-educational,2-Urban,NA,,Allagadda Ward no. 10,Allagadda-Town Panchayat,"NEAR RTC BUSTAND, ALLAGADDA VILLAGE AND MANDAL, NANDYAL DISTRICT, AP 518543",518543,bnagaraju799[at]gmail[dot]com,https://kys.udiseplus.gov.in/#/schooldetail/4700935/12,4700935,26/12/2025 16:34,2367
******01522 Permanently Closed,,SREE RAGHAVENDRA H.S,,,,Andhra Pradesh,7-Upper Pr. and Secondary,38-Pvt.Unaided,6 To 10,3-Co-educational,1-Rural,Chagalamarri,Chagalamarri,,,NA,518553,,https://kys.udiseplus.gov.in/#/schooldetail/4717488/12,4717488,15/10/2020 12:18,2367
******00806 Operational,,SREE RAJA RAJESWARI .P.S,,,,Andhra Pradesh,1-Primary,38-Pvt.Unaided,1 To 5,3-Co-educational,1-Rural,Kothapalle,Kothapalle,,,KOTHAPALLI KOTAPALLI KOTHAPALLE(VILLAGE) KOTAPALLI(MANDAL) KURNOOL(DIST),518422,,https://kys.udiseplus.gov.in/#/schooldetail/4698488/12,4698488,21/04/2023 15:31,2367
******01019 Operational,,SREE RAMAKRISHAN EM HS,,,,Andhra Pradesh,7-Upper Pr. and Secondary,38-Pvt.Unaided,6 To 10,3-Co-educational,1-Rural,Kolimigundla,Thummalapenta,,,THUMMALAPENTA THUMMALAPENTA THUMMALAPENTA(VILLAGE) KOLIMIGUNDLA(MANDAL) KURNOOL(DIST),518123,srkschool2020[at]gmail[dot]com,https://kys.udiseplus.gov.in/#/schooldetail/4701443/12,4701443,15/10/2020 12:18,2367
******01018 Operational,,SREE RAMAKRISHNA EMS,,,,Andhra Pradesh,1-Primary,38-Pvt.Unaided,1 To 5,3-Co-educational,1-Rural,Kolimigundla,Thummalapenta,,,THUMMALAPENTA THUMMALAPENTA THUMMALAPENTA(VILLAGE) KOLIMIGUNDLA(MANDAL) KURNOOL(DIST),518123,srkschool2020[at]gmail[dot]com,https://kys.udiseplus.gov.in/#/schooldetail/4701442/12,4701442,21/04/2023 15:31,2367
******00306 Closed,Closed,SREE RAMA KRISHNA GURUKUL,,,,Andhra Pradesh,1-Primary,35-Pvt.Aided,1 To 5,3-Co-educational,1-Rural,Mahanandi,Thimmapuram,,,MAHANANDI THIMMAPURAM THIMMAPURAM(VILLAGE) MAHANANDI(MANDAL) KURNOOL(DIST),518502,,https://kys.udiseplus.gov.in/#/schooldetail/4700696/12,4700696,10/05/2022 12:48,2367
******00817 Operational,,SREE SAI GEETANJALI EM ELEMENTARY SCHOOL GAJULAPALLI,,,,Andhra Pradesh,1-Primary,38-Pvt.Unaided,1 To 5,3-Co-educational,1-Rural,Mahanandi,Gajulapalle,,,GAJULAPALLI,518583,mouleswarareddymouli[at]gmail[dot]com,https://kys.udiseplus.gov.in/#/schooldetail/4700729/12,4700729,21/04/2023 15:31,2367
******90205 Operational,,SREE SARASWATHI SISHU MANDIR,,,,Andhra Pradesh,1-Primary,38-Pvt.Unaided,1 To 5,3-Co-educational,2-Urban,NA,,Election Ward No.4,BETHAMCHERLA-Town Panchayat,"BETHAMCHERLA NEAR M E O OFFICE, BETHAMCHERLA(VILLAGE) BETHAMCHERLA(MANDAL) KURNOOL(DIST)",518599,bvramana068[at]gmail[dot]com,https://kys.udiseplus.gov.in/#/schooldetail/4700174/12,4700174,21/04/2023 15:31,2367
******00618 Closed,Closed,SREE SARASWATHI SISU MAND,,,,Andhra Pradesh,1-Primary,38-Pvt.Unaided,1 To 5,3-Co-educational,2-Urban,NA,,Dhone Ward No. 5,Dhone(M)-Municipality,DHONE PATHAPETA DHONE(VILLAGE) DHONE(MANDAL) KURNOOL(DIST),518222,,https://kys.udiseplus.gov.in/#/schooldetail/4701650/12,4701650,15/10/2020 12:18,2367
******90232 Operational,,SREE SARASWATHI SISU MANDAIR,,,,Andhra Pradesh,2-Primary with Upper Primary,38-Pvt.Unaided,1 To 7,3-Co-educational,2-Urban,NA,,Election Ward No.9,BETHAMCHERLA-Town Panchayat,BETHAMCHERLA BETHAMCHERLA KURNOOL 518599,518599,aalivelamma175[at]gmail[dot]com,https://kys.udiseplus.gov.in/#/schooldetail/4700191/12,4700191,02/01/2026 12:05,2367
******00111 Operational,,SREE SARASWATHI V.M PETNIKOTA,,,,Andhra Pradesh,1-Primary,38-Pvt.Unaided,1 To 5,3-Co-educational,1-Rural,Kolimigundla,Petnikota,,,PETNIKOTA PETNIKOTA PETNIKOTA(VILLAGE) KOLIMIGUNDLA(MANDAL) KURNOOL(DIST),518123,,https://kys.udiseplus.gov.in/#/schooldetail/4701405/12,4701405,16/06/2023 15:21,2367
******01203 Operational,,"SREE VANI VIDYANIKETHAN, PEDDA KOTTALA",,,,Andhra Pradesh,7-Upper Pr. and Secondary,38-Pvt.Unaided,6 To 10,3-Co-educational,1-Rural,Nandyal,Kottala,,,PEDDAKOTTALA,518502,srivaniiscool5[at]mail[dot]com,https://kys.udiseplus.gov.in/#/schooldetail/4700454/12,4700454,15/10/2020 12:18,2367
******00611 Operational,,SREE VENKATESWARA VIDYALAYA KRANTHI NAGAR,,,,Andhra Pradesh,7-Upper Pr. and Secondary,38-Pvt.Unaided,6 To 10,3-Co-educational,2-Urban,NA,,Nandyal (M) - Ward No.22,Nandyal-Municipality,1334640-SREE VENKATESWARA VIDY KRANTHINAGAR NANDYAL(VILLAGE) NANDYAL(MANDAL) KURNOOL(DIST),518502,balajisvvm[at]gmail[dot]com,https://kys.udiseplus.gov.in/#/schooldetail/4699273/12,4699273,15/10/2020 12:18,2367
******01308 Operational,,SREE VIDHYA EM UP SCHOOL PERUSOMALA,,,,Andhra Pradesh,2-Primary with Upper Primary,38-Pvt.Unaided,1 To 7,3-Co-educational,1-Rural,Sanjamala,Perusomala,,,NEAR MAJID PERUSOMULA VILLAGE,518166,ramarajunegidi[at]gmail[dot]com,https://kys.udiseplus.gov.in/#/schooldetail/4701383/12,4701383,23/12/2025 15:00,2367
******00810 Permanently Closed,,SREE VIDYA NIKETAN HS,,,,Andhra Pradesh,7-Upper Pr. and Secondary,38-Pvt.Unaided,6 To 10,3-Co-educational,1-Rural,Kolimigundla,Kolimigundla,,,NA,518123,,https://kys.udiseplus.gov.in/#/schooldetail/4717510/12,4717510,15/10/2020 12:18,2367
******00809 Closed,Closed,SREE VIDYA NIKETAN PS,,,,Andhra Pradesh,1-Primary,38-Pvt.Unaided,1 To 5,3-Co-educational,1-Rural,Kolimigundla,Kolimigundla,,,KOLIMIGUNDLA KOLIMIGUNDLA KOLIMIGUNDLA(VILLAGE) KOLIMIGUNDLA(MANDAL) KURNOOL(DIST),518123,,https://kys.udiseplus.gov.in/#/schooldetail/4701421/12,4701421,10/05/2022 12:54,2367
******00703 Operational,,SRE SARASWATHI SISHU VIDYLAYA MAIN BAZAR PEAPULLY,,,,Andhra Pradesh,1-Primary,38-Pvt.Unaided,1 To 5,3-Co-educational,1-Rural,Peapully,Peapally,,,MAIN BAZAR PEAPALLY PEAPALLY(VILLAGE) PEAPULLY(MANDAL) KURNOOL(DIST),518221,sssmpeapully[at]gmail[dot]ocm,https://kys.udiseplus.gov.in/#/schooldetail/4701543/12,4701543,21/04/2023 15:31,2367
******00170 Operational,,SRI ADITHYA UP SCHOOL ATMAKUR,,,,Andhra Pradesh,2-Primary with Upper Primary,38-Pvt.Unaided,1 To 7,3-Co-educational,2-Urban,NA,,Atmakurknl Ward No. 12,Atmakur (Kurnool)-Municipality,Padmavathi nagar Atmakur,518422,venkataramanareddy.bosani[at]gmail[dot]com,https://kys.udiseplus.gov.in/#/schooldetail/4698557/12,4698557,21/04/2023 15:31,2367
******01709 Operational,,SRI AKSHARA EM SCHOOL DHONE,,,,Andhra Pradesh,6-Pr. Up Pr. and Secondary Only,38-Pvt.Unaided,1 To 10,3-Co-educational,2-Urban,NA,,Dhone Ward No. 17,Dhone(M)-Municipality,INDIRA NAGAR DHONE,518222,raghurambandla37[at]gmail[dot]com,https://kys.udiseplus.gov.in/#/schooldetail/4701751/12,4701751,28/07/2025 12:37,2367
******01761 Operational,,SRI AKSHARA EM TM UP SCHOOL CHIGURUMANU,,,,Andhra Pradesh,2-Primary with Upper Primary,38-Pvt.Unaided,1 To 7,3-Co-educational,1-Rural,Peapully,Jaladurgam,,,CHITURUMANU X ROAD PEAPULLY,518220,sriaksharathebest[at]gmail[dot]com,,,11/12/2025 12:53,2367
******01404 Closed,Closed,SRI ARUNODAYA U.P. AIDED SIVALAYAM RUDRAVARAM,,,,Andhra Pradesh,2-Primary with Upper Primary,35-Pvt.Aided,1 To 7,3-Co-educational,1-Rural,Rudravaram,Rudravaram,,,RUDRAVARAM SIVALAYAM RUDRAVARAM(VILLAGE) RUDRAVARAM(MANDAL) KURNOOL(DIST),518594,,https://kys.udiseplus.gov.in/#/schooldetail/4700824/12,4700824,10/05/2022 06:11,2367
******00926 Operational,,SRI ARUNODAYA UPS ALLAGADDA,,,,Andhra Pradesh,2-Primary with Upper Primary,38-Pvt.Unaided,1 To 7,3-Co-educational,2-Urban,NA,,Allagadda Ward no. 11,Allagadda-Town Panchayat,BORUGULA BATHI STREET ALLAGADDA ALLAGADDA(VILLAGE) ALLAGADDA(MANDAL) KURNOOL(DIST),518543,ALFASCHOOLALG[at]GMAIL[dot]COM,https://kys.udiseplus.gov.in/#/schooldetail/4699783/12,4699783,21/04/2023 15:31,2367
******91464 Operational,,SRI BALAJI VIDYA MANDIRAM MULLANPETA,,,,Andhra Pradesh,7-Upper Pr. and Secondary,38-Pvt.Unaided,6 To 10,3-Co-educational,2-Urban,NA,,Nandyal (M) - Ward No.9,Nandyal-Municipality,MULLANPETA NANDYAL NANDYAL(MANDAL) NANDYAL (DIST),518501,balajividyamandiram[at]gmail[dot]com,https://kys.udiseplus.gov.in/#/schooldetail/4700628/12,4700628,14/08/2025 10:54,2367
******00702 Operational,,SRI BALAJI VIDYA MANDIRAM MULLANPETA,,,,Andhra Pradesh,1-Primary,38-Pvt.Unaided,1 To 5,3-Co-educational,2-Urban,NA,,Nandyal (M) - Ward No.15,Nandyal-Municipality,MULLANPETA BILLALAPURAM (VILLAGE) NANDYAL (MANDAL) NANDYAL (DIST),518501,gtnagaraju29[at]gmail[dot]com,https://kys.udiseplus.gov.in/#/schooldetail/4700434/12,4700434,14/08/2025 10:37,2367
******90907 Operational,,SRI BALASUBRAMANYESWARA UPS SRISAILAM DAM EAST,,,,Andhra Pradesh,1-Primary,38-Pvt.Unaided,1 To 5,3-Co-educational,1-Rural,Srisailam,NA,,,VIZAG CAMP SUNNIPENTA VILLAGE SRISAILAM(MANDAL) KURNOOL(DIST),518102,headmastersbshighschool[at]gmail[dot]com,https://kys.udiseplus.gov.in/#/schooldetail/4698621/12,4698621,16/06/2023 15:21,2367
******00406 Operational,,SRI BALA SUBRAMNYA HS SUNDIEPNTA,,,,Andhra Pradesh,7-Upper Pr. and Secondary,38-Pvt.Unaided,6 To 10,3-Co-educational,1-Rural,Srisailam,NA,,,VIZAG CAMP SUNDIPENTA (VILLAGE) SRISAILAM(MANDAL) KURNOOL(DIST),518102,headmastersbshighschool[at]gmail[dot]com,https://kys.udiseplus.gov.in/#/schooldetail/4697555/12,4697555,15/10/2020 12:18,2367
******90204 Operational,,SRI BHAGYODAYA ELE S,,,,Andhra Pradesh,1-Primary,38-Pvt.Unaided,1 To 5,3-Co-educational,2-Urban,NA,,Election Ward No.13,BETHAMCHERLA-Town Panchayat,"BETHAMCHERLA BETHAMCHERLA, BETHAMCHERLA(VILLAGE) BETHAMCHERLA(MANDAL) KURNOOL(DIST)",518599,nandipalli.narayana[at]gmail[dot]com,https://kys.udiseplus.gov.in/#/schooldetail/4700173/12,4700173,21/04/2023 15:31,2367
******90217 Operational,,SRI BHAGYODAYA H S,,,,Andhra Pradesh,7-Upper Pr. and Secondary,38-Pvt.Unaided,6 To 10,3-Co-educational,2-Urban,NA,,Election Ward No.13,BETHAMCHERLA-Town Panchayat,"BETHAMCHERLA KOTHAPETA, BETHAMCHERLA(VILLAGE) BETHAMCHERLA(MANDAL) KURNOOL(DIST)",518599,nandipalli.narayana[at]gmail[dot]com,https://kys.udiseplus.gov.in/#/schooldetail/4700183/12,4700183,01/08/2022 16:44,2367
******00603 Operational,,SRI BHARATHI U.P S PESARAVAYI,,,,Andhra Pradesh,2-Primary with Upper Primary,38-Pvt.Unaided,1 To 7,3-Co-educational,1-Rural,Gadivemula,Pesaravayi,,,PESARAVAYI PESARAVAYI PESARAVAYI(VILLAGE) GADIVEMULA(MANDAL) KURNOOL(DIST),518513,,https://kys.udiseplus.gov.in/#/schooldetail/4700298/12,4700298,22/12/2025 16:02,2367
******01515 Operational,,SRI BHARATHI VIDYA MANDIR,,,,Andhra Pradesh,2-Primary with Upper Primary,38-Pvt.Unaided,1 To 7,3-Co-educational,1-Rural,Chagalamarri,Chagalamarri,,,MALLAVEMULA ROAD CHAGALAMARRI CHAGALAMARRI(VILLAGE) CHAGALAMARRI(MANDAL) KURNOOL(DIST),518553,sbbm[at]gmail[dot]com,https://kys.udiseplus.gov.in/#/schooldetail/4701013/12,4701013,21/04/2023 15:31,2367
******00937 Closed,Closed,SRI BHARATHI VIDYA MANDIR HS ALLAGADDA,,,,Andhra Pradesh,7-Upper Pr. and Secondary,38-Pvt.Unaided,6 To 10,3-Co-educational,2-Urban,NA,,Allagadda Ward no. 13,Allagadda-Town Panchayat,AMMAVARISALA STREET ALLAGADDA ALLAGADDA(VILLAGE) ALLAGADDA(MANDAL) KURNOOL(DIST),518543,sbvmallagaddahm[at]gmail[dot]com,https://kys.udiseplus.gov.in/#/schooldetail/4700905/12,4700905,16/12/2023 20:33,2367
******00987 Operational,,SRI CHAITANYA EM HIGH SCHOOL ALLAGADDA,,,,Andhra Pradesh,7-Upper Pr. and Secondary,38-Pvt.Unaided,6 To 10,3-Co-educational,2-Urban,NA,,Allagadda Ward no. 17,Allagadda-Town Panchayat,sri chaitanya allagadda,518543,allagaddaprincipal[at]srichaitanyaschool[dot]net,https://kys.udiseplus.gov.in/#/schooldetail/4700940/12,4700940,25/06/2021 10:42,2367
******91524 Operational,,SRI CHAITANYA EM HIGH SCHOOL RS ROAD,,,,Andhra Pradesh,7-Upper Pr. and Secondary,38-Pvt.Unaided,6 To 10,3-Co-educational,2-Urban,NA,,MOOLASAGARAM(RURAL) Ward No.33,Nandyal-Municipality,RS ROAD CHAMAKALVA,518502,nandyal4principal[at]srichaitanyaschool[dot]net,https://kys.udiseplus.gov.in/#/schooldetail/4700670/12,4700670,26/06/2021 10:08,2367
******00619 Operational,,SRI CHAITANYA EM HS BETHAMCHERLA,,,,Andhra Pradesh,7-Upper Pr. and Secondary,38-Pvt.Unaided,6 To 10,3-Co-educational,2-Urban,NA,,Election Ward No.13,BETHAMCHERLA-Town Panchayat,"NEAR RAILWAY STATION BETHAMCHERLA VILLAGE ,AND MANDAL KURNOOL DISTRICT 518599",518599,bethamcherla[at]srichaitanyaschool[dot]net,https://kys.udiseplus.gov.in/#/schooldetail/4700150/12,4700150,01/08/2022 16:33,2367
******01508 Operational,,SRI CHAITANYA EM HS KANALA(V) NANDYAL,,,,Andhra Pradesh,7-Upper Pr. and Secondary,38-Pvt.Unaided,6 To 10,1-Boys,1-Rural,Nandyal,Kanala,,,"RAMAKRISHNA NAGAR, RYTHUNAGAR, KOILAKUNTLA ROAD, NEAR KANALA. NANDYAL 518593",518593,nandyal5[at]srichaitanyaschool[dot]net,https://kys.udiseplus.gov.in/#/schooldetail/4700477/12,4700477,14/09/2024 08:52,2367
******91517 Operational,,SRI CHAITANYA EM HS NGOS COLONY NANDYALA,,,,Andhra Pradesh,7-Upper Pr. and Secondary,38-Pvt.Unaided,6 To 10,3-Co-educational,2-Urban,NA,,Nandyal (M) - Ward No.19,Nandyal-Municipality,NEAR OM SHANTHI ARCH NGO'S COLONY NANDYAL KURNOOL DIST,518501,nandyal3principal[at]srichaitanyaschool[dot]net,https://kys.udiseplus.gov.in/#/schooldetail/4700664/12,4700664,26/06/2021 10:03,2367
******91516 Operational,,"SRI CHAITANYA EM HS, SRINIVASA NAGAR",,,,Andhra Pradesh,7-Upper Pr. and Secondary,38-Pvt.Unaided,6 To 10,3-Co-educational,2-Urban,NA,,Nandyal Ward No. 36,Nandyal-Municipality,SRI CHAITANYA EM HS SCHOOL SRINIVASA NAGAR NANDYAL,518501,nandyal2[at]srichaitanyaschool[dot]net,https://kys.udiseplus.gov.in/#/schooldetail/4700662/12,4700662,26/06/2021 10:03,2367
******00986 Operational,,SRI CHAITANYA EM PRIMARY SCHOOL ALLAGADDA,,,,Andhra Pradesh,1-Primary,38-Pvt.Unaided,1 To 5,3-Co-educational,2-Urban,NA,,Allagadda Ward no. 17,Allagadda-Town Panchayat,Sri Chaitanya Allagadda,518543,allagadda[at]srichaitanyaschool[dot]net,https://kys.udiseplus.gov.in/#/schooldetail/4700939/12,4700939,21/04/2023 15:31,2367
******00618 Operational,,SRI CHAITANYA EM PRIMARY SCHOOL BETHAMCHERLA,,,,Andhra Pradesh,1-Primary,38-Pvt.Unaided,1 To 5,3-Co-educational,2-Urban,NA,,Election Ward No.13,BETHAMCHERLA-Town Panchayat,12TH WARD DHONE ROAD BETHAMCHERLA VILLAGE AND MANDAL,518599,bethamcherla[at]srichaitanyaschool[dot]net,https://kys.udiseplus.gov.in/#/schooldetail/4700149/12,4700149,21/04/2023 15:31,2367
******91519 Operational,,SRI CHAITANYA EM PRIMARY SCHOOL KANALA (V) NANDYAL,,,,Andhra Pradesh,1-Primary,38-Pvt.Unaided,1 To 5,1-Boys,1-Rural,Nandyal,Kanala,,,"RAMAKRISHNA NAGAR, RYTHUNAGAR, KOILAKUNTLA ROAD, NEAR KANALA, NANDYAL 518593",518593,nandyal5[at]srichaitanyaschool[dot]net,https://kys.udiseplus.gov.in/#/schooldetail/4700666/12,4700666,13/09/2024 14:15,2367
******91521 Operational,,SRI CHAITANYA EM PRIMARYSCHOOL RS ROAD NANDYAL,,,,Andhra Pradesh,1-Primary,38-Pvt.Unaided,1 To 5,3-Co-educational,2-Urban,NA,,MOOLASAGARAM(RURAL) Ward No.33,Nandyal-Municipality,RS ROAD CHAMAKALVA,518502,nandyal4principal[at]srichaitanyaschool[dot]net,https://kys.udiseplus.gov.in/#/schooldetail/4700668/12,4700668,21/04/2023 15:31,2367
******00174 Operational,,SRI CHAITANYA EM PS ATMAKUR,,,,Andhra Pradesh,1-Primary,38-Pvt.Unaided,1 To 5,3-Co-educational,2-Urban,NA,,Atmakurknl Ward No. 10,Atmakur (Kurnool)-Municipality,SAI BABA NAGAR ATMAKUR MANDAL KURNOOL,518422,atmakurprincipal[at]srichaitanyaschool[dot]net,https://kys.udiseplus.gov.in/#/schooldetail/4698561/12,4698561,21/04/2023 15:31,2367
******00665 Operational,,SRI CHAITANYA EM PSNGOS COLONY NANDYAL,,,,Andhra Pradesh,1-Primary,38-Pvt.Unaided,1 To 5,3-Co-educational,2-Urban,NA,,Nandyal (M) - Ward No.19,Nandyal-Municipality,Near om shanthi arch ngo's colony nandyal kurnool dist,518501,nandyal3principal[at]srichaitanyaschool[dot]net,https://kys.udiseplus.gov.in/#/schooldetail/4700431/12,4700431,21/04/2023 15:31,2367
******00175 Operational,,SRI CHAITANYA HS ATMAKUR,,,,Andhra Pradesh,7-Upper Pr. and Secondary,38-Pvt.Unaided,6 To 10,3-Co-educational,2-Urban,NA,,Atmakurknl Ward No. 10,Atmakur (Kurnool)-Municipality,SAI BABA NAGAR ATMAKUR MANDALKURNOOLDIST,518422,atmakurprincipal[at]srichaitanyaschool[dot]net,https://kys.udiseplus.gov.in/#/schooldetail/4698562/12,4698562,24/06/2021 21:14,2367
******00635 Operational,,SRI CHAITANYA HS OPP.MPL.OFFICE NANDYAL,,,,Andhra Pradesh,7-Upper Pr. and Secondary,38-Pvt.Unaided,6 To 10,3-Co-educational,2-Urban,NA,,Nandyal (M) - Ward No.25,Nandyal-Municipality,25/426-E ASHOK REDDY ESTATE BEHIND MUNCIPAL OFFICE NANDYAL,518501,nandyal1principal[at]srichaitanyaschool[dot]net,https://kys.udiseplus.gov.in/#/schooldetail/4700415/12,4700415,15/10/2020 12:18,2367
******00634 Permanently Closed,,SRI CHAITANYA PRIMARY SCHOOL BEHIND MUNICIPAL OFFICE NANDYAL,,,,Andhra Pradesh,1-Primary,38-Pvt.Unaided,1 To 5,3-Co-educational,2-Urban,NA,,Nandyal (M) - Ward No.23,Nandyal-Municipality,NA,518501,,https://kys.udiseplus.gov.in/#/schooldetail/4717442/12,4717442,15/10/2020 12:18,2367
******00633 Operational,,SRI CHAITANYA UP SCHOOL SRINIVASA NAGAR NANDYA,,,,Andhra Pradesh,2-Primary with Upper Primary,38-Pvt.Unaided,1 To 7,3-Co-educational,2-Urban,NA,,Nandyal Ward No. 36,Nandyal-Municipality,SRI CHAITANYA EM UP SCHOOL,518501,nandyal2[at]srichaitanyaschool[dot]net,https://kys.udiseplus.gov.in/#/schooldetail/4700414/12,4700414,21/04/2023 15:31,2367
******00404 Permanently Closed,,SRI CHAITANYA UPS SUNNIPENTA,,,,Andhra Pradesh,2-Primary with Upper Primary,38-Pvt.Unaided,1 To 7,3-Co-educational,1-Rural,NA,NA,,,NA,518102,,https://kys.udiseplus.gov.in/#/schooldetail/4717365/12,4717365,15/10/2020 12:18,2367
******01514 Closed,Closed,SRI CHAMANDESWARI VIDYA N,,,,Andhra Pradesh,2-Primary with Upper Primary,38-Pvt.Unaided,1 To 7,3-Co-educational,1-Rural,Chagalamarri,Chagalamarri,,,NEAR BUILDINGS CHAGALAMARRI CHAGALAMARRI(VILLAGE) CHAGALAMARRI(MANDAL) KURNOOL(DIST),518553,,https://kys.udiseplus.gov.in/#/schooldetail/4701012/12,4701012,06/02/2023 11:02,2367
******01109 Operational,,"SRI CHOWDESWARI UP EM SCHOOL NANDAVARAM, BPL",,,,Andhra Pradesh,2-Primary with Upper Primary,38-Pvt.Unaided,1 To 7,3-Co-educational,1-Rural,Banaganapalle,Nandavaram,,,NANDAVARGAM VILLAGE BANAGANAPALLI MANDAL,518124,,https://kys.udiseplus.gov.in/#/schooldetail/4721567/12,4721567,09/09/2024 15:05,2367
******03141 Operational,,SRI DHATHRI EM PRIMARY SCHOOL BANAGANAPALLI,,,,Andhra Pradesh,1-Primary,38-Pvt.Unaided,1 To 5,3-Co-educational,1-Rural,Banaganapalle,Banaganapalle (Ct),,,BANAGANAPALLI 2 BANAGANAPALLI BANAGANAPALLI(MANDAL) KURNOOL(DIST),518124,sreedhathriemschool[at]gmail[dot]com,https://kys.udiseplus.gov.in/#/schooldetail/4701330/12,4701330,16/06/2023 15:21,2367
******03151 Operational,,SRI DHATHRI EM SCHOOL PENDEKANTI NAGAR,,,,Andhra Pradesh,7-Upper Pr. and Secondary,38-Pvt.Unaided,6 To 10,3-Co-educational,1-Rural,Banaganapalle,Banaganapalle (Ct),,,PENDEKANTI NAGAR BANAGANAPALLE,518124,sreedhathriemschool[at]gmail[dot]com,https://kys.udiseplus.gov.in/#/schooldetail/4701336/12,4701336,11/05/2022 11:52,2367
******01106 Operational,,SRIGURU RAJA EM H.S NGOS COLONY,,,,Andhra Pradesh,7-Upper Pr. and Secondary,38-Pvt.Unaided,6 To 10,3-Co-educational,2-Urban,NA,,Nandyal (M) - Ward No.20,Nandyal-Municipality,lalith nagar n.g.o.s colony noonepalli NOONEPALLE(VILLAGE) NANDYAL(MANDAL) KURNOOL(DIST),518502,gururajaemhs[at]gmail[dot]com,https://kys.udiseplus.gov.in/#/schooldetail/4700450/12,4700450,15/10/2020 12:18,2367
******00618 Operational,,SRIGURURAJAE.M PS LALITHA NAGAR NANDYAL,,,,Andhra Pradesh,1-Primary,38-Pvt.Unaided,1 To 5,3-Co-educational,2-Urban,NA,,Nandyal (M) - Ward No.20,Nandyal-Municipality,LALITHA NAGAR N.G.O. COLONY NANDYAL NANDYAL(VILLAGE) NANDYAL(MANDAL) KURNOOL(DIST),518502,gururajaemhs[at]gmail[dot]com,https://kys.udiseplus.gov.in/#/schooldetail/4700400/12,4700400,16/06/2023 15:21,2367
******01403 Operational,,SRI GURU SAI VIDYA MANDIR DURVESI,,,,Andhra Pradesh,2-Primary with Upper Primary,38-Pvt.Unaided,1 To 7,3-Co-educational,1-Rural,Gadivemula,Durvesi,,,DURVESI DURVESI DURVESI(VILLAGE) GADIVEMULA(MANDAL) KURNOOL(DIST),518511,sgurusai[at]gmail[dot]com,https://kys.udiseplus.gov.in/#/schooldetail/4700321/12,4700321,21/09/2024 15:26,2367
******91412 Operational,,"SRI G V R ABHYUDAYA H.S, NOONEPALLI",,,,Andhra Pradesh,7-Upper Pr. and Secondary,38-Pvt.Unaided,6 To 10,3-Co-educational,2-Urban,NA,,Nandyal (M) - Ward No.17,Nandyal-Municipality,TEKKE NANDYAL(MANDAL) KURNOOL(DIST),518502,gvrem123[at]gmail[dot]com,https://kys.udiseplus.gov.in/#/schooldetail/4700587/12,4700587,15/10/2020 12:18,2367
******90642 Operational,,SRI G.V.R.ABHYUDAYA VIDYALAYA MILK DAIRY,,,,Andhra Pradesh,1-Primary,38-Pvt.Unaided,1 To 5,3-Co-educational,2-Urban,NA,,Nandyal (M) - Ward No.17,Nandyal-Municipality,TEKKE NANDYAL(MANDAL) KURNOOL(DIST),518502,gvrem123[at]gmail[dot]com,https://kys.udiseplus.gov.in/#/schooldetail/4700532/12,4700532,21/04/2023 15:31,2367
******01507 Operational,,SRI JYOSHNA EM UP SCHOOL HUSSAINAPURAM,,,,Andhra Pradesh,2-Primary with Upper Primary,38-Pvt.Unaided,1 To 7,3-Co-educational,1-Rural,Peapully,Kommemarri,,,KOMMEMARRI PEAPULLY KURNOOL518221,518221,mrajuu1986[at]gmail[dot]com,https://kys.udiseplus.gov.in/#/schooldetail/4701602/12,4701602,21/04/2023 15:31,2367
******90659 Closed,Closed,SRI KANYAKA PARAMESWARI VIDYALAYA NADIGADDA,,,,Andhra Pradesh,1-Primary,38-Pvt.Unaided,1 To 5,3-Co-educational,2-Urban,NA,,Nandyal (M) - Ward No.3,Nandyal-Municipality,NADDIGADDA NANDYAL NANDYAL (M)(VILLAGE) NANDYAL(MANDAL) KURNOOL(DIST),518501,,https://kys.udiseplus.gov.in/#/schooldetail/4700543/12,4700543,09/05/2022 16:39,2367
******00707 Operational,,SRI KEERTHANA HS MV NAGAR P CHINTHAKUNTA,,,,Andhra Pradesh,7-Upper Pr. and Secondary,38-Pvt.Unaided,6 To 10,3-Co-educational,2-Urban,NA,,Allagadda Ward no. 18,Allagadda-Town Panchayat,Keerthana school Allagadda,518543,rajasukanya2399[at]gmail[dot]com,https://kys.udiseplus.gov.in/#/schooldetail/4700876/12,4700876,26/12/2025 09:59,2367
******00417 Operational,,"SRI LAKSHMI CHENNAKESHAVA HS,MIDTHUR",,,,Andhra Pradesh,7-Upper Pr. and Secondary,38-Pvt.Unaided,6 To 10,3-Co-educational,1-Rural,Midthur,Midthur,,,MIDTHUR VILL MIDTHUR MANDAL KURNOOL DT 518405,518405,srilakshmichennakeshava[at]gmail[dot]com,https://kys.udiseplus.gov.in/#/schooldetail/4698770/12,4698770,19/12/2025 19:26,2367
******00908 Closed,Closed,SRI LAKSHMI EM SCHOOL,,,,Andhra Pradesh,2-Primary with Upper Primary,38-Pvt.Unaided,1 To 7,3-Co-educational,1-Rural,Bethamcherla,Rangapuram,,,R.S.RANGAPURAM R.S.RANGAPURAM (VILLAGE) BETHAMCHERLA(MANDAL) KURNOOL(DIST),518598,reply2roopalakshmi[at]gmail[dot]com,https://kys.udiseplus.gov.in/#/schooldetail/4699062/12,4699062,01/03/2024 16:02,2367
******03148 Operational,,SRI LAKSHMI EM SCHOOL BPALLI,,,,Andhra Pradesh,2-Primary with Upper Primary,38-Pvt.Unaided,1 To 7,3-Co-educational,1-Rural,Banaganapalle,Banaganapalle (Ct),,,KHAJIWADA BANAGANAPALLI,518124,srilaxmischoolbpl[at]gmail[dot]com,https://kys.udiseplus.gov.in/#/schooldetail/4700212/12,4700212,21/04/2023 15:31,2367
******91432 Operational,,SRI LAKSHMI E.M.SCHOOL SANJEEVA NAGAR,,,,Andhra Pradesh,1-Primary,38-Pvt.Unaided,1 To 5,3-Co-educational,2-Urban,NA,,Nandyal Ward No. 39,Nandyal-Municipality,SANJEEVA NAGAR NANDYAL NANDYAL (M)-2(VILLAGE) NANDYAL(MANDAL) KURNOOL(DIST),518501,slemhs2510[at]gmail[dot]com,https://kys.udiseplus.gov.in/#/schooldetail/4700601/12,4700601,16/06/2023 15:21,2367
******01061 Operational,,SRI LAKSHMI GAYATHRI EM HIGH SCHOOL PANYAM,,,,Andhra Pradesh,7-Upper Pr. and Secondary,38-Pvt.Unaided,6 To 10,3-Co-educational,1-Rural,Panyam,Panyam,,,Gorukallu road panyam nandyal dist,518112,,https://kys.udiseplus.gov.in/#/schooldetail/4721491/12,4721491,12/09/2024 15:27,2367
******00624 Operational,,SRI LAKSHMI GAYATHRI EM UP SCHOOL PANYAM,,,,Andhra Pradesh,2-Primary with Upper Primary,38-Pvt.Unaided,1 To 7,3-Co-educational,1-Rural,Panyam,Panyam,,,PANYAM KURNOOL DT 518112,518112,slgpanyam[at]gmail[dot]com,https://kys.udiseplus.gov.in/#/schooldetail/4700236/12,4700236,21/04/2023 15:31,2367
******91462 Operational,,SRI LAKSHMI HIHG SCHOOL SANJEEVA NAGAR,,,,Andhra Pradesh,7-Upper Pr. and Secondary,38-Pvt.Unaided,6 To 10,3-Co-educational,2-Urban,NA,,Nandyal Ward No. 39,Nandyal-Municipality,SANJEEV NAGAR NANDYAL NANDYAL NANDYAL(MANDAL) KURNOOL(DIST),518501,slems2510[at]gmail[dot]com,https://kys.udiseplus.gov.in/#/schooldetail/4700626/12,4700626,15/10/2020 12:18,2367
******02109 Operational,,SRI LAKSHMI NARASIMHA JUNIORCOLLEGE FOR GIRLS,,,,Andhra Pradesh,11-Higher Secondary only/Jr. College,38-Pvt.Unaided,11 To 12,2-Girls,1-Rural,Sanjamala,Nossam,,,NOSSAM SANJAMALA NOSSAM(VILLAGE) SANJAMALA MANDAL KURNOOL DIST,518145,srilakshminarasimha28[at]gmail[dot]com,https://kys.udiseplus.gov.in/#/schooldetail/4720295/12,4720295,23/12/2025 15:51,2367
******02703 Operational,,SRI LAKSHMI UP EM SCHOOL TANGUTOOR,,,,Andhra Pradesh,2-Primary with Upper Primary,38-Pvt.Unaided,1 To 7,3-Co-educational,1-Rural,Banaganapalle,Tangutoor,,,tangutur village banaganapalle mandal kurnool distirict,518124,madumal3459[at]gmail[dot]com,https://kys.udiseplus.gov.in/#/schooldetail/4701288/12,4701288,21/04/2023 15:31,2367
******01011 Operational,,SRI LAKSHMI VENKATESWARA UP SCHOOL,,,,Andhra Pradesh,2-Primary with Upper Primary,38-Pvt.Unaided,1 To 7,3-Co-educational,1-Rural,Peapully,Jaladurgam,,,JALADURGAM PEAPULLY KURNOOL 518220,518220,slvschool[at]gmail[dot]com,https://kys.udiseplus.gov.in/#/schooldetail/4701582/12,4701582,21/04/2023 15:31,2367
******01012 Closed,Closed,SRI LAKSHMI VIDYA NIKETHAN EM SCHOOL,,,,Andhra Pradesh,2-Primary with Upper Primary,38-Pvt.Unaided,1 To 7,3-Co-educational,1-Rural,Peapully,Jaladurgam,,,JALADURGAM PEAPULLY KURNOOL 518221,518220,srilakshmividhyanikethan[at]gmail[dot]com,https://kys.udiseplus.gov.in/#/schooldetail/4700447/12,4700447,24/09/2025 10:14,2367
******00413 Operational,,SRI LAXMI CHENNAKESHAVA PS MIDTHUR,,,,Andhra Pradesh,1-Primary,38-Pvt.Unaided,1 To 5,3-Co-educational,1-Rural,Midthur,Midthur,,,MIDTHUR MIDTHUR(VILLAGE) MIDTHUR(MANDAL) KURNOOL(DIST),518405,srilakshmichennakeshava[at]gmail[dot]com,https://kys.udiseplus.gov.in/#/schooldetail/4698766/12,4698766,19/12/2025 19:24,2367
******00806 Closed,Closed,SRI MAHANANDEESWARA AIDED,,,,Andhra Pradesh,1-Primary,35-Pvt.Aided,1 To 5,3-Co-educational,1-Rural,Mahanandi,Gajulapalle,,,BOYALAKUNTLA X ROADS GAJULAPALLE GAJULAPALLE(VILLAGE) MAHANANDI(MANDAL) KURNOOL(DIST)&amp;amp;amp;amp;amp;amp;amp;amp;amp;amp;amp;amp;amp;amp;amp;amp;amp;amp;amp;amp;amp;amp;amp;amp;amp;amp;amp;amp;amp;amp;amp;amp;amp;amp;amp;amp;amp;amp;amp;amp;amp;amp;,518583,,https://kys.udiseplus.gov.in/#/schooldetail/4700722/12,4700722,10/05/2022 12:49,2367
******00810 Closed,Closed,SRI MAHANANDEESWARA RESID,,,,Andhra Pradesh,4-Upper Primary only,35-Pvt.Aided,6 To 8,3-Co-educational,1-Rural,Mahanandi,Gajulapalle,,,BOYALAKUNTLA X ROADS GAJULAPALLE GAJULAPALLE(VILLAGE) MAHANANDI(MANDAL) KURNOOL(DIST)&amp;amp;amp;amp;amp;amp;amp;amp;amp;amp;amp;amp;amp;amp;amp;amp;amp;amp;amp;amp;amp;amp;amp;amp;amp;amp;amp;amp;amp;amp;amp;amp;amp;amp;amp;amp;amp;amp;amp;amp;amp;amp;,518583,,https://kys.udiseplus.gov.in/#/schooldetail/4700725/12,4700725,10/05/2022 12:49,2367
******00244 Operational,,SRI MAHARSHI JUNIOR COLLEGE CHAGALAMARRI,,,,Andhra Pradesh,11-Higher Secondary only/Jr. College,38-Pvt.Unaided,11 To 12,3-Co-educational,1-Rural,Chagalamarri,Chagalamarri,,,"Near old sivalayam, Chagalamarri",518553,mullamahaboobbasha562[at]gmail[dot]com,https://kys.udiseplus.gov.in/#/schooldetail/4720658/12,4720658,11/05/2022 17:52,2367
******00907 Operational,,SRI MAHARSHI PUBLIC S,,,,Andhra Pradesh,2-Primary with Upper Primary,38-Pvt.Unaided,1 To 7,3-Co-educational,1-Rural,Gospadu,Gospadu,,,GOSPADU GOSPADU GOSPADU(VILLAGE) GOSPADU(MANDAL) KURNOOL(DIST),518593,SRIMAHASHIUPSCHOOL[at]GMAIL[dot]COM,https://kys.udiseplus.gov.in/#/schooldetail/4701131/12,4701131,19/12/2025 11:06,2367
******01509 Operational,,SRI MAHARSI PRIMARY SCHOO,,,,Andhra Pradesh,1-Primary,38-Pvt.Unaided,1 To 5,3-Co-educational,1-Rural,Chagalamarri,Chagalamarri,,,CHAGALAMARRI CHAGALAMARRI CHAGALAMARRI(VILLAGE) CHAGALAMARRI(MANDAL) KURNOOL(DIST),518553,mullamahabbobbasha562[at]gmail[dot]com,https://kys.udiseplus.gov.in/#/schooldetail/4701008/12,4701008,21/04/2023 15:31,2367
******01519 Operational,,SRI MAHASHRI RESIDENTIAL,,,,Andhra Pradesh,7-Upper Pr. and Secondary,38-Pvt.Unaided,6 To 10,3-Co-educational,1-Rural,Chagalamarri,Chagalamarri,,,CHAGALAMARRI CHAGALAMARRI CHAGALAMARRI(VILLAGE) CHAGALAMARRI(MANDAL) KURNOOL(DIST),518553,mullamahaboobbasha562[at]gmail[dot]com,https://kys.udiseplus.gov.in/#/schooldetail/4701015/12,4701015,11/05/2022 17:29,2367
******00659 Operational,,SRI MALLESHWARA REDDY UP SCHOOL NANDYALA,,,,Andhra Pradesh,1-Primary,38-Pvt.Unaided,1 To 5,3-Co-educational,2-Urban,NA,,Nandyal (M) - Ward No.12,Nandyal-Municipality,BALAJI COMPLEX,518501,sivareddygotike1980[at]gmail[dot]com,https://kys.udiseplus.gov.in/#/schooldetail/4700425/12,4700425,16/06/2023 15:21,2367
******91520 Operational,,SRI MALLESWARA REDDY EM HS NANDYAL,,,,Andhra Pradesh,7-Upper Pr. and Secondary,38-Pvt.Unaided,6 To 10,3-Co-educational,2-Urban,NA,,Nandyal (M) - Ward No.12,Nandyal-Municipality,BALAJI COMPLEX NANDYAL,518502,srimalleswararedy[at]gmail[dot]com,https://kys.udiseplus.gov.in/#/schooldetail/4700667/12,4700667,26/06/2021 10:04,2367
******00507 Operational,,SRIMALLIKARJUNA S(ET),,,,Andhra Pradesh,2-Primary with Upper Primary,38-Pvt.Unaided,1 To 7,3-Co-educational,1-Rural,Bandi Atmakur,Narayanapuram,,,NARAYANAPURAM NARAYANAPURAM NARAYANAPURAM(VILLAGE) BANDIATMAKUR(MANDAL) KURNOOL(DIST),518533,mallidusonu1[at]gmail[dot]com,https://kys.udiseplus.gov.in/#/schooldetail/4700335/12,4700335,21/04/2023 15:31,2367
******00640 Permanently Closed,,SRI MANIK UP EM/TM SCHOOL NNADYAL,,,,Andhra Pradesh,2-Primary with Upper Primary,38-Pvt.Unaided,1 To 8,3-Co-educational,2-Urban,NA,,Nandyal (M) - Ward No.28,Nandyal-Municipality,NA,518502,,https://kys.udiseplus.gov.in/#/schooldetail/4717443/12,4717443,15/10/2020 12:18,2367
******00675 Operational,,SRI MARUTHI PUBLIC SCHOOL,,,,Andhra Pradesh,2-Primary with Upper Primary,38-Pvt.Unaided,1 To 7,3-Co-educational,1-Rural,Dhone Alias Dronachalam,Chinna Malkapuram,,,DHONE DHONE DHONE(VILLAGE) DHONE(MANDAL) KURNOOL(DIST),518222,maruthipublicschool[at]gmail[dot]com,https://kys.udiseplus.gov.in/#/schooldetail/4701684/12,4701684,21/04/2023 15:31,2367
******01413 Operational,,SRI MURALI KRISHNA KKL,,,,Andhra Pradesh,2-Primary with Upper Primary,38-Pvt.Unaided,1 To 7,3-Co-educational,1-Rural,Koilakuntla,Koilkuntla,,,KOILKUNTLA KOILAKUNTLA KOILKUNTLA(VILLAGE) KOILAKUNTLA(MANDAL) KURNOOL(DIST),518134,kmuralikrishna300[at]gmail[dot]com,https://kys.udiseplus.gov.in/#/schooldetail/4701178/12,4701178,21/04/2023 15:31,2367
******91451 Operational,,SRINAGARJUNA EM TM S NANDYAL,,,,Andhra Pradesh,1-Primary,38-Pvt.Unaided,1 To 5,3-Co-educational,2-Urban,NA,,Nandyal (M) - Ward No.5,Nandyal-Municipality,NANDYAL NANDYAL NANDYAL (M)-2(VILLAGE) NANDYAL(MANDAL) KURNOOL(DIST),518502,-nagarjuna08scl[at]gmail[dot]com,https://kys.udiseplus.gov.in/#/schooldetail/4700617/12,4700617,21/04/2023 15:31,2367
******01107 Permanently Closed,,SRI NAGA SAI HIGH SCHOOL RYTHUNAGAR,,,,Andhra Pradesh,7-Upper Pr. and Secondary,38-Pvt.Unaided,6 To 10,3-Co-educational,2-Urban,NA,,Nandyal (M) - Ward No.30,Nandyal-Municipality,NA,518502,,https://kys.udiseplus.gov.in/#/schooldetail/4717453/12,4717453,15/10/2020 12:18,2367
******00133 Operational,,SRI NARAYANA VIDYA VIHAR,,,,Andhra Pradesh,7-Upper Pr. and Secondary,38-Pvt.Unaided,6 To 10,3-Co-educational,2-Urban,NA,,Atmakurknl Ward No. 11,Atmakur (Kurnool)-Municipality,ATMAKUR A V R NAGAR ATMAKUR(VILLAGE) ATMAKUR(MANDAL) KURNOOL(DIST),518422,snvvhs.gr[at]gmail[dot]com,https://kys.udiseplus.gov.in/#/schooldetail/4698535/12,4698535,15/10/2020 12:18,2367
******00117 Operational,,SRI NARYANA VIDYA VIHAR P,,,,Andhra Pradesh,1-Primary,38-Pvt.Unaided,1 To 5,3-Co-educational,2-Urban,NA,,Atmakurknl Ward No. 11,Atmakur (Kurnool)-Municipality,ATMAKUR A V R NAGAR ATMAKUR(VILLAGE) ATMAKUR(MANDAL) KURNOOL(DIST),518422,Snnvhs.gr[at]gmail[dot]com,https://kys.udiseplus.gov.in/#/schooldetail/4698522/12,4698522,21/04/2023 15:31,2367
******00939 Operational,,SRI NAVANANDI ENGTEL H.S NANDIKOTKUR,,,,Andhra Pradesh,7-Upper Pr. and Secondary,38-Pvt.Unaided,6 To 10,3-Co-educational,2-Urban,NA,,Nandikotkur Ward No. 14,Nandikotkur-Town Panchayat,SAIBABA PETA NANDI KOTKUR(VILLAGE) NANDIKOTKUR(MANDAL) KURNOOL(DIST),518401,snes[at]gmail[dot]com,https://kys.udiseplus.gov.in/#/schooldetail/4698386/12,4698386,15/10/2020 12:18,2367
******00911 Operational,,SRI NAVANANDI ENG TEL M SAIBABAPETA NDK,,,,Andhra Pradesh,1-Primary,38-Pvt.Unaided,1 To 5,3-Co-educational,2-Urban,NA,,Nandikotkur Ward No. 14,Nandikotkur-Town Panchayat,SAIBABA PETA NANDI KOTKUR(VILLAGE) NANDIKOTKUR(MANDAL) KURNOOL(DIST),518401,snesndk[at]gmail[dot]com,https://kys.udiseplus.gov.in/#/schooldetail/4698366/12,4698366,16/06/2023 15:21,2367
******01709 Operational,,SRI NETTEKANTI UP SCHOOL PASUPALA,,,,Andhra Pradesh,2-Primary with Upper Primary,38-Pvt.Unaided,1 To 7,3-Co-educational,1-Rural,Banaganapalle,Pasupula,,,"SRI NETTEKANTI UP SCHOOL, PASUPALA VILLAGE, BANAGANAPALLI (M) ,.",518220,srinettekantischoolbpl[at]gmail[dot]com,https://kys.udiseplus.gov.in/#/schooldetail/4701267/12,4701267,16/06/2023 15:21,2367
******01705 Operational,,SRINIVASA VIDYA NIKETHA UPS (EMTM) DHONE,,,,Andhra Pradesh,1-Primary,38-Pvt.Unaided,1 To 5,3-Co-educational,2-Urban,NA,,Dhone Ward No. 3,Dhone(M)-Municipality,NEAR MAHA LAKSHMI HOSPITAL DHONE,518222,prathapaug10[at]gmail[dot]com,https://kys.udiseplus.gov.in/#/schooldetail/4701747/12,4701747,16/06/2023 15:21,2367
******00132 Operational,,SRI PADMA VATHI HS,,,,Andhra Pradesh,7-Upper Pr. and Secondary,38-Pvt.Unaided,6 To 10,3-Co-educational,2-Urban,NA,,Atmakurknl Ward No. 20,Atmakur (Kurnool)-Municipality,ATMAKUR ATMAKUR ATMAKUR(VILLAGE) ATMAKUR(MANDAL) KURNOOL(DIST),518422,padmavathihighschool99[at]gmail[dot]com,https://kys.udiseplus.gov.in/#/schooldetail/4698534/12,4698534,15/10/2020 12:18,2367
******00115 Operational,,SRI PADMAVATHI PRIMARY SC,,,,Andhra Pradesh,1-Primary,38-Pvt.Unaided,1 To 5,3-Co-educational,2-Urban,NA,,Atmakurknl Ward No. 20,Atmakur (Kurnool)-Municipality,ATMAKUR THOTAGERI ATMAKUR(VILLAGE) ATMAKUR(MANDAL) KURNOOL(DIST),518422,padmavathischool99[at]gmail[dot]com,https://kys.udiseplus.gov.in/#/schooldetail/4698521/12,4698521,21/04/2023 15:31,2367
******01506 Closed,Closed,SRI PPPSS KANALA,,,,Andhra Pradesh,7-Upper Pr. and Secondary,37-Pvt.Aided Oriental Schools,6 To 10,3-Co-educational,1-Rural,Nandyal,Kanala,,,KANALA KANALA KANALA(VILLAGE) NANDYAL(MANDAL) KURNOOL(DIST),518593,sripppssschool[at]gmail[dot]com,https://kys.udiseplus.gov.in/#/schooldetail/4700475/12,4700475,29/07/2024 11:05,2367
******90213 Permanently Closed,,SRI PUDHOTA VIDYA MANDIR,,,,Andhra Pradesh,2-Primary with Upper Primary,38-Pvt.Unaided,1 To 7,3-Co-educational,2-Urban,NA,,Election Ward No.9,BETHAMCHERLA-Town Panchayat,NA,518599,,https://kys.udiseplus.gov.in/#/schooldetail/4717432/12,4717432,15/10/2020 12:18,2367
******01406 Closed,Closed,SRI RAGHAVENDAR VIDYAMANDIR,,,,Andhra Pradesh,1-Primary,38-Pvt.Unaided,1 To 5,3-Co-educational,1-Rural,Bandi Atmakur,Ayyavari Kodur,,,AYYAVARI KODUR AYYAVARI KODUR AYYAVARI KODUR(VILLAGE) BANDIATMAKUR(MANDAL) KURNOOL(DIST),518523,,https://kys.udiseplus.gov.in/#/schooldetail/4700382/12,4700382,08/05/2022 21:51,2367
******00908 Operational,,SRI RAGHAVENDRA AIDED ELE SCHOOL ALLAGADDA,,,,Andhra Pradesh,1-Primary,35-Pvt.Aided,1 To 5,3-Co-educational,2-Urban,NA,,Allagadda Ward no. 13,Allagadda-Town Panchayat,SATRAM STREET ALLAGADDA ALLAGADDA(VILLAGE) ALLAGADDA(MANDAL) KURNOOL(DIST),518543,pullamaraju77[at]gmail[dot]com,https://kys.udiseplus.gov.in/#/schooldetail/4700885/12,4700885,26/12/2025 16:49,2367
******00933 Operational,,SRI RAGHAVENDRA AIDED HIGH SCHOOL ALLAGADDA,,,,Andhra Pradesh,7-Upper Pr. and Secondary,35-Pvt.Aided,6 To 10,3-Co-educational,2-Urban,NA,,Allagadda Ward no. 13,Allagadda-Town Panchayat,SATRAM STREET ALLAGADDA ALLAGADDA(VILLAGE) ALLAGADDA(MANDAL) KURNOOL(DIST),518543,srpschoolalg[at]gmail[dot]com,https://kys.udiseplus.gov.in/#/schooldetail/4700902/12,4700902,26/12/2025 08:51,2367
******01524 Operational,,SRI RAGHAVENDRA AIDED PRI,,,,Andhra Pradesh,1-Primary,35-Pvt.Aided,1 To 5,3-Co-educational,1-Rural,Chagalamarri,Chagalamarri,,,MUTHYALAPADU ROAD CHAGALAMARRI CHAGALAMARRI(VILLAGE) CHAGALAMARRI(MANDAL) KURNOOL(DIST),518553,trsr1970[at]gmail[dot]com,https://kys.udiseplus.gov.in/#/schooldetail/4701019/12,4701019,21/04/2023 15:31,2367
******00626 Permanently Closed,,SRI RAGHAVENDRA BALA KUTEER NANDYAL,,,,Andhra Pradesh,2-Primary with Upper Primary,38-Pvt.Unaided,1 To 7,3-Co-educational,2-Urban,NA,,Nandyal (M) - Ward No.9,Nandyal-Municipality,NA,518501,,https://kys.udiseplus.gov.in/#/schooldetail/4717441/12,4717441,15/10/2020 12:18,2367
******01706 Operational,,SRI RAGHAVENDRA EM UPS DHONE,,,,Andhra Pradesh,2-Primary with Upper Primary,38-Pvt.Unaided,1 To 7,3-Co-educational,1-Rural,Dhone Alias Dronachalam,Udumulapadu,,,UDUMULAPADU,518222,bvijayavijji[at]gmail[dot]com,https://kys.udiseplus.gov.in/#/schooldetail/4701748/12,4701748,26/06/2021 10:11,2367
******00935 Operational,,SRI RAGHAVENDRA ENG HS ALLAGADDA,,,,Andhra Pradesh,7-Upper Pr. and Secondary,38-Pvt.Unaided,6 To 10,3-Co-educational,2-Urban,NA,,Allagadda Ward no. 13,Allagadda-Town Panchayat,SATRAM STREET ALLAGADDA ALLAGADDA(VILLAGE) ALLAGADDA(MANDAL) KURNOOL(DIST),518543,srpschoolalg[at]gmail[dot]com,https://kys.udiseplus.gov.in/#/schooldetail/4700904/12,4700904,26/12/2025 09:30,2367
******00909 Operational,,SRI RAGHAVENDRA ENG PS ALLAGADDA,,,,Andhra Pradesh,1-Primary,38-Pvt.Unaided,1 To 5,3-Co-educational,2-Urban,NA,,Allagadda Ward no. 14,Allagadda-Town Panchayat,SATRAM STREET ALLAGADDA ALLAGADDA(VILLAGE) ALLAGADDA(MANDAL) KURNOOL(DIST),518543,srpschoolalg[at]gmail[dot]com,https://kys.udiseplus.gov.in/#/schooldetail/4700886/12,4700886,21/04/2023 15:31,2367
******00824 Operational,,SRI RAGHAVENDRA HS B.ATMAKUR,,,,Andhra Pradesh,7-Upper Pr. and Secondary,38-Pvt.Unaided,6 To 10,3-Co-educational,1-Rural,Bandi Atmakur,Bandi Atmakur,,,BANDIATMAKUR KURNOOL-518523,518523,srvmesociety[at]gmail[dot]com,https://kys.udiseplus.gov.in/#/schooldetail/4700361/12,4700361,15/10/2020 12:18,2367
******01539 Operational,,SRI RAGHAVENDRA HS CHAGALAMARRI,,,,Andhra Pradesh,7-Upper Pr. and Secondary,38-Pvt.Unaided,6 To 10,3-Co-educational,1-Rural,Chagalamarri,Chagalamarri,,,Muthyalapadu road,518553,pml446870[at]gmail[dot]com,https://kys.udiseplus.gov.in/#/schooldetail/4701027/12,4701027,15/10/2020 12:18,2367
******00106 Operational,,"SRI RAGHAVENDRA PRIMARY SCHOOL,CHAGALAMARRI",,,,Andhra Pradesh,1-Primary,38-Pvt.Unaided,1 To 5,3-Co-educational,1-Rural,Chagalamarri,Chagalamarri,,,"MUTYALAPADU ROAD, CHAGALAMARRI",518553,trsr1968[at]gmail[dot]com,https://kys.udiseplus.gov.in/#/schooldetail/4720506/12,4720506,21/04/2023 15:31,2367
******00809 Operational,,SRI RAGHAVENDRA UPS,,,,Andhra Pradesh,1-Primary,38-Pvt.Unaided,1 To 5,3-Co-educational,1-Rural,Bandi Atmakur,Bandi Atmakur,,,BANDI ATMAKUR BANDI ATMAKUR BANDI ATMAKUR(VILLAGE) BANDIATMAKUR(MANDAL) KURNOOL(DIST),518523,srvmesociety[at]gmail[dot]com,https://kys.udiseplus.gov.in/#/schooldetail/4700353/12,4700353,16/06/2023 15:21,2367
******90803 Permanently Closed,,SRI RAGHAVENDRA U P S SUNNIPENTA SRISAIALM PROJECT,,,,Andhra Pradesh,2-Primary with Upper Primary,38-Pvt.Unaided,1 To 7,3-Co-educational,1-Rural,NA,NA,,,NA,518102,,https://kys.udiseplus.gov.in/#/schooldetail/4717368/12,4717368,15/10/2020 12:18,2367
******03135 Operational,,SRI RAGHAVENDRA VIDYAMANDIR,,,,Andhra Pradesh,2-Primary with Upper Primary,38-Pvt.Unaided,1 To 7,3-Co-educational,1-Rural,Banaganapalle,Illurukothapalle,,,3-83 MAIN ROAD ILLURUKOTHAPETA BANAGANAPALLE KURNOOL DISTRICT,518186,vasiraghava258[at]gmail[dot]com,https://kys.udiseplus.gov.in/#/schooldetail/4701325/12,4701325,21/04/2023 15:31,2367
******00811 Operational,,"SRI RAJA RAJESHWARI HS, KOTHAPALLI",,,,Andhra Pradesh,7-Upper Pr. and Secondary,38-Pvt.Unaided,6 To 10,3-Co-educational,1-Rural,Kothapalle,Kothapalle,,,KOTHAPALLI KOTHAPALLI KOTHAPALLE(VILLAGE) KOTAPALLI(MANDAL) KURNOOL(DIST),518422,,https://kys.udiseplus.gov.in/#/schooldetail/4698490/12,4698490,07/05/2022 20:34,2367
******00308 Operational,,"SRI RAJA RAJESWARI H.S, GADIVEMULA",,,,Andhra Pradesh,7-Upper Pr. and Secondary,38-Pvt.Unaided,6 To 10,3-Co-educational,1-Rural,Gadivemula,Gadivemula,,,B C COLONY GADIVEMULA GADIVEMULA(VILLAGE) GADIVEMULA(MANDAL) KURNOOL(DIST),518508,raghusrrh[at]gmail[dot]com,https://kys.udiseplus.gov.in/#/schooldetail/4700280/12,4700280,15/10/2020 12:18,2367
******00304 Operational,,SRI RAJA RAJESWARI PS GADIVEMULA,,,,Andhra Pradesh,1-Primary,38-Pvt.Unaided,1 To 5,3-Co-educational,1-Rural,Gadivemula,Gadivemula,,,GADIVEMULA GADIVEMULA GADIVEMULA(VILLAGE) GADIVEMULA(MANDAL) KURNOOL(DIST),518508,raghusrrh[at]gmail[dot]com,https://kys.udiseplus.gov.in/#/schooldetail/4700277/12,4700277,21/04/2023 15:31,2367
******01004 Permanently Closed,,SRI RAMAKRISHNA HS MAYALUR,,,,Andhra Pradesh,7-Upper Pr. and Secondary,38-Pvt.Unaided,6 To 10,3-Co-educational,1-Rural,Uyyalawada,Mayalur,,,NA,518155,,https://kys.udiseplus.gov.in/#/schooldetail/4701059/12,4701059,15/10/2020 12:18,2367
******01002 Closed,Closed,SRI RAMAKRISHNA PS MAYALUR,,,,Andhra Pradesh,1-Primary,38-Pvt.Unaided,1 To 5,3-Co-educational,1-Rural,Uyyalawada,Mayalur,,,MAYALUR MAYALUR MAYALUR(VILLAGE) UYYALAWADA(MANDAL) KURNOOL(DIST),518155,,https://kys.udiseplus.gov.in/#/schooldetail/4701057/12,4701057,17/12/2023 18:28,2367
******00926 Closed,Closed,SRI RAMA KRISHNA VIDYA PEETAM SAIBABA PETA NDK,,,,Andhra Pradesh,2-Primary with Upper Primary,38-Pvt.Unaided,1 To 7,3-Co-educational,2-Urban,NA,,Nandikotkur Ward No. 13,Nandikotkur-Town Panchayat,SAIBABAPETA NANDI KOTKUR NANDI KOTKUR(VILLAGE) NANDIKOTKUR(MANDAL) KURNOOL(DIST),518401,sriramakrishna.ndk[at]gmail[dot]com,https://kys.udiseplus.gov.in/#/schooldetail/4698376/12,4698376,06/01/2025 16:40,2367
******00704 Operational,,SRI RAMA UPPER PRIMARY SCHOOL PEDDA CHINTAKUNTA,,,,Andhra Pradesh,2-Primary with Upper Primary,38-Pvt.Unaided,1 To 7,3-Co-educational,2-Urban,NA,,Allagadda Ward no. 1,Allagadda-Town Panchayat,PEDDACHINTAKUNT PEDDACHINTAKUNTA PEDDACHINTAKUNT(VILLAGE) ALLAGADDA(MANDAL) KURNOOL(DIST),518543,-KAMALAPURAMNAGARAJU[at]GMAIL[dot]COM,https://kys.udiseplus.gov.in/#/schooldetail/4700874/12,4700874,26/12/2025 16:36,2367
******01001 Closed,Closed,SRI RAVEENDRA. AIDED ELE SCHOOL ALLAGADDA,,,,Andhra Pradesh,1-Primary,35-Pvt.Aided,1 To 5,3-Co-educational,2-Urban,NA,,Allagadda Ward no. 2,Allagadda-Town Panchayat,PADAKANDLA ALLAGADDA PADAKANDLA(VILLAGE) ALLAGADDA(MANDAL) KURNOOL(DIST),518543,,https://kys.udiseplus.gov.in/#/schooldetail/4700941/12,4700941,10/05/2022 13:04,2367
******00306 Operational,,SRI RAVEENDRA BHARATHI PS GADIVEMULA,,,,Andhra Pradesh,1-Primary,38-Pvt.Unaided,1 To 5,3-Co-educational,1-Rural,Gadivemula,Gadivemula,,,GADIVEMULA GADIVEMULA GADIVEMULA(VILLAGE) GADIVEMULA(MANDAL) KURNOOL(DIST),518508,,https://kys.udiseplus.gov.in/#/schooldetail/4700278/12,4700278,11/03/2024 19:06,2367
******02106 Operational,,SRI RAVI KIRAN HS,,,,Andhra Pradesh,7-Upper Pr. and Secondary,38-Pvt.Unaided,6 To 10,3-Co-educational,1-Rural,Banaganapalle,Banaganapalle (Ct),,,OPP POWER STATION BANAGANAPALLI BANAGANAPALLI(VILLAGE) BANAGANAPALLI(MANDAL) KURNOOL (DIST),518124,sriravikiran1262004[at]gmail[dot]com,https://kys.udiseplus.gov.in/#/schooldetail/4701279/12,4701279,11/05/2022 11:44,2367
******03120 Operational,,SRIRAVI KIRAN UP S,,,,Andhra Pradesh,1-Primary,38-Pvt.Unaided,1 To 5,3-Co-educational,1-Rural,Banaganapalle,Banaganapalle (Ct),,,OPP POWER STATION BANAGANAPALLE(VILLAGE) BANAGANAPALLI(MANDAL) KURNOOL(DIST),518124,sriravikiran1262004[at]gmail[dot]com,https://kys.udiseplus.gov.in/#/schooldetail/4701311/12,4701311,21/04/2023 15:31,2367
******00315 Operational,,SRI RAVINDRA BHARATHI HS GADIVEMULA,,,,Andhra Pradesh,7-Upper Pr. and Secondary,38-Pvt.Unaided,6 To 10,3-Co-educational,1-Rural,Gadivemula,Gadivemula,,,GADIVEMULA GADIVEMULA GADIVEMULA(VILLAGE) GADIVEMULA(MANDAL) KURNOOL(DIST),518508,,https://kys.udiseplus.gov.in/#/schooldetail/4700284/12,4700284,06/08/2024 22:20,2367
******01202 Permanently Closed,,SRI ROYAL HIGH SCHOOLJ.BUNGLOW,,,,Andhra Pradesh,7-Upper Pr. and Secondary,38-Pvt.Unaided,6 To 10,3-Co-educational,1-Rural,Jupadu Bungalow,Bannur,,,NA,518401,,https://kys.udiseplus.gov.in/#/schooldetail/4717377/12,4717377,15/10/2020 12:18,2367
******01203 Operational,,SRI ROYAL PRIMARY SCHOOL,,,,Andhra Pradesh,1-Primary,38-Pvt.Unaided,1 To 5,3-Co-educational,1-Rural,Jupadu Bungalow,Bannur,,,JUPADU BUNGLOW(VILLAGE) JUPADU BUNGLOW(MANDAL) NANDYAL (DIST),518401,meo.jbunglow375[at]gmail[dot]com,https://kys.udiseplus.gov.in/#/schooldetail/4698743/12,4698743,20/09/2024 13:17,2367
******00163 Permanently Closed,,SRI SAI CHAITANYA UP,,,,Andhra Pradesh,2-Primary with Upper Primary,38-Pvt.Unaided,1 To 7,3-Co-educational,2-Urban,NA,,Atmakurknl Ward No. 6,Atmakur (Kurnool)-Municipality,NA,518422,,https://kys.udiseplus.gov.in/#/schooldetail/4717361/12,4717361,15/10/2020 12:18,2367
******90912 Operational,,SRI SAI CHAITANYA UP SCHOOL SRISAILAM,,,,Andhra Pradesh,2-Primary with Upper Primary,38-Pvt.Unaided,1 To 7,3-Co-educational,1-Rural,Srisailam,NA,,,KOTHAPETA SRISAILAM(VILLAGE) SRISAILAM(MANDAL) KURNOOL(DIST),518101,srilathavenkat75[at]gmail[dot]com,https://kys.udiseplus.gov.in/#/schooldetail/4698626/12,4698626,16/06/2023 15:21,2367
******01454 Operational,,SRI SAI CHIDANANDA EM HS KOILAKUNTLA,,,,Andhra Pradesh,7-Upper Pr. and Secondary,38-Pvt.Unaided,6 To 10,3-Co-educational,1-Rural,Koilakuntla,Koilkuntla,,,KOILKUNTLA VILLAGE AND MANDAL KURNOOL,518134,,https://kys.udiseplus.gov.in/#/schooldetail/4719620/12,4719620,24/06/2021 21:49,2367
******00911 Permanently Closed,,SRI SAI ELEMENTARY SCHOOL ALLAGADDA,,,,Andhra Pradesh,1-Primary,38-Pvt.Unaided,1 To 5,3-Co-educational,2-Urban,NA,,Allagadda Ward no. 6,Allagadda-Town Panchayat,NA,518543,,https://kys.udiseplus.gov.in/#/schooldetail/4700888/12,4700888,15/10/2020 12:18,2367
******00940 Permanently Closed,,SRI SAI HIGH SCHOOL ALLAGADDA,,,,Andhra Pradesh,7-Upper Pr. and Secondary,38-Pvt.Unaided,6 To 10,3-Co-educational,2-Urban,NA,,Allagadda Ward no. 6,Allagadda-Town Panchayat,NA,518543,,https://kys.udiseplus.gov.in/#/schooldetail/4700906/12,4700906,15/10/2020 12:18,2367
******00817 Operational,,SRI SAI KRISHNA EM UP SCHOOL,,,,Andhra Pradesh,2-Primary with Upper Primary,38-Pvt.Unaided,1 To 7,3-Co-educational,1-Rural,Kolimigundla,Kolimigundla,,,kolimigundla,518123,palagirivenkateswarareddy1[at]gmail[dot]com,https://kys.udiseplus.gov.in/#/schooldetail/4719629/12,4719629,21/04/2023 15:31,2367
******91430 Operational,,SRI SAILA HIGH S SAIBABA NAGAR,,,,Andhra Pradesh,7-Upper Pr. and Secondary,38-Pvt.Unaided,6 To 10,3-Co-educational,2-Urban,NA,,Nandyal (M) - Ward No.28,Nandyal-Municipality,SAIBABANAGAR NANDYAL NANDYAL (M)-2(VILLAGE) NANDYAL(MANDAL) KURNOOL(DIST),518502,highschoolsrisaila[at]gmail[dot]com,https://kys.udiseplus.gov.in/#/schooldetail/4700599/12,4700599,27/12/2025 12:09,2367
******90806 Operational,,SRISAILA MATHA EM S SUNNIPENTA,,,,Andhra Pradesh,1-Primary,38-Pvt.Unaided,1 To 5,3-Co-educational,1-Rural,Srisailam,NA,,,SUNNIPETA SRISAILAM SRISAILAM(VILLAGE) SRISAILAM(MANDAL) KURNOOL(DIST),518102,sriemschool[at]gmail[dot]com,https://kys.udiseplus.gov.in/#/schooldetail/4698605/12,4698605,21/04/2023 15:31,2367
******00407 Operational,,SRISAILAMATHA HIGH SCHOOL SUNIPENTA,,,,Andhra Pradesh,7-Upper Pr. and Secondary,38-Pvt.Unaided,6 To 10,3-Co-educational,1-Rural,Srisailam,NA,,,NEAR RCM CHURCH SUNIPENTA SUNDIPENTA(SRISAIL PRO)(VILLAGE) SRISAILAM(MANDAL) KURNOOL(DIST),518102,sriemschool[at]gmail[dot]com,https://kys.udiseplus.gov.in/#/schooldetail/4698601/12,4698601,15/10/2020 12:18,2367
******90656 Operational,,SRI SAILA PUBLIC SCHOOL SAI BABA NAGAR,,,,Andhra Pradesh,1-Primary,38-Pvt.Unaided,1 To 5,3-Co-educational,2-Urban,NA,,Nandyal (M) - Ward No.25,Nandyal-Municipality,SAIBABA NAGAR NANDYAL NANDYAL (M)(VILLAGE) NANDYAL(MANDAL) KURNOOL(DIST),518502,highschoolsrisaila[at]gmail[dot]com,https://kys.udiseplus.gov.in/#/schooldetail/4700540/12,4700540,27/12/2025 12:11,2367
******01307 Operational,,SRI SAI RAM UPPER PRIMARY SCHOOL PERUSOMALA,,,,Andhra Pradesh,2-Primary with Upper Primary,38-Pvt.Unaided,1 To 7,3-Co-educational,1-Rural,Sanjamala,Perusomala,,,PERUSOMALA SANJAMALA PERUSOMALA(VILLAGE) SANJAMALA(MANDAL) KURNOOL(DIST),518166,csnreddys1980[at]gmail[dot]com,https://kys.udiseplus.gov.in/#/schooldetail/4701382/12,4701382,23/12/2025 15:00,2367
******00507 Closed,Closed,SRI SAI UP SCHOOL BILAKALAGUDUR,,,,Andhra Pradesh,4-Upper Primary only,38-Pvt.Unaided,6 To 8,3-Co-educational,1-Rural,Gadivemula,Bilakala Gudur,,,NA,518508,,https://kys.udiseplus.gov.in/#/schooldetail/4717437/12,4717437,10/05/2022 13:33,2367
******01311 Operational,,SRI SAI VANI EM UP SCHOOLAYYALUR,,,,Andhra Pradesh,2-Primary with Upper Primary,38-Pvt.Unaided,1 To 7,3-Co-educational,1-Rural,Nandyal,Ayyalur (Part),,,AYYALUR NANDYAL 518502,518502,saivanimhm[at]gmail[dot]com,https://kys.udiseplus.gov.in/#/schooldetail/4700462/12,4700462,16/06/2023 15:21,2367
******00503 Operational,,SRI SAI VIDYA MANDIR UP EM SCHOOL CERUVULAPALLI,,,,Andhra Pradesh,2-Primary with Upper Primary,38-Pvt.Unaided,1 To 8,3-Co-educational,1-Rural,Banaganapalle,Cherupalle,,,Cheruvupalli - Ramatheertham Road Cheruvupalli,518176,srisaividhyamandir9908[at]gmail[dot]com,https://kys.udiseplus.gov.in/#/schooldetail/4701231/12,4701231,24/12/2025 17:52,2367
******00673 Permanently Closed,,SRI SAI VIDYANIKETHAN,,,,Andhra Pradesh,2-Primary with Upper Primary,38-Pvt.Unaided,1 To 7,3-Co-educational,2-Urban,NA,,Dhone Ward No. 14,Dhone(M)-Municipality,NA,518222,,https://kys.udiseplus.gov.in/#/schooldetail/4701682/12,4701682,15/10/2020 12:18,2367
******91429 Operational,,SRI SAMATHA VIDYANIKETAN SRINIVASA NAGAR,,,,Andhra Pradesh,7-Upper Pr. and Secondary,38-Pvt.Unaided,6 To 10,3-Co-educational,2-Urban,NA,,Nandyal (M) - Ward No.14,Nandyal-Municipality,SRINIVASA NAGAR NANDYAL NANDYAL (M)-2(VILLAGE) NANDYAL(MANDAL) KURNOOL(DIST),518501,samatha.school123[at]gmail[dot]com,https://kys.udiseplus.gov.in/#/schooldetail/4700598/12,4700598,15/10/2020 12:18,2367
******01996 Operational,,SRI SANKALP EM SCHOOL SANJEEV NAGAR,,,,Andhra Pradesh,2-Primary with Upper Primary,38-Pvt.Unaided,1 To 7,3-Co-educational,2-Urban,Nandyal,,Nandyal Ward No. 39,Nandyal-Municipality,SANJEEVA NAAR NANDYAL,518501,meo.nandyal34[at]gmail[dot]com,,,24/12/2025 13:38,2367
******91501 Operational,,SRI SANTHINIKETAN EM PS KRANTHI NAGAR,,,,Andhra Pradesh,1-Primary,38-Pvt.Unaided,1 To 5,3-Co-educational,2-Urban,NA,,Nandyal (M) - Ward No.21,Nandyal-Municipality,KRANTHINAGAR NANDYAL,518502,santhinikethangroups[at]gmail[dot]com,https://kys.udiseplus.gov.in/#/schooldetail/4700650/12,4700650,24/12/2025 15:27,2367
******00904 Closed,Closed,SRI SARADA JYOTHI E/M U.P,,,,Andhra Pradesh,1-Primary,38-Pvt.Unaided,1 To 5,3-Co-educational,1-Rural,Gospadu,Gospadu,,,GOSPADU GOSPADU GOSPADU(VILLAGE) GOSPADU(MANDAL) KURNOOL(DIST),518674,murthy.welcome[at]gmail[dot]com,https://kys.udiseplus.gov.in/#/schooldetail/4701130/12,4701130,15/10/2020 12:18,2367
******90219 Closed,Closed,SRI SARADA TALENT SC,,,,Andhra Pradesh,2-Primary with Upper Primary,61-Unrecognised Schools,1 To 7,3-Co-educational,2-Urban,NA,,Election Ward No.4,BETHAMCHERLA-Town Panchayat,NEAR MPDO OFFICE LINE BETHAMCHERLA BETHAMCHERLA(VILLAGE) BETHAMCHERLA(MANDAL) KURNOOL(DIST),518599,nandipalli.narayana[at]gmail[dot]com,https://kys.udiseplus.gov.in/#/schooldetail/4700185/12,4700185,26/05/2022 10:11,2367
******91485 Operational,,Sri Sarada Vidyalayam HS Kanthi Nagar Nandyal,,,,Andhra Pradesh,7-Upper Pr. and Secondary,38-Pvt.Unaided,6 To 10,3-Co-educational,2-Urban,NA,,Nandyal (M) - Ward No.30,Nandyal-Municipality,NADIGADDA NANDYAL,518502,-nandyal.meo[at]gmail[dot]com,https://kys.udiseplus.gov.in/#/schooldetail/4700638/12,4700638,15/10/2020 12:18,2367
******01102 Operational,,SRI SARADA VIDYALAYAM KRANTHI NAGAR,,,,Andhra Pradesh,1-Primary,38-Pvt.Unaided,1 To 5,3-Co-educational,2-Urban,NA,,Nandyal (M) - Ward No.30,Nandyal-Municipality,KRANTHI NAGAR NOONEPALLE NOONEPALLE(VILLAGE) NANDYAL(MANDAL) KURNOOL(DIST),518502,-nandyal.meo[at]gmail[dot]com,https://kys.udiseplus.gov.in/#/schooldetail/4700446/12,4700446,21/04/2023 15:31,2367
******01414 Closed,Closed,SRI SARADA VIDYA MANDIRAM KKL,,,,Andhra Pradesh,2-Primary with Upper Primary,38-Pvt.Unaided,1 To 7,3-Co-educational,1-Rural,Koilakuntla,Koilkuntla,,,NEAR PANDU RANGASWAMY TEMPLE KOILAKUNTLA KOILKUNTLA(VILLAGE) KOILAKUNTLA(MANDAL) KURNOOL(DIST),518134,,https://kys.udiseplus.gov.in/#/schooldetail/4701179/12,4701179,10/05/2022 12:41,2367
******00711 Operational,,SRI SARADA VIDYA NIKETAN HS PAMULAPADU,,,,Andhra Pradesh,7-Upper Pr. and Secondary,38-Pvt.Unaided,6 To 10,3-Co-educational,1-Rural,Pamulapadu,Pamulapadu,,,PAMULAPADU PAMULAPADU PAMULAPADU(VILLAGE) PAMULAPADU(MANDAL) KURNOOL(DIST),518442,,https://kys.udiseplus.gov.in/#/schooldetail/4698692/12,4698692,11/05/2022 16:11,2367
******00707 Operational,,SRI SARADA VIDYA NIKETAN PS PAMULAPADU,,,,Andhra Pradesh,1-Primary,38-Pvt.Unaided,1 To 5,3-Co-educational,1-Rural,Pamulapadu,Pamulapadu,,,PAMULAPADU PAMULAPADU PAMULAPADU(VILLAGE) PAMULAPADU(MANDAL) KURNOOL(DIST),518442,SSVNPPD[at]gmail[dot]com,https://kys.udiseplus.gov.in/#/schooldetail/4697650/12,4697650,21/04/2023 15:31,2367
******90676 Permanently Closed,,SRI SARADA VIDYA NIKETAN SANJEEVANAGAR,,,,Andhra Pradesh,2-Primary with Upper Primary,38-Pvt.Unaided,1 To 7,3-Co-educational,2-Urban,NA,,Nandyal (M) - Ward No.4,Nandyal-Municipality,NA,518501,,https://kys.udiseplus.gov.in/#/schooldetail/4717459/12,4717459,15/10/2020 12:18,2367
******90640 Operational,,SRI SARADA VIDYA PEETAM FAROOQ NAGAR,,,,Andhra Pradesh,1-Primary,38-Pvt.Unaided,1 To 5,3-Co-educational,2-Urban,NA,,Nandyal (M) - Ward No.7,Nandyal-Municipality,FAROOQ NAGAR NANDYAL NANDYAL (M)(VILLAGE) NANDYAL(MANDAL) KURNOOL(DIST),518501,ssvpnandyal[at]gmail[dot]com,https://kys.udiseplus.gov.in/#/schooldetail/4700530/12,4700530,15/10/2020 12:18,2367
******00433 Operational,,SRI SARADA VIDYA PEETAM UPS N.KOTHAPALLI,,,,Andhra Pradesh,2-Primary with Upper Primary,38-Pvt.Unaided,1 To 7,3-Co-educational,1-Rural,Nandyal,Kothapalli,,,"N.KOTHAPALLI VILLAGE ,NANDYAL MANDAL",518502,,https://kys.udiseplus.gov.in/#/schooldetail/4720847/12,4720847,16/06/2023 15:21,2367
******91421 Operational,,SRI SARADA VIDYA PEETHAM FAROOQ NAGAR,,,,Andhra Pradesh,7-Upper Pr. and Secondary,38-Pvt.Unaided,6 To 10,3-Co-educational,2-Urban,NA,,Nandyal (M) - Ward No.7,Nandyal-Municipality,FAROOQNAGAR NANDYAL NANDYAL (M)-2(VILLAGE) NANDYAL(MANDAL) KURNOOL(DIST),518501,ssvpnandyal[at]gmail[dot]com,https://kys.udiseplus.gov.in/#/schooldetail/4700592/12,4700592,15/10/2020 12:18,2367
******00719 Operational,,SRI SARASVATHI SISHU MANDIR MRO OFFICE PEAPULLY,,,,Andhra Pradesh,7-Upper Pr. and Secondary,38-Pvt.Unaided,6 To 10,3-Co-educational,1-Rural,Peapully,Peapally,,,MRO OFFICE PEAPULLY PEAPALLY(VILLAGE) PEAPULLY(MANDAL) KURNOOL(DIST),518221,sssmpyapili1[at]gmail[dot]com,https://kys.udiseplus.gov.in/#/schooldetail/4701555/12,4701555,15/10/2020 12:18,2367
******00803 Operational,,SRI SARASWATHI PS,,,,Andhra Pradesh,1-Primary,38-Pvt.Unaided,1 To 5,3-Co-educational,1-Rural,Kothapalle,Kothapalle,,,KOTHAPALLE KOTAPALLI KOTHAPALLE(VILLAGE) KOTAPALLI(MANDAL) KURNOOL(DIST),518422,,https://kys.udiseplus.gov.in/#/schooldetail/4698485/12,4698485,07/05/2022 20:32,2367
******00917 Operational,,SRI SARASWATHI PS ALLAGADDA,,,,Andhra Pradesh,1-Primary,38-Pvt.Unaided,1 To 5,3-Co-educational,2-Urban,NA,,Allagadda Ward no. 7,Allagadda-Town Panchayat,SADDAM COLONY ALLAGADDA ALLAGADDA(VILLAGE) ALLAGADDA(MANDAL) KURNOOL(DIST),518543,basha1206[at]gmail[dot]com,https://kys.udiseplus.gov.in/#/schooldetail/4700892/12,4700892,21/04/2023 15:31,2367
******00616 Operational,,SRI SARASWATHI PUBLIC SCHOOL(EM)&(TM) B.PALLI,,,,Andhra Pradesh,2-Primary with Upper Primary,38-Pvt.Unaided,1 To 7,3-Co-educational,1-Rural,Banaganapalle,Palukur,,,RAMAKIRSHNAPURAM VILLAGE BANAGANAPALLE MDL KURNOOL DIST,518176,sankarreddybellm[at]gmail[dot]com,https://kys.udiseplus.gov.in/#/schooldetail/4701243/12,4701243,21/04/2023 15:31,2367
******03152 Closed,Closed,SRI SARASWATHI SISHU MANDIR BANAGANAPALLI,,,,Andhra Pradesh,1-Primary,38-Pvt.Unaided,1 To 5,3-Co-educational,1-Rural,Banaganapalle,Banumukkala (Ct),,,"BANAGANAPALLI, BANAGANAPALLI(M), KURNOOL (DT)",518124,meo.banaganapalli[at]gmail[dot]com,https://kys.udiseplus.gov.in/#/schooldetail/4701337/12,4701337,27/01/2023 19:15,2367
******90805 Operational,,SRI SARASWATHI SISHU MANDIR EASTERN COLONY SUNNIPENTA,,,,Andhra Pradesh,2-Primary with Upper Primary,38-Pvt.Unaided,1 To 7,3-Co-educational,1-Rural,Srisailam,NA,,,SUNDIPEOPPOSITE OLD MRO OFFICE SUNNIPENTA (VILLAGE) SRISAILAM(MANDAL) KURNOOL(DIST),518102,sisumandirsaraswathi[at]gmail[dot]com,https://kys.udiseplus.gov.in/#/schooldetail/4698604/12,4698604,21/04/2023 15:31,2367
******00516 Operational,,SRI SARASWATHI SISHU MANDIR RAJA STREET VELGODE,,,,Andhra Pradesh,2-Primary with Upper Primary,38-Pvt.Unaided,1 To 7,3-Co-educational,1-Rural,Velugodu,Velgode,,,RAJA STREET VELGODE VELGODE(VILLAGE) VELUGODU(MANDAL) KURNOOL(DIST),518533,ssmschoolvgd[at]gmail[dot]com,https://kys.udiseplus.gov.in/#/schooldetail/4698654/12,4698654,16/06/2023 15:21,2367
******90215 Operational,,SRI SARASWATHI SISU MANDIR,,,,Andhra Pradesh,7-Upper Pr. and Secondary,38-Pvt.Unaided,6 To 10,3-Co-educational,2-Urban,NA,,Election Ward No.4,BETHAMCHERLA-Town Panchayat,"BETHAMCHERLA NEAR MEO OFFICE, BETHAMCHERLA(VILLAGE) BETHAMCHERLA(MANDAL) KURNOOL(DIST)",518599,ssmbetamcherla[at]gmail[dot]com,https://kys.udiseplus.gov.in/#/schooldetail/4700181/12,4700181,01/08/2022 16:45,2367
******01306 Closed,Closed,SRI SARASWATHI VIDYA MANDIRUP SCHOOL PUCHAKAYALAPALLI,,,,Andhra Pradesh,2-Primary with Upper Primary,38-Pvt.Unaided,1 To 7,3-Co-educational,1-Rural,Uyyalawada,Bodemmanur,,,PUCHAKAYALAPALL PUCHAKAYALAPALL BODEMMANUR(VILLAGE) UYYALAWADA(MANDAL) KURNOOL(DIST),518145,,https://kys.udiseplus.gov.in/#/schooldetail/4701070/12,4701070,15/10/2020 12:18,2367
******00106 Closed,Closed,SRI SARASWATHI VIDYANILAYAM GOVINDAPALLI,,,,Andhra Pradesh,2-Primary with Upper Primary,38-Pvt.Unaided,1 To 7,3-Co-educational,1-Rural,Sirivel,Govindpalle,,,GOVINDAPALLE GOVINDPALLE GOVINDPALLE(VILLAGE) SIRVEL(MANDAL) KURNOOL(DIST),518002,,https://kys.udiseplus.gov.in/#/schooldetail/4700737/12,4700737,15/10/2020 12:18,2367
******00941 Closed,Closed,SRI SARASWTHI HIGH SCHOOL ALLAGADDA,,,,Andhra Pradesh,4-Upper Primary only,38-Pvt.Unaided,6 To 8,3-Co-educational,2-Urban,NA,,Allagadda Ward no. 7,Allagadda-Town Panchayat,SADDAM COLONY ALLAGADDA ALLAGADDA(VILLAGE) ALLAGADDA(MANDAL) KURNOOL(DIST),518543,basha1206[at]gmail[dot]com,https://kys.udiseplus.gov.in/#/schooldetail/4700907/12,4700907,09/05/2022 13:34,2367
******00812 Operational,,SRI SARSWATHI HS KOTHAPALLI,,,,Andhra Pradesh,7-Upper Pr. and Secondary,38-Pvt.Unaided,6 To 10,3-Co-educational,1-Rural,Kothapalle,Kothapalle,,,KOTHAPALLI KOTHAPALLI KOTHAPALLE(VILLAGE) KOTAPALLI(MANDAL) KURNOOL(DIST),518422,,https://kys.udiseplus.gov.in/#/schooldetail/4698491/12,4698491,07/05/2022 20:35,2367
******91428 Operational,,SRI SATHYA SAI E M H.S TEKKE,,,,Andhra Pradesh,7-Upper Pr. and Secondary,38-Pvt.Unaided,6 To 10,3-Co-educational,2-Urban,NA,,Nandyal (M) - Ward No.17,Nandyal-Municipality,SRINIVASA NAGAR NANDYAL NANDYAL (M)-2(VILLAGE) NANDYAL(MANDAL) KURNOOL(DIST),518501,meo.nandyal34[at]gmail[dot]com,https://kys.udiseplus.gov.in/#/schooldetail/4700597/12,4700597,24/09/2024 10:01,2367
******90651 Operational,,SRI SATHYA SAI EM P.S TEKKE,,,,Andhra Pradesh,1-Primary,38-Pvt.Unaided,1 To 5,3-Co-educational,2-Urban,NA,,Nandyal (M) - Ward No.17,Nandyal-Municipality,SRINIVASA NAGAR NANDYAL NANDYAL (M)(VILLAGE) NANDYAL(MANDAL) KURNOOL(DIST),518501,srisatyasainandyal[at]gmail[dot]com,https://kys.udiseplus.gov.in/#/schooldetail/4650148/12,4650148,24/09/2024 09:57,2367
******00137 Permanently Closed,,SRI SATYA SAI EM S,,,,Andhra Pradesh,1-Primary,38-Pvt.Unaided,1 To 5,3-Co-educational,2-Urban,NA,,Atmakurknl Ward No. 8,Atmakur (Kurnool)-Municipality,NA,518422,,https://kys.udiseplus.gov.in/#/schooldetail/4717360/12,4717360,15/10/2020 12:18,2367
******00135 Permanently Closed,,SRI SATYASAI EM SCHO,,,,Andhra Pradesh,7-Upper Pr. and Secondary,38-Pvt.Unaided,6 To 10,3-Co-educational,2-Urban,NA,,Atmakurknl Ward No. 8,Atmakur (Kurnool)-Municipality,NA,518422,,https://kys.udiseplus.gov.in/#/schooldetail/4717359/12,4717359,15/10/2020 12:18,2367
******00131 Permanently Closed,,SRI SATYAVANI VIDYAMANDIR,,,,Andhra Pradesh,7-Upper Pr. and Secondary,38-Pvt.Unaided,6 To 10,3-Co-educational,2-Urban,NA,,Atmakurknl Ward No. 20,Atmakur (Kurnool)-Municipality,NA,518422,,https://kys.udiseplus.gov.in/#/schooldetail/4717357/12,4717357,15/10/2020 12:18,2367
******00116 Permanently Closed,,SRI SATYA VANI VIDYA PRIM,,,,Andhra Pradesh,1-Primary,38-Pvt.Unaided,1 To 5,3-Co-educational,2-Urban,NA,,Atmakurknl Ward No. 20,Atmakur (Kurnool)-Municipality,NA,518422,,https://kys.udiseplus.gov.in/#/schooldetail/4717356/12,4717356,15/10/2020 12:18,2367
******00134 Permanently Closed,,SRI SHAKTHI VIDYA MANDIR,,,,Andhra Pradesh,2-Primary with Upper Primary,38-Pvt.Unaided,1 To 7,3-Co-educational,2-Urban,NA,,Atmakurknl Ward No. 6,Atmakur (Kurnool)-Municipality,NA,518422,,https://kys.udiseplus.gov.in/#/schooldetail/4717358/12,4717358,15/10/2020 12:18,2367
******01526 Permanently Closed,,SRI SHANTHINIKETANHS,,,,Andhra Pradesh,7-Upper Pr. and Secondary,38-Pvt.Unaided,6 To 10,3-Co-educational,1-Rural,Chagalamarri,Chagalamarri,,,NA,518553,,https://kys.udiseplus.gov.in/#/schooldetail/4717489/12,4717489,15/10/2020 12:18,2367
******01525 Permanently Closed,,SRI SHANTHINIKETANPS,,,,Andhra Pradesh,1-Primary,38-Pvt.Unaided,1 To 5,3-Co-educational,1-Rural,Chagalamarri,Chagalamarri,,,NA,518553,,https://kys.udiseplus.gov.in/#/schooldetail/4701020/12,4701020,15/10/2020 12:18,2367
******91487 Operational,,Sri Shanthinikethan EM HS Kanthi Nagar Nandyal,,,,Andhra Pradesh,7-Upper Pr. and Secondary,38-Pvt.Unaided,6 To 10,3-Co-educational,2-Urban,NA,,Nandyal (M) - Ward No.22,Nandyal-Municipality,KRANTHINAGAR NANDYAL,518502,santhinikethangroups[at]gmail[dot]com,https://kys.udiseplus.gov.in/#/schooldetail/4700641/12,4700641,24/12/2025 15:27,2367
******00630 Operational,,Sri Shanthinikethan EM HS Nandyal,,,,Andhra Pradesh,7-Upper Pr. and Secondary,38-Pvt.Unaided,6 To 10,3-Co-educational,2-Urban,NA,,Nandyal Ward No. 39,Nandyal-Municipality,sanjeeva nagar,518501,santhinikethangroups[at]gmail[dot]com,https://kys.udiseplus.gov.in/#/schooldetail/4700410/12,4700410,15/10/2020 12:18,2367
******01042 Operational,,SRI SHANTINIKETHAN HIGH SCHOOL KANTHI NAGAR (CBSE),,,,Andhra Pradesh,6-Pr. Up Pr. and Secondary Only,39-Pvt.Unaided (CBSE Syllabus),1 To 10,3-Co-educational,2-Urban,NA,,Nandyal (M) - Ward No.30,Nandyal-Municipality,KANTHI NAGAR NEAR NANDYAL MANDAL NANDYAL DIST,518502,,https://kys.udiseplus.gov.in/#/schooldetail/4721480/12,4721480,09/10/2024 15:19,2367
******00908 Closed,Closed,SRISHARADAJYOTHIEMS,,,,Andhra Pradesh,7-Upper Pr. and Secondary,38-Pvt.Unaided,6 To 10,3-Co-educational,1-Rural,Gospadu,Gospadu,,,GOSPADU GOSPADU GOSPADU(VILLAGE) GOSPADU(MANDAL) KURNOOL(DIST),518593,sbrajeev[at]gmail[dot]com,https://kys.udiseplus.gov.in/#/schooldetail/4701132/12,4701132,15/10/2020 12:18,2367
******00723 Operational,,SRI SHARADA VIDYALAM UPS PEAPULLY,,,,Andhra Pradesh,2-Primary with Upper Primary,38-Pvt.Unaided,1 To 7,3-Co-educational,1-Rural,Peapully,Peapally,,,PEAPULLY KURNOOL- 518221,518221,sharoff.aruna[at]gmail[dot]com,https://kys.udiseplus.gov.in/#/schooldetail/4701559/12,4701559,21/04/2023 15:31,2367
******90652 Permanently Closed,,SRI SHIRDI SAI VIDYA NILAYAM TEKKE,,,,Andhra Pradesh,1-Primary,38-Pvt.Unaided,1 To 5,3-Co-educational,2-Urban,NA,,Nandyal (M) - Ward No.17,Nandyal-Municipality,NA,518501,,https://kys.udiseplus.gov.in/#/schooldetail/4717457/12,4717457,15/10/2020 12:18,2367
******91420 Permanently Closed,,SRI SHIRDI SAI VIDYA NILAYAM TEKKE,,,,Andhra Pradesh,7-Upper Pr. and Secondary,38-Pvt.Unaided,6 To 10,3-Co-educational,2-Urban,NA,,Nandyal (M) - Ward No.17,Nandyal-Municipality,NA,518501,,https://kys.udiseplus.gov.in/#/schooldetail/4717461/12,4717461,15/10/2020 12:18,2367
******00978 Operational,,SRI SHIRIDI SAI EM HS ALLGADDA,,,,Andhra Pradesh,7-Upper Pr. and Secondary,38-Pvt.Unaided,6 To 10,3-Co-educational,2-Urban,NA,,Allagadda Ward no. 12,Allagadda-Town Panchayat,sri shiridi sai EM hs allagadda,518543,sssalg123[at]gmail[dot]com,https://kys.udiseplus.gov.in/#/schooldetail/4700932/12,4700932,25/06/2021 12:47,2367
******01710 Operational,,SRI SHIRIDI SAI VIDYANIKETHAN UP SCHOOL,,,,Andhra Pradesh,2-Primary with Upper Primary,38-Pvt.Unaided,1 To 7,3-Co-educational,2-Urban,NA,,Dhone Ward No. 14,Dhone(M)-Municipality,Near rly station dhone,518222,ashwinrohith6659[at]gmail[dot]com,https://kys.udiseplus.gov.in/#/schooldetail/4719633/12,4719633,21/04/2023 15:31,2367
******01704 Operational,,SRI SHRIDI SAI EM SCHOOL,,,,Andhra Pradesh,2-Primary with Upper Primary,38-Pvt.Unaided,1 To 7,3-Co-educational,1-Rural,Dhone Alias Dronachalam,Kocheruvu,,,NEAR RLY STATION DHONE,518222,,https://kys.udiseplus.gov.in/#/schooldetail/4701746/12,4701746,21/04/2023 15:31,2367
******01607 Permanently Closed,,SRI SIDDARTHA JR COLLEGE,,,,Andhra Pradesh,11-Higher Secondary only/Jr. College,38-Pvt.Unaided,11 To 12,3-Co-educational,9-NA,NA,,,,NA,523368,,https://kys.udiseplus.gov.in/#/schooldetail/4717506/12,4717506,15/10/2020 12:18,2367
******00704 Operational,,SRI SIVA JYOTHI VIDYA NIKETAN PEAPULLY,,,,Andhra Pradesh,2-Primary with Upper Primary,38-Pvt.Unaided,1 To 7,3-Co-educational,1-Rural,Peapully,Peapally,,,MAIN ROAD PEAPALLY PEAPALLY(VILLAGE) PEAPULLY(MANDAL) KURNOOL(DIST),518221,,https://kys.udiseplus.gov.in/#/schooldetail/4701544/12,4701544,21/04/2023 15:31,2367
******00713 Operational,,SRI SIVASAI ENGTEL MEDIUM PEAPULLY,,,,Andhra Pradesh,2-Primary with Upper Primary,38-Pvt.Unaided,1 To 7,3-Co-educational,1-Rural,Peapully,Peapally,,,PEAPULLY PEAPALLY PEAPALLY(VILLAGE) PEAPULLY(MANDAL) KURNOOL(DIST),518221,,https://kys.udiseplus.gov.in/#/schooldetail/4701552/12,4701552,25/09/2024 11:27,2367
******00625 Sanctioned but not Operational,,SRI SRAVAN EMTM UP SCHOOLSIRVEL,,,,Andhra Pradesh,2-Primary with Upper Primary,38-Pvt.Unaided,1 To 7,3-Co-educational,1-Rural,Sirivel,Sirvel,,,NEAR AMMAVARISALA TEMPLE SIRVEL,518563,srisravane.m.u.p.school.svl[at]gmail[dot]com,https://kys.udiseplus.gov.in/#/schooldetail/4700768/12,4700768,09/05/2022 13:34,2367
******01448 Operational,,SRI SRINIVASA HIGH SCHOOL KOILAKUNTLA,,,,Andhra Pradesh,7-Upper Pr. and Secondary,38-Pvt.Unaided,6 To 10,3-Co-educational,1-Rural,Koilakuntla,Koilkuntla,,,Andhra Pragathi Grameena Bank Road Gandhi Nagar Street Koilakuntla Nandyal 518134,518134,srisrinivasaschool2023[at]gmail[dot]com,https://kys.udiseplus.gov.in/#/schooldetail/4701205/12,4701205,24/12/2025 11:43,2367
******01446 Operational,,SRI SRINIVASA PS KOILAKUNTLA,,,,Andhra Pradesh,1-Primary,38-Pvt.Unaided,1 To 5,3-Co-educational,1-Rural,Koilakuntla,Koilkuntla,,,Andhra Pragathi Grameena Bank Road Gandhi Nagar Street Koilakuntla Nandyal 518134,518134,srisrinivasaschool2023[at]gmail[dot]com,https://kys.udiseplus.gov.in/#/schooldetail/4701203/12,4701203,24/12/2025 11:43,2367
******03134 Operational,,SRISUBRAMANYESWARA UPS,,,,Andhra Pradesh,2-Primary with Upper Primary,38-Pvt.Unaided,1 To 7,3-Co-educational,1-Rural,Banaganapalle,Nandivargam,,,NANDIVARGAM(V) BANAGANAPALLI(M) KURNOOL.518176,518176,ssupschool9[at]gmail[dot]com,https://kys.udiseplus.gov.in/#/schooldetail/4701324/12,4701324,21/04/2023 15:31,2367
******00695 Operational,,SRI SUDHA EM UP SCHOOL,,,,Andhra Pradesh,2-Primary with Upper Primary,38-Pvt.Unaided,1 To 7,3-Co-educational,2-Urban,NA,,Dhone Ward No. 17,Dhone(M)-Municipality,NEAR PR REDDY NAGAR,518222,srisudhaconcept[at]gmail[dot]com,https://kys.udiseplus.gov.in/#/schooldetail/4701696/12,4701696,21/04/2023 15:31,2367
******00113 Operational,,"SRI SUDHA ENGLISH MEDIUM SCHOOL,DHONE",,,,Andhra Pradesh,6-Pr. Up Pr. and Secondary Only,39-Pvt.Unaided (CBSE Syllabus),1 To 10,3-Co-educational,2-Urban,NA,,Dhone Ward No. 3,Dhone(M)-Municipality,Near ayyappa swamy temple,518222,srisudhaschool[at]gmail[dot]com,https://kys.udiseplus.gov.in/#/schooldetail/4720512/12,4720512,21/04/2023 15:31,2367
******00666 Operational,,SRI SUDHA HIGH SCHOO,,,,Andhra Pradesh,7-Upper Pr. and Secondary,38-Pvt.Unaided,6 To 10,3-Co-educational,2-Urban,NA,,Dhone Ward No. 3,Dhone(M)-Municipality,KOTHAPETA DHONE DHONE(VILLAGE) DHONE(MANDAL) KURNOOL(DIST),518222,srisudhaschool[at]gmail[dot]com,https://kys.udiseplus.gov.in/#/schooldetail/4701676/12,4701676,15/10/2020 12:18,2367
******01711 Operational,,SRI SUDHA JUNIOR COLLEGE DHONE,,,,Andhra Pradesh,11-Higher Secondary only/Jr. College,38-Pvt.Unaided,11 To 12,3-Co-educational,2-Urban,NA,,Dhone Ward No. 1,Dhone(M)-Municipality,KOTHAPETADHONE,518222,srisudhajunior[at]gmail[dot]com,https://kys.udiseplus.gov.in/#/schooldetail/4719634/12,4719634,15/10/2020 12:18,2367
******00907 Operational,,SRI SUDHAMI E.M SCHOOL,,,,Andhra Pradesh,2-Primary with Upper Primary,38-Pvt.Unaided,1 To 7,3-Co-educational,1-Rural,Bethamcherla,Rangapuram,,,R.S.RANGAPURAM R.S.RANGAPURAM (VILLAGE) BETHAMCHERLA(MANDAL) KURNOOL(DIST),518598,srisudhamaiupschool96[at]gmail[dot]com,https://kys.udiseplus.gov.in/#/schooldetail/4700166/12,4700166,21/04/2023 15:31,2367
******00663 Operational,,SRI SUDHA PS,,,,Andhra Pradesh,1-Primary,38-Pvt.Unaided,1 To 5,3-Co-educational,2-Urban,NA,,Dhone Ward No. 2,Dhone(M)-Municipality,DHONE NEAR MUKTHESWARALAYAM DHONE(VILLAGE) DHONE(MANDAL) KURNOOL(DIST),518222,srisudhaschool[at]gmail[dot]com,https://kys.udiseplus.gov.in/#/schooldetail/4701674/12,4701674,21/04/2023 15:31,2367
******01707 Operational,,SRI SUDHA VIDYALAYA (EM) HS DHONE,,,,Andhra Pradesh,7-Upper Pr. and Secondary,38-Pvt.Unaided,6 To 10,3-Co-educational,2-Urban,NA,,Dhone Ward No. 18,Dhone(M)-Municipality,NEAR SKP HS DHONE,518222,srisudhavidyalaya[at]gmail[dot]com,https://kys.udiseplus.gov.in/#/schooldetail/4701749/12,4701749,26/06/2021 10:12,2367
******01702 Operational,,SRI SUDHA VIDYALAYA EM SCHOOL,,,,Andhra Pradesh,1-Primary,38-Pvt.Unaided,1 To 5,3-Co-educational,2-Urban,NA,,Dhone Ward No. 18,Dhone(M)-Municipality,NEAR SKPHS DHONE,518222,srisudhavidyalaya[at]gmail[dot]com,https://kys.udiseplus.gov.in/#/schooldetail/4701744/12,4701744,16/06/2023 15:21,2367
******01447 Closed,Closed,"SRI SWAMY VIVEKANANDA EM UP SCHOOL, KOILAKUNTLA",,,,Andhra Pradesh,2-Primary with Upper Primary,38-Pvt.Unaided,1 To 7,3-Co-educational,1-Rural,Koilakuntla,Koilkuntla,,,Koilkuntla,518134,sudhamanohar1972[at]gmail[dot]com,https://kys.udiseplus.gov.in/#/schooldetail/4701204/12,4701204,06/08/2024 22:09,2367
******90238 Operational,,SRI TEJA JUNIOR COLLEGE MAIN RAOD BETAHMCHERLA,,,,Andhra Pradesh,11-Higher Secondary only/Jr. College,38-Pvt.Unaided,11 To 12,3-Co-educational,2-Urban,NA,,Election Ward No.6,BETHAMCHERLA-Town Panchayat,"OLD BUS STAND,BETHAMCHERLA VILLAGE ,BETHAMCHERLA MANDAL.",518599,sritejajrbtc[at]gmail[dot]com,https://kys.udiseplus.gov.in/#/schooldetail/4717433/12,4717433,02/01/2026 11:46,2367
******02105 Operational,,SRI UMAMAHESWARA H S,,,,Andhra Pradesh,7-Upper Pr. and Secondary,38-Pvt.Unaided,6 To 10,3-Co-educational,1-Rural,Banaganapalle,Pathapadu,,,PATHAPADU PATHAPADU PATHAPADU (VILLAGE) BANAGANAPALLI (MANDAL) KURNOOL(DIST),518124,sriumamaheswara9440[at]gmail[dot]com,https://kys.udiseplus.gov.in/#/schooldetail/4701278/12,4701278,24/12/2025 18:02,2367
******02104 Operational,,SRI UMAMAHESWARA PS,,,,Andhra Pradesh,1-Primary,38-Pvt.Unaided,1 To 5,3-Co-educational,1-Rural,Banaganapalle,Pathapadu,,,PATHAPADU PATHAPADU PATHAPADU(VILLAGE) BANAGANAPALLI(MANDAL) KURNOOL(DIST),518124,sriumamaheswara9440[at]gmail[dot]com,https://kys.udiseplus.gov.in/#/schooldetail/4701277/12,4701277,24/12/2025 18:02,2367
******00981 Operational,,SRI VANI EM HIGH SCHOOL NANDIKOTKUR,,,,Andhra Pradesh,7-Upper Pr. and Secondary,38-Pvt.Unaided,6 To 10,3-Co-educational,2-Urban,NA,,Nandikotkur Ward No. 10,Nandikotkur-Town Panchayat,college road Nandikotkur,518401,srivanischool2000[at]gmail[dot]com,https://kys.udiseplus.gov.in/#/schooldetail/4698414/12,4698414,25/06/2021 18:01,2367
******00921 Operational,,SRI VANI EM PRIMARY SCHOOL NANDIKOTKUR,,,,Andhra Pradesh,1-Primary,38-Pvt.Unaided,1 To 5,3-Co-educational,2-Urban,NA,,Nandikotkur Ward No. 10,Nandikotkur-Town Panchayat,4/87 ALLURU ROAD NANDIKOTKUR(M) KURNOOL(DT),518401,srivanischool2000[at]gmail[dot]com,https://kys.udiseplus.gov.in/#/schooldetail/4698374/12,4698374,16/06/2023 15:21,2367
******90236 Operational,,SRI VANI HS BETHAMCHERLA,,,,Andhra Pradesh,7-Upper Pr. and Secondary,38-Pvt.Unaided,6 To 10,3-Co-educational,2-Urban,NA,,Election Ward No.1,BETHAMCHERLA-Town Panchayat,7/44/1 ASAR PETA BETHAMCHERLA,518599,vemulagovidureddy[at]gmail[dot]com,https://kys.udiseplus.gov.in/#/schooldetail/4700195/12,4700195,25/06/2021 17:33,2367
******00616 Operational,,SRI VANI PUBLIC SCHO,,,,Andhra Pradesh,1-Primary,38-Pvt.Unaided,1 To 5,3-Co-educational,2-Urban,NA,,Election Ward No.1,BETHAMCHERLA-Town Panchayat,"ASARPETA BETHAMCHERLA, BETHAMCHERLA(VILLAGE) BETHAMCHERLA(MANDAL) KURNOOL(DIST)",518599,vemulagovidureddy[at]gmail[dot]com,https://kys.udiseplus.gov.in/#/schooldetail/4700147/12,4700147,21/04/2023 15:31,2367
******00810 Operational,,SRIVANI VIDYANIKETAN DORNIPADU,,,,Andhra Pradesh,2-Primary with Upper Primary,38-Pvt.Unaided,1 To 7,3-Co-educational,1-Rural,Dornipadu,Dornipadu,,,DORNIPADU (VILLAGE) DORNIPADU (MANDAL) KURNOOL(DIST),518135,,https://kys.udiseplus.gov.in/#/schooldetail/4699995/12,4699995,21/04/2023 15:31,2367
******00660 Operational,,"SRI VANI VIDYANIKETAN UP SCHOOL, NANDYAL",,,,Andhra Pradesh,1-Primary,38-Pvt.Unaided,1 To 5,3-Co-educational,1-Rural,Nandyal,Kottala,,,AYYALUR VILLAGE,518502,srivaniiscool5[at]gmail[dot]com,https://kys.udiseplus.gov.in/#/schooldetail/4700426/12,4700426,21/04/2023 15:31,2367
******00305 Closed,Closed,SRIVANI VIDYANIKETAN UP SCHOOLS.JUTUR,,,,Andhra Pradesh,2-Primary with Upper Primary,38-Pvt.Unaided,1 To 8,3-Co-educational,1-Rural,Bandi Atmakur,Santhajutur,,,santhajutur village bandiatmakur mandal kurnool pin code 518513,518513,mullahidayathulla566[at]gmail[dot]com,https://kys.udiseplus.gov.in/#/schooldetail/4700328/12,4700328,05/02/2023 21:58,2367
******00615 Operational,,SRIVANI VIDYANIKETAN UPS SIRVEL,,,,Andhra Pradesh,2-Primary with Upper Primary,38-Pvt.Unaided,1 To 7,3-Co-educational,1-Rural,Sirivel,Sirvel,,,RUDRAVARAM ROAD SIRVEL SIRVEL(VILLAGE) SIRVEL(MANDAL) KURNOOL(DIST),518563,bhanuchandra6304[at]gmail[dot]com,https://kys.udiseplus.gov.in/#/schooldetail/4700762/12,4700762,19/09/2024 09:46,2367
******91480 Operational,,Sri Vasavi High School Noonepalli Nandyal,,,,Andhra Pradesh,7-Upper Pr. and Secondary,38-Pvt.Unaided,6 To 10,3-Co-educational,2-Urban,NA,,Nandyal (M) - Ward No.29,Nandyal-Municipality,28/1442/A1/1SADIQ NAGAR,518502,schoolvasavi[at]gmail[dot]com,https://kys.udiseplus.gov.in/#/schooldetail/4700635/12,4700635,15/10/2020 12:18,2367
******00643 Operational,,SRI VASAVI HIGH S DHONE,,,,Andhra Pradesh,7-Upper Pr. and Secondary,38-Pvt.Unaided,6 To 10,3-Co-educational,2-Urban,NA,,Dhone Ward No. 17,Dhone(M)-Municipality,DHONE NEAR OLD BUS STAND DHONE(VILLAGE) DHONE(MANDAL) KURNOOL(DIST),518222,svjc.100[at]gmail[dot]com,https://kys.udiseplus.gov.in/#/schooldetail/4701664/12,4701664,15/10/2020 12:18,2367
******00928 Operational,,SRI VASAVI ORIENTAL UPS ALLAGADDA,,,,Andhra Pradesh,2-Primary with Upper Primary,37-Pvt.Aided Oriental Schools,1 To 7,3-Co-educational,2-Urban,NA,,Allagadda Ward no. 12,Allagadda-Town Panchayat,SHOWKARPETA ALLAGADDA VILLAGE ALLAGADDA KURNOOL,518543,sureygovindarajulu[at]gmail[dot]com,https://kys.udiseplus.gov.in/#/schooldetail/4699785/12,4699785,26/12/2025 08:48,2367
******91491 Operational,,SRI VASAVI PRIMARY SCHOOL,,,,Andhra Pradesh,1-Primary,38-Pvt.Unaided,1 To 5,3-Co-educational,2-Urban,NA,,Nandyal (M) - Ward No.29,Nandyal-Municipality,28/1442/A1/1SADIQ NAGAR,518502,schoolvasavi[at]gmail[dot]com,https://kys.udiseplus.gov.in/#/schooldetail/4712197/12,4712197,21/04/2023 15:31,2367
******00615 Operational,,SRI VASAVI PS-DHONE,,,,Andhra Pradesh,1-Primary,38-Pvt.Unaided,1 To 5,3-Co-educational,2-Urban,NA,,Dhone Ward No. 17,Dhone(M)-Municipality,DHONE NEAR OLD BUS STAND DHONE(VILLAGE) DHONE(MANDAL) KURNOOL(DIST),518222,svjc.100[at]gmail[dot]com,https://kys.udiseplus.gov.in/#/schooldetail/4701647/12,4701647,10/12/2023 10:01,2367
******00614 Operational,,SRI VASAVI VIDYAMAND,,,,Andhra Pradesh,2-Primary with Upper Primary,38-Pvt.Unaided,1 To 7,3-Co-educational,2-Urban,NA,,Election Ward No.10,BETHAMCHERLA-Town Panchayat,"NEAR MAIN BAZAR, BETHAM CHERLA ,BETHAMCHERLA(VILLAGE) BETHAMCHERLA(MANDAL) KURNOOL(DIST)",518599,,https://kys.udiseplus.gov.in/#/schooldetail/4700145/12,4700145,21/04/2023 15:31,2367
******00617 Operational,,SRI VASAVI VIDYA MANDIR UPS (E.MT.M) PALUKUR,,,,Andhra Pradesh,2-Primary with Upper Primary,38-Pvt.Unaided,1 To 7,3-Co-educational,1-Rural,Banaganapalle,Palukur,,,palukuru kurnool road,518176,akuthotarajasekhar[at]gmail[dot]com,https://kys.udiseplus.gov.in/#/schooldetail/4701244/12,4701244,21/04/2023 15:31,2367
******00906 Operational,,SRI VASU VIDYA NIKETAN,,,,Andhra Pradesh,2-Primary with Upper Primary,38-Pvt.Unaided,1 To 7,3-Co-educational,1-Rural,Bethamcherla,Rangapuram,,,R.S.RANGAPURAM R.S.RANGAPURAM (VILLAGE) BETHAMCHERLA(MANDAL) KURNOOL(DIST),518598,vasurajuvidya9985[at]gmail[dot]com,https://kys.udiseplus.gov.in/#/schooldetail/4700165/12,4700165,21/04/2023 15:31,2367
******00939 Permanently Closed,,SRI VENKATESHWARA ALLAGAGADDA,,,,Andhra Pradesh,7-Upper Pr. and Secondary,38-Pvt.Unaided,6 To 10,3-Co-educational,2-Urban,NA,,Allagadda Ward no. 6,Allagadda-Town Panchayat,NA,518543,,https://kys.udiseplus.gov.in/#/schooldetail/4717483/12,4717483,15/10/2020 12:18,2367
******00618 Operational,,SRI VENKATESWARA (EMTM)UP SCHOOL PALUKUR,,,,Andhra Pradesh,2-Primary with Upper Primary,38-Pvt.Unaided,1 To 7,3-Co-educational,1-Rural,Banaganapalle,Palukur,,,PALUKUR VILLAGE BANAGANAPALLE MANDAL KURNOOL DISTRICT,518176,ramuundralla1234[at]gmail[dot]com,https://kys.udiseplus.gov.in/#/schooldetail/4701245/12,4701245,21/04/2023 15:31,2367
******01454 Operational,,SRI VENKATESWARA EM UP SCHOOL PEAPULLY,,,,Andhra Pradesh,2-Primary with Upper Primary,38-Pvt.Unaided,1 To 7,3-Co-educational,1-Rural,Peapully,Peapally,,,NEAR ZPHS PEAPULLY VILL AND MANDAL,518220,svspply[at]gmail[dot]com,https://kys.udiseplus.gov.in/#/schooldetail/4721882/12,4721882,09/09/2024 15:27,2367
******01406 Operational,,SRI VENKATESWARA UPPER PR,,,,Andhra Pradesh,2-Primary with Upper Primary,38-Pvt.Unaided,1 To 7,3-Co-educational,1-Rural,Gospadu,Yalluru,,,M V THIMMA REDDY NAGAR YALLURU YALLURU(VILLAGE) GOSPADU(MANDAL) KURNOOL(DIST),518573,,https://kys.udiseplus.gov.in/#/schooldetail/4701145/12,4701145,19/12/2025 11:04,2367
******00620 Operational,,SRI VENKATESWARA VIDYALAYA KRANTHI NAGAR,,,,Andhra Pradesh,1-Primary,38-Pvt.Unaided,1 To 5,3-Co-educational,2-Urban,NA,,Nandyal (M) - Ward No.22,Nandyal-Municipality,KANTHI NAGARNANDYAL NANDYAL NANDYAL(VILLAGE) NANDYAL(MANDAL) KURNOOL(DIST),518502,meo.nandyal34[at]gmail[dot]com,https://kys.udiseplus.gov.in/#/schooldetail/4700402/12,4700402,16/06/2023 15:21,2367
******01105 Permanently Closed,,SRI VENKATESWARA VIDYA NIKETHAN EM UPS THUDICHERLA,,,,Andhra Pradesh,2-Primary with Upper Primary,38-Pvt.Unaided,1 To 7,3-Co-educational,1-Rural,Jupadu Bungalow,Thudicherla,,,NA,518508,,https://kys.udiseplus.gov.in/#/schooldetail/4698741/12,4698741,15/10/2020 12:18,2367
******01422 Permanently Closed,,SRI VIDYA ENGTEL MED H.S BEHIND SLV TAKIESKKL,,,,Andhra Pradesh,7-Upper Pr. and Secondary,38-Pvt.Unaided,6 To 10,3-Co-educational,1-Rural,Koilakuntla,Koilkuntla,,,NA,518134,,https://kys.udiseplus.gov.in/#/schooldetail/4701187/12,4701187,15/10/2020 12:18,2367
******00418 Sanctioned but not Operational,,SRI VIDYA NIKETAN EM UPS MIDTHUR,,,,Andhra Pradesh,2-Primary with Upper Primary,38-Pvt.Unaided,1 To 7,3-Co-educational,1-Rural,Midthur,Midthur,,,NA,518405,,https://kys.udiseplus.gov.in/#/schooldetail/4717381/12,4717381,09/05/2022 13:33,2367
******00680 Operational,,SRI VIDYANIKETA UPS,,,,Andhra Pradesh,2-Primary with Upper Primary,38-Pvt.Unaided,1 To 7,3-Co-educational,2-Urban,NA,,Dhone Ward No. 4,Dhone(M)-Municipality,DHONE DHONE DHONE(VILLAGE) DHONE(MANDAL) KURNOOL(DIST),518222,meo.dhone[at]gmail[dot]com,https://kys.udiseplus.gov.in/#/schooldetail/4701689/12,4701689,21/04/2023 15:31,2367
******01406 Permanently Closed,,SRI VIDYA P.S BEHIND SLV TAKIES KOILAKUNTLA,,,,Andhra Pradesh,1-Primary,38-Pvt.Unaided,1 To 5,3-Co-educational,1-Rural,Koilakuntla,Koilkuntla,,,NA,518134,,https://kys.udiseplus.gov.in/#/schooldetail/4701171/12,4701171,15/10/2020 12:18,2367
******00980 Operational,,"SRI VIGNANA BHARATHI EM&TM HS, ALLAGADDA",,,,Andhra Pradesh,7-Upper Pr. and Secondary,38-Pvt.Unaided,6 To 10,3-Co-educational,2-Urban,NA,,Allagadda Ward no. 5,Allagadda-Town Panchayat,TB Road Allagadda,518543,nskumaralg[at]gmail[dot]com,https://kys.udiseplus.gov.in/#/schooldetail/4700934/12,4700934,25/06/2021 10:39,2367
******00924 Operational,,SRI VIGNANA BHARATHI UPS ALLAGADDA,,,,Andhra Pradesh,2-Primary with Upper Primary,38-Pvt.Unaided,1 To 7,3-Co-educational,2-Urban,NA,,Allagadda Ward no. 5,Allagadda-Town Panchayat,T B ROAD ALLAGADDA ALLAGADDA(VILLAGE) ALLAGADDA(MANDAL) KURNOOL(DIST),518543,nskumaralg[at]gmail[dot]com,https://kys.udiseplus.gov.in/#/schooldetail/4700897/12,4700897,21/04/2023 15:31,2367
******00990 Operational,,SRI VIGNAN JUNIOR COLLEGE GOVT HOSPITAL ROAD NANDIKOTKUR,,,,Andhra Pradesh,11-Higher Secondary only/Jr. College,38-Pvt.Unaided,11 To 12,3-Co-educational,2-Urban,NA,,Nandikotkur Ward No. 10,Nandikotkur-Town Panchayat,16-171 Govt Hosiptal Road Nandikotkur,518401,vignanjrcollege0[at]gmail[dot]com,https://kys.udiseplus.gov.in/#/schooldetail/4719555/12,4719555,25/06/2021 18:03,2367
******01437 Operational,,SRI VIKAS EMTM HIGH S GUNALAPADU ROAD KKL,,,,Andhra Pradesh,7-Upper Pr. and Secondary,38-Pvt.Unaided,6 To 10,3-Co-educational,1-Rural,Koilakuntla,Koilkuntla,,,GUNJALAPADU ROAD KOILAKUNTLA KOILKUNTLA(VILLAGE) KOILAKUNTLA(MANDAL) KURNOOL(DIST),518134,SRIVIKASHIGHSCHOOLEM[at]GMAIL[dot]COM,https://kys.udiseplus.gov.in/#/schooldetail/4701195/12,4701195,11/05/2022 16:11,2367
******03118 Operational,,SRI VIRATTU GURUKULA VIDY,,,,Andhra Pradesh,2-Primary with Upper Primary,38-Pvt.Unaided,1 To 7,3-Co-educational,1-Rural,Banaganapalle,Banumukkala (Ct),,,BANAGANAPALLE RAVVALAKONDA BANAGANAPALLE(VILLAGE) BANAGANAPALLI(MANDAL) KURNOOL(DIST),518124,srivirattuupschool[at]gmail[dot]com,https://kys.udiseplus.gov.in/#/schooldetail/4701309/12,4701309,21/04/2023 15:31,2367
******00814 Operational,,Sri.Vivekananada UP School Dornipadu,,,,Andhra Pradesh,2-Primary with Upper Primary,38-Pvt.Unaided,1 To 7,3-Co-educational,1-Rural,Dornipadu,Dornipadu,,,DORNIPADU VILLAGE NEAR SACHIVALAYAM,518135,,https://kys.udiseplus.gov.in/#/schooldetail/4699997/12,4699997,21/04/2023 15:31,2367
******90239 Closed,Closed,SRI VIVEKANANDA JUNIOR COLLEGE NEAR BUS STAND BETHAMCHERLA,,,,Andhra Pradesh,11-Higher Secondary only/Jr. College,38-Pvt.Unaided,11 To 12,3-Co-educational,2-Urban,NA,,Election Ward No.3,BETHAMCHERLA-Town Panchayat,"NEAR NEW BUS STAND,BETHAMCHERLA VILLAGE,BETHAMCHERLA MANDAL.NANDYAL DIST",518599,svjc.btc8[at]gmail[dot]com,https://kys.udiseplus.gov.in/#/schooldetail/4717434/12,4717434,06/11/2024 14:06,2367
******00716 Operational,,SRI VIVEKANANDA VIDYA VIHAR HS PAMULAPADU,,,,Andhra Pradesh,7-Upper Pr. and Secondary,38-Pvt.Unaided,6 To 10,3-Co-educational,1-Rural,Pamulapadu,Pamulapadu,,,"pamulapadu,nandyal,518442",518442,svvvhs143[at]gmail[dot]com,https://kys.udiseplus.gov.in/#/schooldetail/4698696/12,4698696,12/12/2023 14:39,2367
******00709 Operational,,SRI VIVEKANANDA VIDYA VIHAR PAMULAPADU,,,,Andhra Pradesh,1-Primary,38-Pvt.Unaided,1 To 5,3-Co-educational,1-Rural,Pamulapadu,Pamulapadu,,,PAMULAPADU PAMULAPADU PAMULAPADU(VILLAGE) PAMULAPADU(MANDAL) KURNOOL(DIST),518442,svvvhs143[at]gmail[dot]com,https://kys.udiseplus.gov.in/#/schooldetail/4697652/12,4697652,21/04/2023 15:31,2367
******01801 Operational,,SRI VYJANTHI UP EM SCHOOL KOLIMIGUNDLA,,,,Andhra Pradesh,2-Primary with Upper Primary,38-Pvt.Unaided,1 To 7,3-Co-educational,1-Rural,Kolimigundla,Kolimigundla,,,NEAR BUS STAND KOLIMIGUNDLA,518124,,,,31/12/2025 14:55,2367
******00308 Operational,,S R K G V A HIGH S,,,,Andhra Pradesh,7-Upper Pr. and Secondary,35-Pvt.Aided,6 To 10,3-Co-educational,1-Rural,Mahanandi,Thimmapuram,,,MAHANANDI THIMMAPURAM THIMMAPURAM(VILLAGE) MAHANANDI(MANDAL) KURNOOL(DIST),518502,srkgvahsmhd[at]gmail[dot]com,https://kys.udiseplus.gov.in/#/schooldetail/4700697/12,4700697,14/05/2022 11:41,2367
******90632 Operational,,S.R.K.V.AIDEDPS S.NAGAR,,,,Andhra Pradesh,1-Primary,35-Pvt.Aided,1 To 5,3-Co-educational,2-Urban,NA,,Nandyal (M) - Ward No.25,Nandyal-Municipality,SANJEEVA NAGAR NANDYAL NANDYAL (M)(VILLAGE) NANDYAL(MANDAL) KURNOOL(DIST),518501,srkvprimaryschool[at]gmail[dot]com,https://kys.udiseplus.gov.in/#/schooldetail/4700525/12,4700525,15/10/2020 12:18,2367
******91539 Operational,,SRKV EM HS SANJEEVA NAGAR NDL,,,,Andhra Pradesh,7-Upper Pr. and Secondary,38-Pvt.Unaided,6 To 10,3-Co-educational,2-Urban,NA,,Nandyal (M) - Ward No.25,Nandyal-Municipality,Sanjeev nagar Nandyal,518501,meo.nandyal34[at]gmail[dot]com,https://kys.udiseplus.gov.in/#/schooldetail/4700678/12,4700678,11/12/2025 13:00,2367
******91538 Operational,,SRKV EM PS SANJEEVA NAGAR NDL,,,,Andhra Pradesh,1-Primary,38-Pvt.Unaided,1 To 5,3-Co-educational,2-Urban,NA,,Nandyal (M) - Ward No.25,Nandyal-Municipality,Sanjeev nagar Nandyal,518501,svdcms[at]gmail[dot]com,https://kys.udiseplus.gov.in/#/schooldetail/4700677/12,4700677,30/08/2024 17:59,2367
******91408 Operational,,S R K V HIGH S SANJEEVA NAGAR,,,,Andhra Pradesh,7-Upper Pr. and Secondary,35-Pvt.Aided,6 To 10,3-Co-educational,2-Urban,NA,,Nandyal (M) - Ward No.25,Nandyal-Municipality,SANJEEVA NAGAR NANDYAL NANDYAL (M)-2(VILLAGE) NANDYAL(MANDAL) KURNOOL(DIST),518501,srkvschool1122[at]gmail[dot]com,https://kys.udiseplus.gov.in/#/schooldetail/4700583/12,4700583,15/10/2020 12:18,2367
******01909 Closed,Closed,SSR UP SCHOOL ALAMUR,,,,Andhra Pradesh,2-Primary with Upper Primary,38-Pvt.Unaided,1 To 7,3-Co-educational,1-Rural,Rudravaram,Alamur,,,ALAMUR RUDRAVARAM KURNOOL 518543,518543,Korrapatirama37[at]gmail[dot]com,https://kys.udiseplus.gov.in/#/schooldetail/4700856/12,4700856,16/12/2023 20:42,2367
******00955 Operational,,SSS EM UP SCHOOL ALLAGADDA,,,,Andhra Pradesh,2-Primary with Upper Primary,38-Pvt.Unaided,1 To 8,3-Co-educational,2-Urban,NA,,Allagadda Ward no. 12,Allagadda-Town Panchayat,SV PALACE ALLGADDA ALLAGADDA(VILLAGE) ALLAGADDA(MANDAL) KURNOOL(DIST),518543,sssalg123[at]gmail[dot]com,https://kys.udiseplus.gov.in/#/schooldetail/4700913/12,4700913,21/04/2023 15:31,2367
******00971 Closed,Closed,ST ANDREWS EM UP SCHOOL ALLAGADDA,,,,Andhra Pradesh,2-Primary with Upper Primary,38-Pvt.Unaided,1 To 7,3-Co-educational,2-Urban,NA,,Allagadda Ward no. 10,Allagadda-Town Panchayat,BRUNDAVAN COLONY ALLAGADDA,518543,nalisudha2020[at]gmail[dot]com,https://kys.udiseplus.gov.in/#/schooldetail/4699816/12,4699816,09/05/2022 13:34,2367
******90216 Operational,,ST.ANNES E.M.HIGH S,,,,Andhra Pradesh,7-Upper Pr. and Secondary,38-Pvt.Unaided,6 To 10,3-Co-educational,2-Urban,NA,,Election Ward No.3,BETHAMCHERLA-Town Panchayat,"NEAR HP PETROL BUNK NANDYALA ROAD ,BETHAMCHERLA KURNOOL DIST",518599,saintannes79[at]gmail[dot]com,https://kys.udiseplus.gov.in/#/schooldetail/4700182/12,4700182,01/08/2022 16:44,2367
******90206 Operational,,ST. ANNES E/M P S,,,,Andhra Pradesh,1-Primary,38-Pvt.Unaided,1 To 5,3-Co-educational,2-Urban,NA,,Election Ward No.3,BETHAMCHERLA-Town Panchayat,"NEAR HP PETROL BUNK NANDYALA ROAD, BETHAMCHERLA KURNOOL DIST",518599,saintannes79[at]gmail[dot]com,https://kys.udiseplus.gov.in/#/schooldetail/4700175/12,4700175,16/06/2023 15:21,2367
******00919 Operational,,ST ANNES EM PS ALLAGADDA,,,,Andhra Pradesh,1-Primary,38-Pvt.Unaided,1 To 5,3-Co-educational,2-Urban,NA,,Allagadda Ward no. 17,Allagadda-Town Panchayat,LINGAMDINNA ROAD ALLAGADDA ALLAGADDA(VILLAGE) ALLAGADDA(MANDAL) KURNOOL(DIST),518543,stannesalg[at]gmail[dot]com,https://kys.udiseplus.gov.in/#/schooldetail/4700894/12,4700894,26/12/2025 09:27,2367
******01787 Operational,,ST ANNE'S EM SCHOOL DANIELPURAM NANDYAL,,,,Andhra Pradesh,2-Primary with Upper Primary,38-Pvt.Unaided,1 To 7,3-Co-educational,2-Urban,Nandyal,,Nandyal Ward No. 35,Nandyal-Municipality,DANIELPURAM NEW ST JOSEPH SCHOOL NANDYAL,518501,,,,26/12/2025 16:01,2367
******01511 Operational,,ST.ANNES ENG S,,,,Andhra Pradesh,1-Primary,38-Pvt.Unaided,1 To 5,3-Co-educational,1-Rural,Chagalamarri,Chagalamarri,,,"Near request stop kurnool-kadapa road, Chagalamarri",518553,stannescmi[at]gmail[dot]com,https://kys.udiseplus.gov.in/#/schooldetail/4701010/12,4701010,21/04/2023 15:31,2367
******01521 Operational,,ST ANNES HIGH S,,,,Andhra Pradesh,7-Upper Pr. and Secondary,38-Pvt.Unaided,6 To 10,3-Co-educational,1-Rural,Chagalamarri,Chagalamarri,,,"Near request stop, kurnool-kadapa road, chagalamarri",518553,stannescmi[at]gmail[dot]com,https://kys.udiseplus.gov.in/#/schooldetail/4701017/12,4701017,11/05/2022 17:30,2367
******00943 Operational,,S T ANNES HIGH SCHOOL ALLAGADDA,,,,Andhra Pradesh,7-Upper Pr. and Secondary,38-Pvt.Unaided,6 To 10,3-Co-educational,2-Urban,NA,,Allagadda Ward no. 17,Allagadda-Town Panchayat,LINGAMDINNE ROAD ALLAGADDA ALLAGADDA(VILLAGE) ALLAGADDA(MANDAL) KURNOOL(DIST),518543,stannesalg[at]gmail[dot]com,https://kys.udiseplus.gov.in/#/schooldetail/4700909/12,4700909,26/12/2025 09:28,2367
******00709 Operational,,ST ANNS MANOVIKASA KENDRA GOPAVARAM,,,,Andhra Pradesh,6-Pr. Up Pr. and Secondary Only,44-Pvt.Unaided (Mentally Retarded),1 To 9,3-Co-educational,1-Rural,Mahanandi,Gopavaram,,,GOPAVARAM MAHANANDI NANDYAL 518583,518583,stannsgopavaram01[at]gmail[dot]com,https://kys.udiseplus.gov.in/#/schooldetail/4700717/12,4700717,01/03/2024 13:28,2367
******00207 Closed,Closed,ST.ANNS RCM HS (EM & TM) UPPALADADIYA,,,,Andhra Pradesh,7-Upper Pr. and Secondary,38-Pvt.Unaided,6 To 10,3-Co-educational,1-Rural,Midthur,Masapeta,,,UPPLADADIAYA MASAPETA VILL MIDTHUR MANDAL KURNOOL DT 518452,518452,stannsconventuppaladadiya[at]gmail[dot]com,https://kys.udiseplus.gov.in/#/schooldetail/4698754/12,4698754,26/06/2021 10:17,2367
******00206 Permanently Closed,,ST.ANNS RCMPS (EM & TM) UPPALADADIYA,,,,Andhra Pradesh,1-Primary,38-Pvt.Unaided,1 To 5,3-Co-educational,1-Rural,Midthur,Masapeta,,,NA,518452,,https://kys.udiseplus.gov.in/#/schooldetail/4717380/12,4717380,15/10/2020 12:18,2367
******01907 Operational,,S.T.ASHRAMAM SCHOOL(G) SEETAMA THANDA PEAPULLY,,,,Andhra Pradesh,6-Pr. Up Pr. and Secondary Only,29-TW DEPT. ASHRAM SCHOOLS,3 To 10,2-Girls,1-Rural,Peapully,Burugula,,,SEETAMMA THANDA BURUGULA BURUGULA(VILLAGE) PEAPULLY(MANDAL) KURNOOL(DIST),518220,,https://kys.udiseplus.gov.in/#/schooldetail/4701617/12,4701617,22/07/2024 15:53,2367
******91422 Operational,,ST JOHNS E/M H.S SANJEEVA NAGAR,,,,Andhra Pradesh,7-Upper Pr. and Secondary,38-Pvt.Unaided,6 To 10,3-Co-educational,2-Urban,NA,,Nandyal Ward No. 36,Nandyal-Municipality,SANJEEVA NAGAR NANDYAL NANDYAL (M)-2(VILLAGE) NANDYAL(MANDAL) KURNOOL(DIST),518501,emmanuelraju26[at]gmail[dot]com,https://kys.udiseplus.gov.in/#/schooldetail/4700593/12,4700593,15/10/2020 12:18,2367
******01838 Operational,,ST JOHN'S EM SCHOOL UPPALADADIYA MIDTHUR,,,,Andhra Pradesh,1-Primary,38-Pvt.Unaided,1 To 5,3-Co-educational,1-Rural,Midthur,Masapeta,,,UPPALADADIYA VILLAGE MASAPETA MIDTHUR MANDAL,518502,,,,11/12/2025 12:54,2367
******90643 Operational,,ST JOHNS E.M S SANJEEVA NAGAR,,,,Andhra Pradesh,1-Primary,38-Pvt.Unaided,1 To 5,3-Co-educational,2-Urban,NA,,Nandyal (M) - Ward No.25,Nandyal-Municipality,SANJEEVANAGAR NANDYAL NANDYAL (M)(VILLAGE) NANDYAL(MANDAL) KURNOOL(DIST),518501,emmanuelraju26[at]gmail[dot]com,https://kys.udiseplus.gov.in/#/schooldetail/4700533/12,4700533,21/04/2023 15:31,2367
******00105 Operational,,ST.JOHN`S UP E.M. POLUR,,,,Andhra Pradesh,2-Primary with Upper Primary,38-Pvt.Unaided,1 To 7,3-Co-educational,1-Rural,Nandyal,Polur,,,POLUR POLUR POLUR(VILLAGE) NANDYAL(MANDAL) KURNOOL(DIST),518511,,https://kys.udiseplus.gov.in/#/schooldetail/4700390/12,4700390,21/04/2023 15:31,2367
******01452 Operational,,ST.JOSEPH EM PS,,,,Andhra Pradesh,1-Primary,38-Pvt.Unaided,1 To 5,3-Co-educational,1-Rural,Koilakuntla,Koilkuntla,,,St Joseph School nandyal road koilkuntla,518134,stjsphs[at]gmail[dot]com,https://kys.udiseplus.gov.in/#/schooldetail/4701215/12,4701215,12/12/2023 10:49,2367
******90668 Operational,,ST JOSEPH ENGLISH MEDIUM SCHOOL DANIEL PURAM,,,,Andhra Pradesh,2-Primary with Upper Primary,35-Pvt.Aided,1 To 7,3-Co-educational,2-Urban,NA,,Nandyal Ward No. 35,Nandyal-Municipality,DANIEL PURAM NANDYAL NANDYAL (M)(VILLAGE) NANDYAL(MANDAL) KURNOOL(DIST),518501,saintjoseph.nandyal[at]gmail[dot]com,https://kys.udiseplus.gov.in/#/schooldetail/4700557/12,4700557,12/03/2024 12:49,2367
******00203 Operational,,ST JOSEPH H S PEDDAKOTTALA,,,,Andhra Pradesh,7-Upper Pr. and Secondary,35-Pvt.Aided,6 To 10,3-Co-educational,1-Rural,Nandyal,Kottala,,,PEDDAKOTTALA(VILLAGE) NANDYAL(MANDAL) NANDYALL(DIST),518502,stjosephshspk[at]gmail[dot]com,https://kys.udiseplus.gov.in/#/schooldetail/4700394/12,4700394,15/12/2023 10:18,2367
******00696 Permanently Closed,,ST. JOSEPH SCHOOL,,,,Andhra Pradesh,1-Primary,38-Pvt.Unaided,1 To 5,3-Co-educational,2-Urban,NA,,Dhone Ward No. 20,Dhone(M)-Municipality,NA,518222,,https://kys.udiseplus.gov.in/#/schooldetail/4701697/12,4701697,15/10/2020 12:18,2367
******01202 Operational,,ST.JOSEPHS ELE S P.OTTALA,,,,Andhra Pradesh,1-Primary,35-Pvt.Aided,1 To 5,3-Co-educational,1-Rural,Nandyal,Kottala,,,P.KOTTALA(VILLAGE) NANDYAL(MANDAL) KURNOOL(DIST),518502,josephvani80[at]gmail[dot]com,https://kys.udiseplus.gov.in/#/schooldetail/4700453/12,4700453,19/09/2024 19:53,2367
******01788 Operational,,ST JOSEPH'S EM PRIMARY SCHOOL,,,,Andhra Pradesh,1-Primary,38-Pvt.Unaided,1 To 5,3-Co-educational,1-Rural,Nandyal,Kottala,,,PEDDA KOTTALA NANDYAL,518502,,,,26/12/2025 16:14,2367
******91405 Operational,,ST JOSEPHS GIRLS H SCHOOL DANIEL PURAM,,,,Andhra Pradesh,7-Upper Pr. and Secondary,35-Pvt.Aided,6 To 10,2-Girls,2-Urban,NA,,Nandyal Ward No. 35,Nandyal-Municipality,DANIEL PURAM NANDYAL NANDYAL (M)-2(VILLAGE) NANDYAL(MANDAL) KURNOOL(DIST),518501,stjoseph_nandyal[at]yahoo[dot]com,https://kys.udiseplus.gov.in/#/schooldetail/4700579/12,4700579,15/10/2020 12:18,2367
******01800 Operational,,ST. JOSEPH'S HIGH SCHOOL (CBSE) KOILAKUNTLA,,,,Andhra Pradesh,6-Pr. Up Pr. and Secondary Only,39-Pvt.Unaided (CBSE Syllabus),1 To 10,3-Co-educational,1-Rural,Koilakuntla,Koilkuntla,,,NEAR MPDO OFFICE NANDYAL KOILAKUNTLA ROAD KOILAKUNTLA,518134,,,,11/12/2025 12:53,2367
******01453 Operational,,ST.JOSEPH'S HIGH SCHOOL KOILKUNTLA,,,,Andhra Pradesh,7-Upper Pr. and Secondary,38-Pvt.Unaided,6 To 10,3-Co-educational,1-Rural,Koilakuntla,Koilkuntla,,,Nandyal road koilkuntla,518134,stjsphs[at]gmail[dot]com,https://kys.udiseplus.gov.in/#/schooldetail/4701216/12,4701216,24/02/2025 11:02,2367
******01421 Closed,Closed,"ST JOSEPHS HS, KOILAKUNTLA",,,,Andhra Pradesh,7-Upper Pr. and Secondary,35-Pvt.Aided,6 To 10,3-Co-educational,1-Rural,Koilakuntla,Koilkuntla,,,KOILKUNTLA(VILLAGE) KOILAKUNTLA(MANDAL) KURNOOL(DIST),518134,stjsphs[at]gmail[dot]com,https://kys.udiseplus.gov.in/#/schooldetail/4701186/12,4701186,10/05/2022 12:46,2367
******01404 Closed,Closed,"ST.JOSEPHS P S,KOILAKUNTLA",,,,Andhra Pradesh,1-Primary,38-Pvt.Unaided,1 To 5,3-Co-educational,1-Rural,Koilakuntla,Koilkuntla,,,SWAMY NAGAR KOILAKUNTLA KOILKUNTLA(VILLAGE) KOILAKUNTLA(MANDAL) KURNOOL(DIST),518134,,https://kys.udiseplus.gov.in/#/schooldetail/4701170/12,4701170,19/08/2024 10:27,2367
******00653 Permanently Closed,,ST.JOSPEH EM SCHOOL DHONE,,,,Andhra Pradesh,2-Primary with Upper Primary,38-Pvt.Unaided,1 To 7,3-Co-educational,1-Rural,Dhone Alias Dronachalam,Chinna Malkapuram,,,NA,518222,,https://kys.udiseplus.gov.in/#/schooldetail/4717523/12,4717523,15/10/2020 12:18,2367
******90634 Operational,,ST.MARY FATHIMA PRIMARY S,,,,Andhra Pradesh,1-Primary,35-Pvt.Aided,1 To 5,3-Co-educational,2-Urban,NA,,Nandyal (M) - Ward No.2,Nandyal-Municipality,KURUVAPETA NANDYAL NANDYAL (M)(VILLAGE) NANDYAL(MANDAL) KURNOOL(DIST),518501,amudhalamatampadmavathi[at]gmail[dot]com,https://kys.udiseplus.gov.in/#/schooldetail/4699401/12,4699401,15/10/2020 12:18,2367
******01011 Operational,,ST.MARY PS SC COLONY OWK,,,,Andhra Pradesh,1-Primary,38-Pvt.Unaided,1 To 5,3-Co-educational,1-Rural,Owk,Owk,,,SC COLONY OWK OWK(VILLAGE) OWK(MANDAL) KURNOOL(DIST),518122,stmarysschool2001[at]gmail[dot]com,https://kys.udiseplus.gov.in/#/schooldetail/4701493/12,4701493,21/04/2023 15:31,2367
******91406 Operational,,ST MARYS FATIMA HIGH SCHOOL CHAND BADA,,,,Andhra Pradesh,7-Upper Pr. and Secondary,35-Pvt.Aided,6 To 10,3-Co-educational,2-Urban,NA,,Nandyal (M) - Ward No.4,Nandyal-Municipality,CHAND BADA NANDYAL NANDYAL (M)-2(VILLAGE) NANDYAL(MANDAL) KURNOOL(DIST),518501,stmfhsndl[at]gmai[dot]com,https://kys.udiseplus.gov.in/#/schooldetail/4700580/12,4700580,15/10/2020 12:18,2367
******01019 Operational,,"ST.MARYS HIGH SCHOOL,OWK",,,,Andhra Pradesh,7-Upper Pr. and Secondary,38-Pvt.Unaided,6 To 10,3-Co-educational,1-Rural,Owk,Owk,,,OWK OWK OWK(VILLAGE) OWK(MANDAL) KURNOOL(DIST),518122,stmarysschool2001[at]gmail[dot]com,https://kys.udiseplus.gov.in/#/schooldetail/4701496/12,4701496,11/05/2022 15:03,2367
******00942 Operational,,ST.MARYS H.S COLLEGE ROAD NANDIKOTKUR,,,,Andhra Pradesh,7-Upper Pr. and Secondary,38-Pvt.Unaided,6 To 10,3-Co-educational,2-Urban,NA,,Nandikotkur Ward No. 10,Nandikotkur-Town Panchayat,NANDI KOTKUR COLLEGE ROAD NANDI KOTKUR(VILLAGE) NANDIKOTKUR(MANDAL) KURNOOL(DIST),518401,stmary669[at]gmail[dot]com,https://kys.udiseplus.gov.in/#/schooldetail/4698388/12,4698388,15/10/2020 12:18,2367
******00915 Operational,,ST.MARYS H.S COLLEGE ROAD NDK,,,,Andhra Pradesh,1-Primary,38-Pvt.Unaided,1 To 5,3-Co-educational,2-Urban,NA,,Nandikotkur Ward No. 10,Nandikotkur-Town Panchayat,NANDI KOTKUR COLLEGE ROAD NANDI KOTKUR(VILLAGE) NANDIKOTKUR(MANDAL) KURNOOL(DIST),518401,stmary669[at]gmail[dot]com,https://kys.udiseplus.gov.in/#/schooldetail/4698369/12,4698369,16/06/2023 15:21,2367
******90665 Operational,,ST PAULS COMMITTEE AIDEDPS SADIQ NAGAR,,,,Andhra Pradesh,1-Primary,35-Pvt.Aided,1 To 5,3-Co-educational,2-Urban,NA,,Nandyal (M) - Ward No.28,Nandyal-Municipality,SADIQNAGAR NANDYAL NANDYAL (M)(VILLAGE) NANDYAL(MANDAL) KURNOOL(DIST),518502,kumarimeenavasantha[at]gmail[dot]com,https://kys.udiseplus.gov.in/#/schooldetail/4700549/12,4700549,12/03/2024 11:24,2367
******00318 Operational,,"ST PAULS EM HIGH SCHOOL, GADIVEMULA",,,,Andhra Pradesh,7-Upper Pr. and Secondary,38-Pvt.Unaided,6 To 10,3-Co-educational,1-Rural,Gadivemula,Gadivemula,,,GADIVEMULA VILLAGE NANDYALA DISTRICT,518508,schoolsgadivemula[at]gmail[dot]com,https://kys.udiseplus.gov.in/#/schooldetail/4700287/12,4700287,11/12/2023 10:41,2367
******00312 Operational,,ST PAULS EM PRIMARY SCHOOL GADIVEMULA,,,,Andhra Pradesh,1-Primary,38-Pvt.Unaided,1 To 5,3-Co-educational,1-Rural,Gadivemula,Gadivemula,,,GADIVEMULA (VILLAGE) GADIVEMULA (MANDAL) NANDYALA(DIST),518508,stpaulschoolgadi[at]gmail[dot]com,https://kys.udiseplus.gov.in/#/schooldetail/4700282/12,4700282,11/12/2023 10:14,2367
******90670 Closed,Closed,STRUNGER MEMORIEL AIDED ELE.SCHOOL DEVANAGAR,,,,Andhra Pradesh,2-Primary with Upper Primary,35-Pvt.Aided,1 To 7,3-Co-educational,2-Urban,NA,,Nandyal (M) - Ward No.24,Nandyal-Municipality,DEVANAGAR NANDYAL NANDYAL (M)(VILLAGE) NANDYAL(MANDAL) KURNOOL(DIST),518502,,https://kys.udiseplus.gov.in/#/schooldetail/4700559/12,4700559,09/05/2022 16:38,2367
******01605 Operational,,ST.THOMAS E.M SCHOOL NARSAPURAM,,,,Andhra Pradesh,2-Primary with Upper Primary,38-Pvt.Unaided,1 To 8,3-Co-educational,1-Rural,Rudravaram,Narasapuram,,,NARASAPURAM VILLAGE RUDRAVARAM MANDAL ALLAGADDA TALUK KURNOOL DIST ANDHRA PRADESH,518543,narasapurammission[at]gmail[dot]com,https://kys.udiseplus.gov.in/#/schooldetail/4700838/12,4700838,24/12/2025 11:21,2367
******01807 Operational,,ST THOMAS MARTHOMA EM HS NARSAPURAM RUDRAVARAM(M),,,,Andhra Pradesh,7-Upper Pr. and Secondary,38-Pvt.Unaided,6 To 10,3-Co-educational,1-Rural,Rudravaram,Narasapuram,,,NARASAPURAM VILLAGE RUDRAVARAM MANDAL ALLAGADDA TALUK KURNOOL DIST ANDHRA PRADESH,518543,narasapurammission[at]gmail[dot]com,https://kys.udiseplus.gov.in/#/schooldetail/4700850/12,4700850,24/12/2025 11:22,2367
******00610 Closed,Closed,SUCCESS PUBLIC SCHOOL AR COLONY PANYAM,,,,Andhra Pradesh,2-Primary with Upper Primary,38-Pvt.Unaided,1 To 7,3-Co-educational,1-Rural,Panyam,Panyam,,,PANYAM A R COLONY PANYAM(VILLAGE) PANYAM(MANDAL) KURNOOL(DIST),518112,-successschoolpanyam[at]gmail[dot]com,https://kys.udiseplus.gov.in/#/schooldetail/4700228/12,4700228,05/02/2023 22:00,2367
******90220 Operational,,SUMEDHA ED ACADAMY,,,,Andhra Pradesh,7-Upper Pr. and Secondary,38-Pvt.Unaided,6 To 10,3-Co-educational,2-Urban,NA,,Election Ward No.2,BETHAMCHERLA-Town Panchayat,"MAIN ROAD BETHAMCHERLA, BETHAMCHERLA(VILLAGE) BETHAMCHERLA(MANDAL) KURNOOL(DIST)",518599,sumedhaschools[at]gmail[dot]com,https://kys.udiseplus.gov.in/#/schooldetail/4700186/12,4700186,01/08/2022 16:43,2367
******90218 Operational,,SUMEDHA EDUCATIONAL,,,,Andhra Pradesh,6-Pr. Up Pr. and Secondary Only,38-Pvt.Unaided,1 To 10,3-Co-educational,2-Urban,NA,,Election Ward No.2,BETHAMCHERLA-Town Panchayat,"MAIN ROAD BETHAMCHERLA ,BETHAMCHERLA(VILLAGE) BETHAMCHERLA(MANDAL) KURNOOL(DIST)",518599,sumedhaschools[at]gmail[dot]com,https://kys.udiseplus.gov.in/#/schooldetail/4700184/12,4700184,16/06/2023 15:21,2367
******00364 Operational,,SUNITHA VOCATIONAL JUNIOR COLLEGE NANDYAL,,,,Andhra Pradesh,11-Higher Secondary only/Jr. College,38-Pvt.Unaided,11 To 12,3-Co-educational,2-Urban,NA,,Nandyal (M) - Ward No.12,Nandyal-Municipality,RK COLOR LAB OSTER SREENIVASA NAGAR,518501,sunithacollege752[at]gmail[dot]com,https://kys.udiseplus.gov.in/#/schooldetail/4720778/12,4720778,27/12/2025 16:23,2367
******00801 Operational,,SUNRISE EM HS SAI BABA NAGAR NDL,,,,Andhra Pradesh,7-Upper Pr. and Secondary,38-Pvt.Unaided,6 To 10,3-Co-educational,2-Urban,NA,,Nandyal (M) - Ward No.28,Nandyal-Municipality,Sai baba nagar,518502,sunrisepublicschool02[at]gmail[dot]com,https://kys.udiseplus.gov.in/#/schooldetail/4700435/12,4700435,29/12/2023 09:51,2367
******91537 Permanently Closed,,SUNRISE EM UPS SAIBABANAGR NDL,,,,Andhra Pradesh,2-Primary with Upper Primary,38-Pvt.Unaided,1 To 7,3-Co-educational,2-Urban,NA,,Nandyal (M) - Ward No.28,Nandyal-Municipality,NA,518501,,https://kys.udiseplus.gov.in/#/schooldetail/4717468/12,4717468,15/10/2020 12:18,2367
******91434 Operational,,"SUNRISE PS, SAI BABA NAGAR COLONY",,,,Andhra Pradesh,1-Primary,38-Pvt.Unaided,1 To 5,3-Co-educational,2-Urban,NA,,Nandyal (M) - Ward No.28,Nandyal-Municipality,SRBC. COLONY NANDYAL NANDYAL (M)-2(VILLAGE) NANDYAL(MANDAL) KURNOOL(DIST),518501,sunrisepublicschool02[at]gmail[dot]com,https://kys.udiseplus.gov.in/#/schooldetail/4700602/12,4700602,29/12/2023 09:50,2367
******03112 Operational,,S V CHAITANYA ELEMENTARY SCHOOL,,,,Andhra Pradesh,1-Primary,38-Pvt.Unaided,1 To 5,3-Co-educational,1-Rural,Banaganapalle,Banaganapalle (Ct),,,BANAGANAPALLE BANAGANAPALLI BANAGANAPALLE(VILLAGE) BANAGANAPALLI(MANDAL) KURNOOL(DIST),518124,svchschool1993[at]gmail[dot]com,https://kys.udiseplus.gov.in/#/schooldetail/4701307/12,4701307,10/09/2024 10:52,2367
******03127 Operational,,S V CHAITANYA HIGH SCHOOL BANAGANAPALLI,,,,Andhra Pradesh,7-Upper Pr. and Secondary,38-Pvt.Unaided,6 To 10,3-Co-educational,1-Rural,Banaganapalle,Banaganapalle (Ct),,,BANAGANAPALLE EDGA NAGAR BANAGANAPALLE(VILLAGE) BANAGANAPALLI(MANDAL) KURNOOL(DIST),518124,svchschool1993[at]gmail[dot]com,https://kys.udiseplus.gov.in/#/schooldetail/4701318/12,4701318,10/09/2024 10:50,2367
******00305 Operational,,S V G AIDIDPS MAHANANDI,,,,Andhra Pradesh,1-Primary,38-Pvt.Unaided,1 To 5,3-Co-educational,1-Rural,Mahanandi,Thimmapuram,,,MAHANANDI THIMMAPURAM THIMMAPURAM(VILLAGE) MAHANANDI(MANDAL) KURNOOL(DIST),518502,vgvhsmahanandi[at]gmail[dot]com,https://kys.udiseplus.gov.in/#/schooldetail/4700695/12,4700695,14/05/2022 11:41,2367
******00613 Operational,,S V H C ELE S DHONE,,,,Andhra Pradesh,1-Primary,38-Pvt.Unaided,1 To 5,3-Co-educational,2-Urban,NA,,Dhone Ward No. 9,Dhone(M)-Municipality,DHONE 26th WARD SIGARAMANIPETA GOOTY ROAD DHONE(VILLAGE) DHONE(MANDAL) KURNOOL(DIST),518222,malkarirameshrao[at]gmail[dot]com,https://kys.udiseplus.gov.in/#/schooldetail/4701646/12,4701646,21/03/2024 15:54,2367
******00641 Closed,Closed,S V H C HIGH S DHONE,,,,Andhra Pradesh,7-Upper Pr. and Secondary,35-Pvt.Aided,6 To 10,3-Co-educational,2-Urban,NA,,Dhone Ward No. 9,Dhone(M)-Municipality,DHONE SIGARAMANIPETA GOOTY ROAD DHONE(VILLAGE) DHONE(MANDAL) KURNOOL(DIST),518222,ksnrksnr893[at]gmail[dot]com,https://kys.udiseplus.gov.in/#/schooldetail/4701663/12,4701663,06/02/2023 17:23,2367
******03142 Operational,,S V JUNIOR COLLEGE BANAGANAPALLI,,,,Andhra Pradesh,11-Higher Secondary only/Jr. College,38-Pvt.Unaided,11 To 12,3-Co-educational,1-Rural,Banaganapalle,Banaganapalle (Ct),,,PENDEKANTI NAGAR BANAGANAPALLI,518124,svjuniorcollege10259[at]gmail[dot]com,https://kys.udiseplus.gov.in/#/schooldetail/4719624/12,4719624,11/05/2022 12:22,2367
******01418 Operational,,SVP VIKAS PRI. SCHOOL GUNJAPADU ROAD KKL,,,,Andhra Pradesh,1-Primary,38-Pvt.Unaided,1 To 5,3-Co-educational,1-Rural,Koilakuntla,Koilkuntla,,,GUNJALAPADU ROAD KOILAKUNTLA KOILKUNTLA(VILLAGE) KOILAKUNTLA(MANDAL) KURNOOL(DIST),518134,srivikashighschoolem[at]gmail[dot]com,https://kys.udiseplus.gov.in/#/schooldetail/4701183/12,4701183,24/12/2023 09:18,2367
******00973 Closed,Closed,SVR EM UP SCHOOL ALLAGADDA,,,,Andhra Pradesh,2-Primary with Upper Primary,38-Pvt.Unaided,1 To 7,3-Co-educational,2-Urban,NA,,Allagadda Ward no. 17,Allagadda-Town Panchayat,S V R EM UP SCHOOL ALLAGADDA,518543,prasanthichaduvula2[at]gmail[dot]com,https://kys.udiseplus.gov.in/#/schooldetail/4700928/12,4700928,05/02/2026 19:26,2367
******91463 Operational,,SWAMY VIVEKANANDA VIDYALAYA HS,,,,Andhra Pradesh,7-Upper Pr. and Secondary,38-Pvt.Unaided,6 To 10,3-Co-educational,2-Urban,NA,,Nandyal (M) - Ward No.29,Nandyal-Municipality,SBI COLONY NANDYAL NANDYAL NANDYAL(MANDAL) KURNOOL(DIST),518502,swamischool[at]gmail[dot]com,https://kys.udiseplus.gov.in/#/schooldetail/4700627/12,4700627,15/10/2020 12:18,2367
******91436 Operational,,SWAMY VIVEKANANDA VIDYALAYA SBI COLONY,,,,Andhra Pradesh,1-Primary,38-Pvt.Unaided,1 To 5,3-Co-educational,2-Urban,NA,,Nandyal (M) - Ward No.29,Nandyal-Municipality,S.B.I. COLONY NANDYAL NANDYAL (M)-2(VILLAGE) NANDYAL(MANDAL) KURNOOL(DIST),518501,singari1989[at]gmail[dot]com,https://kys.udiseplus.gov.in/#/schooldetail/4700604/12,4700604,16/06/2023 15:21,2367
******00669 Permanently Closed,,TAGORE JR COLLEGE,,,,Andhra Pradesh,11-Higher Secondary only/Jr. College,38-Pvt.Unaided,11 To 12,3-Co-educational,2-Urban,NA,,Nandyal (M) - Ward No.30,Nandyal-Municipality,NA,518501,,https://kys.udiseplus.gov.in/#/schooldetail/4717450/12,4717450,15/10/2020 12:18,2367
******90663 Operational,,TAGORE MPLPS NONNEPALLE,,,,Andhra Pradesh,1-Primary,34-MUNCIPAL,1 To 5,3-Co-educational,2-Urban,NA,,Nandyal (M) - Ward No.28,Nandyal-Municipality,NOONEPALLE NANDYAL NANDYAL (M)(VILLAGE) NANDYAL(MANDAL) KURNOOL(DIST),518502,nagasarapuramana[at]gmail[dot]com,https://kys.udiseplus.gov.in/#/schooldetail/4700547/12,4700547,15/10/2020 12:18,2367
******01014 Operational,,THE ADITYA BIRLA PUBLIC SCHOOL,,,,Andhra Pradesh,3-Pr. with Up.Pr. Sec. and H.Sec.,39-Pvt.Unaided (CBSE Syllabus),1 To 12,3-Co-educational,1-Rural,Kolimigundla,Thummalapenta,,,ANKIREDDIPALLI THUMMALAPENTA THUMMALAPENTA(VILLAGE) KOLIMIGUNDLA(MANDAL) KURNOOL(DIST),518123,schoolapcw[at]adityabirla[dot]com,https://kys.udiseplus.gov.in/#/schooldetail/4701436/12,4701436,31/12/2025 16:05,2367
******91449 Operational,,THE CAMPUS UP S NANDYAL,,,,Andhra Pradesh,2-Primary with Upper Primary,38-Pvt.Unaided,1 To 7,3-Co-educational,2-Urban,NA,,Nandyal (M) - Ward No.4,Nandyal-Municipality,H.NO:17-144 NANDYAL NANDYAL (M)-2(VILLAGE) NANDYAL(MANDAL) KURNOOL(DIST),518501,,https://kys.udiseplus.gov.in/#/schooldetail/4700614/12,4700614,21/04/2023 15:31,2367
******00621 Operational,,THE GELIVIS V.V. PS TEKKE,,,,Andhra Pradesh,1-Primary,38-Pvt.Unaided,1 To 5,3-Co-educational,2-Urban,NA,,Nandyal (M) - Ward No.14,Nandyal-Municipality,TEKKE NANDYAL NANDYAL(VILLAGE) NANDYAL(MANDAL) KURNOOL(DIST),518502,gelivischool[at]gmail[dot]com,https://kys.udiseplus.gov.in/#/schooldetail/4700403/12,4700403,21/04/2023 15:31,2367
******91441 Operational,,THE GOOD DAY E.S SAIBABA NAGAR,,,,Andhra Pradesh,1-Primary,38-Pvt.Unaided,1 To 5,3-Co-educational,2-Urban,NA,,Nandyal (M) - Ward No.26,Nandyal-Municipality,SAIBABA NAGAR NANDYAL NANDYAL (M)-2(VILLAGE) NANDYAL(MANDAL) KURNOOL(DIST),518502,,https://kys.udiseplus.gov.in/#/schooldetail/4700608/12,4700608,21/04/2023 15:31,2367
******91445 Operational,,THE GOOD DAY H.S SAIBABA NAGAR,,,,Andhra Pradesh,7-Upper Pr. and Secondary,38-Pvt.Unaided,6 To 10,3-Co-educational,2-Urban,NA,,Nandyal (M) - Ward No.26,Nandyal-Municipality,SAIBABA NAGAR NANDYAL NANDYAL (M)-2(VILLAGE) NANDYAL(MANDAL) KURNOOL(DIST),518502,,https://kys.udiseplus.gov.in/#/schooldetail/4700611/12,4700611,15/10/2020 12:18,2367
******91424 Operational,,THE NANDYAL PUBLIC SCHOOL KOTHAPALLI,,,,Andhra Pradesh,3-Pr. with Up.Pr. Sec. and H.Sec.,39-Pvt.Unaided (CBSE Syllabus),1 To 12,3-Co-educational,1-Rural,Nandyal,Kothapalli,,,KOTHAPALLI NANDYAL NANDYAL (M)-2(VILLAGE) NANDYAL(MANDAL) KURNOOL(DIST),518501,tnpsnandyal[at]gmail[dot]com,https://kys.udiseplus.gov.in/#/schooldetail/4700594/12,4700594,25/07/2025 11:03,2367
******00543 Operational,,THERESA EM HIGH SCHOOL VELGODE,,,,Andhra Pradesh,7-Upper Pr. and Secondary,38-Pvt.Unaided,6 To 10,3-Co-educational,1-Rural,Velugodu,Velgode,,,"Opp Indian oil petrol bunk, Vempenta Road",518533,Athavullabasha2017[at]gmail[dot]com,https://kys.udiseplus.gov.in/#/schooldetail/4717370/12,4717370,01/08/2022 15:50,2367
******00542 Operational,,THERESA EM PS VELGODE,,,,Andhra Pradesh,1-Primary,38-Pvt.Unaided,1 To 5,3-Co-educational,1-Rural,Velugodu,Velgode,,,Opp Indian oil petrol bunk vempenta road,518533,theresaps[at]gmail[dot]com,https://kys.udiseplus.gov.in/#/schooldetail/4719561/12,4719561,16/06/2023 15:21,2367
******00310 Operational,,THIMMAPURAM EM/TM UP SCHO,,,,Andhra Pradesh,2-Primary with Upper Primary,38-Pvt.Unaided,1 To 7,3-Co-educational,1-Rural,Mahanandi,Thimmapuram,,,M.THIMMAPURAM MAHANANDI THIMMAPURAM(VILLAGE) MAHANANDI(MANDAL) KURNOOL(DIST),518512,parasaanuradha8[at]gmail[dot]com,https://kys.udiseplus.gov.in/#/schooldetail/4700698/12,4700698,21/04/2023 15:31,2367
******01298 Operational,,THULISHA REDDY EM UP SCHOOL VELGODE,,,,Andhra Pradesh,2-Primary with Upper Primary,38-Pvt.Unaided,1 To 7,3-Co-educational,1-Rural,Velugodu,Velgode,,,6-160 Velugodu village and mandal Nandyal District - 518533,518533,parnapalle[at]gmail[dot]com,https://kys.udiseplus.gov.in/#/schooldetail/4721670/12,4721670,27/07/2024 12:14,2367
******00609 Operational,,"UNIVERSAL EM UPS NANDAMURINAGAR, NDL",,,,Andhra Pradesh,2-Primary with Upper Primary,38-Pvt.Unaided,1 To 7,3-Co-educational,2-Urban,NA,,Nandyal (M) - Ward No.11,Nandyal-Municipality,CHANDBAD NANDYAL NANDYAL(VILLAGE) NANDYAL(MANDAL) KURNOOL(DIST),518501,raheem.amf[at]gmail[dot]com,https://kys.udiseplus.gov.in/#/schooldetail/4699272/12,4699272,11/12/2025 12:59,2367
******00614 Operational,,USHODAYA HS,,,,Andhra Pradesh,7-Upper Pr. and Secondary,38-Pvt.Unaided,6 To 10,3-Co-educational,1-Rural,Sirivel,Yerragundla,,,YERRAGUNTLA (VILLAGE) SIRVEL(MANDAL) KURNOOL(DIST),518510,ushodayaschool999[at]gmail[dot]com,https://kys.udiseplus.gov.in/#/schooldetail/4700761/12,4700761,19/09/2024 09:46,2367
******00613 Operational,,USHODAYA PS YERRAGUNTLA,,,,Andhra Pradesh,1-Primary,38-Pvt.Unaided,1 To 5,3-Co-educational,1-Rural,Sirivel,Yerragundla,,,YERRAGUNTLA (VILLAGE) SIRVEL(MANDAL) KURNOOL(DIST),518510,ushodayaschool999[at]gmail[dot]com,https://kys.udiseplus.gov.in/#/schooldetail/4700760/12,4700760,19/09/2024 09:41,2367
******00607 Operational,,USHODAYA U P S,,,,Andhra Pradesh,2-Primary with Upper Primary,38-Pvt.Unaided,1 To 7,3-Co-educational,1-Rural,Banaganapalle,Palukur,,,PALUKUR PALUKUR PALUKUR(VILLAGE) BANAGANAPALLI(MANDAL) KURNOOL(DIST),518176,vsreddy297[at]gmail[dot]com,https://kys.udiseplus.gov.in/#/schooldetail/4701241/12,4701241,21/04/2023 15:31,2367
******00806 Operational,,USHODAYA VIDYA NIKETHAN U,,,,Andhra Pradesh,2-Primary with Upper Primary,38-Pvt.Unaided,1 To 7,3-Co-educational,1-Rural,Gospadu,Jillela,,,JILLELA JILLELA JILLELA(VILLAGE) GOSPADU(MANDAL) KURNOOL(DIST),518563,,https://kys.udiseplus.gov.in/#/schooldetail/4701126/12,4701126,19/12/2025 10:54,2367
******00948 Operational,,VAILANKANNI MATHA H.S NEAR MARKET YARD NDK,,,,Andhra Pradesh,7-Upper Pr. and Secondary,38-Pvt.Unaided,6 To 10,3-Co-educational,2-Urban,NA,,Nandikotkur Ward No. 1,Nandikotkur-Town Panchayat,NANDI KOTKUR NEAR MARKET YARD NANDI KOTKUR(VILLAGE) NANDIKOTKUR(MANDAL) KURNOOL(DIST),518401,vmhschoolndk[at]gmail[dot]com,https://kys.udiseplus.gov.in/#/schooldetail/4698392/12,4698392,15/02/2023 08:58,2367
******00946 Operational,,VAILNKANNI MATHA SCHOOL NEAR MARKET NDK,,,,Andhra Pradesh,1-Primary,38-Pvt.Unaided,1 To 5,3-Co-educational,2-Urban,NA,,Nandikotkur Ward No. 1,Nandikotkur-Town Panchayat,NANDI KOTKUR NEAR MARKET YARD NANDI KOTKUR(VILLAGE) NANDIKOTKUR(MANDAL) KURNOOL(DIST),518401,vmhschoolndk[at]gmail[dot]com,https://kys.udiseplus.gov.in/#/schooldetail/4698391/12,4698391,16/06/2023 15:21,2367
******00648 Closed,Closed,VANI JAYALAKSHMI AIDED PR,,,,Andhra Pradesh,1-Primary,35-Pvt.Aided,1 To 5,3-Co-educational,2-Urban,NA,,Dhone Ward No. 4,Dhone(M)-Municipality,DHONE BEHIND SREE RAMA TEMPLE DHONE(VILLAGE) DHONE(MANDAL) KURNOOL(DIST),518222,,https://kys.udiseplus.gov.in/#/schooldetail/4701670/12,4701670,15/10/2020 12:18,2367
******00676 Operational,,VANIJAYALAXMI SCHOOL,,,,Andhra Pradesh,1-Primary,38-Pvt.Unaided,1 To 5,3-Co-educational,2-Urban,NA,,Dhone Ward No. 4,Dhone(M)-Municipality,PATHAPETA DHONE DHONE(VILLAGE) DHONE(MANDAL) KURNOOL(DIST),518222,vanijayalaxmi[at]gmail[dot]com,https://kys.udiseplus.gov.in/#/schooldetail/4701685/12,4701685,21/04/2023 15:31,2367
******01853 Operational,,VEDIC UP EM SCHOOL KALUGOTLA KOILAKUNTLA,,,,Andhra Pradesh,2-Primary with Upper Primary,38-Pvt.Unaided,1 To 7,3-Co-educational,1-Rural,Koilakuntla,Kalugotla,,,KALUGOTLA VILLAGE KOILKUNTLA MANDAL,518134,,,,11/12/2025 12:55,2367
******01020 Operational,,VEENA PRIMARY SCHOOL ANKIREDDYPALLI,,,,Andhra Pradesh,1-Primary,38-Pvt.Unaided,1 To 5,3-Co-educational,1-Rural,Kolimigundla,Thummalapenta,,,THUMMALAPENTA KOLIMIGUNDLA MANDAL KURNOOL DIST,518123,Ramanadasari918[at]gmail[dot]com,https://kys.udiseplus.gov.in/#/schooldetail/4701444/12,4701444,16/06/2023 15:21,2367
******01467 Operational,,VENKATESWARA EM UP SCHOOL DHONE,,,,Andhra Pradesh,2-Primary with Upper Primary,38-Pvt.Unaided,1 To 7,3-Co-educational,2-Urban,NA,,Dhone Ward No. 18,Dhone(M)-Municipality,KOTHAPETA DHONE VILLAGE AND MANDAL,518222,,https://kys.udiseplus.gov.in/#/schooldetail/4721929/12,4721929,09/09/2024 15:29,2367
******91460 Closed,Closed,VIGNAN E.M.T.M.U.P.SCHOOL NANDY,,,,Andhra Pradesh,2-Primary with Upper Primary,38-Pvt.Unaided,1 To 7,3-Co-educational,2-Urban,NA,,Nandyal (M) - Ward No.12,Nandyal-Municipality,NANDYALA NANDYAL NANDYAL NANDYAL MANDAL KURNOOL DIST,518502,,https://kys.udiseplus.gov.in/#/schooldetail/4700624/12,4700624,09/05/2022 16:39,2367
******00152 Operational,,VIGNAN EM UP SCHOOL,,,,Andhra Pradesh,2-Primary with Upper Primary,38-Pvt.Unaided,1 To 7,3-Co-educational,2-Urban,NA,,Atmakurknl Ward No. 7,Atmakur (Kurnool)-Municipality,ATMAKUR ATMAKUR ATMAKUR[VILLAGE] ATMAKUR[MANDAL] KURNOOL[DIST],518422,vali0707[at]yahoo[dot]com,https://kys.udiseplus.gov.in/#/schooldetail/4698540/12,4698540,21/04/2023 15:31,2367
******00687 Operational,,VIGNAN HIGH SCHOOL DHONE,,,,Andhra Pradesh,7-Upper Pr. and Secondary,38-Pvt.Unaided,6 To 10,3-Co-educational,2-Urban,NA,,Dhone Ward No. 9,Dhone(M)-Municipality,KONDAPETA DHONE NANDYALA ANDHRA PRADESH,518222,vignan1995[at]gmail[dot]com,https://kys.udiseplus.gov.in/#/schooldetail/4701691/12,4701691,09/09/2024 13:07,2367
******00633 Operational,,VIGNAN PS DHONE,,,,Andhra Pradesh,1-Primary,38-Pvt.Unaided,1 To 5,3-Co-educational,2-Urban,NA,,Dhone Ward No. 9,Dhone(M)-Municipality,DHONE BEHIND SEGU LODGE DHONE(VILLAGE) DHONE(MANDAL) KURNOOL(DIST),518222,vignan1995[at]gmail[dot]com,https://kys.udiseplus.gov.in/#/schooldetail/4701658/12,4701658,16/06/2023 15:21,2367
******00539 Closed,Closed,VIII WARD EM ELEMENTARY SCHOOL VELGODE,,,,Andhra Pradesh,1-Primary,38-Pvt.Unaided,1 To 5,3-Co-educational,1-Rural,Velugodu,Velgode,,,TELUGU PETA,518533,meo.velgode[at]gmail[dot]com,https://kys.udiseplus.gov.in/#/schooldetail/4698665/12,4698665,06/02/2023 11:02,2367
******00611 Operational,,VIJAYANIKETAN EM PS B.PALLI ROAD PANYAM,,,,Andhra Pradesh,1-Primary,38-Pvt.Unaided,1 To 5,3-Co-educational,1-Rural,Panyam,Panyam,,,NH-40 PANYAM(VILLAGE) PANYAM(MANDAL) KURNOOL(DIST)-518112,518112,vkesireddy[at]gmail[dot]com,https://kys.udiseplus.gov.in/#/schooldetail/4700229/12,4700229,21/04/2023 15:31,2367
******00617 Operational,,VIJAYANIKETHAN E.M H.S PANYAM,,,,Andhra Pradesh,7-Upper Pr. and Secondary,38-Pvt.Unaided,6 To 10,3-Co-educational,1-Rural,Panyam,Panyam,,,PANYAM PANYAM PANYAM(VILLAGE) PANYAM(MANDAL) KURNOOL(DIST),518112,vkesireddy[at]gmail[dot]com,https://kys.udiseplus.gov.in/#/schooldetail/4700231/12,4700231,11/05/2022 10:32,2367
******01103 Operational,,VIJAYA NIKETHAN HIGH SCHOOL THIMMAPURAM,,,,Andhra Pradesh,7-Upper Pr. and Secondary,38-Pvt.Unaided,6 To 10,3-Co-educational,1-Rural,Banaganapalle,Thimmapuram,,,THIMMAPURAM (VILLAGE) BANAGANAPALLI (MANDAL) KURNOOL (DT),518176,vkesireddy[at]gmail[dot]com,https://kys.udiseplus.gov.in/#/schooldetail/4701255/12,4701255,11/05/2022 11:34,2367
******01102 Operational,,VIJAYA NIKETHAN PS THIMMAPURAM,,,,Andhra Pradesh,1-Primary,38-Pvt.Unaided,1 To 5,3-Co-educational,1-Rural,Banaganapalle,Thimmapuram,,,THIMMAPURAM (VILLAGE) BANAGANAPALLI (MANDAL) KURNOOL (DT),518176,subbarayududu[at]gmail[dot]com,https://kys.udiseplus.gov.in/#/schooldetail/4701254/12,4701254,21/09/2024 12:03,2367
******00171 Operational,,VIJAYAVANI EM HIGH SCHOOL ATMAKUR,,,,Andhra Pradesh,7-Upper Pr. and Secondary,38-Pvt.Unaided,6 To 10,3-Co-educational,2-Urban,NA,,Atmakurknl Ward No. 19,Atmakur (Kurnool)-Municipality,VR NAGAR ATMAKUR MANDAL,518422,pnazeer145[at]gmail[dot]com,https://kys.udiseplus.gov.in/#/schooldetail/4698558/12,4698558,25/06/2021 16:10,2367
******00944 Operational,,VIJAYA VANI HIGH SCHOOL NEAR RTC BUS-STAND NDK,,,,Andhra Pradesh,7-Upper Pr. and Secondary,38-Pvt.Unaided,6 To 10,3-Co-educational,2-Urban,NA,,Nandikotkur Ward No. 14,Nandikotkur-Town Panchayat,NANDI KOTKUR NEAR R.T.C.BUS STAND NANDI KOTKUR(VILLAGE) NANDIKOTKUR(MANDAL) KURNOOL(DIST),518401,vijayavanihighschool223[at]gmail[dot]com,https://kys.udiseplus.gov.in/#/schooldetail/4698390/12,4698390,15/10/2020 12:18,2367
******00127 Operational,,VIJAYA VANI PUBLIC S,,,,Andhra Pradesh,2-Primary with Upper Primary,38-Pvt.Unaided,1 To 7,3-Co-educational,2-Urban,NA,,Atmakurknl Ward No. 19,Atmakur (Kurnool)-Municipality,ATMAKUR DUDYALA ROAD ATMAKUR(VILLAGE) ATMAKUR(MANDAL) KURNOOL(DIST),518422,pnazeer145[at]gmail[dot]com,https://kys.udiseplus.gov.in/#/schooldetail/4698530/12,4698530,21/04/2023 15:31,2367
******00951 Operational,,VIJAYAVANI PUBLIC SCHOOL BYREDDY NAGAR NDK,,,,Andhra Pradesh,1-Primary,38-Pvt.Unaided,1 To 5,3-Co-educational,2-Urban,NA,,Nandikotkur Ward No. 14,Nandikotkur-Town Panchayat,NANDIKOTKUR BYREDDY NAGAR NANDI KOTKUR(VILLAGE) NANDIKOTKUR(MANDAL) KURNOOL(DIST),518401,vijayavanihighschool223[at]gmail[dot]com,https://kys.udiseplus.gov.in/#/schooldetail/4698395/12,4698395,21/04/2023 15:31,2367
******01939 Operational,,VIJAYA VOCATIONAL JUNIOR COLLEGE DHONE,,,,Andhra Pradesh,11-Higher Secondary only/Jr. College,38-Pvt.Unaided,11 To 12,3-Co-educational,2-Urban,NA,,Dhone Ward No. 11,Dhone(M)-Municipality,SUNDERSINGH COLONY DHONE,518222,,,,11/12/2025 12:56,2367
******01209 Operational,,VIKAS HIGH BRAHMANAKOTKUR,,,,Andhra Pradesh,6-Pr. Up Pr. and Secondary Only,38-Pvt.Unaided,1 To 10,3-Co-educational,1-Rural,Nandikotkur,Brahmanakotkur,,,BRAHMANAKOTKUR BRAHMANAKOTKUR BRAHMANAKOTKUR(VILLAGE) NANDIKOTKUR(MANDAL) KURNOOL(DIST),518432,tvenu9866[at]gmail[dot]com,https://kys.udiseplus.gov.in/#/schooldetail/4698432/12,4698432,02/07/2025 11:47,2367
******00645 Operational,,VIKAS UP SCHOOL NANDYAL,,,,Andhra Pradesh,2-Primary with Upper Primary,38-Pvt.Unaided,1 To 7,3-Co-educational,2-Urban,NA,,Nandyal (M) - Ward No.29,Nandyal-Municipality,NANDYAL 518501,518501,ssv541238[at]gmail[dot]com,https://kys.udiseplus.gov.in/#/schooldetail/4700422/12,4700422,21/04/2023 15:31,2367
******00108 Operational,,VIMALA E.M ELE.SCHOOL GOVINDAPALLI,,,,Andhra Pradesh,1-Primary,38-Pvt.Unaided,1 To 5,3-Co-educational,1-Rural,Sirivel,Govindpalle,,,"GOVINDAPALLE (VILLAGE), SIRVEL (MANDAL), NANDYAL (DIST)",518502,vimalaschoolgpl[at]gmail[dot]com,https://kys.udiseplus.gov.in/#/schooldetail/4700738/12,4700738,19/09/2024 09:24,2367
******00904 Operational,,VIMALA ENGLISH MEDIUM SCHOOL YERRAGUNTLA SIRVEL,,,,Andhra Pradesh,1-Primary,38-Pvt.Unaided,1 To 5,3-Co-educational,1-Rural,Sirivel,Yerragundla,,,YERRAGUNTLA(VILLAGE) SIRVEL(MANDAL) KURNOOL(DIST),518510,vimalaemschool[at]gmail[dot]com,https://kys.udiseplus.gov.in/#/schooldetail/4700777/12,4700777,19/09/2024 09:53,2367
******00909 Operational,,VIMALA ENG MED H.S YERRAGUNTLA,,,,Andhra Pradesh,7-Upper Pr. and Secondary,38-Pvt.Unaided,6 To 10,3-Co-educational,1-Rural,Sirivel,Yerragundla,,,YERRAGUNTLA SIRVEL YERRAGUNTLA(VILLAGE) SIRVEL(MANDAL) KURNOOL(DIST),518510,vimalaemschool[at]gmail[dot]com,https://kys.udiseplus.gov.in/#/schooldetail/4700781/12,4700781,19/09/2024 09:55,2367
******00972 Closed,Closed,VISHWASANTHI UP SCHOOL ALLAGADDA,,,,Andhra Pradesh,2-Primary with Upper Primary,38-Pvt.Unaided,1 To 7,3-Co-educational,2-Urban,NA,,Allagadda Ward no. 5,Allagadda-Town Panchayat,SRI BALAJI NAGAR ALLAGADDA VILLAGE ALLAGADDA-518543 KURNOOL DIST,518543,viswashanthi999[at]gmail[dot]com,https://kys.udiseplus.gov.in/#/schooldetail/4699817/12,4699817,22/07/2024 13:28,2367
******00243 Closed,Closed,VISION JUNIOR COLLEGE SIRVELLA METTA,,,,Andhra Pradesh,11-Higher Secondary only/Jr. College,38-Pvt.Unaided,11 To 12,3-Co-educational,1-Rural,Sirivel,Sirvel,,,"NEAR SIRIVELLA METTA, SIRVEL VILALGE AND MANDAL",518563,rahamtullah02[at]gmail[dot]com,https://kys.udiseplus.gov.in/#/schooldetail/4720650/12,4720650,20/08/2024 17:48,2367
******01614 Operational,,"VISWABHARATHI EM HIGH SCHOOL, GOOTY ROAD, BPALLI",,,,Andhra Pradesh,7-Upper Pr. and Secondary,38-Pvt.Unaided,6 To 10,3-Co-educational,1-Rural,Banaganapalle,NA,,,Gooty road Banaganapalle,518124,r.viswam19[at]gmail[dot]com,https://kys.udiseplus.gov.in/#/schooldetail/4722050/12,4722050,24/12/2025 17:09,2367
******03156 Operational,,VISWA BHARATHI EM HS GOOTY ROAD,,,,Andhra Pradesh,6-Pr. Up Pr. and Secondary Only,38-Pvt.Unaided,1 To 10,3-Co-educational,1-Rural,Banaganapalle,Banaganapalle (Ct),,,BANAGANAPALLI,518124,r.viswam19[at]gmail[dot]com,https://kys.udiseplus.gov.in/#/schooldetail/4719627/12,4719627,21/04/2023 15:31,2367
******01009 Permanently Closed,,VISWA BHARATHI PRIMARY SCHOOL SANJAMALA,,,,Andhra Pradesh,1-Primary,38-Pvt.Unaided,1 To 5,3-Co-educational,1-Rural,Sanjamala,Sanjamala,,,NA,518165,,https://kys.udiseplus.gov.in/#/schooldetail/4717502/12,4717502,15/10/2020 12:18,2367
******00956 Operational,,VISWASANTHI HIGH SCHOOL ALLAGADDA,,,,Andhra Pradesh,7-Upper Pr. and Secondary,38-Pvt.Unaided,6 To 10,3-Co-educational,2-Urban,NA,,Allagadda Ward no. 5,Allagadda-Town Panchayat,SRI BALAJI NAGAR ALLAGADDA VILLAGE ALLAGADDA-518543 KURNOOL DIST,518543,viswashanthi999[at]gmaill[dot]com,https://kys.udiseplus.gov.in/#/schooldetail/4700914/12,4700914,26/12/2025 16:56,2367
******00948 Operational,,VISWASANTHI PRIMARY SCHOOL ALLAGADDA,,,,Andhra Pradesh,1-Primary,38-Pvt.Unaided,1 To 5,3-Co-educational,2-Urban,NA,,Allagadda Ward no. 5,Allagadda-Town Panchayat,SRI BALAJI NAGAR ALLAGADDA ALLAGADDA(VILLAGE) ALLAGADDA(MANDAL) KURNOOL(DIST),518543,viswashanthi999[at]gmail[dot]com,https://kys.udiseplus.gov.in/#/schooldetail/4700911/12,4700911,26/12/2025 16:56,2367
******03116 Permanently Closed,,VISWA SHANTHI PUBLIC SCHO,,,,Andhra Pradesh,2-Primary with Upper Primary,38-Pvt.Unaided,1 To 7,3-Co-educational,1-Rural,Banaganapalle,Banaganapalle (Ct),,,NA,518124,,https://kys.udiseplus.gov.in/#/schooldetail/4701308/12,4701308,15/10/2020 12:18,2367
******01022 Operational,,VISWATEJA UPS RAMAPURAM,,,,Andhra Pradesh,2-Primary with Upper Primary,38-Pvt.Unaided,1 To 7,3-Co-educational,1-Rural,Owk,Ramapuram (Ct),,,RAMAPURAM RAMAPURAM RAMAPURAM(VILLAGE) OWK(MANDAL) KURNOOL(DIST),518122,viswatejaupschool[at]gmail[dot]com,https://kys.udiseplus.gov.in/#/schooldetail/4701498/12,4701498,21/04/2023 15:31,2367
******00309 Operational,,VIVEKANADA GURUKULA VIDYA,,,,Andhra Pradesh,7-Upper Pr. and Secondary,35-Pvt.Aided,6 To 10,3-Co-educational,1-Rural,Mahanandi,Thimmapuram,,,MAHANANDI THIMMAPURAM THIMMAPURAM(VILLAGE) MAHANANDI(MANDAL) KURNOOL(DIST),518502,vgvhsmahanandi[at]gmail[dot]com,https://kys.udiseplus.gov.in/#/schooldetail/4700663/12,4700663,14/05/2022 11:42,2367
******90684 Operational,,VIVEKAVARDHANI MPL P .S NADIGADDA,,,,Andhra Pradesh,1-Primary,34-MUNCIPAL,1 To 5,3-Co-educational,2-Urban,NA,,Nandyal (M) - Ward No.23,Nandyal-Municipality,NADDIGADDA NANDYAL NANDYAL (M)(VILLAGE) NANDYAL(MANDAL) KURNOOL(DIST),518501,vivekavardhanimplprimaryschool[at]gmail[dot]com,https://kys.udiseplus.gov.in/#/schooldetail/4700565/12,4700565,15/10/2020 12:18,2367
******90667 Operational,,V J B A UPS BOGGULINE,,,,Andhra Pradesh,2-Primary with Upper Primary,35-Pvt.Aided,1 To 7,3-Co-educational,2-Urban,NA,,Nandyal (M) - Ward No.30,Nandyal-Municipality,BOGGULINE NANDYAL NANDYAL (M)(VILLAGE) NANDYAL(MANDAL) KURNOOL(DIST),518502,jestadiyohan[at]gmail[dot]com,https://kys.udiseplus.gov.in/#/schooldetail/4700556/12,4700556,12/03/2024 12:52,2367
******00976 Permanently Closed,,V V N R B V R CO-OPERATIVE,,,,Andhra Pradesh,11-Higher Secondary only/Jr. College,38-Pvt.Unaided,11 To 12,3-Co-educational,2-Urban,NA,,Allagadda Ward no. 6,Allagadda-Town Panchayat,NA,518543,,https://kys.udiseplus.gov.in/#/schooldetail/4717485/12,4717485,15/10/2020 12:18,2367
******91481 Operational,,Wisdom EMandTM HS MS Nagar Nandyal,,,,Andhra Pradesh,7-Upper Pr. and Secondary,38-Pvt.Unaided,6 To 10,3-Co-educational,2-Urban,NA,,MOOLASAGARAM(RURAL) Ward No.33,Nandyal-Municipality,MS NAGAR NANDYAL KURNOOL 518502,518502,palutlavijayaraju67081[at]gmail[dot]com,https://kys.udiseplus.gov.in/#/schooldetail/4700636/12,4700636,16/06/2023 11:37,2367
******01211 Operational,,WISDOM EM TM HS BRAMHANKOTKUR,,,,Andhra Pradesh,7-Upper Pr. and Secondary,38-Pvt.Unaided,6 To 10,3-Co-educational,1-Rural,Nandikotkur,Brahmanakotkur,,,BRAHMANAKOTKUR V NANDIKOTKUR M KURNOOL DIST AP,518432,wisdomhighschool66[at]gmail[dot]com,https://kys.udiseplus.gov.in/#/schooldetail/4698434/12,4698434,15/10/2020 12:18,2367
******01210 Operational,,WISDOM EM TM PS BRAMAHANKOTKUR,,,,Andhra Pradesh,1-Primary,38-Pvt.Unaided,1 To 5,3-Co-educational,1-Rural,Nandikotkur,Brahmanakotkur,,,BRAHMANAKOTKUR NANADIKOTKUR KURNOOL 518432,518432,wisdomhighschool66[at]gmail[dot]com,https://kys.udiseplus.gov.in/#/schooldetail/4698433/12,4698433,21/04/2023 15:31,2367
******90810 Operational,,WISDOM HIGH S SRISAILAM PROJECT,,,,Andhra Pradesh,7-Upper Pr. and Secondary,38-Pvt.Unaided,6 To 10,3-Co-educational,1-Rural,Srisailam,NA,,,SRISAILAM PROJECT ( SRISAILAM SRISAILAM(VILLAGE) SRISAILAM(MANDAL) KURNOOL(DIST),518102,wisdom[at]gmail[dot]com,https://kys.udiseplus.gov.in/#/schooldetail/4698609/12,4698609,15/10/2020 12:18,2367
******90903 Operational,,WISDOM PS E.M SRISAILAM PROJECT,,,,Andhra Pradesh,1-Primary,38-Pvt.Unaided,1 To 5,3-Co-educational,1-Rural,Srisailam,NA,,,NEAR TELEPHONE EXCHANGE SRISAILAM(VILLAGE) SRISAILAM(MANDAL) KURNOOL(DIST),518102,wisdomslmp[at]gmail[dot]com,https://kys.udiseplus.gov.in/#/schooldetail/4698618/12,4698618,21/04/2023 15:31,2367
******90678 Closed,Closed,WISDOM PUBLIC EM S M.S NAGAR,,,,Andhra Pradesh,2-Primary with Upper Primary,38-Pvt.Unaided,1 To 5,3-Co-educational,2-Urban,NA,,MOOLASAGARAM(RURAL) Ward No.33,Nandyal-Municipality,M.S.NAGAR NANDYAL NANDYAL (M)(VILLAGE) NANDYAL(MANDAL) KURNOOL(DIST),518502,palutlavijayaraju67038[at]gmail[dot]com,https://kys.udiseplus.gov.in/#/schooldetail/4699435/12,4699435,15/10/2020 12:18,2367
******90816 Operational,,WISDOM UP SCHOOL SRISAILAM,,,,Andhra Pradesh,2-Primary with Upper Primary,38-Pvt.Unaided,1 To 7,3-Co-educational,1-Rural,Srisailam,NA,,,KOTHAPETA SRISAILAM VILLAGE SRISAILAM MANDAL KURNOOL DISTRICT,518101,wisdomslmp[at]gmail[dot]com,https://kys.udiseplus.gov.in/#/schooldetail/4698615/12,4698615,11/03/2024 20:12,2367
******00927 Permanently Closed,,Y P R EM UP SCHOOL ALLAGADDA,,,,Andhra Pradesh,2-Primary with Upper Primary,38-Pvt.Unaided,1 To 7,3-Co-educational,2-Urban,NA,,Allagadda Ward no. 5,Allagadda-Town Panchayat,NA,518543,,https://kys.udiseplus.gov.in/#/schooldetail/4699784/12,4699784,15/10/2020 12:18,2367
******01401 Operational,,YRPS MPPS REG CHABOLU,,,,Andhra Pradesh,1-Primary,33-MPP_ZPP SCHOOLS,1 To 5,3-Co-educational,1-Rural,Nandyal,Chabolu,,,CHABOLU CHABOLU CHABOLU(VILLAGE) NANDYAL(MANDAL) KURNOOL(DIST),518502,suneethapalugula76[at]gmail[dot]com,https://kys.udiseplus.gov.in/#/schooldetail/4700467/12,4700467,15/10/2020 12:18,2367
******01405 Operational,,YRPS ZPHS CHABOLU,,,,Andhra Pradesh,7-Upper Pr. and Secondary,33-MPP_ZPP SCHOOLS,6 To 10,3-Co-educational,1-Rural,Nandyal,Chabolu,,,CHABOLU CHABOLU CHABOLU(VILLAGE) NANDYAL(MANDAL) KURNOOL(DIST),518502,hmchabolu[at]gmail[dot]com,https://kys.udiseplus.gov.in/#/schooldetail/4700470/12,4700470,25/07/2025 11:02,2367
******01001 Operational,,ZPHS 10-BOLLAVARAM,,,,Andhra Pradesh,6-Pr. Up Pr. and Secondary Only,33-MPP_ZPP SCHOOLS,1 To 10,3-Co-educational,1-Rural,Nandikotkur,Bollavaram,,,10.BOLLAVARAM BOLLAVARAM BOLLAVARAM(VILLAGE) NANDIKOTKUR(MANDAL) KURNOOL(DIST),518432,mpups10bollavaram[at]gmail[dot]com,https://kys.udiseplus.gov.in/#/schooldetail/4698421/12,4698421,19/06/2025 13:34,2367
******01202 Operational,,ZPHS ABDULLAPURAM,,,,Andhra Pradesh,6-Pr. Up Pr. and Secondary Only,33-MPP_ZPP SCHOOLS,1 To 10,3-Co-educational,1-Rural,Kolimigundla,Abdullapuram,,,ABDULLAPURAM ABDULLAPURAM ABDULLAPURAM(VILLAGE) KOLIMIGUNDLA(MANDAL) KURNOOL(DIST),518123,polapadmaja[at]gmail[dot]com,https://kys.udiseplus.gov.in/#/schooldetail/4701451/12,4701451,21/06/2025 15:58,2367
******00301 Operational,,ZPHS ABDULLAPURAM,,,,Andhra Pradesh,6-Pr. Up Pr. and Secondary Only,33-MPP_ZPP SCHOOLS,1 To 10,3-Co-educational,1-Rural,Velugodu,Abdullapuram,,,ABDULLAPURAM ABDULLAPURAM ABDULLAPURAM(VILLAGE) VELUGODU(MANDAL) KURNOOL(DIST),518533,mpups301[at]gmail[dot]com,https://kys.udiseplus.gov.in/#/schooldetail/4698637/12,4698637,19/06/2025 14:59,2367
******01504 Operational,,ZPHS AHOBILAM,,,,Andhra Pradesh,7-Upper Pr. and Secondary,33-MPP_ZPP SCHOOLS,6 To 10,3-Co-educational,1-Rural,Allagadda,Ahobilam,,,AHOBILAM AHOBILAM AHOBILAM(VILLAGE) ALLAGADDA(MANDAL) KURNOOL(DIST),518543,vrsarvolla[at]gmail[dot]com,https://kys.udiseplus.gov.in/#/schooldetail/4700954/12,4700954,20/06/2025 11:42,2367
******00704 Operational,,ZPHS AKUMALLA,,,,Andhra Pradesh,7-Upper Pr. and Secondary,33-MPP_ZPP SCHOOLS,6 To 10,3-Co-educational,1-Rural,Sanjamala,Akumalla,,,AKUMALLA SANJAMALA AKUMALLA(VILLAGE) SANJAMALA(MANDAL) KURNOOL(DIST),518196,belehalsubhashini[at]gmail[dot]com,https://kys.udiseplus.gov.in/#/schooldetail/4701364/12,4701364,23/12/2025 14:54,2367
******01102 Operational,,ZPHS ALAGANUR,,,,Andhra Pradesh,7-Upper Pr. and Secondary,33-MPP_ZPP SCHOOLS,6 To 10,3-Co-educational,1-Rural,Midthur,Alaganur,,,ALAGANUR ALAGANUR(VILLAGE) MIDTHUR(MANDAL) KURNOOL(DIST),518405,zphschoolalaganur[at]gmail[dot]com,https://kys.udiseplus.gov.in/#/schooldetail/4698782/12,4698782,19/12/2025 19:30,2367
******01401 Operational,,ZPHS ALAMUR,,,,Andhra Pradesh,6-Pr. Up Pr. and Secondary Only,33-MPP_ZPP SCHOOLS,1 To 10,3-Co-educational,1-Rural,Panyam,Alamur,,,ALAMUR ALAMUR ALAMUR(VILLAGE) PANYAM(MANDAL) KURNOOL(DIST),518112,epurigopalakrishna83986[at]gmail[dot]com,https://kys.udiseplus.gov.in/#/schooldetail/4700259/12,4700259,21/06/2025 19:47,2367
******01907 Operational,,ZPHS ALAMUR,,,,Andhra Pradesh,7-Upper Pr. and Secondary,33-MPP_ZPP SCHOOLS,6 To 10,3-Co-educational,1-Rural,Rudravaram,Alamur,,,ALAMUR ALAMUR ALAMUR(VILLAGE) RUDRAVARAM(MANDAL) KURNOOL(DIST),518543,zphsalamur[at]gmail[dot]com,https://kys.udiseplus.gov.in/#/schooldetail/4699955/12,4699955,24/12/2025 10:51,2367
******00929 Operational,,ZPHS ALLAGADDA,,,,Andhra Pradesh,6-Pr. Up Pr. and Secondary Only,33-MPP_ZPP SCHOOLS,1 To 10,3-Co-educational,2-Urban,NA,,Allagadda Ward no. 15,Allagadda-Town Panchayat,ALLAGADDA ALLAGADDA ALLAGADDA(VILLAGE) ALLAGADDA(MANDAL) KURNOOL(DIST),518543,hmzphsboys.alg[at]gmail[dot]com,https://kys.udiseplus.gov.in/#/schooldetail/4699786/12,4699786,20/06/2025 11:01,2367
******00702 Operational,,ZPHS ALLUR,,,,Andhra Pradesh,6-Pr. Up Pr. and Secondary Only,33-MPP_ZPP SCHOOLS,1 To 10,3-Co-educational,1-Rural,Nandikotkur,Allur,,,ALLUR ALLUR ALLUR(VILLAGE) NANDIKOTKUR(MANDAL) KURNOOL(DIST),518412,tpercyimmanuel[at]gmail[dot]com,https://kys.udiseplus.gov.in/#/schooldetail/4698350/12,4698350,21/06/2025 10:50,2367
******01204 Operational,,ZPHS ALVAKONDA,,,,Andhra Pradesh,7-Upper Pr. and Secondary,33-MPP_ZPP SCHOOLS,6 To 10,3-Co-educational,1-Rural,Sanjamala,Alvakonda,,,ALVAKONDA SANJAMALA ALVAKONDA(VILLAGE) SANJAMALA(MANDAL) KURNOOL(DIST),518165,bharathi11349[at]gmail[dot]com,https://kys.udiseplus.gov.in/#/schooldetail/4701376/12,4701376,23/12/2025 14:58,2367
******01012 Operational,,ZPHS ANKIREDDIPALLI,,,,Andhra Pradesh,6-Pr. Up Pr. and Secondary Only,33-MPP_ZPP SCHOOLS,1 To 10,3-Co-educational,1-Rural,Kolimigundla,Thummalapenta,,,ANKIREDDYPALLI THUMMALAPENTA THUMMALAPENTA(VILLAGE) KOLIMIGUNDLA(MANDAL) KURNOOL(DIST),518123,bprreddy.2000[at]gmail[dot]com,https://kys.udiseplus.gov.in/#/schooldetail/4701435/12,4701435,21/06/2025 16:01,2367
******01310 Operational,,ZPHS AYYALUR,,,,Andhra Pradesh,7-Upper Pr. and Secondary,33-MPP_ZPP SCHOOLS,6 To 10,3-Co-educational,1-Rural,Nandyal,Ayyalur (Part),,,SIDHARTHA NAGAR AYYALUR(VILLAGE) NANDYAL(MANDAL) (DISTRICT),518502,ayyalurzphs[at]gamil[dot]com,https://kys.udiseplus.gov.in/#/schooldetail/4700461/12,4700461,24/09/2024 14:45,2367
******01604 Operational,,ZPHS BACHEPALLE,,,,Andhra Pradesh,6-Pr. Up Pr. and Secondary Only,33-MPP_ZPP SCHOOLS,1 To 10,3-Co-educational,1-Rural,Allagadda,Bachepalle,,,BACHEPALLE BACHEPALLE BACHEPALLE(VILLAGE) ALLAGADDA(MANDAL) KURNOOL(DIST),518543,,https://kys.udiseplus.gov.in/#/schooldetail/4700959/12,4700959,25/06/2024 11:33,2367
******00507 Operational,,ZPHS BALAPANUR,,,,Andhra Pradesh,7-Upper Pr. and Secondary,33-MPP_ZPP SCHOOLS,6 To 10,3-Co-educational,1-Rural,Panyam,Balapanur,,,BALAPANUR BALAPANUR BALAPANUR(VILLAGE) PANYAM(MANDAL) KURNOOL(DIST),518112,hmzphsbalapanur08[at]gmail[dot]com,https://kys.udiseplus.gov.in/#/schooldetail/4700217/12,4700217,11/05/2022 10:27,2367
******00810 Operational,,ZPHS BANDI ATMAKUR,,,,Andhra Pradesh,6-Pr. Up Pr. and Secondary Only,33-MPP_ZPP SCHOOLS,1 To 10,3-Co-educational,1-Rural,Bandi Atmakur,Bandi Atmakur,,,BANDI ATMAKUR BANDI ATMAKUR BANDI ATMAKUR(VILLAGE) BANDIATMAKUR(MANDAL) KURNOOL(DIST),518523,,https://kys.udiseplus.gov.in/#/schooldetail/4700354/12,4700354,22/06/2025 22:37,2367
******01504 Operational,,ZPHS BAVIPALLI,,,,Andhra Pradesh,6-Pr. Up Pr. and Secondary Only,33-MPP_ZPP SCHOOLS,1 To 10,3-Co-educational,1-Rural,Peapully,Kommemarri,,,BAVIPALLI KOMMEMARRI KOMMEMARRI(VILLAGE) PEAPULLY(MANDAL) KURNOOL(DIST),518220,sivaiah9490[at]gmail[dot]com,https://kys.udiseplus.gov.in/#/schooldetail/4701599/12,4701599,19/06/2025 14:38,2367
******00204 Operational,,ZPHS BELUM,,,,Andhra Pradesh,7-Upper Pr. and Secondary,33-MPP_ZPP SCHOOLS,6 To 10,3-Co-educational,1-Rural,Kolimigundla,Belum,,,BELUM BELUM BELUM(VILLAGE) KOLIMIGUNDLA(MANDAL) KURNOOL(DIST),518122,belumzphs[at]gmail[dot]com,https://kys.udiseplus.gov.in/#/schooldetail/4701408/12,4701408,21/06/2025 19:02,2367
******90237 Operational,,ZPHS BETHAMCHERLA,,,,Andhra Pradesh,7-Upper Pr. and Secondary,33-MPP_ZPP SCHOOLS,6 To 10,3-Co-educational,2-Urban,NA,,Election Ward No.6,BETHAMCHERLA-Town Panchayat,BETHAMCHERLA VILLAGE BETHAMCHERLA MANDAL KURNOOL DISTRICT 518599,518599,bethamcherlazphs[at]gmail[dot]com,https://kys.udiseplus.gov.in/#/schooldetail/4700196/12,4700196,27/12/2025 12:47,2367
******00603 Operational,,ZPHS BHAGYANAGARAM,,,,Andhra Pradesh,7-Upper Pr. and Secondary,33-MPP_ZPP SCHOOLS,6 To 10,3-Co-educational,1-Rural,Dornipadu,Kondapuram,,,BHAGYANAGARAM VI KONDAPURAM DORNIPADU MD KURNOOL DT 518135,518135,zphsbgnr[at]gmail[dot]com,https://kys.udiseplus.gov.in/#/schooldetail/4701099/12,4701099,08/05/2022 12:57,2367
******00604 Operational,,ZPHS BHANUMUKKALA,,,,Andhra Pradesh,7-Upper Pr. and Secondary,33-MPP_ZPP SCHOOLS,6 To 10,3-Co-educational,1-Rural,Pamulapadu,Bhanumukkala,,,BHANUMUKKALA BHANUMUKKALA BHANUMUKKALA(VILLAGE) PAMULAPADU(MANDAL) KURNOOL(DIST),518422,hmmpupsbhanumukkala[at]gmail[dot]com,https://kys.udiseplus.gov.in/#/schooldetail/4698685/12,4698685,08/07/2025 11:17,2367
******01503 Operational,,ZPHS BHEEMUNIPADU,,,,Andhra Pradesh,6-Pr. Up Pr. and Secondary Only,33-MPP_ZPP SCHOOLS,1 To 10,3-Co-educational,1-Rural,Koilakuntla,Bheemunipadu,,,BHEEMUNIPADU(VILLAGE) KOILAKUNTLA(MANDAL) KURNOOL(DIST),518134,zphsbheemunipadu[at]gmail[dot]com,https://kys.udiseplus.gov.in/#/schooldetail/4701219/12,4701219,23/12/2025 16:37,2367
******00202 Operational,,ZPHS BIJINAVEMULA,,,,Andhra Pradesh,7-Upper Pr. and Secondary,33-MPP_ZPP SCHOOLS,6 To 10,3-Co-educational,1-Rural,Nandikotkur,Bijinavemula,,,BIJINAVEMULA BIJINAVEMULA BIJINAVEMULA(VILLAGE) NANDIKOTKUR(MANDAL) KURNOOL(DIST),518411,zphsbjv[at]gmail[dot]com,https://kys.udiseplus.gov.in/#/schooldetail/4698336/12,4698336,26/06/2025 10:22,2367
******00504 Operational,,ZPHS BILAKALAGUDUR,,,,Andhra Pradesh,6-Pr. Up Pr. and Secondary Only,33-MPP_ZPP SCHOOLS,1 To 10,3-Co-educational,1-Rural,Gadivemula,Bilakala Gudur,,,NEW BUILDING COLONY BILAKALA GUDUR BILAKALA GUDUR(VILLAGE) GADIVEMULA(MANDAL) NANDYALA(DIST),518508,schoolsgadivemula[at]gmail[dot]com,https://kys.udiseplus.gov.in/#/schooldetail/4700293/12,4700293,21/06/2025 18:18,2367
******00701 Operational,,ZPHS BILLALAPURAM,,,,Andhra Pradesh,6-Pr. Up Pr. and Secondary Only,33-MPP_ZPP SCHOOLS,1 To 10,3-Co-educational,1-Rural,Nandyal,Billalapuram,,,BILLALAPURAM BILLALAPURAM BILLALAPURAM(VILLAGE) NANDYAL(MANDAL) KURNOOL(DIST),518502,jayapaulgondipalli[at]gmail[dot]com,https://kys.udiseplus.gov.in/#/schooldetail/4700433/12,4700433,23/06/2025 10:37,2367
******01503 Operational,,ZPHS B.KODUR,,,,Andhra Pradesh,7-Upper Pr. and Secondary,33-MPP_ZPP SCHOOLS,6 To 10,3-Co-educational,1-Rural,Bandi Atmakur,Bayyapu Kodur,,,BAYYAPU KODUR BAYYAPU KODUR BAYYAPU KODUR(VILLAGE) BANDIATMAKUR(MANDAL) KURNOOL(DIST),518523,mpupschoolbkoduru[at]gmail[dot]com,https://kys.udiseplus.gov.in/#/schooldetail/4700384/12,4700384,08/07/2025 11:16,2367
******01305 Operational,,ZPHS BODEMMANUR,,,,Andhra Pradesh,6-Pr. Up Pr. and Secondary Only,33-MPP_ZPP SCHOOLS,1 To 10,3-Co-educational,1-Rural,Uyyalawada,Bodemmanur,,,BODEMMANUR BODEMMANUR BODEMMANUR(VILLAGE) UYYALAWADA(MANDAL) KURNOOL(DIST),518155,ssreddy050679[at]gmail[dot]com,https://kys.udiseplus.gov.in/#/schooldetail/4701069/12,4701069,21/06/2025 19:45,2367
******01009 Operational,,ZPHS(B) OWK,,,,Andhra Pradesh,7-Upper Pr. and Secondary,33-MPP_ZPP SCHOOLS,6 To 10,3-Co-educational,1-Rural,Owk,Owk,,,OWK OWK OWK(VILLAGE) OWK(MANDAL) KURNOOL(DIST),518122,zphsboysowk1947[at]gmail[dot]com,https://kys.udiseplus.gov.in/#/schooldetail/4650095/12,4650095,11/05/2022 14:59,2367
******00402 Operational,,ZPHS BOYALAKUNTLA,,,,Andhra Pradesh,6-Pr. Up Pr. and Secondary Only,33-MPP_ZPP SCHOOLS,1 To 10,3-Co-educational,1-Rural,Sirivel,Boyalakuntla,,,BOYALAKUNTLA BOYALAKUNTLA BOYALAKUNTLA(VILLAGE) SIRVEL(MANDAL) KURNOOL(DIST),518583,padmavathimakam88[at]gmail[dot]com,https://kys.udiseplus.gov.in/#/schooldetail/4700745/12,4700745,19/06/2025 14:42,2367
******03122 Operational,,ZPHS(BOYS) B.PALLI,,,,Andhra Pradesh,7-Upper Pr. and Secondary,33-MPP_ZPP SCHOOLS,6 To 10,3-Co-educational,1-Rural,Banaganapalle,Banumukkala (Ct),,,BANAGANAPALLE BANAGANAPALLI BANAGANAPALLE(VILLAGE) BANAGANAPALLI(MANDAL) KURNOOL(DIST),518124,zphighschoolbpl[at]gmail[dot]com,https://kys.udiseplus.gov.in/#/schooldetail/4701313/12,4701313,11/05/2022 12:01,2367
******00935 Operational,,ZPHS (BOYS) NANDIKOTKUR,,,,Andhra Pradesh,7-Upper Pr. and Secondary,33-MPP_ZPP SCHOOLS,6 To 10,3-Co-educational,2-Urban,NA,,Nandikotkur Ward No. 1,Nandikotkur-Town Panchayat,NANDI KOTKUR KOTA NANDI KOTKUR(VILLAGE) NANDIKOTKUR(MANDAL) KURNOOL(DIST),518401,kotazphsbnandikotkur3[at]gmail[dot]com,https://kys.udiseplus.gov.in/#/schooldetail/4698382/12,4698382,21/06/2025 19:24,2367
******01206 Operational,,ZPHS BRAHMANAKOTKUR,,,,Andhra Pradesh,7-Upper Pr. and Secondary,33-MPP_ZPP SCHOOLS,6 To 10,3-Co-educational,1-Rural,Nandikotkur,Brahmanakotkur,,,BRAHMANAKOTKUR BRAHMANAKOTKUR BRAHMANAKOTKUR(VILLAGE) NANDIKOTKUR(MANDAL) KURNOOL(DIST),518432,zphs.brahmanakotkur.ndk[at]gmail[dot]com,https://kys.udiseplus.gov.in/#/schooldetail/4698430/12,4698430,26/06/2025 10:22,2367
******90305 Operational,,ZPHS BUGGANAPALLI,,,,Andhra Pradesh,6-Pr. Up Pr. and Secondary Only,33-MPP_ZPP SCHOOLS,1 To 10,3-Co-educational,2-Urban,NA,,Election Ward No.3,BETHAMCHERLA-Town Panchayat,BUGGANIPALLE BETHAMCHERLA BUGGAANIPALLE(VILLAGE) BETHAMCHERLA(MANDAL) KURNOOL(DIST),518206,zphsbugganipalli[at]gmail[dot]com,https://kys.udiseplus.gov.in/#/schooldetail/4699096/12,4699096,10/07/2024 15:04,2367
******01908 Operational,,ZPHS BURUGULA,,,,Andhra Pradesh,7-Upper Pr. and Secondary,33-MPP_ZPP SCHOOLS,6 To 10,3-Co-educational,1-Rural,Peapully,Burugula,,,BURUGULA PEAPULLY(VILLAGE) PEAPULLY(MANDAL) KURNOOL(DIST),518220,,https://kys.udiseplus.gov.in/#/schooldetail/4700481/12,4700481,15/10/2020 12:18,2367
******01517 Operational,,ZPHS CHAGLAMARRI,,,,Andhra Pradesh,7-Upper Pr. and Secondary,33-MPP_ZPP SCHOOLS,6 To 10,3-Co-educational,1-Rural,Chagalamarri,Chagalamarri,,,NEAR AP TRANSCO CHAGALAMARRI CHAGALAMARRI(VILLAGE) CHAGALAMARRI(MANDAL) KURNOOL(DIST),518553,zphsbcmi[at]gmail[dot]com,https://kys.udiseplus.gov.in/#/schooldetail/4701014/12,4701014,21/06/2025 18:17,2367
******01203 Operational,,ZPHS CHANUGONDLA,,,,Andhra Pradesh,6-Pr. Up Pr. and Secondary Only,33-MPP_ZPP SCHOOLS,1 To 10,3-Co-educational,1-Rural,Dhone Alias Dronachalam,Chanugondla,,,CHANUGONDLA CHANUGONDLA CHANUGONDLA(VILLAGE) DHONE(MANDAL) KURNOOL(DIST),518222,zphschanugondla1203[at]gmail[dot]com,https://kys.udiseplus.gov.in/#/schooldetail/4701731/12,4701731,19/06/2025 13:20,2367
******01007 Operational,,ZPHS CHAPIREVULA,,,,Andhra Pradesh,7-Upper Pr. and Secondary,33-MPP_ZPP SCHOOLS,6 To 10,3-Co-educational,1-Rural,Nandyal,Chapirevula,,,CHAPIREVULA CHAPIREVULA CHAPIREVULA(VILLAGE) NANDYAL(MANDAL) KURNOOL(DIST),518502,zphschapirevula[at]gmail[dot]com,https://kys.udiseplus.gov.in/#/schooldetail/4700444/12,4700444,15/10/2020 12:18,2367
******00803 Operational,,ZPHS CHENNAMPALLE,,,,Andhra Pradesh,7-Upper Pr. and Secondary,33-MPP_ZPP SCHOOLS,6 To 10,3-Co-educational,1-Rural,Owk,Chennampalle,,,CHENNAMPALLE CHENNAMPALLE CHENNAMPALLE(VILLAGE) OWK(MANDAL) KURNOOL(DIST),518122,,https://kys.udiseplus.gov.in/#/schooldetail/4701485/12,4701485,11/05/2022 14:55,2367
******00203 Operational,,ZPHS CHENNUR,,,,Andhra Pradesh,6-Pr. Up Pr. and Secondary Only,33-MPP_ZPP SCHOOLS,1 To 10,3-Co-educational,1-Rural,Sirivel,Chennur,,,CHENNUR SIRVEL CHENNUR(VILLAGE) SIRVEL(MANDAL) KURNOOL(DIST),518583,vijayamuddasu75[at]gmail[dot]com,https://kys.udiseplus.gov.in/#/schooldetail/4700742/12,4700742,19/06/2025 14:59,2367
******01401 Operational,,ZPHS CHERLOPALLE,,,,Andhra Pradesh,6-Pr. Up Pr. and Secondary Only,33-MPP_ZPP SCHOOLS,1 To 10,3-Co-educational,1-Rural,Owk,Cherlapalle,,,CHERLOPALLE CHERLOPALLE CHERLOPALLE(VILLAGE) OWK(MANDAL) KURNOOL(DIST),518122,rnethikopulla[at]gmail[dot]com,https://kys.udiseplus.gov.in/#/schooldetail/4701513/12,4701513,06/02/2023 17:19,2367
******00803 Operational,,ZPHS CHERUKUCHERLA,,,,Andhra Pradesh,7-Upper Pr. and Secondary,33-MPP_ZPP SCHOOLS,6 To 10,3-Co-educational,1-Rural,Midthur,Cherakucherla,,,CHERUKUCHERLA CHERUKUCHERLA(VILLAGE) MIDTHUR(MANDAL) KURNOOL(DIST),518405,cherukucherlazphs[at]gmail[dot]com,https://kys.udiseplus.gov.in/#/schooldetail/4698778/12,4698778,19/12/2025 19:28,2367
******00504 Operational,,ZPHS CHINNAKAMBALOOR,,,,Andhra Pradesh,6-Pr. Up Pr. and Secondary Only,33-MPP_ZPP SCHOOLS,1 To 10,3-Co-educational,1-Rural,Rudravaram,Chinna Kambaloor,,,CHINNAKAMBALOOR CHINNAKAMBALOOR CHINNAKAMBALOOR(VILLAGE) RUDRAVARAM(MANDAL) KURNOOL(DIST),518594,prasad.69.gp[at]gmail[dot]com,https://kys.udiseplus.gov.in/#/schooldetail/4700805/12,4700805,24/12/2025 11:18,2367
******00811 Operational,,ZPHS CHINNA MALKAPURAM,,,,Andhra Pradesh,6-Pr. Up Pr. and Secondary Only,33-MPP_ZPP SCHOOLS,1 To 10,3-Co-educational,1-Rural,Dhone Alias Dronachalam,Chinna Malkapuram,,,CHINNA MALAKAPURAM P.MALKAPURAM MALKAPURAM(VILLAGE) DHONE(MANDAL) KURNOOL(DIST),518222,zphschmalkapuram[at]gmail[dot]com,https://kys.udiseplus.gov.in/#/schooldetail/4701714/12,4701714,21/06/2025 15:23,2367
******00103 Operational,,ZPHS CHINNAPODILLA,,,,Andhra Pradesh,7-Upper Pr. and Secondary,33-MPP_ZPP SCHOOLS,6 To 10,3-Co-educational,1-Rural,Peapully,Peddapodilla,,,CHINNAPODILLA (VILLAGE) PEAPULLY(MANDAL) KURNOOL(DIST),518221,zphschinnapodilla[at]gmail[dot]com,https://kys.udiseplus.gov.in/#/schooldetail/4701530/12,4701530,15/10/2020 12:18,2367
******01704 Operational,,ZPHS CHINTALA CHERUVU,,,,Andhra Pradesh,7-Upper Pr. and Secondary,33-MPP_ZPP SCHOOLS,6 To 10,3-Co-educational,1-Rural,Chagalamarri,Chintala Cheruvu,,,CHINTALA CHERUVU CHINTALA CHERUVU CHINTALA CHERUVU(VILLAGE) CHAGALAMARRI(MANDAL) KURNOOL(DIST),518553,zphschinthalacheruvu2023[at]gmail[dot]com,https://kys.udiseplus.gov.in/#/schooldetail/4699923/12,4699923,25/06/2025 17:21,2367
******01105 Operational,,ZPHS CHINTALAYAPALLE,,,,Andhra Pradesh,7-Upper Pr. and Secondary,33-MPP_ZPP SCHOOLS,6 To 10,3-Co-educational,1-Rural,Kolimigundla,Chintalayapalle,,,CHINTALAYAPALLE CHINTALAYAPALLE CHINTALAYAPALLE(VILLAGE) KOLIMIGUNDLA(MANDAL) KURNOOL(DIST),518123,zphschintalayapalli[at]gmail[dot]com,https://kys.udiseplus.gov.in/#/schooldetail/4701449/12,4701449,21/06/2025 18:56,2367
******01604 Operational,,ZPHS CHOWTKUR,,,,Andhra Pradesh,6-Pr. Up Pr. and Secondary Only,33-MPP_ZPP SCHOOLS,1 To 10,3-Co-educational,1-Rural,Midthur,Chowtakur,,,CHOWTAKUR CHOWTAKUR(VILLAGE) MIDTHUR(MANDAL) KURNOOL(DIST),518405,zphschowtkur123[at]gmail[dot]com,https://kys.udiseplus.gov.in/#/schooldetail/4698794/12,4698794,19/12/2025 19:34,2367
******01902 Operational,,ZPHS CH.VANGALI,,,,Andhra Pradesh,7-Upper Pr. and Secondary,33-MPP_ZPP SCHOOLS,6 To 10,3-Co-educational,1-Rural,Chagalamarri,Chinna Vangali,,,CHINNA VANGALI CHINNA VANGALI CHINNA VANGALI(VILLAGE) CHAGALAMARRI(MANDAL) KURNOOL(DIST),518553,hm.zphs.chinnavangali[at]gmail[dot]com,https://kys.udiseplus.gov.in/#/schooldetail/4701038/12,4701038,25/06/2025 17:20,2367
******01104 Operational,,ZPHS DAMAGATLA,,,,Andhra Pradesh,7-Upper Pr. and Secondary,33-MPP_ZPP SCHOOLS,6 To 10,3-Co-educational,1-Rural,Nandikotkur,Damagatla,,,DAMAGATLA DAMAGATLA DAMAGATLA(VILLAGE) NANDIKOTKUR(MANDAL)I KURNOOK(DIST),518432,zphsdamagatla1[at]gmail[dot]com,https://kys.udiseplus.gov.in/#/schooldetail/4698425/12,4698425,15/10/2020 12:18,2367
******00604 Operational,,ZPHS DEEBAGUNTLA,,,,Andhra Pradesh,7-Upper Pr. and Secondary,33-MPP_ZPP SCHOOLS,6 To 10,3-Co-educational,1-Rural,Gospadu,Deebaguntla,,,DEEBAGUNTLA DEEBAGUNTLA DEEBAGUNTLA(VILLAGE) GOSPADU(MANDAL) KURNOOL(DIST),518502,zphsdeebaguntla[at]gmail[dot]com,https://kys.udiseplus.gov.in/#/schooldetail/4701120/12,4701120,19/12/2025 11:06,2367
******01505 Operational,,"ZPHS,DEVANUR",,,,Andhra Pradesh,7-Upper Pr. and Secondary,33-MPP_ZPP SCHOOLS,6 To 10,3-Co-educational,1-Rural,Midthur,Devanur,,,DEVANUR DEVANUR VILLAGE MIDTHUR MANDAL KURNOOL DT 5180405,518405,devanurzphs2018[at]gmail[dot]com,https://kys.udiseplus.gov.in/#/schooldetail/4698791/12,4698791,19/12/2025 19:34,2367
******00625 Operational,,ZPHS DHARMAVARAM,,,,Andhra Pradesh,6-Pr. Up Pr. and Secondary Only,33-MPP_ZPP SCHOOLS,1 To 10,3-Co-educational,1-Rural,Dhone Alias Dronachalam,Dhone,,,DHARMAVARAM DHONE DHONE(VILLAGE) DHONE(MANDAL) KURNOOL(DIST),518222,thimmappakedas[at]gmail[dot]com,https://kys.udiseplus.gov.in/#/schooldetail/4700518/12,4700518,17/06/2025 18:53,2367
******00624 Operational,,ZPHS DORAPALLI,,,,Andhra Pradesh,6-Pr. Up Pr. and Secondary Only,33-MPP_ZPP SCHOOLS,1 To 10,3-Co-educational,1-Rural,Dhone Alias Dronachalam,Dhone,,,DORAPALLI DHONE DHONE(VILLAGE) DHONE(MANDAL) KURNOOL(DIST),518222,gopannagarivenkat[at]gmail[dot]com,https://kys.udiseplus.gov.in/#/schooldetail/4701655/12,4701655,17/06/2025 18:53,2367
******00808 Operational,,ZPHS DORNIPADU,,,,Andhra Pradesh,7-Upper Pr. and Secondary,33-MPP_ZPP SCHOOLS,6 To 10,3-Co-educational,1-Rural,Dornipadu,Dornipadu,,,DORNIPADU(VILLAGE) DORNIPADU(MANDAL) KURNOOL(DIST),518135,zphs.dornipadu[at]gmail[dot]com,https://kys.udiseplus.gov.in/#/schooldetail/4701107/12,4701107,08/05/2022 13:05,2367
******01505 Operational,,ZPHS DUDYALA,,,,Andhra Pradesh,7-Upper Pr. and Secondary,33-MPP_ZPP SCHOOLS,6 To 10,3-Co-educational,1-Rural,Kothapalle,Dudyala,,,DUDYALA DUDYALA DUDYALA(VILLAGE) KOTAPALLI(MANDAL) KURNOOL(DIST),518422,zphsdudyala[at]gmail[dot]com,https://kys.udiseplus.gov.in/#/schooldetail/4698508/12,4698508,26/06/2025 10:21,2367
******00671 Operational,,ZPHS EDDUPENTA,,,,Andhra Pradesh,7-Upper Pr. and Secondary,33-MPP_ZPP SCHOOLS,6 To 10,3-Co-educational,1-Rural,Dhone Alias Dronachalam,Eddupenta,,,EDDUPENTA EDDUPENTA DHONE(VILLAGE) DHONE(MANDAL) KURNOOL(DIST),518222,sujatha060878[at]gmail[dot]com,https://kys.udiseplus.gov.in/#/schooldetail/4701680/12,4701680,21/09/2024 11:31,2367
******00307 Operational,,ZPHS EMBOY,,,,Andhra Pradesh,7-Upper Pr. and Secondary,33-MPP_ZPP SCHOOLS,6 To 10,3-Co-educational,1-Rural,Bethamcherla,Emboy,,,"EMBOY VILLAGE, BETHAMCHERLA MANDAL KURNOOL DISTRICT 518599",518599,hmemboy999[at]gmail[dot]com,https://kys.udiseplus.gov.in/#/schooldetail/4700132/12,4700132,02/01/2026 11:51,2367
******01402 Operational,,ZPHS ENAKANDLA,,,,Andhra Pradesh,6-Pr. Up Pr. and Secondary Only,33-MPP_ZPP SCHOOLS,1 To 10,3-Co-educational,1-Rural,Banaganapalle,Enakandla,,,ENAKANDLA ENAKANDLA ENAKANDLA(VILLAGE) BANAGANAPALLI(MANDAL) KURNOOL(DIST),518124,srayudu32[at]gmail[dot]com,https://kys.udiseplus.gov.in/#/schooldetail/4700140/12,4700140,24/12/2025 18:00,2367
******01204 Operational,,ZPHS ERNAPADU,,,,Andhra Pradesh,7-Upper Pr. and Secondary,33-MPP_ZPP SCHOOLS,6 To 10,3-Co-educational,1-Rural,Bandi Atmakur,Ernapadu,,,ERNAPADU(VILLAGE) BANDIATMAKUR(MANDAL) KURNOOL(DIST),518512,hmzphsernapadu1204[at]gmail[dot]com,https://kys.udiseplus.gov.in/#/schooldetail/4700372/12,4700372,21/06/2025 18:15,2367
******01003 Operational,,ZPHS ERRAGUDIDINNE,,,,Andhra Pradesh,6-Pr. Up Pr. and Secondary Only,33-MPP_ZPP SCHOOLS,1 To 10,3-Co-educational,1-Rural,Rudravaram,Erragudidinne,,,ERRAGUDIDINNE ERRAGUDIDINNE ERRAGUDIDINNE(VILLAGE) RUDRAVARAM(MANDAL) KURNOOL(DIST),518510,zphserragudidinne[at]gmail[dot]com,https://kys.udiseplus.gov.in/#/schooldetail/4700816/12,4700816,24/12/2025 10:47,2367
******01103 Operational,,ZPHS GADIGAREVULA,,,,Andhra Pradesh,7-Upper Pr. and Secondary,33-MPP_ZPP SCHOOLS,6 To 10,3-Co-educational,1-Rural,Gadivemula,Gadigarevula,,,GADIGAREVULA GADIGAREVULA GADIGAREVULA(VILLAGE) GADIVEMULA(MANDAL) KURNOOL(DIST),518511,hmzphsgadigarevulaa[at]gmail[dot]com,https://kys.udiseplus.gov.in/#/schooldetail/4700316/12,4700316,21/06/2025 19:40,2367
******00307 Operational,,ZPHS GADIVEMULA,,,,Andhra Pradesh,6-Pr. Up Pr. and Secondary Only,33-MPP_ZPP SCHOOLS,1 To 10,3-Co-educational,1-Rural,Gadivemula,Gadivemula,,,GADIVEMULA GADIVEMULA GADIVEMULA(VILLAGE) GADIVEMULA(MANDAL) KURNOOL(DIST),518508,gadivemula.zphs12[at]gmail[dot]com,https://kys.udiseplus.gov.in/#/schooldetail/4700279/12,4700279,21/06/2025 15:35,2367
******00809 Operational,,ZPHS GAJULAPALLE,,,,Andhra Pradesh,7-Upper Pr. and Secondary,33-MPP_ZPP SCHOOLS,6 To 10,3-Co-educational,1-Rural,Mahanandi,Gajulapalle,,,GAJULAPALLE GAJULAPALLE GAJULAPALLE(VILLAGE) MAHANANDI(MANDAL) KURNOOL(DIST),518583,zphschool409[at]gmail[dot]com,https://kys.udiseplus.gov.in/#/schooldetail/4700724/12,4700724,21/06/2025 19:07,2367
******00930 Operational,,ZPHS(G) ALLAGADDA,,,,Andhra Pradesh,7-Upper Pr. and Secondary,33-MPP_ZPP SCHOOLS,6 To 10,2-Girls,2-Urban,NA,,Allagadda Ward no. 12,Allagadda-Town Panchayat,ALLAGADDA ALLAGADDA ALLAGADDA ALLAGADDA KURNOOL,518543,zphsga[at]gmail[dot]com,https://kys.udiseplus.gov.in/#/schooldetail/4700899/12,4700899,26/12/2025 08:56,2367
******00105 Operational,,ZPHS GANI,,,,Andhra Pradesh,7-Upper Pr. and Secondary,33-MPP_ZPP SCHOOLS,6 To 10,3-Co-educational,1-Rural,Gadivemula,Gani,,,GANI GANI GANI(VILLAGE) GADIVEMULA(MANDAL) KURNOOL(DIST),518010,ganiheadmaster[at]gmail[dot]com,https://kys.udiseplus.gov.in/#/schooldetail/4700269/12,4700269,21/06/2025 19:22,2367
******01606 Operational,,ZPHS GIDDALUR,,,,Andhra Pradesh,7-Upper Pr. and Secondary,33-MPP_ZPP SCHOOLS,6 To 10,3-Co-educational,1-Rural,Sanjamala,Giddalur,,,GIDDALUR SANJAMALA GIDDALUR(VILLAGE) SANJAMALA(MANDAL) KURNOOL(DIST),518166,zphsgiddaluru1606[at]gmail[dot]com,https://kys.udiseplus.gov.in/#/schooldetail/4701386/12,4701386,23/12/2025 15:10,2367
******00128 Operational,,ZPHS(GIRLS) ATMAKUR,,,,Andhra Pradesh,7-Upper Pr. and Secondary,33-MPP_ZPP SCHOOLS,6 To 10,3-Co-educational,2-Urban,NA,,Atmakurknl Ward No. 1,Atmakur (Kurnool)-Municipality,ATMAKUR ATMAKUR ATMAKUR(VILLAGE) ATMAKUR(MANDAL) KURNOOL(DIST),518422,meo.atmakur[at]gmail[dot]com,https://kys.udiseplus.gov.in/#/schooldetail/4698531/12,4698531,21/06/2025 10:51,2367
******03121 Operational,,ZPHS(GIRLS) B.PALLI,,,,Andhra Pradesh,7-Upper Pr. and Secondary,33-MPP_ZPP SCHOOLS,6 To 10,2-Girls,1-Rural,Banaganapalle,Banaganapalle (Ct),,,BANAGANAPALLE BANAGANAPALLI BANAGANAPALLE(VILLAGE) BANAGANAPALLI(MANDAL) KURNOOL(DIST),518124,zphsgirls2023[at]gmail[dot]com,https://kys.udiseplus.gov.in/#/schooldetail/4701312/12,4701312,10/09/2025 11:16,2367
******00637 Operational,,ZPHS(GIRLS) DHONE,,,,Andhra Pradesh,7-Upper Pr. and Secondary,33-MPP_ZPP SCHOOLS,6 To 10,2-Girls,2-Urban,NA,,Dhone Ward No. 2,Dhone(M)-Municipality,DHONE NEAR SBI MAIN BRANCH DHONE(VILLAGE) DHONE(MANDAL) KURNOOL(DIST),518222,maimunnisass2519[at]gmail[dot]com,https://kys.udiseplus.gov.in/#/schooldetail/4701659/12,4701659,21/09/2024 11:16,2367
******00936 Operational,,ZPHS(GIRLS) NANDIKOTKUR,,,,Andhra Pradesh,5-Up. Pr. Secondary and Higher Sec,33-MPP_ZPP SCHOOLS,6 To 12,2-Girls,2-Urban,NA,,Nandikotkur Ward No. 10,Nandikotkur-Town Panchayat,NANDI KOTKUR NEAR GOVT.COLLEGE ROAD NANDI KOTKUR(VILLAGE) NANDIKOTKUR(MANDAL) KURNOOL(DIST),518401,zphsgirlsndk[at]gmail[dot]com,https://kys.udiseplus.gov.in/#/schooldetail/4698383/12,4698383,01/07/2024 15:54,2367
******00711 Operational,,ZPHS(GIRLS) PEAPULLY,,,,Andhra Pradesh,7-Upper Pr. and Secondary,33-MPP_ZPP SCHOOLS,6 To 10,2-Girls,1-Rural,Peapully,Peapally,,,PEAPALLY PEAPALLY PEAPALLY(VILLAGE) PEAPULLY(MANDAL) KURNOOL(DIST),518221,peapullyzphsgirls[at]gmail[dot]com,https://kys.udiseplus.gov.in/#/schooldetail/4701550/12,4701550,15/10/2020 12:18,2367
******01419 Operational,,ZPHS(G) KOILAKUNTLA,,,,Andhra Pradesh,7-Upper Pr. and Secondary,33-MPP_ZPP SCHOOLS,6 To 10,2-Girls,1-Rural,Koilakuntla,Koilkuntla,,,SABHAPATHI ROAD KOILAKUNTLA KOILKUNTLA(VILLAGE) KOILAKUNTLA(MANDAL) KURNOOL(DIST),518134,arunakumariguduru[at]gmail[dot]com,https://kys.udiseplus.gov.in/#/schooldetail/4701184/12,4701184,24/12/2025 12:14,2367
******00607 Operational,,ZPHS G.LINGAPURAM,,,,Andhra Pradesh,7-Upper Pr. and Secondary,33-MPP_ZPP SCHOOLS,6 To 10,3-Co-educational,1-Rural,Bandi Atmakur,Gali Chennaiah Palem,,,G.LINGAPURAM G.LINGAPURAM G.CH.PALEM(VILLAGE) BANDIATMAKUR(MANDAL) KURNOOL(DIST),518513,hmglingapuram[at]gmail[dot]com,https://kys.udiseplus.gov.in/#/schooldetail/4700342/12,4700342,23/12/2025 13:10,2367
******00701 Operational,,ZPHS GODIGANURU,,,,Andhra Pradesh,6-Pr. Up Pr. and Secondary Only,33-MPP_ZPP SCHOOLS,1 To 10,3-Co-educational,1-Rural,Chagalamarri,Godiganuru,,,GODIGANURU GODIGANURU GODIGANURU(VILLAGE) CHAGALAMARRI(MANDAL) KURNOOL(DIST),518553,mpup.godiganur[at]gmail[dot]com,https://kys.udiseplus.gov.in/#/schooldetail/4700988/12,4700988,25/06/2024 11:33,2367
******01103 Operational,,ZPHS GOKAVARAM,,,,Andhra Pradesh,6-Pr. Up Pr. and Secondary Only,33-MPP_ZPP SCHOOLS,1 To 10,3-Co-educational,1-Rural,Kothapalle,Gokavaram,,,GOKAVARAM GOKAVARAM GOKAVARAM(VILLAGE) KOTAPALLI(MANDAL) KURNOOL(DIST),518422,ksrayudu1350[at]gmail[dot]com,https://kys.udiseplus.gov.in/#/schooldetail/4698501/12,4698501,26/06/2025 13:50,2367
******00707 Operational,,ZPHS GOPAVARAM,,,,Andhra Pradesh,7-Upper Pr. and Secondary,33-MPP_ZPP SCHOOLS,6 To 10,3-Co-educational,1-Rural,Mahanandi,Gopavaram,,,GOPAVARAM MAHANANDI GOPAVARAM(VILLAGE) MAHANANDI(MANDAL) KURNOOL(DIST),518583,zphsgopavaram707[at]gmail[dot]com,https://kys.udiseplus.gov.in/#/schooldetail/4700716/12,4700716,21/06/2025 19:07,2367
******01101 Operational,,ZPHS GORLAGUTTA,,,,Andhra Pradesh,6-Pr. Up Pr. and Secondary Only,33-MPP_ZPP SCHOOLS,1 To 10,3-Co-educational,1-Rural,Bethamcherla,Gollagutta,,,"GORLAGUTTA VILLAGE,BETHAMCHERLA MANDAL.",518124,kottamiddemaddiletyreddy[at]gmail[dot]com,https://kys.udiseplus.gov.in/#/schooldetail/4700170/12,4700170,27/12/2025 12:08,2367
******00207 Operational,,ZPHS GORUKALLU,,,,Andhra Pradesh,7-Upper Pr. and Secondary,33-MPP_ZPP SCHOOLS,6 To 10,3-Co-educational,1-Rural,Panyam,Gorukallu,,,GORUKALLU VILLAGE PANYAM(MANDAL) KURNOOL(DIST),518511,hmzphsgorukallu[at]gmail[dot]com,https://kys.udiseplus.gov.in/#/schooldetail/4700205/12,4700205,11/05/2022 10:24,2367
******00108 Operational,,ZPHS GORVIMANPALLI,,,,Andhra Pradesh,7-Upper Pr. and Secondary,33-MPP_ZPP SCHOOLS,6 To 10,3-Co-educational,1-Rural,Kolimigundla,Petnikota,,,GORVIMANUPALLE PETNIKOTA PETNIKOTA(VILLAGE) KOLIMIGUNDLA(MANDAL) KURNOOL(DIST),518123,cskreddy2002[at]gmail[dot]com,https://kys.udiseplus.gov.in/#/schooldetail/4701403/12,4701403,13/05/2022 11:58,2367
******00626 Operational,,ZPHS GOSANIPALLI,,,,Andhra Pradesh,6-Pr. Up Pr. and Secondary Only,33-MPP_ZPP SCHOOLS,1 To 10,3-Co-educational,1-Rural,Dhone Alias Dronachalam,Dhone,,,GOSANIPALLI DHONE DHONE(VILLAGE) DHONE(MANDAL) KURNOOL(DIST),518222,zphsgosanipallihm[at]gmail[dot]com,https://kys.udiseplus.gov.in/#/schooldetail/4700519/12,4700519,17/06/2025 19:17,2367
******00903 Operational,,ZPHS GOSPADU,,,,Andhra Pradesh,7-Upper Pr. and Secondary,33-MPP_ZPP SCHOOLS,6 To 10,3-Co-educational,1-Rural,Gospadu,Gospadu,,,GOSPADU GOSPADU GOSPADU(VILLAGE) GOSPADU(MANDAL) KURNOOL(DIST),518674,zphsgospadu903[at]gmail[dot]com,https://kys.udiseplus.gov.in/#/schooldetail/4701129/12,4701129,19/12/2025 11:06,2367
******00104 Operational,,ZPHS GOVINDPALLE,,,,Andhra Pradesh,7-Upper Pr. and Secondary,33-MPP_ZPP SCHOOLS,6 To 10,3-Co-educational,1-Rural,Sirivel,Govindpalle,,,GOVINDPALLE GOVINDPALLE GOVINDPALLE(VILLAGE) SIRVEL(MANDAL) KURNOOL(DIST),518502,zphsgovindapalle[at]gmail[dot]com,https://kys.udiseplus.gov.in/#/schooldetail/4700736/12,4700736,19/09/2024 09:23,2367
******01010 Operational,,ZPHS(G) OWK,,,,Andhra Pradesh,7-Upper Pr. and Secondary,33-MPP_ZPP SCHOOLS,6 To 10,2-Girls,1-Rural,Owk,Owk,,,OWK OWK OWK(VILLAGE) OWK(MANDAL) KURNOOL(DIST),518122,girlsowk[at]gmail[dot]com,https://kys.udiseplus.gov.in/#/schooldetail/4713570/12,4713570,11/05/2022 15:00,2367
******01402 Operational,,ZPHS G SINGAVARAM,,,,Andhra Pradesh,7-Upper Pr. and Secondary,33-MPP_ZPP SCHOOLS,6 To 10,3-Co-educational,1-Rural,Owk,Gundla Singavaram,,,GUNDLA SINGAVARAM GUNDLA SINGAVARAM GUNDLA SINGAVARAM (VILLAGE) OWK(MANDAL) KURNOOL(DIST),518124,zphsgsvaram[at]gmail[dot]com,https://kys.udiseplus.gov.in/#/schooldetail/4701514/12,4701514,24/12/2025 14:11,2367
******01803 Operational,,ZPHS GULLADURTHY,,,,Andhra Pradesh,7-Upper Pr. and Secondary,33-MPP_ZPP SCHOOLS,6 To 10,3-Co-educational,1-Rural,Koilakuntla,Gulladurthi,,,GULLADURTHI KOILAKUNTLA GULLADURTHI(VILLAGE) KOILAKUNTLA(MANDAL) KURNOOL(DIST),518134,,https://kys.udiseplus.gov.in/#/schooldetail/4701224/12,4701224,23/12/2025 16:36,2367
******00205 Operational,,ZPHS GUMMAKONDA,,,,Andhra Pradesh,6-Pr. Up Pr. and Secondary Only,33-MPP_ZPP SCHOOLS,1 To 10,3-Co-educational,1-Rural,Dhone Alias Dronachalam,Venkatapuram,,,GUMMAKONDA VENKATAPURAM VENKATAPURAM(VILLAGE) DHONE(MANDAL) KURNOOL(DIST),518225,thousifa2011[at]gmail[dot]com,https://kys.udiseplus.gov.in/#/schooldetail/4701624/12,4701624,17/06/2025 18:52,2367
******00402 Operational,,ZPHS GUNTHAKANDALA,,,,Andhra Pradesh,7-Upper Pr. and Secondary,33-MPP_ZPP SCHOOLS,6 To 10,3-Co-educational,1-Rural,Velugodu,Gunthakandala,,,GUNTHAKANDALA GUNTHAKANDALA GUNTHAKANDALA(VILLAGE) VELUGODU(MANDAL) KURNOOL(DIST),518533,mpups.gunthakandala[at]gmail[dot]com,https://kys.udiseplus.gov.in/#/schooldetail/4698639/12,4698639,05/08/2025 16:22,2367
******00707 Operational,,ZPHS GUTUPALLE,,,,Andhra Pradesh,7-Upper Pr. and Secondary,33-MPP_ZPP SCHOOLS,6 To 10,3-Co-educational,1-Rural,Bethamcherla,Gutupalle,,,"GUTUPALLE VILLAGE, BETHAMCHERLA MANDAL KURNOOL DISTRICT 518598",518598,zphsgutupalle25[at]gmail[dot]com,https://kys.udiseplus.gov.in/#/schooldetail/4700156/12,4700156,21/06/2025 18:17,2367
******00907 Operational,,ZPHS GUVVALAKUNTLA,,,,Andhra Pradesh,6-Pr. Up Pr. and Secondary Only,33-MPP_ZPP SCHOOLS,1 To 10,3-Co-educational,1-Rural,Kothapalle,Guvvalakunta,,,GUVVLAKUNTLA KOTAPALLI GUVVLAKUNTA(VILLAGE) KOTAPALLI(MANDAL) KURNOOL(DIST),518422,ervaushenaiah[at]gmail[dot]com,https://kys.udiseplus.gov.in/#/schooldetail/4698497/12,4698497,21/06/2025 18:57,2367
******90228 Operational,,ZPHS(HANUMAN NAGAR),,,,Andhra Pradesh,7-Upper Pr. and Secondary,33-MPP_ZPP SCHOOLS,6 To 10,3-Co-educational,2-Urban,NA,,Election Ward No.17,BETHAMCHERLA-Town Panchayat,"BETHAMCHERLA BETHAMCHERAL, BETHAMCHERLA(VILLAGE) BETHAMCHERLA(MANDAL) KURNOOL(DIST)",518599,zphshnbtc[at]gmail[dot]com,https://kys.udiseplus.gov.in/#/schooldetail/4700187/12,4700187,27/12/2025 13:24,2367
******00103 Operational,,ZPHS HARIVARAM,,,,Andhra Pradesh,7-Upper Pr. and Secondary,33-MPP_ZPP SCHOOLS,6 To 10,3-Co-educational,1-Rural,Uyyalawada,Harivaram,,,HARIVARAM HARIVARAM HARIVARAM(VILLAGE) UYYALAWADA(MANDAL) KURNOOL(DIST),518134,harivaramzphschool[at]gmail[dot]com,https://kys.udiseplus.gov.in/#/schooldetail/4701041/12,4701041,24/12/2025 10:28,2367
******00609 Operational,,ZPHS H.KOTTALA,,,,Andhra Pradesh,6-Pr. Up Pr. and Secondary Only,33-MPP_ZPP SCHOOLS,1 To 10,3-Co-educational,1-Rural,Bethamcherla,Bethamcherla (Ct),,,"H KOTTALA (VILLAGE) ,BETHAMCHERLA(MANDAL) KURNOOL(DIST)",518599,mpupsh.kottala[at]gmail[dot]com,https://kys.udiseplus.gov.in/#/schooldetail/4700143/12,4700143,19/06/2025 12:56,2367
******01506 Operational,,ZPHS HUSSAINAPURAM,,,,Andhra Pradesh,7-Upper Pr. and Secondary,33-MPP_ZPP SCHOOLS,6 To 10,3-Co-educational,1-Rural,Peapully,Kommemarri,,,HUSSAINAPURAM KOMMEMARRI KOMMEMARRI(VILLAGE) PEAPULLY(MANDAL) KURNOOL(DIST),518221,hmhussainpuram1348608[at]gmail[dot]com,https://kys.udiseplus.gov.in/#/schooldetail/4701601/12,4701601,22/06/2025 06:01,2367
******90212 Operational,,ZPHS (HW) B.CHERLA,,,,Andhra Pradesh,6-Pr. Up Pr. and Secondary Only,33-MPP_ZPP SCHOOLS,1 To 10,3-Co-educational,2-Urban,NA,,Election Ward No.15,BETHAMCHERLA-Town Panchayat,"BETHAMCHERLA HARIJANAWADA, BETHAMCHERLA(VILLAGE) BETHAMCHERLA(MANDAL) KURNOOL(DIST)",518599,madduletikuruva384[at]gmail[dot]com,https://kys.udiseplus.gov.in/#/schooldetail/4700179/12,4700179,27/12/2025 12:42,2367
******03602 Operational,,ZPHS ILLURUKOTHAPETA,,,,Andhra Pradesh,7-Upper Pr. and Secondary,33-MPP_ZPP SCHOOLS,6 To 10,3-Co-educational,1-Rural,Banaganapalle,Illurukothapalle,,,ILLURUKOTHAPETA ILLURUKOTHAPETA ILLURUKOTHAPETA(VILLAGE) BANAGANAPALLI(MANDAL) KURNOOL(DIST),518186,zphsikothapeta[at]gmail[dot]com,https://kys.udiseplus.gov.in/#/schooldetail/4701350/12,4701350,17/09/2024 10:07,2367
******00403 Operational,,ZPHS ISKALA,,,,Andhra Pradesh,6-Pr. Up Pr. and Secondary Only,33-MPP_ZPP SCHOOLS,1 To 10,3-Co-educational,1-Rural,Pamulapadu,Iskala,,,ISKALA(VILLAGE) PAMULAPADU(MANDAL) KURNOOL(DIST),518422,govindune[at]gmail[dot]com,https://kys.udiseplus.gov.in/#/schooldetail/4698682/12,4698682,25/06/2024 11:31,2367
******00202 Operational,,ZPHS ISUKAPALLI,,,,Andhra Pradesh,6-Pr. Up Pr. and Secondary Only,33-MPP_ZPP SCHOOLS,1 To 10,3-Co-educational,1-Rural,Sirivel,Chennur,,,ISUKAPALLI(VILLAGE) SIRVEL(MANDAL) KURNOOL(DIST),518583,valimasthan4388[at]gmail[dot]com,https://kys.udiseplus.gov.in/#/schooldetail/4700741/12,4700741,19/06/2025 14:42,2367
******01008 Operational,,ZPHS JALADURGAM,,,,Andhra Pradesh,7-Upper Pr. and Secondary,33-MPP_ZPP SCHOOLS,6 To 10,3-Co-educational,1-Rural,Peapully,Jaladurgam,,,JALADURGAM JALADURGAM JALADURGAM(VILLAGE) PEAPULLY(MANDAL) KURNOOL(DIST),518220,zphsjld[at]gmail[dot]com,https://kys.udiseplus.gov.in/#/schooldetail/4701579/12,4701579,26/06/2025 10:22,2367
******00304 Operational,,ZPHS KADUMUR,,,,Andhra Pradesh,7-Upper Pr. and Secondary,33-MPP_ZPP SCHOOLS,6 To 10,3-Co-educational,1-Rural,Midthur,Kadumur,,,KADUMUR KADUMUR(VILLAGE) MIDTHUR(MANDAL) KURNOOL(DIST),518452,zphskadumur2015[at]gmail[dot]com,https://kys.udiseplus.gov.in/#/schooldetail/4698758/12,4698758,19/12/2025 19:18,2367
******02902 Operational,,ZPHS KAIPA,,,,Andhra Pradesh,7-Upper Pr. and Secondary,33-MPP_ZPP SCHOOLS,6 To 10,3-Co-educational,1-Rural,Banaganapalle,Kyapa,,,KYAPA KYAPA KYAPA(VILLAGE) BANAGANAPALLI(MANDAL) KURNOOL(DIST),518124,zphskyapabpl[at]gmail[dot]com,https://kys.udiseplus.gov.in/#/schooldetail/4701291/12,4701291,23/06/2025 10:30,2367
******00208 Operational,,"ZPHS, KALAMANDALAPADU",,,,Andhra Pradesh,7-Upper Pr. and Secondary,33-MPP_ZPP SCHOOLS,6 To 10,3-Co-educational,1-Rural,Midthur,Masapeta,,,KALAMANDALAPADU MASAPETA VILLAGE MIDTHUR MANDAL KURNOOL DT 518452,518452,zphskalamandalapadu2023[at]gmail[dot]com,https://kys.udiseplus.gov.in/#/schooldetail/4697717/12,4697717,19/12/2025 19:17,2367
******00702 Operational,,ZPHS KALUGOTLA,,,,Andhra Pradesh,7-Upper Pr. and Secondary,33-MPP_ZPP SCHOOLS,6 To 10,3-Co-educational,1-Rural,Koilakuntla,Kalugotla,,,KALUGOTLA KALUGOTLA KALUGOTLA(VILLAGE) KOILAKUNTLA(MANDAL) KURNOOL(DIST),518134,,https://kys.udiseplus.gov.in/#/schooldetail/4701160/12,4701160,23/12/2025 16:27,2367
******00302 Operational,,ZPHS KAMALAPURI,,,,Andhra Pradesh,6-Pr. Up Pr. and Secondary Only,33-MPP_ZPP SCHOOLS,1 To 10,3-Co-educational,1-Rural,Sanjamala,Kamalapuri,,,KAMALAPURI SANJAMALA KAMALAPURI(VILLAGE) SANJAMALA(MANDAL) KURNOOL(DIST),518196,zphskamalapuri70[at]gmail[dot]com,https://kys.udiseplus.gov.in/#/schooldetail/4701358/12,4701358,23/12/2025 14:53,2367
******00905 Operational,,ZPHS KANAKADRIPALLI,,,,Andhra Pradesh,7-Upper Pr. and Secondary,33-MPP_ZPP SCHOOLS,6 To 10,3-Co-educational,1-Rural,Kolimigundla,Itikala,,,KANAKADRIPALLI ITIKALA ITIKALA(VILLAGE) KOLIMIGUNDLA(MANDAL) KURNOOL(DIST),518123,zphskkp23[at]gmail[dot]com,https://kys.udiseplus.gov.in/#/schooldetail/4701431/12,4701431,15/10/2020 12:18,2367
******01805 Operational,,ZPHS KANALA,,,,Andhra Pradesh,7-Upper Pr. and Secondary,33-MPP_ZPP SCHOOLS,6 To 10,3-Co-educational,1-Rural,Sanjamala,Kanala,,,KANALA SANJAMALA KANALA(VILLAGE) SANJAMALA(MANDAL) KURNOOL(DIST),518165,zphskanala1805[at]gmail[dot]com,https://kys.udiseplus.gov.in/#/schooldetail/4650514/12,4650514,23/12/2025 15:53,2367
******01502 Operational,,ZPHS KANALA,,,,Andhra Pradesh,6-Pr. Up Pr. and Secondary Only,33-MPP_ZPP SCHOOLS,1 To 10,3-Co-educational,1-Rural,Nandyal,Kanala,,,KANALA KANALA KANALA(VILLAGE) NANDYAL(MANDAL) KURNOOL(DIST),518593,nandyala.bas[at]gmail[dot]com,https://kys.udiseplus.gov.in/#/schooldetail/4700472/12,4700472,23/06/2025 10:37,2367
******01004 Operational,,ZPHS KARIMADDALA,,,,Andhra Pradesh,7-Upper Pr. and Secondary,33-MPP_ZPP SCHOOLS,6 To 10,3-Co-educational,1-Rural,Gadivemula,Karimaddala,,,KARIMADDALA GADIVEMULA KARIMADDALA(VILLAGE) GADIVEMULA(MANDAL) KURNOOL(DIST),518523,hmzphskarimaddula[at]gmail[dot]com,https://kys.udiseplus.gov.in/#/schooldetail/4700314/12,4700314,22/12/2025 16:15,2367
******01008 Operational,,ZPHS KARIVENA,,,,Andhra Pradesh,7-Upper Pr. and Secondary,33-MPP_ZPP SCHOOLS,6 To 10,3-Co-educational,1-Rural,Atmakur,Karivena,,,KARIVENA ATMAKUR KARIVENA(VILLAGE) ATMAKUR(MANDAL) KURNOOL(DIST),518422,zphskarivena[at]gmail[dot]com,https://kys.udiseplus.gov.in/#/schooldetail/4698595/12,4698595,25/06/2025 16:23,2367
******00605 Operational,,ZPHS K.BANAKACHERLA,,,,Andhra Pradesh,6-Pr. Up Pr. and Secondary Only,33-MPP_ZPP SCHOOLS,1 To 10,3-Co-educational,1-Rural,Pamulapadu,Bhanumukkala,,,KOTHA BANAKACHERLA BHANUMUKKALA(VILLAGE) PAMULAPADU(MANDAL) KURNOOL(DIST),518533,hm.zphskbanakacherla[at]gmail[dot]com,https://kys.udiseplus.gov.in/#/schooldetail/4698686/12,4698686,21/06/2025 19:40,2367
******01804 Operational,,ZPHS K KANDUKUR,,,,Andhra Pradesh,6-Pr. Up Pr. and Secondary Only,33-MPP_ZPP SCHOOLS,1 To 10,3-Co-educational,1-Rural,Allagadda,Kotha Kandukur,,,KOTHA KANDUKUR KOTHAKANDUKUR KOTHA KANDUKUR(VILLAGE) ALLAGADDA(MANDAL) KURNOOL(DIST),518543,sakuntalavvs[at]gmail[dot]com,https://kys.udiseplus.gov.in/#/schooldetail/4700965/12,4700965,20/06/2025 18:40,2367
******01104 Operational,,"ZPHS, K.KOTTALA",,,,Andhra Pradesh,6-Pr. Up Pr. and Secondary Only,33-MPP_ZPP SCHOOLS,1 To 10,3-Co-educational,1-Rural,Jupadu Bungalow,Thudicherla,,,K.KOTALA 2 THUDICHERLA(VILLAGE) J-BUNGLAW(MANDAL) KURNOOL(DIST),518508,zphskkottala[at]gmail[dot]com,https://kys.udiseplus.gov.in/#/schooldetail/4698740/12,4698740,21/06/2025 15:46,2367
******00905 Operational,,ZPHS KOCHERUVU,,,,Andhra Pradesh,7-Upper Pr. and Secondary,33-MPP_ZPP SCHOOLS,6 To 10,3-Co-educational,1-Rural,Dhone Alias Dronachalam,Kocheruvu,,,KOCHERUVU KOCHERUVU KOCHERUVU(VILLAGE) DHONE(MANDAL) KURNOOL(DIST),518222,zphskocheruvu905[at]gmail[dot]com,https://kys.udiseplus.gov.in/#/schooldetail/4701719/12,4701719,21/09/2024 15:58,2367
******00805 Operational,,ZPHS KOLIMIGUNDLA,,,,Andhra Pradesh,7-Upper Pr. and Secondary,33-MPP_ZPP SCHOOLS,6 To 10,3-Co-educational,1-Rural,Kolimigundla,Kolimigundla,,,KOLIMIGUNDLA KOLIMIGUNDLA KOLIMIGUNDLA(VILLAGE) KOLIMIGUNDLA(MANDAL) KURNOOL(DIST),518123,kondappa.challa[at]gmail[dot]com,https://kys.udiseplus.gov.in/#/schooldetail/4701419/12,4701419,21/06/2025 18:56,2367
******00503 Operational,,ZPHS KOLUMULAPALLE,,,,Andhra Pradesh,6-Pr. Up Pr. and Secondary Only,33-MPP_ZPP SCHOOLS,1 To 10,3-Co-educational,1-Rural,Bethamcherla,Kolumulapalle,,,KOLUMULAPALLE(VILLAGE) BETHAMCHERLA(MANDAL) KURNOOL(DIST),518599,kanduruvenkateswarlu[at]gmail[dot]com,https://kys.udiseplus.gov.in/#/schooldetail/4700137/12,4700137,27/12/2025 11:40,2367
******00303 Operational,,ZPHS KONDAJUTUR,,,,Andhra Pradesh,7-Upper Pr. and Secondary,33-MPP_ZPP SCHOOLS,6 To 10,3-Co-educational,1-Rural,Panyam,Kondajutur,,,KONDAJUTUR KONDAJUTUR KONDAJUTUR(VILLAGE) PANYAM(MANDAL) KURNOOL(DIST),518112,hmzphskondajutur[at]gmail[dot]com,https://kys.udiseplus.gov.in/#/schooldetail/4700208/12,4700208,26/06/2025 10:22,2367
******01503 Operational,,ZPHS KONDUPALLE,,,,Andhra Pradesh,6-Pr. Up Pr. and Secondary Only,33-MPP_ZPP SCHOOLS,1 To 10,3-Co-educational,1-Rural,Uyyalawada,Kondupalle,,,KONDUPALLE KONDUPALLE KONDUPALLE(VILLAGE) UYYALAWADA(MANDAL) KURNOOL(DIST),518543,hmzphskondupalli[at]gmail[dot]com,https://kys.udiseplus.gov.in/#/schooldetail/4701073/12,4701073,21/06/2025 19:46,2367
******00802 Operational,,ZPHS KONIDEDU,,,,Andhra Pradesh,7-Upper Pr. and Secondary,33-MPP_ZPP SCHOOLS,6 To 10,3-Co-educational,1-Rural,Panyam,Konidedu,,,KONIDEDU KONIDEDU KONIDEDU(VILLAGE) PANYAM(MANDAL) KURNOOL(DIST),518112,zphskonidedu[at]gmail[dot]com,https://kys.udiseplus.gov.in/#/schooldetail/4700241/12,4700241,21/06/2025 19:44,2367
******00305 Operational,,ZPHS KONIDELA,,,,Andhra Pradesh,7-Upper Pr. and Secondary,33-MPP_ZPP SCHOOLS,6 To 10,3-Co-educational,1-Rural,Nandikotkur,Konidela,,,KONIDELA KONIDELA KONIDELA(VILLAGE) NANDIKOTKUR(MANDAL) KURNOOL(DIST),518411,zphskonidela8088[at]gmail[dot]com,https://kys.udiseplus.gov.in/#/schooldetail/4698342/12,4698342,21/06/2025 19:25,2367
******00203 Operational,,ZPHS KOTAKONDA,,,,Andhra Pradesh,6-Pr. Up Pr. and Secondary Only,33-MPP_ZPP SCHOOLS,1 To 10,3-Co-educational,1-Rural,Rudravaram,Kotakonda,,,KOTAKONDA KOTAKONDA KOTAKONDA(VILLAGE) RUDRAVARAM(MANDAL) KURNOOL(DIST),518583,mpupskotakonda[at]gmail[dot]com,https://kys.udiseplus.gov.in/#/schooldetail/4700795/12,4700795,24/12/2025 11:16,2367
******00804 Operational,,ZPHS KOTHAPALLI,,,,Andhra Pradesh,7-Upper Pr. and Secondary,33-MPP_ZPP SCHOOLS,6 To 10,3-Co-educational,1-Rural,Kothapalle,Kothapalle,,,KOTHAPALLE KOTAPALLI KOTHAPALLE(VILLAGE) KOTAPALLI(MANDAL) KURNOOL(DIST),518422,zphschkothapalli[at]gmail[dot]com,https://kys.udiseplus.gov.in/#/schooldetail/4698486/12,4698486,21/06/2025 19:07,2367
******00669 Operational,,ZPHS KOTHAPETA,,,,Andhra Pradesh,7-Upper Pr. and Secondary,33-MPP_ZPP SCHOOLS,6 To 10,3-Co-educational,2-Urban,NA,,Dhone Ward No. 18,Dhone(M)-Municipality,KOTHAPETA DHONE DHONE(VILLAGE) DHONE(MANDAL) KURNOOL(DIST),518222,ramanarasappa007[at]gmail[dot]com,https://kys.udiseplus.gov.in/#/schooldetail/4701678/12,4701678,21/06/2025 18:15,2367
******00902 Operational,,ZPHS KRISTIPADU,,,,Andhra Pradesh,6-Pr. Up Pr. and Secondary Only,33-MPP_ZPP SCHOOLS,1 To 10,3-Co-educational,1-Rural,Dornipadu,Kristipadu,,,KRISTIPADU (VILLAGE) DORNIPADU (MANDAL) KURNOOL(DIST),518135,lakshmaiah731[at]gmail[dot]com,https://kys.udiseplus.gov.in/#/schooldetail/4699998/12,4699998,19/06/2025 13:21,2367
******01105 Operational,,ZPHS KUNUKUNTLA,,,,Andhra Pradesh,7-Upper Pr. and Secondary,33-MPP_ZPP SCHOOLS,6 To 10,3-Co-educational,1-Rural,Owk,Kunukuntla,,,KUNUKUNTLA KUNUKUNTLA KUNUKUNTLA(VILLAGE) OWK(MANDAL) KURNOOL(DIST),518122,zphskunukuntla[at]gmail[dot]com,https://kys.udiseplus.gov.in/#/schooldetail/4701507/12,4701507,21/06/2025 19:36,2367
******00209 Operational,,ZPHS KURUKUNDA,,,,Andhra Pradesh,7-Upper Pr. and Secondary,33-MPP_ZPP SCHOOLS,6 To 10,3-Co-educational,1-Rural,Atmakur,Kurukunda,,,KURUKUNDA ATMAKUR MANDAL,518422,zphschoolkurukunda[at]gmail[dot]com,https://kys.udiseplus.gov.in/#/schooldetail/4698568/12,4698568,21/06/2025 18:15,2367
******00204 Operational,,ZPHS LINGALA,,,,Andhra Pradesh,7-Upper Pr. and Secondary,33-MPP_ZPP SCHOOLS,6 To 10,3-Co-educational,1-Rural,Pamulapadu,Jutur,,,LINGALA LINGALA JUTUR(VILLAGE) PAMULAPADU(MANDAL) KURNOOL(DIST),518442,zphslingala[at]gmail[dot]com,https://kys.udiseplus.gov.in/#/schooldetail/4698678/12,4698678,26/06/2025 10:22,2367
******01203 Operational,,ZPHS MADDUR,,,,Andhra Pradesh,7-Upper Pr. and Secondary,33-MPP_ZPP SCHOOLS,6 To 10,3-Co-educational,1-Rural,Panyam,Maddur,,,MADDUR MADDUR MADDUR(VILLAGE) PANYAM(MANDAL) KURNOOL(DIST)518593,518593,hmzphsmaddur[at]gmail[dot]com,https://kys.udiseplus.gov.in/#/schooldetail/4700257/12,4700257,26/06/2025 10:22,2367
******00803 Operational,,ZPHS MADDURU,,,,Andhra Pradesh,7-Upper Pr. and Secondary,33-MPP_ZPP SCHOOLS,6 To 10,3-Co-educational,1-Rural,Chagalamarri,Madduru,,,MADDURU CHAGALAMARRI MANDAL,518553,mahaboob.basha.a66[at]gmail[dot]com,https://kys.udiseplus.gov.in/#/schooldetail/4700991/12,4700991,25/06/2025 17:20,2367
******00803 Operational,,ZPHS MADHAVARAM,,,,Andhra Pradesh,6-Pr. Up Pr. and Secondary Only,33-MPP_ZPP SCHOOLS,1 To 10,3-Co-educational,1-Rural,Velugodu,Mothukur,,,MADHAVARAM. MADHAVARAM. MOTHUKUR(VILLAGE) VELUGODU(MANDAL) KURNOOL(DIST),518533,mpupsmpups6[at]gmail[dot]com,https://kys.udiseplus.gov.in/#/schooldetail/4698671/12,4698671,19/06/2025 14:59,2367
******00506 Operational,,ZPHS MAHADEVAPURAM,,,,Andhra Pradesh,7-Upper Pr. and Secondary,33-MPP_ZPP SCHOOLS,6 To 10,3-Co-educational,1-Rural,Sirivel,Mahadevapuram,,,MAHADEVAPURAM SIRVEL MAHADEVAPURAM(VILLAGE) SIRVEL(MANDAL) KURNOOL(DIST),518583,hmzphsmahadevapuram[at]gmail[dot]com,https://kys.udiseplus.gov.in/#/schooldetail/4700753/12,4700753,21/06/2025 19:45,2367
******00521 Operational,,ZPHS MAIN ROAD VELGODE,,,,Andhra Pradesh,7-Upper Pr. and Secondary,33-MPP_ZPP SCHOOLS,6 To 10,3-Co-educational,1-Rural,Velugodu,Velgode,,,MAIN ROAD VELGODE VELGODE(VILLAGE) VELUGODU(MANDAL) KURNOOL(DIST),518533,zphsvelugodu[at]gmail[dot]com,https://kys.udiseplus.gov.in/#/schooldetail/4698657/12,4698657,20/09/2024 15:38,2367
******00206 Operational,,ZPHS MALLEMPALLI,,,,Andhra Pradesh,7-Upper Pr. and Secondary,33-MPP_ZPP SCHOOLS,6 To 10,3-Co-educational,1-Rural,Dhone Alias Dronachalam,Venkatapuram,,,"MALLEMPALLI (VILLAGERS) DHONE (MANDAL) ,NANDYAL (DISTRICT)",518222,hmzphsmallempalli[at]gmail[dot]com,https://kys.udiseplus.gov.in/#/schooldetail/4701625/12,4701625,21/06/2025 18:49,2367
******00604 Operational,,ZPHS MALYALA,,,,Andhra Pradesh,7-Upper Pr. and Secondary,33-MPP_ZPP SCHOOLS,6 To 10,3-Co-educational,1-Rural,Nandikotkur,Malyala,,,MALYALA MALYALA MALYALA(VILLAGE) NANDIKOTKUR(MANDAL)I KURNOOL(DIST),518401,zphsmalyala57[at]gmail[dot]com,https://kys.udiseplus.gov.in/#/schooldetail/4698348/12,4698348,21/06/2025 19:25,2367
******00202 Operational,,ZPHS MANCHALAKATTA,,,,Andhra Pradesh,6-Pr. Up Pr. and Secondary Only,33-MPP_ZPP SCHOOLS,1 To 10,3-Co-educational,1-Rural,Gadivemula,Manchalakatta,,,MANCHALAKATTA MANCHALAKATTA MANCHALAKATTA(VILLAGE) GADIVEMULA(MANDAL) KURNOOL(DIST),518508,mpupmanchalakatta[at]gmail[dot]com,https://kys.udiseplus.gov.in/#/schooldetail/4700272/12,4700272,21/06/2025 18:50,2367
******00106 Operational,,ZPHS MANDLEM,,,,Andhra Pradesh,7-Upper Pr. and Secondary,33-MPP_ZPP SCHOOLS,6 To 10,3-Co-educational,1-Rural,Jupadu Bungalow,Mandlem,,,MANDLEM MANDLEM MANDLEM(VILLAGE) J-BANGLAW(MANDAL) KURNOOL(DIST),518401,zphsmandlem106[at]gmail[dot]com,https://kys.udiseplus.gov.in/#/schooldetail/4698713/12,4698713,09/05/2022 17:14,2367
******00103 Operational,,ZPHS MANGAMPETA,,,,Andhra Pradesh,7-Upper Pr. and Secondary,33-MPP_ZPP SCHOOLS,6 To 10,3-Co-educational,1-Rural,Owk,Vajragiri,,,MANGAMPETA VAJRAGIRI(POST) VAJRAGIRI(VILLAGE) OWK(MANDAL) KURNOOL(DIST),518124,zphsmangampeta103[at]gmail[dot]com,https://kys.udiseplus.gov.in/#/schooldetail/4701473/12,4701473,11/05/2022 13:03,2367
******01003 Operational,,ZPHS MAYALUR,,,,Andhra Pradesh,6-Pr. Up Pr. and Secondary Only,33-MPP_ZPP SCHOOLS,1 To 10,3-Co-educational,1-Rural,Uyyalawada,Mayalur,,,MAYALUR MAYALUR MAYALUR(VILLAGE) UYYALAWADA(MANDAL) KURNOOL(DIST),518155,zphs.mayalur[at]gmail[dot]com,https://kys.udiseplus.gov.in/#/schooldetail/4701058/12,4701058,21/06/2025 19:47,2367
******00407 Operational,,ZPHS MIDTHUR,,,,Andhra Pradesh,7-Upper Pr. and Secondary,33-MPP_ZPP SCHOOLS,6 To 10,3-Co-educational,1-Rural,Midthur,Midthur,,,MIDTHUR MIDTHUR(VILLAGE) MIDTHUR(MANDAL) KURNOOL(DIST),518405,zphsmidthur1963[at]gmail[dot]com,https://kys.udiseplus.gov.in/#/schooldetail/4698765/12,4698765,19/12/2025 19:24,2367
******00804 Operational,,ZPHS MITTAKANDALA,,,,Andhra Pradesh,6-Pr. Up Pr. and Secondary Only,33-MPP_ZPP SCHOOLS,1 To 10,3-Co-educational,1-Rural,Pamulapadu,Mittakandala,,,MITTAKANDALA MITTAKANDALA MITTAKANDALA(VILLAGE) PAMULAPADU(MANDAL) NANDYAL (DIST),518442,pmohanrao1970[at]gmail[dot]com,https://kys.udiseplus.gov.in/#/schooldetail/4698699/12,4698699,26/06/2025 13:51,2367
******00801 Operational,,ZPHS MOTHKUR,,,,Andhra Pradesh,6-Pr. Up Pr. and Secondary Only,33-MPP_ZPP SCHOOLS,1 To 10,3-Co-educational,1-Rural,Velugodu,Mothukur,,,MOTHUKUR MOTHUKUR MOTHUKUR(VILLAGE) VELUGODU(MANDAL) KURNOOL(DIST),518533,hmzphsmothkur[at]gmail[dot]com,https://kys.udiseplus.gov.in/#/schooldetail/4698669/12,4698669,19/06/2025 14:59,2367
******00105 Operational,,ZPHS M.PENDAKAL,,,,Andhra Pradesh,7-Upper Pr. and Secondary,33-MPP_ZPP SCHOOLS,6 To 10,3-Co-educational,1-Rural,Bethamcherla,Pendakal,,,M.PENDAKAL M.PENDAKAL (VILLAGE) BETHAMCHERLA(MANDAL) KURNOOL(DIST),518217,zphsmpendekal1[at]gmail[dot]com,https://kys.udiseplus.gov.in/#/schooldetail/4700122/12,4700122,27/12/2025 13:18,2367
******00204 Operational,,ZPHS MUDDAVARAM,,,,Andhra Pradesh,7-Upper Pr. and Secondary,33-MPP_ZPP SCHOOLS,6 To 10,3-Co-educational,1-Rural,Bethamcherla,Muddavaram,,,"MUDDAVARAM , MUDDAVARAM(VILLAGE) BETHAMCHERLA(MANDAL) KURNOOL(DIST)",518599,zphsmuddavaram033[at]gmail[dot]com,https://kys.udiseplus.gov.in/#/schooldetail/4700126/12,4700126,27/12/2025 13:15,2367
******00801 Operational,,ZPHS MUKKAMALLA,,,,Andhra Pradesh,6-Pr. Up Pr. and Secondary Only,33-MPP_ZPP SCHOOLS,1 To 10,3-Co-educational,1-Rural,Sanjamala,Mukkamalla,,,MUKKAMALLA SANJAMALA MUKKAMALLA(VILLAGE) SANJAMALA(MANDAL) KURNOOL(DIST),518165,raju.nagaraju22[at]gmail[dot]com,https://kys.udiseplus.gov.in/#/schooldetail/4701365/12,4701365,23/12/2025 14:54,2367
******01906 Operational,,ZPHS MUKNDAPURAM,,,,Andhra Pradesh,6-Pr. Up Pr. and Secondary Only,33-MPP_ZPP SCHOOLS,1 To 10,3-Co-educational,1-Rural,Rudravaram,Alamur,,,MUKUNDAPURAM MUKUNDAPURAM ALAMUR(VILLAGE) RUDRAVARAM(MANDAL) KURNOOL(DIST),518594,mpupsmukndapuram[at]gmail[dot]com,https://kys.udiseplus.gov.in/#/schooldetail/4700855/12,4700855,24/12/2025 10:50,2367
******01202 Operational,,ZPHS M.UPPLAPADU,,,,Andhra Pradesh,7-Upper Pr. and Secondary,33-MPP_ZPP SCHOOLS,6 To 10,3-Co-educational,1-Rural,Owk,Uppalapadu,,,M.UPPALAPADU M.UPPALAPADU UPPALAPADU(VILLAGE) OWK(MANDAL) KURNOOL(DIST),518122,zphsm.uppalapadu[at]gmail[dot]com,https://kys.udiseplus.gov.in/#/schooldetail/4701509/12,4701509,11/05/2022 15:18,2367
******00504 Operational,,ZPHS MUSALIMADUGU,,,,Andhra Pradesh,7-Upper Pr. and Secondary,33-MPP_ZPP SCHOOLS,6 To 10,3-Co-educational,1-Rural,Kothapalle,Musalimadugu,,,MUSALIMADUGU MUSALIMADUGU MUSALIMADUGU(VILLAGE) KOTAPALLI(MANDAL) KURNOOL(DIST),518422,zphsmusalimadugu0504[at]gmail[dot]com,https://kys.udiseplus.gov.in/#/schooldetail/4650356/12,4650356,26/06/2025 10:21,2367
******00202 Operational,,ZPHS NALLAGATLA,,,,Andhra Pradesh,6-Pr. Up Pr. and Secondary Only,33-MPP_ZPP SCHOOLS,1 To 10,3-Co-educational,1-Rural,Allagadda,Nallagatla,,,NALLAGATLA NALLAGATLA NALLAGATLA(VILLAGE) ALLAGADDA(MANDAL) KURNOOL(DIST),518543,mesaisaiah1235[at]gmail[dot]com,https://kys.udiseplus.gov.in/#/schooldetail/4700863/12,4700863,17/06/2025 18:43,2367
******00202 Operational,,ZPHS NANDAMURINAGAR,,,,Andhra Pradesh,6-Pr. Up Pr. and Secondary Only,33-MPP_ZPP SCHOOLS,1 To 10,3-Co-educational,2-Urban,NA,,Nandyal Ward No. 38,Nandyal-Municipality,NANDAMURINAGAR PEDDAKOTTALA NANDAMURINAGAR(VILLAGE) NANDYAL(MANDAL) KURNOOL(DIST),518502,yvnreddy2605[at]gmail[dot]com,https://kys.udiseplus.gov.in/#/schooldetail/4700393/12,4700393,23/06/2025 10:38,2367
******01203 Operational,,ZPHS NANDAVARAM,,,,Andhra Pradesh,7-Upper Pr. and Secondary,33-MPP_ZPP SCHOOLS,6 To 10,3-Co-educational,1-Rural,Banaganapalle,Nandavaram,,,NANDAVARAM NANDAVARAM NANDAVARAM(VILLAGE) BANAGANAPALLI(MANDAL) KURNOOL(DIST),518124,zphsnandavarambpl[at]gmail[dot]com,https://kys.udiseplus.gov.in/#/schooldetail/4701258/12,4701258,11/05/2022 12:16,2367
******00903 Operational,,ZPHS NANDIVARGAM,,,,Andhra Pradesh,7-Upper Pr. and Secondary,33-MPP_ZPP SCHOOLS,6 To 10,3-Co-educational,1-Rural,Banaganapalle,Nandivargam,,,NANDIVARGAM BANAGANAPALLI NANDIVARGAM(VILLAGE) BANAGANAPALLI(MANDAL) KURNOOL(DIST),518176,zphsnandivargambpl[at]gmail[dot]com,https://kys.udiseplus.gov.in/#/schooldetail/4701251/12,4701251,13/12/2023 13:07,2367
******01805 Operational,,ZPHS NARASAPURAM,,,,Andhra Pradesh,7-Upper Pr. and Secondary,33-MPP_ZPP SCHOOLS,6 To 10,3-Co-educational,1-Rural,Rudravaram,Narasapuram,,,NARASAPURAM NARASAPURAM NARASAPURAM(VILLAGE) RUDRAVARAM(MANDAL) KURNOOL(DIST),518594,zphsnarasapuram117[at]gmail[dot]com,https://kys.udiseplus.gov.in/#/schooldetail/4700848/12,4700848,24/12/2025 11:22,2367
******00505 Operational,,ZPHS NARAYANAPURAM,,,,Andhra Pradesh,7-Upper Pr. and Secondary,33-MPP_ZPP SCHOOLS,6 To 10,3-Co-educational,1-Rural,Bandi Atmakur,Narayanapuram,,,NARAYANAPURAM NARAYANAPURAM NARAYANAPURAM(VILLAGE) BANDIATMAKUR(MANDAL) KURNOOL(DIST),518533,zphsnarayanapuram[at]gmail[dot]com,https://kys.udiseplus.gov.in/#/schooldetail/4700334/12,4700334,21/06/2025 18:46,2367
******00104 Operational,,ZPHS NEHRU NAGAR,,,,Andhra Pradesh,7-Upper Pr. and Secondary,33-MPP_ZPP SCHOOLS,6 To 10,3-Co-educational,1-Rural,Pagidyala,Murvakonda,,,NEHRU NAGAR NEHRU NAGAR MURVAKONDA(VILLAGE) PAGIDALA(MANDAL) KURNOOL(DIST),518411,zphsnehrunagar2014[at]gmail[dot]com,https://kys.udiseplus.gov.in/#/schooldetail/4698438/12,4698438,21/06/2025 19:37,2367
******02004 Operational,,ZPHS N.KOTHAPALLI,,,,Andhra Pradesh,7-Upper Pr. and Secondary,33-MPP_ZPP SCHOOLS,6 To 10,3-Co-educational,1-Rural,Nandyal,Kothapalli,,,N.KOTHAPALLI N.KOTHAPALLI KOTHAPALLI(VILLAGE) NANDYAL(MANDAL) KURNOOL(DIST),518502,meo.nandyal34[at]gmail[dot]com,https://kys.udiseplus.gov.in/#/schooldetail/4700489/12,4700489,15/10/2020 12:18,2367
******00670 Operational,,ZPHS NN COLONY,,,,Andhra Pradesh,7-Upper Pr. and Secondary,33-MPP_ZPP SCHOOLS,6 To 10,3-Co-educational,2-Urban,NA,,Dhone Ward No. 16,Dhone(M)-Municipality,NN COLONY DHONE DHONE(VILLAGE) DHONE(MANDAL) KURNOOL(DIST),518222,sureshvidya765[at]gmail[dot]com,https://kys.udiseplus.gov.in/#/schooldetail/4701679/12,4701679,21/06/2025 18:50,2367
******02107 Operational,,ZPHS NOSSAM,,,,Andhra Pradesh,7-Upper Pr. and Secondary,33-MPP_ZPP SCHOOLS,6 To 10,3-Co-educational,1-Rural,Sanjamala,Nossam,,,NOSSAM SANJAMALA NOSSAM(VILLAGE) SANJAMALA(MANDAL) KURNOOL(DIST),518145,hmzphsnossam45[at]gmail[dot]com,https://kys.udiseplus.gov.in/#/schooldetail/4700275/12,4700275,23/12/2025 15:52,2367
******01304 Operational,,ZPHS N.RACHERLA,,,,Andhra Pradesh,7-Upper Pr. and Secondary,33-MPP_ZPP SCHOOLS,6 To 10,3-Co-educational,1-Rural,Peapully,Racherla,,,N.RACHERLA (VILLAGE) PEAPULLY(MANDAL) KURNOOL(DIST),518220,cvsr76[at]gmail[dot]com,https://kys.udiseplus.gov.in/#/schooldetail/4701592/12,4701592,15/10/2020 12:18,2367
******01204 Operational,,ZPHS OBULAMPALLI,,,,Andhra Pradesh,7-Upper Pr. and Secondary,33-MPP_ZPP SCHOOLS,6 To 10,3-Co-educational,1-Rural,Allagadda,Obulampalle,,,OBULAMPALLE OBULAMPALLE OBULAMPALLE(VILLAGE) ALLAGADDA(MANDAL) KURNOOL(DIST),518543,zpzphsobulampalli[at]gmail[dot]com,https://kys.udiseplus.gov.in/#/schooldetail/4700947/12,4700947,15/10/2020 12:18,2367
******00907 Operational,,ZPHS PAGIDYALA,,,,Andhra Pradesh,7-Upper Pr. and Secondary,33-MPP_ZPP SCHOOLS,6 To 10,3-Co-educational,1-Rural,Pagidyala,Pagidyala,,,PAGIDYALA(VILLAGE) PAGIDYALA(MANDAL) NANDYAL(DIST),518412,zphspagidyala5[at]gmail[dot]com,https://kys.udiseplus.gov.in/#/schooldetail/4698457/12,4698457,21/06/2025 19:38,2367
******00608 Operational,,ZPHS PALAKUR,,,,Andhra Pradesh,7-Upper Pr. and Secondary,33-MPP_ZPP SCHOOLS,6 To 10,3-Co-educational,1-Rural,Banaganapalle,Palukur,,,PALUKUR PALUKUR PALUKUR(VILLAGE) BANAGANAPALLI(MANDAL) KURNOOL(DIST),518176,zphspalakurbpl[at]gmail[dot]com,https://kys.udiseplus.gov.in/#/schooldetail/4701242/12,4701242,11/05/2022 12:15,2367
******00708 Operational,,ZPHS PAMULAPADU,,,,Andhra Pradesh,7-Upper Pr. and Secondary,33-MPP_ZPP SCHOOLS,6 To 10,3-Co-educational,1-Rural,Pamulapadu,Pamulapadu,,,PAMULAPADU PAMULAPADU PAMULAPADU(VILLAGE) PAMULAPADU(MANDAL) KURNOOL(DIST),518442,hmzphspamulapadu[at]gmail[dot]com,https://kys.udiseplus.gov.in/#/schooldetail/4697651/12,4697651,21/06/2025 19:47,2367
******01006 Operational,,ZPHS PARUMANCHALA,,,,Andhra Pradesh,7-Upper Pr. and Secondary,33-MPP_ZPP SCHOOLS,6 To 10,3-Co-educational,1-Rural,Jupadu Bungalow,Parumanchala,,,PARUMANCHALA PARUMANCHALA PARUMANCHALA(VILLAGE) J-BANGLAW(MANDAL) KURNOOL(DIST),518401,hm.zphsparumanchala1[at]gmail[dot]com,https://kys.udiseplus.gov.in/#/schooldetail/4698736/12,4698736,21/06/2025 18:43,2367
******00502 Operational,,ZPHS PARVATHIPURAM,,,,Andhra Pradesh,7-Upper Pr. and Secondary,33-MPP_ZPP SCHOOLS,6 To 10,3-Co-educational,1-Rural,Gospadu,Sambavaram,,,PARVATHIPURAM SAMBAVARAM SAMBAVARAM(VILLAGE) GOSPADU(MANDAL) KURNOOL(DIST),518502,satyalakkakml[at]gmail[dot]com,https://kys.udiseplus.gov.in/#/schooldetail/4701116/12,4701116,19/12/2025 11:02,2367
******01706 Operational,,ZPHS PASUPALA,,,,Andhra Pradesh,7-Upper Pr. and Secondary,33-MPP_ZPP SCHOOLS,6 To 10,3-Co-educational,1-Rural,Banaganapalle,Pasupula,,,"PASUPULA, BANAGANAPALLI MANDAL, KURNOOL district",518220,zphspasupula9[at]gmail[dot]com,https://kys.udiseplus.gov.in/#/schooldetail/4701266/12,4701266,10/09/2024 16:36,2367
******00638 Operational,,ZPHS PATAHPETA,,,,Andhra Pradesh,7-Upper Pr. and Secondary,33-MPP_ZPP SCHOOLS,6 To 10,3-Co-educational,2-Urban,NA,,Dhone Ward No. 5,Dhone(M)-Municipality,DHONE PATHAPETA DHONE(VILLAGE) DHONE(MANDAL) KURNOOL(DIST),518222,zphspathapeta[at]gmail[dot]com,https://kys.udiseplus.gov.in/#/schooldetail/4701660/12,4701660,21/09/2024 11:15,2367
******00202 Operational,,ZPHS P.BODHANAM,,,,Andhra Pradesh,6-Pr. Up Pr. and Secondary Only,33-MPP_ZPP SCHOOLS,1 To 10,3-Co-educational,1-Rural,Chagalamarri,Pedda Bodhanam,,,PEDDA BODHANAM CHAGALAMARRI PEDDA BODHANAM(VILLAGE) CHAGALAMARRI(MANDAL) KURNOOL(DIST),518553,zphspbodanam[at]gmail[dot]com,https://kys.udiseplus.gov.in/#/schooldetail/4700972/12,4700972,06/07/2025 20:46,2367
******00710 Operational,,ZPHS PEAPULLY,,,,Andhra Pradesh,7-Upper Pr. and Secondary,33-MPP_ZPP SCHOOLS,6 To 10,3-Co-educational,1-Rural,Peapully,Peapally,,,PEAPALLY PEAPALLY PEAPALLY(VILLAGE) PEAPULLY(MANDAL) KURNOOL(DIST),518221,zphspeapully1928[at]gmail[dot]com,https://kys.udiseplus.gov.in/#/schooldetail/4701549/12,4701549,26/06/2025 10:22,2367
******00604 Operational,,ZPHS PEDDA KAMBALUR,,,,Andhra Pradesh,7-Upper Pr. and Secondary,33-MPP_ZPP SCHOOLS,6 To 10,3-Co-educational,1-Rural,Rudravaram,Pedda Kambaloor,,,Pedda kambalur Pedda Kambalur Pedda Kambaluru(VIllage) RUDRAVARAM(MANDAL) KURNOOL(DIST),518594,zphspeddakambalur6[at]gmail[dot]com,https://kys.udiseplus.gov.in/#/schooldetail/4700810/12,4700810,24/12/2025 10:46,2367
******01306 Operational,,ZPHS PERUSOMALA,,,,Andhra Pradesh,7-Upper Pr. and Secondary,33-MPP_ZPP SCHOOLS,6 To 10,3-Co-educational,1-Rural,Sanjamala,Perusomala,,,PERUSOMALA SANJAMALA PERUSOMALA(VILLAGE) SANJAMALA(MANDAL) KURNOOL(DIST),518166,zphspsml[at]gmail[dot]com,https://kys.udiseplus.gov.in/#/schooldetail/4701381/12,4701381,23/12/2025 15:00,2367
******00109 Operational,,ZPHS PETNIKOTA,,,,Andhra Pradesh,6-Pr. Up Pr. and Secondary Only,33-MPP_ZPP SCHOOLS,1 To 10,3-Co-educational,1-Rural,Kolimigundla,Petnikota,,,PETNIKOTA PETNIKOTA PETNIKOTA(VILLAGE) KOLIMIGUNDLA(MANDAL) KURNOOL(DIST),518123,zphspetnikota5678[at]gmail[dot]com,https://kys.udiseplus.gov.in/#/schooldetail/4701404/12,4701404,21/06/2025 16:06,2367
******00102 Operational,,ZPHS PINNAPURAM,,,,Andhra Pradesh,6-Pr. Up Pr. and Secondary Only,33-MPP_ZPP SCHOOLS,1 To 10,3-Co-educational,1-Rural,Panyam,Pinnapuram,,,PINNAPURAM PINNAPURAM PINNAPURAM(VILLAGE) PANYAM(MANDAL) KURNOOL(DIST),518422,Mpupspinnapuram[at]gmail[dot]com,https://kys.udiseplus.gov.in/#/schooldetail/4700200/12,4700200,21/06/2025 19:47,2367
******00405 Operational,,ZPHS P.MUCHUMARRI,,,,Andhra Pradesh,7-Upper Pr. and Secondary,33-MPP_ZPP SCHOOLS,6 To 10,3-Co-educational,1-Rural,Pagidyala,Muchumarri,,,P.MUCHUMARRI P.MUCHUMARRI MUCHUMARRI(VILLAGE) PAGIDALA(MANDAL) KURNOOL(DIST),518411,pmuchumarrizphs[at]gmail[dot]com,https://kys.udiseplus.gov.in/#/schooldetail/4698443/12,4698443,21/06/2025 19:38,2367
******00104 Operational,,ZPHS POLUR,,,,Andhra Pradesh,7-Upper Pr. and Secondary,33-MPP_ZPP SCHOOLS,6 To 10,3-Co-educational,1-Rural,Nandyal,Polur,,,POLUR POLUR POLUR(VILLAGE) NANDYAL(MANDAL) KURNOOL(DIST),518511,zphspolurndl[at]gmail[dot]com,https://kys.udiseplus.gov.in/#/schooldetail/4700389/12,4700389,15/10/2020 12:18,2367
******01306 Operational,,ZPHS PONNAPURAM,,,,Andhra Pradesh,6-Pr. Up Pr. and Secondary Only,33-MPP_ZPP SCHOOLS,1 To 10,3-Co-educational,2-Urban,NA,,Nandyal (M) - Ward No.19,Nandyal-Municipality,PONNAPURAM AYYALUR AYYALUR(VILLAGE) NANDYAL(MANDAL) KURNOOL(DIST),518502,isaiahsurya[at]gmail[dot]com,https://kys.udiseplus.gov.in/#/schooldetail/4700459/12,4700459,21/09/2024 07:28,2367
******00604 Operational,,ZPHS POTHIDODDI,,,,Andhra Pradesh,7-Upper Pr. and Secondary,33-MPP_ZPP SCHOOLS,6 To 10,3-Co-educational,1-Rural,Peapully,Pothidoddi,,,POTHIDODDI POTHIDODDI POTHIDODDI(VILLAGE) PEAPULLY(MANDAL) KURNOOL(DIST),518221,zphspothudoddi[at]gmail[dot]com,https://kys.udiseplus.gov.in/#/schooldetail/4701541/12,4701541,26/06/2025 10:22,2367
******00804 Operational,,ZPHS PRATHAKOTA,,,,Andhra Pradesh,7-Upper Pr. and Secondary,33-MPP_ZPP SCHOOLS,6 To 10,3-Co-educational,1-Rural,Pagidyala,Pathakota(West),,,PATHAKOTA (EAST)(SM) PRATHAKOTA PATHAKOTA(EAST)(VILLAGE) PAGIDALA(MANDAL) KURNOOL(DIST),518412,zphsknl137[at]gmail[dot]com,https://kys.udiseplus.gov.in/#/schooldetail/4698451/12,4698451,21/06/2025 19:38,2367
******01707 Operational,,ZPHS PR PALLI,,,,Andhra Pradesh,7-Upper Pr. and Secondary,33-MPP_ZPP SCHOOLS,6 To 10,3-Co-educational,1-Rural,Peapully,Gudipadu,,,P. RANGAREDDIPALLI GUDIPADU GUDIPADU(VILLAGE) PEAPULLY(MANDAL) KURNOOL(DIST),518221,zphsprpalli4801707[at]gmail[dot]com,https://kys.udiseplus.gov.in/#/schooldetail/4701609/12,4701609,22/06/2025 06:01,2367
******01601 Operational,,ZPHS PUSULUR,,,,Andhra Pradesh,6-Pr. Up Pr. and Secondary Only,33-MPP_ZPP SCHOOLS,1 To 10,3-Co-educational,1-Rural,Nandyal,Pusulur,,,PUSULUR PUSULUR PUSULUR(VILLAGE) NANDYAL(MANDAL) KURNOOL(DIST),518593,pasulaopal50[at]gmail[dot]com,https://kys.udiseplus.gov.in/#/schooldetail/4700479/12,4700479,23/06/2025 10:38,2367
******01205 Operational,,ZPHS RAJA NAGAR,,,,Andhra Pradesh,6-Pr. Up Pr. and Secondary Only,33-MPP_ZPP SCHOOLS,1 To 10,3-Co-educational,1-Rural,Sirivel,Gumparamandinne,,,RAJA NAGAR GUMPARAMANDINNE GUMPARAMANDINNE(VILLAGE) SIRVEL(MANDAL) KURNOOL(DIST),518573,zphschoolrajanagaram[at]gmail[dot]com,https://kys.udiseplus.gov.in/#/schooldetail/4699674/12,4699674,21/06/2025 19:33,2367
******00606 Operational,,ZPHS RAMAKRISHNAPURAM,,,,Andhra Pradesh,6-Pr. Up Pr. and Secondary Only,33-MPP_ZPP SCHOOLS,1 To 10,3-Co-educational,1-Rural,Banaganapalle,Palukur,,,RAMAKRISHNAPURAM PALUKUR PALUKUR(VILLAGE) BANAGANAPALLI(MANDAL) KURNOOL(DIST),518176,shaikjakeer444[at]gmail[dot]com,https://kys.udiseplus.gov.in/#/schooldetail/4701240/12,4701240,19/06/2025 12:54,2367
******01704 Operational,,ZPHS RAMAPURAM,,,,Andhra Pradesh,7-Upper Pr. and Secondary,33-MPP_ZPP SCHOOLS,6 To 10,3-Co-educational,1-Rural,Owk,Ramapuram (Ct),,,RAMAPURAM RAMAPURAM RAMAPURAM(VILLAGE) OWK(MANDAL) KURNOOL(DIST),518122,bknagaraju1968[at]gmail[dot]com,https://kys.udiseplus.gov.in/#/schooldetail/4701522/12,4701522,11/05/2022 15:23,2367
******03137 Operational,,ZPHS RAMATHEERTHAM,,,,Andhra Pradesh,7-Upper Pr. and Secondary,33-MPP_ZPP SCHOOLS,6 To 10,3-Co-educational,1-Rural,Banaganapalle,Ramatheertham,,,"RAMATHEERTHAM(V), BANAGANAPALLI(M), KURNOOL(DT)",518176,mvnprasad2[at]gmail[dot]com,https://kys.udiseplus.gov.in/#/schooldetail/4701327/12,4701327,11/05/2022 12:14,2367
******00905 Operational,,ZPHS RANGAPURAM,,,,Andhra Pradesh,7-Upper Pr. and Secondary,33-MPP_ZPP SCHOOLS,6 To 10,3-Co-educational,1-Rural,Bethamcherla,Rangapuram,,,R.S.RANGAPURAM R.S.RANGAPURAM (VILLAGE) BETHAMCHERLA(MANDAL) KURNOOL(DIST),518598,mpseshachalam[at]gmail[dot]com,https://kys.udiseplus.gov.in/#/schooldetail/4700164/12,4700164,27/12/2025 12:46,2367
******00104 Operational,,ZPHS REGADIGUDUR,,,,Andhra Pradesh,6-Pr. Up Pr. and Secondary Only,33-MPP_ZPP SCHOOLS,1 To 10,3-Co-educational,1-Rural,Velugodu,Regadigudur,,,REGADIGUDUR REGADIGUDUR REGADIGUDUR(VILLAGE) VELUGODU(MANDAL) KURNOOL(DIST),518533,zphsregadaguduru[at]gmail[dot]com,https://kys.udiseplus.gov.in/#/schooldetail/4698630/12,4698630,02/07/2025 22:02,2367
******00503 Operational,,ZPHS REVANUR,,,,Andhra Pradesh,7-Upper Pr. and Secondary,33-MPP_ZPP SCHOOLS,6 To 10,3-Co-educational,1-Rural,Koilakuntla,Revanur,,,REVANUR(VILLAGE) KOILAKUNTLA(MANDAL) KURNOOL(DIST),518134,sundaraiahkomera[at]gmail[dot]com,https://kys.udiseplus.gov.in/#/schooldetail/4701157/12,4701157,23/12/2025 16:24,2367
******00803 Operational,,ZPHS R.KOTHAPALLE,,,,Andhra Pradesh,6-Pr. Up Pr. and Secondary Only,33-MPP_ZPP SCHOOLS,1 To 10,3-Co-educational,1-Rural,Bethamcherla,Kothapalle,,,R.KOTHAPALLE R.KOTHAPALLE (VILLAGE) BETHAMCHERLA(MANDAL) KURNOOL(DIST),518598,zphsrkothapalli[at]gmail[dot]com,https://kys.udiseplus.gov.in/#/schooldetail/4700159/12,4700159,27/12/2025 12:46,2367
******01703 Operational,,ZPHS R.KRISHNAPURAM,,,,Andhra Pradesh,7-Upper Pr. and Secondary,33-MPP_ZPP SCHOOLS,6 To 10,3-Co-educational,1-Rural,Allagadda,R.Krishnapuram,,,R.KRISHNAPURAM R.KRISHNAPURAM R.KRISHNAPURAM(VILLAGE) ALLAGADDA(MANDAL) KURNOOL(DIST),518543,zphsrkrishnapura[at]gmail[dot]com,https://kys.udiseplus.gov.in/#/schooldetail/4700961/12,4700961,21/06/2025 10:59,2367
******01407 Operational,,ZPHS RUDRAVARAM,,,,Andhra Pradesh,7-Upper Pr. and Secondary,33-MPP_ZPP SCHOOLS,6 To 10,3-Co-educational,1-Rural,Rudravaram,Rudravaram,,,RUDRAVARAM RUDRAVARAM RUDRAVARAM(VILLAGE) RUDRAVARAM(MANDAL) KURNOOL(DIST),518594,zphsrudravaram999[at]gmail[dot]com,https://kys.udiseplus.gov.in/#/schooldetail/4700827/12,4700827,24/12/2025 11:21,2367
******01603 Operational,,ZPHS SANGAPATNAM,,,,Andhra Pradesh,7-Upper Pr. and Secondary,33-MPP_ZPP SCHOOLS,6 To 10,3-Co-educational,1-Rural,Owk,Sangapatnam,,,SANGAPATNAM SANGAPATNAM SANGAPATNAM(VILLAGE) OWK(MANDAL) KURNOOL(DIST),518196,zphssangapatnam1[at]gmail[dot]com,https://kys.udiseplus.gov.in/#/schooldetail/4701519/12,4701519,21/06/2025 19:36,2367
******00304 Operational,,ZPHS SANTHAJUTUR,,,,Andhra Pradesh,7-Upper Pr. and Secondary,33-MPP_ZPP SCHOOLS,6 To 10,3-Co-educational,1-Rural,Bandi Atmakur,Santhajutur,,,SANTHAJUTUR SANTHAJUTUR(VILLAGE) BANDIATMAKUR(MANDAL) KURNOOL(DIST),518513,dvramireddyramireddy33130[at]gmail[dot]com,https://kys.udiseplus.gov.in/#/schooldetail/4700327/12,4700327,21/06/2025 18:47,2367
******00506 Operational,,ZPHS SEETHARAMAPURAM,,,,Andhra Pradesh,7-Upper Pr. and Secondary,33-MPP_ZPP SCHOOLS,6 To 10,3-Co-educational,1-Rural,Bethamcherla,Kolumulapalle,,,"SEETHARAMAPURAM, (VILLAGE) BETHAMCHERLA(MANDAL) KURNOOL(DIST) 518599",518599,janardhanareddy178[at]gmail[dot]com,https://kys.udiseplus.gov.in/#/schooldetail/4700141/12,4700141,27/12/2025 12:47,2367
******00704 Operational,,ZPHS SINGAVARAM,,,,Andhra Pradesh,7-Upper Pr. and Secondary,33-MPP_ZPP SCHOOLS,6 To 10,3-Co-educational,1-Rural,Bandi Atmakur,Ramapuram,,,SINGAVARAM SINGAVARAM RAMAPURAM(VILLAGE) BANDIATMAKUR(MANDAL) KURNOOL(DIST),518513,zphssingavaram3[at]gmail[dot]com,https://kys.udiseplus.gov.in/#/schooldetail/4700347/12,4700347,08/05/2022 11:05,2367
******00611 Operational,,ZPHS SIRVEL,,,,Andhra Pradesh,7-Upper Pr. and Secondary,33-MPP_ZPP SCHOOLS,6 To 10,3-Co-educational,1-Rural,Sirivel,Sirvel,,,SIRVEL SIRVEL(VILLAGE) SIRVEL(MANDAL) KURNOOL(DIST),518563,zphs.sirvel[at]gmail[dot]com,https://kys.udiseplus.gov.in/#/schooldetail/4700759/12,4700759,21/06/2025 19:44,2367
******00705 Operational,,ZPHS SIVAPURAM,,,,Andhra Pradesh,7-Upper Pr. and Secondary,33-MPP_ZPP SCHOOLS,6 To 10,3-Co-educational,1-Rural,Kothapalle,Sivapuram,,,SIVAPURAM VILLAGE KOTHAPALLI MANDAL KURNOOL DISTRICT,518422,tupakulavenkateswarlu.ss[at]gmail[dot]com,https://kys.udiseplus.gov.in/#/schooldetail/4719557/12,4719557,21/06/2025 19:07,2367
******90910 Operational,,ZPHS SRISAILAM,,,,Andhra Pradesh,7-Upper Pr. and Secondary,33-MPP_ZPP SCHOOLS,6 To 10,3-Co-educational,1-Rural,Srisailam,NA,,,SRISAILAM ( SRISAILAM SRISAILAM(VILLAGE) SRISAILAM(MANDAL) KURNOOL(DIST),518101,hmzphssslm[at]gmail[dot]com,https://kys.udiseplus.gov.in/#/schooldetail/4698624/12,4698624,26/06/2025 10:22,2367
******01902 Operational,,ZPHS SUNKESULA,,,,Andhra Pradesh,7-Upper Pr. and Secondary,33-MPP_ZPP SCHOOLS,6 To 10,3-Co-educational,1-Rural,Owk,Sunkesula,,,SUNKESULA SUNKESULA SUNKESULA(VILLAGE) OWK(MANDAL) KURNOOL(DIST),518196,headmasterzphssunkesula[at]gmail[dot]com,https://kys.udiseplus.gov.in/#/schooldetail/4701527/12,4701527,21/06/2025 19:37,2367
******01205 Operational,,ZPHS TALAMUDIPI,,,,Andhra Pradesh,7-Upper Pr. and Secondary,33-MPP_ZPP SCHOOLS,6 To 10,3-Co-educational,1-Rural,Midthur,Talamudipi,,,TALAMUDIPI TALAMUDIPI(VILLAGE) MIDTHUR(MANDAL) KURNOOL(DIST),518508,zphsthalamudipi[at]gmail[dot]com,https://kys.udiseplus.gov.in/#/schooldetail/4698786/12,4698786,19/12/2025 19:31,2367
******00302 Operational,,ZPHS TANGADANCHA,,,,Andhra Pradesh,6-Pr. Up Pr. and Secondary Only,33-MPP_ZPP SCHOOLS,1 To 10,3-Co-educational,1-Rural,Jupadu Bungalow,Tangadancha,,,TANGADANCHA J-BANGLAW TANGADANCHA(VILLAGE) J-BANGLAW(MANDAL) KURNOOL(DIST),518401,karakaladevadanam4150[at]gmail[dot]com,https://kys.udiseplus.gov.in/#/schooldetail/4698717/12,4698717,19/06/2025 13:28,2367
******02702 Operational,,ZPHS TANGUTOOR,,,,Andhra Pradesh,7-Upper Pr. and Secondary,33-MPP_ZPP SCHOOLS,6 To 10,3-Co-educational,1-Rural,Banaganapalle,Tangutoor,,,TANGUTOOR(VILLAGE) BANAGANAPALLI(MANDAL) KURNOOL(DIST),518124,tanguturzphs2821[at]gmail[dot]com,https://kys.udiseplus.gov.in/#/schooldetail/4701287/12,4701287,23/06/2025 10:31,2367
******00804 Operational,,ZPHS TARIGOPULA,,,,Andhra Pradesh,7-Upper Pr. and Secondary,33-MPP_ZPP SCHOOLS,6 To 10,3-Co-educational,1-Rural,Jupadu Bungalow,Tarigopula,,,TARIGOPULA TARIGOPULA TARIGOPULA(VILLAGE) J-BANGLAW(MANDAL) KURNOOL(DIST),518401,zphstharigopula[at]yahoo[dot]com,https://kys.udiseplus.gov.in/#/schooldetail/4698729/12,4698729,21/06/2025 19:01,2367
******00502 Operational,,ZPHS TATIPADU,,,,Andhra Pradesh,6-Pr. Up Pr. and Secondary Only,33-MPP_ZPP SCHOOLS,1 To 10,3-Co-educational,1-Rural,Jupadu Bungalow,Tatipadu,,,TAIPADU TAIPADU TATIPADU(VILLAGE) J-BANGLAW(MANDAL) KURNOOL(DIST),518412,mpupsthatipadu[at]gmail[dot]com,https://kys.udiseplus.gov.in/#/schooldetail/4698720/12,4698720,19/06/2025 16:38,2367
******00702 Operational,,ZPHS THAMMARAJUPALLE,,,,Andhra Pradesh,7-Upper Pr. and Secondary,33-MPP_ZPP SCHOOLS,6 To 10,3-Co-educational,1-Rural,Panyam,Thammarajupalle,,,THAMMARAJUPALLE THAMMARAJUPALLE THAMMARAJUPALLE PANYAM(MANDAL) KURNOOL(DIST),518112,hmzphstrpalli093[at]gmail[dot]com,https://kys.udiseplus.gov.in/#/schooldetail/4700239/12,4700239,11/05/2022 10:37,2367
******01604 Operational,,ZPHS THIMMANAYUNIPETA,,,,Andhra Pradesh,7-Upper Pr. and Secondary,33-MPP_ZPP SCHOOLS,6 To 10,3-Co-educational,1-Rural,Kolimigundla,Thimmanayunipeta,,,THIMMANAYUNIPETA THIMMANAYUNIPETA THIMMANAYUNIPETA(VILLAGE) KOLIMIGUNDLA(MANDAL) KURNOOL(DIST),518166,zphstnpetaa[at]gmail[dot]com,https://kys.udiseplus.gov.in/#/schooldetail/4701456/12,4701456,26/06/2025 10:24,2367
******00307 Operational,,ZPHS THIMMAPURAM,,,,Andhra Pradesh,6-Pr. Up Pr. and Secondary Only,33-MPP_ZPP SCHOOLS,1 To 10,3-Co-educational,1-Rural,Mahanandi,Thimmapuram,,,M.THIMMAPURAM MAHANANDI THIMMAPURAM(VILLAGE) MAHANANDI(MANDAL) KURNOOL(DIST),518512,mthimmapuramzphs[at]gmail[dot]com,https://kys.udiseplus.gov.in/#/schooldetail/4700661/12,4700661,22/06/2025 23:52,2367
******00104 Operational,,ZPHS THUMMALUR,,,,Andhra Pradesh,7-Upper Pr. and Secondary,33-MPP_ZPP SCHOOLS,6 To 10,3-Co-educational,1-Rural,Pamulapadu,Thummalur,,,THUMMALUR THUMMALUR THUMMALUR(VILLAGE) PAMULAPADU(MANDAL) KURNOOL(DIST),518401,bhanulekhana1976[at]gmail[dot]com,https://kys.udiseplus.gov.in/#/schooldetail/4698675/12,4698675,21/06/2025 19:47,2367
******01309 Operational,,ZPHS (U) AYYALUR,,,,Andhra Pradesh,6-Pr. Up Pr. and Secondary Only,33-MPP_ZPP SCHOOLS,1 To 10,3-Co-educational,1-Rural,Nandyal,Ayyalur (Part),,,AYYALUR AYYALUR AYYALUR(VILLAGE) NANDYAL(MANDAL) KURNOOL(DIST),518502,meo.nandyal34[at]gmail[dot]com,https://kys.udiseplus.gov.in/#/schooldetail/4700460/12,4700460,23/06/2025 10:37,2367
******00103 Operational,,ZPHS U.BOLLAVARAM,,,,Andhra Pradesh,6-Pr. Up Pr. and Secondary Only,33-MPP_ZPP SCHOOLS,1 To 10,3-Co-educational,1-Rural,Mahanandi,Bollavaram,,,U.BOLLAVARAM MAHANANDI BOLLAVARAM(VILLAGE) MAHANANDI(MANDAL) KURNOOL(DIST),518512,mpupsubollavaram103[at]gmail[dot]com,https://kys.udiseplus.gov.in/#/schooldetail/4699569/12,4699569,17/06/2025 18:39,2367
******00129 Operational,,ZPHS(UG) ATMAKUR,,,,Andhra Pradesh,7-Upper Pr. and Secondary,33-MPP_ZPP SCHOOLS,6 To 10,3-Co-educational,2-Urban,NA,,Atmakurknl Ward No. 7,Atmakur (Kurnool)-Municipality,ATMAKUR ATMAKUR ATMAKUR(VILLAGE) ATMAKUR(MANDAL) KURNOOL(DIST),518422,ayubeahamed[at]gmail[dot]com,https://kys.udiseplus.gov.in/#/schooldetail/4698532/12,4698532,15/10/2020 12:18,2367
******00931 Operational,,"ZPHS (U) HAJI NAGAR, NANDIKOTKUR",,,,Andhra Pradesh,6-Pr. Up Pr. and Secondary Only,33-MPP_ZPP SCHOOLS,1 To 10,3-Co-educational,2-Urban,NA,,Nandikotkur Ward No. 13,Nandikotkur-Town Panchayat,NANDI KOTKUR HAJINAGAR NANDI KOTKUR(VILLAGE) NANDIKOTKUR(MANDAL) KURNOOL(DIST),518401,MPUPSURDUHAJINAGAR[at]GMAIL[dot]COM,https://kys.udiseplus.gov.in/#/schooldetail/4698379/12,4698379,19/06/2025 13:35,2367
******01420 Operational,,ZPHS(U) KOILAKUNTLA,,,,Andhra Pradesh,7-Upper Pr. and Secondary,33-MPP_ZPP SCHOOLS,6 To 10,3-Co-educational,1-Rural,Koilakuntla,Koilkuntla,,,HOSPITAL ROAD NEAR GOVT.Jr.COL KOILAKUNTLA KOILKUNTLA(VILLAGE) KOILAKUNTLA(MANDAL) KURNOOL(DIST),518134,syedmaroofabbas72[at]gmail[dot]com,https://kys.udiseplus.gov.in/#/schooldetail/4701185/12,4701185,23/12/2025 16:31,2367
******01006 Operational,,ZPHS U.KOTHAPALLI,,,,Andhra Pradesh,7-Upper Pr. and Secondary,33-MPP_ZPP SCHOOLS,6 To 10,3-Co-educational,1-Rural,Dhone Alias Dronachalam,Ungaranigundla,,,U. KOTHAPALLI UNGARANIGUNDLA UNGARANIGUNDLA(VILLAGE) DHONE(MANDAL) KURNOOL(DIST),518222,bcs.hmzphs15[at]gmail[dot]com,https://kys.udiseplus.gov.in/#/schooldetail/4701723/12,4701723,21/06/2025 18:50,2367
******00991 Operational,,ZPHS URDU GIRLS SANTHAPETA NANDIKOTKUR,,,,Andhra Pradesh,7-Upper Pr. and Secondary,33-MPP_ZPP SCHOOLS,6 To 10,3-Co-educational,2-Urban,NA,,Nandikotkur Ward No. 4,Nandikotkur-Town Panchayat,SANTHAPETA NANDIKOTKUR MANDAL KURNOOL DISTRICT,518401,zphsurdugirls[at]gmail[dot]com,https://kys.udiseplus.gov.in/#/schooldetail/4719556/12,4719556,21/06/2025 19:25,2367
******00306 Operational,,ZPHS URDU KADUMUR,,,,Andhra Pradesh,6-Pr. Up Pr. and Secondary Only,33-MPP_ZPP SCHOOLS,1 To 10,3-Co-educational,1-Rural,Midthur,Kadumur,,,KADUMUR VILL MIDTHUR MANDAL KURNOOL DT 518405,518452,zphsurdukadumur[at]gmail[dot]com,https://kys.udiseplus.gov.in/#/schooldetail/4719564/12,4719564,19/12/2025 19:21,2367
******00805 Operational,,ZPHS UYYALAWADA,,,,Andhra Pradesh,7-Upper Pr. and Secondary,33-MPP_ZPP SCHOOLS,6 To 10,3-Co-educational,1-Rural,Uyyalawada,Uyyalawada,,,UYYALAWADA UYYALAWADA UYYALAWADA(VILLAGE) UYYALAWADA(MANDAL) KURNOOL(DIST),518155,uyyalawadazphschool[at]gmail[dot]com,https://kys.udiseplus.gov.in/#/schooldetail/4701049/12,4701049,15/10/2020 12:18,2367
******00807 Operational,,ZPHS VADDAMAN,,,,Andhra Pradesh,7-Upper Pr. and Secondary,33-MPP_ZPP SCHOOLS,6 To 10,3-Co-educational,1-Rural,Nandikotkur,Vaddamanu,,,VADDAMANU BRAHMANAKOTKUR VADDAMANU(VILLAGE) NANDIKOTKUR(MANDAL) KURNOOL(DIST),518432,zphsvaddaman[at]gmail[dot]com,https://kys.udiseplus.gov.in/#/schooldetail/4698355/12,4698355,21/06/2025 19:25,2367
******00304 Operational,,ZPHS VADLA RAMAPURAM,,,,Andhra Pradesh,7-Upper Pr. and Secondary,33-MPP_ZPP SCHOOLS,6 To 10,3-Co-educational,1-Rural,Atmakur,Vadla Ramapuram,,,VADLA RAMAPURAM,518422,zphighschoolvramapuram304[at]gmail[dot]com,https://kys.udiseplus.gov.in/#/schooldetail/4698572/12,4698572,21/06/2025 18:15,2367
******01103 Operational,,ZPHS VANALA,,,,Andhra Pradesh,7-Upper Pr. and Secondary,33-MPP_ZPP SCHOOLS,6 To 10,3-Co-educational,1-Rural,Pamulapadu,Vanala,,,VANALA VANALA VANALA(VILLAGE) PAMULAPADU(MANDAL) KURNOOL(DIST),518508,zphsvanala8[at]gmail[dot]com,https://kys.udiseplus.gov.in/#/schooldetail/4698709/12,4698709,15/10/2020 12:18,2367
******00089 Operational,,ZPHS VEEPANAGANDLA,,,,Andhra Pradesh,7-Upper Pr. and Secondary,33-MPP_ZPP SCHOOLS,6 To 10,3-Co-educational,1-Rural,Midthur,Veepanagandla,,,VEEPANAGANDLA VILLAGE,518405,veepanagandlazphs[at]gmail[dot]com,https://kys.udiseplus.gov.in/#/schooldetail/4720489/12,4720489,19/12/2025 19:35,2367
******00804 Operational,,ZPHS VEERAREDDIPALLI,,,,Andhra Pradesh,7-Upper Pr. and Secondary,33-MPP_ZPP SCHOOLS,6 To 10,3-Co-educational,1-Rural,Sirivel,Kotapadu,,,VEERAREDDIPALLI KOTAPADU KOTAPADU(VILLAGE) SIRVEL(MANDAL) KURNOOL(DIST),518573,ravuriJanaki2013[at]gmail[dot]com,https://kys.udiseplus.gov.in/#/schooldetail/4700774/12,4700774,21/06/2025 19:44,2367
******00205 Operational,,ZPHS VELPANUR,,,,Andhra Pradesh,7-Upper Pr. and Secondary,33-MPP_ZPP SCHOOLS,6 To 10,3-Co-educational,1-Rural,Velugodu,Velpanur,,,VELPANUR VELPANUR VELPANUR(VILLAGE) VELUGODU(MANDAL) KURNOOL(DIST),518533,velpanurheadmaster[at]gmail[dot]com,https://kys.udiseplus.gov.in/#/schooldetail/4698636/12,4698636,22/06/2025 05:56,2367
******00906 Operational,,ZPHS VEMPENTA,,,,Andhra Pradesh,6-Pr. Up Pr. and Secondary Only,33-MPP_ZPP SCHOOLS,1 To 10,3-Co-educational,1-Rural,Pamulapadu,Vempenta,,,VEMPENTA VEMPENTA VEMPENTA(VILLAGE) PAMULAPADU(MANDAL) KURNOOL(DIST),518533,zphs.vempenta85[at]gmail[dot]com,https://kys.udiseplus.gov.in/#/schooldetail/4698703/12,4698703,21/06/2025 19:13,2367
******00804 Operational,,ZPHS VENGALAMPALLI,,,,Andhra Pradesh,7-Upper Pr. and Secondary,33-MPP_ZPP SCHOOLS,6 To 10,3-Co-educational,1-Rural,Peapully,Vengalampalle,,,VENGALAMPALLE VENGALAMPALLE VENGALAMPALLE(VILLAGE) PEAPULLY(MANDAL) KURNOOL(DIST),518221,hmzphsvengampalli2010[at]gmail[dot]com,https://kys.udiseplus.gov.in/#/schooldetail/4701563/12,4701563,15/10/2020 12:18,2367
******00506 Operational,,ZPHS VENKATAPURAM,,,,Andhra Pradesh,7-Upper Pr. and Secondary,33-MPP_ZPP SCHOOLS,6 To 10,3-Co-educational,1-Rural,Atmakur,Pinnapuram,,,VENKATAPURAM PINNAPURAM PINNAPURAM(VILLAGE) ATMAKUR(MANDAL) KURNOOL(DIST),518422,zphsvenkatapuram1983[at]gmail[dot]com,https://kys.udiseplus.gov.in/#/schooldetail/4698580/12,4698580,15/10/2020 12:18,2367
******00206 Operational,,ZPHS W.KOTHAPALLI,,,,Andhra Pradesh,6-Pr. Up Pr. and Secondary Only,33-MPP_ZPP SCHOOLS,1 To 10,3-Co-educational,1-Rural,Dornipadu,W.Govindinne,,,W.KOTHAPALLI (VILLAGE) DORNIPADU (MANDAL) KURNOOL(DIST),518135,dastagirih.m[at]gmail[dot]com,https://kys.udiseplus.gov.in/#/schooldetail/4701089/12,4701089,21/06/2025 15:29,2367
******02202 Operational,,ZPHS YAGANTIPALLE,,,,Andhra Pradesh,7-Upper Pr. and Secondary,33-MPP_ZPP SCHOOLS,6 To 10,3-Co-educational,1-Rural,Banaganapalle,Yagantipalle,,,YAGANTIPALLE(VILLAGE) BANAGANAPALLI(MANDAL) KURNOOL(DIST),518124,zphsyagantipalle1[at]gmail[dot]com,https://kys.udiseplus.gov.in/#/schooldetail/4701281/12,4701281,24/12/2025 18:04,2367
******01407 Operational,,ZPHS YALLUR,,,,Andhra Pradesh,7-Upper Pr. and Secondary,33-MPP_ZPP SCHOOLS,6 To 10,3-Co-educational,1-Rural,Gospadu,Yalluru,,,YALLURU YALLURU YALLURU(VILLAGE) GOSPADU(MANDAL) KURNOOL(DIST),518573,zphsyallur407[at]gmail[dot]com,https://kys.udiseplus.gov.in/#/schooldetail/4701146/12,4701146,19/12/2025 11:03,2367
******00403 Operational,,ZPHS YELLAVATHULA,,,,Andhra Pradesh,7-Upper Pr. and Secondary,33-MPP_ZPP SCHOOLS,6 To 10,3-Co-educational,1-Rural,Rudravaram,Yellavathula,,,YELLAVATHULA YELLAVATHULA YELLAVATHULA(VILLAGE) RUDRAVARAM(MANDAL) KURNOOL(DIST),518583,vbkrishna9898[at]gmail[dot]com,https://kys.udiseplus.gov.in/#/schooldetail/4700801/12,4700801,24/12/2025 11:17,2367
******00905 Operational,,ZPHS YENUGUMARRI,,,,Andhra Pradesh,7-Upper Pr. and Secondary,33-MPP_ZPP SCHOOLS,6 To 10,3-Co-educational,1-Rural,Peapully,Mettupalle,,,YENUGUMARRI (VILLAGE) PEAPULLY(MANDAL) KURNOOL(DIST),518221,zphsyenugumarri2025[at]gmail[dot]com,https://kys.udiseplus.gov.in/#/schooldetail/4701574/12,4701574,15/10/2020 12:18,2367
******02003 Operational,,ZPHS YERRAGUDI,,,,Andhra Pradesh,6-Pr. Up Pr. and Secondary Only,33-MPP_ZPP SCHOOLS,1 To 10,3-Co-educational,1-Rural,Kolimigundla,Erragudi,,,ERRAGUDI ERRAGUDI ERRAGUDI(VILLAGE) KOLIMIGUNDLA(MANDAL) KURNOOL(DIST),518166,zphsyerragudihighschool[at]gmail[dot]com,https://kys.udiseplus.gov.in/#/schooldetail/4701465/12,4701465,21/06/2025 16:08,2367
******00903 Operational,,ZPHS YERRAGUNTLA,,,,Andhra Pradesh,7-Upper Pr. and Secondary,33-MPP_ZPP SCHOOLS,6 To 10,3-Co-educational,1-Rural,Bandi Atmakur,Yerraguntla,,,YERRAGUNTLA YERRAGUNTLA YERRAGUNTLA(VILLAGE) BANDIATMAKUR(MANDAL) KURNOOL(DIST),518523,zphsyerraguntla903[at]gmail[dot]com,https://kys.udiseplus.gov.in/#/schooldetail/4700362/12,4700362,15/10/2020 12:18,2367
******00908 Operational,,ZPHS YERRAGUNTLA,,,,Andhra Pradesh,7-Upper Pr. and Secondary,33-MPP_ZPP SCHOOLS,6 To 10,3-Co-educational,1-Rural,Sirivel,Yerragundla,,,YERRAGUNTLA(VILLAGE) SIRVEL(MANDAL) KURNOOL(DIST),518510,zph.hmyerraguntla[at]gmail[dot]com,https://kys.udiseplus.gov.in/#/schooldetail/4700780/12,4700780,21/06/2025 19:44,2367
******00623 Operational,,ZPHS YERRAGUNTLA,,,,Andhra Pradesh,6-Pr. Up Pr. and Secondary Only,33-MPP_ZPP SCHOOLS,1 To 10,3-Co-educational,1-Rural,Dhone Alias Dronachalam,Dhone,,,YERRAGUNTLA DHONE DHONE(VILLAGE) DHONE(MANDAL) KURNOOL(DIST),518222,kadimetla05[at]gmail[dot]com,https://kys.udiseplus.gov.in/#/schooldetail/4701654/12,4701654,19/06/2025 13:21,2367
******01523 Operational,,Z.P.O.G. HS CHAGALAMARRI,,,,Andhra Pradesh,7-Upper Pr. and Secondary,33-MPP_ZPP SCHOOLS,6 To 10,2-Girls,1-Rural,Chagalamarri,Chagalamarri,,,CHAGALAMARRI CHAGALAMARRI CHAGALAMARRI(VILLAGE) CHAGALAMARRI(MANDAL) KURNOOL(DIST),518553,girlsschool.chagalamarri[at]gmail[dot]com,https://kys.udiseplus.gov.in/#/schooldetail/4701018/12,4701018,15/10/2020 12:18,2367
