udise_code,status,school_name,state,edu_district,edu_block,academic_year,school_category,school_management,class_range,school_type,school_location,lgd_block,lgd_village,lgd_ward,urban_local_body,address,pin_code,email,know_more_url,schooldetail_id,last_modified_time,total_results_hint
******90530 Operational,,(10006) Sri Krishna Jr.CollegeKallur,,,,Andhra Pradesh,11-Higher Secondary only/Jr. College,38-Pvt.Unaided,11 To 12,3-Co-educational,2-Urban,NA,,Kurnool Ward No. 27,Kurnool-Municipal Corporations,abbasnagarkurnool DIST,518002,skjc.kurnool[at]gmail[dot]com,https://kys.udiseplus.gov.in/#/schooldetail/4699035/12,4699035,24/12/2025 07:15,2725
******91316 Operational,,(10009) Govt.Jr.College(Town) Kurnool,,,,Andhra Pradesh,11-Higher Secondary only/Jr. College,10-State Govt.,11 To 12,3-Co-educational,2-Urban,NA,,Kurnool Ward No. 51,Kurnool-Municipal Corporations,NEAR CONTROL ROOM KURNOOL,518001,principal.gjct.kurnool[at]gmail[dot]com,https://kys.udiseplus.gov.in/#/schooldetail/4697145/12,4697145,25/10/2024 19:43,2725
******91321 Operational,,(10013) Govt. Jr.College for Girls,,,,Andhra Pradesh,11-Higher Secondary only/Jr. College,10-State Govt.,11 To 12,2-Girls,2-Urban,NA,,Kurnool Ward No. 45,Kurnool-Municipal Corporations,"Govt. Junior College, for Girls Kurnool Near Railway Station Road Kurnool",518004,principal.gjcgkurnool[at]gmail[dot]com,https://kys.udiseplus.gov.in/#/schooldetail/4697147/12,4697147,25/10/2024 19:43,2725
******91351 Operational,,(10016) St.Joseph Jr.College for girls Kurnool,,,,Andhra Pradesh,11-Higher Secondary only/Jr. College,35-Pvt.Aided,11 To 12,2-Girls,1-Rural,Kurnool,Gargeyapuram,,,JMJ Nagar Atmakur Road Kurnool,518002,stjosephjrcollgeknl[at]gmail[dot]com,https://kys.udiseplus.gov.in/#/schooldetail/4698237/12,4698237,29/12/2025 11:54,2725
******91325 Operational,,(10017) Govt. Jr.CollegeB.Camp Kurnool,,,,Andhra Pradesh,11-Higher Secondary only/Jr. College,10-State Govt.,11 To 12,3-Co-educational,2-Urban,NA,,Kurnool Ward No. 23,Kurnool-Municipal Corporations,Govt Junior College B Camp Kurnool,518002,principal.gjcb.kurnool1[at]gmail[dot]com,https://kys.udiseplus.gov.in/#/schooldetail/4698217/12,4698217,25/10/2024 19:43,2725
******91328 Operational,,(10018) St.Mary Jr.College for Boys Kurnool,,,,Andhra Pradesh,11-Higher Secondary only/Jr. College,35-Pvt.Aided,11 To 12,3-Co-educational,1-Rural,Kurnool,B. Thandrapadu (Og),,,opp gpr college kurnool,518007,smjcknl1980[at]gmail[dot]com,https://kys.udiseplus.gov.in/#/schooldetail/4698218/12,4698218,21/12/2025 14:07,2725
******91349 Permanently Closed,,(10024) VIDYA VIKAS JUNIOR COLLEGE,,,,Andhra Pradesh,11-Higher Secondary only/Jr. College,38-Pvt.Unaided,11 To 12,3-Co-educational,9-NA,NA,,,,NA,518004,,https://kys.udiseplus.gov.in/#/schooldetail/4698234/12,4698234,25/10/2024 19:43,2725
******91329 Operational,,(10030) Coles Memorial Jr.College Kurnool,,,,Andhra Pradesh,11-Higher Secondary only/Jr. College,35-Pvt.Aided,11 To 12,3-Co-educational,2-Urban,NA,,Kurnool Ward No. 50,Kurnool-Municipal Corporations,Opp Head Post Office Old Bus Stand Kurnool,518001,vijay9994u[at]gmail[dot]com,https://kys.udiseplus.gov.in/#/schooldetail/4698219/12,4698219,25/10/2024 19:43,2725
******91330 Operational,,(10031) OSMANIA COLLEGE KURNOOL,,,,Andhra Pradesh,11-Higher Secondary only/Jr. College,38-Pvt.Unaided,11 To 12,1-Boys,2-Urban,NA,,Kurnool Ward No. 10,Kurnool-Municipal Corporations,11/9 PETA OSMANIA COLLEGE KURNOOL,518001,principalock[at]gmail[dot]com,https://kys.udiseplus.gov.in/#/schooldetail/4698220/12,4698220,25/10/2024 19:43,2725
******91331 Operational,,(10032) Hajira Jr.College for Girls Kurnool,,,,Andhra Pradesh,11-Higher Secondary only/Jr. College,38-Pvt.Unaided,11 To 12,2-Girls,2-Urban,NA,,Kurnool Ward No. 10,Kurnool-Municipal Corporations,11/9 OSMANIA COLLEGE CAMPUS,518001,hjcfg.knl[at]gmail[dot]com,https://kys.udiseplus.gov.in/#/schooldetail/4698221/12,4698221,25/10/2024 19:43,2725
******91319 Operational,,(10033) VASAVI JR.COLEEGE FOR GIRLS,,,,Andhra Pradesh,11-Higher Secondary only/Jr. College,38-Pvt.Unaided,11 To 12,2-Girls,2-Urban,NA,,Kurnool Ward No. 9,Kurnool-Municipal Corporations,53/40 UTTARADHI MUTT ROAD NEAR KING MARKET KURNOOL,518004,vasaviinter10033[at]gmail[dot]com,https://kys.udiseplus.gov.in/#/schooldetail/4697146/12,4697146,05/01/2026 15:56,2725
******91333 Operational,,(10036) St.Joseph Jr.College Kurnool,,,,Andhra Pradesh,11-Higher Secondary only/Jr. College,38-Pvt.Unaided,11 To 12,3-Co-educational,1-Rural,Kurnool,Rudravaram,,,44-19-2 SUNKESALA ROAD KURNOOL ROAD518004,518004,sjjcknl10036[at]gmail[dot]com,https://kys.udiseplus.gov.in/#/schooldetail/4698223/12,4698223,25/10/2024 19:43,2725
******91337 Operational,,(10040) Sri.Bala Siva Jr.CollegeKurnool,,,,Andhra Pradesh,11-Higher Secondary only/Jr. College,35-Pvt.Aided,11 To 12,3-Co-educational,2-Urban,NA,,Kurnool Ward No. 1,Kurnool-Municipal Corporations,kurnool M Corp-4 KURNOOL-518004,518004,sbsjc82[at]gmil[dot]com,https://kys.udiseplus.gov.in/#/schooldetail/4698225/12,4698225,05/01/2026 15:55,2725
******90556 Closed,Closed,(10041) ISLAMIA CO-OP JR.COLLEGEKRISHNA NAGAR,,,,Andhra Pradesh,11-Higher Secondary only/Jr. College,38-Pvt.Unaided,11 To 12,3-Co-educational,2-Urban,NA,,Kurnool Ward No. 27,Kurnool-Municipal Corporations,79-130 Krishna nagar kurnool,518002,dallabakash123[at]gmail[dot]com,https://kys.udiseplus.gov.in/#/schooldetail/4699053/12,4699053,09/05/2022 13:36,2725
******91344 Operational,,(10042) NARAYANA JR. COLLEGE KURNOOL,,,,Andhra Pradesh,11-Higher Secondary only/Jr. College,38-Pvt.Unaided,11 To 12,3-Co-educational,2-Urban,NA,,Kurnool Ward No. 12,Kurnool-Municipal Corporations,40-319 KE PLAZA OPP ZP OFFICE KURNOOL,518004,kurnoolbc[at]gmail[dot]com,https://kys.udiseplus.gov.in/#/schooldetail/4698232/12,4698232,25/10/2024 19:43,2725
******91341 Sanctioned but not Operational,,(10044) C.V.Raman Jr.College Kurnool,,,,Andhra Pradesh,11-Higher Secondary only/Jr. College,38-Pvt.Unaided,11 To 12,3-Co-educational,2-Urban,NA,,Kurnool Ward No. 43,Kurnool-Municipal Corporations,opp eedgha kallur kurnool,518004,kurnoolcvramanjuniorcollege[at]gmail[dot]com,https://kys.udiseplus.gov.in/#/schooldetail/4698227/12,4698227,25/10/2024 19:43,2725
******91348 Operational,,"(10045) NARAYANA JR. COLLEGE GAYATRI ESTATE, KURNOOL",,,,Andhra Pradesh,11-Higher Secondary only/Jr. College,38-Pvt.Unaided,11 To 12,3-Co-educational,2-Urban,NA,,Kurnool Ward No. 25,Kurnool-Municipal Corporations,PLOT NO 4 GAYATHRI ESTATES KURNOOL,518002,kurnoolbs[at]gmail[dot]com,https://kys.udiseplus.gov.in/#/schooldetail/4698233/12,4698233,21/12/2025 14:22,2725
******91343 Operational,,(10046) Masters Jr. College Kurnool,,,,Andhra Pradesh,11-Higher Secondary only/Jr. College,38-Pvt.Unaided,11 To 12,3-Co-educational,2-Urban,NA,,Kurnool Ward No. 14,Kurnool-Municipal Corporations,49/1-81 maddur nagar kurnool,518002,mmknl2010[at]gmail[dot]com,https://kys.udiseplus.gov.in/#/schooldetail/4698231/12,4698231,21/12/2025 14:24,2725
******91342 Operational,,"(10047) Narayana Jr.College Soma Arcade, Kurnool",,,,Andhra Pradesh,11-Higher Secondary only/Jr. College,38-Pvt.Unaided,11 To 12,2-Girls,2-Urban,NA,,Kurnool Ward No. 12,Kurnool-Municipal Corporations,D NO 40-319-5 6 SOMAARCADE R S ROAD KURNOOL,518004,-knlboardgc[at]gmail[dot]com,https://kys.udiseplus.gov.in/#/schooldetail/4698230/12,4698230,16/02/2026 15:56,2725
******91339 Operational,,(10050) NARAYANA JR. COLLEGE KURNOOL,,,,Andhra Pradesh,11-Higher Secondary only/Jr. College,38-Pvt.Unaided,11 To 12,3-Co-educational,2-Urban,NA,,Kurnool Ward No. 25,Kurnool-Municipal Corporations,40-829/bplot no4,518002,knliitN120[at]gmail[dot]com,https://kys.udiseplus.gov.in/#/schooldetail/4698226/12,4698226,25/10/2024 19:43,2725
******91350 Operational,,(10051) Govt. Vocational Jr.College Kurnool,,,,Andhra Pradesh,11-Higher Secondary only/Jr. College,10-State Govt.,11 To 12,3-Co-educational,2-Urban,NA,,Kurnool Ward No. 22,Kurnool-Municipal Corporations,B CAMP KURNOOL DISTRICT,518002,principal.gvjc.kurnool1[at]gmail[dot]com,https://kys.udiseplus.gov.in/#/schooldetail/4698236/12,4698236,21/12/2025 14:31,2725
******91345 Permanently Closed,,(10053) Sri Sai Yuktha Jr.College Kurnool,,,,Andhra Pradesh,11-Higher Secondary only/Jr. College,38-Pvt.Unaided,11 To 12,3-Co-educational,9-NA,NA,,,,NA,518001,,https://kys.udiseplus.gov.in/#/schooldetail/4717333/12,4717333,25/10/2024 19:43,2725
******02505 Operational,,(10054) Govt. Jr collegekowthalam,,,,Andhra Pradesh,11-Higher Secondary only/Jr. College,10-State Govt.,11 To 12,3-Co-educational,1-Rural,Kowthalam,Kowthalam,,,Govt Jr College kowthalam kurnool dist,518344,pplgjcktl[at]gmail[dot]com,https://kys.udiseplus.gov.in/#/schooldetail/4697573/12,4697573,16/02/2026 15:55,2725
******02815 Operational,,(10055) The Adoni Arts and Science Jr.College,,,,Andhra Pradesh,11-Higher Secondary only/Jr. College,38-Pvt.Unaided,11 To 12,3-Co-educational,1-Rural,Adoni,Mandagiri (Rural),,,THE ADONI ARTS AND SCIENCE COLLEGE ADONI YEMMIGANUR ROAD ADONI,518302,adonicollege[at]gmail[dot]com,https://kys.udiseplus.gov.in/#/schooldetail/4699524/12,4699524,29/06/2022 17:39,2725
******02821 Operational,,(10056) Noble Vocational Jr.College Adoni,,,,Andhra Pradesh,11-Higher Secondary only/Jr. College,38-Pvt.Unaided,11 To 12,3-Co-educational,2-Urban,NA,,Adoni (M) - Ward No.1,Adoni-Municipality,4/343-C BESIDE C R CHURCH RAMAJALA ROAD ADONI,518301,noblevocationaljrcollegeadoni[at]gmail[dot]com,https://kys.udiseplus.gov.in/#/schooldetail/4698464/12,4698464,16/02/2026 15:59,2725
******02822 Operational,,(10057) Vivekananda Jr.College Adoni,,,,Andhra Pradesh,11-Higher Secondary only/Jr. College,38-Pvt.Unaided,11 To 12,3-Co-educational,2-Urban,NA,,Adoni (M) - Ward No.1,Adoni-Municipality,NGOs COLONY ADONI-518302 KURNOOL DT,518302,vjcadn[at]gmail[dot]com,https://kys.udiseplus.gov.in/#/schooldetail/4698465/12,4698465,25/06/2021 16:13,2725
******91352 Operational,,(10058) SRI BALAJI Jr.COLLEGE,,,,Andhra Pradesh,11-Higher Secondary only/Jr. College,38-Pvt.Unaided,11 To 12,3-Co-educational,2-Urban,NA,,Adoni (M) - Ward No.1,Adoni-Municipality,RAMAJALA ROAD ADONI,518301,hanuvedha73[at]gmail[dot]com,https://kys.udiseplus.gov.in/#/schooldetail/4699706/12,4699706,25/06/2021 16:14,2725
******01912 Operational,,(10060) GOVT JUNIOR COLLEGEASPARI,,,,Andhra Pradesh,11-Higher Secondary only/Jr. College,10-State Govt.,11 To 12,3-Co-educational,1-Rural,Aspari,Aspari,,,Near BSNL Office Aspari-518347 Kurnool District,518347,gjcaspari10060[at]gmail[dot]com,https://kys.udiseplus.gov.in/#/schooldetail/4699910/12,4699910,21/12/2025 12:20,2725
******91351 Operational,,(10061) NARAYANA Jr.COLLEGE ADONI,,,,Andhra Pradesh,11-Higher Secondary only/Jr. College,38-Pvt.Unaided,11 To 12,3-Co-educational,2-Urban,NA,,Adoni (M) - Ward No.1,Adoni-Municipality,ambedkar nagar adoni,518301,njcadoni[at]gmail[dot]com,https://kys.udiseplus.gov.in/#/schooldetail/4717420/12,4717420,30/08/2024 15:40,2725
******02816 Operational,,(10067) Viswanarayana Jr.College Adoni,,,,Andhra Pradesh,11-Higher Secondary only/Jr. College,38-Pvt.Unaided,11 To 12,3-Co-educational,1-Rural,Adoni,Mandagiri (Rural),,,SBI-1SREERAM NAGAR COLONY YGR RAOD ADONI-02,518302,vnjcollege[at]gmail[dot]com,https://kys.udiseplus.gov.in/#/schooldetail/4699525/12,4699525,16/02/2026 15:58,2725
******02817 Operational,,(10068) Dr.Jyothirmai Memorial Jr.College Adoni,,,,Andhra Pradesh,11-Higher Secondary only/Jr. College,38-Pvt.Unaided,11 To 12,3-Co-educational,2-Urban,NA,,Adoni (M) - Ward No.1,Adoni-Municipality,21/134-1B/1A S K D COLONY ADONI,518301,jyothirmayijr10068[at]gmail[dot]com,https://kys.udiseplus.gov.in/#/schooldetail/4699526/12,4699526,27/09/2024 16:29,2725
******02818 Operational,,(10069) Sai Jr.College SKD Colony Adoni,,,,Andhra Pradesh,11-Higher Secondary only/Jr. College,38-Pvt.Unaided,11 To 12,3-Co-educational,2-Urban,NA,,Adoni (M) - Ward No.17,Adoni-Municipality,21/143-12 SKD COLONY ZERO ROAD ADONI,518301,sjc10069adoni[at]gmail[dot]com,https://kys.udiseplus.gov.in/#/schooldetail/4699527/12,4699527,25/06/2021 16:13,2725
******02819 Permanently Closed,,(10070) T.G.Prahlada chetty Jr.College Adoni,,,,Andhra Pradesh,11-Higher Secondary only/Jr. College,35-Pvt.Aided,11 To 12,3-Co-educational,2-Urban,NA,,Adoni (M) - Ward No.6,Adoni-Municipality,NA,518301,,https://kys.udiseplus.gov.in/#/schooldetail/4717413/12,4717413,15/10/2020 12:18,2725
******02813 Operational,,(10071) Govt. Jr.College for Girls Adoni,,,,Andhra Pradesh,11-Higher Secondary only/Jr. College,10-State Govt.,11 To 12,2-Girls,2-Urban,NA,,Adoni (M) - Ward No.21,Adoni-Municipality,5th Road SKD Colony Adhoni,518301,prinicpal.gjcg.adoni[at]gmail[dot]com,https://kys.udiseplus.gov.in/#/schooldetail/4699523/12,4699523,25/11/2023 09:35,2725
******91349 Operational,,(10074) NATIONAL Jr.COLLEGE ADONI,,,,Andhra Pradesh,11-Higher Secondary only/Jr. College,38-Pvt.Unaided,11 To 12,3-Co-educational,2-Urban,NA,,Adoni (M) - Ward No.21,Adoni-Municipality,211/A HIG-70 APHB COLONY,518301,nationaljrcollege10074[at]gmail[dot]com,https://kys.udiseplus.gov.in/#/schooldetail/4699704/12,4699704,16/02/2026 16:00,2725
******91332 Operational,,(10075) SRI CHAITANYA JR COOLEGEBHASKAR NAGAR,,,,Andhra Pradesh,11-Higher Secondary only/Jr. College,38-Pvt.Unaided,11 To 12,3-Co-educational,2-Urban,NA,,Kurnool Ward No. 13,Kurnool-Municipal Corporations,"H NO 40/304, BHAGYA NAGAR. KURNOOL",518004,srichaitanya10075[at]gmail[dot]com,https://kys.udiseplus.gov.in/#/schooldetail/4698222/12,4698222,25/10/2024 19:43,2725
******91390 Operational,,(10076) SRI CHITHANYA JR.COOLEGE B.THANDRAPADU,,,,Andhra Pradesh,11-Higher Secondary only/Jr. College,38-Pvt.Unaided,11 To 12,3-Co-educational,1-Rural,Kurnool,B. Thandrapadu (Og),,,H NO - 40/304 BHAGYA NAGAR KURNOOL,518004,srichaitanya10076[at]gmail[dot]com,https://kys.udiseplus.gov.in/#/schooldetail/4698254/12,4698254,29/12/2025 11:55,2725
******91391 Operational,,(10077) SRI CHITHANYA JR.COOLEGE B.THANDRAPADU,,,,Andhra Pradesh,11-Higher Secondary only/Jr. College,38-Pvt.Unaided,11 To 12,3-Co-educational,1-Rural,Kurnool,B. Thandrapadu (Og),,,191/A1 B THANDRAPADU,518002,srichaitanya10077[at]gmail[dot]com,https://kys.udiseplus.gov.in/#/schooldetail/4698255/12,4698255,29/12/2025 11:57,2725
******91334 Operational,,(10078) SRI CHAITANYA JRCOLLEGEBHASKAR NAGAR,,,,Andhra Pradesh,11-Higher Secondary only/Jr. College,38-Pvt.Unaided,11 To 12,3-Co-educational,2-Urban,NA,,Kurnool Ward No. 13,Kurnool-Municipal Corporations,191/4 BTHANDRAPADU KURNOOL,518007,srichaitanya10078[at]gmail[dot]com,https://kys.udiseplus.gov.in/#/schooldetail/4698224/12,4698224,05/01/2026 15:53,2725
******00119 Operational,,"(10081) NARAYANA JR. COLLEGE, NANOOR,",,,,Andhra Pradesh,11-Higher Secondary only/Jr. College,38-Pvt.Unaided,11 To 12,3-Co-educational,1-Rural,Orvakal,Nannur,,,syno1164 Nannur Orvakal kurnool,518002,knlbts123[at]gmail[dot]com,https://kys.udiseplus.gov.in/#/schooldetail/4719566/12,4719566,30/08/2024 15:40,2725
******00655 Operational,,"(10097)-MOTION JUNIOR COLLEGE, KURNOOL",,,,Andhra Pradesh,11-Higher Secondary only/Jr. College,38-Pvt.Unaided,11 To 12,3-Co-educational,2-Urban,NA,,Nandyal (M) - Ward No.13,Nandyal-Municipality,25-692- 25-692-A TTD ROAD - NANDYAL,518502,motionkurnoolcenter[at]gmail[dot]com,https://kys.udiseplus.gov.in/#/schooldetail/4699303/12,4699303,21/12/2025 14:39,2725
******91350 Operational,,(10101) AKSHARA Jr.COLLEGE ADONI,,,,Andhra Pradesh,11-Higher Secondary only/Jr. College,38-Pvt.Unaided,11 To 12,3-Co-educational,2-Urban,NA,,Adoni (M) - Ward No.1,Adoni-Municipality,"21/39/6,21/39/7, S K D COLONY 3rd Road Adoni",518301,aksharasreeb4u[at]gmail[dot]com,https://kys.udiseplus.gov.in/#/schooldetail/4699705/12,4699705,08/10/2024 11:06,2725
******91348 Permanently Closed,,(10114) SRI MEDHA JR.COLLEGE ADONI,,,,Andhra Pradesh,11-Higher Secondary only/Jr. College,38-Pvt.Unaided,11 To 12,3-Co-educational,1-Rural,Adoni,Mandagiri (Rural),,,NA,518302,,https://kys.udiseplus.gov.in/#/schooldetail/4717419/12,4717419,15/10/2020 12:18,2725
******91505 Operational,,"(10116)-NARAYANA JUNIOR COLLEGE,SAMEERA REDHILLS, NANOOR,ORVAKAL",,,,Andhra Pradesh,11-Higher Secondary only/Jr. College,38-Pvt.Unaided,11 To 12,3-Co-educational,1-Rural,Orvakal,Nannur,,,Plot No 95 to 105 yellakuri banglow kurnool,518006,narayana10116[at]gmail[dot]com,https://kys.udiseplus.gov.in/#/schooldetail/4719551/12,4719551,23/12/2025 15:05,2725
******91359 Operational,,(10117) PADMAVATHI VOCATIONAL.Jr.COLLEGE,,,,Andhra Pradesh,11-Higher Secondary only/Jr. College,38-Pvt.Unaided,11 To 12,3-Co-educational,2-Urban,NA,,Adoni (M) - Ward No.1,Adoni-Municipality,22/251 postal colony s r nagar sadapuram,518302,padmavathivocationaljrcollege[at]gmail[dot]com,https://kys.udiseplus.gov.in/#/schooldetail/4699713/12,4699713,25/06/2021 16:15,2725
******00257 Operational,,(10175) NALANDA JR COLLEDE YEMMIGANUR,,,,Andhra Pradesh,11-Higher Secondary only/Jr. College,38-Pvt.Unaided,11 To 12,3-Co-educational,2-Urban,NA,,Yemmiganur (M) - Ward No.1,Yemmiganur-Municipality,1/1396 HBS Colony Yemmiganur,518360,nalandajuniorcollege234[at]gmail[dot]com,https://kys.udiseplus.gov.in/#/schooldetail/4699262/12,4699262,15/10/2020 12:18,2725
******01009 Permanently Closed,,(10176) SANJEEVI JUNIOR COLLEGE HANUMAPURAM,,,,Andhra Pradesh,11-Higher Secondary only/Jr. College,38-Pvt.Unaided,11 To 12,3-Co-educational,1-Rural,Peddakadabur,H Murvari,,,NA,518360,,https://kys.udiseplus.gov.in/#/schooldetail/4717410/12,4717410,15/10/2020 12:18,2725
******00255 Operational,,(10177) GOVT.JR.COLLEGE YEMMIGANUR,,,,Andhra Pradesh,11-Higher Secondary only/Jr. College,10-State Govt.,11 To 12,3-Co-educational,2-Urban,NA,,Yemmiganur (M) - Ward No.1,Yemmiganur-Municipality,GANDHI NAGAR YEMMIGANUR,518360,principal.gjcb.yemmiganur[at]gmail[dot]com,https://kys.udiseplus.gov.in/#/schooldetail/4699260/12,4699260,30/08/2024 15:09,2725
******00256 Operational,,(10178) Govt. Jr.College for Girls Yemmiganur,,,,Andhra Pradesh,11-Higher Secondary only/Jr. College,10-State Govt.,11 To 12,2-Girls,2-Urban,NA,,Yemmiganur (M) - Ward No.1,Yemmiganur-Municipality,NEAR HEAD POST OFFICE YEMMIGANUR 518360,518360,principal.gjcg.yemmiganur[at]gmail[dot]com,https://kys.udiseplus.gov.in/#/schooldetail/4699261/12,4699261,25/06/2021 17:39,2725
******00259 Operational,,(10180) Vyshnavi Jr.College Yemmiganur,,,,Andhra Pradesh,11-Higher Secondary only/Jr. College,38-Pvt.Unaided,11 To 12,3-Co-educational,2-Urban,NA,,Yemmiganur Ward No. 23,Yemmiganur-Municipality,VYSHNAVI JUNIOR COLLEGE D NO 10 BAR 220 KONDAVEETI PRANTHAM MALLARI STREET YEMMIGANUR 518360,518360,vjcygr180[at]gmail[dot]com,https://kys.udiseplus.gov.in/#/schooldetail/4699263/12,4699263,16/12/2023 17:14,2725
******00264 Operational,,(10181) NARAYANA JUNIOR COLLEGE YEMMIGANUR,,,,Andhra Pradesh,11-Higher Secondary only/Jr. College,38-Pvt.Unaided,11 To 12,3-Co-educational,2-Urban,NA,,Yemmiganur Ward No. 26,Yemmiganur-Municipality,HNO 1/2016/1 PARK ROAD YEMMIGANUR 518360,518360,yemmiganur.njc463[at]gmail[dot]com,https://kys.udiseplus.gov.in/#/schooldetail/4699265/12,4699265,25/06/2021 17:40,2725
******00263 Operational,,(10188) SMT THIRUPATHAMMA MAHILA JR COLLEGE YEMMIGANUR,,,,Andhra Pradesh,11-Higher Secondary only/Jr. College,38-Pvt.Unaided,11 To 12,2-Girls,2-Urban,NA,,Yemmiganur Ward No. 21,Yemmiganur-Municipality,1/1515 gandhi nagar,518360,thirupathammajuniorcollege[at]gmail[dot]com,https://kys.udiseplus.gov.in/#/schooldetail/4698229/12,4698229,15/10/2020 12:18,2725
******01708 Operational,,(10189) APRJC Jr.College (Girls) Banavasi,,,,Andhra Pradesh,11-Higher Secondary only/Jr. College,12-APREI Society Schools,11 To 12,2-Girls,1-Rural,Yemmiganur,Banavasi,,,APR JUNIOR COLLEGE FOR GIRLS BANAVASI VILLAGE YEMMIGANUR MANDAL KURNOOL DISTRICT,518360,aprjcbanavasi[at]gmail[dot]com,https://kys.udiseplus.gov.in/#/schooldetail/4699335/12,4699335,28/10/2024 14:20,2725
******01419 Operational,,(10211) GOVT.JR.COLLEGE ALURU,,,,Andhra Pradesh,11-Higher Secondary only/Jr. College,10-State Govt.,11 To 12,3-Co-educational,1-Rural,Alur,Alur,,,GOVERNMENT JUNIOR COLLEGE ALUR NERA OLD BUSTAND,518395,principal.gjc.aluru[at]gmal[dot]com,https://kys.udiseplus.gov.in/#/schooldetail/4698752/12,4698752,22/12/2025 13:01,2725
******01420 Closed,Closed,(10212) APSWR Jr.College for Boys Allur,,,,Andhra Pradesh,11-Higher Secondary only/Jr. College,24-APSWREI Society Schools,11 To 12,1-Boys,1-Rural,Alur,Alur,,,HNO-1-1 DEVARAGATTU ROAD ARIKERA,518395,prl.knl.arikera2[at]gmail[dot]com,https://kys.udiseplus.gov.in/#/schooldetail/4698753/12,4698753,08/02/2024 17:15,2725
******00817 Closed,Closed,(10223) Lakshmi Narasimha and Sri Shiridi Jr.College Maddikera,,,,Andhra Pradesh,11-Higher Secondary only/Jr. College,38-Pvt.Unaided,11 To 12,3-Co-educational,1-Rural,Maddikera (East),Maddikera (East),,,21-24-100-2 sai nagar,518385,MYAGNAM9885[at]GMAIL[dot]COM,https://kys.udiseplus.gov.in/#/schooldetail/4700783/12,4700783,06/08/2024 22:11,2725
******00506 Operational,,(10224) GOVT.JR.COLLEGE PATTIKONDA,,,,Andhra Pradesh,11-Higher Secondary only/Jr. College,10-State Govt.,11 To 12,3-Co-educational,1-Rural,Pattikonda,Pattikonda,,,OPP RB GUEST HOUSE GOOTY ROAD PATHIKONDA,518380,principal.gjc.pathikonda[at]gmail[dot]com,https://kys.udiseplus.gov.in/#/schooldetail/4701842/12,4701842,26/06/2021 10:19,2725
******00716 Operational,,(10225) A.S.Junior College Tuggali,,,,Andhra Pradesh,11-Higher Secondary only/Jr. College,38-Pvt.Unaided,11 To 12,3-Co-educational,1-Rural,Tuggali,Tuggali,,,Near Substation Tuggali A S Junior college Tuggali,518390,gvreddy414[at]gmail[dot]com,https://kys.udiseplus.gov.in/#/schooldetail/4701783/12,4701783,15/10/2020 12:18,2725
******00752 Closed,Closed,(10226) ABHUDAYA MAHILA JR COLLEGE PATTIKONDA,,,,Andhra Pradesh,11-Higher Secondary only/Jr. College,38-Pvt.Unaided,11 To 12,2-Girls,1-Rural,Pattikonda,Pattikonda,,,kurnool road pattikonda,518380,viswan655[at]gmail[dot]com,https://kys.udiseplus.gov.in/#/schooldetail/4701883/12,4701883,16/12/2023 10:23,2725
******01213 Operational,,(10235) Govt. Jr.College Devanakonda,,,,Andhra Pradesh,11-Higher Secondary only/Jr. College,10-State Govt.,11 To 12,3-Co-educational,1-Rural,Devanakonda,Devanakonda,,,GOVT JUNIOR COLLEGE DEVANAKONDA,518465,gjcdkd[at]gmail[dot]com,https://kys.udiseplus.gov.in/#/schooldetail/4699976/12,4699976,23/12/2025 17:10,2725
******00245 Operational,,10291-ROOTS GLOBAL JUNIOR COLLEGE,,,,Andhra Pradesh,11-Higher Secondary only/Jr. College,38-Pvt.Unaided,11 To 12,3-Co-educational,1-Rural,Veldurthi,Veldurthi,,,"ACHARYA JUNIOR COLLEGE, ADONI",518003,acharyajuniorcollege2023[at]gmail[dot]com,https://kys.udiseplus.gov.in/#/schooldetail/4720659/12,4720659,22/12/2025 12:52,2725
******01035 Operational,,(10294) Govt. Jr.College Veldurthy,,,,Andhra Pradesh,11-Higher Secondary only/Jr. College,10-State Govt.,11 To 12,3-Co-educational,1-Rural,Veldurthi,Veldurthi,,,near zphs boys school,518216,principal.gjc.veldurthy[at]gmail[dot]com,https://kys.udiseplus.gov.in/#/schooldetail/4700091/12,4700091,29/06/2022 11:52,2725
******00117 Operational,,(10321)-NARAYANA JR COLLEGE NANNOOR,,,,Andhra Pradesh,11-Higher Secondary only/Jr. College,38-Pvt.Unaided,11 To 12,3-Co-educational,1-Rural,Orvakal,Nannur,,,PLOT NO 13 RAGAMYURI GREEN HILLS,518002,rmgkurnool[at]gmail[dot]com,https://kys.udiseplus.gov.in/#/schooldetail/4719565/12,4719565,30/08/2024 15:40,2725
******00341 Operational,,(10353) GOVT.JR.COLLEGE KODUMUR,,,,Andhra Pradesh,11-Higher Secondary only/Jr. College,10-State Govt.,11 To 12,3-Co-educational,1-Rural,Kodumur,Kodumur,,,Yemmiganur road kodumur mandal,518464,principal.gjc.kodumur[at]gmail[dot]com,https://kys.udiseplus.gov.in/#/schooldetail/4699128/12,4699128,10/05/2022 10:53,2725
******00342 Operational,,(10354) K.P.N.R Jr.college Kodumur,,,,Andhra Pradesh,11-Higher Secondary only/Jr. College,38-Pvt.Unaided,11 To 12,3-Co-educational,1-Rural,Kodumur,Kodumur,,,Kodumur Kurnool Dist,518464,prcr111[at]gmail[dot]com,https://kys.udiseplus.gov.in/#/schooldetail/4699130/12,4699130,30/08/2024 17:20,2725
******00343 Operational,,(10355) SRI KVBR MEM JR COLLEGE KODUMUR,,,,Andhra Pradesh,11-Higher Secondary only/Jr. College,38-Pvt.Unaided,11 To 12,3-Co-educational,1-Rural,Kodumur,Kodumur,,,K E RAMBABU COMPLEX KODUMUR mandal,518464,kvrmcollege2007[at]gmail[dot]com,https://kys.udiseplus.gov.in/#/schooldetail/4699131/12,4699131,17/12/2023 11:23,2725
******00344 Operational,,(10356) SRI PADMAVATHI JR COLLEGE FOR GIRLS KODUMUR,,,,Andhra Pradesh,11-Higher Secondary only/Jr. College,38-Pvt.Unaided,11 To 12,2-Girls,1-Rural,Kodumur,Kodumur,,,18-212-2 Yemmiganur Road Kodumur,518464,spjgck[at]gmail[dot]com,https://kys.udiseplus.gov.in/#/schooldetail/4699133/12,4699133,10/05/2022 11:07,2725
******00630 Operational,,(10365) GOVT.JR.COLLEGE GUDURU,,,,Andhra Pradesh,11-Higher Secondary only/Jr. College,10-State Govt.,11 To 12,3-Co-educational,2-Urban,NA,,Gudur (M) - Ward No.3,Gudur (kurnool)-Town Panchayat,GOVERNMENT JUNIOR COLLEGE KURNOOL ROAD GUDUR,518466,principal.gjc.gudur[at]gmail[dot]com,https://kys.udiseplus.gov.in/#/schooldetail/4697864/12,4697864,11/05/2022 11:18,2725
******91389 Operational,,(10366) VISION JUNIOR COLLEGE,,,,Andhra Pradesh,11-Higher Secondary only/Jr. College,38-Pvt.Unaided,11 To 12,3-Co-educational,2-Urban,NA,,Kurnool Ward No. 44,Kurnool-Municipal Corporations,SEETHARAM NAGAR NEAR PUMP HOUSE KURNOOL,518004,ramaiahjuniorcollege[at]gmail[dot]com,https://kys.udiseplus.gov.in/#/schooldetail/4698113/12,4698113,26/08/2025 13:22,2725
******00631 Operational,,(10367) SRI SAI VENKATESHWARA JR COLLEGE GUDUR,,,,Andhra Pradesh,11-Higher Secondary only/Jr. College,38-Pvt.Unaided,11 To 12,3-Co-educational,2-Urban,Gudur,,Gudur (M) - Ward No.13,Gudur (kurnool)-Town Panchayat,"YEMMIGANUR ROAD, GUDUR VILLAGE, KURNOOL DISTRICT",518466,srisai10367[at]gmail[dot]com,https://kys.udiseplus.gov.in/#/schooldetail/4697865/12,4697865,08/12/2023 12:33,2725
******02420 Operational,,(10376) GOVT. JR. COLLEGE KOSIGI,,,,Andhra Pradesh,11-Higher Secondary only/Jr. College,10-State Govt.,11 To 12,3-Co-educational,1-Rural,Kosigi,Kosigi,,,"OPP SRI CHAITANYA PUBLIC SCHOOL YEMMIGANUR ROAD KOSIGI,KOSIGI(MANDAL,KURNOOL(DIST)",518313,veerareddy443[at]gmail[dot]com,https://kys.udiseplus.gov.in/#/schooldetail/4697657/12,4697657,20/12/2025 06:07,2725
******00520 Operational,,(10387) Govt. Jr.College Gonegandla,,,,Andhra Pradesh,11-Higher Secondary only/Jr. College,10-State Govt.,11 To 12,3-Co-educational,1-Rural,Gonegandla,Iranbanda,,,NEAR AP MODEL SCHOOL GAJULADINNE VILLAGE GONEGANDLA MANDAL,518463,principal.gjc.gonegandla[at]gmail[dot]com,https://kys.udiseplus.gov.in/#/schooldetail/4699198/12,4699198,12/02/2026 11:52,2725
******01025 Operational,,(10398) Govt. Jr.College Holagunda,,,,Andhra Pradesh,11-Higher Secondary only/Jr. College,10-State Govt.,11 To 12,3-Co-educational,1-Rural,Holagunda,Holagunda,,,Adoni Road Holagunda,518346,principal.gjc.holagunda[at]gmail[dot]com,https://kys.udiseplus.gov.in/#/schooldetail/4699765/12,4699765,25/06/2021 13:34,2725
******02113 Operational,,(10409) Govt. Jr collegeMantralayam,,,,Andhra Pradesh,11-Higher Secondary only/Jr. College,10-State Govt.,11 To 12,3-Co-educational,1-Rural,Mantralayam,Manchala,,,RAGHAVENDRA NAGAR MANTRALAYAM,518345,,https://kys.udiseplus.gov.in/#/schooldetail/4697730/12,4697730,25/06/2021 13:16,2725
******01207 Operational,,(10420) Govt. Jr College Chippagiri,,,,Andhra Pradesh,11-Higher Secondary only/Jr. College,10-State Govt.,11 To 12,3-Co-educational,1-Rural,Chippagiri,Chippagiri,,,Govt junior College Chippagiri Kurnool Dist,518396,gjcchippagiri[at]gmail[dot]com,https://kys.udiseplus.gov.in/#/schooldetail/4701966/12,4701966,08/05/2022 09:42,2725
******01114 Operational,,(10465) GOVT.JR.COLLEGE ORAVAKAL,,,,Andhra Pradesh,11-Higher Secondary only/Jr. College,10-State Govt.,11 To 12,3-Co-educational,1-Rural,Orvakal,Orvakal,,,Near Mandal Complex,518010,principal.gjc.orvakal[at]gmail[dot]com,https://kys.udiseplus.gov.in/#/schooldetail/4698837/12,4698837,25/06/2021 17:53,2725
******00116 Operational,,(10468) NARYANA JR.COLLEGE NANNOOR,,,,Andhra Pradesh,11-Higher Secondary only/Jr. College,38-Pvt.Unaided,11 To 12,3-Co-educational,1-Rural,Orvakal,Nannur,,,PLOT NO 14 RAAGA MAYURI BUILDING,518002,KURNOOLRMB[at]GMAIL[dot]COM,https://kys.udiseplus.gov.in/#/schooldetail/4698806/12,4698806,25/06/2021 17:50,2725
******01858 Closed,Closed,"21132-SRI CHAITANYA JUNIOR COLLEGE, KURNOOL",,,,Andhra Pradesh,11-Higher Secondary only/Jr. College,38-Pvt.Unaided,11 To 12,3-Co-educational,9-NA,NA,,,,SILPA BIRLA COMPOUND KURNOOL,518002,srichaitanya10075[at]gmail[dot]com,,,24/09/2025 16:36,2725
******01709 Operational,,"21135- SRI CHAITANYA JUNIOR COLLEGE, KURNOOL",,,,Andhra Pradesh,11-Higher Secondary only/Jr. College,38-Pvt.Unaided,11 To 12,3-Co-educational,2-Urban,Kurnool urban,,Kurnool Ward No. 19,"Kurnool Municipal Corporation, Kurnool",B THANDRAPADU KURNOOL,518007,,,,05/01/2026 16:09,2725
******01857 Operational,,"21187-NARAYANA JUNIOR COLLEGE, B.PETA, KURNOOL",,,,Andhra Pradesh,11-Higher Secondary only/Jr. College,38-Pvt.Unaided,11 To 12,3-Co-educational,2-Urban,Kurnool urban,,Kurnool Ward No. 14,"Kurnool Municipal Corporation, Kurnool","46-93-3, B.PETA KURNOOL",518002,apknlcoiit[at]gmail[dot]com,,,21/12/2025 14:57,2725
******01278 Operational,,"AAKSHARA EM UP SCHOOL, C.BELAGAL",,,,Andhra Pradesh,2-Primary with Upper Primary,38-Pvt.Unaided,1 To 8,3-Co-educational,1-Rural,C.Belagal,C.Belagal,,,"AAKSHARA EM UP SCHOOL, OPP PETROL BUNK, KURNOOL ROAD, C BEALAGAL",518462,,https://kys.udiseplus.gov.in/#/schooldetail/4721752/12,4721752,14/07/2025 17:00,2725
******91380 Operational,,AASIYA GIRLS BOYS ISLAMIC MADRASA ADONI,,,,Andhra Pradesh,2-Primary with Upper Primary,98-Madarsa Unrecognized,1 To 7,3-Co-educational,2-Urban,NA,,Adoni (M) - Ward No.2,Adoni-Municipality,BHARPET 2/221,518301,meo.adoni[at]gmail[dot]com,https://kys.udiseplus.gov.in/#/schooldetail/4699734/12,4699734,21/04/2023 15:31,2725
******00431 Operational,,AAYESHA SIIDDIUA URDU UP SCHOOL HOLAGUNDA,,,,Andhra Pradesh,2-Primary with Upper Primary,38-Pvt.Unaided,1 To 7,3-Co-educational,1-Rural,Holagunda,Holagunda,,,E BC COLNY HOLAGUNDA,518346,salfiabubakar[at]gmail[dot]com,https://kys.udiseplus.gov.in/#/schooldetail/4720845/12,4720845,02/03/2024 19:13,2725
******00303 Closed,Closed,AB.AIDED PS P.NELATUR,,,,Andhra Pradesh,1-Primary,35-Pvt.Aided,1 To 5,3-Co-educational,1-Rural,Gonegandla,Pedda Nelatur,,,PEDDA NELATUR GONEGANDLA PEDDA NELATUR(VILLAGE) GONEGANDLA(MANDAL) KURNOOL(DIST),518463,,https://kys.udiseplus.gov.in/#/schooldetail/4699178/12,4699178,09/05/2022 16:40,2725
******00280 Operational,,ABDUL MAZEED EM UP SCHOOL SULTHAN STREET,,,,Andhra Pradesh,2-Primary with Upper Primary,38-Pvt.Unaided,1 To 7,3-Co-educational,2-Urban,NA,,Yemmiganur (M) - Ward No.14,Yemmiganur-Municipality,GUJIRI NAZEER BUILDING OPPOSITE CHINNA KAMELA LINE YEMMIGANUR KURNOOL DIST ANDHRA PRADESH,518360,abdulmazeedemschool[at]gmail[dot]com,https://kys.udiseplus.gov.in/#/schooldetail/4719585/12,4719585,23/09/2024 15:37,2725
******90169 Operational,,ABG MPL PS SAI BABA NAGAR ADONI,,,,Andhra Pradesh,1-Primary,34-MUNCIPAL,1 To 5,3-Co-educational,2-Urban,NA,,Adoni (M) - Ward No.21,Adoni-Municipality,21st WARD ADONI ADONI (M)(VILLAGE) ADONI(MANDAL) KURNOOL(DIST),518301,abgmpl1965[at]gmail[dot]com,https://kys.udiseplus.gov.in/#/schooldetail/4699638/12,4699638,13/01/2023 15:14,2725
******00206 Operational,,ABHINAVA UP SCHOOL REMATA,,,,Andhra Pradesh,2-Primary with Upper Primary,38-Pvt.Unaided,1 To 8,3-Co-educational,1-Rural,Kurnool,Remata,,,ABHINAVA UPS SCHOOL REMATA,518466,,https://kys.udiseplus.gov.in/#/schooldetail/4697894/12,4697894,26/12/2025 12:33,2725
******02009 Operational,,ABHYAS EM UPS JOHARAPURAM,,,,Andhra Pradesh,2-Primary with Upper Primary,38-Pvt.Unaided,1 To 7,3-Co-educational,1-Rural,Aspari,Joharapuram,,,JOHARAPURAM VILLAGE ASPARI MANDAL,518347,neo.aspari[at]gmail[dot]com,https://kys.udiseplus.gov.in/#/schooldetail/4699919/12,4699919,21/12/2025 11:59,2725
******90571 Closed,Closed,ABM AIDEDPS BUDHWAR PET,,,,Andhra Pradesh,1-Primary,35-Pvt.Aided,1 To 5,3-Co-educational,2-Urban,NA,,Kurnool Ward No. 15,Kurnool-Municipal Corporations,BUDHWAR PET H.NO.47/25-B-2 KURNOOL KURNOOL (MCORP)(VILLAGE) KURNOOL(MANDAL) KURNOOL(DIST),518002,abmaidedprischoolbhdhawarapeta[at]gmail[dot]com,https://kys.udiseplus.gov.in/#/schooldetail/4698084/12,4698084,25/10/2024 19:43,2725
******01804 Closed,Closed,A.B.M AIDED PS GARGEYAPURAM,,,,Andhra Pradesh,1-Primary,35-Pvt.Aided,1 To 5,3-Co-educational,1-Rural,Kurnool,Gargeyapuram,,,GARGEYAPURAM GARGEYAPURAM GARGEYAPURAM(VILLAGE) KURNOOL(MANDAL) KURNOOL(DIST),518452,,https://kys.udiseplus.gov.in/#/schooldetail/4697965/12,4697965,10/05/2022 17:23,2725
******00610 Closed,Closed,ABM AIDED PS GUDUR,,,,Andhra Pradesh,1-Primary,35-Pvt.Aided,1 To 5,3-Co-educational,2-Urban,NA,,Gudur (M) - Ward No.2,Gudur (kurnool)-Town Panchayat,1st WARD NEAR CHURCH GUDUR GUDUR(VILLAGE) GUDUR(MANDAL) KURNOOL(DIST),518466,meo.gudur[at]gmail[dot]com,https://kys.udiseplus.gov.in/#/schooldetail/4697848/12,4697848,04/08/2025 14:27,2725
******00307 Permanently Closed,,A.B.M.AIDEDPS KODUMUR,,,,Andhra Pradesh,1-Primary,35-Pvt.Aided,1 To 5,3-Co-educational,1-Rural,Kodumur,Kodumur,,,NA,518464,,https://kys.udiseplus.gov.in/#/schooldetail/4699103/12,4699103,15/10/2020 12:18,2725
******01004 Closed,Closed,A.B.M AIDED PS STANTANPURAM,,,,Andhra Pradesh,1-Primary,35-Pvt.Aided,1 To 5,3-Co-educational,1-Rural,Kurnool,NA,,,STANTANPURAM MAMIDALAPADU MAMIDALAPADU(VILLAGE) KURNOOL(MANDAL) KURNOOL(DIST),518006,,https://kys.udiseplus.gov.in/#/schooldetail/4697924/12,4697924,10/05/2022 17:23,2725
******00205 Closed,Closed,ABM AIDEDPS TERNEKAL,,,,Andhra Pradesh,1-Primary,35-Pvt.Aided,1 To 5,3-Co-educational,1-Rural,Devanakonda,Gundlakonda,,,S C COLONY TERNEKAL TERNEKAL(VILLAGE) DEVANAKONDA(MANDAL) KURNOOL(DIST),518465,,https://kys.udiseplus.gov.in/#/schooldetail/4699927/12,4699927,15/10/2020 12:18,2725
******01007 Operational,,A B M AIDED PS VELDURTHY,,,,Andhra Pradesh,1-Primary,35-Pvt.Aided,1 To 5,3-Co-educational,1-Rural,Veldurthi,Veldurthi,,,4&5th WARD A.B.M.PALEM VELDURTHY VELDURTHI(VILLAGE) VELDURTI(MANDAL) KURNOOL(DIST),518216,meo.veldrthy29[at]gmail[dot]com,https://kys.udiseplus.gov.in/#/schooldetail/4700080/12,4700080,15/10/2020 12:18,2725
******00602 Closed,Closed,A.B.M LAXMIPURAM,,,,Andhra Pradesh,1-Primary,35-Pvt.Aided,1 To 5,3-Co-educational,1-Rural,Kallur,Laxmipuram,,,LAXMIPURAM LAXMIPURAM LAXMIPURAM(VILLAGE) KALLUR(MANDAL) KURNOOL(DIST),518218,,https://kys.udiseplus.gov.in/#/schooldetail/4698921/12,4698921,09/05/2022 13:36,2725
******00904 Closed,Closed,ABM PS MUNAGALAPADU,,,,Andhra Pradesh,1-Primary,35-Pvt.Aided,1 To 5,3-Co-educational,1-Rural,Kurnool,NA,,,NIDZUR MUNAGALAPADU MUNAGALAPADU(VILLAGE) KURNOOL(MANDAL) KURNOOL(DIST),518004,,https://kys.udiseplus.gov.in/#/schooldetail/4696818/12,4696818,10/05/2022 17:24,2725
******00370 Operational,,ACHALA UP SCHOOL NR PETA KURNOOL,,,,Andhra Pradesh,2-Primary with Upper Primary,38-Pvt.Unaided,1 To 7,3-Co-educational,2-Urban,NA,,Kurnool Ward No. 50,Kurnool-Municipal Corporations,"43/265, N R PETA, ROAD NO 9, KURNOOL MANDAL, KURNOOL DISTRICT",518001,aups518001[at]gmail[dot]com,https://kys.udiseplus.gov.in/#/schooldetail/4720785/12,4720785,25/10/2024 19:43,2725
******01902 Operational,,ACHARYA RANGA REDDY EMS KONGANAPADU,,,,Andhra Pradesh,2-Primary with Upper Primary,38-Pvt.Unaided,1 To 7,3-Co-educational,1-Rural,Kallur,Konganapadu,,,KONGANAPADU KONGANAPADU KONGANAPADU(VILLAGE) KALLUR(MANDAL) KURNOOL(DIST),518218,,https://kys.udiseplus.gov.in/#/schooldetail/4698958/12,4698958,23/12/2025 13:10,2725
******91382 Operational,,ACHSAH VIONA EM UPS MADHAVARAM ROAD ADONI,,,,Andhra Pradesh,2-Primary with Upper Primary,38-Pvt.Unaided,1 To 7,3-Co-educational,2-Urban,NA,,Adoni (M) - Ward No.16,Adoni-Municipality,rayanagar,518301,meo.adoni[at]gmail[dot]com,https://kys.udiseplus.gov.in/#/schooldetail/4699736/12,4699736,21/04/2023 15:31,2725
******00402 Operational,,ADARISHA VIDYA MANDR HIGH NEAR VARTHA OFFICE,,,,Andhra Pradesh,1-Primary,38-Pvt.Unaided,1 To 5,3-Co-educational,2-Urban,NA,,Kurnool Ward No. 19,Kurnool-Municipal Corporations,KALLUR NEAR VAARTHA OFFICE KALLUR(VILLAGE) KALLUR(MANDAL) KURNOOL(DIST),518002,srishankarasedu[at]gmail[dot]com,https://kys.udiseplus.gov.in/#/schooldetail/4698878/12,4698878,21/12/2025 11:40,2725
******90596 Operational,,ADARSA JUNIOR COLLEGE MARUTHI NAGAR KURNOOL,,,,Andhra Pradesh,11-Higher Secondary only/Jr. College,38-Pvt.Unaided,11 To 12,3-Co-educational,2-Urban,NA,,Kurnool Ward No. 19,Kurnool-Municipal Corporations,"MARUTHI NAGAR,KALLUR",518002,adarsajredu[at]gmail[dot]com,https://kys.udiseplus.gov.in/#/schooldetail/4717400/12,4717400,23/12/2025 20:14,2725
******90464 Operational,,ADARSA VIDYA MANDIR HIGH,,,,Andhra Pradesh,7-Upper Pr. and Secondary,38-Pvt.Unaided,6 To 10,3-Co-educational,2-Urban,NA,,Kurnool Ward No. 19,Kurnool-Municipal Corporations,KALLUR MARUTHI NAGAR KALLUR(VILLAGE) KALLUR(MANDAL) KURNOOL(DIST),518002,srishankarasedu[at]gmail[dot]com,https://kys.udiseplus.gov.in/#/schooldetail/4699007/12,4699007,24/12/2025 07:22,2725
******01876 Operational,,"ADARSHA VIDYANIKETAN EM UPSCHOOL, BADINEHAL",,,,Andhra Pradesh,2-Primary with Upper Primary,38-Pvt.Unaided,1 To 7,3-Co-educational,1-Rural,Kowthalam,Badinehal,,,BADINEHAL VILLAGE KOWTHALAM MANDAL,518344,,,,24/12/2025 13:18,2725
******91059 Closed,Closed,ADARSHA VIDYA PEETAM HS ADARSHA NAGAR,,,,Andhra Pradesh,4-Upper Primary only,38-Pvt.Unaided,6 To 8,3-Co-educational,2-Urban,NA,,Yemmiganur Ward No. 25,Yemmiganur-Municipality,ADARSH NAGAR YEMMIGANUR YEMMIGANUR(M)(VILLAGE) YEMMIGANUR(MANDAL) KURNOOL(DIST),518360,,https://kys.udiseplus.gov.in/#/schooldetail/4699389/12,4699389,10/05/2022 05:59,2725
******91033 Closed,Closed,ADERSHA VIDYA PETHAM GEETHAMANDIR LINE,,,,Andhra Pradesh,1-Primary,38-Pvt.Unaided,1 To 5,3-Co-educational,2-Urban,NA,,Yemmiganur Ward No. 25,Yemmiganur-Municipality,GEETHA MANDIR LINE YEMMIGANUR YEMMIGANUR(M)(VILLAGE) YEMMIGANUR(MANDAL) KURNOOL(DIST),518360,,https://kys.udiseplus.gov.in/#/schooldetail/4699369/12,4699369,15/10/2020 12:18,2725
******91134 Operational,,ADI ANDHRA U.P.SCHOOL BUDHWARA PETA KURNOOL,,,,Andhra Pradesh,2-Primary with Upper Primary,38-Pvt.Unaided,1 To 7,3-Co-educational,2-Urban,NA,,Kurnool Ward No. 15,Kurnool-Municipal Corporations,15th WARD BUDHAWARPET KURNOOL KURNOOL (MCORP)-2(VILLAGE) KURNOOL(MANDAL) KURNOOL(DIST),518002,adiandhraaidedupschbpetaknl[at]gmail[dot]com,https://kys.udiseplus.gov.in/#/schooldetail/4698130/12,4698130,25/10/2024 19:43,2725
******91507 Operational,,ADITHYA JUNIOR COLLEGE GR SQUARE BUILDING KURNOOL,,,,Andhra Pradesh,11-Higher Secondary only/Jr. College,38-Pvt.Unaided,11 To 12,3-Co-educational,2-Urban,NA,,Kurnool Ward No. 14,Kurnool-Municipal Corporations,G R SQUARE BUILDINGS KALLUR ROAD KUKRNOOL,518002,bhavaninalanda[at]gmail[dot]com,https://kys.udiseplus.gov.in/#/schooldetail/4719553/12,4719553,25/10/2024 19:43,2725
******91029 Permanently Closed,,ADITYA RESIDENTIAL ENG.SCHOOL YEMMIGANUR,,,,Andhra Pradesh,1-Primary,38-Pvt.Unaided,1 To 5,3-Co-educational,2-Urban,NA,,Yemmiganur (M) - Ward No.4,Yemmiganur-Municipality,NA,518360,,https://kys.udiseplus.gov.in/#/schooldetail/4717408/12,4717408,15/10/2020 12:18,2725
******90135 Operational,,ADONI ADI ANDHRA MPL PS ADONI,,,,Andhra Pradesh,1-Primary,34-MUNCIPAL,1 To 5,3-Co-educational,2-Urban,NA,,Adoni (M) - Ward No.21,Adoni-Municipality,AMBEDKAR NAGAR ADONI ADONI (M)(VILLAGE) ADONI(MANDAL) KURNOOL(DIST),518302,suvarnamma[at]gmail[dot]com,https://kys.udiseplus.gov.in/#/schooldetail/4699607/12,4699607,21/09/2024 14:45,2725
******90565 Closed,Closed,AIDEDPS DEVANGAR,,,,Andhra Pradesh,1-Primary,35-Pvt.Aided,1 To 5,3-Co-educational,2-Urban,NA,,Kurnool Ward No. 25,Kurnool-Municipal Corporations,25th WARD DEVANAGAR KURNOOL KURNOOL (MCORP)(VILLAGE) KURNOOL(MANDAL) KURNOOL(DIST),518002,,https://kys.udiseplus.gov.in/#/schooldetail/4650352/12,4650352,25/10/2024 19:43,2725
******90561 Closed,Closed,AIDED PS VADDAGERI STREET,,,,Andhra Pradesh,1-Primary,35-Pvt.Aided,1 To 5,3-Co-educational,2-Urban,NA,,Kurnool Ward No. 12,Kurnool-Municipal Corporations,4th WARD VADDEGERI STREET KURNOOL KURNOOL (MCORP)(VILLAGE) KURNOOL(MANDAL) KURNOOL(DIST),518001,,https://kys.udiseplus.gov.in/#/schooldetail/4698083/12,4698083,25/10/2024 19:43,2725
******01388 Operational,,"AKSHARA BHARATHI EM UP SCHOOL, H MURAVANI, PEDDAKDABUR",,,,Andhra Pradesh,2-Primary with Upper Primary,38-Pvt.Unaided,1 To 7,3-Co-educational,1-Rural,Peddakadabur,H Murvari,,,H.Muravani Village Post Peddakadabur Mandal Kurnool Dist AP,518323,meo.peddakadubur[at]gmail[dot]com,https://kys.udiseplus.gov.in/#/schooldetail/4721828/12,4721828,30/07/2024 11:23,2725
******00606 Permanently Closed,,AKSHARA EM SCHOOL POLAKAL,,,,Andhra Pradesh,2-Primary with Upper Primary,38-Pvt.Unaided,1 To 7,3-Co-educational,1-Rural,C.Belagal,Polakal,,,NA,518462,,https://kys.udiseplus.gov.in/#/schooldetail/4697809/12,4697809,15/10/2020 12:18,2725
******01193 Operational,,"AKSHARA SHREE VIDYA SADAN EM HIGH SCHOOL, MADAGIRI(V), ADONI(M)",,,,Andhra Pradesh,6-Pr. Up Pr. and Secondary Only,38-Pvt.Unaided,1 To 10,3-Co-educational,1-Rural,Adoni,Mandagiri (Rural),,,"NETTEKAL X-ROAD, ADONI",518302,aksharasreeresi[at]gmail[dot]com,https://kys.udiseplus.gov.in/#/schooldetail/4721546/12,4721546,10/09/2024 09:49,2725
******02803 Operational,,AKSHARA SREE EM.PS CARVAN PETA ADONI,,,,Andhra Pradesh,1-Primary,38-Pvt.Unaided,1 To 5,3-Co-educational,2-Urban,NA,,Adoni (M) - Ward No.1,Adoni-Municipality,TELECOM NAGAR SMB FUNC.HALL ADONI(VILLAGE) ADONI(MANDAL) KURNOOL(DIST),518302,aksharasreeb4u[at]gmail[dot]com,https://kys.udiseplus.gov.in/#/schooldetail/4699513/12,4699513,16/06/2023 15:21,2725
******90536 Closed,Closed,AKSHARASREE HIGH SCHOOLKALLUR,,,,Andhra Pradesh,7-Upper Pr. and Secondary,38-Pvt.Unaided,6 To 10,3-Co-educational,2-Urban,NA,,Kurnool Ward No. 27,Kurnool-Municipal Corporations,krishna nagar kurnool,518002,sarvepallischools[at]gmail[dot]com,https://kys.udiseplus.gov.in/#/schooldetail/4699040/12,4699040,11/09/2025 13:03,2725
******02810 Operational,,AKSHARA SREE MODEL EM.HS ADONI,,,,Andhra Pradesh,7-Upper Pr. and Secondary,38-Pvt.Unaided,6 To 10,3-Co-educational,2-Urban,NA,,Adoni (M) - Ward No.1,Adoni-Municipality,TELECOM NAGAR RAMJALA ROAD BEHIND SMB FUNCTION HALL ADONI(VILLAGE) ADONI(MANDAL) KURNOOL(DIST),518302,aksharasreeb4u[at]gmail[dot]com,https://kys.udiseplus.gov.in/#/schooldetail/4699520/12,4699520,15/10/2020 12:18,2725
******90481 Closed,Closed,AKSHARASRI CONCEPT S,,,,Andhra Pradesh,1-Primary,38-Pvt.Unaided,1 To 5,3-Co-educational,2-Urban,Kallur,,NA,Kurnool-Municipal Corporations,KRISHNA NAGAR KALLUR KALLUR(VILLAGE) KALLUR(MANDAL) KURNOOL(DIST),518002,sarvepallischools[at]gmail[dot]com,https://kys.udiseplus.gov.in/#/schooldetail/4699015/12,4699015,11/09/2025 13:04,2725
******00347 Operational,,ALBISOLA EM HS KODUMUR,,,,Andhra Pradesh,7-Upper Pr. and Secondary,38-Pvt.Unaided,6 To 10,3-Co-educational,1-Rural,Kodumur,Kodumur,,,Sundharaiah Nagar Kodumur Village Kodumur Mandal Kurnool Dist,518464,albisolaemschool[at]gmail[dot]com,https://kys.udiseplus.gov.in/#/schooldetail/4699136/12,4699136,10/05/2022 10:31,2725
******00336 Operational,,ALBISOLA EM PS KODUMUR,,,,Andhra Pradesh,1-Primary,38-Pvt.Unaided,1 To 5,3-Co-educational,1-Rural,Kodumur,Kodumur,,,SUNDHRAIAH NAGAR KODUMUR(VILLAGE) KODUMUR(MANDAL) KURNOOL(DIST),518464,albisolaemschool[at]gmail[dot]com,https://kys.udiseplus.gov.in/#/schooldetail/4699123/12,4699123,21/04/2023 15:31,2725
******02823 Operational,,ALFA ENG MEDIUM HSADONI,,,,Andhra Pradesh,7-Upper Pr. and Secondary,38-Pvt.Unaided,6 To 10,3-Co-educational,2-Urban,NA,,Adoni (M) - Ward No.1,Adoni-Municipality,1/506-25 N G O S COLONY ADONI,518301,afzalrahman910[at]gmail[dot]com,https://kys.udiseplus.gov.in/#/schooldetail/4698466/12,4698466,15/10/2020 12:18,2725
******90185 Operational,,ALFA ENG MEDIUM PS ADONI,,,,Andhra Pradesh,1-Primary,38-Pvt.Unaided,1 To 5,3-Co-educational,2-Urban,NA,,Adoni (M) - Ward No.1,Adoni-Municipality,BUDDEKAL ROAD ADONI ADONI (M)(VILLAGE) ADONI(MANDAL) KURNOOL(DIST),518301,afzalrahman910[at]gmail[dot]com,https://kys.udiseplus.gov.in/#/schooldetail/4699654/12,4699654,16/06/2023 15:21,2725
******91383 Operational,,ALFA KIDH EM PS KHUNIO MOHALLA ADONI,,,,Andhra Pradesh,1-Primary,38-Pvt.Unaided,1 To 5,3-Co-educational,2-Urban,NA,,Adoni (M) - Ward No.8,Adoni-Municipality,bharept khooni mohalla adoni,518301,afzalrahman910[at]gmail[dot]com,https://kys.udiseplus.gov.in/#/schooldetail/4720275/12,4720275,21/04/2023 15:31,2725
******91395 Closed,Closed,ALHUDA EM UP SCHOOL GADDA STREET KURNOOL,,,,Andhra Pradesh,2-Primary with Upper Primary,38-Pvt.Unaided,1 To 8,3-Co-educational,2-Urban,NA,,Kurnool Ward No. 6,Kurnool-Municipal Corporations,ALHUDA EM UP SCHOOL GADDA STREET KURNOOL,518001,,https://kys.udiseplus.gov.in/#/schooldetail/4698259/12,4698259,25/10/2024 19:43,2725
******03918 Operational,,AMARAVATHI EM PRIMARY SCHOOL ADONI,,,,Andhra Pradesh,1-Primary,38-Pvt.Unaided,1 To 5,3-Co-educational,1-Rural,Adoni,Mandagiri (Rural),,,THIRUMAL NAGAR,518302,amaravati.school[at]gmail[dot]com,https://kys.udiseplus.gov.in/#/schooldetail/4699556/12,4699556,16/06/2023 15:21,2725
******01038 Operational,,AMARAVATHI EM UP SCHOOL VELDURTHY,,,,Andhra Pradesh,2-Primary with Upper Primary,38-Pvt.Unaided,1 To 7,3-Co-educational,1-Rural,Veldurthi,Veldurthi,,,H NO 15/181 I G NAGAR VELDURTHI POST,518216,amaravati2017[at]gmail[dot]com,https://kys.udiseplus.gov.in/#/schooldetail/4698996/12,4698996,21/04/2023 15:31,2725
******03919 Operational,,AMARAVATI EM HIGH SCHOOL ADONI,,,,Andhra Pradesh,6-Pr. Up Pr. and Secondary Only,38-Pvt.Unaided,1 To 10,3-Co-educational,1-Rural,Adoni,Mandagiri (Rural),,,THIRUMAL NAGAR,518302,amaravati.school[at]gmail[dot]com,https://kys.udiseplus.gov.in/#/schooldetail/4699557/12,4699557,16/06/2023 15:21,2725
******91425 Operational,,"AMBIKA SISHU KENDRA ,PRAKASH NAGAR,KURNOOL",,,,Andhra Pradesh,2-Primary with Upper Primary,38-Pvt.Unaided,1 To 7,3-Co-educational,2-Urban,NA,,Kurnool Ward No. 48,Kurnool-Municipal Corporations,PRAKASH NAGAR KURNOOL,518004,askknl[at]gmail[dot]com,https://kys.udiseplus.gov.in/#/schooldetail/4698283/12,4698283,05/07/2025 12:02,2725
******01815 Operational,,"AMMA THE SCHOOL FOR LEARNING EM UP SCHOOL, ADONI",,,,Andhra Pradesh,2-Primary with Upper Primary,38-Pvt.Unaided,1 To 7,3-Co-educational,2-Urban,NA,,Adoni (M) - Ward No.25,Adoni-Municipality,"S NO 26 C, NEAR MASA MAJID L K STREET ADONI",518301,ammconcept08[at]gmail[dot]com,,,22/12/2025 12:53,2725
******00301 Closed,Closed,AMRUTHAPANI AIDED ELE SCH,,,,Andhra Pradesh,1-Primary,35-Pvt.Aided,1 To 5,3-Co-educational,1-Rural,Mantralayam,Dibbanadoddi,,,DIBBANA DODDI TUNGABHADRA (RS POST) DIBBANA DODDI(VILLAGE) MANTRALAYAM(MANDAL) KURNOOL(DIST),518349,bc.khasimbi[at]gmail[dot]com,https://kys.udiseplus.gov.in/#/schooldetail/4697666/12,4697666,09/05/2022 16:55,2725
******01111 Operational,,ANASUYA VIDYA NIKETHAN JONNAGIRI,,,,Andhra Pradesh,2-Primary with Upper Primary,38-Pvt.Unaided,1 To 7,3-Co-educational,1-Rural,Tuggali,Jonnagiri,,,JONNAGIRI JONNAGIRI JONNAGIRI(VILLAGE) TUGGALI(MANDAL) KURNOOL(DIST),518390,vanithamekhala2019[at]gmail[dot]com,https://kys.udiseplus.gov.in/#/schooldetail/4701814/12,4701814,14/09/2024 19:32,2725
******91381 Operational,,ANNUNYA EM UP SCHOOL HANUMAN NAGAR,,,,Andhra Pradesh,2-Primary with Upper Primary,38-Pvt.Unaided,1 To 7,3-Co-educational,2-Urban,NA,,Adoni (M) - Ward No.5,Adoni-Municipality,hannuman nagar adoni,518301,mahadevi176[at]gmail[dot]com,https://kys.udiseplus.gov.in/#/schooldetail/4699735/12,4699735,16/06/2023 15:21,2725
******01421 Operational,,A.P. MODEL SCHOOL ALUR,,,,Andhra Pradesh,5-Up. Pr. Secondary and Higher Sec,62-AP MODEL SCHOOLS,6 To 12,3-Co-educational,1-Rural,Alur,Alur,,,NEAR LIC OFFICE ALUR 518395,518395,apms.allur[at]gmail[dot]com,https://kys.udiseplus.gov.in/#/schooldetail/4699830/12,4699830,22/12/2025 13:03,2725
******01913 Operational,,A.P. MODEL SCHOOL ASPARI,,,,Andhra Pradesh,5-Up. Pr. Secondary and Higher Sec,62-AP MODEL SCHOOLS,6 To 12,3-Co-educational,1-Rural,Aspari,Aspari,,,near putaklamarri village devanakonda road aspari mandal,518347,apms.aspari[at]gmail[dot]com,https://kys.udiseplus.gov.in/#/schooldetail/4699911/12,4699911,21/12/2025 11:58,2725
******00917 Operational,,A.P MODEL SCHOOL C.BELAGAL,,,,Andhra Pradesh,5-Up. Pr. Secondary and Higher Sec,62-AP MODEL SCHOOLS,6 To 12,3-Co-educational,1-Rural,C.Belagal,C.Belagal,,,KAMBADAHAL ROAD C BELAGAL VILL,518462,apms.cbelagal[at]gmail[dot]com,https://kys.udiseplus.gov.in/#/schooldetail/4697828/12,4697828,15/10/2020 12:18,2725
******00521 Operational,,A.P. MODEL SCHOOL GONEGANDLA,,,,Andhra Pradesh,5-Up. Pr. Secondary and Higher Sec,62-AP MODEL SCHOOLS,6 To 12,3-Co-educational,1-Rural,Gonegandla,Iranbanda,,,NEAR SANJEEVAIAH SAGAR PROJECT GAJULADINNE VILLAGE GONEGANDLA MANDAL,518463,apms.gonegandla[at]gamil[dot]com,https://kys.udiseplus.gov.in/#/schooldetail/4699199/12,4699199,12/02/2026 11:54,2725
******00102 Operational,,A.P MODEL SCHOOL JULAKALLU,,,,Andhra Pradesh,5-Up. Pr. Secondary and Higher Sec,62-AP MODEL SCHOOLS,6 To 12,3-Co-educational,1-Rural,Gudur,Julakallu,,,APMS JULAKAL (Village) GUDUR (Mandal) Kurnool (District),518462,apms.julakal.gudur[at]gmail[dot]com,https://kys.udiseplus.gov.in/#/schooldetail/4697836/12,4697836,11/05/2022 11:20,2725
******01507 Operational,,A.P.MODEL SCHOOL KADIVELLA,,,,Andhra Pradesh,5-Up. Pr. Secondary and Higher Sec,62-AP MODEL SCHOOLS,6 To 12,3-Co-educational,1-Rural,Yemmiganur,Kadivella,,,KADIVELLAVYGR,518350,apms.kadivella[at]gmail[dot]com,https://kys.udiseplus.gov.in/#/schooldetail/4699323/12,4699323,15/10/2020 12:18,2725
******00345 Operational,,"A.P. MODEL SCHOOL, KODUMUR",,,,Andhra Pradesh,5-Up. Pr. Secondary and Higher Sec,62-AP MODEL SCHOOLS,6 To 12,3-Co-educational,1-Rural,Kodumur,Kodumur,,,KODUMUR 518464 KODUMUR MANDAL,518464,apms.kodumuru[at]gmail[dot]com,https://kys.udiseplus.gov.in/#/schooldetail/4699134/12,4699134,10/05/2022 11:06,2725
******01004 Operational,,AP MODEL SCHOOL KOSIGI,,,,Andhra Pradesh,5-Up. Pr. Secondary and Higher Sec,62-AP MODEL SCHOOLS,6 To 12,3-Co-educational,1-Rural,Kosigi,Kosigi,,,JAMPAPURAM(VILLAGE) KOSIGI(MANDAL) KURNOOL(DIST),518313,apmodelschoolkosigi[at]gmail[dot]com,https://kys.udiseplus.gov.in/#/schooldetail/4697617/12,4697617,20/12/2025 12:03,2725
******00506 Operational,,A.P MODEL SCHOOL KRISHNAGIRI,,,,Andhra Pradesh,5-Up. Pr. Secondary and Higher Sec,62-AP MODEL SCHOOLS,6 To 12,3-Co-educational,1-Rural,Krishnagiri,Krishnagiri,,,AP MODEL SCHOOL KRISHNAGIRI,518225,apms.krishnagiri[at]gmail[dot]com,https://kys.udiseplus.gov.in/#/schooldetail/4700017/12,4700017,24/11/2023 10:12,2725
******00819 Operational,,A.P. MODEL SCHOOL MADDIKERA,,,,Andhra Pradesh,5-Up. Pr. Secondary and Higher Sec,62-AP MODEL SCHOOLS,6 To 12,3-Co-educational,1-Rural,Maddikera (East),Maddikera (East),,,APMS YEDAVALI ROAD MADDIKERA EAST KURNOOL DIST,518385,apms.maddikera[at]gmail[dot]com,https://kys.udiseplus.gov.in/#/schooldetail/4701934/12,4701934,08/05/2022 09:02,2725
******01203 Operational,,A.P MODEL SCHOOLMANTRALAYAM,,,,Andhra Pradesh,5-Up. Pr. Secondary and Higher Sec,62-AP MODEL SCHOOLS,6 To 12,3-Co-educational,1-Rural,Mantralayam,Rachumarri,,,RACHUMARRI MANTRALAYAM KURNOOL 518345,518345,apms.rachamarri[at]gmail[dot]com,https://kys.udiseplus.gov.in/#/schooldetail/4697700/12,4697700,24/12/2025 10:35,2725
******01611 Operational,,A.P MODEL SCHOOL NANDAVARAM,,,,Andhra Pradesh,5-Up. Pr. Secondary and Higher Sec,62-AP MODEL SCHOOLS,6 To 12,3-Co-educational,1-Rural,Nandavaram,Muguthi,,,MUGATHI VILLAGE NANDAVARAM MANDAL KURNOOL DISTRICT,518360,apms.mugati[at]gmail[dot]com,https://kys.udiseplus.gov.in/#/schooldetail/4697773/12,4697773,19/12/2025 16:15,2725
******01115 Operational,,"A.P MODEL SCHOOL, ORVAKAL",,,,Andhra Pradesh,5-Up. Pr. Secondary and Higher Sec,62-AP MODEL SCHOOLS,6 To 12,3-Co-educational,1-Rural,Orvakal,Orvakal,,,1KM NEAR TO ORVAKAL POLICE STATION,518010,apms.orvakal[at]gmail[dot]com,https://kys.udiseplus.gov.in/#/schooldetail/4698838/12,4698838,15/10/2020 12:18,2725
******00758 Operational,,A.P MODEL SCHOOL PATHIKONDA,,,,Andhra Pradesh,5-Up. Pr. Secondary and Higher Sec,62-AP MODEL SCHOOLS,6 To 12,3-Co-educational,1-Rural,Pattikonda,Pattikonda,,,PATHIKONDA KURNOOL 518380,518380,apms.pattikonda[at]gmail[dot]com,https://kys.udiseplus.gov.in/#/schooldetail/4701888/12,4701888,15/10/2020 12:18,2725
******01111 Operational,,"A.P MODEL SCHOOL, PEDDAKADABUR",,,,Andhra Pradesh,5-Up. Pr. Secondary and Higher Sec,62-AP MODEL SCHOOLS,6 To 12,3-Co-educational,1-Rural,Peddakadabur,Pedda Kadubur,,,Yemmiganur Road Peddakadabur,518323,apms.peddakadabur[at]gmail[dot]com,https://kys.udiseplus.gov.in/#/schooldetail/4699440/12,4699440,20/12/2025 13:19,2725
******00315 Operational,,A P MODEL SCHOOL PEDDAPADU,,,,Andhra Pradesh,5-Up. Pr. Secondary and Higher Sec,62-AP MODEL SCHOOLS,6 To 12,3-Co-educational,2-Urban,NA,,Kurnool Ward No. 38,Kurnool-Municipal Corporations,PEDDAPADU KALLUR MANDAL KURNOOL,518003,apms.peddapadu1[at]gmail[dot]com,https://kys.udiseplus.gov.in/#/schooldetail/4698875/12,4698875,21/12/2025 11:38,2725
******00471 Operational,,"AP RESIDENTIAL SCHOOL(MINORITY-GIRLS) SUB JAIL RAOD, PANCHALINGALA, KURNOOL",,,,Andhra Pradesh,6-Pr. Up Pr. and Secondary Only,12-APREI Society Schools,5 To 10,2-Girls,1-Rural,Kurnool,Panchalingala,,,"Dist.jail Road,Beside Z.P.High School,Panchalingala,Kurnool.",518002,aprsmgemknl[at]gmail[dot]com,https://kys.udiseplus.gov.in/#/schooldetail/4698898/12,4698898,29/12/2025 12:01,2725
******01705 Operational,,AP RES S FOR GIRLS BANAVASI,,,,Andhra Pradesh,6-Pr. Up Pr. and Secondary Only,12-APREI Society Schools,5 To 10,2-Girls,1-Rural,Yemmiganur,Banavasi,,,BANAVASI BANAVASI BANAVASI(VILLAGE) YEMMIGANUR(MANDAL) KURNOOL(DIST),518323,aprsgbanavasi[at]gmail[dot]com,https://kys.udiseplus.gov.in/#/schooldetail/4699332/12,4699332,27/12/2025 14:37,2725
******01707 Operational,,APRS (B) KALVA BUGGA,,,,Andhra Pradesh,6-Pr. Up Pr. and Secondary Only,12-APREI Society Schools,5 To 10,1-Boys,1-Rural,Orvakal,Kalva,,,"Near Bugga Rameswra Temple,kalva bugga",518010,aprsb.kb[at]gmail[dot]com,https://kys.udiseplus.gov.in/#/schooldetail/4698857/12,4698857,22/12/2025 16:28,2725
******90519 Operational,,APR SCHOOL MINORITY BOYS SANTOSH NAGAR KURNOOL,,,,Andhra Pradesh,6-Pr. Up Pr. and Secondary Only,12-APREI Society Schools,5 To 10,1-Boys,2-Urban,NA,,Kurnool Ward No. 38,Kurnool-Municipal Corporations,"Vishnu Town Ship, kurnool",518003,apursbknl[at]gmail[dot]com,https://kys.udiseplus.gov.in/#/schooldetail/4650425/12,4650425,21/12/2025 15:10,2725
******02054 Closed,Closed,APR SCHOOL MINORITY GIRLS AREKAL,,,,Andhra Pradesh,2-Primary with Upper Primary,12-APREI Society Schools,5 To 7,2-Girls,9-NA,NA,,,,"AREKAL VILLAGE,ADONI MANDAL KURNOOL DISTRICT",518302,pamulasamrajyam[at]gmail[dot]com,,,28/10/2025 12:45,2725
******00728 Operational,,APRS PATHIKONDA,,,,Andhra Pradesh,6-Pr. Up Pr. and Secondary Only,12-APREI Society Schools,5 To 10,1-Boys,1-Rural,Pattikonda,Pattikonda,,,PATTIKONDA PATHIKONDA PATTIKONDA(VILLAGE) PATHIKONDA(MANDAL) KURNOOL(DIST),518380,aprsbpkd[at]gmail[dot]com,https://kys.udiseplus.gov.in/#/schooldetail/4701869/12,4701869,15/10/2020 12:18,2725
******00120 Permanently Closed,,AP SOCIAL WELFARE JR. COLLEGE FOR GIRLS,,,,Andhra Pradesh,11-Higher Secondary only/Jr. College,38-Pvt.Unaided,11 To 12,3-Co-educational,9-NA,NA,,,,NA,518002,,https://kys.udiseplus.gov.in/#/schooldetail/4717385/12,4717385,15/10/2020 12:18,2725
******00761 Closed,Closed,AP SOCIAL WELFARE JR. COLLEGE FOR GIRLS,,,,Andhra Pradesh,11-Higher Secondary only/Jr. College,24-APSWREI Society Schools,11 To 12,2-Girls,1-Rural,Pattikonda,Pattikonda,,,KONDAGERI STREET CHAKKARALLA ROAD,518380,,https://kys.udiseplus.gov.in/#/schooldetail/4719639/12,4719639,16/12/2023 10:23,2725
******01307 Operational,,APSWR JR COLLEGECHINNATEKUR,,,,Andhra Pradesh,11-Higher Secondary only/Jr. College,24-APSWREI Society Schools,11 To 12,1-Boys,1-Rural,Kallur,Chinna Tekur,,,"PRINCIPAL, DR BRACSWR JR COLLEGE,/APSWR JR COLLEGE, FOR BOYS, CHINNATEKUR",518218,prl.knl.chinnatekur[at]gmail[dot]com,https://kys.udiseplus.gov.in/#/schooldetail/4719569/12,4719569,23/12/2025 12:55,2725
******91303 Operational,,APSWRS AREKAL,,,,Andhra Pradesh,3-Pr. with Up.Pr. Sec. and H.Sec.,24-APSWREI Society Schools,3 To 12,2-Girls,1-Rural,Adoni,Arekal,,,MANDAGERI ADONI ADONI (M)-2(VILLAGE) ADONI(MANDAL) KURNOOL(DIST),518302,arekal.adhoni[at]gmail[dot]com,https://kys.udiseplus.gov.in/#/schooldetail/4699669/12,4699669,08/07/2025 10:37,2725
******01503 Operational,,APSWRS ARIKERA,,,,Andhra Pradesh,3-Pr. with Up.Pr. Sec. and H.Sec.,24-APSWREI Society Schools,5 To 12,1-Boys,1-Rural,Alur,Arikera,,,ARIKERA ARIKERA ARIKERA(VILLAGE) ALUR(MANDAL) KURNOOL(DIST),518395,prl.knl.arikera[at]gmail[dot]com,https://kys.udiseplus.gov.in/#/schooldetail/4699840/12,4699840,22/12/2025 13:06,2725
******00908 Operational,,APSWRS(B) C.BELAGAL,,,,Andhra Pradesh,3-Pr. with Up.Pr. Sec. and H.Sec.,24-APSWREI Society Schools,5 To 12,1-Boys,1-Rural,C.Belagal,C.Belagal,,,C.BELAGAL C.BELAGAL C.BELAGAL(VILLAGE) C.BELAGAL(MANDAL) KURNOOL(DIST),518462,principalcbelgal[at]gmail[dot]com,https://kys.udiseplus.gov.in/#/schooldetail/4697824/12,4697824,17/09/2024 14:19,2725
******01007 Operational,,APSWRS KAMBALAPADU,,,,Andhra Pradesh,3-Pr. with Up.Pr. Sec. and H.Sec.,24-APSWREI Society Schools,5 To 12,2-Girls,1-Rural,Krishnagiri,Kambalapadu,,,KAMBALAPADU KAMBALAPADU KAMBALAPADU(VILLAGE) KRISHNAGIRI(MANDAL) KURNOOL(DIST),518225,apswrkpadu41312[at]gmail[dot]com,https://kys.udiseplus.gov.in/#/schooldetail/4700029/12,4700029,15/10/2020 12:18,2725
******01017 Operational,,APSWRS VELDURTHY,,,,Andhra Pradesh,3-Pr. with Up.Pr. Sec. and H.Sec.,24-APSWREI Society Schools,5 To 12,2-Girls,1-Rural,Veldurthi,Veldurthi,,,reddy street VELDURTHI VELDURTHI(VILLAGE) VELDURTI(MANDAL) KURNOOL(DIST),518216,prl.knl.veldurthy[at]gmail[dot]com,https://kys.udiseplus.gov.in/#/schooldetail/4700086/12,4700086,15/10/2020 12:18,2725
******00718 Operational,,APTWR SCHOOL (BOYS) TUGGALI,,,,Andhra Pradesh,6-Pr. Up Pr. and Secondary Only,27-APTWREI Society Schools,1 To 10,1-Boys,1-Rural,Tuggali,Tuggali,,,TUGGALI TUGGALI -KURNOOL-518390,518390,aptwrstuggli[at]gmail[dot]com,https://kys.udiseplus.gov.in/#/schooldetail/4701785/12,4701785,15/10/2020 12:18,2725
******01425 Operational,,APTWRS (GIRLS) ALUR,,,,Andhra Pradesh,6-Pr. Up Pr. and Secondary Only,27-APTWREI Society Schools,1 To 10,2-Girls,1-Rural,Alur,Alur,,,Hathibelagal road 4th ward Alur kurnool dist andhrapradesh pin 518395,518395,aptwrschoolgalur[at]gmail[dot]com,https://kys.udiseplus.gov.in/#/schooldetail/4699834/12,4699834,22/12/2025 13:04,2725
******90570 Operational,,APTWRS (GIRLS) B CAMP KALLUR,,,,Andhra Pradesh,6-Pr. Up Pr. and Secondary Only,27-APTWREI Society Schools,3 To 10,2-Girls,2-Urban,NA,,Kurnool Ward No. 23,Kurnool-Municipal Corporations,KALLUR-3 KALLR mandal,518001,aptwrskurnool[at]gmail[dot]com,https://kys.udiseplus.gov.in/#/schooldetail/4699068/12,4699068,23/12/2025 20:47,2725
******00605 Permanently Closed,,APTWRS RATANA TUGGALI(M),,,,Andhra Pradesh,7-Upper Pr. and Secondary,27-APTWREI Society Schools,6 To 10,3-Co-educational,9-NA,NA,,,,NA,518468,,https://kys.udiseplus.gov.in/#/schooldetail/4717530/12,4717530,15/10/2020 12:18,2725
******00249 Operational,,"AP URDU RESIDENTIAL JR COLLEGE FOR BOYS,KURNOOL",,,,Andhra Pradesh,11-Higher Secondary only/Jr. College,12-APREI Society Schools,11 To 12,1-Boys,2-Urban,NA,,Kurnool Ward No. 44,Kurnool-Municipal Corporations,"SANTOSH NAGAR, KURNOOL",518003,principalkurnool[at]gmail[dot]com,https://kys.udiseplus.gov.in/#/schooldetail/4720662/12,4720662,23/12/2025 12:45,2725
******90154 Operational,,ARUNA EM PS ADONI,,,,Andhra Pradesh,1-Primary,38-Pvt.Unaided,1 To 5,3-Co-educational,2-Urban,NA,,Adoni (M) - Ward No.8,Adoni-Municipality,BHARPET ADONI ADONI (M)(VILLAGE) ADONI(MANDAL) KURNOOL(DIST),518301,meo.adoni[at]gmail[dot]com,https://kys.udiseplus.gov.in/#/schooldetail/4699624/12,4699624,16/06/2023 15:21,2725
******03912 Operational,,ARUNODAYA EMTM UPS ADONI,,,,Andhra Pradesh,2-Primary with Upper Primary,38-Pvt.Unaided,1 To 7,3-Co-educational,1-Rural,Adoni,Mandagiri (Rural),,,SADAPURAM MANDAGIRI MANDAGIRI(VILLAGE) ADONI(MANDAL) KURNOOL(DIST),518302,,https://kys.udiseplus.gov.in/#/schooldetail/4699551/12,4699551,16/06/2023 15:21,2725
******00305 Operational,,ASHOKA EMUPS R.KONTHALAPADU,,,,Andhra Pradesh,2-Primary with Upper Primary,38-Pvt.Unaided,1 To 7,3-Co-educational,1-Rural,Kurnool,R Konthalapadu,,,R KONTHALAPADU VILLAGE,518004,yellaredyuppala6[at]gmail[dot]com,https://kys.udiseplus.gov.in/#/schooldetail/4697900/12,4697900,26/12/2025 15:17,2725
******00759 Permanently Closed,,AVR EM UP SCHOOL,,,,Andhra Pradesh,2-Primary with Upper Primary,38-Pvt.Unaided,1 To 7,3-Co-educational,1-Rural,Pattikonda,Pattikonda,,,NA,518380,,https://kys.udiseplus.gov.in/#/schooldetail/4701889/12,4701889,15/10/2020 12:18,2725
******00756 Operational,,AVR e-Techno HIGH SCHOOL PATTIKONDA,,,,Andhra Pradesh,7-Upper Pr. and Secondary,38-Pvt.Unaided,6 To 10,3-Co-educational,1-Rural,Pattikonda,Pattikonda,,,PATTIKONDA,518380,avrtechnoschoolsptkd[at]gmail[dot]com,https://kys.udiseplus.gov.in/#/schooldetail/4701887/12,4701887,15/10/2020 12:18,2725
******00755 Operational,,AVR e-Techno PS PATTIKONDA,,,,Andhra Pradesh,1-Primary,38-Pvt.Unaided,1 To 5,3-Co-educational,1-Rural,Pattikonda,Pattikonda,,,PATTIKONDA,518380,avrtechnoschoolsptkd[at]gmail[dot]com,https://kys.udiseplus.gov.in/#/schooldetail/4701886/12,4701886,21/04/2023 15:31,2725
******91219 Operational,,BALA BHARATHI H.S BUDHWARPETA KURNOOL,,,,Andhra Pradesh,7-Upper Pr. and Secondary,38-Pvt.Unaided,6 To 10,3-Co-educational,2-Urban,NA,,Kurnool Ward No. 16,Kurnool-Municipal Corporations,BUDHAWAR PETA KURNOOL KURNOOL (MCORP)-3(VILLAGE) KURNOOL(MANDAL) KURNOOL(DIST),518002,bbhsknl137[at]gmail[dot]com,https://kys.udiseplus.gov.in/#/schooldetail/4698179/12,4698179,25/10/2024 19:43,2725
******01110 Operational,,BALABHARATHI HS ORVAKAL,,,,Andhra Pradesh,7-Upper Pr. and Secondary,38-Pvt.Unaided,6 To 10,3-Co-educational,1-Rural,Orvakal,Orvakal,,,ORVAKAL ORVAKAL ORVAKAL(VILLAGE) ORVAKAL(MANDAL) KURNOOL(DIST),518010,bbs.orvakal[at]gmail[dot]com,https://kys.udiseplus.gov.in/#/schooldetail/4698835/12,4698835,15/10/2020 12:18,2725
******90597 Operational,,BALA BHARATHI P S BUDHAWARPETA KURNOOL,,,,Andhra Pradesh,1-Primary,38-Pvt.Unaided,1 To 5,3-Co-educational,2-Urban,NA,,Kurnool Ward No. 16,Kurnool-Municipal Corporations,BUDHAWAR PETA KURNOOL KURNOOL (MCORP)(VILLAGE) KURNOOL(MANDAL) KURNOOL(DIST),518002,bbhsknl137[at]gmail[dot]com,https://kys.udiseplus.gov.in/#/schooldetail/4698105/12,4698105,25/10/2024 19:43,2725
******01109 Operational,,BALABHARATHI PS ORVAKAL,,,,Andhra Pradesh,1-Primary,38-Pvt.Unaided,1 To 5,3-Co-educational,1-Rural,Orvakal,Orvakal,,,ORVAKAL ORVAKAL ORVAKAL(vILLAGE) ORVAKAL(MANDAL) KURNOOL(DIST),518010,bbs.orvakal[at]gmail[dot]com,https://kys.udiseplus.gov.in/#/schooldetail/4698834/12,4698834,21/04/2023 15:31,2725
******90563 Permanently Closed,,BALAJI AIDED P.S 17TH WARD BUDHWAR PETA KURNOOL,,,,Andhra Pradesh,1-Primary,35-Pvt.Aided,1 To 5,3-Co-educational,2-Urban,NA,,Kurnool Ward No. 14,Kurnool-Municipal Corporations,NA,518002,,https://kys.udiseplus.gov.in/#/schooldetail/4717314/12,4717314,25/10/2024 19:43,2725
******90583 Closed,Closed,BALAJI AIDED PS KALLUR,,,,Andhra Pradesh,1-Primary,35-Pvt.Aided,1 To 5,3-Co-educational,2-Urban,NA,,Kurnool Ward No. 36,Kurnool-Municipal Corporations,KALLUR-3 KALLUR KURNOOL 518002,518002,bsps[at]gmail[dot]com,https://kys.udiseplus.gov.in/#/schooldetail/4699079/12,4699079,09/05/2022 13:36,2725
******00711 Operational,,BALAVIDYANIEKTHAN EM PS PATHIKONDA,,,,Andhra Pradesh,1-Primary,38-Pvt.Unaided,1 To 5,3-Co-educational,1-Rural,Pattikonda,Pattikonda,,,19-37/A BRAHMIN STREET PATHIKONDA PATTIKONDA(VILLAGE) PATHIKONDA(MANDAL) KURNOOL(DIST),518380,balavidhyanikethanschool[at]gmail[dot]com,https://kys.udiseplus.gov.in/#/schooldetail/4701856/12,4701856,16/06/2023 15:21,2725
******00731 Operational,,BALAVIDYANIKETHAN EM HIGH SCHOOL PATHIKONDA,,,,Andhra Pradesh,7-Upper Pr. and Secondary,38-Pvt.Unaided,6 To 10,3-Co-educational,1-Rural,Pattikonda,Pattikonda,,,19-37A PATHIKONDA PATTIKONDA(VILLAGE) PATHIKONDA(MANDAL) KURNOOL(DIST),518380,balavidhyanikethanschool[at]gmail[dot]com,https://kys.udiseplus.gov.in/#/schooldetail/4701871/12,4701871,08/06/2022 16:59,2725
******90484 Closed,Closed,BARATHIYA VIDYA NIKE,,,,Andhra Pradesh,2-Primary with Upper Primary,38-Pvt.Unaided,1 To 7,3-Co-educational,2-Urban,NA,,Kurnool Ward No. 21,Kurnool-Municipal Corporations,SOMAPPA COLONY - B. CAMP KALLUR KALLUR(VILLAGE) KALLUR(MANDAL) KURNOOL(DIST),518002,,https://kys.udiseplus.gov.in/#/schooldetail/4699018/12,4699018,15/10/2020 12:18,2725
******91120 Operational,,BHARAT ENG.SCHOOL BANDIMETTA KURNOOL,,,,Andhra Pradesh,1-Primary,38-Pvt.Unaided,1 To 5,3-Co-educational,2-Urban,NA,,Kurnool Ward No. 2,Kurnool-Municipal Corporations,13th WARD BANDIMETTA KURNOOL KURNOOL (MCORP)-2(VILLAGE) KURNOOL(MANDAL) KURNOOL(DIST),518001,bharathschoolkurnool[at]gmail[dot]com,https://kys.udiseplus.gov.in/#/schooldetail/4698119/12,4698119,25/10/2024 19:43,2725
******91234 Operational,,BHARATH ENGLISH SCHOOL BANDLAMETTA KURNOOL,,,,Andhra Pradesh,7-Upper Pr. and Secondary,38-Pvt.Unaided,6 To 10,3-Co-educational,2-Urban,NA,,Kurnool Ward No. 2,Kurnool-Municipal Corporations,13th WARD BANDLAMETTA KURNOOL KURNOOL (MCORP)-3(VILLAGE) KURNOOL(MANDAL) KURNOOL(DIST),518001,bharathschoolkurnool[at]gmail[dot]com,https://kys.udiseplus.gov.in/#/schooldetail/4698188/12,4698188,25/10/2024 19:43,2725
******01218 Operational,,BHARATHI EM UP SCHOOL DEVANAKONDA,,,,Andhra Pradesh,2-Primary with Upper Primary,38-Pvt.Unaided,1 To 7,3-Co-educational,1-Rural,Devanakonda,Devanakonda,,,devanakonda mandal kurnool district,518465,jaga2lal26[at]gmail[dot]com,https://kys.udiseplus.gov.in/#/schooldetail/4699981/12,4699981,23/12/2025 21:45,2725
******90153 Operational,,BHARATHI NILAYAM EM PS ADONI,,,,Andhra Pradesh,1-Primary,38-Pvt.Unaided,1 To 5,3-Co-educational,2-Urban,NA,,Adoni (M) - Ward No.13,Adoni-Municipality,ADONI (M) HNO 15/454 RAMALAYAM STREET ADONI (M)(VILLAGE) ADONI(MANDAL) KURNOOL(DIST),518301,-bharathinilayam1111[at]gmail[dot]com,https://kys.udiseplus.gov.in/#/schooldetail/4699623/12,4699623,16/06/2023 15:21,2725
******00718 Permanently Closed,,BHARATHI VIDYA MANDIR NEAR SRMT PATTIKONDA,,,,Andhra Pradesh,2-Primary with Upper Primary,38-Pvt.Unaided,1 To 7,3-Co-educational,1-Rural,Pattikonda,Pattikonda,,,NA,518380,,https://kys.udiseplus.gov.in/#/schooldetail/4717534/12,4717534,15/10/2020 12:18,2725
******00615 Operational,,BHARATHIYA VIDYA MANDIR PS GUDUR,,,,Andhra Pradesh,1-Primary,38-Pvt.Unaided,1 To 5,3-Co-educational,2-Urban,NA,,Gudur (M) - Ward No.7,Gudur (kurnool)-Town Panchayat,"WARD NO 11, PADAKHANA VEEDHI , RENEVUE WARD NO 11,GUDUR GUDUR(VILLAGE) GUDUR(MANDAL) KURNOOL(DIST)",518466,meo.gudur[at]gmail[dot]com,https://kys.udiseplus.gov.in/#/schooldetail/4697851/12,4697851,07/12/2023 15:11,2725
******00628 Operational,,BHARATIYA VIDYA MANDIR HS GUDUR,,,,Andhra Pradesh,7-Upper Pr. and Secondary,38-Pvt.Unaided,6 To 10,3-Co-educational,2-Urban,NA,,Gudur (M) - Ward No.7,Gudur (kurnool)-Town Panchayat,"WARD NO 11, PADAKHANA VEEDHI , RENEVUE WARD NO 11,GUDUR GUDUR(VILLAGE) GUDUR(MANDAL) KURNOOL(DIST)",518466,meo.gudur[at]gmail[dot]com,https://kys.udiseplus.gov.in/#/schooldetail/4697862/12,4697862,07/12/2023 15:10,2725
******00634 Closed,Closed,BHARATIYA VIDYA MANDIR UPS GUDUR,,,,Andhra Pradesh,2-Primary with Upper Primary,38-Pvt.Unaided,1 To 7,3-Co-educational,2-Urban,NA,,Gudur (M) - Ward No.7,Gudur (kurnool)-Town Panchayat,gudur village kurnool district,518466,,https://kys.udiseplus.gov.in/#/schooldetail/4697868/12,4697868,09/05/2022 13:34,2725
******91360 Operational,,BHARGAV EM.UP SCHOOL ADONI,,,,Andhra Pradesh,2-Primary with Upper Primary,38-Pvt.Unaided,1 To 7,3-Co-educational,2-Urban,NA,,Adoni (M) - Ward No.17,Adoni-Municipality,skd colony,518301,ramadurgam999[at]gmail[dot]com,https://kys.udiseplus.gov.in/#/schooldetail/4699714/12,4699714,21/04/2023 15:31,2725
******00922 Operational,,BHARGHAVA ROYAL EM SCHOOL C BELAGAL,,,,Andhra Pradesh,6-Pr. Up Pr. and Secondary Only,38-Pvt.Unaided,1 To 9,3-Co-educational,1-Rural,C.Belagal,C.Belagal,,,MAIN ROAD C BELAGAL VILLAGE AND MANDAL,518462,allamvenkataswami[at]gmail[dot]com,https://kys.udiseplus.gov.in/#/schooldetail/4697831/12,4697831,12/09/2025 13:13,2725
******90190 Operational,,BHARPET ADI ANDHRA MPL PS ADONI,,,,Andhra Pradesh,1-Primary,34-MUNCIPAL,1 To 5,3-Co-educational,2-Urban,NA,,Adoni (M) - Ward No.3,Adoni-Municipality,BHARPET HARIJANA VEEDHI ADONI ADONI (M)(VILLAGE) ADONI(MANDAL) KURNOOL(DIST),518301,navyakrishnaa9963[at]gmail[dot]com,https://kys.udiseplus.gov.in/#/schooldetail/4699659/12,4699659,13/01/2023 11:38,2725
******90125 Operational,,BHARPET HINDU BOYS MPL PS ADONI,,,,Andhra Pradesh,1-Primary,34-MUNCIPAL,1 To 5,3-Co-educational,2-Urban,NA,,Adoni (M) - Ward No.24,Adoni-Municipality,CARVANPET ADONI ADONI (M)(VILLAGE) ADONI(MANDAL) KURNOOL(DIST),518301,,https://kys.udiseplus.gov.in/#/schooldetail/4699597/12,4699597,21/05/2022 12:15,2725
******90124 Operational,,BHARPET HINDU GIRLS MPL PS ADONI,,,,Andhra Pradesh,1-Primary,34-MUNCIPAL,1 To 5,3-Co-educational,2-Urban,NA,,Adoni (M) - Ward No.3,Adoni-Municipality,3rd WARD ADONI ADONI (M)(VILLAGE) ADONI(MANDAL) KURNOOL(DIST),518301,budidajhonsi[at]gmail[dot]com,https://kys.udiseplus.gov.in/#/schooldetail/4699596/12,4699596,15/10/2020 12:18,2725
******00153 Operational,,"BHASHYAM EGLISH MEDIUM SCHOOL,ADITYA NAGAR,KRISHNA NAGAR,KALLUR",,,,Andhra Pradesh,6-Pr. Up Pr. and Secondary Only,38-Pvt.Unaided,1 To 10,3-Co-educational,2-Urban,NA,,Kurnool Ward No. 27,Kurnool-Municipal Corporations,"ADITYA NAGAR,KALLUR MANDAL,KURNOOL DIST",518002,principal.kurnool4[at]bhashyam[dot]in,https://kys.udiseplus.gov.in/#/schooldetail/4720555/12,4720555,23/12/2025 20:13,2725
******00277 Operational,,BHASHYAM EM HS WEAVERS COLONY YEMMIGANUR,,,,Andhra Pradesh,7-Upper Pr. and Secondary,38-Pvt.Unaided,6 To 10,3-Co-educational,2-Urban,NA,,Yemmiganur Ward No. 26,Yemmiganur-Municipality,weavers colony,518360,kavitha.machani[at]bhashyam[dot]in,https://kys.udiseplus.gov.in/#/schooldetail/4699281/12,4699281,15/10/2020 12:18,2725
******00276 Operational,,BHASHYAM EM PS WEAVERS COLONY YEMMIGANUR,,,,Andhra Pradesh,1-Primary,38-Pvt.Unaided,1 To 5,3-Co-educational,2-Urban,NA,,Yemmiganur Ward No. 26,Yemmiganur-Municipality,WEAVERS COLONY,518360,meo.yemmiganur[at]gmail[dot]com,https://kys.udiseplus.gov.in/#/schooldetail/4699280/12,4699280,16/06/2023 15:21,2725
******00422 Operational,,BHASHYAM EM UP SCHOOL RAMJALA ROAD ADONI,,,,Andhra Pradesh,6-Pr. Up Pr. and Secondary Only,38-Pvt.Unaided,1 To 10,3-Co-educational,2-Urban,NA,,Adoni (M) - Ward No.2,Adoni-Municipality,ARUNJYOTHI NAGAR 1st WARD ADONI (M) KURNOOL(DIST),518301,principal.ad2[at]bhashyam[dot]in,https://kys.udiseplus.gov.in/#/schooldetail/4720836/12,4720836,23/08/2024 12:52,2725
******91238 Operational,,"BHASHYAM H.S, NR PETA",,,,Andhra Pradesh,7-Upper Pr. and Secondary,38-Pvt.Unaided,6 To 10,3-Co-educational,2-Urban,NA,,Kurnool Ward No. 50,Kurnool-Municipal Corporations,SANKAL BAGH N.R.PET KURNOOL KURNOOL (MCORP)-3(VILLAGE) KURNOOL(MANDAL) KURNOOL(DIST),518004,principal.kurnool1[at]bhashyam[dot]in,https://kys.udiseplus.gov.in/#/schooldetail/4698190/12,4698190,25/10/2024 19:43,2725
******91357 Operational,,BHASHYAM PUBLIC HS ADONI,,,,Andhra Pradesh,7-Upper Pr. and Secondary,38-Pvt.Unaided,6 To 10,3-Co-educational,2-Urban,NA,,Adoni (M) - Ward No.21,Adoni-Municipality,ADONI 2 ADONI ADONI MANDAL KURNOOL (DIST),518301,principal.adoni[at]bhashyam[dot]in,https://kys.udiseplus.gov.in/#/schooldetail/4699711/12,4699711,15/10/2020 12:18,2725
******00490 Operational,,BHASHYAM PUBLIC SCHOOL DR COLONY KALLUR,,,,Andhra Pradesh,7-Upper Pr. and Secondary,38-Pvt.Unaided,6 To 10,3-Co-educational,2-Urban,NA,,Kurnool Ward No. 21,Kurnool-Municipal Corporations,DOCTORS COLONY B.CAMP KALLUR(VILLAGE) KALLUR(MANDAL) KURNOOL(DIST),518002,ramprasad.k[at]bhashyam[dot]in,https://kys.udiseplus.gov.in/#/schooldetail/4698913/12,4698913,22/12/2025 10:43,2725
******00488 Operational,,BHASHYAM PUBLIC SCHOOL DR COLONY KALLUR,,,,Andhra Pradesh,1-Primary,38-Pvt.Unaided,1 To 5,3-Co-educational,2-Urban,NA,,Kurnool Ward No. 21,Kurnool-Municipal Corporations,DOCTOR S COLONY B.CAMP KALLUR(VILLAGE) KALLUR(MANDAL) KURNOOL(DIST),518002,ramprasad.k[at]bhashyam[dot]in,https://kys.udiseplus.gov.in/#/schooldetail/4698911/12,4698911,22/12/2025 10:43,2725
******91355 Operational,,BHASHYAM PUBLIC SCHOOL PS ADONI,,,,Andhra Pradesh,1-Primary,38-Pvt.Unaided,1 To 5,3-Co-educational,2-Urban,NA,,Adoni (M) - Ward No.21,Adoni-Municipality,ADONI 2 ADONI ADONI MANDAL KURNOOL (DIST),518301,principal.adoni[at]bhashyam[dot]in,https://kys.udiseplus.gov.in/#/schooldetail/4699709/12,4699709,21/04/2023 15:31,2725
******00305 Operational,,BHASKAR EM UP SCHOOL IRANBANDA B CENTRE,,,,Andhra Pradesh,2-Primary with Upper Primary,38-Pvt.Unaided,1 To 7,3-Co-educational,1-Rural,Devanakonda,Palakurthy,,,IRANBANDA B devanakodna mandal kurnool district,518463,,https://kys.udiseplus.gov.in/#/schooldetail/4719596/12,4719596,23/12/2025 21:46,2725
******91403 Operational,,BHASYAM ELEMENTARY SCHOOL N.R PETAKURNOOL,,,,Andhra Pradesh,1-Primary,38-Pvt.Unaided,1 To 5,3-Co-educational,2-Urban,NA,,Kurnool Ward No. 50,Kurnool-Municipal Corporations,43/253-3-1/50 N R PETA,518004,kurnool1champs[at]bhashyam[dot]in,https://kys.udiseplus.gov.in/#/schooldetail/4698267/12,4698267,25/10/2024 19:43,2725
******01024 Operational,,BHASYAM EM UP SCHOOL BALAJI NAGAR,,,,Andhra Pradesh,2-Primary with Upper Primary,38-Pvt.Unaided,1 To 7,3-Co-educational,2-Urban,NA,,Kurnool Ward No. 39,Kurnool-Municipal Corporations,BALAJI NAGAR NEAR POST OFFICE,518006,,https://kys.udiseplus.gov.in/#/schooldetail/4697937/12,4697937,21/12/2025 15:37,2725
******91308 Permanently Closed,,BHAVANA UPS KOTHAPETA KURNOOL,,,,Andhra Pradesh,2-Primary with Upper Primary,38-Pvt.Unaided,1 To 7,3-Co-educational,2-Urban,NA,,Kurnool Ward No. 50,Kurnool-Municipal Corporations,NA,518001,,https://kys.udiseplus.gov.in/#/schooldetail/4717331/12,4717331,25/10/2024 19:43,2725
******02403 Operational,,BHAVITHA EM UPS CHINNAPENDIKAL ADN,,,,Andhra Pradesh,2-Primary with Upper Primary,38-Pvt.Unaided,1 To 7,3-Co-educational,1-Rural,Adoni,Chinnapendekal,,,CH PENDEKAL,518301,,https://kys.udiseplus.gov.in/#/schooldetail/4699504/12,4699504,21/04/2023 15:31,2725
******02207 Operational,,BHAVITHA ENGLISH MEDIUM SCHOOL JOHARAPURAM,,,,Andhra Pradesh,7-Upper Pr. and Secondary,38-Pvt.Unaided,6 To 10,3-Co-educational,2-Urban,NA,,Kurnool Ward No. 18,Kurnool-Municipal Corporations,HNO 69/589 A JOHARAPURAM KURNOOL 2 518002,518002,bhavithaenglishhighschool[at]gmail[dot]com,https://kys.udiseplus.gov.in/#/schooldetail/4697983/12,4697983,21/12/2025 15:39,2725
******02203 Operational,,BHAVITHA UP SCHOOL JOHARAPURAM,,,,Andhra Pradesh,1-Primary,38-Pvt.Unaided,1 To 5,3-Co-educational,2-Urban,NA,,Kurnool Ward No. 18,Kurnool-Municipal Corporations,69/589-A JOHARAPURAM KURNOOL KURNOOL 518002,518002,bhavithaenglishhighschool[at]gmail[dot]com,https://kys.udiseplus.gov.in/#/schooldetail/4697979/12,4697979,25/10/2024 19:43,2725
******00124 Operational,,BIRLA OPEN MINDS SCHOOL NARNOOR,,,,Andhra Pradesh,6-Pr. Up Pr. and Secondary Only,39-Pvt.Unaided (CBSE Syllabus),1 To 10,3-Co-educational,1-Rural,Orvakal,Nannur,,,"nannur,orvakal mandal",518002,principal.kurnool[at]birlaopenminds[dot]com,https://kys.udiseplus.gov.in/#/schooldetail/4721085/12,4721085,13/09/2024 12:06,2725
******01689 Operational,,"BJR EM HIGH SCHOOL, ALUR",,,,Andhra Pradesh,6-Pr. Up Pr. and Secondary Only,38-Pvt.Unaided,1 To 10,3-Co-educational,1-Rural,Alur,Alur,,,ADONI ROAD ALUR VILLAGE AND MANDAL,518395,,,,22/12/2025 13:11,2725
******01126 Operational,,"BLOOMING BUDS EM UP SCHOOL, HAVANAPETA, ADONI",,,,Andhra Pradesh,2-Primary with Upper Primary,38-Pvt.Unaided,1 To 7,3-Co-educational,2-Urban,NA,,Adoni (M) - Ward No.2,Adoni-Municipality,"BLOOMING BUDS EM UP SCHOOL, NEAR METHER MASJID, HAVANNAPETA, AODNI",518301,,https://kys.udiseplus.gov.in/#/schooldetail/4721639/12,4721639,10/09/2024 10:35,2725
******91478 Permanently Closed,,BLOOMS EM SCHOOL CHATRI BAGH MASJID KNL,,,,Andhra Pradesh,1-Primary,61-Unrecognised Schools,1 To 5,3-Co-educational,9-NA,NA,,,,NA,518001,,https://kys.udiseplus.gov.in/#/schooldetail/4698326/12,4698326,25/10/2024 19:43,2725
******00211 Operational,,BLOSSOM KIDS EM SCHOOL GANDHI NAGAR,,,,Andhra Pradesh,1-Primary,38-Pvt.Unaided,1 To 5,3-Co-educational,2-Urban,NA,,Yemmiganur Ward No. 27,Yemmiganur-Municipality,1/2386-8 NEW INDIRA NAGAR YEMMIGANUR,518360,blossomsygr[at]gmail[dot]com,https://kys.udiseplus.gov.in/#/schooldetail/4699234/12,4699234,16/06/2023 15:21,2725
******91418 Operational,,"BLUE BELLS EM UPS, CHITTARI STREET",,,,Andhra Pradesh,2-Primary with Upper Primary,38-Pvt.Unaided,1 To 7,3-Co-educational,2-Urban,NA,,Kurnool Ward No. 7,Kurnool-Municipal Corporations,36-170-170-1 CHITTARI STREET KURNOOL,518001,bluebellsschool.kurnool[at]gmail[dot]com,https://kys.udiseplus.gov.in/#/schooldetail/4698274/12,4698274,25/10/2024 19:43,2725
******91440 Operational,,BOSU REDDYSAYUDHA POLICE VIDYANIKETHAN HS SAPCAMP KNL,,,,Andhra Pradesh,7-Upper Pr. and Secondary,38-Pvt.Unaided,6 To 10,3-Co-educational,2-Urban,NA,,Kurnool Ward No. 42,Kurnool-Municipal Corporations,APSP CAMP KURNOOL,518001,sayudhapolicevidyanikethan[at]gmail[dot]com,https://kys.udiseplus.gov.in/#/schooldetail/4698297/12,4698297,25/10/2024 19:43,2725
******91186 Operational,,B.R AMBEDKAR MEMO MCHS JOHARAPURAM KURNOOL,,,,Andhra Pradesh,7-Upper Pr. and Secondary,34-MUNCIPAL,6 To 10,3-Co-educational,2-Urban,NA,,Kurnool Ward No. 18,Kurnool-Municipal Corporations,JOHARAPURAM KURNOOL KURNOOL (MCORP)-2(VILLAGE) KURNOOL(MANDAL) KURNOOL(DIST),518002,brammchs[at]gmail[dot]com,https://kys.udiseplus.gov.in/#/schooldetail/4698152/12,4698152,21/06/2025 10:08,2725
******90560 Operational,,"BREAK THROUGH EM PRIMARY SCHOOL SHAREEN NAGAR,KURNOOL",,,,Andhra Pradesh,1-Primary,38-Pvt.Unaided,1 To 5,3-Co-educational,2-Urban,NA,,Kurnool Ward No. 30,Kurnool-Municipal Corporations,Shareen Nagar Kurnool,518002,roselin.stanley10[at]gmail[dot]com,https://kys.udiseplus.gov.in/#/schooldetail/4699056/12,4699056,23/12/2025 20:51,2725
******90589 Operational,,BREAK THROUGH EM SCHOOL SHAREEN NAGAR,,,,Andhra Pradesh,7-Upper Pr. and Secondary,38-Pvt.Unaided,6 To 10,3-Co-educational,2-Urban,NA,,Kurnool Ward No. 30,Kurnool-Municipal Corporations,Shareen Nagar Kurnool,518002,hob.kurnool[at]gmail[dot]com,https://kys.udiseplus.gov.in/#/schooldetail/4699085/12,4699085,23/12/2025 20:45,2725
******91490 Operational,,BRILLIANT EM HIGH SCHOOL AZEEMUDDIN NAGAR KURNOOL,,,,Andhra Pradesh,7-Upper Pr. and Secondary,38-Pvt.Unaided,6 To 10,3-Co-educational,2-Urban,NA,,Kurnool Ward No. 45,Kurnool-Municipal Corporations,45/24-K-46-10-A-1-2 AZEEMUDDIN NAGAR KURNOOL-3,518003,bems2005[at]gmail[dot]com,https://kys.udiseplus.gov.in/#/schooldetail/4697273/12,4697273,25/10/2024 19:43,2725
******01816 Operational,,"BRILLIANT EM UP SCHOOL, KODUMUR",,,,Andhra Pradesh,2-Primary with Upper Primary,38-Pvt.Unaided,1 To 7,3-Co-educational,1-Rural,Kodumur,Kodumur,,,GOLLA VEEDI KODUMUR KODUMUR MANDAL,518464,brilliantemschool2025[at]gmail[dot]com,,,20/12/2025 12:02,2725
******01230 Operational,,"BRILLIANT ENGLISH MEDUIM SCHOOL, KUMMARI STREET, GUDUR",,,,Andhra Pradesh,2-Primary with Upper Primary,38-Pvt.Unaided,1 To 8,3-Co-educational,2-Urban,NA,,Gudur (M) - Ward No.15,Gudur (kurnool)-Town Panchayat,"BRILLIANT ENGLISH MEDUIM SCHOOL, KUMMARI STREET, GUDUR",518466,,https://kys.udiseplus.gov.in/#/schooldetail/4721739/12,4721739,13/06/2025 16:47,2725
******01313 Operational,,"BRILLIANT MINDS EM UP SCHOOL,VENKANNAPETA, ADONI",,,,Andhra Pradesh,2-Primary with Upper Primary,38-Pvt.Unaided,1 To 7,3-Co-educational,2-Urban,NA,,Adoni (M) - Ward No.2,Adoni-Municipality,"BRILLIANT MINDS EM UP SCHOOL,20-388,VENKANNAPETA, ADONI",518301,,https://kys.udiseplus.gov.in/#/schooldetail/4721755/12,4721755,10/09/2024 10:40,2725
******91392 Operational,,BRILLIANT UP SCHOOL AZEEMUDDIN NAGARKNL,,,,Andhra Pradesh,2-Primary with Upper Primary,38-Pvt.Unaided,1 To 7,3-Co-educational,2-Urban,NA,,Kurnool Ward No. 45,Kurnool-Municipal Corporations,45/24-K-46-10-A-1-2 AZEEMUDDIN NAGAR KURNOOL-3,518003,bems2005[at]gmail[dot]com,https://kys.udiseplus.gov.in/#/schooldetail/4698256/12,4698256,25/10/2024 19:43,2725
******91218 Operational,,B.V.R. E.M H S VIDYA NAGAR KURNOOL,,,,Andhra Pradesh,7-Upper Pr. and Secondary,38-Pvt.Unaided,6 To 10,3-Co-educational,2-Urban,NA,,Kurnool Ward No. 13,Kurnool-Municipal Corporations,VIDYA NAGAR 40-376 KURNOOL KURNOOL (MCORP)-3(VILLAGE) KURNOOL(MANDAL) KURNOOL(DIST),518001,bvremhs[at]gmail[dot]com,https://kys.udiseplus.gov.in/#/schooldetail/4698178/12,4698178,25/10/2024 19:43,2725
******90596 Operational,,B.V.R.ENGLISH MEDIUM SCHOOL 31ST WARD KURNOOL,,,,Andhra Pradesh,1-Primary,38-Pvt.Unaided,1 To 5,3-Co-educational,2-Urban,NA,,Kurnool Ward No. 13,Kurnool-Municipal Corporations,31st WARD 40-376 VIDYANAGAR KURNOOL KURNOOL (MCORP)(VILLAGE) KURNOOL(MANDAL) KURNOOL(DIST),518001,bvremhs[at]gmail[dot]com,https://kys.udiseplus.gov.in/#/schooldetail/4698104/12,4698104,25/10/2024 19:43,2725
******00472 Operational,,CAMBRIDGE E.M SCHOOL KALLUR,,,,Andhra Pradesh,7-Upper Pr. and Secondary,38-Pvt.Unaided,6 To 10,3-Co-educational,2-Urban,NA,,Kurnool Ward No. 30,Kurnool-Municipal Corporations,KALLUR KALLUR KALLUR(VILLAGE) KALLUR(MANDAL) KURNOOL(DIST),518004,cambridgeenglishschool2020[at]gmail[dot]com,https://kys.udiseplus.gov.in/#/schooldetail/4698899/12,4698899,21/12/2025 12:38,2725
******90483 Operational,,CAMBRIDGE ENG PS,,,,Andhra Pradesh,1-Primary,38-Pvt.Unaided,1 To 5,3-Co-educational,2-Urban,NA,,Kurnool Ward No. 30,Kurnool-Municipal Corporations,PARVATHI NAGAR KALLUR KALLUR(VILLAGE) KALLUR(MANDAL) KURNOOL(DIST),518002,cambridgeenglishschool2020[at]gmail[dot]com,https://kys.udiseplus.gov.in/#/schooldetail/4699017/12,4699017,23/12/2025 14:23,2725
******02304 Permanently Closed,,CATTAMANCHI RAMALINGAREDDY SCHOOL DINNEDEVARAPADU,,,,Andhra Pradesh,1-Primary,38-Pvt.Unaided,1 To 5,3-Co-educational,1-Rural,Kurnool,Dinnadevarapadu (Og),,,NA,518002,,https://kys.udiseplus.gov.in/#/schooldetail/4717308/12,4717308,25/10/2024 19:43,2725
******91111 Permanently Closed,,CATTAMANCHI RAMALINGA REEDY P S RAVI PRAKASH BUILDING KURNOOL,,,,Andhra Pradesh,1-Primary,38-Pvt.Unaided,1 To 5,3-Co-educational,9-NA,NA,,,,NA,518001,,https://kys.udiseplus.gov.in/#/schooldetail/4698110/12,4698110,25/10/2024 19:43,2725
******91493 Closed,Closed,CEPHAS JUNIOR COLLEGE BHAGYA NAGAR KURNOOL,,,,Andhra Pradesh,11-Higher Secondary only/Jr. College,38-Pvt.Unaided,11 To 12,3-Co-educational,2-Urban,NA,,Kurnool Ward No. 13,Kurnool-Municipal Corporations,NA,518003,,https://kys.udiseplus.gov.in/#/schooldetail/4717348/12,4717348,25/10/2024 19:43,2725
******02309 Closed,Closed,CETTAMANCHI RAMALINGA REDDY SCHOOL DINNEDEVARAPADU,,,,Andhra Pradesh,7-Upper Pr. and Secondary,38-Pvt.Unaided,6 To 10,3-Co-educational,1-Rural,Kurnool,Dinnadevarapadu (Og),,,P B NO 8 DINNEDEVARAPADU DINNEDEVARAPADU(VILLAGE) KURNOOL(MANDAL) KURNOOL(DIST),518002,cattamanchiicon[at]gmail[dot]com,https://kys.udiseplus.gov.in/#/schooldetail/4697991/12,4697991,09/08/2024 21:14,2725
******00808 Operational,,CHAITANAYA UPPER PRIMARY SCHOOL MADDIKERA,,,,Andhra Pradesh,2-Primary with Upper Primary,38-Pvt.Unaided,1 To 7,3-Co-educational,1-Rural,Maddikera (East),Maddikera (East),,,near post office maddikera kurnool -518385,518385,dlkanth07[at]gmail[dot]com,https://kys.udiseplus.gov.in/#/schooldetail/4701927/12,4701927,16/06/2023 15:21,2725
******91301 Permanently Closed,,CHAITANYA VIDYA NIKETAN BEHIND MARKET KURNOOL,,,,Andhra Pradesh,1-Primary,38-Pvt.Unaided,1 To 5,3-Co-educational,9-NA,NA,,,,NA,518001,,https://kys.udiseplus.gov.in/#/schooldetail/4717329/12,4717329,25/10/2024 19:43,2725
******90535 Closed,Closed,CHAITANYA VIDYANIKETHAN HIGH SCHOOLRAGHAVENDRA NAGARKALLUR,,,,Andhra Pradesh,7-Upper Pr. and Secondary,38-Pvt.Unaided,6 To 10,3-Co-educational,2-Urban,NA,,Kurnool Ward No. 29,Kurnool-Municipal Corporations,kallur -3 kallur,518002,,https://kys.udiseplus.gov.in/#/schooldetail/4699039/12,4699039,15/10/2020 12:18,2725
******90598 Operational,,CHAND VOCATIONAL JUNIOR COLLEGE BCAMP KURNOOL,,,,Andhra Pradesh,11-Higher Secondary only/Jr. College,38-Pvt.Unaided,11 To 12,3-Co-educational,2-Urban,NA,,Kurnool Ward No. 23,Kurnool-Municipal Corporations,HOUSING BOARD DOCTORS COLONY KALLURU MANDAL KURNOOL,518002,principalchnadcollege10020[at]gmail[dot]com,https://kys.udiseplus.gov.in/#/schooldetail/4719578/12,4719578,23/12/2025 15:32,2725
******01103 Operational,,CHARLY PRIMARY SCHOOL ORVAKAL,,,,Andhra Pradesh,1-Primary,38-Pvt.Unaided,1 To 5,3-Co-educational,1-Rural,Orvakal,Orvakal,,,ORVAKAL ORVAKAL ORVAKAL(VILLAGE) ORVAKAL(MANDAL) KURNOOL(DIST),518010,,https://kys.udiseplus.gov.in/#/schooldetail/4698831/12,4698831,16/06/2023 15:21,2725
******91042 Operational,,CHATTANYA VIDYA MANDIR MUNEPPA NAGAR,,,,Andhra Pradesh,2-Primary with Upper Primary,38-Pvt.Unaided,1 To 7,3-Co-educational,2-Urban,NA,,Yemmiganur (M) - Ward No.18,Yemmiganur-Municipality,"CHUNNAMBATTI AREA, KURNOOL ROAD., YEMMIGANUR (MANDAL) KURNOOL(DIST), AP, INDIA",518360,khasimymg[at]gmail[dot]com,https://kys.udiseplus.gov.in/#/schooldetail/4699376/12,4699376,09/09/2024 12:16,2725
******91203 Operational,,CHINMAYA MISSION VIDYALAY N.R.PETA KURNOOL,,,,Andhra Pradesh,7-Upper Pr. and Secondary,38-Pvt.Unaided,6 To 10,3-Co-educational,2-Urban,NA,,Kurnool Ward No. 50,Kurnool-Municipal Corporations,N.R.PETA T G V BHAVAN KURNOOL KURNOOL (MCORP)-3(VILLAGE) KURNOOL(MANDAL) KURNOOL(DIST),518004,kalyanadurgamswarnalatha[at]gmail[dot]com,https://kys.udiseplus.gov.in/#/schooldetail/4698165/12,4698165,25/10/2024 19:43,2725
******90581 Operational,,CHINMAYA MISSION VIDYALYA N.R.PETA KURNOOL,,,,Andhra Pradesh,1-Primary,38-Pvt.Unaided,1 To 5,3-Co-educational,2-Urban,NA,,Kurnool Ward No. 50,Kurnool-Municipal Corporations,42nd WARD T G C BHAVANM N R PETA KURNOOL (MCORP)(VILLAGE) KURNOOL(MANDAL) KURNOOL(DIST),518004,kalyanadurgamswarnalatha[at]gmail[dot]com,https://kys.udiseplus.gov.in/#/schooldetail/4698090/12,4698090,25/10/2024 19:43,2725
******91315 Operational,,CHINMAYA VIDYALAYA HS ADONI,,,,Andhra Pradesh,7-Upper Pr. and Secondary,39-Pvt.Unaided (CBSE Syllabus),6 To 10,3-Co-educational,2-Urban,NA,,Adoni (M) - Ward No.20,Adoni-Municipality,NEAR SBI RAILWAY STATION ROAD ADONI (M)-2(VILLAGE) ADONI(MANDAL) KURNOOL(DIST),518301,chinmaya.adn[at]gmail[dot]com,https://kys.udiseplus.gov.in/#/schooldetail/4698608/12,4698608,15/10/2020 12:18,2725
******91342 Operational,,CHINMAYA VIDYALAYA PS ADONI,,,,Andhra Pradesh,1-Primary,39-Pvt.Unaided (CBSE Syllabus),1 To 5,3-Co-educational,2-Urban,NA,,Adoni (M) - Ward No.20,Adoni-Municipality,Near SBI Railway Station Road Adoni Kurnool Dist,518301,chinmaya.adn[at]gmail[dot]com,https://kys.udiseplus.gov.in/#/schooldetail/4699698/12,4699698,06/08/2024 22:14,2725
******91474 Operational,,CHRIST CHURCH SCHOOL KURNOOL,,,,Andhra Pradesh,2-Primary with Upper Primary,38-Pvt.Unaided,1 To 7,3-Co-educational,2-Urban,NA,,Kurnool Ward No. 13,Kurnool-Municipal Corporations,"CHILDREN PARK, KURNOOL",518001,immanuelperumalla[at]gmail[dot]com,https://kys.udiseplus.gov.in/#/schooldetail/4698322/12,4698322,21/12/2025 16:02,2725
******03908 Operational,,C.MALLIKARJUNA VIDYALAYA HS ADONI,,,,Andhra Pradesh,7-Upper Pr. and Secondary,38-Pvt.Unaided,6 To 10,3-Co-educational,1-Rural,Adoni,Mandagiri (Rural),,,ARTS COLLEGE COMPOUND MANDAGIRI ADONI KURNOOL DISTRICT,518302,cmv.school1991[at]gmail[dot]com,https://kys.udiseplus.gov.in/#/schooldetail/4699549/12,4699549,15/10/2020 12:18,2725
******03904 Operational,,C MALLIKARJUNA VIDYALAYAM PS ADONI,,,,Andhra Pradesh,1-Primary,38-Pvt.Unaided,1 To 5,3-Co-educational,1-Rural,Adoni,Mandagiri (Rural),,,ARTS AND SCIENCE COLLEGE COMPOUND MANDAGIRI ADONI KURNOOL DISTRICT,518302,cmv.school1991[at]gmail[dot]com,https://kys.udiseplus.gov.in/#/schooldetail/4699546/12,4699546,16/06/2023 15:21,2725
******91191 Operational,,COLES MEMORIAL HS 39TH WARD KURNOOL,,,,Andhra Pradesh,7-Upper Pr. and Secondary,35-Pvt.Aided,6 To 10,3-Co-educational,2-Urban,NA,,Kurnool Ward No. 50,Kurnool-Municipal Corporations,39th WARD COLES COLLEGE KURNOOL KURNOOL (MCORP)-2(VILLAGE) KURNOOL(MANDAL) KURNOOL(DIST),518001,colesmemorial94[at]gmail[dot]com,https://kys.udiseplus.gov.in/#/schooldetail/4697075/12,4697075,25/10/2024 19:43,2725
******90569 Permanently Closed,,COLES P.S 31ST WARD KURNOOL,,,,Andhra Pradesh,1-Primary,35-Pvt.Aided,1 To 5,3-Co-educational,2-Urban,NA,,Kurnool Ward No. 13,Kurnool-Municipal Corporations,NA,518004,,https://kys.udiseplus.gov.in/#/schooldetail/4696991/12,4696991,25/10/2024 19:43,2725
******90599 Operational,,CONQUER VOCATIONAL JUNIOR COLLEGE C AMP KURNOOL,,,,Andhra Pradesh,11-Higher Secondary only/Jr. College,38-Pvt.Unaided,11 To 12,3-Co-educational,2-Urban,NA,,Kurnool Ward No. 23,Kurnool-Municipal Corporations,H NO 87-988 RAJESWARI NAGAR NANDYAL ROAD KURNOOL,518002,principalconquercollege10052[at]gmail[dot]com,https://kys.udiseplus.gov.in/#/schooldetail/4719579/12,4719579,23/12/2025 20:11,2725
******00340 Operational,,"CRESCENT EM HS, KODUMUR",,,,Andhra Pradesh,7-Upper Pr. and Secondary,38-Pvt.Unaided,6 To 10,3-Co-educational,1-Rural,Kodumur,Kodumur,,,KODUMUR KODUMUR KODUMUR(VILLAGE) KODUMUR(MANDAL) KURNOOL(DIST),518464,crescent476[at]gmail[dot]com,https://kys.udiseplus.gov.in/#/schooldetail/4699127/12,4699127,10/05/2022 10:31,2725
******90147 Operational,,CRESCENT EM PS ADONI,,,,Andhra Pradesh,1-Primary,38-Pvt.Unaided,1 To 5,3-Co-educational,2-Urban,NA,,Adoni (M) - Ward No.2,Adoni-Municipality,ADONI (M) BAHARPET STREET ADONI (M)(VILLAGE) ADONI(MANDAL) KURNOOL(DIST),518301,,https://kys.udiseplus.gov.in/#/schooldetail/4699619/12,4699619,16/06/2023 15:21,2725
******00319 Operational,,CRESCENT ES PS KODUMUR,,,,Andhra Pradesh,1-Primary,38-Pvt.Unaided,1 To 5,3-Co-educational,1-Rural,Kodumur,Kodumur,,,KODUMUR VELDURTHY ROAD KODUMUR(VILLAGE) KODUMUR(MANDAL) KURNOOL(DIST),518464,crescent476[at]gmail[dot]com,https://kys.udiseplus.gov.in/#/schooldetail/4699112/12,4699112,21/04/2023 15:31,2725
******91225 Permanently Closed,,C.R.R.H S RAVI PRAKASH BUILDING KURNOOL,,,,Andhra Pradesh,7-Upper Pr. and Secondary,38-Pvt.Unaided,6 To 10,3-Co-educational,9-NA,NA,,,,NA,518001,,https://kys.udiseplus.gov.in/#/schooldetail/4698184/12,4698184,25/10/2024 19:43,2725
******91183 Operational,,C.R.RM.M.C H.S APSP CAMP KURNOOL,,,,Andhra Pradesh,7-Upper Pr. and Secondary,34-MUNCIPAL,6 To 10,3-Co-educational,2-Urban,NA,,Kurnool Ward No. 42,Kurnool-Municipal Corporations,SAPCAMPKURNOOL,518003,crrmmchighschool1965[at]gmail[dot]com,https://kys.udiseplus.gov.in/#/schooldetail/4698149/12,4698149,20/06/2025 17:27,2725
******02318 Operational,,"CRR SECONDARY SCHOOL, DINNEDEVARAPADU, KURNOOL",,,,Andhra Pradesh,6-Pr. Up Pr. and Secondary Only,39-Pvt.Unaided (CBSE Syllabus),1 To 10,3-Co-educational,1-Rural,Kurnool,Dinnadevarapadu (Og),,,ANANTAPUR ROAD DINNEDEVARAPADU KURNOOL,518002,cattamanchiicon[at]gmail[dot]com,https://kys.udiseplus.gov.in/#/schooldetail/4697999/12,4697999,27/12/2025 13:36,2725
******00401 Sanctioned but not Operational,,C.V.M.A.C.ELE S SHARIN NAGAR KALLUR,,,,Andhra Pradesh,1-Primary,35-Pvt.Aided,1 To 5,3-Co-educational,2-Urban,NA,,Kurnool Ward No. 30,Kurnool-Municipal Corporations,SHARIN NAGAR KALLUR KALLUR(VILLAGE) KALLUR(MANDAL) KURNOOL(DIST),518002,,https://kys.udiseplus.gov.in/#/schooldetail/4698877/12,4698877,09/05/2022 13:34,2725
******00114 Operational,,CV RAMAN CONCEPT SCHOOL NANOOR,,,,Andhra Pradesh,2-Primary with Upper Primary,38-Pvt.Unaided,1 To 7,3-Co-educational,1-Rural,Orvakal,Nannur,,,NANOOR NANOOR NANNUR(VILLAGE) NANNUR(VILLAGE) KURNOOL(DIST),518002,harikahussain[at]gmail[dot]com,https://kys.udiseplus.gov.in/#/schooldetail/4698804/12,4698804,16/06/2023 15:21,2725
******00275 Closed,Closed,DARUL ULOOM HANFIA MASUDIYA MABUBUL ISLAM YEMMIGANUR,,,,Andhra Pradesh,1-Primary,98-Madarsa Unrecognized,1 To 5,3-Co-educational,2-Urban,NA,,Yemmiganur (M) - Ward No.18,Yemmiganur-Municipality,YEMMIGANUR,518360,meo.yemmiganur[at]gmail[dot]com,https://kys.udiseplus.gov.in/#/schooldetail/4699279/12,4699279,19/12/2023 10:54,2725
******91449 Operational,,DARUL ULOOM NISWANIA TELUGU STREET KURNOOL,,,,Andhra Pradesh,6-Pr. Up Pr. and Secondary Only,98-Madarsa Unrecognized,1 To 10,3-Co-educational,2-Urban,NA,,Kurnool Ward No. 9,Kurnool-Municipal Corporations,TELUGU STREET KURNOOL TOWN,518001,,https://kys.udiseplus.gov.in/#/schooldetail/4697242/12,4697242,16/02/2026 15:56,2725
******00431 Permanently Closed,,DEEKSHA JUNIOR COLLEGE,,,,Andhra Pradesh,11-Higher Secondary only/Jr. College,38-Pvt.Unaided,11 To 12,3-Co-educational,9-NA,NA,,,,NA,523304,,https://kys.udiseplus.gov.in/#/schooldetail/4717386/12,4717386,15/10/2020 12:18,2725
******91072 Operational,,DEEKSHA JUNIOR COLLEGE YEMMIGANUR,,,,Andhra Pradesh,11-Higher Secondary only/Jr. College,38-Pvt.Unaided,11 To 12,3-Co-educational,2-Urban,NA,,Yemmiganur Ward No. 21,Yemmiganur-Municipality,"1/2026-2029,WEAVERS COLONY YEMMIGANUR",518360,deekshajc.ygr[at]gmail[dot]com,https://kys.udiseplus.gov.in/#/schooldetail/4719587/12,4719587,08/02/2023 16:20,2725
******00036 Operational,,"DELHI PUBLIC SCHOOL, KJF CITY CHINNATEKUR",,,,Andhra Pradesh,6-Pr. Up Pr. and Secondary Only,39-Pvt.Unaided (CBSE Syllabus),1 To 10,3-Co-educational,1-Rural,Orvakal,Nannur,,,"1-90 KC1,KJR CITY CHINNATEKUR(VILLAGE) KALLUR(M)",518004,idpskurnool[at]gmail[dot]com,https://kys.udiseplus.gov.in/#/schooldetail/4720446/12,4720446,23/12/2025 20:11,2725
******90122 Operational,,DHALSHA PAHALWAN MPL PS(U) ADONI,,,,Andhra Pradesh,1-Primary,34-MUNCIPAL,1 To 5,3-Co-educational,2-Urban,NA,,Adoni (M) - Ward No.22,Adoni-Municipality,CARVANPET STREET ADONI ADONI (M)(VILLAGE) ADONI(MANDAL) KURNOOL(DIST),518301,meo.adoni[at]gmail[dot]com,https://kys.udiseplus.gov.in/#/schooldetail/4699594/12,4699594,15/10/2020 12:18,2725
******90573 Closed,Closed,DR AIDEDPS ASHOK NAGAR,,,,Andhra Pradesh,1-Primary,35-Pvt.Aided,1 To 5,3-Co-educational,2-Urban,NA,,Kurnool Ward No. 45,Kurnool-Municipal Corporations,35th WARD ASHOK NAGAR KURNOOL KURNOOL (MCORP)(VILLAGE) KURNOOL(MANDAL) KURNOOL(DIST),518001,,https://kys.udiseplus.gov.in/#/schooldetail/4698086/12,4698086,25/10/2024 19:43,2725
******00105 Operational,,"DR APJ ABDUL KALAM MEMORIAL MUNICIPAL CORPORATION HIGH SCHOOL,KURNOOL",,,,Andhra Pradesh,7-Upper Pr. and Secondary,34-MUNCIPAL,6 To 10,3-Co-educational,2-Urban,NA,,Kurnool Ward No. 12,Kurnool-Municipal Corporations,"NEAR CONTROL ROOM, KURNOOL MUNICIPAL CORP",518001,dr.apjabdulkalammmchs[at]gmail[dot]com,https://kys.udiseplus.gov.in/#/schooldetail/4720505/12,4720505,05/01/2026 16:13,2725
******90453 Operational,,Dr BR AMBEDKAR GURUKULAM GIRLS DINNEDEVARAPADU,,,,Andhra Pradesh,3-Pr. with Up.Pr. Sec. and H.Sec.,24-APSWREI Society Schools,5 To 12,2-Girls,1-Rural,Kurnool,Dinnadevarapadu (Og),,,B.CAMP KALLUR KALLUR(VILLAGE) KALLUR(MANDAL) KURNOOL(DIST),518007,ddpadu[at]gmail[dot]com,https://kys.udiseplus.gov.in/#/schooldetail/4712195/12,4712195,29/12/2025 12:03,2725
******00734 Operational,,Dr BR Ambedkar Gurukulam (G) PATHIKONDA,,,,Andhra Pradesh,3-Pr. with Up.Pr. Sec. and H.Sec.,24-APSWREI Society Schools,5 To 12,2-Girls,1-Rural,Pattikonda,Pattikonda,,,BEHIND MARKET YARD PATHIKONDA PATTIKONDA(VILLAGE) PATHIKONDA(MANDAL) KURNOOL(DIST),518380,prl.knl.pattikonda[at]gmail[dot]com,https://kys.udiseplus.gov.in/#/schooldetail/4701873/12,4701873,31/05/2022 12:29,2725
******91131 Closed,Closed,DR HAQ AIDEDUPS 4HT WARD KURNOOL,,,,Andhra Pradesh,2-Primary with Upper Primary,35-Pvt.Aided,1 To 8,3-Co-educational,2-Urban,NA,,Kurnool Ward No. 8,Kurnool-Municipal Corporations,4th WARD H.NO:4/127 KALLUR DARWAZA KURNOOL (MCORP)-2(VILLAGE) KURNOOL(MANDAL) KURNOOL(DIST),518001,,https://kys.udiseplus.gov.in/#/schooldetail/4698127/12,4698127,25/10/2024 19:43,2725
******91112 Closed,Closed,DURWESH KHADRI ARABIC P S 8TH WARDOSMANIA COLLEGE ROAD KURNOOL,,,,Andhra Pradesh,1-Primary,37-Pvt.Aided Oriental Schools,1 To 5,3-Co-educational,2-Urban,NA,,Kurnool Ward No. 8,Kurnool-Municipal Corporations,8th WARD OSMANIA COLLEGE ROAD KURNOOL KURNOOL (MCORP)-2(VILLAGE) KURNOOL(MANDAL) KURNOOL(DIST),518001,,https://kys.udiseplus.gov.in/#/schooldetail/4698111/12,4698111,25/10/2024 19:43,2725
******91193 Operational,,E.C.M HIGH S(GIRLS) NR.PETA KURNOOL,,,,Andhra Pradesh,7-Upper Pr. and Secondary,35-Pvt.Aided,6 To 10,2-Girls,2-Urban,NA,,Kurnool Ward No. 50,Kurnool-Municipal Corporations,N.R.PETA KURNOOL KURNOOL (MCORP)-2(VILLAGE) KURNOOL(MANDAL) KURNOOL(DIST),518001,ecmschool123[at]gmail[dot]com,https://kys.udiseplus.gov.in/#/schooldetail/4698157/12,4698157,21/12/2025 16:15,2725
******90568 Closed,Closed,ECM PRIMARY SCHOOL 43RD WARD KURNOOL,,,,Andhra Pradesh,1-Primary,35-Pvt.Aided,1 To 5,3-Co-educational,2-Urban,NA,,Kurnool Ward No. 50,Kurnool-Municipal Corporations,43rd WARD NARASINGA ROA PETA KURNOOL KURNOOL (MCORP)(VILLAGE) KURNOOL(MANDAL) KURNOOL(DIST),518004,,https://kys.udiseplus.gov.in/#/schooldetail/4696990/12,4696990,25/10/2024 19:43,2725
******00037 Operational,,EDIFY SCHOOL LAXMIPURAM,,,,Andhra Pradesh,6-Pr. Up Pr. and Secondary Only,39-Pvt.Unaided (CBSE Syllabus),1 To 10,3-Co-educational,1-Rural,Kallur,Laxmipuram,,,"LAKSHMIPURAM,KALLUR MANDAL",518218,56607[at]cbseshiksha[dot]in,https://kys.udiseplus.gov.in/#/schooldetail/4720447/12,4720447,23/12/2025 20:12,2725
******02201 Operational,,"EDULABS LEARNING CAMPUS, JOHARAPURAM",,,,Andhra Pradesh,2-Primary with Upper Primary,38-Pvt.Unaided,1 To 7,3-Co-educational,2-Urban,NA,,Kurnool Ward No. 18,Kurnool-Municipal Corporations,JOHARAPURAM JOHARAPURAM KURNOOL (MCORPS) KURNOOL(MANDAL) KURNOOL(DIST),518002,dadakhalandar1234[at]gmail[dot]com,https://kys.udiseplus.gov.in/#/schooldetail/4697977/12,4697977,21/12/2025 16:19,2725
******00772 Operational,,EDUSPACE EM UPS KOWTHALAM,,,,Andhra Pradesh,2-Primary with Upper Primary,38-Pvt.Unaided,1 To 7,3-Co-educational,1-Rural,Kowthalam,Kowthalam,,,Eduspace - Kowthalam,518344,eduspacektl[at]gmail[dot]com,https://kys.udiseplus.gov.in/#/schooldetail/4721205/12,4721205,25/12/2023 11:55,2725
******91424 Operational,,"ELITE ENGLISH MEDIUM UPS, N R NAGAR",,,,Andhra Pradesh,2-Primary with Upper Primary,38-Pvt.Unaided,1 To 7,3-Co-educational,2-Urban,NA,,Kurnool Ward No. 46,Kurnool-Municipal Corporations,NARASIMHA REDDY NAGAR,518001,pwdadmin2821[at]gmail[dot]com,https://kys.udiseplus.gov.in/#/schooldetail/4698281/12,4698281,21/12/2025 16:21,2725
******01805 Operational,,EMILE CURRICULAM UP SCHOOL CHINNTAKUNTA,,,,Andhra Pradesh,2-Primary with Upper Primary,38-Pvt.Unaided,1 To 7,3-Co-educational,1-Rural,Halaharvi,Chinthakunta,,,chinthakunta,518348,vulidrarajesh001[at]gmail[dot]com,https://kys.udiseplus.gov.in/#/schooldetail/4702002/12,4702002,06/08/2025 09:56,2725
******91372 Operational,,EMILE CURRICULUM EM UPS INDIRANAGAR ADN,,,,Andhra Pradesh,2-Primary with Upper Primary,38-Pvt.Unaided,1 To 7,3-Co-educational,2-Urban,NA,,Adoni (M) - Ward No.21,Adoni-Municipality,INDIRA NAGAR,518301,emileadoni[at]gmail[dot]com,https://kys.udiseplus.gov.in/#/schooldetail/4699726/12,4699726,16/06/2023 15:21,2725
******01202 Operational,,EMILE EM UPS BINIGERI ASPARI,,,,Andhra Pradesh,2-Primary with Upper Primary,38-Pvt.Unaided,1 To 7,3-Co-educational,1-Rural,Aspari,Benigeri,,,BINIGERI VILLAGE ASPARI MANDAL,518347,meo.aspari[at]gmail[dot]com,https://kys.udiseplus.gov.in/#/schooldetail/4719594/12,4719594,21/12/2025 12:00,2725
******00460 Closed,Closed,ESWAR ENGLISH MEDIUM S VENKATESHWARA NAGAR KALLUR,,,,Andhra Pradesh,2-Primary with Upper Primary,38-Pvt.Unaided,1 To 7,3-Co-educational,2-Urban,NA,,Kurnool Ward No. 31,Kurnool-Municipal Corporations,VENKATESHWARA NAGAR H.NO:81-108M KALLUR(VILLAGE) KALLUR(MANDAL) KURNOOL(DIST),518002,,https://kys.udiseplus.gov.in/#/schooldetail/4697859/12,4697859,09/05/2022 13:35,2725
******91118 Closed,Closed,EVEREST ENG. SCHOOL 1 TOWN KURNOOL,,,,Andhra Pradesh,1-Primary,38-Pvt.Unaided,1 To 5,3-Co-educational,2-Urban,NA,,Kurnool Ward No. 7,Kurnool-Municipal Corporations,7 WARD KURNOOL (MCORP) Ist TOWN 28/58 KURNOOL (MCORP)-1(VILLAGE) KURNOOL(MANDAL) KURNOOL(DIST),518001,swamy828[at]gmail[dot]com,https://kys.udiseplus.gov.in/#/schooldetail/4698118/12,4698118,25/10/2024 19:43,2725
******91202 Closed,Closed,EVEREST ENG SCHOOL 1TOWN POLICE STATIONS,,,,Andhra Pradesh,7-Upper Pr. and Secondary,38-Pvt.Unaided,6 To 10,3-Co-educational,2-Urban,NA,,Kurnool Ward No. 7,Kurnool-Municipal Corporations,7 WARD 28-58 PETA OPP:NO:I POLICE STATION KURNOOL (MCORP)-3(VILLAGE) KURNOOL(MANDAL) KURNOOL(DIST),518001,swamy828[at]gmail[dot]com,https://kys.udiseplus.gov.in/#/schooldetail/4698164/12,4698164,25/10/2024 19:43,2725
******01418 Permanently Closed,,EVEREST PUBLIC E.M UPS ALUR,,,,Andhra Pradesh,2-Primary with Upper Primary,38-Pvt.Unaided,1 To 7,3-Co-educational,1-Rural,Alur,Alur,,,NA,518395,,https://kys.udiseplus.gov.in/#/schooldetail/4717422/12,4717422,15/10/2020 12:18,2725
******00604 Operational,,EVERGREEN EM UP SCHOOL MUTHUKUR,,,,Andhra Pradesh,2-Primary with Upper Primary,38-Pvt.Unaided,1 To 7,3-Co-educational,1-Rural,Aspari,Muthkur,,,MUTHUKUR VILLAGE ASPARI MANDAL PINCODE 518347,518347,meo.aspari[at]gmail[dot]com,https://kys.udiseplus.gov.in/#/schooldetail/4719593/12,4719593,22/12/2025 10:44,2725
******90113 Operational,,FAREED SAHEB MPL PS(U) ADONI,,,,Andhra Pradesh,1-Primary,34-MUNCIPAL,1 To 5,3-Co-educational,2-Urban,NA,,Adoni (M) - Ward No.19,Adoni-Municipality,FAREED SAHEB MOHALLA ADONI ADONI (M)(VILLAGE) ADONI(MANDAL) KURNOOL(DIST),518301,Fareedsahib271[at]gmail[dot]com,https://kys.udiseplus.gov.in/#/schooldetail/4699585/12,4699585,13/01/2023 12:00,2725
******01208 Operational,,FATHIMA CONVENT E.M SCHOOL,,,,Andhra Pradesh,1-Primary,38-Pvt.Unaided,1 To 5,3-Co-educational,1-Rural,Chippagiri,Chippagiri,,,CHIPPGIRI 2 CHIPPAGIRI(VILLAGE) CHIPPAGIRI(MANDAL) KURNOOL(DIST),518396,fathima.chippagiri[at]gmail[dot]com,https://kys.udiseplus.gov.in/#/schooldetail/4701967/12,4701967,17/07/2025 10:12,2725
******01209 Operational,,FATHIMA CONVENT EM SCHOOL CHIPPAGIRI,,,,Andhra Pradesh,7-Upper Pr. and Secondary,38-Pvt.Unaided,6 To 10,3-Co-educational,1-Rural,Chippagiri,Chippagiri,,,chipppagiri village chippagiri mandal kurnool district,518396,fathima.chippagiri[at]gmail[dot]com,https://kys.udiseplus.gov.in/#/schooldetail/4701968/12,4701968,08/05/2022 09:43,2725
******01205 Operational,,F R ELE.S,,,,Andhra Pradesh,1-Primary,38-Pvt.Unaided,1 To 5,3-Co-educational,1-Rural,Devanakonda,Devanakonda,,,2/90/1 DEVANAKONDA DEVANAKONDA(VILLAGE) DEVANAKONDA(MANDAL) KURNOOL(DIST),518465,frps1205[at]gmail[dot]com,https://kys.udiseplus.gov.in/#/schooldetail/4699971/12,4699971,23/12/2025 17:15,2725
******01209 Operational,,F R HIGH S,,,,Andhra Pradesh,7-Upper Pr. and Secondary,38-Pvt.Unaided,6 To 10,3-Co-educational,1-Rural,Devanakonda,Devanakonda,,,2/90/1 DEVANAKONDA DEVANAKONDA(VILLAGE) DEVANAKONDA(MANDAL) KURNOOL(DIST),518465,frhsdkd[at]gmail[dot]com,https://kys.udiseplus.gov.in/#/schooldetail/4699974/12,4699974,01/10/2024 13:01,2725
******00816 Operational,,FRIENDS VIDYA NIKETAN HS MADDIKERA,,,,Andhra Pradesh,7-Upper Pr. and Secondary,38-Pvt.Unaided,6 To 10,3-Co-educational,1-Rural,Maddikera (East),Maddikera (East),,,JANDAKATTA VEEDHI MADDIKERA(EAST) MADDIKERA (EAST)(VILLAGE) MADDIKERA(MANDAL) KURNOOL(DIST),518385,f.v.nschool123[at]gmail[dot]com,https://kys.udiseplus.gov.in/#/schooldetail/4701933/12,4701933,08/05/2022 09:05,2725
******00810 Operational,,FRIENDS VIDYA NIKETHAN PS MADDIKERA,,,,Andhra Pradesh,1-Primary,38-Pvt.Unaided,1 To 5,3-Co-educational,1-Rural,Maddikera (East),Maddikera (East),,,JENDAKATTA STREET MADDIKERA(EAST) MADDIKERA (EAST)(VILLAGE) MADDIKERA(MANDAL) KURNOOL(DIST),518385,f.v.nschool123[at]gmail[dot]com,https://kys.udiseplus.gov.in/#/schooldetail/4701929/12,4701929,16/06/2023 15:21,2725
******90585 Operational,,FUTURE KIDS EM SCHOOL TARAKARAMA COLONY KALLUR,,,,Andhra Pradesh,2-Primary with Upper Primary,38-Pvt.Unaided,1 To 7,3-Co-educational,2-Urban,NA,,Kurnool Ward No. 27,Kurnool-Municipal Corporations,KALLUR MANDALKURNOOL DIST,518002,futurekidsplayschool[at]gmail[dot]com,https://kys.udiseplus.gov.in/#/schooldetail/4699081/12,4699081,23/12/2025 20:44,2725
******90526 Operational,,GALAXY EM HIGH SCHOOL KALLUR,,,,Andhra Pradesh,7-Upper Pr. and Secondary,38-Pvt.Unaided,6 To 10,3-Co-educational,2-Urban,NA,,Kurnool Ward No. 19,Kurnool-Municipal Corporations,Near Jampala Gardens Ganesh nagar Kurnool,518002,galaxyschoolknl[at]gmail[dot]com,https://kys.udiseplus.gov.in/#/schooldetail/4699032/12,4699032,24/12/2025 07:16,2725
******90527 Operational,,GALAXY EM PRIMARY SCHOOLKALLUR,,,,Andhra Pradesh,1-Primary,38-Pvt.Unaided,1 To 5,3-Co-educational,2-Urban,NA,,Kurnool Ward No. 19,Kurnool-Municipal Corporations,Near Jampala Gardens Ganesh nagar kurnool,518002,galaxyschoolknl[at]gmail[dot]com,https://kys.udiseplus.gov.in/#/schooldetail/4699033/12,4699033,24/12/2025 07:16,2725
******90134 Operational,,GANDHI MEMORIAL MPL PS ADONI,,,,Andhra Pradesh,1-Primary,34-MUNCIPAL,1 To 5,3-Co-educational,2-Urban,NA,,Adoni (M) - Ward No.24,Adoni-Municipality,KARVANPET ADONI ADONI (M)(VILLAGE) ADONI(MANDAL) KURNOOL(DIST),518301,sonalsuhaila[at]gmail[dot]com,https://kys.udiseplus.gov.in/#/schooldetail/4699606/12,4699606,15/10/2020 12:18,2725
******01804 Operational,,GAVIGATTU NARASAPPA EM UP SCHOOL MALAPALLI,,,,Andhra Pradesh,2-Primary with Upper Primary,38-Pvt.Unaided,1 To 7,3-Co-educational,1-Rural,Mantralayam,Malapalle,,,MALAPALLIMANTRALAYAMKURNOOL518349,518349,gavigattunarasappaschool[at]gmail[dot]com,https://kys.udiseplus.gov.in/#/schooldetail/4697718/12,4697718,21/04/2023 15:31,2725
******01011 Permanently Closed,,"GEETHANJALI ENGLISH MEDIUM SCHOOL, STANTANPURAM",,,,Andhra Pradesh,2-Primary with Upper Primary,38-Pvt.Unaided,1 To 7,3-Co-educational,1-Rural,Kurnool,NA,,,NA,518001,,https://kys.udiseplus.gov.in/#/schooldetail/4717302/12,4717302,25/10/2024 19:43,2725
******02320 Operational,,GENESIS MODERN EM HS DINNEDEVARAPADU KNL,,,,Andhra Pradesh,7-Upper Pr. and Secondary,38-Pvt.Unaided,6 To 10,3-Co-educational,1-Rural,Kurnool,Dinnadevarapadu (Og),,,genesis modern em hs diindevarapadu,518002,genesismodernschool[at]gmail[dot]com,https://kys.udiseplus.gov.in/#/schooldetail/4698001/12,4698001,27/12/2025 13:39,2725
******02319 Operational,,GENESIS MODERN EM UP SCHOOL DENNEDEVARAPADU,,,,Andhra Pradesh,1-Primary,38-Pvt.Unaided,1 To 5,3-Co-educational,1-Rural,Kurnool,Dinnadevarapadu (Og),,,Dinnedevarapadu KURNOOL 518001,518002,genesismodernschool[at]gmail[dot]com,https://kys.udiseplus.gov.in/#/schooldetail/4698000/12,4698000,27/12/2025 13:37,2725
******91074 Operational,,GENIIUS GLOBAL JUNIOR COLLEGE GUDIKAL ROAD YEMMIGANUR,,,,Andhra Pradesh,11-Higher Secondary only/Jr. College,38-Pvt.Unaided,11 To 12,3-Co-educational,2-Urban,NA,,Yemmiganur Ward No. 23,Yemmiganur-Municipality,"Plot no - 43, 44,45, Gandhi Nagar, Near Saptha Balaji Mart, Yemmiganur.",518360,geniusglobaljrc[at]gmail[dot]com,https://kys.udiseplus.gov.in/#/schooldetail/4719588/12,4719588,30/10/2024 10:20,2725
******01521 Operational,,"GENIUS GLOBAL EM UP SCHOOL, C BELAGAL",,,,Andhra Pradesh,2-Primary with Upper Primary,38-Pvt.Unaided,1 To 7,3-Co-educational,1-Rural,C.Belagal,C.Belagal,,,"GENIUS GLOBAL EM UP SCHOOL,NEAR CANARA BANK, C BELAGAL",518462,ggscbl2[at]gmail[dot]com,https://kys.udiseplus.gov.in/#/schooldetail/4721969/12,4721969,23/09/2024 12:59,2725
******00487 Operational,,GENIUS GLOBAL EM UP SCHOOL GONEGANDLA,,,,Andhra Pradesh,2-Primary with Upper Primary,38-Pvt.Unaided,1 To 8,3-Co-educational,1-Rural,Gonegandla,Gonegandla,,,"Yemmiganur Road, Back Side of Esar Petorl Bunk, Gonegandla",518463,geniusglobalschoolgonegandla22[at]gmail[dot]com,https://kys.udiseplus.gov.in/#/schooldetail/4720860/12,4720860,12/02/2026 11:54,2725
******02114 Operational,,GENIUS GLOBAL EM UP SCHOOL MANTRALAYAM,,,,Andhra Pradesh,2-Primary with Upper Primary,38-Pvt.Unaided,1 To 8,3-Co-educational,1-Rural,Mantralayam,Manchala,,,MANTRALAYAM MANTRALAYAMKURNOOL 518349,518345,geniusglobalschool19[at]gmail[dot]com,https://kys.udiseplus.gov.in/#/schooldetail/4719534/12,4719534,19/07/2025 12:56,2725
******01299 Operational,,"GENIUS GLOBAL EM UP SCHOOL, NANDAVARAM",,,,Andhra Pradesh,2-Primary with Upper Primary,38-Pvt.Unaided,1 To 7,3-Co-educational,1-Rural,Nandavaram,Nandavaram,,,"B.C COLONY ,YEMMIGANUR ROAD,OPP,MUNISWAMY THEATRE,NANDAVARAM",518343,geniusglobalschoolnandavaram[at]gamil[dot]com,https://kys.udiseplus.gov.in/#/schooldetail/4721703/12,4721703,20/12/2025 12:02,2725
******01997 Operational,,GENIUS GLOBAL ENGLISH MEDIUM SCHOOL DEVANAKONDA,,,,Andhra Pradesh,2-Primary with Upper Primary,38-Pvt.Unaided,1 To 7,3-Co-educational,1-Rural,Devanakonda,Devanakonda,,,NEAR BUS STAND KURNOOLROAD DEVANAKONDA VILLAGE AND MANDAL,518465,,,,23/12/2025 17:16,2725
******00892 Operational,,"GENIUS GLOBAL UP SCHOOL, GUDUR",,,,Andhra Pradesh,2-Primary with Upper Primary,38-Pvt.Unaided,1 To 7,3-Co-educational,2-Urban,NA,,Gudur M Ward No 19,Gudur (kurnool)-Town Panchayat,GENIUS GLOBAL UP SCHOOL GUDUR,518466,meo.gudur[at]gmail[dot]com,https://kys.udiseplus.gov.in/#/schooldetail/4721321/12,4721321,14/02/2024 22:19,2725
******01407 Operational,,GHAZI PUBLIC UP SCHOOL ALUR,,,,Andhra Pradesh,2-Primary with Upper Primary,38-Pvt.Unaided,1 To 7,3-Co-educational,1-Rural,Alur,Alur,,,NEAR LIBRARY NEAR CHEAKPOST ALUR(VILLAGE) ALUR(MANDAL) KURNOOL(DIST),518395,-alurmasood54[at]gmail[dot]com,https://kys.udiseplus.gov.in/#/schooldetail/4699822/12,4699822,22/12/2025 12:59,2725
******91397 Operational,,GLOBAL EM UP SCHOOLB.PETA KURNOOL,,,,Andhra Pradesh,2-Primary with Upper Primary,38-Pvt.Unaided,1 To 8,3-Co-educational,2-Urban,NA,,Kurnool Ward No. 14,Kurnool-Municipal Corporations,H NO 46-101 BUDHAWARPETA KURNOOL,518001,ckurumanna[at]gmail[dot]com,https://kys.udiseplus.gov.in/#/schooldetail/4698261/12,4698261,21/12/2025 16:24,2725
******01302 Operational,,GLOBAL EM UP SCHOOL KUPPAGAL,,,,Andhra Pradesh,2-Primary with Upper Primary,38-Pvt.Unaided,1 To 7,3-Co-educational,1-Rural,Adoni,Kuppagal,,,KUPPAGAL VILLAGE,518344,purusothamvirat18[at]gmail[dot]com,https://kys.udiseplus.gov.in/#/schooldetail/4699481/12,4699481,21/04/2023 15:31,2725
******00271 Operational,,GLOBAL INDUS SCHOOL YEMMIGANUR,,,,Andhra Pradesh,2-Primary with Upper Primary,38-Pvt.Unaided,1 To 7,3-Co-educational,2-Urban,NA,,Yemmiganur Ward No. 26,Yemmiganur-Municipality,weavers colony park road,518360,globalindusschool1234[at]gmail[dot]com,https://kys.udiseplus.gov.in/#/schooldetail/4699275/12,4699275,16/06/2023 15:21,2725
******00607 Operational,,GLOBAL UPS DIVAMDINNE,,,,Andhra Pradesh,2-Primary with Upper Primary,38-Pvt.Unaided,1 To 7,3-Co-educational,1-Rural,Yemmiganur,Divamdinne,,,ENUGU BALA VILLAGE ROAD,518360,prvt.daivamdinne[at]gmail[dot]com,https://kys.udiseplus.gov.in/#/schooldetail/4699292/12,4699292,11/09/2024 10:24,2725
******00274 Closed,Closed,"GMR EM UP SCHOOL,YEMMIGANUR",,,,Andhra Pradesh,2-Primary with Upper Primary,38-Pvt.Unaided,1 To 7,3-Co-educational,2-Urban,NA,,Yemmiganur (M) - Ward No.18,Yemmiganur-Municipality,via gonegandla road yemmiganur kurnool,518360,gmrbedyemmiganur[at]gmail[dot]com,https://kys.udiseplus.gov.in/#/schooldetail/4699278/12,4699278,10/05/2022 05:59,2725
******00566 Operational,,GOAL EM UP SCHOOL KRANTHI NAGAR ADONI,,,,Andhra Pradesh,2-Primary with Upper Primary,38-Pvt.Unaided,1 To 7,3-Co-educational,2-Urban,NA,,Adoni (M) - Ward No.16,Adoni-Municipality,D No 24/90 Kranthi Nagar near chowdamma temple adoni,518301,,https://kys.udiseplus.gov.in/#/schooldetail/4720979/12,4720979,21/01/2023 16:40,2725
******01104 Closed,Closed,GOLDENWAY UPPER PRIMARY SCHOOL ORVAKAL,,,,Andhra Pradesh,2-Primary with Upper Primary,38-Pvt.Unaided,1 To 7,3-Co-educational,1-Rural,Orvakal,Orvakal,,,ORVAKAL ORVAKAL ORVAKAL(VILLAGE) ORVAKAL(MANDAL) KURNOOL(DIST),518010,-g.ranisumalatha[at]gmail[dot]com,https://kys.udiseplus.gov.in/#/schooldetail/4698832/12,4698832,15/10/2020 12:18,2725
******00867 Operational,,GOOD BASE EM HIGH SCHOOL YEMMIGANUR,,,,Andhra Pradesh,7-Upper Pr. and Secondary,38-Pvt.Unaided,6 To 10,3-Co-educational,2-Urban,NA,,Yemmiganur (M) - Ward No.1,Yemmiganur-Municipality,"1-2410, TBP COLONY, YEMMIGANUR",518360,,https://kys.udiseplus.gov.in/#/schooldetail/4721280/12,4721280,05/02/2024 17:22,2725
******01875 Operational,,"GOOD BASE EM SCHOOL, KOWTHALAM",,,,Andhra Pradesh,2-Primary with Upper Primary,38-Pvt.Unaided,1 To 7,3-Co-educational,1-Rural,Kowthalam,Kowthalam,,,KOWTHALAM VILLAGE KOWTHALAM MANDAL,518344,,,,24/12/2025 13:17,2725
******00272 Operational,,GOOD BASE EM SCHOOL YEMMIGANUR,,,,Andhra Pradesh,1-Primary,38-Pvt.Unaided,1 To 5,3-Co-educational,2-Urban,NA,,Yemmiganur Ward No. 27,Yemmiganur-Municipality,1-2410 TBP Colony Yemmiganur,518360,mail2goodbase[at]gmail[dot]com,https://kys.udiseplus.gov.in/#/schooldetail/4699276/12,4699276,14/07/2025 14:55,2725
******91116 Operational,,GOOD SHEPARD P.S 27TH WARD DEVANAGAR KURNOOL,,,,Andhra Pradesh,1-Primary,38-Pvt.Unaided,1 To 5,3-Co-educational,2-Urban,NA,,Kurnool Ward No. 26,Kurnool-Municipal Corporations,27th WARD DEVANAGAR KURNOOL KURNOOL (MCORP)-2(VILLAGE) KURNOOL(MANDAL) KURNOOL(DIST),518002,,https://kys.udiseplus.gov.in/#/schooldetail/4698116/12,4698116,21/12/2025 11:29,2725
******91232 Operational,,GOOD SHEPHARD H S DEVANAGAR KURNOOL,,,,Andhra Pradesh,7-Upper Pr. and Secondary,38-Pvt.Unaided,6 To 10,3-Co-educational,2-Urban,NA,,Kurnool Ward No. 26,Kurnool-Municipal Corporations,DEVANAGAR KURNOOL KURNOOL (MCORP)-3(VILLAGE) KURNOOL(MANDAL) KURNOOL(DIST),518002,,https://kys.udiseplus.gov.in/#/schooldetail/4697113/12,4697113,21/12/2025 11:30,2725
******91434 Operational,,GOOD SHEPHERD EM SCHOOL BALAJI NAGAR,,,,Andhra Pradesh,7-Upper Pr. and Secondary,38-Pvt.Unaided,6 To 10,3-Co-educational,2-Urban,NA,,Kurnool Ward No. 39,Kurnool-Municipal Corporations,BALAJI NAGAR KURNOOL,518006,goodshepherd.balaji[at]gmail[dot]com,https://kys.udiseplus.gov.in/#/schooldetail/4698289/12,4698289,21/12/2025 16:26,2725
******00507 Operational,,GOOD SHEPHERD (EM SCHOOL GONEGANDLA,,,,Andhra Pradesh,1-Primary,38-Pvt.Unaided,1 To 5,3-Co-educational,1-Rural,Gonegandla,Gonegandla,,,GONEGANDLA T B P COLONY GONEGANDLA(VILLAGE) GONEGANDLA(MANDAL) KURNOOL(DIST),518463,gssggl777[at]gmail[dot]com,https://kys.udiseplus.gov.in/#/schooldetail/4699190/12,4699190,12/02/2026 10:49,2725
******91044 Operational,,GOOD SHEPHERD E.M S TANK BUND,,,,Andhra Pradesh,1-Primary,38-Pvt.Unaided,1 To 5,3-Co-educational,2-Urban,NA,,Yemmiganur Ward No. 19,Yemmiganur-Municipality,TANK BUND ROAD YEMMIGANUR YEMMIGANUR(MANDAL) KURNOOL(DIST),518360,goodshepherd256146[at]gmail[dot]com,https://kys.udiseplus.gov.in/#/schooldetail/4699378/12,4699378,19/09/2024 10:17,2725
******90462 Operational,,GOOD SHEPHERD ENGLISH SCH,,,,Andhra Pradesh,7-Upper Pr. and Secondary,38-Pvt.Unaided,6 To 10,3-Co-educational,2-Urban,NA,,Kurnool Ward No. 20,Kurnool-Municipal Corporations,KALLUR GOWTHAMI NAGAR KALLUR(VILLAGE) KALLUR(MANDAL) KURNOOL(DIST),518002,goodshepherdkurnool[at]gmail[dot]com,https://kys.udiseplus.gov.in/#/schooldetail/4699006/12,4699006,24/12/2025 07:22,2725
******01023 Operational,,GOOD SHEPHERD ENGLISH SCHOOL,,,,Andhra Pradesh,2-Primary with Upper Primary,38-Pvt.Unaided,1 To 7,3-Co-educational,2-Urban,NA,,Kurnool Ward No. 38,Kurnool-Municipal Corporations,BALAJI NAGAR KURNOOL,518006,,https://kys.udiseplus.gov.in/#/schooldetail/4697936/12,4697936,21/12/2025 16:29,2725
******90423 Operational,,GOOD SHEPHERD ENG S,,,,Andhra Pradesh,1-Primary,38-Pvt.Unaided,1 To 5,3-Co-educational,2-Urban,NA,,Kurnool Ward No. 20,Kurnool-Municipal Corporations,KALLUR ( GOWTHAMI NAGAR KALLUR(VILLAGE) KALLUR(MANDAL) KURNOOL(DIST),518002,goodshepherdkurnool[at]gmail[dot]com,https://kys.udiseplus.gov.in/#/schooldetail/4698986/12,4698986,23/12/2025 20:05,2725
******91065 Operational,,GOOD SHEPHERED E.M S YEMMIGANUR,,,,Andhra Pradesh,7-Upper Pr. and Secondary,38-Pvt.Unaided,6 To 10,3-Co-educational,2-Urban,NA,,Yemmiganur Ward No. 19,Yemmiganur-Municipality,YEMMIGANUR YEMMIGANUR YEMMIGANUR (MANDAL) KURNOOL(DIST),518360,goodshepherd256146[at]gmail[dot]com,https://kys.udiseplus.gov.in/#/schooldetail/4699395/12,4699395,19/09/2024 10:24,2725
******90557 Operational,,GOOD SHEPHERED E.M UP SCHOOLLAKSHMIPURAM,,,,Andhra Pradesh,2-Primary with Upper Primary,38-Pvt.Unaided,1 To 8,3-Co-educational,1-Rural,Kallur,Laxmipuram,,,laxmipuram kallur mandal kurnool,518218,gsslxp[at]gmail[dot]com,https://kys.udiseplus.gov.in/#/schooldetail/4699054/12,4699054,22/12/2025 12:20,2725
******90561 Closed,Closed,GOOD SHEPHERED GLOBAL UP SCHOOL LAKSHMI NAGAR,,,,Andhra Pradesh,2-Primary with Upper Primary,38-Pvt.Unaided,1 To 7,3-Co-educational,2-Urban,NA,,Kurnool Ward No. 22,Kurnool-Municipal Corporations,B CAMP SRI LAKSHMINAGAR,518002,goodshepherd.arora[at]gmail[dot]com,https://kys.udiseplus.gov.in/#/schooldetail/4699057/12,4699057,25/06/2021 16:37,2725
******00708 Operational,,GOVT.DNTPS CHAKKARALLA,,,,Andhra Pradesh,1-Primary,11-State Govt.(DNT),1 To 5,3-Co-educational,1-Rural,Pattikonda,Chakkaralla,,,CHAKKARALLA VILLAGE PATHIKONDA MANDAL KURNOOL DISTRICT ANDHRA PRADESH,518380,meo.pathikonda[at]gmail[dot]com,https://kys.udiseplus.gov.in/#/schooldetail/4701854/12,4701854,15/10/2020 12:18,2725
******00301 Operational,,GOVT.DNT PS ENAGANDLA,,,,Andhra Pradesh,1-Primary,11-State Govt.(DNT),1 To 5,3-Co-educational,1-Rural,C.Belagal,Gundrevula,,,ENAGANDLA ENAGANDLA GUNDREVULA(VILLAGE) C.BELAGAL(MANDAL) KURNOOL(DIST),518462,meo.cbelagal[at]gmail[dot]com,https://kys.udiseplus.gov.in/#/schooldetail/4697787/12,4697787,04/03/2024 12:24,2725
******02006 Operational,,GOVT.DNTPS K.THANDA,,,,Andhra Pradesh,1-Primary,11-State Govt.(DNT),1 To 5,3-Co-educational,1-Rural,Kallur,Ulindakonda,,,K.THANDA ULINDAKONDA ULINDAKONDA(VILLAGE) KALLUR(MANDAL) KURNOOL(DIST),518218,nk058002[at]gmail[dot]com,https://kys.udiseplus.gov.in/#/schooldetail/4698964/12,4698964,23/12/2025 13:11,2725
******90155 Operational,,GOVT HIGH SCHOOL AMARAVATHI NAGAR ADONI,,,,Andhra Pradesh,7-Upper Pr. and Secondary,10-State Govt.,6 To 10,3-Co-educational,2-Urban,NA,,Adoni (M) - Ward No.17,Adoni-Municipality,AMARAVATHI NAGAR ADONI ADONI (M)(VILLAGE) ADONI(MANDAL) KURNOOL(DIST),518301,ghsamaravathi[at]gmail[dot]com,https://kys.udiseplus.gov.in/#/schooldetail/4699625/12,4699625,20/06/2025 17:06,2725
******91176 Operational,,GOVT.HS B.CAMP KURNOOL,,,,Andhra Pradesh,7-Upper Pr. and Secondary,10-State Govt.,6 To 10,3-Co-educational,2-Urban,NA,,Kurnool Ward No. 22,Kurnool-Municipal Corporations,B.CAMP KURNOOL KURNOOL (MCORP)-2(VILLAGE) KURNOOL(MANDAL) KURNOOL(DIST),518002,ghsbcamp1956[at]gmail[dot]com,https://kys.udiseplus.gov.in/#/schooldetail/4698142/12,4698142,21/12/2025 16:42,2725
******01409 Operational,,GOVT.HS(BOYS-1) ALUR,,,,Andhra Pradesh,7-Upper Pr. and Secondary,10-State Govt.,6 To 10,1-Boys,1-Rural,Alur,Alur,,,"GOVT HIGH SCHOOL(BOYS-1),YELLARTHI ROAD, ALUR(VILLAGE) ALUR(MANDAL) KURNOOL(DIST)",518395,ghs1alur[at]gmail[dot]com,https://kys.udiseplus.gov.in/#/schooldetail/4699824/12,4699824,22/12/2025 13:00,2725
******01410 Operational,,GOVT.HS(BOYS-2) ALUR,,,,Andhra Pradesh,7-Upper Pr. and Secondary,10-State Govt.,6 To 10,3-Co-educational,1-Rural,Alur,Alur,,,GOVT HIGH SCOOL-2 OLD BUSTAND ALUR ALUR(VILLAGE) ALUR(MANDAL) KURNOOL(DIST),518395,ghs2alur[at]gmail[dot]com,https://kys.udiseplus.gov.in/#/schooldetail/4699825/12,4699825,22/12/2025 13:00,2725
******90198 Operational,,GOVT.HS(G) ADONI,,,,Andhra Pradesh,7-Upper Pr. and Secondary,10-State Govt.,6 To 10,2-Girls,2-Urban,NA,,Adoni (M) - Ward No.21,Adoni-Municipality,ADONI (M) ( NEAR SKD COLONY ADONI (M)(VILLAGE) ADONI(MANDAL) KURNOOL(DIST),518301,gvcgghsadoni[at]gmail[dot]com,https://kys.udiseplus.gov.in/#/schooldetail/4699665/12,4699665,20/06/2025 15:25,2725
******91178 Operational,,GOVT.HS(G) INDOOR STADIUM KURNOOL,,,,Andhra Pradesh,7-Upper Pr. and Secondary,10-State Govt.,6 To 10,3-Co-educational,2-Urban,NA,,Kurnool Ward No. 40,Kurnool-Municipal Corporations,KURNOOL (M.CORP) NEAR INDOOR STADIUM KURNOOL (MCORP)-2(VILLAGE) KURNOOL(MANDAL) KURNOOL(DIST),518001,gghsuknl[at]gmail[dot]com,https://kys.udiseplus.gov.in/#/schooldetail/4698144/12,4698144,05/01/2026 16:14,2725
******91177 Operational,,GOVT.HS(GIRLS) B.CAMP KURNOOL,,,,Andhra Pradesh,7-Upper Pr. and Secondary,10-State Govt.,6 To 10,2-Girls,2-Urban,NA,,Kurnool Ward No. 22,Kurnool-Municipal Corporations,28th WARD B.CAMP KURNOOL KURNOOL (MCORP)-2(VILLAGE) KURNOOL(MANDAL) KURNOOL(DIST),518002,govtgirlshighschoolbcamp[at]gmail[dot]com,https://kys.udiseplus.gov.in/#/schooldetail/4698143/12,4698143,21/12/2025 16:55,2725
******00305 Operational,,GOVT.HS(GIRLS) PEDDAPADU,,,,Andhra Pradesh,7-Upper Pr. and Secondary,10-State Govt.,6 To 10,2-Girls,2-Urban,NA,,Kurnool Ward No. 36,Kurnool-Municipal Corporations,PEDDAPADU KALLUR PEDDAPADU(VILLAGE) KALLUR(MANDAL) KURNOOL(DIST),518003,dsmgirlspeddapadu[at]gmail[dot]com,https://kys.udiseplus.gov.in/#/schooldetail/4698874/12,4698874,21/12/2025 11:38,2725
******91180 Operational,,GOVT.HS(G) KING MARKET KURNOOL,,,,Andhra Pradesh,7-Upper Pr. and Secondary,10-State Govt.,6 To 10,2-Girls,2-Urban,NA,,Kurnool Ward No. 2,Kurnool-Municipal Corporations,1st WARD KING MARKET KURNOOL KURNOOL (MCORP)-2(VILLAGE) KURNOOL(MANDAL) KURNOOL(DIST),518001,hmgghsking[at]gmail[dot]com,https://kys.udiseplus.gov.in/#/schooldetail/4698146/12,4698146,21/12/2025 16:51,2725
******01003 Operational,,GOVT HS HULEBEEDU,,,,Andhra Pradesh,7-Upper Pr. and Secondary,10-State Govt.,6 To 10,3-Co-educational,1-Rural,Alur,Hulebeedu,,,HULEBEEDU HULEBEEDU HULEBEEDU(VILLAGE) ALUR(MANDAL) KURNOOL(DIST),518395,ghshulebeedu[at]gmail[dot]com,https://kys.udiseplus.gov.in/#/schooldetail/4699807/12,4699807,22/12/2025 12:55,2725
******01303 Operational,,GOVT.HS LODDIPALLE,,,,Andhra Pradesh,7-Upper Pr. and Secondary,10-State Govt.,6 To 10,3-Co-educational,1-Rural,Orvakal,Loddipalle,,,LODDIPALLE LODDIPALLE LODDIPALLE(VILLAGE) ORVAKAL(MANDAL) KURNOOL(DIST),518002,hm.ghs.loddipalli[at]gmail[dot]com,https://kys.udiseplus.gov.in/#/schooldetail/4698843/12,4698843,20/06/2025 16:54,2725
******91179 Operational,,GOVT.HS NEAR WELCOM HOTEL KURNOOL,,,,Andhra Pradesh,7-Upper Pr. and Secondary,10-State Govt.,6 To 10,3-Co-educational,2-Urban,NA,,Kurnool Ward No. 2,Kurnool-Municipal Corporations,1st WARD WELCOME HOTEL KURNOOL KURNOOL (MCORP)-2(VILLAGE) KURNOOL(MANDAL) KURNOOL(DIST),518001,ghsubknl[at]gmail[dot]com,https://kys.udiseplus.gov.in/#/schooldetail/4698145/12,4698145,21/12/2025 16:46,2725
******00727 Operational,,GOVT.HS PATHIKONDA,,,,Andhra Pradesh,7-Upper Pr. and Secondary,10-State Govt.,6 To 10,3-Co-educational,1-Rural,Pattikonda,Pattikonda,,,GOOTY ROAD PATTIKONDA PATHIKONDA PATTIKONDA(VILLAGE) PATHIKONDA(MANDAL) KURNOOL(DIST),518380,hm.ghs.pattikonda[at]gmail[dot]com,https://kys.udiseplus.gov.in/#/schooldetail/4701868/12,4701868,15/10/2020 12:18,2725
******91057 Operational,,GOVT.HS YEMMIGANUR,,,,Andhra Pradesh,7-Upper Pr. and Secondary,10-State Govt.,6 To 10,3-Co-educational,2-Urban,NA,,Yemmiganur (M) - Ward No.1,Yemmiganur-Municipality,OPP PARK ROAD YEMMIGANUR YEMMIGANUR(M)(VILLAGE) YEMMIGANUR(MANDAL) KURNOOL(DIST),518360,govt.highschoolygr[at]gmail[dot]com,https://kys.udiseplus.gov.in/#/schooldetail/4699388/12,4699388,20/06/2025 16:57,2725
******91421 Operational,,GOVT JR.COLLEGE(MINORITIES)KURNOOL,,,,Andhra Pradesh,11-Higher Secondary only/Jr. College,10-State Govt.,11 To 12,3-Co-educational,2-Urban,NA,,Kurnool Ward No. 2,Kurnool-Municipal Corporations,NEAR GADIYARAM HOSPITAL,518001,gjcmkurnool[at]gmail[dot]com,https://kys.udiseplus.gov.in/#/schooldetail/4698277/12,4698277,21/12/2025 16:34,2725
******00916 Operational,,GOVT JUNIOR COLLEGE NAGALADINNE,,,,Andhra Pradesh,11-Higher Secondary only/Jr. College,10-State Govt.,11 To 12,3-Co-educational,1-Rural,Nandavaram,Nagaladinne,,,NAGALADINNE VILLAGE NANDAVARAM MANDAL KURNOOL DT AP,518343,principal.gjc.nagaladinne[at]gmail[dot]com,https://kys.udiseplus.gov.in/#/schooldetail/4717295/12,4717295,19/12/2025 16:45,2725
******90102 Operational,,GOVT.PS 1ST WARD ADONI,,,,Andhra Pradesh,1-Primary,10-State Govt.,1 To 5,3-Co-educational,2-Urban,NA,,Adoni (M) - Ward No.2,Adoni-Municipality,ADONI (M) ( ARUNJYOTHI NAGAR 1st WARD ADONI (M)(VILLAGE) ADONI(MANDAL) KURNOOL(DIST),518301,daddanalajambulaiah[at]gmail[dot]com,https://kys.udiseplus.gov.in/#/schooldetail/4699574/12,4699574,15/10/2020 12:18,2725
******00102 Operational,,GOVT.PS BEERAPPA COLLONY ADONI,,,,Andhra Pradesh,1-Primary,10-State Govt.,1 To 5,3-Co-educational,2-Urban,NA,,Adoni (M) - Ward No.15,Adoni-Municipality,BEERAPPA COLLONY ADONI HANAVALU(VILLAGE) ADONI(MANDAL) KURNOOL(DIST),518301,,https://kys.udiseplus.gov.in/#/schooldetail/4699454/12,4699454,22/12/2025 12:08,2725
******90101 Operational,,GOVT.PS BHARPET ADONI,,,,Andhra Pradesh,1-Primary,10-State Govt.,1 To 5,3-Co-educational,2-Urban,NA,,Adoni (M) - Ward No.2,Adoni-Municipality,ADONI (M) ( BHARPET 1st WARD ADONI (M)(VILLAGE) ADONI(MANDAL) KURNOOL(DIST),518301,,https://kys.udiseplus.gov.in/#/schooldetail/4699573/12,4699573,13/01/2023 12:04,2725
******90107 Operational,,GOVT.PS BUDDEKAL ADONI,,,,Andhra Pradesh,1-Primary,10-State Govt.,1 To 5,3-Co-educational,2-Urban,NA,,Adoni (M) - Ward No.11,Adoni-Municipality,BUDDEKAL ADONI ADONI (M)(VILLAGE) ADONI(MANDAL) KURNOOL(DIST),518301,meo.adoni[at]gmail[dot]com,https://kys.udiseplus.gov.in/#/schooldetail/4699579/12,4699579,13/01/2023 11:36,2725
******90509 Operational,,GOVT.PS BUDHAWAR PETA,,,,Andhra Pradesh,1-Primary,10-State Govt.,1 To 5,3-Co-educational,2-Urban,NA,,Kurnool Ward No. 15,Kurnool-Municipal Corporations,"BUDHWAR PETA 15th WARD KURNOOL (MCORP)(VILLAGE), KURNOOL (URBAN MANDAL), KURNOOL(DIST)",518002,hazeesubhahani[at]gmail[dot]com,https://kys.udiseplus.gov.in/#/schooldetail/4698035/12,4698035,21/12/2025 16:57,2725
******02302 Operational,,GOVT.PS DINNEDEVARAPADU,,,,Andhra Pradesh,1-Primary,10-State Govt.,1 To 5,3-Co-educational,1-Rural,Kurnool,Dinnadevarapadu (Og),,,DINNEDEVARAPADU DINNEDEVARAPADU DINNEDEVARAPADU(VILLAGE) KURNOOL(MANDAL) KURNOOL(DIST),518002,govtpsddpadu[at]gmail[dot]com,https://kys.udiseplus.gov.in/#/schooldetail/4697985/12,4697985,27/12/2025 12:56,2725
******90108 Operational,,GOVT.PS HANUMAN NAGAR ADONI,,,,Andhra Pradesh,1-Primary,10-State Govt.,1 To 5,3-Co-educational,2-Urban,NA,,Adoni (M) - Ward No.5,Adoni-Municipality,HANUMAN NAGAR ADONI ADONI (M)(VILLAGE) ADONI(MANDAL) KURNOOL(DIST),518301,,https://kys.udiseplus.gov.in/#/schooldetail/4699580/12,4699580,13/01/2023 12:10,2725
******01002 Operational,,GOVT.PS HULEBEEDU,,,,Andhra Pradesh,1-Primary,11-State Govt.(DNT),1 To 5,3-Co-educational,1-Rural,Alur,Hulebeedu,,,HULEBEEDU HULEBEEDU HULEBEEDU(VILLAGE) ALUR(MANDAL) KURNOOL(DIST),518395,govtdntpshulebeedu[at]gmail[dot]com,https://kys.udiseplus.gov.in/#/schooldetail/4699806/12,4699806,22/12/2025 12:55,2725
******90103 Operational,,GOVT.PS INDIRA NAGAR ADONI,,,,Andhra Pradesh,1-Primary,10-State Govt.,1 To 5,3-Co-educational,2-Urban,NA,,Adoni (M) - Ward No.21,Adoni-Municipality,INDIRA NAGAR ADONI ADONI (M)(VILLAGE) ADONI(MANDAL) KURNOOL(DIST),518301,,https://kys.udiseplus.gov.in/#/schooldetail/4699575/12,4699575,15/10/2020 12:18,2725
******90109 Operational,,GOVT.PS KILCHEN PETA ADONI,,,,Andhra Pradesh,1-Primary,10-State Govt.,1 To 5,3-Co-educational,2-Urban,NA,,Adoni (M) - Ward No.5,Adoni-Municipality,KILCHEN PETA ADONI ADONI (M)(VILLAGE) ADONI(MANDAL) KURNOOL(DIST),518301,damodarmmandigiri[at]gmail[dot]com,https://kys.udiseplus.gov.in/#/schooldetail/4699581/12,4699581,11/03/2024 17:16,2725
******90105 Operational,,GOVT.PS KRANTHI NAGAR ADONI,,,,Andhra Pradesh,1-Primary,10-State Govt.,1 To 5,3-Co-educational,2-Urban,NA,,Adoni (M) - Ward No.17,Adoni-Municipality,ADONI (M) ( KRANTHI NAGAR ADONI (M)(VILLAGE) ADONI(MANDAL) KURNOOL(DIST),518301,govt.ps.kranthinagar[at]gmail[dot]com,https://kys.udiseplus.gov.in/#/schooldetail/4699577/12,4699577,11/03/2024 17:15,2725
******90106 Operational,,GOVT.PS MAHATMA GANDHI NAGAR ADONI,,,,Andhra Pradesh,1-Primary,10-State Govt.,1 To 5,3-Co-educational,2-Urban,NA,,Adoni (M) - Ward No.21,Adoni-Municipality,SIVASANKAR NAGAR ADONI ADONI (M)(VILLAGE) ADONI(MANDAL) KURNOOL(DIST),518301,,https://kys.udiseplus.gov.in/#/schooldetail/4699578/12,4699578,29/12/2022 16:15,2725
******00602 Closed,Closed,GOVT.PS M.M.THANDA,,,,Andhra Pradesh,1-Primary,10-State Govt.,1 To 5,3-Co-educational,1-Rural,Pattikonda,Chakkaralla,,,MARRI MANU THANDA MARRI MANU THANDA CHAKKARALLA(VILLAGE) PATHIKONDA(MANDAL) KURNOOL(DIST),518380,neelsom45[at]gmail[dot]com,https://kys.udiseplus.gov.in/#/schooldetail/4713618/12,4713618,31/01/2023 16:21,2725
******00302 Operational,,GOVT.PS MUSANAHALLI,,,,Andhra Pradesh,1-Primary,11-State Govt.(DNT),1 To 5,3-Co-educational,1-Rural,Alur,Musanahalli,,,MUSANAHALLI MUSANAHALLI MUSANAHALLI(VILLAGE) ALUR(MANDAL) KURNOOL(DIST),518302,dntpsgovt[at]gmail[dot]com,https://kys.udiseplus.gov.in/#/schooldetail/4699797/12,4699797,22/12/2025 12:37,2725
******00469 Operational,,GOVT PS RAJEEVGRUHAKALPA KALLUR,,,,Andhra Pradesh,1-Primary,10-State Govt.,1 To 5,3-Co-educational,2-Urban,NA,,Kurnool Ward No. 36,Kurnool-Municipal Corporations,RAJIV GRUHAKALPA RAJIV GRUHAKALPA KALLUR(VILLAGE) KALLUR(MANDAL) KURNOOL(DIST),518002,,https://kys.udiseplus.gov.in/#/schooldetail/4698896/12,4698896,21/12/2025 12:38,2725
******90110 Operational,,GOVT.PS RR COLONY ADONI,,,,Andhra Pradesh,1-Primary,10-State Govt.,1 To 5,3-Co-educational,2-Urban,NA,,Adoni (M) - Ward No.17,Adoni-Municipality,R R COLONY SANKAR NAGAR ADONI (M)(VILLAGE) ADONI(MANDAL) KURNOOL(DIST),518301,aruna.vallapureddy2[at]gmail[dot]com,https://kys.udiseplus.gov.in/#/schooldetail/4699582/12,4699582,13/01/2023 11:36,2725
******90162 Operational,,GOVTPS SANKAR NAGAR,,,,Andhra Pradesh,1-Primary,10-State Govt.,1 To 5,3-Co-educational,2-Urban,NA,,Adoni (M) - Ward No.17,Adoni-Municipality,SANKAR NAGAR ADONI ADONI (M)(VILLAGE) ADONI(MANDAL) KURNOOL(DIST),518301,,https://kys.udiseplus.gov.in/#/schooldetail/4699631/12,4699631,13/01/2023 12:10,2725
******90111 Operational,,GOVT.PS SIVSANKAR NAGAR,,,,Andhra Pradesh,1-Primary,10-State Govt.,1 To 5,3-Co-educational,2-Urban,NA,,Adoni (M) - Ward No.21,Adoni-Municipality,SIVSANKAR NAGAR ADONI ADONI (M)(VILLAGE) ADONI(MANDAL) KURNOOL(DIST),518301,venkygovtpsadoni[at]gmail[dot]com,https://kys.udiseplus.gov.in/#/schooldetail/4699583/12,4699583,14/12/2023 12:47,2725
******90501 Operational,,GOVT.PS(U) BANGLE STREET,,,,Andhra Pradesh,1-Primary,10-State Govt.,1 To 2,3-Co-educational,2-Urban,NA,,Kurnool Ward No. 9,Kurnool-Municipal Corporations,BENGALE STREET KURNOOL KURNOOL (MCORP)(VILLAGE) KURNOOL(MANDAL) KURNOOL(DIST),518001,,https://kys.udiseplus.gov.in/#/schooldetail/4698021/12,4698021,21/12/2025 17:00,2725
******90508 Operational,,GOVT.PS(U) BUDHAWAR PETA,,,,Andhra Pradesh,1-Primary,10-State Govt.,1 To 5,3-Co-educational,2-Urban,NA,,Kurnool Ward No. 14,Kurnool-Municipal Corporations,BUDHWAR PET KURNOOL KURNOOL (MCORP)(VILLAGE) KURNOOL(MANDAL) KURNOOL(DIST),518001,,https://kys.udiseplus.gov.in/#/schooldetail/4698034/12,4698034,21/12/2025 17:03,2725
******90503 Operational,,GOVT.PS(U) CHITARI STREET,,,,Andhra Pradesh,1-Primary,10-State Govt.,1 To 5,3-Co-educational,2-Urban,NA,,Kurnool Ward No. 4,Kurnool-Municipal Corporations,CHITLARI STREET KURNOOL KURNOOL (MCORP)(VILLAGE) KURNOOL(MANDAL) KURNOOL(DIST),518001,kowsarbegum6[at]gmail[dot]com,https://kys.udiseplus.gov.in/#/schooldetail/4698023/12,4698023,21/12/2025 17:18,2725
******90510 Closed,Closed,GOVT.PS(U) DANADGERI,,,,Andhra Pradesh,1-Primary,10-State Govt.,1 To 5,3-Co-educational,2-Urban,NA,,Kurnool Ward No. 8,Kurnool-Municipal Corporations,16th WARD DANDEGERI KURNOOL KURNOOL (MCORP)(VILLAGE) KURNOOL(MANDAL) KURNOOL(DIST),518001,,https://kys.udiseplus.gov.in/#/schooldetail/4698036/12,4698036,25/10/2024 19:43,2725
******90502 Operational,,GOVT.PS(U) GAREEB NAGAR,,,,Andhra Pradesh,1-Primary,10-State Govt.,1 To 5,3-Co-educational,2-Urban,NA,,Kurnool Ward No. 8,Kurnool-Municipal Corporations,GAREEB NAGAR KURNOOL KURNOOL (MCORP)(VILLAGE) KURNOOL(MANDAL) KURNOOL(DIST),518001,govtpsgareebnagar[at]gmail[dot]com,https://kys.udiseplus.gov.in/#/schooldetail/4698022/12,4698022,05/01/2026 15:36,2725
******90505 Operational,,GOVT.PS(U) KANDERI,,,,Andhra Pradesh,1-Primary,10-State Govt.,1 To 2,3-Co-educational,2-Urban,NA,,Kurnool Ward No. 1,Kurnool-Municipal Corporations,KANDERI KURNOOL KURNOOL (MCORP)(VILLAGE) KURNOOL(MANDAL) KURNOOL(DIST),518001,meo.kurnoolurban55[at]gmail[dot]com,https://kys.udiseplus.gov.in/#/schooldetail/4698031/12,4698031,13/11/2025 12:44,2725
******90507 Operational,,GOVT.PS(U) KAPPAL NAGAR,,,,Andhra Pradesh,1-Primary,10-State Govt.,1 To 5,3-Co-educational,2-Urban,NA,,Kurnool Ward No. 45,Kurnool-Municipal Corporations,44th WARD KAPPAL NAGAR KURNOOL KURNOOL (MCORP)(VILLAGE) KURNOOL(MANDAL) KURNOOL(DIST),518003,bashrafunnisa72[at]gmail[dot]com,https://kys.udiseplus.gov.in/#/schooldetail/4698033/12,4698033,25/10/2024 19:43,2725
******90504 Operational,,"GOVT.PS(U), NEAR INDOOR STADIUM, KNL",,,,Andhra Pradesh,1-Primary,10-State Govt.,1 To 5,3-Co-educational,2-Urban,NA,,Kurnool Ward No. 13,Kurnool-Municipal Corporations,KURNOOL (M.CORP) KURNOOL KURNOOL (MCORP)(VILLAGE) KURNOOL(MANDAL) KURNOOL(DIST),518001,,https://kys.udiseplus.gov.in/#/schooldetail/4698030/12,4698030,05/01/2026 15:55,2725
******90506 Operational,,GOVT.PS(U) ROZA STREET,,,,Andhra Pradesh,1-Primary,10-State Govt.,1 To 5,3-Co-educational,2-Urban,NA,,Kurnool Ward No. 47,Kurnool-Municipal Corporations,37th WARD ROZA STREET KURNOOL KURNOOL (MCORP)(VILLAGE) KURNOOL(MANDAL) KURNOOL(DIST),518002,sabihabegum678[at]gmail[dot]com,https://kys.udiseplus.gov.in/#/schooldetail/4698032/12,4698032,25/10/2024 19:43,2725
******90533 Permanently Closed,,GOVT ST ASHRAM HIGH SCHOOL B.CAMPKURNOOL,,,,Andhra Pradesh,6-Pr. Up Pr. and Secondary Only,29-TW DEPT. ASHRAM SCHOOLS,1 To 10,2-Girls,9-NA,NA,,,,NA,518002,,https://kys.udiseplus.gov.in/#/schooldetail/4717392/12,4717392,15/10/2020 12:18,2725
******00706 Operational,,GOVT.ST ASHRAM HS RATANA,,,,Andhra Pradesh,6-Pr. Up Pr. and Secondary Only,29-TW DEPT. ASHRAM SCHOOLS,1 To 10,2-Girls,1-Rural,Tuggali,Tuggali,,,RATANA TUGGALI TUGGALI(VILLAGE) TUGGALI(MANDAL) KURNOOL(DIST),518390,tuggalimrc2021[at]gmail[dot]com,https://kys.udiseplus.gov.in/#/schooldetail/4701778/12,4701778,25/05/2022 13:39,2725
******01207 Operational,,GOVT.(ST)PS BATA THANDA,,,,Andhra Pradesh,1-Primary,10-State Govt.,1 To 5,3-Co-educational,1-Rural,Tuggali,Gooty Erragudi,,,BATA THANDA BATA THANDA GOOTY ERRAGUDI(VILLAGE) TUGGALI(MANDAL) KURNOOL(DIST),518390,P.jagadisred[at]gmail[dot]com,https://kys.udiseplus.gov.in/#/schooldetail/4701822/12,4701822,15/10/2020 12:18,2725
******91175 Operational,,Govt.TOWN MODEL H.S NEAR CONTROL ROOM KURNOOL,,,,Andhra Pradesh,7-Upper Pr. and Secondary,10-State Govt.,6 To 10,3-Co-educational,2-Urban,NA,,Kurnool Ward No. 50,Kurnool-Municipal Corporations,39th WARD NEAR CONTROL ROOM KURNOOL KURNOOL (MCORP)-2(VILLAGE) KURNOOL(MANDAL) KURNOOL(DIST),518001,gtmhsknl123[at]gmail[dot]com,https://kys.udiseplus.gov.in/#/schooldetail/4698141/12,4698141,25/10/2024 19:43,2725
******01422 Operational,,GOVT.TW.ASHRAM HS(BOYS) ALUR,,,,Andhra Pradesh,6-Pr. Up Pr. and Secondary Only,29-TW DEPT. ASHRAM SCHOOLS,3 To 10,1-Boys,1-Rural,Alur,Alur,,,GOVT ST ASHRAM HIGH SCHOOL HATTIBELAGAL ROAD ALUR KURNOOL DISTRICT AP,518395,twalur[at]gmail[dot]com,https://kys.udiseplus.gov.in/#/schooldetail/4699831/12,4699831,22/12/2025 13:03,2725
******91472 Operational,,GOVT (TW) ASHRAM SCHOOL FOR BOYS BCAMP KNL,,,,Andhra Pradesh,6-Pr. Up Pr. and Secondary Only,29-TW DEPT. ASHRAM SCHOOLS,3 To 10,1-Boys,2-Urban,NA,,Kurnool Ward No. 23,Kurnool-Municipal Corporations,"B CAMP, KURNOOL DISTRICT",518002,stashramknl[at]gmail[dot]com,https://kys.udiseplus.gov.in/#/schooldetail/4698320/12,4698320,21/12/2025 16:31,2725
******90104 Operational,,GPS YERUKULA COLONY INDIRA NAGAR ADONI,,,,Andhra Pradesh,1-Primary,10-State Govt.,1 To 5,3-Co-educational,2-Urban,NA,,Adoni (M) - Ward No.21,Adoni-Municipality,YERUKULA COLONY,518301,lakshminetra99[at]gmail[dot]com,https://kys.udiseplus.gov.in/#/schooldetail/4699576/12,4699576,15/10/2020 12:18,2725
******901/4 Permanently Closed,,GPS YERUKULA COLONY INDIRA NAGAR ADONI ADONI (M) (PS)-1,,,,Andhra Pradesh,1-Primary,10-State Govt.,1 To 5,3-Co-educational,2-Urban,NA,,Adoni (M) - Ward No.21,Adoni-Municipality,NA,518301,,https://kys.udiseplus.gov.in/#/schooldetail/4717416/12,4717416,15/10/2020 12:18,2725
******01008 Permanently Closed,,G PULLA REDDY MEMO JR COLLEGE(INCENT),,,,Andhra Pradesh,11-Higher Secondary only/Jr. College,38-Pvt.Unaided,11 To 12,3-Co-educational,1-Rural,Krishnagiri,Kambalapadu,,,NA,518225,,https://kys.udiseplus.gov.in/#/schooldetail/4717426/12,4717426,15/10/2020 12:18,2725
******00507 Closed,Closed,G PULLA REDDY MEMORIAL JUNIOR COLLEGE KRISHNAGIRI,,,,Andhra Pradesh,11-Higher Secondary only/Jr. College,38-Pvt.Unaided,11 To 12,3-Co-educational,1-Rural,Krishnagiri,Krishnagiri,,,KRISHNAGIRI,518225,gprjcknl1[at]gmail[dot]com,https://kys.udiseplus.gov.in/#/schooldetail/4719597/12,4719597,06/08/2024 22:11,2725
******00266 Operational,,GREEN LAND EM URDU ARABIC UP SCHOOL YEMMIGANUR,,,,Andhra Pradesh,2-Primary with Upper Primary,38-Pvt.Unaided,1 To 7,3-Co-educational,2-Urban,NA,,Yemmiganur (M) - Ward No.16,Yemmiganur-Municipality,COURT ROAD,518360,azharuddin.kmd[at]gmail[dot]com,https://kys.udiseplus.gov.in/#/schooldetail/4699266/12,4699266,21/04/2023 15:31,2725
******00502 Operational,,GSNR VIDYA NIKETAN,,,,Andhra Pradesh,7-Upper Pr. and Secondary,38-Pvt.Unaided,6 To 10,3-Co-educational,2-Urban,NA,,Kurnool Ward No. 28,Kurnool-Municipal Corporations,SHIVAJI NAGAR PANDIPADU PANDIPADU(VILLAGE) KALLUR(MANDAL) KURNOOL(DIST),518003,darurindira[at]gmail[dot]com,https://kys.udiseplus.gov.in/#/schooldetail/4698919/12,4698919,22/12/2025 10:45,2725
******00503 Operational,,G.S.N.R VIDYA NIKETHAN,,,,Andhra Pradesh,1-Primary,38-Pvt.Unaided,1 To 5,3-Co-educational,2-Urban,NA,,Kurnool Ward No. 28,Kurnool-Municipal Corporations,SHIVAJI NAGAR PANDIPADU VILLAGE KURNOOL-518003,518003,-darurindira[at]gmail[dot]com,https://kys.udiseplus.gov.in/#/schooldetail/4698920/12,4698920,22/12/2025 10:45,2725
******00816 Operational,,GSR EM HIGH SCHOOL MANDIGIRI ADONI,,,,Andhra Pradesh,6-Pr. Up Pr. and Secondary Only,38-Pvt.Unaided,1 To 10,3-Co-educational,1-Rural,Adoni,Mandagiri (Rural),,,"2-107, Shilpa Sowbhagya Nagar, Sadapuram(V), Adoni(M)",518302,,https://kys.udiseplus.gov.in/#/schooldetail/4721250/12,4721250,19/06/2025 13:32,2725
******01902 Closed,Closed,"GURUKULA EM UP SCHOOL, SULUVOY",,,,Andhra Pradesh,2-Primary with Upper Primary,38-Pvt.Unaided,1 To 7,3-Co-educational,1-Rural,Holagunda,Suluvoy,,,alur road suluvoy,518346,kviresh7683[at]gmail[dot]com,https://kys.udiseplus.gov.in/#/schooldetail/4699787/12,4699787,22/07/2024 13:16,2725
******90580 Operational,,"GURUKUL EM UPS, SANTHI NAGAR, AMMA HOSPITAL LINE, KURNOOL",,,,Andhra Pradesh,6-Pr. Up Pr. and Secondary Only,38-Pvt.Unaided,1 To 10,3-Co-educational,2-Urban,NA,,Kurnool Ward No. 19,Kurnool-Municipal Corporations,amma hospital line Kallur,518002,gurukulkurnool[at]gmail[dot]com,https://kys.udiseplus.gov.in/#/schooldetail/4699077/12,4699077,23/12/2025 20:49,2725
******00323 Operational,,GVRZPHS KODUMUR,,,,Andhra Pradesh,7-Upper Pr. and Secondary,33-MPP_ZPP SCHOOLS,6 To 10,3-Co-educational,1-Rural,Kodumur,Kodumur,,,KODUMUR KODUMUR KODUMUR(VILLAGE) KODUMUR(MANDAL) KURNOOL(DIST),518464,apknlzphskodumur[at]gmail[dot]com,https://kys.udiseplus.gov.in/#/schooldetail/4699115/12,4699115,19/06/2025 18:52,2725
******00406 Operational,,HAJI MALANG BABA EM TM UP SCHOOL,,,,Andhra Pradesh,2-Primary with Upper Primary,38-Pvt.Unaided,1 To 7,3-Co-educational,1-Rural,Chippagiri,Nemakal,,,NEMAKAL VILLAGE CHIPPAGIRI MANDAL KURNOOL DISTRICT,518396,babacmschool[at]gmail[dot]com,https://kys.udiseplus.gov.in/#/schooldetail/4701949/12,4701949,21/04/2023 15:31,2725
******91492 Operational,,HALEEMA EM UP SCHOOL CHITTARI STREET KURNOOL,,,,Andhra Pradesh,2-Primary with Upper Primary,38-Pvt.Unaided,1 To 7,3-Co-educational,2-Urban,NA,,Kurnool Ward No. 8,Kurnool-Municipal Corporations,CHITTARI STREET,518001,meo.kurnool[at]gmail[dot]com,https://kys.udiseplus.gov.in/#/schooldetail/4719540/12,4719540,25/10/2024 19:43,2725
******90572 Permanently Closed,,HARIZANASEVA EDU COMM AIDED PS 33RD WARD INDIRA GANDHI NAGAR,,,,Andhra Pradesh,1-Primary,35-Pvt.Aided,1 To 5,3-Co-educational,9-NA,NA,,,,NA,518002,,https://kys.udiseplus.gov.in/#/schooldetail/4698085/12,4698085,25/10/2024 19:43,2725
******90117 Operational,,HASHIMIYA (U) MUNICIPAL HIGH SCHOOL ADONI,,,,Andhra Pradesh,7-Upper Pr. and Secondary,34-MUNCIPAL,6 To 10,3-Co-educational,2-Urban,NA,,Adoni (M) - Ward No.6,Adoni-Municipality,KAMELA AREA ADONI ADONI (M)(VILLAGE) ADONI(MANDAL) KURNOOL(DIST),518301,noorbasha786[at]gmail[dot]com,https://kys.udiseplus.gov.in/#/schooldetail/4699589/12,4699589,07/08/2025 09:51,2725
******90168 Operational,,HASHIMIYA (U) MUNICIPAL PRIMARY SCHOOL ADONI,,,,Andhra Pradesh,1-Primary,34-MUNCIPAL,1 To 5,3-Co-educational,2-Urban,NA,,Adoni (M) - Ward No.23,Adoni-Municipality,2nd WARD BMS ROAD ADONI ADONI (M)(VILLAGE) ADONI(MANDAL) KURNOOL(DIST),518301,noorbasha786[at]gmail[dot]com,https://kys.udiseplus.gov.in/#/schooldetail/4699637/12,4699637,18/08/2025 16:59,2725
******90170 Operational,,HAVANNAPET MPL PS ADONI,,,,Andhra Pradesh,1-Primary,34-MUNCIPAL,1 To 5,3-Co-educational,2-Urban,NA,,Adoni (M) - Ward No.25,Adoni-Municipality,HAVANNAPETA ADONI ADONI (M)(VILLAGE) ADONI(MANDAL) KURNOOL(DIST),518301,Kuruvalakshmidevi[at]gmail[dot]com,https://kys.udiseplus.gov.in/#/schooldetail/4699639/12,4699639,15/10/2020 12:18,2725
******00932 Operational,,HAZARATH DHOOLSHA PAHELWAN EM UP SCHOOL KARVANPET ADONI,,,,Andhra Pradesh,2-Primary with Upper Primary,38-Pvt.Unaided,1 To 7,3-Co-educational,2-Urban,NA,,Adoni (M) - Ward No.23,Adoni-Municipality,"22/94, Kavanpet street, Adoni",518301,hazarathdhoolschool[at]gmail[dot]com,https://kys.udiseplus.gov.in/#/schooldetail/4721344/12,4721344,05/02/2024 15:52,2725
******01840 Operational,,"HEMASRI UP EM SCHOOL, KOSIGI",,,,Andhra Pradesh,2-Primary with Upper Primary,38-Pvt.Unaided,1 To 7,3-Co-educational,1-Rural,Kosigi,Kosigi,,,"DURGA NAGAR, NEAR OLD SRI RAMA TAKIES KOSIGI",518313,veerareddy443[at]gmail[dot]com,,,22/12/2025 15:16,2725
******02826 Operational,,HERA EM UPS NEAR KGN FUNCTION HALL MANDAGEGIRI ADONI,,,,Andhra Pradesh,2-Primary with Upper Primary,38-Pvt.Unaided,1 To 7,3-Co-educational,1-Rural,Adoni,Mandagiri (Rural),,,mandagiri 17,518301,msdikshaderrzvi[at]gmail[dot]com,https://kys.udiseplus.gov.in/#/schooldetail/4719590/12,4719590,21/04/2023 15:31,2725
******01021 Operational,,"HERLADS EDUCATIONAL INSTITUTIONS, DINNEDEVARAPADU",,,,Andhra Pradesh,2-Primary with Upper Primary,38-Pvt.Unaided,1 To 7,3-Co-educational,1-Rural,Kurnool,Dinnadevarapadu (Og),,,"DINNEDEVARAPADU, KURNOOL",518002,,https://kys.udiseplus.gov.in/#/schooldetail/4721440/12,4721440,29/12/2025 12:10,2725
******03910 Permanently Closed,,HITECH MILTON TALENT SCHO,,,,Andhra Pradesh,1-Primary,38-Pvt.Unaided,1 To 5,3-Co-educational,1-Rural,Adoni,Mandagiri (Rural),,,NA,518301,,https://kys.udiseplus.gov.in/#/schooldetail/4717414/12,4717414,15/10/2020 12:18,2725
******90588 Operational,,H.M.G CERESCENT ENG SCHOOL 42ND WARD KURNOOL,,,,Andhra Pradesh,1-Primary,38-Pvt.Unaided,1 To 5,3-Co-educational,2-Urban,NA,,Kurnool Ward No. 51,Kurnool-Municipal Corporations,42nd WARD BESIDE 2 TOWN PS KURNOOL KURNOOL (MCORP)(VILLAGE) KURNOOL(MANDAL) KURNOOL(DIST),518004,crescentschoolknl[at]gmail[dot]com,https://kys.udiseplus.gov.in/#/schooldetail/4698095/12,4698095,25/10/2024 19:43,2725
******91209 Operational,,"HMG.CRESCENT EM HS,39TH WARD, NEAR II TOWN POLICE STATION",,,,Andhra Pradesh,7-Upper Pr. and Secondary,38-Pvt.Unaided,6 To 10,3-Co-educational,2-Urban,NA,,Kurnool Ward No. 51,Kurnool-Municipal Corporations,39th WARD BESIDE II TOWN P S KURNOOL KURNOOL (MCORP)-3(VILLAGE) KURNOOL(MANDAL) KURNOOL(DIST),518004,crescentschoolknl[at]gmail[dot]com,https://kys.udiseplus.gov.in/#/schooldetail/4698170/12,4698170,25/10/2024 19:43,2725
******00025 Closed,Closed,HORIZONS UP SCHOOL JAMPALA GARDENS KALLUR,,,,Andhra Pradesh,2-Primary with Upper Primary,38-Pvt.Unaided,1 To 7,3-Co-educational,2-Urban,NA,,Kurnool Ward No. 19,Kurnool-Municipal Corporations,"JAMPALA GARDENS,GANESH NAGAR",518002,,https://kys.udiseplus.gov.in/#/schooldetail/4720421/12,4720421,01/11/2024 13:45,2725
******90564 Operational,,HSS AIDEDPS FORT,,,,Andhra Pradesh,1-Primary,35-Pvt.Aided,1 To 5,3-Co-educational,2-Urban,NA,,Kurnool Ward No. 1,Kurnool-Municipal Corporations,1st WARD FORT KURNOOL KURNOOL (MCORP)(VILLAGE) KURNOOL(MANDAL) KURNOOL(DIST),518001,eunicereddepogu[at]gmail[dot]com,https://kys.udiseplus.gov.in/#/schooldetail/4696989/12,4696989,25/10/2024 19:43,2725
******91369 Operational,,HUDA EM UPSBUDDEKAL STREET ADN,,,,Andhra Pradesh,2-Primary with Upper Primary,38-Pvt.Unaided,1 To 7,3-Co-educational,2-Urban,NA,,Adoni (M) - Ward No.14,Adoni-Municipality,KHAZIPUR STREET ADONI,518301,meo.adoni[at]gmail[dot]com,https://kys.udiseplus.gov.in/#/schooldetail/4699723/12,4699723,16/06/2023 15:21,2725
******00035 Operational,,HUDSON GLOBAL EM UPS K NAGALAPURAM,,,,Andhra Pradesh,2-Primary with Upper Primary,38-Pvt.Unaided,1 To 7,3-Co-educational,1-Rural,Yemmiganur,Kalugotla,,,K NAGALAPURAM(V)YEMMIGANUR(M) KURNOOL DISTRICT,518360,vr4jesus.shalem[at]gail[dot]com,https://kys.udiseplus.gov.in/#/schooldetail/4720445/12,4720445,16/06/2023 15:21,2725
******90591 Operational,,HYDERABAD EM SCHOOL NEAR RICHMOND HOMES,,,,Andhra Pradesh,1-Primary,38-Pvt.Unaided,1 To 5,3-Co-educational,2-Urban,NA,,Kurnool Ward No. 36,Kurnool-Municipal Corporations,76/97-439-h-p-s SNA Nagar Near Richmond Homes Bellary Road Kallur Kurnool,518003,hyderabademschool[at]gmail[dot]com,https://kys.udiseplus.gov.in/#/schooldetail/4719573/12,4719573,23/12/2025 20:46,2725
******00379 Operational,,HYDERABAD ENGLISH MEDIUM SCHOOL KALLUR,,,,Andhra Pradesh,7-Upper Pr. and Secondary,38-Pvt.Unaided,6 To 10,3-Co-educational,2-Urban,NA,,Kurnool Ward No. 36,Kurnool-Municipal Corporations,"76/97-439-h-p-s SNA NAGAR NEAR RICHMOND HOMES, BELLARY ROAD KALLUR,KURNOOL",518003,hyderabademschool[at]gmail[dot]com,https://kys.udiseplus.gov.in/#/schooldetail/4720793/12,4720793,23/12/2025 20:14,2725
******91217 Operational,,IDEAL E.M H.S OSMANIA COLLEGE KURNOOL,,,,Andhra Pradesh,7-Upper Pr. and Secondary,38-Pvt.Unaided,6 To 10,3-Co-educational,2-Urban,NA,,Kurnool Ward No. 8,Kurnool-Municipal Corporations,9th WARD OSMANIA COLLEGE ROAD KURNOOL KURNOOL (MCORP)-3(VILLAGE) KURNOOL(MANDAL) KURNOOL(DIST),518001,ideals24[at]gmail[dot]com,https://kys.udiseplus.gov.in/#/schooldetail/4698177/12,4698177,25/10/2024 19:43,2725
******90593 Operational,,IDEAL ENGLISH PS OSMANIA COLLEGE ROAD KURNOOL,,,,Andhra Pradesh,1-Primary,38-Pvt.Unaided,1 To 5,3-Co-educational,2-Urban,NA,,Kurnool Ward No. 8,Kurnool-Municipal Corporations,OSMANIA COLLEGE ROAD KURNOOL KURNOOL (MCORP)(VILLAGE) KURNOOL(MANDAL) KURNOOL(DIST),518001,ideals24[at]gmail[dot]com,https://kys.udiseplus.gov.in/#/schooldetail/4698101/12,4698101,25/10/2024 19:43,2725
******01017 Permanently Closed,,I INTERNATIONAL UP SCHOOL SANTOSH NAGAR KALLUR,,,,Andhra Pradesh,2-Primary with Upper Primary,38-Pvt.Unaided,1 To 7,3-Co-educational,1-Rural,Kurnool,NA,,,NA,518004,,https://kys.udiseplus.gov.in/#/schooldetail/4717304/12,4717304,25/10/2024 19:43,2725
******90560 Closed,Closed,"INDIRA GANDHI AIDED PS, 22ND WARD, BUDHWARPETA, KURNOOL",,,,Andhra Pradesh,1-Primary,35-Pvt.Aided,1 To 5,3-Co-educational,2-Urban,NA,,Kurnool Ward No. 15,Kurnool-Municipal Corporations,BUDHAWARAPETA KURNOOL (MCORP)(VILLAGE) KURNOOL(MANDAL) KURNOOL(DIST),518002,,https://kys.udiseplus.gov.in/#/schooldetail/4698082/12,4698082,25/10/2024 19:43,2725
******91184 Operational,,INDIRA GANDHI MEMO MCHS A.CAMP KURNOOL,,,,Andhra Pradesh,7-Upper Pr. and Secondary,34-MUNCIPAL,6 To 10,3-Co-educational,2-Urban,NA,,Kurnool Ward No. 16,Kurnool-Municipal Corporations,14th WARD A CAMP KURNOOL KURNOOL (MCORP)-2(VILLAGE) KURNOOL(MANDAL) KURNOOL(DIST),518002,igmmchsa[at]gmail[dot]com,https://kys.udiseplus.gov.in/#/schooldetail/4698150/12,4698150,20/06/2025 17:34,2725
******90518 Closed,Closed,INDUS E.M HIGH SCHOOLKALLUR,,,,Andhra Pradesh,7-Upper Pr. and Secondary,38-Pvt.Unaided,6 To 10,3-Co-educational,2-Urban,NA,,Kurnool Ward No. 28,Kurnool-Municipal Corporations,PANDIPADU-VI KALLUR-M KURNOOL-DT,518002,indusschool10[at]gmail[dot]com,https://kys.udiseplus.gov.in/#/schooldetail/4697996/12,4697996,05/08/2025 14:24,2725
******90517 Closed,Closed,INDUS E.M PRIMARY SCHOOLKALLUR,,,,Andhra Pradesh,1-Primary,38-Pvt.Unaided,1 To 5,3-Co-educational,2-Urban,NA,,Kurnool Ward No. 28,Kurnool-Municipal Corporations,PANDIPADU-VI KALLUR-M KURNOOL-DT,518002,indusschool10[at]gmail[dot]com,https://kys.udiseplus.gov.in/#/schooldetail/4697995/12,4697995,16/12/2023 20:37,2725
******00405 Operational,,ISLAMIA VOCATIONAL JUNIOR COLLEGE,,,,Andhra Pradesh,11-Higher Secondary only/Jr. College,38-Pvt.Unaided,11 To 12,3-Co-educational,2-Urban,NA,,Kurnool Ward No. 27,Kurnool-Municipal Corporations,"KRISHNA NAGAR , KALLUR MANDAL , KURNOOL DISTRICT",518002,chandg822[at]gmail[dot]com,https://kys.udiseplus.gov.in/#/schooldetail/4720269/12,4720269,21/12/2025 11:44,2725
******90112 Closed,Closed,I ST WARD MPLPS(,,,,Andhra Pradesh,1-Primary,34-MUNCIPAL,1 To 5,3-Co-educational,2-Urban,NA,,Adoni (M) - Ward No.26,Adoni-Municipality,KOWDYALPET ADONI ADONI (M)(VILLAGE) ADONI(MANDAL) KURNOOL(DIST),518301,jahangeerb862[at]gmail[dot]com,https://kys.udiseplus.gov.in/#/schooldetail/4699584/12,4699584,05/08/2025 14:24,2725
******91363 Operational,,JAMIA UMALQURA FOR GIRLS ADONI,,,,Andhra Pradesh,2-Primary with Upper Primary,98-Madarsa Unrecognized,1 To 7,3-Co-educational,2-Urban,NA,,Adoni (M) - Ward No.11,Adoni-Municipality,10/11 buddekal fath darwaza,518301,jamiaalquraadn2014[at]gmail[dot]com,https://kys.udiseplus.gov.in/#/schooldetail/4699717/12,4699717,29/12/2022 16:09,2725
******91480 Permanently Closed,,JAMIYA ARABIYA HAFISA LIL BANATH OPP KAMELA KNL,,,,Andhra Pradesh,2-Primary with Upper Primary,98-Madarsa Unrecognized,1 To 7,3-Co-educational,9-NA,NA,,,,NA,518001,,https://kys.udiseplus.gov.in/#/schooldetail/4717345/12,4717345,25/10/2024 19:43,2725
******91479 Closed,Closed,JAMIYA FURKANA ISLAMIA MADARASA NR PETA,,,,Andhra Pradesh,2-Primary with Upper Primary,98-Madarsa Unrecognized,1 To 7,2-Girls,2-Urban,NA,,Kurnool Ward No. 51,Kurnool-Municipal Corporations,Kothapeta,518001,jamiya[at]gmail[dot]com,https://kys.udiseplus.gov.in/#/schooldetail/4698327/12,4698327,25/10/2024 19:43,2725
******91481 Permanently Closed,,JAMIYA FURKANA ISLAMIA MADARASA ONE TOWN KNL,,,,Andhra Pradesh,2-Primary with Upper Primary,98-Madarsa Unrecognized,1 To 7,3-Co-educational,2-Urban,NA,,Kurnool Ward No. 2,Kurnool-Municipal Corporations,NA,518001,,https://kys.udiseplus.gov.in/#/schooldetail/4717346/12,4717346,25/10/2024 19:43,2725
******91133 Closed,Closed,JAMPALA GATTAIAH MEMORIAL SCHOOL BUDHAVARPETA KURNOOL,,,,Andhra Pradesh,2-Primary with Upper Primary,35-Pvt.Aided,1 To 7,3-Co-educational,2-Urban,NA,,Kurnool Ward No. 16,Kurnool-Municipal Corporations,16st WARD BUDAVARPETA KURNOOL KURNOOL (MCORP)-2(VILLAGE) KURNOOL(MANDAL) KURNOOL(DIST),518003,jgmupschoolknl[at]gmail[dot]com,https://kys.udiseplus.gov.in/#/schooldetail/4698129/12,4698129,25/10/2024 19:43,2725
******90165 Operational,,JAWAHAR EM PRIMARY SCHOOL ADONI,,,,Andhra Pradesh,1-Primary,38-Pvt.Unaided,1 To 5,3-Co-educational,2-Urban,NA,,Adoni (M) - Ward No.20,Adoni-Municipality,20th WARD H.NO.20/70 ADONI ADONI (M)(VILLAGE) ADONI(MANDAL) KURNOOL(DIST),518301,,https://kys.udiseplus.gov.in/#/schooldetail/4699634/12,4699634,22/12/2025 12:52,2725
******91310 Closed,Closed,JAWAHAR ENG HIGH SCHOOLADONI,,,,Andhra Pradesh,7-Upper Pr. and Secondary,38-Pvt.Unaided,6 To 10,3-Co-educational,2-Urban,NA,,Adoni (M) - Ward No.20,Adoni-Municipality,SIVASANKAR NAGAR ADONI ADONI (M)-2(VILLAGE) ADONI(MANDAL) KURNOOL(DIST),518301,,https://kys.udiseplus.gov.in/#/schooldetail/4699676/12,4699676,18/12/2023 17:18,2725
******91070 Permanently Closed,,JAYAM EM UPS YEMMIGANUR,,,,Andhra Pradesh,2-Primary with Upper Primary,38-Pvt.Unaided,1 To 7,3-Co-educational,2-Urban,NA,,Yemmiganur Ward No. 23,Yemmiganur-Municipality,NA,518360,,https://kys.udiseplus.gov.in/#/schooldetail/4699400/12,4699400,15/10/2020 12:18,2725
******90482 Operational,,JAYASAI VIDYALAYAM,,,,Andhra Pradesh,2-Primary with Upper Primary,38-Pvt.Unaided,1 To 8,3-Co-educational,2-Urban,NA,,Kurnool Ward No. 32,Kurnool-Municipal Corporations,INDUSTRIAL ESTATE KALLUR KALLUR(VILLAGE) KALLUR(MANDAL) KURNOOL(DIST),518002,jayasaischool.sm[at]gmail[dot]com,https://kys.udiseplus.gov.in/#/schooldetail/4699016/12,4699016,24/12/2025 07:18,2725
******91211 Operational,,JESUS MARY JOSEPH E.M SCHOOL OPP BALA BAHAVAN KURNOOL,,,,Andhra Pradesh,7-Upper Pr. and Secondary,38-Pvt.Unaided,6 To 10,3-Co-educational,2-Urban,NA,,Kurnool Ward No. 50,Kurnool-Municipal Corporations,Opp BALA BHAVAN NEAR CHILDRENS PARK KURNOOL-518001,518001,jesusmaryjosephems[at]gmail[dot]com,https://kys.udiseplus.gov.in/#/schooldetail/4698172/12,4698172,05/01/2026 15:39,2725
******90590 Operational,,JESUS MARY JOSEPH ENG.MED SCHOOL OPP. BALA BHAVAN KURNOOL,,,,Andhra Pradesh,1-Primary,38-Pvt.Unaided,1 To 5,3-Co-educational,2-Urban,NA,,Kurnool Ward No. 48,Kurnool-Municipal Corporations,Opp BALA BHAVAN NEAR CHILDRENS PARK KURNOOL 518001,518001,jesusmaryjosephems[at]gmail[dot]com,https://kys.udiseplus.gov.in/#/schooldetail/4698098/12,4698098,05/01/2026 15:38,2725
******02720 Operational,,JK LS VIDYA SADAN KOWTHALAM,,,,Andhra Pradesh,2-Primary with Upper Primary,38-Pvt.Unaided,1 To 7,3-Co-educational,1-Rural,Kowthalam,Kowthalam,,,KOWTHALAM KOWTHALAM KOWTHALAM(VILLAGE) KOWTHALAM(MANDAL) KURNOOL(DIST),518344,meo.kowthalam[at]gmail[dot]com,https://kys.udiseplus.gov.in/#/schooldetail/4697581/12,4697581,21/04/2023 15:31,2725
******00890 Operational,,"J.M ENGLISH MEDIUM SCHOOL, VR COLONY, KURNOOL",,,,Andhra Pradesh,2-Primary with Upper Primary,38-Pvt.Unaided,1 To 7,3-Co-educational,2-Urban,NA,,Kurnool Ward No. 45,Kurnool-Municipal Corporations,"45 203-2-2, V.R COLONY MAIN ROAD",518003,,https://kys.udiseplus.gov.in/#/schooldetail/4721319/12,4721319,25/10/2024 19:43,2725
******00408 Operational,,J P VOCATIONAL JUNIOR COLLEGE,,,,Andhra Pradesh,11-Higher Secondary only/Jr. College,38-Pvt.Unaided,11 To 12,2-Girls,2-Urban,NA,,Kurnool Ward No. 27,Kurnool-Municipal Corporations,"KRISHNA NAGAR,KALLUR",518002,edur.padmakar[at]gmail[dot]com,https://kys.udiseplus.gov.in/#/schooldetail/4720270/12,4720270,21/12/2025 12:18,2725
******00618 Operational,,JYOTHI HIGH SCHOOL GUDUR,,,,Andhra Pradesh,7-Upper Pr. and Secondary,38-Pvt.Unaided,6 To 10,3-Co-educational,2-Urban,NA,,Gudur M Ward No 19,Gudur (kurnool)-Town Panchayat,RAJA STREET GUDUR(VILLAGE) GUDUR(MANDAL) KURNOOL(DIST),518466,jyothi19216[at]gmail[dot]com,https://kys.udiseplus.gov.in/#/schooldetail/4697854/12,4697854,20/12/2025 12:09,2725
******00613 Operational,,JYOTHI PRIMARY SCHOOL GUDUR,,,,Andhra Pradesh,1-Primary,38-Pvt.Unaided,1 To 5,3-Co-educational,2-Urban,NA,,Gudur M Ward No 19,Gudur (kurnool)-Town Panchayat,RAJA STREET GUDUR (VILLAGE) GUDUR(MANDAL) KURNOOL(DIST),518466,jyothi19216[at]gmail[dot]com,https://kys.udiseplus.gov.in/#/schooldetail/4697850/12,4697850,21/04/2023 15:31,2725
******00410 Operational,,JYOTHI PRIYANKA U P S KALLUR ESTATEKALLUR,,,,Andhra Pradesh,2-Primary with Upper Primary,38-Pvt.Unaided,1 To 7,3-Co-educational,2-Urban,NA,,Kurnool Ward No. 32,Kurnool-Municipal Corporations,KALLUR ESTATE KALLUR MANDAL KURNOOL DISTRICT,518003,darlaprasannakumar577[at]gmail[dot]com,https://kys.udiseplus.gov.in/#/schooldetail/4698882/12,4698882,21/12/2025 12:18,2725
******91139 Permanently Closed,,JYOTHI U.P PUBLIC SCHOOL SAP CAMP KURNOOL,,,,Andhra Pradesh,2-Primary with Upper Primary,38-Pvt.Unaided,1 To 7,3-Co-educational,9-NA,NA,,,,NA,518003,,https://kys.udiseplus.gov.in/#/schooldetail/4717319/12,4717319,25/10/2024 19:43,2725
******00633 Operational,,JYOTHI UP SCHOOL GUDUR,,,,Andhra Pradesh,2-Primary with Upper Primary,38-Pvt.Unaided,1 To 7,3-Co-educational,2-Urban,NA,,Gudur (M) - Ward No.4,Gudur (kurnool)-Town Panchayat,WEST BC COLONY GUDUR VILLAGE GUDUR MANDAL KURNOOL DISTRICT,518466,jyothi19216[at]gmail[dot]com,https://kys.udiseplus.gov.in/#/schooldetail/4697867/12,4697867,20/12/2025 12:19,2725
******91255 Operational,,KAKATHIYA EMUPSCHOOL MADDUR NAGAR KURNOOL,,,,Andhra Pradesh,1-Primary,38-Pvt.Unaided,1 To 5,3-Co-educational,2-Urban,NA,,Kurnool Ward No. 23,Kurnool-Municipal Corporations,"MADDUR NAGAR, KURNOOL",518002,Kakatiyaschool2023[at]gmail[dot]com,https://kys.udiseplus.gov.in/#/schooldetail/4698201/12,4698201,25/10/2024 19:43,2725
******91260 Operational,,KAKATIYA E.M. H.S B.CAMP KURNOOL,,,,Andhra Pradesh,7-Upper Pr. and Secondary,38-Pvt.Unaided,6 To 10,3-Co-educational,2-Urban,NA,,Kurnool Ward No. 23,Kurnool-Municipal Corporations,GOVT H.S. B B CAMP KURNOOL,518002,Kakatiyaschool2023[at]gmail[dot]com,https://kys.udiseplus.gov.in/#/schooldetail/4698204/12,4698204,25/10/2024 19:43,2725
******01709 Operational,,KAKATIYA H.S KALVA BUGGA,,,,Andhra Pradesh,7-Upper Pr. and Secondary,38-Pvt.Unaided,6 To 10,3-Co-educational,1-Rural,Orvakal,Kalva,,,KALVA BUGGA ORVAKAL KALVA(VILLAGE) ORVAKAL(MANDAL) KURNOOL(DIST),518010,kakatiya568[at]gmail[dot]com,https://kys.udiseplus.gov.in/#/schooldetail/4698859/12,4698859,15/10/2020 12:18,2725
******01705 Operational,,KAKATIYA PS KALVA BUGGA,,,,Andhra Pradesh,1-Primary,38-Pvt.Unaided,1 To 5,3-Co-educational,1-Rural,Orvakal,Kalva,,,KALVA HUSSAINAPURAM KALVA(VILLAGE) ORVAKAL(MANDAL) KURNOOL(DIST),518010,kakatiya568[at]gmail[dot]com,https://kys.udiseplus.gov.in/#/schooldetail/4698856/12,4698856,16/06/2023 15:21,2725
******90132 Operational,,KALLUBAVI MPL HS,,,,Andhra Pradesh,6-Pr. Up Pr. and Secondary Only,34-MUNCIPAL,1 To 10,3-Co-educational,2-Urban,NA,,Adoni (M) - Ward No.17,Adoni-Municipality,17th WARD ADONI ADONI (M)(VILLAGE) ADONI(MANDAL) KURNOOL(DIST),518301,kallubavi1914[at]gmail[dot]com,https://kys.udiseplus.gov.in/#/schooldetail/4699604/12,4699604,19/06/2025 13:37,2725
******00606 Operational,,KALYAN ENGLISH MEDIUM SCHOOL TIRUMALGIRI TOWN SHIP LAXMIPURAM,,,,Andhra Pradesh,2-Primary with Upper Primary,38-Pvt.Unaided,1 To 7,3-Co-educational,2-Urban,NA,,Kurnool Ward No. 28,Kurnool-Municipal Corporations,"LAKSHMIPURAM,KALLUR MANDAL",518218,kalyanemschool2324[at]gmail[dot]com,https://kys.udiseplus.gov.in/#/schooldetail/4721096/12,4721096,23/12/2025 12:47,2725
******02809 Operational,,KALYANI BALA VIDYA EM.UP,,,,Andhra Pradesh,2-Primary with Upper Primary,38-Pvt.Unaided,1 To 7,3-Co-educational,2-Urban,NA,,Adoni (M) - Ward No.5,Adoni-Municipality,KILCHINPET KILCHINPET ADONI ADONI(VILLAGE) ADONI(MANDAL) KURNOOL(DIST),518301,meo.adoni[at]gmail[dot]com,https://kys.udiseplus.gov.in/#/schooldetail/4699519/12,4699519,16/06/2023 15:21,2725
******91147 Operational,,KARUNAMAYA ENGTEL MED U.PS NEAR CHAND TAKIES KURNOOL,,,,Andhra Pradesh,2-Primary with Upper Primary,38-Pvt.Unaided,1 To 7,3-Co-educational,2-Urban,NA,,Kurnool Ward No. 11,Kurnool-Municipal Corporations,1st WARD NEAR CHAND TALKIES VADDA STREET KURNOOL (MCORP)-2(VILLAGE) KURNOOL(MANDAL) KURNOOL(DIST),518001,meo.kurnoolurban55[at]gmail[dot]com,https://kys.udiseplus.gov.in/#/schooldetail/4697047/12,4697047,25/10/2024 19:43,2725
******02807 Closed,Closed,KARUNAYA EM UPS.,,,,Andhra Pradesh,2-Primary with Upper Primary,38-Pvt.Unaided,1 To 7,3-Co-educational,2-Urban,NA,,Adoni (M) - Ward No.16,Adoni-Municipality,ADONI(M) ADONI(M) ADONI(VILLAGE) ADONI(MANDAL) KURNOOL(DIST),518301,,https://kys.udiseplus.gov.in/#/schooldetail/4699517/12,4699517,19/11/2022 19:24,2725
******00226 Operational,,KASTURI CONCEPT PS YEMMIGANUR,,,,Andhra Pradesh,1-Primary,38-Pvt.Unaided,1 To 5,3-Co-educational,2-Urban,NA,,Yemmiganur (M) - Ward No.1,Yemmiganur-Municipality,YEMMIGANUR YEMMIGANUR YEMMIGANUR(VILLAGE) YEMMIGANUR(MANDAL) KURNOOL(DIST),518360,kasturi.yemmiganur[at]gmail[dot]com,https://kys.udiseplus.gov.in/#/schooldetail/4699237/12,4699237,21/04/2023 15:31,2725
******00225 Operational,,KASTURI CONCEPT SCHOOL YEMMIGANUR,,,,Andhra Pradesh,7-Upper Pr. and Secondary,38-Pvt.Unaided,6 To 10,3-Co-educational,2-Urban,NA,,Yemmiganur (M) - Ward No.1,Yemmiganur-Municipality,YEMMIGANUR YEMMIGANUR YEMMIGANUR(VILLAGE) YEMMIGANUR(MANDAL) KURNOOL(DIST),518360,kasturi.yemmiganur[at]gmail[dot]com,https://kys.udiseplus.gov.in/#/schooldetail/4699236/12,4699236,15/10/2020 12:18,2725
******91223 Operational,,"KASTURI EM HS, 14TH WARD, RANGARAJA STREET",,,,Andhra Pradesh,7-Upper Pr. and Secondary,38-Pvt.Unaided,6 To 10,3-Co-educational,2-Urban,NA,,Kurnool Ward No. 9,Kurnool-Municipal Corporations,10TH WARD H NO 104 TELUGU STREET KURNOOL KURNOOL (MCORP)-3(VILLAGE) KURNOOL(MANDAL) KURNOOL(DIST),518001,kasturietechno.knl[at]gmail[dot]com,https://kys.udiseplus.gov.in/#/schooldetail/4698182/12,4698182,25/10/2024 19:43,2725
******91429 Operational,,KASTURI EM UPS TELUGU STREET,,,,Andhra Pradesh,2-Primary with Upper Primary,38-Pvt.Unaided,1 To 7,3-Co-educational,2-Urban,NA,,Kurnool Ward No. 9,Kurnool-Municipal Corporations,WARD 10 H NO 104 TELUGU STREET ONE TOWN KURNOOL,518001,kasturietechno.knl[at]gmail[dot]com,https://kys.udiseplus.gov.in/#/schooldetail/4698286/12,4698286,25/10/2024 19:43,2725
******91104 Permanently Closed,,KASTURI ENGLISH SCHOOL RANGARAJA STREETKURNOOL,,,,Andhra Pradesh,1-Primary,38-Pvt.Unaided,1 To 5,3-Co-educational,2-Urban,NA,,Kurnool Ward No. 9,Kurnool-Municipal Corporations,NA,518001,,https://kys.udiseplus.gov.in/#/schooldetail/4717317/12,4717317,25/10/2024 19:43,2725
******90149 Closed,Closed,KAVYASREE ENGLISH MEDIUM,,,,Andhra Pradesh,1-Primary,38-Pvt.Unaided,1 To 5,3-Co-educational,2-Urban,NA,,Adoni (M) - Ward No.15,Adoni-Municipality,VICTORIYAPET 11th WARD ADONI ADONI (M)(VILLAGE) ADONI(MANDAL) KURNOOL(DIST),518301,gdn99118[at]gmail[dot]com,https://kys.udiseplus.gov.in/#/schooldetail/4699620/12,4699620,19/12/2023 10:54,2725
******00404 Operational,,"K C THIMMAREDDY MEMORIAL EM UP SCHOOL,INGALADAHAL",,,,Andhra Pradesh,2-Primary with Upper Primary,38-Pvt.Unaided,1 To 7,3-Co-educational,1-Rural,Holagunda,Ingaladahal,,,ingaladahal holagunda mandal kurnool dist,518308,meo.holagunda1324[at]gmail[dot]com,https://kys.udiseplus.gov.in/#/schooldetail/4699745/12,4699745,21/04/2023 15:31,2725
******91399 Operational,,"KEERTHI EM HS, TELUGU STREET",,,,Andhra Pradesh,7-Upper Pr. and Secondary,38-Pvt.Unaided,6 To 10,3-Co-educational,2-Urban,NA,,Kurnool Ward No. 9,Kurnool-Municipal Corporations,8/10 KAVADI STREET KURNOOL,518001,keerthihighschool[at]gmail[dot]com,https://kys.udiseplus.gov.in/#/schooldetail/4698263/12,4698263,25/10/2024 19:43,2725
******91161 Operational,,KEERTHI EM TM P S 6TH WARD KALAWADI STREET KURNOOL,,,,Andhra Pradesh,1-Primary,38-Pvt.Unaided,1 To 5,3-Co-educational,2-Urban,NA,,Kurnool Ward No. 9,Kurnool-Municipal Corporations,9th WARD KAVADI STREET KURNOOL (MCORP)-2(VILLAGE) KURNOOL(MANDAL) KURNOOL(DIST),518001,keerthihighschool[at]gmail[dot]com,https://kys.udiseplus.gov.in/#/schooldetail/4698135/12,4698135,25/10/2024 19:43,2725
******90600 Closed,Closed,KENDRIYA VIDYALAYA JR COLLEGE,,,,Andhra Pradesh,11-Higher Secondary only/Jr. College,38-Pvt.Unaided,11 To 12,3-Co-educational,2-Urban,NA,,Kurnool Ward No. 32,Kurnool-Municipal Corporations,NA,NA,,https://kys.udiseplus.gov.in/#/schooldetail/4719850/12,4719850,25/10/2024 19:43,2725
******90589 Operational,,KESAVA MEMORIAL H.S 19TH WARD,,,,Andhra Pradesh,1-Primary,38-Pvt.Unaided,1 To 5,3-Co-educational,2-Urban,NA,,Kurnool Ward No. 14,Kurnool-Municipal Corporations,19th WARD BUDHWARPET KURNOOL KURNOOL (MCORP)(VILLAGE) KURNOOL(MANDAL) KURNOOL(DIST),518002,ksmhs1986[at]gmail[dot]com,https://kys.udiseplus.gov.in/#/schooldetail/4698096/12,4698096,25/10/2024 19:43,2725
******90508 Operational,,KESAVA REDDY PS (SLN),,,,Andhra Pradesh,1-Primary,38-Pvt.Unaided,1 To 5,3-Co-educational,2-Urban,NA,,Kurnool Ward No. 21,Kurnool-Municipal Corporations,SRILAKSHMINAGAR KALLUR,518002,srilakshminagarknlprincipal[at]keshavareddy[dot]com,https://kys.udiseplus.gov.in/#/schooldetail/4699025/12,4699025,24/12/2025 07:21,2725
******91107 Operational,,KESAVAREDDY TALENT P S VENKATARAMANA COLONY KURNOOL,,,,Andhra Pradesh,1-Primary,38-Pvt.Unaided,1 To 5,3-Co-educational,2-Urban,NA,,Kurnool Ward No. 45,Kurnool-Municipal Corporations,VENKATARAMANA COLONY KURNOOL KURNOOL (MCORP)-2(VILLAGE) KURNOOL(MANDAL) KURNOOL(DIST),518003,vrcolonyknl[at]keshavareddy[dot]com,https://kys.udiseplus.gov.in/#/schooldetail/4697019/12,4697019,25/10/2024 19:43,2725
******91213 Operational,,KESHAVA MEMORIAL HIGH SCHOOL BUDHWARPETA KURNOOL,,,,Andhra Pradesh,7-Upper Pr. and Secondary,38-Pvt.Unaided,6 To 10,3-Co-educational,2-Urban,NA,,Kurnool Ward No. 14,Kurnool-Municipal Corporations,19th WARD BUDHAWAR PET KURNOOL KURNOOL (MCORP)-3(VILLAGE) KURNOOL(MANDAL) KURNOOL(DIST),518002,ksmhs1986[at]gmail[dot]com,https://kys.udiseplus.gov.in/#/schooldetail/4698173/12,4698173,25/10/2024 19:43,2725
******91353 Permanently Closed,,"KESHAVA REDDY CONCEPT EM SCHOOL, DINNEDEVARAPADU, KNL",,,,Andhra Pradesh,2-Primary with Upper Primary,38-Pvt.Unaided,1 To 7,3-Co-educational,9-NA,NA,,,,NA,518001,,https://kys.udiseplus.gov.in/#/schooldetail/4717334/12,4717334,25/10/2024 19:43,2725
******90505 Operational,,"KESHAVA REDDY CONCEPT HS, KRISHNA NAGAR",,,,Andhra Pradesh,7-Upper Pr. and Secondary,38-Pvt.Unaided,6 To 10,3-Co-educational,2-Urban,NA,,Kurnool Ward No. 27,Kurnool-Municipal Corporations,KRISHNA NAGAR KALLUR KALLUR(VILLAGE) KALLUR(MANDAL) KURNOOL(DIST),518002,newkrishnanagarknlprincipal[at]keshavareddy[dot]com,https://kys.udiseplus.gov.in/#/schooldetail/4699023/12,4699023,24/12/2025 07:19,2725
******91215 Operational,,KESHAVAREDDY E.M HIGH SCHOOLCHITTARI STREET KURNOOL,,,,Andhra Pradesh,7-Upper Pr. and Secondary,38-Pvt.Unaided,6 To 10,3-Co-educational,2-Urban,NA,,Kurnool Ward No. 5,Kurnool-Municipal Corporations,CHITTARI STREET H.NO:26/69&70 KURNOOL (MCORP)-3(VILLAGE) KURNOOL(MANDAL) KURNOOL(DIST),518001,chittaristreetknl[at]keshavareddy[dot]com,https://kys.udiseplus.gov.in/#/schooldetail/4698175/12,4698175,25/10/2024 19:43,2725
******02313 Permanently Closed,,"KESHAVA REDDY EM HS, DD PADU, KURNOOL",,,,Andhra Pradesh,7-Upper Pr. and Secondary,38-Pvt.Unaided,6 To 10,3-Co-educational,1-Rural,Kurnool,Dinnadevarapadu (Og),,,NA,518003,,https://kys.udiseplus.gov.in/#/schooldetail/4717309/12,4717309,15/10/2020 12:18,2725
******91417 Closed,Closed,KESHAVA REDDY EM HSNEW POSTEL COLONY,,,,Andhra Pradesh,7-Upper Pr. and Secondary,38-Pvt.Unaided,6 To 10,3-Co-educational,2-Urban,NA,,Kurnool Ward No. 45,Kurnool-Municipal Corporations,KESHAVA REDDY E.M. HIGH SCHOOL NEW POSTAL COLONY KURNOOL,518003,vrcolonyknl[at]keshavareddy[dot]com,https://kys.udiseplus.gov.in/#/schooldetail/4697213/12,4697213,25/10/2024 19:43,2725
******91384 Operational,,KESHAVAREDDY E.M HS SCHOOLSANKAL BAGH,,,,Andhra Pradesh,7-Upper Pr. and Secondary,38-Pvt.Unaided,6 To 10,3-Co-educational,2-Urban,NA,,Kurnool Ward No. 49,Kurnool-Municipal Corporations,SANKALBAGH KURNOOL MCORP - 4 KURNOOL -518004,518004,sankalbaghknl[at]keshavareddy[dot]com,https://kys.udiseplus.gov.in/#/schooldetail/4698250/12,4698250,05/01/2026 16:09,2725
******91383 Operational,,KESHAVAREDDY EM PRIMARY SANKAL BAGH,,,,Andhra Pradesh,1-Primary,38-Pvt.Unaided,1 To 5,3-Co-educational,2-Urban,NA,,Kurnool Ward No. 49,Kurnool-Municipal Corporations,SANKALBAGH KURNOOL MCORP - 4 kurnool 518004,518004,sankalbaghknl[at]keshavareddy[dot]com,https://kys.udiseplus.gov.in/#/schooldetail/4698249/12,4698249,05/01/2026 15:56,2725
******00112 Permanently Closed,,KESHAVAREDDY EMS NANNOOR,,,,Andhra Pradesh,1-Primary,38-Pvt.Unaided,1 To 5,3-Co-educational,1-Rural,Orvakal,Nannur,,,NA,518002,,https://kys.udiseplus.gov.in/#/schooldetail/4717383/12,4717383,15/10/2020 12:18,2725
******00113 Permanently Closed,,KESHAVA REDDY EM S NANOOR,,,,Andhra Pradesh,7-Upper Pr. and Secondary,38-Pvt.Unaided,6 To 10,3-Co-educational,1-Rural,Orvakal,Nannur,,,NA,518002,,https://kys.udiseplus.gov.in/#/schooldetail/4717384/12,4717384,15/10/2020 12:18,2725
******90591 Operational,,KESHAVAREDDY ENG MED P.SCHOOOLCHITTARISTREET,,,,Andhra Pradesh,1-Primary,38-Pvt.Unaided,1 To 5,3-Co-educational,2-Urban,NA,,Kurnool Ward No. 5,Kurnool-Municipal Corporations,HNO 26/69 CHITTARISTREET KURNOOL KURNOOL (MCORP)(VILLAGE) KURNOOL(MANDAL) KURNOOL(DIST),518001,chittaristreetknl[at]keshavareddy[dot]com,https://kys.udiseplus.gov.in/#/schooldetail/4698099/12,4698099,25/10/2024 19:43,2725
******90506 Operational,,KESHAVA REDDY HS(SLN),,,,Andhra Pradesh,7-Upper Pr. and Secondary,38-Pvt.Unaided,6 To 10,3-Co-educational,2-Urban,NA,,Kurnool Ward No. 21,Kurnool-Municipal Corporations,SRILAKSHMINAGAR KALLUR,518002,srilakshminagarknlprincipal[at]keshavareddy[dot]com,https://kys.udiseplus.gov.in/#/schooldetail/4650093/12,4650093,24/12/2025 07:20,2725
******90507 Operational,,KESHAVA REDDY PS (KN),,,,Andhra Pradesh,1-Primary,38-Pvt.Unaided,1 To 5,3-Co-educational,2-Urban,NA,,Kurnool Ward No. 27,Kurnool-Municipal Corporations,KRISHNA NAGAR KALLUR KALLUR(VILLAGE) KALLUR(MANDAL) KURNOOL(DIST),518002,newkrishnanagarknlprincipal[at]keshavareddy[dot]com,https://kys.udiseplus.gov.in/#/schooldetail/4699024/12,4699024,24/12/2025 07:21,2725
******90503 Operational,,KESHAVA REDDY TALENT HS KRISHNA NAGAR,,,,Andhra Pradesh,7-Upper Pr. and Secondary,38-Pvt.Unaided,6 To 10,3-Co-educational,2-Urban,NA,,Kurnool Ward No. 27,Kurnool-Municipal Corporations,KRISHNA NAGAR KALLUR KALLUR(VILLAGE) KALLUR(MANDAL) KURNOOL(DIST),518002,oldkrishnanagaknl[at]keshavareddy[dot]com,https://kys.udiseplus.gov.in/#/schooldetail/4699022/12,4699022,24/12/2025 07:19,2725
******91227 Operational,,KESHAVA REDDY TALENT H.S VENKARARAMANA COLONY KURNOOL,,,,Andhra Pradesh,7-Upper Pr. and Secondary,38-Pvt.Unaided,6 To 10,3-Co-educational,2-Urban,NA,,Kurnool Ward No. 45,Kurnool-Municipal Corporations,KESHAVA REDDY E.M.SCHOOL VENKATA RAMANA COLONY KUNROOL,518003,vrcolanyknl[at]keshavareddy[dot]com,https://kys.udiseplus.gov.in/#/schooldetail/4698186/12,4698186,25/10/2024 19:43,2725
******90515 Operational,,KESHAVA REDDY TALENT SCHOOL KRISHNA NAGAR KALLUR,,,,Andhra Pradesh,1-Primary,38-Pvt.Unaided,1 To 5,3-Co-educational,2-Urban,NA,,Kurnool Ward No. 27,Kurnool-Municipal Corporations,KALLUR -3 KALLUR MANDAL,518002,oldkrishnanagarknl[at]keshavareddy[dot]com,https://kys.udiseplus.gov.in/#/schooldetail/4699027/12,4699027,24/12/2025 07:17,2725
******91414 Operational,,"KESHAVA REDDY TENDER SMILES, MEDAM STREET, I TOWN",,,,Andhra Pradesh,2-Primary with Upper Primary,38-Pvt.Unaided,1 To 8,3-Co-educational,2-Urban,NA,,Kurnool Ward No. 8,Kurnool-Municipal Corporations,1/228MadamStreet kurnool,518001,madamstreetknl[at]keshavareddy[dot]com,https://kys.udiseplus.gov.in/#/schooldetail/4697210/12,4697210,25/10/2024 19:43,2725
******91339 Operational,,KGBV ADONI,,,,Andhra Pradesh,5-Up. Pr. Secondary and Higher Sec,14-KGBVs(SSA),6 To 12,2-Girls,2-Urban,NA,,Adoni (M) - Ward No.17,Adoni-Municipality,ADONI ADONI ADONI(VILLAGE) ADONI(MANDAL) KURNOOL(DIST),518301,kgbvadoni[at]gmail[dot]com,https://kys.udiseplus.gov.in/#/schooldetail/4699695/12,4699695,15/10/2020 12:18,2725
******01416 Operational,,KGBV ALUR,,,,Andhra Pradesh,5-Up. Pr. Secondary and Higher Sec,14-KGBVs(SSA),6 To 12,2-Girls,1-Rural,Alur,Alur,,,ALUR ALUR ALUR(VILLAGE) ALUR(MANDAL) KURNOOL(DIST),518395,alurkgbv[at]gmail[dot]com,https://kys.udiseplus.gov.in/#/schooldetail/4699828/12,4699828,22/12/2025 13:01,2725
******01909 Operational,,KGBV ASPARI,,,,Andhra Pradesh,5-Up. Pr. Secondary and Higher Sec,14-KGBVs(SSA),6 To 12,2-Girls,1-Rural,Aspari,Aspari,,,NEAR ELECTRICITY SUBSTATION ASPARI(MANDAL) KURNOOL(DIST),518347,asparikgbv[at]gmail[dot]com,https://kys.udiseplus.gov.in/#/schooldetail/4699907/12,4699907,22/12/2025 10:06,2725
******00913 Operational,,KGBV C.BELAGAL,,,,Andhra Pradesh,5-Up. Pr. Secondary and Higher Sec,14-KGBVs(SSA),6 To 12,2-Girls,1-Rural,C.Belagal,C.Belagal,,,C.BELAGAL C.BELAGAL C.BELAGAL(VILLAGE) C.BELAGAL(MANDAL) KURNOOL(DIST),518462,kgbvso.cbelagal[at]gmail[dot]com,https://kys.udiseplus.gov.in/#/schooldetail/4697826/12,4697826,29/12/2022 16:08,2725
******02109 Operational,,KGBV CHILAKALADONA MANTRALAYAM,,,,Andhra Pradesh,5-Up. Pr. Secondary and Higher Sec,14-KGBVs(SSA),6 To 12,2-Girls,1-Rural,Mantralayam,Chilakaladona,,,MANTRALAYAM MANTRALAYAM MANTRALAYAM(VILLAGE) MANTRALAYAM(NANDAL) KURNOOL(DIST),518345,mantralayamkgbv[at]gmail[dot]com,https://kys.udiseplus.gov.in/#/schooldetail/4697726/12,4697726,15/10/2020 12:18,2725
******01205 Operational,,KGBV CHIPPAGIRI,,,,Andhra Pradesh,5-Up. Pr. Secondary and Higher Sec,14-KGBVs(SSA),6 To 12,2-Girls,1-Rural,Chippagiri,Chippagiri,,,CHIPPAGIRI CHIPPAGIRI CHIPPAGIRI(VILLAGE) CHIPPAGIRI(MANDAL) KURNOOL(DIST),518396,kgbvchippagiri[at]gmail[dot]com,https://kys.udiseplus.gov.in/#/schooldetail/4701965/12,4701965,29/06/2022 17:40,2725
******01212 Operational,,KGBV DEVANAKONDA,,,,Andhra Pradesh,5-Up. Pr. Secondary and Higher Sec,14-KGBVs(SSA),6 To 12,2-Girls,1-Rural,Devanakonda,Devanakonda,,,DEVANAKONDA DEVANAKONDA DEVANAKONDA(VILLAGE) DEVANAKONDA(MANDAL) KURNOOL(DIST),518465,kgbvdevanakonda[at]gmail[dot]com,https://kys.udiseplus.gov.in/#/schooldetail/4699975/12,4699975,16/07/2023 21:48,2725
******00518 Operational,,KGBV GONEGANDLA,,,,Andhra Pradesh,5-Up. Pr. Secondary and Higher Sec,14-KGBVs(SSA),6 To 12,2-Girls,1-Rural,Gonegandla,Gonegandla,,,NEAR CHINTHALA MUNI NALLA REDDY TEMPLE GONEGANDLA(VILLAGE) GONEGANDLA(MANDAL) KURNOOL(DIST),518463,kgbvgonegandla1[at]gmail[dot]com,https://kys.udiseplus.gov.in/#/schooldetail/4699196/12,4699196,12/02/2026 11:48,2725
******00629 Operational,,KGBV GUDUR,,,,Andhra Pradesh,5-Up. Pr. Secondary and Higher Sec,14-KGBVs(SSA),6 To 12,2-Girls,2-Urban,NA,,Gudur (M) - Ward No.3,Gudur (kurnool)-Town Panchayat,GUDUR(VILLAGE) GUDUR(MANDAL) KURNOOL(DIST),518466,meo.gudur[at]gmail[dot]com,https://kys.udiseplus.gov.in/#/schooldetail/4697863/12,4697863,11/05/2022 11:41,2725
******01307 Operational,,KGBV HALAHARVI,,,,Andhra Pradesh,5-Up. Pr. Secondary and Higher Sec,14-KGBVs(SSA),6 To 12,2-Girls,1-Rural,Halaharvi,Halaharvi,,,HALAHARVI HALAHARVI HALAHARVI(VILLAGE) HALAHARVI(MANDAL) KURNOOL(DIST),518348,halaharvikgbv[at]gmail[dot]com,https://kys.udiseplus.gov.in/#/schooldetail/4701993/12,4701993,15/10/2020 12:18,2725
******01008 Operational,,KGBV HOLAGUNDA,,,,Andhra Pradesh,5-Up. Pr. Secondary and Higher Sec,14-KGBVs(SSA),6 To 12,2-Girls,1-Rural,Holagunda,Holagunda,,,NEAR GOVT JR COLLEGE HOLAGUNDA(MANDAL) KURNOOL(DIST),518346,kgbvholagunda[at]gmail[dot]com,https://kys.udiseplus.gov.in/#/schooldetail/4699763/12,4699763,15/10/2020 12:18,2725
******00338 Operational,,KGBV KODUMUR,,,,Andhra Pradesh,5-Up. Pr. Secondary and Higher Sec,14-KGBVs(SSA),6 To 12,2-Girls,1-Rural,Kodumur,Kodumur,,,KODUMUR KODUMUR KODUMUR(VILLAGE) KODUMUR(MANDAL) KURNOOL(DIST),518464,kodumurkgbv[at]gmail[dot]com,https://kys.udiseplus.gov.in/#/schooldetail/4699125/12,4699125,20/01/2026 05:41,2725
******02417 Operational,,KGBV KOSIGI,,,,Andhra Pradesh,5-Up. Pr. Secondary and Higher Sec,14-KGBVs(SSA),6 To 12,2-Girls,1-Rural,Kosigi,Kosigi,,,KOSIGI(VILLAGE) KOSIGI(MANDAL) KURNOOL(DIST),518313,veerareddy443[at]gmail[dot]com,https://kys.udiseplus.gov.in/#/schooldetail/4697654/12,4697654,20/12/2025 12:13,2725
******02719 Operational,,KGBV KOWTHALAM,,,,Andhra Pradesh,5-Up. Pr. Secondary and Higher Sec,14-KGBVs(SSA),6 To 12,2-Girls,1-Rural,Kowthalam,Kowthalam,,,KOWTHALAM KOWTHALAM KOWTHALAM(VILLAGE) KOWTHALAM(MANDAL) KURNOOL(DIST),518344,kgbvkowthalam[at]gmail[dot]com,https://kys.udiseplus.gov.in/#/schooldetail/4697580/12,4697580,04/10/2024 14:37,2725
******00505 Operational,,KGBV KRISHNAGIRI,,,,Andhra Pradesh,5-Up. Pr. Secondary and Higher Sec,14-KGBVs(SSA),6 To 12,2-Girls,1-Rural,Krishnagiri,Krishnagiri,,,KRISHNAGIRI KRISHNAGIRI KRISHNAGIRI(VILLAGE) KRISHNAGIRI(MANDAL) KURNOOL(DIST),518225,kgbvkrishnagiri[at]gmail[dot]com,https://kys.udiseplus.gov.in/#/schooldetail/4700016/12,4700016,16/07/2023 21:38,2725
******00465 Operational,,KGBV LAKSHMIPURAM KALLUR,,,,Andhra Pradesh,5-Up. Pr. Secondary and Higher Sec,14-KGBVs(SSA),6 To 12,2-Girls,1-Rural,Kallur,Laxmipuram,,,LAKSHMIPURAM VILLAGE KALLUR(MANDAL) KURNOOL(DIST),518218,kgbvkallur[at]gmail[dot]com,https://kys.udiseplus.gov.in/#/schooldetail/4698895/12,4698895,21/12/2025 12:35,2725
******00201 Operational,,KGBV MADDIKERA,,,,Andhra Pradesh,5-Up. Pr. Secondary and Higher Sec,14-KGBVs(SSA),6 To 12,2-Girls,1-Rural,Maddikera (East),Maddikera (West),,,NEAR MPDO OFFICEMADDIKERA,518385,so.kgbv.maddikera[at]gmail[dot]com,https://kys.udiseplus.gov.in/#/schooldetail/4701898/12,4701898,29/12/2022 16:11,2725
******91337 Operational,,KGBV(MINORITY) ADONI,,,,Andhra Pradesh,5-Up. Pr. Secondary and Higher Sec,14-KGBVs(SSA),6 To 12,2-Girls,2-Urban,NA,,Adoni (M) - Ward No.17,Adoni-Municipality,ZERO ORAD SAI BABA NAGAR SKD COLONY ADONI (M)-2(VILLAGE) ADONI(MANDAL) KURNOOL(DIST),518301,adoniminoritykgbv[at]gmail[dot]com,https://kys.udiseplus.gov.in/#/schooldetail/4699693/12,4699693,15/10/2020 12:18,2725
******01607 Operational,,KGBV NANDAVARAM,,,,Andhra Pradesh,5-Up. Pr. Secondary and Higher Sec,14-KGBVs(SSA),6 To 12,2-Girls,1-Rural,Nandavaram,Nandavaram,,,NANDAVARAM NEAR BUS STAND NANDAVARAM(VILLAGE) NANDAVARAM(MANDAL) KURNOOL(DIST),518343,kgbvnandavaram[at]gmail[dot]com,https://kys.udiseplus.gov.in/#/schooldetail/4650026/12,4650026,16/07/2023 21:45,2725
******01111 Operational,,KGBV ORVAKAL,,,,Andhra Pradesh,5-Up. Pr. Secondary and Higher Sec,14-KGBVs(SSA),6 To 12,2-Girls,1-Rural,Orvakal,Orvakal,,,BESIDE AP MODEL SCHOOL ORVAKAL MANDAL KURNOOL DISTRICT 518010,518010,kgbvorvakal[at]gmail[dot]com,https://kys.udiseplus.gov.in/#/schooldetail/4698836/12,4698836,16/07/2023 21:47,2725
******91310 Operational,,KGBV PANCHALINGALA KURNOOL,,,,Andhra Pradesh,5-Up. Pr. Secondary and Higher Sec,14-KGBVs(SSA),6 To 12,2-Girls,1-Rural,Kurnool,Panchalingala,,,KURNOOL KURNOOL KURNOOL (MCORP)-4(VILLAGE) KURNOOL(MANDAL) KURNOOL(DIST),518004,kgbvpanchalingalal[at]gmail[dot]com,https://kys.udiseplus.gov.in/#/schooldetail/4698214/12,4698214,29/12/2025 11:52,2725
******00745 Operational,,KGBV PATTIKONDA,,,,Andhra Pradesh,5-Up. Pr. Secondary and Higher Sec,14-KGBVs(SSA),6 To 12,2-Girls,1-Rural,Pattikonda,Pattikonda,,,PATHIKONDA PATHIKONDA PATTIKONDA(VILLAGE) PATHIKONDA(MANDAL) KURNOOL(DIST),518380,kgbvsopattikonda[at]gmail[dot]com,https://kys.udiseplus.gov.in/#/schooldetail/4701877/12,4701877,04/02/2023 12:09,2725
******01106 Operational,,KGBV PEDDA KADUBUR,,,,Andhra Pradesh,5-Up. Pr. Secondary and Higher Sec,14-KGBVs(SSA),6 To 12,2-Girls,1-Rural,Peddakadabur,Pedda Kadubur,,,PEDDA KADUBUR NEAR GOVT.HOSPITAL PEDDA KADUBUR(VILLAGE) PEDDAKADUBUR(MANDAL) KURNOOL(DIST),518323,kgbvpkbr[at]gmail[dot]com,https://kys.udiseplus.gov.in/#/schooldetail/4699438/12,4699438,20/12/2025 13:32,2725
******00714 Operational,,KGBV TUGGALI,,,,Andhra Pradesh,5-Up. Pr. Secondary and Higher Sec,14-KGBVs(SSA),6 To 12,2-Girls,1-Rural,Tuggali,Tuggali,,,TUGGALI TUGGALI TUGGALI(VILLAGE) TUGGALI(MANDAL) KURNOOL(DIST),518390,kgbvtuggali[at]gmail[dot]com,https://kys.udiseplus.gov.in/#/schooldetail/4701781/12,4701781,15/10/2020 12:18,2725
******01034 Operational,,KGBV VELDURTHY,,,,Andhra Pradesh,5-Up. Pr. Secondary and Higher Sec,14-KGBVs(SSA),6 To 12,2-Girls,1-Rural,Veldurthi,Veldurthi,,,VELDURTHY VELDURTHY VELDURTHY(VILLAGE) VELDURTI(MANDAL) KURNOOL(DIST),518216,kgbvveldurthy[at]gmail[dot]com,https://kys.udiseplus.gov.in/#/schooldetail/4700090/12,4700090,20/01/2026 05:49,2725
******00241 Operational,,KGBV YEMMIGANUR,,,,Andhra Pradesh,5-Up. Pr. Secondary and Higher Sec,14-KGBVs(SSA),6 To 12,2-Girls,2-Urban,NA,,Yemmiganur (M) - Ward No.17,Yemmiganur-Municipality,MUSLIM MINORITY COLONY YEMMIGANUR KURNOOL,518360,kgbvyemmiganur1234[at]gmail[dot]com,https://kys.udiseplus.gov.in/#/schooldetail/4699248/12,4699248,06/08/2025 13:15,2725
******90565 Operational,,KGN EM UPS MADIRAJU NAGAR,,,,Andhra Pradesh,2-Primary with Upper Primary,38-Pvt.Unaided,1 To 7,3-Co-educational,2-Urban,NA,,Kurnool Ward No. 32,Kurnool-Municipal Corporations,KALLUR MANDAL KURNOOL DISTRICT,518002,kgn.em.ups[at]gmail[dot]com,https://kys.udiseplus.gov.in/#/schooldetail/4699061/12,4699061,23/12/2025 20:52,2725
******00627 Operational,,KHADERVALI(EMTM)S,,,,Andhra Pradesh,2-Primary with Upper Primary,38-Pvt.Unaided,1 To 7,3-Co-educational,2-Urban,NA,,Gudur (M) - Ward No.13,Gudur (kurnool)-Town Panchayat,NEAR CURRENT OFFICE GUDUR (VILLAGE) GUDUR(MANDAL) KURNOOL(DIST),518466,meo.gudur[at]gmail[dot]com,https://kys.udiseplus.gov.in/#/schooldetail/4697861/12,4697861,21/04/2023 15:31,2725
******03921 Operational,,"KHADRIA EM U.P.SCHOOL, BEHIND MMR FUNCTION HALL, YEMMIGANUR",,,,Andhra Pradesh,2-Primary with Upper Primary,38-Pvt.Unaided,1 To 7,3-Co-educational,1-Rural,Adoni,Mandagiri (Rural),,,MANDAGIRI 639F,518302,azher37[at]gmail[dot]com,https://kys.udiseplus.gov.in/#/schooldetail/4719591/12,4719591,21/04/2023 15:31,2725
******90118 Operational,,KHAZIPURA MPLPS(U),,,,Andhra Pradesh,1-Primary,34-MUNCIPAL,1 To 5,3-Co-educational,2-Urban,NA,,Adoni (M) - Ward No.6,Adoni-Municipality,AZAMKHAJA MOSQUE ADONI ADONI (M)(VILLAGE) ADONI(MANDAL) KURNOOL(DIST),518301,meo.adoni[at]gmail[dot]com,https://kys.udiseplus.gov.in/#/schooldetail/4699590/12,4699590,11/03/2024 17:17,2725
******90571 Permanently Closed,,"KHUTHUZATUL KUBRA(R A), MADARASA",,,,Andhra Pradesh,1-Primary,98-Madarsa Unrecognized,1 To 5,3-Co-educational,9-NA,NA,,,,NA,518002,,https://kys.udiseplus.gov.in/#/schooldetail/4699069/12,4699069,15/10/2020 12:18,2725
******91343 Operational,,KIDDYS HS ADONI,,,,Andhra Pradesh,7-Upper Pr. and Secondary,38-Pvt.Unaided,6 To 10,3-Co-educational,2-Urban,NA,,Adoni (M) - Ward No.1,Adoni-Municipality,ADONI ADONI ADONI(VILLAGE) ADONI(MANDAL) KURNOOL(DIST),518301,kiddys765[at]hotmail[dot]com,https://kys.udiseplus.gov.in/#/schooldetail/4699699/12,4699699,15/10/2020 12:18,2725
******02802 Operational,,KIDDYS PS,,,,Andhra Pradesh,1-Primary,38-Pvt.Unaided,1 To 5,3-Co-educational,2-Urban,NA,,Adoni (M) - Ward No.1,Adoni-Municipality,677/1 NEAR CHINMAYA MISSION RAGHAVENDRA COLONY ADONI,518302,kiddys765[at]hotmail[dot]com,https://kys.udiseplus.gov.in/#/schooldetail/4699512/12,4699512,16/06/2023 15:21,2725
******90128 Operational,,KILCHINPET MPL HS,,,,Andhra Pradesh,6-Pr. Up Pr. and Secondary Only,34-MUNCIPAL,1 To 10,3-Co-educational,2-Urban,NA,,Adoni (M) - Ward No.5,Adoni-Municipality,5th WARD HANUMAN NAGAR ADONI ADONI (M)(VILLAGE) ADONI(MANDAL) KURNOOL(DIST),518301,eswaraiah2311[at]gmail[dot]com,https://kys.udiseplus.gov.in/#/schooldetail/4699600/12,4699600,19/06/2025 13:37,2725
******91106 Operational,,K.N.R ENGLISH MEDIUM SCHOOL 40TH WARDKURNOOL,,,,Andhra Pradesh,1-Primary,38-Pvt.Unaided,1 To 5,3-Co-educational,2-Urban,NA,,Kurnool Ward No. 45,Kurnool-Municipal Corporations,40th WARD 40-45 V R COLONY KURNOOL KURNOOL (MCORP)-2(VILLAGE) KURNOOL(MANDAL) KURNOOL(DIST),518003,knrschool78[at]gmail[dot]com,https://kys.udiseplus.gov.in/#/schooldetail/4697018/12,4697018,25/10/2024 19:43,2725
******91207 Operational,,K.N.R.ENG MEDIUM H.S ESWAR NAGAR KURNOOL,,,,Andhra Pradesh,7-Upper Pr. and Secondary,38-Pvt.Unaided,6 To 10,3-Co-educational,2-Urban,NA,,Kurnool Ward No. 45,Kurnool-Municipal Corporations,V R COLONY 40-425 KURNOOL KURNOOL (MCORP)-3(VILLAGE) KURNOOL(MANDAL) KURNOOL(DIST),518003,knrschool78[at]gmail[dot]com,https://kys.udiseplus.gov.in/#/schooldetail/4698168/12,4698168,05/01/2026 15:34,2725
******00506 Operational,,KNR MEMORIAL JR COLLEGE PANDIPADU,,,,Andhra Pradesh,11-Higher Secondary only/Jr. College,38-Pvt.Unaided,11 To 12,3-Co-educational,2-Urban,NA,,Kurnool Ward No. 28,Kurnool-Municipal Corporations,Plot No 106 107 Pandipadu village near Indus school,518002,rng8686[at]gmail[dot]com,https://kys.udiseplus.gov.in/#/schooldetail/4719568/12,4719568,22/12/2025 12:26,2725
******90121 Operational,,KOWDIYAL PET MPLPS(U),,,,Andhra Pradesh,1-Primary,34-MUNCIPAL,1 To 5,3-Co-educational,2-Urban,NA,,Adoni (M) - Ward No.26,Adoni-Municipality,BHARPET DARGHA ADONI ADONI (M)(VILLAGE) ADONI(MANDAL) KURNOOL(DIST),518301,mplps009[at]gmail[dot]com,https://kys.udiseplus.gov.in/#/schooldetail/4699593/12,4699593,15/10/2020 12:18,2725
******01508 Permanently Closed,,KRANTHI EMS,,,,Andhra Pradesh,2-Primary with Upper Primary,38-Pvt.Unaided,1 To 7,3-Co-educational,1-Rural,Devanakonda,Gundlakonda,,,NA,518465,,https://kys.udiseplus.gov.in/#/schooldetail/4717425/12,4717425,15/10/2020 12:18,2725
******00488 Operational,,KREDO THE SCHOOL B THANDRAPADU,,,,Andhra Pradesh,7-Upper Pr. and Secondary,39-Pvt.Unaided (CBSE Syllabus),6 To 10,3-Co-educational,1-Rural,Kurnool,B. Thandrapadu (Og),,,NEAR DRDA BUILDING B.THANDRAPADU 1 KURNOOL,518007,kredotheschool2020[at]gmail[dot]com,https://kys.udiseplus.gov.in/#/schooldetail/4720861/12,4720861,29/12/2025 12:26,2725
******02412 Operational,,KREDO THE SCHOOL UP SCHOOL B THANDRAPADU,,,,Andhra Pradesh,2-Primary with Upper Primary,39-Pvt.Unaided (CBSE Syllabus),1 To 8,3-Co-educational,1-Rural,Kurnool,B. Thandrapadu (Og),,,NEAR DRDA BUILDING B.THANDRAPADU 1 KURNOOL,518007,kredotheschool2020[at]gmail[dot]com,https://kys.udiseplus.gov.in/#/schooldetail/4719849/12,4719849,27/12/2025 13:11,2725
******00316 Operational,,KR EM UP SCHOOL PEDDAPADU,,,,Andhra Pradesh,2-Primary with Upper Primary,38-Pvt.Unaided,1 To 7,3-Co-educational,2-Urban,NA,,Kurnool Ward No. 38,Kurnool-Municipal Corporations,147 PEDDAPADU KALLUR MANDAL KURNOOL DIST,518003,sambasivudu79[at]gmail[dot]com,https://kys.udiseplus.gov.in/#/schooldetail/4698876/12,4698876,21/12/2025 11:39,2725
******90595 Operational,,KRISHNAVENI VOCATIONAL JUNIOR COLLEGE MARUTHI NAGAR KALLUR,,,,Andhra Pradesh,11-Higher Secondary only/Jr. College,38-Pvt.Unaided,11 To 12,3-Co-educational,2-Urban,NA,,Kurnool Ward No. 19,Kurnool-Municipal Corporations,"MARUTHI NAGAR,KALLUR",518002,kvjcknl[at]gmail[dot]com,https://kys.udiseplus.gov.in/#/schooldetail/4717399/12,4717399,23/12/2025 20:14,2725
******90606 Closed,Closed,KRISHNAVENI VOC JR COLLEGE,,,,Andhra Pradesh,11-Higher Secondary only/Jr. College,38-Pvt.Unaided,11 To 12,3-Co-educational,2-Urban,NA,,Kurnool Ward No. 1,Kurnool-Municipal Corporations,NA,NA,,https://kys.udiseplus.gov.in/#/schooldetail/4719856/12,4719856,25/10/2024 19:43,2725
******90126 Operational,,KUMBARGIRI MPLPS,,,,Andhra Pradesh,1-Primary,34-MUNCIPAL,1 To 5,3-Co-educational,2-Urban,NA,,Adoni (M) - Ward No.4,Adoni-Municipality,GOKAR TANDA ADONI ADONI (M)(VILLAGE) ADONI(MANDAL) KURNOOL(DIST),518301,sbheemaraju46[at]gmail[dot]com,https://kys.udiseplus.gov.in/#/schooldetail/4699598/12,4699598,02/03/2024 19:09,2725
******91233 Operational,,K V R (EM)H S KVR GARDEN KURNOOL,,,,Andhra Pradesh,7-Upper Pr. and Secondary,38-Pvt.Unaided,6 To 10,3-Co-educational,2-Urban,NA,,Kurnool Ward No. 12,Kurnool-Municipal Corporations,K V R GARDEN OSMANIA COLLEGE ROAD KURNOOL (MCORP)-3(VILLAGE) KURNOOL(MANDAL) KURNOOL(DIST),518001,kvrschool98[at]gmail[dot]com,https://kys.udiseplus.gov.in/#/schooldetail/4698187/12,4698187,05/01/2026 16:06,2725
******91115 Operational,,K V R EM.P.S KVR GARDNS KURNOOL,,,,Andhra Pradesh,1-Primary,38-Pvt.Unaided,1 To 5,3-Co-educational,2-Urban,NA,,Kurnool Ward No. 12,Kurnool-Municipal Corporations,K V R GARDEN OSMANIA COLLEGE ROAD KURNOOL (MCORP)-2(VILLAGE) KURNOOL(MANDAL) KURNOOL(DIST),518001,kvrschool98[at]gmail[dot]com,https://kys.udiseplus.gov.in/#/schooldetail/4698115/12,4698115,05/01/2026 16:14,2725
******01040 Operational,,KVR JUNIOR COLLEGE SAMER REDDY COMPLEX VELDURTHY,,,,Andhra Pradesh,11-Higher Secondary only/Jr. College,38-Pvt.Unaided,11 To 12,3-Co-educational,1-Rural,Veldurthi,Veldurthi,,,shameer reddy complex veldurthy mandal kurnool,518216,kvrcollegeveld15[at]gmail[dot]com,https://kys.udiseplus.gov.in/#/schooldetail/4719599/12,4719599,25/06/2021 16:30,2725
******00812 Operational,,K V R ZPHS(B) MADDIKERA,,,,Andhra Pradesh,7-Upper Pr. and Secondary,33-MPP_ZPP SCHOOLS,6 To 10,3-Co-educational,1-Rural,Maddikera (East),Maddikera (East),,,SAI NAGAR MADDIKERA(EAST) MADDIKERA (EAST)(VILLAGE) MADDIKERA(MANDAL) KURNOOL(DIST),518385,hm.kvrzphsbmaddikera[at]gmail[dot]com,https://kys.udiseplus.gov.in/#/schooldetail/4701931/12,4701931,21/06/2025 10:40,2725
******91347 Operational,,LALITHA NIKETAN EM SCHOOL ADONI,,,,Andhra Pradesh,1-Primary,38-Pvt.Unaided,1 To 5,3-Co-educational,2-Urban,NA,,Adoni (M) - Ward No.22,Adoni-Municipality,karvanpet 23,518301,lalithanikethan14[at]gmail[dot]com,https://kys.udiseplus.gov.in/#/schooldetail/4699703/12,4699703,02/03/2024 19:11,2725
******91375 Operational,,LEELAS EM HIGH SCHOOL SKDCOLONY SKDCOLONY SKD COLONY ADONI,,,,Andhra Pradesh,6-Pr. Up Pr. and Secondary Only,38-Pvt.Unaided,1 To 10,3-Co-educational,2-Urban,NA,,Adoni (M) - Ward No.21,Adoni-Municipality,SKD COLONY 4th ROAD,518301,,https://kys.udiseplus.gov.in/#/schooldetail/4699729/12,4699729,22/06/2024 21:56,2725
******91370 Operational,,"LEIDING E-LIGHTS MODERN EM UPS, KHAJIPRA STREET, ADONI",,,,Andhra Pradesh,2-Primary with Upper Primary,38-Pvt.Unaided,1 To 7,3-Co-educational,2-Urban,NA,,Adoni (M) - Ward No.14,Adoni-Municipality,khajipoora1,518301,,https://kys.udiseplus.gov.in/#/schooldetail/4699724/12,4699724,21/04/2023 15:31,2725
******01423 Operational,,LITTILE ANGELS EM HIGH SCHOOL ALUR,,,,Andhra Pradesh,6-Pr. Up Pr. and Secondary Only,38-Pvt.Unaided,1 To 10,3-Co-educational,1-Rural,Alur,Alur,,,Near Post Office Alur,518395,vijayarajudokka[at]gmail[dot]com,https://kys.udiseplus.gov.in/#/schooldetail/4699832/12,4699832,22/12/2025 13:04,2725
******91206 Permanently Closed,,LITTLE BIRDS H.S CHALLA COMPOUND KURNOOL,,,,Andhra Pradesh,7-Upper Pr. and Secondary,38-Pvt.Unaided,6 To 10,3-Co-educational,2-Urban,NA,,Kurnool Ward No. 47,Kurnool-Municipal Corporations,NA,518004,,https://kys.udiseplus.gov.in/#/schooldetail/4717324/12,4717324,25/10/2024 19:43,2725
******90586 Closed,Closed,LITTLE BIRDS P.S CHALLA COMPOUND KURNOOL,,,,Andhra Pradesh,1-Primary,38-Pvt.Unaided,1 To 5,3-Co-educational,2-Urban,NA,,Kurnool Ward No. 47,Kurnool-Municipal Corporations,38th WARD CHALLA COMPOUND KURNOOL KURNOOL (MCORP)(VILLAGE) KURNOOL(MANDAL) KURNOOL(DIST),518004,,https://kys.udiseplus.gov.in/#/schooldetail/4698094/12,4698094,25/10/2024 19:43,2725
******00202 Operational,,LITTLE FLOWER E/M UPS HBS COLONY,,,,Andhra Pradesh,1-Primary,38-Pvt.Unaided,1 To 5,3-Co-educational,2-Urban,NA,,Yemmiganur (M) - Ward No.1,Yemmiganur-Municipality,YEMMIGANUR H B S COLONY YEMMIGANUR(VILLAGE) YEMMIGANUR(MANDAL) KURNOOL(DIST),518360,nsenschool2821[at]gmail[dot]com,https://kys.udiseplus.gov.in/#/schooldetail/4698198/12,4698198,16/06/2023 15:21,2725
******90181 Operational,,LITTLE FLOWER ENG U.P.SCH,,,,Andhra Pradesh,2-Primary with Upper Primary,38-Pvt.Unaided,1 To 7,3-Co-educational,2-Urban,NA,,Adoni (M) - Ward No.21,Adoni-Municipality,1st WARD ADONI ADONI (M)(VILLAGE) ADONI(MANDAL) KURNOOL(DIST),518301,nag.creep[at]gmail[dot]com,https://kys.udiseplus.gov.in/#/schooldetail/4699651/12,4699651,21/04/2023 15:31,2725
******00228 Operational,,LITTLE FLOWERS H.SYEMMIGANUR,,,,Andhra Pradesh,7-Upper Pr. and Secondary,38-Pvt.Unaided,6 To 10,3-Co-educational,2-Urban,NA,,Yemmiganur (M) - Ward No.1,Yemmiganur-Municipality,YEMMIGANUR YEMMIGANUR YEMMIGANUR(VILLAGE) YEMMIGANUR(MANDAL) KURNOOL(DIST),518360,littleflowerschool228[at]gmail[dot]com,https://kys.udiseplus.gov.in/#/schooldetail/4699242/12,4699242,30/11/2023 13:18,2725
******01408 Operational,,LITTLE FLOWERS UPS E.THANDRAPADU,,,,Andhra Pradesh,2-Primary with Upper Primary,38-Pvt.Unaided,1 To 7,3-Co-educational,1-Rural,Kurnool,E.Thandrapadu,,,E.THANDRAPADU E.THANDRAPADU E.THANDRAPADU(VILLAGE) KURNOOL(MANDAL) KURNOOL(DIST),518004,,https://kys.udiseplus.gov.in/#/schooldetail/4697952/12,4697952,27/12/2025 10:23,2725
******00405 Operational,,LITTLE GEMS EM/TM UPS PERAVALI,,,,Andhra Pradesh,2-Primary with Upper Primary,38-Pvt.Unaided,1 To 7,3-Co-educational,1-Rural,Maddikera (East),Peravali,,,PERAVALI PERAVALI PERAVALI(VILLAGE) MADDIKERA(MANDAL) KURNOOL(DIST),518390,,https://kys.udiseplus.gov.in/#/schooldetail/4701904/12,4701904,16/06/2023 15:21,2725
******90568 Operational,,"LITTLE GENIUS EM UP SCHOOL RAJIV GRUHAKALPA, KALLUR",,,,Andhra Pradesh,2-Primary with Upper Primary,38-Pvt.Unaided,1 To 7,3-Co-educational,2-Urban,NA,,Kurnool Ward No. 36,Kurnool-Municipal Corporations,Rajiv gruhakalapa Peddapadu Road,518003,goudkarthik09[at]gmail[dot]com,https://kys.udiseplus.gov.in/#/schooldetail/4699067/12,4699067,23/12/2025 20:47,2725
******01324 Operational,,"LITTLE GENIUS PUBLIC SCHOOL, NANDAVARAM",,,,Andhra Pradesh,2-Primary with Upper Primary,38-Pvt.Unaided,1 To 7,3-Co-educational,1-Rural,Nandavaram,Nandavaram,,,"SY NO 1156, NAGALADINNE ROAD, NANDAVARAM, KURNOOL(dt),AP",518343,littlegeniuspublicschool2024[at]gmail[dot]com,https://kys.udiseplus.gov.in/#/schooldetail/4721799/12,4721799,19/12/2025 16:43,2725
******91261 Operational,,"LITTLE HEARTS EM HS, NEAR NEW EEDGA",,,,Andhra Pradesh,7-Upper Pr. and Secondary,38-Pvt.Unaided,6 To 10,3-Co-educational,2-Urban,NA,,Kurnool Ward No. 41,Kurnool-Municipal Corporations,VISHNU TOWNSHIP NEAR NEW EDDGA KURNOOL (MCORP)-3(VILLAGE) KURNOOL(MANDAL) KURNOOL(DIST),518003,littlehearts68[at]gmail[dot]com,https://kys.udiseplus.gov.in/#/schooldetail/4698205/12,4698205,25/10/2024 19:43,2725
******91306 Operational,,"LITTLE HEARTS EM PS, NEAR NEW EEDGA",,,,Andhra Pradesh,1-Primary,38-Pvt.Unaided,1 To 5,3-Co-educational,2-Urban,NA,,Kurnool Ward No. 41,Kurnool-Municipal Corporations,VISHNU TOWNSHIP NEAR NEW EDDGA KURNOOL (MCORP)-3(VILLAGE) KURNOOL(MANDAL) KURNOOL(DIST),518003,littlehearts68[at]gmail[dot]com,https://kys.udiseplus.gov.in/#/schooldetail/4698211/12,4698211,25/10/2024 19:43,2725
******00279 Operational,,LITTLE PLANET EM UP SCHOOL PAMPANNA GOUD COLONY,,,,Andhra Pradesh,2-Primary with Upper Primary,38-Pvt.Unaided,1 To 7,3-Co-educational,2-Urban,NA,,Yemmiganur (M) - Ward No.1,Yemmiganur-Municipality,pampanna goud colony,518360,kmadhurimani[at]gmail[dot]com,https://kys.udiseplus.gov.in/#/schooldetail/4719584/12,4719584,16/06/2023 15:21,2725
******91415 Permanently Closed,,LITTLE ROSE EM UP SCHOOLLAL MASJED ROAD,,,,Andhra Pradesh,2-Primary with Upper Primary,38-Pvt.Unaided,1 To 7,3-Co-educational,2-Urban,NA,,Kurnool Ward No. 9,Kurnool-Municipal Corporations,NA,518001,,https://kys.udiseplus.gov.in/#/schooldetail/4697211/12,4697211,25/10/2024 19:43,2725
******90564 Operational,,LITTLE ROSES UP SCHOOL MADHAVI NAGAR,,,,Andhra Pradesh,2-Primary with Upper Primary,38-Pvt.Unaided,1 To 7,3-Co-educational,2-Urban,NA,,Kurnool Ward No. 20,Kurnool-Municipal Corporations,kallur mandal kurnool,518002,halimunnisabegum786[at]gmail[dot]com,https://kys.udiseplus.gov.in/#/schooldetail/4699060/12,4699060,23/12/2025 20:51,2725
******91460 Operational,,LITTLE SCHOLARS EM HS KAVADI STREET KNL,,,,Andhra Pradesh,7-Upper Pr. and Secondary,38-Pvt.Unaided,6 To 10,3-Co-educational,2-Urban,NA,,Kurnool Ward No. 9,Kurnool-Municipal Corporations,KURNOOL MCORP - 5,518001,littlescholars9393[at]gmail[dot]com,https://kys.udiseplus.gov.in/#/schooldetail/4698310/12,4698310,25/10/2024 19:43,2725
******91411 Operational,,LITTLE SCHOLARS EM UPSCHOOLKAWADI STREET,,,,Andhra Pradesh,1-Primary,38-Pvt.Unaided,1 To 5,3-Co-educational,2-Urban,NA,,Kurnool Ward No. 9,Kurnool-Municipal Corporations,KURNOOL MCORP - 5 KURNOOL,518001,littlescholars9393[at]gmail[dot]com,https://kys.udiseplus.gov.in/#/schooldetail/4698273/12,4698273,25/10/2024 19:43,2725
******91475 Permanently Closed,,LITTLE STARS EM UPS MASOOM BASHA DARGAH KNL,,,,Andhra Pradesh,2-Primary with Upper Primary,61-Unrecognised Schools,1 To 7,3-Co-educational,9-NA,NA,,,,NA,518001,,https://kys.udiseplus.gov.in/#/schooldetail/4698323/12,4698323,25/10/2024 19:43,2725
******01109 Closed,Closed,LOHITA CONVEN UPS PANCHALINGALA,,,,Andhra Pradesh,2-Primary with Upper Primary,38-Pvt.Unaided,1 To 7,3-Co-educational,1-Rural,Kurnool,Panchalingala,,,PANCHALINGALA KURNOOL PANCHALINGALA(VILLAGE) KURNOOL(MANDAL) KURNOOL(DIST),518004,,https://kys.udiseplus.gov.in/#/schooldetail/4696847/12,4696847,15/10/2020 12:18,2725
******91153 Permanently Closed,,LORD VENKATESHWARA ENG.ME SCHOOL OLD BUS-STAND KURNOOL,,,,Andhra Pradesh,2-Primary with Upper Primary,38-Pvt.Unaided,1 To 7,3-Co-educational,9-NA,NA,,,,NA,518001,,https://kys.udiseplus.gov.in/#/schooldetail/4717322/12,4717322,25/10/2024 19:43,2725
******00410 Operational,,LOYOLA EM UPS RS PENDEKAL TUGGALI,,,,Andhra Pradesh,2-Primary with Upper Primary,38-Pvt.Unaided,1 To 7,3-Co-educational,1-Rural,Tuggali,Pendikallu,,,TUGGALI TUGGALI KURNOOL-518390,518467,vishnu96522[at]gmail[dot]com,https://kys.udiseplus.gov.in/#/schooldetail/4719636/12,4719636,21/04/2023 15:31,2725
******91413 Operational,,"L.R.E.M EM UPS, V R COLONY",,,,Andhra Pradesh,2-Primary with Upper Primary,38-Pvt.Unaided,1 To 8,3-Co-educational,2-Urban,NA,,Kurnool Ward No. 45,Kurnool-Municipal Corporations,ASHOK NAGAR VR COLONY ROAD NO -5,518004,venkataramanab849[at]gmail[dot]com,https://kys.udiseplus.gov.in/#/schooldetail/4697209/12,4697209,25/10/2024 19:43,2725
******91060 Operational,,MACHANI SOMAPPA ENG (AIDED) HIGH SCHOOL,,,,Andhra Pradesh,7-Upper Pr. and Secondary,38-Pvt.Unaided,6 To 10,3-Co-educational,2-Urban,NA,,Yemmiganur Ward No. 30,Yemmiganur-Municipality,YEMMIGANUR (VILLAGE) YEMMIGANUR (MANDAL) KURNOOL(DIST),518360,msemhs[at]gmail[dot]com,https://kys.udiseplus.gov.in/#/schooldetail/4699390/12,4699390,19/09/2024 13:43,2725
******91025 Operational,,MACHANI SOMMAPPA ENG MED,,,,Andhra Pradesh,1-Primary,38-Pvt.Unaided,1 To 5,3-Co-educational,2-Urban,NA,,Yemmiganur Ward No. 30,Yemmiganur-Municipality,YEMMIGANUR ( YEMMIGANUR YEMMIGANUR(M)(VILLAGE) YEMMIGANUR(MANDAL) KURNOOL(DIST),518360,msemhs[at]gmail[dot]com,https://kys.udiseplus.gov.in/#/schooldetail/4650429/12,4650429,12/02/2024 19:28,2725
******91194 Operational,,MADARAPU HUSSAINAPPA HIGH SCHOOL SREE RAM NAGAR KURNOOL,,,,Andhra Pradesh,7-Upper Pr. and Secondary,35-Pvt.Aided,6 To 10,3-Co-educational,2-Urban,NA,,Kurnool Ward No. 22,Kurnool-Municipal Corporations,KURNOOL (M.CORP) SREE RAMANAGAR KURNOOL (MCORP)-2(VILLAGE) KURNOOL(MANDAL) KURNOOL(DIST),518002,mathsa2003[at]gmail[dot]com,https://kys.udiseplus.gov.in/#/schooldetail/4698158/12,4698158,05/01/2026 15:51,2725
******02410 Closed,Closed,MADARASA ALBANATHU SALIHAT B THANDRAPADU,,,,Andhra Pradesh,2-Primary with Upper Primary,98-Madarsa Unrecognized,1 To 7,2-Girls,1-Rural,Kurnool,B. Thandrapadu (Og),,,BThandrapadu,518004,meo.kurnool07[at]gmail[dot]com,https://kys.udiseplus.gov.in/#/schooldetail/4696917/12,4696917,10/05/2022 17:25,2725
******91455 Permanently Closed,,MADARASA-AL-FALAH,,,,Andhra Pradesh,2-Primary with Upper Primary,98-Madarsa Unrecognized,1 To 7,3-Co-educational,2-Urban,NA,,Kurnool Ward No. 7,Kurnool-Municipal Corporations,NA,518001,,https://kys.udiseplus.gov.in/#/schooldetail/4717343/12,4717343,25/10/2024 19:43,2725
******90549 Permanently Closed,,MADARASA AL-NOOR HEALTH EDUCATIONAL SOCIETY,,,,Andhra Pradesh,1-Primary,98-Madarsa Unrecognized,1 To 5,3-Co-educational,9-NA,NA,,,,NA,518002,,https://kys.udiseplus.gov.in/#/schooldetail/4717393/12,4717393,15/10/2020 12:18,2725
******91360 Operational,,"MADARASA ARABIA HABEEBUL ULOOM, CHITTARI STREET",,,,Andhra Pradesh,2-Primary with Upper Primary,98-Madarsa Unrecognized,1 To 8,3-Co-educational,2-Urban,NA,,Kurnool Ward No. 7,Kurnool-Municipal Corporations,NEAR METT WATER TANK KURNOOL,518001,meo.kurnool07[at]gmail[dot]com,https://kys.udiseplus.gov.in/#/schooldetail/4698239/12,4698239,25/10/2024 19:43,2725
******91466 Closed,Closed,"MADARASA ARABIA KGN, OSMANIA COLLEGE ROAD, KNL",,,,Andhra Pradesh,2-Primary with Upper Primary,98-Madarsa Unrecognized,1 To 8,2-Girls,2-Urban,NA,,Kurnool Ward No. 8,Kurnool-Municipal Corporations,OSMANIA COLLEGE,518001,makgn[at]gmail[dot]com,https://kys.udiseplus.gov.in/#/schooldetail/4698315/12,4698315,25/10/2024 19:43,2725
******91436 Closed,Closed,"MADARASA ARABIA NAZIMA IQBAL, BEKAR KATTA, NEAR I TOWN",,,,Andhra Pradesh,1-Primary,98-Madarsa Unrecognized,1 To 5,2-Girls,2-Urban,NA,,Kurnool Ward No. 8,Kurnool-Municipal Corporations,BEKAR KATTA MCORP 5 KURNOOL,518001,,https://kys.udiseplus.gov.in/#/schooldetail/4698291/12,4698291,25/10/2024 19:43,2725
******91435 Closed,Closed,"MADARASA -ARABIA REHANA IQBAL, PEDDA PADAKANA, NEAR I TOWN",,,,Andhra Pradesh,1-Primary,98-Madarsa Unrecognized,1 To 5,3-Co-educational,2-Urban,NA,,Kurnool Ward No. 8,Kurnool-Municipal Corporations,pedda padakana MCORP 5 KURNOOL,518001,,https://kys.udiseplus.gov.in/#/schooldetail/4698290/12,4698290,25/10/2024 19:43,2725
******91369 Closed,Closed,MADARASA-E-AHMADIA,,,,Andhra Pradesh,1-Primary,98-Madarsa Unrecognized,1 To 5,3-Co-educational,2-Urban,NA,,Kurnool Ward No. 4,Kurnool-Municipal Corporations,pola bazae,518001,,https://kys.udiseplus.gov.in/#/schooldetail/4712193/12,4712193,25/10/2024 19:43,2725
******91370 Permanently Closed,,"MADARASA-E-AL-AJAR, NR PETA",,,,Andhra Pradesh,1-Primary,98-Madarsa Unrecognized,1 To 5,3-Co-educational,2-Urban,NA,,Kurnool Ward No. 51,Kurnool-Municipal Corporations,NA,518004,,https://kys.udiseplus.gov.in/#/schooldetail/4698242/12,4698242,25/10/2024 19:43,2725
******91358 Permanently Closed,,MADARASA-E-AL-JAMIYATUL ISLAMIA DARUL ULOOM,,,,Andhra Pradesh,2-Primary with Upper Primary,98-Madarsa Unrecognized,1 To 8,3-Co-educational,9-NA,NA,,,,NA,518001,,https://kys.udiseplus.gov.in/#/schooldetail/4717335/12,4717335,25/10/2024 19:43,2725
******91357 Operational,,"MADARASA-E-ALKAWSAR, POOLA BAZAR",,,,Andhra Pradesh,1-Primary,98-Madarsa Unrecognized,1 To 5,3-Co-educational,2-Urban,NA,,Kurnool Ward No. 3,Kurnool-Municipal Corporations,poola bazar,518001,babafakhruddin76[at]gmail[dot]com,https://kys.udiseplus.gov.in/#/schooldetail/4698238/12,4698238,25/10/2024 19:43,2725
******91468 Permanently Closed,,MADARASA-E-AMEENA KOTHAPETA KNL,,,,Andhra Pradesh,1-Primary,98-Madarsa Unrecognized,1 To 5,3-Co-educational,2-Urban,NA,,Kurnool Ward No. 50,Kurnool-Municipal Corporations,NA,518001,,https://kys.udiseplus.gov.in/#/schooldetail/4717344/12,4717344,25/10/2024 19:43,2725
******01021 Operational,,MADARASA-E-AMEENA LIL BANATH,,,,Andhra Pradesh,2-Primary with Upper Primary,98-Madarsa Unrecognized,1 To 8,3-Co-educational,2-Urban,NA,,Kurnool Ward No. 3,Kurnool-Municipal Corporations,mamidalapadu KURNOOL,518004,meo.kurnoolurban55[at]gmail[dot]com,https://kys.udiseplus.gov.in/#/schooldetail/4697934/12,4697934,21/12/2025 21:17,2725
******91446 Operational,,MADARASA-E-ANJUMAN-E-ISLAMIAH ARABIC PATASALA,,,,Andhra Pradesh,2-Primary with Upper Primary,98-Madarsa Unrecognized,1 To 7,3-Co-educational,2-Urban,NA,,Kurnool Ward No. 8,Kurnool-Municipal Corporations,OSMANIA COLLEGE ROAD,518001,islamiaharbicdegreecollege[at]gmail[dot]com,https://kys.udiseplus.gov.in/#/schooldetail/4698303/12,4698303,25/10/2024 19:43,2725
******91379 Permanently Closed,,MADARASA-E-AQSHA,,,,Andhra Pradesh,1-Primary,98-Madarsa Unrecognized,1 To 5,3-Co-educational,9-NA,NA,,,,NA,518003,,https://kys.udiseplus.gov.in/#/schooldetail/4650355/12,4650355,25/10/2024 19:43,2725
******02204 Operational,,MADARASA-E-ARABIA QAMRUNNISA JOHARAPURAM KNL,,,,Andhra Pradesh,1-Primary,98-Madarsa Unrecognized,1 To 5,3-Co-educational,2-Urban,NA,,Kurnool Ward No. 18,Kurnool-Municipal Corporations,JOHARAPURAM,518002,,https://kys.udiseplus.gov.in/#/schooldetail/4697980/12,4697980,25/10/2024 19:43,2725
******00499 Operational,,MADARASA-E-ARBIA MISBAHUL ULOOM WEAKAR SECTION COLONY KALLUR,,,,Andhra Pradesh,2-Primary with Upper Primary,98-Madarsa Unrecognized,1 To 8,3-Co-educational,2-Urban,NA,,Kurnool Ward No. 41,Kurnool-Municipal Corporations,WC COLONY KALLUR KURNOOL,518005,misbahululoominfo[at]gmail[dot]com,https://kys.udiseplus.gov.in/#/schooldetail/4698917/12,4698917,22/12/2025 10:44,2725
******91372 Permanently Closed,,MADARASA-E-DARUL ULOOM KHUDUSIA,,,,Andhra Pradesh,1-Primary,98-Madarsa Unrecognized,1 To 5,3-Co-educational,9-NA,NA,,,,NA,518001,,https://kys.udiseplus.gov.in/#/schooldetail/4717336/12,4717336,25/10/2024 19:43,2725
******90552 Operational,,"MADARASA E- DARUL ULOOM RASHEEDA AZEED,B.C COLONY",,,,Andhra Pradesh,2-Primary with Upper Primary,98-Madarsa Unrecognized,1 To 7,3-Co-educational,2-Urban,NA,,Kurnool Ward No. 41,Kurnool-Municipal Corporations,wc colony kallur mandal kurnool kurnool dist,518002,,https://kys.udiseplus.gov.in/#/schooldetail/4698025/12,4698025,23/12/2025 20:46,2725
******00908 Permanently Closed,,MADARASA -E-DARUL ULOOM SABEELUL HASANATH,,,,Andhra Pradesh,1-Primary,98-Madarsa Unrecognized,1 To 5,1-Boys,1-Rural,Kurnool,NA,,,NA,518004,,https://kys.udiseplus.gov.in/#/schooldetail/4717300/12,4717300,25/10/2024 19:43,2725
******91375 Operational,,"MADARASA-E-FAIZANE LATEEF, OSMANIA COLLEGE ROAD",,,,Andhra Pradesh,2-Primary with Upper Primary,98-Madarsa Unrecognized,1 To 7,3-Co-educational,2-Urban,NA,,Kurnool Ward No. 8,Kurnool-Municipal Corporations,osmania college,518001,munwar83[at]yahoo[dot]com,https://kys.udiseplus.gov.in/#/schooldetail/4698245/12,4698245,25/10/2024 19:43,2725
******91458 Permanently Closed,,"MADARASA-E-FAZAL LIL BANATH, KAMELA ROAD",,,,Andhra Pradesh,2-Primary with Upper Primary,98-Madarsa Unrecognized,1 To 7,3-Co-educational,2-Urban,NA,,Kurnool Ward No. 7,Kurnool-Municipal Corporations,NA,518002,,https://kys.udiseplus.gov.in/#/schooldetail/4698308/12,4698308,25/10/2024 19:43,2725
******90547 Operational,,MADARASA E-HAZARAT ALI,,,,Andhra Pradesh,1-Primary,98-Madarsa Unrecognized,1 To 5,3-Co-educational,2-Urban,NA,,Kurnool Ward No. 41,Kurnool-Municipal Corporations,wc colonykallur mandal kurnool dist,518002,,https://kys.udiseplus.gov.in/#/schooldetail/4699051/12,4699051,24/12/2025 07:11,2725
******91378 Permanently Closed,,MADARASA -E-HUSSAINI,,,,Andhra Pradesh,2-Primary with Upper Primary,98-Madarsa Unrecognized,1 To 6,3-Co-educational,2-Urban,NA,,Kurnool Ward No. 48,Kurnool-Municipal Corporations,NA,518004,,https://kys.udiseplus.gov.in/#/schooldetail/4717337/12,4717337,25/10/2024 19:43,2725
******91457 Operational,,MADARASA-E-IQRAH FORT BUDHAVARPET KNL,,,,Andhra Pradesh,1-Primary,98-Madarsa Unrecognized,1 To 5,3-Co-educational,2-Urban,NA,,Kurnool Ward No. 8,Kurnool-Municipal Corporations,bekar katta,518002,aliyabeg4[at]gmail[dot]com,https://kys.udiseplus.gov.in/#/schooldetail/4698307/12,4698307,25/10/2024 19:43,2725
******91438 Permanently Closed,,MADARASA - E - KHUTIZATUL KUBRA WARD - 14 RAJIV GRUHAKALPA,,,,Andhra Pradesh,1-Primary,98-Madarsa Unrecognized,1 To 5,3-Co-educational,2-Urban,NA,,Kurnool Ward No. 36,Kurnool-Municipal Corporations,NA,518001,,https://kys.udiseplus.gov.in/#/schooldetail/4717342/12,4717342,25/10/2024 19:43,2725
******91371 Closed,Closed,"MADARASA-E-MADINA, KUMMARI STREET",,,,Andhra Pradesh,1-Primary,98-Madarsa Unrecognized,1 To 5,3-Co-educational,2-Urban,NA,,Kurnool Ward No. 3,Kurnool-Municipal Corporations,KUMMARI STREET,518001,mem[at]gmail[dot]com,https://kys.udiseplus.gov.in/#/schooldetail/4698243/12,4698243,25/10/2024 19:43,2725
******90572 Closed,Closed,MADARASA E MASOOMIA WEAKER SECTION COLONY KALLUR,,,,Andhra Pradesh,2-Primary with Upper Primary,98-Madarsa Unrecognized,1 To 8,3-Co-educational,2-Urban,NA,,Kurnool Ward No. 41,Kurnool-Municipal Corporations,Weaker section colony kallur mandal. Kurnool. 518003,518001,bashabasheer1[at]gmail[dot]com,https://kys.udiseplus.gov.in/#/schooldetail/4699070/12,4699070,29/12/2022 16:13,2725
******91431 Permanently Closed,,"MADARASA E MOHAMMADIA NEAR JAMMI CHETTU, GADDA STREET",,,,Andhra Pradesh,1-Primary,98-Madarsa Unrecognized,1 To 5,3-Co-educational,2-Urban,NA,,Kurnool Ward No. 7,Kurnool-Municipal Corporations,NA,518002,,https://kys.udiseplus.gov.in/#/schooldetail/4698287/12,4698287,25/10/2024 19:43,2725
******91363 Closed,Closed,MADARASA-E-MUMTAZ UL ULOOM,,,,Andhra Pradesh,1-Primary,98-Madarsa Unrecognized,1 To 5,3-Co-educational,2-Urban,NA,,Kurnool Ward No. 5,Kurnool-Municipal Corporations,NEAR BHADRAVTHI TEMPLE CHITTARI STREET,518004,,https://kys.udiseplus.gov.in/#/schooldetail/4698240/12,4698240,25/10/2024 19:43,2725
******91463 Closed,Closed,MADARASA-E-MUZAMMIL FORT ALI SHARE BHAG STREET KNL,,,,Andhra Pradesh,1-Primary,98-Madarsa Unrecognized,1 To 5,3-Co-educational,2-Urban,NA,,Kurnool Ward No. 3,Kurnool-Municipal Corporations,KURNOOL MCORP-5 KURNOO518001L,518001,maliksir02[at]gmail[dot]com,https://kys.udiseplus.gov.in/#/schooldetail/4698313/12,4698313,30/10/2024 10:20,2725
******91467 Closed,Closed,MADARASA-E-NIZAMUDDIN CHITTARI STREET KNL,,,,Andhra Pradesh,1-Primary,98-Madarsa Unrecognized,1 To 5,3-Co-educational,2-Urban,NA,,Kurnool Ward No. 4,Kurnool-Municipal Corporations,MCORP 4 chittaristreet kurnool,518001,parveennayab1978[at]gmail[dot]com,https://kys.udiseplus.gov.in/#/schooldetail/4698316/12,4698316,25/10/2024 19:43,2725
******91377 Closed,Closed,"MADARASA -E- NOORANI, BANDIMETTA",,,,Andhra Pradesh,1-Primary,98-Madarsa Unrecognized,1 To 5,3-Co-educational,2-Urban,NA,,Kurnool Ward No. 2,Kurnool-Municipal Corporations,bandimetta,518004,,https://kys.udiseplus.gov.in/#/schooldetail/4698247/12,4698247,25/10/2024 19:43,2725
******91373 Operational,,"MADARASA -E OSMAN IBNE AFWAN, GAREEB NAGAR",,,,Andhra Pradesh,1-Primary,98-Madarsa Unrecognized,1 To 5,3-Co-educational,2-Urban,NA,,Kurnool Ward No. 8,Kurnool-Municipal Corporations,JOHARAPURAM,518001,,https://kys.udiseplus.gov.in/#/schooldetail/4697173/12,4697173,25/10/2024 19:43,2725
******91437 Closed,Closed,MADARASA - E- RAHEMAUL ULOOM KHALLA STREET,,,,Andhra Pradesh,1-Primary,98-Madarsa Unrecognized,1 To 5,3-Co-educational,2-Urban,NA,,Kurnool Ward No. 2,Kurnool-Municipal Corporations,poolabazar,518001,,https://kys.udiseplus.gov.in/#/schooldetail/4698292/12,4698292,25/10/2024 19:43,2725
******90548 Permanently Closed,,MADARASA E-RAHMANIA LIL BANAT,,,,Andhra Pradesh,1-Primary,98-Madarsa Unrecognized,1 To 5,3-Co-educational,9-NA,NA,,,,NA,518002,,https://kys.udiseplus.gov.in/#/schooldetail/4699052/12,4699052,15/10/2020 12:18,2725
******00234 Closed,Closed,MADARASA-E-REHMANIA NTR NAGAR,,,,Andhra Pradesh,1-Primary,98-Madarsa Unrecognized,1 To 5,3-Co-educational,2-Urban,NA,,Yemmiganur (M) - Ward No.4,Yemmiganur-Municipality,NTR NAGAR YEMMIGNAUR YEMMIGANUR(VILLAGE) YEMMIGANUR(MANDAL) KURNOOL(DIST),518360,,https://kys.udiseplus.gov.in/#/schooldetail/4699247/12,4699247,10/05/2022 06:00,2725
******90555 Operational,,MADARASA E-RIYAZUL ULOOM WAL-BANATSHAREEN NAGAR,,,,Andhra Pradesh,2-Primary with Upper Primary,98-Madarsa Unrecognized,1 To 8,3-Co-educational,2-Urban,NA,,Kurnool Ward No. 30,Kurnool-Municipal Corporations,WC COLONY KALLUR KURNOOL,518002,,https://kys.udiseplus.gov.in/#/schooldetail/4698027/12,4698027,23/12/2025 20:51,2725
******01022 Closed,Closed,MADARASA-E-ROZATUL ULOOM,,,,Andhra Pradesh,2-Primary with Upper Primary,98-Madarsa Unrecognized,1 To 7,3-Co-educational,1-Rural,Kurnool,NA,,,SANTHOSH NAGAR,518004,,https://kys.udiseplus.gov.in/#/schooldetail/4697935/12,4697935,25/10/2024 19:43,2725
******91376 Closed,Closed,"MADARASA-E- SADIYA NISWAN, TELUGU STREET",,,,Andhra Pradesh,2-Primary with Upper Primary,98-Madarsa Unrecognized,1 To 8,3-Co-educational,2-Urban,NA,,Kurnool Ward No. 9,Kurnool-Municipal Corporations,RASILDHAR STREET OPP OSMANIA COLLEGE,518002,yewwsknl[at]gmail[dot]com,https://kys.udiseplus.gov.in/#/schooldetail/4698246/12,4698246,12/11/2024 20:10,2725
******90576 Permanently Closed,,MADARASA-E-SAHABA(R.A) WEAKER SECTION COLONY KALLUR,,,,Andhra Pradesh,1-Primary,98-Madarsa Unrecognized,1 To 5,3-Co-educational,9-NA,NA,,,,NA,518003,,https://kys.udiseplus.gov.in/#/schooldetail/4717397/12,4717397,15/10/2020 12:18,2725
******00626 Permanently Closed,,MADARASA-E-SIRAJUL ULOOM,,,,Andhra Pradesh,1-Primary,98-Madarsa Unrecognized,1 To 5,1-Boys,2-Urban,NA,,Gudur (M) - Ward No.13,Gudur (kurnool)-Town Panchayat,NA,518466,,https://kys.udiseplus.gov.in/#/schooldetail/4717299/12,4717299,15/10/2020 12:18,2725
******91462 Permanently Closed,,MADARASA-E-TALEEMUL QURAN KING MARKET KNL,,,,Andhra Pradesh,1-Primary,98-Madarsa Unrecognized,1 To 5,3-Co-educational,2-Urban,NA,,Kurnool Ward No. 2,Kurnool-Municipal Corporations,NA,518001,,https://kys.udiseplus.gov.in/#/schooldetail/4698312/12,4698312,25/10/2024 19:43,2725
******02206 Operational,,MADARASA E TAYYABA JOHARAPURAM,,,,Andhra Pradesh,1-Primary,98-Madarsa Unrecognized,1 To 5,3-Co-educational,2-Urban,NA,,Kurnool Ward No. 18,Kurnool-Municipal Corporations,JOHARAPURAM,518002,shaik.nazia2006[at]gmail[dot]com,https://kys.udiseplus.gov.in/#/schooldetail/4697982/12,4697982,25/10/2024 19:43,2725
******91367 Operational,,"MADARASA -E-UMMA SALMALIL BANATH, KHADAK PURA STREET",,,,Andhra Pradesh,2-Primary with Upper Primary,98-Madarsa Unrecognized,1 To 7,3-Co-educational,2-Urban,NA,,Kurnool Ward No. 12,Kurnool-Municipal Corporations,khadakpura,518004,meu[at]gmail[dot]com,https://kys.udiseplus.gov.in/#/schooldetail/4698241/12,4698241,25/10/2024 19:43,2725
******91465 Permanently Closed,,"MADARASA-E-YASEEN, JOHARAPURAM",,,,Andhra Pradesh,1-Primary,98-Madarsa Unrecognized,1 To 5,3-Co-educational,2-Urban,NA,,Kurnool Ward No. 18,Kurnool-Municipal Corporations,NA,518002,,https://kys.udiseplus.gov.in/#/schooldetail/4698279/12,4698279,25/10/2024 19:43,2725
******90550 Permanently Closed,,MADARASA HASSAIN EDUCATION SOCIETY,,,,Andhra Pradesh,1-Primary,98-Madarsa Unrecognized,1 To 5,3-Co-educational,9-NA,NA,,,,NA,518002,,https://kys.udiseplus.gov.in/#/schooldetail/4717394/12,4717394,15/10/2020 12:18,2725
******91451 Closed,Closed,"MADARASA JAMIA ISLAMIA ASHRAFUL ULOOM, BANDIMETTA",,,,Andhra Pradesh,2-Primary with Upper Primary,98-Madarsa Unrecognized,1 To 8,3-Co-educational,2-Urban,NA,,Kurnool Ward No. 2,Kurnool-Municipal Corporations,bandimetta,518001,mji[at]gmail[dot]com,https://kys.udiseplus.gov.in/#/schooldetail/4698304/12,4698304,25/10/2024 19:43,2725
******90551 Permanently Closed,,MADARASA KURNOOLMUSLIM MINORITY EDUCATION SOCIETY,,,,Andhra Pradesh,1-Primary,98-Madarsa Unrecognized,1 To 5,3-Co-educational,9-NA,NA,,,,NA,518002,,https://kys.udiseplus.gov.in/#/schooldetail/4717395/12,4717395,15/10/2020 12:18,2725
******01409 Permanently Closed,,MADARASA PEACE INTERNATIONAL UP SCHOOL,,,,Andhra Pradesh,2-Primary with Upper Primary,98-Madarsa Unrecognized,1 To 8,3-Co-educational,1-Rural,Kurnool,E.Thandrapadu,,,NA,518001,,https://kys.udiseplus.gov.in/#/schooldetail/4717305/12,4717305,25/10/2024 19:43,2725
******01020 Operational,,MADARASA-R- ARIFIA,,,,Andhra Pradesh,1-Primary,98-Madarsa Unrecognized,1 To 5,3-Co-educational,2-Urban,NA,,Kurnool Ward No. 39,Kurnool-Municipal Corporations,MAMIDALAPADU KURNOOL,518004,,https://kys.udiseplus.gov.in/#/schooldetail/4697933/12,4697933,05/01/2026 15:33,2725
******00202 Closed,Closed,MADARASA SIRAJUL ULOOM PONNAKAL,,,,Andhra Pradesh,2-Primary with Upper Primary,98-Madarsa Unrecognized,1 To 8,1-Boys,1-Rural,Gudur,Ponnakallu,,,Ponnakal village Gudur mandal Kurnool DIstrict,518466,meo.gudur[at]gmail[dot]com,https://kys.udiseplus.gov.in/#/schooldetail/4697838/12,4697838,19/08/2025 16:43,2725
******90566 Operational,,MADARSA ARSHIYA NISWAN KALLUR,,,,Andhra Pradesh,2-Primary with Upper Primary,98-Madarsa Unrecognized,1 To 8,3-Co-educational,2-Urban,NA,,Kurnool Ward No. 41,Kurnool-Municipal Corporations,weaker section colony,518003,sameenashaik739[at]gmail[dot]com,https://kys.udiseplus.gov.in/#/schooldetail/4699064/12,4699064,23/12/2025 20:52,2725
******91432 Operational,,MADARSA -E-SHAMSIA,,,,Andhra Pradesh,2-Primary with Upper Primary,98-Madarsa Unrecognized,1 To 8,3-Co-educational,2-Urban,NA,,Kurnool Ward No. 6,Kurnool-Municipal Corporations,gadda street,518002,hafizubaidulhaq[at]gmail[dot]com,https://kys.udiseplus.gov.in/#/schooldetail/4698288/12,4698288,25/10/2024 19:43,2725
******00921 Permanently Closed,,MADARSA FATHIMA ALBANATH SALEHAT,,,,Andhra Pradesh,2-Primary with Upper Primary,98-Madarsa Unrecognized,1 To 7,3-Co-educational,1-Rural,C.Belagal,C.Belagal,,,NA,518462,,https://kys.udiseplus.gov.in/#/schooldetail/4697830/12,4697830,15/10/2020 12:18,2725
******91448 Operational,,MADINA EM UPS BALAJI NAGAR STANTANPURAM KURNOOL,,,,Andhra Pradesh,2-Primary with Upper Primary,38-Pvt.Unaided,1 To 7,3-Co-educational,2-Urban,NA,,Kurnool Ward No. 39,Kurnool-Municipal Corporations,BALAJI NAGAR STANTANPURAM KURNOOL,518006,hafizusmanmis[at]gmail[dot]com,https://kys.udiseplus.gov.in/#/schooldetail/4697241/12,4697241,05/01/2026 15:29,2725
******91488 Operational,,MADRASA AL FALAH KAMELA GADDA,,,,Andhra Pradesh,2-Primary with Upper Primary,98-Madarsa Unrecognized,1 To 7,3-Co-educational,2-Urban,NA,,Kurnool Ward No. 8,Kurnool-Municipal Corporations,gadda street,518002,meo.kurnool[at]gmail[dot]com,https://kys.udiseplus.gov.in/#/schooldetail/4697272/12,4697272,25/10/2024 19:43,2725
******00239 Permanently Closed,,MADRASA-AQSA LILBANTAH,,,,Andhra Pradesh,1-Primary,98-Madarsa Unrecognized,1 To 5,2-Girls,2-Urban,NA,,Yemmiganur (M) - Ward No.16,Yemmiganur-Municipality,NA,518360,,https://kys.udiseplus.gov.in/#/schooldetail/4717402/12,4717402,15/10/2020 12:18,2725
******00268 Operational,,MADRASA - E - ALARFA ABDULLA NAGAR YEMMIGANUR,,,,Andhra Pradesh,1-Primary,98-Madarsa Unrecognized,1 To 5,3-Co-educational,2-Urban,NA,,Yemmiganur (M) - Ward No.15,Yemmiganur-Municipality,18/684-a abdulla nagar yemmiganur 518360,518360,gafoorabdul19[at]gmail[dot]com,https://kys.udiseplus.gov.in/#/schooldetail/4699267/12,4699267,25/06/2021 17:42,2725
******00236 Permanently Closed,,MADRASA-E-FAIZANE SAIF SHARFEE MASJID G ROAD,,,,Andhra Pradesh,1-Primary,98-Madarsa Unrecognized,1 To 5,1-Boys,2-Urban,NA,,Yemmiganur (M) - Ward No.12,Yemmiganur-Municipality,NA,518360,,https://kys.udiseplus.gov.in/#/schooldetail/4717401/12,4717401,15/10/2020 12:18,2725
******91345 Permanently Closed,,MADRASA E - MASOOMIA ADONI,,,,Andhra Pradesh,1-Primary,98-Madarsa Unrecognized,1 To 5,3-Co-educational,2-Urban,NA,,Adoni (M) - Ward No.1,Adoni-Municipality,NA,518301,,https://kys.udiseplus.gov.in/#/schooldetail/4717418/12,4717418,15/10/2020 12:18,2725
******91344 Sanctioned but not Operational,,MADRASA - E- NIZAMIA ADONI,,,,Andhra Pradesh,1-Primary,98-Madarsa Unrecognized,1 To 5,3-Co-educational,2-Urban,NA,,Adoni (M) - Ward No.8,Adoni-Municipality,ADONI 2 ADONI ADONI MANDAL KURNOOL (DIST),518301,,https://kys.udiseplus.gov.in/#/schooldetail/4699700/12,4699700,09/05/2022 16:37,2725
******02205 Closed,Closed,MADRASA RAYAN JOHARAPURAM,,,,Andhra Pradesh,1-Primary,98-Madarsa Unrecognized,1 To 5,3-Co-educational,2-Urban,NA,,Kurnool Ward No. 18,Kurnool-Municipal Corporations,"JOHARAPURAM, KURNOOL MUNICIPAL CORPORATION",518002,,https://kys.udiseplus.gov.in/#/schooldetail/4697981/12,4697981,25/10/2024 19:43,2725
******00269 Closed,Closed,MADRAS-E-ANWARE FATHIMA CHUNNAM BHATTI STREET YEMMIGANUR,,,,Andhra Pradesh,1-Primary,98-Madarsa Unrecognized,1 To 5,3-Co-educational,2-Urban,NA,,Yemmiganur (M) - Ward No.11,Yemmiganur-Municipality,yemmiganur,518360,meo.yemmiganur[at]gmail[dot]com,https://kys.udiseplus.gov.in/#/schooldetail/4699268/12,4699268,04/08/2025 14:27,2725
******91450 Closed,Closed,MADRAS - E - MIFTAHUL ULOOM ONE TOWN KURNOOL,,,,Andhra Pradesh,2-Primary with Upper Primary,98-Madarsa Unrecognized,1 To 8,3-Co-educational,2-Urban,NA,,Kurnool Ward No. 7,Kurnool-Municipal Corporations,CHUNNEVALI GANIGALLI STREET,518002,,https://kys.udiseplus.gov.in/#/schooldetail/4697243/12,4697243,25/10/2024 19:43,2725
******01028 Operational,,MADRESA-E-AYESHA SIIQA,,,,Andhra Pradesh,2-Primary with Upper Primary,98-Madarsa Unrecognized,1 To 8,3-Co-educational,1-Rural,Holagunda,Holagunda,,,6/443 EBC COLONY HOLAGUNDA,518346,salfiabubakar[at]gmail[dot]com,https://kys.udiseplus.gov.in/#/schooldetail/4699768/12,4699768,18/11/2024 11:44,2725
******01027 Operational,,MADRESA-E-MOHAMMADIA SALFIA,,,,Andhra Pradesh,2-Primary with Upper Primary,98-Madarsa Unrecognized,1 To 8,3-Co-educational,1-Rural,Holagunda,Holagunda,,,"H.NO. 4-100,Near salfia Colony",518346,muhammadiameena6[at]gmail[dot]com,https://kys.udiseplus.gov.in/#/schooldetail/4699767/12,4699767,21/09/2024 15:49,2725
******01409 Operational,,MAHARSHI UP SCHOOL GOVARDHANAGIRI,,,,Andhra Pradesh,2-Primary with Upper Primary,38-Pvt.Unaided,1 To 7,3-Co-educational,1-Rural,Veldurthi,Govardhanagiri,,,GOVARDHANAGIRI VELDURTHY- KURNOOL 518216,518216,,https://kys.udiseplus.gov.in/#/schooldetail/4700113/12,4700113,21/04/2023 15:31,2725
******90129 Operational,,MAHARSHI VALMIKI MPL ELE,,,,Andhra Pradesh,1-Primary,34-MUNCIPAL,1 To 5,3-Co-educational,2-Urban,NA,,Adoni (M) - Ward No.6,Adoni-Municipality,BOYAGERI 6th WARD ADONI ADONI (M)(VILLAGE) ADONI(MANDAL) KURNOOL(DIST),518301,dhelaruksana[at]gmail[dot]com,https://kys.udiseplus.gov.in/#/schooldetail/4699601/12,4699601,15/10/2020 12:18,2725
******01305 Closed,Closed,MAHIN EM SCHOOL GAJULADINNE,,,,Andhra Pradesh,2-Primary with Upper Primary,38-Pvt.Unaided,1 To 7,3-Co-educational,1-Rural,Gonegandla,Iranbanda,,,NEAR GAJULADINNE PROJECT,518463,meo.gonegandla[at]gmail[dot]com,https://kys.udiseplus.gov.in/#/schooldetail/4699226/12,4699226,09/05/2022 16:36,2725
******91315 Permanently Closed,,MAJESTIC EM UPS NR PETA KURNOOL,,,,Andhra Pradesh,2-Primary with Upper Primary,38-Pvt.Unaided,1 To 7,3-Co-educational,9-NA,NA,,,,NA,518004,,https://kys.udiseplus.gov.in/#/schooldetail/4717332/12,4717332,25/10/2024 19:43,2725
******01832 Operational,,"MAKOONS WORLD EM UP SCHOOL, ADONI",,,,Andhra Pradesh,2-Primary with Upper Primary,38-Pvt.Unaided,1 To 7,3-Co-educational,2-Urban,NA,,Adoni (M) - Ward No.18,Adoni-Municipality,"5-70, NEAR AAS COLLEGE MANDAGERI, ADONI",518301,makoons.adoni[at]gmail[dot]com,,,22/12/2025 12:54,2725
******90133 Operational,,MANDIGIRI MPLPS,,,,Andhra Pradesh,1-Primary,34-MUNCIPAL,1 To 5,3-Co-educational,2-Urban,NA,,Adoni (M) - Ward No.21,Adoni-Municipality,11th WARD ADONI ADONI (M)(VILLAGE) ADONI(MANDAL) KURNOOL(DIST),518301,abbavasu2859[at]gmail[dot]com,https://kys.udiseplus.gov.in/#/schooldetail/4699605/12,4699605,15/10/2020 12:18,2725
******90443 Operational,,MANIDEEP S,,,,Andhra Pradesh,2-Primary with Upper Primary,38-Pvt.Unaided,1 To 7,3-Co-educational,2-Urban,NA,,Kurnool Ward No. 41,Kurnool-Municipal Corporations,W.C.KALLUR KALLUR KALLUR(VILLAGE) KALLUR(MANDAL) KURNOOL(DIST),518003,manideepsociety[at]gmail[dot]com,https://kys.udiseplus.gov.in/#/schooldetail/4698988/12,4698988,24/12/2025 07:26,2725
******90183 Operational,,MANI EMTM UP S,,,,Andhra Pradesh,2-Primary with Upper Primary,38-Pvt.Unaided,1 To 7,3-Co-educational,2-Urban,NA,,Adoni (M) - Ward No.23,Adoni-Municipality,KARVANPET 485-1 ADONI ADONI (M)(VILLAGE) ADONI(MANDAL) KURNOOL(DIST),518301,maniemschool1986[at]gmail[dot]com,https://kys.udiseplus.gov.in/#/schooldetail/4699653/12,4699653,16/06/2023 15:21,2725
******01004 Closed,Closed,MANI SAI CONCEPT UP SCHOOL P.TEKUR,,,,Andhra Pradesh,2-Primary with Upper Primary,38-Pvt.Unaided,1 To 7,3-Co-educational,1-Rural,Kallur,Pedda Tekur,,,PEDDATEKURKALLUR MANDALKURNOOL,518218,,https://kys.udiseplus.gov.in/#/schooldetail/4698933/12,4698933,09/05/2022 13:36,2725
******00903 Operational,,MANI SAI EM UP SCHOOL BASTIPADU,,,,Andhra Pradesh,2-Primary with Upper Primary,38-Pvt.Unaided,1 To 7,3-Co-educational,1-Rural,Kallur,Bastipadu,,,Basti padu village kallur,518218,chiruchiranjeevi436[at]gmail[dot]com,https://kys.udiseplus.gov.in/#/schooldetail/4698930/12,4698930,23/12/2025 12:49,2725
******91393 Operational,,MANOJ EM UP SCHOOL B.PETA KURNOOL,,,,Andhra Pradesh,2-Primary with Upper Primary,38-Pvt.Unaided,1 To 7,3-Co-educational,2-Urban,NA,,Kurnool Ward No. 14,Kurnool-Municipal Corporations,MCORP 5 BUDHAWARA PETA KURNOOL,518001,anuradhaeducationalsociety1998[at]gmail[dot]com,https://kys.udiseplus.gov.in/#/schooldetail/4698257/12,4698257,25/10/2024 19:43,2725
******91482 Operational,,"MANOJ ENGLISH MEDIUM SCHOOL,BUDHAWARA PET",,,,Andhra Pradesh,7-Upper Pr. and Secondary,38-Pvt.Unaided,6 To 10,3-Co-educational,2-Urban,NA,,Kurnool Ward No. 14,Kurnool-Municipal Corporations,MCORP 5 KURNOOL BUDHAVARA PETA,518002,aessociety1998[at]gmail[dot]com,https://kys.udiseplus.gov.in/#/schooldetail/4698328/12,4698328,25/10/2024 19:43,2725
******00915 Operational,,MANTRALAYA UP SCHOOL NAGALADINNE,,,,Andhra Pradesh,2-Primary with Upper Primary,38-Pvt.Unaided,1 To 7,3-Co-educational,1-Rural,Nandavaram,Nagaladinne,,,NAGALADINNE VILLAGE NANDAVARAM MANDAL KURNOOL DT AP,518343,kammaridhanunjayaachari[at]gmail[dot]com,https://kys.udiseplus.gov.in/#/schooldetail/4697751/12,4697751,19/12/2025 16:36,2725
******01424 Closed,Closed,MANVANTH UP SCHOOL,,,,Andhra Pradesh,2-Primary with Upper Primary,38-Pvt.Unaided,1 To 7,3-Co-educational,1-Rural,Alur,Alur,,,marriswmy matam alur,518395,,https://kys.udiseplus.gov.in/#/schooldetail/4699833/12,4699833,30/01/2023 17:12,2725
******00240 Permanently Closed,,MARADASA-E-DARUS SALAM,,,,Andhra Pradesh,1-Primary,98-Madarsa Unrecognized,1 To 5,1-Boys,2-Urban,NA,,Yemmiganur (M) - Ward No.4,Yemmiganur-Municipality,NA,518360,,https://kys.udiseplus.gov.in/#/schooldetail/4717403/12,4717403,15/10/2020 12:18,2725
******00904 Operational,,MARGADARSHI VIDYA NIKETAN HALVI,,,,Andhra Pradesh,2-Primary with Upper Primary,38-Pvt.Unaided,1 To 7,3-Co-educational,1-Rural,Kowthalam,Halvi,,,HALVI HALVI HALVI(VILLAGE) KOWTHALAAM(MANDAL) KURNOOL(DIST),518333,NAGARJUNAREDDY114[at]GAIL[dot]COM,https://kys.udiseplus.gov.in/#/schooldetail/4697542/12,4697542,21/04/2023 15:31,2725
******90573 Operational,,"MARGADARSI VIDYA NIKETHAN SHANTHI NAGAR, WEAKER SECTION COLONY,KURNOOL",,,,Andhra Pradesh,2-Primary with Upper Primary,38-Pvt.Unaided,1 To 8,3-Co-educational,2-Urban,NA,,Kurnool Ward No. 41,Kurnool-Municipal Corporations,"SHANTHI NAGAR, WEAKER SECTION COLONY,KURNOOL",518003,margadarsischool1987[at]gmaik[dot]com,https://kys.udiseplus.gov.in/#/schooldetail/4699071/12,4699071,23/12/2025 20:47,2725
******91145 Permanently Closed,,MARIA ENGTELUGU MED SCHOOL ASHOK NAGAR KURNOOL,,,,Andhra Pradesh,2-Primary with Upper Primary,38-Pvt.Unaided,1 To 7,3-Co-educational,9-NA,NA,,,,NA,518003,,https://kys.udiseplus.gov.in/#/schooldetail/4717320/12,4717320,25/10/2024 19:43,2725
******01805 Operational,,MARIYANILAYAM PRIMARY SCHOOL GARGEYAPURAM,,,,Andhra Pradesh,1-Primary,38-Pvt.Unaided,1 To 5,3-Co-educational,1-Rural,Kurnool,Gargeyapuram,,,GARGEYAPURAM GARGEYAPURAM GARGEYAPURAM(VILLAGE) KURNOOL(MANDAL) KURNOOL(DIST),518452,marianilayamschool[at]gmail[dot]com,https://kys.udiseplus.gov.in/#/schooldetail/4697966/12,4697966,27/12/2025 11:19,2725
******90446 Operational,,MARUTHI E T M S,,,,Andhra Pradesh,2-Primary with Upper Primary,38-Pvt.Unaided,1 To 7,3-Co-educational,2-Urban,NA,,Kurnool Ward No. 32,Kurnool-Municipal Corporations,78/52 KRISHNA NAGAR KALLUR(VILLAGE) KALLUR(MANDAL) KURNOOL(DIST),518002,,https://kys.udiseplus.gov.in/#/schooldetail/4698998/12,4698998,24/12/2025 07:27,2725
******91373 Operational,,"MASOODIA EM UPPER PRIMARY SCHOOL,ADONI",,,,Andhra Pradesh,2-Primary with Upper Primary,38-Pvt.Unaided,1 To 7,3-Co-educational,2-Urban,NA,,Adoni (M) - Ward No.12,Adoni-Municipality,Behind Shahi Jamia Masjid Adoni,518301,masoodiaaem[at]gmail[dot]com,https://kys.udiseplus.gov.in/#/schooldetail/4699727/12,4699727,04/03/2024 12:53,2725
******90116 Operational,,MASOODIA MPLPS(U),,,,Andhra Pradesh,1-Primary,34-MUNCIPAL,1 To 5,3-Co-educational,2-Urban,NA,,Adoni (M) - Ward No.6,Adoni-Municipality,TASKI BANDA ADONI ADONI (M)(VILLAGE) ADONI(MANDAL) KURNOOL(DIST),518301,sadiqhussain1363[at]gmail[dot]com,https://kys.udiseplus.gov.in/#/schooldetail/4699588/12,4699588,13/01/2023 12:01,2725
******90163 Operational,,MASSODIN ARABIC ELE SCHOO,,,,Andhra Pradesh,1-Primary,37-Pvt.Aided Oriental Schools,1 To 5,3-Co-educational,2-Urban,NA,,Adoni (M) - Ward No.12,Adoni-Municipality,ADONI (M) ( D.NO 12/826 ADONI (M) (VILLAGE) ADONI(MANDAL) KURNOOL(DIST),518301,fiaz052[at]gmail[dot]com,https://kys.udiseplus.gov.in/#/schooldetail/4699632/12,4699632,13/01/2023 12:04,2725
******91494 Operational,,MASTER JUNIOR COLLEGE OF ARTS SCIENCE RAJESWARI NAGAR KURNOO,,,,Andhra Pradesh,11-Higher Secondary only/Jr. College,38-Pvt.Unaided,11 To 12,3-Co-educational,2-Urban,NA,,Kurnool Ward No. 25,Kurnool-Municipal Corporations,87/1010 rajeswari nagar near shakunthala Kalamandir,518002,10022kurnool[at]gmail[dot]com,https://kys.udiseplus.gov.in/#/schooldetail/4719541/12,4719541,25/10/2024 19:43,2725
******90593 Operational,,MASTER MINDS JUNIOR COLLEGE REVENUE COLONY KALLUR,,,,Andhra Pradesh,11-Higher Secondary only/Jr. College,38-Pvt.Unaided,11 To 12,3-Co-educational,2-Urban,NA,,Kurnool Ward No. 19,Kurnool-Municipal Corporations,87/1213revenue colonykurnool,518002,mmknl2020[at]gmail[dot]com,https://kys.udiseplus.gov.in/#/schooldetail/4719575/12,4719575,24/12/2025 17:28,2725
******91401 Operational,,"MATHA JAYALAKSHMI BALA SAI EM UPS, NEAR SAIBABA TEMPLE",,,,Andhra Pradesh,2-Primary with Upper Primary,38-Pvt.Unaided,1 To 7,3-Co-educational,2-Urban,NA,,Kurnool Ward No. 51,Kurnool-Municipal Corporations,NEAR SAI BABA TEMPLE KURNOOL,518001,sivareddy1453[at]gmail[dot]com,https://kys.udiseplus.gov.in/#/schooldetail/4698264/12,4698264,25/10/2024 19:43,2725
******91181 Operational,,MCHS NEAR CONTROL ROOM KURNOOL,,,,Andhra Pradesh,7-Upper Pr. and Secondary,34-MUNCIPAL,6 To 10,3-Co-educational,2-Urban,NA,,Kurnool Ward No. 12,Kurnool-Municipal Corporations,KURNOOL (M.CORP) CONTROLE ROOM KURNOOL (MCORP)-2(VILLAGE) KURNOOL(MANDAL) KURNOOL(DIST),518001,dsmmchschl765[at]gmail[dot]com,https://kys.udiseplus.gov.in/#/schooldetail/4698147/12,4698147,05/01/2026 16:01,2725
******91130 Operational,,MCHS(U) GADDA STREET,,,,Andhra Pradesh,7-Upper Pr. and Secondary,34-MUNCIPAL,6 To 10,3-Co-educational,2-Urban,NA,,Kurnool Ward No. 7,Kurnool-Municipal Corporations,17th WARD GADDA STREET KURNOOL KURNOOL (MCORP)-2(VILLAGE) KURNOOL(MANDAL) KURNOOL(DIST),518001,meo.kurnoolurban55[at]gmail[dot]com,https://kys.udiseplus.gov.in/#/schooldetail/4698126/12,4698126,22/12/2025 22:03,2725
******90554 Operational,,MCHS(U) JOHARAPURAM,,,,Andhra Pradesh,6-Pr. Up Pr. and Secondary Only,34-MUNCIPAL,1 To 10,3-Co-educational,2-Urban,NA,,Kurnool Ward No. 18,Kurnool-Municipal Corporations,20th WARD JOHARAPURAM KURNOOL KURNOOL (MCORP)(VILLAGE) KURNOOL(MANDAL) KURNOOL(DIST),518002,gulabbasha55[at]gmail[dot]com,https://kys.udiseplus.gov.in/#/schooldetail/4698077/12,4698077,22/12/2025 20:08,2725
******91187 Operational,,MCHS(U) KHADAKPURA,,,,Andhra Pradesh,7-Upper Pr. and Secondary,34-MUNCIPAL,6 To 10,3-Co-educational,2-Urban,NA,,Kurnool Ward No. 12,Kurnool-Municipal Corporations,KHADAKPURA KURNOOL KURNOOL (MCORP)-2(VILLAGE) KURNOOL(MANDAL) KURNOOL(DIST),518001,hmmchskhadakpura[at]gmail[dot]com,https://kys.udiseplus.gov.in/#/schooldetail/4698153/12,4698153,05/01/2026 16:10,2725
******91307 Operational,,MCHS VR COLONY,,,,Andhra Pradesh,7-Upper Pr. and Secondary,34-MUNCIPAL,6 To 10,3-Co-educational,2-Urban,NA,,Kurnool Ward No. 45,Kurnool-Municipal Corporations,VENKATARAMANA COLONY VENKATARAMANA COLONY KURNOOL (MCORP)-4(VILLAGE) KURNOOL(MANDAL) KURNOOL(DIST),518003,skvbrmmchs[at]gmail[dot]com,https://kys.udiseplus.gov.in/#/schooldetail/4698212/12,4698212,05/01/2026 15:37,2725
******90526 Operational,,MCPS 15TH FORT NEAR KING MARKET,,,,Andhra Pradesh,1-Primary,34-MUNCIPAL,1 To 5,3-Co-educational,2-Urban,NA,,Kurnool Ward No. 2,Kurnool-Municipal Corporations,FISH MARKET KURNOOL (MCORP)(VILLAGE) KURNOOL(MANDAL) KURNOOL(DIST),518001,15fortkurnool[at]gmail[dot]com,https://kys.udiseplus.gov.in/#/schooldetail/4698049/12,4698049,05/01/2026 15:39,2725
******90512 Operational,,MCPS 15TH PETA,,,,Andhra Pradesh,1-Primary,34-MUNCIPAL,1 To 2,3-Co-educational,2-Urban,NA,,Kurnool Ward No. 12,Kurnool-Municipal Corporations,7th WARD 15th PETA MUNCIPAL HIGH SCHOOL GROUNDS KURNOOL (MCORP)(VILLAGE) KURNOOL(MANDAL) KURNOOL(DIST),518004,sandhyakammari99[at]gmail[dot]com,https://kys.udiseplus.gov.in/#/schooldetail/4698038/12,4698038,05/01/2026 15:54,2725
******90537 Operational,,MCPS A CAMP,,,,Andhra Pradesh,1-Primary,34-MUNCIPAL,1 To 5,3-Co-educational,2-Urban,NA,,Kurnool Ward No. 16,Kurnool-Municipal Corporations,16 WARD A-CAMP BEHIND COLLECTORATE KURNOOL MCORP V KURNOOL M KURNOOL DIST,518002,adinarayanak55[at]gmail[dot]com,https://kys.udiseplus.gov.in/#/schooldetail/4698061/12,4698061,25/10/2024 19:43,2725
******90521 Operational,,MCPS ARUNDATHI NAGAR NANDYAL ROAD KNL,,,,Andhra Pradesh,1-Primary,34-MUNCIPAL,1 To 5,3-Co-educational,2-Urban,NA,,Kurnool Ward No. 20,Kurnool-Municipal Corporations,ARUNDHATHI NAGAR NEAR PULLAREDDY ENGINEERING COLLEGE,518002,meo.kurnoolurban55[at]gmail[dot]com,https://kys.udiseplus.gov.in/#/schooldetail/4698046/12,4698046,05/01/2026 15:47,2725
******90538 Operational,,MCPS BANDI METTA,,,,Andhra Pradesh,1-Primary,34-MUNCIPAL,1 To 5,3-Co-educational,2-Urban,NA,,Kurnool Ward No. 2,Kurnool-Municipal Corporations,9th WARD 28th PETA BANDIMETTA KURNOOL KURNOOL (MCORP)(VILLAGE) KURNOOL(MANDAL) KURNOOL(DIST),518001,,https://kys.udiseplus.gov.in/#/schooldetail/4698024/12,4698024,25/10/2024 19:43,2725
******90533 Operational,,MCPS BANDI METTA,,,,Andhra Pradesh,1-Primary,34-MUNCIPAL,1 To 2,3-Co-educational,2-Urban,NA,,Kurnool Ward No. 2,Kurnool-Municipal Corporations,BANDIMETTA KURNOOL,518002,mcpsbandimetta533[at]gmail[dot]com,https://kys.udiseplus.gov.in/#/schooldetail/4698056/12,4698056,13/11/2025 12:56,2725
******91108 Operational,,MCPS BANGARUPETA,,,,Andhra Pradesh,1-Primary,34-MUNCIPAL,1 To 5,3-Co-educational,2-Urban,NA,,Kurnool Ward No. 13,Kurnool-Municipal Corporations,32nd WARD BANGARUPETA KURNOOL KURNOOL (MCORP)-2(VILLAGE) KURNOOL(MANDAL) KURNOOL(DIST),518004,raghukotla009[at]gmail[dot]com,https://kys.udiseplus.gov.in/#/schooldetail/4697020/12,4697020,05/01/2026 15:52,2725
******91125 Operational,,MCPS B CAMP,,,,Andhra Pradesh,1-Primary,34-MUNCIPAL,1 To 5,3-Co-educational,2-Urban,NA,,Kurnool Ward No. 22,Kurnool-Municipal Corporations,27th WARD B CAMP KURNOOL KURNOOL (MCORP)-2(VILLAGE) KURNOOL(MANDAL) KURNOOL(DIST),518002,mcupsbcamp1965[at]gmail[dot]com,https://kys.udiseplus.gov.in/#/schooldetail/4698121/12,4698121,22/12/2025 21:32,2725
******91129 Operational,,MCPS BUDHAWARPETA,,,,Andhra Pradesh,1-Primary,34-MUNCIPAL,1 To 5,3-Co-educational,2-Urban,NA,,Kurnool Ward No. 14,Kurnool-Municipal Corporations,14 th WARD BUDHAWARAPETA KURNOOL KURNOOL (MCORP)-2(VILLAGE) KURNOOL(MANDAL) KURNOOL(DIST),518004,Madhavilatha237[at]gmail[dot]com,https://kys.udiseplus.gov.in/#/schooldetail/4698125/12,4698125,22/12/2025 21:54,2725
******91126 Operational,,MCPS C CAMP,,,,Andhra Pradesh,1-Primary,34-MUNCIPAL,1 To 5,3-Co-educational,2-Urban,NA,,Kurnool Ward No. 23,Kurnool-Municipal Corporations,23 WARD C CAMP KURNOOL KURNOOL (MCORP)-2(VILLAGE) KURNOOL(MANDAL) KURNOOL(DIST),518002,mcpsccampkrnl[at]gmail[dot]com,https://kys.udiseplus.gov.in/#/schooldetail/4698122/12,4698122,22/12/2025 21:35,2725
******90519 Operational,,MCPS CHITTARI STREET,,,,Andhra Pradesh,1-Primary,34-MUNCIPAL,1 To 5,3-Co-educational,2-Urban,NA,,Kurnool Ward No. 5,Kurnool-Municipal Corporations,KUMMARI 8thPETA KUMMARI STREET KURNOOL KURNOOL (MCORP)(VILLAGE) KURNOOL(MANDAL) KURNOOL(DIST),518001,meo.kurnoolurban55[at]gmail[dot]com,https://kys.udiseplus.gov.in/#/schooldetail/4698044/12,4698044,25/10/2024 19:43,2725
******90516 Operational,,MCPS DHARMAPETA,,,,Andhra Pradesh,1-Primary,34-MUNCIPAL,1 To 5,3-Co-educational,2-Urban,NA,,Kurnool Ward No. 46,Kurnool-Municipal Corporations,43rd WARD DHARMAPETA KURNOOL KURNOOL (MCORP)(VILLAGE) KURNOOL(MANDAL) KURNOOL(DIST),518004,nenavatharathi4040[at]gmail[dot]com,https://kys.udiseplus.gov.in/#/schooldetail/4698041/12,4698041,25/10/2024 19:43,2725
******91128 Operational,,MCPS GANESH NAGAR,,,,Andhra Pradesh,1-Primary,34-MUNCIPAL,1 To 5,3-Co-educational,2-Urban,NA,,Kurnool Ward No. 19,Kurnool-Municipal Corporations,GANESH NAGAR KURNOOL (MCORP)-2(VILLAGE) KURNOOL(MANDAL) KURNOOL(DIST),518001,seshaphanib963[at]gmail[dot]com,https://kys.udiseplus.gov.in/#/schooldetail/4698124/12,4698124,22/12/2025 21:48,2725
******90536 Permanently Closed,,MCPS(HINDU) GADDA STREET,,,,Andhra Pradesh,1-Primary,34-MUNCIPAL,1 To 5,3-Co-educational,2-Urban,NA,,Kurnool Ward No. 6,Kurnool-Municipal Corporations,NA,518001,,https://kys.udiseplus.gov.in/#/schooldetail/4698060/12,4698060,25/10/2024 19:43,2725
******90534 Operational,,MCPS JOHARAPURAM,,,,Andhra Pradesh,1-Primary,34-MUNCIPAL,1 To 5,3-Co-educational,2-Urban,NA,,Kurnool Ward No. 18,Kurnool-Municipal Corporations,20th WARD JOHARAPURAM B CAMP KURNOOL (MCORP)(VILLAGE) KURNOOL(MANDAL) KURNOOL(DIST),518002,treelokr2015[at]gmail[dot]com,https://kys.udiseplus.gov.in/#/schooldetail/4698057/12,4698057,25/10/2024 19:43,2725
******91127 Operational,,MCPS KOTHAPETA,,,,Andhra Pradesh,1-Primary,34-MUNCIPAL,1 To 5,3-Co-educational,2-Urban,NA,,Kurnool Ward No. 50,Kurnool-Municipal Corporations,41sT WARD KOTHAPETA KURNOOL KURNOOL (MCORP)-2(VILLAGE) KURNOOL(MANDAL) KURNOOL(DIST),518004,-zinkasreenu2925[at]gmail[dot]com,https://kys.udiseplus.gov.in/#/schooldetail/4698123/12,4698123,25/10/2024 19:43,2725
******90511 Closed,Closed,MCPS KUMMARI STREET,,,,Andhra Pradesh,1-Primary,34-MUNCIPAL,1 To 5,3-Co-educational,2-Urban,NA,,Kurnool Ward No. 3,Kurnool-Municipal Corporations,Kurnool 518001,518004,,https://kys.udiseplus.gov.in/#/schooldetail/4698037/12,4698037,04/08/2025 14:29,2725
******91124 Operational,,MCPS LABOUR COLONY,,,,Andhra Pradesh,1-Primary,34-MUNCIPAL,1 To 5,3-Co-educational,2-Urban,NA,,Kurnool Ward No. 45,Kurnool-Municipal Corporations,38th WARD NEAR LABOUR COLONY VENKATARAMANA COLONY KURNOOL (MCORP)-2(VILLAGE) KURNOOL(MANDAL) KURNOOL(DIST),518003,,https://kys.udiseplus.gov.in/#/schooldetail/4650426/12,4650426,25/10/2024 19:43,2725
******90527 Operational,,MCPS NARSIMHA REDDY NAGAR,,,,Andhra Pradesh,1-Primary,34-MUNCIPAL,1 To 5,3-Co-educational,2-Urban,NA,,Kurnool Ward No. 46,Kurnool-Municipal Corporations,45th WARD NARASIMHAREDDY NAGAR KURNOOL KURNOOL (MCORP)(VILLAGE) KURNOOL(MANDAL) KURNOOL(DIST),518004,graghunath96[at]gmail[dot]com,https://kys.udiseplus.gov.in/#/schooldetail/4698050/12,4698050,25/10/2024 19:43,2725
******90529 Operational,,MCPS PEDDAPADAKANA,,,,Andhra Pradesh,1-Primary,34-MUNCIPAL,1 To 5,3-Co-educational,2-Urban,NA,,Kurnool Ward No. 8,Kurnool-Municipal Corporations,MCPS PEDDAPADAKHANA KURNOOL,518001,,https://kys.udiseplus.gov.in/#/schooldetail/4698052/12,4698052,05/01/2026 16:06,2725
******90535 Operational,,MCPS SAP CAMP,,,,Andhra Pradesh,1-Primary,34-MUNCIPAL,1 To 5,3-Co-educational,2-Urban,NA,,Kurnool Ward No. 42,Kurnool-Municipal Corporations,37th WARD SAP CAMP KURNOOL KURNOOL (MCORP)(VILLAGE) KURNOOL(MANDAL) KURNOOL(DIST),518003,mcpschoolsapcamp535[at]gmail[dot]com,https://kys.udiseplus.gov.in/#/schooldetail/4698059/12,4698059,25/10/2024 19:43,2725
******90520 Operational,,MCPS SEETHARAMA NAGAR,,,,Andhra Pradesh,1-Primary,34-MUNCIPAL,1 To 5,3-Co-educational,2-Urban,NA,,Kurnool Ward No. 44,Kurnool-Municipal Corporations,39th WARD SEETHARAMA NAGAR KURNOOL KURNOOL (MCORP)(VILLAGE) KURNOOL(MANDAL) KURNOOL(DIST),518003,,https://kys.udiseplus.gov.in/#/schooldetail/4698045/12,4698045,25/10/2024 19:43,2725
******90522 Operational,,MCPS(SPL) 11 FIORT,,,,Andhra Pradesh,1-Primary,34-MUNCIPAL,1 To 5,3-Co-educational,2-Urban,NA,,Kurnool Ward No. 1,Kurnool-Municipal Corporations,1st WARD 11 FORT CHIDBRARAO ST KURNOOL KURNOOL (MCORP)(VILLAGE) KURNOOL(MANDAL) KURNOOL(DIST),518001,meo.kurnoolurban55[at]gmail[dot]com,https://kys.udiseplus.gov.in/#/schooldetail/4698047/12,4698047,25/10/2024 19:43,2725
******90525 Permanently Closed,,MCPS(SPL) 42-PETA,,,,Andhra Pradesh,1-Primary,34-MUNCIPAL,1 To 5,3-Co-educational,2-Urban,NA,,Kurnool Ward No. 42,Kurnool-Municipal Corporations,NA,518002,,https://kys.udiseplus.gov.in/#/schooldetail/4717313/12,4717313,25/10/2024 19:43,2725
******90530 Operational,,MCPS(SPL) 8TH FORT,,,,Andhra Pradesh,1-Primary,34-MUNCIPAL,1 To 5,3-Co-educational,2-Urban,NA,,Kurnool Ward No. 2,Kurnool-Municipal Corporations,2nd WARD 8th FORT NEAR KING MARKET KURNOOL (MCORP)(VILLAGE) KURNOOL(MANDAL) KURNOOL(DIST),518001,anju44222[at]gmail[dot]com,https://kys.udiseplus.gov.in/#/schooldetail/4698053/12,4698053,25/10/2024 19:43,2725
******90532 Operational,,MCPS(SPL) CINNAMARKET,,,,Andhra Pradesh,1-Primary,34-MUNCIPAL,1 To 5,3-Co-educational,2-Urban,NA,,Kurnool Ward No. 3,Kurnool-Municipal Corporations,12th WARD 27 PETA CHINNAMARKET KURNOOL KURNOOL (MCORP)(VILLAGE) KURNOOL(MANDAL) KURNOOL(DIST),518001,maddilety110[at]gmail[dot]com,https://kys.udiseplus.gov.in/#/schooldetail/4698055/12,4698055,25/10/2024 19:43,2725
******90518 Operational,,MCPS(SPL)(G) SREERAMNAGAR KNL,,,,Andhra Pradesh,1-Primary,34-MUNCIPAL,1 To 5,3-Co-educational,2-Urban,NA,,Kurnool Ward No. 23,Kurnool-Municipal Corporations,NAGULAKATTASREERAMNAGER KURNOOL 518002,518002,mcps8thpetagirlssreeramnagarknl[at]gmail[dot]com,https://kys.udiseplus.gov.in/#/schooldetail/4698043/12,4698043,05/01/2026 15:49,2725
******90531 Operational,,MCPS(SPL) INDIRAMMA COLONY NEAR HOHARAPURAM KNL,,,,Andhra Pradesh,1-Primary,34-MUNCIPAL,1 To 5,3-Co-educational,2-Urban,NA,,Kurnool Ward No. 19,Kurnool-Municipal Corporations,"HOUSING BOARD, INDIRAMMA COLONY, JOHARAPURAM",518002,talarimallesh1005[at]gmail[dot]com,https://kys.udiseplus.gov.in/#/schooldetail/4698054/12,4698054,25/10/2024 19:43,2725
******90539 Operational,,MCPS(SPL) JOHARAPURAM,,,,Andhra Pradesh,1-Primary,34-MUNCIPAL,1 To 2,3-Co-educational,2-Urban,NA,,Kurnool Ward No. 17,Kurnool-Municipal Corporations,NEAR ABM CHURCH JOHARAPURAM,518002,varalakshmi28210[at]gmail[dot]com,https://kys.udiseplus.gov.in/#/schooldetail/4698062/12,4698062,13/11/2025 12:57,2725
******90524 Closed,Closed,"MCPS(SPL), MANJUR NAGAR, JOHARAPURAM",,,,Andhra Pradesh,1-Primary,34-MUNCIPAL,1 To 5,3-Co-educational,2-Urban,NA,,Kurnool Ward No. 19,Kurnool-Municipal Corporations,19th WARD MANJUR NAGAR JOHARAPURAM KURNOOL KURNOOL (MCORP)(VILLAGE) KURNOOL(MANDAL) KURNOOL(DIST),518002,thiruvaipatiharipriya[at]gmail[dot]com,https://kys.udiseplus.gov.in/#/schooldetail/4696952/12,4696952,26/08/2025 13:14,2725
******90514 Permanently Closed,,MCPS(SPL) NEAR VARTHA OFFICE NDK ROAD KNL,,,,Andhra Pradesh,1-Primary,34-MUNCIPAL,1 To 5,3-Co-educational,2-Urban,NA,,Kurnool Ward No. 20,Kurnool-Municipal Corporations,NA,518001,,https://kys.udiseplus.gov.in/#/schooldetail/4717312/12,4717312,25/10/2024 19:43,2725
******90513 Operational,,MCPS(SPL) SBI COLONY NEAR LIONS CLUB,,,,Andhra Pradesh,1-Primary,34-MUNCIPAL,1 To 5,3-Co-educational,2-Urban,NA,,Kurnool Ward No. 48,Kurnool-Municipal Corporations,41 KOTHAPETA NEAR ST.JOSEPH SCHOOL KURNOOL (MCORP)(VILLAGE) KURNOOL(MANDAL) KURNOOL(DIST),518002,birasam19[at]gmail[dot]com,https://kys.udiseplus.gov.in/#/schooldetail/4698039/12,4698039,25/10/2024 19:43,2725
******90549 Closed,Closed,MCPS(SPL)(U) RAGHAVENDRA NAGAR NEAR RAGHUNATH TALKIES KNL,,,,Andhra Pradesh,1-Primary,34-MUNCIPAL,1 To 5,3-Co-educational,2-Urban,NA,,Kurnool Ward No. 31,Kurnool-Municipal Corporations,"31 Ward, Raghavendra Nagar, KURNOOL (MCORP)(VILLAGE) KURNOOL(MANDAL) KURNOOL(DIST)",518003,rahimkhatoonp[at]gmail[dot]com,https://kys.udiseplus.gov.in/#/schooldetail/4698072/12,4698072,04/08/2025 14:27,2725
******90523 Operational,,MCPS(SPL) VADDEPETA,,,,Andhra Pradesh,1-Primary,34-MUNCIPAL,1 To 5,3-Co-educational,2-Urban,NA,,Kurnool Ward No. 12,Kurnool-Municipal Corporations,7th WARD 39th VADDEPETA NEAR MPL.H.S.COMPOUND KURNOOL (MCORP)(VILLAGE) KURNOOL(MANDAL) KURNOOL(DIST),518001,vaddepetamcps[at]gmail[dot]com,https://kys.udiseplus.gov.in/#/schooldetail/4698048/12,4698048,05/01/2026 15:26,2725
******90540 Operational,,MCPS(U) 11TH WARD,,,,Andhra Pradesh,1-Primary,34-MUNCIPAL,1 To 5,3-Co-educational,2-Urban,NA,,Kurnool Ward No. 3,Kurnool-Municipal Corporations,11thWARD EASTPETA GANIGALLI ST KURNOOL KURNOOL (MCORP)(VILLAGE) KURNOOL(MANDAL) KURNOOL(DIST),518001,mcupseastpetaboys11ward[at]gmail[dot]com,https://kys.udiseplus.gov.in/#/schooldetail/4698063/12,4698063,20/06/2025 15:19,2725
******90550 Operational,,MCPS(U) 32 PETA,,,,Andhra Pradesh,1-Primary,34-MUNCIPAL,1 To 5,3-Co-educational,2-Urban,NA,,Kurnool Ward No. 6,Kurnool-Municipal Corporations,7th WARD 32 PETA MIXED GADDA STREET KURNOOL (MCORP)(VILLAGE) KURNOOL(MANDAL) KURNOOL(DIST),518001,zakirunnisakaab123[at]gmail[dot]com,https://kys.udiseplus.gov.in/#/schooldetail/4698073/12,4698073,22/12/2025 19:58,2725
******90547 Permanently Closed,,MCPS(UB) KOTHAPETA,,,,Andhra Pradesh,1-Primary,34-MUNCIPAL,1 To 5,3-Co-educational,2-Urban,NA,,Kurnool Ward No. 50,Kurnool-Municipal Corporations,NA,518004,,https://kys.udiseplus.gov.in/#/schooldetail/4698070/12,4698070,25/10/2024 19:43,2725
******91158 Operational,,"MCPS(U), B.PETA",,,,Andhra Pradesh,1-Primary,34-MUNCIPAL,1 To 5,3-Co-educational,2-Urban,NA,,Kurnool Ward No. 14,Kurnool-Municipal Corporations,BUDHAWARPETA KURNOOL KURNOOL (MCORP)-2(VILLAGE) KURNOOL(MANDAL) KURNOOL(DIST),518001,meo.kurnool07[at]gmail[dot]com,https://kys.udiseplus.gov.in/#/schooldetail/4698133/12,4698133,22/12/2025 22:36,2725
******90552 Operational,,MCPS(U) GADDASTREET,,,,Andhra Pradesh,1-Primary,34-MUNCIPAL,1 To 5,3-Co-educational,2-Urban,NA,,Kurnool Ward No. 6,Kurnool-Municipal Corporations,16th WARD 29 PETA GADDA STREET KURNOOL KURNOOL (MCORP)(VILLAGE) KURNOOL(MANDAL) KURNOOL(DIST),518004,eliasunnisa786[at]gmail[dot]com,https://kys.udiseplus.gov.in/#/schooldetail/4698075/12,4698075,20/06/2025 17:05,2725
******90541 Operational,,MCPS(U) GANIGALLI,,,,Andhra Pradesh,1-Primary,34-MUNCIPAL,1 To 5,3-Co-educational,2-Urban,NA,,Kurnool Ward No. 3,Kurnool-Municipal Corporations,11th WARD EAST PETA GANIGALLI KURNOOL KURNOOL (MCORP)(VILLAGE) KURNOOL(MANDAL) KURNOOL(DIST),518001,BHADURNAIKMDSAMIULLA[at]GMAIL[dot]COM,https://kys.udiseplus.gov.in/#/schooldetail/4698064/12,4698064,25/10/2024 19:43,2725
******90542 Operational,,MCPS(UG) KOTHAPETA,,,,Andhra Pradesh,1-Primary,34-MUNCIPAL,1 To 5,3-Co-educational,2-Urban,NA,,Kurnool Ward No. 50,Kurnool-Municipal Corporations,42nd WARD 41 KOTHAPETA NEAR RAITHU BAZAR KURNOOL (MCORP)(VILLAGE) KURNOOL(MANDAL) KURNOOL(DIST),518002,safwana000[at]gmail[dot]com,https://kys.udiseplus.gov.in/#/schooldetail/4698065/12,4698065,25/10/2024 19:43,2725
******90551 Operational,,MCPS(UG) SHAMSHIA,,,,Andhra Pradesh,1-Primary,34-MUNCIPAL,1 To 5,3-Co-educational,2-Urban,NA,,Kurnool Ward No. 6,Kurnool-Municipal Corporations,17th WARD SHAMSIA GIRLS GADDA STREET KURNOOL (MCORP)(VILLAGE) KURNOOL(MANDAL) KURNOOL(DIST),518001,shaikmukthiyar.teacher[at]gmail[dot]com,https://kys.udiseplus.gov.in/#/schooldetail/4698074/12,4698074,22/12/2025 20:00,2725
******90556 Operational,,MCPS(U) KADAKPURA,,,,Andhra Pradesh,1-Primary,34-MUNCIPAL,1 To 5,3-Co-educational,2-Urban,NA,,Kurnool Ward No. 11,Kurnool-Municipal Corporations,KHADAKPURA KURNOOL KURNOOL (MCORP)(VILLAGE) KURNOOL(MANDAL) KURNOOL(DIST),518001,mubeennazima[at]gmail[dot]com,https://kys.udiseplus.gov.in/#/schooldetail/4698079/12,4698079,05/01/2026 15:53,2725
******90543 Operational,,MCPS(U) KALEELWADA,,,,Andhra Pradesh,1-Primary,34-MUNCIPAL,1 To 5,3-Co-educational,2-Urban,NA,,Kurnool Ward No. 2,Kurnool-Municipal Corporations,9th WARD WEST PETA KHALEELWADA KURNOOL KURNOOL (MCORP)(VILLAGE) KURNOOL(MANDAL) KURNOOL(DIST),518001,mcpsuwestpeta[at]gmail[dot]com,https://kys.udiseplus.gov.in/#/schooldetail/4698066/12,4698066,05/01/2026 16:07,2725
******90553 Operational,,MCPS(U) KUMMARI STREET,,,,Andhra Pradesh,1-Primary,34-MUNCIPAL,1 To 5,3-Co-educational,2-Urban,NA,,Kurnool Ward No. 4,Kurnool-Municipal Corporations,11thWARD 35PETA KUMMARI STREET KURNOOL KURNOOL (MCORP)(VILLAGE) KURNOOL(MANDAL) KURNOOL(DIST),518001,,https://kys.udiseplus.gov.in/#/schooldetail/4698076/12,4698076,22/12/2025 20:05,2725
******90548 Operational,,MCPS(U) KVR GARDEN NEAR KIDS WORLD KNL,,,,Andhra Pradesh,1-Primary,34-MUNCIPAL,1 To 5,3-Co-educational,2-Urban,NA,,Kurnool Ward No. 12,Kurnool-Municipal Corporations,7th WARD ISLAMAIAH KCR GARDEN KURNOOL KURNOOL (MCORP)(VILLAGE) KURNOOL(MANDAL) KURNOOL(DIST),518001,fatimakauser1999[at]gmail[dot]com,https://kys.udiseplus.gov.in/#/schooldetail/4698071/12,4698071,05/01/2026 15:58,2725
******90546 Operational,,MCPS(U) NEAR KING MARKET,,,,Andhra Pradesh,1-Primary,34-MUNCIPAL,1 To 5,3-Co-educational,2-Urban,NA,,Kurnool Ward No. 2,Kurnool-Municipal Corporations,1st WARD FORT NEAR KING MARKET KURNOOL KURNOOL (MCORP)(VILLAGE) KURNOOL(MANDAL) KURNOOL(DIST),518001,,https://kys.udiseplus.gov.in/#/schooldetail/4698069/12,4698069,25/10/2024 19:43,2725
******90544 Operational,,MCPS(U) N.R.NAGAR,,,,Andhra Pradesh,1-Primary,34-MUNCIPAL,1 To 5,3-Co-educational,2-Urban,NA,,Kurnool Ward No. 46,Kurnool-Municipal Corporations,N.R.NAGAR KURNOOL KURNOOL (MCORP)(VILLAGE) KURNOOL(MANDAL) KURNOOL(DIST),518004,naveed.kurnooli[at]gmail[dot]com,https://kys.udiseplus.gov.in/#/schooldetail/4698067/12,4698067,25/10/2024 19:43,2725
******90545 Operational,,MCPS(U) ROZA STREET,,,,Andhra Pradesh,1-Primary,34-MUNCIPAL,1 To 5,3-Co-educational,2-Urban,NA,,Kurnool Ward No. 47,Kurnool-Municipal Corporations,37th WARD PRIMARY SCHOOL ROZA STREET KURNOOL (MCORP)(VILLAGE) KURNOOL(MANDAL) KURNOOL(DIST),518001,nazimamakki007[at]gmail[dot]com,https://kys.udiseplus.gov.in/#/schooldetail/4698068/12,4698068,25/10/2024 19:43,2725
******90528 Operational,,MCPS YERRABURUJU,,,,Andhra Pradesh,1-Primary,34-MUNCIPAL,1 To 5,3-Co-educational,2-Urban,NA,,Kurnool Ward No. 2,Kurnool-Municipal Corporations,2nd WARD 38th PETA YERRABURUJU KURNOOL KURNOOL (MCORP)(VILLAGE) KURNOOL(MANDAL) KURNOOL(DIST),518001,rajeshmadugundu90143[at]gmail[dot]com,https://kys.udiseplus.gov.in/#/schooldetail/4698051/12,4698051,05/01/2026 15:59,2725
******91036 Permanently Closed,,MEENAKSHI P.S SAI GANESH COLONYYEMMIGANUR,,,,Andhra Pradesh,1-Primary,38-Pvt.Unaided,1 To 5,3-Co-educational,2-Urban,NA,,Yemmiganur Ward No. 25,Yemmiganur-Municipality,NA,518360,,https://kys.udiseplus.gov.in/#/schooldetail/4717409/12,4717409,15/10/2020 12:18,2725
******01305 Operational,,"MEERAN EM UP SCHOOL, PEDDAHOTHUR,",,,,Andhra Pradesh,2-Primary with Upper Primary,38-Pvt.Unaided,1 To 7,3-Co-educational,1-Rural,Alur,Peddahottur,,,MEERAN EM UP SCHOOL PEDDAHOTHUR,518395,meerannetcafe786[at]gmail[dot]com,https://kys.udiseplus.gov.in/#/schooldetail/4699814/12,4699814,22/12/2025 12:58,2725
******00482 Permanently Closed,,MEGHANA GRACE UP SCHOOL GANESH NAGAR,,,,Andhra Pradesh,2-Primary with Upper Primary,38-Pvt.Unaided,1 To 7,3-Co-educational,9-NA,NA,,,,NA,518002,,https://kys.udiseplus.gov.in/#/schooldetail/4717389/12,4717389,15/10/2020 12:18,2725
******91477 Operational,,MERCY EM UPS ONE TOWN KNL,,,,Andhra Pradesh,2-Primary with Upper Primary,38-Pvt.Unaided,1 To 7,3-Co-educational,2-Urban,NA,,Kurnool Ward No. 9,Kurnool-Municipal Corporations,1/196 OPP ONE TOWN KNL,518001,sami.irh114[at]gmail[dot]com,https://kys.udiseplus.gov.in/#/schooldetail/4698325/12,4698325,05/01/2026 16:05,2725
******01417 Closed,Closed,MERIT PUBLIC E.M UP SCHOOL,,,,Andhra Pradesh,2-Primary with Upper Primary,38-Pvt.Unaided,1 To 7,3-Co-educational,1-Rural,Alur,Alur,,,ALUR ALUR ALUR(VILLAGE) ALUR(MANDAL) KURNOOL(DIST),518395,,https://kys.udiseplus.gov.in/#/schooldetail/4699829/12,4699829,11/05/2022 19:57,2725
******90570 Operational,,M.H APPA AIDED P.S SREERAM NAGAR KURNOOL,,,,Andhra Pradesh,1-Primary,35-Pvt.Aided,1 To 5,3-Co-educational,2-Urban,NA,,Kurnool Ward No. 22,Kurnool-Municipal Corporations,25th WARD SREERAMANAGAR KURNOOL KURNOOL (MCORP)(VILLAGE) KURNOOL(MANDAL) KURNOOL(DIST),518002,,https://kys.udiseplus.gov.in/#/schooldetail/4696992/12,4696992,05/01/2026 15:50,2725
******90164 Operational,,MILTON GRAMMAR E/M H SCHO,,,,Andhra Pradesh,1-Primary,38-Pvt.Unaided,1 To 5,3-Co-educational,2-Urban,NA,,Adoni (M) - Ward No.20,Adoni-Municipality,20th WARD ADONI ADONI (M)(VILLAGE) ADONI(MANDAL) KURNOOL(DIST),518301,miltongemhighschooladoni[at]gmail[dot]com,https://kys.udiseplus.gov.in/#/schooldetail/4699633/12,4699633,16/06/2023 15:21,2725
******91309 Operational,,MILTON GRAMMAR HIGH SCHOOL ADONI,,,,Andhra Pradesh,7-Upper Pr. and Secondary,38-Pvt.Unaided,6 To 10,3-Co-educational,2-Urban,NA,,Adoni (M) - Ward No.20,Adoni-Municipality,20th WARD ADONI ADONI (M)-2(VILLAGE) ADONI(MANDAL) KURNOOL(DIST),518301,miltongemhighschooladoni[at]gmail[dot]com,https://kys.udiseplus.gov.in/#/schooldetail/4699675/12,4699675,15/10/2020 12:18,2725
******03911 Permanently Closed,,MILTON HITECH TALENT,,,,Andhra Pradesh,7-Upper Pr. and Secondary,38-Pvt.Unaided,6 To 10,3-Co-educational,1-Rural,Adoni,Mandagiri (Rural),,,NA,518301,,https://kys.udiseplus.gov.in/#/schooldetail/4717415/12,4717415,15/10/2020 12:18,2725
******90574 Operational,,MINERVA EM HS SRI VENKATESWARA NAGAR KALLUR,,,,Andhra Pradesh,7-Upper Pr. and Secondary,38-Pvt.Unaided,6 To 10,3-Co-educational,2-Urban,NA,,Kurnool Ward No. 31,Kurnool-Municipal Corporations,81/123/E1 venkateswara nagar Kurnool,518002,sanashabeeb[at]gmail[dot]com,https://kys.udiseplus.gov.in/#/schooldetail/4699072/12,4699072,23/12/2025 20:48,2725
******90436 Operational,,MINERVA S,,,,Andhra Pradesh,1-Primary,38-Pvt.Unaided,1 To 5,3-Co-educational,2-Urban,NA,,Kurnool Ward No. 31,Kurnool-Municipal Corporations,SRI VENKATESWARA NAGAR 81-123E KALLURU KALLUR(VILLAGE) KALLUR(MANDAL) KURNOOL(DIST),518002,sanashabeeb[at]gmail[dot]com,https://kys.udiseplus.gov.in/#/schooldetail/4650427/12,4650427,24/12/2025 07:30,2725
******01016 Permanently Closed,,"MIRIAM EM&TM UP SCHOOL, KONDA REDDY NAGAR, STANTANPURAM",,,,Andhra Pradesh,2-Primary with Upper Primary,38-Pvt.Unaided,1 To 7,3-Co-educational,1-Rural,Kurnool,NA,,,NA,518004,,https://kys.udiseplus.gov.in/#/schooldetail/4717303/12,4717303,25/10/2024 19:43,2725
******90140 Closed,Closed,MITAI CHANNABASAIAHS AID,,,,Andhra Pradesh,1-Primary,35-Pvt.Aided,1 To 5,3-Co-educational,2-Urban,NA,,Adoni (M) - Ward No.10,Adoni-Municipality,10th WARD MARATWADI ADONI ADONI (M)(VILLAGE) ADONI(MANDAL) KURNOOL(DIST),518301,,https://kys.udiseplus.gov.in/#/schooldetail/4699612/12,4699612,09/05/2022 16:37,2725
******91302 Operational,,MJPAPBCWR(G)SCHOOL AREKAL,,,,Andhra Pradesh,3-Pr. with Up.Pr. Sec. and H.Sec.,66-BC Welfare,5 To 12,2-Girls,1-Rural,Adoni,Arekal,,,AREKAL ADONI ADONI (M)-2(VILLAGE) ADONI(MANDAL) KURNOOL(DIST),518302,aprschoolbcgirls[at]gmail[dot]com,https://kys.udiseplus.gov.in/#/schooldetail/4699668/12,4699668,06/08/2024 22:14,2725
******01039 Operational,,MJPAPBCWR SCHOOL FOR GIRLS VELDURTHI,,,,Andhra Pradesh,6-Pr. Up Pr. and Secondary Only,66-BC Welfare,5 To 10,2-Girls,1-Rural,Veldurthi,Veldurthi,,,MJPAPBCWRS GIRLS VELDURTHYNEAR PETROL BUNK RAMALLAKOTA ROAD,518216,mjpapbcwrsgveldurthykurnool[at]gmail[dot]com,https://kys.udiseplus.gov.in/#/schooldetail/4719598/12,4719598,09/08/2024 11:58,2725
******00906 Operational,,MJPAPBCWRS GORANTLA,,,,Andhra Pradesh,6-Pr. Up Pr. and Secondary Only,66-BC Welfare,5 To 10,1-Boys,1-Rural,Kodumur,Gorantla,,,GORANTLA GORANTLA GORANTLA(VILLAGE) KODUMUR(MANDAL) KURNOOL(DIST),518467,principalaprsgorantla[at]gmail[dot]com,https://kys.udiseplus.gov.in/#/schooldetail/4699165/12,4699165,06/08/2024 22:14,2725
******00308 Operational,,MODEL EM.PRIMARY SCHOOL PEDDA HARIVANAM,,,,Andhra Pradesh,1-Primary,38-Pvt.Unaided,1 To 5,3-Co-educational,1-Rural,Adoni,Pedda Harivanam,,,PEDDA HARIVANAM ADONI(MANDAL) PEDDA HARIVANAM(VILLAGE) ADONI(MANDAL) KURNOOL(DIST),518308,modelenglishgrammarschoolpedda[at]gmail[dot]com,https://kys.udiseplus.gov.in/#/schooldetail/4699466/12,4699466,21/04/2023 15:31,2725
******90160 Closed,Closed,MOHAMED ALI EM UPS,,,,Andhra Pradesh,1-Primary,38-Pvt.Unaided,1 To 5,3-Co-educational,2-Urban,NA,,Adoni (M) - Ward No.15,Adoni-Municipality,VICTORIYAPET ADONI ADONI (M)(VILLAGE) ADONI(MANDAL) KURNOOL(DIST),518301,,https://kys.udiseplus.gov.in/#/schooldetail/4699629/12,4699629,15/10/2020 12:18,2725
******91374 Closed,Closed,MOHAMMADIA MADARASA NEAR NAGULA KATTA,,,,Andhra Pradesh,1-Primary,98-Madarsa Unrecognized,1 To 5,2-Girls,2-Urban,NA,,Kurnool Ward No. 4,Kurnool-Municipal Corporations,near nagula katta chittari street,518001,,https://kys.udiseplus.gov.in/#/schooldetail/4698244/12,4698244,25/10/2024 19:43,2725
******01406 Operational,,MOHAN MEMORIAL UP SCHOOL GUDEKAL,,,,Andhra Pradesh,2-Primary with Upper Primary,38-Pvt.Unaided,1 To 8,3-Co-educational,1-Rural,Yemmiganur,Gudikal,,,GUDIKAL YEMMIGANUR KUROOL 518360,518360,kishorekumaradiki[at]gmail[dot]com,https://kys.udiseplus.gov.in/#/schooldetail/4699317/12,4699317,16/06/2023 15:21,2725
******00507 Operational,,MONTE SCHOOL INDUS NAGAR PANDIPADU KALLUR MANDAL,,,,Andhra Pradesh,3-Pr. with Up.Pr. Sec. and H.Sec.,39-Pvt.Unaided (CBSE Syllabus),1 To 12,3-Co-educational,2-Urban,NA,,Kurnool Ward No. 28,Kurnool-Municipal Corporations,"INDUS NAGAR ,PANDIPADU",518002,office.cbmonte[at]gmail[dot]com,https://kys.udiseplus.gov.in/#/schooldetail/4720271/12,4720271,22/12/2025 12:28,2725
******91473 Operational,,MONTESSORI EM CBSE HS A CAMP,,,,Andhra Pradesh,6-Pr. Up Pr. and Secondary Only,39-Pvt.Unaided (CBSE Syllabus),1 To 10,3-Co-educational,2-Urban,NA,,Kurnool Ward No. 16,Kurnool-Municipal Corporations,29TH WARD KURNOOL MCROP VILLAGE,518002,montescbse17[at]gmail[dot]com,https://kys.udiseplus.gov.in/#/schooldetail/4698321/12,4698321,25/10/2024 19:43,2725
******02321 Closed,Closed,MONTESSORI EM HS DINNEDEVARAPADU KNL,,,,Andhra Pradesh,7-Upper Pr. and Secondary,38-Pvt.Unaided,6 To 10,3-Co-educational,1-Rural,Kurnool,Dinnadevarapadu (Og),,,NEAR ANDHRA JYOTHI OFFICE DINNEDEVARAPADU,518002,anji55899[at]gmail[dot]com,https://kys.udiseplus.gov.in/#/schooldetail/4698002/12,4698002,10/05/2022 17:31,2725
******02317 Permanently Closed,,MONTESSORI EM UP SCHOOL DINNEDEVARAPADU,,,,Andhra Pradesh,2-Primary with Upper Primary,38-Pvt.Unaided,1 To 7,3-Co-educational,1-Rural,Kurnool,Dinnadevarapadu (Og),,,NA,518002,,https://kys.udiseplus.gov.in/#/schooldetail/4717310/12,4717310,15/10/2020 12:18,2725
******91201 Operational,,"MONTESSORI ENG HS, ACAMP, KURNOOL",,,,Andhra Pradesh,7-Upper Pr. and Secondary,38-Pvt.Unaided,6 To 10,3-Co-educational,2-Urban,NA,,Kurnool Ward No. 16,Kurnool-Municipal Corporations,A-CAMP KURNOOL KURNOOL (MCORP)-3(VILLAGE) KURNOOL(MANDAL) KURNOOL(DIST),518002,montescbse17[at]gmail[dot]com,https://kys.udiseplus.gov.in/#/schooldetail/4698163/12,4698163,25/10/2024 19:43,2725
******91199 Operational,,MONTESSORI H. S VIDYA NAGAR KURNOOL,,,,Andhra Pradesh,7-Upper Pr. and Secondary,38-Pvt.Unaided,6 To 10,3-Co-educational,2-Urban,NA,,Kurnool Ward No. 13,Kurnool-Municipal Corporations,31st WARD VIDYANAGAR KURNOOL KURNOOL (MCORP)-2(VILLAGE) KURNOOL(MANDAL) KURNOOL(DIST),518002,montessorividyanagar1974[at]gmail[dot]com,https://kys.udiseplus.gov.in/#/schooldetail/4698162/12,4698162,05/01/2026 16:07,2725
******00504 Permanently Closed,,MONTESSORI INDUS EM PSPANDIPADU KALLUR(M),,,,Andhra Pradesh,1-Primary,38-Pvt.Unaided,1 To 5,3-Co-educational,1-Rural,Kallur,NA,,,NA,518002,,https://kys.udiseplus.gov.in/#/schooldetail/4717390/12,4717390,15/10/2020 12:18,2725
******90582 Operational,,"MONTESSORI INDUS RESIDENTIAL SCHOOL,GOOTY ROAD. KURNOOL",,,,Andhra Pradesh,3-Pr. with Up.Pr. Sec. and H.Sec.,39-Pvt.Unaided (CBSE Syllabus),1 To 12,3-Co-educational,2-Urban,NA,,Kurnool Ward No. 28,Kurnool-Municipal Corporations,GOOTY ROAD NH-7 KURNOOL,518002,indusmontessori[at]gmail[dot]com,https://kys.udiseplus.gov.in/#/schooldetail/4699078/12,4699078,23/12/2025 20:49,2725
******90577 Closed,Closed,MONTESSORI PS 29TH WARD KURNOOL,,,,Andhra Pradesh,1-Primary,38-Pvt.Unaided,1 To 5,3-Co-educational,2-Urban,NA,,Kurnool Ward No. 16,Kurnool-Municipal Corporations,29th WARD KURNOOL KURNOOL (MCORP)(VILLAGE) KURNOOL(MANDAL) KURNOOL(DIST),518002,montescbse17[at]gmail[dot]com,https://kys.udiseplus.gov.in/#/schooldetail/4698087/12,4698087,25/10/2024 19:43,2725
******90578 Operational,,"MONTESSORI PS, VIDYA NAGAR, KURNOOL",,,,Andhra Pradesh,1-Primary,38-Pvt.Unaided,1 To 5,3-Co-educational,2-Urban,NA,,Kurnool Ward No. 13,Kurnool-Municipal Corporations,13th WARD VIDYANAGAR KURNOOL KURNOOL (MCORP)(VILLAGE) KURNOOL(MANDAL) KURNOOL(DIST),518001,montessorividyanagar1974[at]gmail[dot]com,https://kys.udiseplus.gov.in/#/schooldetail/4698088/12,4698088,05/01/2026 15:59,2725
******00248 Operational,,MONTESSORI UPSCHOOL YEMMIGANUR,,,,Andhra Pradesh,2-Primary with Upper Primary,38-Pvt.Unaided,1 To 7,3-Co-educational,2-Urban,NA,,Yemmiganur Ward No. 23,Yemmiganur-Municipality,YEMMIGANUR YEMMIGANUR YEMMIGANUR(VILLAGE) YEMMIGANUR(MANDAL) KURNOOL(DIST),518360,,https://kys.udiseplus.gov.in/#/schooldetail/4699253/12,4699253,16/06/2023 15:21,2725
******01113 Operational,,MONTISSORI EM HS PANCHALINGALA,,,,Andhra Pradesh,6-Pr. Up Pr. and Secondary Only,38-Pvt.Unaided,1 To 10,3-Co-educational,1-Rural,Kurnool,Panchalingala,,,1-35 PANCHALINGALA NEAR SUBJAILKURNOOL,518004,montessoripanchalingala[at]gmail[dot]com,https://kys.udiseplus.gov.in/#/schooldetail/4697946/12,4697946,26/12/2025 17:16,2725
******01111 Closed,Closed,MONTISSORI EM PS PANCHALINGALA,,,,Andhra Pradesh,1-Primary,38-Pvt.Unaided,1 To 5,3-Co-educational,1-Rural,Kurnool,Panchalingala,,,1-35 NEAR SUBJAIL PANCHALINGALA KURNOOL,518004,montessoripanchalingala[at]gmail[dot]com,https://kys.udiseplus.gov.in/#/schooldetail/4697945/12,4697945,16/03/2023 14:49,2725
******91316 Operational,,MOSOODIA ARABIC HIGH SCHOOL ADONI,,,,Andhra Pradesh,7-Upper Pr. and Secondary,37-Pvt.Aided Oriental Schools,6 To 10,3-Co-educational,2-Urban,NA,,Adoni (M) - Ward No.12,Adoni-Municipality,ADONI (M) ( D.NO 12/826 JAMIA MASJID ADONI (M)-2(VILLAGE) ADONI(MANDAL) KURNOOL(DIST),518301,maahsadn[at]gmail[dot]com,https://kys.udiseplus.gov.in/#/schooldetail/4699680/12,4699680,13/01/2023 12:21,2725
******91067 Closed,Closed,MOTHER TERESA EM UP SCHOOL YEMMIAGNUR,,,,Andhra Pradesh,2-Primary with Upper Primary,38-Pvt.Unaided,1 To 7,3-Co-educational,2-Urban,NA,,Yemmiganur (M) - Ward No.3,Yemmiganur-Municipality,N T R COLONY YEMMIGANUR,518360,,https://kys.udiseplus.gov.in/#/schooldetail/4699397/12,4699397,04/08/2025 14:27,2725
******00774 Operational,,"MOTHER THERESA EM UP SCHOOL, HOLAGUNDA",,,,Andhra Pradesh,2-Primary with Upper Primary,38-Pvt.Unaided,1 To 7,3-Co-educational,1-Rural,Holagunda,Holagunda,,,"Near Seenappa baavi, Holagunda",518346,kviresh7683[at]gmail[dot]com,https://kys.udiseplus.gov.in/#/schooldetail/4721207/12,4721207,05/02/2024 16:45,2725
******90522 Closed,Closed,"MOTHER THERESA VIDYA NIKETAN UP SCHOOL, KALLUR",,,,Andhra Pradesh,2-Primary with Upper Primary,38-Pvt.Unaided,1 To 7,3-Co-educational,2-Urban,NA,,Kurnool Ward No. 27,Kurnool-Municipal Corporations,kallur -3 kallur,518002,,https://kys.udiseplus.gov.in/#/schooldetail/4699029/12,4699029,15/10/2020 12:18,2725
******91329 Operational,,"MOTHER THERESSA EM PS, ADONI",,,,Andhra Pradesh,1-Primary,38-Pvt.Unaided,1 To 5,3-Co-educational,2-Urban,NA,,Adoni (M) - Ward No.25,Adoni-Municipality,HAVANNA PET ADONI ADONI (M)-2(VILLAGE) ADONI(MANDAL) KURNOOL(DIST),518301,prabhavathi211[at]gmail[dot]com,https://kys.udiseplus.gov.in/#/schooldetail/4699689/12,4699689,16/06/2023 15:21,2725
******02808 Operational,,MOTHER THERESSA EM.UPS.,,,,Andhra Pradesh,2-Primary with Upper Primary,38-Pvt.Unaided,1 To 7,3-Co-educational,2-Urban,NA,,Adoni (M) - Ward No.17,Adoni-Municipality,KRANTHI NAGAR KARANTHI NAGAR ADONI(VILLAGE) ADONI(MANDAL) KURNOOL(DIST),518301,,https://kys.udiseplus.gov.in/#/schooldetail/4699518/12,4699518,21/04/2023 15:31,2725
******02008 Permanently Closed,,MOTHER THERISA UP SCHOOL JOHARAPURAM,,,,Andhra Pradesh,2-Primary with Upper Primary,38-Pvt.Unaided,1 To 7,3-Co-educational,1-Rural,Aspari,Joharapuram,,,NA,518347,,https://kys.udiseplus.gov.in/#/schooldetail/4717424/12,4717424,15/10/2020 12:18,2725
******00865 Operational,,MOUNT CARMELCAMARA ENGLISH MEDIUM PRIMARY SCHOOL SUNKESWARI,,,,Andhra Pradesh,1-Primary,38-Pvt.Unaided,1 To 5,3-Co-educational,1-Rural,Mantralayam,Madhavaram,,,MADHAVARAM ROAD SUNKESWARI,518345,,https://kys.udiseplus.gov.in/#/schooldetail/4721284/12,4721284,02/02/2024 11:56,2725
******02416 Operational,,MOUNT CARMEL EMTM,,,,Andhra Pradesh,1-Primary,38-Pvt.Unaided,1 To 5,3-Co-educational,1-Rural,Kosigi,Kosigi,,,KOSIGI(VILLAGE) KOSIGI(MANDAL) KURNOOL(DIST),518313,principal[at]mountcarmelschool[dot]in,https://kys.udiseplus.gov.in/#/schooldetail/4697647/12,4697647,23/12/2025 10:22,2725
******02418 Operational,,MOUNT CARMLE EMTM,,,,Andhra Pradesh,7-Upper Pr. and Secondary,38-Pvt.Unaided,6 To 10,3-Co-educational,1-Rural,Kosigi,Kosigi,,,KOSIGI(VILLAGE) KOSIGI(MANDAL) KURNOOL(DIST),518313,veerareddy443[at]gmail[dot]com,https://kys.udiseplus.gov.in/#/schooldetail/4697655/12,4697655,20/12/2025 06:08,2725
******02025 Operational,,"MOUNT STAR ENGLISH MEDIUM SCHOOL RAHAMATH NAGAR,KURNOOL",,,,Andhra Pradesh,2-Primary with Upper Primary,38-Pvt.Unaided,1 To 7,3-Co-educational,2-Urban,Kurnool urban,,Kurnool Ward No. 40,"Kurnool Municipal Corporation, Kurnool","RAHAMAT NAGAR,NEAR SANTOSH NAGAR KURNOOL",518003,,,,22/12/2025 22:10,2725
******90515 Operational,,MPCPS BIRLA GADDA NEAR KOTLA STATION KNL,,,,Andhra Pradesh,1-Primary,34-MUNCIPAL,1 To 5,3-Co-educational,2-Urban,NA,,Kurnool Ward No. 25,Kurnool-Municipal Corporations,12th WARD 26 PETA GANIGALLI STREET KURNOOL (MCORP)(VILLAGE) KURNOOL(MANDAL) KURNOOL(DIST),518002,mcps26birlagadda[at]gmail[dot]com,https://kys.udiseplus.gov.in/#/schooldetail/4698040/12,4698040,25/10/2024 19:43,2725
******01601 Operational,,MPES JALIMANCHI,,,,Andhra Pradesh,1-Primary,33-MPP_ZPP SCHOOLS,1 To 5,3-Co-educational,1-Rural,Adoni,Jalibenchi,,,JALIMANCHI JALIBENCHI(VILLAGE) ADONI(MANDAL) KURNOOL(DIST),518323,jalimanchimpes[at]gmail[dot]com,https://kys.udiseplus.gov.in/#/schooldetail/4699490/12,4699490,14/12/2023 12:19,2725
******00501 Operational,,MPES RAMPURAM,,,,Andhra Pradesh,1-Primary,33-MPP_ZPP SCHOOLS,1 To 5,3-Co-educational,1-Rural,Mantralayam,Rampuram,,,RAMPURAM RAMPURAM RAMPURAM(VILLAGE) MANTRALAYAM(MANDAL) KURNOOL(DIST),518349,,https://kys.udiseplus.gov.in/#/schooldetail/4697670/12,4697670,20/12/2025 11:19,2725
******90199 Operational,,MPLHS 2ND WARD,,,,Andhra Pradesh,7-Upper Pr. and Secondary,34-MUNCIPAL,6 To 10,3-Co-educational,2-Urban,NA,,Adoni (M) - Ward No.20,Adoni-Municipality,2nd WARD ADONI ADONI (M)(VILLAGE) ADONI(MANDAL) KURNOOL(DIST),518301,mplhsadoni[at]gmail[dot]com,https://kys.udiseplus.gov.in/#/schooldetail/4699666/12,4699666,15/10/2020 12:18,2725
******91470 Operational,,"MPL HS C,CAMP, KURNOOL",,,,Andhra Pradesh,7-Upper Pr. and Secondary,34-MUNCIPAL,6 To 10,3-Co-educational,2-Urban,NA,,Kurnool Ward No. 23,Kurnool-Municipal Corporations,C-CAMP KURNOOL-518002,518002,mchsccamp1971[at]gmail[dot]com,https://kys.udiseplus.gov.in/#/schooldetail/4698318/12,4698318,05/01/2026 15:47,2725
******91340 Operational,,MPL HS.RR LABOUR COLONY ADONI,,,,Andhra Pradesh,7-Upper Pr. and Secondary,34-MUNCIPAL,6 To 10,3-Co-educational,2-Urban,NA,,Adoni (M) - Ward No.17,Adoni-Municipality,RR LABOUR COLONY ADONI ADONI (M)-2(VILLAGE) ADONI(MANDAL) KURNOOL(DIST),518301,rrlabourcolony2005[at]gmail[dot]com,https://kys.udiseplus.gov.in/#/schooldetail/4699696/12,4699696,13/01/2023 11:58,2725
******91471 Operational,,MPL HS(U) BUDHAVAR PETA KNL,,,,Andhra Pradesh,7-Upper Pr. and Secondary,34-MUNCIPAL,6 To 10,3-Co-educational,2-Urban,NA,,Kurnool Ward No. 14,Kurnool-Municipal Corporations,near sai baba temple budhwarpeta,518002,mchsubpetakurnool[at]gmail[dot]com,https://kys.udiseplus.gov.in/#/schooldetail/4698319/12,4698319,21/06/2025 10:22,2725
******91341 Operational,,MPLHS.UNDERPET (G) (U),,,,Andhra Pradesh,7-Upper Pr. and Secondary,34-MUNCIPAL,6 To 10,2-Girls,2-Urban,NA,,Adoni (M) - Ward No.2,Adoni-Municipality,Near old water tank khooni mohalla Adoni(M)-2 Adoni Kurnool-518301,518301,underpet.mghs[at]gmail[dot]com,https://kys.udiseplus.gov.in/#/schooldetail/4699697/12,4699697,15/10/2020 12:18,2725
******90130 Operational,,MPLPS 18TH WARD,,,,Andhra Pradesh,1-Primary,34-MUNCIPAL,1 To 5,3-Co-educational,2-Urban,NA,,Adoni (M) - Ward No.15,Adoni-Municipality,VICTORIAPET ADONI ADONI (M)(VILLAGE) ADONI(MANDAL) KURNOOL(DIST),518301,-thwardmplps18[at]gmail[dot]com,https://kys.udiseplus.gov.in/#/schooldetail/4699602/12,4699602,15/10/2020 12:18,2725
******90517 Operational,,MPLPS KAHDAKPURA STREET,,,,Andhra Pradesh,1-Primary,34-MUNCIPAL,1 To 5,3-Co-educational,2-Urban,NA,,Kurnool Ward No. 12,Kurnool-Municipal Corporations,39th WARD KHADAKPURA STREET K V R GARDENS KURNOOL (MCORP)(VILLAGE) KURNOOL(MANDAL) KURNOOL(DIST),518001,Krishnappa131117[at]gmail[dot]com,https://kys.udiseplus.gov.in/#/schooldetail/4698042/12,4698042,05/01/2026 15:52,2725
******01702 Operational,,MPP GUDUMBAVI THANDA,,,,Andhra Pradesh,1-Primary,33-MPP_ZPP SCHOOLS,1 To 5,3-Co-educational,1-Rural,Orvakal,Kalva,,,GUDUMBAVI THANDA KALVA KALVA(VILLAGE) ORVAKAL(MANDAL) KURNOOL(DIST),518010,,https://kys.udiseplus.gov.in/#/schooldetail/4698853/12,4698853,15/10/2020 12:18,2725
******00602 Operational,,MPPS 52 BASAPURAM,,,,Andhra Pradesh,1-Primary,33-MPP_ZPP SCHOOLS,1 To 5,3-Co-educational,1-Rural,Mantralayam,Basapuram,,,52 BASAPURAM MANTRALAYAM BASAPURAM(VILLAGE) MANTRALAYAM(MANDAL) KURNOOL(DIST),518349,raghukalateacherygr[at]gmail[dot]com,https://kys.udiseplus.gov.in/#/schooldetail/4697673/12,4697673,11/03/2024 17:59,2725
******01901 Operational,,MPPS(5TH WARD) MUGATHI,,,,Andhra Pradesh,1-Primary,33-MPP_ZPP SCHOOLS,1 To 5,3-Co-educational,1-Rural,Nandavaram,Muguthi,,,5TH WARD MUGATHI MUGUTHI(VILLAGE) NANDAVARAM(MANDAL) KURNOOL(DIST),518360,mppsumugathi22[at]gmail[dot]com,https://kys.udiseplus.gov.in/#/schooldetail/4697779/12,4697779,19/12/2025 16:25,2725
******91038 Operational,,MPPS(AA) 21ST WARD,,,,Andhra Pradesh,1-Primary,33-MPP_ZPP SCHOOLS,1 To 5,3-Co-educational,2-Urban,NA,,Yemmiganur (M) - Ward No.8,Yemmiganur-Municipality,OPP MB CHURCH YEMMIGANUR-518360 KURNOOL DIST,518360,mppsadiandhraygr[at]gmail[dot]com,https://kys.udiseplus.gov.in/#/schooldetail/4699372/12,4699372,15/10/2020 12:18,2725
******01402 Operational,,MPPS(AA) ALUR,,,,Andhra Pradesh,1-Primary,33-MPP_ZPP SCHOOLS,1 To 5,3-Co-educational,1-Rural,Alur,Alur,,,ADI ANDHRA INDIRA NAGAR ALUR ALUR(VILLAGE) ALUR(MANDAL) KURNOOL(DIST),518395,,https://kys.udiseplus.gov.in/#/schooldetail/4699818/12,4699818,22/12/2025 12:58,2725
******03301 Operational,,MPPS(AA) BADINEHAL,,,,Andhra Pradesh,1-Primary,33-MPP_ZPP SCHOOLS,1 To 5,3-Co-educational,1-Rural,Kowthalam,Badinehal,,,BADINEHAL BADINEHAL BADINEHAL(VILLAGE) KOWTHALAM(MANDAL) KURNOOL(DIST),518344,balusgt1[at]gmail[dot]com,https://kys.udiseplus.gov.in/#/schooldetail/4697595/12,4697595,11/05/2022 09:45,2725
******01301 Operational,,MPPS(AA) HALAHARVI,,,,Andhra Pradesh,1-Primary,33-MPP_ZPP SCHOOLS,1 To 2,3-Co-educational,1-Rural,Halaharvi,Halaharvi,,,HALAHARVI HALAHARVI HALAHARVI(VILLAGE) HALAHARVI(MANDAL) KURNOOL(DIST),518348,mppsaahalaharvi[at]gmail[dot]com,https://kys.udiseplus.gov.in/#/schooldetail/4701989/12,4701989,13/11/2025 12:26,2725
******01702 Operational,,MPPS(AA)H.BELGAL,,,,Andhra Pradesh,1-Primary,33-MPP_ZPP SCHOOLS,1 To 5,3-Co-educational,1-Rural,Alur,Hathi Belgal,,,HATHI BELGAL ADI ANDHRA HATHI BELGAL(VILLAGE) ALUR(MANDAL) KURNOOL(DIST),518395,mppsaahbelagal[at]gmail[dot]com,https://kys.udiseplus.gov.in/#/schooldetail/4699845/12,4699845,22/12/2025 13:08,2725
******01005 Operational,,MPPS (AA) H.MURAVANI,,,,Andhra Pradesh,1-Primary,33-MPP_ZPP SCHOOLS,1 To 5,3-Co-educational,1-Rural,Peddakadabur,H Murvari,,,H. MURAVANI H. MURAVANI H. MURAVANI(VILLAGE) PEDDAKADUBUR(MANDAL) KURNOOL(DIST),518323,pettemusahadev[at]gmail[dot]com,https://kys.udiseplus.gov.in/#/schooldetail/4699427/12,4699427,20/12/2025 13:03,2725
******02406 Operational,,MPPS(AA) KOSIGI,,,,Andhra Pradesh,1-Primary,33-MPP_ZPP SCHOOLS,1 To 5,3-Co-educational,1-Rural,Kosigi,Kosigi,,,"SC COLONY IIIrd WARD KOSIGI KOSIGI(VILLAGE), KOSIGI(MANDAL), KURNOOL(DIST)",518313,hmmppsaa[at]gmail[dot]com,https://kys.udiseplus.gov.in/#/schooldetail/4697644/12,4697644,20/12/2025 19:19,2725
******01801 Operational,,MPPS(AA) MOLAGAVALLI,,,,Andhra Pradesh,1-Primary,33-MPP_ZPP SCHOOLS,1 To 5,3-Co-educational,1-Rural,Alur,Molagavalli,,,ADI ANDHRA MOLAGAVALLI MOLAGAVALLI(VILLAGE) ALUR(MANDAL) KURNOOL(DIST),518395,bashyampakkiraiah72182[at]gmail[dot]com,https://kys.udiseplus.gov.in/#/schooldetail/4699849/12,4699849,22/12/2025 13:09,2725
******01605 Operational,,MPPS(AA) NADAVARAM,,,,Andhra Pradesh,1-Primary,33-MPP_ZPP SCHOOLS,1 To 5,3-Co-educational,1-Rural,Nandavaram,Nandavaram,,,NANDAVARAM S C COLONY NANDAVARAM(VILLAGE) NANDAVARAM(MANDAL) KURNOOL(DIST),518343,ramalingammabvs131[at]gmail[dot]com,https://kys.udiseplus.gov.in/#/schooldetail/4697770/12,4697770,02/03/2024 19:16,2725
******00402 Operational,,MPPS(AA) NEMAKAL,,,,Andhra Pradesh,1-Primary,33-MPP_ZPP SCHOOLS,1 To 2,3-Co-educational,1-Rural,Chippagiri,Nemakal,,,SC COLONY NEMAKAL NEMAKAL(VILLAGE) CHIPPAGIRI(MANDAL) KURNOOL(DIST),518396,ssharifabi1984[at]gmail[dot]com,https://kys.udiseplus.gov.in/#/schooldetail/4701945/12,4701945,13/11/2025 12:17,2725
******00721 Operational,,MPPS(AA) PATHIKONDA,,,,Andhra Pradesh,1-Primary,33-MPP_ZPP SCHOOLS,1 To 5,3-Co-educational,1-Rural,Pattikonda,Pattikonda,,,SREERAMULA PETA PATTIKONDA VILLAGE AND MANDAL KURNOOL DISTRICT ANDHRA PRADESH,518380,appakuruva[at]gmail[dot]com,https://kys.udiseplus.gov.in/#/schooldetail/4701863/12,4701863,14/12/2023 16:24,2725
******01301 Operational,,MPPS(AA) PEDDAHOTHUR,,,,Andhra Pradesh,1-Primary,33-MPP_ZPP SCHOOLS,1 To 5,3-Co-educational,1-Rural,Alur,Peddahottur,,,PEDDAHOTHUR ALUR PEDDAHOTHUR(VILLAGE) ALUR(MANDAL) KURNOOL(DIST),518395,polisettyradhamma[at]gmail[dot]com,https://kys.udiseplus.gov.in/#/schooldetail/4699810/12,4699810,22/12/2025 12:56,2725
******01101 Operational,,MPPS(AA) PEDDAKADABUR,,,,Andhra Pradesh,1-Primary,33-MPP_ZPP SCHOOLS,1 To 5,3-Co-educational,1-Rural,Peddakadabur,Pedda Kadubur,,,PEDDA KADUBUR SC Colony PEDDAKADUBUR PEDDA KADUBUR(VILLAGE) PEDDAKADUBUR(MANDAL) KURNOOL(DIST),518323,mppsaapeddakadabur[at]gmail[dot]com,https://kys.udiseplus.gov.in/#/schooldetail/4699431/12,4699431,20/12/2025 13:20,2725
******00702 Operational,,MPPS(AA) YERUR,,,,Andhra Pradesh,1-Primary,33-MPP_ZPP SCHOOLS,1 To 5,3-Co-educational,1-Rural,Chippagiri,Yerur,,,SC COLONY YERUR YERUR(VILLAGE) CHIPPAGIRI(MANDAL) KURNOOL(DIST),518396,,https://kys.udiseplus.gov.in/#/schooldetail/4701954/12,4701954,08/05/2022 09:15,2725
******00601 Operational,,MPPS AGASANUR,,,,Andhra Pradesh,1-Primary,33-MPP_ZPP SCHOOLS,1 To 5,3-Co-educational,1-Rural,Kosigi,Agasanur,,,AGASANUR(VILLAGE) KOSIGI(MANDAL) KURNOOL(DIST),518313,hmmppsagasanur[at]gmail[dot]com,https://kys.udiseplus.gov.in/#/schooldetail/4697609/12,4697609,20/12/2025 18:59,2725
******00301 Operational,,MPPS AGAVELI,,,,Andhra Pradesh,1-Primary,33-MPP_ZPP SCHOOLS,1 To 5,3-Co-educational,1-Rural,Krishnagiri,Agaveli,,,AGAVELI AGAVELI AGAVELI(VILLAGE) KRISHNAGIRI(MANDAL) KURNOOL(DIST),518225,prabhas434[at]gmail[dot]com,https://kys.udiseplus.gov.in/#/schooldetail/4700008/12,4700008,15/10/2020 12:18,2725
******00201 Operational,,MPPS A.GOKULAPADU,,,,Andhra Pradesh,1-Primary,33-MPP_ZPP SCHOOLS,1 To 5,3-Co-educational,1-Rural,Kallur,A.Gokulapadu,,,A.GOKULAPADU A.GOKULAPADU A.GOKULAPADU(VILLAGE) KALLUR(MANDAL) KURNOOL(DIST),518467,hanumanthumallepogu[at]gimal[dot]come,https://kys.udiseplus.gov.in/#/schooldetail/4698867/12,4698867,21/12/2025 11:35,2725
******00601 Operational,,MPPS A.GONEHAL,,,,Andhra Pradesh,1-Primary,33-MPP_ZPP SCHOOLS,1 To 5,3-Co-educational,1-Rural,Alur,A.Gonehal,,,A.GONEHAL A.GONEHAL A.GONEHAL(VILLAGE) ALUR(MANDAL) KURNOOL(DIST),518395,mppsagonehal1994[at]gmail[dot]com,https://kys.udiseplus.gov.in/#/schooldetail/4699801/12,4699801,22/12/2025 12:41,2725
******01703 Operational,,MPPS AGRAHARAM,,,,Andhra Pradesh,1-Primary,33-MPP_ZPP SCHOOLS,1 To 5,3-Co-educational,1-Rural,Alur,Hathi Belgal,,,AGRAHARAM AGRAHARAM HATHI BELGAL(VILLAGE) ALUR(MANDAL) KURNOOL(DIST),518395,hnagendraiah[at]gmail[dot]com,https://kys.udiseplus.gov.in/#/schooldetail/4699846/12,4699846,22/12/2025 13:08,2725
******01503 Operational,,MPPS ALAMKONDA,,,,Andhra Pradesh,1-Primary,33-MPP_ZPP SCHOOLS,1 To 5,3-Co-educational,1-Rural,Krishnagiri,Alamkonda,,,ALAMKONDA (VILLAGE) KRISHNAGIRI(MANDAL) KURNOOL(DIST),518222,mppsalamkonda1503[at]gmail[dot]com,https://kys.udiseplus.gov.in/#/schooldetail/4700048/12,4700048,16/09/2024 21:31,2725
******01304 Operational,,MPPS ALARUDINNE,,,,Andhra Pradesh,1-Primary,33-MPP_ZPP SCHOOLS,1 To 5,3-Co-educational,1-Rural,Devanakonda,Velamakuru,,,"ALARUDINNE , VELAMAKURU(VILLAGE) DEVANAKONDA(MANDAL) KURNOOL(DIST)",518465,prabhakaruppalapati79[at]gmail[dot]com,https://kys.udiseplus.gov.in/#/schooldetail/4699984/12,4699984,20/06/2025 17:05,2725
******00706 Operational,,MPPS ALLINAGARAM,,,,Andhra Pradesh,1-Primary,33-MPP_ZPP SCHOOLS,1 To 5,3-Co-educational,1-Rural,Kodumur,Laddagiri,,,ALLINAGARAM LADDAGIRI LADDAGIRI(VILLAGE) KODUMUR(MANDAL) KURNOOL(DIST),518467,madhavivenkat06[at]gmail[dot]com,https://kys.udiseplus.gov.in/#/schooldetail/4699157/12,4699157,22/07/2024 13:15,2725
******00202 Operational,,MPPS ALLUGUNDU,,,,Andhra Pradesh,1-Primary,33-MPP_ZPP SCHOOLS,1 To 5,3-Co-educational,1-Rural,Veldurthi,Mallepalle,,,ALLUGUNDU ALLUGUNDU MALLEPALLE(VILLAGE) VELDURTI(MANDAL) KURNOOL(DIST),518216,meo.veldurthy29[at]gmail[dot]com,https://kys.udiseplus.gov.in/#/schooldetail/4700053/12,4700053,10/09/2024 12:52,2725
******04302 Operational,,MPPS ALSANDA GUTTI,,,,Andhra Pradesh,1-Primary,33-MPP_ZPP SCHOOLS,1 To 5,3-Co-educational,1-Rural,Adoni,Basarakodu,,,ALSANDA GUTTI BASARAKODU BASARAKODU(VILLAGE) ADONI(MANDAL) KURNOOL(DIST),518349,-adonivenkataramudu3[at]gmail[dot]com,https://kys.udiseplus.gov.in/#/schooldetail/4699563/12,4699563,13/01/2023 16:50,2725
******01406 Operational,,MPPS ALUR,,,,Andhra Pradesh,1-Primary,33-MPP_ZPP SCHOOLS,1 To 5,3-Co-educational,1-Rural,Alur,Alur,,,ALUR ALUR ALUR(VILLAGE) ALUR(MANDAL) KURNOOL(DIST),518395,erannaboya044[at]gmail[dot]com,https://kys.udiseplus.gov.in/#/schooldetail/4650094/12,4650094,22/12/2025 12:59,2725
******00905 Operational,,MPPS AMAKATHADU,,,,Andhra Pradesh,1-Primary,33-MPP_ZPP SCHOOLS,1 To 5,3-Co-educational,1-Rural,Krishnagiri,Amakathadu,,,AMAKATHADU AMAKATHADU AMAKATHADU(VILLAGE) KRISHNAGIRI(MANDAL) KURNOOL(DIST),518216,mpps.amakathadu.hm[at]gmail[dot]com,https://kys.udiseplus.gov.in/#/schooldetail/4698928/12,4698928,15/10/2020 12:18,2725
******02306 Operational,,MPPS AMBEDKAR NAGAR,,,,Andhra Pradesh,1-Primary,33-MPP_ZPP SCHOOLS,1 To 5,3-Co-educational,1-Rural,Kurnool,Dinnadevarapadu (Og),,,AMBEDKAR NAGAR DINNEDEVARAPADU DINNEDEVARAPADU(VILLAGE) KURNOOL(MANDAL) KURNOOL(DIST),518002,mppsan[at]gmail[dot]com,https://kys.udiseplus.gov.in/#/schooldetail/4697988/12,4697988,29/12/2025 11:33,2725
******00702 Operational,,MPPS AMEENABAD,,,,Andhra Pradesh,1-Primary,33-MPP_ZPP SCHOOLS,1 To 5,3-Co-educational,1-Rural,Tuggali,Tuggali,,,"AMEENABAD, TUGGALI(MANDAL), KURNOOL(DIST)",518390,tuggalimrc2021[at]gmail[dot]com,https://kys.udiseplus.gov.in/#/schooldetail/4701775/12,4701775,04/03/2024 12:41,2725
******00301 Operational,,MPPS AMRUTHAPURAM,,,,Andhra Pradesh,1-Primary,33-MPP_ZPP SCHOOLS,1 To 5,3-Co-educational,1-Rural,Halaharvi,Amruthapuram,,,AMRUTHAPURAM AMRUTHAPURAM AMRUTHAPURAM(VILLAGE) HALAHARVI(MANDAL) KURNOOL(DIST),518348,mullaeliyas[at]gmail[dot]com,https://kys.udiseplus.gov.in/#/schooldetail/4701973/12,4701973,24/06/2021 21:35,2725
******00303 Closed,Closed,MPPS A.NAGALAPURAM,,,,Andhra Pradesh,1-Primary,33-MPP_ZPP SCHOOLS,1 To 5,3-Co-educational,2-Urban,NA,,Kurnool Ward No. 38,Kurnool-Municipal Corporations,A.NAGALAPURAM. PEDDAPADU PEDDAPADU(VILLAGE) KALLUR(MANDAL) KURNOOL(DIST),518003,csrinivasulu[at]gmail[dot]com,https://kys.udiseplus.gov.in/#/schooldetail/4698872/12,4698872,23/07/2024 14:26,2725
******00701 Operational,,MPPS ANGASKAL,,,,Andhra Pradesh,1-Primary,33-MPP_ZPP SCHOOLS,1 To 5,3-Co-educational,1-Rural,Alur,Angaskal,,,ANGASKAL ANGASKAL ANGASKAL(VILLAGE) ALUR(MANDAL) KURNOOL(DIST),518302,kuruvagovindu171[at]gmail[dot]com,https://kys.udiseplus.gov.in/#/schooldetail/4699802/12,4699802,22/12/2025 12:41,2725
******00716 Operational,,MPPS(AN) PATHIKONDA,,,,Andhra Pradesh,1-Primary,33-MPP_ZPP SCHOOLS,1 To 5,3-Co-educational,1-Rural,Pattikonda,Pattikonda,,,ANJANEYA NAGAR PATHIKONDA PATTIKONDA(VILLAGE) PATHIKONDA(MANDAL) KURNOOL(DIST),518380,bsanjanna.sgt66[at]gmail[dot]com,https://kys.udiseplus.gov.in/#/schooldetail/4701861/12,4701861,11/03/2024 17:16,2725
******02301 Operational,,MPPS AREKAL,,,,Andhra Pradesh,1-Primary,33-MPP_ZPP SCHOOLS,1 To 5,3-Co-educational,1-Rural,Adoni,Arekal,,,AREKAL ADONI AREKAL(VILLAGE) ADONI(MANDAL) KURNOOL(DIST),518302,meo.adoni[at]gmail[dot]com,https://kys.udiseplus.gov.in/#/schooldetail/4699500/12,4699500,15/10/2020 12:18,2725
******01502 Operational,,MPPS ARIKERA,,,,Andhra Pradesh,1-Primary,33-MPP_ZPP SCHOOLS,1 To 5,3-Co-educational,1-Rural,Alur,Arikera,,,VEDDE STREET IIIrd WARD ARIKERA ARIKERA(VILLAGE) ALUR(MANDAL) KURNOOL(DIST),518395,mppsarikera[at]gmail[dot]com,https://kys.udiseplus.gov.in/#/schooldetail/4699839/12,4699839,22/12/2025 13:05,2725
******01501 Operational,,MPPS ARIKERA THANDA,,,,Andhra Pradesh,1-Primary,33-MPP_ZPP SCHOOLS,1 To 5,3-Co-educational,1-Rural,Alur,Arikera,,,ARIKERA THANDA ARIKERA THANDA ARIKERA(VILLAGE) ALUR(MANDAL) KURNOOL(DIST),518395,sudhakar22071967[at]gmail[dot]com,https://kys.udiseplus.gov.in/#/schooldetail/4699838/12,4699838,22/12/2025 13:05,2725
******00201 Operational,,MPPS ARLABANDA,,,,Andhra Pradesh,1-Primary,33-MPP_ZPP SCHOOLS,1 To 5,3-Co-educational,1-Rural,Kosigi,Arlabanda,,,ARLABANDA(VILLAGE) KOSIGI(MANDAL) KURNOOL(DIST),518313,veerareddy443[at]gmai[dot]com,https://kys.udiseplus.gov.in/#/schooldetail/4697604/12,4697604,20/12/2025 18:59,2725
******01102 Operational,,MPPS ASWARTHAPURAM,,,,Andhra Pradesh,1-Primary,33-MPP_ZPP SCHOOLS,1 To 5,3-Co-educational,2-Urban,NA,,Kurnool Ward No. 28,Kurnool-Municipal Corporations,ASWARTHAPURAM DUPADU DUPADU(VILLAGE) KALLUR(MANDAL) KURNOOL(DIST),518218,sekharrao00[at]gmail[dot]com,https://kys.udiseplus.gov.in/#/schooldetail/4698936/12,4698936,23/12/2025 12:50,2725
******00101 Operational,,MPPS ATIKALAGUNDU,,,,Andhra Pradesh,1-Primary,33-MPP_ZPP SCHOOLS,1 To 5,3-Co-educational,1-Rural,Pattikonda,Nalakadoddi,,,ATIKALAGUNDU ATIKALAGUNDU NALAKADODDI(VILLAGE) PATHIKONDA(MANDAL) KURNOOL(DIST),518347,rvsb1991[at]gmail[dot]com,https://kys.udiseplus.gov.in/#/schooldetail/4700681/12,4700681,13/12/2023 13:47,2725
******00702 Operational,,MPPS ATTEKALLU,,,,Andhra Pradesh,1-Primary,33-MPP_ZPP SCHOOLS,1 To 5,3-Co-educational,1-Rural,Aspari,Billekallu,,,ATTEKALLU BILLEKALLU(VILLAGE) ASPARI(MANDAL) KURNOOL(DIST),518347,lakshmiharsh321[at]gmail[dot]com,https://kys.udiseplus.gov.in/#/schooldetail/4699878/12,4699878,21/12/2025 12:22,2725
******01402 Operational,,MPPS AYYAKONDA,,,,Andhra Pradesh,1-Primary,33-MPP_ZPP SCHOOLS,1 To 5,3-Co-educational,1-Rural,Gonegandla,Ganjihalli,,,AYYAKONDA GANJIHALLI GANJIHALLI(VILLAGE) GONEGANDLA(MANDAL) KURNOOL(DIST),518463,meo.gonegandla[at]gmail[dot]com,https://kys.udiseplus.gov.in/#/schooldetail/4699228/12,4699228,12/02/2026 11:42,2725
******01602 Operational,,MPPS B.AGRAHARAM,,,,Andhra Pradesh,1-Primary,33-MPP_ZPP SCHOOLS,1 To 5,3-Co-educational,1-Rural,Gonegandla,B Agraharam,,,B. AGRAHARAM GONEGANDLA B. AGRAHARAM(VILLAGE) GONEGANDLA(MANDAL) KURNOOL(DIST),518463,mpups.agraharam[at]gmail[dot]com,https://kys.udiseplus.gov.in/#/schooldetail/4698196/12,4698196,12/02/2026 11:43,2725
******00102 Operational,,MPPS BAILUPATHIKONDA,,,,Andhra Pradesh,1-Primary,33-MPP_ZPP SCHOOLS,1 To 5,3-Co-educational,1-Rural,Aspari,D Kotakonda,,,BAILUPATHIKONDA D. KOTAKONDA D. KOTAKONDA(VILLAGE) ASPARI(MANDAL) KURNOOL(DIST),518347,meoaspari[at]gmail[dot]com,https://kys.udiseplus.gov.in/#/schooldetail/4699859/12,4699859,21/12/2025 12:23,2725
******00501 Operational,,MPPS BALADUR,,,,Andhra Pradesh,1-Primary,33-MPP_ZPP SCHOOLS,1 To 5,3-Co-educational,1-Rural,Adoni,Baladur,,,BALADUR SANTHEKUDLUR BALADUR(VILLAGE) ADONI(MANDAL) KURNOOL(DIST),518308,teja4922251[at]gmail[dot]com,https://kys.udiseplus.gov.in/#/schooldetail/4699468/12,4699468,22/12/2025 12:51,2725
******00702 Operational,,MPPS BALAPURAM,,,,Andhra Pradesh,1-Primary,33-MPP_ZPP SCHOOLS,1 To 5,3-Co-educational,1-Rural,Veldurthi,Sarparajapuram,,,BALAPURAM BALAPURAM SARPARAJAPURAM(VILLAGE) VELDURTI(MANDAL) KURNOOL(DIST),518217,,https://kys.udiseplus.gov.in/#/schooldetail/4700070/12,4700070,15/10/2020 12:18,2725
******01502 Operational,,MPPS BALLEKAL,,,,Andhra Pradesh,1-Primary,33-MPP_ZPP SCHOOLS,1 To 5,3-Co-educational,1-Rural,Adoni,Billekallu,,,BALLEKAL BALLEKAL BILLEKALLU(VILLAGE) ADONI(MANDAL) KURNOOL(DIST),518344,mppsballekal502[at]gmail[dot]com,https://kys.udiseplus.gov.in/#/schooldetail/4699488/12,4699488,15/10/2020 12:18,2725
******00101 Operational,,MPPS BALLUR,,,,Andhra Pradesh,1-Primary,33-MPP_ZPP SCHOOLS,1 To 5,3-Co-educational,1-Rural,Halaharvi,Ballur,,,BALLUR BALLUR BALLUR(VILLAGE) HALAHARVI(MANDAL) KURNOOL(DIST),518348,mppsballur[at]gmail[dot]com,https://kys.udiseplus.gov.in/#/schooldetail/4701971/12,4701971,15/10/2020 12:18,2725
******01704 Operational,,MPPS BANAVASI,,,,Andhra Pradesh,1-Primary,33-MPP_ZPP SCHOOLS,1 To 5,3-Co-educational,1-Rural,Yemmiganur,Banavasi,,,BANAVASI BANAVASI BANAVASI(VILLAGE) YEMMIGANUR(MANDAL) KURNOOL(DIST),518323,nagarajuk0694[at]gmail[dot]com,https://kys.udiseplus.gov.in/#/schooldetail/4699331/12,4699331,11/03/2024 17:48,2725
******01703 Operational,,MPPS BANAVASI FARM,,,,Andhra Pradesh,1-Primary,33-MPP_ZPP SCHOOLS,1 To 5,3-Co-educational,1-Rural,Yemmiganur,Banavasi,,,BANAVASI FARM BANAVASI BANAVASI(VILLAGE) YEMMIGANUR(MANDAL) KURNOOL(DIST),518360,mpupsbanavasi[at]gmail[dot]com,https://kys.udiseplus.gov.in/#/schooldetail/4699330/12,4699330,13/12/2023 16:08,2725
******01701 Operational,,MPPS BANAVASI(HW),,,,Andhra Pradesh,1-Primary,33-MPP_ZPP SCHOOLS,1 To 5,3-Co-educational,1-Rural,Yemmiganur,Banavasi,,,BANAVASI BANAVASI BANAVASI(VILLAGE) YEMMIGANUR(MANDAL) KURNOOL(DIST),518323,-mppsbanavasihw[at]gmail[dot]com,https://kys.udiseplus.gov.in/#/schooldetail/4699328/12,4699328,15/10/2020 12:18,2725
******00501 Operational,,MPPS BANDAGATLA,,,,Andhra Pradesh,1-Primary,33-MPP_ZPP SCHOOLS,1 To 5,3-Co-educational,1-Rural,Devanakonda,Machapuram,,,BANDAGATLA BANDAGATLA MACHAPURAM(VILLAGE) DEVANAKONDA(MANDAL) KURNOOL(DIST),518465,reddyravindar906[at]gmail[dot]com,https://kys.udiseplus.gov.in/#/schooldetail/4699940/12,4699940,23/12/2025 17:19,2725
******00802 Operational,,MPPS BANDAPALLI,,,,Andhra Pradesh,1-Primary,33-MPP_ZPP SCHOOLS,1 To 5,3-Co-educational,1-Rural,Devanakonda,Chellelichelimala,,,BANDAPALLI BANDAPALLI CHELLELICHELIMALA(VILLAGE) DEVANAKONDA(MANDAL) KURNOOL(DIST),518225,,https://kys.udiseplus.gov.in/#/schooldetail/4699950/12,4699950,23/12/2025 17:21,2725
******02301 Operational,,MPPS BANTAKUNTA,,,,Andhra Pradesh,1-Primary,33-MPP_ZPP SCHOOLS,1 To 5,3-Co-educational,1-Rural,Kowthalam,Bantakunta,,,SULEKI SULEKI BANTAKUNTA(VILLAGE) KOWTHALAM(MANDAL) KURNOOL(DIST),518344,mppsbantakunta[at]gmail[dot]com,https://kys.udiseplus.gov.in/#/schooldetail/4697563/12,4697563,11/05/2022 09:32,2725
******01102 Operational,,MPPS BANTANAHAL,,,,Andhra Pradesh,1-Primary,33-MPP_ZPP SCHOOLS,1 To 5,3-Co-educational,1-Rural,Chippagiri,Bantanahal,,,BANTANAHAL BANTANAHAL BANTANAHAL(VILLAGE) CHIPPAGIRI(MANDAL) KURNOOL(DIST),518396,kukatikondaajay1974[at]gmail[dot]com,https://kys.udiseplus.gov.in/#/schooldetail/4701961/12,4701961,23/12/2025 15:26,2725
******01101 Permanently Closed,,MPPS BANTANAHAL,,,,Andhra Pradesh,1-Primary,33-MPP_ZPP SCHOOLS,1 To 5,3-Co-educational,1-Rural,Chippagiri,Bantanahal,,,NA,518396,,https://kys.udiseplus.gov.in/#/schooldetail/4717539/12,4717539,15/10/2020 12:18,2725
******00804 Operational,,MPPS BANTUPALLI,,,,Andhra Pradesh,1-Primary,33-MPP_ZPP SCHOOLS,1 To 5,3-Co-educational,1-Rural,Devanakonda,Chellelichelimala,,,BANTUPALLi BANTUPALLi CHELLELICHELIMALA(VILLAGE) DEVANAKONDA(MANDAL) KURNOOL(DIST),518465,,https://kys.udiseplus.gov.in/#/schooldetail/4699952/12,4699952,23/12/2025 17:22,2725
******00301 Operational,,MPPS BAPALADODDI,,,,Andhra Pradesh,1-Primary,33-MPP_ZPP SCHOOLS,1 To 5,3-Co-educational,1-Rural,Peddakadabur,Bapaladoddi,,,MPPS BAPALADODDI BAPALADODDI(VILLAGE) PEDDAKADUBUR(MANDAL) KURNOOL(DIST),518302,meo.peddakadubur[at]gmail[dot]com,https://kys.udiseplus.gov.in/#/schooldetail/4699408/12,4699408,20/12/2025 12:11,2725
******01004 Operational,,MPPS BAPANADODDI,,,,Andhra Pradesh,1-Primary,33-MPP_ZPP SCHOOLS,1 To 5,3-Co-educational,1-Rural,Krishnagiri,Kambalapadu,,,BAPANADODDI KAMBALAPADU KAMBALAPADU(VILLAGE) KRISHNAGIRI(MANDAL) KURNOOL(DIST),518225,mppsbapanadoddi[at]gmail[dot]com,https://kys.udiseplus.gov.in/#/schooldetail/4700027/12,4700027,10/03/2024 09:47,2725
******02901 Operational,,MPPS BAPURAM,,,,Andhra Pradesh,1-Primary,33-MPP_ZPP SCHOOLS,1 To 5,3-Co-educational,1-Rural,Kowthalam,Bapuram,,,BAPURAM(VILLAGE) KOWTHALAM(MANDAL) KURNOOL(DIST),518333,mookappa98[at]gmail[dot]com,https://kys.udiseplus.gov.in/#/schooldetail/4697585/12,4697585,11/05/2022 09:39,2725
******00604 Operational,,MPPS BAPURAM,,,,Andhra Pradesh,1-Primary,33-MPP_ZPP SCHOOLS,1 To 2,3-Co-educational,1-Rural,Peddakadabur,Chinnatumbalam,,,BAPURAM BAPURAM CHINNATUMBALAM(VILLAGE) PEDDAKADUBUR(MANDAL) KURNOOL(DIST),518313,meo.peddakadubur[at]gmail[dot]com,https://kys.udiseplus.gov.in/#/schooldetail/4699414/12,4699414,20/12/2025 12:51,2725
******00502 Operational,,MPPS BASALADODDI,,,,Andhra Pradesh,1-Primary,33-MPP_ZPP SCHOOLS,1 To 5,3-Co-educational,1-Rural,Peddakadabur,Basaladoddi,,,BASALADODDI BASALADODDI BASALADODDI(VILLAGE) PEDDAKADUBUR(MANDAL) KURNOOL(DIST),518313,,https://kys.udiseplus.gov.in/#/schooldetail/4699411/12,4699411,23/12/2025 12:03,2725
******04303 Operational,,MPPS BASARAKODU,,,,Andhra Pradesh,1-Primary,33-MPP_ZPP SCHOOLS,1 To 5,3-Co-educational,1-Rural,Adoni,Basarakodu,,,BASARAKODU BASARAKODU BASARAKODU(VILLAGE) ADONI(MANDAL) KURNOOL(DIST),518347,mppsbasarakodu303[at]gmail[dot]com,https://kys.udiseplus.gov.in/#/schooldetail/4699564/12,4699564,13/01/2023 16:49,2725
******00602 Operational,,MPPS BASAVAPURAM,,,,Andhra Pradesh,1-Primary,33-MPP_ZPP SCHOOLS,1 To 5,3-Co-educational,1-Rural,Kurnool,Basavapuram,,,BASAVAPURAM BASAVAPURAM BASAVAPURAM(VILLAGE) KURNOOL(MANDAL) KURNOOL(DIST),518467,,https://kys.udiseplus.gov.in/#/schooldetail/4697910/12,4697910,26/12/2025 15:32,2725
******00505 Operational,,MPPS BASINEPALLI,,,,Andhra Pradesh,1-Primary,33-MPP_ZPP SCHOOLS,1 To 5,3-Co-educational,1-Rural,Maddikera (East),Hampa,,,BASINEPALLI (VILLAGE) MADDIKERA(MANDAL) KURNOOL(DIST),518390,,https://kys.udiseplus.gov.in/#/schooldetail/4701912/12,4701912,29/12/2022 16:11,2725
******00702 Operational,,MPPS BAVAPURAM,,,,Andhra Pradesh,1-Primary,33-MPP_ZPP SCHOOLS,1 To 5,3-Co-educational,1-Rural,Kurnool,G.Singavaram,,,BAVAPURAM G.SINGAVARAM G.SINGAVARAM(VILLAGE) KURNOOL(MANDAL) KURNOOL(DIST),518004,sravankumarnese[at]gmail[dot]com,https://kys.udiseplus.gov.in/#/schooldetail/4697912/12,4697912,26/12/2025 15:47,2725
******01501 Operational,,MPPS B. BONTHIRALLA,,,,Andhra Pradesh,1-Primary,33-MPP_ZPP SCHOOLS,1 To 5,3-Co-educational,1-Rural,Krishnagiri,Alamkonda,,,B. BONTHIRALLA ALAMKONDA ALAMKONDA(VILLAGE) KRISHNAGIRI(MANDAL) KURNOOL(DIST),518222,bbonthiralla1501[at]gmail[dot]com,https://kys.udiseplus.gov.in/#/schooldetail/4700046/12,4700046,15/10/2020 12:18,2725
******00803 Operational,,MPPS(BC) BOEDPADU,,,,Andhra Pradesh,1-Primary,33-MPP_ZPP SCHOOLS,1 To 5,3-Co-educational,1-Rural,Gonegandla,Thippanur,,,BODEPADU B.C. COLONY THIPPANUR THIPPANUR(VILLAGE) GONEGANDLA(MANDAL) KURNOOL(DIST),518463,meo.gonegandla[at]gmail[dot]com,https://kys.udiseplus.gov.in/#/schooldetail/4699212/12,4699212,12/02/2026 11:43,2725
******00301 Permanently Closed,,MPPS(BC) BURUJULA,,,,Andhra Pradesh,1-Primary,33-MPP_ZPP SCHOOLS,1 To 5,3-Co-educational,9-NA,NA,,,,NA,518380,,https://kys.udiseplus.gov.in/#/schooldetail/4717536/12,4717536,15/10/2020 12:18,2725
******00304 Operational,,MPPS(BC COL) KODUMUR,,,,Andhra Pradesh,1-Primary,33-MPP_ZPP SCHOOLS,1 To 5,3-Co-educational,1-Rural,Kodumur,Kodumur,,,KODUMUR B C COLONY KODUMUR(VILLAGE) KODUMUR(MANDAL) KURNOOL(DIST),518464,meo.kodumur[at]gmail[dot]com,https://kys.udiseplus.gov.in/#/schooldetail/4699065/12,4699065,19/12/2025 12:37,2725
******90431 Operational,,MPPS BC COLONY,,,,Andhra Pradesh,1-Primary,33-MPP_ZPP SCHOOLS,1 To 5,3-Co-educational,2-Urban,NA,,Kurnool Ward No. 41,Kurnool-Municipal Corporations,KALLUR ( BC COLONY BEHIND RADIO STATION KALLUR(VILLAGE) KALLUR(MANDAL) KURNOOL(DIST),518002,,https://kys.udiseplus.gov.in/#/schooldetail/4698991/12,4698991,24/12/2025 07:14,2725
******00501 Operational,,MPPS(BC COLONY) ULCHALA,,,,Andhra Pradesh,1-Primary,33-MPP_ZPP SCHOOLS,1 To 5,3-Co-educational,1-Rural,Kurnool,Ulchala,,,NEAR BC COLONY ULCHALA ULCHALA(VILLAGE) KURNOOL(MANDAL) KURNOOL(DIST),518001,,https://kys.udiseplus.gov.in/#/schooldetail/4697902/12,4697902,26/12/2025 14:12,2725
******00402 Operational,,MPPS(BC COL) PERAVALI,,,,Andhra Pradesh,1-Primary,33-MPP_ZPP SCHOOLS,1 To 5,3-Co-educational,1-Rural,Maddikera (East),Peravali,,,B C COLONY PERAVALI PERAVALI(VILLAGE) MADDIKERA(MANDAL) KURNOOL(DIST),518390,sssattar43[at]gmail[dot]com,https://kys.udiseplus.gov.in/#/schooldetail/4701901/12,4701901,08/05/2022 08:50,2725
******01204 Operational,,MPPS(BC) DEVANAKONDA,,,,Andhra Pradesh,1-Primary,33-MPP_ZPP SCHOOLS,1 To 5,3-Co-educational,1-Rural,Devanakonda,Devanakonda,,,BC COLONY DEVANAKONDA DEVANAKONDA(VILLAGE) DEVANAKONDA(MANDAL) KURNOOL(DIST),518465,mppsbcdevanakonda[at]gmail[dot]com,https://kys.udiseplus.gov.in/#/schooldetail/4699970/12,4699970,23/12/2025 18:33,2725
******01801 Operational,,MPPS(BC) GARGEYAPURAM,,,,Andhra Pradesh,1-Primary,33-MPP_ZPP SCHOOLS,1 To 5,3-Co-educational,1-Rural,Kurnool,Gargeyapuram,,,BC COLONY GARGEYAPURAM GARGEYAPURAM(VILLAGE) KURNOOL(MANDAL) KURNOOL(DIST),518452,,https://kys.udiseplus.gov.in/#/schooldetail/4697963/12,4697963,27/12/2025 11:15,2725
******00504 Operational,,MPPS(BC) GONDEGANDLA,,,,Andhra Pradesh,1-Primary,33-MPP_ZPP SCHOOLS,1 To 5,3-Co-educational,1-Rural,Gonegandla,Gonegandla,,,GONEGANDLA B.C.COLONY GONEGANDLA(VILLAGE) GONEGANDLA(MANDAL) KURNOOL(DIST),518463,mppsbc.gonegandla[at]gmail[dot]com,https://kys.udiseplus.gov.in/#/schooldetail/4699187/12,4699187,12/02/2026 10:47,2725
******01002 Operational,,MPPS(BC) HOLAGUNDA,,,,Andhra Pradesh,1-Primary,33-MPP_ZPP SCHOOLS,1 To 5,3-Co-educational,1-Rural,Holagunda,Holagunda,,,B C COLONY HOLAGUNDA(VILLAGE) HOLAGUNDA(MANDAL) KURNOOL(DIST),518346,headmaster_mppsdpepholagunda[at]gmail[dot]com,https://kys.udiseplus.gov.in/#/schooldetail/4699758/12,4699758,11/03/2024 16:50,2725
******01001 Operational,,MPPS(BC) KAMBADAHAL,,,,Andhra Pradesh,1-Primary,33-MPP_ZPP SCHOOLS,1 To 5,3-Co-educational,1-Rural,C.Belagal,Kambadahal,,,BC COLONY KAMBADAHAL KAMBADAHAL(VILLAGE) C.BELAGAL(MANDAL) KURNOOL(DIST),518462,meo.cbelagal[at]gmail[dot]com,https://kys.udiseplus.gov.in/#/schooldetail/4697832/12,4697832,15/10/2020 12:18,2725
******00701 Operational,,MPPS(BC) KAMBALADINNE,,,,Andhra Pradesh,1-Primary,33-MPP_ZPP SCHOOLS,1 To 5,3-Co-educational,1-Rural,Peddakadabur,Kambaladinne,,,"BC COLONY, KAMBALADINNE(Vi) PEDDAKADABUR (MANDAL), KURNOOL(DIST)",518360,mppsbc79[at]gmail[dot]com,https://kys.udiseplus.gov.in/#/schooldetail/4699417/12,4699417,23/12/2025 12:37,2725
******00303 Operational,,MPPS(BC) KARUMANCHI,,,,Andhra Pradesh,1-Primary,33-MPP_ZPP SCHOOLS,1 To 5,3-Co-educational,1-Rural,Aspari,Karumanchi,,,KARUMANCHI KARUMANCHI KARUMANCHI(VILLAGE) ASPARI(MANDAL) KURNOOL(DIST),518350,Karumanchi2005[at]gmail[dot]com,https://kys.udiseplus.gov.in/#/schooldetail/4699867/12,4699867,21/12/2025 12:59,2725
******00602 Operational,,MPPS(BC) KHYRAWADI,,,,Andhra Pradesh,1-Primary,33-MPP_ZPP SCHOOLS,1 To 5,3-Co-educational,1-Rural,Gonegandla,Handri Khairawadi,,,HANDRI KHAIRAWADI GONEGANDLA HANDRI KHAIRAWADI(VILLAGE) GONEGANDLA(MANDAL) KURNOOL(DIST),518463,mppsbc.khyrawadi[at]gmail[dot]com,https://kys.udiseplus.gov.in/#/schooldetail/4699202/12,4699202,12/02/2026 11:58,2725
******00701 Operational,,MPPS(BC) M.AGRAHARAM,,,,Andhra Pradesh,1-Primary,33-MPP_ZPP SCHOOLS,1 To 5,3-Co-educational,1-Rural,Maddikera (East),Maddikera Agraharam,,,BC COLONY MADDIKERA AGARAHARAM MADDIKERA AGRAHARAM(VILLAGE) MADDIKERA(MANDAL) KURNOOL(DIST),518385,,https://kys.udiseplus.gov.in/#/schooldetail/4701917/12,4701917,11/03/2024 17:09,2725
******01802 Operational,,MPPS(BC) MALAPALE,,,,Andhra Pradesh,1-Primary,33-MPP_ZPP SCHOOLS,1 To 5,3-Co-educational,1-Rural,Mantralayam,Malapalle,,,BC COLONY MALAPALLE MALAPALLE(VILLAGE) MANTRALAYAM(MANDAL) KURNOOL(DIST),518349,meo.mtlm[at]gmail[dot]com,https://kys.udiseplus.gov.in/#/schooldetail/4697715/12,4697715,03/03/2023 13:29,2725
******01803 Operational,,MPPS(BC) MOLAGAVALLI,,,,Andhra Pradesh,1-Primary,33-MPP_ZPP SCHOOLS,1 To 5,3-Co-educational,1-Rural,Alur,Molagavalli,,,MOLAGAVALLI B C COLONY NEMAKAL ROAD MOLAGAVALLI(VILLAGE) ALUR(MANDAL) KURNOOL(DIST),518395,madhumrudula1980[at]gmail[dot]com,https://kys.udiseplus.gov.in/#/schooldetail/4699852/12,4699852,22/12/2025 13:09,2725
******01902 Operational,,MPPS(BC) MUGATHI,,,,Andhra Pradesh,1-Primary,33-MPP_ZPP SCHOOLS,1 To 5,3-Co-educational,1-Rural,Nandavaram,Muguthi,,,B C COLONY IVth WARD MUGATHI MUGUTHI(VILLAGE) NANDAVARAM(MANDAL) KURNOOL(DIST),518360,mppsbcmugathi1902[at]gmail[dot]com,https://kys.udiseplus.gov.in/#/schooldetail/4697780/12,4697780,19/12/2025 16:26,2725
******00202 Operational,,MPPS(BC ) MULUGUNDAM,,,,Andhra Pradesh,1-Primary,33-MPP_ZPP SCHOOLS,1 To 5,3-Co-educational,1-Rural,Aspari,Mulugundam,,,BC COLONY MULUGUNDAM MULUGUNDAM(VILLAGE) ASPARI(MANDAL) KURNOOL(DIST),518350,meo.aspari[at]gmail[dot]com,https://kys.udiseplus.gov.in/#/schooldetail/4699862/12,4699862,21/12/2025 12:57,2725
******00801 Operational,,MPPS(BC) NIDZUR,,,,Andhra Pradesh,1-Primary,33-MPP_ZPP SCHOOLS,1 To 5,3-Co-educational,1-Rural,Kurnool,Nidzur,,,B C COLONY MAIN ROAD NIDZUR NIDZUR(VILLAGE) KURNOOL(MANDAL) KURNOOL(DIST),518004,,https://kys.udiseplus.gov.in/#/schooldetail/4697915/12,4697915,26/12/2025 16:19,2725
******02509 Operational,,"MPPS(BC), PADIDAMPADU",,,,Andhra Pradesh,1-Primary,33-MPP_ZPP SCHOOLS,1 To 5,3-Co-educational,1-Rural,Kurnool,Rudravaram,,,PADIDEMPADU P.RUDRAVARAM RUDRAVARAM(VILLAGE) KURNOOL(MANDAL) KURNOOL(DIST),518452,,https://kys.udiseplus.gov.in/#/schooldetail/4698016/12,4698016,27/12/2025 11:49,2725
******01101 Operational,,MPPS(BC) PANCHALINGALA,,,,Andhra Pradesh,1-Primary,33-MPP_ZPP SCHOOLS,1 To 5,3-Co-educational,1-Rural,Kurnool,Panchalingala,,,PANCHALINGALA B.C.COLONY PANCHALINGALA(VILLAGE) KURNOOL(MANDAL) KURNOOL(DIST),518004,mppspanchalingalabc[at]gmail[dot]com,https://kys.udiseplus.gov.in/#/schooldetail/4697940/12,4697940,26/12/2025 16:43,2725
******00603 Operational,,MPPS (B.C) POLAKAL,,,,Andhra Pradesh,1-Primary,33-MPP_ZPP SCHOOLS,1 To 5,3-Co-educational,1-Rural,C.Belagal,Polakal,,,B C COLONY POLAKALA POLAKAL(VILLAGE) C.BELAGAL(MANDAL) KURNOOL(DIST),518462,meo.cbelagal[at]gmail[dot]com,https://kys.udiseplus.gov.in/#/schooldetail/4697806/12,4697806,15/10/2020 12:18,2725
******01403 Operational,,MPPS(BC) P.THUMBALAM,,,,Andhra Pradesh,1-Primary,33-MPP_ZPP SCHOOLS,1 To 5,3-Co-educational,1-Rural,Adoni,Pedda Thumbalam,,,BC COLONY PEDDA THUMBALAM PEDDA THUMBALAM(VILLAGE) ADONI(MANDAL) KURNOOL(DIST),518302,ramanjinamma567[at]gmail[dot]com,https://kys.udiseplus.gov.in/#/schooldetail/4699484/12,4699484,15/10/2020 12:18,2725
******00104 Operational,,MPPS(BC) PULAKURTHY,,,,Andhra Pradesh,1-Primary,33-MPP_ZPP SCHOOLS,1 To 5,3-Co-educational,1-Rural,Kodumur,Pulakurthy,,,PULAKURTHY PULAKURTHY PULAKURTHY(VILLAGE) KODUMUR(MANDAL) KURNOOL(DIST),518462,satyavathig819[at]gmail[dot]com,https://kys.udiseplus.gov.in/#/schooldetail/4699088/12,4699088,19/12/2025 12:26,2725
******00205 Operational,,MPPS (BC) REMATA,,,,Andhra Pradesh,1-Primary,33-MPP_ZPP SCHOOLS,1 To 5,3-Co-educational,1-Rural,Kurnool,Remata,,,B.C.COLONY REMATA REMATA(VILLAGE) KURNOOL(MANDAL) KURNOOL(DIST),518466,krishnabhavani3104[at]gmail[dot]com,https://kys.udiseplus.gov.in/#/schooldetail/4697893/12,4697893,26/12/2025 12:26,2725
******00204 Operational,,MPPS(B.C) SANTHEKUDLUR,,,,Andhra Pradesh,1-Primary,33-MPP_ZPP SCHOOLS,1 To 5,3-Co-educational,1-Rural,Adoni,Santhekudlur,,,BC COLONY SANTHEKUDLUR SANTHEKUDLUR(VILLAGE) ADONI(MANDAL) KURNOOL(DIST),518308,meo.adoni[at]gmail[dot]com,https://kys.udiseplus.gov.in/#/schooldetail/4699461/12,4699461,22/12/2025 12:50,2725
******00204 Operational,,MPPS(BC) TERNEKAL,,,,Andhra Pradesh,1-Primary,33-MPP_ZPP SCHOOLS,1 To 5,3-Co-educational,1-Rural,Devanakonda,Ternekal,,,B C COLONY TERNEKAL TERNEKAL(VILLAGE) DEVANAKONDA(MANDAL) KURNOOL(DIST),518465,renukabolluru[at]gmail[dot]com,https://kys.udiseplus.gov.in/#/schooldetail/4699926/12,4699926,23/12/2025 18:34,2725
******00705 Permanently Closed,,MPPS(BC) TUGGALI,,,,Andhra Pradesh,1-Primary,33-MPP_ZPP SCHOOLS,1 To 5,3-Co-educational,9-NA,NA,,,,NA,518390,,https://kys.udiseplus.gov.in/#/schooldetail/4717531/12,4717531,15/10/2020 12:18,2725
******02002 Operational,,MPPS(BC) ULINDAKONDA,,,,Andhra Pradesh,1-Primary,33-MPP_ZPP SCHOOLS,1 To 5,3-Co-educational,1-Rural,Kallur,Ulindakonda,,,ULINDAKONDA ULINDAKONDA ULINDAKONDA(VILLAGE) KALLUR(MANDAL) KURNOOL(DIST),518218,sreenivaskothakota[at]gmail[dot]com,https://kys.udiseplus.gov.in/#/schooldetail/4698960/12,4698960,23/12/2025 13:10,2725
******00205 Operational,,MPPS(BC) VARKUR,,,,Andhra Pradesh,1-Primary,33-MPP_ZPP SCHOOLS,1 To 5,3-Co-educational,1-Rural,Kodumur,Varkur,,,VARKUR OLD B C COLONY VARKUR(VILLAGE) KODUMUR(MANDAL) KURNOOL(DIST),518464,mnprasanna20112011[at]gmail[dot]com,https://kys.udiseplus.gov.in/#/schooldetail/4699094/12,4699094,19/12/2025 12:30,2725
******00202 Operational,,MPPS BELLALMDODDI,,,,Andhra Pradesh,1-Primary,33-MPP_ZPP SCHOOLS,1 To 5,3-Co-educational,1-Rural,Devanakonda,Ternekal,,,BELLALMDODDI BELLALMDODDI TERNEKAL(VILLAGE) DEVANAKONDA(MANDAL) KURNOOL(DIST),518465,mppsbellamdoddi202[at]gmail[dot]com,https://kys.udiseplus.gov.in/#/schooldetail/4699924/12,4699924,23/12/2025 21:47,2725
******01201 Operational,,MPPS BENIGERI,,,,Andhra Pradesh,1-Primary,33-MPP_ZPP SCHOOLS,1 To 5,3-Co-educational,1-Rural,Aspari,Benigeri,,,BENIGERI BENIGERI BENIGERI(VILLAGE) ASPARI(MANDAL) KURNOOL(DIST),518347,meoaspari[at]gmail[dot]com,https://kys.udiseplus.gov.in/#/schooldetail/4699892/12,4699892,21/12/2025 12:25,2725
******00803 Operational,,MPPS BETAPALLI,,,,Andhra Pradesh,1-Primary,33-MPP_ZPP SCHOOLS,1 To 5,3-Co-educational,1-Rural,Devanakonda,Chellelichelimala,,,BETAPALLI BETAPALLI CHELLELICHELIMALA(VILLAGE) DEVANAKONDA(MANDAL) KURNOOL(DIST),518225,,https://kys.udiseplus.gov.in/#/schooldetail/4699951/12,4699951,23/12/2025 17:25,2725
******02301 Operational,,MPPS BEVINAHAL,,,,Andhra Pradesh,1-Primary,33-MPP_ZPP SCHOOLS,1 To 5,3-Co-educational,1-Rural,Halaharvi,Bevinhal,,,BEVINAHAL BEVINAHAL BEVINAHAL(VILLAGE) HALAHARVI(MANDAL) KURNOOL(DIST),518348,stusurendra[at]gmail[dot]com,https://kys.udiseplus.gov.in/#/schooldetail/4702009/12,4702009,12/12/2023 10:30,2725
******91004 Operational,,MPPS BHAVANI,,,,Andhra Pradesh,1-Primary,33-MPP_ZPP SCHOOLS,1 To 2,3-Co-educational,2-Urban,NA,,Yemmiganur (M) - Ward No.2,Yemmiganur-Municipality,MALLARI VEEDI YEMMIGANUR YEMMIGANUR(M)(VILLAGE) YEMMIGANUR(MANDAL) KURNOOL(DIST),518360,mppsbhavani1004[at]gmail[dot]com,https://kys.udiseplus.gov.in/#/schooldetail/4699344/12,4699344,13/11/2025 13:13,2725
******01602 Operational,,MPPS BHOGOLU,,,,Andhra Pradesh,1-Primary,33-MPP_ZPP SCHOOLS,1 To 5,3-Co-educational,1-Rural,Veldurthi,Bhogolu,,,BHOGOLU BHOGOLU BHOGOLU(VILLAGE) VELDURTI(MANDAL) KURNOOL(DIST),518222,Suni10121999[at]gmail[dot]com,https://kys.udiseplus.gov.in/#/schooldetail/4700117/12,4700117,15/10/2020 12:18,2725
******02503 Operational,,MPPS BHUPALNAGAR,,,,Andhra Pradesh,1-Primary,33-MPP_ZPP SCHOOLS,1 To 5,3-Co-educational,1-Rural,Kurnool,Rudravaram,,,BHUPALNAGAR P.RUDRAVARAM RUDRAVARAM(VILLAGE) KURNOOL(MANDAL) KURNOOL(DIST),518452,saileswaridevip[at]gmail[dot]com,https://kys.udiseplus.gov.in/#/schooldetail/4698010/12,4698010,27/12/2025 12:04,2725
******01203 Operational,,MPPS BHYRAVAKUNTA,,,,Andhra Pradesh,1-Primary,33-MPP_ZPP SCHOOLS,1 To 5,3-Co-educational,1-Rural,Devanakonda,Devanakonda,,,BHAIRAVAKUNTA DEVANAKONDA DEVANAKONDA(VILLAGE) DEVANAKONDA(MANDAL) KURNOOL(DIST),518465,kanapuramlinganna[at]gmail[dot]com,https://kys.udiseplus.gov.in/#/schooldetail/4699969/12,4699969,23/12/2025 17:26,2725
******00701 Operational,,MPPS BILEHAL,,,,Andhra Pradesh,1-Primary,33-MPP_ZPP SCHOOLS,1 To 5,3-Co-educational,1-Rural,Halaharvi,Bilehal,,,BILEHAL BILEHAL BILEHAL(VILLAGE) HALAHARVI(MANDAL) KURNOOL(DIST),518395,,https://kys.udiseplus.gov.in/#/schooldetail/4701977/12,4701977,15/10/2020 12:18,2725
******00701 Operational,,MPPS BILLEKALLU,,,,Andhra Pradesh,1-Primary,33-MPP_ZPP SCHOOLS,1 To 5,3-Co-educational,1-Rural,Aspari,Billekallu,,,BILLEKALLU(VILLAGE) ASPARI(MANDAL) KURNOOL(DIST),518347,mpps.billekal[at]gmail[dot]com,https://kys.udiseplus.gov.in/#/schooldetail/4699877/12,4699877,06/12/2023 11:36,2725
******01202 Operational,,MPPS BINGIDODDI,,,,Andhra Pradesh,1-Primary,33-MPP_ZPP SCHOOLS,1 To 5,3-Co-educational,1-Rural,Veldurthi,Sudepalle,,,BINGIDODDI BINGIDODDI SUDEPALLE(VILLAGE) VELDURTI(MANDAL) KURNOOL(DIST),518216,nagamaddaiah44[at]gmail[dot]com,https://kys.udiseplus.gov.in/#/schooldetail/4700098/12,4700098,07/01/2023 17:22,2725
******01907 Operational,,MPPS BODEBANDA,,,,Andhra Pradesh,1-Primary,33-MPP_ZPP SCHOOLS,1 To 5,3-Co-educational,1-Rural,Yemmiganur,Kotekal,,,BODEBANDA KOTEKAL KOTEKAL(VILLAGE) YEMMIGANUR(MANDAL) KURNOOL(DIST),518360,mpupsbodabanda1907[at]gmail[dot]com,https://kys.udiseplus.gov.in/#/schooldetail/4650357/12,4650357,11/03/2024 17:48,2725
******00806 Operational,,MPPS BOJJINAYUNIPETA,,,,Andhra Pradesh,1-Primary,33-MPP_ZPP SCHOOLS,1 To 5,3-Co-educational,1-Rural,Maddikera (East),Maddikera (East),,,BOJJINAYUNIPETA MADDIKERA(EAST) MADDIKERA (EAST)(VILLAGE) MADDIKERA(MANDAL) KURNOOL(DIST),518385,mppsbjpeta[at]gmail[dot]com,https://kys.udiseplus.gov.in/#/schooldetail/4701925/12,4701925,11/03/2024 17:08,2725
******00501 Operational,,MPPS BOLAGOTA,,,,Andhra Pradesh,1-Primary,33-MPP_ZPP SCHOOLS,1 To 5,3-Co-educational,1-Rural,Halaharvi,Bolugota,,,BOLUGOTA BOLUGOTA BOLUGOTA(VILLAGE) HALAHARVI(MANDAL) KURNOOL(DIST),518346,svimalteja[at]gmail[dot]com,https://kys.udiseplus.gov.in/#/schooldetail/4701974/12,4701974,10/03/2024 09:42,2725
******01001 Operational,,MPPS BOLLUVANIPALLI,,,,Andhra Pradesh,1-Primary,33-MPP_ZPP SCHOOLS,1 To 5,3-Co-educational,1-Rural,Tuggali,Pagidiroy,,,BOLLUVANIPALLI BOLLUVANIPALLI PAGIDIROY(VILLAGE) TUGGALI(MANDAL) KURNOOL(DIST),518390,tuggalimrc2021[at]gmail[dot]com,https://kys.udiseplus.gov.in/#/schooldetail/4701800/12,4701800,15/10/2020 12:18,2725
******00901 Operational,,MPPS BOMMAGUNDANAHALLI,,,,Andhra Pradesh,1-Primary,33-MPP_ZPP SCHOOLS,1 To 5,3-Co-educational,1-Rural,Holagunda,Chinnahyta,,,BOMMAGUNDANAHALLI CHINNAHYTA(POST) CHINNAHYTA(VILLAGE) HOLAGUNDA(MANDAL) KURNOOL(DIST),518346,meo.holagunda1324[at]gmail[dot]com,https://kys.udiseplus.gov.in/#/schooldetail/4699755/12,4699755,15/10/2020 12:18,2725
******00501 Operational,,MPPS BOMMANAPALLI,,,,Andhra Pradesh,1-Primary,33-MPP_ZPP SCHOOLS,1 To 5,3-Co-educational,1-Rural,Maddikera (East),Hampa,,,BOMMNEPALLI BOMMNEPALLI HAMPA(VILLAGE) MADDIKERA(MANDAL) KURNOOL(DIST),518385,,https://kys.udiseplus.gov.in/#/schooldetail/4701908/12,4701908,29/12/2022 16:11,2725
******00103 Operational,,MPPS BOMMIREDDYPALLI,,,,Andhra Pradesh,1-Primary,33-MPP_ZPP SCHOOLS,1 To 5,3-Co-educational,1-Rural,Veldurthi,Narlapuram,,,BOMMIREDDIPALLI BOMMIREDDIPALLI NARLAPURAM(VILLAGE) VELDURTI(MANDAL) KURNOOL(DIST),518216,m02494050[at]gmail[dot]com,https://kys.udiseplus.gov.in/#/schooldetail/4700051/12,4700051,14/08/2024 14:34,2725
******01802 Operational,,MPPS BOMPALLE,,,,Andhra Pradesh,1-Primary,33-MPP_ZPP SCHOOLS,1 To 5,3-Co-educational,1-Rural,Kosigi,Bompalle,,,CHINNA BOMPALLE(VILLAGE) KOSIGI(MANDAL) KURNOOL(DIST),518313,veerareddy443[at]gmail[dot]com,https://kys.udiseplus.gov.in/#/schooldetail/4697631/12,4697631,20/12/2025 12:11,2725
******00701 Operational,,MPPS BRAHMANAPALLE,,,,Andhra Pradesh,1-Primary,33-MPP_ZPP SCHOOLS,1 To 5,3-Co-educational,1-Rural,Orvakal,Brahmanapalle,,,BRAHMANAPALLE BRAHMANAPALLE BRAHMANAPALLE(VILLAGE) ORVAKAL(MANDAL) KURNOOL(DIST),518010,,https://kys.udiseplus.gov.in/#/schooldetail/4698820/12,4698820,15/10/2020 12:18,2725
******00702 Operational,,MPPS BRAHMANDODDI,,,,Andhra Pradesh,1-Primary,33-MPP_ZPP SCHOOLS,1 To 5,3-Co-educational,1-Rural,C.Belagal,Brahmanadoddi,,,BRAHMANADODDI C.BELAGAL BRAHMANADODDI(VILLAGE) C.BELAGAL(MANDAL) KURNOOL(DIST),518462,,https://kys.udiseplus.gov.in/#/schooldetail/4696711/12,4696711,04/12/2023 19:59,2725
******00509 Operational,,MPPS(BS) GONEGANDLA,,,,Andhra Pradesh,1-Primary,33-MPP_ZPP SCHOOLS,1 To 5,3-Co-educational,1-Rural,Gonegandla,Gonegandla,,,GONEGANDLA BUS STAND GONEGANDLA(VILLAGE) GONEGANDLA(MANDAL) KURNOOL(DIST),518463,mppsbs.gonegandla[at]gmail[dot]com,https://kys.udiseplus.gov.in/#/schooldetail/4699192/12,4699192,12/02/2026 11:44,2725
******00704 Operational,,MPPS B.THANDA,,,,Andhra Pradesh,1-Primary,33-MPP_ZPP SCHOOLS,1 To 5,3-Co-educational,1-Rural,Pattikonda,Pattikonda,,,BUGGA THANDA BUGGA THANDA PATTIKONDA(VILLAGE) PATHIKONDA(MANDAL) KURNOOL(DIST),518380,hemalathauppara19[at]gmail[dot]com,https://kys.udiseplus.gov.in/#/schooldetail/4701851/12,4701851,15/10/2020 12:18,2725
******02403 Operational,,MPPS B.THANDARAPADU,,,,Andhra Pradesh,1-Primary,33-MPP_ZPP SCHOOLS,1 To 5,3-Co-educational,1-Rural,Kurnool,B. Thandrapadu (Og),,,B.THANDRAPADU B.C.COLONY B.THANDRAPADU(VILLAGE) KURNOOL(MANDAL) KURNOOL(DIST),518007,mppsbthandrapadu2403[at]gmail[dot]com,https://kys.udiseplus.gov.in/#/schooldetail/4712192/12,4712192,27/12/2025 14:00,2725
******01402 Operational,,MPPS BUDUR,,,,Andhra Pradesh,1-Primary,33-MPP_ZPP SCHOOLS,1 To 5,3-Co-educational,1-Rural,Mantralayam,Budur,,,BUDUR BUDUR BUDUR(VILLAGE) MANTRALAYAM(MANDAL) KURNOOL(DIST),518349,mppsbudur[at]gmail[dot]com,https://kys.udiseplus.gov.in/#/schooldetail/4697704/12,4697704,15/10/2020 12:18,2725
******00602 Operational,,MPPS BUKKAPURAM,,,,Andhra Pradesh,1-Primary,33-MPP_ZPP SCHOOLS,1 To 5,3-Co-educational,1-Rural,Veldurthi,Bukkapuram,,,BUKKAPURAM BUKKAPURAM BUKKAPURAM(VILLAGE) VELDURTI(MANDAL) KURNOOL(DIST),518217,,https://kys.udiseplus.gov.in/#/schooldetail/4700068/12,4700068,14/08/2024 14:34,2725
******00803 Operational,,MPPS BURANDODDI,,,,Andhra Pradesh,1-Primary,33-MPP_ZPP SCHOOLS,1 To 5,3-Co-educational,1-Rural,C.Belagal,Burandoddi,,,BURANDODDI C.BELAGAL BURANDODDI(VILLAGE) C.BELAGAL(MANDAL) KURNOOL(DIST),518462,meo.cbelagal[at]gmail[dot]com,https://kys.udiseplus.gov.in/#/schooldetail/4697815/12,4697815,15/10/2020 12:18,2725
******01501 Operational,,MPPS BURRAKUNTA,,,,Andhra Pradesh,1-Primary,33-MPP_ZPP SCHOOLS,1 To 5,3-Co-educational,1-Rural,Devanakonda,Gundlakonda,,,BURRAKUNTA BURRAKUNTA GUNDLAKONDA(VILLAGE) DEVANAKONDA(MANDAL) KURNOOL(DIST),518468,meo.devanakonda[at]gmail[dot]com,https://kys.udiseplus.gov.in/#/schooldetail/4699989/12,4699989,23/12/2025 17:27,2725
******00302 Operational,,MPPS BURUJULA,,,,Andhra Pradesh,1-Primary,33-MPP_ZPP SCHOOLS,1 To 5,3-Co-educational,1-Rural,Maddikera (East),Burujula,,,BURUJULA(VILLAGE) MADDIKERA(MANDAL) KURNOOL(DIST),518385,pramodmandala1992[at]gmail[dot]com,https://kys.udiseplus.gov.in/#/schooldetail/4701899/12,4701899,29/12/2022 16:11,2725
******00801 Operational,,MPPS BYATHOLI,,,,Andhra Pradesh,1-Primary,33-MPP_ZPP SCHOOLS,1 To 5,3-Co-educational,1-Rural,C.Belagal,Burandoddi,,,BYATHOLI BURANDODDI BURANDODDI(VILLAGE) C.BELAGAL(MANDAL) KURNOOL(DIST),518462,hmmppsbyatholi[at]gmail[dot]com,https://kys.udiseplus.gov.in/#/schooldetail/4697813/12,4697813,15/10/2020 12:18,2725
******00201 Operational,,MPPS B YERRABADU,,,,Andhra Pradesh,1-Primary,33-MPP_ZPP SCHOOLS,1 To 5,3-Co-educational,1-Rural,Krishnagiri,Pothugal,,,B YERRABADU POTHUGAL POTHUGAL(VILLAGE) KRISHNAGIRI(MANDAL) KURNOOL(DIST),518225,,https://kys.udiseplus.gov.in/#/schooldetail/4700004/12,4700004,15/10/2020 12:18,2725
******01501 Operational,,MPPS BYLUPPALA,,,,Andhra Pradesh,1-Primary,33-MPP_ZPP SCHOOLS,1 To 5,3-Co-educational,1-Rural,Gonegandla,Byluppala,,,BYLUPPALA GONEGANDLA BYLUPPALA(VILLAGE) GONEGANDLA(MANDAL) KURNOOL(DIST),518463,mpups.byluppala[at]gmail[dot]com,https://kys.udiseplus.gov.in/#/schooldetail/4699230/12,4699230,12/02/2026 11:42,2725
******00103 Operational,,MPPS BYNADODDI,,,,Andhra Pradesh,1-Primary,33-MPP_ZPP SCHOOLS,1 To 5,3-Co-educational,1-Rural,Kodumur,Pulakurthy,,,BYNADODDI PULAKURTHY PULAKURTHY(VILLAGE) KODUMUR(MANDAL) KURNOOL(DIST),518462,suneethasonu2005[at]gmail[dot]com,https://kys.udiseplus.gov.in/#/schooldetail/4699087/12,4699087,19/12/2025 12:26,2725
******01401 Operational,,MPPS BYRAPURAM,,,,Andhra Pradesh,1-Primary,33-MPP_ZPP SCHOOLS,1 To 5,3-Co-educational,1-Rural,Orvakal,Bodduvanipalle,,,BYRAPURAM BYRAPURAM BODDUVANIPALLE(VILLAGE) ORVAKAL(MANDAL) KURNOOL(DIST),518002,sreethota18[at]gmail[dot]com,https://kys.udiseplus.gov.in/#/schooldetail/4698844/12,4698844,15/10/2020 12:18,2725
******00202 Operational,,MPPS CAMP-II KOTTALA,,,,Andhra Pradesh,1-Primary,33-MPP_ZPP SCHOOLS,1 To 5,3-Co-educational,1-Rural,Kowthalam,Kumbalanur,,,KOTTALA - II KOTTALA - II KUMBALANUR(VILLAGE) KOWTHALAM(MANDAL) KURNOOL(DIST),518333,,https://kys.udiseplus.gov.in/#/schooldetail/4697531/12,4697531,11/05/2022 09:49,2725
******00201 Permanently Closed,,MPPS CAMP-I KOTTALA,,,,Andhra Pradesh,1-Primary,33-MPP_ZPP SCHOOLS,1 To 5,3-Co-educational,1-Rural,Kowthalam,Kumbalanur,,,NA,518333,,https://kys.udiseplus.gov.in/#/schooldetail/4717293/12,4717293,15/10/2020 12:18,2725
******00717 Operational,,MPPS(CENTRAL) PATHIKONDA,,,,Andhra Pradesh,1-Primary,33-MPP_ZPP SCHOOLS,1 To 5,3-Co-educational,1-Rural,Pattikonda,Pattikonda,,,PATTIKONDA PATHIKONDA PATTIKONDA(VILLAGE) PATHIKONDA(MANDAL) KURNOOL(DIST),518380,jayanna459[at]gmail[dot]com,https://kys.udiseplus.gov.in/#/schooldetail/4701862/12,4701862,08/06/2022 16:59,2725
******02401 Operational,,MPPS(CG) KOSIGI,,,,Andhra Pradesh,1-Primary,33-MPP_ZPP SCHOOLS,1 To 5,3-Co-educational,1-Rural,Kosigi,Kosigi,,,CHAKALIGERI 4th WARD KOSIGI (VILLAGE) KOSIGI(MANDAL) KURNOOL(DIST),518313,veerareddy443[at]gmail[dot]com,https://kys.udiseplus.gov.in/#/schooldetail/4697639/12,4697639,21/12/2025 11:33,2725
******03501 Operational,,MPPS CHAGI,,,,Andhra Pradesh,1-Primary,33-MPP_ZPP SCHOOLS,1 To 5,3-Co-educational,1-Rural,Adoni,Chagi,,,CHAGI CHAGI CHAGI(VILLAGE) ADONI(MANDAL) KURNOOL(DIST),518302,mppschagi[at]gmail[dot]com,https://kys.udiseplus.gov.in/#/schooldetail/4699534/12,4699534,13/01/2023 15:28,2725
******01901 Operational,,MPPS CHANNAPURAM,,,,Andhra Pradesh,1-Primary,33-MPP_ZPP SCHOOLS,1 To 5,3-Co-educational,1-Rural,Yemmiganur,Kotekal,,,"CHANNAPURAM ,KOTEKAL(VI) YEMMIGANUR(M) KURNOOL(DIST)",518360,mallikarjunamn738[at]gmail[dot]com,https://kys.udiseplus.gov.in/#/schooldetail/4699337/12,4699337,02/03/2024 19:18,2725
******00801 Operational,,MPPS CH.CHELIMALA,,,,Andhra Pradesh,1-Primary,33-MPP_ZPP SCHOOLS,1 To 5,3-Co-educational,1-Rural,Devanakonda,Chellelichelimala,,,CHELLELICHELIMALA CHELLELICHELIMALA CHELLELICHELIMALA(VILLAGE) DEVANAKONDA(MANDAL) KURNOOL(DIST),518225,basannasm[at]gmail[dot]com,https://kys.udiseplus.gov.in/#/schooldetail/4699949/12,4699949,23/12/2025 17:28,2725
******01901 Operational,,MPPS CHENNAMCHETTIPALLI,,,,Andhra Pradesh,1-Primary,33-MPP_ZPP SCHOOLS,1 To 5,3-Co-educational,1-Rural,Orvakal,Somyajulapalle,,,CHENNAMCHETTIPALLI SOMYAJULAPALLE SOMYAJULAPALLE(VILLAGE) ORVAKAL(MANDAL) KURNOOL(DIST),518010,meo.orvakal17[at]gmail[dot]com,https://kys.udiseplus.gov.in/#/schooldetail/4698861/12,4698861,15/10/2020 12:18,2725
******00501 Operational,,MPPS CHENNAMPALLI,,,,Andhra Pradesh,1-Primary,33-MPP_ZPP SCHOOLS,1 To 5,3-Co-educational,1-Rural,Aspari,Khyruppala,,,CHENNAMPALLI VILLAGE KHYRUPPALA(VILLAGE) ASPARI(MANDAL) KURNOOL(DIST),518465,mpps.kcpalli[at]gmail[dot]com,https://kys.udiseplus.gov.in/#/schooldetail/4699870/12,4699870,22/12/2025 10:43,2725
******00806 Operational,,MPPS CHENNAMPALLI,,,,Andhra Pradesh,1-Primary,33-MPP_ZPP SCHOOLS,1 To 5,3-Co-educational,1-Rural,Tuggali,Chennampalle,,,CHENNAMPALLE CHENNAMPALLE CHENNAMPALLE(VILLAGE) TUGGALI(MANDAL) KURNOOL(DIST),518390,tuggalimrc2021[at]gmail[dot]com,https://kys.udiseplus.gov.in/#/schooldetail/4700646/12,4700646,15/10/2020 12:18,2725
******01402 Operational,,MPPS CHERLAKOTHUR,,,,Andhra Pradesh,1-Primary,33-MPP_ZPP SCHOOLS,1 To 5,3-Co-educational,1-Rural,Veldurthi,Govardhanagiri,,,CHERLAKOTHUR CHERLAKOTHUR GOVARDHANAGIRI(VILLAGE) VELDURTI(MANDAL) KURNOOL(DIST),518216,mpps.cherlakotturu[at]gmail[dot]com,https://kys.udiseplus.gov.in/#/schooldetail/4700108/12,4700108,15/10/2020 12:18,2725
******01202 Operational,,MPPS CHERUVU THANDA,,,,Andhra Pradesh,1-Primary,33-MPP_ZPP SCHOOLS,1 To 5,3-Co-educational,1-Rural,Tuggali,Gooty Erragudi,,,CHERUVUTHANDA CHERUVUTHANDA GOOTY ERRAGUDI(VILLAGE) TUGGALI(MANDAL) KURNOOL(DIST),518390,tuggalimrc2021[at]gmail[dot]com,https://kys.udiseplus.gov.in/#/schooldetail/4701817/12,4701817,15/10/2020 12:18,2725
******01401 Operational,,MPPS CHETLA MALLAPURAM,,,,Andhra Pradesh,1-Primary,33-MPP_ZPP SCHOOLS,1 To 5,3-Co-educational,1-Rural,Kallur,Chetla Mallapuram,,,CHETLA MALLAPURAM CHETLA MALLAPURAM CHETLA MALLAPURAM(VILLAGE) KALLUR(MANDAL) KURNOOL(DIST),518218,satyavathig819[at]gmail[dot]com,https://kys.udiseplus.gov.in/#/schooldetail/4698950/12,4698950,23/12/2025 12:55,2725
******01401 Operational,,MPPS CHIGELI,,,,Andhra Pradesh,1-Primary,33-MPP_ZPP SCHOOLS,1 To 5,3-Co-educational,1-Rural,Aspari,Chigeli,,,CHIGELI CHIGELI CHIGELI(VILLAGE) ASPARI(MANDAL) KURNOOL(DIST),518347,meoaspari[at]gmail[dot]com,https://kys.udiseplus.gov.in/#/schooldetail/4699896/12,4699896,21/12/2025 12:30,2725
******01502 Operational,,MPPS CHILAKALADONA,,,,Andhra Pradesh,1-Primary,33-MPP_ZPP SCHOOLS,1 To 5,3-Co-educational,1-Rural,Mantralayam,Chilakaladona,,,CHILAKALADONA CHILAKALADONA CHILAKALADONA(VILLAGE) MANTRALAYAM(MANDAL) KURNOOL(DIST),518345,meo.mtlm[at]gmail[dot]com,https://kys.udiseplus.gov.in/#/schooldetail/4697706/12,4697706,15/10/2020 12:18,2725
******01501 Operational,,MPPS CHILAKALADONA,,,,Andhra Pradesh,1-Primary,33-MPP_ZPP SCHOOLS,1 To 5,3-Co-educational,1-Rural,Mantralayam,Chilakaladona,,,B C COLONY CHILAKALADONA CHILAKALADONA(VILLAGE) MANTRALAYAM(MANDAL) KURNOOL(DIST),518345,mppsbcchilakaladona[at]gmail[dot]com,https://kys.udiseplus.gov.in/#/schooldetail/4697705/12,4697705,15/10/2020 12:18,2725
******00802 Operational,,MPPS CHILLABANDA,,,,Andhra Pradesh,1-Primary,33-MPP_ZPP SCHOOLS,1 To 5,3-Co-educational,1-Rural,Kodumur,Yerradoddi,,,CHILLABANDA YERRADODDI YERRADODDI(VILLAGE) KODUMUR(MANDAL) KURNOOL(DIST),518468,,https://kys.udiseplus.gov.in/#/schooldetail/4699160/12,4699160,10/05/2022 11:24,2725
******00601 Operational,,MPPS CHINNA GONEHAL,,,,Andhra Pradesh,1-Primary,33-MPP_ZPP SCHOOLS,1 To 5,3-Co-educational,1-Rural,Adoni,Chinna Gonehal,,,CHINNA GONEHAL CHINNA GONEHAL CHINNA GONEHAL(VILLAGE) ADONI(MANDAL) KURNOOL(DIST),518308,mppschinnagonehal[at]gmail[dot]com,https://kys.udiseplus.gov.in/#/schooldetail/4699469/12,4699469,20/01/2026 05:42,2725
******00701 Operational,,MPPS CHINNA HARIVANAM,,,,Andhra Pradesh,1-Primary,33-MPP_ZPP SCHOOLS,1 To 5,3-Co-educational,1-Rural,Adoni,Chinna Harivanam,,,CHINNA HARIVANAM CHINNA HARIVANAM CHINNA HARIVANAM(VILLAGE) ADONI(MANDAL) KURNOOL(DIST),518308,mppssw2023[at]gmail[dot]com,https://kys.udiseplus.gov.in/#/schooldetail/4699471/12,4699471,13/01/2023 15:32,2725
******00801 Operational,,MPPS CHINNAHULTHI,,,,Andhra Pradesh,1-Primary,33-MPP_ZPP SCHOOLS,1 To 5,3-Co-educational,1-Rural,Pattikonda,Chinna Hulthi,,,CHINNAHULTHI CHINNAHULTHI CHINNAHULTHI(VILLAGE) PATHIKONDA(MANDAL) KURNOOL(DIST),518380,headmastermppschinnahulthi[at]gmail[dot]com,https://kys.udiseplus.gov.in/#/schooldetail/4701892/12,4701892,13/12/2023 10:57,2725
******01601 Operational,,MPPS CHINNAKADUBUR,,,,Andhra Pradesh,1-Primary,33-MPP_ZPP SCHOOLS,1 To 5,3-Co-educational,1-Rural,Peddakadabur,Chinna Kadubur,,,CHINNA KADUBUR(VILLAGE) PEDDAKADUBUR(MANDAL) KURNOOL(DIST),518323,,https://kys.udiseplus.gov.in/#/schooldetail/4699450/12,4699450,20/12/2025 13:14,2725
******01404 Permanently Closed,,MPPS CHINNA KOLUMULAPALLI,,,,Andhra Pradesh,1-Primary,33-MPP_ZPP SCHOOLS,1 To 5,3-Co-educational,1-Rural,Veldurthi,Govardhanagiri,,,NA,518216,,https://kys.udiseplus.gov.in/#/schooldetail/4717430/12,4717430,15/10/2020 12:18,2725
******00801 Operational,,MPPS CHINNAKOTHILIKI,,,,Andhra Pradesh,1-Primary,33-MPP_ZPP SCHOOLS,1 To 5,3-Co-educational,1-Rural,Nandavaram,Chinnakothiliki,,,D.NO:1-138 CHINNAKOTHILIKI CHINNAKOTHILIKI(VILLAGE) NANDAVARAM(MANDAL) KURNOOL(DIST),518343,mppschinnakothili[at]gmail[dot]com,https://kys.udiseplus.gov.in/#/schooldetail/4697744/12,4697744,15/10/2020 12:18,2725
******00901 Operational,,MPPS CHINNAKOTTALA,,,,Andhra Pradesh,1-Primary,33-MPP_ZPP SCHOOLS,1 To 5,3-Co-educational,1-Rural,Kallur,Bastipadu,,,CHINNAKOTTALA BASTIPADU BASTIPADU(VILLAGE) KALLUR(MANDAL) KURNOOL(DIST),518218,chinnakottalampps[at]gmail[dot]com,https://kys.udiseplus.gov.in/#/schooldetail/4698890/12,4698890,23/12/2025 12:48,2725
******00204 Operational,,MPPS CHINNAMARIVEEDU,,,,Andhra Pradesh,1-Primary,33-MPP_ZPP SCHOOLS,1 To 5,3-Co-educational,1-Rural,Gonegandla,Alwala,,,CHINNAMARRIVEEDU CHINNAMARRIVEEDU ALWALA(VILLAGE) GONEGANDLA(MANDAL) KURNOOL(DIST),518463,mpups.chinnamariveedu[at]gmail[dot]com,https://kys.udiseplus.gov.in/#/schooldetail/4699172/12,4699172,12/02/2026 10:42,2725
******01303 Operational,,MPPS CHINNA TEKUR,,,,Andhra Pradesh,1-Primary,33-MPP_ZPP SCHOOLS,1 To 5,3-Co-educational,1-Rural,Kallur,Chinna Tekur,,,CHINNA TEKUR KALLUR CHINNA TEKUR(VILLAGE) KALLUR(MANDAL) KURNOOL(DIST),518216,valathatisudhakar1969[at]gmail[dot]com,https://kys.udiseplus.gov.in/#/schooldetail/4698945/12,4698945,23/12/2025 12:53,2725
******00605 Operational,,MPPS CHINNATUMBALAM,,,,Andhra Pradesh,1-Primary,33-MPP_ZPP SCHOOLS,1 To 5,3-Co-educational,1-Rural,Peddakadabur,Chinnatumbalam,,,CHINNATUMBALAM CHINNATUMBALAM CHINNATUMBALAM(VILLAGE) PEDDAKADUBUR(MANDAL) KURNOOL(DIST),518313,meo.peddakadubur[at]gmail[dot]com,https://kys.udiseplus.gov.in/#/schooldetail/4699415/12,4699415,20/12/2025 12:28,2725
******02201 Operational,,MPPS CHINTAKUNTA,,,,Andhra Pradesh,1-Primary,33-MPP_ZPP SCHOOLS,1 To 5,3-Co-educational,1-Rural,Kosigi,Chintakunta,,,CHINTAKUNTA(VILLAGE) KOSIGI(MANDAL) KURNOOL(DIST),518313,vidapanakallugangamma[at]gmail[dot]com,https://kys.udiseplus.gov.in/#/schooldetail/4697638/12,4697638,20/12/2025 19:00,2725
******01803 Operational,,MPPS CHINTHAKUNTA,,,,Andhra Pradesh,1-Primary,33-MPP_ZPP SCHOOLS,1 To 5,3-Co-educational,1-Rural,Halaharvi,Chinthakunta,,,CHINTHAKUNTA CHINTHAKUNTA CHINTHAKUNTA(VILLAGE) HALAHARVI(MANDAL) KURNOOL(DIST),518348,umavenky958[at]gmail[dot]com,https://kys.udiseplus.gov.in/#/schooldetail/4702000/12,4702000,24/06/2021 21:38,2725
******02001 Operational,,MPPS CHINTHALAPALLI,,,,Andhra Pradesh,1-Primary,33-MPP_ZPP SCHOOLS,1 To 5,3-Co-educational,1-Rural,Orvakal,Komarolu,,,CHINTHALAPALLI CHINTHALAPALLI KOMAROLU(VILLAGE) ORVAKAL(MANDAL) KURNOOL(DIST),518010,,https://kys.udiseplus.gov.in/#/schooldetail/4698863/12,4698863,11/03/2024 16:46,2725
******00906 Operational,,MPPS CHINTHAMANPALLI,,,,Andhra Pradesh,1-Primary,33-MPP_ZPP SCHOOLS,1 To 5,3-Co-educational,1-Rural,C.Belagal,C.Belagal,,,CHINTAMANPALLI CHINTAMANPALLI C.BELAGAL(VILLAGE) C.BELAGAL(MANDAL) KURNOOL(DIST),518462,hmcmpallimpps[at]gmail[dot]com,https://kys.udiseplus.gov.in/#/schooldetail/4697822/12,4697822,15/10/2020 12:18,2725
******01401 Operational,,MPPS CHIRTAPALLE,,,,Andhra Pradesh,1-Primary,33-MPP_ZPP SCHOOLS,1 To 5,3-Co-educational,1-Rural,Kowthalam,Chirtapalle,,,CHIRTAPALLE CHIRTAPALLE CHIRTAPALLE(VILLAGE) KOWTHALAM(MANDAL) KURNOOL(DIST),518344,,https://kys.udiseplus.gov.in/#/schooldetail/4697547/12,4697547,11/05/2022 09:29,2725
******01501 Operational,,MPPS CHIRUMANDODDI,,,,Andhra Pradesh,1-Primary,33-MPP_ZPP SCHOOLS,1 To 5,3-Co-educational,1-Rural,Aspari,Chiramandoddi,,,CHIRAMANDODDI CHIRAMANDODDI CHIRAMANDODDI(VILLAGE) ASPARI(MANDAL) KURNOOL(DIST),518347,MPPS.chirumanudoddi[at]gmail[dot]com,https://kys.udiseplus.gov.in/#/schooldetail/4699898/12,4699898,21/12/2025 12:31,2725
******90411 Operational,,MPPS CH.MUNI NAGAR,,,,Andhra Pradesh,1-Primary,33-MPP_ZPP SCHOOLS,1 To 5,3-Co-educational,2-Urban,NA,,Kurnool Ward No. 35,Kurnool-Municipal Corporations,KALLUR ( CH.MUNI NAGAR KALLUR(VILLAGE) KALLUR(MANDAL) KURNOOL(DIST),518002,mramakrishnudu1666[at]gmail[dot]com,https://kys.udiseplus.gov.in/#/schooldetail/4698977/12,4698977,23/12/2025 13:19,2725
******00301 Operational,,MPPS CH.NELATUR,,,,Andhra Pradesh,1-Primary,33-MPP_ZPP SCHOOLS,1 To 5,3-Co-educational,1-Rural,Gonegandla,Pedda Nelatur,,,CHINNA NELATUR PEDDA NELATUR PEDDA NELATUR(VILLAGE) GONEGANDLA(MANDAL) KURNOOL(DIST),518463,mpps.chinnanelatur[at]gmail[dot]com,https://kys.udiseplus.gov.in/#/schooldetail/4699176/12,4699176,12/02/2026 10:43,2725
******01601 Operational,,MPPS CHOKKANAHALLI,,,,Andhra Pradesh,1-Primary,33-MPP_ZPP SCHOOLS,1 To 5,3-Co-educational,1-Rural,Aspari,Chokkanahalli,,,CHOKKANAHALLI (VILLAGE) ASPARI(MANDAL) KURNOOL(DIST),518347,meo.aspari[at]gmail[dot]com,https://kys.udiseplus.gov.in/#/schooldetail/4699899/12,4699899,21/12/2025 12:32,2725
******01002 Operational,,MPPS CHUDI,,,,Andhra Pradesh,1-Primary,33-MPP_ZPP SCHOOLS,1 To 5,3-Co-educational,1-Rural,Kowthalam,Chudi,,,CHUDI CHUDI CHUDI(VILLAGE) KOWTHALAM(MANDAL) KURNOOL(DIST),518344,,https://kys.udiseplus.gov.in/#/schooldetail/4650145/12,4650145,11/05/2022 09:24,2725
******00503 Operational,,MPPS(CRC) GONEGANDLA,,,,Andhra Pradesh,1-Primary,33-MPP_ZPP SCHOOLS,1 To 5,3-Co-educational,1-Rural,Gonegandla,Gonegandla,,,GONEGANDLA CHANDUVULA RAMAIAH COLONY GONEGANDLA(VILLAGE) GONEGANDLA(MANDAL) KURNOOL(DIST),518463,mppscrc.gonegandla[at]gmail[dot]com,https://kys.udiseplus.gov.in/#/schooldetail/4699186/12,4699186,12/02/2026 10:46,2725
******00602 Operational,,MPPS DAIVAMDINNE (NEW),,,,Andhra Pradesh,1-Primary,33-MPP_ZPP SCHOOLS,1 To 2,3-Co-educational,1-Rural,Yemmiganur,Divamdinne,,,DAIVAMDINNE DIVAMDINNE DIVAMDINNE(VILLAGE) YEMMIGANUR(MANDAL) KURNOOL(DIST),518360,,https://kys.udiseplus.gov.in/#/schooldetail/4699288/12,4699288,13/11/2025 13:13,2725
******01303 Operational,,MPPS DASARADODDI,,,,Andhra Pradesh,1-Primary,33-MPP_ZPP SCHOOLS,1 To 5,3-Co-educational,1-Rural,Veldurthi,Laxminagaram,,,DASARADODDI DASARADODDI LAXMINAGARAM(VILLAGE) VELDURTI(MANDAL) KURNOOL(DIST),518216,,https://kys.udiseplus.gov.in/#/schooldetail/4700104/12,4700104,15/10/2020 12:18,2725
******01902 Operational,,MPPS D.BELAGALLU,,,,Andhra Pradesh,1-Primary,33-MPP_ZPP SCHOOLS,1 To 5,3-Co-educational,1-Rural,Kosigi,D Belagal,,,D.BELAGALLU (VILLAGE) KOSIGI(MANDAL) KURNOOL(DIST),518313,veerareddy443[at]gmail[dot]com,https://kys.udiseplus.gov.in/#/schooldetail/4697634/12,4697634,20/12/2025 19:01,2725
******00801 Operational,,MPPS D.C KONDA,,,,Andhra Pradesh,1-Primary,33-MPP_ZPP SCHOOLS,1 To 5,3-Co-educational,1-Rural,Tuggali,Chennampalle,,,DIGUCHINTHALAKONDA DIGUCHINTHALAKONDA CHENNAMPALLE(VILLAGE) TUGGALI(MANDAL) KURNOOL(DIST),518221,tuggalimrc2021[at]gmail[dot]com,https://kys.udiseplus.gov.in/#/schooldetail/4701786/12,4701786,15/10/2020 12:18,2725
******00801 Operational,,MPPS DEGALAHAL,,,,Andhra Pradesh,1-Primary,33-MPP_ZPP SCHOOLS,1 To 5,3-Co-educational,1-Rural,Chippagiri,Degalahal,,,DEGALAHAL DEGALAHAL DEGALAHAL(VILLAGE) CHIPPAGIRI(MANDAL) KURNOOL(DIST),518396,meo.chippagiri[at]Gmail[dot]com,https://kys.udiseplus.gov.in/#/schooldetail/4701956/12,4701956,03/03/2024 14:52,2725
******01103 Operational,,MPPS DESAI THANDA,,,,Andhra Pradesh,1-Primary,33-MPP_ZPP SCHOOLS,1 To 5,3-Co-educational,1-Rural,Tuggali,Jonnagiri,,,DESAI THANDA DESAI THANDA JONNAGIRI(VILLAGE) TUGGALI(MANDAL) KURNOOL(DIST),518390,baanamohan1974[at]gmail[dot]com,https://kys.udiseplus.gov.in/#/schooldetail/4701806/12,4701806,15/10/2020 12:18,2725
******01601 Operational,,MPPS DEVAMADA,,,,Andhra Pradesh,1-Primary,33-MPP_ZPP SCHOOLS,1 To 5,3-Co-educational,1-Rural,Kurnool,Devamada,,,DEVAMADA DEVAMADA DEVAMADA(VILLAGE) KURNOOL(MANDAL) KURNOOL(DIST),518004,hmmppsdevamada[at]gmail[dot]com,https://kys.udiseplus.gov.in/#/schooldetail/4697960/12,4697960,27/12/2025 11:03,2725
******00201 Operational,,MPPS DEVANABANDA,,,,Andhra Pradesh,1-Primary,33-MPP_ZPP SCHOOLS,1 To 5,3-Co-educational,1-Rural,Pattikonda,Devanabanda,,,DEVANABANDA DEVANABANDA DEVANABANDA(VILLAGE) PATHIKONDA(MANDAL) KURNOOL(DIST),518380,boyaramanjani57[at]gmail[dot]com,https://kys.udiseplus.gov.in/#/schooldetail/4701828/12,4701828,11/03/2024 17:12,2725
******01701 Operational,,MPPS DEVARABETTA,,,,Andhra Pradesh,1-Primary,33-MPP_ZPP SCHOOLS,1 To 5,3-Co-educational,1-Rural,Kosigi,Sajjalaguddam,,,DEVARABETTA(VILLAGE) KOSIGI(MANDAL) KURNOOL(DIST),518313,veerareddy443[at]gmail[dot]com,https://kys.udiseplus.gov.in/#/schooldetail/4697629/12,4697629,20/12/2025 19:01,2725
******02001 Operational,,MPPS DEVIBETTA,,,,Andhra Pradesh,1-Primary,33-MPP_ZPP SCHOOLS,1 To 5,3-Co-educational,1-Rural,Yemmiganur,Devibetta,,,DEVIBETTA DEVIBETTA DEVIBETTA(VILLAGE) YEMMIGANUR(MANDAL) KURNOOL(DIST),518360,,https://kys.udiseplus.gov.in/#/schooldetail/4698294/12,4698294,22/09/2024 23:38,2725
******03601 Operational,,MPPS DHANAPURAM,,,,Andhra Pradesh,1-Primary,33-MPP_ZPP SCHOOLS,1 To 5,3-Co-educational,1-Rural,Adoni,Dhanapuram (Og),,,DHANAPURAM DHANAPURAM DHANAPURAM(VILLAGE) ADONI(MANDAL) KURNOOL(DIST),518302,mppsdhanapuram601[at]gmail[dot]com,https://kys.udiseplus.gov.in/#/schooldetail/4699539/12,4699539,15/10/2020 12:18,2725
******01801 Operational,,MPPS DHARMAPURAM,,,,Andhra Pradesh,1-Primary,33-MPP_ZPP SCHOOLS,1 To 5,3-Co-educational,1-Rural,Nandavaram,Dharmapuram,,,6TH WARD DHARMAPURAM DHARMAPURAM(VILLAGE) NANDAVARAM(MANDAL) KURNOOL(DIST),518360,mppsdharmapuram503[at]gmail[dot]com,https://kys.udiseplus.gov.in/#/schooldetail/4697778/12,4697778,19/12/2025 16:23,2725
******01901 Operational,,MPPS DIGUVAPADU,,,,Andhra Pradesh,1-Primary,33-MPP_ZPP SCHOOLS,1 To 5,3-Co-educational,1-Rural,Kurnool,Diguvapadu,,,DIGUVAPADU NEAR POST OFFICE DIGUVAPADU(VILLAGE) KURNOOL(MANDAL) KURNOOL(DIST),518452,,https://kys.udiseplus.gov.in/#/schooldetail/4697971/12,4697971,27/12/2025 11:33,2725
******02301 Operational,,MPPS DINNEDEVARAPADU,,,,Andhra Pradesh,1-Primary,33-MPP_ZPP SCHOOLS,1 To 5,3-Co-educational,1-Rural,Kurnool,Dinnadevarapadu (Og),,,DINNEDEVARAPADU DINNEDEVARAPADU DINNEDEVARAPADU(VILLAGE) KURNOOL(MANDAL) KURNOOL(DIST),518002,mppsddpadu[at]gmail[dot]com,https://kys.udiseplus.gov.in/#/schooldetail/4697984/12,4697984,29/12/2025 11:33,2725
******00606 Operational,,MPPS DIVAMDINNE (MAIN),,,,Andhra Pradesh,1-Primary,33-MPP_ZPP SCHOOLS,1 To 5,3-Co-educational,1-Rural,Yemmiganur,Divamdinne,,,DIVAMDINNE DIVAMDINNE DIVAMDINNE(VILLAGE) YEMMIGANUR(MANDAL) KURNOOL(DIST),518360,mppsmaindaivamdinne[at]gmail[dot]com,https://kys.udiseplus.gov.in/#/schooldetail/4699291/12,4699291,11/09/2024 10:23,2725
******00101 Operational,,"MPPS D,KOTAKONDA",,,,Andhra Pradesh,1-Primary,33-MPP_ZPP SCHOOLS,1 To 5,3-Co-educational,1-Rural,Aspari,D Kotakonda,,,D. KOTAKONDA D. KOTAKONDA D. KOTAKONDA(VILLAGE) ASPARI(MANDAL) KURNOOL(DIST),518347,meoaspari[at]gmail[dot]com,https://kys.udiseplus.gov.in/#/schooldetail/4699858/12,4699858,21/12/2025 12:33,2725
******00801 Operational,,MPPS DODAGONDA,,,,Andhra Pradesh,1-Primary,33-MPP_ZPP SCHOOLS,1 To 5,3-Co-educational,1-Rural,Aspari,Yatakallu,,,DODAGONDA DODAGONDA YATAKALLU(VILLAGE) ASPARI(MANDAL) KURNOOL(DIST),518465,meo.aspari[at]gmail[dot]com,https://kys.udiseplus.gov.in/#/schooldetail/4699882/12,4699882,21/12/2025 12:34,2725
******01701 Operational,,MPPS DODDANAKERI,,,,Andhra Pradesh,1-Primary,33-MPP_ZPP SCHOOLS,1 To 5,3-Co-educational,1-Rural,Adoni,Doddanakeri,,,DODDANAKERI DODDANAKERI DODDANAKERI(VILLAGE) ADONI(MANDAL) KURNOOL(DIST),518323,abbasdiet[at]gmail[dot]com,https://kys.udiseplus.gov.in/#/schooldetail/4699491/12,4699491,11/03/2024 17:06,2725
******01901 Operational,,MPPS DODDI,,,,Andhra Pradesh,1-Primary,33-MPP_ZPP SCHOOLS,1 To 5,3-Co-educational,1-Rural,Kosigi,D Belagal,,,DODDI(VILLAGE) KOSIGI(MANDAL) KURNOOL(DIST),518313,lidduraj[at]gmail[dot]com,https://kys.udiseplus.gov.in/#/schooldetail/4697633/12,4697633,20/12/2025 19:02,2725
******01002 Operational,,MPPS DODDIMEKALA,,,,Andhra Pradesh,1-Primary,33-MPP_ZPP SCHOOLS,1 To 5,3-Co-educational,1-Rural,Peddakadabur,H Murvari,,,DODDIMEKALA DODDIMEKALA H. MURAVANI(VILLAGE) PEDDAKADUBUR(MANDAL) KURNOOL(DIST),518323,meo.peddakadubur[at]gmail[dot]com,https://kys.udiseplus.gov.in/#/schooldetail/4699424/12,4699424,23/12/2025 13:01,2725
******01503 Permanently Closed,,MPPS DODDIPADU,,,,Andhra Pradesh,1-Primary,33-MPP_ZPP SCHOOLS,1 To 5,3-Co-educational,1-Rural,Kurnool,Gondiparla,,,NA,518004,,https://kys.udiseplus.gov.in/#/schooldetail/4717306/12,4717306,15/10/2020 12:18,2725
******01003 Operational,,MPPS DODDIPADU,,,,Andhra Pradesh,1-Primary,33-MPP_ZPP SCHOOLS,1 To 5,3-Co-educational,1-Rural,Kallur,Pedda Tekur,,,DODDIPADU VILLAGE PEDDA TAKUR POST PEDDA TEKUR(VILLAGE) KALLUR(MANDAL) KURNOOL(DIST),518218,,https://kys.udiseplus.gov.in/#/schooldetail/4698932/12,4698932,23/12/2025 12:47,2725
******02201 Operational,,MPPS DOMMALADINNE,,,,Andhra Pradesh,1-Primary,33-MPP_ZPP SCHOOLS,1 To 5,3-Co-educational,1-Rural,Kowthalam,Dommaladinne,,,DOMBALADINNE DOMBALADINNE DOMBALADINNE(VILLAGE) KOWTHALAM(MANDAL) KURNOOL(DIST),518344,,https://kys.udiseplus.gov.in/#/schooldetail/4697562/12,4697562,11/05/2022 09:32,2725
******01301 Operational,,MPPS DOULATHAPURAM,,,,Andhra Pradesh,1-Primary,33-MPP_ZPP SCHOOLS,1 To 5,3-Co-educational,1-Rural,Chippagiri,Doulathapuram,,,DOULATHAPURAM DOULATHAPURAM DOULATHAPURAM(VILLAGE) CHIPPAGIRI(MANDAL) KURNOOL(DIST),518385,,https://kys.udiseplus.gov.in/#/schooldetail/4701969/12,4701969,17/03/2023 10:35,2725
******01902 Operational,,MPPS(DPEP) ASPARI,,,,Andhra Pradesh,1-Primary,33-MPP_ZPP SCHOOLS,1 To 5,3-Co-educational,1-Rural,Aspari,Aspari,,,SC COLONY ASPARI ASPARI(VILLAGE) ASPARI(MANDAL) KURNOOL(DIST),518347,meoaspari[at]gmail[dot]com,https://kys.udiseplus.gov.in/#/schooldetail/4699905/12,4699905,21/12/2025 13:00,2725
******00606 Operational,,MPPS(DPEP)(BC) GUDUR,,,,Andhra Pradesh,1-Primary,33-MPP_ZPP SCHOOLS,1 To 5,3-Co-educational,2-Urban,NA,,Gudur M Ward No 19,Gudur (kurnool)-Town Panchayat,B C COLONY(DPEP)(WEST) GUDUR GUDUR(VILLAGE) GUDUR(MANDAL) KURNOOL(DIST),518466,,https://kys.udiseplus.gov.in/#/schooldetail/4697844/12,4697844,11/05/2022 11:29,2725
******02401 Operational,,"MPPS (DPEP), B.THANDARAPADU",,,,Andhra Pradesh,1-Primary,33-MPP_ZPP SCHOOLS,1 To 5,3-Co-educational,1-Rural,Kurnool,B. Thandrapadu (Og),,,B.THANDRAPADU S.C.COLONY B.THANDRAPADU(VILLAGE) KURNOOL(MANDAL) KURNOOL(DIST),518007,subbalakshmi1970[at]gmail[dot]com,https://kys.udiseplus.gov.in/#/schooldetail/4698003/12,4698003,27/12/2025 13:47,2725
******00703 Operational,,MPPS(DPEP) CHANUGONDLA,,,,Andhra Pradesh,1-Primary,33-MPP_ZPP SCHOOLS,1 To 2,3-Co-educational,1-Rural,Gudur,Chanugondla,,,BC COLONY CHANUGONDLA CHANUGONDLA(VILLAGE) GUDUR(MANDAL) KURNOOL(DIST),518464,meo.gudur[at]gmail[dot]com,https://kys.udiseplus.gov.in/#/schooldetail/4697871/12,4697871,13/11/2025 12:22,2725
******01102 Operational,,MPPS(DPEP) CHERUKULAPADU,,,,Andhra Pradesh,1-Primary,33-MPP_ZPP SCHOOLS,1 To 2,3-Co-educational,1-Rural,Veldurthi,Cherukulapadu,,,CHERUKULAPADU CHERUKULAPADU CHERUKULAPADU(VILLAGE) VELDURTI(MANDAL) KURNOOL(DIST),518216,lakshbala.bs[at]gmail[dot]com,https://kys.udiseplus.gov.in/#/schooldetail/4700094/12,4700094,13/11/2025 13:10,2725
******01202 Operational,,MPPS(DPEP) CHIPPAGIRI,,,,Andhra Pradesh,1-Primary,33-MPP_ZPP SCHOOLS,1 To 5,3-Co-educational,1-Rural,Chippagiri,Chippagiri,,,SC COLONY CHIPPAGIRI CHIPPAGIRI(VILLAGE) CHIPPAGIRI(MANDAL) KURNOOL(DIST),518396,vanajabaik2000[at]gmail[dot]com,https://kys.udiseplus.gov.in/#/schooldetail/4701963/12,4701963,08/05/2022 09:41,2725
******01401 Operational,,MPPS(DPEP) GANJIHALLI,,,,Andhra Pradesh,1-Primary,33-MPP_ZPP SCHOOLS,1 To 5,3-Co-educational,1-Rural,Gonegandla,Ganjihalli,,,GANJIHALLI GONEGANDLA GANJIHALLI(VILLAGE) GONEGANDLA(MANDAL) KURNOOL(DIST),518463,mppsdpep.ganjihalli[at]gmail[dot]com,https://kys.udiseplus.gov.in/#/schooldetail/4699227/12,4699227,12/02/2026 12:01,2725
******01702 Operational,,MPPS(DPEP) HALAHARVI,,,,Andhra Pradesh,1-Primary,33-MPP_ZPP SCHOOLS,1 To 5,3-Co-educational,1-Rural,Nandavaram,Halaharvi,,,HARIJANAWADA HALAHARVI HALAHARVI(VILLAGE) NANDAVARAM(MANDAL) KURNOOL(DIST),518343,dbasavaraju67[at]gmail[dot]com,https://kys.udiseplus.gov.in/#/schooldetail/4697775/12,4697775,19/12/2025 16:17,2725
******00901 Operational,,MPPS(DPEP) HALIGERA,,,,Andhra Pradesh,1-Primary,33-MPP_ZPP SCHOOLS,1 To 2,3-Co-educational,1-Rural,Aspari,Haligera,,,HALIGERA HALIGERA HALIGERA(VILLAGE) ASPARI(MANDAL) KURNOOL(DIST),518347,meoaspari[at]gmail[dot]com,https://kys.udiseplus.gov.in/#/schooldetail/4699887/12,4699887,21/12/2025 13:14,2725
******02502 Operational,,MPPS(DPEP) KAMAVARAM,,,,Andhra Pradesh,1-Primary,33-MPP_ZPP SCHOOLS,1 To 5,3-Co-educational,1-Rural,Kowthalam,Kamavaram,,,KAMAVARAM KAMAVARAM KAMAVARAM(VILLAGE) KOWTHALAM(MANDAL) KURNOOL(DIST),518344,meo.kowthalam[at]gmail[dot]com,https://kys.udiseplus.gov.in/#/schooldetail/4697570/12,4697570,08/05/2022 22:44,2725
******01604 Operational,,MPPS(DPEP) KANDANATHI,,,,Andhra Pradesh,1-Primary,33-MPP_ZPP SCHOOLS,1 To 5,3-Co-educational,1-Rural,Yemmiganur,Kandanathi,,,KANDANATHI KANDANATHI KANDANATHI(VILLAGE) YEMMIGANUR(MANDAL) KURNOOL(DIST),518350,mppsdpep[at]email[dot]com,https://kys.udiseplus.gov.in/#/schooldetail/4699327/12,4699327,11/09/2024 10:29,2725
******00301 Operational,,MPPS(DPEP) K.KAIRAWADI,,,,Andhra Pradesh,1-Primary,33-MPP_ZPP SCHOOLS,1 To 5,3-Co-educational,1-Rural,Nandavaram,Nadikhairavadi,,,KOTTHA KAIRAWADI(VILLAGE) NADHI KAIRAWADI(POST) NANDAVARAM(MANDAL) KURNOOL(DIST),518345,mppsdpepk.kairawadi[at]gmail[dot]com,https://kys.udiseplus.gov.in/#/schooldetail/4697737/12,4697737,18/11/2023 21:14,2725
******00301 Operational,,MPPS(DPEP) MUNUGALA,,,,Andhra Pradesh,1-Primary,33-MPP_ZPP SCHOOLS,1 To 5,3-Co-educational,1-Rural,Gudur,Munagala,,,MUNUGALA (VILLAGE) GUDUR(MANDAL) KURNOOL(DIST),518466,meo.gudur[at]gmail[dot]com,https://kys.udiseplus.gov.in/#/schooldetail/4697839/12,4697839,11/05/2022 11:21,2725
******00901 Operational,,MPPS(DPEP) NAGALADINNE,,,,Andhra Pradesh,1-Primary,33-MPP_ZPP SCHOOLS,1 To 5,3-Co-educational,1-Rural,Nandavaram,Nagaladinne,,,HARIJANA WADA NAGALADINNE NAGALADINNE(VILLAGE) NANDAVARAM(MANDAL) KURNOOL(DIST),518343,,https://kys.udiseplus.gov.in/#/schooldetail/4697745/12,4697745,15/10/2020 12:18,2725
******00101 Permanently Closed,,MPPS(DPEP) NAGARADONA,,,,Andhra Pradesh,1-Primary,33-MPP_ZPP SCHOOLS,1 To 5,3-Co-educational,1-Rural,Chippagiri,Nagaradona,,,NA,518396,,https://kys.udiseplus.gov.in/#/schooldetail/4717538/12,4717538,15/10/2020 12:18,2725
******91011 Operational,,MPPS(DPEP) NTR COLONY,,,,Andhra Pradesh,1-Primary,33-MPP_ZPP SCHOOLS,1 To 5,3-Co-educational,2-Urban,NA,,Yemmiganur (M) - Ward No.4,Yemmiganur-Municipality,N.T.R.COLONY YEMMIGANUR YEMMIGANUR(M)(VILLAGE) YEMMIGANUR(MANDAL) KURNOOL(DIST),518360,NALLABOTHULANAGAMANI1969[at]GMAIL[dot]COM,https://kys.udiseplus.gov.in/#/schooldetail/4699351/12,4699351,11/09/2024 10:33,2725
******00701 Operational,,MPPS(DPEP) PATHIKONDA,,,,Andhra Pradesh,1-Primary,33-MPP_ZPP SCHOOLS,1 To 5,3-Co-educational,1-Rural,Pattikonda,Pattikonda,,,KOYANAGAR PATHIKONDA PATTIKONDA(VILLAGE) PATHIKONDA(MANDAL) KURNOOL(DIST),518380,,https://kys.udiseplus.gov.in/#/schooldetail/4701848/12,4701848,15/10/2020 12:18,2725
******00302 Operational,,MPPS(DPEP) P.NELATUR,,,,Andhra Pradesh,1-Primary,33-MPP_ZPP SCHOOLS,1 To 5,3-Co-educational,1-Rural,Gonegandla,Pedda Nelatur,,,PEDDA NELATUR GONEGANDLA PEDDA NELATUR(VILLAGE) GONEGANDLA(MANDAL) KURNOOL(DIST),518463,mppsdpep.peddanelatur[at]gmail[dot]com,https://kys.udiseplus.gov.in/#/schooldetail/4699177/12,4699177,12/02/2026 10:43,2725
******00102 Operational,,MPPS(DPEP) PULAKURTHY,,,,Andhra Pradesh,1-Primary,33-MPP_ZPP SCHOOLS,1 To 5,3-Co-educational,1-Rural,Kodumur,Pulakurthy,,,PULAKURTHY PULAKURTHY PULAKURTHY(VILLAGE) KODUMUR(MANDAL) KURNOOL(DIST),518464,,https://kys.udiseplus.gov.in/#/schooldetail/4699086/12,4699086,19/12/2025 12:25,2725
******00303 Operational,,MPPS(DPEP) RAMALLAKOTA,,,,Andhra Pradesh,1-Primary,33-MPP_ZPP SCHOOLS,1 To 5,3-Co-educational,1-Rural,Veldurthi,Ramallakota,,,HARIJANAWADA RAMALLAKOTA RAMALLAKOTA(VILLAGE) VELDURTI(MANDAL) KURNOOL(DIST),518217,,https://kys.udiseplus.gov.in/#/schooldetail/4700057/12,4700057,15/10/2020 12:18,2725
******00701 Operational,,MPPS(DPEP) SAJEEVAPURAM,,,,Andhra Pradesh,1-Primary,33-MPP_ZPP SCHOOLS,1 To 5,3-Co-educational,1-Rural,Nandavaram,Peddakothiliki,,,SAJEEVAPURAM SAJEEVAPURAM PEDDAKOTHILIKI(VILLAGE) NANDAVARAM(MANDAL) KURNOOL(DIST),518343,mppsdpepsajeevapuram[at]gmail[dot]com,https://kys.udiseplus.gov.in/#/schooldetail/4697742/12,4697742,08/05/2022 16:29,2725
******00202 Operational,,MPPS(DPEP) SANTEHKUDLUR,,,,Andhra Pradesh,1-Primary,33-MPP_ZPP SCHOOLS,1 To 5,3-Co-educational,1-Rural,Adoni,Santhekudlur,,,SANTHEKUDLUR SANTHEKUDLUR SANTHEKUDLUR(VILLAGE) ADONI(MANDAL) KURNOOL(DIST),518308,atozjsa[at]gmail[dot]com,https://kys.udiseplus.gov.in/#/schooldetail/4699459/12,4699459,15/10/2020 12:18,2725
******00608 Operational,,MPPS(DPEP)(SC) GUDUR,,,,Andhra Pradesh,1-Primary,33-MPP_ZPP SCHOOLS,1 To 5,3-Co-educational,2-Urban,NA,,Gudur (M) - Ward No.2,Gudur (kurnool)-Town Panchayat,S C COLONY (DPEP) IInd WARD GUDUR GUDUR(VILLAGE) GUDUR(MANDAL) KURNOOL(DIST),518466,vijayajyothisanjapogu[at]gmail[dot]com,https://kys.udiseplus.gov.in/#/schooldetail/4697846/12,4697846,11/05/2022 11:31,2725
******01101 Operational,,MPPS DPEP SUGUR,,,,Andhra Pradesh,1-Primary,33-MPP_ZPP SCHOOLS,1 To 5,3-Co-educational,1-Rural,Mantralayam,Sugur,,,SUGUR SUGUR SUGUR(VILLAGE) MANTRALAYAM(MANDAL) KURNOOL(DIST),518349,ramuboya898[at]gmail[dot]com,https://kys.udiseplus.gov.in/#/schooldetail/4697695/12,4697695,21/02/2023 10:57,2725
******04602 Operational,,MPPS(DPEP) VIRUPAPURAM,,,,Andhra Pradesh,1-Primary,33-MPP_ZPP SCHOOLS,1 To 5,3-Co-educational,1-Rural,Adoni,Virupapuram,,,VIRUPAPURAM VIRUPAPURAM VIRUPAPURAM(VILLAGE) ADONI(MANDAL) KURNOOL(DIST),518347,venkobasarode[at]gmail[dot]com,https://kys.udiseplus.gov.in/#/schooldetail/4699571/12,4699571,15/10/2020 12:18,2725
******03402 Operational,,MPPS(DPEP) YERIGIRI,,,,Andhra Pradesh,1-Primary,33-MPP_ZPP SCHOOLS,1 To 5,3-Co-educational,1-Rural,Kowthalam,Yerigiri,,,YERIGIRI YERIGIRI YERIGIRI(VILLAGE) KOWTHALAM(MANDAL) KURNOOL(DIST),518344,kamireddy.kavitha1328[at]gmail[dot]com,https://kys.udiseplus.gov.in/#/schooldetail/4697600/12,4697600,11/05/2022 09:47,2725
******01402 Operational,,MPPS DUDDI,,,,Andhra Pradesh,1-Primary,33-MPP_ZPP SCHOOLS,1 To 5,3-Co-educational,1-Rural,Kosigi,Duddi,,,DUDDI(VILLAGE) KOSIGI(MANDAL) KURNOOL(DIST),518313,veerareddy443[at]gmail[dot]com,https://kys.udiseplus.gov.in/#/schooldetail/4697627/12,4697627,20/12/2025 19:02,2725
******01101 Operational,,MPPS DUPADU,,,,Andhra Pradesh,1-Primary,33-MPP_ZPP SCHOOLS,1 To 5,3-Co-educational,2-Urban,NA,,Kurnool Ward No. 28,Kurnool-Municipal Corporations,DUPADU DUPADU DUPADU(VILLAGE) KALLUR(MANDAL) KURNOOL(DIST),518218,tshvprao973[at]gmail[dot]com,https://kys.udiseplus.gov.in/#/schooldetail/4698935/12,4698935,23/12/2025 12:50,2725
******00602 Operational,,MPPS DUPPANAGURTHY,,,,Andhra Pradesh,1-Primary,33-MPP_ZPP SCHOOLS,1 To 5,3-Co-educational,1-Rural,Devanakonda,P.Kotakonda,,,DUPPANAGURTHY DUPPANAGURTHY P.KOTAKONDA(VILLAGE) DEVANAKONDA(MANDAL) KURNOOL(DIST),518225,duppangurthympps[at]gmail[dot]com,https://kys.udiseplus.gov.in/#/schooldetail/4699944/12,4699944,23/12/2025 17:29,2725
******00502 Operational,,MPPS EDDULADODDI,,,,Andhra Pradesh,1-Primary,33-MPP_ZPP SCHOOLS,1 To 5,3-Co-educational,1-Rural,Tuggali,Edduladoddi,,,EDDULADODDI EDDULADODDI EDDULADODDI(VILLAGE) TUGGALI(MANDAL) KURNOOL(DIST),518468,kvijayalakshmidevi[at]gmail[dot]com,https://kys.udiseplus.gov.in/#/schooldetail/4701768/12,4701768,15/10/2020 12:18,2725
******00401 Operational,,MPPS E.DEVARABANDA,,,,Andhra Pradesh,1-Primary,33-MPP_ZPP SCHOOLS,1 To 5,3-Co-educational,1-Rural,Devanakonda,Kappatralla,,,EDULA DEVARABANDA EDULA DEVARABANDA KAPPATRALLA(VILLAGE) DEVANAKONDA(MANDAL) KURNOOL(DIST),518465,arekantiprasanthi90[at]gamil[dot]com,https://kys.udiseplus.gov.in/#/schooldetail/4699936/12,4699936,11/03/2024 16:52,2725
******00304 Operational,,MPPS ENAGANDLA,,,,Andhra Pradesh,1-Primary,33-MPP_ZPP SCHOOLS,1 To 5,3-Co-educational,1-Rural,C.Belagal,Gundrevula,,,ENAGANDLA ENAGANDLA GUNDREVULA(VILLAGE) C.BELAGAL(MANDAL) KURNOOL(DIST),518462,meo.cbelagal[at]gmail[dot]com,https://kys.udiseplus.gov.in/#/schooldetail/4697789/12,4697789,15/10/2020 12:18,2725
******01301 Operational,,MPPS ENAKANDLA,,,,Andhra Pradesh,1-Primary,33-MPP_ZPP SCHOOLS,1 To 5,3-Co-educational,1-Rural,Gonegandla,Iranbanda,,,ENAKANDLA IRANBANDA IRANBANDA(VILLAGE) GONEGANDLA(MANDAL) KURNOOL(DIST),518463,mpps.ennekandla[at]gmail[dot]com,https://kys.udiseplus.gov.in/#/schooldetail/4699222/12,4699222,12/02/2026 11:44,2725
******00702 Operational,,MPPS ENIGABALA(MAIN),,,,Andhra Pradesh,1-Primary,33-MPP_ZPP SCHOOLS,1 To 5,3-Co-educational,1-Rural,Yemmiganur,Enigabala,,,ENIGABALA ENIGABALA ENIGABALA(VILLAGE) YEMMIGANUR(MANDAL) KURNOOL(DIST),518360,muniswamyrd[at]gmail[dot]com,https://kys.udiseplus.gov.in/#/schooldetail/4699294/12,4699294,15/10/2020 12:18,2725
******00701 Operational,,MPPS ENUGUBALA(NEW),,,,Andhra Pradesh,1-Primary,33-MPP_ZPP SCHOOLS,1 To 5,3-Co-educational,1-Rural,Yemmiganur,Enigabala,,,ENIGABALA ENIGABALA ENIGABALA(VILLAGE) YEMMIGANUR(MANDAL) KURNOOL(DIST),518360,Kancharlasudhakar570[at]gmail[dot]com,https://kys.udiseplus.gov.in/#/schooldetail/4699293/12,4699293,11/09/2024 10:24,2725
******00503 Operational,,MPPS ERLADINNE,,,,Andhra Pradesh,1-Primary,33-MPP_ZPP SCHOOLS,1 To 5,3-Co-educational,1-Rural,C.Belagal,Kothakota,,,ERLADINNE ERLADINNE KOTHAKOTA(VILLAGE) C.BELAGAL(MANDAL) KURNOOL(DIST),518462,meo.cbelagal[at]gmail[dot]com,https://kys.udiseplus.gov.in/#/schooldetail/4697799/12,4697799,15/10/2020 12:18,2725
******01401 Operational,,MPPS E.THANDRAPADU,,,,Andhra Pradesh,1-Primary,33-MPP_ZPP SCHOOLS,1 To 2,3-Co-educational,1-Rural,Kurnool,E.Thandrapadu,,,E.THANDRAPADU E.THANDRAPADU E.THANDRAPADU(VILLAGE) KURNOOL(MANDAL) KURNOOL(DIST),518004,mppsrethandrapadu[at]gmail[dot]com,https://kys.udiseplus.gov.in/#/schooldetail/4650354/12,4650354,26/12/2025 17:22,2725
******01101 Operational,,MPPS GADDIRALA,,,,Andhra Pradesh,1-Primary,33-MPP_ZPP SCHOOLS,1 To 5,3-Co-educational,1-Rural,Devanakonda,Kunkanur,,,GADDIRALLA GADDIRALLA KUNKANUR(VILLAGE) DEVANAKONDA(MANDAL) KURNOOL(DIST),518465,Pujariravindrareddy08[at]gmail[dot]com,https://kys.udiseplus.gov.in/#/schooldetail/4699963/12,4699963,23/12/2025 17:38,2725
******00101 Operational,,MPPS GAJJEHALLI,,,,Andhra Pradesh,1-Primary,33-MPP_ZPP SCHOOLS,1 To 5,3-Co-educational,1-Rural,Holagunda,Gajjehalli,,,NEAR POTHU LINGESWARA TEMPLE GAJIHALLI GAJJEHALLI(VILLAGE) HOLAGUNDA(MANDAL) KURNOOL(DIST),518308,meo.holagunda1324[at]gmail[dot]com,https://kys.udiseplus.gov.in/#/schooldetail/4699737/12,4699737,15/10/2020 12:18,2725
******00412 Operational,,"MPPS GANESH NAGAR, KALLUR",,,,Andhra Pradesh,1-Primary,33-MPP_ZPP SCHOOLS,1 To 5,3-Co-educational,2-Urban,NA,,Kurnool Ward No. 19,Kurnool-Municipal Corporations,KALLUR GANESH NAGAR KALLUR(VILLAGE) KALLUR(MANDAL) KURNOOL(DIST),518002,somulakumarreddy123[at]gmail[dot]com,https://kys.udiseplus.gov.in/#/schooldetail/4698883/12,4698883,21/12/2025 12:19,2725
******01004 Operational,,MPPS GANGULAPADU,,,,Andhra Pradesh,1-Primary,33-MPP_ZPP SCHOOLS,1 To 5,3-Co-educational,1-Rural,Peddakadabur,H Murvari,,,GANGULAPADU GANGULAPADU H. MURAVANI(VILLAGE) PEDDAKADUBUR(MANDAL) KURNOOL(DIST),518323,meo.peddakadubur[at]gmail[dot]com,https://kys.udiseplus.gov.in/#/schooldetail/4699426/12,4699426,20/12/2025 13:02,2725
******91013 Operational,,MPPS GANJALLA ROAD,,,,Andhra Pradesh,1-Primary,33-MPP_ZPP SCHOOLS,1 To 2,3-Co-educational,2-Urban,NA,,Yemmiganur (M) - Ward No.16,Yemmiganur-Municipality,GANJALLA ROAD YEMMIGANUR YEMMIGANUR(M)(VILLAGE) YEMMIGANUR(MANDAL) KURNOOL(DIST),518360,meo.yemmiganur[at]gmail[dot]com,https://kys.udiseplus.gov.in/#/schooldetail/4699353/12,4699353,13/11/2025 13:14,2725
******01802 Operational,,MPPS GARGEYAPURAM,,,,Andhra Pradesh,1-Primary,33-MPP_ZPP SCHOOLS,1 To 5,3-Co-educational,1-Rural,Kurnool,Gargeyapuram,,,GARGEYAPURAM GARGEYAPURAM GARGEYAPURAM(VILLAGE) KURNOOL(MANDAL) KURNOOL(DIST),518452,kbbharathi90[at]gmail[dot]com,https://kys.udiseplus.gov.in/#/schooldetail/4697964/12,4697964,29/12/2025 11:30,2725
******00801 Operational,,MPPS GARLADINNE,,,,Andhra Pradesh,1-Primary,33-MPP_ZPP SCHOOLS,1 To 5,3-Co-educational,1-Rural,Yemmiganur,Garladinne,,,GARLADINNE GARLADINNE GARLADINNE(VILLAGE) YEMMIGANUR(MANDAL) KURNOOL(DIST),518360,cnukamarthi[at]gmail[dot]com,https://kys.udiseplus.gov.in/#/schooldetail/4699295/12,4699295,15/10/2020 12:18,2725
******00103 Operational,,MPPS GARLAPENTA,,,,Andhra Pradesh,1-Primary,33-MPP_ZPP SCHOOLS,1 To 5,3-Co-educational,1-Rural,Aspari,D Kotakonda,,,GARLAPENTA D. KOTAKONDA D. KOTAKONDA(VILLAGE) ASPARI(MANDAL) KURNOOL(DIST),518347,meoaspari[at]gmail[dot]com,https://kys.udiseplus.gov.in/#/schooldetail/4699860/12,4699860,21/12/2025 12:35,2725
******90407 Operational,,MPPS GATTAIAH NAGAR,,,,Andhra Pradesh,1-Primary,33-MPP_ZPP SCHOOLS,1 To 2,3-Co-educational,2-Urban,Kallur,,Kurnool Ward No. 29,Kurnool-Municipal Corporations,GATTAIAH NAGAR KALLUR KALLUR(VILLAGE) KALLUR(MANDAL) KURNOOL(DIST),518002,lordmylord2000[at]gmail[dot]com,https://kys.udiseplus.gov.in/#/schooldetail/4698973/12,4698973,23/12/2025 13:18,2725
******00201 Operational,,MPPS GAVIGATTU,,,,Andhra Pradesh,1-Primary,33-MPP_ZPP SCHOOLS,1 To 5,3-Co-educational,1-Rural,Peddakadabur,Gavigatlu,,,GAVIGATTU GAVIGATTU GAVIGATTU(VILLAGE) PEDDAKADUBUR(MANDAL) KURNOOL(DIST),518313,meo.peddakadubur[at]gmail[dot]com,https://kys.udiseplus.gov.in/#/schooldetail/4699406/12,4699406,20/12/2025 12:45,2725
******01003 Operational,,MPPS GEETHAMUKARJENAGAR,,,,Andhra Pradesh,1-Primary,33-MPP_ZPP SCHOOLS,1 To 5,3-Co-educational,2-Urban,NA,,Kurnool Ward No. 16,Kurnool-Municipal Corporations,GEETHAMUKARJENAGAR MAMIDALAPADU MAMIDALAPADU(VILLAGE) KURNOOL(MANDAL) KURNOOL(DIST),518003,payyanna5[at]gmail[dot]com,https://kys.udiseplus.gov.in/#/schooldetail/4697923/12,4697923,25/10/2024 19:43,2725
******01209 Operational,,MPPS G.ERRAGUDI,,,,Andhra Pradesh,1-Primary,33-MPP_ZPP SCHOOLS,1 To 5,3-Co-educational,1-Rural,Tuggali,Gooty Erragudi,,,GOOTY ERRAGUDI GOOTY ERRAGUDI GOOTY ERRAGUDI(VILLAGE) TUGGALI(MANDAL) KURNOOL(DIST),518390,mpupsgerragudi1209[at]gmail[dot]com,https://kys.udiseplus.gov.in/#/schooldetail/4701824/12,4701824,17/07/2025 11:34,2725
******00802 Operational,,MPPS G.G.RALLA,,,,Andhra Pradesh,1-Primary,33-MPP_ZPP SCHOOLS,1 To 5,3-Co-educational,1-Rural,Tuggali,Chennampalle,,,GUDESEGUPPIRALLA GUDESEGUPPIRALLA CHENNAMPALLE(VILLAGE) TUGGALI(MANDAL) KURNOOL(DIST),518390,tuggalimrc2021[at]gmail[dot]com,https://kys.udiseplus.gov.in/#/schooldetail/4701787/12,4701787,15/10/2020 12:18,2725
******01001 Operational,,MPPS G.HOSALLI,,,,Andhra Pradesh,1-Primary,33-MPP_ZPP SCHOOLS,1 To 5,3-Co-educational,1-Rural,Adoni,G.Hosalli,,,G.HOSALLI G.HOSALLI G.HOSALLI(VILLAGE) ADONI(MANDAL) KURNOOL(DIST),518301,ghosallimpps[at]gmail[dot]com,https://kys.udiseplus.gov.in/#/schooldetail/4699477/12,4699477,13/01/2023 15:34,2725
******00803 Operational,,MPPS GIDDAIAH STREET MADDIKERA,,,,Andhra Pradesh,1-Primary,33-MPP_ZPP SCHOOLS,1 To 5,3-Co-educational,1-Rural,Maddikera (East),Maddikera (East),,,GIDDAIAH STREET MADDIKERA(EAST) MADDIKERA (EAST)(VILLAGE) MADDIKERA(MANDAL) KURNOOL(DIST),518385,mppssplmdk[at]gmail[dot]com,https://kys.udiseplus.gov.in/#/schooldetail/4701923/12,4701923,08/05/2022 08:59,2725
******00703 Operational,,MPPS GIRIGETLA,,,,Andhra Pradesh,1-Primary,33-MPP_ZPP SCHOOLS,1 To 5,3-Co-educational,1-Rural,Tuggali,Tuggali,,,GIRIGETLA GIRIGETLA TUGGALI(VILLAGE) TUGGALI(MANDAL) KURNOOL(DIST),518390,kosigisaroja83[at]gmail[dot]com,https://kys.udiseplus.gov.in/#/schooldetail/4701776/12,4701776,15/10/2020 12:18,2725
******00804 Operational,,MPPS GOLLALADODDI,,,,Andhra Pradesh,1-Primary,33-MPP_ZPP SCHOOLS,1 To 5,3-Co-educational,1-Rural,C.Belagal,Burandoddi,,,GOLLALADODDI BURANDODDI BURANDODDI(VILLAGE) C.BELAGAL(MANDAL) KURNOOL(DIST),518462,mpupsgollaladoddi1959[at]gmail[dot]com,https://kys.udiseplus.gov.in/#/schooldetail/4697816/12,4697816,20/06/2025 17:09,2725
******04501 Operational,,MPPS GONABAVI,,,,Andhra Pradesh,1-Primary,33-MPP_ZPP SCHOOLS,1 To 5,3-Co-educational,1-Rural,Adoni,Gonabavi (Og),,,GONABAVI GONABAVI GONABAVI(VILLAGE) ADONI(MANDAL) KURNOOL(DIST),518302,Gonabavi[at]gmail[dot]com,https://kys.udiseplus.gov.in/#/schooldetail/4699567/12,4699567,11/03/2024 17:15,2725
******01502 Operational,,MPPS GONDIPARLA,,,,Andhra Pradesh,1-Primary,33-MPP_ZPP SCHOOLS,1 To 5,3-Co-educational,1-Rural,Kurnool,Gondiparla,,,GONDIPARLA GONDIPARLA GONDIPARLA(VILLAGE) KURNOOL(MANDAL) KURNOOL(DIST),518004,,https://kys.udiseplus.gov.in/#/schooldetail/4697954/12,4697954,27/12/2025 10:28,2725
******00902 Operational,,MPPS GORANTLA,,,,Andhra Pradesh,1-Primary,33-MPP_ZPP SCHOOLS,1 To 5,3-Co-educational,1-Rural,Kodumur,Gorantla,,,GORANTLA GORANTLA GORANTLA(VILLAGE) KODUMUR(MANDAL) KURNOOL(DIST),518467,nasreenbanu1970[at]gmail[dot]com,https://kys.udiseplus.gov.in/#/schooldetail/4699162/12,4699162,10/05/2022 11:25,2725
******00301 Operational,,MPPS GOTHULADODDI,,,,Andhra Pradesh,1-Primary,33-MPP_ZPP SCHOOLS,1 To 5,3-Co-educational,1-Rural,Kowthalam,Gothuladoddi,,,GOTHULADODDI GOTHULADODDI GOTHULADODDI(VILLAGE) KOWTHALAM(MANDAL) KURNOOL(DIST),518344,,https://kys.udiseplus.gov.in/#/schooldetail/4697533/12,4697533,11/05/2022 09:50,2725
******90409 Operational,,MPPS GOVARDHAN NAGAR,,,,Andhra Pradesh,1-Primary,33-MPP_ZPP SCHOOLS,1 To 5,3-Co-educational,2-Urban,NA,,Kurnool Ward No. 32,Kurnool-Municipal Corporations,KALLUR ( GOVARDHAN NAGAR KALLUR(VILLAGE) KALLUR(MANDAL) KURNOOL(DIST),518002,rajyamsarath73[at]gmail[dot]com,https://kys.udiseplus.gov.in/#/schooldetail/4698975/12,4698975,23/12/2025 13:19,2725
******02801 Operational,,MPPS GOWDEGALLU,,,,Andhra Pradesh,1-Primary,33-MPP_ZPP SCHOOLS,1 To 5,3-Co-educational,1-Rural,Kosigi,Gowdegallu,,,GOWDEGALLU(VILLAGE) KOSIGI(MANDAL) KURNOOL(DIST),518313,mppsgowdegallu801[at]gmail[dot]com,https://kys.udiseplus.gov.in/#/schooldetail/4697663/12,4697663,20/12/2025 19:04,2725
******00303 Operational,,MPPS G.PALAKURTHY,,,,Andhra Pradesh,1-Primary,33-MPP_ZPP SCHOOLS,1 To 5,3-Co-educational,1-Rural,Devanakonda,Palakurthy,,,G.PALAKURTHY G.PALAKURTHY PALAKURTHY(VILLAGE) DEVANAKONDA(MANDAL) KURNOOL(DIST),518465,sreenivasulugonegandla[at]gmail[dot]com,https://kys.udiseplus.gov.in/#/schooldetail/4699934/12,4699934,23/12/2025 21:48,2725
******00703 Operational,,MPPS G.SINGAVARAM,,,,Andhra Pradesh,1-Primary,33-MPP_ZPP SCHOOLS,1 To 5,3-Co-educational,1-Rural,Kurnool,G.Singavaram,,,G.SINGAVARAM G.SINGAVARAM G.SINGAVARAM(VILLAGE) KURNOOL(MANDAL) KURNOOL(DIST),518004,kpadma558[at]gmail[dot]com,https://kys.udiseplus.gov.in/#/schooldetail/4697913/12,4697913,26/12/2025 15:51,2725
******00705 Operational,,MPPS G.THANDA,,,,Andhra Pradesh,1-Primary,33-MPP_ZPP SCHOOLS,1 To 5,3-Co-educational,1-Rural,Pattikonda,Pattikonda,,,GUNDU THANDA VILLAGE PATTIKONDA MANDAL KURNOOL DISTRICT ANDHRA PRADESH,518380,neelimayerasi112[at]gmail[dot]com,https://kys.udiseplus.gov.in/#/schooldetail/4701852/12,4701852,11/09/2024 19:11,2725
******01003 Operational,,MPPS GUDEMPADU,,,,Andhra Pradesh,1-Primary,33-MPP_ZPP SCHOOLS,1 To 5,3-Co-educational,1-Rural,Krishnagiri,Kambalapadu,,,GUDEMPADU KAMBALAPADU KAMBALAPADU(VILLAGE) KRISHNAGIRI(MANDAL) KURNOOL(DIST),518225,,https://kys.udiseplus.gov.in/#/schooldetail/4700026/12,4700026,15/10/2020 12:18,2725
******00801 Operational,,MPPS GUDIPADU,,,,Andhra Pradesh,1-Primary,33-MPP_ZPP SCHOOLS,1 To 5,3-Co-educational,1-Rural,Gudur,Gudipadu,,,GUDIPADU(VILLAGE) GUDUR(MANDAL) KURNOOL(DIST),518466,jaganmohan2099[at]gmail[dot]com,https://kys.udiseplus.gov.in/#/schooldetail/4697875/12,4697875,11/05/2022 11:48,2725
******00902 Operational,,MPPS GUMMANUR,,,,Andhra Pradesh,1-Primary,33-MPP_ZPP SCHOOLS,1 To 5,3-Co-educational,1-Rural,Chippagiri,Gummanur,,,GUMMANUR GUMMANUR GUMMANUR(VILLAGE) CHIPPAGIRI(MANDAL) KURNOOL(DIST),518396,sivarampeeter[at]gmail[dot]com,https://kys.udiseplus.gov.in/#/schooldetail/4701959/12,4701959,14/08/2024 14:33,2725
******00301 Operational,,MPPS GUMMARALLA,,,,Andhra Pradesh,1-Primary,33-MPP_ZPP SCHOOLS,1 To 5,3-Co-educational,1-Rural,Devanakonda,Palakurthy,,,GUMMARALLA GUMMARALLA PALAKURTHY(VILLAGE) DEVANAKONDA(MANDAL) KURNOOL(DIST),518465,2700301[at]gmail[dot]com,https://kys.udiseplus.gov.in/#/schooldetail/4699932/12,4699932,23/12/2025 17:39,2725
******00702 Operational,,MPPS GUMMATAM THANDA,,,,Andhra Pradesh,1-Primary,33-MPP_ZPP SCHOOLS,1 To 5,3-Co-educational,1-Rural,Orvakal,Brahmanapalle,,,GUMMATAM THANDA GUMMATAM THANDA BRAHMANAPALLE(VILLAGE) ORVAKAL(MANDAL) KURNOOL(DIST),518010,,https://kys.udiseplus.gov.in/#/schooldetail/4698821/12,4698821,15/10/2020 12:18,2725
******01505 Operational,,MPPS GUNDLAKONDA,,,,Andhra Pradesh,1-Primary,33-MPP_ZPP SCHOOLS,1 To 5,3-Co-educational,1-Rural,Devanakonda,Gundlakonda,,,GUNDLAKONDA GUNDLAKONDA GUNDLAKONDA(VILLAGE) DEVANAKONDA(MANDAL) KURNOOL(DIST),518468,mppsgundlakonda[at]gmail[dot]com,https://kys.udiseplus.gov.in/#/schooldetail/4699993/12,4699993,23/12/2025 17:40,2725
******00203 Operational,,MPPS GUNDLAMALLAPURAM,,,,Andhra Pradesh,1-Primary,33-MPP_ZPP SCHOOLS,1 To 5,3-Co-educational,1-Rural,Krishnagiri,Pothugal,,,GUNDLAMALLAPURAM POTHUGAL POTHUGAL(VILLAGE) KRISHNAGIRI(MANDAL) KURNOOL(DIST),518225,mppsgmallapuram[at]gmail[dot]com,https://kys.udiseplus.gov.in/#/schooldetail/4700006/12,4700006,14/08/2024 14:33,2725
******00201 Operational,,MPPS GUNDLAMORSU,,,,Andhra Pradesh,1-Primary,33-MPP_ZPP SCHOOLS,1 To 5,3-Co-educational,1-Rural,Gonegandla,Alwala,,,GUNDLAMORSU GUNDLAMORSU ALWALA(VILLAGE) GONEGANDLA(MANDAL) KURNOOL(DIST),518463,mpps.gullamorusu[at]gmail[dot]com,https://kys.udiseplus.gov.in/#/schooldetail/4699169/12,4699169,12/02/2026 10:41,2725
******01205 Operational,,MPPS GUNDLA THANDA,,,,Andhra Pradesh,1-Primary,33-MPP_ZPP SCHOOLS,1 To 5,3-Co-educational,1-Rural,Tuggali,Gooty Erragudi,,,GUNDALA THANDA GUNDALA THANDA GOOTY ERRAGUDI(VILLAGE) TUGGALI(MANDAL) KURNOOL(DIST),518390,sivasiva35941[at]gmail[dot]com,https://kys.udiseplus.gov.in/#/schooldetail/4701820/12,4701820,15/10/2020 12:18,2725
******01201 Operational,,MPPS GUNTUPALLI,,,,Andhra Pradesh,1-Primary,33-MPP_ZPP SCHOOLS,1 To 5,3-Co-educational,1-Rural,Veldurthi,Sudepalle,,,GUNTUPALLI GUNTUPALLI SUDEPALLE(VILLAGE) VELDURTI(MANDAL) KURNOOL(DIST),518222,kammarineeraja1[at]gmail[dot]com,https://kys.udiseplus.gov.in/#/schooldetail/4700097/12,4700097,10/03/2024 09:44,2725
******01001 Operational,,MPPS GURUJALA,,,,Andhra Pradesh,1-Primary,33-MPP_ZPP SCHOOLS,1 To 5,3-Co-educational,1-Rural,Nandavaram,Gurujala,,,GURUJALA GURUJALA GURUJALA(VILLAGE) NANDAVARAM(MANDAL) KURNOOL(DIST),518343,gurujalanandavaram[at]gmail[dot]com,https://kys.udiseplus.gov.in/#/schooldetail/4697752/12,4697752,02/03/2024 19:16,2725
******01001 Operational,,MPPS GUTTAPADU,,,,Andhra Pradesh,1-Primary,33-MPP_ZPP SCHOOLS,1 To 5,3-Co-educational,1-Rural,Orvakal,Guttapadu,,,GUTTAPADU GUTTAPADU GUTTAPADU(VILLAGE) ORVAKAL(MANDAL) KURNOOL(DIST),518010,,https://kys.udiseplus.gov.in/#/schooldetail/4698829/12,4698829,02/03/2024 19:17,2725
******01101 Operational,,MPPS GUVVALADODDI,,,,Andhra Pradesh,1-Primary,33-MPP_ZPP SCHOOLS,1 To 5,3-Co-educational,1-Rural,Yemmiganur,Parlapalle,,,GUVVALADODDI PARLAPALLE GUVVALADODDI(VILLAGE) YEMMIGANUR(MANDAL) KURNOOL(DIST),518360,mppsguvvala[at]gmail[dot]com,https://kys.udiseplus.gov.in/#/schooldetail/4699298/12,4699298,15/10/2020 12:18,2725
******01601 Operational,,MPPS GUVVALAKUNTLA,,,,Andhra Pradesh,1-Primary,33-MPP_ZPP SCHOOLS,1 To 5,3-Co-educational,1-Rural,Veldurthi,Bhogolu,,,GUVVALAKUNTLA GUVVALAKUNTLA BHOGOLU(VILLAGE) VELDURTI(MANDAL) KURNOOL(DIST),518222,mppsguvvalakuntla601[at]gmail[dot]com,https://kys.udiseplus.gov.in/#/schooldetail/4700116/12,4700116,11/09/2024 11:09,2725
******01302 Operational,,MPPS HALAHARVI,,,,Andhra Pradesh,1-Primary,33-MPP_ZPP SCHOOLS,1 To 5,3-Co-educational,1-Rural,Halaharvi,Halaharvi,,,HALAHARVI HALAHARVI HALAHARVI(VILLAGE) HALAHARVI(MANDAL) KURNOOL(DIST),518348,ramananemakallu[at]gmail[dot]com,https://kys.udiseplus.gov.in/#/schooldetail/4701990/12,4701990,15/10/2020 12:18,2725
******01501 Operational,,MPPS HARDAGERI,,,,Andhra Pradesh,1-Primary,33-MPP_ZPP SCHOOLS,1 To 5,3-Co-educational,1-Rural,Halaharvi,Hardagiri,,,HARDAGERI HARDAGERI HARDAGERI(VILLAGE) HALAHARVI(MANDAL) KURNOOL(DIST),518348,mppshardageri[at]gmail[dot]com,https://kys.udiseplus.gov.in/#/schooldetail/4701995/12,4701995,15/10/2020 12:18,2725
******01704 Operational,,MPPS HATHI BELGAL,,,,Andhra Pradesh,1-Primary,33-MPP_ZPP SCHOOLS,1 To 5,3-Co-educational,1-Rural,Alur,Hathi Belgal,,,HATHI BELGAL ALUR HATHI BELGAL(VILLAGE) ALUR(MANDAL) KURNOOL(DIST),518395,,https://kys.udiseplus.gov.in/#/schooldetail/4699847/12,4699847,22/12/2025 13:08,2725
******01701 Operational,,MPPS H.BAPURAM,,,,Andhra Pradesh,1-Primary,33-MPP_ZPP SCHOOLS,1 To 5,3-Co-educational,1-Rural,Nandavaram,Halaharvi,,,H.BAPURAM HALAHARVI(VILLAGE) NANDAVARAM(MANDAL) KURNOOL(DIST),518360,bandamanjuladevi[at]gmail[dot]com,https://kys.udiseplus.gov.in/#/schooldetail/4697774/12,4697774,19/12/2025 16:16,2725
******90408 Operational,,MPPS HB COLONY,,,,Andhra Pradesh,1-Primary,33-MPP_ZPP SCHOOLS,1 To 5,3-Co-educational,2-Urban,NA,,Kurnool Ward No. 25,Kurnool-Municipal Corporations,KALLUR ( H B COLONY KALLUR(VILLAGE) KALLUR(MANDAL) KURNOOL(DIST),518002,,https://kys.udiseplus.gov.in/#/schooldetail/4698974/12,4698974,23/12/2025 13:18,2725
******01303 Operational,,MPPS(HB COLONY) P.HOTHUR,,,,Andhra Pradesh,1-Primary,33-MPP_ZPP SCHOOLS,1 To 5,3-Co-educational,1-Rural,Alur,Peddahottur,,,PEDDAHOTHUR HOUSING BOARD COLONY PEDDAHOTHUR(VILLAGE) ALUR(MANDAL) KURNOOL(DIST),518395,talariprasad45[at]gmail[dot]com,https://kys.udiseplus.gov.in/#/schooldetail/4699812/12,4699812,22/12/2025 12:56,2725
******00601 Operational,,MPPS HEBBATAM,,,,Andhra Pradesh,1-Primary,33-MPP_ZPP SCHOOLS,1 To 5,3-Co-educational,1-Rural,Holagunda,Hebbatam,,,Adoni Main Road ZPHS Hebbatam School Compound Hebbatam Village Holagunda Mandal,518308,meo.holagunda1324[at]gmail[dot]com,https://kys.udiseplus.gov.in/#/schooldetail/4699748/12,4699748,15/10/2020 12:18,2725
******02408 Operational,,MPPS (HINDUGIRLS) KOSIGI,,,,Andhra Pradesh,1-Primary,33-MPP_ZPP SCHOOLS,1 To 5,3-Co-educational,1-Rural,Kosigi,Kosigi,,,Vth WARD KOSIGI KOSIGI(VILLAGE) KOSIGI(MANDAL) KURNOOL(DIST),518313,veerareddy443[at]gmail[dot]com,https://kys.udiseplus.gov.in/#/schooldetail/4697646/12,4697646,20/12/2025 18:51,2725
******00802 Closed,Closed,MPPS H.KOTTALA,,,,Andhra Pradesh,1-Primary,33-MPP_ZPP SCHOOLS,1 To 2,3-Co-educational,1-Rural,Orvakal,Husainapuram,,,H.KOTTALA H.KOTTALA HUSAINAPURAM(VILLAGE) ORVAKAL(MANDAL) KURNOOL(DIST),518010,,https://kys.udiseplus.gov.in/#/schooldetail/4698823/12,4698823,04/08/2025 14:27,2725
******01101 Operational,,MPPS H.KOTTALA,,,,Andhra Pradesh,1-Primary,33-MPP_ZPP SCHOOLS,1 To 5,3-Co-educational,1-Rural,Holagunda,Honnur,,,H.KOTTALA VILLAGE HOLAGUNDA(MANDAL) KURNOOL(DIST),518346,meo.holagunda1324[at]gmail[dot]com,https://kys.udiseplus.gov.in/#/schooldetail/4699774/12,4699774,18/12/2025 18:12,2725
******01007 Operational,,MPPS H.MURAVANI,,,,Andhra Pradesh,1-Primary,33-MPP_ZPP SCHOOLS,1 To 5,3-Co-educational,1-Rural,Peddakadabur,H Murvari,,,H. MURAVANI H. MURAVANI H. MURAVANI(VILLAGE) PEDDAKADUBUR(MANDAL) KURNOOL(DIST),518323,meo.peddakadubur[at]gmail[dot]com,https://kys.udiseplus.gov.in/#/schooldetail/4699429/12,4699429,23/12/2025 13:30,2725
******01102 Operational,,MPPS HONNUR,,,,Andhra Pradesh,1-Primary,33-MPP_ZPP SCHOOLS,1 To 5,3-Co-educational,1-Rural,Holagunda,Honnur,,,HONNUR HONNUR HONNUR(VILLAGE) HOLAGUNDA(MANDAL) KURNOOL(DIST),518346,meo.holagunda1324[at]gmail[dot]com,https://kys.udiseplus.gov.in/#/schooldetail/4699775/12,4699775,18/12/2025 18:12,2725
******00401 Operational,,MPPS HULIKANVI,,,,Andhra Pradesh,1-Primary,33-MPP_ZPP SCHOOLS,1 To 5,3-Co-educational,1-Rural,Peddakadabur,Hulikanvi,,,HULIKANVI HULIKANVI HULIKANVI(VILLAGE) PEDDAKADUBUR(MANDAL) KURNOOL(DIST),518323,meo.peddakadubur[at]gmail[dot]com,https://kys.udiseplus.gov.in/#/schooldetail/4699409/12,4699409,20/12/2025 12:46,2725
******00801 Operational,,MPPS HUSSAINAPURAM,,,,Andhra Pradesh,1-Primary,33-MPP_ZPP SCHOOLS,1 To 5,3-Co-educational,1-Rural,Orvakal,Husainapuram,,,HUSAINAPURAM HUSAINAPURAM HUSAINAPURAM(VILLAGE) ORVAKAL(MANDAL) KURNOOL(DIST),518010,priya78nandulamatam[at]gmail[dot]com,https://kys.udiseplus.gov.in/#/schooldetail/4698822/12,4698822,22/12/2025 15:55,2725
******00902 Operational,,MPPS HUSSAINAPURAM,,,,Andhra Pradesh,1-Primary,33-MPP_ZPP SCHOOLS,1 To 5,3-Co-educational,1-Rural,Tuggali,Kandamakuntla,,,HUSSAINAPURAM HUSSAINAPURAM KANDAMAKUNTLA(VILLAGE) TUGGALI(MANDAL) KURNOOL(DIST),518221,tuggalimrc2021[at]gmail[dot]com,https://kys.udiseplus.gov.in/#/schooldetail/4701795/12,4701795,07/05/2022 20:57,2725
******04401 Operational,,MPPS HUVVANUR,,,,Andhra Pradesh,1-Primary,33-MPP_ZPP SCHOOLS,1 To 5,3-Co-educational,1-Rural,Adoni,Huvvanur,,,HUVVANUR HUVVANUR HUVVANUR(VILLAGE) ADONI(MANDAL) KURNOOL(DIST),518347,mppshuvanur[at]gmail[dot]com,https://kys.udiseplus.gov.in/#/schooldetail/4699566/12,4699566,11/03/2024 17:11,2725
******01401 Operational,,MPPS(HW) BUDUR,,,,Andhra Pradesh,1-Primary,33-MPP_ZPP SCHOOLS,1 To 5,3-Co-educational,1-Rural,Mantralayam,Budur,,,HARIJANAWADA BUDUR BUDUR(VILLAGE) MANTRALAYAM(MANDAL) KURNOOL(DIST),518349,mppsswbudur[at]gmail[dot]com,https://kys.udiseplus.gov.in/#/schooldetail/4697703/12,4697703,11/03/2024 18:04,2725
******00704 Operational,,MPPS(H.W) CHANUGONDLA,,,,Andhra Pradesh,1-Primary,33-MPP_ZPP SCHOOLS,1 To 5,3-Co-educational,1-Rural,Gudur,Chanugondla,,,SC COLONY CHANUGONDLA CHANUGONDLA(VILLAGE) GUDUR(MANDAL) KURNOOL(DIST),518464,,https://kys.udiseplus.gov.in/#/schooldetail/4697872/12,4697872,11/05/2022 11:47,2725
******00502 Operational,,MPPS(HW) GONEGANDLA,,,,Andhra Pradesh,1-Primary,33-MPP_ZPP SCHOOLS,1 To 5,3-Co-educational,1-Rural,Gonegandla,Gonegandla,,,GONEGANDLA HARIJANWADA GONEGANDLA(VILLAGE) GONEGANDLA(MANDAL) KURNOOL(DIST),518463,mppshw.gonegandla[at]gmail[dot]com,https://kys.udiseplus.gov.in/#/schooldetail/4699185/12,4699185,12/02/2026 10:46,2725
******01405 Operational,,MPPS(HW) GOVARDHANAGIRI,,,,Andhra Pradesh,1-Primary,33-MPP_ZPP SCHOOLS,1 To 2,3-Co-educational,1-Rural,Veldurthi,Govardhanagiri,,,HARIJANAWADA GOVARDHANAGIRI GOVARDHANAGIRI(VILLAGE) VELDURTI(MANDAL) KURNOOL(DIST),518216,,https://kys.udiseplus.gov.in/#/schooldetail/4700110/12,4700110,13/11/2025 13:11,2725
******00701 Operational,,MPPS(HW) G.SINGAVARAM,,,,Andhra Pradesh,1-Primary,33-MPP_ZPP SCHOOLS,1 To 5,3-Co-educational,1-Rural,Kurnool,G.Singavaram,,,HARIJANAWADA G.SINGAVARAM G.SINGAVARAM(VILLAGE) KURNOOL(MANDAL) KURNOOL(DIST),518004,,https://kys.udiseplus.gov.in/#/schooldetail/4697911/12,4697911,26/12/2025 15:33,2725
******00604 Permanently Closed,,MPPS(H.W) GUDUR,,,,Andhra Pradesh,1-Primary,33-MPP_ZPP SCHOOLS,1 To 5,3-Co-educational,2-Urban,NA,,Gudur (M) - Ward No.3,Gudur (kurnool)-Town Panchayat,NA,518466,,https://kys.udiseplus.gov.in/#/schooldetail/4717298/12,4717298,15/10/2020 12:18,2725
******00502 Operational,,MPPS(HW) KALUGOTLA,,,,Andhra Pradesh,1-Primary,33-MPP_ZPP SCHOOLS,1 To 2,3-Co-educational,1-Rural,Veldurthi,Kalugotla,,,KALUGOTLA KALUGOTLA KALUGOTLA(VILLAGE) VELDURTI(MANDAL) KURNOOL(DIST),518217,hwkalugotla[at]gmail[dot]com,https://kys.udiseplus.gov.in/#/schooldetail/4700062/12,4700062,13/11/2025 13:12,2725
******01404 Operational,,MPPS(HW) KATARAKONDA,,,,Andhra Pradesh,1-Primary,33-MPP_ZPP SCHOOLS,1 To 2,3-Co-educational,1-Rural,Krishnagiri,Katarikonda,,,HARIJANA WADA KATARAKONDA KATARAKONDA(VILLAGE) KRISHNAGIRI(MANDAL) KURNOOL(DIST),518222,meo.krishnagiri28[at]gmail[dot]com,https://kys.udiseplus.gov.in/#/schooldetail/4700043/12,4700043,13/11/2025 12:41,2725
******01302 Operational,,MPPS(HW) LODDIPALLE,,,,Andhra Pradesh,1-Primary,33-MPP_ZPP SCHOOLS,1 To 2,3-Co-educational,1-Rural,Orvakal,Loddipalle,,,LODDIPALLE LODDIPALLE LODDIPALLE(VILLAGE) ORVAKAL(MANDAL) KURNOOL(DIST),518002,meo.orvakal17[at]gmail[dot]com,https://kys.udiseplus.gov.in/#/schooldetail/4698842/12,4698842,23/06/2025 21:36,2725
******01801 Operational,,MPPS(HW) NAYAKALLU,,,,Andhra Pradesh,1-Primary,33-MPP_ZPP SCHOOLS,1 To 2,3-Co-educational,1-Rural,Kallur,Nayakallu,,,NAYAKALLU H.W NAYAKALLU NAYAKALLU(VILLAGE) KALLUR(MANDAL) KURNOOL(DIST),518218,,https://kys.udiseplus.gov.in/#/schooldetail/4698955/12,4698955,23/12/2025 13:09,2725
******00102 Operational,,MPPS(HW) PARLA,,,,Andhra Pradesh,1-Primary,33-MPP_ZPP SCHOOLS,1 To 5,3-Co-educational,1-Rural,Kallur,Parla,,,PARLA HARIJANWADA PARLA(VILLAGE) KALLUR(MANDAL) KURNOOL(DIST),518467,mppshwparla[at]gmail[dot]com,https://kys.udiseplus.gov.in/#/schooldetail/4698866/12,4698866,21/12/2025 11:35,2725
******00302 Operational,,MPPS(HW) PEDDAPADU,,,,Andhra Pradesh,1-Primary,33-MPP_ZPP SCHOOLS,1 To 5,3-Co-educational,2-Urban,NA,,Kurnool Ward No. 36,Kurnool-Municipal Corporations,PEDDAPADU HW KALLUR PEDDAPADU(VILLAGE) KALLUR(MANDAL) KURNOOL(DIST),518002,,https://kys.udiseplus.gov.in/#/schooldetail/4698871/12,4698871,21/12/2025 11:36,2725
******02003 Operational,,MPPS(HW) ULINDAKONDA,,,,Andhra Pradesh,1-Primary,33-MPP_ZPP SCHOOLS,1 To 5,3-Co-educational,1-Rural,Kallur,Ulindakonda,,,ULINDAKONDA ULINDAKONDA ULINDAKONDA(VILLAGE) KALLUR(MANDAL) KURNOOL(DIST),518218,,https://kys.udiseplus.gov.in/#/schooldetail/4698961/12,4698961,23/12/2025 13:10,2725
******02401 Operational,,MPPS(HW) URUKUNDA,,,,Andhra Pradesh,1-Primary,33-MPP_ZPP SCHOOLS,1 To 5,3-Co-educational,1-Rural,Kowthalam,Urukunda,,,URUKUNDA URUKUNDA URUKUNDA(VILLAGE) KOWTHALAM(MANDAL) KURNOOL(DIST),518344,mppsurkd[at]gmail[dot]com,https://kys.udiseplus.gov.in/#/schooldetail/4697564/12,4697564,11/05/2022 09:33,2725
******01502 Operational,,MPPS (HW) UYYALAWADA,,,,Andhra Pradesh,1-Primary,33-MPP_ZPP SCHOOLS,1 To 2,3-Co-educational,1-Rural,Orvakal,Uyyalawada,,,UYYALAWADA UYYALAWADA UYYALAWADA(VILLAGE) ORVAKAL(MANDAL) KURNOOL(DIST),518002,meo.orvakal17[at]gmail[dot]com,https://kys.udiseplus.gov.in/#/schooldetail/4698846/12,4698846,23/06/2025 21:34,2725
******01003 Operational,,MPPS(HW) VELDURTHY,,,,Andhra Pradesh,1-Primary,33-MPP_ZPP SCHOOLS,1 To 5,3-Co-educational,1-Rural,Veldurthi,Veldurthi,,,HARIJANAWADA VELDURTHY VELDURTHI(VILLAGE) VELDURTI(MANDAL) KURNOOL(DIST),518216,,https://kys.udiseplus.gov.in/#/schooldetail/4700077/12,4700077,15/10/2020 12:18,2725
******91019 Operational,,MPPS(HW) YEMMIAGNUR,,,,Andhra Pradesh,1-Primary,33-MPP_ZPP SCHOOLS,1 To 2,3-Co-educational,2-Urban,NA,,Yemmiganur (M) - Ward No.8,Yemmiganur-Municipality,"RCM Church opposite,Old Harijana Wada, Yemmiganur urban,Kurnool Dist, A.P",518360,b.venki445[at]gmail[dot]com,https://kys.udiseplus.gov.in/#/schooldetail/4699359/12,4699359,13/11/2025 13:16,2725
******00202 Operational,,MPPS IBRAHIMPURAM,,,,Andhra Pradesh,1-Primary,33-MPP_ZPP SCHOOLS,1 To 5,3-Co-educational,1-Rural,Nandavaram,Ibharampuram,,,IBRAHIMPURAM IBRAHIMPURAM IBRAHIMPURAM(VILLAGE) NANDAVARAM(MANDAL) KURNOOL(DIST),518345,meo.ndvrm04[at]gmail[dot]com,https://kys.udiseplus.gov.in/#/schooldetail/4697735/12,4697735,19/12/2025 16:14,2725
******00201 Operational,,MPPS I.KOTTALA,,,,Andhra Pradesh,1-Primary,33-MPP_ZPP SCHOOLS,1 To 5,3-Co-educational,1-Rural,Nandavaram,Ibharampuram,,,I.KOTTALA I.KOTTALA IBRAHIMPURAM(VILLAGE) NANDAVARAM(MANDAL) KURNOOL(DIST),518343,parapogumanikyam123[at]gmail[dot]com,https://kys.udiseplus.gov.in/#/schooldetail/4697734/12,4697734,11/03/2024 21:54,2725
******00703 Operational,,MPPS INAKALLU,,,,Andhra Pradesh,1-Primary,33-MPP_ZPP SCHOOLS,1 To 5,3-Co-educational,1-Rural,Aspari,Billekallu,,,INAKALLU INAKALLU BILLEKALLU(VILLAGE) ASPARI(MANDAL) KURNOOL(DIST),518347,nnrbhrfriends123[at]gmail[dot]com,https://kys.udiseplus.gov.in/#/schooldetail/4699879/12,4699879,21/12/2025 12:36,2725
******00401 Operational,,MPPS INGALADAHAL,,,,Andhra Pradesh,1-Primary,33-MPP_ZPP SCHOOLS,1 To 5,3-Co-educational,1-Rural,Holagunda,Ingaladahal,,,INGALADAHAL (VILLAGE) HOLAGUNDA(MANDAL) KURNOOL(DIST),518308,meo.holagunda1324[at]gmail[dot]com,https://kys.udiseplus.gov.in/#/schooldetail/4699742/12,4699742,15/10/2020 12:18,2725
******00304 Operational,,MPPS IRANBANDA,,,,Andhra Pradesh,1-Primary,33-MPP_ZPP SCHOOLS,1 To 5,3-Co-educational,1-Rural,Devanakonda,Palakurthy,,,IRANBANDA IRANBANDA PALAKURTHY(VILLAGE) DEVANAKONDA(MANDAL) KURNOOL(DIST),518465,meo.devanakonda[at]gmail[dot]com,https://kys.udiseplus.gov.in/#/schooldetail/4699935/12,4699935,23/12/2025 17:41,2725
******01303 Operational,,MPPS IRANBANDA,,,,Andhra Pradesh,1-Primary,33-MPP_ZPP SCHOOLS,1 To 5,3-Co-educational,1-Rural,Gonegandla,Iranbanda,,,IRANBANDA GONEGANDLA IRANBANDA(VILLAGE) GONEGANDLA(MANDAL) KURNOOL(DIST),518463,mpups.iranbanda[at]gmail[dot]com,https://kys.udiseplus.gov.in/#/schooldetail/4699224/12,4699224,12/02/2026 12:00,2725
******00901 Operational,,MPPS IRNAGAL,,,,Andhra Pradesh,1-Primary,33-MPP_ZPP SCHOOLS,1 To 5,3-Co-educational,1-Rural,Kosigi,Irangal,,,IRANGAL(VILLAGE) KOSIGI(MANDAL) KURNOOL(DIST),518349,jagan010776[at]gmail[dot]com,https://kys.udiseplus.gov.in/#/schooldetail/4697614/12,4697614,20/12/2025 19:04,2725
******01404 Operational,,MPPS IV WARD ALUR,,,,Andhra Pradesh,1-Primary,33-MPP_ZPP SCHOOLS,1 To 5,3-Co-educational,1-Rural,Alur,Alur,,,G T AREA IVth WARD ALUR ALUR(VILLAGE) ALUR(MANDAL) KURNOOL(DIST),518395,cheekoluhemanth888[at]gmail[dot]com,https://kys.udiseplus.gov.in/#/schooldetail/4699820/12,4699820,22/12/2025 12:58,2725
******01704 Operational,,MPPS JAGGAPURAM,,,,Andhra Pradesh,1-Primary,33-MPP_ZPP SCHOOLS,1 To 5,3-Co-educational,1-Rural,Nandavaram,Halaharvi,,,JAGGAPURAM VILLAGE HALARVI PACHANYITHI NANDAVARAM MANDAL KURNOOL DIST,518360,meo.ndvrm04[at]gmail[dot]com,https://kys.udiseplus.gov.in/#/schooldetail/4697777/12,4697777,19/12/2025 16:22,2725
******00302 Operational,,MPPS J.AGRAHARAM,,,,Andhra Pradesh,1-Primary,33-MPP_ZPP SCHOOLS,1 To 5,3-Co-educational,1-Rural,Pattikonda,Jutur,,,J.AGRAHARAM J.AGRAHARAM JUTUR(VILLAGE) PATHIKONDA(MANDAL) KURNOOL(DIST),518380,AVULAMALLIKARJUNA2[at]GMAIL[dot]COM,https://kys.udiseplus.gov.in/#/schooldetail/4701831/12,4701831,14/12/2023 13:26,2725
******00801 Operational,,MPPS JALVADI,,,,Andhra Pradesh,1-Primary,33-MPP_ZPP SCHOOLS,1 To 5,3-Co-educational,1-Rural,Peddakadabur,Jalvadi,,,JALVADI JALVADI JALVADI(VILLAGE) PEDDAKADUBUR(MANDAL) KURNOOL(DIST),518360,mpps1322010[at]gmail[dot]com,https://kys.udiseplus.gov.in/#/schooldetail/4699421/12,4699421,23/12/2025 12:57,2725
******01001 Operational,,MPPS JAMPAPURAM,,,,Andhra Pradesh,1-Primary,33-MPP_ZPP SCHOOLS,1 To 5,3-Co-educational,1-Rural,Kosigi,Jampapuram,,,JAMPAPURAM(VILLAGE) KOSIGI(MANDAL) KURNOOL(DIST),518313,nsivak08[at]gmail[dot]com,https://kys.udiseplus.gov.in/#/schooldetail/4697615/12,4697615,20/12/2025 19:05,2725
******01204 Closed,Closed,MPPS JAPLA THANDA,,,,Andhra Pradesh,1-Primary,33-MPP_ZPP SCHOOLS,1 To 5,3-Co-educational,1-Rural,Tuggali,Gooty Erragudi,,,JAPLA THANDA JAPLA THANDA GOOTY ERRAGUDI(VILLAGE) TUGGALI(MANDAL) KURNOOL(DIST),518390,pmallikarjunareddy67[at]gmail[dot]com,https://kys.udiseplus.gov.in/#/schooldetail/4701819/12,4701819,04/08/2025 14:27,2725
******00605 Operational,,MPPS(JB) GUDUR,,,,Andhra Pradesh,1-Primary,33-MPP_ZPP SCHOOLS,1 To 5,3-Co-educational,2-Urban,NA,,Gudur (M) - Ward No.5,Gudur (kurnool)-Town Panchayat,B C COLONY 12th WARD GUDUR (VILLAGE) GUDUR(MANDAL) KURNOOL(DIST),518466,gnseshu369[at]gmail[dot]com,https://kys.udiseplus.gov.in/#/schooldetail/4697843/12,4697843,11/05/2022 11:28,2725
******01002 Operational,,MPPS(JB) K. NAGALAPURAM,,,,Andhra Pradesh,1-Primary,33-MPP_ZPP SCHOOLS,1 To 2,3-Co-educational,1-Rural,Gudur,Kuruvanagalapuram,,,K. NAGALAPURAM(VILLAGE) GUDUR(MANDAL) KURNOOL(DIST),518467,meo.gudur[at]gmail[dot]com,https://kys.udiseplus.gov.in/#/schooldetail/4697880/12,4697880,13/11/2025 12:23,2725
******02402 Operational,,MPPS(JBM) KOSIGI,,,,Andhra Pradesh,1-Primary,33-MPP_ZPP SCHOOLS,1 To 5,3-Co-educational,1-Rural,Kosigi,Kosigi,,,"KUMMARI GERI, KOSIGI (VILLAGE) KOSIGI(MANDAL) KURNOOL(DIST)",518313,veerareddy443[at]gmail[dot]com,https://kys.udiseplus.gov.in/#/schooldetail/4697640/12,4697640,20/12/2025 18:52,2725
******01001 Operational,,MPPS J.HOSALLI,,,,Andhra Pradesh,1-Primary,33-MPP_ZPP SCHOOLS,1 To 5,3-Co-educational,1-Rural,Halaharvi,J.Hosahalli,,,J.HOSSAALLI J.HOSAHALLI J.HOSAHALLI(VILLAGE) HALAHARVI(MANDAL) KURNOOL(DIST),518348,mppshosalli1970[at]gmail[dot]com,https://kys.udiseplus.gov.in/#/schooldetail/4701986/12,4701986,24/06/2021 21:37,2725
******00903 Operational,,MPPS JILLEBUDAKALA,,,,Andhra Pradesh,1-Primary,33-MPP_ZPP SCHOOLS,1 To 5,3-Co-educational,1-Rural,Devanakonda,Jilledubudakala,,,JILLEBUDAKALA JILLEBUDAKALA JILLEDUBUDAKALA(VILLAGE) DEVANAKONDA(MANDAL) KURNOOL(DIST),518465,mpupsjbdkl[at]gmail[dot]com,https://kys.udiseplus.gov.in/#/schooldetail/4699957/12,4699957,23/12/2025 17:55,2725
******00401 Operational,,MPPS J.M.THANDA,,,,Andhra Pradesh,1-Primary,33-MPP_ZPP SCHOOLS,1 To 5,3-Co-educational,1-Rural,Pattikonda,Dudekonda,,,J.M.THANDA J.M.THANDA DUDEKONDA(VILLAGE) PATHIKONDA(MANDAL) KURNOOL(DIST),518380,sashisekhar45[at]gmail[dot]com,https://kys.udiseplus.gov.in/#/schooldetail/4701833/12,4701833,11/03/2024 17:12,2725
******01108 Operational,,MPPS JONNAGIRI,,,,Andhra Pradesh,1-Primary,33-MPP_ZPP SCHOOLS,1 To 5,3-Co-educational,1-Rural,Tuggali,Jonnagiri,,,JONNAGIRI JONNAGIRI JONNAGIRI(VILLAGE) TUGGALI(MANDAL) KURNOOL(DIST),518390,tuggalimrc2021[at]gmail[dot]com,https://kys.udiseplus.gov.in/#/schooldetail/4701811/12,4701811,15/09/2024 14:22,2725
******00101 Operational,,MPPS JULAKALLU,,,,Andhra Pradesh,1-Primary,33-MPP_ZPP SCHOOLS,1 To 5,3-Co-educational,1-Rural,Gudur,Julakallu,,,JULAKALLU (VILLAGE) GUDUR(MANDAL) KURNOOL(DIST),518462,meo.gudur[at]gmail[dot]com,https://kys.udiseplus.gov.in/#/schooldetail/4697835/12,4697835,11/05/2022 11:21,2725
******00402 Operational,,MPPS KACHAPURAM,,,,Andhra Pradesh,1-Primary,33-MPP_ZPP SCHOOLS,1 To 5,3-Co-educational,1-Rural,Mantralayam,Kachapuram,,,KACHAPURAM KACHAPURAM KACHAPURAM(VILLAGE) MANTRALAYAM(MANDAL) KURNOOL(DIST),518349,meo.mtlm[at]gmail[dot]com,https://kys.udiseplus.gov.in/#/schooldetail/4697668/12,4697668,20/12/2025 11:18,2725
******00906 Operational,,MPPS KADAMAKUNTLA,,,,Andhra Pradesh,1-Primary,33-MPP_ZPP SCHOOLS,1 To 5,3-Co-educational,1-Rural,Tuggali,Kandamakuntla,,,KADAMAKUNTLA KADAMAKUNTLA KADAMAKUNTLA(VILLAGE) TUGGALI(MANDAL) KURNOOL(DIST),518221,tuggalimrc2021[at]gmail[dot]com,https://kys.udiseplus.gov.in/#/schooldetail/4701798/12,4701798,07/05/2022 20:55,2725
******00101 Operational,,MPPS KADIDODDI,,,,Andhra Pradesh,1-Primary,33-MPP_ZPP SCHOOLS,1 To 5,3-Co-educational,1-Rural,Kosigi,Kadidoddi,,,KADIDODDI(VILLAGE) KOSIGI(MANDAL) KURNOOL(DIST),518313,harikrishnaprasadduggandla[at]gmail[dot]com,https://kys.udiseplus.gov.in/#/schooldetail/4697603/12,4697603,20/12/2025 19:05,2725
******01505 Operational,,MPPS KADIVELLA,,,,Andhra Pradesh,1-Primary,33-MPP_ZPP SCHOOLS,1 To 5,3-Co-educational,1-Rural,Yemmiganur,Kadivella,,,KADIVELLA (VILLAGE) YEMMIGANUR(MANDAL) KURNOOL(DIST),518350,mppsmainkadivella[at]gmail[dot]com,https://kys.udiseplus.gov.in/#/schooldetail/4699321/12,4699321,15/10/2020 12:18,2725
******01004 Permanently Closed,,MPPS KADLAMAGI,,,,Andhra Pradesh,1-Primary,33-MPP_ZPP SCHOOLS,1 To 5,3-Co-educational,1-Rural,Holagunda,Holagunda,,,NA,518346,,https://kys.udiseplus.gov.in/#/schooldetail/4717421/12,4717421,15/10/2020 12:18,2725
******02101 Operational,,MPPS(K) AGASALADINNE,,,,Andhra Pradesh,1-Primary,33-MPP_ZPP SCHOOLS,1 To 5,3-Co-educational,1-Rural,Kowthalam,Agasaladinne,,,AGASALADINNE AGASALADINNE AGASALADINNE(VILLAGE) KOWTHALAM(MANDAL) KURNOOL(DIST),518344,,https://kys.udiseplus.gov.in/#/schooldetail/4697561/12,4697561,13/09/2024 09:39,2725
******00802 Operational,,MPPS KALAPARY,,,,Andhra Pradesh,1-Primary,33-MPP_ZPP SCHOOLS,1 To 5,3-Co-educational,1-Rural,Aspari,Yatakallu,,,KALAPARY YATAKALLU(VILLAGE) ASPARI(MANDAL) KURNOOL(DIST),518465,meo.aspari[at]gmail[dot]com,https://kys.udiseplus.gov.in/#/schooldetail/4699883/12,4699883,21/12/2025 12:37,2725
******00311 Operational,,MPPS KALLAPARI,,,,Andhra Pradesh,1-Primary,33-MPP_ZPP SCHOOLS,1 To 5,3-Co-educational,1-Rural,Kodumur,Pulakurthy,,,KALLAPARI KODUMUR KODUMUR(VILLAGE) KODUMUR(MANDAL) KURNOOL(DIST),518464,mppskallapari[at]gmail[dot]com,https://kys.udiseplus.gov.in/#/schooldetail/4699107/12,4699107,10/05/2022 10:13,2725
******01001 Operational,,MPPS KALLUDEVAKUNTA,,,,Andhra Pradesh,1-Primary,33-MPP_ZPP SCHOOLS,1 To 5,3-Co-educational,1-Rural,Mantralayam,Kalludevakunta,,,KALLUDEVAKUNTA(VILLAGE) MANTRALAYAM(MANDAL) KURNOOL(DIST),518345,pskalludevakunta[at]gmail[dot]com,https://kys.udiseplus.gov.in/#/schooldetail/4697694/12,4697694,11/03/2024 18:01,2725
******01202 Operational,,MPPS KALLUKUNTA,,,,Andhra Pradesh,1-Primary,33-MPP_ZPP SCHOOLS,1 To 5,3-Co-educational,1-Rural,Peddakadabur,Kallukunta,,,KALLUKUNTA KALLUKUNTA KALLUKUNTA(VILLAGE) PEDDAKADUBUR(MANDAL) KURNOOL(DIST),518323,meo.peddakadubur[at]gmail[dot]com,https://kys.udiseplus.gov.in/#/schooldetail/4699444/12,4699444,20/12/2025 12:17,2725
******90402 Operational,,MPPS KALLUR,,,,Andhra Pradesh,1-Primary,33-MPP_ZPP SCHOOLS,1 To 5,3-Co-educational,2-Urban,NA,,Kurnool Ward No. 33,Kurnool-Municipal Corporations,KALLUR ( KALLUR KALLUR(VILLAGE) KALLUR(MANDAL) KURNOOL(DIST),518002,mppskallur534[at]gmail[dot]com,https://kys.udiseplus.gov.in/#/schooldetail/4698131/12,4698131,23/12/2025 13:13,2725
******00303 Operational,,MPPS KALUGOTLA (MAIN),,,,Andhra Pradesh,1-Primary,33-MPP_ZPP SCHOOLS,1 To 5,3-Co-educational,1-Rural,Yemmiganur,Kalugotla,,,KALUGOTLA KALUGOTLA KALUGOTLA(VILLAGE) YEMMIGANUR(MANDAL) KURNOOL(DIST),518360,mppsmainkalugotla9[at]gmail[dot]com,https://kys.udiseplus.gov.in/#/schooldetail/4699283/12,4699283,15/10/2020 12:18,2725
******00302 Permanently Closed,,MPPS KALUGOTLA (NEW),,,,Andhra Pradesh,1-Primary,33-MPP_ZPP SCHOOLS,1 To 5,3-Co-educational,1-Rural,Yemmiganur,Kalugotla,,,NA,518360,,https://kys.udiseplus.gov.in/#/schooldetail/4717405/12,4717405,15/10/2020 12:18,2725
******01701 Operational,,MPPS KALVA,,,,Andhra Pradesh,1-Primary,33-MPP_ZPP SCHOOLS,1 To 5,3-Co-educational,1-Rural,Orvakal,Kalva,,,KALVA ORVAKAL KALVA(VILLAGE) ORVAKAL(MANDAL) KURNOOL(DIST),518010,mppskalva[at]gmail[dot]com,https://kys.udiseplus.gov.in/#/schooldetail/4698852/12,4698852,15/10/2020 12:18,2725
******01703 Operational,,MPPS KALVABUGGA,,,,Andhra Pradesh,1-Primary,33-MPP_ZPP SCHOOLS,1 To 5,3-Co-educational,1-Rural,Orvakal,Kalva,,,KALVA BUGGA KALVA KALVA(VILLAGE) ORVAKAL(MANDAL) KURNOOL(DIST),518010,tejaomkaram12[at]gmail[dot]com,https://kys.udiseplus.gov.in/#/schooldetail/4698854/12,4698854,22/12/2025 16:05,2725
******01201 Operational,,MPPS KAMANADODDI,,,,Andhra Pradesh,1-Primary,33-MPP_ZPP SCHOOLS,1 To 5,3-Co-educational,1-Rural,Kosigi,Kamandoddi,,,KAMANDODDI(VILLAGE) KOSIGI(MANDAL) KURNOOL(DIST),518313,hmkamandoddi23[at]gmail[dot]com,https://kys.udiseplus.gov.in/#/schooldetail/4697625/12,4697625,20/12/2025 19:06,2725
******02503 Operational,,MPPS KAMAVARAM,,,,Andhra Pradesh,1-Primary,33-MPP_ZPP SCHOOLS,1 To 5,3-Co-educational,1-Rural,Kowthalam,Kamavaram,,,KAMAVARAM(VILLAGE) KOWTHALAM(MANDAL) KURNOOL(DIST),518302,mppschoolkamavaram[at]gmail[dot]com,https://kys.udiseplus.gov.in/#/schooldetail/4697571/12,4697571,11/05/2022 09:35,2725
******00703 Operational,,MPPS KAMBALADINNE,,,,Andhra Pradesh,1-Primary,33-MPP_ZPP SCHOOLS,1 To 5,3-Co-educational,1-Rural,Peddakadabur,Kambaladinne,,,KAMBALADINNE KAMBALADINNE KAMBALADINNE(VILLAGE) PEDDAKADUBUR(MANDAL) KURNOOL(DIST),518323,mpups1322303[at]gmail[dot]com,https://kys.udiseplus.gov.in/#/schooldetail/4699419/12,4699419,23/12/2025 12:47,2725
******01001 Operational,,MPPS KAMBALAPADU,,,,Andhra Pradesh,1-Primary,33-MPP_ZPP SCHOOLS,1 To 5,3-Co-educational,1-Rural,Krishnagiri,Kambalapadu,,,KAMBALAPADU KAMBALAPADU KAMBALAPADU(VILLAGE) KRISHNAGIRI(MANDAL) KURNOOL(DIST),518225,meo.krishnagiri28[at]gmail[dot]com,https://kys.udiseplus.gov.in/#/schooldetail/4700024/12,4700024,15/10/2020 12:18,2725
******01701 Operational,,MPPS KAMINHAL,,,,Andhra Pradesh,1-Primary,33-MPP_ZPP SCHOOLS,1 To 5,3-Co-educational,1-Rural,Halaharvi,Kaminahal,,,KAMINHAL KAMINHAL KAMINHAL(VILLAGE) HALAHARVI(MANDAL) KURNOOL(DIST),518348,meo00123[at]gmail[dot]com,https://kys.udiseplus.gov.in/#/schooldetail/4701998/12,4701998,10/03/2024 09:42,2725
******00201 Operational,,MPPS KAMMARCHEDU,,,,Andhra Pradesh,1-Primary,33-MPP_ZPP SCHOOLS,1 To 5,3-Co-educational,1-Rural,Alur,Kammarachedu,,,KAMMARACHEDU KAMMARACHEDU KAMMARACHEDU(VILLAGE) ALUR(MANDAL) KURNOOL(DIST),518302,mppskammarachedu[at]gmail[dot]com,https://kys.udiseplus.gov.in/#/schooldetail/4699794/12,4699794,22/12/2025 12:35,2725
******00403 Operational,,MPPS KANAKADINNE,,,,Andhra Pradesh,1-Primary,33-MPP_ZPP SCHOOLS,1 To 5,3-Co-educational,1-Rural,Pattikonda,Dudekonda,,,KANAKADINNE KANAKADINNE DUDEKONDA(VILLAGE) PATHIKONDA(MANDAL) KURNOOL(DIST),518380,,https://kys.udiseplus.gov.in/#/schooldetail/4701835/12,4701835,11/03/2024 17:13,2725
******01502 Operational,,MPPS KANAKAVEEDU,,,,Andhra Pradesh,1-Primary,33-MPP_ZPP SCHOOLS,1 To 5,3-Co-educational,1-Rural,Nandavaram,Kanakaveedu,,,KANAKAVEEDU KANAKAVEEDU KANAKAVEEDU(VILLAGE) NANDAVARAM(MANDAL) KURNOOL(DIST),518343,mppskkvd[at]gmail[dot]com,https://kys.udiseplus.gov.in/#/schooldetail/4697764/12,4697764,11/03/2024 21:59,2725
******01501 Operational,,MPPS KANAKAVEEDUPETA,,,,Andhra Pradesh,1-Primary,33-MPP_ZPP SCHOOLS,1 To 5,3-Co-educational,1-Rural,Nandavaram,Kanakaveedu,,,KANAKAVEEDUPETA KANAKAVEEDUPETA KANAKAVEEDU(VILLAGE) NANDAVARAM(MANDAL) KURNOOL(DIST),518343,kanakaveedupetampps[at]gmail[dot]com,https://kys.udiseplus.gov.in/#/schooldetail/4697763/12,4697763,11/03/2024 21:58,2725
******00603 Operational,,MPPS KANDANATHI (MAIN),,,,Andhra Pradesh,1-Primary,33-MPP_ZPP SCHOOLS,1 To 5,3-Co-educational,1-Rural,Yemmiganur,Kandanathi,,,KANDANATHI(village) YEMMIGANUR(MD) KURNOOL(DT),518350,glakshmanna99[at]gmail[dot]com,https://kys.udiseplus.gov.in/#/schooldetail/4699289/12,4699289,11/09/2024 10:23,2725
******00301 Operational,,MPPS KANDUKUR,,,,Andhra Pradesh,1-Primary,33-MPP_ZPP SCHOOLS,1 To 5,3-Co-educational,1-Rural,Kosigi,Kandukur,,,KANDUKUR(VILLAGE) KOSIGI(MANDAL) KURNOOL(DIST),518313,teswarappa422[at]gmail[dot]com,https://kys.udiseplus.gov.in/#/schooldetail/4697606/12,4697606,20/12/2025 19:07,2725
******00401 Operational,,MPPS KANNAMADAKALA,,,,Andhra Pradesh,1-Primary,33-MPP_ZPP SCHOOLS,1 To 5,3-Co-educational,1-Rural,Orvakal,Kannamadakala,,,KANNAMADAKALA KANNAMADAKALA KANNAMADAKALA(VILLAGE) ORVAKAL(MANDAL) KURNOOL(DIST),518010,mppskannamadakala[at]gmail[dot]com,https://kys.udiseplus.gov.in/#/schooldetail/4698815/12,4698815,15/10/2020 12:18,2725
******00402 Operational,,MPPS KAPPATRALLA,,,,Andhra Pradesh,1-Primary,33-MPP_ZPP SCHOOLS,1 To 5,3-Co-educational,1-Rural,Devanakonda,Kappatralla,,,KAPPATRALLA KAPPATRALLA KAPPATRALLA(VILLAGE) DEVANAKONDA(MANDAL) KURNOOL(DIST),518465,mppskappatralla[at]gmail[dot]com,https://kys.udiseplus.gov.in/#/schooldetail/4699937/12,4699937,23/12/2025 17:56,2725
******00901 Operational,,MPPS KARADIGUDDAM,,,,Andhra Pradesh,1-Primary,33-MPP_ZPP SCHOOLS,1 To 5,3-Co-educational,1-Rural,Alur,Karadiguddam,,,KARADIGUDDAM MUDDANAGAR KARADIGUDDAM(VILLAGE) ALUR(MANDAL) KURNOOL(DIST),518395,mkaridiguddam[at]gmail[dot]com,https://kys.udiseplus.gov.in/#/schooldetail/4699804/12,4699804,22/12/2025 12:42,2725
******01201 Operational,,MPPS KARANI,,,,Andhra Pradesh,1-Primary,33-MPP_ZPP SCHOOLS,1 To 5,3-Co-educational,1-Rural,Kowthalam,Karani,,,KARANI(VILLAGE) KOWTHALAM(MANDAL) KURNOOL(DIST),518344,Sureshbugide84[at]gmail[dot]com,https://kys.udiseplus.gov.in/#/schooldetail/4697545/12,4697545,11/05/2022 09:25,2725
******01001 Operational,,MPPS KARIDIKONDA,,,,Andhra Pradesh,1-Primary,33-MPP_ZPP SCHOOLS,1 To 5,3-Co-educational,1-Rural,Devanakonda,Karivemula,,,KARIDIKONDA KARIDIKONDA KARIVEMULA(VILLAGE) DEVANAKONDA(MANDAL) KURNOOL(DIST),518465,,https://kys.udiseplus.gov.in/#/schooldetail/4699958/12,4699958,23/12/2025 21:49,2725
******01002 Operational,,MPPS KARIVEMULA,,,,Andhra Pradesh,1-Primary,33-MPP_ZPP SCHOOLS,1 To 5,3-Co-educational,1-Rural,Devanakonda,Karivemula,,,KARIVEMULA KARIVEMULA KARIVEMULA(VILLAGE) DEVANAKONDA(MANDAL) KURNOOL(DIST),518465,mppschoolkarivemula[at]gmail[dot]com,https://kys.udiseplus.gov.in/#/schooldetail/4699959/12,4699959,23/12/2025 18:01,2725
******00904 Operational,,MPPSKARLAKUNTA,,,,Andhra Pradesh,1-Primary,33-MPP_ZPP SCHOOLS,1 To 5,3-Co-educational,1-Rural,Krishnagiri,Amakathadu,,,KARLAKUNTA AMAKATHADU AMAKATHADU(VILLAGE) KRISHNAGIRI(MANDAL) KURNOOL(DIST),518216,,https://kys.udiseplus.gov.in/#/schooldetail/4700023/12,4700023,15/10/2020 12:18,2725
******01204 Operational,,MPPS KASAPURAM,,,,Andhra Pradesh,1-Primary,33-MPP_ZPP SCHOOLS,1 To 5,3-Co-educational,1-Rural,Veldurthi,Sudepalle,,,KASAPURAM KASAPURAM SUDEPALLE(VILLAGE) VELDURTI(MANDAL) KURNOOL(DIST),518216,jyramesh[at]apschooledu[dot]in,https://kys.udiseplus.gov.in/#/schooldetail/4700100/12,4700100,15/10/2020 12:18,2725
******90414 Operational,,MPPS KASTURI NAGAR,,,,Andhra Pradesh,1-Primary,33-MPP_ZPP SCHOOLS,1 To 5,3-Co-educational,2-Urban,NA,,Kurnool Ward No. 29,Kurnool-Municipal Corporations,KALLUR ( KASTURI NAGAR KALLUR(VILLAGE) KALLUR(MANDAL) KURNOOL(DIST),518002,mattajayamma4[at]gmail[dot]com,https://kys.udiseplus.gov.in/#/schooldetail/4698980/12,4698980,23/12/2025 13:20,2725
******01403 Operational,,MPPS KATARAKONDA,,,,Andhra Pradesh,1-Primary,33-MPP_ZPP SCHOOLS,1 To 5,3-Co-educational,1-Rural,Krishnagiri,Katarikonda,,,KATARAKONDA KATARAKONDA KATARAKONDA(VILLAGE) KRISHNAGIRI(MANDAL) KURNOOL(DIST),518222,meo.krishnagiri28[at]gmail[dot]com,https://kys.udiseplus.gov.in/#/schooldetail/4700042/12,4700042,10/03/2024 09:50,2725
******00401 Operational,,MPPS KATRIKI,,,,Andhra Pradesh,1-Primary,33-MPP_ZPP SCHOOLS,1 To 5,3-Co-educational,1-Rural,Alur,Katriki,,,KATRIKI MUSANAHALLI KATRIKI(VILLAGE) ALUR(MANDAL) KURNOOL(DIST),518302,sreenivasulu66[at]gmail[dot]com,https://kys.udiseplus.gov.in/#/schooldetail/4699799/12,4699799,22/12/2025 12:40,2725
******03302 Operational,,MPPS(K) BADINEHAL,,,,Andhra Pradesh,1-Primary,33-MPP_ZPP SCHOOLS,1 To 5,3-Co-educational,1-Rural,Kowthalam,Badinehal,,,BADINEHAL(VILLAGE) KOWTHALAM(MANDAL) KURNOOL(DIST),518344,mppks.badinehal1913[at]gmail[dot]com,https://kys.udiseplus.gov.in/#/schooldetail/4697596/12,4697596,21/11/2023 14:02,2725
******01904 Operational,,MPPS K.BASAPURAM,,,,Andhra Pradesh,1-Primary,33-MPP_ZPP SCHOOLS,1 To 5,3-Co-educational,1-Rural,Yemmiganur,Kotekal,,,K.BASAPURAM KOTEKAL KOTEKAL(VILLAGE) YEMMIGANUR(MANDAL) KURNOOL(DIST),518360,mrama2743[at]gmail[dot]com,https://kys.udiseplus.gov.in/#/schooldetail/4699340/12,4699340,11/03/2024 17:48,2725
******00807 Operational,,MPPS K.BAVI STREET MADDIKERA,,,,Andhra Pradesh,1-Primary,33-MPP_ZPP SCHOOLS,1 To 5,3-Co-educational,1-Rural,Maddikera (East),Maddikera (East),,,KONDAMMA BAVI STREET MADDIKERA(EAST) MADDIKERA (EAST)(VILLAGE) MADDIKERA(MANDAL) KURNOOL(DIST),518385,sssattar43[at]gmail[dot]com,https://kys.udiseplus.gov.in/#/schooldetail/4701926/12,4701926,08/05/2022 08:59,2725
******91006 Operational,,MPPS(KCG) YEMMIGANUR,,,,Andhra Pradesh,1-Primary,33-MPP_ZPP SCHOOLS,1 To 5,3-Co-educational,2-Urban,NA,,Yemmiganur Ward No. 20,Yemmiganur-Municipality,YEMMIGANUR ( YEMMIGANUR YEMMIGANUR(M)(VILLAGE) YEMMIGANUR(MANDAL) KURNOOL(DIST),518360,mppskcgyemmiganur[at]gmail[dot]com,https://kys.udiseplus.gov.in/#/schooldetail/4699346/12,4699346,15/10/2020 12:18,2725
******01208 Operational,,MPPS K.C.THANDA,,,,Andhra Pradesh,1-Primary,33-MPP_ZPP SCHOOLS,1 To 2,3-Co-educational,1-Rural,Tuggali,Gooty Erragudi,,,K C THANDA CHERUVUTHANDA GOOTY ERRAGUDI(VILLAGE) TUGGALI(MANDAL) KURNOOL(DIST),518390,tuggalimrc2021[at]gmail[dot]com,https://kys.udiseplus.gov.in/#/schooldetail/4701823/12,4701823,13/11/2025 13:04,2725
******91039 Operational,,MPPS(KGCS) YEMMIGANUR,,,,Andhra Pradesh,1-Primary,33-MPP_ZPP SCHOOLS,1 To 5,3-Co-educational,2-Urban,NA,,Yemmiganur Ward No. 33,Yemmiganur-Municipality,SANJEEVANAGAR YEMMIGANUR YEMMIGANUR(M)(VILLAGE) YEMMIGANUR(MANDAL) KURNOOL(DIST),518360,eranna71gadige[at]gmail[dot]com,https://kys.udiseplus.gov.in/#/schooldetail/4699373/12,4699373,11/09/2024 10:35,2725
******02403 Operational,,MPPS(KG) KOSIGI,,,,Andhra Pradesh,1-Primary,33-MPP_ZPP SCHOOLS,1 To 5,3-Co-educational,1-Rural,Kosigi,Kosigi,,,KUMMARI GERI 9th WARD KOSIGI KOSIGI(VILLAGE) KOSIGI(MANDAL) KURNOOL(DIST),518313,mppskgkosigi[at]gmail[dot]com,https://kys.udiseplus.gov.in/#/schooldetail/4697641/12,4697641,20/12/2025 18:53,2725
******00901 Operational,,MPPS(K) GULYAM,,,,Andhra Pradesh,1-Primary,33-MPP_ZPP SCHOOLS,1 To 5,3-Co-educational,1-Rural,Halaharvi,Gulyam,,,GULYAM GULYAM GULYAM(VILLAGE) HALAHARVI(MANDAL) KURNOOL(DIST),518348,ghmsarpabhushana9494[at]gmail[dot]com,https://kys.udiseplus.gov.in/#/schooldetail/4701981/12,4701981,15/10/2020 12:18,2725
******01001 Operational,,MPPS KHAJIPURAM,,,,Andhra Pradesh,1-Primary,33-MPP_ZPP SCHOOLS,1 To 5,3-Co-educational,1-Rural,Chippagiri,Khajipuram,,,KHAJIPURAM KHAJIPURAM KHAJIPURAM(VILLAGE) CHIPPAGIRI(MANDAL) KURNOOL(DIST),518396,meo.chippagiri[at]gmail[dot]com,https://kys.udiseplus.gov.in/#/schooldetail/4701960/12,4701960,08/05/2022 09:48,2725
******01001 Operational,,MPPS(K) HOLAGUNDA,,,,Andhra Pradesh,1-Primary,33-MPP_ZPP SCHOOLS,1 To 5,3-Co-educational,1-Rural,Holagunda,Holagunda,,,NEAR BUS STAND NEAR BUS STAND HOLAGUNDA(VILLAGE) HOLAGUNDA(MANDAL) KURNOOL(DIST),518346,meo.holagunda1324[at]gmail[dot]com,https://kys.udiseplus.gov.in/#/schooldetail/4699757/12,4699757,15/10/2020 12:18,2725
******00502 Operational,,MPPS KHYRUPPALA,,,,Andhra Pradesh,1-Primary,33-MPP_ZPP SCHOOLS,1 To 5,3-Co-educational,1-Rural,Aspari,Khyruppala,,,KHYRUPPALA KHYRUPPALA KHYRUPPALA(VILLAGE) ASPARI(MANDAL) KURNOOL(DIST),518465,mpps.khyruppala[at]gmail[dot]com,https://kys.udiseplus.gov.in/#/schooldetail/4699871/12,4699871,21/12/2025 12:45,2725
******02501 Operational,,MPPS(K) KAMAVARAM,,,,Andhra Pradesh,1-Primary,33-MPP_ZPP SCHOOLS,1 To 5,3-Co-educational,1-Rural,Kowthalam,Kamavaram,,,KAMAVARAM KAMAVARAM KAMAVARAM(VILLAGE) KOWTHALAM(MANDAL) KURNOOL(DIST),518302,,https://kys.udiseplus.gov.in/#/schooldetail/4697569/12,4697569,11/05/2022 09:34,2725
******00901 Sanctioned but not Operational,,MPPS K.KOTTALA,,,,Andhra Pradesh,1-Primary,33-MPP_ZPP SCHOOLS,1 To 5,3-Co-educational,1-Rural,Chippagiri,Gummanur,,,K.KOTTALA K KOTTALA GUMMANUR(VILLAGE) CHIPPAGIRI(MANDAL) KURNOOL(DIST),518396,,https://kys.udiseplus.gov.in/#/schooldetail/4701958/12,4701958,11/05/2022 12:51,2725
******01802 Permanently Closed,,MPPS K.KOTTALA,,,,Andhra Pradesh,1-Primary,33-MPP_ZPP SCHOOLS,1 To 5,3-Co-educational,1-Rural,Alur,Molagavalli,,,NA,518395,,https://kys.udiseplus.gov.in/#/schooldetail/4717423/12,4717423,15/10/2020 12:18,2725
******02701 Operational,,MPPS(K) KOWTHALAM,,,,Andhra Pradesh,1-Primary,33-MPP_ZPP SCHOOLS,1 To 5,3-Co-educational,1-Rural,Kowthalam,Kowthalam,,,KOWTHALAM(VILLAGE) KOWTHALAM(MANDAL) KURNOOL(DIST),518344,basapathithriveni[at]gmail[dot]com,https://kys.udiseplus.gov.in/#/schooldetail/4697574/12,4697574,08/05/2022 22:40,2725
******03202 Operational,,MPPS(K) KUNTANAHAL,,,,Andhra Pradesh,1-Primary,33-MPP_ZPP SCHOOLS,1 To 5,3-Co-educational,1-Rural,Kowthalam,Kuntanahal,,,KUNTANAHAL KUNTANAHAL KUNTANAHAL(VILLAGE) KOWTHALAM(MANDAL) KURNOOL(DIST),518344,mpupsks.kuntanahal[at]gmail[dot]com,https://kys.udiseplus.gov.in/#/schooldetail/4697592/12,4697592,11/05/2022 09:43,2725
******00801 Operational,,MPPS K.MARKAPURAM,,,,Andhra Pradesh,1-Primary,33-MPP_ZPP SCHOOLS,1 To 5,3-Co-educational,1-Rural,Kallur,K.Markapuram,,,K.MARKAPURAM K.MARKAPURAM K.MARKAPURAM(VILLAGE) KALLUR(MANDAL) KURNOOL(DIST),518467,boya.ramalingam11[at]gmail[dot]com,https://kys.udiseplus.gov.in/#/schooldetail/4698926/12,4698926,23/12/2025 12:48,2725
******00904 Operational,,MPPS (K.M) C.BELAGAL,,,,Andhra Pradesh,1-Primary,33-MPP_ZPP SCHOOLS,1 To 5,3-Co-educational,1-Rural,C.Belagal,C.Belagal,,,KOTARIMITTA C.BELAGAL C.BELAGAL(VILLAGE) C.BELAGAL(MANDAL) KURNOOL(DIST),518462,meo.cbelagal[at]gmail[dot]com,https://kys.udiseplus.gov.in/#/schooldetail/4697821/12,4697821,15/10/2020 12:18,2725
******00301 Operational,,MPPS K.NAGALAPURAM,,,,Andhra Pradesh,1-Primary,33-MPP_ZPP SCHOOLS,1 To 5,3-Co-educational,1-Rural,Yemmiganur,Kalugotla,,,K.NAGALAPURAM KALUGOTLA KALUGOTLA(VILLAGE) YEMMIGANUR(MANDAL) KURNOOL(DIST),518360,mppsknagalapuram[at]gmail[dot]com,https://kys.udiseplus.gov.in/#/schooldetail/4699282/12,4699282,11/09/2024 10:22,2725
******01301 Operational,,MPPS KOILKONDA,,,,Andhra Pradesh,1-Primary,33-MPP_ZPP SCHOOLS,1 To 5,3-Co-educational,1-Rural,Krishnagiri,Chityala,,,KOILKONDA CHITYALA CHITYALA(VILLAGE) KRISHNAGIRI(MANDAL) KURNOOL(DIST),518222,meo.krishnagiri28[at]gmail[dot]com,https://kys.udiseplus.gov.in/#/schooldetail/4700037/12,4700037,10/03/2024 09:49,2725
******02101 Operational,,MPPS KOKKARACHEDU,,,,Andhra Pradesh,1-Primary,33-MPP_ZPP SCHOOLS,1 To 5,3-Co-educational,1-Rural,Halaharvi,Kokkarachedu,,,KOKKARACHEDU KOKKARACHEDU KOKKARACHEDU(VILLAGE) HALAHARVI(MANDAL) KURNOOL(DIST),518348,nagabhushanareddybcm[at]gmail[dot]com,https://kys.udiseplus.gov.in/#/schooldetail/4702005/12,4702005,10/03/2024 09:41,2725
******01401 Operational,,MPPS KOLAMNPET,,,,Andhra Pradesh,1-Primary,33-MPP_ZPP SCHOOLS,1 To 5,3-Co-educational,1-Rural,Kosigi,Duddi,,,KOLMANPET (VILLAGE) KOSIGI(MANDAL) KURNOOL(DIST),518313,kolmanpetampps[at]gmail[dot]com,https://kys.udiseplus.gov.in/#/schooldetail/4697626/12,4697626,20/12/2025 19:07,2725
******00301 Operational,,MPPS KONDAPETA,,,,Andhra Pradesh,1-Primary,33-MPP_ZPP SCHOOLS,1 To 5,3-Co-educational,1-Rural,Kodumur,Kodumur,,,KODUMUR KONDAPETA KODUMUR(VILLAGE) KODUMUR(MANDAL) KURNOOL(DIST),518464,,https://kys.udiseplus.gov.in/#/schooldetail/4699098/12,4699098,19/12/2025 12:30,2725
******00704 Operational,,MPPS KONDAPURAM,,,,Andhra Pradesh,1-Primary,33-MPP_ZPP SCHOOLS,1 To 5,3-Co-educational,1-Rural,Kodumur,Laddagiri,,,KONDAPURAM LADDAGIRI LADDAGIRI(VILLAGE) KODUMUR(MANDAL) KURNOOL(DIST),518468,pavanibestatelugu[at]gmail[dot]com,https://kys.udiseplus.gov.in/#/schooldetail/4699155/12,4699155,19/12/2025 12:37,2725
******00404 Operational,,MPPS KONDAPURAM,,,,Andhra Pradesh,1-Primary,33-MPP_ZPP SCHOOLS,1 To 5,3-Co-educational,1-Rural,C.Belagal,Kondapuram,,,KONDAPURAM(VILLAGE) C.BELAGAL(MANDAL) KURNOOL(DIST),518462,pothurajuachaiah144[at]gmail[dot]com,https://kys.udiseplus.gov.in/#/schooldetail/4697794/12,4697794,15/10/2020 12:18,2725
******01103 Operational,,MPPS KOSANAPALLI,,,,Andhra Pradesh,1-Primary,33-MPP_ZPP SCHOOLS,1 To 5,3-Co-educational,1-Rural,Veldurthi,Cherukulapadu,,,KOSANAPALLI KOSANAPALLI CHERUKULAPADU(VILLAGE) VELDURTI(MANDAL) KURNOOL(DIST),518216,,https://kys.udiseplus.gov.in/#/schooldetail/4700095/12,4700095,15/10/2020 12:18,2725
******00903 Operational,,MPPS (KOTA) C.BELAGAL,,,,Andhra Pradesh,1-Primary,33-MPP_ZPP SCHOOLS,1 To 5,3-Co-educational,1-Rural,C.Belagal,C.Belagal,,,KOTA KOTA C.BELAGAL(VILLAGE) C.BELAGAL(MANDAL) KURNOOL(DIST),518462,meo.cbelagal[at]gmail[dot]com,https://kys.udiseplus.gov.in/#/schooldetail/4697820/12,4697820,11/03/2024 17:19,2725
******00101 Operational,,MPPS KOTAHPETA,,,,Andhra Pradesh,1-Primary,33-MPP_ZPP SCHOOLS,1 To 5,3-Co-educational,1-Rural,Devanakonda,Potlapadu,,,KOTHAPETA KOTHAPETA POTLAPADU(VILLAGE) DEVANAKONDA(MANDAL) KURNOOL(DIST),518465,meo.devanakonda[at]gmail[dot]com,https://kys.udiseplus.gov.in/#/schooldetail/4699920/12,4699920,23/12/2025 18:01,2725
******01905 Permanently Closed,,MPPS KOTEKAL,,,,Andhra Pradesh,1-Primary,33-MPP_ZPP SCHOOLS,1 To 5,3-Co-educational,1-Rural,Yemmiganur,Kotekal,,,NA,518360,,https://kys.udiseplus.gov.in/#/schooldetail/4717406/12,4717406,15/10/2020 12:18,2725
******01001 Operational,,MPPS KOTHAGOLLADODDI,,,,Andhra Pradesh,1-Primary,33-MPP_ZPP SCHOOLS,1 To 5,3-Co-educational,1-Rural,Peddakadabur,H Murvari,,,KOTHAGOLLADODDI KOTHAGOLLADODDI H. MURAVANI(VILLAGE) PEDDAKADUBUR(MANDAL) KURNOOL(DIST),518323,meo.peddakadubur[at]gmail[dot]com,https://kys.udiseplus.gov.in/#/schooldetail/4699423/12,4699423,20/12/2025 13:00,2725
******01702 Operational,,MPPS KOTHAKOTHALA,,,,Andhra Pradesh,1-Primary,33-MPP_ZPP SCHOOLS,1 To 5,3-Co-educational,1-Rural,Adoni,Doddanakeri,,,KOTHAKOTHALA DODDANAKERI DODDANAKERI(VILLAGE) ADONI(MANDAL) KURNOOL(DIST),518302,meo.adoni[at]gmail[dot]com,https://kys.udiseplus.gov.in/#/schooldetail/4699492/12,4699492,11/03/2024 17:07,2725
******00502 Operational,,MPPS KOTHAPALI,,,,Andhra Pradesh,1-Primary,33-MPP_ZPP SCHOOLS,1 To 5,3-Co-educational,1-Rural,Maddikera (East),Hampa,,,KOTHAPALLI (VILLAGE) MADDIKERA(MANDAL) KURNOOL(DIST),518385,,https://kys.udiseplus.gov.in/#/schooldetail/4701909/12,4701909,11/03/2024 17:09,2725
******00901 Operational,,MPPS KOTHAPALLI,,,,Andhra Pradesh,1-Primary,33-MPP_ZPP SCHOOLS,1 To 5,3-Co-educational,1-Rural,Kodumur,Gorantla,,,KOTHAPALLI GORANTLA GORANTLA(VILLAGE) KODUMUR(MANDAL) KURNOOL(DIST),518467,,https://kys.udiseplus.gov.in/#/schooldetail/4699161/12,4699161,10/05/2022 11:25,2725
******00502 Operational,,MPPS KOTHAPALLI,,,,Andhra Pradesh,1-Primary,33-MPP_ZPP SCHOOLS,1 To 5,3-Co-educational,1-Rural,Pattikonda,Pandikona,,,KOTHAPALLI KOTHAPALLI PANDIKONA(VILLAGE) PATHIKONDA(MANDAL) KURNOOL(DIST),518380,mppskottapalli123[at]gmail[dot]com,https://kys.udiseplus.gov.in/#/schooldetail/4701838/12,4701838,15/10/2020 12:18,2725
******02001 Operational,,MPPS KOTHAPETA,,,,Andhra Pradesh,1-Primary,33-MPP_ZPP SCHOOLS,1 To 5,3-Co-educational,1-Rural,Holagunda,Neraniki,,,KOTHAPETA KOTHAPETA NERANIKI(VILLAGE) HOLAGUNDA(MANDAL) KURNOOL(DIST),518395,meo.holagunda1324[at]gmail[dot]com,https://kys.udiseplus.gov.in/#/schooldetail/4699789/12,4699789,15/10/2020 12:18,2725
******00723 Operational,,MPPS KOTHA PETA PATHIKONDA,,,,Andhra Pradesh,1-Primary,33-MPP_ZPP SCHOOLS,1 To 5,3-Co-educational,1-Rural,Pattikonda,Pattikonda,,,M.PETA PATHIKONDA PATTIKONDA(VILLAGE) PATHIKONDA(MANDAL) KURNOOL(DIST),518380,jaradoddivijayakumar[at]gmaill[dot]com,https://kys.udiseplus.gov.in/#/schooldetail/4701865/12,4701865,31/05/2022 12:31,2725
******00501 Operational,,MPPS KOTHIKONDA,,,,Andhra Pradesh,1-Primary,33-MPP_ZPP SCHOOLS,1 To 5,3-Co-educational,1-Rural,Tuggali,Edduladoddi,,,KOTHIKONDA KOTHIKONDA EDDULADODDI(VILLAGE) TUGGALI(MANDAL) KURNOOL(DIST),518390,rojadivyadeepu[at]gmail[dot]com,https://kys.udiseplus.gov.in/#/schooldetail/4701767/12,4701767,15/10/2020 12:18,2725
******00402 Operational,,MPPS KOTHIRALLA,,,,Andhra Pradesh,1-Primary,33-MPP_ZPP SCHOOLS,1 To 5,3-Co-educational,1-Rural,Pattikonda,Dudekonda,,,KOTHIRALLA KOTHIRALLA DUDEKONDA(VILLAGE) PATHIKONDA(MANDAL) KURNOOL(DIST),518380,kothiralla[at]gmail[dot]com,https://kys.udiseplus.gov.in/#/schooldetail/4701834/12,4701834,11/03/2024 17:14,2725
******01802 Operational,,MPPS KOTHUR,,,,Andhra Pradesh,1-Primary,33-MPP_ZPP SCHOOLS,1 To 5,3-Co-educational,1-Rural,Adoni,Mantriki,,,KOTHUR MANTRIKI MANTRIKI(VILLAGE) ADONI(MANDAL) KURNOOL(DIST),518323,venkatesulu01071967[at]gmail[dot]com,https://kys.udiseplus.gov.in/#/schooldetail/4699495/12,4699495,13/01/2023 15:18,2725
******01403 Operational,,MPPS KOYANAGAR ALUR,,,,Andhra Pradesh,1-Primary,33-MPP_ZPP SCHOOLS,1 To 5,3-Co-educational,1-Rural,Alur,Alur,,,KOYANAGAR ALUR ALUR(VILLAGE) ALUR(MANDAL) KURNOOL(DIST),518395,kalappakummara66[at]gmail[dot]com,https://kys.udiseplus.gov.in/#/schooldetail/4699819/12,4699819,22/12/2025 12:58,2725
******00508 Operational,,MPPS(KP) GONEGANDLA,,,,Andhra Pradesh,1-Primary,33-MPP_ZPP SCHOOLS,1 To 5,3-Co-educational,1-Rural,Gonegandla,Gonegandla,,,GONEGANDLA KURUVAPETA GONEGANDLA(VILLAGE) GONEGANDLA(MANDAL) KURNOOL(DIST),518463,mppskp.gonegandla[at]gmail[dot]com,https://kys.udiseplus.gov.in/#/schooldetail/4699191/12,4699191,12/02/2026 11:44,2725
******00803 Operational,,MPPS K.P.GUDESELU,,,,Andhra Pradesh,1-Primary,33-MPP_ZPP SCHOOLS,1 To 5,3-Co-educational,1-Rural,Tuggali,Chennampalle,,,KOTHAPALLIGUDESELU KOTHAPALLIGUDESELU CHENNAMPALLE(VILLAGE) TUGGALI(MANDAL) KURNOOL(DIST),518390,tuggalimrc2021[at]gmail[dot]com,https://kys.udiseplus.gov.in/#/schooldetail/4701788/12,4701788,15/10/2020 12:18,2725
******00301 Operational,,MPPS(K) P.HARIVARAM,,,,Andhra Pradesh,1-Primary,33-MPP_ZPP SCHOOLS,1 To 5,3-Co-educational,1-Rural,Adoni,Pedda Harivanam,,,PEDDA HARIVANAM VIth WARD PEDDA HARIVANAM(VILLAGE) ADONI(MANDAL) KURNOOL(DIST),518308,muthannamuthan1996[at]gmail[dot]com,https://kys.udiseplus.gov.in/#/schooldetail/4699463/12,4699463,15/10/2020 12:18,2725
******00802 Operational,,MPPS KRISHANDODDI,,,,Andhra Pradesh,1-Primary,33-MPP_ZPP SCHOOLS,1 To 5,3-Co-educational,1-Rural,C.Belagal,Burandoddi,,,KRISHNADODDI BURANDODDI BURANDODDI(VILLAGE) C.BELAGAL(MANDAL) KURNOOL(DIST),518462,MPPS.Krdy[at]gmail[dot]com,https://kys.udiseplus.gov.in/#/schooldetail/4697814/12,4697814,04/03/2024 12:37,2725
******00502 Operational,,MPPS KRISHNAGIRI,,,,Andhra Pradesh,1-Primary,33-MPP_ZPP SCHOOLS,1 To 5,3-Co-educational,1-Rural,Krishnagiri,Krishnagiri,,,KRISHNAGIRI KRISHNAGIRI KRISHNAGIRI(VILLAGE) KRISHNAGIRI(MANDAL) KURNOOL(DIST),518225,meo.krishnagiri28[at]gmail[dot]com,https://kys.udiseplus.gov.in/#/schooldetail/4700013/12,4700013,15/10/2020 12:18,2725
******00407 Operational,,"MPPS KRISHNA NAGAR, KALLUR",,,,Andhra Pradesh,1-Primary,33-MPP_ZPP SCHOOLS,1 To 5,3-Co-educational,2-Urban,NA,,Kurnool Ward No. 27,Kurnool-Municipal Corporations,KALLUR KRISHNA NAGAR KALLUR(VILLAGE) KALLUR(MANDAL) KURNOOL(DIST),518002,,https://kys.udiseplus.gov.in/#/schooldetail/4698881/12,4698881,21/12/2025 12:17,2725
******01002 Operational,,MPPS KRISHNAPURAM,,,,Andhra Pradesh,1-Primary,33-MPP_ZPP SCHOOLS,1 To 5,3-Co-educational,1-Rural,Kodumur,Mudumalagurthy,,,KRISHNAPURAM MUDUMALAGURTHY MUDUMALAGURTHY(VILLAGE) KODUMUR(MANDAL) KURNOOL(DIST),518464,meo.kodumur19[at]gmail[dot]com,https://kys.udiseplus.gov.in/#/schooldetail/4699167/12,4699167,22/07/2024 13:15,2725
******00503 Operational,,MPPS KRISHNAPURAM,,,,Andhra Pradesh,1-Primary,33-MPP_ZPP SCHOOLS,1 To 5,3-Co-educational,1-Rural,Veldurthi,Kalugotla,,,KRISHNAPURAM KRISHNAPURAM KALUGOTLA(VILLAGE) VELDURTI(MANDAL) KURNOOL(DIST),518217,thurpuveedhi1969[at]gmail[dot]com,https://kys.udiseplus.gov.in/#/schooldetail/4700063/12,4700063,15/10/2020 12:18,2725
******03001 Operational,,MPPS(K) ROWDUR,,,,Andhra Pradesh,1-Primary,33-MPP_ZPP SCHOOLS,1 To 5,3-Co-educational,1-Rural,Kowthalam,Rowdur,,,ROWDUR(VILLAGE) KOWTHALAM(MANDAL) KURNOOL(DIST),518344,manvihanumanthappa[at]gmail[dot]com,https://kys.udiseplus.gov.in/#/schooldetail/4697587/12,4697587,11/05/2022 09:40,2725
******01004 Operational,,MPPS K.THIMMAPURAM,,,,Andhra Pradesh,1-Primary,33-MPP_ZPP SCHOOLS,1 To 5,3-Co-educational,1-Rural,Yemmiganur,K.Thimmapuram,,,K.THIMMAPURAM K.THIMMAPURAM K.THIMMAPURAM(VILLAGE) YEMMIGANUR(MANDAL) KURNOOL(DIST),518360,muniswamyrd[at]gmail[dot]com,https://kys.udiseplus.gov.in/#/schooldetail/4712196/12,4712196,15/10/2020 12:18,2725
******01305 Operational,,MPPS KUKATIKONDA,,,,Andhra Pradesh,1-Primary,33-MPP_ZPP SCHOOLS,1 To 5,3-Co-educational,1-Rural,Devanakonda,Velamakuru,,,KUKATIKONDA KUKATIKONDA VELAMAKURU(VILLAGE) DEVANAKONDA(MANDAL) KURNOOL(DIST),518465,mppskukatikonda1305[at]gmail[dot]com,https://kys.udiseplus.gov.in/#/schooldetail/4699985/12,4699985,23/12/2025 18:08,2725
******91012 Operational,,MPPS KUMMARI STREET,,,,Andhra Pradesh,1-Primary,33-MPP_ZPP SCHOOLS,1 To 5,3-Co-educational,2-Urban,NA,,Yemmiganur Ward No. 19,Yemmiganur-Municipality,KUMMARI STREET YEMMIGANUR YEMMIGANUR(M)(VILLAGE) YEMMIGANUR(MANDAL) KURNOOL(DIST),518360,sakkara.sujai[at]gmail[dot]com,https://kys.udiseplus.gov.in/#/schooldetail/4699352/12,4699352,15/10/2020 12:18,2725
******00501 Operational,,MPPS KUNDANAGURTHI,,,,Andhra Pradesh,1-Primary,33-MPP_ZPP SCHOOLS,1 To 5,3-Co-educational,1-Rural,Chippagiri,Kundanagurthi,,,KUNDANAGURTHI KUNDANAGURTHI KUNDANAGURTHI(VILLAGE) CHIPPAGIRI(MANDAL) KURNOOL(DIST),518396,,https://kys.udiseplus.gov.in/#/schooldetail/4701950/12,4701950,20/06/2025 17:05,2725
******01102 Operational,,MPPS KUNKANUR,,,,Andhra Pradesh,1-Primary,33-MPP_ZPP SCHOOLS,1 To 5,3-Co-educational,1-Rural,Devanakonda,Kunkanur,,,NEAR MAREMMA TEMPLE KUNKANUR KUNKANUR(VILLAGE) DEVANAKONDA(MANDAL) KURNOOL(DIST),518465,mppskunkanur[at]gmail[dot]com,https://kys.udiseplus.gov.in/#/schooldetail/4699964/12,4699964,23/12/2025 18:10,2725
******03101 Operational,,MPPS(K) UPPARAHAL,,,,Andhra Pradesh,1-Primary,33-MPP_ZPP SCHOOLS,1 To 5,3-Co-educational,1-Rural,Kowthalam,Upparahal,,,UPPARAHAL UPPARAHAL UPPARAHAL(VILLAGE) KOWTHALAM(MANDAL) KURNOOL(DIST),518344,mppksupparahal[at]gmail[dot]com,https://kys.udiseplus.gov.in/#/schooldetail/4697589/12,4697589,10/03/2024 09:59,2725
******00101 Operational,,MPPS KURUKUNDA,,,,Andhra Pradesh,1-Primary,33-MPP_ZPP SCHOOLS,1 To 5,3-Co-educational,1-Rural,Alur,Kurukunda,,,KURUKUNDA ALUR KURUKUNDA(VILLAGE) ALUR(MANDAL) KURNOOL(DIST),518395,ecsgoud57[at]gmail[dot]com,https://kys.udiseplus.gov.in/#/schooldetail/4699792/12,4699792,22/12/2025 12:34,2725
******00601 Operational,,MPPS KURUVALADODDI,,,,Andhra Pradesh,1-Primary,33-MPP_ZPP SCHOOLS,1 To 5,3-Co-educational,1-Rural,Pattikonda,Chakkaralla,,,KURVALADODDI VILLAGE CHAKKARALLA PANCHAYATH PATHIKONDA MANDAL KURNOOL DISTRICT ANDHRA PRADESH,518380,mppskdoddi[at]gmail[dot]com,https://kys.udiseplus.gov.in/#/schooldetail/4701844/12,4701844,15/10/2020 12:18,2725
******01601 Operational,,MPPS KURUVALLI,,,,Andhra Pradesh,1-Primary,33-MPP_ZPP SCHOOLS,1 To 5,3-Co-educational,1-Rural,Alur,Kuruvalli,,,KURUVALLI ALUR KURUVALLI(VILLAGE) ALUR(MANDAL) KURNOOL(DIST),518395,krameshbabu321[at]gmail[dot]com,https://kys.udiseplus.gov.in/#/schooldetail/4699843/12,4699843,22/12/2025 13:07,2725
******01506 Operational,,MPPS K.VENKATAPURAM,,,,Andhra Pradesh,1-Primary,33-MPP_ZPP SCHOOLS,1 To 5,3-Co-educational,1-Rural,Devanakonda,Gundlakonda,,,K.VENKATAPURAM K.VENKATAPURAM GUNDLAKONDA(VILLAGE) DEVANAKONDA(MANDAL) KURNOOL(DIST),518468,,https://kys.udiseplus.gov.in/#/schooldetail/4699994/12,4699994,23/12/2025 17:55,2725
******00801 Operational,,MPPS(K) YELLARTHY,,,,Andhra Pradesh,1-Primary,33-MPP_ZPP SCHOOLS,1 To 5,3-Co-educational,1-Rural,Holagunda,Yellarthy,,,YELLARTHY YELLARTHY YELLARTHY(VILLAGE) HOLAGUNDA(MANDAL) KURNOOL(DIST),518395,meo.holagunda1324[at]gmail[dot]com,https://kys.udiseplus.gov.in/#/schooldetail/4699751/12,4699751,15/10/2020 12:18,2725
******00302 Operational,,MPPS LAKKAMDINNE,,,,Andhra Pradesh,1-Primary,33-MPP_ZPP SCHOOLS,1 To 5,3-Co-educational,1-Rural,Devanakonda,Palakurthy,,,LAKKAMDINNE LAKKAMDINNE PALAKURTHY(VILLAGE) DEVANAKONDA(MANDAL) KURNOOL(DIST),518465,mppslakkamdinne302[at]gmail[dot]com,https://kys.udiseplus.gov.in/#/schooldetail/4699933/12,4699933,23/12/2025 18:11,2725
******01204 Operational,,MPPS LAKKASAGARAM,,,,Andhra Pradesh,1-Primary,33-MPP_ZPP SCHOOLS,1 To 5,3-Co-educational,1-Rural,Krishnagiri,Lakkasagaram,,,LAKKASAGARAM LAKKASAGARAM LAKKASAGARAM(VILLAGE) KRISHNAGIRI(MANDAL) KURNOOL(DIST),518225,khaleel06071976[at]gmail[dot]com,https://kys.udiseplus.gov.in/#/schooldetail/4700036/12,4700036,15/10/2020 12:18,2725
******01403 Closed,Closed,MPPS LAKSHMIPALLI,,,,Andhra Pradesh,1-Primary,33-MPP_ZPP SCHOOLS,1 To 5,3-Co-educational,1-Rural,Veldurthi,Govardhanagiri,,,LAKSHMIPALLI LAKSHMIPALLI GOVARDHANAGIRI(VILLAGE) VELDURTI(MANDAL) KURNOOL(DIST),518216,msucboya2[at]gmail[dot]com,https://kys.udiseplus.gov.in/#/schooldetail/4700109/12,4700109,06/11/2024 14:06,2725
******00901 Operational,,MPPS LAKSHMI PETA,,,,Andhra Pradesh,1-Primary,33-MPP_ZPP SCHOOLS,1 To 5,3-Co-educational,2-Urban,NA,,Kurnool Ward No. 38,Kurnool-Municipal Corporations,LAKSHMI PETA MUNAGALAPADU MUNAGALAPADU(VILLAGE) KURNOOL(MANDAL) KURNOOL(DIST),518003,,https://kys.udiseplus.gov.in/#/schooldetail/4697919/12,4697919,21/12/2025 13:40,2725
******01203 Operational,,MPPS LAKSHMI THANDA,,,,Andhra Pradesh,1-Primary,33-MPP_ZPP SCHOOLS,1 To 5,3-Co-educational,1-Rural,Tuggali,Gooty Erragudi,,,LAKSHMI THANDA LAKSHMI THANDA GOOTY ERRAGUDI(VILLAGE) TUGGALI(MANDAL) KURNOOL(DIST),518390,lakshmithanda1203[at]gmail[dot]com,https://kys.udiseplus.gov.in/#/schooldetail/4701818/12,4701818,15/10/2020 12:18,2725
******01202 Operational,,MPPS LALMANPALLI,,,,Andhra Pradesh,1-Primary,33-MPP_ZPP SCHOOLS,1 To 5,3-Co-educational,1-Rural,Krishnagiri,Lakkasagaram,,,LALMANPALLI LAKKASAGARAM LAKKASAGARAM(VILLAGE) KRISHNAGIRI(MANDAL) KURNOOL(DIST),518225,,https://kys.udiseplus.gov.in/#/schooldetail/4700034/12,4700034,15/10/2020 12:18,2725
******00901 Operational,,MPPS LANKAYAPALLI,,,,Andhra Pradesh,1-Primary,33-MPP_ZPP SCHOOLS,1 To 5,3-Co-educational,1-Rural,Tuggali,Kandamakuntla,,,LANKAYAPALLI LANKAYAPALLI KANDAMAKUNTLA(VILLAGE) TUGGALI(MANDAL) KURNOOL(DIST),518221,tuggalimrc2021[at]gmail[dot]com,https://kys.udiseplus.gov.in/#/schooldetail/4701794/12,4701794,15/10/2020 12:18,2725
******91022 Operational,,MPPS LAXMI PETA,,,,Andhra Pradesh,1-Primary,33-MPP_ZPP SCHOOLS,1 To 5,3-Co-educational,2-Urban,NA,,Yemmiganur (M) - Ward No.4,Yemmiganur-Municipality,LAXMI PETA SHIVALAYAM YEMMIGANUR YEMMIGANUR(M)(VILLAGE) YEMMIGANUR(MANDAL) KURNOOL(DIST),518360,,https://kys.udiseplus.gov.in/#/schooldetail/4699362/12,4699362,15/10/2020 12:18,2725
******00601 Operational,,MPPS LAXMIPURAM,,,,Andhra Pradesh,1-Primary,33-MPP_ZPP SCHOOLS,1 To 5,3-Co-educational,2-Urban,NA,,Kurnool Ward No. 28,Kurnool-Municipal Corporations,LAXMIPURAM LAXMIPURAM LAXMIPURAM(VILLAGE) KALLUR(MANDAL) KURNOOL(DIST),518218,kistannagolla[at]gmail[dot]com,https://kys.udiseplus.gov.in/#/schooldetail/4697890/12,4697890,23/12/2025 12:46,2725
******00701 Operational,,MPPS LINGADAHALLI,,,,Andhra Pradesh,1-Primary,33-MPP_ZPP SCHOOLS,1 To 5,3-Co-educational,1-Rural,Holagunda,Lingadahalli,,,LINGADAHALLI LINGADAHALLI LINGADAHALLI(VILLAGE) HOLAGUNDA(MANDAL) KURNOOL(DIST),518308,meo.holagunda1324[at]gmail[dot]com,https://kys.udiseplus.gov.in/#/schooldetail/4698679/12,4698679,11/03/2024 16:49,2725
******02001 Operational,,MPPS LINGALADINNE,,,,Andhra Pradesh,1-Primary,33-MPP_ZPP SCHOOLS,1 To 5,3-Co-educational,1-Rural,Kowthalam,Lingaladinne,,,LINGALADINNE LINGALADINNE LINGALADINNE(VILLAGE) KOWTHALAM(MANDAL) KURNOOL(DIST),518333,kparamesh417[at]gmail[dot]com,https://kys.udiseplus.gov.in/#/schooldetail/4697560/12,4697560,26/09/2024 12:16,2725
******00601 Operational,,MPPS LINGALAPALLI,,,,Andhra Pradesh,1-Primary,33-MPP_ZPP SCHOOLS,1 To 5,3-Co-educational,1-Rural,Veldurthi,Bukkapuram,,,LINGALAPALLI LINGALAPALLI BUKKAPURAM(VILLAGE) VELDURTI(MANDAL) KURNOOL(DIST),518002,,https://kys.udiseplus.gov.in/#/schooldetail/4700067/12,4700067,27/11/2023 20:44,2725
******00901 Operational,,MPPS LINGAMDINNE,,,,Andhra Pradesh,1-Primary,33-MPP_ZPP SCHOOLS,1 To 5,3-Co-educational,1-Rural,Gonegandla,Lingamdinne,,,LINGAMDINNE GONEGANDLA LINGAMDINNE(VILLAGE) GONEGANDLA(MANDAL) KURNOOL(DIST),518464,mpps.lingamdinne[at]gmail[dot]com,https://kys.udiseplus.gov.in/#/schooldetail/4699214/12,4699214,12/02/2026 11:47,2725
******00201 Operational,,MPPS LINGNENIDODDI,,,,Andhra Pradesh,1-Primary,33-MPP_ZPP SCHOOLS,1 To 5,3-Co-educational,1-Rural,Tuggali,Linganenidoddi,,,LINGNENIDODDI LINGNENIDODDI LINGNENIDODDI(VILLAGE) TUGGALI(MANDAL) KURNOOL(DIST),518468,tuggalimrc[at]gmail[dot]com,https://kys.udiseplus.gov.in/#/schooldetail/4701756/12,4701756,15/10/2020 12:18,2725
******01305 Operational,,MPPS L KOTTALA,,,,Andhra Pradesh,1-Primary,33-MPP_ZPP SCHOOLS,1 To 5,3-Co-educational,1-Rural,Veldurthi,Laxminagaram,,,L KOTTALA LAXMINAGARAM LAXMINAGARAM(VILLAGE) VELDURTI(MANDAL) KURNOOL(DIST),518216,mppslkottala1960[at]gmail[dot]com,https://kys.udiseplus.gov.in/#/schooldetail/4700106/12,4700106,15/10/2020 12:18,2725
******00501 Operational,,MPPS (LP) GONEGANDLA,,,,Andhra Pradesh,1-Primary,33-MPP_ZPP SCHOOLS,1 To 5,3-Co-educational,1-Rural,Gonegandla,Gonegandla,,,GONEGANDLA LAXMIPETA GONEGANDLA(VILLAGE) GONEGANDLA(MANDAL) KURNOOL(DIST),518463,mppslp.gonegandla[at]gmail[dot]com,https://kys.udiseplus.gov.in/#/schooldetail/4699184/12,4699184,12/02/2026 10:46,2725
******01401 Operational,,MPPS MACHANUR,,,,Andhra Pradesh,1-Primary,33-MPP_ZPP SCHOOLS,1 To 5,3-Co-educational,1-Rural,Halaharvi,Machanur,,,MACHANUR MACHANUR MACHANUR(VILLAGE) HALAHARVI(MANDAL) KURNOOL(DIST),518348,mppsmachanur[at]gmail[dot]com,https://kys.udiseplus.gov.in/#/schooldetail/4701994/12,4701994,15/10/2020 12:18,2725
******01601 Operational,,MPPS MACHUMAN DODDI,,,,Andhra Pradesh,1-Primary,33-MPP_ZPP SCHOOLS,1 To 5,3-Co-educational,1-Rural,Yemmiganur,Kandanathi,,,MANCHUMAN DODDI KANDANATHI KANDANATHI(VILLAGE) YEMMIGANUR(MANDAL) KURNOOL(DIST),518360,eresharajukanike[at]gmail[dot]com,https://kys.udiseplus.gov.in/#/schooldetail/4699324/12,4699324,10/09/2024 12:58,2725
******00503 Operational,,MPPS MADANANTHAPRUAM,,,,Andhra Pradesh,1-Primary,33-MPP_ZPP SCHOOLS,1 To 5,3-Co-educational,1-Rural,Maddikera (East),Hampa,,,MADANANTHAPURAM MADANANTHAPURAM HAMPA(VILLAGE) MADDIKERA(MANDAL) KURNOOL(DIST),518390,tcsekhar1973[at]gmail[dot]com,https://kys.udiseplus.gov.in/#/schooldetail/4701910/12,4701910,08/05/2022 08:54,2725
******01004 Operational,,MPPS MADARPURAM,,,,Andhra Pradesh,1-Primary,33-MPP_ZPP SCHOOLS,1 To 5,3-Co-educational,1-Rural,Veldurthi,Veldurthi,,,"mpps madarpuram ,madarpuram",518222,mppschoolmadarpuram004[at]gmail[dot]com,https://kys.udiseplus.gov.in/#/schooldetail/4717427/12,4717427,11/09/2024 10:57,2725
******00804 Operational,,MPPS MADDIKERA,,,,Andhra Pradesh,1-Primary,33-MPP_ZPP SCHOOLS,1 To 5,3-Co-educational,1-Rural,Maddikera (East),Maddikera (East),,,MADDIKERA MADDIKERA(EAST) MADDIKERA (EAST)(VILLAGE) MADDIKERA(MANDAL) KURNOOL(DIST),518385,venkataramana3136[at]gmail[dot]com,https://kys.udiseplus.gov.in/#/schooldetail/4701924/12,4701924,08/05/2022 08:59,2725
******00301 Operational,,MPPS MADDILINGADAHALLI,,,,Andhra Pradesh,1-Primary,33-MPP_ZPP SCHOOLS,1 To 5,3-Co-educational,1-Rural,Holagunda,Maddi Lingadahalli,,,MADDI LINGADAHALLI MADDI LINGADAHALLI MADDI LINGADAHALLI(VILLAGE) HOLAGUNDA(MANDAL) KURNOOL(DIST),518308,meo.holagunda1324[at]gmail[dot]com,https://kys.udiseplus.gov.in/#/schooldetail/4699741/12,4699741,24/06/2021 21:39,2725
******00901 Operational,,MPPS MADHAPURAM,,,,Andhra Pradesh,1-Primary,33-MPP_ZPP SCHOOLS,1 To 5,3-Co-educational,1-Rural,Devanakonda,Jilledubudakala,,,MADHAPURAM MADHAPURAM JILLEDUBUDAKALA(VILLAGE) DEVANAKONDA(MANDAL) KURNOOL(DIST),518465,Kavithabainunesavath[at]gmail[dot]com,https://kys.udiseplus.gov.in/#/schooldetail/4699954/12,4699954,23/12/2025 18:13,2725
******00901 Operational,,MPPS MADHAPURAM,,,,Andhra Pradesh,1-Primary,33-MPP_ZPP SCHOOLS,1 To 5,3-Co-educational,1-Rural,Krishnagiri,Amakathadu,,,MADHAPURAM AMAKATHADU AMAKATHADU(VILLAGE) KRISHNAGIRI(MANDAL) KURNOOL(DIST),518216,mppsmadhapuram82[at]gmail[dot]com,https://kys.udiseplus.gov.in/#/schooldetail/4700021/12,4700021,15/10/2020 12:18,2725
******00801 Operational,,MPPS MADIRE-III,,,,Andhra Pradesh,1-Primary,33-MPP_ZPP SCHOOLS,1 To 5,3-Co-educational,1-Rural,Adoni,Madire,,,MADIRE-III MADIRE-III MADIRE(VILLAGE) ADONI(MANDAL) KURNOOL(DIST),518301,krishnudu412[at]gmail[dot]com,https://kys.udiseplus.gov.in/#/schooldetail/4699473/12,4699473,13/01/2023 15:33,2725
******00802 Operational,,MPPS MADIRE-III,,,,Andhra Pradesh,1-Primary,33-MPP_ZPP SCHOOLS,1 To 5,3-Co-educational,1-Rural,Adoni,Madire,,,MADIRE-III MADIRE-III MADIRE(VILLAGE) ADONI(MANDAL) KURNOOL(DIST),518302,mallikarjunanagari9[at]gmail[dot]com,https://kys.udiseplus.gov.in/#/schooldetail/4699474/12,4699474,15/10/2020 12:18,2725
******00702 Operational,,MPPS M.AGRAHARAM,,,,Andhra Pradesh,1-Primary,33-MPP_ZPP SCHOOLS,1 To 5,3-Co-educational,1-Rural,Maddikera (East),Maddikera Agraharam,,,MADDIKERA AGRAHARAM MADDIKERA AGARAHARAM MADDIKERA AGRAHARAM(VILLAGE) MADDIKERA(MANDAL) KURNOOL(DIST),518385,,https://kys.udiseplus.gov.in/#/schooldetail/4701918/12,4701918,08/05/2022 08:56,2725
******00203 Operational,,MPPS(MAIN) ALWALA,,,,Andhra Pradesh,1-Primary,33-MPP_ZPP SCHOOLS,1 To 5,3-Co-educational,1-Rural,Gonegandla,Alwala,,,ALWALA ALWALA ALWALA(VILLAGE) GONEGANDLA(MANDAL) KURNOOL(DIST),518463,meo.gonegandla[at]gmail[dot]com,https://kys.udiseplus.gov.in/#/schooldetail/4699171/12,4699171,12/02/2026 10:42,2725
******00701 Operational,,MPPS(MAIN) CHANUGONDLA,,,,Andhra Pradesh,1-Primary,33-MPP_ZPP SCHOOLS,1 To 5,3-Co-educational,1-Rural,Gudur,Chanugondla,,,NEAR BUS STAND (MAIN) CHANUGONDLA (VILLAGE) GUDUR(MANDAL) KURNOOL(DIST),518464,,https://kys.udiseplus.gov.in/#/schooldetail/4697869/12,4697869,11/05/2022 11:46,2725
******01102 Operational,,MPPS(MAIN) ERRABADU,,,,Andhra Pradesh,1-Primary,33-MPP_ZPP SCHOOLS,1 To 5,3-Co-educational,1-Rural,Gonegandla,Errabadu,,,ERRABADU GONEGANDLA ERRABADU(VILLAGE) GONEGANDLA(MANDAL) KURNOOL(DIST),518463,mpups.errabadu[at]gmail[dot]com,https://kys.udiseplus.gov.in/#/schooldetail/4699217/12,4699217,12/02/2026 10:44,2725
******01401 Operational,,MPPS (MAIN) GUDIKAL,,,,Andhra Pradesh,1-Primary,33-MPP_ZPP SCHOOLS,1 To 5,3-Co-educational,1-Rural,Yemmiganur,Gudikal,,,CAR STREET- GUDIKAL(VILLAGE) YEMMIGANUR(MANDAL)-518360 KURNOOL(DIST),518360,mppsmaingudikal[at]gmail[dot]com,https://kys.udiseplus.gov.in/#/schooldetail/4699313/12,4699313,15/10/2020 12:18,2725
******00601 Operational,,MPPS(MAIN) GUDUR,,,,Andhra Pradesh,1-Primary,33-MPP_ZPP SCHOOLS,1 To 5,3-Co-educational,2-Urban,NA,,Gudur (M) - Ward No.13,Gudur (kurnool)-Town Panchayat,OLD BUSTAND GUDUR(VILLAGE) GUDUR(MANDAL) KURNOOL(DIST),518466,jahangir.kurnool[at]gmail[dot]com,https://kys.udiseplus.gov.in/#/schooldetail/4696745/12,4696745,11/05/2022 11:26,2725
******00901 Operational,,MPPS(MAIN) HALVI,,,,Andhra Pradesh,1-Primary,33-MPP_ZPP SCHOOLS,1 To 5,3-Co-educational,1-Rural,Kowthalam,Halvi,,,HALVI HALVI HALVI(VILLAGE) KOWTHALAM(MANDAL) KURNOOL(DIST),518333,,https://kys.udiseplus.gov.in/#/schooldetail/4697539/12,4697539,11/05/2022 09:27,2725
******01001 Operational,,MPPS(MAIN) HOSUR,,,,Andhra Pradesh,1-Primary,33-MPP_ZPP SCHOOLS,1 To 5,3-Co-educational,1-Rural,Pattikonda,Hosur,,,HOSUR HOSUR HOSUR(VILLAGE) PATHIKONDA(MANDAL) KURNOOL(DIST),518380,mademraghu[at]gmail[dot]com,https://kys.udiseplus.gov.in/#/schooldetail/4701894/12,4701894,15/10/2020 12:18,2725
******01304 Operational,,MPPS (MAIN)KADIMETLA,,,,Andhra Pradesh,1-Primary,33-MPP_ZPP SCHOOLS,1 To 5,3-Co-educational,1-Rural,Yemmiganur,Kadimetla,,,KADIMETLA KADIMETLA KADIMETLA(VILLAGE) YEMMIGANUR(MANDAL) KURNOOL(DIST),518360,mppsmkadimetla[at]gmail[dot]com,https://kys.udiseplus.gov.in/#/schooldetail/4699310/12,4699310,15/10/2020 12:18,2725
******01002 Operational,,MPPS (MAIN) KAMBADAHAL,,,,Andhra Pradesh,1-Primary,33-MPP_ZPP SCHOOLS,1 To 5,3-Co-educational,1-Rural,C.Belagal,Kambadahal,,,KAMBADAHAL MAIN ROAD KAMBADAHAL(VILLAGE) C.BELAGAL(MANDAL) KURNOOL(DIST),518462,meo.cbelagal[at]gmail[dot]com,https://kys.udiseplus.gov.in/#/schooldetail/4697833/12,4697833,15/10/2020 12:18,2725
******01906 Operational,,MPPS(MAIN) KOTEKAL,,,,Andhra Pradesh,1-Primary,33-MPP_ZPP SCHOOLS,1 To 5,3-Co-educational,1-Rural,Yemmiganur,Kotekal,,,KOTEKAL KOTEKAL KOTEKAL(VILLAGE) YEMMIGANUR(MANDAL) KURNOOL(DIST),518360,,https://kys.udiseplus.gov.in/#/schooldetail/4699341/12,4699341,23/09/2024 11:18,2725
******00402 Operational,,MPPS(MAIN) KULUMALA,,,,Andhra Pradesh,1-Primary,33-MPP_ZPP SCHOOLS,1 To 5,3-Co-educational,1-Rural,Gonegandla,Kulumala,,,KULUMALA GONEGANDLA KULUMALA(VILLAGE) GONEGANDLA(MANDAL) KURNOOL(DIST),518463,mppskulumala[at]gmail[dot]com,https://kys.udiseplus.gov.in/#/schooldetail/4699182/12,4699182,12/02/2026 11:50,2725
******00801 Operational,,MPPS(MAIN) MADDIKERA,,,,Andhra Pradesh,1-Primary,33-MPP_ZPP SCHOOLS,1 To 5,3-Co-educational,1-Rural,Maddikera (East),Maddikera (East),,,BASAVANNA GUDI VEEDHI MADDIKERA(EAST) MADDIKERA (EAST)(VILLAGE) MADDIKERA(MANDAL) KURNOOL(DIST),518385,,https://kys.udiseplus.gov.in/#/schooldetail/4701921/12,4701921,08/05/2022 08:58,2725
******00906 Operational,,MPPS(MAIN) MANTRALAYAM,,,,Andhra Pradesh,1-Primary,33-MPP_ZPP SCHOOLS,1 To 5,3-Co-educational,1-Rural,Mantralayam,Manchala,,,MANCHALA MANCHALA MANCHALA(VILLAGE) MANTRALAYAM(MANDAL) KURNOOL(DIST),518345,,https://kys.udiseplus.gov.in/#/schooldetail/4697691/12,4697691,11/03/2024 18:00,2725
******00101 Operational,,MPPS(MAIN) NANNUR,,,,Andhra Pradesh,1-Primary,33-MPP_ZPP SCHOOLS,1 To 5,3-Co-educational,1-Rural,Orvakal,Nannur,,,NANNUR NANNUR NANNUR(VILLAGE) ORVAKAL(MANDAL) KURNOOL(DIST),518002,adinarayanareddy1968[at]gmail[dot]com,https://kys.udiseplus.gov.in/#/schooldetail/4698797/12,4698797,15/10/2020 12:18,2725
******00604 Operational,,MPPS (MAIN) POLAKAL,,,,Andhra Pradesh,1-Primary,33-MPP_ZPP SCHOOLS,1 To 5,3-Co-educational,1-Rural,C.Belagal,Polakal,,,NEAR PRIMARY HEALTH CENTRE POLAKALA POLAKAL(VILLAGE) C.BELAGAL(MANDAL) KURNOOL(DIST),518462,meo.cbelagal[at]gmail[dot]com,https://kys.udiseplus.gov.in/#/schooldetail/4697807/12,4697807,04/03/2024 12:25,2725
******00201 Operational,,MPPS(MAIN) SANTHEKUDLUR,,,,Andhra Pradesh,1-Primary,33-MPP_ZPP SCHOOLS,1 To 5,3-Co-educational,1-Rural,Adoni,Santhekudlur,,,SANTHEKUDLUR SANTHEKUDLUR(VILLAGE) ADONI(MANDAL) KURNOOL(DIST),518301,santhekudlurmppsmain[at]gmail[dot]com,https://kys.udiseplus.gov.in/#/schooldetail/4699458/12,4699458,23/09/2024 12:04,2725
******01102 Operational,,MPPS MAIN SUGUR,,,,Andhra Pradesh,1-Primary,33-MPP_ZPP SCHOOLS,1 To 5,3-Co-educational,1-Rural,Mantralayam,Sugur,,,SUGUR(VILLAGE) MANTRALAYAM(MANDAL) KURNOOL(DIST),518349,mppsmainsugur[at]gmail[dot]com,https://kys.udiseplus.gov.in/#/schooldetail/4697696/12,4697696,22/06/2024 13:22,2725
******00201 Operational,,MPPS(MAIN) TERNEKAL,,,,Andhra Pradesh,1-Primary,33-MPP_ZPP SCHOOLS,1 To 5,3-Co-educational,1-Rural,Devanakonda,Ternekal,,,MAINBAZAR TERNEKAL TERNEKAL(VILLAGE) DEVANAKONDA(MANDAL) KURNOOL(DIST),518465,,https://kys.udiseplus.gov.in/#/schooldetail/4699922/12,4699922,23/12/2025 18:37,2725
******00701 Operational,,MPPS(MAIN) TUGGALI,,,,Andhra Pradesh,1-Primary,33-MPP_ZPP SCHOOLS,1 To 5,3-Co-educational,1-Rural,Tuggali,Tuggali,,,TUGGALI TUGGALI TUGGALI(VILLAGE) TUGGALI(MANDAL) KURNOOL(DIST),518390,tuggalimrc2021[at]gmail[dot]com,https://kys.udiseplus.gov.in/#/schooldetail/4701772/12,4701772,15/10/2020 12:18,2725
******00702 Operational,,MPPS(MAIN) VEMUGODU,,,,Andhra Pradesh,1-Primary,33-MPP_ZPP SCHOOLS,1 To 5,3-Co-educational,1-Rural,Gonegandla,Vemugodu,,,VEMUGODU GONEGANDLA VEMUGODU(VILLAGE) GONEGANDLA(MANDAL) KURNOOL(DIST),518463,mppsmainvemugodu[at]gmail[dot]com,https://kys.udiseplus.gov.in/#/schooldetail/4699207/12,4699207,12/02/2026 11:45,2725
******01306 Operational,,MPPS(MAIN) YERRAKOTA,,,,Andhra Pradesh,1-Primary,33-MPP_ZPP SCHOOLS,1 To 5,3-Co-educational,1-Rural,Yemmiganur,Kadimetla,,,YERRAKOTA KADIMETLA KADIMETLA(VILLAGE) YEMMIGANUR(MANDAL) KURNOOL(DIST),518360,yerrakota28212101306[at]gmail[dot]com,https://kys.udiseplus.gov.in/#/schooldetail/4699311/12,4699311,15/10/2020 12:18,2725
******00305 Operational,,MPPS MALA COLONY,,,,Andhra Pradesh,1-Primary,33-MPP_ZPP SCHOOLS,1 To 5,3-Co-educational,1-Rural,Kodumur,Kodumur,,,KODUMUR MALA COLONY KODUMUR(VILLAGE) KODUMUR(MANDAL) KURNOOL(DIST),518464,meo.kodumur19[at]gmail[dot]com,https://kys.udiseplus.gov.in/#/schooldetail/4699101/12,4699101,19/12/2025 12:38,2725
******01801 Operational,,MPPS MALAKAPURAM,,,,Andhra Pradesh,1-Primary,33-MPP_ZPP SCHOOLS,1 To 5,3-Co-educational,1-Rural,Yemmiganur,Malakapuram,,,MALAKAPURAM MALAKAPURAM MALAKAPURAM(VILLAGE) YEMMIGANUR(MANDAL) KURNOOL(DIST),518323,SEKHAR1998[at]GMAIL[dot]COM,https://kys.udiseplus.gov.in/#/schooldetail/4699336/12,4699336,11/09/2024 10:31,2725
******01803 Operational,,MPPS MALAPALLE,,,,Andhra Pradesh,1-Primary,33-MPP_ZPP SCHOOLS,1 To 5,3-Co-educational,1-Rural,Mantralayam,Malapalle,,,MALAPALLE MALAPALLE MALAPALLE(VILLAGE) MANTRALAYAM(MANDAL) KURNOOL(DIST),518349,mppsmainmalapalli[at]gmail[dot]com,https://kys.udiseplus.gov.in/#/schooldetail/4697716/12,4697716,03/03/2023 13:30,2725
******00401 Operational,,MPPS MALLAPURAM,,,,Andhra Pradesh,1-Primary,33-MPP_ZPP SCHOOLS,1 To 5,3-Co-educational,1-Rural,Gudur,Mallapuram,,,MALLAPURAM (VILLAGE) GUDUR(MANDAL) KURNOOL(DIST),518466,meo.gudur[at]gmail[dot]com,https://kys.udiseplus.gov.in/#/schooldetail/4697841/12,4697841,11/05/2022 11:24,2725
******00201 Operational,,MPPS MALLEAPLLE,,,,Andhra Pradesh,1-Primary,33-MPP_ZPP SCHOOLS,1 To 5,3-Co-educational,1-Rural,Veldurthi,Mallepalle,,,MALLEPALLE MALLEPALLE MALLEPALLE(VILLAGE) VELDURTI(MANDAL) KURNOOL(DIST),518216,,https://kys.udiseplus.gov.in/#/schooldetail/4700052/12,4700052,11/09/2024 10:58,2725
******01901 Operational,,MPPS MALLIKARJUNAPALLI,,,,Andhra Pradesh,1-Primary,33-MPP_ZPP SCHOOLS,1 To 5,3-Co-educational,1-Rural,Halaharvi,Mallikarjuna Halli,,,MALLIKARJUNAPALLI MALLIKARJUNAPALLI MALLIKARJUNAHALLI(VILLAGE) HALAHARVI(MANDAL) KURNOOL(DIST),518348,mpupsmkpalli[at]gmail[dot]com,https://kys.udiseplus.gov.in/#/schooldetail/4702003/12,4702003,20/06/2025 17:09,2725
******00501 Operational,,MPPS(M) AMADAGUNTLA,,,,Andhra Pradesh,1-Primary,33-MPP_ZPP SCHOOLS,1 To 5,3-Co-educational,1-Rural,Kodumur,Amadaguntla,,,AMADAGUNTLA KODUMUR AMADAGUNTLA(VILLAGE) KODUMUR(MANDAL) KURNOOL(DIST),518464,mppsmainamadaguntla2[at]gmail[dot]com,https://kys.udiseplus.gov.in/#/schooldetail/4699147/12,4699147,10/05/2022 11:23,2725
******01010 Operational,,MPPS MAMIDALAPADU,,,,Andhra Pradesh,1-Primary,33-MPP_ZPP SCHOOLS,1 To 2,3-Co-educational,2-Urban,NA,,Kurnool Ward No. 38,Kurnool-Municipal Corporations,MAMIDALAPADU KURNOOL MAMIDALAPADU(VILLAGE) KURNOOL(MANDAL) KURNOOL(DIST),518004,mppsmamidalapadu[at]gmail[dot]com,https://kys.udiseplus.gov.in/#/schooldetail/4697928/12,4697928,05/01/2026 15:46,2725
******00704 Operational,,MPPS MAMILLAKUNTLA,,,,Andhra Pradesh,1-Primary,33-MPP_ZPP SCHOOLS,1 To 5,3-Co-educational,1-Rural,Tuggali,Tuggali,,,MAMILLAKUNTA MAMILLAKUNTA TUGGALI(VILLAGE) TUGGALI(MANDAL) KURNOOL(DIST),518390,mamillakunta704[at]gmail[dot]com,https://kys.udiseplus.gov.in/#/schooldetail/4701777/12,4701777,15/10/2020 12:18,2725
******03905 Operational,,MPPS MANDAGIRI,,,,Andhra Pradesh,1-Primary,33-MPP_ZPP SCHOOLS,1 To 5,3-Co-educational,1-Rural,Adoni,Mandagiri (Rural),,,RAJIV GANDHI NAGAR RAJIV GANDHI NAGAR MANDAGIRI(VILLAGE) ADONI(MANDAL) KURNOOL(DIST),518302,bandarimahadevappa1970[at]gmail[dot]com,https://kys.udiseplus.gov.in/#/schooldetail/4699547/12,4699547,15/10/2020 12:18,2725
******00702 Operational,,MPPS MANDRO PETA PATTIKONDA,,,,Andhra Pradesh,1-Primary,33-MPP_ZPP SCHOOLS,1 To 5,3-Co-educational,1-Rural,Pattikonda,Pattikonda,,,MANROPETA PATHIKONDA PATTIKONDA(VILLAGE) PATHIKONDA(MANDAL) KURNOOL(DIST),518380,jilanipmahammad[at]gmail[dot]com,https://kys.udiseplus.gov.in/#/schooldetail/4701849/12,4701849,31/05/2022 12:30,2725
******01203 Operational,,MPPS MANGAMPALLI,,,,Andhra Pradesh,1-Primary,33-MPP_ZPP SCHOOLS,1 To 5,3-Co-educational,1-Rural,Veldurthi,Sudepalle,,,MANGAMPALLI MANGAMPALLI SUDEPALLE(VILLAGE) VELDURTI(MANDAL) KURNOOL(DIST),518216,meo.veldurthy29[at]gmail[dot]com,https://kys.udiseplus.gov.in/#/schooldetail/4700099/12,4700099,15/10/2020 12:18,2725
******00501 Operational,,MPPS MANIKURTHI,,,,Andhra Pradesh,1-Primary,33-MPP_ZPP SCHOOLS,1 To 5,3-Co-educational,1-Rural,Alur,Manikurthi,,,MANIKURTHI MANIKURTHI MANIKURTHI(VILLAGE) ALUR(MANDAL) KURNOOL(DIST),518302,vinny9441588351[at]gmail[dot]com,https://kys.udiseplus.gov.in/#/schooldetail/4699800/12,4699800,22/12/2025 12:41,2725
******00101 Operational,,MPPS MANNEKUNTA,,,,Andhra Pradesh,1-Primary,33-MPP_ZPP SCHOOLS,1 To 5,3-Co-educational,1-Rural,Krishnagiri,Mannegunta,,,MANNEKUNTA MANNEKUNTA MANNEGUNTA(VILLAGE) KRISHNAGIRI(MANDAL) KURNOOL(DIST),518225,meo.krishnagiri28[at]gmail[dot]com,https://kys.udiseplus.gov.in/#/schooldetail/4700003/12,4700003,05/12/2023 09:35,2725
******01801 Operational,,MPPS MANTRIKI,,,,Andhra Pradesh,1-Primary,33-MPP_ZPP SCHOOLS,1 To 5,3-Co-educational,1-Rural,Adoni,Mantriki,,,MANTRIKI MANTRIKI MANTRIKI(VILLAGE) ADONI(MANDAL) KURNOOL(DIST),518323,,https://kys.udiseplus.gov.in/#/schooldetail/4699494/12,4699494,13/01/2023 15:19,2725
******01201 Operational,,MPPS MARAKATTU,,,,Andhra Pradesh,1-Primary,33-MPP_ZPP SCHOOLS,1 To 5,3-Co-educational,1-Rural,Alur,Marakattu,,,MARAKATTU MARAKATTU MARAKATTU(VILLAGE) ALUR(MANDAL) KURNOOL(DIST),518395,dmaddiletybabu82[at]gmail[dot]com,https://kys.udiseplus.gov.in/#/schooldetail/4699809/12,4699809,22/12/2025 12:56,2725
******00501 Operational,,MPPS MARALI,,,,Andhra Pradesh,1-Primary,33-MPP_ZPP SCHOOLS,1 To 5,3-Co-educational,1-Rural,Kowthalam,Marali,,,MARALI (VILLAGE) KOWTHALAM(MANDAL) KURNOOL(DIST),518333,,https://kys.udiseplus.gov.in/#/schooldetail/4697534/12,4697534,11/12/2023 17:54,2725
******00704 Operational,,MPPS MARAMDODDI,,,,Andhra Pradesh,1-Primary,33-MPP_ZPP SCHOOLS,1 To 5,3-Co-educational,1-Rural,C.Belagal,Brahmanadoddi,,,MARAMDODDI MARAMDODDI BRAHMANADODDI(VILLAGE) C.BELAGAL(MANDAL) KURNOOL(DIST),518462,mppsmaramdoddi704[at]gmail[dot]com,https://kys.udiseplus.gov.in/#/schooldetail/4697811/12,4697811,17/09/2024 11:12,2725
******01301 Operational,,MPPS MARLAMADIKI,,,,Andhra Pradesh,1-Primary,33-MPP_ZPP SCHOOLS,1 To 5,3-Co-educational,1-Rural,Holagunda,Marlamadiki,,,BC COLONY MARLAMADIKI MARLAMADIKI(VILLAGE) HOLAGUNDA(MANDAL) KURNOOL(DIST),518346,meo.holagunda1324[at]gmail[dot]com,https://kys.udiseplus.gov.in/#/schooldetail/4699777/12,4699777,12/08/2024 22:01,2725
******01001 Operational,,MPPS MASAMASEEDU,,,,Andhra Pradesh,1-Primary,33-MPP_ZPP SCHOOLS,1 To 2,3-Co-educational,2-Urban,NA,,Kurnool Ward No. 39,Kurnool-Municipal Corporations,MASAMASEEDU MAMIDALAPADU MAMIDALAPADU(VILLAGE) KURNOOL(MANDAL) KURNOOL(DIST),518004,mppsmasamaseedu1001[at]gmail[dot]com,https://kys.udiseplus.gov.in/#/schooldetail/4697921/12,4697921,05/01/2026 15:27,2725
******01602 Operational,,MPPS MASEEDPURAM,,,,Andhra Pradesh,1-Primary,33-MPP_ZPP SCHOOLS,1 To 5,3-Co-educational,1-Rural,Yemmiganur,Kandanathi,,,MASEEDPURAM KANDANATHI KANDANATHI(VILLAGE) YEMMIGANUR(MANDAL) KURNOOL(DIST),518350,mppsmaseedpuram[at]gmail[dot]com,https://kys.udiseplus.gov.in/#/schooldetail/4699325/12,4699325,24/06/2021 22:33,2725
******01901 Operational,,MPPS(M) ASPARI,,,,Andhra Pradesh,1-Primary,33-MPP_ZPP SCHOOLS,1 To 5,3-Co-educational,1-Rural,Aspari,Aspari,,,ASPARI ASPARI ASPARI(VILLAGE) ASPARI(MANDAL) KURNOOL(DIST),518347,meoaspari[at]gmail[dot]com,https://kys.udiseplus.gov.in/#/schooldetail/4699904/12,4699904,21/12/2025 11:55,2725
******01501 Operational,,MPPS(M) BALLEKAL,,,,Andhra Pradesh,1-Primary,33-MPP_ZPP SCHOOLS,1 To 5,3-Co-educational,1-Rural,Adoni,Billekallu,,,BALLEKAL BALLEKAL BILLEKALLU(VILLAGE) ADONI(MANDAL) KURNOOL(DIST),518344,,https://kys.udiseplus.gov.in/#/schooldetail/4698428/12,4698428,15/10/2020 12:18,2725
******01101 Operational,,MPPS(M) CHERUKULAPADU,,,,Andhra Pradesh,1-Primary,33-MPP_ZPP SCHOOLS,1 To 5,3-Co-educational,1-Rural,Veldurthi,Cherukulapadu,,,CHERUKULAPADU CHERUKULAPADU CHERUKULAPADU(VILLAGE) VELDURTI(MANDAL) KURNOOL(DIST),518216,,https://kys.udiseplus.gov.in/#/schooldetail/4698997/12,4698997,15/10/2020 12:18,2725
******01801 Operational,,MPPS(M) CHINNAHOTUR,,,,Andhra Pradesh,1-Primary,33-MPP_ZPP SCHOOLS,1 To 5,3-Co-educational,1-Rural,Aspari,Chinnahothur,,,CHINNAHOTHUR CHINNAHOTHUR CHINNAHOTHUR(VILLAGE) ASPARI(MANDAL) KURNOOL(DIST),518395,venkateswarlumaddi596[at]gmail[dot]com,https://kys.udiseplus.gov.in/#/schooldetail/4699901/12,4699901,21/12/2025 13:01,2725
******01201 Operational,,MPPS(M) CHIPPAGIRI,,,,Andhra Pradesh,1-Primary,33-MPP_ZPP SCHOOLS,1 To 5,3-Co-educational,1-Rural,Chippagiri,Chippagiri,,,CHIPPAGIRI CHIPPAGIRI CHIPPAGIRI(VILLAGE) CHIPPAGIRI(MANDAL) KURNOOL(DIST),518396,dhanu101985[at]gmail[dot]comil[dot]com,https://kys.udiseplus.gov.in/#/schooldetail/4701962/12,4701962,11/03/2024 19:34,2725
******01201 Operational,,MPPS(M) DEVANAKONDA,,,,Andhra Pradesh,1-Primary,33-MPP_ZPP SCHOOLS,1 To 5,3-Co-educational,1-Rural,Devanakonda,Devanakonda,,,MAIN BAZAR DEVANAKONDA DEVANAKONDA(VILLAGE) DEVANAKONDA(MANDAL) KURNOOL(DIST),518465,darvesh.biw[at]gmail[dot]com,https://kys.udiseplus.gov.in/#/schooldetail/4699967/12,4699967,23/12/2025 18:34,2725
******01601 Operational,,MPPS MEDEHAL,,,,Andhra Pradesh,1-Primary,33-MPP_ZPP SCHOOLS,1 To 5,3-Co-educational,1-Rural,Halaharvi,Medehal,,,MEDEHAL MEDEHAL MEDEHAL(VILLAGE) HALAHARVI(MANDAL) KURNOOL(DIST),518348,mppsmedehal[at]gmail[dot]com,https://kys.udiseplus.gov.in/#/schooldetail/4701997/12,4701997,15/10/2020 12:18,2725
******01201 Operational,,MPPS MEEDIVEMULA,,,,Andhra Pradesh,1-Primary,33-MPP_ZPP SCHOOLS,1 To 5,3-Co-educational,1-Rural,Orvakal,Meedivemula,,,MEEDIVEMULA MEEDIVEMULA MEEDIVEMULA(VILLAGE) ORVAKAL(MANDAL) KURNOOL(DIST),518002,mppsmeedivemula[at]gmail[dot]com,https://kys.udiseplus.gov.in/#/schooldetail/4698839/12,4698839,15/10/2020 12:18,2725
******00105 Operational,,MPPS MERUGUDODDI,,,,Andhra Pradesh,1-Primary,33-MPP_ZPP SCHOOLS,1 To 5,3-Co-educational,1-Rural,Kodumur,Pulakurthy,,,MERUGUDODDI PULAKURTHY PULAKURTHY(VILLAGE) KODUMUR(MANDAL) KURNOOL(DIST),518462,nagamaddiletyk[at]gmail[dot]com,https://kys.udiseplus.gov.in/#/schooldetail/4699089/12,4699089,19/12/2025 12:26,2725
******91009 Operational,,MPPS(MGM-U) 16TH WARD,,,,Andhra Pradesh,1-Primary,33-MPP_ZPP SCHOOLS,1 To 5,3-Co-educational,2-Urban,NA,,Yemmiganur (M) - Ward No.16,Yemmiganur-Municipality,16th WARD YEMMIGANUR YEMMIGANUR(M)(VILLAGE) YEMMIGANUR(MANDAL) KURNOOL(DIST),518360,,https://kys.udiseplus.gov.in/#/schooldetail/4699349/12,4699349,15/10/2020 12:18,2725
******90401 Operational,,MPPS M.G.NAGAR,,,,Andhra Pradesh,1-Primary,33-MPP_ZPP SCHOOLS,1 To 5,3-Co-educational,2-Urban,NA,,Kurnool Ward No. 33,Kurnool-Municipal Corporations,KALLUR ( M.GANDHI NAGAR KALLUR(VILLAGE) KALLUR(MANDAL) KURNOOL(DIST),518002,bhaskermsetty70[at]gmail[dot]com,https://kys.udiseplus.gov.in/#/schooldetail/4712505/12,4712505,23/12/2025 13:12,2725
******00505 Operational,,MPPS(M) GONEGANDLA,,,,Andhra Pradesh,1-Primary,33-MPP_ZPP SCHOOLS,1 To 5,3-Co-educational,1-Rural,Gonegandla,Gonegandla,,,MAIN BAZAR GONEGANDLA(VILLAGE) GONEGANDLA(MANDAL) KURNOOL(DIST),518463,mppsmain.gonegandla[at]gmail[dot]com,https://kys.udiseplus.gov.in/#/schooldetail/4699188/12,4699188,12/02/2026 10:47,2725
******01401 Operational,,MPPS(M) GOVARDHANAGIRI,,,,Andhra Pradesh,1-Primary,33-MPP_ZPP SCHOOLS,1 To 5,3-Co-educational,1-Rural,Veldurthi,Govardhanagiri,,,GOVARDHANAGIRI GOVARDHANAGIRI GOVARDHANAGIRI(VILLAGE) VELDURTI(MANDAL) KURNOOL(DIST),518216,meo.veldurthy[at]gmail[dot]com,https://kys.udiseplus.gov.in/#/schooldetail/4700107/12,4700107,29/12/2022 16:03,2725
******01211 Operational,,MPPS MIDDETHANDA,,,,Andhra Pradesh,1-Primary,33-MPP_ZPP SCHOOLS,1 To 5,3-Co-educational,1-Rural,Tuggali,Gooty Erragudi,,,MIDDETHANDA MIDDETHANDA GOOTY ERRAGUDI(VILLAGE) TUGGALI(MANDAL) KURNOOL(DIST),518390,gchandrasekhar34[at]gmail[dot]com,https://kys.udiseplus.gov.in/#/schooldetail/4701826/12,4701826,15/10/2020 12:18,2725
******91015 Operational,,MPPS MILTARY COLONY,,,,Andhra Pradesh,1-Primary,33-MPP_ZPP SCHOOLS,1 To 5,3-Co-educational,2-Urban,NA,,Yemmiganur Ward No. 27,Yemmiganur-Municipality,MILTARY COLONY YEMMIGANUR YEMMIGANUR(M)(VILLAGE) YEMMIGANUR(MANDAL) KURNOOL(DIST),518360,,https://kys.udiseplus.gov.in/#/schooldetail/4699355/12,4699355,15/10/2020 12:18,2725
******01401 Operational,,MPPS MITTASOMPAURAM,,,,Andhra Pradesh,1-Primary,33-MPP_ZPP SCHOOLS,1 To 5,3-Co-educational,1-Rural,Nandavaram,Mittasompuram,,,MITTASOMPURAM MITTASOMPURAM MITTASOMPURAM(VILLAGE) NANDAVARAM(MANDAL) KURNOOL(DIST),518343,mppsmittasomapuram[at]gmail[dot]com,https://kys.udiseplus.gov.in/#/schooldetail/4697762/12,4697762,11/03/2024 21:58,2725
******02001 Operational,,MPPS(M) JOHARAPURAM,,,,Andhra Pradesh,1-Primary,33-MPP_ZPP SCHOOLS,1 To 5,3-Co-educational,1-Rural,Aspari,Joharapuram,,,JOHARAPURAM JOHARAPURAM JOHARAPURAM(VILLAGE) ASPARI(MANDAL) KURNOOL(DIST),518347,meoaspari[at]gmail[dot]com,https://kys.udiseplus.gov.in/#/schooldetail/4699915/12,4699915,21/12/2025 13:02,2725
******00501 Operational,,MPPS(M) KALUGOTLA,,,,Andhra Pradesh,1-Primary,33-MPP_ZPP SCHOOLS,1 To 5,3-Co-educational,1-Rural,Veldurthi,Kalugotla,,,KALUGOTLA KALUGOTLA KALUGOTLA(VILLAGE) VELDURTI(MANDAL) KURNOOL(DIST),518217,meo.veldurthy[at]gmail[dot]com,https://kys.udiseplus.gov.in/#/schooldetail/4700061/12,4700061,15/10/2020 12:18,2725
******00301 Operational,,MPPS(M) KARUMANCHI,,,,Andhra Pradesh,1-Primary,33-MPP_ZPP SCHOOLS,1 To 5,3-Co-educational,1-Rural,Aspari,Karumanchi,,,KARUMANCHI KARUMANCHI KARUMANCHI(VILLAGE) ASPARI(MANDAL) KURNOOL(DIST),518350,meo.aspari[at]gmail[dot]com,https://kys.udiseplus.gov.in/#/schooldetail/4699865/12,4699865,21/12/2025 13:03,2725
******00603 Operational,,MPPS(M) KHYRAWADI,,,,Andhra Pradesh,1-Primary,33-MPP_ZPP SCHOOLS,1 To 5,3-Co-educational,1-Rural,Gonegandla,Handri Khairawadi,,,YEMMIGANUR ROAD HANDRI KHAIRAWADI(VILLAGE) GONEGANDLA(MANDAL) KURNOOL(DIST),518463,mppsmain.khyrawadi[at]gmail[dot]com,https://kys.udiseplus.gov.in/#/schooldetail/4699203/12,4699203,12/02/2026 11:59,2725
******01503 Operational,,MPPS M.K.KOTTALA,,,,Andhra Pradesh,1-Primary,33-MPP_ZPP SCHOOLS,1 To 5,3-Co-educational,1-Rural,Devanakonda,Gundlakonda,,,M K KOTTALA M K KOTTALA GUNDLAKONDA(VILLAGE) DEVANAKONDA(MANDAL) KURNOOL(DIST),518465,mppsmkkottala[at]gmail[dot]com,https://kys.udiseplus.gov.in/#/schooldetail/4699991/12,4699991,23/12/2025 18:11,2725
******01806 Operational,,MPPS M.KOTTALAL,,,,Andhra Pradesh,1-Primary,33-MPP_ZPP SCHOOLS,1 To 5,3-Co-educational,1-Rural,Alur,Molagavalli,,,M KOTTALA M KOTTALA MOLAGAVALLI(VILLAGE) ALUR(MANDAL) KURNOOL(DIST),518395,seshu2120[at]gmail[dot]com,https://kys.udiseplus.gov.in/#/schooldetail/4699854/12,4699854,22/12/2025 13:10,2725
******00701 Operational,,MPPS(M) LADDAGIRI,,,,Andhra Pradesh,1-Primary,33-MPP_ZPP SCHOOLS,1 To 5,3-Co-educational,1-Rural,Kodumur,Laddagiri,,,LADDAGIRI(VILLAGE) KODUMUR(MANDAL) KURNOOL(DIST),518467,mppsmladdagiri701[at]gmail[dot]com,https://kys.udiseplus.gov.in/#/schooldetail/4699152/12,4699152,09/12/2023 14:40,2725
******00703 Operational,,MPPS(M) MADHAVARAM,,,,Andhra Pradesh,1-Primary,33-MPP_ZPP SCHOOLS,1 To 5,3-Co-educational,1-Rural,Mantralayam,Madhavaram,,,MADHAVARAM MANTRALAYAM MADHAVARAM(VILLAGE) MANTRALAYAM(MANDAL) KURNOOL(DIST),518349,miriyalaramaswapna[at]gmail[dot]com,https://kys.udiseplus.gov.in/#/schooldetail/4697676/12,4697676,15/10/2020 12:18,2725
******01805 Operational,,MPPS(M) MOLAGAVALLI,,,,Andhra Pradesh,1-Primary,33-MPP_ZPP SCHOOLS,1 To 5,3-Co-educational,1-Rural,Alur,Molagavalli,,,MOLAGAVALLI MOLAGAVALLI MOLAGAVALLI(VILLAGE) ALUR(MANDAL) KURNOOL(DIST),518395,ramanjibandapalli[at]gmail[dot]com,https://kys.udiseplus.gov.in/#/schooldetail/4699853/12,4699853,22/12/2025 13:10,2725
******01301 Operational,,MPPS(M) NAGARUR,,,,Andhra Pradesh,1-Primary,33-MPP_ZPP SCHOOLS,1 To 5,3-Co-educational,1-Rural,Aspari,Nagarur,,,NAGARUR NAGARUR NAGARUR(VILLAGE) ASPARI(MANDAL) KURNOOL(DIST),518347,meoaspari[at]gmail[dot]com,https://kys.udiseplus.gov.in/#/schooldetail/4699893/12,4699893,21/12/2025 13:04,2725
******00403 Operational,,MPPS(M) NEMAKAL,,,,Andhra Pradesh,1-Primary,33-MPP_ZPP SCHOOLS,1 To 5,3-Co-educational,1-Rural,Chippagiri,Nemakal,,,NEMAKAL (VILLAGE) CHIPPAGIRI(MANDAL) KURNOOL(DIST),518396,ravurubhaskar9[at]gmail[dot]com,https://kys.udiseplus.gov.in/#/schooldetail/4701946/12,4701946,08/05/2022 09:38,2725
******00401 Operational,,MPPS MOOGALADODDI,,,,Andhra Pradesh,1-Primary,33-MPP_ZPP SCHOOLS,1 To 5,3-Co-educational,1-Rural,Kosigi,Moogaladoddi,,,MOOGALADODDI(VILLAGE) KOSIGI(MANDAL) KURNOOL(DIST),518313,veerareddy443[at]gmail[dot]com,https://kys.udiseplus.gov.in/#/schooldetail/4697608/12,4697608,20/12/2025 19:08,2725
******01103 Operational,,MPPS(M) PEDDA KADUBUR,,,,Andhra Pradesh,1-Primary,33-MPP_ZPP SCHOOLS,1 To 5,3-Co-educational,1-Rural,Peddakadabur,Pedda Kadubur,,,PEDDA KADUBUR PEDDAKADUBUR PEDDA KADUBUR(VILLAGE) PEDDAKADUBUR(MANDAL) KURNOOL(DIST),518323,eresharajukanike[at]gmail[dot]com,https://kys.udiseplus.gov.in/#/schooldetail/4699433/12,4699433,20/12/2025 13:21,2725
******00601 Operational,,MPPS(M) P.KOTAKONDA,,,,Andhra Pradesh,1-Primary,33-MPP_ZPP SCHOOLS,1 To 5,3-Co-educational,1-Rural,Devanakonda,P.Kotakonda,,,MAIN BAZAR P.KOTAKONDA P.KOTAKONDA(VILLAGE) DEVANAKONDA(MANDAL) KURNOOL(DIST),518225,mppsmainpkotakonda[at]gmail[dot]com,https://kys.udiseplus.gov.in/#/schooldetail/4699943/12,4699943,23/12/2025 18:36,2725
******00304 Operational,,MPPS(M) P.NELATUR,,,,Andhra Pradesh,1-Primary,33-MPP_ZPP SCHOOLS,1 To 5,3-Co-educational,1-Rural,Gonegandla,Pedda Nelatur,,,PEDDA NELATUR GONEGANDLA PEDDA NELATUR(VILLAGE) GONEGANDLA(MANDAL) KURNOOL(DIST),518463,mppsmain.peddanelatur[at]gmail[dot]com,https://kys.udiseplus.gov.in/#/schooldetail/4699179/12,4699179,12/02/2026 10:43,2725
******00101 Operational,,MPPS(M) PULAKURTHY,,,,Andhra Pradesh,1-Primary,33-MPP_ZPP SCHOOLS,1 To 5,3-Co-educational,1-Rural,Kodumur,Pulakurthy,,,PULAKURTHY PULAKURTHY PULAKURTHY(VILLAGE) KODUMUR(MANDAL) KURNOOL(DIST),518462,meo.kodumur19[at]gmail[dot]com,https://kys.udiseplus.gov.in/#/schooldetail/4698058/12,4698058,19/12/2025 12:25,2725
******00201 Operational,,MPPS(M) RAMADURGAM,,,,Andhra Pradesh,1-Primary,33-MPP_ZPP SCHOOLS,1 To 5,3-Co-educational,1-Rural,Chippagiri,Ramadurgam,,,RAMADURGAM RAMADURGAM RAMADURGAM(VILLAGE) CHIPPAGIRI(MANDAL) KURNOOL(DIST),518396,biribalagopal[at]gmail[dot]com,https://kys.udiseplus.gov.in/#/schooldetail/4701939/12,4701939,03/03/2024 14:54,2725
******00301 Operational,,MPPS(M) RAMALlAKOTA,,,,Andhra Pradesh,1-Primary,33-MPP_ZPP SCHOOLS,1 To 5,3-Co-educational,1-Rural,Veldurthi,Ramallakota,,,RAMALLAKOTA RAMALLAKOTA RAMALLAKOTA(VILLAGE) VELDURTI(MANDAL) KURNOOL(DIST),518217,rajikistanna[at]gmail[dot]com,https://kys.udiseplus.gov.in/#/schooldetail/4700055/12,4700055,29/12/2022 16:03,2725
******00201 Operational,,MPPS(M) REMATA,,,,Andhra Pradesh,1-Primary,33-MPP_ZPP SCHOOLS,1 To 5,3-Co-educational,1-Rural,Kurnool,Remata,,,REMATA KURNOOL REMATA(VILLAGE) KURNOOL(MANDAL) KURNOOL(DIST),518466,,https://kys.udiseplus.gov.in/#/schooldetail/4697888/12,4697888,26/12/2025 12:05,2725
******91003 Operational,,MPPS MS NAGAR,,,,Andhra Pradesh,1-Primary,33-MPP_ZPP SCHOOLS,1 To 5,3-Co-educational,2-Urban,NA,,Yemmiganur Ward No. 28,Yemmiganur-Municipality,MS NAGAR YEMMIGANUR YEMMIGANUR(M)(VILLAGE) YEMMIGANUR(MANDAL) KURNOOL(DIST),518360,mandalschool018[at]gmail[dot]com,https://kys.udiseplus.gov.in/#/schooldetail/4699343/12,4699343,15/10/2020 12:18,2725
******01201 Operational,,MPPS M.THANDA,,,,Andhra Pradesh,1-Primary,33-MPP_ZPP SCHOOLS,1 To 5,3-Co-educational,1-Rural,Tuggali,Gooty Erragudi,,,MEETE THANDA MEETE THANDA GOOTY ERRAGUDI(VILLAGE) TUGGALI(MANDAL) KURNOOL(DIST),518390,doti.rameshbabu[at]gmail[dot]com,https://kys.udiseplus.gov.in/#/schooldetail/4701816/12,4701816,15/10/2020 12:18,2725
******00701 Operational,,MPPS M.THANDA,,,,Andhra Pradesh,1-Primary,33-MPP_ZPP SCHOOLS,1 To 5,3-Co-educational,1-Rural,Mantralayam,Madhavaram,,,M.THANDA MANTRALAYAM MADHAVARAM(VILLAGE) MANTRALAYAM(MANDAL) KURNOOL(DIST),518349,,https://kys.udiseplus.gov.in/#/schooldetail/4697674/12,4697674,15/10/2020 12:18,2725
******01301 Operational,,MPPS MUCHIGERI,,,,Andhra Pradesh,1-Primary,33-MPP_ZPP SCHOOLS,1 To 5,3-Co-educational,1-Rural,Peddakadabur,Muchigeri,,,MUCHIGIRI(VILLAGE) PEDDAKADUBUR(MANDAL) KURNOOL(DIST),518323,mppsmuchigiri[at]gmail[dot]com,https://kys.udiseplus.gov.in/#/schooldetail/4699447/12,4699447,20/12/2025 13:17,2725
******01401 Operational,,MPPS MUDDATAMAGI,,,,Andhra Pradesh,1-Primary,33-MPP_ZPP SCHOOLS,1 To 5,3-Co-educational,1-Rural,Holagunda,Muddatamagi,,,MUDDATAMAGI MUDDATAMAGI MUDDATAMAGI(VILLAGE) HOLAGUNDA(MANDAL) KURNOOL(DIST),518346,meo.holagunda1324[at]gmail[dot]com,https://kys.udiseplus.gov.in/#/schooldetail/4699778/12,4699778,15/10/2020 12:18,2725
******01001 Operational,,MPPS MUDUMULAGURTHY,,,,Andhra Pradesh,1-Primary,33-MPP_ZPP SCHOOLS,1 To 5,3-Co-educational,1-Rural,Kodumur,Mudumalagurthy,,,MUDUMALAGURTHY KODUMUR MUDUMALAGURTHY(VILLAGE) KODUMUR(MANDAL) KURNOOL(DIST),518464,meo.kodumur19[at]gmail[dot]com,https://kys.udiseplus.gov.in/#/schooldetail/4699166/12,4699166,22/07/2024 13:15,2725
******01601 Operational,,MPPS MUGAMANAGUDI,,,,Andhra Pradesh,1-Primary,33-MPP_ZPP SCHOOLS,1 To 5,3-Co-educational,1-Rural,Holagunda,Mugumangondi,,,MUGAMANAGUNDI MUGAMANAGUNDI MUGUMANGONDI(VILLAGE) HOLAGUNDA(MANDAL) KURNOOL(DIST),518346,meo.holagunda1324[at]gmail[dot]com,https://kys.udiseplus.gov.in/#/schooldetail/4650279/12,4650279,15/10/2020 12:18,2725
******01903 Operational,,MPPS MUGATHI,,,,Andhra Pradesh,1-Primary,33-MPP_ZPP SCHOOLS,1 To 5,3-Co-educational,1-Rural,Nandavaram,Muguthi,,,MUGUTHI MUGUTHI MUGUTHI(VILLAGE) NANDAVARAM(MANDAL) KURNOOL(DIST),518360,mppsmugathi[at]gmail[dot]com,https://kys.udiseplus.gov.in/#/schooldetail/4697781/12,4697781,19/12/2025 16:26,2725
******91016 Operational,,MPPS MUGATHI PETA,,,,Andhra Pradesh,1-Primary,33-MPP_ZPP SCHOOLS,1 To 5,3-Co-educational,2-Urban,NA,,Yemmiganur (M) - Ward No.3,Yemmiganur-Municipality,MUGTHIPETA YEMMIGANUR YEMMIGANUR(M)(VILLAGE) YEMMIGANUR(MANDAL) KURNOOL(DIST),518360,mppsmugathipeta2821[at]gmail[dot]com,https://kys.udiseplus.gov.in/#/schooldetail/4699356/12,4699356,15/10/2020 12:18,2725
******00203 Operational,,MPPS MULUGUNDAM,,,,Andhra Pradesh,1-Primary,33-MPP_ZPP SCHOOLS,1 To 5,3-Co-educational,1-Rural,Aspari,Mulugundam,,,MULUGUNDAM MULUGUNDAM MULUGUNDAM(VILLAGE) ASPARI(MANDAL) KURNOOL(DIST),518350,ramadevi85055[at]gmail[dot]com,https://kys.udiseplus.gov.in/#/schooldetail/4699863/12,4699863,21/12/2025 12:46,2725
******00902 Operational,,MPPS MUNAGALAPADU,,,,Andhra Pradesh,1-Primary,33-MPP_ZPP SCHOOLS,1 To 5,3-Co-educational,2-Urban,NA,,Kurnool Ward No. 38,Kurnool-Municipal Corporations,MUNAGALAPADU(VILLAGE) KURNOOL(MANDAL) KURNOOL(DIST),518004,mppsmunagalapadu[at]gmail[dot]com,https://kys.udiseplus.gov.in/#/schooldetail/4696816/12,4696816,25/10/2024 19:43,2725
******00302 Operational,,MPPS MUNUGALA,,,,Andhra Pradesh,1-Primary,33-MPP_ZPP SCHOOLS,1 To 5,3-Co-educational,1-Rural,Gudur,Munagala,,,MUNUGALA (VILLAGE) GUDUR(MANDAL) KURNOOL(DIST),518466,meo.gudur[at]gmail[dot]com,https://kys.udiseplus.gov.in/#/schooldetail/4697802/12,4697802,03/03/2024 14:56,2725
******91017 Operational,,MPPS MUSLIM BARIAL AREA,,,,Andhra Pradesh,1-Primary,33-MPP_ZPP SCHOOLS,1 To 5,3-Co-educational,2-Urban,NA,,Yemmiganur Ward No. 33,Yemmiganur-Municipality,MUSLIM BURRIAL AREA YEMMIGANUR YEMMIGANUR(M)(VILLAGE) YEMMIGANUR(MANDAL) KURNOOL(DIST),518360,gosubalusubbareddy[at]gmail[dot]com,https://kys.udiseplus.gov.in/#/schooldetail/4699357/12,4699357,11/09/2024 10:33,2725
******00602 Operational,,MPPS MUTHKUR,,,,Andhra Pradesh,1-Primary,33-MPP_ZPP SCHOOLS,1 To 5,3-Co-educational,1-Rural,Aspari,Muthkur,,,MUTHKUR MUTHKUR MUTHKUR(VILLAGE) ASPARI(MANDAL) KURNOOL(DIST),518347,meoaspari[at]gmail[dot]com,https://kys.udiseplus.gov.in/#/schooldetail/4699875/12,4699875,21/12/2025 13:11,2725
******90477 Operational,,MPPS MUZAFFAR NAGAR,,,,Andhra Pradesh,1-Primary,33-MPP_ZPP SCHOOLS,1 To 5,3-Co-educational,2-Urban,NA,,Kurnool Ward No. 32,Kurnool-Municipal Corporations,MUZAFAR NAGAR KALLUR ESTATE KALLUR(VILLAGE) KALLUR(MANDAL) KURNOOL(DIST),518002,bven**1[at]gmail[dot]com,https://kys.udiseplus.gov.in/#/schooldetail/4699013/12,4699013,24/12/2025 07:23,2725
******00203 Operational,,MPPS(M) VARKUR,,,,Andhra Pradesh,1-Primary,33-MPP_ZPP SCHOOLS,1 To 5,3-Co-educational,1-Rural,Kodumur,Varkur,,,VARKUR KODUMUR VARKUR(VILLAGE) KODUMUR(MANDAL) KURNOOL(DIST),518464,mppsmainvalkur[at]gmail[dot]com,https://kys.udiseplus.gov.in/#/schooldetail/4699093/12,4699093,19/12/2025 12:27,2725
******01001 Operational,,MPPS(M) VELDURTHY,,,,Andhra Pradesh,1-Primary,33-MPP_ZPP SCHOOLS,1 To 5,3-Co-educational,1-Rural,Veldurthi,Veldurthi,,,KOLAMABAVI STREET VELDURTHY VELDURTHI(VILLAGE) VELDURTI(MANDAL) KURNOOL(DIST),518216,,https://kys.udiseplus.gov.in/#/schooldetail/4700075/12,4700075,15/10/2020 12:18,2725
******04601 Operational,,MPPS(M) VIRUPAPURAM,,,,Andhra Pradesh,1-Primary,33-MPP_ZPP SCHOOLS,1 To 2,3-Co-educational,1-Rural,Adoni,Virupapuram,,,VIRUPAPURAM VIRUPAPURAM VIRUPAPURAM(VILLAGE) ADONI(MANDAL) KURNOOL(DIST),518343,mppsmvirupapuram[at]gmail[dot]com,https://kys.udiseplus.gov.in/#/schooldetail/4699570/12,4699570,13/11/2025 12:03,2725
******01102 Operational,,MPPS M.V KOTTALA,,,,Andhra Pradesh,1-Primary,33-MPP_ZPP SCHOOLS,1 To 5,3-Co-educational,1-Rural,Tuggali,Jonnagiri,,,M.V.KOTTALA M.V.KOTTALA JONNAGIRI(VILLAGE) TUGGALI(MANDAL) KURNOOL(DIST),518390,tuggalimrc2021[at]gmail[dot]com,https://kys.udiseplus.gov.in/#/schooldetail/4701805/12,4701805,15/10/2020 12:18,2725
******01501 Operational,,MPPS MYAKADONA,,,,Andhra Pradesh,1-Primary,33-MPP_ZPP SCHOOLS,1 To 5,3-Co-educational,1-Rural,Peddakadabur,Myakadona,,,MYAKADONA(VILLAGE) PEDDAKADUBUR(MANDAL) KURNOOL(DIST),518323,meo.peddakadubur[at]gmail[dot]com,https://kys.udiseplus.gov.in/#/schooldetail/4699449/12,4699449,20/12/2025 13:09,2725
******01901 Operational,,MPPS MYALIGANUR,,,,Andhra Pradesh,1-Primary,33-MPP_ZPP SCHOOLS,1 To 5,3-Co-educational,1-Rural,Kowthalam,Myaliganur,,,MYALIGANUR(VILLAGE) KOWTHALAM(MANDAL) KURNOOL(DIST),518333,uambamma54[at]gmail[dot]com,https://kys.udiseplus.gov.in/#/schooldetail/4697559/12,4697559,11/05/2022 09:31,2725
******03401 Operational,,MPPS(M) YERIGIRI,,,,Andhra Pradesh,1-Primary,33-MPP_ZPP SCHOOLS,1 To 5,3-Co-educational,1-Rural,Kowthalam,Yerigiri,,,YERIGIRI YERIGIRI YERIGIRI(VILLAGE) KOWTHALAM(MANDAL) KURNOOL(DIST),518344,Sreekanthreddy2312[at]gmail[dot]com,https://kys.udiseplus.gov.in/#/schooldetail/4697599/12,4697599,11/05/2022 09:46,2725
******00701 Operational,,MPPS(M) YERUR,,,,Andhra Pradesh,1-Primary,33-MPP_ZPP SCHOOLS,1 To 2,3-Co-educational,1-Rural,Chippagiri,Yerur,,,YERUR YERUR YERUR(VILLAGE) CHIPPAGIRI(MANDAL) KURNOOL(DIST),518396,kukatikondaajay1974[at]gmail[dot]com,https://kys.udiseplus.gov.in/#/schooldetail/4701953/12,4701953,13/11/2025 12:18,2725
******00101 Operational,,MPPS NADICHAGI,,,,Andhra Pradesh,1-Primary,33-MPP_ZPP SCHOOLS,1 To 5,3-Co-educational,1-Rural,Kowthalam,Nadichagi,,,NADICHAGI NADICHAGI NADICHAGI(VILLAGE) KOWTHALAM(MANDAL) KURNOOL(DIST),518344,MPKESNadichagi[at]Gmail[dot]com,https://kys.udiseplus.gov.in/#/schooldetail/4697527/12,4697527,11/05/2022 09:48,2725
******00903 Operational,,MPPS NAGALADINNE,,,,Andhra Pradesh,1-Primary,33-MPP_ZPP SCHOOLS,1 To 5,3-Co-educational,1-Rural,Nandavaram,Nagaladinne,,,NAGALADINNE NEAR MARKET NAGALADINNE(VILLAGE) NANDAVARAM(MANDAL) KURNOOL(DIST),518343,,https://kys.udiseplus.gov.in/#/schooldetail/4697747/12,4697747,11/03/2024 21:55,2725
******02201 Operational,,MPPS NAGALAPURAM,,,,Andhra Pradesh,1-Primary,33-MPP_ZPP SCHOOLS,1 To 5,3-Co-educational,1-Rural,Adoni,Kapati,,,NAGALAPURAM KAPATI KAPATI(VILLAGE) ADONI(MANDAL) KURNOOL(DIST),518323,hmnagalapuram[at]gmail[dot]com,https://kys.udiseplus.gov.in/#/schooldetail/4699498/12,4699498,11/03/2024 17:08,2725
******00603 Operational,,MPPS NAGALAPURAM,,,,Andhra Pradesh,1-Primary,33-MPP_ZPP SCHOOLS,1 To 5,3-Co-educational,1-Rural,Peddakadabur,Chinnatumbalam,,,NAGALAPURAM NAGALAPURAM CHINNATUMBALAM(VILLAGE) PEDDAKADUBUR(MANDAL) KURNOOL(DIST),518313,mpps1322007[at]gmail[dot]com,https://kys.udiseplus.gov.in/#/schooldetail/4699413/12,4699413,20/12/2025 12:51,2725
******01201 Operational,,MPPS NAGARAKANVI,,,,Andhra Pradesh,1-Primary,33-MPP_ZPP SCHOOLS,1 To 5,3-Co-educational,1-Rural,Holagunda,Nagarakanvi,,,NAGARAKANVI (VILLAGE) HOLAGUNDA(MANDAL) KURNOOL(DIST),518346,hkottalamppschool[at]gmail[dot]com,https://kys.udiseplus.gov.in/#/schooldetail/4699776/12,4699776,18/12/2025 18:13,2725
******01902 Operational,,MPPS NAKKALA MITTA,,,,Andhra Pradesh,1-Primary,33-MPP_ZPP SCHOOLS,1 To 5,3-Co-educational,1-Rural,Yemmiganur,Kotekal,,,NAKKALA MITTA KOTEKAL KOTEKAL(VILLAGE) YEMMIGANUR(MANDAL) KURNOOL(DIST),518360,mppsnakkalamitta[at]gmail[dot]com,https://kys.udiseplus.gov.in/#/schooldetail/4699338/12,4699338,12/09/2024 13:47,2725
******01402 Operational,,MPPS NALLACHELIMALA,,,,Andhra Pradesh,1-Primary,33-MPP_ZPP SCHOOLS,1 To 5,3-Co-educational,1-Rural,Devanakonda,Nallachelimal,,,NALLACHELIMALA NALLACHELIMALA NALLACHELIMALA(VILLAGE) DEVANAKONDA(MANDAL) KURNOOL(DIST),518465,mpppsnallachelemala[at]gmail[dot]com,https://kys.udiseplus.gov.in/#/schooldetail/4699987/12,4699987,23/12/2025 18:16,2725
******00101 Operational,,MPPS NALLAGUNDLA,,,,Andhra Pradesh,1-Primary,33-MPP_ZPP SCHOOLS,1 To 5,3-Co-educational,1-Rural,Tuggali,Bondimadugula,,,NALLAGUNDLA NALLAGUNDLA BONDIMADUGULA(VILLAGE) TUGGALI(MANDAL) KURNOOL(DIST),518468,tuggalimrc2021[at]gmail[dot]com,https://kys.udiseplus.gov.in/#/schooldetail/4701752/12,4701752,07/05/2022 20:59,2725
******02507 Operational,,MPPS NANDANAPALLI,,,,Andhra Pradesh,1-Primary,33-MPP_ZPP SCHOOLS,1 To 5,3-Co-educational,1-Rural,Kurnool,Rudravaram,,,NANDANAPALLI P.RUDRAVARAM RUDRAVARAM(VILLAGE) KURNOOL(MANDAL) KURNOOL(DIST),518452,nandanapalli507[at]gmail[dot]com,https://kys.udiseplus.gov.in/#/schooldetail/4698014/12,4698014,27/12/2025 11:53,2725
******00302 Operational,,MPPS NANDIKHAIRAWADI,,,,Andhra Pradesh,1-Primary,33-MPP_ZPP SCHOOLS,1 To 5,3-Co-educational,1-Rural,Nandavaram,Nadikhairavadi,,,NADHI KAIRAWADI NADHI KAIRAWADI(VILLAGE) NANDAVARAM(MANDAL) KURNOOL(DIST),518345,ambatikrishnareddy96[at]gmail[dot]com,https://kys.udiseplus.gov.in/#/schooldetail/4697738/12,4697738,22/11/2023 10:21,2725
******00102 Operational,,MPPS NANNOR BUNGLOW,,,,Andhra Pradesh,1-Primary,33-MPP_ZPP SCHOOLS,1 To 5,3-Co-educational,1-Rural,Orvakal,Nannur,,,BUNGALOW NANNUR NANNUR(VILLAGE) ORVAKAL(MANDAL) KURNOOL(DIST),518002,,https://kys.udiseplus.gov.in/#/schooldetail/4698798/12,4698798,15/10/2020 12:18,2725
******02002 Operational,,MPPS NARANIKI THANDA,,,,Andhra Pradesh,1-Primary,33-MPP_ZPP SCHOOLS,1 To 5,3-Co-educational,1-Rural,Holagunda,Neraniki,,,NERANIKI THANDA NERANIKI THANDA NERANIKI(VILLAGE) HOLAGUNDA(MANDAL) KURNOOL(DIST),518395,meo.holagunda1324[at]gmail[dot]com,https://kys.udiseplus.gov.in/#/schooldetail/4699790/12,4699790,15/10/2020 12:18,2725
******00801 Operational,,MPPS NARASAPURAM,,,,Andhra Pradesh,1-Primary,33-MPP_ZPP SCHOOLS,1 To 5,3-Co-educational,1-Rural,Veldurthi,Narasapuram,,,NARASAPURAM NARASAPURAM NARASAPURAM(VILLAGE) VELDURTI(MANDAL) KURNOOL(DIST),518217,SRKSURASURA[at]GMAIL[dot]COM,https://kys.udiseplus.gov.in/#/schooldetail/4700071/12,4700071,29/12/2022 16:03,2725
******00101 Operational,,MPPS NARAYANAPURAM,,,,Andhra Pradesh,1-Primary,33-MPP_ZPP SCHOOLS,1 To 5,3-Co-educational,1-Rural,Mantralayam,Narayanapuram,,,NARAYANAPURAM NARAYANAPURAM NARAYANAPURAM(VILLAGE) MANTRALAYAM(MANDAL) KURNOOL(DIST),518349,mppschoolmy[at]gmail[dot]com,https://kys.udiseplus.gov.in/#/schooldetail/4697664/12,4697664,20/12/2025 11:16,2725
******00101 Operational,,MPPS NARLAPURAM,,,,Andhra Pradesh,1-Primary,33-MPP_ZPP SCHOOLS,1 To 5,3-Co-educational,1-Rural,Veldurthi,Narlapuram,,,NARLAPURAM NARLAPURAM NARLAPURAM(VILLAGE) VELDURTI(MANDAL) KURNOOL(DIST),518216,mahamadrafik7535[at]gmail[dot]com,https://kys.udiseplus.gov.in/#/schooldetail/4700049/12,4700049,15/10/2020 12:18,2725
******00321 Operational,,MPPS NEAR BUS STAND,,,,Andhra Pradesh,1-Primary,33-MPP_ZPP SCHOOLS,1 To 5,3-Co-educational,1-Rural,Kodumur,Kodumur,,,KODUMUR NEAR OLD BUS STAND KODUMUR(VILLAGE) KODUMUR(MANDAL) KURNOOL(DIST),518464,umadevi4467[at]gmail[dot]com,https://kys.udiseplus.gov.in/#/schooldetail/4699113/12,4699113,22/07/2024 13:16,2725
******01001 Operational,,MPPS NEAR CHURCH HULEBEEDU,,,,Andhra Pradesh,1-Primary,33-MPP_ZPP SCHOOLS,1 To 5,3-Co-educational,1-Rural,Alur,Hulebeedu,,,SC COLONY HULEBEEDU HULEBEEDU(VILLAGE) ALUR(MANDAL) KURNOOL(DIST),518395,nesevaralakshmi486[at]gmail[dot]com,https://kys.udiseplus.gov.in/#/schooldetail/4699805/12,4699805,22/12/2025 12:54,2725
******00811 Operational,,MPPS NEAR MADDAMMA TEMPLE MADDIKERA,,,,Andhra Pradesh,1-Primary,33-MPP_ZPP SCHOOLS,1 To 5,3-Co-educational,1-Rural,Maddikera (East),Maddikera (East),,,NEAR MADDAMMA TEMPLE MADDIKERA(EAST) MADDIKERA (EAST)(VILLAGE) MADDIKERA(MANDAL) KURNOOL(DIST),518385,mppscenmdk[at]gmail[dot]com,https://kys.udiseplus.gov.in/#/schooldetail/4701930/12,4701930,08/05/2022 09:01,2725
******02501 Operational,,MPPS NELAKOSIGI,,,,Andhra Pradesh,1-Primary,33-MPP_ZPP SCHOOLS,1 To 5,3-Co-educational,1-Rural,Kosigi,Nelakosigi,,,NELAKOSIGI(VILLAGE) KOSIGI(MANDAL) KURNOOL(DIST),518313,veerareddy443[at]gmail[dot]com,https://kys.udiseplus.gov.in/#/schooldetail/4697659/12,4697659,20/12/2025 19:08,2725
******00503 Operational,,MPPS NELLIBANDA,,,,Andhra Pradesh,1-Primary,33-MPP_ZPP SCHOOLS,1 To 5,3-Co-educational,1-Rural,Devanakonda,Machapuram,,,NELLIBANDA NELLIBANDA MACHAPURAM(VILLAGE) DEVANAKONDA(MANDAL) KURNOOL(DIST),518465,tbaburao73[at]gmail[dot]com,https://kys.udiseplus.gov.in/#/schooldetail/4699942/12,4699942,23/12/2025 18:17,2725
******00202 Operational,,MPPS NERAWADA,,,,Andhra Pradesh,1-Primary,33-MPP_ZPP SCHOOLS,1 To 5,3-Co-educational,1-Rural,Kallur,A.Gokulapadu,,,NERAWADA A.GOKULAPADU A.GOKULAPADU(VILLAGE) KALLUR(MANDAL) KURNOOL(DIST),518218,sarmakcs69[at]gmail[dot]com,https://kys.udiseplus.gov.in/#/schooldetail/4698868/12,4698868,21/12/2025 11:35,2725
******01201 Operational,,MPPS NERUDUPPALA,,,,Andhra Pradesh,1-Primary,33-MPP_ZPP SCHOOLS,1 To 5,3-Co-educational,1-Rural,Gonegandla,Neruduppala,,,NERUDUPPALA GONEGANDLA NERUDUPPALA(VILLAGE) GONEGANDLA(MANDAL) KURNOOL(DIST),518463,neruduppala[at]gmail[dot]com,https://kys.udiseplus.gov.in/#/schooldetail/4699220/12,4699220,12/02/2026 11:44,2725
******01903 Operational,,MPPS(NEW) ASPARI,,,,Andhra Pradesh,1-Primary,33-MPP_ZPP SCHOOLS,1 To 2,3-Co-educational,1-Rural,Aspari,Aspari,,,OLD SC COLONY ASPARI ASPARI(VILLAGE) ASPARI(MANDAL) KURNOOL(DIST),518347,meo.aspari[at]gmal[dot]com,https://kys.udiseplus.gov.in/#/schooldetail/4698824/12,4698824,21/12/2025 13:06,2725
******00602 Operational,,MPPS(NEW) GUDIKAMBALI,,,,Andhra Pradesh,1-Primary,33-MPP_ZPP SCHOOLS,1 To 5,3-Co-educational,1-Rural,Kowthalam,Gudikambali,,,NEW GUDIKAMBALI NEW GUDIKAMBALI GUDIKAMBALI(VILLAGE) KOWTHALAM(MANDAL) KURNOOL(DIST),518333,,https://kys.udiseplus.gov.in/#/schooldetail/4697535/12,4697535,11/05/2022 09:50,2725
******01302 Operational,,MPPS (NEW) KADIMETLA,,,,Andhra Pradesh,1-Primary,33-MPP_ZPP SCHOOLS,1 To 5,3-Co-educational,1-Rural,Yemmiganur,Kadimetla,,,KADIMETLA(VILLAGE) YEMMIGANUR(MANDAL) KURNOOL(DIST),518360,narasannaygr[at]gmail[dot]com,https://kys.udiseplus.gov.in/#/schooldetail/4699308/12,4699308,15/10/2020 12:18,2725
******01501 Operational,,MPPS(NEW) KADIVELLA,,,,Andhra Pradesh,1-Primary,33-MPP_ZPP SCHOOLS,1 To 5,3-Co-educational,1-Rural,Yemmiganur,Kadivella,,,KADIVELLA KADIVELLA KADIVELLA(VILLAGE) YEMMIGANUR(MANDAL) KURNOOL(DIST),518350,lalithammanayakanti[at]gmail[dot]cim,https://kys.udiseplus.gov.in/#/schooldetail/4699318/12,4699318,11/09/2024 10:27,2725
******00204 Operational,,MPPS (NEW) SANGALA,,,,Andhra Pradesh,1-Primary,33-MPP_ZPP SCHOOLS,1 To 5,3-Co-educational,1-Rural,C.Belagal,Palukudoddi,,,SANGALA SANGALA PALUKUDODDI(VILLAGE) C.BELAGAL(MANDAL) KURNOOL(DIST),518462,meo.cbelagal[at]gmail[dot]com,https://kys.udiseplus.gov.in/#/schooldetail/4697785/12,4697785,11/03/2024 17:53,2725
******00802 Operational,,MPPS(NEW) VALLUR,,,,Andhra Pradesh,1-Primary,33-MPP_ZPP SCHOOLS,1 To 5,3-Co-educational,1-Rural,Kowthalam,Vallur,,,VALLURU VALLURU VALLURU(VILLAGE) KOWTHALAM(MANDAL) KURNOOL(DIST),518333,newvallurmpps[at]gmail[dot]com,https://kys.udiseplus.gov.in/#/schooldetail/4697538/12,4697538,11/05/2022 09:26,2725
******00202 Operational,,MPPS(NEW) VARKUR,,,,Andhra Pradesh,1-Primary,33-MPP_ZPP SCHOOLS,1 To 5,3-Co-educational,1-Rural,Kodumur,Varkur,,,VARKUR NEW S C COLONY VARKUR(VILLAGE) KODUMUR(MANDAL) KURNOOL(DIST),518464,meo.kodumur19[at]gmial[dot]com,https://kys.udiseplus.gov.in/#/schooldetail/4699092/12,4699092,19/12/2025 12:27,2725
******01303 Operational,,MPPS(NEW) YERRAKOTA,,,,Andhra Pradesh,1-Primary,33-MPP_ZPP SCHOOLS,1 To 5,3-Co-educational,1-Rural,Yemmiganur,Kadimetla,,,YERRAKOTA KADIMETLA KADIMETLA(VILLAGE) YEMMIGANUR(MANDAL) KURNOOL(DIST),518360,,https://kys.udiseplus.gov.in/#/schooldetail/4699309/12,4699309,10/09/2024 12:57,2725
******90406 Operational,,MPPS NIRMAL NAGAR,,,,Andhra Pradesh,1-Primary,33-MPP_ZPP SCHOOLS,1 To 5,3-Co-educational,2-Urban,NA,,Kurnool Ward No. 34,Kurnool-Municipal Corporations,KALLUR ( NIRMAL NAGAR KALLUR(VILLAGE) KALLUR(MANDAL) KURNOOL(DIST),518002,mpps.nirmalnagar406[at]gmail[dot]com,https://kys.udiseplus.gov.in/#/schooldetail/4698972/12,4698972,23/12/2025 13:18,2725
******00801 Operational,,MPPS NITRAVATTI,,,,Andhra Pradesh,1-Primary,33-MPP_ZPP SCHOOLS,1 To 5,3-Co-educational,1-Rural,Halaharvi,Nitravatti,,,NITRAVATTI NITRAVATTI NITRAVATTI(VILLAGE) HALAHARVI(MANDAL) KURNOOL(DIST),518348,annapurna.ndk[at]gmail[dot]com,https://kys.udiseplus.gov.in/#/schooldetail/4701979/12,4701979,15/10/2020 12:18,2725
******00901 Operational,,MPPS N.KONTHALAPADU,,,,Andhra Pradesh,1-Primary,33-MPP_ZPP SCHOOLS,1 To 5,3-Co-educational,1-Rural,Orvakal,N.Konthalapadu,,,N.KONTHALAPADU N.KONTHALAPADU N.KONTHALAPADU(VILLAGE) ORVAKAL(MANDAL) KURNOOL(DIST),518010,upnkonthalapadu[at]gmail[dot]com,https://kys.udiseplus.gov.in/#/schooldetail/4698828/12,4698828,14/08/2024 11:23,2725
******02001 Operational,,MPPS NOOTHANAPALLE,,,,Andhra Pradesh,1-Primary,33-MPP_ZPP SCHOOLS,1 To 5,3-Co-educational,1-Rural,Kurnool,Noothanapalle,,,NOOTHANAPALLE NOOTHANAPALLE NOOTHANAPALLE(VILLAGE) KURNOOL(MANDAL) KURNOOL(DIST)518452,518452,,https://kys.udiseplus.gov.in/#/schooldetail/4697974/12,4697974,27/12/2025 12:11,2725
******90416 Operational,,MPPS NRR COLONY,,,,Andhra Pradesh,1-Primary,33-MPP_ZPP SCHOOLS,1 To 5,3-Co-educational,2-Urban,NA,,Kurnool Ward No. 19,Kurnool-Municipal Corporations,KALLUR ( NRR COLONY KALLUR(VILLAGE) KALLUR(MANDAL) KURNOOL(DIST),518002,mppsnrrcolony[at]gmail[dot]com,https://kys.udiseplus.gov.in/#/schooldetail/4698982/12,4698982,23/12/2025 13:20,2725
******90405 Operational,,MPPS NTR NAGAR,,,,Andhra Pradesh,1-Primary,33-MPP_ZPP SCHOOLS,1 To 5,3-Co-educational,2-Urban,NA,,Kurnool Ward No. 37,Kurnool-Municipal Corporations,KALLUR ( NTR NAGAR KALLUR(VILLAGE) KALLUR(MANDAL) KURNOOL(DIST),518002,mppsntrnagar[at]gmail[dot]com,https://kys.udiseplus.gov.in/#/schooldetail/4698971/12,4698971,23/12/2025 13:14,2725
******00103 Operational,,MPPS NUNUSURALA,,,,Andhra Pradesh,1-Primary,33-MPP_ZPP SCHOOLS,1 To 5,3-Co-educational,1-Rural,Tuggali,Bondimadugula,,,NUNUSURALLA NUNUSURALLA BONDIMADUGULA(VILLAGE) TUGGALI(MANDAL) KURNOOL(DIST),518468,tuggalimrc2021[at]gmail[dot]com,https://kys.udiseplus.gov.in/#/schooldetail/4701754/12,4701754,15/10/2020 12:18,2725
******00102 Operational,,MPPS N.VENKATAPURAM,,,,Andhra Pradesh,1-Primary,33-MPP_ZPP SCHOOLS,1 To 5,3-Co-educational,1-Rural,Veldurthi,Narlapuram,,,N. VENKATAPURAM N. VENKATAPURAM NARLAPURAM(VILLAGE) VELDURTI(MANDAL) KURNOOL(DIST),518216,palukurudhanunjaya1[at]gmail[dot]com,https://kys.udiseplus.gov.in/#/schooldetail/4700050/12,4700050,15/10/2020 12:18,2725
******02402 Operational,,MPPS OBULAPURAM,,,,Andhra Pradesh,1-Primary,33-MPP_ZPP SCHOOLS,1 To 5,3-Co-educational,1-Rural,Kowthalam,Urukunda,,,OBULAPURAM URUKUNDA(VILLAGE) KOWTHALAM(MANDAL) KURNOOL(DIST),518333,ssvaishu5[at]gmail[dot]com,https://kys.udiseplus.gov.in/#/schooldetail/4697565/12,4697565,11/05/2022 09:33,2725
******00902 Operational,,MPPS OBULAPURAM,,,,Andhra Pradesh,1-Primary,33-MPP_ZPP SCHOOLS,1 To 5,3-Co-educational,1-Rural,Devanakonda,Jilledubudakala,,,OBULAPURAM OBULAPURAM JILLEDUBUDAKALA(VILLAGE) DEVANAKONDA(MANDAL) KURNOOL(DIST),518465,SHESHU7894[at]GMAIL[dot]COM,https://kys.udiseplus.gov.in/#/schooldetail/4699956/12,4699956,23/12/2025 18:19,2725
******01202 Operational,,MPPS OBULAPURAM,,,,Andhra Pradesh,1-Primary,33-MPP_ZPP SCHOOLS,1 To 5,3-Co-educational,1-Rural,Kallur,Thadakanapalle,,,OBULAPURAM THADAKANAPALLE THADAKANAPALLE(VILLAGE) KALLUR(MANDAL) KURNOOL(DIST),518218,tkreddy30[at]gmail[dot]com,https://kys.udiseplus.gov.in/#/schooldetail/4698938/12,4698938,23/12/2025 12:51,2725
******00203 Operational,,MPPS(OLD) SANGALA,,,,Andhra Pradesh,1-Primary,33-MPP_ZPP SCHOOLS,1 To 5,3-Co-educational,1-Rural,C.Belagal,Palukudoddi,,,B C COLONY SANGALA PALUKUDODDI(VILLAGE) C.BELAGAL(MANDAL) KURNOOL(DIST),518462,meo.cbelagal[at]gmail[dot]com,https://kys.udiseplus.gov.in/#/schooldetail/4650509/12,4650509,15/10/2020 12:18,2725
******00801 Operational,,MPPS(OLD) VALLUR,,,,Andhra Pradesh,1-Primary,33-MPP_ZPP SCHOOLS,1 To 5,3-Co-educational,1-Rural,Kowthalam,Vallur,,,VALLURU VALLURU VALLURU(VILLAGE) KOWTHALAM(MANDAL) KURNOOL(DIST),518333,Mppksvalluru[at]gmail[dot]com,https://kys.udiseplus.gov.in/#/schooldetail/4697537/12,4697537,10/03/2024 09:58,2725
******00602 Closed,Closed,MPPS OM NAGAR,,,,Andhra Pradesh,1-Primary,33-MPP_ZPP SCHOOLS,1 To 5,3-Co-educational,1-Rural,Peddakadabur,Chinnatumbalam,,,OMNAGAR OMNAGAR CHINNATUMBALAM(VILLAGE) PEDDAKADUBUR(MANDAL) KURNOOL(DIST),518313,mpps1322006[at]gmail[dot]com,https://kys.udiseplus.gov.in/#/schooldetail/4699412/12,4699412,15/10/2020 12:18,2725
******01103 Operational,,MPPS ONTEDUDINNE,,,,Andhra Pradesh,1-Primary,33-MPP_ZPP SCHOOLS,1 To 5,3-Co-educational,1-Rural,Gonegandla,Errabadu,,,ONTEDUDINNE ERRABADU ERRABADU(VILLAGE) GONEGANDLA(MANDAL) KURNOOL(DIST),518463,,https://kys.udiseplus.gov.in/#/schooldetail/4699218/12,4699218,12/02/2026 10:45,2725
******00104 Operational,,MPPS ORVAKAL,,,,Andhra Pradesh,1-Primary,33-MPP_ZPP SCHOOLS,1 To 5,3-Co-educational,1-Rural,Orvakal,Orvakal,,,NANNUR ORVAKAL NANNUR(VILLAGE) ORVAKAL(MANDAL) KURNOOL(DIST),518010,psorvakal[at]gmail[dot]com,https://kys.udiseplus.gov.in/#/schooldetail/4698799/12,4698799,15/10/2020 12:18,2725
******02504 Operational,,MPPS PADIDEMPADU,,,,Andhra Pradesh,1-Primary,33-MPP_ZPP SCHOOLS,1 To 5,3-Co-educational,1-Rural,Kurnool,Rudravaram,,,PADIDEMPADU P.RUDRAVARAM RUDRAVARAM(VILLAGE) KURNOOL(MANDAL) KURNOOL(DIST),518452,,https://kys.udiseplus.gov.in/#/schooldetail/4698011/12,4698011,29/12/2025 11:43,2725
******01003 Operational,,MPPS PAGIDIROY,,,,Andhra Pradesh,1-Primary,33-MPP_ZPP SCHOOLS,1 To 5,3-Co-educational,1-Rural,Tuggali,Pagidiroy,,,PAGIDIROY PAGIDIROY PAGIDIROY(VILLAGE) TUGGALI(MANDAL) KURNOOL(DIST),518390,raambabu001[at]gmail[dot]com,https://kys.udiseplus.gov.in/#/schooldetail/4701802/12,4701802,15/10/2020 12:18,2725
******01801 Operational,,MPPS PALAKOLANU,,,,Andhra Pradesh,1-Primary,33-MPP_ZPP SCHOOLS,1 To 5,3-Co-educational,1-Rural,Orvakal,Palakolanu,,,PALAKOLANU PALAKOLANU PALAKOLANU(VILLAGE) ORVAKAL(MANDAL) KURNOOL(DIST),518010,meo.orvakal17[at]gmail[dot]com,https://kys.udiseplus.gov.in/#/schooldetail/4698860/12,4698860,14/08/2024 11:23,2725
******00402 Operational,,MPPS PALDODDI,,,,Andhra Pradesh,1-Primary,33-MPP_ZPP SCHOOLS,1 To 5,3-Co-educational,1-Rural,C.Belagal,Kondapuram,,,PALDODDI PALDODDI KONDAPURAM(VILLAGE) C.BELAGAL(MANDAL) KURNOOL(DIST),518462,ranga.bharathipavan[at]gmail[dot]com,https://kys.udiseplus.gov.in/#/schooldetail/4697792/12,4697792,15/10/2020 12:18,2725
******01103 Operational,,MPPS PALLEDODDI,,,,Andhra Pradesh,1-Primary,33-MPP_ZPP SCHOOLS,1 To 5,3-Co-educational,1-Rural,Devanakonda,Kunkanur,,,PALLEDODDI PALLEDODDI KUNKANUR(VILLAGE) DEVANAKONDA(MANDAL) KURNOOL(DIST),518465,mppspalledoddi[at]gmail[dot]com,https://kys.udiseplus.gov.in/#/schooldetail/4699965/12,4699965,23/12/2025 18:20,2725
******02001 Operational,,MPPS PALLIPADU,,,,Andhra Pradesh,1-Primary,33-MPP_ZPP SCHOOLS,1 To 5,3-Co-educational,1-Rural,Kosigi,Pallipadu,,,PALLIPADU(VILLAGE) KOSIGI(MANDAL) KURNOOL(DIST),518313,veerareddy443[at]gmail[dot]com,https://kys.udiseplus.gov.in/#/schooldetail/4697636/12,4697636,20/12/2025 19:09,2725
******00201 Operational,,MPPS PALUKUDODDI,,,,Andhra Pradesh,1-Primary,33-MPP_ZPP SCHOOLS,1 To 5,3-Co-educational,1-Rural,C.Belagal,Palukudoddi,,,PALUKUDODDI PALUKUDODDI PALUKUDODDI(VILLAGE) C.BELAGAL(MANDAL) KURNOOL(DIST),518462,mppschoolpalukudoddi[at]gmail[dot]com,https://kys.udiseplus.gov.in/#/schooldetail/4697783/12,4697783,05/12/2023 14:08,2725
******00201 Operational,,MPPS PALUKURUBANDA,,,,Andhra Pradesh,1-Primary,33-MPP_ZPP SCHOOLS,1 To 5,3-Co-educational,1-Rural,Aspari,Mulugundam,,,PALUKURUBANDA PALUKURUBANDA MULUGUNDAM(VILLAGE) ASPARI(MANDAL) KURNOOL(DIST),518350,mppspalukurubanda[at]gmail[dot]com,https://kys.udiseplus.gov.in/#/schooldetail/4699861/12,4699861,21/12/2025 12:58,2725
******91018 Operational,,MPPS PAMPANNA GOUD COLONY,,,,Andhra Pradesh,1-Primary,33-MPP_ZPP SCHOOLS,1 To 5,3-Co-educational,2-Urban,NA,,Yemmiganur Ward No. 23,Yemmiganur-Municipality,PAMPANNA GOUD COLONY YEMMIGANUR YEMMIGANUR(M)(VILLAGE) YEMMIGANUR(MANDAL) KURNOOL(DIST),518360,pgcolonympps[at]gmail[dot]com,https://kys.udiseplus.gov.in/#/schooldetail/4699358/12,4699358,15/10/2020 12:18,2725
******01201 Operational,,MPPS PANDAVAGALLU,,,,Andhra Pradesh,1-Primary,33-MPP_ZPP SCHOOLS,1 To 5,3-Co-educational,1-Rural,Adoni,Pandavagallu,,,PANDAVAGALLU PANDAVAGALLU PANDAVAGALLU(VILLAGE) ADONI(MANDAL) KURNOOL(DIST),518344,fareedsulthanap[at]gmail[dot]com,https://kys.udiseplus.gov.in/#/schooldetail/4699479/12,4699479,15/10/2020 12:18,2725
******00504 Operational,,MPPS PANDIKONA,,,,Andhra Pradesh,1-Primary,33-MPP_ZPP SCHOOLS,1 To 5,3-Co-educational,1-Rural,Pattikonda,Pandikona,,,PANDIKONA PANDIKONA PANDIKONA(VILLAGE) PATHIKONDA(MANDAL) KURNOOL(DIST),518380,mppspkona[at]gmail[dot]com,https://kys.udiseplus.gov.in/#/schooldetail/4701840/12,4701840,15/10/2020 12:18,2725
******00501 Operational,,MPPS PANDIPADU,,,,Andhra Pradesh,1-Primary,33-MPP_ZPP SCHOOLS,1 To 5,3-Co-educational,2-Urban,NA,,Kurnool Ward No. 28,Kurnool-Municipal Corporations,PANDIPADU PANDIPADU PANDIPADU(VILLAGE) KALLUR(MANDAL) KURNOOL(DIST),518002,mppspandipadu[at]gmail[dot]com,https://kys.udiseplus.gov.in/#/schooldetail/4698918/12,4698918,22/12/2025 10:45,2725
******01201 Operational,,MPPS PANDIRLAPALLI,,,,Andhra Pradesh,1-Primary,33-MPP_ZPP SCHOOLS,1 To 5,3-Co-educational,1-Rural,Krishnagiri,Lakkasagaram,,,PANDIRLAPALLI LAKKASAGARAM LAKKASAGARAM(VILLAGE) KRISHNAGIRI(MANDAL) KURNOOL(DIST),518225,mppspandirlapalli1201[at]gmail[dot]com,https://kys.udiseplus.gov.in/#/schooldetail/4700033/12,4700033,05/12/2023 10:18,2725
******01103 Operational,,MPPS PARLAPALLE,,,,Andhra Pradesh,1-Primary,33-MPP_ZPP SCHOOLS,1 To 5,3-Co-educational,1-Rural,Yemmiganur,Parlapalle,,,PARLAPALLE PARLAPALLE PARLAPALLE(VILLAGE) YEMMIGANUR(MANDAL) KURNOOL(DIST),518360,mppsmainparlapalle[at]gmail[dot]com,https://kys.udiseplus.gov.in/#/schooldetail/4699300/12,4699300,11/09/2024 10:26,2725
******01102 Operational,,MPPS PARLAPALLE,,,,Andhra Pradesh,1-Primary,33-MPP_ZPP SCHOOLS,1 To 5,3-Co-educational,1-Rural,Yemmiganur,Parlapalle,,,PARLAPALLE PARLAPALLE PARLAPALLE(VILLAGE) YEMMIGANUR(MANDAL) KURNOOL(DIST),518360,gnanaprakash241[at]gmail[dot]com,https://kys.udiseplus.gov.in/#/schooldetail/4699299/12,4699299,11/09/2024 10:25,2725
******01702 Operational,,MPPS PARMANDODDI,,,,Andhra Pradesh,1-Primary,33-MPP_ZPP SCHOOLS,1 To 5,3-Co-educational,1-Rural,Yemmiganur,Banavasi,,,PARAMANDODDI BANAVASI BANAVASI(VILLAGE) YEMMIGANUR(MANDAL) KURNOOL(DIST),518323,mppsparamandoddi[at]gmail[dot]com,https://kys.udiseplus.gov.in/#/schooldetail/4699329/12,4699329,14/09/2024 06:02,2725
******02103 Operational,,MPPS PASUPULA,,,,Andhra Pradesh,1-Primary,33-MPP_ZPP SCHOOLS,1 To 5,3-Co-educational,1-Rural,Kurnool,Pasupula (Og),,,PASUPULA GARGEYAPURAM PASUPULA(VILLAGE) KURNOOL(MANDAL) KURNOOL(DIST),518452,vandanaswathi[at]gmail[dot]com,https://kys.udiseplus.gov.in/#/schooldetail/4697975/12,4697975,27/12/2025 12:18,2725
******01201 Operational,,MPPS PATCHARAPALLI,,,,Andhra Pradesh,1-Primary,33-MPP_ZPP SCHOOLS,1 To 5,3-Co-educational,1-Rural,Halaharvi,Pacharlapalli,,,PATCHARAPALLI PATCHARAHALLI PATCHARAHALLI(VILLAGE) HALAHARVI(MANDAL) KURNOOL(DIST),518348,hmmppspacharapalli[at]gmail[dot]com,https://kys.udiseplus.gov.in/#/schooldetail/4701988/12,4701988,15/10/2020 12:18,2725
******00807 Operational,,MPPS P.C.KONDA,,,,Andhra Pradesh,1-Primary,33-MPP_ZPP SCHOOLS,1 To 5,3-Co-educational,1-Rural,Tuggali,Chennampalle,,,P.CHINTHALAKONDA P.CHINTHALAKONDA CHENNAMPALLE(VILLAGE) TUGGALI(MANDAL) KURNOOL(DIST),518390,tuggalimrc2021[at]gmail[dot]com,https://kys.udiseplus.gov.in/#/schooldetail/4701791/12,4701791,19/06/2025 18:53,2725
******01801 Operational,,MPPS PEDDA BOMPALLI,,,,Andhra Pradesh,1-Primary,33-MPP_ZPP SCHOOLS,1 To 5,3-Co-educational,1-Rural,Kosigi,Bompalle,,,PEDDA BOMPALLI (VILLAGE) KOSIGI(MANDAL) KURNOOL(DIST),518313,veerareddy443[at]gmail[dot]com,https://kys.udiseplus.gov.in/#/schooldetail/4697630/12,4697630,20/12/2025 19:09,2725
******00302 Operational,,MPPS PEDDA BOYAGERI,,,,Andhra Pradesh,1-Primary,33-MPP_ZPP SCHOOLS,1 To 5,3-Co-educational,1-Rural,Kodumur,Kodumur,,,KODUMUR PEDDABOYAGERI KODUMUR(VILLAGE) KODUMUR(MANDAL) KURNOOL(DIST),518464,saddalajayachandrudu[at]gmail[dot]com,https://kys.udiseplus.gov.in/#/schooldetail/4699099/12,4699099,19/12/2025 12:31,2725
******00501 Operational,,MPPS PEDDA GONEHAL,,,,Andhra Pradesh,1-Primary,33-MPP_ZPP SCHOOLS,1 To 5,3-Co-educational,1-Rural,Holagunda,Pedda Gonehal,,,NEAR BUS STAND PEDDA GONEHAL PEDDA GONEHAL(VILLAGE) HOLAGUNDA(MANDAL) KURNOOL(DIST),518308,meo.holagunda1324[at]gmail[dot]com,https://kys.udiseplus.gov.in/#/schooldetail/4699746/12,4699746,22/12/2025 12:53,2725
******00901 Operational,,MPPS PEDDAHULTHI,,,,Andhra Pradesh,1-Primary,33-MPP_ZPP SCHOOLS,1 To 5,3-Co-educational,1-Rural,Pattikonda,Pedda Hulthi,,,PEDDA HULTHI PEDDA HULTHI PEDDA HULTHI(VILLAGE) PATHIKONDA(MANDAL) KURNOOL(DIST),518380,lathaavija1975[at]gmail[dot]com,https://kys.udiseplus.gov.in/#/schooldetail/4701893/12,4701893,14/12/2023 16:00,2725
******01501 Operational,,MPPS PEDDAHYTA,,,,Andhra Pradesh,1-Primary,33-MPP_ZPP SCHOOLS,1 To 5,3-Co-educational,1-Rural,Holagunda,Peddahyta,,,PEDDAHYTA PEDDAHYTA PEDDAHYTA(VILLAGE) HOLAGUNDA(MANDAL) KURNOOL(DIST),518346,meo.holagunda1324[at]gmail[dot]com,https://kys.udiseplus.gov.in/#/schooldetail/4699779/12,4699779,15/10/2020 12:18,2725
******00702 Operational,,MPPS PEDDAKOTHILIKI,,,,Andhra Pradesh,1-Primary,33-MPP_ZPP SCHOOLS,1 To 5,3-Co-educational,1-Rural,Nandavaram,Peddakothiliki,,,PEDDAKOTHILIKI PEDDAKOTHILIKI(VILLAGE) NANDAVARAM(MANDAL) KURNOOL(DIST),518343,mppspeddakothiliki[at]gmail[dot]com,https://kys.udiseplus.gov.in/#/schooldetail/4697743/12,4697743,08/05/2022 16:23,2725
******00301 Operational,,MPPS PEDDAPADU,,,,Andhra Pradesh,1-Primary,33-MPP_ZPP SCHOOLS,1 To 5,3-Co-educational,2-Urban,NA,,Kurnool Ward No. 36,Kurnool-Municipal Corporations,PEDDAPADU BURUJU STREET PEDDAPADU(VILLAGE) KALLUR(MANDAL) KURNOOL(DIST),518002,mdfiaaz7[at]gmail[dot]com,https://kys.udiseplus.gov.in/#/schooldetail/4698870/12,4698870,21/12/2025 11:36,2725
******02401 Operational,,MPPS PEDDA PENDEKAL,,,,Andhra Pradesh,1-Primary,33-MPP_ZPP SCHOOLS,1 To 5,3-Co-educational,1-Rural,Adoni,Chinnapendekal,,,PEDDA PENDEKAL CHINNAPENDEKAL CHINNAPENDEKAL(VILLAGE) ADONI(MANDAL) KURNOOL(DIST),518350,valmikihanumappa1966[at]gmail[dot]com,https://kys.udiseplus.gov.in/#/schooldetail/4699502/12,4699502,11/03/2024 17:09,2725
******01002 Operational,,MPPS PEDDATEKUR,,,,Andhra Pradesh,1-Primary,33-MPP_ZPP SCHOOLS,1 To 5,3-Co-educational,1-Rural,Kallur,Pedda Tekur,,,PEDDA TEKUR KALLUR PEDDA TEKUR(VILLAGE) KALLUR(MANDAL) KURNOOL(DIST),518218,pidathalasurash5513[at]gmail[dot]com,https://kys.udiseplus.gov.in/#/schooldetail/4698931/12,4698931,23/12/2025 12:49,2725
******01401 Operational,,MPPS PEDDA THUMBALAM,,,,Andhra Pradesh,1-Primary,33-MPP_ZPP SCHOOLS,1 To 5,3-Co-educational,1-Rural,Adoni,Pedda Thumbalam,,,PEDDA THUMBALAM PEDDA THUMBALAM PEDDA THUMBALAM(VILLAGE) ADONI(MANDAL) KURNOOL(DIST),518302,mpptglv1401[at]gmail[dot]com,https://kys.udiseplus.gov.in/#/schooldetail/4699482/12,4699482,11/03/2024 17:06,2725
******01502 Operational,,MPPS PEDDODDI,,,,Andhra Pradesh,1-Primary,33-MPP_ZPP SCHOOLS,1 To 5,3-Co-educational,1-Rural,Krishnagiri,Alamkonda,,,PEDDODDI ALAMKONDA ALAMKONDA(VILLAGE) KRISHNAGIRI(MANDAL) KURNOOL(DIST),518225,,https://kys.udiseplus.gov.in/#/schooldetail/4700047/12,4700047,15/10/2020 12:18,2725
******00101 Operational,,MPPS PEEKALABETTA,,,,Andhra Pradesh,1-Primary,33-MPP_ZPP SCHOOLS,1 To 5,3-Co-educational,1-Rural,Peddakadabur,Peekalabetta,,,PEEKALABETTA PEEKALABETTA PEEKALABETTA(VILLAGE) PEDDAKADUBUR(MANDAL) KURNOOL(DIST),518323,meo.peddakadubur[at]gmail[dot]com,https://kys.udiseplus.gov.in/#/schooldetail/4699405/12,4699405,20/12/2025 12:42,2725
******00402 Operational,,MPPS PENDEKALLU(RS),,,,Andhra Pradesh,1-Primary,33-MPP_ZPP SCHOOLS,1 To 2,3-Co-educational,1-Rural,Tuggali,Pendikallu,,,PENDEKALLU PENDEKALLU PENDEKALLU(VILLAGE) TUGGALI(MANDAL) KURNOOL(DIST),518468,tuggalimrc2021[at]gmail[dot]com,https://kys.udiseplus.gov.in/#/schooldetail/4701759/12,4701759,13/11/2025 13:05,2725
******01002 Operational,,MPPS PENUMADA,,,,Andhra Pradesh,1-Primary,33-MPP_ZPP SCHOOLS,1 To 5,3-Co-educational,1-Rural,Krishnagiri,Kambalapadu,,,PENUMADA KAMBALAPADU KAMBALAPADU(VILLAGE) KRISHNAGIRI(MANDAL) KURNOOL(DIST),518225,mppspenumada2023[at]gmail[dot]com,https://kys.udiseplus.gov.in/#/schooldetail/4700025/12,4700025,15/10/2020 12:18,2725
******00404 Operational,,MPPS PERAVALI,,,,Andhra Pradesh,1-Primary,33-MPP_ZPP SCHOOLS,1 To 5,3-Co-educational,1-Rural,Maddikera (East),Peravali,,,PERAVALI PERAVALI PERAVALI(VILLAGE) MADDIKERA(MANDAL) KURNOOL(DIST),518390,mandatinarayanaswamy7[at]gmail[dot]com,https://kys.udiseplus.gov.in/#/schooldetail/4701903/12,4701903,08/05/2022 08:52,2725
******02101 Operational,,MPPS PESALABANDA,,,,Andhra Pradesh,1-Primary,33-MPP_ZPP SCHOOLS,1 To 5,3-Co-educational,1-Rural,Adoni,Pesalabanda,,,PESALABANDA PESALABANDA PESALABANDA(VILLAGE) ADONI(MANDAL) KURNOOL(DIST),518323,meo.adoni[at]gmail[dot]com,https://kys.udiseplus.gov.in/#/schooldetail/4699497/12,4699497,20/06/2025 17:09,2725
******00901 Operational,,MPPS PESALADINNE,,,,Andhra Pradesh,1-Primary,33-MPP_ZPP SCHOOLS,1 To 5,3-Co-educational,1-Rural,Yemmiganur,Pesaladinne,,,PESALADINNE PESALADINNE PESALADINNE(VILLAGE) YEMMIGANUR(MANDAL) KURNOOL(DIST),518360,pettemusahadev[at]gmail[dot]com,https://kys.udiseplus.gov.in/#/schooldetail/4699296/12,4699296,15/10/2020 12:18,2725
******02705 Operational,,MPPS(PG) KOWTHALAM,,,,Andhra Pradesh,1-Primary,33-MPP_ZPP SCHOOLS,1 To 5,3-Co-educational,1-Rural,Kowthalam,Kowthalam,,,PINJARI GERI (STREET) KOWTHALAM KOWTHALAM(VILLAGE) KOWTHALAM(MANDAL) KURNOOL(DIST),518344,jabadeshiva[at]gmail[dot]com,https://kys.udiseplus.gov.in/#/schooldetail/4697578/12,4697578,11/05/2022 09:36,2725
******01304 Operational,,MPPS P.HOTHUR,,,,Andhra Pradesh,1-Primary,33-MPP_ZPP SCHOOLS,1 To 5,3-Co-educational,1-Rural,Alur,Peddahottur,,,PEDDAHOTHUR ALUR PEDDAHOTHUR(VILLAGE) ALUR(MANDAL) KURNOOL(DIST),518395,rdasu4747[at]gmail[dot]com,https://kys.udiseplus.gov.in/#/schooldetail/4699813/12,4699813,22/12/2025 12:57,2725
******01301 Operational,,MPPS PIKKILIVANIPALLI,,,,Andhra Pradesh,1-Primary,33-MPP_ZPP SCHOOLS,1 To 5,3-Co-educational,1-Rural,Veldurthi,Laxminagaram,,,PIKILIVANIPALLI PIKILIVANIPALLI LAXMINAGARAM(VILLAGE) VELDURTI(MANDAL) KURNOOL(DIST),518217,moulalammad2[at]gmail[dot]com,https://kys.udiseplus.gov.in/#/schooldetail/4700102/12,4700102,29/12/2022 16:04,2725
******01202 Operational,,MPPS PILLIGUNDLA,,,,Andhra Pradesh,1-Primary,33-MPP_ZPP SCHOOLS,1 To 5,3-Co-educational,1-Rural,Gonegandla,Neruduppala,,,PILIGUNDLA NERUDUPPALA NERUDUPPALA(VILLAGE) GONEGANDLA(MANDAL) KURNOOL(DIST),518463,mpps.pilligundla[at]gmail[dot]com,https://kys.udiseplus.gov.in/#/schooldetail/4699221/12,4699221,12/02/2026 10:45,2725
******01101 Operational,,MPPS P.JONNAGIRI,,,,Andhra Pradesh,1-Primary,33-MPP_ZPP SCHOOLS,1 To 5,3-Co-educational,1-Rural,Tuggali,Jonnagiri,,,P.JONNAGIRI P.JONNAGIRI JONNAGIRI(VILLAGE) TUGGALI(MANDAL) KURNOOL(DIST),518390,tuggalimrc2021[at]gmaill[dot]com,https://kys.udiseplus.gov.in/#/schooldetail/4701804/12,4701804,15/10/2020 12:18,2725
******01002 Operational,,MPPS P.KOTHUR,,,,Andhra Pradesh,1-Primary,33-MPP_ZPP SCHOOLS,1 To 5,3-Co-educational,1-Rural,Tuggali,Pagidiroy,,,PAGIDIROYKOTHUR PAGIDIROYKOTHUR PAGIDIROY(VILLAGE) TUGGALI(MANDAL) KURNOOL(DIST),518390,tuggalimrc2021[at]gmail[dot]com,https://kys.udiseplus.gov.in/#/schooldetail/4701801/12,4701801,15/10/2020 12:18,2725
******00501 Operational,,MPPS PM THANDA,,,,Andhra Pradesh,1-Primary,33-MPP_ZPP SCHOOLS,1 To 5,3-Co-educational,1-Rural,Pattikonda,Pandikona,,,PENDLIMAN THANDA VILLAGE CHAKKARALLA POST PATTIKONDA MANDAL KURNOOL DISTRICT ANDHRA PRADESH,518380,,https://kys.udiseplus.gov.in/#/schooldetail/4701837/12,4701837,12/12/2023 12:22,2725
******01701 Operational,,MPPS PODALAKUNTA,,,,Andhra Pradesh,1-Primary,33-MPP_ZPP SCHOOLS,1 To 5,3-Co-educational,1-Rural,Kowthalam,Podalakunta,,,PODALAKUNTA(VILLAGE) KOWTHALAM(MANDAL) KURNOOL(DIST),518344,,https://kys.udiseplus.gov.in/#/schooldetail/4697557/12,4697557,11/05/2022 09:30,2725
******01301 Operational,,MPPS PONAKALADINNE,,,,Andhra Pradesh,1-Primary,33-MPP_ZPP SCHOOLS,1 To 5,3-Co-educational,1-Rural,Nandavaram,Ponakaladinne,,,D.NO:9/2 PONNAKALADINNE PONAKALADINNE(VILLAGE) NANDAVARAM(MANDAL) KURNOOL(DIST),518360,mppsponakaladnnenandavaram[at]gmail[dot]com,https://kys.udiseplus.gov.in/#/schooldetail/4697761/12,4697761,15/10/2020 12:18,2725
******00201 Operational,,MPPS PONNAKALLU,,,,Andhra Pradesh,1-Primary,33-MPP_ZPP SCHOOLS,1 To 5,3-Co-educational,1-Rural,Gudur,Ponnakallu,,,PONNAKALLU (VILLAGE) GUDUR(MANDAL) KURNOOL(DIST),518462,aishaanjum2008[at]gmail[dot]com,https://kys.udiseplus.gov.in/#/schooldetail/4697837/12,4697837,11/05/2022 11:17,2725
******00202 Operational,,MPPS POTHUGAL,,,,Andhra Pradesh,1-Primary,33-MPP_ZPP SCHOOLS,1 To 5,3-Co-educational,1-Rural,Krishnagiri,Pothugal,,,POTHUGAL POTHUGAL POTHUGAL(VILLAGE) KRISHNAGIRI(MANDAL) KURNOOL(DIST),518225,meo.krishnagiri28[at]gmail[dot]com,https://kys.udiseplus.gov.in/#/schooldetail/4700005/12,4700005,15/10/2020 12:18,2725
******00102 Operational,,MPPS POTLAPADU,,,,Andhra Pradesh,1-Primary,33-MPP_ZPP SCHOOLS,1 To 5,3-Co-educational,1-Rural,Devanakonda,Potlapadu,,,POTLAPADU POTLAPADU POTLAPADU(VILLAGE) DEVANAKONDA(MANDAL) KURNOOL(DIST),518465,mppspotlapadu7[at]gmail[dot]com,https://kys.udiseplus.gov.in/#/schooldetail/4699921/12,4699921,23/12/2025 21:50,2725
******00722 Operational,,MPPS P.PETA PATHIKONDA,,,,Andhra Pradesh,1-Primary,33-MPP_ZPP SCHOOLS,1 To 5,3-Co-educational,1-Rural,Pattikonda,Pattikonda,,,GANDHI NAGAR PEAPULY ROAD PATTIKONDA VILLAGE AND MANDAL KURNOOL DISTRICT ANDHRA PRADESH,518380,madhuswamykasa209[at]gmail[dot]com,https://kys.udiseplus.gov.in/#/schooldetail/4701864/12,4701864,15/10/2020 12:18,2725
******02510 Operational,,MPPS P.RUDRAVARAM,,,,Andhra Pradesh,1-Primary,33-MPP_ZPP SCHOOLS,1 To 5,3-Co-educational,1-Rural,Kurnool,Rudravaram,,,P.RUDRAVARAM KURNOOL RUDRAVARAM(VILLAGE) KURNOOL(MANDAL) KURNOOL(DIST),518452,,https://kys.udiseplus.gov.in/#/schooldetail/4698017/12,4698017,29/12/2025 11:44,2725
******01901 Operational,,MPPS P.THANDA,,,,Andhra Pradesh,1-Primary,33-MPP_ZPP SCHOOLS,1 To 5,3-Co-educational,1-Rural,Mantralayam,Paramandoddi,,,PARAMANDODDI THANDA OM NAGAR PARAMANDODDI(VILLAGE) MANTRALAYAM(MANDAL) KURNOOL(DIST),518349,,https://kys.udiseplus.gov.in/#/schooldetail/4697719/12,4697719,11/03/2024 18:05,2725
******00203 Operational,,MPPS PUDICHERLA,,,,Andhra Pradesh,1-Primary,33-MPP_ZPP SCHOOLS,1 To 5,3-Co-educational,1-Rural,Orvakal,Orvakal,,,PURICHERLA ORVAKAL PURICHERLA(VILLAGE) ORVAKAL(MANDAL) KURNOOL(DIST),518452,shazianayeem0987[at]gmail[dot]com,https://kys.udiseplus.gov.in/#/schooldetail/4698811/12,4698811,22/12/2025 12:39,2725
******01701 Operational,,MPPS PUDUR,,,,Andhra Pradesh,1-Primary,33-MPP_ZPP SCHOOLS,1 To 5,3-Co-educational,1-Rural,Kurnool,Pudur,,,PUDUR PUDUR PUDUR(VILLAGE) KURNOOL(MANDAL) KURNOOL(DIST),518432,VenkateswarluK[at]gmail[dot]com,https://kys.udiseplus.gov.in/#/schooldetail/4711112/12,4711112,27/12/2025 11:04,2725
******01401 Operational,,MPPS PULICHERLA,,,,Andhra Pradesh,1-Primary,33-MPP_ZPP SCHOOLS,1 To 5,3-Co-educational,1-Rural,Krishnagiri,Katarikonda,,,PULICHERLA KATARAKONDA KATARAKONDA(VILLAGE) KRISHNAGIRI(MANDAL) KURNOOL(DIST),518225,,https://kys.udiseplus.gov.in/#/schooldetail/4700041/12,4700041,15/10/2020 12:18,2725
******00401 Operational,,MPPS PULLAGUMMI,,,,Andhra Pradesh,1-Primary,33-MPP_ZPP SCHOOLS,1 To 5,3-Co-educational,1-Rural,Veldurthi,Pullagummi,,,PULLAGUMMI PULLAGUMMI PULLAGUMMI(VILLAGE) VELDURTI(MANDAL) KURNOOL(DIST),518217,mppspullagummi[at]gmail[dot]com,https://kys.udiseplus.gov.in/#/schooldetail/4700059/12,4700059,15/10/2020 12:18,2725
******00203 Operational,,MPPS PULLAPURAM,,,,Andhra Pradesh,1-Primary,33-MPP_ZPP SCHOOLS,1 To 5,3-Co-educational,1-Rural,Devanakonda,Ternekal,,,PULLAPURAM PULLAPURAM TERNEKAL(VILLAGE) DEVANAKONDA(MANDAL) KURNOOL(DIST),518465,mppsplp[at]gmail[dot]com,https://kys.udiseplus.gov.in/#/schooldetail/4699925/12,4699925,23/12/2025 18:25,2725
******00503 Operational,,MPPS PUPPALADODDI,,,,Andhra Pradesh,1-Primary,33-MPP_ZPP SCHOOLS,1 To 5,3-Co-educational,1-Rural,Aspari,Khyruppala,,,PUPPALADODDI PUPPALADODDI KHYRUPPALA(VILLAGE) ASPARI(MANDAL) KURNOOL(DIST),518465,meoaspari[at]gmail[dot]com,https://kys.udiseplus.gov.in/#/schooldetail/4699872/12,4699872,21/12/2025 12:48,2725
******00204 Operational,,MPPS PURICHERLA,,,,Andhra Pradesh,1-Primary,33-MPP_ZPP SCHOOLS,1 To 5,3-Co-educational,1-Rural,Orvakal,Orvakal,,,PURICHERLA ORVAKAL PURICHERLA(VILLAGE) ORVAKAL(MANDAL) KURNOOL(DIST),518452,mppspudicherla[at]gmail[dot]com,https://kys.udiseplus.gov.in/#/schooldetail/4698812/12,4698812,22/12/2025 12:41,2725
******01601 Operational,,MPPS PUSULUR,,,,Andhra Pradesh,1-Primary,33-MPP_ZPP SCHOOLS,1 To 5,3-Co-educational,1-Rural,Kallur,Pusulur,,,PUSULUR PUSULUR PUSULUR(VILLAGE) KALLUR(MANDAL) KURNOOL(DIST),518218,kalyaninittalauma[at]gail[dot]com,https://kys.udiseplus.gov.in/#/schooldetail/4698953/12,4698953,23/12/2025 13:08,2725
******00603 Operational,,MPPS PUTAKALAMARRI,,,,Andhra Pradesh,1-Primary,33-MPP_ZPP SCHOOLS,1 To 5,3-Co-educational,1-Rural,Aspari,Muthkur,,,PUTAKALAMARRI PUTAKALAMARRI MUTHKUR(VILLAGE) ASPARI(MANDAL) KURNOOL(DIST),518465,,https://kys.udiseplus.gov.in/#/schooldetail/4699876/12,4699876,21/12/2025 13:15,2725
******01101 Operational,,MPPS PUTCHAKAYALAMADA,,,,Andhra Pradesh,1-Primary,33-MPP_ZPP SCHOOLS,1 To 5,3-Co-educational,1-Rural,Pattikonda,Putchakayalamada,,,PUTCHAKAYALAMADA PUTCHAKAYALAMADA PUTCHAKAYALAMADA(VILLAGE) PATHIKONDA(MANDAL) KURNOOL(DIST),518380,meo.pathikonda[at]gmail[dot]com,https://kys.udiseplus.gov.in/#/schooldetail/4700749/12,4700749,11/03/2024 17:15,2725
******00902 Operational,,MPPS PUTLUR,,,,Andhra Pradesh,1-Primary,33-MPP_ZPP SCHOOLS,1 To 5,3-Co-educational,1-Rural,Krishnagiri,Amakathadu,,,PUTLUR AMAKATHADU AMAKATHADU(VILLAGE) KRISHNAGIRI(MANDAL) KURNOOL(DIST),518216,hmputlur2023[at]gmail[dot]com,https://kys.udiseplus.gov.in/#/schooldetail/4700022/12,4700022,14/08/2024 14:33,2725
******91014 Operational,,MPPS PYMALAGERI,,,,Andhra Pradesh,1-Primary,33-MPP_ZPP SCHOOLS,1 To 5,3-Co-educational,2-Urban,NA,,Yemmiganur (M) - Ward No.17,Yemmiganur-Municipality,MPPS PYMALAGERI YEMMIGANUR YEMMIGANUR(M)(VILLAGE) YEMMIGANUR(MANDAL) KURNOOL(DIST),518360,mppspymalageri[at]gmail[dot]com,https://kys.udiseplus.gov.in/#/schooldetail/4699354/12,4699354,15/10/2020 12:18,2725
******01003 Operational,,MPPS RAGIMANDODDI,,,,Andhra Pradesh,1-Primary,33-MPP_ZPP SCHOOLS,1 To 5,3-Co-educational,1-Rural,Peddakadabur,H Murvari,,,RAGIMANDODDI RAGIMANDODDI H. MURAVANI(VILLAGE) PEDDAKADUBUR(MANDAL) KURNOOL(DIST),518323,mpps1322014[at]gmail[dot]com,https://kys.udiseplus.gov.in/#/schooldetail/4699425/12,4699425,20/12/2025 13:02,2725
******01101 Operational,,MPPS RAGULAPADU,,,,Andhra Pradesh,1-Primary,33-MPP_ZPP SCHOOLS,1 To 5,3-Co-educational,1-Rural,Krishnagiri,Chunchu Yerragudi,,,RAGULAPADU CHUNCHU YERRAGUDI CHUNCHU YERRAGUDI(VILLAGE) KRISHNAGIRI(MANDAL) KURNOOL(DIST),518225,meo.krishnagiri28[at]gmail[dot]com,https://kys.udiseplus.gov.in/#/schooldetail/4700030/12,4700030,15/10/2020 12:18,2725
******00609 Operational,,MPPS RAJA VEEDHI GUDUR,,,,Andhra Pradesh,1-Primary,33-MPP_ZPP SCHOOLS,1 To 5,3-Co-educational,2-Urban,NA,,Gudur (M) - Ward No.7,Gudur (kurnool)-Town Panchayat,RAJAVEEDHI 9th WARD GUDUR GUDUR(VILLAGE) GUDUR(MANDAL) KURNOOL(DIST),518466,meo.gudur[at]gmail[dot]com,https://kys.udiseplus.gov.in/#/schooldetail/4697847/12,4697847,11/05/2022 11:31,2725
******01201 Operational,,MPPS RALLADODDI,,,,Andhra Pradesh,1-Primary,33-MPP_ZPP SCHOOLS,1 To 5,3-Co-educational,1-Rural,Yemmiganur,Kadimetla,,,RALLADODDI RALLADODDI RALLADODDI(VILLAGE) YEMMIGANUR(MANDAL) KURNOOL(DIST),518360,ralladoddi1233[at]gmail[dot]com,https://kys.udiseplus.gov.in/#/schooldetail/4650146/12,4650146,15/10/2020 12:18,2725
******00404 Operational,,MPPS RAMACHANDRA PURAM,,,,Andhra Pradesh,1-Primary,33-MPP_ZPP SCHOOLS,1 To 5,3-Co-educational,1-Rural,Kodumur,Pyalakurthy,,,RAMACHANDRAPURAM PYALAKURTHY PYALAKURTHY(VILLAGE) KODUMUR(MANDAL) KURNOOL(DIST),518467,Lakshmimohanknl[at]gmail[dot]com,https://kys.udiseplus.gov.in/#/schooldetail/4699142/12,4699142,10/05/2022 11:21,2725
******00401 Operational,,MPPS RAMAKONDA,,,,Andhra Pradesh,1-Primary,33-MPP_ZPP SCHOOLS,1 To 5,3-Co-educational,1-Rural,Tuggali,Pendikallu,,,RAMKONDA RAMKONDA PENDEKALLU(VILLAGE) TUGGALI(MANDAL) KURNOOL(DIST),518468,tuggalimrc2021[at]gmail[dot]com,https://kys.udiseplus.gov.in/#/schooldetail/4701758/12,4701758,15/10/2020 12:18,2725
******00501 Operational,,MPPS RAMAKRISHNAPURAM,,,,Andhra Pradesh,1-Primary,33-MPP_ZPP SCHOOLS,1 To 5,3-Co-educational,1-Rural,Krishnagiri,Krishnagiri,,,RAMAKRISHNAPURAM KRISHNAGIRI KRISHNAGIRI(VILLAGE) KRISHNAGIRI(MANDAL) KURNOOL(DIST),518225,meo.krishnagiri28[at]gmail[dot]com,https://kys.udiseplus.gov.in/#/schooldetail/4700012/12,4700012,15/10/2020 12:18,2725
******00804 Operational,,MPPS RAMALINGAYAPALLI,,,,Andhra Pradesh,1-Primary,33-MPP_ZPP SCHOOLS,1 To 5,3-Co-educational,1-Rural,Tuggali,Chennampalle,,,RAMALINGAYAPALLI RAMALINGAYAPALLI CHENNAMPALLE(VILLAGE) TUGGALI(MANDAL) KURNOOL(DIST),518390,vnredd78[at]gmail[dot]com,https://kys.udiseplus.gov.in/#/schooldetail/4701789/12,4701789,15/10/2020 12:18,2725
******00705 Operational,,MPPS RAMAPURAM,,,,Andhra Pradesh,1-Primary,33-MPP_ZPP SCHOOLS,1 To 5,3-Co-educational,1-Rural,Kodumur,Laddagiri,,,RAMAPURAM LADDAGIRI LADDAGIRI(VILLAGE) KODUMUR(MANDAL) KURNOOL(DIST),518468,ksuneelbabusamatha93[at]gmail[dot]com,https://kys.udiseplus.gov.in/#/schooldetail/4699156/12,4699156,11/03/2024 16:59,2725
******01701 Operational,,MPPS RANGAUPRAM,,,,Andhra Pradesh,1-Primary,33-MPP_ZPP SCHOOLS,1 To 5,3-Co-educational,1-Rural,Peddakadabur,Rangapuram,,,RANGAPURAM RANGAPURAM RANGAPURAM(VILLAGE) PEDDAKADUBUR(MANDAL) KURNOOL(DIST),518323,meo.peddakadubur[at]gmail[dot]com,https://kys.udiseplus.gov.in/#/schooldetail/4699451/12,4699451,20/12/2025 13:15,2725
******00603 Operational,,MPPS RATANA,,,,Andhra Pradesh,1-Primary,33-MPP_ZPP SCHOOLS,1 To 5,3-Co-educational,1-Rural,Tuggali,Ratana,,,RATANA RATANA RATANA(VILLAGE) TUGGALI(MANDAL) KURNOOL(DIST),518390,knarasoji[at]gmail[dot]com,https://kys.udiseplus.gov.in/#/schooldetail/4713571/12,4713571,15/10/2020 12:18,2725
******01005 Operational,,MPPS RATNAPALLI,,,,Andhra Pradesh,1-Primary,33-MPP_ZPP SCHOOLS,1 To 5,3-Co-educational,1-Rural,Veldurthi,Veldurthi,,,RATNAPALLI RATNAPALLI VELDURTHI(VILLAGE) VELDURTI(MANDAL) KURNOOL(DIST),518216,meo.veldurthy29[at]gmail[dot]com,https://kys.udiseplus.gov.in/#/schooldetail/4700078/12,4700078,29/12/2022 16:04,2725
******00901 Operational,,MPPS (R) C.BELAGAL,,,,Andhra Pradesh,1-Primary,33-MPP_ZPP SCHOOLS,1 To 5,3-Co-educational,1-Rural,C.Belagal,C.Belagal,,,KOTA STREET C.BELAGAL C.BELAGAL(MANDAL) KURNOOL(DIST),518462,meo.cbelagal[at]gmail[dot]com,https://kys.udiseplus.gov.in/#/schooldetail/4697818/12,4697818,15/10/2020 12:18,2725
******00902 Operational,,MPPS(RCN) MANTRALAYAM,,,,Andhra Pradesh,1-Primary,33-MPP_ZPP SCHOOLS,1 To 2,3-Co-educational,1-Rural,Mantralayam,Manchala,,,RAMA CHANDRA NAGAR(RCN) MANCHALA MANCHALA(VILLAGE) MANTRALAYAM(MANDAL) KURNOOL(DIST),518345,boyaswathi2022[at]gmail[dot]com,https://kys.udiseplus.gov.in/#/schooldetail/4697687/12,4697687,13/11/2025 13:00,2725
******91253 Operational,,"MPPS R.COLONY, NANDANAPALLI",,,,Andhra Pradesh,1-Primary,33-MPP_ZPP SCHOOLS,1 To 5,3-Co-educational,1-Rural,Kurnool,Rudravaram,,,R. COLONY(V) NANDANAPALLI(PO) KURNOOL (MCORP)-3(VILLAGE) KURNOOL(MANDAL) KURNOOL(DIST),518452,mppsrcolony[at]gmail[dot]com,https://kys.udiseplus.gov.in/#/schooldetail/4698199/12,4698199,29/12/2025 11:51,2725
******00706 Permanently Closed,,MPPS R.C.PURAM,,,,Andhra Pradesh,1-Primary,33-MPP_ZPP SCHOOLS,1 To 5,3-Co-educational,1-Rural,Pattikonda,Pattikonda,,,NA,518380,,https://kys.udiseplus.gov.in/#/schooldetail/4717533/12,4717533,15/10/2020 12:18,2725
******00401 Operational,,MPPS (REG) MUDUMALA,,,,Andhra Pradesh,1-Primary,33-MPP_ZPP SCHOOLS,1 To 5,3-Co-educational,1-Rural,C.Belagal,Kondapuram,,,B C COLONY MUDUMALA KONDAPURAM(VILLAGE) C.BELAGAL(MANDAL) KURNOOL(DIST),518462,thiruvaipatirevathy4[at]gmail[dot]com,https://kys.udiseplus.gov.in/#/schooldetail/4697791/12,4697791,15/10/2020 12:18,2725
******00901 Operational,,MPPS(REG) PENCHIKALAPADU,,,,Andhra Pradesh,1-Primary,33-MPP_ZPP SCHOOLS,1 To 5,3-Co-educational,1-Rural,Gudur,Penchikalapadu,,,PENCHIKALAPADU(VILLAGE) GUDUR(MANDAL) KURNOOL(DIST),518467,ngsreddy.somu88[at]gmail[dot]com,https://kys.udiseplus.gov.in/#/schooldetail/4697877/12,4697877,03/03/2024 14:57,2725
******01701 Operational,,MPPS REMADUR,,,,Andhra Pradesh,1-Primary,33-MPP_ZPP SCHOOLS,1 To 5,3-Co-educational,1-Rural,Kallur,Remadur,,,REMADUR REMADUR REMADUR(VILLAGE) KALLUR(MANDAL) KURNOOL(DIST),518218,mppsremaduru1952[at]gmail[dot]com,https://kys.udiseplus.gov.in/#/schooldetail/4698954/12,4698954,23/12/2025 13:08,2725
******02407 Operational,,MPPS(RG) KOSIGI,,,,Andhra Pradesh,1-Primary,33-MPP_ZPP SCHOOLS,1 To 5,3-Co-educational,1-Rural,Kosigi,Kosigi,,,"Xth WARD RANGAPPAGUTTU STREET , KOSIGI(VILLAGE) KOSIGI(MANDAL) KURNOOL(DIST)",518313,Saleembasha2003[at]gmail[dot]com,https://kys.udiseplus.gov.in/#/schooldetail/4697645/12,4697645,20/12/2025 18:54,2725
******00301 Operational,,MPPS R.K.DUDYALA,,,,Andhra Pradesh,1-Primary,33-MPP_ZPP SCHOOLS,1 To 5,3-Co-educational,1-Rural,Kurnool,R Konthalapadu,,,R.K.DUDYALA R.K.DUDYALA R.KANTHALAPADU(VILLAGE) KURNOOL(MANDAL) KURNOOL(DIST),518004,mppsrkdudyala[at]gmail[dot]com,https://kys.udiseplus.gov.in/#/schooldetail/4697897/12,4697897,26/12/2025 12:44,2725
******00501 Operational,,MPPS R.KHANAPURAM,,,,Andhra Pradesh,1-Primary,33-MPP_ZPP SCHOOLS,1 To 5,3-Co-educational,1-Rural,Gudur,Regadi Khanapuram,,,R.KHANAPURAM (VILLAGE) GUDUR(MANDAL) KURNOOL(DIST),518466,meo.gudur[at]gmail[dot]com,https://kys.udiseplus.gov.in/#/schooldetail/4697842/12,4697842,11/05/2022 11:25,2725
******00302 Operational,,MPPS R.KONTHALAPADU,,,,Andhra Pradesh,1-Primary,33-MPP_ZPP SCHOOLS,1 To 5,3-Co-educational,1-Rural,Kurnool,R Konthalapadu,,,R.KONTHALAPADU S.C.COLONY R.KANTHALAPADU(VILLAGE) KURNOOL(MANDAL) KURNOOL(DIST),518004,nayakantikumari[at]gmail[dot]com,https://kys.udiseplus.gov.in/#/schooldetail/4697898/12,4697898,26/12/2025 13:05,2725
******00501 Operational,,MPPS (R) KOTHAKOTA,,,,Andhra Pradesh,1-Primary,33-MPP_ZPP SCHOOLS,1 To 5,3-Co-educational,1-Rural,C.Belagal,Kothakota,,,KOTHAKOTA KOTHAKOTA KOTHAKOTA(VILLAGE) C.BELAGAL(MANDAL) KURNOOL(DIST),518462,meo.cbelagal[at]gmail[dot]com,https://kys.udiseplus.gov.in/#/schooldetail/4697797/12,4697797,11/03/2024 17:53,2725
******00601 Permanently Closed,,MPPS R.KOTHUR,,,,Andhra Pradesh,1-Primary,33-MPP_ZPP SCHOOLS,1 To 5,3-Co-educational,9-NA,NA,,,,NA,518390,,https://kys.udiseplus.gov.in/#/schooldetail/4717529/12,4717529,15/10/2020 12:18,2725
******01301 Operational,,MPPS(R) LODDIPALLE,,,,Andhra Pradesh,1-Primary,33-MPP_ZPP SCHOOLS,1 To 5,3-Co-educational,1-Rural,Orvakal,Loddipalle,,,MANGALAMPALLI MANGALAMPALLI LODDIPALLE(VILLAGE) ORVAKAL(MANDAL) KURNOOL(DIST),518002,brsbrswamy[at]gmail[dot]com,https://kys.udiseplus.gov.in/#/schooldetail/4698841/12,4698841,15/10/2020 12:18,2725
******00301 Operational,,MPPS R.MANDAGIRI,,,,Andhra Pradesh,1-Primary,33-MPP_ZPP SCHOOLS,1 To 5,3-Co-educational,1-Rural,Pattikonda,Jutur,,,R.MANDAGIRI R.MANDAGIRI JUTUR(VILLAGE) PATHIKONDA(MANDAL) KURNOOL(DIST),518380,gollahulthenna401[at]gmail[dot]com,https://kys.udiseplus.gov.in/#/schooldetail/4701830/12,4701830,30/01/2023 15:45,2725
******91005 Operational,,MPPS(RMS) KOTA STREET,,,,Andhra Pradesh,1-Primary,33-MPP_ZPP SCHOOLS,1 To 5,3-Co-educational,2-Urban,NA,,Yemmiganur (M) - Ward No.12,Yemmiganur-Municipality,KOTA STREET YEMMIGANUR YEMMIGANUR(M)(VILLAGE) YEMMIGANUR(MANDAL) KURNOOL(DIST),518360,mppsrmsyemmiganur[at]gmail[dot]com,https://kys.udiseplus.gov.in/#/schooldetail/4699345/12,4699345,22/12/2025 18:16,2725
******01005 Operational,,MPPS(R NAGAR) HOLAGUNDA,,,,Andhra Pradesh,1-Primary,33-MPP_ZPP SCHOOLS,1 To 5,3-Co-educational,1-Rural,Holagunda,Holagunda,,,RAJIV NAGAR Xth WARD RAJIV NAGAR Xth WARD HOLAGUNDA(VILLAGE) HOLAGUNDA(MANDAL) KURNOOL(DIST),518346,meo.holagunda1324[at]gmail[dot]com,https://kys.udiseplus.gov.in/#/schooldetail/4699760/12,4699760,15/10/2020 12:18,2725
******02703 Operational,,MPPS(R NAGAR) KOWTHALAM,,,,Andhra Pradesh,1-Primary,33-MPP_ZPP SCHOOLS,1 To 5,3-Co-educational,1-Rural,Kowthalam,Kowthalam,,,RAJANAGAR (STREET) KOWTHALAM KOWTHALAM(VILLAGE) KOWTHALAM(MANDAL) KURNOOL(DIST),518344,rameshnese81[at]gmail[dot]com,https://kys.udiseplus.gov.in/#/schooldetail/4697576/12,4697576,11/05/2022 09:36,2725
******00715 Operational,,MPPS(RN) PATHIKONDA,,,,Andhra Pradesh,1-Primary,33-MPP_ZPP SCHOOLS,1 To 5,3-Co-educational,1-Rural,Pattikonda,Pattikonda,,,RAJEEV NAGAR PATHIKONDA PATTIKONDA(VILLAGE) PATHIKONDA(MANDAL) KURNOOL(DIST),518380,hmrnpattikonda[at]gmail[dot]com,https://kys.udiseplus.gov.in/#/schooldetail/4701860/12,4701860,15/10/2020 12:18,2725
******00904 Operational,,MPPS(RNS) MANTRALAYAM,,,,Andhra Pradesh,1-Primary,33-MPP_ZPP SCHOOLS,1 To 5,3-Co-educational,1-Rural,Mantralayam,Manchala,,,RAMACHANDRA NAGAR MANCHALA MANCHALA(VILLAGE) MANTRALAYAM(MANDAL) KURNOOL(DIST),518345,-Mpprnsmantralayam[at]gmail[dot]com,https://kys.udiseplus.gov.in/#/schooldetail/4697689/12,4697689,15/10/2020 12:18,2725
******00903 Permanently Closed,,MPPS ROLLAPADU,,,,Andhra Pradesh,1-Primary,33-MPP_ZPP SCHOOLS,1 To 5,3-Co-educational,9-NA,NA,,,,NA,NA,,https://kys.udiseplus.gov.in/#/schooldetail/4717532/12,4717532,15/10/2020 12:18,2725
******00101 Operational,,MPPS(R) PARLA,,,,Andhra Pradesh,1-Primary,33-MPP_ZPP SCHOOLS,1 To 5,3-Co-educational,1-Rural,Kallur,Parla,,,PARLA KALLUR PARLA(VILLAGE) KALLUR(MANDAL) KURNOOL(DIST),518468,radhaanu61338[at]gmail[dot]com,https://kys.udiseplus.gov.in/#/schooldetail/4698865/12,4698865,21/12/2025 11:34,2725
******00401 Operational,,MPPS(R) PERAVALI,,,,Andhra Pradesh,1-Primary,33-MPP_ZPP SCHOOLS,1 To 5,3-Co-educational,1-Rural,Maddikera (East),Peravali,,,OLD BAZAR MAIN STREET PERAVALI PERAVALI(VILLAGE) MADDIKERA(MANDAL) KURNOOL(DIST),518390,m.sarayu2006[at]gmail[dot]com,https://kys.udiseplus.gov.in/#/schooldetail/4701900/12,4701900,08/05/2022 08:46,2725
******00601 Operational,,MPPS (R) POLAKAL,,,,Andhra Pradesh,1-Primary,33-MPP_ZPP SCHOOLS,1 To 5,3-Co-educational,1-Rural,C.Belagal,Polakal,,,NEAR SWAMY TEMPLE POLAKALA POLAKAL(VILLAGE) C.BELAGAL(MANDAL) KURNOOL(DIST),518462,seenurevula41[at]gmail[dot]com,https://kys.udiseplus.gov.in/#/schooldetail/4697804/12,4697804,04/03/2024 12:26,2725
******00907 Operational,,MPPS R.P.THANDA,,,,Andhra Pradesh,1-Primary,33-MPP_ZPP SCHOOLS,1 To 5,3-Co-educational,1-Rural,Tuggali,Kandamakuntla,,,ROLLAPADUTHANDA ROLLAPADUTHANDA KANDAMAKUNTLA(VILLAGE) TUGGALI(MANDAL) KURNOOL(DIST),518390,tuggalimrc2021[at]gmail[dot]com,https://kys.udiseplus.gov.in/#/schooldetail/4701799/12,4701799,15/10/2020 12:18,2725
******00401 Operational,,MPPS(R) PYALAKURTHY,,,,Andhra Pradesh,1-Primary,33-MPP_ZPP SCHOOLS,1 To 5,3-Co-educational,1-Rural,Kodumur,Pyalakurthy,,,SC COLONY PYALAKURTHY PYALAKURTHY(VILLAGE) KODUMUR(MANDAL) KURNOOL(DIST),518464,-mppsr[at]gmail[dot]com,https://kys.udiseplus.gov.in/#/schooldetail/4699139/12,4699139,10/05/2022 11:12,2725
******00503 Operational,,MPPS (R) ULCHALA,,,,Andhra Pradesh,1-Primary,33-MPP_ZPP SCHOOLS,1 To 5,3-Co-educational,1-Rural,Kurnool,Ulchala,,,BOYA STREET ULCHALA ULCHALA(VILLAGE) KURNOOL(MANDAL) KURNOOL(DIST),518467,,https://kys.udiseplus.gov.in/#/schooldetail/4697904/12,4697904,26/12/2025 14:23,2725
******02001 Operational,,MPPS(R) ULINDAKONDA,,,,Andhra Pradesh,1-Primary,33-MPP_ZPP SCHOOLS,1 To 5,3-Co-educational,1-Rural,Kallur,Ulindakonda,,,ULINDAKONDA ULINDAKONDA ULINDAKONDA(VILLAGE) KALLUR(MANDAL) KURNOOL(DIST),518218,,https://kys.udiseplus.gov.in/#/schooldetail/4698959/12,4698959,23/12/2025 13:10,2725
******01501 Operational,,MPPS (R) UYYALAWADA,,,,Andhra Pradesh,1-Primary,33-MPP_ZPP SCHOOLS,1 To 5,3-Co-educational,1-Rural,Orvakal,Uyyalawada,,,UYYALAWADA UYYALAWADA UYYALAWADA(VILLAGE) ORVAKAL(MANDAL) KURNOOL(DIST),518002,,https://kys.udiseplus.gov.in/#/schooldetail/4698845/12,4698845,11/03/2024 16:45,2725
******03901 Operational,,MPPS SADAPURAM,,,,Andhra Pradesh,1-Primary,33-MPP_ZPP SCHOOLS,1 To 5,3-Co-educational,1-Rural,Adoni,Mandagiri (Rural),,,SADAPURAM MANDAGIRI MANDAGIRI(VILLAGE) ADONI(MANDAL) KURNOOL(DIST),518344,lkbasappa5764[at]gmail[dot]com,https://kys.udiseplus.gov.in/#/schooldetail/4699543/12,4699543,15/10/2020 12:18,2725
******01601 Operational,,MPPS SAJJALAGUDDAM,,,,Andhra Pradesh,1-Primary,33-MPP_ZPP SCHOOLS,1 To 5,3-Co-educational,1-Rural,Kosigi,Sajjalaguddam,,,SAJJALAGUDDAM(VILLAGE) KOSIGI(MANDAL) KURNOOL(DIST),518313,veerareddy443[at]gmail[dot]com,https://kys.udiseplus.gov.in/#/schooldetail/4697628/12,4697628,20/12/2025 19:12,2725
******00601 Operational,,MPPS SAKUNALA,,,,Andhra Pradesh,1-Primary,33-MPP_ZPP SCHOOLS,1 To 5,3-Co-educational,1-Rural,Orvakal,Sakunala,,,SAKUNALA SAKUNALA SAKUNALA(VILLAGE) ORVAKAL(MANDAL) KURNOOL(DIST),518010,,https://kys.udiseplus.gov.in/#/schooldetail/4698818/12,4698818,15/10/2020 12:18,2725
******04201 Operational,,MPPS SALAKALAKONDA,,,,Andhra Pradesh,1-Primary,33-MPP_ZPP SCHOOLS,1 To 5,3-Co-educational,1-Rural,Adoni,Salakalakonda,,,SALAKALAKONDA SALAKALAKONDA SALAKALAKONDA(VILLAGE) ADONI(MANDAL) KURNOOL(DIST),518347,,https://kys.udiseplus.gov.in/#/schooldetail/4699561/12,4699561,13/01/2023 15:49,2725
******00702 Operational,,MPPS SALKAPURAM,,,,Andhra Pradesh,1-Primary,33-MPP_ZPP SCHOOLS,1 To 5,3-Co-educational,1-Rural,Kallur,Salkapuram,,,SALKAPURAM SALKAPURAM SALKAPURAM(VILLAGE) KALLUR(MANDAL) KURNOOL(DIST),518467,,https://kys.udiseplus.gov.in/#/schooldetail/4698925/12,4698925,23/12/2025 12:48,2725
******02501 Operational,,MPPS SAMBAGALLU,,,,Andhra Pradesh,1-Primary,33-MPP_ZPP SCHOOLS,1 To 5,3-Co-educational,1-Rural,Adoni,Sambagallu,,,SAMBAGALLU SAMBAGALLU SAMBAGALLU(VILLAGE) ADONI(MANDAL) KURNOOL(DIST),518302,mppssambagal[at]gmail[dot]com,https://kys.udiseplus.gov.in/#/schooldetail/4699505/12,4699505,09/05/2022 17:10,2725
******01701 Operational,,MPPS SAMMATHAGIRI,,,,Andhra Pradesh,1-Primary,33-MPP_ZPP SCHOOLS,1 To 5,3-Co-educational,1-Rural,Holagunda,Sammathagiri,,,SAMMATHAGIRI SAMMATHAGIRI SAMMATHAGIRI(VILLAGE) HOLAGUNDA(MANDAL) KURNOOL(DIST),518346,meo.holagunda1324[at]gmail[dot]com,https://kys.udiseplus.gov.in/#/schooldetail/4699780/12,4699780,15/10/2020 12:18,2725
******00401 Operational,,MPPS SANGALA,,,,Andhra Pradesh,1-Primary,33-MPP_ZPP SCHOOLS,1 To 5,3-Co-educational,1-Rural,Chippagiri,Nemakal,,,SANGALA SANGALA NEMAKAL(VILLAGE) CHIPPAGIRI(MANDAL) KURNOOL(DIST),518396,meo.chippagiri[at]Gmail[dot]com,https://kys.udiseplus.gov.in/#/schooldetail/4701944/12,4701944,03/03/2024 14:53,2725
******01104 Operational,,"MPPS, SANGALA",,,,Andhra Pradesh,1-Primary,33-MPP_ZPP SCHOOLS,1 To 5,3-Co-educational,1-Rural,Krishnagiri,Chunchu Yerragudi,,,SANGALA (VILLAGE) CHUNCHU YERRAGUDI CHUNCHU YERRAGUDI(VILLAGE) KRISHNAGIRI(MANDAL) KURNOOL(DIST),518225,sangalamppschool[at]gmail[dot]com,https://kys.udiseplus.gov.in/#/schooldetail/4700032/12,4700032,10/03/2024 09:48,2725
******01701 Operational,,MPPS SANKARABANDA,,,,Andhra Pradesh,1-Primary,33-MPP_ZPP SCHOOLS,1 To 5,3-Co-educational,1-Rural,Aspari,Sankarabanda,,,SANKARABANDA SANKARABANDA SANKARABANDA(VILLAGE) ASPARI(MANDAL) KURNOOL(DIST),518347,meoaspari[at]gmail[dot]com,https://kys.udiseplus.gov.in/#/schooldetail/4699900/12,4699900,21/12/2025 12:49,2725
******00320 Operational,,MPPS SANTHAPETA,,,,Andhra Pradesh,1-Primary,33-MPP_ZPP SCHOOLS,1 To 5,3-Co-educational,1-Rural,Kodumur,Kodumur,,,KODUMUR KODUMUR KODUMUR(VILLAGE) KODUMUR(MANDAL) KURNOOL(DIST),518464,meo.kodumur19[at]gmail[dot]com,https://kys.udiseplus.gov.in/#/schooldetail/4698265/12,4698265,22/07/2024 13:16,2725
******91254 Operational,,MPPS SANTOSH NAGAR,,,,Andhra Pradesh,1-Primary,33-MPP_ZPP SCHOOLS,1 To 5,3-Co-educational,2-Urban,NA,,Kurnool Ward No. 38,Kurnool-Municipal Corporations,SANTOSHANAGAR KURNOOL KURNOOL (MCORP)-3(VILLAGE) KURNOOL(MANDAL) KURNOOL(DIST),518004,mppssanthoshnagar[at]gmail[dot]com,https://kys.udiseplus.gov.in/#/schooldetail/4698200/12,4698200,05/01/2026 15:40,2725
******00701 Operational,,MPPS SARPARAJAPURAM,,,,Andhra Pradesh,1-Primary,33-MPP_ZPP SCHOOLS,1 To 5,3-Co-educational,1-Rural,Veldurthi,Sarparajapuram,,,SARPARAJAPURAM SARPARAJAPURAM SARPARAJAPURAM(VILLAGE) VELDURTI(MANDAL) KURNOOL(DIST),518217,sreeramudu136[at]gmail[dot]com,https://kys.udiseplus.gov.in/#/schooldetail/4700069/12,4700069,15/10/2020 12:18,2725
******00702 Operational,,MPPS SATHANUR,,,,Andhra Pradesh,1-Primary,33-MPP_ZPP SCHOOLS,1 To 5,3-Co-educational,1-Rural,Kosigi,Sathanur,,,SATHANUR(VILLAGE) KOSIGI(MANDAL) KURNOOL(DIST),518313,veerareddy443[at]4mail[dot]com,https://kys.udiseplus.gov.in/#/schooldetail/4697611/12,4697611,20/12/2025 19:13,2725
******00901 Operational,,MPPS S.BOYANAPALLI,,,,Andhra Pradesh,1-Primary,33-MPP_ZPP SCHOOLS,1 To 5,3-Co-educational,1-Rural,Veldurthi,Sho.Boyanapalle,,,S BOYANAPALLE S BOYANAPALLE SHO.BOYANAPALLE(VILLAGE) VELDURTI(MANDAL) KURNOOL(DIST),518217,,https://kys.udiseplus.gov.in/#/schooldetail/4700073/12,4700073,29/12/2022 16:04,2725
******00601 Operational,,MPPS SC 52 BASAPURAM,,,,Andhra Pradesh,1-Primary,33-MPP_ZPP SCHOOLS,1 To 2,3-Co-educational,1-Rural,Mantralayam,Basapuram,,,52 BASAPURAM TUNGABHADRA BASAPURAM(VILLAGE) MANTRALAYAM(MANDAL) KURNOOL(DIST),518349,psscbasapuram[at]gmail[dot]com,https://kys.udiseplus.gov.in/#/schooldetail/4697672/12,4697672,13/11/2025 12:59,2725
******00202 Operational,,MPPS(SC) ALWALA,,,,Andhra Pradesh,1-Primary,33-MPP_ZPP SCHOOLS,1 To 5,3-Co-educational,1-Rural,Gonegandla,Alwala,,,S.C.COLONY ALWALA ALWALA(VILLAGE) GONEGANDLA(MANDAL) KURNOOL(DIST),518463,meo.gonegandla[at]gmail[dot]com,https://kys.udiseplus.gov.in/#/schooldetail/4699170/12,4699170,12/02/2026 10:41,2725
******01601 Operational,,MPPS(SC) B.AGRAHARAM,,,,Andhra Pradesh,1-Primary,33-MPP_ZPP SCHOOLS,1 To 5,3-Co-educational,1-Rural,Gonegandla,B Agraharam,,,B. AGRAHARAM B. AGRAHARAM(VILLAGE) GONEGANDLA(MANDAL) KURNOOL(DIST),518463,krishnaveni.banda76[at]gmail[dot]com,https://kys.udiseplus.gov.in/#/schooldetail/4699231/12,4699231,12/02/2026 11:42,2725
******00501 Operational,,MPPS(SC) BASALADODDI,,,,Andhra Pradesh,1-Primary,33-MPP_ZPP SCHOOLS,1 To 2,3-Co-educational,1-Rural,Peddakadabur,Basaladoddi,,,S C COLONY BASALADODDI BASALADODDI(VILLAGE) PEDDAKADUBUR(MANDAL) KURNOOL(DIST),518313,mppssc07[at]gmail[dot]com,https://kys.udiseplus.gov.in/#/schooldetail/4699410/12,4699410,22/12/2025 13:58,2725
******00302 Operational,,MPPS(SC COL) GUNDERVULA,,,,Andhra Pradesh,1-Primary,33-MPP_ZPP SCHOOLS,1 To 5,3-Co-educational,1-Rural,C.Belagal,Gundrevula,,,SC COLONY GUNDREVULA GUNDREVULA(VILLAGE) C.BELAGAL(MANDAL) KURNOOL(DIST),518462,meo.cbelagal[at]gmail[dot]com,https://kys.udiseplus.gov.in/#/schooldetail/4697788/12,4697788,15/10/2020 12:18,2725
******00802 Operational,,MPPS(SC COL) MADDIKERA,,,,Andhra Pradesh,1-Primary,33-MPP_ZPP SCHOOLS,1 To 5,3-Co-educational,1-Rural,Maddikera (East),Maddikera (East),,,S C COLONY MADDIKERA(EAST) MADDIKERA (EAST)(VILLAGE) MADDIKERA(MANDAL) KURNOOL(DIST),518385,,https://kys.udiseplus.gov.in/#/schooldetail/4701922/12,4701922,11/03/2024 17:10,2725
******00202 Operational,,MPPS(SC COLONY) K.CHEDU,,,,Andhra Pradesh,1-Primary,33-MPP_ZPP SCHOOLS,1 To 5,3-Co-educational,1-Rural,Alur,Kammarachedu,,,S C COLONY KAMMARACHEDU KAMMARACHEDU(VILLAGE) ALUR(MANDAL) KURNOOL(DIST),518302,meo.alur[at]gmail[dot]com,https://kys.udiseplus.gov.in/#/schooldetail/4699795/12,4699795,22/12/2025 12:35,2725
******00502 Operational,,MPPS(SC COLONY) ULCHALA,,,,Andhra Pradesh,1-Primary,33-MPP_ZPP SCHOOLS,1 To 5,3-Co-educational,1-Rural,Kurnool,Ulchala,,,SC COLONY ULCHALA(VILLAGE) KURNOOL(MANDAL) KURNOOL(DIST),518467,,https://kys.udiseplus.gov.in/#/schooldetail/4697903/12,4697903,27/12/2025 10:34,2725
******00403 Operational,,MPPS(SC COL) PERAVALI,,,,Andhra Pradesh,1-Primary,33-MPP_ZPP SCHOOLS,1 To 5,3-Co-educational,1-Rural,Maddikera (East),Peravali,,,S C COLONY STREET PERAVALI PERAVALI(VILLAGE) MADDIKERA(MANDAL) KURNOOL(DIST),518390,Chow3781[at]gmail[dot]com,https://kys.udiseplus.gov.in/#/schooldetail/4701902/12,4701902,08/05/2022 08:51,2725
******00402 Operational,,MPPS( SC COL) PYALAKURTHY,,,,Andhra Pradesh,1-Primary,33-MPP_ZPP SCHOOLS,1 To 5,3-Co-educational,1-Rural,Kodumur,Pyalakurthy,,,SC COLONY PYALAKURTHY PYALAKURTHY(VILLAGE) KODUMUR(MANDAL) KURNOOL(DIST),518464,mppsspl[at]gmail[dot]com,https://kys.udiseplus.gov.in/#/schooldetail/4699140/12,4699140,10/05/2022 11:12,2725
******01101 Operational,,MPPS(SC) ERRABADU,,,,Andhra Pradesh,1-Primary,33-MPP_ZPP SCHOOLS,1 To 2,3-Co-educational,1-Rural,Gonegandla,Errabadu,,,ERRABADU GONEGANDLA ERRABADU(VILLAGE) GONEGANDLA(MANDAL) KURNOOL(DIST),518463,mppssc.errabadu[at]gmail[dot]com,https://kys.udiseplus.gov.in/#/schooldetail/4699216/12,4699216,12/02/2026 10:44,2725
******01302 Operational,,MPPS(SC) GAJULADINNE,,,,Andhra Pradesh,1-Primary,33-MPP_ZPP SCHOOLS,1 To 5,3-Co-educational,1-Rural,Gonegandla,Iranbanda,,,GAJULADINNE IRANBANDA IRANBANDA(VILLAGE) GONEGANDLA(MANDAL) KURNOOL(DIST),518463,mppssc.gajuladinne[at]gmail[dot]com,https://kys.udiseplus.gov.in/#/schooldetail/4699223/12,4699223,12/02/2026 12:00,2725
******01206 Operational,,MPPS(SC) G.ERRAGUDI,,,,Andhra Pradesh,1-Primary,33-MPP_ZPP SCHOOLS,1 To 2,3-Co-educational,1-Rural,Tuggali,Gooty Erragudi,,,SC COLONY GOOTY ERRAGUDI GOOTY ERRAGUDI(VILLAGE) TUGGALI(MANDAL) KURNOOL(DIST),518390,shaikjahedhussain67[at]gmail[dot]com,https://kys.udiseplus.gov.in/#/schooldetail/4701821/12,4701821,13/11/2025 13:06,2725
******00904 Operational,,MPPS(SC) GORANTLA,,,,Andhra Pradesh,1-Primary,33-MPP_ZPP SCHOOLS,1 To 5,3-Co-educational,1-Rural,Kodumur,Gorantla,,,GORANTLA GORANTLA GORANTLA(VILLAGE) KODUMUR(MANDAL) KURNOOL(DIST),518468,,https://kys.udiseplus.gov.in/#/schooldetail/4699163/12,4699163,10/05/2022 11:25,2725
******01104 Operational,,MPPS(SC) JONNAGIRI,,,,Andhra Pradesh,1-Primary,33-MPP_ZPP SCHOOLS,1 To 5,3-Co-educational,1-Rural,Tuggali,Jonnagiri,,,SC COLONY JONNAGIRI JONNAGIRI(VILLAGE) TUGGALI(MANDAL) KURNOOL(DIST),518390,mppsscjonnagiri[at]gmail[dot]com,https://kys.udiseplus.gov.in/#/schooldetail/4701807/12,4701807,15/10/2020 12:18,2725
******01201 Operational,,MPPS(SC) KALLUKUNTA,,,,Andhra Pradesh,1-Primary,33-MPP_ZPP SCHOOLS,1 To 5,3-Co-educational,1-Rural,Peddakadabur,Kallukunta,,,SC COLONY KALLUKUNTA KALLUKUNTA(VILLAGE) PEDDAKADUBUR(MANDAL) KURNOOL(DIST),518323,meo.peddakadubur[at]gmail[dot]com,https://kys.udiseplus.gov.in/#/schooldetail/4699443/12,4699443,20/12/2025 12:24,2725
******00702 Operational,,MPPS(SC) KAMBALADINNE,,,,Andhra Pradesh,1-Primary,33-MPP_ZPP SCHOOLS,1 To 5,3-Co-educational,1-Rural,Peddakadabur,Kambaladinne,,,SC COLONY KAMBALADINNE KAMBALADINNE(VILLAGE) PEDDAKADUBUR(MANDAL) KURNOOL(DIST),518360,meo.peddakadubur[at]gmail[dot]com,https://kys.udiseplus.gov.in/#/schooldetail/4699418/12,4699418,23/12/2025 12:41,2725
******00401 Operational,,MPPS(SC) KULUMALA,,,,Andhra Pradesh,1-Primary,33-MPP_ZPP SCHOOLS,1 To 5,3-Co-educational,1-Rural,Gonegandla,Kulumala,,,KULUMALA S C COLONY KULUMALA(VILLAGE) GONEGANDLA(MANDAL) KURNOOL(DIST),518463,mppssc.kulumala[at]gmail[dot]com,https://kys.udiseplus.gov.in/#/schooldetail/4699181/12,4699181,12/02/2026 11:50,2725
******00804 Operational,,MPPS(SC)(K) YELLARTHY,,,,Andhra Pradesh,1-Primary,33-MPP_ZPP SCHOOLS,1 To 5,3-Co-educational,1-Rural,Holagunda,Yellarthy,,,SC COLONY YELLARTHY(VILLAGE) HOLAGUNDA(MANDAL) KURNOOL(DIST),518395,mmeo.holagunda1324[at]gmail[dot]com,https://kys.udiseplus.gov.in/#/schooldetail/4699753/12,4699753,15/10/2020 12:18,2725
******00102 Operational,,MPPS(SC) MACHAPURAM,,,,Andhra Pradesh,1-Primary,33-MPP_ZPP SCHOOLS,1 To 5,3-Co-educational,1-Rural,Nandavaram,Machapuram,,,MACHAPURAM S C COLONY MACHAPURAM(VILLAGE) NANDAVARAM(MANDAL) KURNOOL(DIST),518343,kkasaiah02[at]gmail[dot]com,https://kys.udiseplus.gov.in/#/schooldetail/4697732/12,4697732,15/10/2020 12:18,2725
******00301 Operational,,MPPS(SC) MARELLA,,,,Andhra Pradesh,1-Primary,33-MPP_ZPP SCHOOLS,1 To 5,3-Co-educational,1-Rural,Tuggali,Mukkella,,,MARELLA MARELLA MUKKELLA(VILLAGE) TUGGALI(MANDAL) KURNOOL(DIST),518468,tuggalimrc2021[at]gmail[dot]com,https://kys.udiseplus.gov.in/#/schooldetail/4701757/12,4701757,04/03/2024 12:42,2725
******00403 Operational,,MPPS(SC) MUDUMALA,,,,Andhra Pradesh,1-Primary,33-MPP_ZPP SCHOOLS,1 To 5,3-Co-educational,1-Rural,C.Belagal,Kondapuram,,,MUDUMALA MUDUMALA KONDAPURAM(VILLAGE) C.BELAGAL(MANDAL) KURNOOL(DIST),518462,meo.cbelagal[at]gmail[dot]com,https://kys.udiseplus.gov.in/#/schooldetail/4697793/12,4697793,15/10/2020 12:18,2725
******00302 Operational,,MPPS(SC) MUKKELLA,,,,Andhra Pradesh,1-Primary,33-MPP_ZPP SCHOOLS,1 To 2,3-Co-educational,1-Rural,Tuggali,Mukkella,,,SC COLONY MUKKELLA MUKKELLA(VILLAGE) TUGGALI(MANDAL) KURNOOL(DIST),518468,tuggalimrc2021[at]gmail[dot]com,https://kys.udiseplus.gov.in/#/schooldetail/4713569/12,4713569,13/11/2025 13:08,2725
******00802 Operational,,MPPS(SC) NIDZUR,,,,Andhra Pradesh,1-Primary,33-MPP_ZPP SCHOOLS,1 To 5,3-Co-educational,1-Rural,Kurnool,Nidzur,,,S.C.COLONY NIDZUR NIDZUR(VILLAGE) KURNOOL(MANDAL) KURNOOL(DIST),518003,sswamy77[at]gmail[dot]com,https://kys.udiseplus.gov.in/#/schooldetail/4697916/12,4697916,26/12/2025 16:22,2725
******01102 Operational,,MPPS(SC) PANCHALINGALA,,,,Andhra Pradesh,1-Primary,33-MPP_ZPP SCHOOLS,1 To 5,3-Co-educational,1-Rural,Kurnool,Panchalingala,,,PANCHALINGALA S C COLONY PANCHALINGALA(VILLAGE) KURNOOL(MANDAL) KURNOOL(DIST),518004,mppssplpanchalingala[at]gmail[dot]com,https://kys.udiseplus.gov.in/#/schooldetail/4697941/12,4697941,26/12/2025 16:46,2725
******00612 Operational,,MPPS(S.C) PENCHIKALAPADU,,,,Andhra Pradesh,1-Primary,33-MPP_ZPP SCHOOLS,1 To 2,3-Co-educational,1-Rural,Gudur,Penchikalapadu,,,SC COLONY PENCHIKALAPADU (VILLAGE) GUDUR(MANDAL) KURNOOL(DIST),518467,penchikalapadu[at]gmail[dot]com,https://kys.udiseplus.gov.in/#/schooldetail/4697849/12,4697849,13/11/2025 12:25,2725
******00403 Operational,,MPPS(SC) PENDEKAL,,,,Andhra Pradesh,1-Primary,33-MPP_ZPP SCHOOLS,1 To 5,3-Co-educational,1-Rural,Tuggali,Pendikallu,,,SC COLONY PENDEKALLU PENDEKALLU(VILLAGE) TUGGALI(MANDAL) KURNOOL(DIST),518468,puttalavenkatesh1970[at]gmail[dot]com,https://kys.udiseplus.gov.in/#/schooldetail/4701760/12,4701760,29/12/2022 16:12,2725
******00603 Operational,,MPPS(SC) P.KOTAKONDA,,,,Andhra Pradesh,1-Primary,33-MPP_ZPP SCHOOLS,1 To 5,3-Co-educational,1-Rural,Devanakonda,P.Kotakonda,,,SC COLONY P.KOTAKONDA P.KOTAKONDA(VILLAGE) DEVANAKONDA(MANDAL) KURNOOL(DIST),518225,meo.devanakonda[at]gmail[dot]com,https://kys.udiseplus.gov.in/#/schooldetail/4699945/12,4699945,23/12/2025 18:37,2725
******00101 Operational,,MPPS(SC) P.MARRIVEEDU,,,,Andhra Pradesh,1-Primary,33-MPP_ZPP SCHOOLS,1 To 5,3-Co-educational,1-Rural,Gonegandla,Pedda Marriveedu,,,PEDDA MARRIVEEDU S.C.COLONY PEDDA MARRIVEEDU(VILLAGE) GONEGANDLA(MANDAL) KURNOOL(DIST),518463,mppssc.peddamariveedu[at]gmail[dot]com,https://kys.udiseplus.gov.in/#/schooldetail/4699168/12,4699168,12/02/2026 10:40,2725
******01402 Operational,,MPPS(SC) P.THUMBALAM,,,,Andhra Pradesh,1-Primary,33-MPP_ZPP SCHOOLS,1 To 5,3-Co-educational,1-Rural,Adoni,Pedda Thumbalam,,,SC COLONY PEDDA THUMBALAM PEDDA THUMBALAM(VILLAGE) ADONI(MANDAL) KURNOOL(DIST),518302,veera.498[at]gmail[dot]com,https://kys.udiseplus.gov.in/#/schooldetail/4699483/12,4699483,15/10/2020 12:18,2725
******00202 Operational,,MPPS(SC) RAMADURGAM,,,,Andhra Pradesh,1-Primary,33-MPP_ZPP SCHOOLS,1 To 2,3-Co-educational,1-Rural,Chippagiri,Ramadurgam,,,SC COLONY RAMADURGAM RAMADURGAM(VILLAGE) CHIPPAGIRI(MANDAL) KURNOOL(DIST),518396,meo.chippagiri[at]Gmail[dot]com,https://kys.udiseplus.gov.in/#/schooldetail/4701940/12,4701940,13/11/2025 12:19,2725
******00602 Operational,,MPPS(SC) RATANA,,,,Andhra Pradesh,1-Primary,33-MPP_ZPP SCHOOLS,1 To 5,3-Co-educational,1-Rural,Tuggali,Ratana,,,SC COLONY RATANA RATANA(VILLAGE) TUGGALI(MANDAL) KURNOOL(DIST),518390,mppsratana[at]gmail[dot]com,https://kys.udiseplus.gov.in/#/schooldetail/4701770/12,4701770,04/03/2024 12:42,2725
******01301 Operational,,MPPS(SC) SUNKESWARI,,,,Andhra Pradesh,1-Primary,33-MPP_ZPP SCHOOLS,1 To 5,3-Co-educational,1-Rural,Mantralayam,Sunkeswari,,,SC COLONY SUNKESWARI SUNKESWARI(VILLAGE) MANTRALAYAM(MANDAL) KURNOOL(DIST),518349,mppsscsunkeswari[at]gmail[dot]com,https://kys.udiseplus.gov.in/#/schooldetail/4697701/12,4697701,11/03/2024 18:01,2725
******01603 Operational,,MPPS(SC) VAGARURU,,,,Andhra Pradesh,1-Primary,33-MPP_ZPP SCHOOLS,1 To 2,3-Co-educational,1-Rural,Mantralayam,Vagaruru,,,VAGARURUMANTRALAYAMKURNOOL518349,518349,chinna9007[at]rediffmail[dot]com,https://kys.udiseplus.gov.in/#/schooldetail/4697710/12,4697710,13/11/2025 13:01,2725
******00201 Operational,,MPPS(SC) VARKUR,,,,Andhra Pradesh,1-Primary,33-MPP_ZPP SCHOOLS,1 To 5,3-Co-educational,1-Rural,Kodumur,Varkur,,,VARKUR S C COLONY VARKUR(VILLAGE) KODUMUR(MANDAL) KURNOOL(DIST),518464,SOMESWARI73[at]GMAIL[dot]COM,https://kys.udiseplus.gov.in/#/schooldetail/4699091/12,4699091,19/12/2025 12:27,2725
******00701 Operational,,MPPS(SC) VEMUGODU,,,,Andhra Pradesh,1-Primary,33-MPP_ZPP SCHOOLS,1 To 5,3-Co-educational,1-Rural,Gonegandla,Vemugodu,,,VEMUGODU GONEGANDLA VEMUGODU(VILLAGE) GONEGANDLA(MANDAL) KURNOOL(DIST),518463,mppssc.vemugodu[at]gmail[dot]com,https://kys.udiseplus.gov.in/#/schooldetail/4699206/12,4699206,12/02/2026 11:45,2725
******91021 Operational,,MPPS SHANTHI NAGAR,,,,Andhra Pradesh,1-Primary,33-MPP_ZPP SCHOOLS,1 To 5,3-Co-educational,2-Urban,NA,,Yemmiganur (M) - Ward No.8,Yemmiganur-Municipality,19th WARD SHANTI NAGAR YEMMIGANUR YEMMIGANUR(M)(VILLAGE) YEMMIGANUR(MANDAL) KURNOOL(DIST),518360,mppsshanthinagarygr[at]gmail[dot]com,https://kys.udiseplus.gov.in/#/schooldetail/4699361/12,4699361,15/10/2020 12:18,2725
******90413 Operational,,MPPS SHAREEN NAGAR,,,,Andhra Pradesh,1-Primary,33-MPP_ZPP SCHOOLS,1 To 5,3-Co-educational,2-Urban,NA,,Kurnool Ward No. 30,Kurnool-Municipal Corporations,KALLUR ( SHAREEN NAGAR KALLUR(VILLAGE) KALLUR(MANDAL) KURNOOL(DIST),518002,,https://kys.udiseplus.gov.in/#/schooldetail/4698979/12,4698979,23/12/2025 13:20,2725
******00504 Operational,,MPPS SIDDANAGATTU,,,,Andhra Pradesh,1-Primary,33-MPP_ZPP SCHOOLS,1 To 5,3-Co-educational,1-Rural,Veldurthi,Kalugotla,,,MPP SCHOOL SIDDANAGATTU VELDURTHY MANDAL,518217,mallepogusridevi123[at]gmail[dot]com,https://kys.udiseplus.gov.in/#/schooldetail/4700064/12,4700064,27/11/2023 18:47,2725
******00201 Operational,,MPPS SIDDAPURAM,,,,Andhra Pradesh,1-Primary,33-MPP_ZPP SCHOOLS,1 To 5,3-Co-educational,1-Rural,Halaharvi,Siddapuram,,,SIDDAPURAM SIDDAPURAM SIDDAPURAM(VILLAGE) HALAHARVI(MANDAL) KURNOOL(DIST),518348,mppssiddapuram[at]gmail[dot]com,https://kys.udiseplus.gov.in/#/schooldetail/4701972/12,4701972,15/10/2020 12:18,2725
******02001 Operational,,MPPS SINGARAJANAHALLI,,,,Andhra Pradesh,1-Primary,33-MPP_ZPP SCHOOLS,1 To 5,3-Co-educational,1-Rural,Mantralayam,Singarajanahalli,,,SINGARAJANAHALLI SINGARAJANAHALLI SINGARAJANAHALLI(VILLAGE) MANTRALAYAM(MANDAL) KURNOOL(DIST),518349,someshvivek[at]gmail[dot]com,https://kys.udiseplus.gov.in/#/schooldetail/4697721/12,4697721,03/03/2023 13:31,2725
******01302 Operational,,MPPS SINGAUPRAM,,,,Andhra Pradesh,1-Primary,33-MPP_ZPP SCHOOLS,1 To 5,3-Co-educational,1-Rural,Devanakonda,Velamakuru,,,SINGAPURAM SINGAPURAM VELAMAKURU(VILLAGE) DEVANAKONDA(MANDAL) KURNOOL(DIST),518465,-mppssingapuram[at]gmail[dot]com,https://kys.udiseplus.gov.in/#/schooldetail/4699983/12,4699983,23/12/2025 21:50,2725
******01301 Operational,,MPPS SIRALADODDI,,,,Andhra Pradesh,1-Primary,33-MPP_ZPP SCHOOLS,1 To 5,3-Co-educational,1-Rural,Yemmiganur,Kadimetla,,,SIRALADODDI KADIMETLA KADIMETLA(VILLAGE) YEMMIGANUR(MANDAL) KURNOOL(DIST),518360,siraladoddisingams[at]gmail[dot]com,https://kys.udiseplus.gov.in/#/schooldetail/4699307/12,4699307,11/03/2024 17:47,2725
******02001 Operational,,MPPS SIRUGAPURAM,,,,Andhra Pradesh,1-Primary,33-MPP_ZPP SCHOOLS,1 To 5,3-Co-educational,1-Rural,Halaharvi,Sirugapuram,,,SIRUGAPURAM SIRUGAPURAM SIRUGAPURAM(VILLAGE) HALAHARVI(MANDAL) KURNOOL(DIST),518348,mppssirugapuramknl[at]gmail[dot]com,https://kys.udiseplus.gov.in/#/schooldetail/4702004/12,4702004,15/10/2020 12:18,2725
******00701 Operational,,MPPS S.KOTTALA,,,,Andhra Pradesh,1-Primary,33-MPP_ZPP SCHOOLS,1 To 5,3-Co-educational,1-Rural,Kosigi,Sathanur,,,S KOTTALA (VILLAGE) KOSIGI(MANDAL) KURNOOL(DIST),518313,veerareddy443[at]gmail[dot]com,https://kys.udiseplus.gov.in/#/schooldetail/4697610/12,4697610,20/12/2025 19:10,2725
******91020 Operational,,MPPS SMT COLONY,,,,Andhra Pradesh,1-Primary,33-MPP_ZPP SCHOOLS,1 To 2,3-Co-educational,2-Urban,NA,,Yemmiganur Ward No. 23,Yemmiganur-Municipality,S.M.T.COLONY YEMMIGANUR YEMMIGANUR(M)(VILLAGE) YEMMIGANUR(MANDAL) KURNOOL(DIST),518360,Asaritha77[at]gmail[dot]com,https://kys.udiseplus.gov.in/#/schooldetail/4699360/12,4699360,13/11/2025 13:15,2725
******00401 Operational,,MPPS SOGANUR (NEW),,,,Andhra Pradesh,1-Primary,33-MPP_ZPP SCHOOLS,1 To 5,3-Co-educational,1-Rural,Yemmiganur,Soganur,,,SOGANUR SOGANUR SOGANUR(VILLAGE) YEMMIGANUR(MANDAL) KURNOOL(DIST),518360,mppsnewsgnr401[at]gmail[dot]com,https://kys.udiseplus.gov.in/#/schooldetail/4699284/12,4699284,15/10/2020 12:18,2725
******01902 Operational,,MPPS SOMYAJULAPALLE,,,,Andhra Pradesh,1-Primary,33-MPP_ZPP SCHOOLS,1 To 5,3-Co-educational,1-Rural,Orvakal,Somyajulapalle,,,SOMYAJULAPALLE SOMYAJULAPALLE SOMYAJULAPALLE(VILLAGE) ORVAKAL(MANDAL) KURNOOL(DIST),518010,,https://kys.udiseplus.gov.in/#/schooldetail/4698028/12,4698028,15/10/2020 12:18,2725
******01701 Operational,,MPPS SOWLA HALLI,,,,Andhra Pradesh,1-Primary,33-MPP_ZPP SCHOOLS,1 To 5,3-Co-educational,1-Rural,Mantralayam,Sowla Halli,,,SOWLA HALLI SOWLA HALLI SOWLA HALLI(VILLAGE) MANTRALAYAM(MANDAL) KURNOOL(DIST),518349,mppssowlahalli[at]gmail[dot]com,https://kys.udiseplus.gov.in/#/schooldetail/4697713/12,4697713,10/09/2024 13:02,2725
******01501 Operational,,MPPS S.PEREMULA,,,,Andhra Pradesh,1-Primary,33-MPP_ZPP SCHOOLS,1 To 5,3-Co-educational,1-Rural,Veldurthi,Sho.Peremula,,,PEREMULA PEREMULA SHO.PEREMULA(VILLAGE) VELDURTI(MANDAL) KURNOOL(DIST),518216,shaikshervalishaikshervali7[at]gmail[dot]com,https://kys.udiseplus.gov.in/#/schooldetail/4700115/12,4700115,10/03/2024 09:43,2725
******00502 Operational,,MPPS(SPL) AMADAGUNTLA,,,,Andhra Pradesh,1-Primary,33-MPP_ZPP SCHOOLS,1 To 5,3-Co-educational,1-Rural,Kodumur,Amadaguntla,,,AMADAGUNTLA KODUMUR AMADAGUNTLA(VILLAGE) KODUMUR(MANDAL) KURNOOL(DIST),518467,,https://kys.udiseplus.gov.in/#/schooldetail/4699148/12,4699148,10/05/2022 11:24,2725
******00601 Operational,,MPPS(SPL) BELDONA,,,,Andhra Pradesh,1-Primary,33-MPP_ZPP SCHOOLS,1 To 5,3-Co-educational,1-Rural,Chippagiri,Beldona,,,BELDONA BELDONA BELDONA(VILLAGE) CHIPPAGIRI(MANDAL) KURNOOL(DIST),518396,rajyam283[at]gmail[dot]com,https://kys.udiseplus.gov.in/#/schooldetail/4701951/12,4701951,08/05/2022 09:45,2725
******00902 Operational,,MPPS (SPL) C.BELAGAL,,,,Andhra Pradesh,1-Primary,33-MPP_ZPP SCHOOLS,1 To 5,3-Co-educational,1-Rural,C.Belagal,C.Belagal,,,C.BELAGAL C.BELAGAL C.BELAGAL(VILLAGE) C.BELAGAL(MANDAL) KURNOOL(DIST),518462,meo.cbelagal[at]gmail[dot]com,https://kys.udiseplus.gov.in/#/schooldetail/4697819/12,4697819,15/10/2020 12:18,2725
******01404 Operational,,MPPS(SPL) E.THANDRAPADU,,,,Andhra Pradesh,1-Primary,33-MPP_ZPP SCHOOLS,1 To 5,3-Co-educational,1-Rural,Kurnool,E.Thandrapadu,,,E.THANDRAPADU E.THANDRAPADU E.THANDRAPADU(VILLAGE) KURNOOL(MANDAL) KURNOOL(DIST),518004,syamalajohn69[at]gmail[dot]com,https://kys.udiseplus.gov.in/#/schooldetail/4697949/12,4697949,27/12/2025 10:00,2725
******00603 Operational,,MPPS(SPL GANNDHI) GUDUR,,,,Andhra Pradesh,1-Primary,33-MPP_ZPP SCHOOLS,1 To 5,3-Co-educational,2-Urban,Gudur,,Gudur (M) - Ward No.11,Gudur (kurnool)-Town Panchayat,5th WARD SPL-GANDHI GUDUR (VILLAGE) GUDUR(MANDAL) KURNOOL(DIST),518466,meo.gudur[at]gmail[dot]com,https://kys.udiseplus.gov.in/#/schooldetail/4696746/12,4696746,11/05/2022 11:28,2725
******01001 Operational,,MPPS(SPL) K. NAGALAPURAM,,,,Andhra Pradesh,1-Primary,33-MPP_ZPP SCHOOLS,1 To 5,3-Co-educational,1-Rural,Gudur,Kuruvanagalapuram,,,K. NAGALAPURAM(VILLAGE) GUDUR(MANDAL) KURNOOL(DIST),518467,meo.gudur[at]gmail[dot]com,https://kys.udiseplus.gov.in/#/schooldetail/4697879/12,4697879,03/03/2024 14:59,2725
******00502 Operational,,MPPS (SPL) KOTHAKOTA,,,,Andhra Pradesh,1-Primary,33-MPP_ZPP SCHOOLS,1 To 5,3-Co-educational,1-Rural,C.Belagal,Kothakota,,,KOTHAKOTA KOTHAKOTA KOTHAKOTA(VILLAGE) C.BELAGAL(MANDAL) KURNOOL(DIST),518462,danugiddy8924[at]gmail[dot]com,https://kys.udiseplus.gov.in/#/schooldetail/4697798/12,4697798,11/03/2024 17:54,2725
******00702 Operational,,"MPPS(SPL), LADDAGIRI",,,,Andhra Pradesh,1-Primary,33-MPP_ZPP SCHOOLS,1 To 5,3-Co-educational,1-Rural,Kodumur,Laddagiri,,,LADDAGIRI NAGALAPURAM LADDAGIRI(VILLAGE) KODUMUR(MANDAL) KURNOOL(DIST),518467,sreedevisanthan[at]gmail[dot]com,https://kys.udiseplus.gov.in/#/schooldetail/4699153/12,4699153,10/05/2022 11:13,2725
******00704 Operational,,MPPS(SPL) MADHAVARAM,,,,Andhra Pradesh,1-Primary,33-MPP_ZPP SCHOOLS,1 To 5,3-Co-educational,1-Rural,Mantralayam,Madhavaram,,,S C COLONY MANTRALAYAM MADHAVARAM(VILLAGE) MANTRALAYAM(MANDAL) KURNOOL(DIST),518349,mppssplmadhavaram[at]gmail[dot]com,https://kys.udiseplus.gov.in/#/schooldetail/4697677/12,4697677,15/10/2020 12:18,2725
******01603 Operational,,MPPS(SPL) NANDAVARAM,,,,Andhra Pradesh,1-Primary,33-MPP_ZPP SCHOOLS,1 To 5,3-Co-educational,1-Rural,Nandavaram,Nandavaram,,,NANDAVARAM B C COLONY NANDAVARAM(VILLAGE) NANDAVARAM(MANDAL) KURNOOL(DIST),518343,mppssplndvrm1951[at]gmail[dot]com,https://kys.udiseplus.gov.in/#/schooldetail/4697768/12,4697768,02/03/2024 19:17,2725
******00106 Operational,,MPPS(SPL) NANNUR,,,,Andhra Pradesh,1-Primary,33-MPP_ZPP SCHOOLS,1 To 2,3-Co-educational,1-Rural,Orvakal,Nannur,,,NANNUR ORVAKAL NANNUR(VILLAGE) ORVAKAL(MANDAL) KURNOOL(DIST),518002,meo.orvakal17[at]gmail[dot]com,https://kys.udiseplus.gov.in/#/schooldetail/4698801/12,4698801,23/06/2025 21:31,2725
******00602 Operational,,MPPS (SPL) POLAKAL,,,,Andhra Pradesh,1-Primary,33-MPP_ZPP SCHOOLS,1 To 5,3-Co-educational,1-Rural,C.Belagal,Polakal,,,SC COLONY POLAKALA POLAKAL(VILLAGE) C.BELAGAL(MANDAL) KURNOOL(DIST),518462,meo.cbelagal[at]gmail[dot]com,https://kys.udiseplus.gov.in/#/schooldetail/4697805/12,4697805,04/03/2024 12:27,2725
******00202 Operational,,MPPS(SPL) REMATA,,,,Andhra Pradesh,1-Primary,33-MPP_ZPP SCHOOLS,1 To 5,3-Co-educational,1-Rural,Kurnool,Remata,,,REMATA KURNOOL REMATA(VILLAGE) KURNOOL(MANDAL) KURNOOL(DIST),518466,,https://kys.udiseplus.gov.in/#/schooldetail/4697891/12,4697891,26/12/2025 12:15,2725
******00102 Operational,,MPPS(SPL) SUNKESULA,,,,Andhra Pradesh,1-Primary,33-MPP_ZPP SCHOOLS,1 To 5,3-Co-educational,1-Rural,Kurnool,Sunkesula,,,SUNKESULA SUNKESULA SUNKESULA(VILLAGE) KURNOOL(MANDAL) KURNOOL(DIST),518466,sunkesulamppsspl[at]gmail[dot]com,https://kys.udiseplus.gov.in/#/schooldetail/4697887/12,4697887,26/12/2025 11:59,2725
******00402 Operational,,MPPS(SPL) YERUKALACHERUVU,,,,Andhra Pradesh,1-Primary,33-MPP_ZPP SCHOOLS,1 To 5,3-Co-educational,1-Rural,Krishnagiri,Yerukalacheruvu,,,HARIJANAWADA KRISHNAGIRI YERUKALACHERUVU(VILLAGE) KRISHNAGIRI(MANDAL) KURNOOL(DIST),518225,meo.krishnagiri28[at]gmail[dot]com,https://kys.udiseplus.gov.in/#/schooldetail/4700010/12,4700010,15/10/2020 12:18,2725
******02201 Operational,,MPPS SREEDARAHAL,,,,Andhra Pradesh,1-Primary,33-MPP_ZPP SCHOOLS,1 To 5,3-Co-educational,1-Rural,Halaharvi,Sreedarahal,,,SEEDARAHAL SEEDARAHAL SEEDARAHAL(VILLAGE) HALAHARVI(MANDAL) KURNOOL(DIST),518348,rb960899[at]gmail[dot]com,https://kys.udiseplus.gov.in/#/schooldetail/4702008/12,4702008,15/10/2020 12:18,2725
******01403 Operational,,MPPS SRI RAM NAGAR,,,,Andhra Pradesh,1-Primary,33-MPP_ZPP SCHOOLS,1 To 5,3-Co-educational,1-Rural,Yemmiganur,Gudikal,,,SRIRAM NAGAR GUDIKAL GUDIKAL(VILLAGE) YEMMIGANUR(MANDAL) KURNOOL(DIST),518360,meenakshiseenu[at]2704gmail[dot]com,https://kys.udiseplus.gov.in/#/schooldetail/4699315/12,4699315,15/10/2020 12:18,2725
******01406 Operational,,MPPS SRIRANGAPURAM,,,,Andhra Pradesh,1-Primary,33-MPP_ZPP SCHOOLS,1 To 5,3-Co-educational,1-Rural,Veldurthi,Govardhanagiri,,,SRIRANGAPURAM SRIRANGAPURAM GOVARDHANAGIRI(VILLAGE) VELDURTI(MANDAL) KURNOOL(DIST),518216,hm.srirangapuram[at]gmail[dot]com,https://kys.udiseplus.gov.in/#/schooldetail/4700111/12,4700111,14/08/2024 14:33,2725
******01009 Operational,,MPPS STANTANPURAM,,,,Andhra Pradesh,1-Primary,33-MPP_ZPP SCHOOLS,1 To 5,3-Co-educational,2-Urban,NA,,Kurnool Ward No. 39,Kurnool-Municipal Corporations,STANTANPURAM MAMIDALAPADU MAMIDALAPADU(VILLAGE) KURNOOL(MANDAL) KURNOOL(DIST),518006,mppsstantanpuram[at]gmail[dot]com,https://kys.udiseplus.gov.in/#/schooldetail/4697927/12,4697927,05/01/2026 15:30,2725
******00503 Operational,,MPPS(ST COL) KRISHNAGIRI,,,,Andhra Pradesh,1-Primary,33-MPP_ZPP SCHOOLS,1 To 2,3-Co-educational,1-Rural,Krishnagiri,Krishnagiri,,,KRISHNAGIRI S T COLONY KRISHNAGIRI(VILLAGE) KRISHNAGIRI(MANDAL) KURNOOL(DIST),518225,meo.krishnagiri28[at]gmail[dot]com,https://kys.udiseplus.gov.in/#/schooldetail/4700014/12,4700014,13/11/2025 12:42,2725
******01016 Operational,,MPPS SUDEPALLI,,,,Andhra Pradesh,1-Primary,33-MPP_ZPP SCHOOLS,1 To 5,3-Co-educational,1-Rural,Veldurthi,Sudepalle,,,HARIJANA WADA SUDEPALLI VELDURTHI(VILLAGE) VELDURTI(MANDAL) KURNOOL(DIST),518222,Bcsnaidu1967[at]gmail[dot]com,https://kys.udiseplus.gov.in/#/schooldetail/4700085/12,4700085,10/03/2024 09:45,2725
******02101 Operational,,MPPS SUDIREDDIPALLI,,,,Andhra Pradesh,1-Primary,33-MPP_ZPP SCHOOLS,1 To 5,3-Co-educational,1-Rural,Kurnool,Pasupula (Og),,,SUDIREDDIPALLI PASUPULA(VILLAGE) KURNOOL(MANDAL) KURNOOL(DIST)518452,518452,,https://kys.udiseplus.gov.in/#/schooldetail/4696881/12,4696881,27/12/2025 12:14,2725
******01302 Permanently Closed,,MPPS SUGALI THANDA,,,,Andhra Pradesh,1-Primary,33-MPP_ZPP SCHOOLS,1 To 5,3-Co-educational,1-Rural,Veldurthi,Laxminagaram,,,NA,518216,,https://kys.udiseplus.gov.in/#/schooldetail/4717429/12,4717429,15/10/2020 12:18,2725
******02001 Operational,,MPPS SULTHANAPURAM,,,,Andhra Pradesh,1-Primary,33-MPP_ZPP SCHOOLS,1 To 5,3-Co-educational,1-Rural,Adoni,Sulthanapuram,,,SULTHANAPURAM SULTHANAPURAM SULTHANAPURAM(VILLAGE) ADONI(MANDAL) KURNOOL(DIST),518302,Mppssulthanapuram1975[at]gmail[dot]com,https://kys.udiseplus.gov.in/#/schooldetail/4699496/12,4699496,13/01/2023 15:19,2725
******01901 Operational,,MPPS SULUVOY,,,,Andhra Pradesh,1-Primary,33-MPP_ZPP SCHOOLS,1 To 5,3-Co-educational,1-Rural,Holagunda,Suluvoy,,,SULUVOY SULUVOY SULUVOY(VILLAGE) HOLAGUNDA(MANDAL) KURNOOL(DIST),518346,meo.holagunda1324[at]gmail[dot]com,https://kys.udiseplus.gov.in/#/schooldetail/4699782/12,4699782,15/10/2020 12:18,2725
******90410 Operational,,MPPS SUNDARAIAH NAGAR,,,,Andhra Pradesh,1-Primary,33-MPP_ZPP SCHOOLS,1 To 5,3-Co-educational,2-Urban,NA,,Kurnool Ward No. 32,Kurnool-Municipal Corporations,KALLUR ( SUNDHARAIAH NAGAR KALLUR(VILLAGE) KALLUR(MANDAL) KURNOOL(DIST),518002,,https://kys.udiseplus.gov.in/#/schooldetail/4698976/12,4698976,23/12/2025 13:19,2725
******00101 Operational,,MPPS SUNKESULA,,,,Andhra Pradesh,1-Primary,33-MPP_ZPP SCHOOLS,1 To 5,3-Co-educational,1-Rural,Kurnool,Sunkesula,,,SUNKESULA SUNKESULA SUNKESULA(VILLAGE) KURNOOL(MANDAL) KURNOOL(DIST),518466,meo.kurnool07[at]gmail[dot]com,https://kys.udiseplus.gov.in/#/schooldetail/4697886/12,4697886,26/12/2025 11:51,2725
******01212 Operational,,MPPS SURYA THANDA,,,,Andhra Pradesh,1-Primary,33-MPP_ZPP SCHOOLS,1 To 5,3-Co-educational,1-Rural,Tuggali,Gooty Erragudi,,,SURYATHANDA SURYATHANDA GOOTY ERRAGUDI(VILLAGE) TUGGALI(MANDAL) KURNOOL(DIST),518390,sivagshankar1997[at]gmail[dot]com,https://kys.udiseplus.gov.in/#/schooldetail/4701827/12,4701827,15/10/2020 12:18,2725
******90415 Operational,,MPPS SWAMY REDDY NAGAR,,,,Andhra Pradesh,1-Primary,33-MPP_ZPP SCHOOLS,1 To 5,3-Co-educational,2-Urban,NA,,Kurnool Ward No. 16,Kurnool-Municipal Corporations,KALLUR ( SWAMY REDDY NAGAR KALLUR(VILLAGE) KALLUR(MANDAL) KURNOOL(DIST),518002,,https://kys.udiseplus.gov.in/#/schooldetail/4698981/12,4698981,23/12/2025 13:20,2725
******01802 Operational,,MPPS(SW) CHINNAHOTHUR,,,,Andhra Pradesh,1-Primary,33-MPP_ZPP SCHOOLS,1 To 2,3-Co-educational,1-Rural,Aspari,Chinnahothur,,,CHINNAHOTHUR CHINNAHOTHUR CHINNAHOTHUR(VILLAGE) ASPARI(MANDAL) KURNOOL(DIST),518395,meoaspari[at]gmail[dot]com,https://kys.udiseplus.gov.in/#/schooldetail/4699902/12,4699902,21/12/2025 13:07,2725
******01402 Operational,,MPPS(SW) GUDIKAL,,,,Andhra Pradesh,1-Primary,33-MPP_ZPP SCHOOLS,1 To 5,3-Co-educational,1-Rural,Yemmiganur,Gudikal,,,GUDIKAL GUDIKAL GUDIKAL(VILLAGE) YEMMIGANUR(MANDAL) KURNOOL(DIST),518360,mlrvenkat33[at]gmail[dot]com,https://kys.udiseplus.gov.in/#/schooldetail/4699314/12,4699314,15/10/2020 12:18,2725
******00902 Operational,,MPPS(SW) HALVI,,,,Andhra Pradesh,1-Primary,33-MPP_ZPP SCHOOLS,1 To 5,3-Co-educational,1-Rural,Kowthalam,Halvi,,,HALVI HALVI HALVI(VILLAGE) KOWTHALAM(MANDAL) KURNOOL(DIST),518333,,https://kys.udiseplus.gov.in/#/schooldetail/4697540/12,4697540,11/05/2022 09:27,2725
******01002 Operational,,MPPS(SW) HOSUR,,,,Andhra Pradesh,1-Primary,33-MPP_ZPP SCHOOLS,1 To 5,3-Co-educational,1-Rural,Pattikonda,Hosur,,,HOSUR HOSUR HOSUR(VILLAGE) PATHIKONDA(MANDAL) KURNOOL(DIST),518380,gouriumla[at]gmail[dot]com,https://kys.udiseplus.gov.in/#/schooldetail/4701895/12,4701895,15/10/2020 12:18,2725
******02002 Operational,,MPPS(SW) JOHARAPURAM,,,,Andhra Pradesh,1-Primary,33-MPP_ZPP SCHOOLS,1 To 5,3-Co-educational,1-Rural,Aspari,Joharapuram,,,NEAR KAVERAMMA GUDI JOHARAPURAM JOHARAPURAM(VILLAGE) ASPARI(MANDAL) KURNOOL(DIST),518347,ramcharan.u[at]gmail[dot]com,https://kys.udiseplus.gov.in/#/schooldetail/4699916/12,4699916,21/12/2025 13:09,2725
******02409 Operational,,MPPS(S W) KOSIGI,,,,Andhra Pradesh,1-Primary,33-MPP_ZPP SCHOOLS,1 To 5,3-Co-educational,1-Rural,Kosigi,Kosigi,,,"SOCIAL WELFARE IXthWARD KOSIGI, KOSIGI(VILLAGE) KOSIGI(MANDAL) KURNOOL(DIST)",518313,,https://kys.udiseplus.gov.in/#/schooldetail/4697648/12,4697648,20/12/2025 18:55,2725
******02702 Operational,,MPPS(SW) KOWTHALAM,,,,Andhra Pradesh,1-Primary,33-MPP_ZPP SCHOOLS,1 To 5,3-Co-educational,1-Rural,Kowthalam,Kowthalam,,,KOWTHALAM(VILLAGE) KOWTHALAM(MANDAL) KURNOOL(DIST),518344,satish.nukala.471[at]gmail[dot]com,https://kys.udiseplus.gov.in/#/schooldetail/4697575/12,4697575,11/05/2022 09:35,2725
******01302 Operational,,MPPS(SW) NAGARUR,,,,Andhra Pradesh,1-Primary,33-MPP_ZPP SCHOOLS,1 To 5,3-Co-educational,1-Rural,Aspari,Nagarur,,,NAGARUR NAGARUR NAGARUR(VILLAGE) ASPARI(MANDAL) KURNOOL(DIST),518347,meoaspari[at]gmail[dot]com,https://kys.udiseplus.gov.in/#/schooldetail/4699894/12,4699894,21/12/2025 13:10,2725
******03301 Operational,,MPPS(SW) N.N.HALLI,,,,Andhra Pradesh,1-Primary,33-MPP_ZPP SCHOOLS,1 To 5,3-Co-educational,1-Rural,Adoni,Naganathana Halli,,,NAGANATHANA HALLI NAGANATHANA HALLI NAGANATHANA HALLI(VILLAGE) ADONI(MANDAL) KURNOOL(DIST),518308,shurashurabhaskar[at]gmail[dot]com,https://kys.udiseplus.gov.in/#/schooldetail/4699531/12,4699531,15/10/2020 12:18,2725
******01201 Operational,,MPPS(SW) RACHUMMARI,,,,Andhra Pradesh,1-Primary,33-MPP_ZPP SCHOOLS,1 To 5,3-Co-educational,1-Rural,Mantralayam,Rachumarri,,,RACHUMARRI(SW) RACHUMARRI RACHUMARRI(VILLAGE) MANTRALAYAM(MANDAL) KURNOOL(DIST),518349,mppsswrachumarri[at]gmail[dot]com,https://kys.udiseplus.gov.in/#/schooldetail/4697698/12,4697698,21/02/2023 10:58,2725
******01101 Operational,,MPPS TANGARADONA,,,,Andhra Pradesh,1-Primary,33-MPP_ZPP SCHOOLS,1 To 5,3-Co-educational,1-Rural,Aspari,Tangaradona,,,TANGARADONA TANGARADONA TANGARADONA(VILLAGE) ASPARI(MANDAL) KURNOOL(DIST),518347,meoaspari[at]gmail[dot]com,https://kys.udiseplus.gov.in/#/schooldetail/4699890/12,4699890,21/12/2025 12:50,2725
******01801 Operational,,MPPS TARAPURAM,,,,Andhra Pradesh,1-Primary,33-MPP_ZPP SCHOOLS,1 To 5,3-Co-educational,1-Rural,Peddakadabur,Tarapuram,,,TARAPURAM TARAPURAM TARAPURAM(VILLAGE) PEDDAKADUBUR(MANDAL) KURNOOL(DIST),518323,meo.peddakadubur[at]gmail[dot]com,https://kys.udiseplus.gov.in/#/schooldetail/4699452/12,4699452,20/12/2025 13:17,2725
******00902 Operational,,"MPPS(T), GULYAM",,,,Andhra Pradesh,1-Primary,33-MPP_ZPP SCHOOLS,1 To 5,3-Co-educational,1-Rural,Halaharvi,Gulyam,,,GULYAM GULYAM GULYAM(VILLAGE) HALAHARVI(MANDAL) KURNOOL(DIST),518348,lakshmideviboya71[at]gmail[dot]com,https://kys.udiseplus.gov.in/#/schooldetail/4701982/12,4701982,24/06/2021 21:36,2725
******01402 Operational,,MPPS T.G.V NAGAR,,,,Andhra Pradesh,1-Primary,33-MPP_ZPP SCHOOLS,1 To 5,3-Co-educational,1-Rural,Kurnool,E.Thandrapadu,,,T.G.V.NAGAR E.THANDRAPADU E.THANDRAPADU(VILLAGE) KURNOOL(MANDAL) KURNOOL(DIST),518004,,https://kys.udiseplus.gov.in/#/schooldetail/4697947/12,4697947,26/12/2025 17:29,2725
******01204 Operational,,MPPS THADAKANAPALLE,,,,Andhra Pradesh,1-Primary,33-MPP_ZPP SCHOOLS,1 To 5,3-Co-educational,1-Rural,Kallur,Thadakanapalle,,,THADAKANAPALLE KALLUR THADAKANAPALLE(VILLAGE) KALLUR(MANDAL) KURNOOL(DIST),518218,Fruityhoney1970[at]gmail[dot]com,https://kys.udiseplus.gov.in/#/schooldetail/4698940/12,4698940,23/12/2025 12:51,2725
******01203 Operational,,MPPS THEGADODDI,,,,Andhra Pradesh,1-Primary,33-MPP_ZPP SCHOOLS,1 To 5,3-Co-educational,1-Rural,Krishnagiri,Lakkasagaram,,,THEGADODDI LAKKASAGARAM LAKKASAGARAM(VILLAGE) KRISHNAGIRI(MANDAL) KURNOOL(DIST),518225,mppschoolthegadoddi[at]gmail[dot]com,https://kys.udiseplus.gov.in/#/schooldetail/4700035/12,4700035,10/03/2024 09:49,2725
******00202 Operational,,MPPS THIMMANADODDI,,,,Andhra Pradesh,1-Primary,33-MPP_ZPP SCHOOLS,1 To 5,3-Co-educational,1-Rural,C.Belagal,Palukudoddi,,,THIMMANADODDI THIMMANADODDI PALUKUDODDI(VILLAGE) C.BELAGAL(MANDAL) KURNOOL(DIST),518462,meo.cbelagal[at]gmail[dot]com,https://kys.udiseplus.gov.in/#/schooldetail/4697784/12,4697784,15/10/2020 12:18,2725
******00802 Operational,,MPPS THIMMAPURAM,,,,Andhra Pradesh,1-Primary,33-MPP_ZPP SCHOOLS,1 To 5,3-Co-educational,1-Rural,Veldurthi,Narasapuram,,,THIMMAPURAM THIMMAPURAM NARASAPURAM(VILLAGE) VELDURTI(MANDAL) KURNOOL(DIST),518217,,https://kys.udiseplus.gov.in/#/schooldetail/4700072/12,4700072,15/10/2020 12:18,2725
******00301 Operational,,MPPS THIMMAPURAM,,,,Andhra Pradesh,1-Primary,33-MPP_ZPP SCHOOLS,1 To 5,3-Co-educational,1-Rural,Chippagiri,Thimmapuram,,,THIMMAPURAM THIMMAPURAM THIMMAPURAM(VILLAGE) CHIPPAGIRI(MANDAL) KURNOOL(DIST),518396,,https://kys.udiseplus.gov.in/#/schooldetail/4701943/12,4701943,08/05/2022 09:37,2725
******02403 Operational,,MPPS THIMMAPURAM,,,,Andhra Pradesh,1-Primary,33-MPP_ZPP SCHOOLS,1 To 5,3-Co-educational,1-Rural,Kowthalam,Urukunda,,,THIMMAPURAM THIMMAPURAM URUKUNDA(VILLAGE) KOWTHALAM(MANDAL) KURNOOL(DIST),518344,mppsthimmapuram9[at]gmail[dot]com,https://kys.udiseplus.gov.in/#/schooldetail/4697566/12,4697566,11/05/2022 09:34,2725
******01101 Operational,,MPPS THIPPALADODDI,,,,Andhra Pradesh,1-Primary,33-MPP_ZPP SCHOOLS,1 To 5,3-Co-educational,1-Rural,Kowthalam,Chudi,,,THIPPALADODDI THIPPALADODDI THIPPALADODDI(VILLAGE) KOWTHALAM(MANDAL) KURNOOL(DIST),518344,,https://kys.udiseplus.gov.in/#/schooldetail/4697544/12,4697544,11/05/2022 09:29,2725
******00801 Operational,,MPPS THIPPANUR,,,,Andhra Pradesh,1-Primary,33-MPP_ZPP SCHOOLS,1 To 5,3-Co-educational,1-Rural,Gonegandla,Thippanur,,,THIPPANUR GONEGANDLA THIPPANUR(VILLAGE) GONEGANDLA(MANDAL) KURNOOL(DIST),518463,anu197106[at]gmail[dot]com,https://kys.udiseplus.gov.in/#/schooldetail/4699210/12,4699210,12/02/2026 11:46,2725
******01401 Operational,,MPPS THIPPATALAMARRI,,,,Andhra Pradesh,1-Primary,33-MPP_ZPP SCHOOLS,1 To 5,3-Co-educational,1-Rural,Devanakonda,Nallachelimal,,,THIPPATALAMARRI THIPPATALAMARRI NALLACHELIMALA(VILLAGE) DEVANAKONDA(MANDAL) KURNOOL(DIST),518465,jayaraju1905[at]gmail[dot]com,https://kys.udiseplus.gov.in/#/schooldetail/4699986/12,4699986,23/12/2025 18:27,2725
******00501 Operational,,MPPS THIPPAYAPALLE,,,,Andhra Pradesh,1-Primary,33-MPP_ZPP SCHOOLS,1 To 5,3-Co-educational,1-Rural,Orvakal,Thippayapalle,,,THIPPAYAPALLE THIPPAYAPALLE THIPPAYAPALLE(VILLAGE) ORVAKAL(MANDAL) KURNOOL(DIST),518010,mppsthippayapalli[at]gmail[dot]com,https://kys.udiseplus.gov.in/#/schooldetail/4698817/12,4698817,15/10/2020 12:18,2725
******00803 Operational,,MPPS THOGALAGALLU,,,,Andhra Pradesh,1-Primary,33-MPP_ZPP SCHOOLS,1 To 5,3-Co-educational,1-Rural,Aspari,Yatakallu,,,THOGALAGALLU THOGALAGALLU YATAKALLU(VILLAGE) ASPARI(MANDAL) KURNOOL(DIST),518465,kuruvathulasaiah[at]gmail[dot]com,https://kys.udiseplus.gov.in/#/schooldetail/4699884/12,4699884,21/12/2025 12:51,2725
******00601 Operational,,MPPS THOLISAPURAM,,,,Andhra Pradesh,1-Primary,33-MPP_ZPP SCHOOLS,1 To 5,3-Co-educational,1-Rural,Kurnool,Basavapuram,,,THOLISAPURAM BASAVAPURAM BASAVAPURAM(VILLAGE) KURNOOL(MANDAL) KURNOOL(DIST),518004,meo.kurnool07[at]gmail[dot]com,https://kys.udiseplus.gov.in/#/schooldetail/4697909/12,4697909,26/12/2025 15:24,2725
******03501 Operational,,MPPS THOVI,,,,Andhra Pradesh,1-Primary,33-MPP_ZPP SCHOOLS,1 To 5,3-Co-educational,1-Rural,Kowthalam,Thovi,,,THOVI THOVI THOVI(VILLAGE) KOWTHALAM(MANDAL) KURNOOL(DIST),518344,,https://kys.udiseplus.gov.in/#/schooldetail/4697602/12,4697602,11/05/2022 09:47,2725
******01101 Operational,,MPPS THUMBALABEEDU,,,,Andhra Pradesh,1-Primary,33-MPP_ZPP SCHOOLS,1 To 5,3-Co-educational,1-Rural,Alur,Thumbalabeedu,,,THUMBALABEEDU THUMBALABEEDU THUMBALABEEDU(VILLAGE) ALUR(MANDAL) KURNOOL(DIST),518395,manju9ulebeedumatm[at]gmail[dot]com,https://kys.udiseplus.gov.in/#/schooldetail/4699808/12,4699808,22/12/2025 12:56,2725
******00801 Operational,,MPPS THUMBINAGUR,,,,Andhra Pradesh,1-Primary,33-MPP_ZPP SCHOOLS,1 To 5,3-Co-educational,1-Rural,Kosigi,Thumbiganur,,,THUMBIGANUR(VILLAGE) KOSIGI(MANDAL) KURNOOL(DIST),518313,veerareddy443[at]gmail[dot]com,https://kys.udiseplus.gov.in/#/schooldetail/4697613/12,4697613,20/12/2025 19:15,2725
******01001 Operational,,MPPS THURVAGAL,,,,Andhra Pradesh,1-Primary,33-MPP_ZPP SCHOOLS,1 To 5,3-Co-educational,1-Rural,Aspari,Tangaradona,,,THURVAGAL THURVAGAL THURVAGAL(VILLAGE) ASPARI(MANDAL) KURNOOL(DIST),518347,mpps.thuruvagal[at]gmail[dot]com,https://kys.udiseplus.gov.in/#/schooldetail/4699889/12,4699889,21/12/2025 12:52,2725
******01502 Operational,,MPPS THUVVADODDI,,,,Andhra Pradesh,1-Primary,33-MPP_ZPP SCHOOLS,1 To 5,3-Co-educational,1-Rural,Devanakonda,Gundlakonda,,,THUVVADODDI THUVVADODDI GUNDLAKONDA(VILLAGE) DEVANAKONDA(MANDAL) KURNOOL(DIST),518468,gopaluduneeli[at]gmail[dot]com,https://kys.udiseplus.gov.in/#/schooldetail/4699990/12,4699990,23/12/2025 18:30,2725
******03902 Operational,,MPPS TIRUMALA NAGAR,,,,Andhra Pradesh,1-Primary,33-MPP_ZPP SCHOOLS,1 To 5,3-Co-educational,1-Rural,Adoni,Mandagiri (Rural),,,TIRUMALA NAGAR MANDAGIRI MANDAGIRI(VILLAGE) ADONI(MANDAL) KURNOOL(DIST),518302,,https://kys.udiseplus.gov.in/#/schooldetail/4699544/12,4699544,14/03/2024 09:08,2725
******01602 Operational,,MPPS(TM) NANDAVARAM,,,,Andhra Pradesh,1-Primary,33-MPP_ZPP SCHOOLS,1 To 5,3-Co-educational,1-Rural,Nandavaram,Nandavaram,,,NANDAVARAM IInd WARD NANDAVARAM(VILLAGE) NANDAVARAM(MANDAL) KURNOOL(DIST),518343,,https://kys.udiseplus.gov.in/#/schooldetail/4697767/12,4697767,15/10/2020 12:18,2725
******91002 Operational,,MPPS(TM) YEMMIGANUR,,,,Andhra Pradesh,1-Primary,33-MPP_ZPP SCHOOLS,1 To 5,3-Co-educational,2-Urban,NA,,Yemmiganur (M) - Ward No.18,Yemmiganur-Municipality,YEMMIGANUR ( YEMMIGANUR YEMMIGANUR(M)(VILLAGE) YEMMIGANUR(MANDAL) KURNOOL(DIST),518360,,https://kys.udiseplus.gov.in/#/schooldetail/4698295/12,4698295,10/09/2024 12:59,2725
******00302 Operational,,MPPS(T) P.HARIVARAM,,,,Andhra Pradesh,1-Primary,33-MPP_ZPP SCHOOLS,1 To 5,3-Co-educational,1-Rural,Adoni,Pedda Harivanam,,,PEDDA HARIVANAM ADONI PEDDA HARIVANAM(VILLAGE) ADONI(MANDAL) KURNOOL(DIST),518308,ananyakalu[at]gmail[dot]com,https://kys.udiseplus.gov.in/#/schooldetail/4699464/12,4699464,15/10/2020 12:18,2725
******02401 Operational,,MPPS T.SAKIBANDA,,,,Andhra Pradesh,1-Primary,33-MPP_ZPP SCHOOLS,1 To 5,3-Co-educational,1-Rural,Halaharvi,T Sakibanda,,,TSAKIBANDA TSAKIBANDA TSAKIBANDA(VILLAGE) HALAHARVI(MANDAL) KURNOOL(DIST),518348,navalkishore4290[at]gmail[dot]com,https://kys.udiseplus.gov.in/#/schooldetail/4702010/12,4702010,15/10/2020 12:18,2725
******00501 Operational,,MPPS TSALLAKUDLUR (NEW),,,,Andhra Pradesh,1-Primary,33-MPP_ZPP SCHOOLS,1 To 5,3-Co-educational,1-Rural,Yemmiganur,Tsallakudlur,,,TSALLAKUDLUR TSALLAKUDLUR TSALLAKUDLUR(VILLAGE) YEMMIGANUR(MANDAL) KURNOOL(DIST),518360,mppstskulur[at]gmail[dot]com,https://kys.udiseplus.gov.in/#/schooldetail/4699286/12,4699286,15/10/2020 12:18,2725
******01201 Operational,,MPPS T.SOMALAGUDUR,,,,Andhra Pradesh,1-Primary,33-MPP_ZPP SCHOOLS,1 To 5,3-Co-educational,1-Rural,Nandavaram,T Somalaguduru,,,T.SOMALAGUDUR T.SOMALAGUDUR CHAMALAGUDURU(VILLAGE) NANDAVARAM(MANDAL) KURNOOL(DIST),518462,gosubalusubbareddy[at]gmail[dot]com,https://kys.udiseplus.gov.in/#/schooldetail/4697759/12,4697759,15/10/2020 12:18,2725
******00901 Operational,,MPPS TUNGABHADRA,,,,Andhra Pradesh,1-Primary,33-MPP_ZPP SCHOOLS,1 To 5,3-Co-educational,1-Rural,Mantralayam,Kachapuram,,,TUNGABHADRA MANCHALA MANCHALA(VILLAGE) MANTRALAYAM(MANDAL) KURNOOL(DIST),518349,mpps28210300901[at]gmail[dot]com,https://kys.udiseplus.gov.in/#/schooldetail/4697682/12,4697682,15/10/2020 12:18,2725
******01006 Operational,,MPPS(U) 6TH WARD HOLAGUNDA,,,,Andhra Pradesh,1-Primary,33-MPP_ZPP SCHOOLS,1 To 5,3-Co-educational,1-Rural,Holagunda,Holagunda,,,BUS STAND 6th WARD BUS STAND 6th WARD HOLAGUNDA(VILLAGE) HOLAGUNDA(MANDAL) KURNOOL(DIST),518346,meo.holagunda1324[at]gmail[dot]com,https://kys.udiseplus.gov.in/#/schooldetail/4699761/12,4699761,22/07/2024 13:36,2725
******00303 Operational,,MPPS(UB) KODUMUR,,,,Andhra Pradesh,1-Primary,33-MPP_ZPP SCHOOLS,1 To 2,3-Co-educational,1-Rural,Kodumur,Kodumur,,,KODUMUR KODUMUR KODUMUR(VILLAGE) KODUMUR(MANDAL) KURNOOL(DIST),518464,meo.kodumur19[at]gmail[dot]com,https://kys.udiseplus.gov.in/#/schooldetail/4699100/12,4699100,19/12/2025 12:32,2725
******02404 Operational,,MPPS(UB) KOSIGI,,,,Andhra Pradesh,1-Primary,33-MPP_ZPP SCHOOLS,1 To 5,3-Co-educational,1-Rural,Kosigi,Kosigi,,,URDU GIRLS 6th WARD KOSIGI KOSIGI(VILLAGE) KOSIGI(MANDAL) KURNOOL(DIST),518313,veerareddy443[at]gmail[dot]com,https://kys.udiseplus.gov.in/#/schooldetail/4697642/12,4697642,20/12/2025 18:50,2725
******02402 Operational,,MPPS(U) B.THANDARAPADU,,,,Andhra Pradesh,1-Primary,33-MPP_ZPP SCHOOLS,1 To 5,3-Co-educational,1-Rural,Kurnool,B. Thandrapadu (Og),,,B.THANDRAPADU B C COLONY B.THANDRAPADU(VILLAGE) KURNOOL(MANDAL) KURNOOL(DIST),518007,,https://kys.udiseplus.gov.in/#/schooldetail/4698004/12,4698004,30/12/2025 10:48,2725
******01102 Operational,,MPPS(U) BUDIDAPADU,,,,Andhra Pradesh,1-Primary,33-MPP_ZPP SCHOOLS,1 To 5,3-Co-educational,1-Rural,Gudur,Budidapadu,,,BUDIDAPADU(VILLAGE) GUDUR(MANDAL) KURNOOL(DIST),518467,meo.gudur[at]gmail[dot]com,https://kys.udiseplus.gov.in/#/schooldetail/4697885/12,4697885,22/07/2024 13:11,2725
******01802 Closed,Closed,MPPS(U) CHINTHAKUNTA,,,,Andhra Pradesh,1-Primary,33-MPP_ZPP SCHOOLS,1 To 5,3-Co-educational,1-Rural,Halaharvi,Chinthakunta,,,CHINTHAKUNTA CHINTHAKUNTA CHINTHAKUNTA(VILLAGE) HALAHARVI(MANDAL) KURNOOL(DIST),518348,angadishabana46[at]gmail[dot]com,https://kys.udiseplus.gov.in/#/schooldetail/4701999/12,4701999,05/08/2025 14:24,2725
******01203 Permanently Closed,,MPPS(U) CHIPPAGIRI,,,,Andhra Pradesh,1-Primary,33-MPP_ZPP SCHOOLS,1 To 5,3-Co-educational,1-Rural,Chippagiri,Chippagiri,,,NA,518396,,https://kys.udiseplus.gov.in/#/schooldetail/4717540/12,4717540,15/10/2020 12:18,2725
******01902 Closed,Closed,MPPS(U) DIGUVAPADU,,,,Andhra Pradesh,1-Primary,33-MPP_ZPP SCHOOLS,1 To 5,3-Co-educational,1-Rural,Kurnool,Diguvapadu,,,DIGUVAPADU KURNOOL DIGUVAPADU(VILLAGE) KURNOOL(MANDAL) KURNOOL(DIST),518452,,https://kys.udiseplus.gov.in/#/schooldetail/4697972/12,4697972,15/10/2020 12:18,2725
******02405 Operational,,MPPS(UG) KOSIGI,,,,Andhra Pradesh,1-Primary,33-MPP_ZPP SCHOOLS,1 To 5,3-Co-educational,1-Rural,Kosigi,Kosigi,,,URDU BOYS 6th WARD KOSIGI KOSIGI(VILLAGE) KOSIGI(MANDAL) KURNOOL(DIST),518313,veerareddy443[at]gmail[dot]com,https://kys.udiseplus.gov.in/#/schooldetail/4697643/12,4697643,20/12/2025 18:52,2725
******01002 Operational,,MPPS(U) HAJARATHJI NAGAR,,,,Andhra Pradesh,1-Primary,33-MPP_ZPP SCHOOLS,1 To 5,3-Co-educational,2-Urban,NA,,Kurnool Ward No. 39,Kurnool-Municipal Corporations,STANTAMPURAM MAMIDALAPADU MAMIDALAPADU(VILLAGE) KURNOOL(MANDAL) KURNOOL(DIST),518006,anwars.net[at]gmail[dot]com,https://kys.udiseplus.gov.in/#/schooldetail/4697922/12,4697922,05/01/2026 15:27,2725
******00101 Operational,,MPPS(U) HANAVALU,,,,Andhra Pradesh,1-Primary,33-MPP_ZPP SCHOOLS,1 To 5,3-Co-educational,1-Rural,Adoni,Hanavalu,,,HANAVALU ADONI HANAVALU(VILLAGE) ADONI(MANDAL) KURNOOL(DIST),518343,Devallasivaguravaiah[at]gmail[dot]com,https://kys.udiseplus.gov.in/#/schooldetail/4699453/12,4699453,22/12/2025 12:05,2725
******01701 Operational,,MPPS(U) HATHI BELGAL,,,,Andhra Pradesh,1-Primary,33-MPP_ZPP SCHOOLS,1 To 5,3-Co-educational,1-Rural,Alur,Hathi Belgal,,,HATHI BELGAL ALUR HATHI BELGAL(VILLAGE) ALUR(MANDAL) KURNOOL(DIST),518395,mppsu786[at]gmail[dot]com,https://kys.udiseplus.gov.in/#/schooldetail/4699844/12,4699844,22/12/2025 13:07,2725
******00402 Operational,,MPPS(U) INGALADAHAL,,,,Andhra Pradesh,1-Primary,33-MPP_ZPP SCHOOLS,1 To 5,3-Co-educational,1-Rural,Holagunda,Ingaladahal,,,INGALADAHAL INGALADAHAL INGALADAHAL(VILLAGE) HOLAGUNDA(MANDAL) KURNOOL(DIST),518308,meo.holagunda1324[at]gmail[dot]com,https://kys.udiseplus.gov.in/#/schooldetail/4699743/12,4699743,15/10/2020 12:18,2725
******01502 Closed,Closed,MPPS(U) KADIVELLA,,,,Andhra Pradesh,1-Primary,33-MPP_ZPP SCHOOLS,1 To 5,3-Co-educational,1-Rural,Yemmiganur,Kadivella,,,KADIVELLA KADIVELLA KADIVELLA(VILLAGE) YEMMIGANUR(MANDAL) KURNOOL(DIST),518350,,https://kys.udiseplus.gov.in/#/schooldetail/4699319/12,4699319,15/10/2020 12:18,2725
******90403 Operational,,MPPS(U) KALLUR,,,,Andhra Pradesh,1-Primary,33-MPP_ZPP SCHOOLS,1 To 5,3-Co-educational,2-Urban,Kallur,,Kurnool Ward No. 33,Kurnool-Municipal Corporations,KALLUR ( NR GRAMA PANCHAYAT KALLUR(VILLAGE) KALLUR(MANDAL) KURNOOL(DIST),518003,Shaikunnisa2029[at]gmail[dot]com,https://kys.udiseplus.gov.in/#/schooldetail/4698969/12,4698969,23/12/2025 13:13,2725
******00601 Operational,,MPPS(U) KHYRAWADI,,,,Andhra Pradesh,1-Primary,33-MPP_ZPP SCHOOLS,1 To 5,3-Co-educational,1-Rural,Gonegandla,Handri Khairawadi,,,HANDRI KHAIRAWADI GONEGANDLA HANDRI KHAIRAWADI(VILLAGE) GONEGANDLA(MANDAL) KURNOOL(DIST),518463,mppsurdu.khyrawadi[at]gmail[dot]com,https://kys.udiseplus.gov.in/#/schooldetail/4699201/12,4699201,12/02/2026 11:56,2725
******00322 Operational,,MPPS(U) KODUMUR,,,,Andhra Pradesh,1-Primary,33-MPP_ZPP SCHOOLS,1 To 5,3-Co-educational,1-Rural,Kodumur,Kodumur,,,KODUMUR KODUMUR KODUMUR(VILLAGE) KODUMUR(MANDAL) KURNOOL(DIST),518462,meo.kodumur19[at]gmail[dot]com,https://kys.udiseplus.gov.in/#/schooldetail/4699114/12,4699114,22/07/2024 13:11,2725
******01903 Operational,,MPPS(U) KOTEKAL,,,,Andhra Pradesh,1-Primary,33-MPP_ZPP SCHOOLS,1 To 5,3-Co-educational,1-Rural,Yemmiganur,Kotekal,,,KOTEKAL KOTEKAL KOTEKAL(VILLAGE) YEMMIGANUR(MANDAL) KURNOOL(DIST),518360,aasia.teacher[at]gmail[dot]com,https://kys.udiseplus.gov.in/#/schooldetail/4699339/12,4699339,15/10/2020 12:18,2725
******02704 Operational,,MPPS(U) KOWTHALAM,,,,Andhra Pradesh,1-Primary,33-MPP_ZPP SCHOOLS,1 To 5,3-Co-educational,1-Rural,Kowthalam,Kowthalam,,,KOWTHALAM KOWTHALAM KOWTHALAM(VILLAGE) KOWTHALAM(MANDAL) KURNOOL(DIST),518344,mppsukwtlm[at]gmail[dot]com,https://kys.udiseplus.gov.in/#/schooldetail/4697577/12,4697577,11/05/2022 09:36,2725
******91035 Operational,,MPPS(U) KPETA,,,,Andhra Pradesh,1-Primary,33-MPP_ZPP SCHOOLS,1 To 5,3-Co-educational,2-Urban,NA,,Yemmiganur (M) - Ward No.11,Yemmiganur-Municipality,K PETA YEMMIGANUR YEMMIGANUR(M)(VILLAGE) YEMMIGANUR(MANDAL) KURNOOL(DIST),518360,sameenakousar2503[at]gmail[dot]com,https://kys.udiseplus.gov.in/#/schooldetail/4712506/12,4712506,11/03/2024 17:49,2725
******00102 Operational,,MPPS(U) KURUKUNDA,,,,Andhra Pradesh,1-Primary,33-MPP_ZPP SCHOOLS,1 To 5,3-Co-educational,1-Rural,Alur,Kurukunda,,,KURUKUNDA ALUR KURUKUNDA(VILLAGE) ALUR(MANDAL) KURNOOL(DIST),518395,mppsukurukunda102[at]gmail[dot]com,https://kys.udiseplus.gov.in/#/schooldetail/4699793/12,4699793,22/12/2025 12:35,2725
******00703 Operational,,MPPS(U) LADDAGIRI,,,,Andhra Pradesh,1-Primary,33-MPP_ZPP SCHOOLS,1 To 5,3-Co-educational,1-Rural,Kodumur,Laddagiri,,,LADDAGIRI KODUMUR LADDAGIRI(VILLAGE) KODUMUR(MANDAL) KURNOOL(DIST),518467,shaikrehanabegum121[at]gmail[dot]com,https://kys.udiseplus.gov.in/#/schooldetail/4699154/12,4699154,22/07/2024 13:15,2725
******00903 Operational,,MPPS(U) MANTRALAYAM,,,,Andhra Pradesh,1-Primary,33-MPP_ZPP SCHOOLS,1 To 5,3-Co-educational,1-Rural,Mantralayam,Manchala,,,MANCHALA MANCHALA MANCHALA(VILLAGE) MANTRALAYAM(MANDAL) KURNOOL(DIST),518345,mppsurdumantralayam[at]gmail[dot]com,https://kys.udiseplus.gov.in/#/schooldetail/4697688/12,4697688,15/10/2020 12:18,2725
******00805 Permanently Closed,,MPPS(U) M.BAVI STREET,,,,Andhra Pradesh,1-Primary,33-MPP_ZPP SCHOOLS,1 To 5,3-Co-educational,1-Rural,Maddikera (East),Maddikera (East),,,NA,518385,,https://kys.udiseplus.gov.in/#/schooldetail/4717537/12,4717537,15/10/2020 12:18,2725
******02505 Operational,,MPPS(U) MILATARY COLONY,,,,Andhra Pradesh,1-Primary,33-MPP_ZPP SCHOOLS,1 To 5,3-Co-educational,1-Rural,Kurnool,Rudravaram,,,military colany kurnool,518006,Reshmasaqib1976[at]gmail[dot]com,https://kys.udiseplus.gov.in/#/schooldetail/4698012/12,4698012,27/12/2025 11:57,2725
******91010 Operational,,MPPS(U) MUGATHI PETA,,,,Andhra Pradesh,1-Primary,33-MPP_ZPP SCHOOLS,1 To 5,3-Co-educational,2-Urban,NA,,Yemmiganur Ward No. 19,Yemmiganur-Municipality,MUGTHIPETA YEMMIGANUR YEMMIGANUR(M)(VILLAGE) YEMMIGANUR(MANDAL) KURNOOL(DIST),518360,nisahussain116[at]gmail[dot]com,https://kys.udiseplus.gov.in/#/schooldetail/4699350/12,4699350,15/10/2020 12:18,2725
******01105 Operational,,MPPS(U) M.V.KOTTALA,,,,Andhra Pradesh,1-Primary,33-MPP_ZPP SCHOOLS,1 To 5,3-Co-educational,1-Rural,Tuggali,Jonnagiri,,,M.V.KOTTALA M.V.KOTTALA JONNAGIRI(VILLAGE) TUGGALI(MANDAL) KURNOOL(DIST),518390,tuggalimrc2021[at]gmail[dot]com,https://kys.udiseplus.gov.in/#/schooldetail/4701809/12,4701809,14/08/2024 14:32,2725
******00105 Operational,,"MPPS(U), NANNUR",,,,Andhra Pradesh,1-Primary,33-MPP_ZPP SCHOOLS,1 To 5,3-Co-educational,1-Rural,Orvakal,Nannur,,,NANNUR ORVAKAL NANNUR(VILLAGE) ORVAKAL(MANDAL) KURNOOL(DIST),518002,,https://kys.udiseplus.gov.in/#/schooldetail/4698800/12,4698800,17/07/2025 11:34,2725
******01412 Operational,,MPPS(U) NEAR SBI ALUR,,,,Andhra Pradesh,1-Primary,33-MPP_ZPP SCHOOLS,1 To 5,3-Co-educational,1-Rural,Alur,Alur,,,NEAR S B I BANK ALUR ALUR(VILLAGE) ALUR(MANDAL) KURNOOL(DIST),518395,meoalur[at]gmail[dot]com,https://kys.udiseplus.gov.in/#/schooldetail/4699827/12,4699827,22/12/2025 13:00,2725
******01105 Operational,,MPPS(U) PANCHALINGALA,,,,Andhra Pradesh,1-Primary,33-MPP_ZPP SCHOOLS,1 To 5,3-Co-educational,1-Rural,Kurnool,Panchalingala,,,PANCHALINGALA B C COLONY PANCHALINGALA(VILLAGE) KURNOOL(MANDAL) KURNOOL(DIST),518004,,https://kys.udiseplus.gov.in/#/schooldetail/4697943/12,4697943,26/12/2025 16:57,2725
******01302 Closed,Closed,MPPS(U) PEDDAHOTHUR,,,,Andhra Pradesh,1-Primary,33-MPP_ZPP SCHOOLS,1 To 5,3-Co-educational,1-Rural,Alur,Peddahottur,,,PEDDAHOTHUR ALUR PEDDAHOTHUR(VILLAGE) ALUR(MANDAL) KURNOOL(DIST),518395,krmdiqbal[at]gmail[dot]com,https://kys.udiseplus.gov.in/#/schooldetail/4699811/12,4699811,29/01/2025 12:01,2725
******01102 Operational,,MPPS(U) PEDDAKADABUR,,,,Andhra Pradesh,1-Primary,33-MPP_ZPP SCHOOLS,1 To 5,3-Co-educational,1-Rural,Peddakadabur,Pedda Kadubur,,,PEDDA KADUBUR PEDDAKADUBUR PEDDA KADUBUR(VILLAGE) PEDDAKADUBUR(MANDAL) KURNOOL(DIST),518323,mpps1322019[at]gmail[dot]com,https://kys.udiseplus.gov.in/#/schooldetail/4699432/12,4699432,20/12/2025 13:21,2725
******01210 Operational,,MPPS UPPARLAPALLE,,,,Andhra Pradesh,1-Primary,33-MPP_ZPP SCHOOLS,1 To 5,3-Co-educational,1-Rural,Tuggali,Gooty Erragudi,,,UPPARLAPALLI UPPARLAPALLI GOOTY ERRAGUDI(VILLAGE) TUGGALI(MANDAL) KURNOOL(DIST),518390,kammarasridhar9491[at]gmail[dot]com,https://kys.udiseplus.gov.in/#/schooldetail/4701825/12,4701825,14/08/2024 14:32,2725
******00403 Operational,,MPPS (U) PYALAKURTHY,,,,Andhra Pradesh,1-Primary,33-MPP_ZPP SCHOOLS,1 To 5,3-Co-educational,1-Rural,Kodumur,Pyalakurthy,,,PYALAKURTHY PYALAKURTHY PYALAKURTHY(VILLAGE) KODUMUR(MANDAL) KURNOOL(DIST),518464,zayaanrehana09[at]gmail[dot]com,https://kys.udiseplus.gov.in/#/schooldetail/4699141/12,4699141,24/06/2024 16:43,2725
******91008 Operational,,MPPS(U) QUIBLA STREET,,,,Andhra Pradesh,1-Primary,33-MPP_ZPP SCHOOLS,1 To 5,3-Co-educational,2-Urban,NA,,Yemmiganur (M) - Ward No.18,Yemmiganur-Municipality,QUIBLA QUARTERS YEMMIGANUR YEMMIGANUR(M)(VILLAGE) YEMMIGANUR(MANDAL) KURNOOL(DIST),518360,nasreenshafi83[at]gmail[dot]com,https://kys.udiseplus.gov.in/#/schooldetail/4699348/12,4699348,22/12/2025 15:14,2725
******00607 Operational,,MPPS(URDU) GUDUR,,,,Andhra Pradesh,1-Primary,33-MPP_ZPP SCHOOLS,1 To 5,3-Co-educational,2-Urban,NA,,Gudur (M) - Ward No.12,Gudur (kurnool)-Town Panchayat,RAJAVEEDHI (8th WARD)(URDU) GUDUR GUDUR(VILLAGE) GUDUR(MANDAL) KURNOOL(DIST),518466,meo.gudur[at]gmail[dot]com,https://kys.udiseplus.gov.in/#/schooldetail/4697845/12,4697845,11/05/2022 11:29,2725
******00707 Operational,,MPPS (URDU) KOTHA PETA PATHIKONDA,,,,Andhra Pradesh,1-Primary,33-MPP_ZPP SCHOOLS,1 To 5,3-Co-educational,1-Rural,Pattikonda,Pattikonda,,,PATTIKONDA BANDIGARI STREET PATTIKONDA(VILLAGE) PATHIKONDA(MANDAL) KURNOOL(DIST),518380,,https://kys.udiseplus.gov.in/#/schooldetail/4701853/12,4701853,14/08/2024 14:32,2725
******00101 Operational,,MPPS(URDU) MACHAPRAM,,,,Andhra Pradesh,1-Primary,33-MPP_ZPP SCHOOLS,1 To 5,3-Co-educational,1-Rural,Nandavaram,Machapuram,,,BC COLONY B C COLONY MACHAPURAM(VILLAGE) NANDAVARAM(MANDAL) KURNOOL(DIST),518343,meo.ndvrm04[at]gmail[dot]com,https://kys.udiseplus.gov.in/#/schooldetail/4697731/12,4697731,14/10/2024 10:06,2725
******00703 Closed,Closed,MPPS (URDU) MARAMDODDI,,,,Andhra Pradesh,1-Primary,33-MPP_ZPP SCHOOLS,1 To 5,3-Co-educational,1-Rural,C.Belagal,Brahmanadoddi,,,MARAMDODDI MARAMDODDI BRAHMANADODDI(VILLAGE) C.BELAGAL(MANDAL) KURNOOL(DIST),518462,,https://kys.udiseplus.gov.in/#/schooldetail/4697810/12,4697810,15/10/2020 12:18,2725
******00903 Operational,,MPPS (URDU) MUNAGALAPADU,,,,Andhra Pradesh,1-Primary,33-MPP_ZPP SCHOOLS,1 To 5,3-Co-educational,2-Urban,NA,,Kurnool Ward No. 38,Kurnool-Municipal Corporations,MUNAGALAPADU MUNAGALAPADU MUNAGALAPADU(VILLAGE) KURNOOL(MANDAL) KURNOOL(DIST),518004,meo.kurnool07[at]gmail[dot]com,https://kys.udiseplus.gov.in/#/schooldetail/4696817/12,4696817,25/10/2024 19:43,2725
******00703 Operational,,MPPS(URDU) PATA PETA PATHIKONDA,,,,Andhra Pradesh,1-Primary,33-MPP_ZPP SCHOOLS,1 To 5,3-Co-educational,1-Rural,Pattikonda,Pattikonda,,,PATTIKONDA PATHIKONDA PATTIKONDA(VILLAGE) PATHIKONDA(MANDAL) KURNOOL(DIST),518380,mishikariiqbalhussain[at]gmail[dot]com,https://kys.udiseplus.gov.in/#/schooldetail/4701850/12,4701850,20/06/2025 17:05,2725
******00208 Closed,Closed,MPPS URDU REMATA,,,,Andhra Pradesh,1-Primary,33-MPP_ZPP SCHOOLS,1 To 5,3-Co-educational,1-Rural,Kurnool,Remata,,,REMATA VILLAGE,518004,meo.kurnool07[at]gmail[dot]com,https://kys.udiseplus.gov.in/#/schooldetail/4697896/12,4697896,15/10/2020 12:18,2725
******00243 Operational,,MPPS(URDU) SOGANUR,,,,Andhra Pradesh,1-Primary,33-MPP_ZPP SCHOOLS,1 To 5,3-Co-educational,1-Rural,Yemmiganur,Soganur,,,SOGANUR YEMMIGANUR YEMMIGANUR(VILLAGE) YEMMIGANUR(MANDAL) KURNOOL(DIST),518360,sstaher.khadri123[at]gmail[dot]com,https://kys.udiseplus.gov.in/#/schooldetail/4699249/12,4699249,15/10/2020 12:18,2725
******00203 Operational,,MPPS(U) SANTHEKUDLUR,,,,Andhra Pradesh,1-Primary,33-MPP_ZPP SCHOOLS,1 To 5,3-Co-educational,1-Rural,Adoni,Santhekudlur,,,SANTHEKUDLUR SANTHEKUDLUR SANTHEKUDLUR(VILLAGE) ADONI(MANDAL) KURNOOL(DIST),518301,mppsurdu203[at]gmail[dot]com,https://kys.udiseplus.gov.in/#/schooldetail/4699460/12,4699460,13/01/2023 12:23,2725
******01403 Operational,,MPPS(U) T.G.V NAGAR,,,,Andhra Pradesh,1-Primary,33-MPP_ZPP SCHOOLS,1 To 5,3-Co-educational,1-Rural,Kurnool,E.Thandrapadu,,,T.G.V.NAGAR E.THANDRAPADU E.THANDRAPADU(VILLAGE) KURNOOL(MANDAL) KURNOOL(DIST),518004,syeadakhamar1973[at]gmail[dot]com,https://kys.udiseplus.gov.in/#/schooldetail/4697948/12,4697948,27/12/2025 09:59,2725
******01203 Operational,,MPPS(U)THADAKANAPALLE,,,,Andhra Pradesh,1-Primary,33-MPP_ZPP SCHOOLS,1 To 5,3-Co-educational,1-Rural,Kallur,Thadakanapalle,,,THADAKANAPALLE KALLUR THADAKANAPALLE(VILLAGE) KALLUR(MANDAL) KURNOOL(DIST),518218,,https://kys.udiseplus.gov.in/#/schooldetail/4698939/12,4698939,23/12/2025 12:51,2725
******00905 Operational,,MPPS (U) THUNGABADRA,,,,Andhra Pradesh,1-Primary,33-MPP_ZPP SCHOOLS,1 To 5,3-Co-educational,1-Rural,Mantralayam,Kachapuram,,,TUNGABHADRA (URDU) THUNGABADRA(VILLAGE) MANTRALAYAM(MANDAL) KURNOOL(DIST),518349,dmzohreen0707[at]gmail[dot]com,https://kys.udiseplus.gov.in/#/schooldetail/4697690/12,4697690,20/01/2023 19:28,2725
******00504 Operational,,MPPS(U) ULCHALA,,,,Andhra Pradesh,1-Primary,33-MPP_ZPP SCHOOLS,1 To 5,3-Co-educational,1-Rural,Kurnool,Ulchala,,,ULCHALA ULCHALA ULCHALA(VILLAGE) KURNOOL(MANDAL) KURNOOL(DIST),518468,,https://kys.udiseplus.gov.in/#/schooldetail/4697905/12,4697905,26/12/2025 14:33,2725
******01503 Operational,,MPPS (U) UYYALAWADA,,,,Andhra Pradesh,1-Primary,33-MPP_ZPP SCHOOLS,1 To 5,3-Co-educational,1-Rural,Orvakal,Uyyalawada,,,UYYALAWADA UYYALAWADA UYYALAWADA(VILLAGE) ORVAKAL(MANDAL) KURNOOL(DIST),518002,haseenabegum7981[at]gmail[dot]com,https://kys.udiseplus.gov.in/#/schooldetail/4698847/12,4698847,15/10/2020 12:18,2725
******02506 Closed,Closed,"MPPS(U), VENKAYAPALLI",,,,Andhra Pradesh,1-Primary,33-MPP_ZPP SCHOOLS,1 To 5,3-Co-educational,1-Rural,Kurnool,Rudravaram,,,VENKAYAPALLI RUDRAVARAM RUDRAVARAM(VILLAGE) KURNOOL(MANDAL) KURNOOL(DIST),518002,,https://kys.udiseplus.gov.in/#/schooldetail/4698013/12,4698013,01/11/2024 10:53,2725
******01604 Operational,,MPPS VAGARURU,,,,Andhra Pradesh,1-Primary,33-MPP_ZPP SCHOOLS,1 To 5,3-Co-educational,1-Rural,Mantralayam,Vagaruru,,,VAGARURU (Vi) MANTRALAYAM (MANDAL) KURNOOL(DIST),518349,,https://kys.udiseplus.gov.in/#/schooldetail/4697711/12,4697711,11/03/2024 18:05,2725
******00601 Operational,,MPPS VALAGONDA,,,,Andhra Pradesh,1-Primary,33-MPP_ZPP SCHOOLS,1 To 5,3-Co-educational,1-Rural,Aspari,Muthkur,,,VALAGONDA VALAGONDA MUTHKUR(VILLAGE) ASPARI(MANDAL) KURNOOL(DIST),518465,meo.aspari[at]gmail[dot]com,https://kys.udiseplus.gov.in/#/schooldetail/4699874/12,4699874,21/12/2025 12:54,2725
******01201 Operational,,MPPS VAMASAMUDRAM,,,,Andhra Pradesh,1-Primary,33-MPP_ZPP SCHOOLS,1 To 5,3-Co-educational,1-Rural,Kallur,Thadakanapalle,,,VAMASAMUDRAM THADAKANAPALLE THADAKANAPALLE(VILLAGE) KALLUR(MANDAL) KURNOOL(DIST),518218,malathidevi114[at]gmail[dot]com,https://kys.udiseplus.gov.in/#/schooldetail/4698937/12,4698937,23/12/2025 12:50,2725
******02601 Operational,,MPPS VANDAGALLU,,,,Andhra Pradesh,1-Primary,33-MPP_ZPP SCHOOLS,1 To 5,3-Co-educational,1-Rural,Kosigi,Vandagallu,,,VANDAGAL(VILLAGE) KOSIGI(MANDAL) KURNOOL(DIST),518313,nagaraju.chithu[at]gmail[dot]com,https://kys.udiseplus.gov.in/#/schooldetail/4697660/12,4697660,20/12/2025 19:17,2725
******01303 Operational,,MPPS VARIMUKKALA,,,,Andhra Pradesh,1-Primary,33-MPP_ZPP SCHOOLS,1 To 5,3-Co-educational,1-Rural,Devanakonda,Velamakuru,,,VARIMUKKALA VARIMUKKALA VELAMAKURU(VILLAGE) DEVANAKONDA(MANDAL) KURNOOL(DIST),518465,,https://kys.udiseplus.gov.in/#/schooldetail/4698894/12,4698894,23/12/2025 18:31,2725
******01504 Operational,,MPPS VASANTHANAGAR,,,,Andhra Pradesh,1-Primary,33-MPP_ZPP SCHOOLS,1 To 5,3-Co-educational,1-Rural,Kurnool,Gondiparla,,,VASANTHANAGAR GONDIPARLA GONDIPARLA(VILLAGE) KURNOOL(MANDAL) KURNOOL(DIST),518004,gopaldasari99999[at]gmail[dot]com,https://kys.udiseplus.gov.in/#/schooldetail/4697955/12,4697955,27/12/2025 10:31,2725
******00802 Operational,,MPPS(V) BODEPADU,,,,Andhra Pradesh,1-Primary,33-MPP_ZPP SCHOOLS,1 To 5,3-Co-educational,1-Rural,Gonegandla,Thippanur,,,BODEPADU THIPPANUR THIPPANUR(VILLAGE) GONEGANDLA(MANDAL) KURNOOL(DIST),518463,rameshbabujsv1971[at]gmail[dot]com,https://kys.udiseplus.gov.in/#/schooldetail/4699211/12,4699211,12/02/2026 10:46,2725
******00804 Operational,,MPPS VEERAMPALLI,,,,Andhra Pradesh,1-Primary,33-MPP_ZPP SCHOOLS,1 To 5,3-Co-educational,1-Rural,Gonegandla,Thippanur,,,VEERAMPALLI THIPPANUR THIPPANUR(VILLAGE) GONEGANDLA(MANDAL) KURNOOL(DIST),518463,craji1106[at]gmail[dot]com,https://kys.udiseplus.gov.in/#/schooldetail/4699213/12,4699213,12/02/2026 11:43,2725
******02801 Operational,,MPPS VEERLADINNE,,,,Andhra Pradesh,1-Primary,33-MPP_ZPP SCHOOLS,1 To 5,3-Co-educational,1-Rural,Kowthalam,Veerladinne,,,VEERLADINNE VEERLADINNE(VILLAGE) KOWTHALAM(MANDAL) KURNOOL(DIST),518302,,https://kys.udiseplus.gov.in/#/schooldetail/4697584/12,4697584,12/12/2023 10:01,2725
******01301 Operational,,MPPS VELAMAKURU,,,,Andhra Pradesh,1-Primary,33-MPP_ZPP SCHOOLS,1 To 5,3-Co-educational,1-Rural,Devanakonda,Velamakuru,,,VELAMAKURU VELAMAKURU VELAMAKURU(VILLAGE) DEVANAKONDA(MANDAL) KURNOOL(DIST),518465,,https://kys.udiseplus.gov.in/#/schooldetail/4699982/12,4699982,23/12/2025 18:32,2725
******00302 Operational,,MPPS VENGALAYADODDI,,,,Andhra Pradesh,1-Primary,33-MPP_ZPP SCHOOLS,1 To 5,3-Co-educational,1-Rural,Aspari,Karumanchi,,,VENGALAYADODDI VENGALAYADODDI KARUMANCHI(VILLAGE) ASPARI(MANDAL) KURNOOL(DIST),518347,mppsvengalayadoddi28212600302[at]gmail[dot]com,https://kys.udiseplus.gov.in/#/schooldetail/4699866/12,4699866,21/12/2025 12:55,2725
******00306 Operational,,MPPS VENKATAGIRI,,,,Andhra Pradesh,1-Primary,33-MPP_ZPP SCHOOLS,1 To 5,3-Co-educational,1-Rural,Kodumur,Kodumur,,,VENKATAGIRI KODUMUR KODUMUR(VILLAGE) KODUMUR(MANDAL) KURNOOL(DIST),518464,meo.kodumur19[at]gmail[dot]com,https://kys.udiseplus.gov.in/#/schooldetail/4699102/12,4699102,19/12/2025 12:38,2725
******01603 Operational,,MPPS VENKATAGIRI,,,,Andhra Pradesh,1-Primary,33-MPP_ZPP SCHOOLS,1 To 5,3-Co-educational,1-Rural,Yemmiganur,Kandanathi,,,VENKATAGIRI KANDANATHI KANDANATHI(VILLAGE) YEMMIGANUR(MANDAL) KURNOOL(DIST),518360,,https://kys.udiseplus.gov.in/#/schooldetail/4699326/12,4699326,15/10/2020 12:18,2725
******91040 Operational,,MPPS VENKATAPURAM,,,,Andhra Pradesh,1-Primary,33-MPP_ZPP SCHOOLS,1 To 5,3-Co-educational,2-Urban,NA,,Yemmiganur Ward No. 28,Yemmiganur-Municipality,VENKATAPURAM COLONY YEMMIGANUR YEMMIGANUR(M)(VILLAGE) YEMMIGANUR(MANDAL) KURNOOL(DIST),518360,nagarajukeelala68[at]gmail[dot]com,https://kys.udiseplus.gov.in/#/schooldetail/4699374/12,4699374,24/12/2025 07:04,2725
******00202 Operational,,MPPS VENKATAPURAM,,,,Andhra Pradesh,1-Primary,33-MPP_ZPP SCHOOLS,1 To 5,3-Co-educational,1-Rural,Orvakal,Komarolu,,,VENKATAPURAM KOMAROLU PURICHERLA(VILLAGE) ORVAKAL(MANDAL) KURNOOL(DIST),518010,,https://kys.udiseplus.gov.in/#/schooldetail/4698810/12,4698810,23/12/2025 13:24,2725
******02502 Operational,,MPPS VENKAYAPALLI,,,,Andhra Pradesh,1-Primary,33-MPP_ZPP SCHOOLS,1 To 5,3-Co-educational,1-Rural,Kurnool,Rudravaram,,,VENKAYAPALLI P.RUDRAVARAM RUDRAVARAM(VILLAGE) KURNOOL(MANDAL) KURNOOL(DIST),518002,,https://kys.udiseplus.gov.in/#/schooldetail/4696918/12,4696918,27/12/2025 13:05,2725
******00601 Operational,,MPPS VIRUPAPURAM,,,,Andhra Pradesh,1-Primary,33-MPP_ZPP SCHOOLS,1 To 5,3-Co-educational,1-Rural,Halaharvi,Virupapuram,,,VIRUPAPURAM VIRUPAPURAM VIRUPAPURAM(VILLAGE) HALAHARVI(MANDAL) KURNOOL(DIST),518348,aswthappa1987[at]gmail[dot]com,https://kys.udiseplus.gov.in/#/schooldetail/4701975/12,4701975,16/06/2023 15:21,2725
******01602 Operational,,MPPS V.THIMMAPURAM,,,,Andhra Pradesh,1-Primary,33-MPP_ZPP SCHOOLS,1 To 5,3-Co-educational,1-Rural,Mantralayam,Vagaruru,,,V.THIMMAPURAM VAGARURU VAGARURU(VILLAGE) MANTRALAYAM(MANDAL) KURNOOL(DIST),518349,,https://kys.udiseplus.gov.in/#/schooldetail/4697709/12,4697709,23/12/2025 10:23,2725
******91007 Operational,,MPPS WEARVERS COLONY,,,,Andhra Pradesh,1-Primary,33-MPP_ZPP SCHOOLS,1 To 5,3-Co-educational,2-Urban,NA,,Yemmiganur Ward No. 26,Yemmiganur-Municipality,WEAVERS COLONY YEMMIGANUR YEMMIGANUR(M)(VILLAGE) YEMMIGANUR(MANDAL) KURNOOL(DIST),518360,mppswcyemmiganur.68[at]gmail[dot]com,https://kys.udiseplus.gov.in/#/schooldetail/4699347/12,4699347,15/10/2020 12:18,2725
******01003 Operational,,MPPS(XTH WARD) HOLAGUNDA,,,,Andhra Pradesh,1-Primary,33-MPP_ZPP SCHOOLS,1 To 5,3-Co-educational,1-Rural,Holagunda,Holagunda,,,"INDRA NAGAR Xth WARD, HOLAGUNDA(VILLAGE), HOLAGUNDA(MANDAL) KURNOOL(DIST)",518346,meo.holagunda1324[at]gmail[dot]com,https://kys.udiseplus.gov.in/#/schooldetail/4699759/12,4699759,11/09/2024 14:32,2725
******01006 Operational,,MPPS YADARALLA,,,,Andhra Pradesh,1-Primary,33-MPP_ZPP SCHOOLS,1 To 5,3-Co-educational,1-Rural,Veldurthi,Veldurthi,,,YADARALLA YADARALLA VELDURTHI(VILLAGE) VELDURTI(MANDAL) KURNOOL(DIST),518216,KAMALADEVI55555[at]GMAIL[dot]COM,https://kys.udiseplus.gov.in/#/schooldetail/4700079/12,4700079,15/10/2020 12:18,2725
******00401 Permanently Closed,,MPPS YADAVALLE,,,,Andhra Pradesh,1-Primary,33-MPP_ZPP SCHOOLS,1 To 5,3-Co-educational,1-Rural,Adoni,Yadavalle,,,NA,518308,,https://kys.udiseplus.gov.in/#/schooldetail/4717411/12,4717411,15/10/2020 12:18,2725
******02101 Operational,,MPPS YAPARLAPADU,,,,Andhra Pradesh,1-Primary,33-MPP_ZPP SCHOOLS,1 To 5,3-Co-educational,1-Rural,Kallur,Yaparlapadu,,,YAPARLAPADU YAPARLAPADU YAPARLAPADU(VILLAGE) KALLUR(MANDAL) KURNOOL(DIST),518218,vinodkatti567[at]gmail[dot]com,https://kys.udiseplus.gov.in/#/schooldetail/4698968/12,4698968,21/12/2025 11:41,2725
******00804 Operational,,MPPS YATAKALLU,,,,Andhra Pradesh,1-Primary,33-MPP_ZPP SCHOOLS,1 To 5,3-Co-educational,1-Rural,Aspari,Yatakallu,,,YATAKALLU YATAKALLU YATAKALLU(VILLAGE) ASPARI(MANDAL) KURNOOL(DIST),518465,,https://kys.udiseplus.gov.in/#/schooldetail/4699885/12,4699885,21/12/2025 12:56,2725
******00601 Operational,,MPPS YEDAVALI,,,,Andhra Pradesh,1-Primary,33-MPP_ZPP SCHOOLS,1 To 5,3-Co-educational,1-Rural,Maddikera (East),Yedavali,,,YEDAVALI YEDAVALI YEDAVALI(VILLAGE) MADDIKERA(MANDAL) KURNOOL(DIST),518385,,https://kys.udiseplus.gov.in/#/schooldetail/4701913/12,4701913,08/05/2022 08:55,2725
******00801 Operational,,MPPS YERRADODDI,,,,Andhra Pradesh,1-Primary,33-MPP_ZPP SCHOOLS,1 To 5,3-Co-educational,1-Rural,Kodumur,Yerradoddi,,,YERRADODDI NAGALAPURAM (VIA) YERRADODDI(VILLAGE) KODUMUR(MANDAL) KURNOOL(DIST),518468,mppsyerradoddi[at]gmail[dot]com,https://kys.udiseplus.gov.in/#/schooldetail/4699159/12,4699159,10/05/2022 09:54,2725
******02004 Operational,,MPPS YERRAKATVA.,,,,Andhra Pradesh,1-Primary,33-MPP_ZPP SCHOOLS,1 To 5,3-Co-educational,1-Rural,Kallur,Ulindakonda,,,YERRAKATVA. ULINDAKONDA ULINDAKONDA(VILLAGE) KALLUR(MANDAL) KURNOOL(DIST),518218,praveenkoppula.kumar[at]gmail[dot]com,https://kys.udiseplus.gov.in/#/schooldetail/4698962/12,4698962,23/12/2025 13:10,2725
******00401 Operational,,MPPS YERUKALACHERUVU,,,,Andhra Pradesh,1-Primary,33-MPP_ZPP SCHOOLS,1 To 5,3-Co-educational,1-Rural,Krishnagiri,Yerukalacheruvu,,,YERUKALACHERUVU KRISHNAGIRI YERUKALACHERUVU(VILLAGE) KRISHNAGIRI(MANDAL) KURNOOL(DIST),518225,meo.krishnagiri28[at]gmail[dot]com,https://kys.udiseplus.gov.in/#/schooldetail/4700009/12,4700009,15/10/2020 12:18,2725
******00904 Operational,,MPPS Y.G THANDA,,,,Andhra Pradesh,1-Primary,33-MPP_ZPP SCHOOLS,1 To 5,3-Co-educational,1-Rural,Tuggali,Kandamakuntla,,,YELLAMMAGATTUTHANDA YELLAMMAGATTUTHANDA KANDAMAKUNTLA(VILLAGE) TUGGALI(MANDAL) KURNOOL(DIST),518221,tuggalimrc2021[at]gmail[dot]com,https://kys.udiseplus.gov.in/#/schooldetail/4701796/12,4701796,15/10/2020 12:18,2725
******00702 Operational,,MPPS Y.KHANAPURAM,,,,Andhra Pradesh,1-Primary,33-MPP_ZPP SCHOOLS,1 To 5,3-Co-educational,1-Rural,Gudur,Chanugondla,,,Y.KHANAPURAM CHANUGONDLA(VILLAGE) GUDUR(MANDAL) KURNOOL(DIST),518464,meo.gudur[at]gmail[dot]com,https://kys.udiseplus.gov.in/#/schooldetail/4697870/12,4697870,11/05/2022 11:47,2725
******00701 Operational,,MPPS Y.KOTTALA,,,,Andhra Pradesh,1-Primary,33-MPP_ZPP SCHOOLS,1 To 5,3-Co-educational,1-Rural,C.Belagal,Brahmanadoddi,,,YERRAGUNTA KOTTALU BRAHMANADODDI BRAHMANADODDI(VILLAGE) C.BELAGAL(MANDAL) KURNOOL(DIST),518462,,https://kys.udiseplus.gov.in/#/schooldetail/4696710/12,4696710,15/10/2020 12:18,2725
******00602 Operational,,MPUPS BELDONA,,,,Andhra Pradesh,2-Primary with Upper Primary,33-MPP_ZPP SCHOOLS,1 To 8,3-Co-educational,1-Rural,Chippagiri,Beldona,,,BELDONA BELDONA BELDONA(VILLAGE) CHIPPAGIRI(MANDAL) KURNOOL(DIST),518396,sreedeviekambaram4[at]gmail[dot]com,https://kys.udiseplus.gov.in/#/schooldetail/4701952/12,4701952,08/05/2022 09:45,2725
******00503 Operational,,MPUPS CHANDOLI,,,,Andhra Pradesh,2-Primary with Upper Primary,33-MPP_ZPP SCHOOLS,1 To 8,3-Co-educational,1-Rural,Pattikonda,Pandikona,,,CHANDOLI VILLAGE PATTIKONDA MANDAL KURNOOL DISTRICT ANDHRA PRADESH,518380,meo.pathikonda[at]gmail[dot]com,https://kys.udiseplus.gov.in/#/schooldetail/4701839/12,4701839,15/10/2020 12:18,2725
******02405 Operational,,"MPUP SCHOOL,TV9 PRAJA NAGAR,KURNOOL",,,,Andhra Pradesh,2-Primary with Upper Primary,33-MPP_ZPP SCHOOLS,1 To 8,3-Co-educational,1-Rural,Kurnool,B. Thandrapadu (Og),,,B THANDRAPADU TV9 PRAJANAGAR 518007,518007,mpupstv9prajanagar[at]gmail[dot]com,https://kys.udiseplus.gov.in/#/schooldetail/4698006/12,4698006,27/12/2025 14:02,2725
******02102 Operational,,MPUPS(DPEP)(U) PASUPULA,,,,Andhra Pradesh,2-Primary with Upper Primary,33-MPP_ZPP SCHOOLS,1 To 8,3-Co-educational,1-Rural,Kurnool,Pasupula (Og),,,PASUPULA DPEP PASUPULA(VILLAGE) KURNOOL(MANDAL) KURNOOL(DIST),518452,,https://kys.udiseplus.gov.in/#/schooldetail/4696882/12,4696882,27/12/2025 12:15,2725
******00401 Operational,,MPUPS EDURUR,,,,Andhra Pradesh,2-Primary with Upper Primary,33-MPP_ZPP SCHOOLS,1 To 8,3-Co-educational,1-Rural,Kurnool,Edurur,,,EDURUR EDURUR EDURUR(VILLAGE) KURNOOL(MANDAL) KURNOOL(DIST),518004,meo.kurnool07[at]gmail[dot]com,https://kys.udiseplus.gov.in/#/schooldetail/4697901/12,4697901,26/12/2025 16:04,2725
******01304 Operational,,MPUPS GAJULADINNE,,,,Andhra Pradesh,2-Primary with Upper Primary,33-MPP_ZPP SCHOOLS,1 To 8,3-Co-educational,1-Rural,Gonegandla,Iranbanda,,,GAJULADINNE IRANBANDA IRANBANDA(VILLAGE) GONEGANDLA(MANDAL) KURNOOL(DIST),518463,mpups.gajuladinne[at]gmail[dot]com,https://kys.udiseplus.gov.in/#/schooldetail/4699225/12,4699225,12/02/2026 12:01,2725
******00501 Operational,,MPUPS GANGAVARAM,,,,Andhra Pradesh,2-Primary with Upper Primary,33-MPP_ZPP SCHOOLS,1 To 8,3-Co-educational,1-Rural,Nandavaram,Gangavaram,,,GANGAVARAM(VILLAGE) NANDAVARAM(MANDAL) KURNOOL(DIST),518345,mpupsgangavaram501[at]gmail[dot]com,https://kys.udiseplus.gov.in/#/schooldetail/4697740/12,4697740,17/06/2025 11:49,2725
******00601 Operational,,MPUPS JOHARAPURAM,,,,Andhra Pradesh,2-Primary with Upper Primary,33-MPP_ZPP SCHOOLS,1 To 8,3-Co-educational,1-Rural,Nandavaram,Joharapuram,,,JOHARAPURAM JOHARAPURAM JOHARAPURAM(VILLAGE) NANDAVARAM(MANDAL) KURNOOL(DIST),518343,mpupsjoharapuram0601[at]gmail[dot]com,https://kys.udiseplus.gov.in/#/schooldetail/4697741/12,4697741,15/10/2020 12:18,2725
******02002 Operational,,MPUPS KOMAROLU,,,,Andhra Pradesh,2-Primary with Upper Primary,33-MPP_ZPP SCHOOLS,1 To 8,3-Co-educational,1-Rural,Orvakal,Komarolu,,,KOMAROLU KOMAROLU KOMAROLU(VILLAGE) ORVAKAL(MANDAL) KURNOOL(DIST),518010,,https://kys.udiseplus.gov.in/#/schooldetail/4698864/12,4698864,15/10/2020 12:18,2725
******01107 Operational,,MPUPS RAMAPURAM,,,,Andhra Pradesh,2-Primary with Upper Primary,33-MPP_ZPP SCHOOLS,1 To 8,3-Co-educational,1-Rural,Tuggali,Jonnagiri,,,RAMAPURAM RAMAPURAM JONNAGIRI(VILLAGE) TUGGALI(MANDAL) KURNOOL(DIST),518390,tuggalimrc2021[at]gmail[dot]com,https://kys.udiseplus.gov.in/#/schooldetail/4701810/12,4701810,19/11/2022 18:39,2725
******01101 Operational,,MPUPS RAYACHOTY,,,,Andhra Pradesh,2-Primary with Upper Primary,33-MPP_ZPP SCHOOLS,1 To 8,3-Co-educational,1-Rural,Nandavaram,Rayachoty,,,RAYACHOTY (VILLAGE) NANDAVARAM(MANDAL) KURNOOL(DIST),518343,MPUPSRAYACHOTY[at]GMIL[dot]COM,https://kys.udiseplus.gov.in/#/schooldetail/4697758/12,4697758,17/06/2025 11:49,2725
******00805 Operational,,MPUPS SHABASHPURAM,,,,Andhra Pradesh,2-Primary with Upper Primary,33-MPP_ZPP SCHOOLS,1 To 8,3-Co-educational,1-Rural,Tuggali,Chennampalle,,,SABHASHPURAM SABHASHPURAM CHENNAMPALLE(VILLAGE) TUGGALI(MANDAL) KURNOOL(DIST),518390,jsuresh631[at]gmail[dot]com,https://kys.udiseplus.gov.in/#/schooldetail/4701790/12,4701790,15/10/2020 12:18,2725
******00601 Operational,,MPUPS(U) CHINNATUMBALAM,,,,Andhra Pradesh,2-Primary with Upper Primary,33-MPP_ZPP SCHOOLS,1 To 8,3-Co-educational,1-Rural,Peddakadabur,Chinnatumbalam,,,CHINNATUMBALAM CHINNATUMBALAM CHINNATUMBALAM(VILLAGE) PEDDAKADUBUR(MANDAL) KURNOOL(DIST),518349,meo.peddakadubur[at]gmail[dot]com,https://kys.udiseplus.gov.in/#/schooldetail/4698359/12,4698359,20/12/2025 12:49,2725
******01202 Operational,,MPUPS(U) DEVANAKONDA,,,,Andhra Pradesh,2-Primary with Upper Primary,33-MPP_ZPP SCHOOLS,1 To 8,3-Co-educational,1-Rural,Devanakonda,Devanakonda,,,DEVANAKONDA DEVANAKONDA DEVANAKONDA(VILLAGE) DEVANAKONDA(MANDAL) KURNOOL(DIST),518465,mpupsudev[at]gmail[dot]com,https://kys.udiseplus.gov.in/#/schooldetail/4699968/12,4699968,23/12/2025 18:39,2725
******01807 Operational,,MPUPS(U) GARGEYAPURAM,,,,Andhra Pradesh,2-Primary with Upper Primary,33-MPP_ZPP SCHOOLS,1 To 8,3-Co-educational,1-Rural,Kurnool,Gargeyapuram,,,GARGEYAPURAM GARGEYAPURAM GARGEYAPURAM(VILLAGE) KURNOOL(MANDAL) KURNOOL(DIST),518452,,https://kys.udiseplus.gov.in/#/schooldetail/4697968/12,4697968,29/12/2025 11:31,2725
******00510 Operational,,MPUPS(U) GONEGANDLA,,,,Andhra Pradesh,2-Primary with Upper Primary,33-MPP_ZPP SCHOOLS,1 To 8,3-Co-educational,1-Rural,Gonegandla,Gonegandla,,,NEAR CHINTHALAMUNI SWAMY TEMPLE GONEGANDLA(VILLAGE) GONEGANDLA(MANDAL) KURNOOL(DIST),518463,mpupsurdu.gonegandla[at]gmail[dot]com,https://kys.udiseplus.gov.in/#/schooldetail/4699193/12,4699193,12/02/2026 11:57,2725
******00905 Operational,,MPUPS(U) HUSSAINAPURAM,,,,Andhra Pradesh,2-Primary with Upper Primary,33-MPP_ZPP SCHOOLS,1 To 8,3-Co-educational,1-Rural,Tuggali,Kandamakuntla,,,HUSSAINAPURAM HUSSAINAPURAM KANDAMAKUNTLA(VILLAGE) TUGGALI(MANDAL) KURNOOL(DIST),518390,tuggalimrc2021[at]gmail[dot]com,https://kys.udiseplus.gov.in/#/schooldetail/4701797/12,4701797,15/10/2020 12:18,2725
******01203 Operational,,MPUPS(U) KALLUKUNTA,,,,Andhra Pradesh,2-Primary with Upper Primary,33-MPP_ZPP SCHOOLS,1 To 8,3-Co-educational,1-Rural,Peddakadabur,Kallukunta,,,KALLUKUNTA KALLUKUNTA KALLUKUNTA(VILLAGE) PEDDAKADUBUR(MANDAL) KURNOOL(DIST),518323,meo.peddakadubur[at]gmail[dot]com,https://kys.udiseplus.gov.in/#/schooldetail/4699445/12,4699445,20/12/2025 12:59,2725
******01706 Operational,,MPUPS( U) KALVA,,,,Andhra Pradesh,2-Primary with Upper Primary,33-MPP_ZPP SCHOOLS,1 To 8,3-Co-educational,1-Rural,Orvakal,Kalva,,,KALVA ORVAKAL KALVA(VILLAGE) ORVAKAL(MANDAL) KURNOOL(DIST),518010,sasiyanasreen1[at]gmail[dot]com,https://kys.udiseplus.gov.in/#/schooldetail/4712504/12,4712504,24/06/2024 16:43,2725
******03201 Operational,,MPUPS(U) KUNTANAHAL,,,,Andhra Pradesh,2-Primary with Upper Primary,33-MPP_ZPP SCHOOLS,1 To 8,3-Co-educational,1-Rural,Kowthalam,Kuntanahal,,,KUNTANAHAL KUNTANAHAL KUNTANAHAL(VILLAGE) KOWTHALAM(MANDAL) KURNOOL(DIST),518344,imam9160240790[at]gmail[dot]com,https://kys.udiseplus.gov.in/#/schooldetail/4697591/12,4697591,11/05/2022 09:42,2725
******00702 Operational,,MPUPS(U) MADHAVARAM,,,,Andhra Pradesh,2-Primary with Upper Primary,33-MPP_ZPP SCHOOLS,1 To 8,3-Co-educational,1-Rural,Mantralayam,Madhavaram,,,MADHAVARAM MANTRALAYAM MADHAVARAM(VILLAGE) MANTRALAYAM(MANDAL) KURNOOL(DIST),518349,mppschool[at]gmail[dot]com,https://kys.udiseplus.gov.in/#/schooldetail/4697675/12,4697675,23/12/2025 11:28,2725
******01801 Operational,,MPUPS(U) MALAPALLE,,,,Andhra Pradesh,2-Primary with Upper Primary,33-MPP_ZPP SCHOOLS,1 To 8,3-Co-educational,1-Rural,Mantralayam,Malapalle,,,MALAPALLE MALAPALLE MALAPALLE(VILLAGE) MANTRALAYAM(MANDAL) KURNOOL(DIST),518349,mpupurdumalapalle[at]gmail[dot]com,https://kys.udiseplus.gov.in/#/schooldetail/4697714/12,4697714,03/03/2023 13:29,2725
******01502 Operational,,MPUPS(U) MYAKADONA,,,,Andhra Pradesh,2-Primary with Upper Primary,33-MPP_ZPP SCHOOLS,1 To 8,3-Co-educational,1-Rural,Peddakadabur,Myakadona,,,MYAKADONA MYAKADONA MYAKADONA(VILLAGE) PEDDAKADUBUR(MANDAL) KURNOOL(DIST),518323,meo.peddakadubur[at]gmail[dot]com,https://kys.udiseplus.gov.in/#/schooldetail/4698393/12,4698393,20/12/2025 13:13,2725
******00902 Operational,,MPUPS(U) NAGALADINNE,,,,Andhra Pradesh,2-Primary with Upper Primary,33-MPP_ZPP SCHOOLS,1 To 8,3-Co-educational,1-Rural,Nandavaram,Nagaladinne,,,NAGALADINNE B C COLONY NAGALADINNE(VILLAGE) NANDAVARAM(MANDAL) KURNOOL(DIST),518343,MPUPURDUNAGALADINNE[at]GMAIL[dot]COM,https://kys.udiseplus.gov.in/#/schooldetail/4697746/12,4697746,15/10/2020 12:18,2725
******00803 Operational,,MPUPS (U) NIDZUR,,,,Andhra Pradesh,2-Primary with Upper Primary,33-MPP_ZPP SCHOOLS,1 To 8,3-Co-educational,1-Rural,Kurnool,Nidzur,,,NIDZUR NIDZUR NIDZUR(VILLAGE) KURNOOL(MANDAL) KURNOOL(DIST),518004,shaiksabira558[at]gmail[dot]com,https://kys.udiseplus.gov.in/#/schooldetail/4697917/12,4697917,26/12/2025 16:23,2725
******00302 Operational,,MPUPS(U) RAMALLAKOTA,,,,Andhra Pradesh,2-Primary with Upper Primary,33-MPP_ZPP SCHOOLS,1 To 8,3-Co-educational,1-Rural,Veldurthi,Ramallakota,,,RAMALLAKOTA RAMALLAKOTA RAMALLAKOTA(VILLAGE) VELDURTI(MANDAL) KURNOOL(DIST),518217,t.hoorunnisa789[at]gmail[dot]com,https://kys.udiseplus.gov.in/#/schooldetail/4700056/12,4700056,29/12/2022 16:02,2725
******00502 Operational,,MPUPS(U) RAMPURAM,,,,Andhra Pradesh,2-Primary with Upper Primary,33-MPP_ZPP SCHOOLS,1 To 8,3-Co-educational,1-Rural,Mantralayam,Rampuram,,,RAMPURAM (URDU) RAMPURAM RAMPURAM(VILLAGE) MANTRALAYAM(MANDAL) KURNOOL(DIST),518349,mpupsurdurampuram[at]gmail[dot]com,https://kys.udiseplus.gov.in/#/schooldetail/4697671/12,4697671,15/10/2020 12:18,2725
******01601 Operational,,MPUPS(URDU) NANADVARAM,,,,Andhra Pradesh,2-Primary with Upper Primary,33-MPP_ZPP SCHOOLS,1 To 8,3-Co-educational,1-Rural,Nandavaram,Nandavaram,,,1ST WARD NANDAVARAM NANDAVARAM(VILLAGE) NANDAVARAM(MANDAL) KURNOOL(DIST),518343,meo.ndvrm04[at]gmail[dot]com,https://kys.udiseplus.gov.in/#/schooldetail/4697766/12,4697766,19/11/2022 19:23,2725
******01601 Operational,,MPUPS(U) VAGARUR,,,,Andhra Pradesh,2-Primary with Upper Primary,33-MPP_ZPP SCHOOLS,1 To 8,3-Co-educational,1-Rural,Mantralayam,Vagaruru,,,VAGARURU VAGARURU VAGARURU(VILLAGE) MANTRALAYAM(MANDAL) KURNOOL(DIST),518345,mpupsurduvagarur[at]gmail[dot]com,https://kys.udiseplus.gov.in/#/schooldetail/4697708/12,4697708,15/10/2020 12:18,2725
******01002 Operational,,MPUPS(U) VELDURTHY,,,,Andhra Pradesh,2-Primary with Upper Primary,33-MPP_ZPP SCHOOLS,1 To 8,3-Co-educational,1-Rural,Veldurthi,Veldurthi,,,7th WARD KOLAMBAVI STREET VELDURTHY VELDURTHI(VILLAGE) VELDURTI(MANDAL) KURNOOL(DIST),518216,meo.veldurthy[at]gmail[dot]com,https://kys.udiseplus.gov.in/#/schooldetail/4700076/12,4700076,15/10/2020 12:18,2725
******00802 Operational,,MPUPS(U) YELLARTHY,,,,Andhra Pradesh,2-Primary with Upper Primary,33-MPP_ZPP SCHOOLS,1 To 8,3-Co-educational,1-Rural,Holagunda,Yellarthy,,,B C COLONY YELLARTHY YELLARTHY(VILLAGE) HOLAGUNDA(MANDAL) KURNOOL(DIST),518395,meo.holagunda1324[at]gmail[dot]com,https://kys.udiseplus.gov.in/#/schooldetail/4699752/12,4699752,11/03/2024 16:51,2725
******00232 Operational,,M.S.RAMANNA E.M UPSYEMMIGANUR,,,,Andhra Pradesh,2-Primary with Upper Primary,38-Pvt.Unaided,1 To 8,3-Co-educational,2-Urban,NA,,Yemmiganur (M) - Ward No.2,Yemmiganur-Municipality,YEMMIGANUR YEMMIGANUR YEMMIGANUR(VILLAGE) YEMMIGANUR(MANDAL) KURNOOL(DIST),518360,-accountant[at]mgcharities[dot]in,https://kys.udiseplus.gov.in/#/schooldetail/4699246/12,4699246,27/12/2025 14:49,2725
******00203 Operational,,MUBHARAK UPS KOTIKAWADA,,,,Andhra Pradesh,2-Primary with Upper Primary,38-Pvt.Unaided,1 To 7,3-Co-educational,2-Urban,NA,,Yemmiganur (M) - Ward No.9,Yemmiganur-Municipality,D.NO.13/321 KATIKA PETA YEMMIGANUR YEMMIGANUR(VILLAGE) YEMMIGANUR(MANDAL) KURNOOL(DIST),518360,kmahaboobbasha1984[at]gmail[dot]com,https://kys.udiseplus.gov.in/#/schooldetail/4699232/12,4699232,16/06/2023 15:21,2725
******00821 Operational,,MYTHRI EM UP SCHOOL MADDIKERA,,,,Andhra Pradesh,2-Primary with Upper Primary,38-Pvt.Unaided,1 To 7,3-Co-educational,1-Rural,Maddikera (East),Maddikera (East),,,Maddikera-kurnool district-518385,518385,SuneelChowdary10[at]gmail[dot]com,https://kys.udiseplus.gov.in/#/schooldetail/4701936/12,4701936,16/06/2023 15:21,2725
******90157 Operational,,NAARAM MODEL S,,,,Andhra Pradesh,1-Primary,38-Pvt.Unaided,1 To 5,3-Co-educational,2-Urban,NA,,Adoni (M) - Ward No.11,Adoni-Municipality,H NO 7-46-2 BUDDEKAL ADONI ADONI (M)(VILLAGE) ADONI(MANDAL) KURNOOL(DIST),518301,naaramhighschool[at]gmail[dot]com,https://kys.udiseplus.gov.in/#/schooldetail/4699626/12,4699626,16/06/2023 15:21,2725
******00317 Operational,,NAGARJUNA VIDYA NILAYAM VENKATESHWARA NAGAR,,,,Andhra Pradesh,1-Primary,38-Pvt.Unaided,1 To 5,3-Co-educational,1-Rural,Kodumur,Kodumur,,,KODUMUR VENKATESWARA NAGAR KODUMUR(VILLAGE) KODUMUR(MANDAL) KURNOOL(DIST),518464,nagarjunavidyanilayam.kdm[at]gmail[dot]com,https://kys.udiseplus.gov.in/#/schooldetail/4699111/12,4699111,20/09/2025 10:56,2725
******00337 Operational,,NAGARJUNA V.N KODUMUR,,,,Andhra Pradesh,7-Upper Pr. and Secondary,38-Pvt.Unaided,6 To 10,3-Co-educational,1-Rural,Kodumur,Kodumur,,,KODUMUR KODUMUR KODUMUR(VILLAGE) KODUMUR(MANDAL) KURNOOL(DIST),518464,nagarjunavidyanilayam.kdm[at]gmail[dot]com,https://kys.udiseplus.gov.in/#/schooldetail/4699124/12,4699124,10/05/2022 10:28,2725
******91062 Operational,,NALANDA HIGH SCHOOL GANDHI NAGAR,,,,Andhra Pradesh,7-Upper Pr. and Secondary,38-Pvt.Unaided,6 To 10,3-Co-educational,2-Urban,NA,,Yemmiganur Ward No. 22,Yemmiganur-Municipality,GANDHI NAGAR YEMMIGANUR YEMMIGANUR(M)(VILLAGE) YEMMIGANUR(MANDAL) KURNOOL(DIST),518360,nalandaschool7[at]gmail[dot]com,https://kys.udiseplus.gov.in/#/schooldetail/4699392/12,4699392,11/09/2024 10:36,2725
******91032 Operational,,NALANDA PRIMARY SCHOOL GANDHI NAGAR YEMMIGANUR,,,,Andhra Pradesh,1-Primary,38-Pvt.Unaided,1 To 5,3-Co-educational,2-Urban,NA,,Yemmiganur Ward No. 22,Yemmiganur-Municipality,GANDHI NAGAR YEMMIGANUR YEMMIGANUR(M)(VILLAGE) YEMMIGANUR(MANDAL) KURNOOL(DIST),518360,nalandaschool7[at]gmail[dot]com,https://kys.udiseplus.gov.in/#/schooldetail/4699368/12,4699368,11/09/2024 10:34,2725
******91311 Operational,,NARAM MODEL HIGH SCHOOL ADONI,,,,Andhra Pradesh,7-Upper Pr. and Secondary,38-Pvt.Unaided,6 To 10,3-Co-educational,2-Urban,NA,,Adoni (M) - Ward No.8,Adoni-Municipality,H NO 7/259 GOWLI PET ADONI (M)-2(VILLAGE) ADONI(MANDAL) KURNOOL(DIST),518301,naaramhighschool[at]gmail[dot]com,https://kys.udiseplus.gov.in/#/schooldetail/4699677/12,4699677,15/10/2020 12:18,2725
******90537 Operational,,NARAYANA E.M HIGH SCHOOLGAYATHRI ESTATEKURNOOL,,,,Andhra Pradesh,7-Upper Pr. and Secondary,38-Pvt.Unaided,6 To 10,3-Co-educational,2-Urban,NA,,Kurnool Ward No. 25,Kurnool-Municipal Corporations,GAYATHRI ESTATE KURNOOL,518002,knldnencs.etechno[at]narayanagroup[dot]com,https://kys.udiseplus.gov.in/#/schooldetail/4699041/12,4699041,24/12/2025 17:26,2725
******90546 Operational,,NARAYANA E.M HIGH SCHOOLYELUKURU BANGLOW,,,,Andhra Pradesh,7-Upper Pr. and Secondary,38-Pvt.Unaided,6 To 10,3-Co-educational,2-Urban,NA,,Kurnool Ward No. 37,Kurnool-Municipal Corporations,NARAYANA EM HIGH SCHOOL YELUKURI BUNGLOWS KURNOOL NEAR RADIO STATION BACK SIDE ULCHALA ROAD,518003,knlcbse.etechno[at]narayanagroup[dot]com,https://kys.udiseplus.gov.in/#/schooldetail/4699050/12,4699050,24/12/2025 07:12,2725
******02812 Operational,,NARAYANA EM.HS ADONI,,,,Andhra Pradesh,7-Upper Pr. and Secondary,38-Pvt.Unaided,6 To 10,3-Co-educational,2-Urban,NA,,Adoni (M) - Ward No.1,Adoni-Municipality,BESIDE KKB FUNCTION HALL BESIDE KKB FUNCTION HALL ADONI(VILLAGE) ADONI(MANDAL) KURNOOL(DIST),518302,adoni.etechno[at]narayanagroup[dot]co,https://kys.udiseplus.gov.in/#/schooldetail/4699522/12,4699522,15/10/2020 12:18,2725
******91407 Operational,,NARAYANA EM HS BUDHAVARPETA,,,,Andhra Pradesh,7-Upper Pr. and Secondary,38-Pvt.Unaided,6 To 10,3-Co-educational,2-Urban,NA,,Kurnool Ward No. 14,Kurnool-Municipal Corporations,DNO 46/93-3 BUDHAWARA PETA,518002,knlencs.etechno[at]narayanagroup[dot]com,https://kys.udiseplus.gov.in/#/schooldetail/4712194/12,4712194,25/10/2024 19:43,2725
******90532 Operational,,NARAYANA(EM)HS MADHAVI NAGAR KURNOOL,,,,Andhra Pradesh,7-Upper Pr. and Secondary,38-Pvt.Unaided,6 To 10,3-Co-educational,2-Urban,NA,,Kurnool Ward No. 20,Kurnool-Municipal Corporations,NARAYANA EM HIGH SCHOOL MADHAVI NAGAR BRANCH KURNOOL,518002,knlmn.etechno[at]narayanagroup[dot]com,https://kys.udiseplus.gov.in/#/schooldetail/4699037/12,4699037,24/12/2025 07:11,2725
******91408 Operational,,NARAYANA(EM)HS V.R COLONY KURNOOL,,,,Andhra Pradesh,7-Upper Pr. and Secondary,38-Pvt.Unaided,6 To 10,3-Co-educational,2-Urban,NA,,Kurnool Ward No. 45,Kurnool-Municipal Corporations,WARD NO 44 VR COLONY RAOD NO 2 KURNOOL 5108003,518003,knlvrc.etechno[at]narayagroup[dot]com,https://kys.udiseplus.gov.in/#/schooldetail/4698235/12,4698235,25/10/2024 19:43,2725
******02811 Operational,,NARAYANA EM.PS ADONI,,,,Andhra Pradesh,1-Primary,38-Pvt.Unaided,1 To 5,3-Co-educational,2-Urban,NA,,Adoni (M) - Ward No.1,Adoni-Municipality,BESIDE KKB FUNCTION HALL BESIDE KKB FUNCTION HALL ADONI(VILLAGE) ADONI(MANDAL) KURNOOL(DIST),518301,adoni.etechno[at]narayanagroup[dot]com,https://kys.udiseplus.gov.in/#/schooldetail/4699521/12,4699521,21/04/2023 15:31,2725
******90531 Operational,,NARAYANA (EM) PS MADHAVI NAGAR KURNOOL,,,,Andhra Pradesh,1-Primary,38-Pvt.Unaided,1 To 5,3-Co-educational,2-Urban,NA,,Kurnool Ward No. 20,Kurnool-Municipal Corporations,"madhavi nagar, Near Amma Hospital, Knl",518002,knlmn.etechno[at]narayanagroup[dot]com,https://kys.udiseplus.gov.in/#/schooldetail/4699036/12,4699036,24/12/2025 07:15,2725
******91409 Operational,,NARAYANA(EM)PS V.R COLONY KURNOOL,,,,Andhra Pradesh,1-Primary,38-Pvt.Unaided,1 To 5,3-Co-educational,2-Urban,NA,,Kurnool Ward No. 45,Kurnool-Municipal Corporations,WARD NO 44 V R COLONY ROAD NO 2 KURNOOL MCORP 5 KURNOOL,518003,knlvrc.etechno[at]narayanagroup[dot]com,https://kys.udiseplus.gov.in/#/schooldetail/4698271/12,4698271,25/10/2024 19:43,2725
******91410 Operational,,NARAYANA EM SCHOOLBANDIMETTA,,,,Andhra Pradesh,6-Pr. Up Pr. and Secondary Only,38-Pvt.Unaided,1 To 10,3-Co-educational,2-Urban,NA,,Kurnool Ward No. 3,Kurnool-Municipal Corporations,19/26-A-2-3BANDIMETA KURNOOL,518001,knlotown.etechno[at]narayanagroup[dot]com,https://kys.udiseplus.gov.in/#/schooldetail/4698272/12,4698272,19/06/2025 13:20,2725
******90539 Operational,,NARAYANA E.M SCHOOLGAYATHRI ESTATEKURNOOL,,,,Andhra Pradesh,1-Primary,38-Pvt.Unaided,1 To 5,3-Co-educational,2-Urban,NA,,Kurnool Ward No. 25,Kurnool-Municipal Corporations,GAYATHRI ESTATE KURNOOL,518002,knldnencs.etechno[at]narayanagroup[dot]com,https://kys.udiseplus.gov.in/#/schooldetail/4699043/12,4699043,24/12/2025 17:26,2725
******01859 Operational,,"NARAYANA EM SCHOOL, VASAVI GARDENS, JOHARAPURAM, KURNOOL",,,,Andhra Pradesh,6-Pr. Up Pr. and Secondary Only,38-Pvt.Unaided,1 To 10,3-Co-educational,2-Urban,Kurnool urban,,Kurnool Ward No. 18,"Kurnool Municipal Corporation, Kurnool","LAKSHMI GARDENS STREET VASAVI GARDENTS, JOHARAPURAM",518002,knlencs.etechno[at]narayanagroup[dot]com,,,21/12/2025 16:38,2725
******00252 Operational,,NARAYANA HiIGH SCHOOL YEMMIGANUR,,,,Andhra Pradesh,7-Upper Pr. and Secondary,38-Pvt.Unaided,6 To 10,3-Co-educational,2-Urban,NA,,Yemmiganur (M) - Ward No.1,Yemmiganur-Municipality,HNO 1/1268-8 H B S COLONY GEETHA NAGAR YEMMIGANUR(VILLAGE) YEMMIGANUR(MANDAL) KURNOOL(DIST),518360,knlymger.etechno[at]narayanagroup[dot]com,https://kys.udiseplus.gov.in/#/schooldetail/4699257/12,4699257,12/02/2024 19:38,2725
******00920 Permanently Closed,,NARAYANA JR COLLEGE,,,,Andhra Pradesh,11-Higher Secondary only/Jr. College,38-Pvt.Unaided,11 To 12,3-Co-educational,1-Rural,C.Belagal,C.Belagal,,,NA,518462,,https://kys.udiseplus.gov.in/#/schooldetail/4717297/12,4717297,15/10/2020 12:18,2725
******02423 Operational,,NARAYANA JUNIOR COLLEGE ADONI ROAD KOSIGI,,,,Andhra Pradesh,11-Higher Secondary only/Jr. College,38-Pvt.Unaided,11 To 12,3-Co-educational,1-Rural,Kosigi,Kosigi,,,9/299-2 NEAR RAILWAY SATION ADONI ROAD,518313,njc.kosigi[at]gmail[dot]com,https://kys.udiseplus.gov.in/#/schooldetail/4719531/12,4719531,20/12/2025 19:21,2725
******02422 Permanently Closed,,NARAYANA JUNIOR COLLEGE KOSIGI,,,,Andhra Pradesh,11-Higher Secondary only/Jr. College,38-Pvt.Unaided,11 To 12,3-Co-educational,1-Rural,Kosigi,Kosigi,,,NA,518313,,https://kys.udiseplus.gov.in/#/schooldetail/4717294/12,4717294,15/10/2020 12:18,2725
******02723 Operational,,NARAYANA JUNIOR COLLEGE KOWTHALAM,,,,Andhra Pradesh,11-Higher Secondary only/Jr. College,38-Pvt.Unaided,11 To 12,3-Co-educational,1-Rural,Kowthalam,Kowthalam,,,NEAR ZPHSCHOOL KOWTHALAM 518344,518344,njc.kowthalam[at]gmail[dot]com,https://kys.udiseplus.gov.in/#/schooldetail/4719529/12,4719529,16/05/2022 14:00,2725
******00355 Operational,,NARAYANA PRIME EM UP SCHOOL ASPARI,,,,Andhra Pradesh,2-Primary with Upper Primary,38-Pvt.Unaided,1 To 7,3-Co-educational,1-Rural,Aspari,Aspari,,,"NARAYANA PRIME EM UP SCHOOL , ASPARI",518347,meo.aspari[at]gmail[dot]com,https://kys.udiseplus.gov.in/#/schooldetail/4720770/12,4720770,21/12/2025 20:47,2725
******00245 Operational,,NARAYANNA-PRIMARY SCHOOLYEMMIGANUR,,,,Andhra Pradesh,1-Primary,38-Pvt.Unaided,1 To 5,3-Co-educational,2-Urban,NA,,Yemmiganur (M) - Ward No.1,Yemmiganur-Municipality,H NO 1/1268-8 H B S COLONY GEETHA NAGAR YEMMIGANUR(VILLAGE) YEMMIGANUR(MANDAL) KURNOOL(DIST),518360,knlymger.etechno[at]narayanagroup[dot]com,https://kys.udiseplus.gov.in/#/schooldetail/4699250/12,4699250,12/02/2024 19:39,2725
******90150 Operational,,NARENDRA ENGLISH MEDIUM S,,,,Andhra Pradesh,1-Primary,38-Pvt.Unaided,1 To 5,3-Co-educational,2-Urban,NA,,Adoni (M) - Ward No.5,Adoni-Municipality,5th WARD ADONI ADONI (M)(VILLAGE) ADONI(MANDAL) KURNOOL(DIST),518301,,https://kys.udiseplus.gov.in/#/schooldetail/4699621/12,4699621,16/06/2023 15:21,2725
******91314 Operational,,NATIONAL E/M HIGH S,,,,Andhra Pradesh,7-Upper Pr. and Secondary,38-Pvt.Unaided,6 To 10,3-Co-educational,2-Urban,NA,,Adoni (M) - Ward No.1,Adoni-Municipality,ADONI (M) ( HIG-70 APHB COLONY ADONI (M)-2(VILLAGE) ADONI(MANDAL) KURNOOL(DIST),518302,ggreddy456[at]gmail[dot]com,https://kys.udiseplus.gov.in/#/schooldetail/4698607/12,4698607,15/10/2020 12:18,2725
******01407 Operational,,NATIONAL EM HIGH SCHOOL PEDDA THUMBALAM,,,,Andhra Pradesh,7-Upper Pr. and Secondary,38-Pvt.Unaided,6 To 10,3-Co-educational,1-Rural,Adoni,Pedda Thumbalam,,,PEDDA THUMBALAM VILLAGE,518302,kistappa1975[at]gmai[dot]com,https://kys.udiseplus.gov.in/#/schooldetail/4699487/12,4699487,15/10/2020 12:18,2725
******90159 Operational,,NATIONAL EM PRIMARY SCHOO,,,,Andhra Pradesh,1-Primary,38-Pvt.Unaided,1 To 5,3-Co-educational,2-Urban,NA,,Adoni (M) - Ward No.1,Adoni-Municipality,ADONI (M) HIG-70 APHB COLONY ADONI (M)(VILLAGE) ADONI(MANDAL) KURNOOL(DIST),518302,ggreddy456[at]gmail[dot]com,https://kys.udiseplus.gov.in/#/schooldetail/4699628/12,4699628,21/04/2023 15:31,2725
******01406 Operational,,NATIONAL EM PRIMARY SCHOOL PEDDA THUMBALAM,,,,Andhra Pradesh,1-Primary,38-Pvt.Unaided,1 To 5,3-Co-educational,1-Rural,Adoni,Pedda Thumbalam,,,PEDDA THUMBALAM PEDDA THUMBALAM PEDDA THUMBALAM(VILLAGE) ADONI(MANDAL) KURNOOL(DIST),518302,kristappa1975[at]gmail[dot]com,https://kys.udiseplus.gov.in/#/schooldetail/4699486/12,4699486,21/04/2023 15:31,2725
******00485 Permanently Closed,,NATIONAL HIGH SCHOOL ARORA NAGAR KALLUR,,,,Andhra Pradesh,7-Upper Pr. and Secondary,38-Pvt.Unaided,6 To 10,3-Co-educational,9-NA,NA,,,,NA,518002,,https://kys.udiseplus.gov.in/#/schooldetail/4698908/12,4698908,15/10/2020 12:18,2725
******00473 Permanently Closed,,NATIONAL PRIMARY SCHOOL ARORA NAGAR KALLUR,,,,Andhra Pradesh,1-Primary,38-Pvt.Unaided,1 To 5,3-Co-educational,9-NA,NA,,,,NA,518002,,https://kys.udiseplus.gov.in/#/schooldetail/4698900/12,4698900,15/10/2020 12:18,2725
******91504 Operational,,NATIONAL VOCATIONAL JUNIOR COLLEGE ASHOKNAGAR KURNOOL,,,,Andhra Pradesh,11-Higher Secondary only/Jr. College,38-Pvt.Unaided,11 To 12,3-Co-educational,2-Urban,NA,,Kurnool Ward No. 44,Kurnool-Municipal Corporations,ashok nagar kurnool,518004,altafijamedar2[at]gmail[dot]com,https://kys.udiseplus.gov.in/#/schooldetail/4719550/12,4719550,25/10/2024 19:43,2725
******90143 Operational,,NAVAJYOTHI ENGLISH MEDIUM,,,,Andhra Pradesh,1-Primary,38-Pvt.Unaided,1 To 5,3-Co-educational,2-Urban,NA,,Adoni (M) - Ward No.13,Adoni-Municipality,VICTORIYAPET ADONI,518301,,https://kys.udiseplus.gov.in/#/schooldetail/4699615/12,4699615,15/10/2020 12:18,2725
******90427 Closed,Closed,NAVODAYA S EM,,,,Andhra Pradesh,1-Primary,38-Pvt.Unaided,1 To 5,3-Co-educational,2-Urban,NA,,Kurnool Ward No. 27,Kurnool-Municipal Corporations,KALLUR ( ABBAS NAGAR KALLUR(VILLAGE) KALLUR(MANDAL) KURNOOL(DIST),518002,,https://kys.udiseplus.gov.in/#/schooldetail/4698989/12,4698989,09/05/2022 13:36,2725
******91394 Closed,Closed,NCLP SCHOOL GAREEB NAGAR KURNOOL,,,,Andhra Pradesh,2-Primary with Upper Primary,53-NCLP,1 To 8,3-Co-educational,2-Urban,NA,,Kurnool Ward No. 8,Kurnool-Municipal Corporations,GAREEB NAGAR,518001,sfttc.knl[at]gmail[dot]com,https://kys.udiseplus.gov.in/#/schooldetail/4698258/12,4698258,04/08/2025 14:27,2725
******90523 Closed,Closed,NCLP SCHOOL KALLUR,,,,Andhra Pradesh,2-Primary with Upper Primary,53-NCLP,1 To 7,3-Co-educational,2-Urban,NA,,Kurnool Ward No. 33,Kurnool-Municipal Corporations,74/132 MAHATHMA NAGAR KALLUR,518003,nclpkallur1995[at]gmail[dot]com,https://kys.udiseplus.gov.in/#/schooldetail/4699030/12,4699030,04/08/2025 14:27,2725
******90524 Permanently Closed,,NCLP SCHOOL SHAREEN NAGARKALLUR,,,,Andhra Pradesh,2-Primary with Upper Primary,53-NCLP,1 To 7,3-Co-educational,9-NA,NA,,,,NA,518003,,https://kys.udiseplus.gov.in/#/schooldetail/4699031/12,4699031,15/10/2020 12:18,2725
******01512 Operational,,NEHRU EM UP SCHOOL M.K.KOTTALA,,,,Andhra Pradesh,2-Primary with Upper Primary,38-Pvt.Unaided,1 To 8,3-Co-educational,1-Rural,Devanakonda,Gundlakonda,,,NEHRU EM UP SCHOOL M.K.KOTTALA DEVANAKONDA MANDAL KURNOOL DISTRICT,518468,meo.devanakonda[at]gmail[dot]com,https://kys.udiseplus.gov.in/#/schooldetail/4700002/12,4700002,23/12/2025 18:40,2725
******91182 Operational,,NEHRU MEMORIAL HIGH SCHOOL 1ST WARD KURNOOL,,,,Andhra Pradesh,7-Upper Pr. and Secondary,34-MUNCIPAL,6 To 10,1-Boys,2-Urban,NA,,Kurnool Ward No. 1,Kurnool-Municipal Corporations,1sT WARD FORT KURNOOL KURNOOL (MCORP)-2(VILLAGE) KURNOOL(MANDAL) KURNOOL(DIST),518001,nmmchs[at]gmail[dot]com,https://kys.udiseplus.gov.in/#/schooldetail/4698148/12,4698148,22/12/2025 22:54,2725
******91132 Closed,Closed,"NEHRU MEMO URDU AIDED UPS, ARORA NAGAR, KURNOOL",,,,Andhra Pradesh,2-Primary with Upper Primary,35-Pvt.Aided,1 To 7,3-Co-educational,2-Urban,NA,,Kurnool Ward No. 22,Kurnool-Municipal Corporations,aroranager bcamp,518002,,https://kys.udiseplus.gov.in/#/schooldetail/4698128/12,4698128,25/10/2024 19:43,2725
******90544 Operational,,NETHAJI E.M UP SCHOOLSARASWATHI NAGARKALLUR,,,,Andhra Pradesh,2-Primary with Upper Primary,38-Pvt.Unaided,1 To 7,3-Co-educational,2-Urban,NA,,Kurnool Ward No. 20,Kurnool-Municipal Corporations,kallur -3 kallur mandal,518002,bsubhashini97[at]gmail[dot]com,https://kys.udiseplus.gov.in/#/schooldetail/4699048/12,4699048,24/12/2025 07:13,2725
******01024 Operational,,NETHAJI ENGLISH MEDIUM UP SCHOOL HOLAGUNDA,,,,Andhra Pradesh,2-Primary with Upper Primary,38-Pvt.Unaided,1 To 7,3-Co-educational,1-Rural,Holagunda,Holagunda,,,NEAR SIDDAPPA THATHA TEMPLE HOLAGUNDA HOLAGUNDA(VILLAGE) HOLAGUNDA(MANDAL) KURNOOL(DIST),518346,nethaji.mallikarjuna[at]gmail[dot]com,https://kys.udiseplus.gov.in/#/schooldetail/4699764/12,4699764,16/06/2023 15:21,2725
******00605 Operational,,NETHAJI VIDYA NIKETAN,,,,Andhra Pradesh,2-Primary with Upper Primary,38-Pvt.Unaided,1 To 7,3-Co-educational,1-Rural,Devanakonda,P.Kotakonda,,,ERUKALA CHERUVU ERUKALA CHERUVU P.KOTAKONDA(VILLAGE) DEVANAKONDA(MANDAL) KURNOOL(DIST),518225,jakeerahmedfhk5409[at]gmail[dot]com,https://kys.udiseplus.gov.in/#/schooldetail/4699947/12,4699947,23/12/2025 18:42,2725
******01006 Operational,,NEW AMARAVATHI EM UPS JAMPAPURAM,,,,Andhra Pradesh,2-Primary with Upper Primary,38-Pvt.Unaided,1 To 7,3-Co-educational,1-Rural,Kosigi,Jampapuram,,,"JAMPAPURAM(VILLEGE),KOSIGI(MANDAL)KURNOOL(DIST)",518313,veerareddy443[at]gmail[dot]com,https://kys.udiseplus.gov.in/#/schooldetail/4697624/12,4697624,20/12/2025 19:27,2725
******90123 Operational,,NEW BHARPET MPLPS(U),,,,Andhra Pradesh,1-Primary,34-MUNCIPAL,1 To 5,3-Co-educational,2-Urban,NA,,Adoni (M) - Ward No.1,Adoni-Municipality,1st WARD ADONI ADONI (M)(VILLAGE) ADONI(MANDAL) KURNOOL(DIST),518301,newbharpetmplpsadoni[at]gmail[dot]com,https://kys.udiseplus.gov.in/#/schooldetail/4699595/12,4699595,15/10/2020 12:18,2725
******01606 Operational,,NEW BRILLIANT EM UP SCHOOL VAGARUR,,,,Andhra Pradesh,2-Primary with Upper Primary,38-Pvt.Unaided,1 To 7,3-Co-educational,1-Rural,Mantralayam,Vagaruru,,,NEW BRILIENT EM UP SCHOOL VAGARUR,518349,newbrilliant76[at]gmail[dot]com,https://kys.udiseplus.gov.in/#/schooldetail/4719848/12,4719848,21/04/2023 15:31,2725
******00907 Operational,,NEW EVEREST VIDYANIKETAN,,,,Andhra Pradesh,2-Primary with Upper Primary,38-Pvt.Unaided,1 To 7,3-Co-educational,1-Rural,Kodumur,Gorantla,,,Main raod Gorantla village Kodumur Mandal,518468,neweverestgorantla[at]gmail[dot]com,https://kys.udiseplus.gov.in/#/schooldetail/4719581/12,4719581,21/04/2023 15:31,2725
******01004 Operational,,NEW GOUTHAM VIDYA NIKETAN UPS K NAGALAPURAM,,,,Andhra Pradesh,6-Pr. Up Pr. and Secondary Only,38-Pvt.Unaided,1 To 10,3-Co-educational,1-Rural,Gudur,Kuruvanagalapuram,,,K. NAGALAPURAM(VILLAGE) GUDUR(MANDAL) KURNOOL(DIST),518468,Pinjarimoulali744[at]gmail[dot]com,https://kys.udiseplus.gov.in/#/schooldetail/4697882/12,4697882,16/07/2025 11:07,2725
******00523 Operational,,NEW KIDZ EM PRIMARY SCHOOL GONEGANDLA,,,,Andhra Pradesh,1-Primary,38-Pvt.Unaided,1 To 5,3-Co-educational,1-Rural,Gonegandla,Gonegandla,,,"TBP Colony, Near MRO Office",518463,khajapatel3335[at]gmail[dot]com,https://kys.udiseplus.gov.in/#/schooldetail/4721089/12,4721089,12/02/2026 11:53,2725
******00270 Permanently Closed,,NEW MUBARAK EM UM UPS YMGR,,,,Andhra Pradesh,2-Primary with Upper Primary,38-Pvt.Unaided,1 To 7,3-Co-educational,2-Urban,NA,,Yemmiganur (M) - Ward No.17,Yemmiganur-Municipality,NA,518360,,https://kys.udiseplus.gov.in/#/schooldetail/4699269/12,4699269,15/10/2020 12:18,2725
******91311 Closed,Closed,NEW NALANDA EMTM UPS MADHAVA STREET KURNOOL,,,,Andhra Pradesh,2-Primary with Upper Primary,38-Pvt.Unaided,1 To 7,3-Co-educational,2-Urban,NA,,Kurnool Ward No. 2,Kurnool-Municipal Corporations,MADHVA STREET KURNOOL KURNOOL(MCORP)-4(VILLAGE) KURNOOL(MANDAL) KURNOOL(DIST),518001,nems55020[at]gmail[dot]com,https://kys.udiseplus.gov.in/#/schooldetail/4698215/12,4698215,25/10/2024 19:43,2725
******91241 Permanently Closed,,NEW NALANDA UP SCHOOL KUMMARI STREET KURNOOL,,,,Andhra Pradesh,2-Primary with Upper Primary,38-Pvt.Unaided,1 To 7,3-Co-educational,9-NA,NA,,,,NA,518001,,https://kys.udiseplus.gov.in/#/schooldetail/4717326/12,4717326,25/10/2024 19:43,2725
******00385 Operational,,NEW PEACE ENGLISH MEDIUM SCHOOL NR PETA KURNOOL,,,,Andhra Pradesh,6-Pr. Up Pr. and Secondary Only,38-Pvt.Unaided,1 To 10,3-Co-educational,2-Urban,NA,,Kurnool Ward No. 50,Kurnool-Municipal Corporations,NARASINGA RAO PETA KURNOOL,518001,,https://kys.udiseplus.gov.in/#/schooldetail/4720789/12,4720789,25/10/2024 19:43,2725
******02806 Operational,,NEW SREE CHAITANYA EMUP,,,,Andhra Pradesh,2-Primary with Upper Primary,38-Pvt.Unaided,1 To 7,3-Co-educational,2-Urban,NA,,Adoni (M) - Ward No.17,Adoni-Municipality,ADONI ADONI ADONI(VILLAGE) ADONI(MANDAL) KURNOOL(DIST),518301,rameshkumar.reddy667[at]gmail[dot]com,https://kys.udiseplus.gov.in/#/schooldetail/4699516/12,4699516,21/04/2023 15:31,2725
******00350 Operational,,NEW VISWAVAANI EM HS KODUMUR,,,,Andhra Pradesh,7-Upper Pr. and Secondary,38-Pvt.Unaided,6 To 10,3-Co-educational,1-Rural,Kodumur,Kodumur,,,NEAR SANTHA MARKET KODUMUR MANDAL,518464,aksharanews007[at]gmail[dot]com,https://kys.udiseplus.gov.in/#/schooldetail/4699138/12,4699138,10/05/2022 11:12,2725
******00346 Operational,,"NEW VISWAVANI EM PS, KODUMUR",,,,Andhra Pradesh,1-Primary,38-Pvt.Unaided,1 To 5,3-Co-educational,1-Rural,Kodumur,Kodumur,,,NEAR SANTHA MARKET KODUMUR,518464,bpranav77[at]gmail[dot]com,https://kys.udiseplus.gov.in/#/schooldetail/4699135/12,4699135,21/04/2023 15:31,2725
******90435 Operational,,NIZAMS PUBLIC EMTM,,,,Andhra Pradesh,2-Primary with Upper Primary,38-Pvt.Unaided,1 To 7,3-Co-educational,2-Urban,NA,,Kurnool Ward No. 34,Kurnool-Municipal Corporations,KALLUR BELLARY CHOURASTA NIRMAL NAGAR KALLUR(VILLAGE) KALLUR(MANDAL) KURNOOL(DIST),518003,,https://kys.udiseplus.gov.in/#/schooldetail/4698992/12,4698992,24/12/2025 07:30,2725
******91301 Operational,,NMMPLHS 2OTH WARD,,,,Andhra Pradesh,7-Upper Pr. and Secondary,34-MUNCIPAL,6 To 10,3-Co-educational,2-Urban,NA,,Adoni (M) - Ward No.20,Adoni-Municipality,20th WARD 20-78 ADONI ADONI (M)-2(VILLAGE) ADONI(MANDAL) KURNOOL(DIST),518301,nmmhs.adn[at]gmail[dot]com,https://kys.udiseplus.gov.in/#/schooldetail/4699667/12,4699667,15/10/2020 12:18,2725
******01915 Operational,,NOBLE EM UP SCHOOL APSPRI,,,,Andhra Pradesh,2-Primary with Upper Primary,38-Pvt.Unaided,1 To 7,3-Co-educational,1-Rural,Aspari,Aspari,,,NOBLE EM UP SCHOOL KURNOOL ROAD ASPARI,518347,mramakrishna56[at]gmail[dot]com,https://kys.udiseplus.gov.in/#/schooldetail/4699913/12,4699913,21/12/2025 20:44,2725
******00708 Operational,,NOVY CONCEPT .PS TUGGALI,,,,Andhra Pradesh,1-Primary,38-Pvt.Unaided,1 To 5,3-Co-educational,1-Rural,Tuggali,Tuggali,,,TUGGALI TUGGALI TUGGALI(VILLAGE) TUGGALI(MANDAL) KURNOOL(DIST),518390,,https://kys.udiseplus.gov.in/#/schooldetail/4701780/12,4701780,16/06/2023 15:21,2725
******00715 Operational,,NOVY HIGH SCHOOL TUGGALI,,,,Andhra Pradesh,7-Upper Pr. and Secondary,38-Pvt.Unaided,6 To 10,3-Co-educational,1-Rural,Tuggali,Tuggali,,,TUGGALI TUGGALI TUGGALI(VILLAGE) TUGGALI(MANDAL) KURNOOL(DIST),518390,,https://kys.udiseplus.gov.in/#/schooldetail/4701782/12,4701782,15/10/2020 12:18,2725
******90131 Operational,,N.RAMAIAH MPLPS,,,,Andhra Pradesh,1-Primary,34-MUNCIPAL,1 To 5,3-Co-educational,2-Urban,NA,,Adoni (M) - Ward No.17,Adoni-Municipality,KOTLA VIJAY BHASKER REDDY NAGAR ADONI ADONI,518301,Sowjanya556[at]gmail[dot]com,https://kys.udiseplus.gov.in/#/schooldetail/4699603/12,4699603,13/01/2023 11:54,2725
******01502 Operational,,NRM GOVT HS BOLLAVARAM,,,,Andhra Pradesh,7-Upper Pr. and Secondary,10-State Govt.,6 To 10,3-Co-educational,1-Rural,Kallur,Bollavaram,,,BOLLAVARAM BOLLAVARAM BOLLAVARAM(VILLAGE) KALLUR(MANDAL) KURNOOL(DIST),518218,nrmghsbollavaram[at]gmail[dot]com,https://kys.udiseplus.gov.in/#/schooldetail/4698952/12,4698952,23/12/2025 12:56,2725
******01501 Operational,,NRM GOVT PS BOLLAVARAM,,,,Andhra Pradesh,1-Primary,10-State Govt.,1 To 5,3-Co-educational,1-Rural,Kallur,Bollavaram,,,BOLLAVARAM BOLLAVARAM BOLLAVARAM(VILLAGE) KALLUR(MANDAL) KURNOOL(DIST),518218,,https://kys.udiseplus.gov.in/#/schooldetail/4698951/12,4698951,23/12/2025 12:56,2725
******90115 Operational,,OLD BHARPETMPLPS(U),,,,Andhra Pradesh,1-Primary,34-MUNCIPAL,1 To 5,3-Co-educational,2-Urban,NA,,Adoni (M) - Ward No.4,Adoni-Municipality,GOKARJANDA STREET ADONI ADONI (M)(VILLAGE) ADONI(MANDAL) KURNOOL(DIST),518301,oldbharpeturdumpleleschool1939[at]gmail[dot]com,https://kys.udiseplus.gov.in/#/schooldetail/4699587/12,4699587,11/03/2024 17:16,2725
******01603 Operational,,OLIVA EM TM UP SCHOOL,,,,Andhra Pradesh,2-Primary with Upper Primary,38-Pvt.Unaided,1 To 7,3-Co-educational,1-Rural,Gonegandla,B Agraharam,,,B AGRAHARAM VILLAGE GONEGANDLA MANDAL,518463,m.raju614[at]gmail[dot]com,https://kys.udiseplus.gov.in/#/schooldetail/4719582/12,4719582,12/02/2026 11:43,2725
******00508 Operational,,ORION EM PRIMARY SCHOOL SRI SAINATH NAGAR NEAR GOOTY FLYOVER KALL,,,,Andhra Pradesh,1-Primary,38-Pvt.Unaided,1 To 5,3-Co-educational,2-Urban,NA,,Kurnool Ward No. 30,Kurnool-Municipal Corporations,"SAINATH NAGAR,KALLUR",518002,orionschool.kurnool[at]gmail[dot]com,https://kys.udiseplus.gov.in/#/schooldetail/4720272/12,4720272,23/12/2025 12:46,2725
******00651 Operational,,ORION HIGH SCHOOL SRI SAINATH NAGAR KALLUR,,,,Andhra Pradesh,7-Upper Pr. and Secondary,38-Pvt.Unaided,6 To 10,3-Co-educational,2-Urban,NA,,Kurnool Ward No. 29,Kurnool-Municipal Corporations,"SAINATH NAGAR,KALLUR KURNOOL(DIST)",518002,orionschool.kurnool[at]gmail[dot]com,https://kys.udiseplus.gov.in/#/schooldetail/4721056/12,4721056,23/12/2025 20:15,2725
******01026 Operational,,OXFORD EM SCHOOL MAMIDALAPADU,,,,Andhra Pradesh,2-Primary with Upper Primary,38-Pvt.Unaided,1 To 7,3-Co-educational,2-Urban,NA,,Kurnool Ward No. 38,Kurnool-Municipal Corporations,"MAMIDALAPADU VILLAGE, KURNOOL MANDAL",518003,,https://kys.udiseplus.gov.in/#/schooldetail/4697939/12,4697939,05/01/2026 15:41,2725
******00478 Permanently Closed,,PADMASREE VIDYA NIKETAN KALLUR,,,,Andhra Pradesh,2-Primary with Upper Primary,38-Pvt.Unaided,1 To 7,3-Co-educational,9-NA,NA,,,,NA,518002,,https://kys.udiseplus.gov.in/#/schooldetail/4698904/12,4698904,15/10/2020 12:18,2725
******91155 Operational,,PADMASRI U.P. S INDIRA GANDHI NAGAR KURNOOL,,,,Andhra Pradesh,2-Primary with Upper Primary,38-Pvt.Unaided,1 To 7,3-Co-educational,2-Urban,NA,,Kurnool Ward No. 43,Kurnool-Municipal Corporations,42rd WARD I G NAGAR KURNOOL KURNOOL (MCORP)-2(VILLAGE) KURNOOL(MANDAL) KURNOOL(DIST),518004,,https://kys.udiseplus.gov.in/#/schooldetail/4697048/12,4697048,25/10/2024 19:43,2725
******91220 Operational,,"PADMAVATHI EM HS, 16TH WARD, GADDA STREET",,,,Andhra Pradesh,7-Upper Pr. and Secondary,38-Pvt.Unaided,6 To 10,3-Co-educational,2-Urban,NA,,Kurnool Ward No. 7,Kurnool-Municipal Corporations,16th WARD ONE TOWN H.NO:1/197 KURNOOL KURNOOL (MCORP)-3(VILLAGE) KURNOOL(MANDAL) KURNOOL(DIST),518001,padmavathiems71[at]gmail[dot]com,https://kys.udiseplus.gov.in/#/schooldetail/4698180/12,4698180,25/10/2024 19:43,2725
******90599 Operational,,PADMAVATHI ENG MED SCHOOL 1 TOWN KURNOOL,,,,Andhra Pradesh,1-Primary,38-Pvt.Unaided,1 To 5,3-Co-educational,2-Urban,NA,,Kurnool Ward No. 7,Kurnool-Municipal Corporations,6th WARD Ist TOWN KURNOOL KURNOOL (MCORP)(VILLAGE) KURNOOL(MANDAL) KURNOOL(DIST),518001,padmavathiems71[at]gmail[dot]com,https://kys.udiseplus.gov.in/#/schooldetail/4698107/12,4698107,25/10/2024 19:43,2725
******01509 Operational,,PADMAVATHI UP SCHOOL GONDIPERLA,,,,Andhra Pradesh,2-Primary with Upper Primary,38-Pvt.Unaided,1 To 8,3-Co-educational,1-Rural,Kurnool,Gondiparla,,,GONDIPARLA GONDIPARLA GONDIPARLA(VILLAGE) KURNOOL(MANDAL) KURNOOL(DIST),518004,,https://kys.udiseplus.gov.in/#/schooldetail/4697957/12,4697957,27/12/2025 10:49,2725
******01037 Operational,,PADMA VIDYA VIKAS EM UP SCHOOL VELDURTHY,,,,Andhra Pradesh,2-Primary with Upper Primary,38-Pvt.Unaided,1 To 7,3-Co-educational,1-Rural,Veldurthi,Veldurthi,,,PADMA VIDYA VIKAS NEW BUSTAND VELDURTHY KURNOOL,518216,badesahebd[at]gmail[dot]com,https://kys.udiseplus.gov.in/#/schooldetail/4700093/12,4700093,21/04/2023 15:31,2725
******91368 Operational,,PALAKSHA EM UPS VENKANNAGERIADN,,,,Andhra Pradesh,2-Primary with Upper Primary,38-Pvt.Unaided,1 To 7,3-Co-educational,2-Urban,NA,,Adoni (M) - Ward No.20,Adoni-Municipality,Dno 20-130 VenkannaPet Adoni,518301,plakshaschooladn[at]gmail[dot]com,https://kys.udiseplus.gov.in/#/schooldetail/4699722/12,4699722,16/06/2023 15:21,2725
******02105 Operational,,PARIMALA HIGH S,,,,Andhra Pradesh,7-Upper Pr. and Secondary,38-Pvt.Unaided,6 To 10,3-Co-educational,1-Rural,Mantralayam,Manchala,,,RAGHAVENDRA SWAMY MUTT MANTRALAYAM MANTRALAYAM(VILLAGE) MANTRALAYAM(MANDAL) KURNOOL(DIST),518345,shriparimalavidyaniketan123[at]gmail[dot]com,https://kys.udiseplus.gov.in/#/schooldetail/4697725/12,4697725,15/10/2020 12:18,2725
******02103 Operational,,PARIMALA P.S.,,,,Andhra Pradesh,1-Primary,38-Pvt.Unaided,1 To 5,3-Co-educational,1-Rural,Mantralayam,Manchala,,,RAGHAVENDRA SWAMY MUTT MANTRALAYAM MANTRALAYAM(VILLAGE) MANTRALAYAM(MANDAL) KURNOOL(DIST),518345,shriparimalavidyaniketan123[at]gmail[dot]com,https://kys.udiseplus.gov.in/#/schooldetail/4697723/12,4697723,21/04/2023 15:31,2725
******90137 Operational,,PARVATHAPURAM MPL.ELE.SCH,,,,Andhra Pradesh,1-Primary,34-MUNCIPAL,1 To 5,3-Co-educational,2-Urban,NA,,Adoni (M) - Ward No.16,Adoni-Municipality,PARVATHAPURAM ADONI ADONI (M)(VILLAGE) ADONI(MANDAL) KURNOOL(DIST),518301,,https://kys.udiseplus.gov.in/#/schooldetail/4699609/12,4699609,13/01/2023 11:58,2725
******91485 Operational,,PEACE EM SCHOOL VADDEGERI KURNOOL,,,,Andhra Pradesh,7-Upper Pr. and Secondary,38-Pvt.Unaided,6 To 10,3-Co-educational,2-Urban,NA,,Kurnool Ward No. 12,Kurnool-Municipal Corporations,44/17 vaddegeri kurool,518001,peaceinternationalschoolkrnl[at]gmail[dot]com,https://kys.udiseplus.gov.in/#/schooldetail/4698330/12,4698330,25/10/2024 19:43,2725
******91456 Operational,,PEACE INTERNATIONAL EMS VADDEGERI KNL,,,,Andhra Pradesh,2-Primary with Upper Primary,38-Pvt.Unaided,1 To 8,3-Co-educational,2-Urban,NA,,Kurnool Ward No. 12,Kurnool-Municipal Corporations,40/17 VADDEGERI STREET KURNOOL,518001,peaceinternationalschoolkrnl[at]gmail[dot]com,https://kys.udiseplus.gov.in/#/schooldetail/4698306/12,4698306,25/10/2024 19:43,2725
******90590 Sanctioned but not Operational,,PLATINUM EM SCHOOL DHANALAKSHMI NAGAR,,,,Andhra Pradesh,2-Primary with Upper Primary,38-Pvt.Unaided,1 To 7,3-Co-educational,2-Urban,NA,,Kurnool Ward No. 20,Kurnool-Municipal Corporations,danalakshminagar nandal checkpost,518003,mbalanna53[at]gmail[dot]com,https://kys.udiseplus.gov.in/#/schooldetail/4719572/12,4719572,09/05/2022 13:35,2725
******00604 Operational,,PPHSMZPHS P.KOTAKONDA,,,,Andhra Pradesh,7-Upper Pr. and Secondary,33-MPP_ZPP SCHOOLS,6 To 10,3-Co-educational,1-Rural,Devanakonda,P.Kotakonda,,,P.KOTAKONDA P.KOTAKONDA P.KOTAKONDA(VILLAGE) DEVANAKONDA(MANDAL) KURNOOL(DIST),518225,zphs09130308024[at]gmail[dot]com,https://kys.udiseplus.gov.in/#/schooldetail/4699946/12,4699946,23/12/2025 18:42,2725
******91325 Operational,,PRABHU CONVET,,,,Andhra Pradesh,1-Primary,38-Pvt.Unaided,1 To 5,3-Co-educational,2-Urban,NA,,Adoni (M) - Ward No.3,Adoni-Municipality,NEAR CROCKER JENDA ADONI ADONI (M)-2(VILLAGE) ADONI(MANDAL) KURNOOL(DIST),518301,meo.adoni[at]gmail[dot]com,https://kys.udiseplus.gov.in/#/schooldetail/4699687/12,4699687,16/06/2023 15:21,2725
******02315 Closed,Closed,PRAGATHI EM UP SCHOOL DINNEDEVARAPADU,,,,Andhra Pradesh,2-Primary with Upper Primary,38-Pvt.Unaided,1 To 7,3-Co-educational,1-Rural,Kurnool,Dinnadevarapadu (Og),,,AMBEDKAR NAGAR DINNEDEVARAPADU VILLAGE,518002,bharathkumar444[at]gmail[dot]com,https://kys.udiseplus.gov.in/#/schooldetail/4697993/12,4697993,23/10/2025 16:02,2725
******01426 Operational,,"PRAGATHI HIGH SCHOOL,ALUR",,,,Andhra Pradesh,6-Pr. Up Pr. and Secondary Only,38-Pvt.Unaided,1 To 10,3-Co-educational,1-Rural,Alur,Alur,,,PRAGATHI HIGH SCHOOL YELLARTHY ROAD ALUR,518395,pragaticollege[at]gmail[dot]com,https://kys.udiseplus.gov.in/#/schooldetail/4699835/12,4699835,22/12/2025 13:05,2725
******00746 Permanently Closed,,PRAGATHI UP SCHOOL PATTIKONDA,,,,Andhra Pradesh,2-Primary with Upper Primary,38-Pvt.Unaided,1 To 7,3-Co-educational,1-Rural,Pattikonda,Pattikonda,,,NA,518380,,https://kys.udiseplus.gov.in/#/schooldetail/4701878/12,4701878,15/10/2020 12:18,2725
******01005 Operational,,PRAGATHI VIDYA NILAYAM P.TEKUR,,,,Andhra Pradesh,2-Primary with Upper Primary,38-Pvt.Unaided,1 To 8,3-Co-educational,1-Rural,Kallur,Pedda Tekur,,,PEDDATEKUR KALLUR MANDAL,518218,,https://kys.udiseplus.gov.in/#/schooldetail/4698934/12,4698934,23/12/2025 12:50,2725
******00242 Operational,,PRAGATI JUNIOR COLLEGE ALUR,,,,Andhra Pradesh,11-Higher Secondary only/Jr. College,38-Pvt.Unaided,11 To 12,3-Co-educational,1-Rural,Alur,Alur,,,YELLARTHI ROAD ALUR KURNOOL DISTRICT,518395,pragaticollegealur[at]gmail[dot]com,https://kys.udiseplus.gov.in/#/schooldetail/4720649/12,4720649,22/12/2025 13:11,2725
******00910 Operational,,PRAGNA BHARATHI EM HS MUNAGALAPADU,,,,Andhra Pradesh,7-Upper Pr. and Secondary,38-Pvt.Unaided,6 To 10,3-Co-educational,2-Urban,NA,,Kurnool Ward No. 38,Kurnool-Municipal Corporations,MUNAGALAPADU KURNOOL 518004,518004,srinivas[at]pragnabharati[dot]com,https://kys.udiseplus.gov.in/#/schooldetail/4696821/12,4696821,25/10/2024 19:43,2725
******00909 Operational,,PRAGNA BHARATHI EM UPS MUNAGALAPADU,,,,Andhra Pradesh,2-Primary with Upper Primary,38-Pvt.Unaided,1 To 7,3-Co-educational,2-Urban,NA,,Kurnool Ward No. 38,Kurnool-Municipal Corporations,MUNAGALAPADU KURNOOL-518004,518004,srinivas[at]pragnabharati[dot]com,https://kys.udiseplus.gov.in/#/schooldetail/4696820/12,4696820,25/10/2024 19:43,2725
******01112 Operational,,PRAGNA EM UP SCHOOL JONNAGIRI TUGGALI(M),,,,Andhra Pradesh,2-Primary with Upper Primary,38-Pvt.Unaided,1 To 7,3-Co-educational,1-Rural,Tuggali,Jonnagiri,,,JONNAGIRI TUGGALI KURNOOL-518390,518390,appasatya.as[at]gmail[dot]com,https://kys.udiseplus.gov.in/#/schooldetail/4701815/12,4701815,20/11/2023 17:59,2725
******02722 Operational,,PRATHIBHA EM HS KOWTHALAM,,,,Andhra Pradesh,7-Upper Pr. and Secondary,38-Pvt.Unaided,6 To 10,3-Co-educational,1-Rural,Kowthalam,Kowthalam,,,K0WTHALAM KURNOOL PIN-518344,518344,prathibhahighschool99[at]gmail[dot]com,https://kys.udiseplus.gov.in/#/schooldetail/4697583/12,4697583,11/05/2022 09:38,2725
******02718 Operational,,PRATHIBHA EM PS KOWTHALAM,,,,Andhra Pradesh,1-Primary,38-Pvt.Unaided,1 To 5,3-Co-educational,1-Rural,Kowthalam,Kowthalam,,,ADONI ROAD KOWTHALAM KOWTHALAM KOWTHALAM(VILLAGE) KOWTHALAM(MANDAL) KURNOOL(DIST),518344,prathibhahighschool99[at]gmail[dot]com,https://kys.udiseplus.gov.in/#/schooldetail/4697579/12,4697579,21/04/2023 15:31,2725
******02007 Operational,,"PRATHIBHA EM UP SCHOOL, JOHARAPURAM",,,,Andhra Pradesh,2-Primary with Upper Primary,38-Pvt.Unaided,1 To 7,3-Co-educational,1-Rural,Aspari,Joharapuram,,,JOHARAPURAM JOHARAPURAM JOHARAPURAM(VILLAGE) ASPARI(MANDAL) KURNOOL(DIST),518347,,https://kys.udiseplus.gov.in/#/schooldetail/4699918/12,4699918,21/12/2025 20:51,2725
******90473 Operational,,PRATHIBHA HIGH S,,,,Andhra Pradesh,7-Upper Pr. and Secondary,38-Pvt.Unaided,6 To 10,3-Co-educational,2-Urban,NA,,Kurnool Ward No. 20,Kurnool-Municipal Corporations,KALLUR PLOT NO 5 ENGINEERS COLONY KALLUR VILLAGE KALLUR MANDAL KURNOOLDIST,518002,prathibha.cvrc[at]gmail[dot]com,https://kys.udiseplus.gov.in/#/schooldetail/4699011/12,4699011,24/12/2025 07:23,2725
******00241 Operational,,PRATHIBHA JUNIOR COLLEGE NANDYAL ROAD KURNOOL,,,,Andhra Pradesh,11-Higher Secondary only/Jr. College,38-Pvt.Unaided,11 To 12,3-Co-educational,2-Urban,NA,,Kurnool Ward No. 20,Kurnool-Municipal Corporations,"NANDYAL ROAD,KALLUR MANDAL,KURNOOL DIST",518002,srclggirls[at]gmail[dot]com,https://kys.udiseplus.gov.in/#/schooldetail/4720648/12,4720648,23/12/2025 20:14,2725
******90538 Operational,,PRATHIBHA MODEL HIGH SCHOOLMARUTHI MEGA CITYKALLUR,,,,Andhra Pradesh,7-Upper Pr. and Secondary,38-Pvt.Unaided,6 To 10,3-Co-educational,2-Urban,NA,,Kurnool Ward No. 20,Kurnool-Municipal Corporations,BEHIND MARUTHI MEGACITY,518002,-Srprimekurnool[at]gmail[dot]com,https://kys.udiseplus.gov.in/#/schooldetail/4699042/12,4699042,24/12/2025 07:13,2725
******00753 Operational,,PRATHIBHA MODEL HIGH SCHOOL PATTIKONDA,,,,Andhra Pradesh,7-Upper Pr. and Secondary,38-Pvt.Unaided,6 To 10,3-Co-educational,1-Rural,Pattikonda,Pattikonda,,,Hosur Road Pathikonda,518380,Saiprathibhamodelschool4321[at]gmail[dot]com,https://kys.udiseplus.gov.in/#/schooldetail/4701884/12,4701884,11/12/2023 11:58,2725
******90542 Operational,,PRATHIBHA MODEL PRIMARY SCHOOLMARUTHI MEGA CITYKALLUR,,,,Andhra Pradesh,1-Primary,38-Pvt.Unaided,1 To 5,3-Co-educational,2-Urban,NA,,Kurnool Ward No. 20,Kurnool-Municipal Corporations,BEHIND MARUTHIMEGACITY,518002,srprimary[at]gmail[dot]com,https://kys.udiseplus.gov.in/#/schooldetail/4699046/12,4699046,24/12/2025 07:14,2725
******00754 Operational,,PRATHIBHA MODEL PS PATTIKONDA,,,,Andhra Pradesh,1-Primary,38-Pvt.Unaided,1 To 5,3-Co-educational,1-Rural,Pattikonda,Pattikonda,,,Hosur Road Pathikonda,518380,prathibha.pkd99[at]gmail[dot]com,https://kys.udiseplus.gov.in/#/schooldetail/4701885/12,4701885,11/09/2024 16:11,2725
******00413 Operational,,PRATHIBHA MODEL SENGINEERS COLONY KALLUR,,,,Andhra Pradesh,1-Primary,38-Pvt.Unaided,1 To 5,3-Co-educational,2-Urban,NA,,Kurnool Ward No. 20,Kurnool-Municipal Corporations,KALLUR ENGINEERS COLONY PLOT NO 25 KALLUR(VILLAGE) KALLUR(MANDAL) KURNOOL(DIST),518002,prathibha.cvrc[at]gmail[dot]com,https://kys.udiseplus.gov.in/#/schooldetail/4698884/12,4698884,21/12/2025 12:20,2725
******91049 Operational,,PRATINHA VIDYANIKETHAN WEAVERS COLONY,,,,Andhra Pradesh,2-Primary with Upper Primary,38-Pvt.Unaided,1 To 7,3-Co-educational,2-Urban,NA,,Yemmiganur Ward No. 33,Yemmiganur-Municipality,WEAVERS COLONY YEMMIGANUR YEMMIGANUR(M)(VILLAGE) YEMMIGANUR(MANDAL) KURNOOL(DIST),518360,b.krishnaparasad92[at]gmail[dot]com,https://kys.udiseplus.gov.in/#/schooldetail/4699381/12,4699381,30/12/2022 11:59,2725
******91034 Operational,,PRIYA DARSHINI VIDYA MANDIR TANK BUND ROAD,,,,Andhra Pradesh,1-Primary,38-Pvt.Unaided,1 To 5,3-Co-educational,2-Urban,NA,,Yemmiganur Ward No. 19,Yemmiganur-Municipality,TANK BUND ROAD YEMMIGANUR YEMMIGANUR(M)(VILLAGE) YEMMIGANUR(MANDAL) KURNOOL(DIST),518360,irshad.it666[at]gmail[dot]com,https://kys.udiseplus.gov.in/#/schooldetail/4699370/12,4699370,21/04/2023 15:31,2725
******00251 Operational,,PRIYADARSINI HS YEMMIGANUR,,,,Andhra Pradesh,7-Upper Pr. and Secondary,38-Pvt.Unaided,6 To 10,3-Co-educational,2-Urban,NA,,Yemmiganur Ward No. 19,Yemmiganur-Municipality,YEMMIGANUR YEMMIGANUR YEMMIGANUR(VILLAGE) YEMMIGANUR(MANDAL) KURNNOL(DIST),518360,irshad.it666[at]gmail[dot]com,https://kys.udiseplus.gov.in/#/schooldetail/4699256/12,4699256,15/10/2020 12:18,2725
******00605 Operational,,PYRAMID EM UP SCHOOL HEBATAM,,,,Andhra Pradesh,2-Primary with Upper Primary,38-Pvt.Unaided,1 To 7,3-Co-educational,1-Rural,Holagunda,Hebbatam,,,HEBBATAM HOLAGUNDA KURNOOL 518308,518308,meo.holagunda1324[at]gmail[dot]com,https://kys.udiseplus.gov.in/#/schooldetail/4699750/12,4699750,21/04/2023 15:31,2725
******91367 Operational,,PYRAMID EM UPS KALLUBAVI ADN,,,,Andhra Pradesh,2-Primary with Upper Primary,38-Pvt.Unaided,1 To 7,3-Co-educational,2-Urban,NA,,Adoni (M) - Ward No.17,Adoni-Municipality,KALLUBHAVI ADONI 518301,518301,meo.adoni[at]gmail[dot]com,https://kys.udiseplus.gov.in/#/schooldetail/4699721/12,4699721,21/04/2023 15:31,2725
******91508 Operational,,RACE JUNIOR COLLEGE OPP TO EXHIBITION GROUNDS KURNOOL,,,,Andhra Pradesh,11-Higher Secondary only/Jr. College,38-Pvt.Unaided,11 To 12,3-Co-educational,2-Urban,NA,,Kurnool Ward No. 44,Kurnool-Municipal Corporations,D No 40-9-A-2 III FLOOR OPP TO EXHIBITION GROUNDS PARK ROAD KURNOOL,518005,shreeacharyainstitutions[at]gmail[dot]com,https://kys.udiseplus.gov.in/#/schooldetail/4719554/12,4719554,25/10/2024 19:43,2725
******03304 Operational,,RAGHAVENDRA EM UP SCHOOL BADINEHAL,,,,Andhra Pradesh,2-Primary with Upper Primary,38-Pvt.Unaided,1 To 7,3-Co-educational,1-Rural,Kowthalam,Badinehal,,,Badinehal village Kowthalam Mandal,518344,nagabushan752[at]gmail[dot]com,https://kys.udiseplus.gov.in/#/schooldetail/4697598/12,4697598,21/04/2023 15:31,2725
******00278 Closed,Closed,RAGHAVENDRA JUNIOR COLLEGE GANJELLA ROAD,,,,Andhra Pradesh,11-Higher Secondary only/Jr. College,38-Pvt.Unaided,11 To 12,3-Co-educational,2-Urban,NA,,Yemmiganur (M) - Ward No.17,Yemmiganur-Municipality,NEAR YEDDULA MARKET KURNOOL BYPASS ROAD YEMMIGANUR,518360,raghavendrajuniorcollegeygr[at]gmail[dot]com,https://kys.udiseplus.gov.in/#/schooldetail/4719583/12,4719583,07/08/2024 10:01,2725
******00913 Operational,,RAGHAVENDRA VIDYA PEETHAM NAGALADINNE,,,,Andhra Pradesh,2-Primary with Upper Primary,38-Pvt.Unaided,1 To 7,3-Co-educational,1-Rural,Nandavaram,Nagaladinne,,,NAGALADINNE NANDAVARAM NAGALADINNE(VILLAGE) NANDAVARAM(MANDAL) KURNOOL(DIST),518343,srvpeetam2821[at]gmail[dot]com,https://kys.udiseplus.gov.in/#/schooldetail/4697749/12,4697749,19/12/2025 16:39,2725
******90441 Operational,,"RAGHU MEMORIAL UP SCHOOL, KALLUR",,,,Andhra Pradesh,2-Primary with Upper Primary,38-Pvt.Unaided,1 To 7,3-Co-educational,2-Urban,NA,,Kurnool Ward No. 21,Kurnool-Municipal Corporations,B.CAMP LIG I-143 KALLUR KALLUR(VILLAGE) KALLUR(MANDAL) KURNOOL(DIST),518002,,https://kys.udiseplus.gov.in/#/schooldetail/4698994/12,4698994,24/12/2025 07:25,2725
******90559 Permanently Closed,,RAHAMANIA MODEL UP SCHOOL ABBAS NAGAR,,,,Andhra Pradesh,2-Primary with Upper Primary,38-Pvt.Unaided,1 To 7,3-Co-educational,9-NA,NA,,,,NA,518002,,https://kys.udiseplus.gov.in/#/schooldetail/4699055/12,4699055,15/10/2020 12:18,2725
******01217 Operational,,RAINBOW EM HS DEVANAKONDA,,,,Andhra Pradesh,7-Upper Pr. and Secondary,38-Pvt.Unaided,6 To 10,3-Co-educational,1-Rural,Devanakonda,Devanakonda,,,devanakonda mandal kurnool district,518465,rainbow[at]gmail[dot]com,https://kys.udiseplus.gov.in/#/schooldetail/4699980/12,4699980,23/12/2025 18:44,2725
******01112 Operational,,RAINBOW EM HS PEDDAKADABUR,,,,Andhra Pradesh,7-Upper Pr. and Secondary,38-Pvt.Unaided,6 To 10,3-Co-educational,1-Rural,Peddakadabur,Pedda Kadubur,,,PEDDAKADABUR NEAR MRO OFFICE,518323,rainbowb4u[at]gmail[dot]com,https://kys.udiseplus.gov.in/#/schooldetail/4699441/12,4699441,24/12/2025 13:03,2725
******01113 Operational,,RAINBOW EM PS PEDDAKADUBUR,,,,Andhra Pradesh,1-Primary,38-Pvt.Unaided,1 To 5,3-Co-educational,1-Rural,Peddakadabur,Pedda Kadubur,,,PEDDAKADABUR NEAR MRO OFFICE,518323,rainbow[at]gmail[dot]com,https://kys.udiseplus.gov.in/#/schooldetail/4699442/12,4699442,24/12/2025 13:08,2725
******01817 Operational,,"RAINBOW EM UP SCHOOL, HANAVAL ROAD ADONI",,,,Andhra Pradesh,2-Primary with Upper Primary,38-Pvt.Unaided,1 To 7,3-Co-educational,2-Urban,NA,,Adoni (M) - Ward No.16,Adoni-Municipality,"HANAVALU ROAD, BESIDE YSR COLONY ADONI",518302,meo.adoni[at]gmail[dot]com,,,22/12/2025 12:53,2725
******91071 Operational,,RAINBOW EM UP SCHOOL YEMMIGANUR,,,,Andhra Pradesh,2-Primary with Upper Primary,38-Pvt.Unaided,1 To 7,3-Co-educational,2-Urban,NA,,Yemmiganur (M) - Ward No.6,Yemmiganur-Municipality,MUGATHI PETA,518360,rkpsygr[at]gmail[dot]com,https://kys.udiseplus.gov.in/#/schooldetail/4699404/12,4699404,27/06/2024 12:49,2725
******01214 Operational,,RAINBOW EM UPS DEVANAKONDA,,,,Andhra Pradesh,2-Primary with Upper Primary,38-Pvt.Unaided,1 To 7,3-Co-educational,1-Rural,Devanakonda,Devanakonda,,,devanakonda mandal kurnool district,518465,rainbow[at]gmail[dot]com,https://kys.udiseplus.gov.in/#/schooldetail/4699977/12,4699977,23/12/2025 18:45,2725
******01612 Operational,,RAINBOW ENGLISH MEDIUM UP SCHOOL NANDAVARAM,,,,Andhra Pradesh,2-Primary with Upper Primary,38-Pvt.Unaided,1 To 7,3-Co-educational,1-Rural,Nandavaram,Nandavaram,,,RAINBOW ENGLISH MEDIUM UP SCHOOL NANDAVARAM (VILLAGE ) NANDAVARAM (MANDAL) KURNOOL (D),518343,rainbowschool5577[at]gmail[dot]com,https://kys.udiseplus.gov.in/#/schooldetail/4721097/12,4721097,21/04/2023 15:31,2725
******01410 Permanently Closed,,RAMADEVI EM TM UPS TGV NAGAR E.THANDRAPADU,,,,Andhra Pradesh,2-Primary with Upper Primary,61-Unrecognised Schools,1 To 7,3-Co-educational,1-Rural,Kurnool,E.Thandrapadu,,,NA,518003,,https://kys.udiseplus.gov.in/#/schooldetail/4697953/12,4697953,25/10/2024 19:43,2725
******00605 Operational,,RAMAKRISHAN V.M LAXMIPURAM,,,,Andhra Pradesh,2-Primary with Upper Primary,38-Pvt.Unaided,1 To 7,3-Co-educational,1-Rural,Kallur,Laxmipuram,,,LAXMIPURAM LAXMIPURAM LAXMIPURAM(VILALGE) KALLUR(MANDAL) KURNOOL(DIST),518218,yadlapallibharath[at]gmail[dot]com,https://kys.udiseplus.gov.in/#/schooldetail/4698924/12,4698924,23/12/2025 12:47,2725
******00493 Operational,,RAMAKRISHNA EM SCHOOL KRISHNA NAGARKALLUR,,,,Andhra Pradesh,2-Primary with Upper Primary,38-Pvt.Unaided,1 To 7,3-Co-educational,2-Urban,NA,,Kurnool Ward No. 27,Kurnool-Municipal Corporations,KRISHNA NAGAR KALLUR KALLUR(VILLAGE) KALLUR(MANDAL) KURNOOL(DIST),518002,-ramakrishnaschool99[at]gmail[dot]com,https://kys.udiseplus.gov.in/#/schooldetail/4698915/12,4698915,22/12/2025 10:44,2725
******90152 Operational,,RAMAKRISHNA ENGLISH MEDIU,,,,Andhra Pradesh,1-Primary,38-Pvt.Unaided,1 To 5,3-Co-educational,2-Urban,NA,,Adoni (M) - Ward No.14,Adoni-Municipality,KHAZIPURA 14/353 ADONI ADONI (M)(VILLAGE) ADONI(MANDAL) KURNOOL(DIST),518301,girirajulu1967[at]gmail[dot]com,https://kys.udiseplus.gov.in/#/schooldetail/4699622/12,4699622,16/06/2023 15:21,2725
******00495 Closed,Closed,RAMAKRISHNA HSKRISHNA NAGAR KALLUR,,,,Andhra Pradesh,7-Upper Pr. and Secondary,38-Pvt.Unaided,6 To 10,3-Co-educational,2-Urban,NA,,Kurnool Ward No. 27,Kurnool-Municipal Corporations,KRISHNA NAGAR KALLUR KALLUR(VILLAGE) KALLUR(MANDAL) KURNOOL(DIST),518002,ramakrishnaschool99[at]gmail[dot]com,https://kys.udiseplus.gov.in/#/schooldetail/4698916/12,4698916,29/12/2022 16:14,2725
******91224 Operational,,RAMA KRISHNA VIDYALAYAM H.S 49TH WARD KURNOOL,,,,Andhra Pradesh,7-Upper Pr. and Secondary,38-Pvt.Unaided,6 To 10,3-Co-educational,2-Urban,NA,,Kurnool Ward No. 23,Kurnool-Municipal Corporations,18th WARD 49/1-60-C M S NAGAR KURNOOL KURNOOL (MCORP)-3(VILLAGE) KURNOOL(MANDAL) KURNOOL(DIST),518002,1968prasanna[at]gmail[dot]com,https://kys.udiseplus.gov.in/#/schooldetail/4698183/12,4698183,25/10/2024 19:43,2725
******90584 Operational,,RAMAKRISHNA VIDYALAYAM PEETAM MADDUR NAGAR,,,,Andhra Pradesh,1-Primary,38-Pvt.Unaided,1 To 5,3-Co-educational,2-Urban,NA,,Kurnool Ward No. 23,Kurnool-Municipal Corporations,MADDUR NAGAR 49-1/60-C KURNOOL KURNOOL (MCORP)(VILLAGE) KURNOOL(MANDAL) KURNOOL(DIST),518002,-1968prasanna[at]gmail[dot]com,https://kys.udiseplus.gov.in/#/schooldetail/4698092/12,4698092,25/10/2024 19:43,2725
******00329 Operational,,RAMAN HIGH S YEMMIGANUR ROAD KODUMUR,,,,Andhra Pradesh,7-Upper Pr. and Secondary,38-Pvt.Unaided,6 To 10,3-Co-educational,1-Rural,Kodumur,Kodumur,,,KODUMUR YEMMIGANUR ROAD KODUMUR(VILLAGE) KODUMUR(MANDAL) KURNOOL(DIST),518464,ramanhsk[at]gmail[dot]com,https://kys.udiseplus.gov.in/#/schooldetail/4699121/12,4699121,10/05/2022 10:27,2725
******00327 Operational,,RAMAN P.S YEMMIGANUR ROAD KODUMUR,,,,Andhra Pradesh,1-Primary,38-Pvt.Unaided,1 To 5,3-Co-educational,1-Rural,Kodumur,Kodumur,,,KODUMUR YEMMIGANUR ROAD KODUMUR(VILLAGE) KODUMUR(MANDAL) KURNOOL(DIST),518464,ramanhsk[at]gmail[dot]com,https://kys.udiseplus.gov.in/#/schooldetail/4699119/12,4699119,16/06/2023 15:21,2725
******90540 Operational,,RAMU E.M HIGH SCHOOLCHINNATEKUR,,,,Andhra Pradesh,7-Upper Pr. and Secondary,38-Pvt.Unaided,6 To 10,3-Co-educational,1-Rural,Kallur,Chinna Tekur,,,CHINNATEKUR KALLUR MANDAL,518218,,https://kys.udiseplus.gov.in/#/schooldetail/4699044/12,4699044,24/12/2025 07:14,2725
******01308 Operational,,RAMU EM PS CHINNA TEKUR,,,,Andhra Pradesh,1-Primary,38-Pvt.Unaided,1 To 5,3-Co-educational,1-Rural,Kallur,Chinna Tekur,,,CHINNATEKUR KALLUR MANDAL KURNOOL,518218,nvramana3336[at]gmail[dot]com,https://kys.udiseplus.gov.in/#/schooldetail/4698949/12,4698949,23/12/2025 12:55,2725
******90605 Closed,Closed,RAOS JR COLLEGE [INCENTIVE],,,,Andhra Pradesh,11-Higher Secondary only/Jr. College,38-Pvt.Unaided,11 To 12,3-Co-educational,2-Urban,NA,,Kurnool Ward No. 20,Kurnool-Municipal Corporations,NA,NA,,https://kys.udiseplus.gov.in/#/schooldetail/4719855/12,4719855,25/10/2024 19:43,2725
******00476 Operational,,RAVIDRA TALENT SCHOOL NEAR REDDY REVENUE COLONY,,,,Andhra Pradesh,1-Primary,38-Pvt.Unaided,1 To 5,3-Co-educational,2-Urban,NA,,Kurnool Ward No. 19,Kurnool-Municipal Corporations,NAGI REDDY REVENUE COLONY KALLUR KALLUR(VILLAGE) KALLUR(MANDAL) KURNOOL(DIST),518002,saisubbaiah[at]gmail[dot]com,https://kys.udiseplus.gov.in/#/schooldetail/4698903/12,4698903,21/12/2025 12:41,2725
******91420 Closed,Closed,"RAVINDRA BHARATHI EM HS, GAYATRI ESTATE",,,,Andhra Pradesh,7-Upper Pr. and Secondary,38-Pvt.Unaided,6 To 10,3-Co-educational,2-Urban,NA,,Kurnool Ward No. 25,Kurnool-Municipal Corporations,GAYATRI ESTATE,518002,knlreg[at]rbschools[dot]in,https://kys.udiseplus.gov.in/#/schooldetail/4698276/12,4698276,25/10/2024 19:43,2725
******91419 Closed,Closed,"RAVINDRA BHARATHI EM PS, GAYATRI ESTATE",,,,Andhra Pradesh,1-Primary,38-Pvt.Unaided,1 To 5,3-Co-educational,2-Urban,NA,,Kurnool Ward No. 25,Kurnool-Municipal Corporations,GAYATRI ESTATE,518004,kurnoolreg[at]rbschool[dot]in,https://kys.udiseplus.gov.in/#/schooldetail/4698275/12,4698275,25/10/2024 19:43,2725
******00253 Closed,Closed,RAVINDRA BHARATHI HS YEMMIGANUR,,,,Andhra Pradesh,7-Upper Pr. and Secondary,38-Pvt.Unaided,6 To 10,3-Co-educational,2-Urban,NA,,Yemmiganur (M) - Ward No.1,Yemmiganur-Municipality,YEMMIGANUR YEMMIGANUR YEMMIGANUR(VILLAGE) YEMMIGANUR(MANDAL) KURNOOL(DIST),518360,-yemmiganur[at]rbschools[dot]in,https://kys.udiseplus.gov.in/#/schooldetail/4699258/12,4699258,18/12/2023 13:00,2725
******00246 Closed,Closed,RAVINDRABHARATHI PSYEMMIGANUR,,,,Andhra Pradesh,1-Primary,38-Pvt.Unaided,1 To 5,3-Co-educational,2-Urban,NA,,Yemmiganur (M) - Ward No.1,Yemmiganur-Municipality,YEMMIGANUR YEMMIGANUR YEMMIGANUR(VILLAGE) YEMMIGANUR(MANDAL) KURNOOL(DIST),518360,yemmiganur[at]rbschools[dot]in,https://kys.udiseplus.gov.in/#/schooldetail/4699251/12,4699251,18/12/2023 13:00,2725
******00247 Operational,,RAVINDRABHARATHI UPSYEMMIGANUR,,,,Andhra Pradesh,2-Primary with Upper Primary,38-Pvt.Unaided,1 To 7,3-Co-educational,2-Urban,NA,,Yemmiganur (M) - Ward No.1,Yemmiganur-Municipality,YEMMIGANUR YEMMIGANUR YEMMIGANUR(VILLAGE) YEMMIGANUR(MANDAL) KURNOOL(DIST),518360,ravindrabarathiup[at]gmail[dot]com,https://kys.udiseplus.gov.in/#/schooldetail/4699252/12,4699252,16/06/2023 15:21,2725
******00486 Operational,,RAVINDRA EM HIGH SCHOOL MADHAVI NAGAR KALLUR,,,,Andhra Pradesh,7-Upper Pr. and Secondary,38-Pvt.Unaided,6 To 10,3-Co-educational,2-Urban,NA,,Kurnool Ward No. 20,Kurnool-Municipal Corporations,MADHAVI NAGAR KALLUR KALLUR(VILLAGE) KALLUR(MANDAL) KURNOOL(DIST),518002,saisubbaiah[at]gmail[dot]com,https://kys.udiseplus.gov.in/#/schooldetail/4698909/12,4698909,21/12/2025 12:42,2725
******00419 Operational,,RAVINDRA EM SCH GIRL ABBAS NAGARKALLUR,,,,Andhra Pradesh,7-Upper Pr. and Secondary,38-Pvt.Unaided,6 To 10,2-Girls,2-Urban,NA,,Kurnool Ward No. 27,Kurnool-Municipal Corporations,ABBAS NAGAR NEAR KRISHNA NAGAR B-CAMP POST KURNOOL DISTRICT,518002,ravindraschool.kurnool[at]gmail[dot]com,https://kys.udiseplus.gov.in/#/schooldetail/4698891/12,4698891,21/12/2025 12:33,2725
******00475 Operational,,RAVINDRA E.M SCHOOL MAHDAVI NAGAR KALLUR,,,,Andhra Pradesh,1-Primary,38-Pvt.Unaided,1 To 5,3-Co-educational,2-Urban,NA,,Kurnool Ward No. 20,Kurnool-Municipal Corporations,MADHAVI NAGAR KALLUR KALLUR(VILLAGE) KALLUR(MANDAL) KURNOOL(DIST),518002,saisubbaiah[at]gmail[dot]com,https://kys.udiseplus.gov.in/#/schooldetail/4698902/12,4698902,21/12/2025 12:39,2725
******02512 Operational,,RAVINDRA GLOBAL HIGH SCHOOL VENKAYAPALLI,,,,Andhra Pradesh,7-Upper Pr. and Secondary,38-Pvt.Unaided,6 To 10,3-Co-educational,1-Rural,Kurnool,Rudravaram,,,VENKAYAPALLI P.RUDRAVARAM RUDRAVARAM(VILLAGE) KURNOOL(MANDAL) KURNOOL(DIST),518452,,https://kys.udiseplus.gov.in/#/schooldetail/4698019/12,4698019,29/12/2025 11:47,2725
******02508 Operational,,RAVINDRA GLOBAL PRIMARY SCHOOL VENKAYAPALLI,,,,Andhra Pradesh,1-Primary,38-Pvt.Unaided,1 To 5,3-Co-educational,1-Rural,Kurnool,Rudravaram,,,VENKAYAPALLI P.RUDRAVARAM RUDRAVARAM(VILLAGE) KURNOOL(MANDAL) KURNOOL(DIST),518452,,https://kys.udiseplus.gov.in/#/schooldetail/4698015/12,4698015,27/12/2025 11:51,2725
******90529 Permanently Closed,,Ravindra Jr.CollegeKallur,,,,Andhra Pradesh,11-Higher Secondary only/Jr. College,38-Pvt.Unaided,11 To 12,3-Co-educational,9-NA,NA,,,,NA,518002,,https://kys.udiseplus.gov.in/#/schooldetail/4717391/12,4717391,15/10/2020 12:18,2725
******90597 Closed,Closed,RAVINDRA JUNIOR COLLEGE ABBAS NAGAR KALLUR,,,,Andhra Pradesh,11-Higher Secondary only/Jr. College,38-Pvt.Unaided,11 To 12,3-Co-educational,2-Urban,NA,,Kurnool Ward No. 27,Kurnool-Municipal Corporations,abbasnagarkurnool,518002,rjc.10007.kurnool[at]gmail[dot]com,https://kys.udiseplus.gov.in/#/schooldetail/4719577/12,4719577,06/08/2024 22:11,2725
******00507 Closed,Closed,RAVINDRA JUNIOR COLLEGE VEKAYAPALLI,,,,Andhra Pradesh,11-Higher Secondary only/Jr. College,38-Pvt.Unaided,11 To 12,3-Co-educational,1-Rural,Kurnool,Rudravaram,,,VENKAYAPALLI(V) KURNOOL MANDAL,518002,,https://kys.udiseplus.gov.in/#/schooldetail/4720918/12,4720918,08/02/2024 17:18,2725
******00705 Operational,,"RAVINDRA SAI UPS, M AGRAHARAM",,,,Andhra Pradesh,2-Primary with Upper Primary,38-Pvt.Unaided,1 To 7,3-Co-educational,1-Rural,Maddikera (East),Maddikera Agraharam,,,Ramalayam swamy temple,518385,ravimanyamkumar[at]gmail[dot]com,https://kys.udiseplus.gov.in/#/schooldetail/4701920/12,4701920,16/06/2023 15:21,2725
******00809 Operational,,RAVINDRA UPPER PRIMARY SCHOOL MADDIKERA,,,,Andhra Pradesh,2-Primary with Upper Primary,38-Pvt.Unaided,1 To 7,3-Co-educational,1-Rural,Maddikera (East),Maddikera (East),,,NAGULABAVI STREET MADDIKERA(EAST) MADDIKERA (EAST)(VILLAGE) MADDIKERA(MANDAL) KURNOOL(DIST),518385,ravindraschool7[at]gmail[dot]com,https://kys.udiseplus.gov.in/#/schooldetail/4701928/12,4701928,16/06/2023 15:21,2725
******90455 Operational,,RAVINDRA VIDYA NIKETAN,,,,Andhra Pradesh,7-Upper Pr. and Secondary,38-Pvt.Unaided,6 To 10,3-Co-educational,2-Urban,NA,,Kurnool Ward No. 27,Kurnool-Municipal Corporations,ABBAS NAGAR NEAR KRISHNA NAGAR B- CAMP POST KURNOOL DISTRICT,518002,ravindraschool.kurnool[at]gmail[dot]com,https://kys.udiseplus.gov.in/#/schooldetail/4699002/12,4699002,24/12/2025 07:28,2725
******02112 Closed,Closed,RAVINDRA VIDYANIKETAN,,,,Andhra Pradesh,7-Upper Pr. and Secondary,38-Pvt.Unaided,6 To 10,3-Co-educational,1-Rural,Mantralayam,Manchala,,,MANTRALAYAM MANTRALAYAM MANTRALAYAM(VILLAGE) MANTRALAYAM(MANDAL) KURNOOL(DIST),518345,,https://kys.udiseplus.gov.in/#/schooldetail/4697729/12,4697729,15/10/2020 12:18,2725
******00204 Closed,Closed,RAVINDRAVIDYANIKETANUPS KUMMARI STREET,,,,Andhra Pradesh,2-Primary with Upper Primary,38-Pvt.Unaided,1 To 7,3-Co-educational,2-Urban,NA,,Yemmiganur Ward No. 19,Yemmiganur-Municipality,D.NO-2/281 KUMMARI STREET YEMMIGANUR YEMMIGANUR(VILLAGE) YEMMIGANUR(MANDAL) KURNOOL(DIST),518360,goolappa255[at]gmail[dot]com,https://kys.udiseplus.gov.in/#/schooldetail/4699233/12,4699233,20/07/2022 20:09,2725
******02104 Closed,Closed,RAVINDRA VIDYANIKETH,,,,Andhra Pradesh,1-Primary,38-Pvt.Unaided,1 To 5,3-Co-educational,1-Rural,Mantralayam,Manchala,,,NEAR MPDO OFFICE MANTRALAYAM MANTRALAYAM(VILLAGE) MANTRALAYAM(MANDAL) KURNOOL(DIST),518345,,https://kys.udiseplus.gov.in/#/schooldetail/4697724/12,4697724,09/05/2022 16:55,2725
******00415 Operational,,RAVINDRA VIDYANIKETHAN ABBAS NAGAR KALLUR,,,,Andhra Pradesh,1-Primary,38-Pvt.Unaided,1 To 5,3-Co-educational,2-Urban,NA,,Kurnool Ward No. 27,Kurnool-Municipal Corporations,ABBAS NAGAR NEAR KRISHNA NAGAR B-CAMP POST KURNOOL DISTRICT,518002,ravindraschool.kurnool[at]gmail[dot]com,https://kys.udiseplus.gov.in/#/schooldetail/4698886/12,4698886,21/12/2025 12:32,2725
******00108 Operational,,"RAVINDRA VIDYANIKETHAN EM UP SCHOOL,HANUMAN NAGAR,ADONI",,,,Andhra Pradesh,2-Primary with Upper Primary,38-Pvt.Unaided,1 To 7,3-Co-educational,2-Urban,NA,,Adoni Ward No. 41,Adoni-Municipality,"hanuman nagar, adoni",518301,gmsuryaprakash721[at]gmail[dot]com,https://kys.udiseplus.gov.in/#/schooldetail/4720507/12,4720507,21/04/2023 15:31,2725
******01110 Operational,,RAVI VIDYA NIKETAN JONNAGIRI,,,,Andhra Pradesh,2-Primary with Upper Primary,38-Pvt.Unaided,1 To 7,3-Co-educational,1-Rural,Tuggali,Jonnagiri,,,JONNAGIRI JONNAGIRI JONNAGIRI(VILLAGE) TUGGALI(MANDAL) KURNOOL(DIST),518390,,https://kys.udiseplus.gov.in/#/schooldetail/4701813/12,4701813,24/12/2025 13:44,2725
******90189 Operational,,RAYACHOTI ROWAIAH PS,,,,Andhra Pradesh,1-Primary,34-MUNCIPAL,1 To 5,3-Co-educational,2-Urban,NA,,Adoni (M) - Ward No.17,Adoni-Municipality,R R LABOUR COLONY ADONI ADONI (M)(VILLAGE) ADONI(MANDAL) KURNOOL(DIST),518301,vijayvaralhlg[at]gmail[dot]com,https://kys.udiseplus.gov.in/#/schooldetail/4699658/12,4699658,13/01/2023 11:57,2725
******90584 Operational,,RAYALASEEMA ENGLISH MEDIUM SCHOOL GANESH NAGAR,,,,Andhra Pradesh,2-Primary with Upper Primary,38-Pvt.Unaided,1 To 7,3-Co-educational,2-Urban,NA,,Kurnool Ward No. 19,Kurnool-Municipal Corporations,Ganesh Nagar kallur kurnool disr,518002,pgokari[at]gmail[dot]com,https://kys.udiseplus.gov.in/#/schooldetail/4699080/12,4699080,23/12/2025 20:50,2725
******01511 Operational,,RAYAL UPS (EMTM) GONDIPARLA KURNOOL(M),,,,Andhra Pradesh,2-Primary with Upper Primary,38-Pvt.Unaided,1 To 7,3-Co-educational,1-Rural,Kurnool,Gondiparla,,,RAYAL UPS GONDIPARLA,518004,spsomas001[at]gmail[dot]com,https://kys.udiseplus.gov.in/#/schooldetail/4697959/12,4697959,27/12/2025 10:56,2725
******00203 Closed,Closed,R.C.M.AIDEDPS RAMADURGAM,,,,Andhra Pradesh,1-Primary,35-Pvt.Aided,1 To 5,3-Co-educational,1-Rural,Chippagiri,Ramadurgam,,,RAMADURGAM RAMADURGAM RAMADURGAM(VILLAGE) CHIPPAGIRI(MANDAL) KURNOOL(DIST),518396,,https://kys.udiseplus.gov.in/#/schooldetail/4701941/12,4701941,11/05/2022 12:51,2725
******04301 Closed,Closed,R.C.M.E.S BASARAKODU,,,,Andhra Pradesh,1-Primary,35-Pvt.Aided,1 To 5,3-Co-educational,1-Rural,Adoni,Basarakodu,,,S C COLONY BASARAKODU BASARAKODU(VILLAGE) ADONI(MANDAL) KURNOOL(DIST),518347,mmarennateacher[at]gmail[dot]com,https://kys.udiseplus.gov.in/#/schooldetail/4699562/12,4699562,29/12/2022 16:13,2725
******90553 Permanently Closed,,RIDGE E/M PRIMARY SCHOOL LAKSHMIPURAM,,,,Andhra Pradesh,1-Primary,38-Pvt.Unaided,1 To 5,3-Co-educational,1-Rural,Kallur,Laxmipuram,,,NA,518003,,https://kys.udiseplus.gov.in/#/schooldetail/4717396/12,4717396,15/10/2020 12:18,2725
******90554 Operational,,"RIDGE EM SCHOOL, LAKSHMIPURAM",,,,Andhra Pradesh,6-Pr. Up Pr. and Secondary Only,39-Pvt.Unaided (CBSE Syllabus),1 To 10,3-Co-educational,1-Rural,Kallur,Laxmipuram,,,NH-44 OPP SAKSHI PRESS,518218,info[at]ridgeschools[dot]org,https://kys.udiseplus.gov.in/#/schooldetail/4698026/12,4698026,23/12/2025 20:50,2725
******00487 Operational,,RIVDRA TALENT HIGHSCHOOLREVENUE COLONYKALLUR,,,,Andhra Pradesh,7-Upper Pr. and Secondary,38-Pvt.Unaided,6 To 10,3-Co-educational,2-Urban,NA,,Kurnool Ward No. 19,Kurnool-Municipal Corporations,REVENUE COLONY KALLUR KALLUR(VILLAGE) KALLUR(MANDAL) KURNOOL(DIST),518002,saisubbaiah[at]gmail[dot]com,https://kys.udiseplus.gov.in/#/schooldetail/4698910/12,4698910,22/12/2025 10:35,2725
******01032 Operational,,RIWA EM UP SCHOOL HOLAGUNDA,,,,Andhra Pradesh,2-Primary with Upper Primary,38-Pvt.Unaided,1 To 7,3-Co-educational,1-Rural,Holagunda,Holagunda,,,RAJANAGAR HOLAGUNDA KURNOOL DIST,518346,vali32051[at]gmail[dot]com,https://kys.udiseplus.gov.in/#/schooldetail/4699773/12,4699773,21/04/2023 15:31,2725
******91192 Permanently Closed,,ROCKWOOD MEMO H S RS ROAD KURNOOL,,,,Andhra Pradesh,7-Upper Pr. and Secondary,35-Pvt.Aided,6 To 10,3-Co-educational,2-Urban,NA,,Kurnool Ward No. 13,Kurnool-Municipal Corporations,NA,518004,,https://kys.udiseplus.gov.in/#/schooldetail/4697076/12,4697076,25/10/2024 19:43,2725
******00506 Operational,,ROOPA UPS ULCHALA,,,,Andhra Pradesh,2-Primary with Upper Primary,38-Pvt.Unaided,1 To 7,3-Co-educational,1-Rural,Kurnool,Ulchala,,,"ULCHALA, KURNOOL RURAL",518467,sunkannak0506[at]gmail[dot]com,https://kys.udiseplus.gov.in/#/schooldetail/4697907/12,4697907,26/12/2025 15:12,2725
******91379 Operational,,ROOTS GLOBAL EM HS MANDIGIRI ADONI,,,,Andhra Pradesh,7-Upper Pr. and Secondary,38-Pvt.Unaided,6 To 10,3-Co-educational,1-Rural,Adoni,Mandagiri (Rural),,,NEAR TALUKA POLICE STATION ADONI,518302,kiddysroots765[at]hotmail[dot]com,https://kys.udiseplus.gov.in/#/schooldetail/4699733/12,4699733,24/06/2021 22:26,2725
******91378 Operational,,ROOTS GLOBAL EM PS MANDIGIRI ADONI,,,,Andhra Pradesh,1-Primary,38-Pvt.Unaided,1 To 5,3-Co-educational,1-Rural,Adoni,Mandagiri (Rural),,,NEAR TALUKA POLICE STATION ADONI,518302,kiddysroots[at]hotmail[dot]com,https://kys.udiseplus.gov.in/#/schooldetail/4699732/12,4699732,16/06/2023 15:21,2725
******01228 Operational,,"ROYAL EM SCHOOL, NADIMPALEM, KOSIGI",,,,Andhra Pradesh,2-Primary with Upper Primary,38-Pvt.Unaided,1 To 7,3-Co-educational,1-Rural,Kosigi,Kosigi,,,"ROYAL EM SCHOOL, NADIMPALEM, KOSIGI,KOSIGI(M)KURNOO(DI)",518313,veerareddy443[at]gmail[dot]com,https://kys.udiseplus.gov.in/#/schooldetail/4721697/12,4721697,20/12/2025 19:28,2725
******91346 Closed,Closed,ROYAL EM UP SCHOOL ADONI,,,,Andhra Pradesh,2-Primary with Upper Primary,38-Pvt.Unaided,1 To 7,3-Co-educational,2-Urban,NA,,Adoni (M) - Ward No.2,Adoni-Municipality,bharpet 1ward,518301,,https://kys.udiseplus.gov.in/#/schooldetail/4699701/12,4699701,22/07/2024 13:17,2725
******91258 Operational,,"ROYAL EM UPS, JOHARAPURAM",,,,Andhra Pradesh,2-Primary with Upper Primary,38-Pvt.Unaided,1 To 7,3-Co-educational,2-Urban,NA,,Kurnool Ward No. 18,Kurnool-Municipal Corporations,JOHARAPURAM KURNOOL-5 KURNOOL (MCORP)-3(VILLAGE) KURNOOL(MANDAL) KURNOOL(DIST),518001,,https://kys.udiseplus.gov.in/#/schooldetail/4698202/12,4698202,25/10/2024 19:43,2725
******00397 Operational,,"ROYAL ENGLISH MEDIUM HIGH SCHOOL JOHARAPURAM,KURNOOL",,,,Andhra Pradesh,7-Upper Pr. and Secondary,38-Pvt.Unaided,6 To 10,3-Co-educational,2-Urban,NA,,Kurnool Ward No. 18,Kurnool-Municipal Corporations,JOHARAPURAM KURNOOL-5 KURNOOL (MCORP)-3(VILLAGE) KURNOOL(MANDAL) KURNOOL(DIST),518001,royalschooljoharapuram[at]gmail[dot]com,https://kys.udiseplus.gov.in/#/schooldetail/4720804/12,4720804,25/10/2024 19:43,2725
******01031 Operational,,ROYAL RIFAH UP ENGLISH MEDIUM SCHOOL,,,,Andhra Pradesh,2-Primary with Upper Primary,38-Pvt.Unaided,1 To 7,3-Co-educational,1-Rural,Holagunda,Holagunda,,,THERU BAJAR 2 HOLAGUNDA(VILLAGE) HOLAGUNDA(MANDAL) KURNOOL(DIST),518346,royalrifah99[at]gmail[dot]com,https://kys.udiseplus.gov.in/#/schooldetail/4699771/12,4699771,16/06/2023 15:21,2725
******00805 Operational,,ROYAL SCHOOL HUSSAINAPURAM,,,,Andhra Pradesh,1-Primary,38-Pvt.Unaided,1 To 5,3-Co-educational,1-Rural,Orvakal,Husainapuram,,,HUSAINAPURAM HUSAINAPURAM HUSAINAPURAM(VILLAGE) ORVAKAL(MANDAL) KURNOOL(DIST),518010,,https://kys.udiseplus.gov.in/#/schooldetail/4698826/12,4698826,22/12/2025 16:01,2725
******00407 Operational,,ROYAL UPS R.S PENDEKAL,,,,Andhra Pradesh,2-Primary with Upper Primary,38-Pvt.Unaided,1 To 7,3-Co-educational,1-Rural,Tuggali,Pendikallu,,,PENDEKAL R.S. PENDEKALLU PENDEKALLU(VILLAGE) TUGGALI(MANDAL) KURNOOL(DIST),518468,,https://kys.udiseplus.gov.in/#/schooldetail/4701764/12,4701764,21/04/2023 15:31,2725
******91252 Operational,,RR EM S MS NAGAR KURNOOL,,,,Andhra Pradesh,1-Primary,38-Pvt.Unaided,1 To 5,3-Co-educational,2-Urban,NA,,Kurnool Ward No. 23,Kurnool-Municipal Corporations,49/50/A/25 MS NAGAR KURNOOL (MCORP)-3(VILLAGE) KURNOOL(MANDAL) KURNOOL(DIST),518002,potharaghavareddy03[at]gmail[dot]com,https://kys.udiseplus.gov.in/#/schooldetail/4698195/12,4698195,05/01/2026 15:48,2725
******01014 Operational,,RR EM UPPER PRIMARY SCHOOL NEAR CURRENT OFFICE PATTIKONDA,,,,Andhra Pradesh,2-Primary with Upper Primary,38-Pvt.Unaided,1 To 7,3-Co-educational,1-Rural,Pattikonda,Pattikonda,,,NEAR CURRENT OFFICE PATTIKONDA,518380,reddy.rajendra66[at]gmail[dot]com,https://kys.udiseplus.gov.in/#/schooldetail/4721433/12,4721433,20/12/2025 15:48,2725
******00762 Operational,,RR EM UP SCHOOL PATHIKONDA,,,,Andhra Pradesh,2-Primary with Upper Primary,38-Pvt.Unaided,1 To 7,3-Co-educational,1-Rural,Pattikonda,Pattikonda,,,1-1A10 KURNOOL ROAD PATTIKONDA PINCODE -518380,518380,reddy.rajendra66[at]gmail[dot]com,https://kys.udiseplus.gov.in/#/schooldetail/4701891/12,4701891,20/12/2025 15:47,2725
******91309 Operational,,RR HS MADDUR NAGAR,,,,Andhra Pradesh,7-Upper Pr. and Secondary,38-Pvt.Unaided,6 To 10,3-Co-educational,2-Urban,NA,,Kurnool Ward No. 23,Kurnool-Municipal Corporations,KURNOOL KURNOOL KURNOOL (MCORP)-4(VILLAGE) KURNOOL(MANDAL) KURNOOL(DIST),518002,potharaghavareddy03[at]gmail[dot]com,https://kys.udiseplus.gov.in/#/schooldetail/4698213/12,4698213,25/10/2024 19:43,2725
******90439 Closed,Closed,R S E M S,,,,Andhra Pradesh,2-Primary with Upper Primary,38-Pvt.Unaided,1 To 7,3-Co-educational,2-Urban,NA,,Kurnool Ward No. 35,Kurnool-Municipal Corporations,B.CAMP KALLUR KALLUR(VILLAGE) KALLUR(MANDAL) KURNOOL(DIST),518002,-app555sa[at]gmail[dot]com,https://kys.udiseplus.gov.in/#/schooldetail/4698993/12,4698993,09/05/2022 13:35,2725
******91443 Closed,Closed,RVINDRA BHARATHI EM UPS ASHOK NAGAR,,,,Andhra Pradesh,2-Primary with Upper Primary,38-Pvt.Unaided,1 To 7,3-Co-educational,2-Urban,NA,,Kurnool Ward No. 45,Kurnool-Municipal Corporations,GAYATRI ESTATE,518002,kurnoolvrc[at]rbschools[dot]in,https://kys.udiseplus.gov.in/#/schooldetail/4698300/12,4698300,25/10/2024 19:43,2725
******00006 Operational,,RVM EM HIGH SCHOOL CHITTARI STREET KURNOOL,,,,Andhra Pradesh,7-Upper Pr. and Secondary,38-Pvt.Unaided,6 To 10,3-Co-educational,2-Urban,NA,,Kurnool Ward No. 5,Kurnool-Municipal Corporations,"CHITTARI STREET, KURNOOL MANDAL, KURNOOL DISTRICT",518001,,https://kys.udiseplus.gov.in/#/schooldetail/4720583/12,4720583,25/10/2024 19:43,2725
******91265 Permanently Closed,,RVM EM HS CHITTARI STREET KURNOOL,,,,Andhra Pradesh,7-Upper Pr. and Secondary,61-Unrecognised Schools,6 To 10,3-Co-educational,2-Urban,NA,,Kurnool Ward No. 7,Kurnool-Municipal Corporations,NA,518001,,https://kys.udiseplus.gov.in/#/schooldetail/4717328/12,4717328,25/10/2024 19:43,2725
******91264 Permanently Closed,,RVM EM PS CHITTARI STREET KURNOOL,,,,Andhra Pradesh,1-Primary,61-Unrecognised Schools,1 To 5,3-Co-educational,2-Urban,NA,,Kurnool Ward No. 7,Kurnool-Municipal Corporations,NA,518001,,https://kys.udiseplus.gov.in/#/schooldetail/4717327/12,4717327,25/10/2024 19:43,2725
******91509 Operational,,RVM EM UP SCHOOL CHITTARI STREET KURNOOL,,,,Andhra Pradesh,2-Primary with Upper Primary,38-Pvt.Unaided,1 To 8,3-Co-educational,2-Urban,NA,,Kurnool Ward No. 5,Kurnool-Municipal Corporations,"CHITTARI STREET, KURNOOL MUNICIPAL CORPORATION",518001,,https://kys.udiseplus.gov.in/#/schooldetail/4720138/12,4720138,25/10/2024 19:43,2725
******00210 Closed,Closed,RVR EM HIGH SCHOOL,,,,Andhra Pradesh,4-Upper Primary only,38-Pvt.Unaided,6 To 8,3-Co-educational,1-Rural,Devanakonda,Gundlakonda,,,TERNEKAL DEVANAKONDA KURNOOL,518465,rvrschool[at]gmail[dot]com,https://kys.udiseplus.gov.in/#/schooldetail/4719595/12,4719595,11/05/2022 14:24,2725
******00209 Operational,,"RVR ENGLISH MEDIUM SCHOOL, TERNEKAL",,,,Andhra Pradesh,2-Primary with Upper Primary,38-Pvt.Unaided,1 To 7,3-Co-educational,1-Rural,Devanakonda,Ternekal,,,TERNEKAL DEVANAKONDA KURNOOL,518465,rvrschools[at]gmail[dot]com,https://kys.udiseplus.gov.in/#/schooldetail/4699931/12,4699931,23/12/2025 18:51,2725
******00719 Operational,,SADHANA VIDYANIKETHAN EM UP SCHOOL,,,,Andhra Pradesh,2-Primary with Upper Primary,38-Pvt.Unaided,1 To 7,3-Co-educational,1-Rural,Tuggali,Tuggali,,,TUGGALI TUGGALI KURNOOL-518390,518390,bhaskarbhaskar2143[at]gmail[dot]com,https://kys.udiseplus.gov.in/#/schooldetail/4719637/12,4719637,16/06/2023 15:21,2725
******91170 Operational,,SADHAN EMTM S BEHIND KING MARKET KURNOOL,,,,Andhra Pradesh,2-Primary with Upper Primary,38-Pvt.Unaided,1 To 7,3-Co-educational,2-Urban,NA,,Kurnool Ward No. 2,Kurnool-Municipal Corporations,2nd WARD 66-9/A BEHIND KING MARKET KURNOOL (MCORP)-2(VILLAGE) KURNOOL(MANDAL) KURNOOL(DIST),518001,shadaanramana[at]gmail[dot]com,https://kys.udiseplus.gov.in/#/schooldetail/4698139/12,4698139,25/10/2024 19:43,2725
******91138 Operational,,SAGAR ENG SCHOOL PINARI STREET KURNOOL,,,,Andhra Pradesh,2-Primary with Upper Primary,38-Pvt.Unaided,1 To 7,3-Co-educational,2-Urban,NA,,Kurnool Ward No. 9,Kurnool-Municipal Corporations,9th WARD 9-116 PINZARI STREET KURNOOL (MCORP)-2(VILLAGE) KURNOOL(MANDAL) KURNOOL(DIST),518001,,https://kys.udiseplus.gov.in/#/schooldetail/4697044/12,4697044,25/10/2024 19:43,2725
******91497 Operational,,SAHASRA ENGLISH SCHOOL KURNOOL,,,,Andhra Pradesh,2-Primary with Upper Primary,38-Pvt.Unaided,1 To 8,3-Co-educational,2-Urban,NA,,Kurnool Ward No. 42,Kurnool-Municipal Corporations,"45/204-c 10-A opp TANISH CONVENTION, KAPPAL NAGAR",518005,sahasraschool0919[at]gmail[dot]com,https://kys.udiseplus.gov.in/#/schooldetail/4719544/12,4719544,04/08/2025 18:21,2725
******91377 Operational,,SAI BHARATHI EM HS ADONI,,,,Andhra Pradesh,7-Upper Pr. and Secondary,38-Pvt.Unaided,6 To 10,3-Co-educational,2-Urban,NA,,Adoni (M) - Ward No.17,Adoni-Municipality,SHIVA SHANKAR NAGAR ADONI,518301,dpthidurgesh[at]gmail[dot]com,https://kys.udiseplus.gov.in/#/schooldetail/4699731/12,4699731,15/10/2020 12:18,2725
******91427 Permanently Closed,,SAI EM HS KURNOOL,,,,Andhra Pradesh,7-Upper Pr. and Secondary,38-Pvt.Unaided,6 To 10,3-Co-educational,9-NA,NA,,,,NA,518001,,https://kys.udiseplus.gov.in/#/schooldetail/4717339/12,4717339,25/10/2024 19:43,2725
******90581 Permanently Closed,,SAI KRISHNA VIDYANIKETHAN EM UPS RAMACHANDRA NAGAR KALLUR,,,,Andhra Pradesh,2-Primary with Upper Primary,38-Pvt.Unaided,1 To 7,3-Co-educational,9-NA,NA,,,,NA,518002,,https://kys.udiseplus.gov.in/#/schooldetail/4717398/12,4717398,15/10/2020 12:18,2725
******00206 Operational,,SAI SIDDARTHAEMUPS SANTHEKUDLUR ADONI,,,,Andhra Pradesh,2-Primary with Upper Primary,38-Pvt.Unaided,1 To 7,3-Co-educational,1-Rural,Adoni,Santhekudlur,,,SANTHEKUDLUR,518308,erannabanavasi9[at]gmail[dot]com,https://kys.udiseplus.gov.in/#/schooldetail/4719589/12,4719589,16/06/2023 15:21,2725
******00104 Operational,,SAI UJAWALA PUBLIC,,,,Andhra Pradesh,2-Primary with Upper Primary,38-Pvt.Unaided,1 To 7,3-Co-educational,1-Rural,Adoni,Hanavalu,,,HANAVALU ADONI HANAVALU(VILLAGE) ADONI(MANDAL) KURNOOL(DIST),518302,govindreddy0205[at]gmail[dot]com,https://kys.udiseplus.gov.in/#/schooldetail/4699456/12,4699456,22/12/2025 12:09,2725
******90543 Operational,,SAI VIDYANIKETHAN UPSKALLUR ESTATE,,,,Andhra Pradesh,2-Primary with Upper Primary,38-Pvt.Unaided,1 To 7,3-Co-educational,2-Urban,NA,,Kurnool Ward No. 32,Kurnool-Municipal Corporations,kallur-3 kallur mandal,518003,nageswari.chetana[at]gmail[dot]com,https://kys.udiseplus.gov.in/#/schooldetail/4699047/12,4699047,24/12/2025 07:13,2725
******01508 Operational,,SAI VIVEKANANDA EM UP SCHOOL,,,,Andhra Pradesh,2-Primary with Upper Primary,38-Pvt.Unaided,1 To 7,3-Co-educational,1-Rural,Yemmiganur,Kadivella,,,near model school kadivella village yemmiganur mandal,518350,peddareddy06[at]gmail[dot]com,https://kys.udiseplus.gov.in/#/schooldetail/4719586/12,4719586,16/06/2023 15:21,2725
******91499 Closed,Closed,SAMATHA EM UPS SS NAGAR KURNOOL,,,,Andhra Pradesh,2-Primary with Upper Primary,38-Pvt.Unaided,1 To 7,3-Co-educational,2-Urban,NA,,Kurnool Ward No. 51,Kurnool-Municipal Corporations,saibaba sanjeev nagar,518002,bachpanbanao[at]gmail[dot]com,https://kys.udiseplus.gov.in/#/schooldetail/4719546/12,4719546,25/10/2024 19:43,2725
******01300 Operational,,SAM ENGLISH MEDIUM UP SCHOOL JOHARAPURAM KURNOOL,,,,Andhra Pradesh,2-Primary with Upper Primary,38-Pvt.Unaided,1 To 7,3-Co-educational,2-Urban,NA,,Kurnool Ward No. 19,Kurnool-Municipal Corporations,"SAM ENGLISH MEDIUM UP SCHOOL, 69-HSDP-C-377 JOHARAPURAM, KURNOOL",518002,,https://kys.udiseplus.gov.in/#/schooldetail/4721796/12,4721796,25/10/2024 19:43,2725
******02409 Permanently Closed,,SANA VOC. JR. COLLEGE,,,,Andhra Pradesh,11-Higher Secondary only/Jr. College,38-Pvt.Unaided,11 To 12,3-Co-educational,1-Rural,Kurnool,B. Thandrapadu (Og),,,NA,518002,,https://kys.udiseplus.gov.in/#/schooldetail/4717311/12,4717311,25/10/2024 19:43,2725
******03916 Operational,,SANDEEPANI VIDYALAYA EM.UPS,,,,Andhra Pradesh,2-Primary with Upper Primary,38-Pvt.Unaided,1 To 7,3-Co-educational,1-Rural,Adoni,Mandagiri (Rural),,,VIDYA NAGAR BESIDE TALUK PS. MANDAGIRI(VILLAGE) ADONI(MANDAL) KURNOOL(DIST),518302,hattijyothsna[at]gmail[dot]com,https://kys.udiseplus.gov.in/#/schooldetail/4699554/12,4699554,07/08/2024 16:05,2725
******90172 Operational,,SANTHAPETA BOYS PS,,,,Andhra Pradesh,1-Primary,34-MUNCIPAL,1 To 5,3-Co-educational,2-Urban,NA,,Adoni (M) - Ward No.17,Adoni-Municipality,KRANTHI NAGAR 17th WARD ADONI ADONI (M)(VILLAGE) ADONI(MANDAL) KURNOOL(DIST),518301,gollasreenivasulu542[at]gmail[dot]com,https://kys.udiseplus.gov.in/#/schooldetail/4699644/12,4699644,13/01/2023 11:57,2725
******90171 Operational,,SANTHAPETA MPL GIRLS PS,,,,Andhra Pradesh,1-Primary,34-MUNCIPAL,1 To 5,3-Co-educational,2-Urban,NA,,Adoni (M) - Ward No.17,Adoni-Municipality,VICTORIYA PETA ADONI ADONI (M)(VILLAGE) ADONI(MANDAL) KURNOOL(DIST),518301,chakrapanithota143[at]gmail[dot]com,https://kys.udiseplus.gov.in/#/schooldetail/4699643/12,4699643,28/09/2024 15:33,2725
******90562 Operational,,SARADA EM UP SCHOOL UDYOGA NAGAR,,,,Andhra Pradesh,2-Primary with Upper Primary,38-Pvt.Unaided,1 To 7,3-Co-educational,2-Urban,NA,,Kurnool Ward No. 29,Kurnool-Municipal Corporations,81-250-3 UDYOGA NAGAR,518002,enagaraju61[at]gmail[dot]com,https://kys.udiseplus.gov.in/#/schooldetail/4699058/12,4699058,23/12/2025 20:51,2725
******01011 Operational,,SARADA VIDYA NIKETAN RAMALAYAM TEMPLE VELDURTHY,,,,Andhra Pradesh,2-Primary with Upper Primary,38-Pvt.Unaided,1 To 7,3-Co-educational,1-Rural,Veldurthi,Veldurthi,,,RAMALAYAM TEMPLE D.NO:3/119 VELDURTHY VELDURTHI(VILLAGE) VELDURTI(MANDAL) KURNOOL(DIST),518216,jalaprathap6844[at]gmail[dot]com,https://kys.udiseplus.gov.in/#/schooldetail/4700082/12,4700082,16/06/2023 15:21,2725
******00230 Operational,,SARADHA VIDYA NIKETAN UPSYEMMIGANUR,,,,Andhra Pradesh,2-Primary with Upper Primary,38-Pvt.Unaided,1 To 7,3-Co-educational,2-Urban,NA,,Yemmiganur Ward No. 24,Yemmiganur-Municipality,YEMMIGANUR YEMMIGANUR YEMMIGANUR(VILLAGE) YEMMIGANUR(MANDAL) KURNOOL(DIST),518360,shardak1321[at]gmail[dot]com,https://kys.udiseplus.gov.in/#/schooldetail/4699244/12,4699244,16/06/2023 15:21,2725
******01910 Closed,Closed,SARASWATHI A V.M ASPARI,,,,Andhra Pradesh,2-Primary with Upper Primary,38-Pvt.Unaided,1 To 7,3-Co-educational,1-Rural,Aspari,Aspari,,,ASPARI ASPARI ASPARI(VILLAGE) ASPARI(MANDAL) KURNOOL(DIST),518347,saraswathiemschool.aspari[at]gmail[dot]com,https://kys.udiseplus.gov.in/#/schooldetail/4699908/12,4699908,09/05/2022 16:46,2725
******00507 Permanently Closed,,SARASWATHI VIDYA MANDIR ULCHALA,,,,Andhra Pradesh,2-Primary with Upper Primary,38-Pvt.Unaided,1 To 7,3-Co-educational,1-Rural,Kurnool,Ulchala,,,NA,518468,,https://kys.udiseplus.gov.in/#/schooldetail/4697908/12,4697908,15/10/2020 12:18,2725
******01206 Operational,,SARASWATHI VIDYA NIKETAN,,,,Andhra Pradesh,2-Primary with Upper Primary,38-Pvt.Unaided,1 To 7,3-Co-educational,1-Rural,Devanakonda,Devanakonda,,,NEAR MARKET DEVANAKONDA DEVANAKONDA(VILLAGE) DEVANAKONDA(MANDAL) KURNOOL(DIST),518465,svnschool92[at]gmail[dot]com,https://kys.udiseplus.gov.in/#/schooldetail/4699972/12,4699972,23/12/2025 18:52,2725
******01003 Operational,,SARASWATHI VIDYA NIKETAN HOSUR,,,,Andhra Pradesh,2-Primary with Upper Primary,38-Pvt.Unaided,1 To 7,3-Co-educational,1-Rural,Pattikonda,Hosur,,,HOSUR HOSUR HOSUR(VILLAGE) PATHIKONDA(MANDAL) KURNOOL(DIST),518380,svnschool123[at]gmail[dot]com,https://kys.udiseplus.gov.in/#/schooldetail/4701896/12,4701896,20/12/2025 15:15,2725
******90419 Operational,,SARVEPALLI ENG S,,,,Andhra Pradesh,1-Primary,38-Pvt.Unaided,1 To 5,3-Co-educational,2-Urban,NA,,Kurnool Ward No. 27,Kurnool-Municipal Corporations,KRISHNA NAGAR KALLUR(MANDAL) KURNOOL(DIST),518002,sarvepallischools[at]gmail[dot]com,https://kys.udiseplus.gov.in/#/schooldetail/4698985/12,4698985,23/12/2025 19:59,2725
******90461 Operational,,SARVEPALLI VIDYANILAYAM,,,,Andhra Pradesh,7-Upper Pr. and Secondary,38-Pvt.Unaided,6 To 10,3-Co-educational,2-Urban,NA,,Kurnool Ward No. 27,Kurnool-Municipal Corporations,KRISHNA NAGAR KALLUR(VILLAGE) KALLUR(MANDAL) KURNOOL(DIST),518002,sarvepallischools[at]gmail[dot]com,https://kys.udiseplus.gov.in/#/schooldetail/4699005/12,4699005,24/12/2025 07:21,2725
******00380 Operational,,SATYAM ENGLISH MEDIUM SCHOOL PYALAKURTHY,,,,Andhra Pradesh,7-Upper Pr. and Secondary,38-Pvt.Unaided,6 To 10,3-Co-educational,1-Rural,Kodumur,Pyalakurthy,,,PYALAKURTHY(V) KODUMUR(M),518464,,https://kys.udiseplus.gov.in/#/schooldetail/4720794/12,4720794,24/06/2024 16:40,2725
******00408 Operational,,SATYAM ENG MEDIUM SCHOOL PYALAKURTHY,,,,Andhra Pradesh,2-Primary with Upper Primary,38-Pvt.Unaided,1 To 7,3-Co-educational,1-Rural,Kodumur,Pyalakurthy,,,PYALAKURTHY KODUMUR KURNOOL-518464,518464,satyammuralik[at]gmail[dot]com,https://kys.udiseplus.gov.in/#/schooldetail/4699146/12,4699146,21/04/2023 15:31,2725
******00818 Operational,,SATYA SEVA INFANT JESUS EM SCHOOL MADDIKERA,,,,Andhra Pradesh,1-Primary,38-Pvt.Unaided,1 To 5,3-Co-educational,1-Rural,Maddikera (East),Maddikera (East),,,MADDIKERA 2 MADDIKERA(EAST VILLAGE) MADDIKERA(MANDAL) KURNOOL(DIST),518385,ssijms.mdk[at]gmail[dot]com,https://kys.udiseplus.gov.in/#/schooldetail/4700784/12,4700784,10/09/2024 15:42,2725
******00541 Operational,,"SATYA SEVA INFANT JESUS EM SCHOOL, MADDIKERA",,,,Andhra Pradesh,7-Upper Pr. and Secondary,38-Pvt.Unaided,6 To 10,3-Co-educational,1-Rural,Maddikera (East),Maddikera (East),,,MADDIKERA 2 MADDIKERA(EAST VILLAGE) MADDIKERA(MANDAL) KURNOOL(DIST),518385,,https://kys.udiseplus.gov.in/#/schooldetail/4720945/12,4720945,30/06/2025 11:53,2725
******91248 Operational,,SAYUDHA POLICE VIDYALAYA 2ND APSPCAMP KURNOOL,,,,Andhra Pradesh,2-Primary with Upper Primary,38-Pvt.Unaided,1 To 7,3-Co-educational,2-Urban,NA,,Kurnool Ward No. 42,Kurnool-Municipal Corporations,2ND APSP KURNOOL KURNOOL (MCORP)-3(VILLAGE) KURNOOL(MANDAL) KURNOOL(DIST),518003,sayudhapolicevidyanikethan[at]gmail[dot]com,https://kys.udiseplus.gov.in/#/schooldetail/4698194/12,4698194,25/10/2024 19:43,2725
******01204 Operational,,SBHAMBAM BABA VN,,,,Andhra Pradesh,2-Primary with Upper Primary,38-Pvt.Unaided,1 To 8,3-Co-educational,1-Rural,Chippagiri,Chippagiri,,,Near Govindappa Swamy Temple CHIPPAGIRI CHIPPAGIRI(VILLAGE) CHIPPAGIRI(MANDAL) KURNOOL(DIST),518396,sharmasvalirampeta[at]gmail[dot]com,https://kys.udiseplus.gov.in/#/schooldetail/4701964/12,4701964,21/04/2023 15:31,2725
******91222 Operational,,SEA ROCK E/M H.S 1ST WARD KURNOOL,,,,Andhra Pradesh,7-Upper Pr. and Secondary,38-Pvt.Unaided,6 To 10,3-Co-educational,2-Urban,NA,,Kurnool Ward No. 1,Kurnool-Municipal Corporations,1stWARD OPP:OLD MPL OFFICE FORT KURNOOL KURNOOL (MCORP)-3(VILLAGE) KURNOOL(MANDAL) KURNOOL(DIST),518001,searock_kurnool[at]yahoo[dot]co[dot]in,https://kys.udiseplus.gov.in/#/schooldetail/4698181/12,4698181,25/10/2024 19:43,2725
******91103 Operational,,SEA ROCK ENG SCHOOL 2ND WARDKURNOOL,,,,Andhra Pradesh,1-Primary,38-Pvt.Unaided,1 To 5,3-Co-educational,2-Urban,NA,,Kurnool Ward No. 1,Kurnool-Municipal Corporations,1st WARD OPP OLD MUNICIPAL OFFICE FORT KURNOOL (MCORP)-2(VILLAGE) KURNOOL(MANDAL) KURNOOL(DIST),518001,searockemhighschool[at]gmail[dot]com,https://kys.udiseplus.gov.in/#/schooldetail/4697016/12,4697016,22/12/2025 21:06,2725
******00743 Closed,Closed,SHANTHINIKETAN UP S NEAR SNS CENTRAL PATTIKONDA,,,,Andhra Pradesh,2-Primary with Upper Primary,38-Pvt.Unaided,1 To 7,3-Co-educational,1-Rural,Pattikonda,Pattikonda,,,NEAR SNS CENITARKES PATHIKONDA PATTIKONDA(VILLAGE) PATHIKONDA(MANDAL) KURNOOL(DIST),518380,,https://kys.udiseplus.gov.in/#/schooldetail/4701875/12,4701875,10/05/2022 06:03,2725
******91321 Operational,,SHANTHINIKETHAN EM,,,,Andhra Pradesh,2-Primary with Upper Primary,38-Pvt.Unaided,1 To 7,3-Co-educational,2-Urban,NA,,Adoni (M) - Ward No.3,Adoni-Municipality,BHAR PET ADONI ADONI (M)-2(VILLAGE) ADONI(MANDAL) KURNOOL(DIST),518301,aw440448[at]gmail[dot]com,https://kys.udiseplus.gov.in/#/schooldetail/4699684/12,4699684,21/04/2023 15:31,2725
******00729 Permanently Closed,,SHANTHI TALANT HS PATHIKONDA,,,,Andhra Pradesh,7-Upper Pr. and Secondary,38-Pvt.Unaided,6 To 10,3-Co-educational,1-Rural,Pattikonda,Pattikonda,,,NA,518380,,https://kys.udiseplus.gov.in/#/schooldetail/4717535/12,4717535,15/10/2020 12:18,2725
******00744 Operational,,SHANTHI TALENT EM HS PATTIKONDA,,,,Andhra Pradesh,7-Upper Pr. and Secondary,38-Pvt.Unaided,6 To 10,3-Co-educational,1-Rural,Pattikonda,Pattikonda,,,PATHIKONDA PATHIKONDA PATTIKONDA(VILLAGE) PATHIKONDA(MANDAL) KURNOOL(DIST),518380,sths7799[at]gmail[dot]com,https://kys.udiseplus.gov.in/#/schooldetail/4701876/12,4701876,15/10/2020 12:18,2725
******00713 Operational,,SHANTHI TALENT EM PS PATTIKONDA,,,,Andhra Pradesh,1-Primary,38-Pvt.Unaided,1 To 5,3-Co-educational,1-Rural,Pattikonda,Pattikonda,,,MAIN STREET PATHIKONDA PATTIKONDA(VILLAGE) PATHIKONDA(MANDAL) KURNOOL(DIST),518380,sths7799[at]gmail[dot]com,https://kys.udiseplus.gov.in/#/schooldetail/4701858/12,4701858,16/12/2023 09:09,2725
******00479 Closed,Closed,SHANTHI VIDYA MANDIR KALLUR,,,,Andhra Pradesh,2-Primary with Upper Primary,38-Pvt.Unaided,1 To 7,3-Co-educational,2-Urban,NA,,Kurnool Ward No. 33,Kurnool-Municipal Corporations,KALLUR KALLUR KALLUR(VILLAGE) KALLUR(MANDAL) KURNOOL(DIST),518002,,https://kys.udiseplus.gov.in/#/schooldetail/4698905/12,4698905,15/10/2020 12:18,2725
******91024 Operational,,"SHARADA COMMITTEE AIDED ELE EMPS, YEMMIGANUR",,,,Andhra Pradesh,1-Primary,35-Pvt.Aided,1 To 5,3-Co-educational,2-Urban,NA,,Yemmiganur (M) - Ward No.16,Yemmiganur-Municipality,D NO 18/948 YEMMIGANUR YEMMIGANUR(M)(VILLAGE) YEMMIGANUR(MANDAL) KURNOOL(DIST),518360,sharadaemschool9[at]gmail[dot]com,https://kys.udiseplus.gov.in/#/schooldetail/4699364/12,4699364,11/09/2024 10:34,2725
******91023 Closed,Closed,"SHARADA COMMITTEE AIDED ELE TMPS, YEMMIGANUR",,,,Andhra Pradesh,1-Primary,35-Pvt.Aided,1 To 5,3-Co-educational,2-Urban,NA,,Yemmiganur (M) - Ward No.16,Yemmiganur-Municipality,D NO 1/31 YEMMIGANUR YEMMIGANUR(M)(VILLAGE) YEMMIGANUR(MANDAL) KURNOOL(DIST),518360,,https://kys.udiseplus.gov.in/#/schooldetail/4699363/12,4699363,18/12/2023 13:00,2725
******91061 Operational,,SHARADA COMMITTE EM HIGH SCHOOL,,,,Andhra Pradesh,7-Upper Pr. and Secondary,38-Pvt.Unaided,6 To 10,3-Co-educational,2-Urban,NA,,Yemmiganur (M) - Ward No.16,Yemmiganur-Municipality,YEMMIGANUR ( YEMMIGANUR YEMMIGANUR(M)(VILLAGE) YEMMIGANUR(MANDAL) KURNOOL(DIST),518360,uday20242[at]gmail[dot]com,https://kys.udiseplus.gov.in/#/schooldetail/4699391/12,4699391,24/09/2024 13:00,2725
******00908 Operational,,SHARADA UP S,,,,Andhra Pradesh,2-Primary with Upper Primary,38-Pvt.Unaided,1 To 8,3-Co-educational,1-Rural,Mantralayam,Manchala,,,MANTRALAYAM MANCHALA MANCHALA(VILLAGE) MANTRALAYAM(MANDAL) KURNOOL(DIST),518345,,https://kys.udiseplus.gov.in/#/schooldetail/4697692/12,4697692,14/06/2023 19:21,2725
******01018 Operational,,SHARMAS U.P.S REDDY STREET VELDURTHY,,,,Andhra Pradesh,2-Primary with Upper Primary,38-Pvt.Unaided,1 To 7,3-Co-educational,1-Rural,Veldurthi,Veldurthi,,,h.no.10-115 reddy street VELDURTHI VELDURTHI(VILLAGE) VELDURTI(MANDAL) KURNOOL(DIST),518216,rangamanidevi68[at]gmail[dot]com,https://kys.udiseplus.gov.in/#/schooldetail/4700087/12,4700087,21/04/2023 15:31,2725
******90182 Operational,,SHELLY EM PS,,,,Andhra Pradesh,1-Primary,38-Pvt.Unaided,1 To 5,3-Co-educational,2-Urban,NA,,Adoni (M) - Ward No.21,Adoni-Municipality,ADONI (M) ( BEHIND NEW BUS STAND ADONI (M)(VILLAGE) ADONI(MANDAL) KURNOOL(DIST),518301,shelley.219[at]reddiffmail[dot]com,https://kys.udiseplus.gov.in/#/schooldetail/4699652/12,4699652,28/09/2024 12:10,2725
******91338 Operational,,SHELLY HIGH SCHOOL,,,,Andhra Pradesh,7-Upper Pr. and Secondary,38-Pvt.Unaided,6 To 10,3-Co-educational,2-Urban,NA,,Adoni (M) - Ward No.21,Adoni-Municipality,ADONI ADONI ADONI(VILLAGE) ADONI(MANDAL) KURNOOL(DIST),518301,shelley.219[at]rediffmail[dot]com,https://kys.udiseplus.gov.in/#/schooldetail/4699694/12,4699694,28/09/2024 12:12,2725
******90475 Operational,,SHRI ADITHYA VIDYA NILAYAM,,,,Andhra Pradesh,7-Upper Pr. and Secondary,38-Pvt.Unaided,6 To 10,3-Co-educational,2-Urban,NA,,Kurnool Ward No. 33,Kurnool-Municipal Corporations,KALLUR ( OLD KALLUR KALLUR(VILLAGE) KALLUR(MANDAL) KURNOOL(DIST),518003,savn2013[at]gmail[dot]com,https://kys.udiseplus.gov.in/#/schooldetail/4699012/12,4699012,24/12/2025 07:23,2725
******00416 Operational,,SHRI ADITHYA VIDYANILAYAMKALLUR,,,,Andhra Pradesh,1-Primary,38-Pvt.Unaided,1 To 5,3-Co-educational,2-Urban,NA,,Kurnool Ward No. 33,Kurnool-Municipal Corporations,KALLUR GRAM PANCHAYAT ROAD KALLUR(VILLAGE) KALLUR(MANDAL) KURNOOL(DIST),518003,savn2013[at]gmail[dot]com,https://kys.udiseplus.gov.in/#/schooldetail/4698887/12,4698887,21/12/2025 12:32,2725
******91447 Operational,,SHRI SHARADA MANDIR EM HS KING MARKET KURNOOL,,,,Andhra Pradesh,7-Upper Pr. and Secondary,38-Pvt.Unaided,6 To 10,3-Co-educational,2-Urban,NA,,Kurnool Ward No. 2,Kurnool-Municipal Corporations,SHRI SHARADA MANDIR EM HIGH SCHOOL NEAR KING MARKET KURNOOL,518001,SARADASCHOOLKNL[at]GMAIL[dot]COM,https://kys.udiseplus.gov.in/#/schooldetail/4697240/12,4697240,25/10/2024 19:43,2725
******91245 Operational,,SHRI SHARADA MANDIR NEAR KING MARKET KURNOOL,,,,Andhra Pradesh,1-Primary,38-Pvt.Unaided,1 To 5,3-Co-educational,2-Urban,NA,,Kurnool Ward No. 2,Kurnool-Municipal Corporations,SHRI SHARADA MANDIR EM SCHOOL NEAR KING MARKET KURNOOL,518001,saradaschoolknl[at]gmail[dot]com,https://kys.udiseplus.gov.in/#/schooldetail/4698192/12,4698192,05/01/2026 15:28,2725
******91366 Operational,,"SHRUTHI PARINEETHA EM UPS, KOTA ASWATHA NAGAR, ADN",,,,Andhra Pradesh,2-Primary with Upper Primary,38-Pvt.Unaided,1 To 7,3-Co-educational,2-Urban,NA,,Adoni (M) - Ward No.2,Adoni-Municipality,KOTA ASWATHA NAGAR ADONI,518301,,https://kys.udiseplus.gov.in/#/schooldetail/4699720/12,4699720,16/06/2023 15:21,2725
******90595 Closed,Closed,SIDDARTHA ENGTEL MED SCHOOL 45TH WARD KURNOOL,,,,Andhra Pradesh,1-Primary,38-Pvt.Unaided,1 To 5,3-Co-educational,2-Urban,NA,,Kurnool Ward No. 46,Kurnool-Municipal Corporations,45th WARD 45/85-31D N R NAGAR KURNOOL KURNOOL (MCORP)(VILLAGE) KURNOOL(MANDAL) KURNOOL(DIST),518004,,https://kys.udiseplus.gov.in/#/schooldetail/4698103/12,4698103,11/11/2024 18:18,2725
******91196 Closed,Closed,SIDDHARATHA ENG MED HIGH SCHOOL N.R.NAGAR KURNOOL,,,,Andhra Pradesh,7-Upper Pr. and Secondary,38-Pvt.Unaided,6 To 10,3-Co-educational,2-Urban,NA,,Kurnool Ward No. 46,Kurnool-Municipal Corporations,36th WARD H.NO:45/85-31D N R NAGAR KURNOOL (MCORP)-2(VILLAGE) KURNOOL(MANDAL) KURNOOL(DIST),518001,gopalreddy123[at]gmail[dot]com,https://kys.udiseplus.gov.in/#/schooldetail/4698160/12,4698160,11/11/2024 18:18,2725
******01030 Operational,,SIDDHARTHA (E.M) UPPER PRIMARY SCHOOL,,,,Andhra Pradesh,2-Primary with Upper Primary,38-Pvt.Unaided,1 To 7,3-Co-educational,1-Rural,Holagunda,Holagunda,,,NEAR DEVAMMA TEMPLE,518346,siddharthaschool10[at]gmail[dot]com,https://kys.udiseplus.gov.in/#/schooldetail/4699770/12,4699770,21/04/2023 15:31,2725
******00316 Closed,Closed,SIDDHARTHA U.PS GUNTHAKANTI STREET KODUMUR,,,,Andhra Pradesh,2-Primary with Upper Primary,38-Pvt.Unaided,1 To 7,3-Co-educational,1-Rural,Kodumur,Kodumur,,,KODUMUR GUNTHAKANTI STREET KODUMUR(VILLAGE) KODUMUR(MANDAL) KURNOOL(DIST),518464,,https://kys.udiseplus.gov.in/#/schooldetail/4699110/12,4699110,15/10/2020 12:18,2725
******90114 Operational,,SIDDIQUIA MPLPS(U),,,,Andhra Pradesh,1-Primary,34-MUNCIPAL,1 To 5,3-Co-educational,2-Urban,NA,,Adoni (M) - Ward No.10,Adoni-Municipality,BUDDEKAL STREET ADONI ADONI (M) KURNOOL(DIST),518301,afreen442244[at]gmail[dot]com,https://kys.udiseplus.gov.in/#/schooldetail/4699586/12,4699586,21/01/2023 16:47,2725
******00115 Operational,,SIR NEW TON PS EM SCHOOL NANOOR,,,,Andhra Pradesh,1-Primary,38-Pvt.Unaided,1 To 5,3-Co-educational,1-Rural,Orvakal,Nannur,,,NANOOR NANOOR NANNUR(VILLAGE) NANNUR(VILLAGE) KURNOOL(DIST),518002,sirnewtonschool0115[at]gmail[dot]com,https://kys.udiseplus.gov.in/#/schooldetail/4698805/12,4698805,21/04/2023 15:31,2725
******91208 Operational,,SISTER STANISLAS MEMORIAL ENGLISH SCHOOL SUNKESULA ROAD KURNOOL,,,,Andhra Pradesh,6-Pr. Up Pr. and Secondary Only,39-Pvt.Unaided (CBSE Syllabus),1 To 10,3-Co-educational,2-Urban,NA,,Kurnool Ward No. 48,Kurnool-Municipal Corporations,46th WARD SUNKESULA ROAD KURNOOL KURNOOL (MCORP)-3(VILLAGE) KURNOOL(MANDAL) KURNOOL(DIST),518004,sr.stanislas[at]gmail[dot]com,https://kys.udiseplus.gov.in/#/schooldetail/4698169/12,4698169,23/12/2025 22:21,2725
******91105 Merged,,SISTER STANSILAS MEMORIAL ENGLISH SCHOOL SUNKESULA ROAD KURNOOL,,,,Andhra Pradesh,1-Primary,38-Pvt.Unaided,1 To 5,3-Co-educational,2-Urban,NA,,Kurnool Ward No. 48,Kurnool-Municipal Corporations,47th WARD SUNKESULA ROAD KURNOOL (ROAD) KURNOOL (MCORP)-2(VILLAGE) KURNOOL(MANDAL) KURNOOL(DIST),518004,sr.stanislas[at]gmail[dot]com,https://kys.udiseplus.gov.in/#/schooldetail/4697017/12,4697017,22/07/2024 13:15,2725
******00806 Operational,,SISTER SUDHA UP SCHOOL HUSSINAPURAM,,,,Andhra Pradesh,2-Primary with Upper Primary,38-Pvt.Unaided,1 To 7,3-Co-educational,1-Rural,Orvakal,Husainapuram,,,Hussainapurm(v) orvakal(m),518010,nagetips[at]gmail[dot]com,https://kys.udiseplus.gov.in/#/schooldetail/4698827/12,4698827,01/02/2024 19:05,2725
******00459 Operational,,SKGRAMMER S ADITYA NAGAR KALLUR,,,,Andhra Pradesh,2-Primary with Upper Primary,38-Pvt.Unaided,1 To 7,3-Co-educational,2-Urban,NA,,Kurnool Ward No. 33,Kurnool-Municipal Corporations,MADIRAJ NAGAR MUZAFAR NAGAR,518002,nvramana3336[at]gmail[dot]com,https://kys.udiseplus.gov.in/#/schooldetail/4697858/12,4697858,21/12/2025 12:34,2725
******90577 Operational,,SLATE EMUP SCHOOL GURU RAGHAVENDRA NAGAR KALLUR,,,,Andhra Pradesh,2-Primary with Upper Primary,38-Pvt.Unaided,1 To 7,3-Co-educational,2-Urban,NA,,Kurnool Ward No. 29,Kurnool-Municipal Corporations,8247438489 kallur kurnool,518004,,https://kys.udiseplus.gov.in/#/schooldetail/4699074/12,4699074,23/12/2025 20:48,2725
******01185 Operational,,"SLATE EM UP SCHOOL, MADHAVARAM ROAD, MANTRALAYAM",,,,Andhra Pradesh,2-Primary with Upper Primary,38-Pvt.Unaided,1 To 7,3-Co-educational,1-Rural,Mantralayam,Manchala,,,"MADHAVARAM ROAD, MANTRALAYAM",518345,,https://kys.udiseplus.gov.in/#/schooldetail/4721623/12,4721623,09/09/2024 17:51,2725
******90139 Closed,Closed,S M G G AIDED ELE S,,,,Andhra Pradesh,1-Primary,35-Pvt.Aided,1 To 5,3-Co-educational,2-Urban,NA,,Adoni (M) - Ward No.15,Adoni-Municipality,VICTORIYAPET ADONI ADONI (M)(VILLAGE) ADONI(MANDAL) KURNOOL(DIST),518301,,https://kys.udiseplus.gov.in/#/schooldetail/4699611/12,4699611,15/10/2020 12:18,2725
******01902 Operational,,SMKV GOVT HIGH SCHOOL VIDYA NAGAR,,,,Andhra Pradesh,7-Upper Pr. and Secondary,10-State Govt.,6 To 10,3-Co-educational,1-Rural,Mantralayam,Paramandoddi,,,PARAMANDODDI OMNAGAR PARAMANDODDI(VILLAGE) MANTRALAYAM(MANDAL) KURNOOL(DIST),518349,smkvhs[at]gmail[dot]com,https://kys.udiseplus.gov.in/#/schooldetail/4697720/12,4697720,11/11/2024 10:39,2725
******01998 Operational,,SMT RAVANAMMA&SMT PRABHAVATHI VOCATIONAL JUNIOR COLLEGE ARORA NAGAR KURNOOL,,,,Andhra Pradesh,11-Higher Secondary only/Jr. College,38-Pvt.Unaided,11 To 12,3-Co-educational,2-Urban,Kurnool urban,,Kurnool Ward No. 30,"Kurnool Municipal Corporation, Kurnool",ARORA NAGAR B CAMP KURNOOL,518002,naganna009[at]gmail[dot]com,,,24/12/2025 17:28,2725
******01508 Operational,,SMT SHANTHAMMA VIDYA NILAYAM EM SCHOOL UYYALAWADA,,,,Andhra Pradesh,2-Primary with Upper Primary,38-Pvt.Unaided,1 To 7,3-Co-educational,1-Rural,Orvakal,Uyyalawada,,,uyyalawada,518002,shanthammavidyanilayam[at]gmail[dot]com,https://kys.udiseplus.gov.in/#/schooldetail/4698850/12,4698850,21/04/2023 15:31,2725
******90174 Closed,Closed,SMT. Y.H.G.GIRLS KANNADA,,,,Andhra Pradesh,2-Primary with Upper Primary,35-Pvt.Aided,1 To 7,3-Co-educational,2-Urban,NA,,Adoni (M) - Ward No.12,Adoni-Municipality,SANTHAPET ADONI ADONI (M)(VILLAGE) ADONI(MANDAL) KURNOOL(DIST),518301,,https://kys.udiseplus.gov.in/#/schooldetail/4699646/12,4699646,11/05/2022 15:55,2725
******90594 Closed,Closed,SPARTANS EM HS BEHIND RELIANCE MARKET KALLURET,,,,Andhra Pradesh,7-Upper Pr. and Secondary,38-Pvt.Unaided,6 To 10,3-Co-educational,2-Urban,NA,,Kurnool Ward No. 36,Kurnool-Municipal Corporations,opp Radiostation Behind Relience Market Bellary Road Kurnool,518003,spartanse.mschool[at]gmail[dot]com,https://kys.udiseplus.gov.in/#/schooldetail/4719576/12,4719576,29/01/2023 19:26,2725
******90579 Closed,Closed,SPARTANS EM UPS KALLLUR,,,,Andhra Pradesh,2-Primary with Upper Primary,38-Pvt.Unaided,1 To 7,3-Co-educational,2-Urban,NA,,Kurnool Ward No. 36,Kurnool-Municipal Corporations,opp Radiostation behind RelianceMarket Bellary Road Kurnool,518003,spartanse.mschool[at]gmail[dot]com,https://kys.udiseplus.gov.in/#/schooldetail/4699076/12,4699076,24/12/2024 16:44,2725
******91159 Operational,,"S P L M P L CORPN URDU PRIMARY SCHOOL, MOTIA, KURNOOL",,,,Andhra Pradesh,1-Primary,34-MUNCIPAL,1 To 5,3-Co-educational,2-Urban,NA,,Kurnool Ward No. 8,Kurnool-Municipal Corporations,PEDDAPADAKHANA MOTHIA KURNOOL KURNOOL (MCORP)-2(VILLAGE) KURNOOL(MANDAL) KURNOOL(DIST),518001,-nasreenshikaib[at]gmail[dot]com,https://kys.udiseplus.gov.in/#/schooldetail/4698134/12,4698134,22/12/2025 22:39,2725
******91469 Operational,,"SPL MPL URDU HS, MOTHIA, PEDDA PADAKANA",,,,Andhra Pradesh,7-Upper Pr. and Secondary,34-MUNCIPAL,6 To 10,3-Co-educational,2-Urban,NA,,Kurnool Ward No. 8,Kurnool-Municipal Corporations,pedda padakana kurnool,518001,mcuhsmothia[at]gmail[dot]com,https://kys.udiseplus.gov.in/#/schooldetail/4698317/12,4698317,20/06/2025 17:35,2725
******91195 Closed,Closed,S.R.C.C.E MODEL HIGH SCHOOL OPP AYYAPPASWAMY TEMPLE,,,,Andhra Pradesh,7-Upper Pr. and Secondary,35-Pvt.Aided,6 To 10,3-Co-educational,2-Urban,NA,,Kurnool Ward No. 17,Kurnool-Municipal Corporations,17 th WARD OPP:AYYAPPASWAMI TEMPLE A CAMP KURNOOL (MCORP)-2(VILLAGE) KURNOOL(MANDAL) KURNOOL(DIST),518002,srcceaidedschool[at]gmail[dot]com,https://kys.udiseplus.gov.in/#/schooldetail/4698159/12,4698159,25/10/2024 19:43,2725
******00602 Operational,,SREE ANJALI VIDYA NIKETHAN ANUGONDA,,,,Andhra Pradesh,2-Primary with Upper Primary,38-Pvt.Unaided,1 To 8,3-Co-educational,1-Rural,Kodumur,Anugonda,,,ANUGONDA ANUGONDA ANUGONDA(VILLAGE) KODUMUR(MANDAL) KURNOOL(DIST),518467,sramachandra1985[at]gmail[dot]com,https://kys.udiseplus.gov.in/#/schooldetail/4699151/12,4699151,09/07/2024 18:43,2725
******91336 Operational,,SREE BALAJI VIDYA NIKETAN,,,,Andhra Pradesh,2-Primary with Upper Primary,38-Pvt.Unaided,1 To 7,3-Co-educational,2-Urban,NA,,Adoni (M) - Ward No.5,Adoni-Municipality,HANUMAN NAGAR ADONI ADONI (M)-2(VILLAGE) ADONI(MANDAL) KURNOOL(DIST),518301,meo.adoni[at]gmail[dot]com,https://kys.udiseplus.gov.in/#/schooldetail/4699692/12,4699692,21/04/2023 15:31,2725
******01029 Operational,,SREE BAPUJI (E.M) UPPER PRIMARY SCHOOL,,,,Andhra Pradesh,2-Primary with Upper Primary,38-Pvt.Unaided,1 To 7,3-Co-educational,1-Rural,Holagunda,Holagunda,,,NEAR MARKET 2 HOLAGUNDA(VILLAGE) HOLAGUNDA(MANDAL) KURNOOL(DIST),518346,lakshmannalic[at]gmail[dot]com,https://kys.udiseplus.gov.in/#/schooldetail/4699769/12,4699769,21/04/2023 15:31,2725
******91320 Operational,,SREE BHARATHI VIDYA,,,,Andhra Pradesh,2-Primary with Upper Primary,38-Pvt.Unaided,1 To 7,3-Co-educational,2-Urban,NA,,Adoni (M) - Ward No.22,Adoni-Municipality,CARVEN PET ADONI ADONI (M)-2(VILLAGE) ADONI(MANDAL) KURNOOL(DIST),518301,rajanalasarudevi1973[at]gmail[dot]com,https://kys.udiseplus.gov.in/#/schooldetail/4699683/12,4699683,21/04/2023 15:31,2725
******02419 Operational,,SREE CHAITANYA UP SCHOOL,,,,Andhra Pradesh,1-Primary,38-Pvt.Unaided,1 To 5,3-Co-educational,1-Rural,Kosigi,Kosigi,,,KOSIGI(VILLAGE) KOSIGI(MANDAL) KURNOOL(DIST),518313,veerareddy443[at]gmail[dot]com,https://kys.udiseplus.gov.in/#/schooldetail/4697656/12,4697656,20/12/2025 19:30,2725
******01294 Operational,,"SREE DEEKSHA UP SCHOOL, KODUMUR",,,,Andhra Pradesh,2-Primary with Upper Primary,38-Pvt.Unaided,1 To 7,3-Co-educational,1-Rural,Kodumur,Kodumur,,,"SREE DEEKSHA UP SCHOOL, KODUMUR, MAHAKLAKSHMI COLONY, GUDUR ROAD",518464,srideekshakodumur[at]gmail[dot]com,https://kys.udiseplus.gov.in/#/schooldetail/4721753/12,4721753,10/09/2024 10:01,2725
******01434 Operational,,"SREE GADHILINGESWARA EM UP SCHOOL, NITRAVATTI",,,,Andhra Pradesh,2-Primary with Upper Primary,38-Pvt.Unaided,1 To 7,3-Co-educational,1-Rural,Halaharvi,Nitravatti,,,"SREE GADHILINGESWARA EM UP SCHOOL, NITRAVATTI",518348,chinnagadhi121[at]gmail[dot]com,https://kys.udiseplus.gov.in/#/schooldetail/4721862/12,4721862,10/09/2024 09:56,2725
******90177 Closed,Closed,SREE GAYATHRI E.MT.M SCH,,,,Andhra Pradesh,2-Primary with Upper Primary,38-Pvt.Unaided,1 To 7,3-Co-educational,2-Urban,NA,,Adoni (M) - Ward No.18,Adoni-Municipality,M M ROAD ADONI ADONI (M)(VILLAGE) ADONI(MANDAL) KURNOOL(DIST),518301,narasimhulu929[at]gmail[dot]com,https://kys.udiseplus.gov.in/#/schooldetail/4699648/12,4699648,15/10/2020 12:18,2725
******00287 Operational,,"SREE GAYATHRI JUNIOR COLLEGE, DNO 50/780-C DEVANAGAR, KURNOOL",,,,Andhra Pradesh,11-Higher Secondary only/Jr. College,38-Pvt.Unaided,11 To 12,3-Co-educational,2-Urban,NA,,Kurnool Ward No. 25,Kurnool-Municipal Corporations,"DEVANAGAR, KURNOOL MUNICIPAL CORP",518002,10064srigayatri[at]gmail[dot]com,https://kys.udiseplus.gov.in/#/schooldetail/4720700/12,4720700,25/10/2024 19:43,2725
******02024 Operational,,SREE LAKSHMI ANJANA VIDYANIKETHAN SCHOOL BC COLONY PADIDEMPADU,,,,Andhra Pradesh,2-Primary with Upper Primary,38-Pvt.Unaided,1 To 7,3-Co-educational,1-Rural,Kurnool,Rudravaram,,,BC COLONY PADIDEMPADU VILLAGE KURNOOL,518452,,,,29/12/2025 12:09,2725
******00914 Operational,,SREE LAKSHMI P.S NAGALADINNE,,,,Andhra Pradesh,1-Primary,38-Pvt.Unaided,1 To 5,3-Co-educational,1-Rural,Nandavaram,Nagaladinne,,,NAGALADINNE VILLAGE NANDAVARAM MANDAL KURNOOL DT AP,518343,desaisajit333[at]gmail[dot]com,https://kys.udiseplus.gov.in/#/schooldetail/4697750/12,4697750,19/12/2025 16:37,2725
******00231 Operational,,SREE LAKSHMI UP SCHOOLYEMMIGANUR,,,,Andhra Pradesh,2-Primary with Upper Primary,38-Pvt.Unaided,1 To 7,3-Co-educational,2-Urban,NA,,Yemmiganur Ward No. 33,Yemmiganur-Municipality,YEMMIGANUR YEMMIGANUR YEEMIGANUR(VILLAGE) YEMMIGAN UR(MANDAL) KURNOOL(DIST),518360,sreelakshmiupschool[at]gmail[dot]com,https://kys.udiseplus.gov.in/#/schooldetail/4699245/12,4699245,21/04/2023 15:31,2725
******01240 Operational,,"SREE MADHAVA EM SCHOOL, GORANTLA(V), KODUMUR(M)",,,,Andhra Pradesh,2-Primary with Upper Primary,38-Pvt.Unaided,1 To 7,3-Co-educational,1-Rural,Kodumur,Gorantla,,,"SREE MADHAVA EM SCHOOL,KOTHAPALLI ROAD, GORANTLA",518468,krishnamohan.aisf[at]gmail[dot]com,https://kys.udiseplus.gov.in/#/schooldetail/4721746/12,4721746,10/09/2024 10:00,2725
******90579 Permanently Closed,,SREE MANIK PS VIDYA NAGAR KURNOOL,,,,Andhra Pradesh,1-Primary,38-Pvt.Unaided,1 To 5,3-Co-educational,9-NA,NA,,,,NA,518001,,https://kys.udiseplus.gov.in/#/schooldetail/4717315/12,4717315,25/10/2024 19:43,2725
******91299 Operational,,SREE MEGHANA CONCEPT SCHOOL ASHOK NAGAR KURNOOL,,,,Andhra Pradesh,1-Primary,38-Pvt.Unaided,1 To 5,3-Co-educational,2-Urban,NA,,Kurnool Ward No. 45,Kurnool-Municipal Corporations,H.NO:45/200 ASHOK NAGAR KURNOOL (MCORP)-3(VILLAGE) KURNOOL(MANDAL) KURNOOL(DIST),518003,srimeghana6769[at]gmail[dot]com,https://kys.udiseplus.gov.in/#/schooldetail/4698208/12,4698208,25/10/2024 19:43,2725
******90194 Operational,,SREE RAGHAVENDRA CONVERT,,,,Andhra Pradesh,2-Primary with Upper Primary,38-Pvt.Unaided,1 To 7,3-Co-educational,2-Urban,NA,,Adoni (M) - Ward No.25,Adoni-Municipality,25th WARD 25-580 ADONI ADONI (M)(VILLAGE) ADONI(MANDAL) KURNOOL(DIST),518301,peravali.priyanka02[at]gmail[dot]com,https://kys.udiseplus.gov.in/#/schooldetail/4699662/12,4699662,02/03/2024 19:12,2725
******91027 Operational,,SREE RAGHAVENDRA VIDYANEKTANYEMMIGANUR,,,,Andhra Pradesh,1-Primary,38-Pvt.Unaided,1 To 5,3-Co-educational,2-Urban,NA,,Yemmiganur (M) - Ward No.2,Yemmiganur-Municipality,D NO 6-215 YEMMIGANUR YEMMIGANUR(M)(VILLAGE) YEMMIGANUR(MANDAL) KURNOOL(DIST),518360,ksr.ymg[at]gmail[dot]com,https://kys.udiseplus.gov.in/#/schooldetail/4699366/12,4699366,21/04/2023 15:31,2725
******91069 Operational,,SREE RAVINDRA VIDYA NIKETHAN UPS YEMMIGANUR,,,,Andhra Pradesh,2-Primary with Upper Primary,38-Pvt.Unaided,1 To 7,3-Co-educational,2-Urban,NA,,Yemmiganur Ward No. 28,Yemmiganur-Municipality,M S NAGAR YEMMIGANUR,518360,,https://kys.udiseplus.gov.in/#/schooldetail/4699399/12,4699399,16/06/2023 15:21,2725
******01914 Operational,,SREE SADGURU EM UP SCHOOL,,,,Andhra Pradesh,2-Primary with Upper Primary,38-Pvt.Unaided,1 To 7,3-Co-educational,1-Rural,Aspari,Aspari,,,ASPARI VILLAGE ASPARI MANDAL,518347,ssvm3030[at]gmail[dot]com,https://kys.udiseplus.gov.in/#/schooldetail/4699912/12,4699912,22/12/2025 10:07,2725
******90146 Operational,,SREE SAIBABA ENGLISH MEDI,,,,Andhra Pradesh,2-Primary with Upper Primary,38-Pvt.Unaided,1 To 7,3-Co-educational,2-Urban,NA,,Adoni (M) - Ward No.12,Adoni-Municipality,12th WARD ADONI ADONI (M)(VILLAGE) ADONI(MANDAL) KURNOOL(DIST),518301,savk355[at]gmail[dot]com,https://kys.udiseplus.gov.in/#/schooldetail/4699618/12,4699618,22/12/2025 12:52,2725
******90192 Operational,,SREE SAMBASIVA SASTRY VID,,,,Andhra Pradesh,2-Primary with Upper Primary,38-Pvt.Unaided,1 To 7,3-Co-educational,2-Urban,NA,,Adoni (M) - Ward No.6,Adoni-Municipality,NIZAMUDDIN COLONY ADONI,518301,raghuramseshu09[at]gmail[dot]com,https://kys.udiseplus.gov.in/#/schooldetail/4699661/12,4699661,16/06/2023 15:21,2725
******00207 Operational,,"SREE SARADA EM SCHOOL, REMATA, KNL",,,,Andhra Pradesh,2-Primary with Upper Primary,38-Pvt.Unaided,1 To 7,3-Co-educational,1-Rural,Kurnool,Remata,,,SREE SARADA UP EM SCHOOL,518466,nannururudrannaremata[at]gmail[dot]com,https://kys.udiseplus.gov.in/#/schooldetail/4697895/12,4697895,26/12/2025 12:40,2725
******00406 Closed,Closed,SREE SARADA U.P S,,,,Andhra Pradesh,2-Primary with Upper Primary,38-Pvt.Unaided,1 To 7,3-Co-educational,1-Rural,Kodumur,Pyalakurthy,,,PYALAKURTHY PYALAKURTHY PYALAKURTHY(VILLAGE) KODUMUR(MANDAL) KURNOOL(DIST),518464,,https://kys.udiseplus.gov.in/#/schooldetail/4699144/12,4699144,13/05/2022 05:36,2725
******02314 Operational,,"SREE SARASWATHI SISHU MANDIR (HS) , GPR NAGAR, KURNOOL",,,,Andhra Pradesh,7-Upper Pr. and Secondary,38-Pvt.Unaided,6 To 10,3-Co-educational,1-Rural,Kurnool,Dinnadevarapadu (Og),,,SREE SARASWATHI SISU MANDIR HS,518002,sishumandirknl[at]gmail[dot]com,https://kys.udiseplus.gov.in/#/schooldetail/4697992/12,4697992,27/12/2025 13:59,2725
******91064 Operational,,SREE SARASWATHI VIDYANIKE,,,,Andhra Pradesh,7-Upper Pr. and Secondary,38-Pvt.Unaided,6 To 10,3-Co-educational,2-Urban,NA,,Yemmiganur (M) - Ward No.18,Yemmiganur-Municipality,18/270 YEMMIGANUR YEMMIGANUR(M)(VILLAGE) YEMMIGANUR(MANDAL) KURNOOL(DIST),518360,,https://kys.udiseplus.gov.in/#/schooldetail/4699394/12,4699394,15/10/2020 12:18,2725
******01604 Operational,,SREE SARASWATHI VIDYAPEET,,,,Andhra Pradesh,1-Primary,38-Pvt.Unaided,1 To 5,3-Co-educational,1-Rural,Nandavaram,Nandavaram,,,NTR COLONY NANDAVARAM,518343,ssvpndvm[at]gmail[dot]com,https://kys.udiseplus.gov.in/#/schooldetail/4697769/12,4697769,19/12/2025 16:35,2725
******01131 Operational,,"SREE SARVAGNA KIDS SCHOOL, SMT COLONY, YEMMIGANUR",,,,Andhra Pradesh,2-Primary with Upper Primary,38-Pvt.Unaided,1 To 7,3-Co-educational,2-Urban,NA,,Yemmiganur (M) - Ward No.1,Yemmiganur-Municipality,"SMT COLONY, YEMMIGANUR",518360,,https://kys.udiseplus.gov.in/#/schooldetail/4721572/12,4721572,09/09/2024 21:42,2725
******01036 Operational,,SREE SATYA SAI MS HS VELDURTHY,,,,Andhra Pradesh,7-Upper Pr. and Secondary,38-Pvt.Unaided,6 To 10,3-Co-educational,1-Rural,Veldurthi,Veldurthi,,,BALAJI NAGAR VELUDRTHY VELDURTHI(VILLAGE) VELDURTI(MANDAL) KURNOOL(DIST),518216,srisathyasaiemhighschool[at]gmail[dot]com,https://kys.udiseplus.gov.in/#/schooldetail/4700092/12,4700092,25/06/2021 16:30,2725
******00748 Operational,,"SREE SHIRIDISAI HIGH SCHOOL, PATTIKONDA",,,,Andhra Pradesh,7-Upper Pr. and Secondary,38-Pvt.Unaided,6 To 10,3-Co-educational,1-Rural,Pattikonda,Pattikonda,,,TEACHERS COLONY PATTIKONDA VILLAGE AND MANDAL KURNOOL DISTRICT ANDHRA PRADESH,518380,Pakkireddys[at]gmail[dot]com,https://kys.udiseplus.gov.in/#/schooldetail/4701881/12,4701881,15/10/2020 12:18,2725
******90499 Operational,,SREE SREENIVASA EM/TM HS SOMAPPA COLONY BCAMP,,,,Andhra Pradesh,7-Upper Pr. and Secondary,38-Pvt.Unaided,6 To 10,3-Co-educational,2-Urban,NA,,Kurnool Ward No. 21,Kurnool-Municipal Corporations,B.CAMP SOMAPPA COLONY KALLUR KALLUR(VILLAGE) KALLUR(MANDAL) KURNOOL(DIST),518003,sreesreenivasaschool[at]gmail[dot]com,https://kys.udiseplus.gov.in/#/schooldetail/4699021/12,4699021,16/02/2026 15:58,2725
******00418 Operational,,SREE SRINIVASA P.S SOMAPPA COLONY B.CAMP,,,,Andhra Pradesh,1-Primary,38-Pvt.Unaided,1 To 5,3-Co-educational,2-Urban,NA,,Kurnool Ward No. 21,Kurnool-Municipal Corporations,SOMAPPA COLONY B. CAMP KALLUR(VILLAGE) KALLUR(MANDAL) KURNOOL(DIST),518002,sreesreenivasaschool[at]gmail[dot]com,https://kys.udiseplus.gov.in/#/schooldetail/4698889/12,4698889,21/12/2025 12:33,2725
******01025 Operational,,SREE UMA MADHAVA ENGLISH MEDIUM SCHOOL SANTHOSH NAGAR,,,,Andhra Pradesh,7-Upper Pr. and Secondary,38-Pvt.Unaided,6 To 10,3-Co-educational,2-Urban,NA,,Kurnool Ward No. 38,Kurnool-Municipal Corporations,Santhosh Nagar KURNOOL,518003,madhavakrishnaboya2004[at]gmail[dot]com,https://kys.udiseplus.gov.in/#/schooldetail/4697938/12,4697938,05/01/2026 15:30,2725
******90180 Operational,,SREE UMA MAHESWARA U P SC,,,,Andhra Pradesh,2-Primary with Upper Primary,38-Pvt.Unaided,1 To 7,3-Co-educational,2-Urban,NA,,Adoni (M) - Ward No.8,Adoni-Municipality,GOWLIPET 8-42 ADONI ADONI (M)(VILLAGE) ADONI(MANDAL) KURNOOL(DIST),518301,ramalingaiah2014[at]gmail[dot]com,https://kys.udiseplus.gov.in/#/schooldetail/4699650/12,4699650,16/06/2023 15:21,2725
******01030 Permanently Closed,,SREE VANI SMART SCHOOL VELDURTHY,,,,Andhra Pradesh,2-Primary with Upper Primary,38-Pvt.Unaided,1 To 7,3-Co-educational,1-Rural,Veldurthi,Veldurthi,,,NA,518216,,https://kys.udiseplus.gov.in/#/schooldetail/4717428/12,4717428,15/10/2020 12:18,2725
******91047 Operational,,SREE VANI VIDYALAYAM UP SCHOOL MUGATHI PETA YEMMIGANUR,,,,Andhra Pradesh,2-Primary with Upper Primary,38-Pvt.Unaided,1 To 7,3-Co-educational,2-Urban,NA,,Yemmiganur (M) - Ward No.4,Yemmiganur-Municipality,H.NO.9/393 YEMMIGANUR(VILLAGE AND MANDAL) KURNOOL(DIST),518360,bandasudhakar3[at]gmail[dot]com,https://kys.udiseplus.gov.in/#/schooldetail/4699379/12,4699379,27/12/2025 14:18,2725
******00408 Closed,Closed,SREE VEERABADHRA SWARA VIDYALAYA R.S PENDEKAL,,,,Andhra Pradesh,2-Primary with Upper Primary,38-Pvt.Unaided,1 To 7,3-Co-educational,1-Rural,Tuggali,Pendikallu,,,PENDEKAL R.S. PENDEKALLU PENDEKALLU(VILLAGE) TUGGALI(MANDAL) KURNOOL(DIST),518468,anithaashok2222[at]gmail[dot]com,https://kys.udiseplus.gov.in/#/schooldetail/4701765/12,4701765,19/11/2022 19:21,2725
******00409 Permanently Closed,,SREE VENKATESHWARA VIGNYANA MANDIR PERAVALI,,,,Andhra Pradesh,2-Primary with Upper Primary,38-Pvt.Unaided,1 To 7,3-Co-educational,9-NA,NA,,,,NA,518380,,https://kys.udiseplus.gov.in/#/schooldetail/4701906/12,4701906,15/10/2020 12:18,2725
******02103 Operational,,SREE VENUGOPALA SWAMY EM UP SCHOOL KOKKARACHEDU,,,,Andhra Pradesh,2-Primary with Upper Primary,38-Pvt.Unaided,1 To 7,3-Co-educational,1-Rural,Halaharvi,Kokkarachedu,,,KOKKARACHEDU,518348,veeruveeresh90[at]gmail[dot]com,https://kys.udiseplus.gov.in/#/schooldetail/4702007/12,4702007,21/04/2023 15:31,2725
******01195 Operational,,"SREE VIDYALA EM SCHOOL, NIZAMUDDIN COLONY, ADONI",,,,Andhra Pradesh,1-Primary,38-Pvt.Unaided,1 To 5,3-Co-educational,2-Urban,NA,,Adoni (M) - Ward No.6,Adoni-Municipality,"SREE VIDYALA EM SCHOOL, 6-872, NIZAMUDDIN COLONY, ADONI",518301,,https://kys.udiseplus.gov.in/#/schooldetail/4721548/12,4721548,10/09/2024 10:39,2725
******00603 Operational,,SREE VIDYANIKETHAN UP SCHOOL SAKUNALA,,,,Andhra Pradesh,2-Primary with Upper Primary,38-Pvt.Unaided,1 To 7,3-Co-educational,1-Rural,Orvakal,Sakunala,,,sakunala orvakal,518010,,https://kys.udiseplus.gov.in/#/schooldetail/4719567/12,4719567,21/04/2023 15:31,2725
******91323 Operational,,SREE VINAYAKA VIDYA,,,,Andhra Pradesh,2-Primary with Upper Primary,38-Pvt.Unaided,1 To 7,3-Co-educational,2-Urban,NA,,Adoni (M) - Ward No.22,Adoni-Municipality,24/203 COWDAL PET ADONI ADONI (M)-2(VILLAGE) ADONI(MANDAL) KURNOOL(DIST),518301,,https://kys.udiseplus.gov.in/#/schooldetail/4699685/12,4699685,21/04/2023 15:31,2725
******91356 Operational,,SREE VIVEKA VARDHANI EM.UPS.,,,,Andhra Pradesh,2-Primary with Upper Primary,38-Pvt.Unaided,1 To 7,3-Co-educational,2-Urban,NA,,Adoni (M) - Ward No.8,Adoni-Municipality,ADONI 2 ADONI ADONI MANDAL KURNOOL (DIST),518301,madagundichitralekha1980[at]gmail[dot]com,https://kys.udiseplus.gov.in/#/schooldetail/4699710/12,4699710,16/06/2023 15:21,2725
******00122 Operational,,S R E M SCHOOL NANNUR,,,,Andhra Pradesh,2-Primary with Upper Primary,38-Pvt.Unaided,1 To 7,3-Co-educational,1-Rural,Orvakal,Nannur,,,NANNUR ORVAKAL,518002,srems[at]gmail[dot]com,https://kys.udiseplus.gov.in/#/schooldetail/4698809/12,4698809,21/04/2023 15:31,2725
******01004 Operational,,SRE NARSIMHA VIDYANIKETHAN UP SCHOOL HOSUR,,,,Andhra Pradesh,2-Primary with Upper Primary,38-Pvt.Unaided,1 To 7,3-Co-educational,1-Rural,Pattikonda,Hosur,,,HOSUR HOSUR HOSUR(VILLAGE) PATHIKONDA(MANDAL) KURNOOL(DIST),518380,kammaravinay9945[at]gmail[dot]com,https://kys.udiseplus.gov.in/#/schooldetail/4700748/12,4700748,23/12/2025 12:10,2725
******00305 Operational,,SRI ADARSHA EM UP SCHOOL MARELLA TUGGALI MANDAL,,,,Andhra Pradesh,2-Primary with Upper Primary,38-Pvt.Unaided,1 To 7,3-Co-educational,1-Rural,Tuggali,Mukkella,,,MUKKELLA TUGGALI KURNOOL-518390,518390,9010chandu[at]gmail[dot]com,https://kys.udiseplus.gov.in/#/schooldetail/4719635/12,4719635,05/12/2023 21:32,2725
******01204 Operational,,SRI AKSHARA EM UP SCHOOL,,,,Andhra Pradesh,2-Primary with Upper Primary,38-Pvt.Unaided,1 To 7,3-Co-educational,1-Rural,Mantralayam,Rachumarri,,,rachumarri,518349,uppalappa206[at]gmail[dot]com,https://kys.udiseplus.gov.in/#/schooldetail/4719532/12,4719532,21/04/2023 15:31,2725
******01194 Operational,,"SRI AYYLAPPA EM UP SCHOOL, UPPARAHAL(V), KOWTHALAM(M)",,,,Andhra Pradesh,2-Primary with Upper Primary,38-Pvt.Unaided,1 To 7,3-Co-educational,1-Rural,Kowthalam,Kowthalam,,,"UPPARAHAL(V), KOWTHALAM(M)",518344,,https://kys.udiseplus.gov.in/#/schooldetail/4721547/12,4721547,24/12/2025 13:19,2725
******03203 Operational,,SRI BALAJI EMTM UP SCHOOL KUNTANAHAL,,,,Andhra Pradesh,2-Primary with Upper Primary,38-Pvt.Unaided,1 To 8,3-Co-educational,1-Rural,Kowthalam,Kuntanahal,,,sri balaji em tm up Kuntanahal,518344,,https://kys.udiseplus.gov.in/#/schooldetail/4697593/12,4697593,16/06/2023 15:21,2725
******91445 Operational,,SRI BALAJI SEVA SADAN EM UPS BALAJI NAGAR STANTANPURAMKNL,,,,Andhra Pradesh,2-Primary with Upper Primary,38-Pvt.Unaided,1 To 7,3-Co-educational,2-Urban,NA,,Kurnool Ward No. 39,Kurnool-Municipal Corporations,BALAJI NAGAR KURNOOL,518006,,https://kys.udiseplus.gov.in/#/schooldetail/4698302/12,4698302,24/12/2025 16:58,2725
******91444 Operational,,SRI BALAJI SEVA SADAN EM UPS RANGA RAJA STREET I TOWN KNL,,,,Andhra Pradesh,2-Primary with Upper Primary,38-Pvt.Unaided,1 To 7,3-Co-educational,2-Urban,NA,,Kurnool Ward No. 5,Kurnool-Municipal Corporations,RR SREET KURNOOL,518001,,https://kys.udiseplus.gov.in/#/schooldetail/4698301/12,4698301,25/10/2024 19:43,2725
******91335 Operational,,SRI BALAJI VIDYAYALAYA ADONI,,,,Andhra Pradesh,2-Primary with Upper Primary,38-Pvt.Unaided,1 To 7,3-Co-educational,2-Urban,NA,,Adoni (M) - Ward No.20,Adoni-Municipality,H.NO:21/142/40/1 SKD COLONY O ROAD ADONI (M)-2(VILLAGE) ADONI(MANDAL) KURNOOL(DIST),518301,hassain0664[at]gamail[dot]com,https://kys.udiseplus.gov.in/#/schooldetail/4699691/12,4699691,16/06/2023 15:21,2725
******01110 Operational,,SRI BALA VIKAS UP SCHOOL P.KADABUR,,,,Andhra Pradesh,2-Primary with Upper Primary,38-Pvt.Unaided,1 To 7,3-Co-educational,1-Rural,Peddakadabur,Pedda Kadubur,,,PEDDAKADABUR NEAR MRO OFFICE,518323,sribalavikas[at]gmail[dot]com,https://kys.udiseplus.gov.in/#/schooldetail/4699439/12,4699439,24/12/2025 12:41,2725
******00207 Permanently Closed,,SRI BASARA LAKSHMI UPPER PRIMARY EM TM SCHOOL ALWALA,,,,Andhra Pradesh,2-Primary with Upper Primary,38-Pvt.Unaided,1 To 7,3-Co-educational,1-Rural,Gonegandla,Alwala,,,NA,518463,,https://kys.udiseplus.gov.in/#/schooldetail/4699175/12,4699175,15/10/2020 12:18,2725
******01005 Operational,,"SRI BASAVESWARA EM UPS,JAMPAPURAM",,,,Andhra Pradesh,2-Primary with Upper Primary,38-Pvt.Unaided,1 To 7,3-Co-educational,1-Rural,Kosigi,Jampapuram,,,"JAMPAPURAM(VILLEGE) KOSIGI MANDAL,KURNOOL(DIST)",518313,veerareddy443[at]gmail[dot]com,https://kys.udiseplus.gov.in/#/schooldetail/4697623/12,4697623,20/12/2025 19:31,2725
******91412 Permanently Closed,,SRI BHARATH EM UP SCHOOL,,,,Andhra Pradesh,2-Primary with Upper Primary,38-Pvt.Unaided,1 To 7,3-Co-educational,9-NA,NA,,,,NA,518001,,https://kys.udiseplus.gov.in/#/schooldetail/4717338/12,4717338,25/10/2024 19:43,2725
******00517 Operational,,SRI BHARATHI VIDYA NILAYAM,,,,Andhra Pradesh,1-Primary,38-Pvt.Unaided,1 To 5,3-Co-educational,1-Rural,Gonegandla,Gonegandla,,,DODDI CHENU COLONY GONEGANDLA VILLAGE,518463,basha74dmh[at]gmail[dot]com,https://kys.udiseplus.gov.in/#/schooldetail/4699195/12,4699195,12/02/2026 11:50,2725
******01708 Operational,,SRI BUGGA RAMESWARA HSKALVA BUGGA,,,,Andhra Pradesh,7-Upper Pr. and Secondary,38-Pvt.Unaided,6 To 10,3-Co-educational,1-Rural,Orvakal,Kalva,,,KALVA HUSSAINAPURAM KALVA(VILLAGE) ORVAKAL(MANDAL) KURNOOL(DIST),518010,konagopal1983[at]gamail[dot]com,https://kys.udiseplus.gov.in/#/schooldetail/4698858/12,4698858,14/12/2023 15:31,2725
******01704 Operational,,SRI BUGGA RAMESWARA PSKALVA BUGGA,,,,Andhra Pradesh,1-Primary,38-Pvt.Unaided,1 To 5,3-Co-educational,1-Rural,Orvakal,Kalva,,,KALVA HUSSAINAPURAM KALVA(VILLAGE) ORVAKAL(MANDAL) KURNOOL(DIST),518010,kuruvavenkateswarlu4[at]gmail[dot]com,https://kys.udiseplus.gov.in/#/schooldetail/4698855/12,4698855,15/12/2023 15:05,2725
******91405 Operational,,SRI CHAITANYA E.M HIGHSCHOOLN.R.PETA KURNOOL,,,,Andhra Pradesh,7-Upper Pr. and Secondary,38-Pvt.Unaided,6 To 10,3-Co-educational,2-Urban,NA,,Kurnool Ward No. 49,Kurnool-Municipal Corporations,KURNOOL MCORP-5 KURNOOL-518004,518004,KURNOOL7[at]SRICHAITANYASCHOOL[dot]NET,https://kys.udiseplus.gov.in/#/schooldetail/4698269/12,4698269,21/12/2025 13:45,2725
******91362 Operational,,SRI CHAITANYA EM HS ADONI,,,,Andhra Pradesh,7-Upper Pr. and Secondary,38-Pvt.Unaided,6 To 10,3-Co-educational,1-Rural,Adoni,Mandagiri (Rural),,,CHEKURI GARDENS,518301,adoni[at]srichaitanyaschool[dot]net,https://kys.udiseplus.gov.in/#/schooldetail/4699716/12,4699716,15/10/2020 12:18,2725
******91388 Operational,,"SRI CHAITANYA EM HS, BHASKAR NAGAR",,,,Andhra Pradesh,7-Upper Pr. and Secondary,38-Pvt.Unaided,6 To 10,3-Co-educational,2-Urban,NA,,Kurnool Ward No. 13,Kurnool-Municipal Corporations,SRI CHAITANYA EM HIGH SCHOOL BHASKAR NAGAR KURNOOL,518001,kurnool2principal[at]srichaitanyaschool[dot]net,https://kys.udiseplus.gov.in/#/schooldetail/4698253/12,4698253,05/01/2026 16:06,2725
******02407 Operational,,"SRI CHAITANYA EM HS, B THANDRAPADU",,,,Andhra Pradesh,7-Upper Pr. and Secondary,38-Pvt.Unaided,6 To 10,1-Boys,1-Rural,Kurnool,B. Thandrapadu (Og),,,B THANDRAPADU V SHIVALAYAM STREET KURNOOL M KURNOOL DIST,518007,KURNOOL8[at]SRICHAITANYASCHOOL[dot]NET,https://kys.udiseplus.gov.in/#/schooldetail/4698008/12,4698008,27/12/2025 13:16,2725
******91236 Operational,,SRI CHAITANYA EM HS BUDHAVARPETA KURNOOL,,,,Andhra Pradesh,7-Upper Pr. and Secondary,38-Pvt.Unaided,6 To 10,3-Co-educational,2-Urban,NA,,Kurnool Ward No. 14,Kurnool-Municipal Corporations,BUDHAWARPETA KURNOOL KURNOOL (MCORP)-3(VILLAGE) KURNOOL(MANDAL) KURNOOL(DIST),518002,kurnool6[at]srichaitanyaschool[dot]net,https://kys.udiseplus.gov.in/#/schooldetail/4698189/12,4698189,25/10/2024 19:43,2725
******91430 Permanently Closed,,SRI CHAITANYA EM HS KURNOOL,,,,Andhra Pradesh,7-Upper Pr. and Secondary,38-Pvt.Unaided,6 To 10,3-Co-educational,9-NA,NA,,,,NA,518002,,https://kys.udiseplus.gov.in/#/schooldetail/4717340/12,4717340,25/10/2024 19:43,2725
******03917 Operational,,SRI CHAITANYA EM PRIMARY SCHOOL,,,,Andhra Pradesh,1-Primary,38-Pvt.Unaided,1 To 5,3-Co-educational,1-Rural,Adoni,Mandagiri (Rural),,,CHEKURI GARDENS,518301,adoni[at]srichaitanyaschool[dot]net,https://kys.udiseplus.gov.in/#/schooldetail/4699555/12,4699555,21/04/2023 15:31,2725
******91117 Operational,,SRI CHAITANYA EM PRIMARYS SCHOOL BUDHAVARPETA KURNOO,,,,Andhra Pradesh,1-Primary,38-Pvt.Unaided,1 To 5,3-Co-educational,2-Urban,NA,,Kurnool Ward No. 14,Kurnool-Municipal Corporations,BUDHAWAR PETA KURNOOL KURNOOL (MCORP)-2(VILLAGE) KURNOOL(MANDAL) KURNOOL(DIST),518002,kurnool6[at]srichaitanyaschool[dot]net,https://kys.udiseplus.gov.in/#/schooldetail/4698117/12,4698117,25/10/2024 19:43,2725
******00066 Operational,,"SRI CHAITANYA EM SCHOOL,CENTRAL PLAZA,KURNOOL",,,,Andhra Pradesh,2-Primary with Upper Primary,38-Pvt.Unaided,1 To 7,3-Co-educational,2-Urban,NA,,Kurnool Ward No. 17,Kurnool-Municipal Corporations,"CENTRAL PLAZA, KURNOOL",518002,Kurnool3[at]srichaitanyaschool[dot]net,https://kys.udiseplus.gov.in/#/schooldetail/4720474/12,4720474,25/10/2024 19:43,2725
******91404 Permanently Closed,,SRI CHAITANYA E.M SCHOOLN.R.PETA KURNOOL,,,,Andhra Pradesh,1-Primary,38-Pvt.Unaided,1 To 5,3-Co-educational,2-Urban,NA,,Kurnool Ward No. 49,Kurnool-Municipal Corporations,NA,518001,,https://kys.udiseplus.gov.in/#/schooldetail/4698268/12,4698268,25/10/2024 19:43,2725
******91402 Operational,,"SRI CHAITANYA E.M SCHOOL, VR COLONY, KURNOOL",,,,Andhra Pradesh,7-Upper Pr. and Secondary,38-Pvt.Unaided,6 To 10,3-Co-educational,2-Urban,NA,,Kurnool Ward No. 45,Kurnool-Municipal Corporations,Venkata Ramana Colony Road No 4 Kurnool,518003,kurnool1[at]srichaitanyaschool[dot]net,https://kys.udiseplus.gov.in/#/schooldetail/4698266/12,4698266,21/12/2025 13:49,2725
******01212 Operational,,"SRI CHAITANYA EM SCHOOL, V R COLONY, KURNOOL",,,,Andhra Pradesh,2-Primary with Upper Primary,38-Pvt.Unaided,1 To 7,3-Co-educational,2-Urban,NA,,Kurnool Ward No. 45,Kurnool-Municipal Corporations,"SRI CHAITANYA EM SCHOOL,H.NO 45-142-A, VENKATARAMANA COLONY, KURNOOL",518002,,https://kys.udiseplus.gov.in/#/schooldetail/4721553/12,4721553,25/10/2024 19:43,2725
******00104 Operational,,SRI CHAITANYA EM UPS BONDIMADUGULA TUGGALI(M),,,,Andhra Pradesh,2-Primary with Upper Primary,38-Pvt.Unaided,1 To 7,3-Co-educational,1-Rural,Tuggali,Bondimadugula,,,BONDIMADUGULA TUGGALI KURNOOL-518468,518468,bravikumar1269[at]gmail[dot]com,https://kys.udiseplus.gov.in/#/schooldetail/4701755/12,4701755,21/04/2023 15:31,2725
******02408 Sanctioned but not Operational,,SRI CHAITANYA EM UP SCHOOL,,,,Andhra Pradesh,2-Primary with Upper Primary,38-Pvt.Unaided,1 To 7,3-Co-educational,1-Rural,Kurnool,B. Thandrapadu (Og),,,B THANDRAPADU,518007,bsphoni[at]gmail[dot]com,https://kys.udiseplus.gov.in/#/schooldetail/4698009/12,4698009,25/10/2024 19:43,2725
******91385 Operational,,SRI CHAITANYA EM UP SCHOOL AMBEDKAR NAGAR ADONI,,,,Andhra Pradesh,2-Primary with Upper Primary,38-Pvt.Unaided,1 To 7,3-Co-educational,2-Urban,NA,,Adoni (M) - Ward No.16,Adoni-Municipality,"ambedkar nagar, adoni",518301,adoni2[at]srichaitanyaschool[dot]net,https://kys.udiseplus.gov.in/#/schooldetail/4720276/12,4720276,21/04/2023 15:31,2725
******01428 Operational,,SRI CHAITANYA EM UP SCHOOL KOYA NAGAR ALUR,,,,Andhra Pradesh,2-Primary with Upper Primary,38-Pvt.Unaided,1 To 7,3-Co-educational,1-Rural,Alur,Alur,,,YELLARTHY ROAD BEHIND L I C OFFICE ALUR,518395,alurprincipal[at]srichaitanyaschool[dot]net,https://kys.udiseplus.gov.in/#/schooldetail/4699837/12,4699837,22/12/2025 13:05,2725
******90563 Operational,,SRI CHAITANYA EM UP SCHOOL SRIRAM NAGAR KURNOOL,,,,Andhra Pradesh,2-Primary with Upper Primary,38-Pvt.Unaided,1 To 8,3-Co-educational,2-Urban,NA,,Kurnool Ward No. 21,Kurnool-Municipal Corporations,KALLUR -3 KALLUR KURNOOL 518002,518002,kurnool9[at]srichiatanyaschool[dot]net,https://kys.udiseplus.gov.in/#/schooldetail/4699059/12,4699059,24/12/2025 17:27,2725
******00734 Operational,,SRI CHAITANYA EM UP SCHOOL VENKATADRI NAGAR KALLUR,,,,Andhra Pradesh,2-Primary with Upper Primary,38-Pvt.Unaided,1 To 8,3-Co-educational,2-Urban,NA,,Kurnool Ward No. 27,Kurnool-Municipal Corporations,VENKATADRI NAGAR KALLUR,518002,,https://kys.udiseplus.gov.in/#/schooldetail/4721168/12,4721168,23/12/2025 20:10,2725
******00733 Operational,,SRI CHAITANYA ENGLISH MEDIUM SCHOOL I TOWN KURNOOL,,,,Andhra Pradesh,2-Primary with Upper Primary,38-Pvt.Unaided,1 To 8,3-Co-educational,2-Urban,NA,,Kurnool Ward No. 1,Kurnool-Municipal Corporations,D NO 28-58-PETA ONE TOWN,518001,,https://kys.udiseplus.gov.in/#/schooldetail/4721167/12,4721167,25/10/2024 19:43,2725
******00261 Operational,,SRI CHAITANYA E-TECHNO HS YEMMIGANUR,,,,Andhra Pradesh,7-Upper Pr. and Secondary,38-Pvt.Unaided,6 To 10,3-Co-educational,2-Urban,NA,,Yemmiganur Ward No. 21,Yemmiganur-Municipality,ADHARSHA NAGER YEMMIGANUR,518360,yemmiganur[at]srichaitanyaschool[dot]net,https://kys.udiseplus.gov.in/#/schooldetail/4698228/12,4698228,15/10/2020 12:18,2725
******00260 Operational,,SRI CHAITANYA E-TECHNO PS YEMMIGANUR,,,,Andhra Pradesh,1-Primary,38-Pvt.Unaided,1 To 5,3-Co-educational,2-Urban,NA,,Yemmiganur Ward No. 21,Yemmiganur-Municipality,ADHARSHA NAGAR YEMMIGANUR,518360,yemmiganur[at]srichaitanyaschool[dot]net,https://kys.udiseplus.gov.in/#/schooldetail/4699264/12,4699264,21/04/2023 15:31,2725
******90521 Operational,,SRI CHAITANYA HIGH SCHOOLSRINAGAR COLONY,,,,Andhra Pradesh,7-Upper Pr. and Secondary,38-Pvt.Unaided,6 To 10,3-Co-educational,2-Urban,NA,,Kurnool Ward No. 21,Kurnool-Municipal Corporations,KALLUR-3 KALLUR KURNOOL-518002,518002,kurnool4[at]srichaitanyaschool[dot]net,https://kys.udiseplus.gov.in/#/schooldetail/4699028/12,4699028,24/12/2025 07:17,2725
******00267 Permanently Closed,,SRI CHAITANYA JR. COLLEGE,,,,Andhra Pradesh,11-Higher Secondary only/Jr. College,38-Pvt.Unaided,11 To 12,3-Co-educational,9-NA,NA,,,,NA,518360,,https://kys.udiseplus.gov.in/#/schooldetail/4717404/12,4717404,15/10/2020 12:18,2725
******02106 Permanently Closed,,SRI CHAITANYA JR. COLLEGE,,,,Andhra Pradesh,11-Higher Secondary only/Jr. College,38-Pvt.Unaided,11 To 12,3-Co-educational,1-Rural,Kurnool,Pasupula (Og),,,NA,518002,,https://kys.udiseplus.gov.in/#/schooldetail/4717307/12,4717307,25/10/2024 19:43,2725
******91498 Operational,,SRICHAITANYA JUNIOR COLLEGE BHAGYANAGAR KURNOOL,,,,Andhra Pradesh,11-Higher Secondary only/Jr. College,38-Pvt.Unaided,11 To 12,3-Co-educational,2-Urban,NA,,Kurnool Ward No. 13,Kurnool-Municipal Corporations,"H NO - 40/301-5, BHAGYA NAGAR, KURNOOL.",518004,srichaitnya10174[at]gmail[dot]com,https://kys.udiseplus.gov.in/#/schooldetail/4719545/12,4719545,25/10/2024 19:43,2725
******02411 Operational,,SRI CHAITANYA JUNIOR COLLEGE B.THANDRAPADU KURNOOL,,,,Andhra Pradesh,11-Higher Secondary only/Jr. College,38-Pvt.Unaided,11 To 12,3-Co-educational,1-Rural,Kurnool,B. Thandrapadu (Og),,,194/A4 B THANDRAPADU,518002,srichaitanyajuniorcollege10184[at]gmail[dot]com,https://kys.udiseplus.gov.in/#/schooldetail/4719537/12,4719537,27/12/2025 13:13,2725
******02322 Operational,,SRI CHAITANYA JUNIOR COLLEGE DINNEDEVARAPADU KURNOOL,,,,Andhra Pradesh,11-Higher Secondary only/Jr. College,38-Pvt.Unaided,11 To 12,3-Co-educational,1-Rural,Kurnool,Dinnadevarapadu (Og),,,GOOTY ROAD DINNEDEVARAPADU KURNOOL,518003,srichaitanya10195[at]gmail[dot]com,https://kys.udiseplus.gov.in/#/schooldetail/4719536/12,4719536,27/12/2025 13:43,2725
******02104 Operational,,SRI CHAITANYA JUNIOR COLLEGE PASUPULA ROAD KURNOOL,,,,Andhra Pradesh,11-Higher Secondary only/Jr. College,38-Pvt.Unaided,11 To 12,3-Co-educational,1-Rural,Kurnool,Pasupula (Og),,,PASUPULA ROAD KURNOOL,518002,srichaitanya185[at]gmail[dot]com,https://kys.udiseplus.gov.in/#/schooldetail/4719535/12,4719535,27/12/2025 12:21,2725
******90520 Operational,,SRI CHAITANYA PRIMARY SCHOOLSRINAGAR COLONY,,,,Andhra Pradesh,1-Primary,38-Pvt.Unaided,1 To 5,3-Co-educational,2-Urban,NA,,Kurnool Ward No. 21,Kurnool-Municipal Corporations,SRINAGAR COLONY 0 KALLUR(VILLAGE) KALLUR(MANDAL) KURNOOL(DIST),518002,kurnool4[at]srichaitanyaschool[dot]net,https://kys.udiseplus.gov.in/#/schooldetail/4697997/12,4697997,24/12/2025 07:18,2725
******00749 Operational,,SRI CHAITANYA UP SCHOOL PATTIKONDA,,,,Andhra Pradesh,2-Primary with Upper Primary,38-Pvt.Unaided,1 To 7,3-Co-educational,1-Rural,Pattikonda,Pattikonda,,,PATHIKONDA PATHIKONDA PATTIKONDA(VILLAGE) PATHIKONDA(MANDAL) KURNOOL(DIST),518380,,https://kys.udiseplus.gov.in/#/schooldetail/4701882/12,4701882,21/04/2023 15:31,2725
******02406 Operational,,SRI CHITANYA EM PS B THANDRAPADU,,,,Andhra Pradesh,1-Primary,38-Pvt.Unaided,1 To 5,1-Boys,1-Rural,Kurnool,B. Thandrapadu (Og),,,B THANDRAPADU V SHIVALAYAM STREET KURNOOL M KURNOOL DIST,518007,KURNOOL8[at]SRICHAITANYASCHOOL[dot]NET,https://kys.udiseplus.gov.in/#/schooldetail/4698007/12,4698007,27/12/2025 14:03,2725
******91416 Operational,,SRI CHITANYA EM UP SCHOOLSANKAL BAGH,,,,Andhra Pradesh,2-Primary with Upper Primary,38-Pvt.Unaided,1 To 8,3-Co-educational,2-Urban,NA,,Kurnool Ward No. 49,Kurnool-Municipal Corporations,KURNOOL MCORP -5 KURNOOL 518004,518004,KURNOOL5[at]SRICHAITANYASHOOL[dot]NET,https://kys.udiseplus.gov.in/#/schooldetail/4697212/12,4697212,24/12/2025 16:47,2725
******91387 Operational,,SRI CHITHANYA EM PRIMARY SCL BHASKAR NAGAR,,,,Andhra Pradesh,1-Primary,38-Pvt.Unaided,1 To 5,3-Co-educational,2-Urban,NA,,Kurnool Ward No. 13,Kurnool-Municipal Corporations,SRI CHAITANYA EM PRIMARY SCHOOL BHASKAR NAGAR KURNOOL,518001,kurnool2[at]srichaitanyaschool[dot]net,https://kys.udiseplus.gov.in/#/schooldetail/4698252/12,4698252,05/01/2026 15:58,2725
******91385 Operational,,SRI CHITHANYA EM PRIMARY SCL V R COLONY,,,,Andhra Pradesh,1-Primary,38-Pvt.Unaided,1 To 5,3-Co-educational,2-Urban,NA,,Kurnool Ward No. 45,Kurnool-Municipal Corporations,kappal nagar vr colony,518003,kurnool1[at]srichaitanyaschool[dot]net,https://kys.udiseplus.gov.in/#/schooldetail/4698251/12,4698251,24/12/2025 18:02,2725
******02414 Operational,,SRI CHOWDESWARI EM UP SCHOOL KOSIGI,,,,Andhra Pradesh,2-Primary with Upper Primary,38-Pvt.Unaided,1 To 7,3-Co-educational,1-Rural,Kosigi,Kosigi,,,"siddappa palem KOSIGI ,KOSIGI(VILLAGE) KOSIGI(MANDAL) KURNOOL(DIST)",518313,pudurukrishnamurty[at]gmail[dot]com,https://kys.udiseplus.gov.in/#/schooldetail/4697653/12,4697653,20/12/2025 20:42,2725
******00118 Permanently Closed,,SRI C V RAMANS EM SCHOOL NANNOOR,,,,Andhra Pradesh,2-Primary with Upper Primary,38-Pvt.Unaided,1 To 7,3-Co-educational,1-Rural,Orvakal,Nannur,,,NA,518002,,https://kys.udiseplus.gov.in/#/schooldetail/4698807/12,4698807,15/10/2020 12:18,2725
******91146 Permanently Closed,,SRI DEVI VIDYA MANDIR ENG SCHOOL 19TH WARD KURNOOL,,,,Andhra Pradesh,2-Primary with Upper Primary,38-Pvt.Unaided,1 To 7,3-Co-educational,9-NA,NA,,,,NA,518001,,https://kys.udiseplus.gov.in/#/schooldetail/4717321/12,4717321,25/10/2024 19:43,2725
******01314 Operational,,"SRI GARJILINGESWARA EM UP SCHOO, PEDDA HARIVANAM, ADONI",,,,Andhra Pradesh,2-Primary with Upper Primary,38-Pvt.Unaided,1 To 7,3-Co-educational,2-Urban,NA,,Adoni (M) - Ward No.6,Adoni-Municipality,"SRI GARJILINGESWARA EM UP SCHOO,PEDDA HARIVANAM,ADONI",518308,,https://kys.udiseplus.gov.in/#/schooldetail/4721756/12,4721756,10/09/2024 10:43,2725
******90575 Closed,Closed,SRI GAYATHRI EMUP SCHOOL GOVARDHAN NAGAR KALLUR,,,,Andhra Pradesh,2-Primary with Upper Primary,38-Pvt.Unaided,1 To 7,3-Co-educational,2-Urban,NA,,Kurnool Ward No. 32,Kurnool-Municipal Corporations,KALLUR MANDAL,518003,,https://kys.udiseplus.gov.in/#/schooldetail/4699073/12,4699073,09/05/2022 13:36,2725
******90604 Closed,Closed,SRI GAYATRI JR COLLEGE,,,,Andhra Pradesh,11-Higher Secondary only/Jr. College,38-Pvt.Unaided,11 To 12,3-Co-educational,1-Rural,Kurnool,B. Thandrapadu (Og),,,NA,NA,,https://kys.udiseplus.gov.in/#/schooldetail/4719854/12,4719854,25/10/2024 19:43,2725
******00919 Permanently Closed,,SRI GAYATRI JR.COLLEGE,,,,Andhra Pradesh,11-Higher Secondary only/Jr. College,38-Pvt.Unaided,11 To 12,3-Co-educational,1-Rural,C.Belagal,C.Belagal,,,NA,518462,,https://kys.udiseplus.gov.in/#/schooldetail/4717296/12,4717296,15/10/2020 12:18,2725
******91496 Operational,,SRI GAYATRI JUNIOR COLLEGE GAYATRI ESTATE KURNOOL,,,,Andhra Pradesh,11-Higher Secondary only/Jr. College,38-Pvt.Unaided,11 To 12,3-Co-educational,2-Urban,NA,,Kurnool Ward No. 25,Kurnool-Municipal Corporations,50/761C P V COMPLEX GAYATRI ESTATE,518001,knldssgjc65[at]gmail[dot]com,https://kys.udiseplus.gov.in/#/schooldetail/4719543/12,4719543,25/10/2024 19:43,2725
******01216 Operational,,SRI GNANA SUDHA EM UP SCHOOL DEVANAKONDNA,,,,Andhra Pradesh,2-Primary with Upper Primary,38-Pvt.Unaided,1 To 7,3-Co-educational,1-Rural,Devanakonda,Devanakonda,,,SRI GNANASUDHA EM UP SCHOOL DEVANAKONDA,518465,kurubasudhakar9[at]gmail[dot]com,https://kys.udiseplus.gov.in/#/schooldetail/4699979/12,4699979,23/12/2025 18:54,2725
******01316 Operational,,"SRI GOWRI GANESHA EM UP SCHOOL, VICTORIYA PETA, ADONI",,,,Andhra Pradesh,2-Primary with Upper Primary,38-Pvt.Unaided,1 To 7,3-Co-educational,2-Urban,NA,,Adoni (M) - Ward No.15,Adoni-Municipality,"15-362-5, VICTORIYA PETA ADONI",518301,gowriganeshschool[at]gmail[dot]com,https://kys.udiseplus.gov.in/#/schooldetail/4721757/12,4721757,09/09/2024 17:09,2725
******03604 Operational,,SRI GOWRI GANESH EM HIGH SCHOOL,,,,Andhra Pradesh,7-Upper Pr. and Secondary,38-Pvt.Unaided,6 To 10,3-Co-educational,1-Rural,Adoni,Dhanapuram (Og),,,DHANAPURAM ADONI KURNOOL DIST AP,518301,srigowriganeshems[at]gmail[dot]com,https://kys.udiseplus.gov.in/#/schooldetail/4699542/12,4699542,25/06/2021 16:14,2725
******03603 Operational,,SRI GOWRI GANESH EM.UPS,,,,Andhra Pradesh,1-Primary,38-Pvt.Unaided,1 To 5,3-Co-educational,1-Rural,Adoni,Dhanapuram (Og),,,DHANAPURAM DHANAPURAM DHANAPURAM(VILLAGE) ADONI(MANDAL) KURNOOL(DIST),518301,srigowriganeshems[at]gmail[dot]com,https://kys.udiseplus.gov.in/#/schooldetail/4699541/12,4699541,21/04/2023 15:31,2725
******00104 Operational,,SRI GURUCHENNA BASAWESWARA EM UPS NADICHAGI,,,,Andhra Pradesh,2-Primary with Upper Primary,38-Pvt.Unaided,1 To 7,3-Co-educational,1-Rural,Kowthalam,Nadichagi,,,NADICHAGI(V) KOWTHALAM(M) KURNOOL(DIST) AP.,518344,hs[at]GMAIL[dot]COM,https://kys.udiseplus.gov.in/#/schooldetail/4697530/12,4697530,21/04/2023 15:31,2725
******00719 Operational,,SRI HARSHA EM S BEHIND VB SWAMY PATTIKONDA,,,,Andhra Pradesh,2-Primary with Upper Primary,38-Pvt.Unaided,1 To 7,3-Co-educational,1-Rural,Pattikonda,Pattikonda,,,BEHIND V B SWAMY TEMPLE PATHIKONDA PATTIKONDA(VILLAGE) PATHIKONDA(MANDAL) KURNOOL(DIST),518380,Shaikshakila307[at]gmail[dot]com,https://kys.udiseplus.gov.in/#/schooldetail/4700714/12,4700714,12/12/2023 18:50,2725
******01306 Operational,,SRI JAGADGURU VAGEESHA PANDITHARADHYA EM SCHOOL HALAHARVI,,,,Andhra Pradesh,6-Pr. Up Pr. and Secondary Only,38-Pvt.Unaided,1 To 10,3-Co-educational,1-Rural,Halaharvi,Halaharvi,,,Opp to Petrol bunk HALAHARVI HALAHARVI(VILLAGE) HALAHRVI(MANDAL) KURNOOL(DIST),518348,sjvpschool[at]gmail[dot]com,https://kys.udiseplus.gov.in/#/schooldetail/4701992/12,4701992,30/07/2025 17:27,2725
******02805 Operational,,SRIJAYA SARASWATHI EM UPS,,,,Andhra Pradesh,2-Primary with Upper Primary,38-Pvt.Unaided,1 To 7,3-Co-educational,2-Urban,NA,,Adoni (M) - Ward No.10,Adoni-Municipality,MARATIGERI MARATIGERI ADONI(VILLAGE) ADONI(MANDAL) KURNOOL(DIST),518301,,https://kys.udiseplus.gov.in/#/schooldetail/4699515/12,4699515,16/06/2023 15:21,2725
******91306 Operational,,SRI JIHESWARA VIDYALAYA H,,,,Andhra Pradesh,7-Upper Pr. and Secondary,38-Pvt.Unaided,6 To 10,3-Co-educational,2-Urban,NA,,Adoni (M) - Ward No.4,Adoni-Municipality,ADONI (M) ( BEHIND SRI AMBABHAVANI PET ADONI (M)-2(VILLAGE) ADONI(MANDAL) KURNOOL(DIST),518301,sjvhs.2023[at]gmail[dot]com,https://kys.udiseplus.gov.in/#/schooldetail/4699672/12,4699672,14/12/2023 22:01,2725
******90141 Operational,,SRI JIHVESWARA VIDYALAYA,,,,Andhra Pradesh,1-Primary,38-Pvt.Unaided,1 To 5,3-Co-educational,2-Urban,NA,,Adoni (M) - Ward No.4,Adoni-Municipality,ADONI (M) SRI AMBABHAVANI TEMPLE ADONI (M)(VILLAGE) ADONI(MANDAL) KURNOOL(DIST),518301,sjvhs.2023[at]gmail[dot]com,https://kys.udiseplus.gov.in/#/schooldetail/4699613/12,4699613,14/12/2023 22:01,2725
******00607 Operational,,SRI JYOOTHI TALENT S,,,,Andhra Pradesh,2-Primary with Upper Primary,38-Pvt.Unaided,1 To 7,3-Co-educational,1-Rural,Devanakonda,P.Kotakonda,,,P KOTAKONDA (VIG AND PO) DEVANAKONDA( MD) KURNOOL (DT ) AP 518225,518225,srijyothitalentemschool[at]gmail[dot]com,https://kys.udiseplus.gov.in/#/schooldetail/4699948/12,4699948,23/12/2025 18:55,2725
******91484 Operational,,SRI KASTURI EM HIGH SCHOOL RANGARAJ STREET,,,,Andhra Pradesh,7-Upper Pr. and Secondary,38-Pvt.Unaided,6 To 10,3-Co-educational,2-Urban,NA,,Kurnool Ward No. 7,Kurnool-Municipal Corporations,27/92 RANGARAJU VEEDHI ONE TOWN KURNOOL KURNOOL MANDAL KURNOOL DIST,518001,svramesh22[at]gmail[dot]com,https://kys.udiseplus.gov.in/#/schooldetail/4698329/12,4698329,25/10/2024 19:43,2725
******91487 Permanently Closed,,SRI KASTURI EM HS RANGARAJA STREET ONE TOWN KURNOOL,,,,Andhra Pradesh,7-Upper Pr. and Secondary,38-Pvt.Unaided,6 To 10,3-Co-educational,2-Urban,NA,,Kurnool Ward No. 7,Kurnool-Municipal Corporations,NA,518001,,https://kys.udiseplus.gov.in/#/schooldetail/4717347/12,4717347,25/10/2024 19:43,2725
******91454 Operational,,SRI KASTURI EM UPS RANGARAJ STREET KNL,,,,Andhra Pradesh,2-Primary with Upper Primary,38-Pvt.Unaided,1 To 7,3-Co-educational,2-Urban,NA,,Kurnool Ward No. 7,Kurnool-Municipal Corporations,27/92 RANGARAJU STREET ONE TOWN KURNOOL KURNOOL MANDAL KURNOOL DIST,518001,svramesh22[at]gmail[dot]com,https://kys.udiseplus.gov.in/#/schooldetail/4698305/12,4698305,25/10/2024 19:43,2725
******01810 Operational,,SRI KRISHNA DEVARAYA ENGLISH MEDIUM SCHOOLMOLAGAVALLI,,,,Andhra Pradesh,2-Primary with Upper Primary,38-Pvt.Unaided,1 To 7,3-Co-educational,1-Rural,Alur,Molagavalli,,,MOLLAGAVALLI 2 MOLAGAVALLI VILLAGE ALUR MANDAL KURNOOL(DIST),518395,pragathichavitlo[at]gmail[dot]com,https://kys.udiseplus.gov.in/#/schooldetail/4699857/12,4699857,22/12/2025 13:11,2725
******03914 Operational,,SRI KRISHNADEVARAYA HS,,,,Andhra Pradesh,7-Upper Pr. and Secondary,38-Pvt.Unaided,6 To 10,3-Co-educational,1-Rural,Adoni,Mandagiri (Rural),,,MANAGIRI MANDAGIRI MANDAGIRI(VILLAGE) ADONI(MANDAL) KURNOOL(DIST),518302,khusenappa1967[at]gmail[dot]com,https://kys.udiseplus.gov.in/#/schooldetail/4699552/12,4699552,15/10/2020 12:18,2725
******90187 Operational,,SRI KRISHNA DEVARAYA U P,,,,Andhra Pradesh,1-Primary,38-Pvt.Unaided,1 To 5,3-Co-educational,1-Rural,Adoni,Mandagiri (Rural),,,MANDAGERI ADONI ADONI (M)(VILLAGE) ADONI(MANDAL) KURNOOL(DIST),518302,khusenappa1967[at]gmail[dot]com,https://kys.udiseplus.gov.in/#/schooldetail/4699656/12,4699656,21/04/2023 15:31,2725
******00105 Operational,,SRI KUMARASWAMY EM UPS HANVALU ADN,,,,Andhra Pradesh,2-Primary with Upper Primary,38-Pvt.Unaided,1 To 7,3-Co-educational,1-Rural,Adoni,Hanavalu,,,HANAVAL VILLAGE ADONI MANDAL,518301,meo.adoni[at]gmail[dot]com,https://kys.udiseplus.gov.in/#/schooldetail/4699457/12,4699457,22/12/2025 12:09,2725
******90161 Closed,Closed,SRI LAKSHMI E/M ELE SCHOO,,,,Andhra Pradesh,1-Primary,38-Pvt.Unaided,1 To 5,3-Co-educational,2-Urban,NA,,Adoni (M) - Ward No.18,Adoni-Municipality,KUMBERWADI STREET ADONI ADONI (M)(VILLAGE) ADONI(MANDAL) KURNOOL(DIST),518301,,https://kys.udiseplus.gov.in/#/schooldetail/4699630/12,4699630,15/10/2020 12:18,2725
******91491 Operational,,SRI LAKSHMI EM HIGH SCHOOL KOTHAPETA KURNOOL,,,,Andhra Pradesh,6-Pr. Up Pr. and Secondary Only,38-Pvt.Unaided,1 To 10,3-Co-educational,2-Urban,NA,,Kurnool Ward No. 49,Kurnool-Municipal Corporations,41/261 KOTHAPETA KURNOOL,518004,srilakshmischools1982[at]gmail[dot]com,https://kys.udiseplus.gov.in/#/schooldetail/4719539/12,4719539,25/10/2024 19:43,2725
******00911 Permanently Closed,,SRI LAKSHMI EM HIGH SCHOOL MUNAGALAPADU,,,,Andhra Pradesh,7-Upper Pr. and Secondary,39-Pvt.Unaided (CBSE Syllabus),6 To 10,3-Co-educational,1-Rural,Kurnool,NA,,,NA,518003,,https://kys.udiseplus.gov.in/#/schooldetail/4717301/12,4717301,15/10/2020 12:18,2725
******91303 Operational,,"SRI LAKSHMI EM PS, V R COLONY",,,,Andhra Pradesh,1-Primary,38-Pvt.Unaided,1 To 5,3-Co-educational,2-Urban,NA,,Kurnool Ward No. 45,Kurnool-Municipal Corporations,ROAD NO-1 KURNOOL KURNOOL (MCORP)-4(VILLAGE) KURNOOL(MANDAL) KURNOOL(DIST).,518003,shaikshabranch[at]gmail[dot]com,https://kys.udiseplus.gov.in/#/schooldetail/4698209/12,4698209,25/10/2024 19:43,2725
******00024 Closed,Closed,SRI LAKSHMI EM SCHOOL GUDUR,,,,Andhra Pradesh,2-Primary with Upper Primary,38-Pvt.Unaided,1 To 7,3-Co-educational,2-Urban,NA,,Gudur (M) - Ward No.7,Gudur (kurnool)-Town Panchayat,SRI LASHMI SCHOOL NEAR MPDO OFFICE GUDUR MANDAL KURNNOL DISTRICT,518462,meo.gudur[at]gmail[dot]com,https://kys.udiseplus.gov.in/#/schooldetail/4720420/12,4720420,22/07/2024 13:17,2725
******01407 Operational,,SRI LAKSHMI EM SCHOOL KATARUKONDA,,,,Andhra Pradesh,2-Primary with Upper Primary,38-Pvt.Unaided,1 To 7,3-Co-educational,1-Rural,Krishnagiri,Katarikonda,,,Sri Lakshmi EM School Katarukonda,518222,smanaboti[at]gmail[dot]com,https://kys.udiseplus.gov.in/#/schooldetail/4720285/12,4720285,21/04/2023 15:31,2725
******00912 Operational,,SRI LAKSHMI EM SCHOOL MUNAGALAPADU,,,,Andhra Pradesh,6-Pr. Up Pr. and Secondary Only,39-Pvt.Unaided (CBSE Syllabus),1 To 10,3-Co-educational,2-Urban,NA,,Kurnool Ward No. 38,Kurnool-Municipal Corporations,MUNAGALAPADU KURNOOL518004,518004,samsidhsrilakshmiknl[at]gmail[dot]com,https://kys.udiseplus.gov.in/#/schooldetail/4697920/12,4697920,25/10/2024 19:43,2725
******01184 Operational,,"SRI LAKSHMI EM UP SCHOOL, C.BELAGAL(V&M)",,,,Andhra Pradesh,2-Primary with Upper Primary,38-Pvt.Unaided,1 To 7,3-Co-educational,1-Rural,C.Belagal,C.Belagal,,,"SRI LAKSHMI EM UP SCHOOL,C.BELAGAL",518462,,https://kys.udiseplus.gov.in/#/schooldetail/4721543/12,4721543,10/09/2024 12:38,2725
******91239 Operational,,SRI LAKSHMI H.S.(EM) SVR COLONY KURNOOL,,,,Andhra Pradesh,7-Upper Pr. and Secondary,38-Pvt.Unaided,6 To 10,3-Co-educational,2-Urban,NA,,Kurnool Ward No. 45,Kurnool-Municipal Corporations,S V R COLONY H.NO:45/203-A2-5 PLOT.NO:7 KURNOOL (MCORP)-3(VILLAGE) KURNOOL(MANDAL) KURNOOL(DIST),518003,shaikshabranch[at]gmail[dot]com,https://kys.udiseplus.gov.in/#/schooldetail/4698191/12,4698191,25/10/2024 19:43,2725
******91197 Operational,,SRI LAKSHMI HS NR PETA KURNOOL,,,,Andhra Pradesh,7-Upper Pr. and Secondary,38-Pvt.Unaided,6 To 10,3-Co-educational,2-Urban,NA,,Kurnool Ward No. 50,Kurnool-Municipal Corporations,49th WARD 43/146 N R PET KURNOOL KURNOOL (MCORP)-2(VILLAGE) KURNOOL(MANDAL) KURNOOL(DIST),518004,srilakshmischools1982[at]gmail[dot]com,https://kys.udiseplus.gov.in/#/schooldetail/4698161/12,4698161,25/10/2024 19:43,2725
******90580 Operational,,SRI LAKSHMI PRIMARY SCHOOOL N.R.PETA KURNOOL,,,,Andhra Pradesh,1-Primary,38-Pvt.Unaided,1 To 5,3-Co-educational,2-Urban,NA,,Kurnool Ward No. 50,Kurnool-Municipal Corporations,49 WARD 43/146 N R PET KURNOOL KURNOOL (MCORP)(VILLAGE) KURNOOL(MANDAL) KURNOOL(DIST),518004,srilakshmischools1982[at]gmail[dot]com,https://kys.udiseplus.gov.in/#/schooldetail/4698089/12,4698089,25/10/2024 19:43,2725
******01410 Operational,,SRI LAKSHMI SARASWATHI VIDYANIKETHAN EM UPS GOVARDHANAGIRI,,,,Andhra Pradesh,2-Primary with Upper Primary,38-Pvt.Unaided,1 To 7,3-Co-educational,1-Rural,Veldurthi,Govardhanagiri,,,GOVARDHANAGIRI VILLAGE VELDURTHY MANDAL KURNOOL DISTRICT,518216,,https://kys.udiseplus.gov.in/#/schooldetail/4700114/12,4700114,21/04/2023 15:31,2725
******00208 Operational,,"SRI LAKSHMI UP SCHOOL,TERNEKAL",,,,Andhra Pradesh,2-Primary with Upper Primary,38-Pvt.Unaided,1 To 7,3-Co-educational,1-Rural,Devanakonda,Ternekal,,,TERNEKAL TERNEKAL TERNEKAL(VILLAGE) DEVANAKONDA(MANDAL) KURNOOL(DIST),518465,joybhaskaran12[at]gmail[dot]com,https://kys.udiseplus.gov.in/#/schooldetail/4699930/12,4699930,23/12/2025 18:59,2725
******00508 Operational,,SRI LAKSHMI VIDYANIKETHAN EM UP SCHOOL KRISHNAGIRI,,,,Andhra Pradesh,2-Primary with Upper Primary,38-Pvt.Unaided,1 To 7,3-Co-educational,1-Rural,Krishnagiri,Krishnagiri,,,Sri Lakshmi Vidyanikethan UP School Krishnagiri,518225,Srilaxmi[at]1307gamil[dot]com,https://kys.udiseplus.gov.in/#/schooldetail/4720284/12,4720284,21/04/2023 15:31,2725
******00307 Operational,,SRILAKSHMI V N E.M SCHOOL RAMALLAKOTA,,,,Andhra Pradesh,2-Primary with Upper Primary,38-Pvt.Unaided,1 To 7,3-Co-educational,1-Rural,Veldurthi,Ramallakota,,,RAMALLAKOTA RAMALLAKOTA RAMALLAKOTA(VILLAGE) VELDURTI(MANDAL) KURNOOL(DIST),518217,laxmisurendranath1307[at]gmail[dot]com,https://kys.udiseplus.gov.in/#/schooldetail/4698963/12,4698963,21/04/2023 15:31,2725
******02405 Operational,,SRILAXMINARASIMHASWAMY PUBLIC SCHOOL URUKUNDA,,,,Andhra Pradesh,2-Primary with Upper Primary,38-Pvt.Unaided,1 To 8,3-Co-educational,1-Rural,Kowthalam,Urukunda,,,urukunda village kowthalam mandal,518344,slnsschool2010[at]gmail[dot]com,https://kys.udiseplus.gov.in/#/schooldetail/4697568/12,4697568,21/04/2023 15:31,2725
******00229 Operational,,SRI MALLIKARJUNA UPSYEMMIGANUR,,,,Andhra Pradesh,2-Primary with Upper Primary,38-Pvt.Unaided,1 To 7,3-Co-educational,1-Rural,Yemmiganur,Kadimetla,,,YERRAKOTA VILLAGE KADIMETLA POST YEMMIGANUR MANDAL,518360,veereshsmkvr27[at]gmail[dot]com,https://kys.udiseplus.gov.in/#/schooldetail/4699243/12,4699243,21/04/2023 15:31,2725
******00805 Operational,,SRI MANABOTI LAKSHMI EMUPS BETHAPALLI,,,,Andhra Pradesh,2-Primary with Upper Primary,38-Pvt.Unaided,1 To 7,3-Co-educational,1-Rural,Devanakonda,Chellelichelimala,,,SRI MANABOTI EM SCHOOL BETHAPALLI,518225,smlems[at]gmail[dot]com,https://kys.udiseplus.gov.in/#/schooldetail/4699953/12,4699953,23/12/2025 19:00,2725
******00684 Operational,,SRI MANASA SAI JUNIOR COLLEGE GUDUR,,,,Andhra Pradesh,11-Higher Secondary only/Jr. College,38-Pvt.Unaided,11 To 12,3-Co-educational,2-Urban,NA,,Gudur (M) - Ward No.11,Gudur (kurnool)-Town Panchayat,orvakal post and mandal kurnool dt,518010,smsorvakal10368[at]gmail[dot]com,https://kys.udiseplus.gov.in/#/schooldetail/4721115/12,4721115,27/07/2024 12:40,2725
******91198 Permanently Closed,,SRI MANIK ENG MEDHS VIDYA NAGAR KURNOOL,,,,Andhra Pradesh,7-Upper Pr. and Secondary,38-Pvt.Unaided,6 To 10,3-Co-educational,9-NA,NA,,,,NA,518001,,https://kys.udiseplus.gov.in/#/schooldetail/4717323/12,4717323,25/10/2024 19:43,2725
******91495 Operational,,SRI MASTERS JUNIOR COLLEGE ABDULLAH KHAN ESTATE KURNOOL,,,,Andhra Pradesh,11-Higher Secondary only/Jr. College,38-Pvt.Unaided,11 To 12,3-Co-educational,2-Urban,NA,,Kurnool Ward No. 13,Kurnool-Municipal Corporations,"Sri Masters Junior College, D.No.46-87-55-1,2, Woodlands Compound Area, Budhwarpet, Kurnool.",518001,srimastersjrcollege[at]gmail[dot]com,https://kys.udiseplus.gov.in/#/schooldetail/4719542/12,4719542,25/10/2024 19:43,2725
******91331 Operational,,SRI MEDA PUBLIC SCHO,,,,Andhra Pradesh,2-Primary with Upper Primary,38-Pvt.Unaided,1 To 7,3-Co-educational,1-Rural,Adoni,Mandagiri (Rural),,,MIG27 APHB COLONY ADONI ADONI (M)-2(VILLAGE) ADONI(MANDAL) KURNOOL(DIST),518302,,https://kys.udiseplus.gov.in/#/schooldetail/4699690/12,4699690,16/06/2023 15:21,2725
******00918 Closed,Closed,SRI MEDHA EM UP SCHOO C BELAGAL,,,,Andhra Pradesh,2-Primary with Upper Primary,38-Pvt.Unaided,1 To 7,3-Co-educational,1-Rural,C.Belagal,C.Belagal,,,MAIN ROAD C BELAGAL,518462,,https://kys.udiseplus.gov.in/#/schooldetail/4697829/12,4697829,10/05/2022 12:41,2725
******02304 Permanently Closed,,SRI MEDHA JUNIOR COLLEGE,,,,Andhra Pradesh,11-Higher Secondary only/Jr. College,38-Pvt.Unaided,11 To 12,3-Co-educational,1-Rural,Adoni,Mandagiri (Rural),,,NA,518302,,https://kys.udiseplus.gov.in/#/schooldetail/4717412/12,4717412,15/10/2020 12:18,2725
******90592 Operational,,SRI MEDHA JUNIOR COLLEGE OPP.NEW RTC BUSTAND JCS COMPLEX KNL,,,,Andhra Pradesh,11-Higher Secondary only/Jr. College,38-Pvt.Unaided,11 To 12,3-Co-educational,2-Urban,NA,,Kurnool Ward No. 43,Kurnool-Municipal Corporations,Sri Medha jr.college KURNOOL,518002,ramuinstitutions[at]gmail[dot]com,https://kys.udiseplus.gov.in/#/schooldetail/4719574/12,4719574,23/12/2025 20:46,2725
******00429 Operational,,SRI MEDHA VIDYALAYA GOVARDHAN NAGAR,,,,Andhra Pradesh,6-Pr. Up Pr. and Secondary Only,38-Pvt.Unaided,1 To 10,3-Co-educational,2-Urban,NA,,Kurnool Ward No. 32,Kurnool-Municipal Corporations,GOVRADHAN NAGAR KALLUR MANDAL KALLUR(VILLAGE) KALLUR(MANDAL) KURNOOL(DIST),518003,,https://kys.udiseplus.gov.in/#/schooldetail/4697857/12,4697857,21/12/2025 12:34,2725
******91262 Operational,,SRI MEGHANA CONCEPT SCHOOL ASHOK NAGAR KURNOOL,,,,Andhra Pradesh,7-Upper Pr. and Secondary,38-Pvt.Unaided,6 To 10,3-Co-educational,2-Urban,NA,,Kurnool Ward No. 45,Kurnool-Municipal Corporations,ASHOK NAGAR KURNOOL-5 KURNOOL (MCORP)-3(VILLAGE) KURNOOL(MANDAL) KURNOOL(DIST),518003,srimeghana6769[at]gmail[dot]com,https://kys.udiseplus.gov.in/#/schooldetail/4698206/12,4698206,25/10/2024 19:43,2725
******91371 Operational,,SRI NETHAJI EM UPS INDIRANAGAR ADN,,,,Andhra Pradesh,2-Primary with Upper Primary,38-Pvt.Unaided,1 To 7,3-Co-educational,2-Urban,NA,,Adoni (M) - Ward No.21,Adoni-Municipality,SRI NETHAJI EM UP SCHOOL AMARAVATHI NAGAR ADONI,518301,sgvsraja[at]gmail[dot]com,https://kys.udiseplus.gov.in/#/schooldetail/4699725/12,4699725,11/03/2024 17:19,2725
******91136 Permanently Closed,,SRINIVASA ENG SCHOOL SEETHARAM NAGAR KURNOOL,,,,Andhra Pradesh,2-Primary with Upper Primary,38-Pvt.Unaided,1 To 7,3-Co-educational,9-NA,NA,,,,NA,518003,,https://kys.udiseplus.gov.in/#/schooldetail/4717318/12,4717318,25/10/2024 19:43,2725
******00706 Operational,,"SRINIVASA PRIMARY SCHOOL, MADHAVARAM",,,,Andhra Pradesh,2-Primary with Upper Primary,38-Pvt.Unaided,1 To 7,3-Co-educational,1-Rural,Mantralayam,Madhavaram,,,MADHAVARAM,518349,seenu9885198980[at]gmail[dot]com,https://kys.udiseplus.gov.in/#/schooldetail/4697679/12,4697679,21/04/2023 15:31,2725
******91185 Operational,,SRI POTTI SREERAMULU MEMORIAL MCHS BANDLAMETTA KURNOOL,,,,Andhra Pradesh,7-Upper Pr. and Secondary,34-MUNCIPAL,6 To 10,3-Co-educational,2-Urban,NA,,Kurnool Ward No. 2,Kurnool-Municipal Corporations,BANDLAMETTA KURNOOL KURNOOL (MCORP)-2(VILLAGE) KURNOOL(MANDAL) KURNOOL(DIST),518001,spsmmcghskurnool[at]gmail[dot]com,https://kys.udiseplus.gov.in/#/schooldetail/4698151/12,4698151,22/12/2025 23:00,2725
******90173 Closed,Closed,SRI POTTI SRERAMULU UPS,,,,Andhra Pradesh,2-Primary with Upper Primary,35-Pvt.Aided,1 To 7,3-Co-educational,2-Urban,NA,,Adoni (M) - Ward No.21,Adoni-Municipality,21st WARD ADONI ADONI (M)(VILLAGE) ADONI(MANDAL) KURNOOL(DIST),518301,rvrangareddy1963[at]gmail[dot]com,https://kys.udiseplus.gov.in/#/schooldetail/4699645/12,4699645,09/05/2022 16:37,2725
******01326 Operational,,"SRI RAGHAVENDRA JUNIOR COLLEGE, MANTRALAYAM",,,,Andhra Pradesh,11-Higher Secondary only/Jr. College,38-Pvt.Unaided,11 To 12,3-Co-educational,1-Rural,Mantralayam,Manchala,,,"D.No 4/522-1, Madhavaram Road, Sushameendra Nagar, Mantralayam, Kurnool",518345,vsrayudu414[at]gmail[dot]com,https://kys.udiseplus.gov.in/#/schooldetail/4721800/12,4721800,27/07/2024 12:50,2725
******00621 Operational,,SRI RAGHAVENDRA VIDYANIKETAN HS GUDUR,,,,Andhra Pradesh,7-Upper Pr. and Secondary,38-Pvt.Unaided,6 To 10,3-Co-educational,2-Urban,NA,,Gudur (M) - Ward No.7,Gudur (kurnool)-Town Panchayat,NEAR OLD BUS STAND GUDUR GUDUR(VILLAGE) GUDUR(MANDAL) KURNOOL(DIST),518466,meo.gudur[at]gmail[dot]com,https://kys.udiseplus.gov.in/#/schooldetail/4697856/12,4697856,11/05/2022 11:39,2725
******00619 Operational,,SRI RAGHAVENDRA VIDYANIKETAN PS GUDUR,,,,Andhra Pradesh,1-Primary,38-Pvt.Unaided,1 To 5,3-Co-educational,2-Urban,NA,,Gudur (M) - Ward No.7,Gudur (kurnool)-Town Panchayat,NEAR OLD BUS STAND GUDUR GUDUR(VILLAGE) GUDUR(MANDAL) KURNOOL(DIST),518466,ARUNACHANDRA33476[at]GMAIL[dot]COM,https://kys.udiseplus.gov.in/#/schooldetail/4697855/12,4697855,21/04/2023 15:31,2725
******90459 Operational,,SRI RAGHAVENDRA VIDYA SAD,,,,Andhra Pradesh,7-Upper Pr. and Secondary,38-Pvt.Unaided,6 To 10,3-Co-educational,2-Urban,NA,,Kurnool Ward No. 27,Kurnool-Municipal Corporations,KALLUR 78-4-5 KRISHNA NAGAR KALLUR(VILLAGE) KALLUR(MANDAL) KURNOOL(DIST),518002,rlanyareddyr1979[at]gmail[dot]com,https://kys.udiseplus.gov.in/#/schooldetail/4699004/12,4699004,24/12/2025 07:29,2725
******90418 Operational,,SRI RAGHAVENDRA VIDYA SADAN KRISHNA NAGAR KALLUR,,,,Andhra Pradesh,1-Primary,38-Pvt.Unaided,1 To 5,3-Co-educational,2-Urban,NA,,Kurnool Ward No. 27,Kurnool-Municipal Corporations,KALLUR D NO 78 4 5 KRISHNA NAGAR KALLUR KURNOOL,518002,lavanyareddyr1979[at]gmail[dot]com,https://kys.udiseplus.gov.in/#/schooldetail/4698984/12,4698984,23/12/2025 19:58,2725
******01915 Operational,,"SRI RAGHAVENDRA VOCATIONAL JUNIOR COLLEGE, ALUR",,,,Andhra Pradesh,11-Higher Secondary only/Jr. College,38-Pvt.Unaided,11 To 12,3-Co-educational,1-Rural,Alur,Alur,,,"4-245-6 NEAR BHARATH GASS, BELLARY ROAD, ALUR",518395,,,,22/12/2025 13:12,2725
******00736 Operational,,SRI RAMA SCHOOL NEAR BUGGA THANDA PATTIKONDA,,,,Andhra Pradesh,2-Primary with Upper Primary,38-Pvt.Unaided,1 To 7,3-Co-educational,1-Rural,Pattikonda,Pattikonda,,,NEAR BUGGA THANDA PATHIKONDA PATTIKONDA(VILLAGE) PATHIKONDA(MANDAL) KURNOOL(DIST),518380,srupschool2008[at]gmail[dot]com,https://kys.udiseplus.gov.in/#/schooldetail/4701874/12,4701874,21/04/2023 15:31,2725
******00519 Operational,,SRI RAMA UP SCHOOL GONEGANDLA,,,,Andhra Pradesh,2-Primary with Upper Primary,38-Pvt.Unaided,1 To 7,3-Co-educational,1-Rural,Gonegandla,Gonegandla,,,BC COLONY GONEGANDLA(VILLAGE) GONEGANDLA(MANDAL) KURNOOL(DIST),518463,subramanyeswararaokakanoor781[at]gmail[dot]com,https://kys.udiseplus.gov.in/#/schooldetail/4699197/12,4699197,12/02/2026 11:51,2725
******90588 Operational,,SRI RAMA VIDYA NIKETHAN SCHOOL WEAKER SECTION COLONY,,,,Andhra Pradesh,7-Upper Pr. and Secondary,38-Pvt.Unaided,6 To 10,3-Co-educational,2-Urban,NA,,Kurnool Ward No. 41,Kurnool-Municipal Corporations,Kallur Mandal kurnool,518003,janumanikanta40[at]gmail[dot]com,https://kys.udiseplus.gov.in/#/schooldetail/4699084/12,4699084,23/12/2025 20:45,2725
******91043 Operational,,SRI RAMA VIDYA NIKETHAN WEAWERS COLONY,,,,Andhra Pradesh,2-Primary with Upper Primary,38-Pvt.Unaided,1 To 7,3-Co-educational,2-Urban,NA,,Yemmiganur Ward No. 26,Yemmiganur-Municipality,WEAVERS COLONY YEMMIGANUR YEMMIGANUR(M)(VILLAGE) YEMMIGANUR(MANDAL) KURNOOL(DIST),518360,cvittobas[at]gmail[dot]com,https://kys.udiseplus.gov.in/#/schooldetail/4699377/12,4699377,16/06/2023 15:21,2725
******00491 Operational,,SRI RAM VIDYA PS IGBC COLONY KALLUR,,,,Andhra Pradesh,1-Primary,38-Pvt.Unaided,1 To 5,3-Co-educational,2-Urban,NA,,Kurnool Ward No. 41,Kurnool-Municipal Corporations,IGBC COLONY KALLUR KALLUR(VILLAGE) KALLUR(MANDAL) KURNOOL(DIST),518003,janumanikanta40[at]gmail[dot]com,https://kys.udiseplus.gov.in/#/schooldetail/4698914/12,4698914,22/12/2025 10:44,2725
******91433 Permanently Closed,,SRI SAI EM PS KURNOOL,,,,Andhra Pradesh,1-Primary,38-Pvt.Unaided,1 To 5,3-Co-educational,9-NA,NA,,,,NA,518001,,https://kys.udiseplus.gov.in/#/schooldetail/4717341/12,4717341,25/10/2024 19:43,2725
******91423 Permanently Closed,,SRI SAI EM SCHOOLCHITTARI STREETKURNOOL,,,,Andhra Pradesh,1-Primary,38-Pvt.Unaided,1 To 5,3-Co-educational,2-Urban,NA,,Kurnool Ward No. 4,Kurnool-Municipal Corporations,NA,518001,,https://kys.udiseplus.gov.in/#/schooldetail/4698280/12,4698280,25/10/2024 19:43,2725
******91312 Operational,,SRI SAI EMTM PS SAIBABA TEMPLE KURNOOL,,,,Andhra Pradesh,1-Primary,38-Pvt.Unaided,1 To 5,3-Co-educational,2-Urban,NA,,Kurnool Ward No. 51,Kurnool-Municipal Corporations,SAIBABA TEMPLE KURNOOL KURNOOL(MCORP)-4(VILLAGE) KURNOOL(MANDAL) KURNOOL(DIST),518001,sshs33[at]yahoo[dot]com,https://kys.udiseplus.gov.in/#/schooldetail/4698216/12,4698216,25/10/2024 19:43,2725
******00706 Operational,,SRI SAI EM UP SCHOOL BILLEKAL,,,,Andhra Pradesh,2-Primary with Upper Primary,38-Pvt.Unaided,1 To 7,3-Co-educational,1-Rural,Aspari,Billekallu,,,Sri sai em up school billekal(v).aspari(m) kurnool (d),518347,srisaiemups[at]gmail[dot]com,https://kys.udiseplus.gov.in/#/schooldetail/4699881/12,4699881,21/12/2025 20:57,2725
******91163 Operational,,SRI SAI ENG MED S BEHIND SAI BABA TAKIES KURNOOL,,,,Andhra Pradesh,7-Upper Pr. and Secondary,38-Pvt.Unaided,6 To 10,3-Co-educational,2-Urban,NA,,Kurnool Ward No. 51,Kurnool-Municipal Corporations,44th WARD 69/43 B-7 BEHIND SAIBABA THEATRE KURNOOL (MCORP)-2(VILLAGE) KURNOOL(MANDAL) KURNOOL(DIST),518001,sshs33[at]yahoo[dot]com,https://kys.udiseplus.gov.in/#/schooldetail/4698136/12,4698136,22/12/2025 22:43,2725
******00733 Operational,,SRI SAI PRATHIBHA JUNIOR COLLEGE HOSUR ROAD PATTIKONDA,,,,Andhra Pradesh,11-Higher Secondary only/Jr. College,38-Pvt.Unaided,11 To 12,3-Co-educational,1-Rural,Pattikonda,Pattikonda,,,Sri Sai Prathibha Junior College Hosur Road Pathikonda Kurnool Dt,518380,prathibha.pkd99[at]gmail[dot]com,https://kys.udiseplus.gov.in/#/schooldetail/4719638/12,4719638,15/12/2023 15:38,2725
******00328 Operational,,SRI SAI VIDYA NIKETAN U.PS KODUMUR,,,,Andhra Pradesh,2-Primary with Upper Primary,38-Pvt.Unaided,1 To 7,3-Co-educational,1-Rural,Kodumur,Kodumur,,,KODUMUR(VVILLAGE)KODUMUR (MANDAL) KURNOOL(DIST),518464,ssvn.suresh[at]gmail[dot]com,https://kys.udiseplus.gov.in/#/schooldetail/4699120/12,4699120,21/04/2023 15:31,2725
******00522 Operational,,SRI SAI VIDYA NIKETHAN UPS GONEGANDLA,,,,Andhra Pradesh,2-Primary with Upper Primary,38-Pvt.Unaided,1 To 7,3-Co-educational,1-Rural,Gonegandla,Pedda Nelatur,,,PEDDANELATUR VILLAGE,518463,srisaividyanikethanup123[at]gmail[dot]com,https://kys.udiseplus.gov.in/#/schooldetail/4699200/12,4699200,12/02/2026 11:15,2725
******00406 Operational,,SRI SAI VIDYA NIKETHAN UPS KAPPATRALLA,,,,Andhra Pradesh,2-Primary with Upper Primary,38-Pvt.Unaided,1 To 7,3-Co-educational,1-Rural,Devanakonda,Kappatralla,,,SRI SAI VIIDHYA NIKETHAN KAPPATRALLA,518465,meo.devanakonda[at]gmail[dot]com,https://kys.udiseplus.gov.in/#/schooldetail/4699939/12,4699939,23/12/2025 19:01,2725
******90454 Operational,,SRI SANTHINIKETHAN HIGH SCHOOL IE ROAD KALLUR,,,,Andhra Pradesh,7-Upper Pr. and Secondary,38-Pvt.Unaided,6 To 10,3-Co-educational,2-Urban,NA,,Kurnool Ward No. 32,Kurnool-Municipal Corporations,D/NO 124-10-1-2 I E ROAD KALLUR KURNOOL,518003,sshschool17[at]gmail[dot]com,https://kys.udiseplus.gov.in/#/schooldetail/4699001/12,4699001,24/12/2025 07:28,2725
******00404 Operational,,SRI SANTHINIKETHAN PRIMARY SCHOOL IE ROAD KALLUR,,,,Andhra Pradesh,1-Primary,38-Pvt.Unaided,1 To 5,3-Co-educational,2-Urban,NA,,Kurnool Ward No. 32,Kurnool-Municipal Corporations,DNO 124-10-55 SAYYAD NAGAR IE ROAD KALLUR KURNOOL(DIST),518003,sshschool17[at]gmail[dot]com,https://kys.udiseplus.gov.in/#/schooldetail/4698879/12,4698879,21/12/2025 11:41,2725
******00121 Closed,Closed,SRI SARADA EM TM HS NANNUR ORVAKAL,,,,Andhra Pradesh,7-Upper Pr. and Secondary,38-Pvt.Unaided,6 To 10,3-Co-educational,1-Rural,Orvakal,Nannur,,,LODDIPALLE ROAD NANNUR VILLAGE ORVAKAL MANDAL,518002,shsinstitutions[at]gmail[dot]com,https://kys.udiseplus.gov.in/#/schooldetail/4698808/12,4698808,11/05/2022 17:05,2725
******91318 Operational,,SRI SARADA NIKETHAN EM HI,,,,Andhra Pradesh,7-Upper Pr. and Secondary,38-Pvt.Unaided,6 To 10,3-Co-educational,2-Urban,NA,,Adoni (M) - Ward No.25,Adoni-Municipality,HAVANAPETA ADONI ADONI (M)-2(VILLAGE) ADONI(MANDAL) KURNOOL(DIST),518301,,https://kys.udiseplus.gov.in/#/schooldetail/4699682/12,4699682,15/10/2020 12:18,2725
******00409 Closed,Closed,SRI SARASWATHI EM UPS RS PENDEKAL TUGGALI(M),,,,Andhra Pradesh,2-Primary with Upper Primary,38-Pvt.Unaided,1 To 7,3-Co-educational,1-Rural,Tuggali,Pendikallu,,,RS PENDEKAL TUGGALI MANDAL KURNOOL-518390,518468,,https://kys.udiseplus.gov.in/#/schooldetail/4701766/12,4701766,15/10/2020 12:18,2725
******90197 Operational,,SRI SARASWATHI SHISHU MAN,,,,Andhra Pradesh,2-Primary with Upper Primary,38-Pvt.Unaided,1 To 8,3-Co-educational,2-Urban,NA,,Adoni (M) - Ward No.5,Adoni-Municipality,HANUMAN NAGAR ADONI ADONI (M)(VILLAGE) ADONI(MANDAL) KURNOOL(DIST),518301,ksankar73[at]gmail[dot]com,https://kys.udiseplus.gov.in/#/schooldetail/4699664/12,4699664,16/06/2023 15:21,2725
******91374 Operational,,SRI SARASWATHI SISUMANDIR EM HSHANUMAN NAGAR ADN,,,,Andhra Pradesh,7-Upper Pr. and Secondary,38-Pvt.Unaided,6 To 10,3-Co-educational,2-Urban,NA,,Adoni (M) - Ward No.5,Adoni-Municipality,ADONI MANDAL KURNOOL 518301,518301,,https://kys.udiseplus.gov.in/#/schooldetail/4699728/12,4699728,24/06/2021 22:25,2725
******02305 Operational,,"SRI SARASWATHI SISU MANDIR(PS), GPR NAGAR, KURNOOL",,,,Andhra Pradesh,1-Primary,38-Pvt.Unaided,1 To 5,3-Co-educational,1-Rural,Kurnool,Dinnadevarapadu (Og),,,G PULLAREDDY NAGAR DINNEDEVARAPADU DINNEDEVARAPADU(VILLAGE) KURNOOL(MANDAL) KURNOOL(DIST),518452,sishumandirknl[at]gmail[dot]com,https://kys.udiseplus.gov.in/#/schooldetail/4697987/12,4697987,27/12/2025 13:00,2725
******00909 Operational,,SRI SARASWATHI VIDYA MANDIR,,,,Andhra Pradesh,2-Primary with Upper Primary,38-Pvt.Unaided,1 To 7,3-Co-educational,1-Rural,C.Belagal,C.Belagal,,,NEAR ANJANEYA SWAMY TEMPLE C.BELAGAL C.BELAGAL(VILLAGE) C.BELAGAL(MANDAL) KURNOOL(DIST),518462,,https://kys.udiseplus.gov.in/#/schooldetail/4697825/12,4697825,16/06/2023 15:21,2725
******91030 Operational,,SRI SARASWATHI VIDYANIKETAN YEMMIGANUR,,,,Andhra Pradesh,1-Primary,38-Pvt.Unaided,1 To 5,3-Co-educational,2-Urban,NA,,Yemmiganur (M) - Ward No.18,Yemmiganur-Municipality,18/270 YEMMIGANUR YEMMIGANUR(M)(VILLAGE) YEMMIGANUR(MANDAL) KURNOOL(DIST),518360,sreesaraswathividyanikethan[at]gmail[dot]com,https://kys.udiseplus.gov.in/#/schooldetail/4699367/12,4699367,16/06/2023 15:21,2725
******00273 Operational,,"SRI SARAWATHI SISUMANDIRAM UPS, YEMMIGANUR",,,,Andhra Pradesh,2-Primary with Upper Primary,38-Pvt.Unaided,1 To 7,3-Co-educational,2-Urban,NA,,Yemmiganur (M) - Ward No.4,Yemmiganur-Municipality,SRI SARASWATHI SISHU MANDIRAM UPS SHIVANNA NAGAR YEMMIGANUR-518360,518360,maladasaribalappa[at]gmail[dot]com,https://kys.udiseplus.gov.in/#/schooldetail/4699277/12,4699277,27/09/2024 14:36,2725
******00605 Operational,,"SRI SARAWATHI SISU MANDIR UP SCHOOL, HKHAIRAWADI",,,,Andhra Pradesh,2-Primary with Upper Primary,38-Pvt.Unaided,1 To 7,3-Co-educational,1-Rural,Gonegandla,Handri Khairawadi,,,H KAIRAWADI VILLAGE GONEGANDLA MANDAL,518463,,https://kys.udiseplus.gov.in/#/schooldetail/4699205/12,4699205,12/02/2026 12:00,2725
******01033 Operational,,SRISATHYASAIE.MS VELDURTHY,,,,Andhra Pradesh,1-Primary,38-Pvt.Unaided,1 To 5,3-Co-educational,1-Rural,Veldurthi,Veldurthi,,,BALAJI NAGAR VELUDRTHY VELDURTHI(VILLAGE) VELDURTI(MANDAL) KURNOOL(DIST),518216,srisathyasaiemhighschool[at]gmail[dot]com,https://kys.udiseplus.gov.in/#/schooldetail/4700089/12,4700089,20/12/2024 14:43,2725
******00914 Operational,,SRI SATYAM TALENT UP SCHOOL C BELAGAL,,,,Andhra Pradesh,2-Primary with Upper Primary,38-Pvt.Unaided,1 To 7,3-Co-educational,1-Rural,C.Belagal,C.Belagal,,,C.BELAGAL C.BELAGAL C.BELAGAL(VILLAGE) C.BELAGAL(MANDAL) KURNOOL(DIST),518462,srisatyam123[at]gmail[dot]com,https://kys.udiseplus.gov.in/#/schooldetail/4697827/12,4697827,16/06/2023 15:21,2725
******91101 Permanently Closed,,SRI SATYA SAI VIDYA VIHAR 37TH WARD KURNOOL,,,,Andhra Pradesh,1-Primary,38-Pvt.Unaided,1 To 5,3-Co-educational,2-Urban,NA,,Kurnool Ward No. 51,Kurnool-Municipal Corporations,NA,518004,,https://kys.udiseplus.gov.in/#/schooldetail/4717316/12,4717316,25/10/2024 19:43,2725
******00111 Operational,,"SRI SHARADA PUBLIC PS, NARNOOR",,,,Andhra Pradesh,1-Primary,38-Pvt.Unaided,1 To 5,3-Co-educational,1-Rural,Orvakal,Nannur,,,NANNUR ORVAKAL NANNUR(VILLAGE) ORVAKAL(MANDAL) KURNOOL(DIST),518002,saradaschool4582005[at]gmail[dot]com,https://kys.udiseplus.gov.in/#/schooldetail/4698803/12,4698803,16/06/2023 15:21,2725
******91051 Closed,Closed,"SRI SHARADA VIDYA PEETAM, MILITARY COLONY",,,,Andhra Pradesh,2-Primary with Upper Primary,38-Pvt.Unaided,1 To 7,3-Co-educational,2-Urban,NA,,Yemmiganur Ward No. 27,Yemmiganur-Municipality,MILLITARY COOLONY YEMMIGANUR(M)(VILLAGE) YEMMIGANUR(MANDAL) KURNOOL(DIST),518360,,https://kys.udiseplus.gov.in/#/schooldetail/4699382/12,4699382,27/09/2024 10:33,2725
******90166 Operational,,SRI SHARAD NIKETHAN,,,,Andhra Pradesh,1-Primary,38-Pvt.Unaided,1 To 5,3-Co-educational,2-Urban,NA,,Adoni (M) - Ward No.25,Adoni-Municipality,HAVANNAPETA STREET ADONI ADONI (M)(VILLAGE) ADONI(MANDAL) KURNOOL(DIST),518301,meo.adoni[at]gmail[dot]com,https://kys.udiseplus.gov.in/#/schooldetail/4699635/12,4699635,16/06/2023 15:21,2725
******00720 Operational,,"SRI SHIRDI SAI SCHOOL,PS, PATTIKONDA",,,,Andhra Pradesh,1-Primary,38-Pvt.Unaided,1 To 5,3-Co-educational,1-Rural,Pattikonda,Pattikonda,,,TEACHERS COLONY PATTIKONDA VILLAGE AND MANDAL KURNOOL DISTRICT ANDHRA PRADESH,518380,Shiridisai968[at]gmail[dot]com,https://kys.udiseplus.gov.in/#/schooldetail/4700715/12,4700715,16/06/2023 15:21,2725
******01510 Operational,,SRI SHIRIDISAI UP SCHOOL VASANTHA NAGAR KURNOOL,,,,Andhra Pradesh,2-Primary with Upper Primary,38-Pvt.Unaided,1 To 7,3-Co-educational,1-Rural,Kurnool,Gondiparla,,,VASANTHA NAGAR GONDIPARLA GONDIPARLA(VILLAGE) KURNOOL(MANDAL) KURNOOL(DIST),518004,,https://kys.udiseplus.gov.in/#/schooldetail/4697958/12,4697958,27/12/2025 10:43,2725
******00330 Operational,,SRI SIRNIVASA P S KONDAPETA KODUMUR,,,,Andhra Pradesh,1-Primary,38-Pvt.Unaided,1 To 5,3-Co-educational,1-Rural,Kodumur,Kodumur,,,KONDA PETA KODUMUR (VILLAGE) KODUMUR(MANDAL) KURNOOL(DIST),518464,ssschool001[at]gmail[dot]com,https://kys.udiseplus.gov.in/#/schooldetail/4699122/12,4699122,21/04/2023 15:31,2725
******01999 Operational,,SRI SITARAMS VACATIONAL JUNIOR COLLEGE DOCTORS COLONY KURNOOL,,,,Andhra Pradesh,11-Higher Secondary only/Jr. College,38-Pvt.Unaided,11 To 12,3-Co-educational,2-Urban,Kurnool urban,,Kurnool Ward No. 30,"Kurnool Municipal Corporation, Kurnool",DOCTORS COLONY NEAR B CAMP KURNOOL,518002,gprjcknl1[at]gmail[dot]com,,,24/12/2025 17:29,2725
******91439 Operational,,SRI SREE RAMA EM HS PETA (OLD TOWN) KURNOOL,,,,Andhra Pradesh,7-Upper Pr. and Secondary,38-Pvt.Unaided,6 To 10,3-Co-educational,2-Urban,NA,,Kurnool Ward No. 7,Kurnool-Municipal Corporations,KURNOOL MCORP 5 KURNOOL,518001,SSremhsschool[at]gmail[dot]com,https://kys.udiseplus.gov.in/#/schooldetail/4698296/12,4698296,25/10/2024 19:43,2725
******91259 Operational,,SRI SREE RAMA EM PS I TOWN KNL,,,,Andhra Pradesh,1-Primary,38-Pvt.Unaided,1 To 5,3-Co-educational,2-Urban,NA,,Kurnool Ward No. 7,Kurnool-Municipal Corporations,NEAR GEETA MANDIRAM KURNOOL-5 KURNOOL (MCORP)-3(VILLAGE) KURNOOL(MANDAL) KURNOOL(DIST),518001,SSremhSSchool[at]gmail[dot]com,https://kys.udiseplus.gov.in/#/schooldetail/4698203/12,4698203,25/10/2024 19:43,2725
******01015 Operational,,SRI SRIJA EM HIGH SCHOOL STANTANPURAM,,,,Andhra Pradesh,7-Upper Pr. and Secondary,38-Pvt.Unaided,6 To 10,3-Co-educational,2-Urban,NA,,Kurnool Ward No. 39,Kurnool-Municipal Corporations,STANTAMPURAM MAMIDALAPADU MAMIDALAPADU(VILLAGE) KURNOOL(MANDAL) KURNOOL(DIST),518006,vemireddyvenkatreddy[at]yhoo[dot]in,https://kys.udiseplus.gov.in/#/schooldetail/4697930/12,4697930,25/10/2024 19:43,2725
******01008 Operational,,SRI SRIJA E M P M S STANTANPURAM,,,,Andhra Pradesh,1-Primary,38-Pvt.Unaided,1 To 5,3-Co-educational,2-Urban,NA,,Kurnool Ward No. 39,Kurnool-Municipal Corporations,STANTAMPURAM MAMIDALAPADU MAMIDALAPADU(VILLAGE) KURNOOL(MANDAL) KURNOOL(DIST),518006,srisrijaschool[at]gmail[dot]com,https://kys.udiseplus.gov.in/#/schooldetail/4697926/12,4697926,25/10/2024 19:43,2725
******00339 Operational,,SRI SRINIVASA HS,,,,Andhra Pradesh,7-Upper Pr. and Secondary,38-Pvt.Unaided,6 To 10,3-Co-educational,1-Rural,Kodumur,Kodumur,,,NEAR MRO OFFICE 18TH WARD YEMMIGANUR ROAD KODUMUR MANDAL KURNOOL DISTRICT,518464,ssschool001[at]gmail[dot]com,https://kys.udiseplus.gov.in/#/schooldetail/4699126/12,4699126,10/05/2022 10:29,2725
******00352 Operational,,SRI SRINIVASA LITTLE CHAMPS EM UP SCHOOL KONDAPETA KODUMUR,,,,Andhra Pradesh,2-Primary with Upper Primary,38-Pvt.Unaided,1 To 7,3-Co-educational,1-Rural,Kodumur,Kodumur,,,KONDAPETA KODUMUR (v) KODUMUR MANDAL,518464,sslittlechamps2020[at]gmail[dot]com,https://kys.udiseplus.gov.in/#/schooldetail/4720273/12,4720273,21/04/2023 15:31,2725
******00565 Operational,,SRI SUJAYEENDRA JUNIOR COLLEGE MANTRALAYAM,,,,Andhra Pradesh,11-Higher Secondary only/Jr. College,38-Pvt.Unaided,11 To 12,3-Co-educational,1-Rural,Mantralayam,Manchala,,,"VIJAYENDRA NAGAR, MADHAVARAM ROAD,MANTRALAYAM",518345,shrisujayeendra.jr.college2022[at]gmail[dot]com,https://kys.udiseplus.gov.in/#/schooldetail/4720980/12,4720980,25/01/2023 13:10,2725
******91188 Operational,,SRI TANGUTOORI PRAKASHAM MCHS PRAKASH NAGAR KURNOOL,,,,Andhra Pradesh,7-Upper Pr. and Secondary,34-MUNCIPAL,6 To 10,3-Co-educational,2-Urban,NA,,Kurnool Ward No. 49,"Kurnool Municipal Corporation, Kurnool",PRAKASH NAGAR KURNOOL KURNOOL (MCORP)-2(VILLAGE) KURNOOL(MANDAL) KURNOOL(DIST),518004,stppmmchs13[at]gmail[dot]com,https://kys.udiseplus.gov.in/#/schooldetail/4698154/12,4698154,23/12/2025 15:18,2725
******90555 Operational,,SRI TANGUTOORI PRAKASHAM MCPS PRKASH NAGAR,,,,Andhra Pradesh,1-Primary,34-MUNCIPAL,1 To 5,3-Co-educational,2-Urban,NA,,Kurnool Ward No. 48,Kurnool-Municipal Corporations,37th WARD PRAKASH NAGAR KURNOOL KURNOOL (MCORP)(VILLAGE) KURNOOL(MANDAL) KURNOOL(DIST),518004,Kalavathammaaddakula[at]gmail[dot]com,https://kys.udiseplus.gov.in/#/schooldetail/4698078/12,4698078,22/12/2025 20:11,2725
******01909 Operational,,"SRI TELUGU NARAYANA EM UP SCHOOL,KOTEKAL",,,,Andhra Pradesh,2-Primary with Upper Primary,38-Pvt.Unaided,1 To 7,3-Co-educational,1-Rural,Yemmiganur,Kotekal,,,1/122 BC Colony Kotekal,518360,hanuman3001[at]gmail[dot]com,https://kys.udiseplus.gov.in/#/schooldetail/4698293/12,4698293,01/09/2025 13:01,2725
******00506 Operational,,SRI URUKUNDA ERANNA SWAMY EM UP SCHOOL KOTHAKOTA,,,,Andhra Pradesh,2-Primary with Upper Primary,38-Pvt.Unaided,1 To 7,3-Co-educational,1-Rural,C.Belagal,Kothakota,,,KOTHAKOTA VILLAGE C BELAGAL MANDAL,518462,pushpasai2022[at]gmail[dot]com,https://kys.udiseplus.gov.in/#/schooldetail/4697803/12,4697803,16/06/2023 15:21,2725
******00461 Operational,,SRI URUKUNDA ERANNA VIDYA NILAYAM APHB COLONY KALLUR,,,,Andhra Pradesh,2-Primary with Upper Primary,38-Pvt.Unaided,1 To 7,3-Co-educational,2-Urban,NA,,Kurnool Ward No. 19,Kurnool-Municipal Corporations,APHB COLONY KALLUR KURNOOL DIST,518002,karanampadmajas[at]gmail[dot]com,https://kys.udiseplus.gov.in/#/schooldetail/4697860/12,4697860,21/12/2025 12:35,2725
******01405 Operational,,SRI USHODAYA UPPER PRIMAR E.THANDRAPADU,,,,Andhra Pradesh,2-Primary with Upper Primary,38-Pvt.Unaided,1 To 7,3-Co-educational,1-Rural,Kurnool,E.Thandrapadu,,,E.THANDRAPADU E.THANDRAPADU E.THANDRAPADU(VILLAGE) KURNOOL(MANDAL) KURNOOL(DIST),518004,,https://kys.udiseplus.gov.in/#/schooldetail/4697950/12,4697950,27/12/2025 10:03,2725
******91328 Operational,,SRI VANI EM S,,,,Andhra Pradesh,2-Primary with Upper Primary,38-Pvt.Unaided,1 To 7,3-Co-educational,2-Urban,NA,,Adoni (M) - Ward No.17,Adoni-Municipality,KALLUBHAVI ADONI ADONI (M)-2(VILLAGE) ADONI(MANDAL) KURNOOL(DIST),518301,khreddy9949[at]gmail[dot]com,https://kys.udiseplus.gov.in/#/schooldetail/4699688/12,4699688,21/04/2023 15:31,2725
******01183 Operational,,"SRI VANI EM SCHOOL, UYYALAWADA(V), ORVAKAL(M)",,,,Andhra Pradesh,2-Primary with Upper Primary,38-Pvt.Unaided,1 To 7,3-Co-educational,1-Rural,Orvakal,Uyyalawada,,,"3-72 MAIN RAOD, UYYALAWADA(V), ORVAKAL(M)",518010,bonap306[at]gmail[dot]com,https://kys.udiseplus.gov.in/#/schooldetail/4721541/12,4721541,09/09/2024 17:42,2725
******00809 Closed,Closed,SRI VANI VIDYA NIKETHAN EM UPS CHENNAMPALLE TUGGALI (M),,,,Andhra Pradesh,2-Primary with Upper Primary,38-Pvt.Unaided,1 To 7,3-Co-educational,1-Rural,Tuggali,Chennampalle,,,CHENNAMPALLI TUGGALI KURNOOL-518390,518390,,https://kys.udiseplus.gov.in/#/schooldetail/4701793/12,4701793,09/05/2022 16:40,2725
******91406 Closed,Closed,SRI VASAVI VIDYALA EM UP SCHOOLB.PETA KURNOOL,,,,Andhra Pradesh,2-Primary with Upper Primary,38-Pvt.Unaided,1 To 8,3-Co-educational,2-Urban,NA,,Kurnool Ward No. 16,Kurnool-Municipal Corporations,KURNOOL MCORP-5 KURNOOL KURNOOL 518002,518002,kurnool3[at]srichaitanyaschool[dot]net,https://kys.udiseplus.gov.in/#/schooldetail/4698270/12,4698270,25/10/2024 19:43,2725
******01105 Operational,,SRI VENKATA SAI U.P.SCHOOOL P.KADABUR,,,,Andhra Pradesh,2-Primary with Upper Primary,38-Pvt.Unaided,1 To 7,3-Co-educational,1-Rural,Peddakadabur,Pedda Kadubur,,,PEDDAKADUBUR(VILLAGE) PEDDAKADUBUR(MANDAL) KURNOOL(DIST),518323,svsupschoolpkbr[at]gmail[dot]com,https://kys.udiseplus.gov.in/#/schooldetail/4699437/12,4699437,24/12/2025 13:51,2725
******00405 Operational,,SRI VENKATA SAI VIDYANIKE,,,,Andhra Pradesh,2-Primary with Upper Primary,38-Pvt.Unaided,1 To 7,3-Co-educational,1-Rural,Kodumur,Pyalakurthy,,,PYALAKURTHY PYALAKURTHY PYALAKURTHY(VILLAGE) KODUMUR(MANDAL) KURNOOL(DIST),518464,rajeswarareddykdmr[at]gmail[dot]com,https://kys.udiseplus.gov.in/#/schooldetail/4699143/12,4699143,16/06/2023 15:21,2725
******91317 Operational,,SRI VENKATESHWARA EM HIGH,,,,Andhra Pradesh,7-Upper Pr. and Secondary,38-Pvt.Unaided,6 To 10,3-Co-educational,2-Urban,NA,,Adoni (M) - Ward No.22,Adoni-Municipality,ADONI (M) ( 21/2 DYMERS BUNGLOW ADONI (M)-2(VILLAGE) ADONI(MANDAL) KURNOOL(DIST),518301,csrinivasulu2022[at]gmail[dot]com,https://kys.udiseplus.gov.in/#/schooldetail/4699681/12,4699681,15/10/2020 12:18,2725
******00308 Operational,,SRI VENKATESWARA AIDED PS,,,,Andhra Pradesh,1-Primary,35-Pvt.Aided,1 To 5,3-Co-educational,1-Rural,Kodumur,Kodumur,,,KODUMUR KODUMUR KODUMUR(VILLAGE) KODUMUR(MANDAL) KURNOOL(DIST),518464,svaidedps.hm[at]gmail[dot]com,https://kys.udiseplus.gov.in/#/schooldetail/4699104/12,4699104,10/05/2022 10:24,2725
******00351 Operational,,SRI VENKATESWARA EM ELEMENTARY SCHOOL,,,,Andhra Pradesh,1-Primary,38-Pvt.Unaided,1 To 5,3-Co-educational,1-Rural,Kodumur,Kodumur,,,SHANMUKHA REDDY NAGAR KODUMUR,518464,meenugarp[at]gmail[dot]com,https://kys.udiseplus.gov.in/#/schooldetail/4719580/12,4719580,21/04/2023 15:31,2725
******90167 Operational,,SRI VENKATESWARA EM PRIMARY SCHOOL SKD COLONY ADONI,,,,Andhra Pradesh,1-Primary,38-Pvt.Unaided,1 To 5,3-Co-educational,2-Urban,NA,,Adoni (M) - Ward No.21,Adoni-Municipality,S.K.D.COLONY XXI/81 II ROAD ADONI ADONI (M)(VILLAGE) ADONI(MANDAL) KURNOOL(DIST),518301,,https://kys.udiseplus.gov.in/#/schooldetail/4699636/12,4699636,21/04/2023 15:31,2725
******01205 Operational,,SRI VENKATESWARA EM UPS MADHAVARAM ROAD RACHUMARRI MANTRALAY,,,,Andhra Pradesh,2-Primary with Upper Primary,38-Pvt.Unaided,1 To 7,3-Co-educational,1-Rural,Mantralayam,Rachumarri,,,RACHUMARRIMANTRALAYAMKURNIOOL518349,518349,venkateswara[at]gmail[dot]com,https://kys.udiseplus.gov.in/#/schooldetail/4719533/12,4719533,21/04/2023 15:31,2725
******00325 Operational,,SRI VENKATESWARA HIGH SCHKODUMUR,,,,Andhra Pradesh,7-Upper Pr. and Secondary,38-Pvt.Unaided,6 To 10,3-Co-educational,1-Rural,Kodumur,Kodumur,,,KODUMUR KODUMUR KODUMUR(VILLAGE) KODUMUR(MANDAL) KURNOOL(DIST),518464,meenugarp[at]gmail[dot]com,https://kys.udiseplus.gov.in/#/schooldetail/4699117/12,4699117,19/07/2022 10:41,2725
******90603 Closed,Closed,SRI VENKATESWARA JR COLLEGE,,,,Andhra Pradesh,11-Higher Secondary only/Jr. College,38-Pvt.Unaided,11 To 12,3-Co-educational,2-Urban,NA,,Kurnool Ward No. 14,Kurnool-Municipal Corporations,NA,NA,,https://kys.udiseplus.gov.in/#/schooldetail/4719853/12,4719853,25/10/2024 19:43,2725
******91319 Closed,Closed,SRI VENKATESWARA JUNIOR COLLEGE MANDAGIRI ADONI,,,,Andhra Pradesh,11-Higher Secondary only/Jr. College,38-Pvt.Unaided,11 To 12,3-Co-educational,1-Rural,Adoni,Mandagiri (Rural),,,sbi colony mandagiri village adoni,518302,,https://kys.udiseplus.gov.in/#/schooldetail/4717417/12,4717417,05/08/2025 14:24,2725
******90178 Operational,,SRI VENKATESWARA UPPER PR,,,,Andhra Pradesh,2-Primary with Upper Primary,38-Pvt.Unaided,1 To 7,3-Co-educational,2-Urban,NA,,Adoni (M) - Ward No.24,Adoni-Municipality,HAVANNAPETA 25-28 ADONI ADONI (M)(VILLAGE) ADONI(MANDAL) KURNOOL(DIST),518301,csrinivasulu2022[at]gmail[dot]com,https://kys.udiseplus.gov.in/#/schooldetail/4699649/12,4699649,16/06/2023 15:21,2725
******91041 Operational,,SRI VENU VIDYALAYAM LAKSHMI PETA,,,,Andhra Pradesh,1-Primary,38-Pvt.Unaided,1 To 5,3-Co-educational,2-Urban,NA,,Yemmiganur Ward No. 32,Yemmiganur-Municipality,LAKSHMIPET YEMMIGANUR YEMMIGANUR(M)(VILLAGE) YEMMIGANUR(MANDAL) KURNOOL(DIST),518360,venuvidyalayam[at]gmail[dot]com,https://kys.udiseplus.gov.in/#/schooldetail/4699375/12,4699375,03/10/2024 10:36,2725
******91066 Operational,,"SRI VENU VIDYALAYAM, YEMMIGANUR",,,,Andhra Pradesh,7-Upper Pr. and Secondary,38-Pvt.Unaided,6 To 10,3-Co-educational,2-Urban,NA,,Yemmiganur Ward No. 32,Yemmiganur-Municipality,YEMMIGANUR YEMMIGANUR YEMMIGAUNR(VILLAGE) YEMMIGANUR(MANDAL) KURNOOL(DIST),518360,venuvidyalayam[at]gmail[dot]com,https://kys.udiseplus.gov.in/#/schooldetail/4699396/12,4699396,03/10/2024 10:38,2725
******03909 Operational,,SRI VIDYA E.M.T.M. HIGH,,,,Andhra Pradesh,7-Upper Pr. and Secondary,38-Pvt.Unaided,6 To 10,3-Co-educational,1-Rural,Adoni,Mandagiri (Rural),,,POSTAL COLONY POSTAL COLONY MANDAGIRI(VILLAGE) ADONI(MANDAL) KURNOOL(DIST),518302,srividyaschooladoni[at]gmail[dot]com,https://kys.udiseplus.gov.in/#/schooldetail/4699550/12,4699550,15/10/2020 12:18,2725
******03903 Operational,,SRIVIDYA EM TM S,,,,Andhra Pradesh,1-Primary,38-Pvt.Unaided,1 To 5,3-Co-educational,1-Rural,Adoni,Mandagiri (Rural),,,POSTAL COLONY POSTAL COLONY MANDAGIRI(VILLAGE) ADONI(MANDAL) KURNOOL(DIST),518302,srividyaschooladoni[at]gmail[dot]com,https://kys.udiseplus.gov.in/#/schooldetail/4699545/12,4699545,21/04/2023 15:31,2725
******91426 Operational,,SRI VIDYA MANDIR UP SCHOOL,,,,Andhra Pradesh,2-Primary with Upper Primary,38-Pvt.Unaided,1 To 7,3-Co-educational,2-Urban,NA,,Kurnool Ward No. 42,Kurnool-Municipal Corporations,BB Nagar SAP camp kurnool Andhra pradesh,518003,aanju5317[at]gmail[dot]com,https://kys.udiseplus.gov.in/#/schooldetail/4698284/12,4698284,25/10/2024 19:43,2725
******01008 Operational,,"SRI VIDYA NIKEThAN EM&TM PRIMARY SCHOOL,VELDURTHY",,,,Andhra Pradesh,1-Primary,38-Pvt.Unaided,1 To 5,3-Co-educational,1-Rural,Veldurthi,Veldurthi,,,SRI RAMALAYAM TEMPLE VELDURTHY VELDURTHI(VILLAGE) VELDURTI(MANDAL) KURNOOL(DIST),518216,nath_hara[at]yahoo[dot]com,https://kys.udiseplus.gov.in/#/schooldetail/4700081/12,4700081,21/04/2023 15:31,2725
******00317 Operational,,SRI VIDYANIKETHAN EM UP SCHOOL PEDDAPADU,,,,Andhra Pradesh,2-Primary with Upper Primary,38-Pvt.Unaided,1 To 7,3-Co-educational,2-Urban,NA,,Kurnool Ward No. 26,Kurnool-Municipal Corporations,"PEDDAPADU,KALLUR MANDAL",518003,svemschool924[at]gmail[dot]com,https://kys.udiseplus.gov.in/#/schooldetail/4721086/12,4721086,21/12/2025 11:40,2725
******01029 Operational,,"SRI VIDYA NIKETHAN HIGH SCHOOL, VELDURHTY",,,,Andhra Pradesh,7-Upper Pr. and Secondary,38-Pvt.Unaided,6 To 10,3-Co-educational,1-Rural,Veldurthi,Veldurthi,,,VELDURTHI (VILLAGE) VELDURTI(MANDAL) KURNOOL(DIST),518216,nath_hara[at]yahoo[dot]com,https://kys.udiseplus.gov.in/#/schooldetail/4700088/12,4700088,30/12/2022 11:58,2725
******90558 Operational,,SRI VIDYA NIKETHAN UP SCHOO KALLUR,,,,Andhra Pradesh,2-Primary with Upper Primary,38-Pvt.Unaided,1 To 7,3-Co-educational,2-Urban,NA,,Kurnool Ward No. 30,Kurnool-Municipal Corporations,kallur -3 kallur mandal Kurnool,518002,,https://kys.udiseplus.gov.in/#/schooldetail/4698029/12,4698029,23/12/2025 20:51,2725
******01507 Operational,,"SRI VIDYANIKETHAN UP SCHOOL, UYYALAWADA",,,,Andhra Pradesh,2-Primary with Upper Primary,38-Pvt.Unaided,1 To 7,3-Co-educational,1-Rural,Orvakal,Uyyalawada,,,uyyalawada,518002,,https://kys.udiseplus.gov.in/#/schooldetail/4698849/12,4698849,21/04/2023 15:31,2725
******00822 Operational,,SRI VIDYA SAI EM HIGH SCHOOL MADDIKERA,,,,Andhra Pradesh,7-Upper Pr. and Secondary,38-Pvt.Unaided,6 To 10,3-Co-educational,1-Rural,Maddikera (East),Maddikera (East),,,NEAR SAIBABA TEMPLE SAINAGAR MADDIKERA,518385,BALASUNITHA1992[at]GMAIL[dot]COM,https://kys.udiseplus.gov.in/#/schooldetail/4701937/12,4701937,08/05/2022 09:04,2725
******00820 Operational,,SRI VIDYA SAI EM PRIMARY SCHOOL MADDIKERA,,,,Andhra Pradesh,1-Primary,38-Pvt.Unaided,1 To 5,3-Co-educational,1-Rural,Maddikera (East),Maddikera (East),,,MADDIKERA 2 MADDIKERA(EAST VILLAGE) MADDIKERA(MANDAL) KURNOOL(DIST),518385,svsdc2015[at]gmail[dot]com,https://kys.udiseplus.gov.in/#/schooldetail/4701935/12,4701935,21/04/2023 15:31,2725
******00545 Operational,,"SRI VIDYA SAI JUNIOR COLLEGE, MADDIKERA",,,,Andhra Pradesh,11-Higher Secondary only/Jr. College,38-Pvt.Unaided,11 To 12,3-Co-educational,1-Rural,Maddikera (East),Maddikera (East),,,"SRI VIDYA SAI JUNIOR COLLEGE, MADDIKERA",518385,svsdc2015[at]gmail[dot]com,https://kys.udiseplus.gov.in/#/schooldetail/4720946/12,4720946,16/07/2023 21:51,2725
******01819 Operational,,"SRI VIDYA SAI UP SCHOOL, M.AGRAHARAM",,,,Andhra Pradesh,2-Primary with Upper Primary,38-Pvt.Unaided,1 To 7,3-Co-educational,1-Rural,Maddikera (East),Maddikera Agraharam,,,M AGRAHARAM MADDIKERA,518385,svsdc2015[at]gmail[dot]com,,,22/12/2025 16:42,2725
******00206 Closed,Closed,SRI VIDYA UPPER PRIMARY EM TM SCHOOL ALWALA,,,,Andhra Pradesh,2-Primary with Upper Primary,38-Pvt.Unaided,1 To 7,3-Co-educational,1-Rural,Gonegandla,Alwala,,,SRI VIDYA SCHOOL,518463,meo.gonegandla[at]gmail[dot]com,https://kys.udiseplus.gov.in/#/schooldetail/4699174/12,4699174,09/05/2022 16:37,2725
******02721 Operational,,SRI VIDYA UP SCHOO KOWTHALAM,,,,Andhra Pradesh,2-Primary with Upper Primary,38-Pvt.Unaided,1 To 7,3-Co-educational,1-Rural,Kowthalam,Kowthalam,,,Hanumana nagar bapuram road kowthalam,518344,gousemodinchisti786[at]gmail[dot]com,https://kys.udiseplus.gov.in/#/schooldetail/4697582/12,4697582,16/06/2023 15:21,2725
******91304 Operational,,"SRI VIJAYA EM&TM UPS, MEDARI STREET, I TOWN",,,,Andhra Pradesh,2-Primary with Upper Primary,38-Pvt.Unaided,1 To 7,3-Co-educational,2-Urban,NA,,Kurnool Ward No. 8,Kurnool-Municipal Corporations,1-255H-1 BAKAR KATTA ONE TOWN KURNOOL (MCORP)-4(VILLAGE) KURNOOL(MANDAL) KURNOOL(DIST),518001,RAJU.LAKHMAN8106[at]GMAIL[dot]COM,https://kys.udiseplus.gov.in/#/schooldetail/4698210/12,4698210,25/10/2024 19:43,2725
******01406 Closed,Closed,SRI VIJAYA NIKETHAN UP SCHOOL KATARAKONDA,,,,Andhra Pradesh,2-Primary with Upper Primary,38-Pvt.Unaided,1 To 7,3-Co-educational,1-Rural,Krishnagiri,Katarikonda,,,KATARUKONDA VILLAGE KRISHNAGIRI MANDAL,518222,,https://kys.udiseplus.gov.in/#/schooldetail/4700045/12,4700045,15/10/2020 12:18,2725
******01911 Operational,,SRI VIJETHA (EM) SCHOOL ASPARI,,,,Andhra Pradesh,1-Primary,38-Pvt.Unaided,1 To 5,3-Co-educational,1-Rural,Aspari,Aspari,,,"ASPARI(VILLAGE), ASPARI(MANDAL), KURNOOL(DIST)",518347,vijethaschool009[at]gmail[dot]com,https://kys.udiseplus.gov.in/#/schooldetail/4699909/12,4699909,21/12/2025 21:07,2725
******02825 Operational,,SRI VIVEKANANDA EM HS ADONI,,,,Andhra Pradesh,7-Upper Pr. and Secondary,38-Pvt.Unaided,6 To 10,3-Co-educational,2-Urban,NA,,Adoni (M) - Ward No.1,Adoni-Municipality,SRI VIVEKANANDA EM HIGH SCHOOL NGO S COLONY ADONI,518301,vivekanandaschool311[at]gmail[dot]com,https://kys.udiseplus.gov.in/#/schooldetail/4699529/12,4699529,20/11/2023 12:56,2725
******01809 Operational,,SRIVIVEKANANDAVIDYANIK,,,,Andhra Pradesh,2-Primary with Upper Primary,38-Pvt.Unaided,1 To 7,3-Co-educational,1-Rural,Alur,Molagavalli,,,9/102 MOLAGAVALLI MOLAGAVALLI MOLAGAVALLI(VILLAGE) ALUR(MANDAL) KURNOOL(DIST),518395,srhajis[at]gmail[dot]com,https://kys.udiseplus.gov.in/#/schooldetail/4699856/12,4699856,22/12/2025 13:11,2725
******01204 Operational,,SRI VIVEKANAND EM UPS KALLUKUNTA PEDDAKADUBUR,,,,Andhra Pradesh,2-Primary with Upper Primary,38-Pvt.Unaided,1 To 7,3-Co-educational,1-Rural,Peddakadabur,Kallukunta,,,kallukunta beside main road,518323,useni[at]gmail[dot]com,https://kys.udiseplus.gov.in/#/schooldetail/4699446/12,4699446,24/12/2025 13:12,2725
******00763 Operational,,SRI VYSHNAVI JUNIOR COLLEGE OPP RTC BUS STAND PATTIKONDA,,,,Andhra Pradesh,11-Higher Secondary only/Jr. College,38-Pvt.Unaided,11 To 12,3-Co-educational,1-Rural,Pattikonda,Pattikonda,,,OPP RTC BUSSTAND RAMACHANDRA REDDY COMPLEX PATTIKONDA.,518380,SVJCOLLEGEPKD[at]GMAIL[dot]COM,https://kys.udiseplus.gov.in/#/schooldetail/4719640/12,4719640,19/09/2024 13:33,2725
******00955 Operational,,"SR JUNIOR COLLEGE, B THANDRAPADU, KURNOOL",,,,Andhra Pradesh,11-Higher Secondary only/Jr. College,38-Pvt.Unaided,11 To 12,3-Co-educational,1-Rural,Kurnool,B. Thandrapadu (Og),,,"SY NO 444-1, NANDYAL ROAD",518002,,https://kys.udiseplus.gov.in/#/schooldetail/4721375/12,4721375,29/12/2025 12:05,2725
******90569 Operational,,"S R JUNIOR COLLEGE, KURNOOL",,,,Andhra Pradesh,11-Higher Secondary only/Jr. College,38-Pvt.Unaided,11 To 12,3-Co-educational,2-Urban,NA,,Kurnool Ward No. 23,Kurnool-Municipal Corporations,hno-50-724-dBirla gust housekurnool,518002,kseshireddy04[at]gmail[dot]com,https://kys.udiseplus.gov.in/#/schooldetail/4719571/12,4719571,24/12/2025 17:28,2725
******00954 Operational,,"SR JUNIOR COLLEGE, NANDYAL RAOD, DINNEDEVARAPADU, KURNOOL",,,,Andhra Pradesh,11-Higher Secondary only/Jr. College,38-Pvt.Unaided,11 To 12,3-Co-educational,1-Rural,Kurnool,Dinnadevarapadu (Og),,,"SY.NO 7, NANDYAL ROAD, DINNEDEVARAPADU",518002,,https://kys.udiseplus.gov.in/#/schooldetail/4721376/12,4721376,29/12/2025 12:04,2725
******00240 Operational,,"SR JUNOIR COLLEGE FOR GIRLS,DINNEDEVARAPADU,KURNOOL",,,,Andhra Pradesh,11-Higher Secondary only/Jr. College,38-Pvt.Unaided,11 To 12,2-Girls,1-Rural,Kurnool,Dinnadevarapadu (Og),,,DINNEDEVARAPADU VILLAGE. KURNOOL,518002,,https://kys.udiseplus.gov.in/#/schooldetail/4720647/12,4720647,22/12/2025 15:18,2725
******91489 Operational,,SRUJANA JUNIOR COLLEGE ABDULLA KHAN ESTATE,,,,Andhra Pradesh,11-Higher Secondary only/Jr. College,38-Pvt.Unaided,11 To 12,3-Co-educational,2-Urban,NA,,Kurnool Ward No. 18,Kurnool-Municipal Corporations,DNO 40/321 3RD 4TH FLOOR LORD SQUARE COMPLEX NEAR OLD AYYAPPA SWAMY TEMPLE,518001,srujana10012[at]gmail[dot]com,https://kys.udiseplus.gov.in/#/schooldetail/4719538/12,4719538,25/10/2024 19:43,2725
******91502 Operational,,SRUJANA VOCATIONAL JUNIOR COLLEGE BUDHWARPETA KURNOOL,,,,Andhra Pradesh,11-Higher Secondary only/Jr. College,38-Pvt.Unaided,11 To 12,3-Co-educational,2-Urban,NA,,Kurnool Ward No. 14,Kurnool-Municipal Corporations,46/679-5 behind lakshmi nivas hotel budhwarapeta kurnool,518001,suneelbethapudi88[at]gmail[dot]com,https://kys.udiseplus.gov.in/#/schooldetail/4719548/12,4719548,25/10/2024 19:43,2725
******90516 Operational,,S.S.P.U.P.E.M.SCHOOL SALKAPURAM KALLUR,,,,Andhra Pradesh,2-Primary with Upper Primary,38-Pvt.Unaided,1 To 7,3-Co-educational,1-Rural,Kallur,Salkapuram,,,SALKAPURAM KALLUR MANDAL,518468,sspupsalkapuram[at]gmail[dot]com,https://kys.udiseplus.gov.in/#/schooldetail/4697994/12,4697994,24/12/2025 07:17,2725
******01003 Operational,,S.S.P.U.P SCHOOL K NAGALAPURAM,,,,Andhra Pradesh,2-Primary with Upper Primary,38-Pvt.Unaided,1 To 7,3-Co-educational,1-Rural,Gudur,Kuruvanagalapuram,,,K. NAGALAPURAM(VILLAGE) GUDUR(MANDAL) KURNOOL(DIST),518467,meo.gudur[at]gmail[dot]com,https://kys.udiseplus.gov.in/#/schooldetail/4697881/12,4697881,06/08/2024 22:10,2725
******02202 Operational,,ST ANNS EM PS JOHARAPURAM,,,,Andhra Pradesh,1-Primary,38-Pvt.Unaided,1 To 5,3-Co-educational,2-Urban,NA,,Kurnool Ward No. 18,Kurnool-Municipal Corporations,JOHARAPURAM KURNOOL 518002,518002,JOHALAPURAMSCHOOL[at]gmail[dot]com,https://kys.udiseplus.gov.in/#/schooldetail/4697978/12,4697978,25/10/2024 19:43,2725
******91247 Operational,,ST.ANNS EM S JOHARAPURAM,,,,Andhra Pradesh,7-Upper Pr. and Secondary,38-Pvt.Unaided,6 To 10,3-Co-educational,2-Urban,NA,,Kurnool Ward No. 18,Kurnool-Municipal Corporations,JOHARAPURAM KURNOOL KURNOOL (MCORP)-3(VILLAGE) KURNOOL(MANDAL) KURNOOL(DIST),518002,JOHALAPURAMSCHOOL[at]GMAIL[dot]COM,https://kys.udiseplus.gov.in/#/schooldetail/4698193/12,4698193,25/10/2024 19:43,2725
******01192 Operational,,"ST ANNS EM UP SCHOOL, WC COLONY, KALLUR",,,,Andhra Pradesh,2-Primary with Upper Primary,38-Pvt.Unaided,1 To 7,3-Co-educational,2-Urban,NA,,Kurnool Ward No. 41,Kurnool-Municipal Corporations,"ST ANNS EM UP SCHOOL, D.No 76-97-337-10, W C COLONY, KALLUR",518003,,https://kys.udiseplus.gov.in/#/schooldetail/4721545/12,4721545,23/12/2025 20:10,2725
******91307 Operational,,ST .ANTHONI HIGH S,,,,Andhra Pradesh,7-Upper Pr. and Secondary,35-Pvt.Aided,6 To 10,3-Co-educational,2-Urban,NA,,Adoni (M) - Ward No.17,Adoni-Municipality,17/13017 KRANTHI NAGAR ADONI-2 KURNOOL 518301,518301,john_david142[at]gmail[dot]com,https://kys.udiseplus.gov.in/#/schooldetail/4699673/12,4699673,13/01/2023 11:56,2725
******90138 Operational,,ST.ANTHONYS AIDED PRIMAR,,,,Andhra Pradesh,1-Primary,35-Pvt.Aided,1 To 5,3-Co-educational,2-Urban,NA,,Adoni (M) - Ward No.17,Adoni-Municipality,KRANTHI NAGAR ADONI ADONI (M)(VILLAGE) ADONI(MANDAL) KURNOOL(DIST),518301,stanthonyaidedschool[at]gmail[dot]com,https://kys.udiseplus.gov.in/#/schooldetail/4699610/12,4699610,13/01/2023 11:56,2725
******91376 Operational,,ST. ANTHONYS EM HIGH SCHOOL ADONI,,,,Andhra Pradesh,7-Upper Pr. and Secondary,38-Pvt.Unaided,6 To 10,3-Co-educational,2-Urban,NA,,Adoni (M) - Ward No.17,Adoni-Municipality,kranthinagar,518301,,https://kys.udiseplus.gov.in/#/schooldetail/4699730/12,4699730,24/06/2021 22:25,2725
******91361 Operational,,ST ANTHONYS EM PS ADONI,,,,Andhra Pradesh,2-Primary with Upper Primary,38-Pvt.Unaided,1 To 7,3-Co-educational,2-Urban,NA,,Adoni (M) - Ward No.17,Adoni-Municipality,kranthinagar,518301,,https://kys.udiseplus.gov.in/#/schooldetail/4699715/12,4699715,16/06/2023 15:21,2725
******91068 Operational,,STAR KIDS PS YEMMIGANUR,,,,Andhra Pradesh,2-Primary with Upper Primary,38-Pvt.Unaided,1 To 8,3-Co-educational,2-Urban,NA,,Yemmiganur (M) - Ward No.16,Yemmiganur-Municipality,1-159-2-1 HABEEB BASHA STREET,518360,starkydz.ygr2015[at]gamil[dot]com,https://kys.udiseplus.gov.in/#/schooldetail/4699398/12,4699398,20/06/2025 16:20,2725
******91464 Closed,Closed,ST AUGASTIAN UPS OPP RTC BUSTAND KNL,,,,Andhra Pradesh,2-Primary with Upper Primary,61-Unrecognised Schools,1 To 7,3-Co-educational,2-Urban,NA,,Kurnool Ward No. 42,Kurnool-Municipal Corporations,51-917 e1 challavari street opp new bus stand kurnool,518002,,https://kys.udiseplus.gov.in/#/schooldetail/4698314/12,4698314,25/10/2024 19:43,2725
******90534 Operational,,ST.CLARET SCHOOLSAP CAMPKALLUR,,,,Andhra Pradesh,7-Upper Pr. and Secondary,38-Pvt.Unaided,6 To 10,3-Co-educational,2-Urban,NA,,Kurnool Ward No. 36,Kurnool-Municipal Corporations,"ST. CLARET E.M. HIGH SCHOOL, NEAR ALL INDIA RADIO STATION, BELLARY ROAD, KURNOOL, A.P - 518003",518003,stclaretknl123[at]gmail[dot]com,https://kys.udiseplus.gov.in/#/schooldetail/4699038/12,4699038,24/12/2025 07:13,2725
******00464 Operational,,ST CLARET S SAP CAMP KALLUR,,,,Andhra Pradesh,1-Primary,38-Pvt.Unaided,1 To 5,3-Co-educational,2-Urban,NA,,Kurnool Ward No. 36,Kurnool-Municipal Corporations,"SAINT CLARET E.M. SCHOOL, NEAR ALL INDIA RADIO STATION, BELLARY ROAD, KURNOOL, A.P - 518003",518003,stclaretknl123[at]gmail[dot]com,https://kys.udiseplus.gov.in/#/schooldetail/4698893/12,4698893,21/12/2025 12:35,2725
******91506 Operational,,STELLA VOCATIONAL JUNIOR COLLEGE SREENAGAR COLONY KURNOOL,,,,Andhra Pradesh,11-Higher Secondary only/Jr. College,38-Pvt.Unaided,11 To 12,3-Co-educational,2-Urban,NA,,Kurnool Ward No. 20,Kurnool-Municipal Corporations,10-73-74 KRISHNA NAGAR KURNOOL,518002,stellacollegejuniorknl[at]gmail[dot]com,https://kys.udiseplus.gov.in/#/schooldetail/4719552/12,4719552,05/01/2026 15:48,2725
******90602 Closed,Closed,STELLA (VOC) JR COLLEGE,,,,Andhra Pradesh,11-Higher Secondary only/Jr. College,38-Pvt.Unaided,11 To 12,3-Co-educational,2-Urban,NA,,Kurnool Ward No. 23,Kurnool-Municipal Corporations,NA,NA,,https://kys.udiseplus.gov.in/#/schooldetail/4719852/12,4719852,25/10/2024 19:43,2725
******01411 Operational,,ST. JOHNS EM HIGH SCHOOL ALUR,,,,Andhra Pradesh,7-Upper Pr. and Secondary,38-Pvt.Unaided,6 To 10,3-Co-educational,1-Rural,Alur,Alur,,,ADONI ROAD NEAR MPDO OFFICE ALUR ALUR(VILLAGE) ALUR(MANDAL) KURNOOL(DIST) PIN-518395,518395,st.johnsemhschool.alur[at]gmail[dot]com,https://kys.udiseplus.gov.in/#/schooldetail/4699826/12,4699826,22/12/2025 13:00,2725
******01405 Operational,,ST JOHNS EM PRIMARY SCHOOL ALUR,,,,Andhra Pradesh,1-Primary,38-Pvt.Unaided,1 To 5,3-Co-educational,1-Rural,Alur,Alur,,,NEAR M P D O OFFICE ALUR ALUR(VILLAGE) ALUR(MANDAL) KURNOOL(DIST),518395,st.johnsemhschool.alur[at]gmail[dot]com,https://kys.udiseplus.gov.in/#/schooldetail/4699821/12,4699821,22/12/2025 12:59,2725
******01005 Operational,,ST JOSEPH EM SCHOOL K.NAGALAPAURAM,,,,Andhra Pradesh,6-Pr. Up Pr. and Secondary Only,38-Pvt.Unaided,1 To 10,3-Co-educational,1-Rural,Gudur,Kuruvanagalapuram,,,K NAGALAPURAM GUDUR KURNOOL,518467,nagstjoseph[at]gmail[dot]com,https://kys.udiseplus.gov.in/#/schooldetail/4697883/12,4697883,21/06/2024 16:43,2725
******00730 Operational,,ST JOSEPH EM S PATTIKONDA,,,,Andhra Pradesh,7-Upper Pr. and Secondary,38-Pvt.Unaided,6 To 10,3-Co-educational,1-Rural,Pattikonda,Pattikonda,,,PATTIKONDA PATHIKONDA PATTIKONDA(VILLAGE) PATHIKONDA(MANDAL) KURNOOL(DIST),518380,sstjoseph15[at]gmail[dot]com,https://kys.udiseplus.gov.in/#/schooldetail/4701870/12,4701870,15/10/2020 12:18,2725
******90158 Operational,,ST.JOSEPH ENGLISH S,,,,Andhra Pradesh,1-Primary,38-Pvt.Unaided,1 To 5,3-Co-educational,2-Urban,NA,,Adoni (M) - Ward No.20,Adoni-Municipality,MANDAGERI ADONI ADONI (M)(VILLAGE) ADONI(MANDAL) KURNOOL(DIST),518301,sjcsadn[at]gmail[dot]com,https://kys.udiseplus.gov.in/#/schooldetail/4699627/12,4699627,16/06/2023 15:21,2725
******90458 Operational,,ST JOSEPH ENG S,,,,Andhra Pradesh,7-Upper Pr. and Secondary,38-Pvt.Unaided,6 To 10,3-Co-educational,2-Urban,NA,,Kurnool Ward No. 20,Kurnool-Municipal Corporations,B.CAMP KALLUR KALLUR(VILLAGE) KALLUR(MANDAL) KURNOOL(DIST),518002,stj.school116[at]gmail[dot]com,https://kys.udiseplus.gov.in/#/schooldetail/4699003/12,4699003,24/12/2025 07:28,2725
******91190 Operational,,ST JOSEPH GIRLS HS OPP. CHILDRENS PARK KURNOOL,,,,Andhra Pradesh,7-Upper Pr. and Secondary,35-Pvt.Aided,6 To 10,2-Girls,2-Urban,NA,,Kurnool Ward No. 50,Kurnool-Municipal Corporations,39th WARD OPP:CHILDRENS PARK KURNOOL KURNOOL (MCORP)-2(VILLAGE) KURNOOL(MANDAL) KURNOOL(DIST),518001,stjosephaidedknl[at]gmail[dot]com,https://kys.udiseplus.gov.in/#/schooldetail/4698156/12,4698156,25/10/2024 19:43,2725
******90425 Operational,,ST. JOSEPHS E/M S,,,,Andhra Pradesh,1-Primary,38-Pvt.Unaided,1 To 5,3-Co-educational,2-Urban,NA,,Kurnool Ward No. 20,Kurnool-Municipal Corporations,KALLUR ( RAJANAGAR B CAMP KALLUR(VILLAGE) KALLUR(MANDAL) KURNOOL(DIST),518002,avula.satya27[at]gmail[dot]com,https://kys.udiseplus.gov.in/#/schooldetail/4698987/12,4698987,23/12/2025 20:06,2725
******00712 Operational,,ST. JOSEPHS EM SCHOOL PATTIKONDA,,,,Andhra Pradesh,1-Primary,38-Pvt.Unaided,1 To 5,3-Co-educational,1-Rural,Pattikonda,Pattikonda,,,ADHONI ROAD PATTIKONDA(VILLAGE) PATHIKONDA(MANDAL) KURNOOL(DIST),518380,sstjoseph15[at]gmail[dot]com,https://kys.udiseplus.gov.in/#/schooldetail/4701857/12,4701857,16/06/2023 15:21,2725
******91263 Operational,,ST. JOSEPHS ENGLISH SCHOOL N.R.PETA KURNOOL,,,,Andhra Pradesh,6-Pr. Up Pr. and Secondary Only,39-Pvt.Unaided (CBSE Syllabus),1 To 10,3-Co-educational,2-Urban,NA,,Kurnool Ward No. 51,Kurnool-Municipal Corporations,41/144-1 N.R. PETA KURNOOL-48 KURNOOL (MCORP)-3(VILLAGE) KURNOOL(MANDAL) KURNOOL(DIST),518004,sjesknl[at]yahoo[dot]in,https://kys.udiseplus.gov.in/#/schooldetail/4698207/12,4698207,25/10/2024 19:43,2725
******90562 Operational,,ST JOSEPHS GIRLS P.S 39TH WARD OPPS. CHILDREN PARK KURNOOL,,,,Andhra Pradesh,1-Primary,35-Pvt.Aided,1 To 5,2-Girls,2-Urban,NA,,Kurnool Ward No. 50,Kurnool-Municipal Corporations,39th WARD OPP CHILDRENS PARK KURNOOL KURNOOL (MCORP)(VILLAGE) KURNOOL(MANDAL) KURNOOL(DIST),518001,vasantha.kumari67[at]gmail[dot]com,https://kys.udiseplus.gov.in/#/schooldetail/4696988/12,4696988,22/12/2025 20:22,2725
******91312 Operational,,ST JOSEPHS HIGH SCHOOL ADONI,,,,Andhra Pradesh,7-Upper Pr. and Secondary,38-Pvt.Unaided,6 To 10,3-Co-educational,2-Urban,NA,,Adoni (M) - Ward No.20,Adoni-Municipality,MANDAGERI ADONI ADONI (M)-2(VILLAGE) ADONI(MANDAL) KURNOOL(DIST),518301,sjcsadn[at]gmail[dot]com,https://kys.udiseplus.gov.in/#/schooldetail/4699678/12,4699678,15/10/2020 12:18,2725
******91037 Operational,,ST.JOSEPH S NTR COLONY,,,,Andhra Pradesh,1-Primary,38-Pvt.Unaided,1 To 5,3-Co-educational,2-Urban,NA,,Yemmiganur (M) - Ward No.4,Yemmiganur-Municipality,N T R COLONY YEMMIGANUR YEMMIGANUR(M)(VILLAGE) YEMMIGANUR(MANDAL) KURNOOL(DIST),518360,stjschoolymg[at]gmail[dot]com,https://kys.udiseplus.gov.in/#/schooldetail/4699371/12,4699371,21/04/2023 15:31,2725
******91226 Operational,,ST JOSEPHS VIDYALAYAM N.R.PETA KURNOOL,,,,Andhra Pradesh,7-Upper Pr. and Secondary,38-Pvt.Unaided,6 To 10,3-Co-educational,2-Urban,NA,,Kurnool Ward No. 51,Kurnool-Municipal Corporations,N.R.PETA 43/213 KURNOOL KURNOOL (MCORP)-3(VILLAGE) KURNOOL(MANDAL) KURNOOL(DIST),518004,stjosephsvidyalayam[at]gmail[dot]com,https://kys.udiseplus.gov.in/#/schooldetail/4698185/12,4698185,25/10/2024 19:43,2725
******91122 Operational,,"ST JOSEPHS VIDYALAYA, N.R.PETA, KURNOOL",,,,Andhra Pradesh,1-Primary,38-Pvt.Unaided,1 To 5,3-Co-educational,2-Urban,NA,,Kurnool Ward No. 50,Kurnool-Municipal Corporations,N.R.PETA D.NO:41/93 KURNOOL KURNOOL (MCORP)-2(VILLAGE) KURNOOL(MANDAL) KURNOOL(DIST),518004,stjosephsvidyalayam[at]gmail[dot]com,https://kys.udiseplus.gov.in/#/schooldetail/4698120/12,4698120,25/10/2024 19:43,2725
******90471 Operational,,ST LOURDES EM HIGH SCHOOL KURNOOL,,,,Andhra Pradesh,7-Upper Pr. and Secondary,38-Pvt.Unaided,6 To 10,3-Co-educational,2-Urban,NA,,Kurnool Ward No. 22,Kurnool-Municipal Corporations,KALLUR ( MADHAVI NAGAR B CAMP KALLUR(VILLAGE) KALLUR(MANDAL) KURNOOL(DIST),518002,,https://kys.udiseplus.gov.in/#/schooldetail/4699010/12,4699010,24/12/2025 07:23,2725
******90428 Operational,,ST LOURDES ENG MED S,,,,Andhra Pradesh,1-Primary,38-Pvt.Unaided,1 To 5,3-Co-educational,2-Urban,NA,,Kurnool Ward No. 22,Kurnool-Municipal Corporations,KALLUR MADHAVINAGAR B CAMP KALLUR VILLAGE KALLUR MANDAL KURNOOL,518002,sudarsanv99[at]gmail[dot]com,https://kys.udiseplus.gov.in/#/schooldetail/4698990/12,4698990,23/12/2025 20:08,2725
******02008 Operational,,ST. MARY EM S ULINDAKONDA,,,,Andhra Pradesh,2-Primary with Upper Primary,38-Pvt.Unaided,1 To 7,3-Co-educational,1-Rural,Kallur,Ulindakonda,,,ULINDAKONDA ULINDAKONDA ULINDAKONDA(VILLAGE) KALLUR(MANDAL) KURNOOL(DIST),518218,,https://kys.udiseplus.gov.in/#/schooldetail/4698966/12,4698966,23/12/2025 13:11,2725
******91189 Operational,,ST MARYS AIDED HIGH SCHOOL OPP. CHILDRENS PARK,,,,Andhra Pradesh,7-Upper Pr. and Secondary,35-Pvt.Aided,6 To 10,1-Boys,2-Urban,NA,,Kurnool Ward No. 50,Kurnool-Municipal Corporations,39th WARD OPP CHILDRENS PARK KURNOOL KURNOOL (MCORP)-2(VILLAGE) KURNOOL(MANDAL) KURNOOL(DIST),518001,,https://kys.udiseplus.gov.in/#/schooldetail/4698155/12,4698155,23/12/2025 15:20,2725
******91228 Operational,,ST MARYS EM H S OPP CHILDRENS PARK KURNOOL,,,,Andhra Pradesh,7-Upper Pr. and Secondary,38-Pvt.Unaided,6 To 10,3-Co-educational,2-Urban,NA,,Kurnool Ward No. 50,Kurnool-Municipal Corporations,KURNOOL (M.CORP) OPP:CHILDRENS PARK KURNOOL (MCORP)-3(VILLAGE) KURNOOL(MANDAL) KURNOOL(DIST),518001,stmemhs[at]gmail[dot]com,https://kys.udiseplus.gov.in/#/schooldetail/4697110/12,4697110,25/10/2024 19:43,2725
******00250 Closed,Closed,ST.MARYS EM HS YEMMIGANUR,,,,Andhra Pradesh,7-Upper Pr. and Secondary,38-Pvt.Unaided,6 To 10,3-Co-educational,2-Urban,NA,,Yemmiganur Ward No. 24,Yemmiganur-Municipality,YEMMIGANUR YEMMIGANUR YEMMIGANUR(VILLAG) YEMMIGANUR(MANDAL( KURNNOL(DIST),518360,,https://kys.udiseplus.gov.in/#/schooldetail/4699255/12,4699255,10/05/2022 06:02,2725
******91048 Closed,Closed,ST.MARYS EM P S,,,,Andhra Pradesh,1-Primary,38-Pvt.Unaided,1 To 5,3-Co-educational,2-Urban,NA,,Yemmiganur Ward No. 23,Yemmiganur-Municipality,BESIDE SBI (ADB) YEMMIGANUR YEMMIGANUR(M)(VILLAGE) YEMMIGANUR(MANDAL) KURNOOL(DIST),518360,,https://kys.udiseplus.gov.in/#/schooldetail/4699380/12,4699380,10/05/2022 06:00,2725
******00254 Operational,,ST MARYS EM PS YEMMIGANUR,,,,Andhra Pradesh,1-Primary,38-Pvt.Unaided,1 To 5,3-Co-educational,2-Urban,NA,,Yemmiganur Ward No. 24,Yemmiganur-Municipality,NEAR RCM CHURCH CAMPUSYEMMIGANUR YEMMIGANUR YEMMIGANUR(VILLAGE) YEMMIGANUR(MANDAL) KURNOOL(DIST),518360,stmarysps890[at]gmail[dot]com,https://kys.udiseplus.gov.in/#/schooldetail/4699259/12,4699259,18/09/2024 14:45,2725
******90594 Operational,,ST.MARYS ENGLISH MEDIUM SCHOOL OPP CHILDRENS PARK KURNOOL,,,,Andhra Pradesh,1-Primary,38-Pvt.Unaided,1 To 5,3-Co-educational,2-Urban,NA,,Kurnool Ward No. 50,Kurnool-Municipal Corporations,39th WARD OPP CHILDERNS PARK KURNOOL KURNOOL (MCORP)(VILLAGE) KURNOOL(MANDAL) KURNOOL(DIST),518001,stmemhs[at]gmail[dot]com,https://kys.udiseplus.gov.in/#/schooldetail/4698102/12,4698102,22/12/2025 20:49,2725
******90559 Operational,,ST MARYS P.S 47TH WARD OPP CHILDRENS PARK KURNOOL,,,,Andhra Pradesh,1-Primary,35-Pvt.Aided,1 To 5,1-Boys,2-Urban,NA,,Kurnool Ward No. 50,Kurnool-Municipal Corporations,47th WARD OPP CHILDREN PARK ROAD KURNOOL KURNOOL (MCORP)(VILLAGE) KURNOOL(MANDAL) KURNOOL(DIST),518001,meo.kurnool07[at]gmail[dot]com,https://kys.udiseplus.gov.in/#/schooldetail/4698081/12,4698081,22/12/2025 20:19,2725
******00201 Permanently Closed,,ST.MARYS T.M.PRIMARY SCH NEAR RCM CHURCH,,,,Andhra Pradesh,1-Primary,38-Pvt.Unaided,1 To 5,3-Co-educational,2-Urban,NA,,Yemmiganur (M) - Ward No.9,Yemmiganur-Municipality,NA,NA,,https://kys.udiseplus.gov.in/#/schooldetail/4698197/12,4698197,15/10/2020 12:18,2725
******90545 Operational,,ST.MOTHER THERESA VIDYA NIKETHAN PRIMARY SCHOOL KALLUR,,,,Andhra Pradesh,1-Primary,38-Pvt.Unaided,1 To 5,3-Co-educational,2-Urban,NA,,Kurnool Ward No. 37,Kurnool-Municipal Corporations,YELKURU BUNGLOW KALLUR MANDAL KURNOOL DIST,518002,stmothertherisa9491[at]gmail[dot]com,https://kys.udiseplus.gov.in/#/schooldetail/4699049/12,4699049,24/12/2025 07:12,2725
******90586 Operational,,ST MOTHER THERESSA VIDYA NIKETHAN SCHOOL KALLUR,,,,Andhra Pradesh,7-Upper Pr. and Secondary,38-Pvt.Unaided,6 To 10,3-Co-educational,2-Urban,NA,,Kurnool Ward No. 37,Kurnool-Municipal Corporations,YELKURU BUNGLOW KALLUR MANDAL KURNOOL DIST,518003,stmothertherisa9491[at]gmail[dot]com,https://kys.udiseplus.gov.in/#/schooldetail/4699082/12,4699082,23/12/2025 20:44,2725
******00166 Operational,,"STONEHILL EM HIGH SCHOOL,ADONI",,,,Andhra Pradesh,6-Pr. Up Pr. and Secondary Only,38-Pvt.Unaided,1 To 10,3-Co-educational,1-Rural,Adoni,Mandagiri (Rural),,,"shilpa sowbhagya nagar, sadapuram village adoni mandal",518302,Sisadoni[at]gmail[dot]com,https://kys.udiseplus.gov.in/#/schooldetail/4720562/12,4720562,19/06/2025 13:33,2725
******01362 Operational,,"ST PAUL INTIGRATED EM SCHOOL, RAGAMAYURI GREEN HILLS, NANOOR",,,,Andhra Pradesh,2-Primary with Upper Primary,38-Pvt.Unaided,1 To 7,3-Co-educational,1-Rural,Orvakal,Nannur,,,"RAGAMAYURI GREE HILLS, NANOOR",518002,patnamkamalamma[at]gmail[dot]com,https://kys.udiseplus.gov.in/#/schooldetail/4721773/12,4721773,09/09/2024 17:29,2725
******90145 Operational,,ST.PAULS ENGLISH MEDIUM,,,,Andhra Pradesh,1-Primary,38-Pvt.Unaided,1 To 5,3-Co-educational,1-Rural,Adoni,Mandagiri (Rural),,,ADONI (M) H NO 15 SBI COLONY ADONI (M)(VILLAGE) ADONI(MANDAL) KURNOOL(DIST),518302,,https://kys.udiseplus.gov.in/#/schooldetail/4699617/12,4699617,21/04/2023 15:31,2725
******90583 Operational,,ST.PAULS ENGLISH MEDIUM SCHOOL 43RD WARD,,,,Andhra Pradesh,1-Primary,38-Pvt.Unaided,1 To 5,3-Co-educational,2-Urban,NA,,Kurnool Ward No. 47,Kurnool-Municipal Corporations,43rd WARD HNO:43/253D14 NR PET KURNOOL KURNOOL (MCORP)(VILLAGE) KURNOOL(MANDAL) KURNOOL(DIST),518004,stpaulsknl[at]gmail[dot]com,https://kys.udiseplus.gov.in/#/schooldetail/4698091/12,4698091,25/10/2024 19:43,2725
******91205 Operational,,ST PAULS ENG SCHOOL ROJA DARGA KURNOOL,,,,Andhra Pradesh,7-Upper Pr. and Secondary,38-Pvt.Unaided,6 To 10,3-Co-educational,2-Urban,NA,,Kurnool Ward No. 47,Kurnool-Municipal Corporations,43rd WARD N R PET ROJA DURGA ROAD KURNOOL (MCORP)-3(VILLAGE) KURNOOL(MANDAL) KURNOOL(DIST),518004,stpaulsknl[at]gmail[dot]com,https://kys.udiseplus.gov.in/#/schooldetail/4698167/12,4698167,25/10/2024 19:43,2725
******00477 Permanently Closed,,ST.PHILOMENA SHCOOL RAGHAVENDR NAGARKALLUR,,,,Andhra Pradesh,1-Primary,38-Pvt.Unaided,1 To 5,3-Co-educational,9-NA,NA,,,,NA,518002,,https://kys.udiseplus.gov.in/#/schooldetail/4717387/12,4717387,15/10/2020 12:18,2725
******00707 Operational,,ST.THOMAS MAR THOMA E.M UPSCHOOL,,,,Andhra Pradesh,2-Primary with Upper Primary,38-Pvt.Unaided,1 To 7,3-Co-educational,1-Rural,Mantralayam,Madhavaram,,,"MADHAVARAM ROAD,MADHAVARAM",518349,marthomamissionmantralayam[at]gmail[dot]com,https://kys.udiseplus.gov.in/#/schooldetail/4697680/12,4697680,24/12/2025 10:36,2725
******00740 Operational,,ST THOMAS MARTOMA EM HIGH SCHOOL MADHAVARAM,,,,Andhra Pradesh,7-Upper Pr. and Secondary,38-Pvt.Unaided,6 To 10,3-Co-educational,1-Rural,Mantralayam,Madhavaram,,,THUGABADRA ROAD. MADHAVARAM,518349,marthomamissionmantralayam[at]gmail[dot]com,https://kys.udiseplus.gov.in/#/schooldetail/4721174/12,4721174,05/02/2024 17:18,2725
******91143 Closed,Closed,ST.THOMAS U.P. SCHOOL BANDIMETTAKURNOOL,,,,Andhra Pradesh,2-Primary with Upper Primary,38-Pvt.Unaided,1 To 7,3-Co-educational,2-Urban,NA,,Kurnool Ward No. 3,Kurnool-Municipal Corporations,7th WARD HNO.34/77 BANDIMETA CHATRIBAGH KURNOOL (MCORP)-2(VILLAGE) KURNOOL(MANDAL) KURNOOL(DIST),518001,,https://kys.udiseplus.gov.in/#/schooldetail/4697046/12,4697046,25/10/2024 19:43,2725
******00470 Operational,,ST.THOMAS UP SCHOOL KALLUR,,,,Andhra Pradesh,2-Primary with Upper Primary,38-Pvt.Unaided,1 To 7,3-Co-educational,2-Urban,NA,,Kurnool Ward No. 33,Kurnool-Municipal Corporations,KALLUR KALLUR KALLUR(VILLAGE) KALLUR(MANDAL) KURNOOL(DIST),518003,syedrafiq.msc[at]gmail[dot]com,https://kys.udiseplus.gov.in/#/schooldetail/4698897/12,4698897,21/12/2025 12:38,2725
******00760 Closed,Closed,ST VIJAYA EM UP SCHOOL PATHIKONDA,,,,Andhra Pradesh,2-Primary with Upper Primary,38-Pvt.Unaided,1 To 8,3-Co-educational,1-Rural,Pattikonda,Pattikonda,,,Pattikonda,518380,,https://kys.udiseplus.gov.in/#/schooldetail/4701890/12,4701890,26/06/2021 10:20,2725
******91302 Permanently Closed,,SUCESS HIGH SCHOOL STANTANPURAM,,,,Andhra Pradesh,2-Primary with Upper Primary,38-Pvt.Unaided,1 To 7,3-Co-educational,1-Rural,Kurnool,NA,,,NA,518003,,https://kys.udiseplus.gov.in/#/schooldetail/4717330/12,4717330,25/10/2024 19:43,2725
******91364 Operational,,SUMEDHA EM UP SCHOOL ADONI,,,,Andhra Pradesh,2-Primary with Upper Primary,38-Pvt.Unaided,1 To 7,3-Co-educational,2-Urban,NA,,Adoni (M) - Ward No.23,Adoni-Municipality,KARVANPET ADONI,518301,,https://kys.udiseplus.gov.in/#/schooldetail/4699718/12,4699718,16/06/2023 15:21,2725
******91156 Operational,,"SUNITHA AIDED PS JOHARAPURAM, KURNOOL",,,,Andhra Pradesh,1-Primary,35-Pvt.Aided,1 To 5,3-Co-educational,2-Urban,NA,,Kurnool Ward No. 18,Kurnool-Municipal Corporations,18th WARD JOHARAPURAM KURNOOL (MCORP)-2(VILLAGE) KURNOOL(MANDAL) KURNOOL(DIST),518002,,https://kys.udiseplus.gov.in/#/schooldetail/4698132/12,4698132,22/12/2025 22:29,2725
******91109 Closed,Closed,SUNITHA KINDER GARTEN AIDED SCHOOL IV CLASS EMPLOYEES COLO,,,,Andhra Pradesh,1-Primary,35-Pvt.Aided,1 To 5,3-Co-educational,2-Urban,NA,,Kurnool Ward No. 19,Kurnool-Municipal Corporations,GANESH NAGER 2 IV CLASS EMPLOYES COLANI KURNOOL,518001,sunitha[at]gmail[dot]com,https://kys.udiseplus.gov.in/#/schooldetail/4698108/12,4698108,25/10/2024 19:43,2725
******91422 Operational,,SUNITHA UPS JOHARAPURAM,,,,Andhra Pradesh,2-Primary with Upper Primary,38-Pvt.Unaided,1 To 7,3-Co-educational,2-Urban,NA,,Kurnool Ward No. 18,Kurnool-Municipal Corporations,JOHARAPURAM,518002,,https://kys.udiseplus.gov.in/#/schooldetail/4698278/12,4698278,25/10/2024 19:43,2725
******01602 Closed,Closed,SUNITH EM SCHOOL EVAMADA,,,,Andhra Pradesh,2-Primary with Upper Primary,38-Pvt.Unaided,1 To 7,3-Co-educational,1-Rural,Kurnool,Devamada,,,sunitha em school devamada,518003,,https://kys.udiseplus.gov.in/#/schooldetail/4697961/12,4697961,25/10/2024 19:43,2725
******00204 Operational,,SUNRISE EM UP SCHOOL,,,,Andhra Pradesh,2-Primary with Upper Primary,38-Pvt.Unaided,1 To 7,3-Co-educational,1-Rural,Alur,Kammarachedu,,,ZPHS KAMMARACHEDU ALUR,518302,mahammadvali03[at]gmail[dot]com,https://kys.udiseplus.gov.in/#/schooldetail/4719592/12,4719592,22/12/2025 12:37,2725
******00505 Operational,,SUNRISE EM UPS PANDIPADU KALLUR(M),,,,Andhra Pradesh,2-Primary with Upper Primary,38-Pvt.Unaided,1 To 7,3-Co-educational,2-Urban,NA,,Kurnool Ward No. 28,Kurnool-Municipal Corporations,sunrise school opp venkateswara swamy temple pandipadu village kallur mandal,518003,,https://kys.udiseplus.gov.in/#/schooldetail/4697889/12,4697889,22/12/2025 10:50,2725
******00410 Operational,,SUNRISE EM UPS PERAVELI,,,,Andhra Pradesh,2-Primary with Upper Primary,38-Pvt.Unaided,1 To 7,3-Co-educational,1-Rural,Maddikera (East),Peravali,,,TUGGALI ROAD PERAVALI,518390,ravisekhar087[at]gmail[dot]com,https://kys.udiseplus.gov.in/#/schooldetail/4701907/12,4701907,21/04/2023 15:31,2725
******90578 Operational,,SUNRISE EM UPS W S COLONY KALLUR(M),,,,Andhra Pradesh,2-Primary with Upper Primary,38-Pvt.Unaided,1 To 7,3-Co-educational,2-Urban,NA,,Kurnool Ward No. 41,Kurnool-Municipal Corporations,WS COLONY KALLUR KURNOOL518003,518003,parangichennaiah[at]gmail[dot]com,https://kys.udiseplus.gov.in/#/schooldetail/4699075/12,4699075,23/12/2025 20:48,2725
******00165 Operational,,"SUN SHINE EM UP SCHOOL,AREKAL",,,,Andhra Pradesh,2-Primary with Upper Primary,38-Pvt.Unaided,1 To 7,3-Co-educational,1-Rural,Adoni,Arekal,,,"arekal village, adoni mandal",518302,kvenkatesulu1984[at]gmail[dot]com,https://kys.udiseplus.gov.in/#/schooldetail/4720576/12,4720576,21/04/2023 15:31,2725
******00164 Operational,,"SUPREME KIDS EM UP SCHOOL VISTTA KISTAPPA NAGAR,ADONI",,,,Andhra Pradesh,2-Primary with Upper Primary,38-Pvt.Unaided,1 To 7,3-Co-educational,2-Urban,NA,,Adoni (M) - Ward No.21,Adoni-Municipality,"vitta kistappa nagar, adoni",518301,,https://kys.udiseplus.gov.in/#/schooldetail/4720575/12,4720575,21/04/2023 15:31,2725
******00802 Operational,,SUVISHAL EM UP SCHOOL,,,,Andhra Pradesh,2-Primary with Upper Primary,38-Pvt.Unaided,1 To 7,3-Co-educational,1-Rural,Pattikonda,Chinna Hulthi,,,CHINNAHULTHI,518380,SUVISHAILNKD[at]gmail[dot]com,https://kys.udiseplus.gov.in/#/schooldetail/4719641/12,4719641,21/04/2023 15:31,2725
******00710 Operational,,S.V.AIDEDPS PATHIKONDA,,,,Andhra Pradesh,1-Primary,35-Pvt.Aided,1 To 5,3-Co-educational,1-Rural,Pattikonda,Pattikonda,,,PATTIKONDA PATHIKONDA PATTIKONDA(VILLAGE) PATHIKONDA(MANDAL) KURNOOL(DIST),518380,8121233349[at]gmail[dot]com,https://kys.udiseplus.gov.in/#/schooldetail/4701855/12,4701855,15/10/2020 12:18,2725
******91501 Operational,,SVES VOCATIONAL JUNIOR COLLEGE BHUDAVARPETA KURNOOL,,,,Andhra Pradesh,11-Higher Secondary only/Jr. College,38-Pvt.Unaided,11 To 12,3-Co-educational,2-Urban,NA,,Kurnool Ward No. 14,Kurnool-Municipal Corporations,2nd floor Bhupal complex kurnool,518001,principalsvescollege10003[at]gmail[dot]com,https://kys.udiseplus.gov.in/#/schooldetail/4719547/12,4719547,25/10/2024 19:43,2725
******90601 Closed,Closed,S V E S VOC JR COLLEGE KURNOOL,,,,Andhra Pradesh,11-Higher Secondary only/Jr. College,38-Pvt.Unaided,11 To 12,3-Co-educational,2-Urban,NA,,Kurnool Ward No. 1,Kurnool-Municipal Corporations,NA,NA,,https://kys.udiseplus.gov.in/#/schooldetail/4719851/12,4719851,25/10/2024 19:43,2725
******01306 Operational,,S V H S CHINNA TEKUR,,,,Andhra Pradesh,7-Upper Pr. and Secondary,38-Pvt.Unaided,6 To 10,3-Co-educational,1-Rural,Kallur,Chinna Tekur,,,CHINNA TEKUR KALLUR CHINNA TEKUR(VILLAGE) KALLUR(MANDAL) KURNOOL(DIST),518218,highschoolsrivenkateswara[at]gmail[dot]com,https://kys.udiseplus.gov.in/#/schooldetail/4698948/12,4698948,23/12/2025 12:54,2725
******01302 Operational,,"S V P S, CHINNA TEKUR",,,,Andhra Pradesh,1-Primary,38-Pvt.Unaided,1 To 5,3-Co-educational,1-Rural,Kallur,Chinna Tekur,,,CHINNA TEKUR KALLUR CHINNA TEKUR(VILLAGE) KALLUR(MANDAL) KURNOOL(DIST),518218,highschoolsrivenkateswara[at]gmail[dot]com,https://kys.udiseplus.gov.in/#/schooldetail/4698944/12,4698944,23/12/2025 12:52,2725
******01276 Closed,Closed,"SVR GLOBAL ENGLISH MEDIUM UPPER PRIMARY SCHOOL, H.KAIRAWADI(V), GONEGANDLA(M)",,,,Andhra Pradesh,2-Primary with Upper Primary,38-Pvt.Unaided,1 To 7,3-Co-educational,1-Rural,Gonegandla,NA,,,"SVR GLOBAL ENGLISH MEDIUM UPPER PRIMARY SCHOOL, H.KAIRAWADI(V), GONEGANDLA(M)",518463,,https://kys.udiseplus.gov.in/#/schooldetail/4721751/12,4721751,20/02/2025 12:34,2725
******01110 Operational,,SVR GLOBAL ENGLISH MEDIUM UP SCHOOL H KAIRAWADI,,,,Andhra Pradesh,2-Primary with Upper Primary,38-Pvt.Unaided,1 To 7,3-Co-educational,1-Rural,Gonegandla,Handri Khairawadi,,,"SVR GLOBAL ENGLISH MEDIUM UP SCHOOL H KAIRAWADI, GONEGANDLA",518463,,https://kys.udiseplus.gov.in/#/schooldetail/4721642/12,4721642,12/02/2026 13:55,2725
******02009 Closed,Closed,SVUP SCHOOL ULINDAKONDA,,,,Andhra Pradesh,2-Primary with Upper Primary,38-Pvt.Unaided,1 To 7,3-Co-educational,1-Rural,Kallur,Ulindakonda,,,OPPSITE TO ULINDAKONDA POLICE STATION,518218,highschoolsrivenkateswara[at]gmail[dot]com,https://kys.udiseplus.gov.in/#/schooldetail/4698967/12,4698967,09/05/2022 13:36,2725
******01013 Operational,,SWAMI VIVEKANANDA HS STANTANPURAM,,,,Andhra Pradesh,7-Upper Pr. and Secondary,38-Pvt.Unaided,6 To 10,3-Co-educational,2-Urban,NA,,Kurnool Ward No. 39,Kurnool-Municipal Corporations,STANTANPURAM VILLAGE,518006,sambasivudu79[at]gmail[dot]com,https://kys.udiseplus.gov.in/#/schooldetail/4697929/12,4697929,05/01/2026 15:38,2725
******00717 Closed,Closed,SWAMY VIVEKANANDA EM SCHOOL TUGGALI,,,,Andhra Pradesh,2-Primary with Upper Primary,38-Pvt.Unaided,1 To 7,3-Co-educational,1-Rural,Tuggali,Tuggali,,,TUGGALI TUGGALIKURNOOL-518390,518390,kathi180karjuna[at]gmail[dot]com,https://kys.udiseplus.gov.in/#/schooldetail/4701784/12,4701784,09/05/2022 16:40,2725
******01005 Operational,,SWAMY VIVEKANANDA P.S STANTANPURAM,,,,Andhra Pradesh,1-Primary,38-Pvt.Unaided,1 To 5,3-Co-educational,2-Urban,NA,,Kurnool Ward No. 39,Kurnool-Municipal Corporations,STANTAMPURAM MAMIDALAPADU MAMIDALAPADU(VILLAGE) KURNOOL(MANDAL) KURNOOL(DIST),518006,sambasivudu79[at]gmail[dot]com,https://kys.udiseplus.gov.in/#/schooldetail/4697925/12,4697925,05/01/2026 15:45,2725
******91230 Operational,,"SWAMY VIVEKANANDA SANSKRIT HIGH SCHOOL, 1ST WARD, KURNOOL",,,,Andhra Pradesh,7-Upper Pr. and Secondary,37-Pvt.Aided Oriental Schools,6 To 10,3-Co-educational,2-Urban,NA,,Kurnool Ward No. 1,Kurnool-Municipal Corporations,1st WARD FORT KURNOOL KURNOOL (MCORP)-3(VILLAGE) KURNOOL(MANDAL) KURNOOL(DIST),518001,valasingamneelaveni[at]gmail[dot]com,https://kys.udiseplus.gov.in/#/schooldetail/4697112/12,4697112,25/10/2024 19:43,2725
******91113 Operational,,"SWAMY VIVEKANANDA SANSKRIT PS, 1ST WARD, FORT, KURNOOL",,,,Andhra Pradesh,1-Primary,37-Pvt.Aided Oriental Schools,1 To 5,3-Co-educational,2-Urban,NA,,Kurnool Ward No. 1,Kurnool-Municipal Corporations,1st WARD FORT KURNOOL KURNOOL (MCORP)-2(VILLAGE) KURNOOL(MANDAL) KURNOOL(DIST),518001,sugnana987[at]gmail[dot]com,https://kys.udiseplus.gov.in/#/schooldetail/4698112/12,4698112,22/12/2025 21:15,2725
******90119 Closed,Closed,SYED PET MPLPS(UG),,,,Andhra Pradesh,1-Primary,34-MUNCIPAL,1 To 5,3-Co-educational,2-Urban,NA,,Adoni (M) - Ward No.1,Adoni-Municipality,KHOONI MOHALLA STREET ADONI ADONI (M)(VILLAGE) ADONI(MANDAL) KURNOOL(DIST),518301,shajahanbegum2012[at]gmail[dot]com,https://kys.udiseplus.gov.in/#/schooldetail/4699591/12,4699591,05/08/2025 14:24,2725
******00414 Operational,,TAGORE E/M S KALLUR,,,,Andhra Pradesh,1-Primary,38-Pvt.Unaided,1 To 5,3-Co-educational,2-Urban,NA,,Kurnool Ward No. 34,Kurnool-Municipal Corporations,KALLUR BEHIND NI.G SHOW ROOM NH-7 KALLUR(VILLAGE) KALLUR(MANDAL) KURNOOL(DIST),518003,tagorehighschool.1985[at]gmail[dot]com,https://kys.udiseplus.gov.in/#/schooldetail/4698885/12,4698885,21/12/2025 12:32,2725
******90469 Operational,,TAGORE HIGH SCHOOL KURNOOL,,,,Andhra Pradesh,7-Upper Pr. and Secondary,38-Pvt.Unaided,6 To 10,3-Co-educational,2-Urban,NA,,Kurnool Ward No. 34,Kurnool-Municipal Corporations,H No 76 111 8 KALLUR MANDAL,518003,tagorehighschool.1985[at]gmail[dot]com,https://kys.udiseplus.gov.in/#/schooldetail/4699009/12,4699009,24/12/2025 07:24,2725
******90442 Operational,,TAGORE VIDYA NIKETAN,,,,Andhra Pradesh,7-Upper Pr. and Secondary,38-Pvt.Unaided,6 To 10,3-Co-educational,2-Urban,NA,,Kurnool Ward No. 30,Kurnool-Municipal Corporations,81-242-1 shareen nagar,518002,tagorevidyanikethanhs[at]gmail[dot]com,https://kys.udiseplus.gov.in/#/schooldetail/4698995/12,4698995,24/12/2025 07:25,2725
******00326 Operational,,"TAGORE VIDYANIKETAN HS, KODUMUR",,,,Andhra Pradesh,7-Upper Pr. and Secondary,38-Pvt.Unaided,6 To 10,3-Co-educational,1-Rural,Kodumur,Kodumur,,,KODUMUR BEHIND MPDO OFFICE KODUMUR(VILLAGE) KODUMUR(MANDAL) KURNOOL(DIST),518464,tagorevidyanikethan663[at]gmail[dot]com,https://kys.udiseplus.gov.in/#/schooldetail/4699118/12,4699118,20/12/2025 12:18,2725
******00310 Operational,,TAGORE VIDYANIKETAN KODUMUR,,,,Andhra Pradesh,1-Primary,38-Pvt.Unaided,1 To 5,3-Co-educational,1-Rural,Kodumur,Kodumur,,,KODUMUR BEHIND MPDO OFFICE KODUMUR(VILLAGE) KODUMUR(MANDAL) KURNOOL(DIST),518464,tagorevidyanikethn663[at]gmail[dot]com,https://kys.udiseplus.gov.in/#/schooldetail/4699106/12,4699106,20/12/2025 12:03,2725
******90528 Operational,,TAGORE VIDYANIKETHAN PRIMARY SCHOOL,,,,Andhra Pradesh,1-Primary,38-Pvt.Unaided,1 To 5,3-Co-educational,2-Urban,NA,,Kurnool Ward No. 30,Kurnool-Municipal Corporations,kallur-3 kallur kurnool,518002,tagorevidyanikethanhs[at]gmail[dot]com,https://kys.udiseplus.gov.in/#/schooldetail/4699034/12,4699034,24/12/2025 07:16,2725
******91313 Operational,,T.G.K RUKMINI DEVI E/M HIgh SCHOOL ADONI,,,,Andhra Pradesh,7-Upper Pr. and Secondary,38-Pvt.Unaided,6 To 10,3-Co-educational,2-Urban,NA,,Adoni (M) - Ward No.6,Adoni-Municipality,ADONI (M) ( TGK NAGAR ADONI (M)-2(VILLAGE) ADONI(MANDAL) KURNOOL(DIST),518301,repallekunal[at]gmail[dot]com,https://kys.udiseplus.gov.in/#/schooldetail/4699679/12,4699679,19/12/2023 16:57,2725
******90144 Closed,Closed,T.G.L.K. BALAVIDYA SADAN,,,,Andhra Pradesh,1-Primary,38-Pvt.Unaided,1 To 5,3-Co-educational,2-Urban,NA,,Adoni (M) - Ward No.6,Adoni-Municipality,KAMALA AREA ADONI ADONI (M)(VILLAGE) ADONI(MANDAL) KURNOOL(DIST),518301,saigoutham032[at]gmail[dot]com,https://kys.udiseplus.gov.in/#/schooldetail/4699616/12,4699616,19/12/2023 10:54,2725
******91304 Closed,Closed,TGLV HS ADONI,,,,Andhra Pradesh,7-Upper Pr. and Secondary,35-Pvt.Aided,6 To 10,3-Co-educational,2-Urban,NA,,Adoni (M) - Ward No.6,Adoni-Municipality,ADONI (M) ( ADONI ADONI (M)-2(VILLAGE) ADONI(MANDAL) KURNOOL(DIST),518301,,https://kys.udiseplus.gov.in/#/schooldetail/4699670/12,4699670,09/05/2022 16:37,2725
******02316 Operational,,"THE ATHENA SCHOOL, DINNEDEVARAPADU",,,,Andhra Pradesh,6-Pr. Up Pr. and Secondary Only,39-Pvt.Unaided (CBSE Syllabus),1 To 10,3-Co-educational,1-Rural,Kurnool,Dinnadevarapadu (Og),,,RTC COLONY DINNEDEVARAPADU KURNOOL,518002,theathenaknl[at]gmail[dot]com,https://kys.udiseplus.gov.in/#/schooldetail/4697998/12,4697998,29/12/2025 11:42,2725
******01856 Operational,,"THE BRIGHTER BEE SCHOOL, KURNOOL",,,,Andhra Pradesh,2-Primary with Upper Primary,38-Pvt.Unaided,1 To 7,3-Co-educational,2-Urban,Kurnool urban,,Kurnool Ward No. 13,"Kurnool Municipal Corporation, Kurnool",N R PETA KURNOOL KURNOOL DISTRICT,518001,mirzasabkt[at]gmail[dot]com,,,22/12/2025 15:28,2725
******02804 Operational,,THE ELAHI EM.PRI.SCH.,,,,Andhra Pradesh,1-Primary,38-Pvt.Unaided,1 To 5,3-Co-educational,2-Urban,NA,,Adoni (M) - Ward No.5,Adoni-Municipality,NIZAMUDDIN COLONY,518301,meo.adoni[at]gmail[dot]com,https://kys.udiseplus.gov.in/#/schooldetail/4699514/12,4699514,16/06/2023 15:21,2725
******01201 Operational,,"THE LOTUS VEDA SCHOOL, VASAVI NAGAR, KALLUR",,,,Andhra Pradesh,2-Primary with Upper Primary,38-Pvt.Unaided,1 To 7,3-Co-educational,2-Urban,NA,,Kurnool Ward No. 20,Kurnool-Municipal Corporations,"THE LOTUS VEDA SCHOOL, VASAVI NAGAR, KALLUR",518003,,https://kys.udiseplus.gov.in/#/schooldetail/4721549/12,4721549,23/12/2025 20:09,2725
******90142 Closed,Closed,THE RAYA MILLS AIDED PRIM,,,,Andhra Pradesh,1-Primary,35-Pvt.Aided,1 To 5,3-Co-educational,2-Urban,NA,,Adoni (M) - Ward No.16,Adoni-Municipality,16th WARD ADONI ADONI (M)(VILLAGE) ADONI(MANDAL) KURNOOL(DIST),518301,,https://kys.udiseplus.gov.in/#/schooldetail/4699614/12,4699614,09/05/2022 16:37,2725
******90587 Operational,,THE WISDOM SCHOOL FCI COLONY KALLUR,,,,Andhra Pradesh,2-Primary with Upper Primary,38-Pvt.Unaided,1 To 7,3-Co-educational,2-Urban,NA,,Kurnool Ward No. 21,Kurnool-Municipal Corporations,86/418 FCI Colony Kurnool,518002,sarathknl[at]gmail[dot]com,https://kys.udiseplus.gov.in/#/schooldetail/4699083/12,4699083,23/12/2025 20:44,2725
******91358 Operational,,TIMES.EM.HS ADONI,,,,Andhra Pradesh,7-Upper Pr. and Secondary,38-Pvt.Unaided,6 To 10,3-Co-educational,2-Urban,NA,,Adoni (M) - Ward No.13,Adoni-Municipality,ADONI 2 ADONI ADONI MANDAL KURNOOL (DIST),518301,,https://kys.udiseplus.gov.in/#/schooldetail/4699712/12,4699712,15/10/2020 12:18,2725
******91353 Operational,,TIMES.PS.EM.ADONI,,,,Andhra Pradesh,1-Primary,38-Pvt.Unaided,1 To 5,3-Co-educational,2-Urban,NA,,Adoni (M) - Ward No.13,Adoni-Municipality,ADONI 2 ADONI ADONI MANDAL KURNOOL (DIST),518301,meo.adoni[at]gmail[dot]com,https://kys.udiseplus.gov.in/#/schooldetail/4699707/12,4699707,16/06/2023 15:21,2725
******00313 Operational,,TOWN MODEL UP S MAIN BAZAR KODUMUR,,,,Andhra Pradesh,2-Primary with Upper Primary,38-Pvt.Unaided,1 To 7,3-Co-educational,1-Rural,Kodumur,Kodumur,,,KODUMUR MAIN BAZAR KODUMUR(VILLAGE) KODUMUR(MANDAL) KURNOOL(DIST),518464,imtiaz.kdmr[at]gmail[dot]com,https://kys.udiseplus.gov.in/#/schooldetail/4699109/12,4699109,21/04/2023 15:31,2725
******90592 Operational,,TRINITYE ENG MED SCHOOL ASHOK NAGAR KURNOOL,,,,Andhra Pradesh,1-Primary,38-Pvt.Unaided,1 To 5,3-Co-educational,2-Urban,NA,,Kurnool Ward No. 45,Kurnool-Municipal Corporations,ASHOK NAGAR H.NO:45/24-K-17-1 SRI KRISHNA NAGAR KURNOOL (MCORP)(VILLAGE) KURNOOL(MANDAL) KURNOOL(DIST),518005,trinityknl[at]gmail[dot]com,https://kys.udiseplus.gov.in/#/schooldetail/4698100/12,4698100,25/10/2024 19:43,2725
******91216 Operational,,"TRINITY EM HS, ASHOK NAGAR",,,,Andhra Pradesh,7-Upper Pr. and Secondary,38-Pvt.Unaided,6 To 10,3-Co-educational,2-Urban,NA,,Kurnool Ward No. 45,Kurnool-Municipal Corporations,35th WARD D.NO:45/24-K-17-1 SRIKRISHNA NAGAR ASHOK NAGAR KURNOOL (MCORP)-3(VILLAGE) KURNOOL(MANDAL) KURNOOL(DIST),518003,trinityknl[at]gmail[dot]com,https://kys.udiseplus.gov.in/#/schooldetail/4698176/12,4698176,25/10/2024 19:43,2725
******91459 Operational,,TRIVENI EM SCHOOL TV9 PRAJANAGAR COLONY KNL,,,,Andhra Pradesh,2-Primary with Upper Primary,38-Pvt.Unaided,1 To 7,3-Co-educational,1-Rural,Kurnool,B. Thandrapadu (Og),,,tv9 prajanagar colony B thandrapadu,518007,triveniemschool[at]gmail[dot]com,https://kys.udiseplus.gov.in/#/schooldetail/4698309/12,4698309,29/12/2025 11:59,2725
******90567 Operational,,TWINKLW STAR EM UP SCHOOL GOWTHAMI NAGARKALLUR,,,,Andhra Pradesh,2-Primary with Upper Primary,38-Pvt.Unaided,1 To 7,3-Co-educational,2-Urban,NA,,Kurnool Ward No. 20,Kurnool-Municipal Corporations,87/1354-2-C GOWTHAMI NAGAR KALLURU KURNOOL,518002,twinklestarsschoolknl[at]gmail[dot]com,https://kys.udiseplus.gov.in/#/schooldetail/4699066/12,4699066,23/12/2025 20:47,2725
******01018 Operational,,UMA MADHAVA SCHOOL SANTHOSH NAGAR KURNOOL,,,,Andhra Pradesh,1-Primary,38-Pvt.Unaided,1 To 5,3-Co-educational,2-Urban,NA,,Kurnool Ward No. 38,Kurnool-Municipal Corporations,SANTHOSH NAGAR MAMIDALAPADU MAMIDALAPADU(VILLAGE) KURNOOL(MANDAL) KURNOOL(DIST),518004,madhavakrishnaboya2004[at]gmail[dot]com,https://kys.udiseplus.gov.in/#/schooldetail/4697931/12,4697931,05/01/2026 15:44,2725
******91229 Operational,,UMAR ARABIC H.S OSMANIA COLLEGE KURNOOL,,,,Andhra Pradesh,7-Upper Pr. and Secondary,38-Pvt.Unaided,6 To 10,3-Co-educational,2-Urban,NA,,Kurnool Ward No. 8,Kurnool-Municipal Corporations,11th WARD OSMANIA COLLEGE ROAD KURNOOL KURNOOL (MCORP)-3(VILLAGE) KURNOOL(MANDAL) KURNOOL(DIST),518001,h.m.umar.arabic.hs[at]gmail[dot]com,https://kys.udiseplus.gov.in/#/schooldetail/4697111/12,4697111,25/10/2024 19:43,2725
******91114 Operational,,"UMMER ARABIC PRIMARY SCHOOL, 1ST WARD, OSMANIA COLLEG",,,,Andhra Pradesh,1-Primary,38-Pvt.Unaided,1 To 5,3-Co-educational,2-Urban,NA,,Kurnool Ward No. 8,Kurnool-Municipal Corporations,5th WARD OSMANIA COLLEGE ROAD KURNOOL KURNOOL (MCORP)-2(VILLAGE) KURNOOL(MANDAL) KURNOOL(DIST),518001,,https://kys.udiseplus.gov.in/#/schooldetail/4698114/12,4698114,25/10/2024 19:43,2725
******90120 Operational,,UNDER PETMPLPS(UB),,,,Andhra Pradesh,1-Primary,34-MUNCIPAL,1 To 5,3-Co-educational,2-Urban,NA,,Adoni (M) - Ward No.25,Adoni-Municipality,HAVANAPETA ADONI ADONI (M)(VILLAGE) ADONI(MANDAL) KURNOOL(DIST),518301,meo.adoni[at]gmail[dot]com,https://kys.udiseplus.gov.in/#/schooldetail/4699592/12,4699592,13/01/2023 12:02,2725
******90191 Operational,,UNDERPET MPL PS(URDU),,,,Andhra Pradesh,1-Primary,34-MUNCIPAL,1 To 5,3-Co-educational,2-Urban,NA,,Adoni (M) - Ward No.25,Adoni-Municipality,HAVANNAPETA ADONI ADONI (M)(VILLAGE) ADONI(MANDAL) KURNOOL(DIST),518301,underpetmplurdugirlseleschool[at]gmail[dot]com,https://kys.udiseplus.gov.in/#/schooldetail/4699660/12,4699660,08/02/2024 16:09,2725
******90466 Operational,,"UNIQUE E/M HIGH SCHOOL, ABBAS NAGAR, KALLUR",,,,Andhra Pradesh,7-Upper Pr. and Secondary,38-Pvt.Unaided,6 To 10,3-Co-educational,2-Urban,NA,,Kurnool Ward No. 27,Kurnool-Municipal Corporations,KALLUR ABBAS NAGAR KALLUR(VILLAGE) KALLUR(MANDAL) KURNOOL(DIST),518002,uehs1997[at]gmail[dot]com,https://kys.udiseplus.gov.in/#/schooldetail/4699008/12,4699008,24/12/2025 07:24,2725
******00406 Operational,,UNIQUE E/M PRIMARY SCHOOL ABBAS NAGAR KALLUR,,,,Andhra Pradesh,1-Primary,38-Pvt.Unaided,1 To 5,3-Co-educational,2-Urban,NA,,Kurnool Ward No. 27,Kurnool-Municipal Corporations,ABBAS NAGAR KALLUR KALLUR(VILLAGE) KALLUR(MANDAL) KURNOOL(DIST),518002,uehs1997[at]gmail[dot]com,https://kys.udiseplus.gov.in/#/schooldetail/4698880/12,4698880,21/12/2025 12:17,2725
******01309 Operational,,"UNIQUE EM SCHOOL BASTIPADU ROAD, CHINNA TEKUR",,,,Andhra Pradesh,2-Primary with Upper Primary,38-Pvt.Unaided,1 To 7,3-Co-educational,1-Rural,Kallur,Chinna Tekur,,,KALLUR CHINNA TEKUR KALLUR,518004,uehs1997[at]gmail[dot]com,https://kys.udiseplus.gov.in/#/schooldetail/4719570/12,4719570,12/02/2026 17:45,2725
******91354 Operational,,UNIQUE EM.UPS.ADONI,,,,Andhra Pradesh,2-Primary with Upper Primary,38-Pvt.Unaided,1 To 7,3-Co-educational,2-Urban,NA,,Adoni (M) - Ward No.6,Adoni-Municipality,ADONI 2 ADONI ADONI MANDAL KURNOOL (DIST),518301,SHAIKJEELAN00000[at]GMAIL[dot]COM,https://kys.udiseplus.gov.in/#/schooldetail/4699708/12,4699708,21/04/2023 15:31,2725
******01584 Operational,,"UNIQUE EM UP SCHOOL, ABDULLA NAGAR, YEMMIGANUR",,,,Andhra Pradesh,2-Primary with Upper Primary,38-Pvt.Unaided,1 To 7,3-Co-educational,2-Urban,NA,,Yemmiganur (M) - Ward No.11,Yemmiganur-Municipality,"ABDULLA NAGAR, YEMMIGANUR",518360,,https://kys.udiseplus.gov.in/#/schooldetail/4722039/12,4722039,27/12/2025 13:57,2725
******01860 Operational,,"UNITED KID SCHOOLS, JOHARPURAM, KURNOOL",,,,Andhra Pradesh,2-Primary with Upper Primary,38-Pvt.Unaided,1 To 7,3-Co-educational,2-Urban,Kurnool urban,,Kurnool Ward No. 18,"Kurnool Municipal Corporation, Kurnool","87-1362-APN-79-82, PRIYADARSHINI NAGAR JOHARAPURAM, KURNOOL",518003,bharathrajkumar1986[at]gmail[dot]com,,,24/12/2025 17:28,2725
******91210 Operational,,UNIVERSAL E.M.HIGH SCHOOL GADDA STREET KURNOOL,,,,Andhra Pradesh,7-Upper Pr. and Secondary,38-Pvt.Unaided,6 To 10,3-Co-educational,2-Urban,NA,,Kurnool Ward No. 7,Kurnool-Municipal Corporations,6th WARD GADDA KURNOOL KURNOOL (MCORP)-3(CITY) KURNOOL(MANDAL) KURNOOL(DIST),518001,universalkurnool[at]gmail[dot]com,https://kys.udiseplus.gov.in/#/schooldetail/4698171/12,4698171,23/12/2025 22:26,2725
******90598 Operational,,UNIVERSAL ENGLISH MED SCHOOL GADDASTREET KURNOOL,,,,Andhra Pradesh,1-Primary,38-Pvt.Unaided,1 To 5,3-Co-educational,2-Urban,NA,,Kurnool Ward No. 7,Kurnool-Municipal Corporations,6th WARD GADDA STREET KURNOOL KURNOOL (MCORP)(VILLAGE) KURNOOL(MANDAL) KURNOOL(DIST),518001,universalprimaryschool2019[at]gmail[dot]com,https://kys.udiseplus.gov.in/#/schooldetail/4698106/12,4698106,25/10/2024 19:43,2725
******01108 Operational,,"USHAKIRAN TALENT SCHOOL, ORVAKAL HUSSAINAPURAM",,,,Andhra Pradesh,1-Primary,38-Pvt.Unaided,1 To 5,3-Co-educational,1-Rural,Orvakal,Husainapuram,,,ORVHUSSAINAPURAM(VILLAGE) ORVAKAL(MANDAL) KURNOOL(DIST),518010,ushakirantalentschool[at]gmail[dot]com,https://kys.udiseplus.gov.in/#/schooldetail/4698833/12,4698833,21/04/2023 15:31,2725
******01811 Closed,Closed,USHODAYA EM HS GARGEYAPURAM,,,,Andhra Pradesh,7-Upper Pr. and Secondary,38-Pvt.Unaided,6 To 10,3-Co-educational,1-Rural,Kurnool,Gargeyapuram,,,GARGEYAPURAM GARGEYAPURAM GARGEYAPURAM(VILLAGE) KURNOOL(MANDAL) KURNOOL(DIST),518452,USHODAYAHIGHSCHOOL2019[at]GMAIL[dot]COM,https://kys.udiseplus.gov.in/#/schooldetail/4697969/12,4697969,14/08/2024 11:22,2725
******91173 Closed,Closed,USHODAYA EMTM SCHOOL PRAKASH NAGAR KURNOOL,,,,Andhra Pradesh,2-Primary with Upper Primary,38-Pvt.Unaided,1 To 7,3-Co-educational,2-Urban,NA,,Kurnool Ward No. 48,Kurnool-Municipal Corporations,PRAKASH NAGAR H.NO 44/166 KURNOOL KURNOOL (MCORP)-2(VILLAGE) KURNOOL(MANDAL) KURNOOL(DIST),518001,ushodayaknl[at]gmail[dot]com,https://kys.udiseplus.gov.in/#/schooldetail/4698140/12,4698140,04/08/2025 14:27,2725
******01806 Closed,Closed,USHODAYA ENG MED SCHOOL GARGEYAPURAM,,,,Andhra Pradesh,2-Primary with Upper Primary,38-Pvt.Unaided,1 To 7,3-Co-educational,1-Rural,Kurnool,Gargeyapuram,,,GARGEYAPURAM GARGEYAPURAM GARGEYAPURAM(VILLAGE) KURNOOL(MANDAL) KURNOOL(DIST),518452,ushodayahighschool2019[at]gmail[dot]com,https://kys.udiseplus.gov.in/#/schooldetail/4697967/12,4697967,09/08/2024 21:14,2725
******01610 Operational,,USHODAYA UP SCHOOLNANDAVARAM,,,,Andhra Pradesh,2-Primary with Upper Primary,38-Pvt.Unaided,1 To 7,3-Co-educational,1-Rural,Nandavaram,Nandavaram,,,NANDAVARAM NANDAVARAM NANDAVARAM(VILLAGE) NANDAVARAM(MANDAL) KURNOOL(DIST),518343,malasalavanna1975[at]gmail[dot]com,https://kys.udiseplus.gov.in/#/schooldetail/4697772/12,4697772,25/06/2024 11:32,2725
******00505 Operational,,VAAGDEVI EM UP SCHOOL KHYRUPPALA,,,,Andhra Pradesh,2-Primary with Upper Primary,38-Pvt.Unaided,1 To 7,3-Co-educational,1-Rural,Aspari,Khyruppala,,,KHYRUPPALA(V) ASPARI(M) KURNOOL DIST,518347,ravimoksha2012[at]gmail[dot]com,https://kys.udiseplus.gov.in/#/schooldetail/4719858/12,4719858,21/12/2025 20:59,2725
******03920 Operational,,VAAGDEVI EM UPS SADAPURAM,,,,Andhra Pradesh,2-Primary with Upper Primary,38-Pvt.Unaided,1 To 7,3-Co-educational,1-Rural,Adoni,Mandagiri (Rural),,,NEW CHAITANYA COLONY ADONI,518301,Vaagdevischool2018[at]gmail[dot]com,https://kys.udiseplus.gov.in/#/schooldetail/4699558/12,4699558,21/11/2023 10:43,2725
******90127 Operational,,VADDEGERI MPLPS,,,,Andhra Pradesh,1-Primary,34-MUNCIPAL,1 To 5,3-Co-educational,2-Urban,NA,,Adoni (M) - Ward No.7,Adoni-Municipality,7th ward boya ADONI ADONI (M)(VILLAGE) ADONI(MANDAL) KURNOOL(DIST),518301,,https://kys.udiseplus.gov.in/#/schooldetail/4699599/12,4699599,13/01/2023 11:37,2725
******02110 Operational,,VAISHNAVI HS MANRALAYAM,,,,Andhra Pradesh,7-Upper Pr. and Secondary,38-Pvt.Unaided,6 To 10,3-Co-educational,1-Rural,Mantralayam,Manchala,,,MANTRALAYAM MANTRALAYAM MANTRALAYAM(VILLAGE) MANTRALAYAM(MANDAL) KURNOOL(DIST),518345,srivishnaviemschool19[at]gmail[dot]com,https://kys.udiseplus.gov.in/#/schooldetail/4697727/12,4697727,15/10/2020 12:18,2725
******02111 Operational,,VAISHNAVI PS MANTRALAYAM,,,,Andhra Pradesh,1-Primary,38-Pvt.Unaided,1 To 5,3-Co-educational,1-Rural,Mantralayam,Manchala,,,Sushameendra Nagar Madhavaram Road Mantralayam village and Mandal Kurnool Dist AP pincode 518345,518345,srivaishnaviemschool9[at]gmail[dot]com,https://kys.udiseplus.gov.in/#/schooldetail/4697728/12,4697728,21/04/2023 15:31,2725
******01205 Operational,,"VALILALA VARMA & SWARUP RURAL EM SCHOOL, OBULAPURAM(V),KALLUR(M)",,,,Andhra Pradesh,1-Primary,38-Pvt.Unaided,1 To 5,3-Co-educational,1-Rural,Kallur,Thadakanapalle,,,chinna tekur KALLUR MANDAL,518218,kalyanadurgamswarnalatha[at]gmail[dot]com,https://kys.udiseplus.gov.in/#/schooldetail/4698941/12,4698941,23/12/2025 12:51,2725
******91442 Closed,Closed,"VARMA EM HS, CLHITTARI STREET",,,,Andhra Pradesh,7-Upper Pr. and Secondary,38-Pvt.Unaided,6 To 10,3-Co-educational,2-Urban,NA,,Kurnool Ward No. 7,Kurnool-Municipal Corporations,26/233 CHITTARI STREET KURNOOL,518001,varmasch[at]gmail[dot]com,https://kys.udiseplus.gov.in/#/schooldetail/4698299/12,4698299,25/10/2024 19:43,2725
******91396 Operational,,"VARMA EM SCHOOL, 1 TOWN, OPP CHINNA MARKET",,,,Andhra Pradesh,2-Primary with Upper Primary,38-Pvt.Unaided,1 To 7,3-Co-educational,2-Urban,NA,,Kurnool Ward No. 3,Kurnool-Municipal Corporations,I TOWN OPP CHINNA MARKET KURNOOL,518001,shaikjaffar2[at]gmail[dot]com,https://kys.udiseplus.gov.in/#/schooldetail/4698260/12,4698260,25/10/2024 19:43,2725
******91441 Closed,Closed,"VARMA (EM,TM) PS, CHITTARI STREET",,,,Andhra Pradesh,1-Primary,38-Pvt.Unaided,1 To 5,3-Co-educational,2-Urban,NA,,Kurnool Ward No. 7,Kurnool-Municipal Corporations,26/233 chittari street kurnool,518001,varmasch[at]gmail[dot]com,https://kys.udiseplus.gov.in/#/schooldetail/4698298/12,4698298,25/10/2024 19:43,2725
******02404 Closed,Closed,VASAVI EM UPS B.THANDRAPADU,,,,Andhra Pradesh,2-Primary with Upper Primary,38-Pvt.Unaided,1 To 7,3-Co-educational,1-Rural,Kurnool,B. Thandrapadu (Og),,,B.THANDRAPDU B.THANDRAPADU B.THANDRAPADU(VILLAGE) KURNOOL(MANDAL) KURNOOL(DIST),518007,,https://kys.udiseplus.gov.in/#/schooldetail/4698005/12,4698005,10/05/2022 17:33,2725
******01279 Operational,,"VASAVI GLOBAL EM SCHOOL, MADHAVA VEEDHI, KURNOOL",,,,Andhra Pradesh,6-Pr. Up Pr. and Secondary Only,38-Pvt.Unaided,1 To 10,3-Co-educational,2-Urban,NA,,Kurnool Ward No. 2,Kurnool-Municipal Corporations,"53/40,Uttaradi Mutt Road,Madhava Veedhi,KURNOOL",518001,vasaviglobalschool[at]gmail[dot]com,https://kys.udiseplus.gov.in/#/schooldetail/4721701/12,4721701,25/10/2024 19:43,2725
******01112 Operational,,"VASISHTHA EM UP SCHOOL, MADDIKERA",,,,Andhra Pradesh,2-Primary with Upper Primary,38-Pvt.Unaided,1 To 7,3-Co-educational,1-Rural,Maddikera (East),Maddikera (East),,,"VASISTHA EM UP SCHOOL, MADDIKERA KOTHAPALLI ROAD",518385,,https://kys.udiseplus.gov.in/#/schooldetail/4721568/12,4721568,28/06/2025 17:07,2725
******01206 Operational,,"VAVILALA VARMA AND SWARUP RURAL EM HS,OBULAPURAM",,,,Andhra Pradesh,7-Upper Pr. and Secondary,38-Pvt.Unaided,6 To 10,3-Co-educational,1-Rural,Kallur,Thadakanapalle,,,chinna tekur kallur mandal kurnool,518218,kalyanadurgamswarnalatha[at]gmail[dot]com,https://kys.udiseplus.gov.in/#/schooldetail/4698942/12,4698942,23/12/2025 12:51,2725
******01215 Operational,,VBR EM UP SCHOOL DEVANAKONDA,,,,Andhra Pradesh,2-Primary with Upper Primary,38-Pvt.Unaided,1 To 7,3-Co-educational,1-Rural,Devanakonda,Devanakonda,,,pattikonda main road devanakonda,518465,vbremschool[at]gmail[dot]com,https://kys.udiseplus.gov.in/#/schooldetail/4699978/12,4699978,23/12/2025 19:02,2725
******01323 Operational,,"VBS EM UP SCHOOL, KOTEKAL, YEMMIGANUR",,,,Andhra Pradesh,2-Primary with Upper Primary,38-Pvt.Unaided,1 To 7,3-Co-educational,1-Rural,Yemmiganur,Kotekal,,,"KOTEKAL VILLAGE ,YEMMIGANUR MANDALAM, KURNOOL DIST",518360,vbsschool23[at]gmail[dot]com,https://kys.udiseplus.gov.in/#/schooldetail/4721798/12,4721798,29/07/2024 22:37,2725
******01191 Operational,,"VEDANSHI E.M UP SCHOOL,PEDDAPADU(V), KALLUR(M)",,,,Andhra Pradesh,2-Primary with Upper Primary,38-Pvt.Unaided,1 To 7,3-Co-educational,2-Urban,NA,,Kurnool Ward No. 36,Kurnool-Municipal Corporations,"Veadanshi EM UP SChool, D.NO-122-2-85, PEDDAPADU, Peddapadu(V), Kallur(M)",518003,vedanshiemschool[at]gmail[dot]com,https://kys.udiseplus.gov.in/#/schooldetail/4721544/12,4721544,23/12/2025 20:10,2725
******01820 Operational,,"VEDA VOCAITONAL JUNIOR COLLEGE,ADONI",,,,Andhra Pradesh,11-Higher Secondary only/Jr. College,38-Pvt.Unaided,11 To 12,3-Co-educational,2-Urban,NA,,Adoni (M) - Ward No.14,Adoni-Municipality,BESIDES OLD BRIDGE ADONI,518301,vedavocationaljuniorcollege[at]gmail[dot]com,,,22/12/2025 12:53,2725
******00406 Closed,Closed,VEENASRI CONCEPT SCHOOL,,,,Andhra Pradesh,2-Primary with Upper Primary,38-Pvt.Unaided,1 To 7,3-Co-educational,1-Rural,C.Belagal,Kondapuram,,,MUDUMALA MUDUMALA KONDAPURAM(VILLAGE) C.BELAGAL(MANDAL) KURNOOL(DIST),518462,,https://kys.udiseplus.gov.in/#/schooldetail/4697796/12,4697796,05/02/2023 17:16,2725
******90607 Closed,Closed,VEERAM ANASUYAMMA (VOC) JR COLLEGE,,,,Andhra Pradesh,11-Higher Secondary only/Jr. College,38-Pvt.Unaided,11 To 12,3-Co-educational,2-Urban,NA,,Kurnool Ward No. 44,Kurnool-Municipal Corporations,NA,NA,,https://kys.udiseplus.gov.in/#/schooldetail/4719857/12,4719857,25/10/2024 19:43,2725
******90175 Closed,Closed,VEERASIVA KANNADA AIDED U,,,,Andhra Pradesh,2-Primary with Upper Primary,35-Pvt.Aided,1 To 7,3-Co-educational,2-Urban,NA,,Adoni (M) - Ward No.13,Adoni-Municipality,KHAZIPURA ADONI ADONI (M)(VILLAGE) ADONI(MANDAL) KURNOOL(DIST),518301,,https://kys.udiseplus.gov.in/#/schooldetail/4699647/12,4699647,09/05/2022 16:37,2725
******00735 Operational,,VEERA VIGNAN EM UPPER PRIMARY SCHOOL URUKUNDA,,,,Andhra Pradesh,2-Primary with Upper Primary,38-Pvt.Unaided,1 To 7,3-Co-educational,1-Rural,Kowthalam,Urukunda,,,URUKUNDA VILLAGE KOWTHALAM MANDAL,518344,,https://kys.udiseplus.gov.in/#/schooldetail/4721169/12,4721169,02/02/2024 19:55,2725
******01818 Operational,,"VEGA VEDAS EM UP SCHOOL, KAPATI",,,,Andhra Pradesh,2-Primary with Upper Primary,38-Pvt.Unaided,1 To 7,3-Co-educational,1-Rural,Adoni,Kapati,,,"BC COLONY, KAPATI ADONI",518323,kvenkatesulu1984[at]gmail[dot]com,,,22/12/2025 12:53,2725
******90136 Operational,,VENKANNAGERI MPL.ELE SCHO,,,,Andhra Pradesh,1-Primary,34-MUNCIPAL,1 To 5,3-Co-educational,2-Urban,NA,,Adoni (M) - Ward No.20,Adoni-Municipality,19th WARD ADONI ADONI (M)(VILLAGE) ADONI(MANDAL) KURNOOL(DIST),518301,,https://kys.udiseplus.gov.in/#/schooldetail/4699608/12,4699608,15/10/2020 12:18,2725
******02102 Operational,,VENKATESWARA ELE,,,,Andhra Pradesh,1-Primary,38-Pvt.Unaided,1 To 5,3-Co-educational,1-Rural,Mantralayam,Manchala,,,RAMACHANDRA NAGAR NEAR BUSSTAND MANTRALAYAM(VILLAGE) MANTRALAYAM(MANDAL) KURNOOL(DIST),518345,svh.headmaster[at]gmail[dot]com,https://kys.udiseplus.gov.in/#/schooldetail/4697722/12,4697722,21/04/2023 15:31,2725
******00309 Closed,Closed,VENKATESWARA P S TERUBAZAR KODUMUR,,,,Andhra Pradesh,1-Primary,38-Pvt.Unaided,1 To 5,3-Co-educational,1-Rural,Kodumur,Kodumur,,,KODUMUR TERUVEEDI KODUMUR(VILLAGE) KODUMUR(MANDAL) KURNOOL(DIST),518464,kiranbvalmiki[at]gmail[dot]com,https://kys.udiseplus.gov.in/#/schooldetail/4699105/12,4699105,10/05/2022 13:02,2725
******00632 Operational,,VENUS EM UP SCHOOL GUDUR,,,,Andhra Pradesh,2-Primary with Upper Primary,38-Pvt.Unaided,1 To 7,3-Co-educational,2-Urban,NA,,Gudur (M) - Ward No.13,Gudur (kurnool)-Town Panchayat,R KHANAPURAM ROAD GUDUR VILLAGE GUDUR MANDAL KURNOOL DISTRICT,518466,meo.gudur[at]gmail[dot]com,https://kys.udiseplus.gov.in/#/schooldetail/4697866/12,4697866,21/04/2023 15:31,2725
******02023 Operational,,VIBGYOR WORLD SCHOOL UPS TVR COLONY YEMMIGANUR,,,,Andhra Pradesh,2-Primary with Upper Primary,38-Pvt.Unaided,1 To 7,3-Co-educational,2-Urban,Yemmiganur,,Yemmiganur (M) - Ward No.14,Yemmiganur-Municipality,TVR COLONY YEMMIGANUR,518360,,,,27/12/2025 13:56,2725
******00806 Operational,,VICTORY EM UP SCHOOL YELLARTHY,,,,Andhra Pradesh,2-Primary with Upper Primary,38-Pvt.Unaided,1 To 7,3-Co-educational,1-Rural,Holagunda,Yellarthy,,,Near Shaikshavali darga Yellarthy,518395,victory.school[at]gmail[dot]com,https://kys.udiseplus.gov.in/#/schooldetail/4719860/12,4719860,02/12/2023 16:14,2725
******00163 Operational,,"VIDHYOTHA EM UP SCHOOL,ASPARI",,,,Andhra Pradesh,2-Primary with Upper Primary,38-Pvt.Unaided,1 To 7,3-Co-educational,1-Rural,Aspari,Aspari,,,ASPARI VILLAGE AND MANDAL KURNOOL DIST,518347,,https://kys.udiseplus.gov.in/#/schooldetail/4720574/12,4720574,21/12/2025 21:01,2725
******00103 Closed,Closed,"VIDYANIDHI EM UP SCHOOL,NADICHAGI",,,,Andhra Pradesh,2-Primary with Upper Primary,38-Pvt.Unaided,1 To 7,3-Co-educational,1-Rural,Kowthalam,Nadichagi,,,NADICHAGI KOWTHALAM KURNOOL,518344,SRIBASAVESWARAEMUPSJAMPAPURAM[at]gmail[dot]com,https://kys.udiseplus.gov.in/#/schooldetail/4697529/12,4697529,09/05/2022 16:55,2725
******91503 Sanctioned but not Operational,,VIDYA VIKAS JUNIOR COLLEGE NRPETA KURNOOL,,,,Andhra Pradesh,11-Higher Secondary only/Jr. College,38-Pvt.Unaided,11 To 12,3-Co-educational,2-Urban,NA,,Kurnool Ward No. 48,Kurnool-Municipal Corporations,43-122 N R PETA,518001,prathaprajup1970[at]gmail[dot]com,https://kys.udiseplus.gov.in/#/schooldetail/4719549/12,4719549,25/10/2024 19:43,2725
******91102 Operational,,VIGNANA MANDIR VIDYALAYA 26TH WARD KURNOOL,,,,Andhra Pradesh,2-Primary with Upper Primary,38-Pvt.Unaided,1 To 7,3-Co-educational,2-Urban,NA,,Kurnool Ward No. 22,Kurnool-Municipal Corporations,26th WARD KURNOOL KURNOOL (MCORP)-2(VILLAGE) KURNOOL(MANDAL) KURNOOL(DIST),518002,vignanamandir1969[at]gmail[dot]com,https://kys.udiseplus.gov.in/#/schooldetail/4697015/12,4697015,22/12/2025 21:01,2725
******02308 Operational,,VIGNANA PEETAM AIDED H.S G.PULLA REDDY NAGAR KURNOOL,,,,Andhra Pradesh,7-Upper Pr. and Secondary,35-Pvt.Aided,6 To 10,3-Co-educational,1-Rural,Kurnool,Dinnadevarapadu (Og),,,G.PULLAREDDY NAGAR DINNEDEVARAPADU DINNEDEVARAPADU(VILLAGE) KURNOOL(MANDAL) KURNOOL(DIST),518002,vignanapeethamgpr[at]gmail[dot]com,https://kys.udiseplus.gov.in/#/schooldetail/4697990/12,4697990,27/12/2025 13:29,2725
******02303 Operational,,VIGNANAPEETAM AIDED P.S G.PULLAREDDY NAGAR KURNOOL,,,,Andhra Pradesh,1-Primary,35-Pvt.Aided,1 To 5,3-Co-educational,1-Rural,Kurnool,Dinnadevarapadu (Og),,,G PULLAREDDY NAGAR DINNEDEVARAPADU DINNEDEVARAPADU(VILLAGE) KURNOOL(MANDAL) KURNOOL(DIST),518007,,https://kys.udiseplus.gov.in/#/schooldetail/4697986/12,4697986,27/12/2025 12:58,2725
******01016 Operational,,"VIGNANA PEETHAM EM SCHOOL, G PULLA REDDY NAGAR, KURNOOL",,,,Andhra Pradesh,2-Primary with Upper Primary,38-Pvt.Unaided,1 To 7,3-Co-educational,1-Rural,Kurnool,Dinnadevarapadu (Og),,,G PULLA REDDY NAGAR KURNOOL,518002,,https://kys.udiseplus.gov.in/#/schooldetail/4721435/12,4721435,29/12/2025 12:07,2725
******00381 Operational,,VIGNANASUDHA EM HIGH SCHOOL MUJAFAR NAGAR KALLUR,,,,Andhra Pradesh,7-Upper Pr. and Secondary,38-Pvt.Unaided,6 To 10,3-Co-educational,2-Urban,NA,,Kurnool Ward No. 32,Kurnool-Municipal Corporations,"MADARAJ NAGAR,KALLUR MANDAL",518003,rajegoutham[at]gmail[dot]com,https://kys.udiseplus.gov.in/#/schooldetail/4720795/12,4720795,23/12/2025 20:15,2725
******00371 Operational,,VIGNANASUDHA EM PRIMARY SCHOOL MUDIRAJ NAGAR KALLUR,,,,Andhra Pradesh,1-Primary,38-Pvt.Unaided,1 To 5,3-Co-educational,2-Urban,NA,,Kurnool Ward No. 23,Kurnool-Municipal Corporations,"MADIRAJ NAGAR,KALLUR MANDAL",518003,rajegoutham[at]gmail[dot]com,https://kys.udiseplus.gov.in/#/schooldetail/4720786/12,4720786,23/12/2025 12:45,2725
******00427 Operational,,VIGNANA SUDHA EM/TM S MUZAFFAR NAGAR,,,,Andhra Pradesh,1-Primary,38-Pvt.Unaided,1 To 5,3-Co-educational,2-Urban,NA,,Kurnool Ward No. 23,Kurnool-Municipal Corporations,MUZAFFAR NAGAR KALLUR MANDAL KALLUR(VILLAGE) KALLUR(MANDAL) KURNOOL(DIST),518003,rajegoutham[at]gmail[dot]com,https://kys.udiseplus.gov.in/#/schooldetail/4698892/12,4698892,21/12/2025 12:33,2725
******00249 Operational,,VIGNAN EM HIGH SCHOOL YEMMIGANUR,,,,Andhra Pradesh,7-Upper Pr. and Secondary,38-Pvt.Unaided,6 To 10,3-Co-educational,2-Urban,NA,,Yemmiganur Ward No. 21,Yemmiganur-Municipality,YEMMIGANUR YEMMIGANUR YEMMIGANUIR(VILLAGE) YEMMIGANUR(MANDAL) KURNOOL(DIST),518360,sarlamohan8[at]gmail[dot]com,https://kys.udiseplus.gov.in/#/schooldetail/4699254/12,4699254,11/09/2024 10:21,2725
******00227 Operational,,VIGNAN EM PRIMARY SCHOOLYEMMIGANUR,,,,Andhra Pradesh,1-Primary,38-Pvt.Unaided,1 To 5,3-Co-educational,2-Urban,NA,,Yemmiganur Ward No. 21,Yemmiganur-Municipality,H No:1/1388-2A HBS COLONY yemmiganur,518360,sarlamohan8[at]gmail[dot]com,https://kys.udiseplus.gov.in/#/schooldetail/4699241/12,4699241,16/06/2023 15:21,2725
******91221 Permanently Closed,,VIGNAN MANDIR VIDYALAYAM 26TH WARD B.CAMP KURNOOL,,,,Andhra Pradesh,7-Upper Pr. and Secondary,38-Pvt.Unaided,6 To 10,3-Co-educational,9-NA,NA,,,,NA,518002,,https://kys.udiseplus.gov.in/#/schooldetail/4717325/12,4717325,25/10/2024 19:43,2725
******01511 Operational,,"VIJAYALAKSHMI EM UPS, GUNDLAKONDA",,,,Andhra Pradesh,2-Primary with Upper Primary,38-Pvt.Unaided,1 To 7,3-Co-educational,1-Rural,Devanakonda,Gundlakonda,,,devanakonda mandal kurnool district,518216,krishnalingadu2[at]gmail[dot]com,https://kys.udiseplus.gov.in/#/schooldetail/4700001/12,4700001,23/12/2025 19:03,2725
******90558 Closed,Closed,VIJAYA MEMO AIDED PS 25TH WARD SANJAY NAGAR KURNOOL,,,,Andhra Pradesh,1-Primary,35-Pvt.Aided,1 To 5,3-Co-educational,2-Urban,NA,,Kurnool Ward No. 16,Kurnool-Municipal Corporations,46-1 SANJAY GANDHI NAGAR NEAR RAVI TALKIES KURNOOL (MCORP)(VILLAGE) KURNOOL(MANDAL) KURNOOL(DIST),518002,,https://kys.udiseplus.gov.in/#/schooldetail/4698080/12,4698080,25/10/2024 19:43,2725
******91164 Operational,,"VIJAYAPUBLIC SCHOOL, BUDHWARPETA, KURNOOL",,,,Andhra Pradesh,2-Primary with Upper Primary,38-Pvt.Unaided,1 To 7,3-Co-educational,2-Urban,NA,,Kurnool Ward No. 14,Kurnool-Municipal Corporations,BUDHAWARPETA H.NO 46/155 KURNOOL KURNOOL (MCORP)-2(VILLAGE) KURNOOL(MANDAL) KURNOOL(DIST),518002,meo.kurnool07[at]gmail[dot]com,https://kys.udiseplus.gov.in/#/schooldetail/4698137/12,4698137,22/12/2025 22:49,2725
******91026 Operational,,VIJAYA VIDYA VIHAR MAREMMA TEMPLE,,,,Andhra Pradesh,1-Primary,38-Pvt.Unaided,1 To 5,3-Co-educational,2-Urban,NA,,Yemmiganur (M) - Ward No.12,Yemmiganur-Municipality,MAREMMA TEMPLE YEMMIGANUR YEMMIGANUR(M)(VILLAGE) YEMMIGANUR(MANDAL) KURNOOL(DIST),518360,vijayemmiganur[at]gmail[dot]com,https://kys.udiseplus.gov.in/#/schooldetail/4699365/12,4699365,23/09/2024 18:52,2725
******01120 Operational,,"VIJAYA VITTALA EM UP SCHOOL, CHIPPGIRI",,,,Andhra Pradesh,2-Primary with Upper Primary,38-Pvt.Unaided,1 To 7,3-Co-educational,1-Rural,Chippagiri,Chippagiri,,,Near Govindappa Swamy Temple Chippagiri Village Kurnool District Andhra Pradesh,518396,,https://kys.udiseplus.gov.in/#/schooldetail/4721649/12,4721649,08/09/2024 13:09,2725
******01916 Operational,,VIJETHA EM HIGH SCHOOL ASPARI,,,,Andhra Pradesh,7-Upper Pr. and Secondary,38-Pvt.Unaided,6 To 10,3-Co-educational,1-Rural,Aspari,Aspari,,,lakshmi garden in aspari,518347,vijethaschool009[at]gmail[dot]com,https://kys.udiseplus.gov.in/#/schooldetail/4699914/12,4699914,21/12/2025 21:05,2725
******01864 Operational,,"VIJETHA EM SCHOOL, DEVANAKONDA",,,,Andhra Pradesh,2-Primary with Upper Primary,38-Pvt.Unaided,1 To 7,3-Co-educational,1-Rural,Devanakonda,Devanakonda,,,"SY NO-994, P.KOTAKONDA DEVANKONDA",518225,,,,23/12/2025 19:04,2725
******90498 Operational,,VIJETHA EMTM H.S.,,,,Andhra Pradesh,7-Upper Pr. and Secondary,38-Pvt.Unaided,6 To 10,3-Co-educational,2-Urban,NA,,Kurnool Ward No. 30,Kurnool-Municipal Corporations,B.CAMP VENKATESWARA NAGAR KALLUR KALLUR(VILLAGE) KALLUR(MANDAL) KURNOOL(DIST),518002,bsreddy1668[at]gmail[dot]com,https://kys.udiseplus.gov.in/#/schooldetail/4699020/12,4699020,24/12/2025 07:19,2725
******00417 Operational,,VIJETHA PRIMARY SCHOOL B.CAMPKALLUR,,,,Andhra Pradesh,1-Primary,38-Pvt.Unaided,1 To 5,3-Co-educational,2-Urban,NA,,Kurnool Ward No. 23,Kurnool-Municipal Corporations,SRI VENKATESWARA NAGAR B.CAMP POST KALLUR MANDAL KALLUR(MANDAL) KURNOOL 518002(DIST),518002,bsreddy1668[at]gmail[dot]com,https://kys.udiseplus.gov.in/#/schooldetail/4698888/12,4698888,21/12/2025 12:33,2725
******00309 Operational,,VIJETHA TALENT PS EM.SCHOOL PEDDA HARIVANAM,,,,Andhra Pradesh,1-Primary,38-Pvt.Unaided,1 To 5,3-Co-educational,1-Rural,Adoni,Pedda Harivanam,,,PEDDA HARIVANAM 2 PEDDA HARIVANAM (VILLAGE) ADONI (MANDAL) KURNOOL (DIST),518308,marlabandir[at]gmail[dot]come,https://kys.udiseplus.gov.in/#/schooldetail/4699467/12,4699467,22/12/2025 12:51,2725
******00480 Operational,,"VIJETHA UP SCHOOL, THADAKANAPALLI",,,,Andhra Pradesh,2-Primary with Upper Primary,38-Pvt.Unaided,1 To 7,3-Co-educational,1-Rural,Kallur,Thadakanapalle,,,THADAKANAPALLE (VILLAGE) KALLUR(MANDAL) KURNOOL(DIST),518218,vijethaschool056[at]gmail[dot]com,https://kys.udiseplus.gov.in/#/schooldetail/4698906/12,4698906,21/12/2025 12:41,2725
******91380 Operational,,VIJETHA VIDYALAYA EM HIGH SCL,,,,Andhra Pradesh,7-Upper Pr. and Secondary,38-Pvt.Unaided,6 To 10,3-Co-educational,2-Urban,NA,,Kurnool Ward No. 23,Kurnool-Municipal Corporations,49/50A-406 SREE RAMA NAGAR C CAMP,518002,vijethavidyalayaemhighschool[at]gmail[dot]com,https://kys.udiseplus.gov.in/#/schooldetail/4698248/12,4698248,25/10/2024 19:43,2725
******00474 Operational,,VIJETHA VIDYALAYA E.M S SREE RAM NAGAR KALLUR,,,,Andhra Pradesh,1-Primary,38-Pvt.Unaided,1 To 5,3-Co-educational,2-Urban,NA,,Kurnool Ward No. 12,Kurnool-Municipal Corporations,SREE RAM NAGAR KALLUR KALLUR(VILLAGE) KALLUR(MANDAL) KURNOOL(DIST),518002,vijethavidyalayaemhighschool[at]gmail[dot]com,https://kys.udiseplus.gov.in/#/schooldetail/4698901/12,4698901,24/12/2025 17:56,2725
******90196 Operational,,VIKAS E.M.U.P.S,,,,Andhra Pradesh,2-Primary with Upper Primary,38-Pvt.Unaided,1 To 7,3-Co-educational,2-Urban,NA,,Adoni (M) - Ward No.23,Adoni-Municipality,KANCHIGERI STREET ADONI ADONI (M)(VILLAGE) ADONI(MANDAL) KURNOOL(DIST),518301,,https://kys.udiseplus.gov.in/#/schooldetail/4699663/12,4699663,21/04/2023 15:31,2725
******91476 Operational,,VIKAS VIDYALAYA OPP GHOUSIYA COMPLES LAXMI NAGAR KNL,,,,Andhra Pradesh,2-Primary with Upper Primary,38-Pvt.Unaided,1 To 7,3-Co-educational,2-Urban,NA,,Kurnool Ward No. 24,Kurnool-Municipal Corporations,Plot No 1 Opp Ghousiya complex lakshmi nagar kurnool,518002,vikasvidyalayaknl[at]gmail[dot]com,https://kys.udiseplus.gov.in/#/schooldetail/4698324/12,4698324,25/10/2024 19:43,2725
******91314 Operational,,VIKAS VIDYA NIKETAN HS LAKSHMI NAGAR KURNOOL,,,,Andhra Pradesh,7-Upper Pr. and Secondary,38-Pvt.Unaided,6 To 10,3-Co-educational,2-Urban,NA,,Kurnool Ward No. 24,Kurnool-Municipal Corporations,Plot no 24 - 25 LAKSHMI NAGAR KURNOOL KURNOOL(MCORP)-4(VILLAGE) KURNOOL(MANDAL) KURNOOL(DIST),518002,vikasvidyaniketan[at]gmail[dot]com,https://kys.udiseplus.gov.in/#/schooldetail/4697144/12,4697144,25/10/2024 19:43,2725
******91313 Operational,,VIKAS VIDYA NIKETAN PS LAKSHMI NAGAR KURNOOL,,,,Andhra Pradesh,1-Primary,38-Pvt.Unaided,1 To 5,3-Co-educational,2-Urban,NA,,Kurnool Ward No. 24,Kurnool-Municipal Corporations,PLOT NO 24- 25 LAKSHMI NAGAR KURNOOL KURNOOL(MCORP)-4(VILLAGE) KURNOOL(MANDAL) KURNOOL(DIST),518002,vikasvidyaniketan[at]gmail[dot]com,https://kys.udiseplus.gov.in/#/schooldetail/4697143/12,4697143,25/10/2024 19:43,2725
******00506 Operational,,VIKAS VIDYA VIHAR UPSTBP COLONY GONEGANDLA,,,,Andhra Pradesh,2-Primary with Upper Primary,38-Pvt.Unaided,1 To 7,3-Co-educational,1-Rural,Gonegandla,Gonegandla,,,GONEGANDLA B C COLONY GONEGANDLA(VILLAGE) GONEGANDLA(MANDAL) KURNOOL(DIST),518463,,https://kys.udiseplus.gov.in/#/schooldetail/4699189/12,4699189,12/02/2026 10:47,2725
******91428 Operational,,VIMALA EM UPS KURNOOL,,,,Andhra Pradesh,2-Primary with Upper Primary,38-Pvt.Unaided,1 To 7,3-Co-educational,2-Urban,NA,,Kurnool Ward No. 9,Kurnool-Municipal Corporations,TELUGU STREET MCORP 5 KURNOOL,518002,,https://kys.udiseplus.gov.in/#/schooldetail/4698285/12,4698285,25/10/2024 19:43,2725
******91141 Operational,,"VIMALA UPS, CHITTARI STREET",,,,Andhra Pradesh,2-Primary with Upper Primary,38-Pvt.Unaided,1 To 7,3-Co-educational,2-Urban,NA,,Kurnool Ward No. 5,Kurnool-Municipal Corporations,15th WARD 28th PETA NEAR ONE TOWN POLICE STATION KURNOOL (MCORP)-2(VILLAGE) KURNOOL(MANDAL) KURNOOL(DIST),518004,vaups[at]gmail[dot]com,https://kys.udiseplus.gov.in/#/schooldetail/4697045/12,4697045,22/12/2025 22:17,2725
******00904 Operational,,VINAYAKA UP RYS ET,,,,Andhra Pradesh,2-Primary with Upper Primary,38-Pvt.Unaided,1 To 7,3-Co-educational,1-Rural,Halaharvi,Gulyam,,,GULYAM HALAHARVI GULYAM(VILLAGE) HALAHARVI(MANDAL) KURNOOL(DIST),518348,svups.gulyam[at]gmail[dot]com,https://kys.udiseplus.gov.in/#/schooldetail/4701985/12,4701985,21/04/2023 15:31,2725
******02824 Operational,,VINDHYA SREE EM HIGH SCHOOL,,,,Andhra Pradesh,7-Upper Pr. and Secondary,38-Pvt.Unaided,6 To 10,3-Co-educational,2-Urban,NA,,Adoni (M) - Ward No.17,Adoni-Municipality,HNO 17/151/1A SHANKAR NAGAR ALUR ROAD ADONI KURNOOL dist,518301,psnagendra513[at]gmail[dot]com,https://kys.udiseplus.gov.in/#/schooldetail/4699528/12,4699528,15/10/2020 12:18,2725
******91324 Operational,,VINDHYA SREE EMTM PS ADONI,,,,Andhra Pradesh,1-Primary,38-Pvt.Unaided,1 To 5,3-Co-educational,2-Urban,NA,,Adoni (M) - Ward No.17,Adoni-Municipality,HNO 17/151/A SHANKAR NAGAR ALUR RAOD ADONI KURNOOL(DIST),518301,psnagendra513[at]gmail[dot]com,https://kys.udiseplus.gov.in/#/schooldetail/4699686/12,4699686,16/06/2023 15:21,2725
******91110 Sanctioned but not Operational,,VISHWAVANI VIDYA NIKETAN 35TH WARD KURNOOL,,,,Andhra Pradesh,1-Primary,38-Pvt.Unaided,1 To 5,3-Co-educational,2-Urban,NA,,Kurnool Ward No. 44,Kurnool-Municipal Corporations,42th WARD KURNOOL KURNOOL (MCORP)-2(VILLAGE) KURNOOL(MANDAL) KURNOOL(DIST),518003,chinna8042[at]gmail[dot]com,https://kys.udiseplus.gov.in/#/schooldetail/4698109/12,4698109,25/10/2024 19:43,2725
******91214 Sanctioned but not Operational,,VISHWAVANI VIDYANIKETHAN SEETHARAM NAGAR KURNOOL,,,,Andhra Pradesh,7-Upper Pr. and Secondary,38-Pvt.Unaided,6 To 10,3-Co-educational,2-Urban,NA,,Kurnool Ward No. 44,Kurnool-Municipal Corporations,KURNOOL (M.CORP) SEETHARAMA NAGAR KURNOOL (MCORP)-3(VILLAGE) KURNOOL(MANDAL) KURNOOL(DIST),518003,viswavanienglishmediumschool[at]gmail[dot]com,https://kys.udiseplus.gov.in/#/schooldetail/4698174/12,4698174,25/10/2024 19:43,2725
******01305 Operational,,VISWA GEETHIKA UPS,,,,Andhra Pradesh,2-Primary with Upper Primary,38-Pvt.Unaided,1 To 8,3-Co-educational,1-Rural,Kallur,Chinna Tekur,,,CHINNA TEKUR KALLUR CHINNA TEKUR(VILLAGE) KALLUR(MANDAL) KURNOOL(DIST),518218,chamakurachandrappa[at]gmail[dot]com,https://kys.udiseplus.gov.in/#/schooldetail/4698947/12,4698947,23/12/2025 12:54,2725
******91204 Operational,,"VIVEKANANDA BALA VIDYA MANDIR, 1ST WARD, FORT",,,,Andhra Pradesh,7-Upper Pr. and Secondary,38-Pvt.Unaided,6 To 10,3-Co-educational,2-Urban,NA,,Kurnool Ward No. 1,Kurnool-Municipal Corporations,1st WARD FORT KURNOOL KURNOOL (MCORP)-3(VILLAGE) KURNOOL(MANDAL) KURNOOL(DIST),518001,vbvm1983[at]gmail[dot]com,https://kys.udiseplus.gov.in/#/schooldetail/4698166/12,4698166,25/10/2024 19:43,2725
******90585 Operational,,VIVEKANANDA BALA VIDYA MANDIR FORT CHIDAMBARAM STREET,,,,Andhra Pradesh,1-Primary,38-Pvt.Unaided,1 To 5,3-Co-educational,2-Urban,NA,,Kurnool Ward No. 1,Kurnool-Municipal Corporations,FORT CHIDANBARARAO STREET KURNOOL KURNOOL (MCORP)(VILLAGE) KURNOOL(MANDAL) KURNOOL(DIST),518001,vbvm[at]1983gmail[dot]com,https://kys.udiseplus.gov.in/#/schooldetail/4698093/12,4698093,22/12/2025 20:42,2725
******00207 Operational,,VIVEKANANDA EDU SOCI,,,,Andhra Pradesh,2-Primary with Upper Primary,38-Pvt.Unaided,1 To 7,3-Co-educational,1-Rural,Devanakonda,Ternekal,,,TERNEKAL TERNEKAL TERNEKAL(VILLAGE) DEVANAKONDA(MANDAL) KURNOOL(DIST),518465,upparakotesh123[at]gmail[dot]com,https://kys.udiseplus.gov.in/#/schooldetail/4699929/12,4699929,23/12/2025 19:05,2725
******02421 Operational,,VIVEKANANDA EM UPS KOSIGI,,,,Andhra Pradesh,2-Primary with Upper Primary,38-Pvt.Unaided,1 To 7,3-Co-educational,1-Rural,Kosigi,Kosigi,,,"Near Siddaruda matam kosigi,KOSIGI(VILLEGE),KOSIGI(MANDAL),KURNOOL(DIST)",518313,veerareddy443[at]gmail[dot]com,https://kys.udiseplus.gov.in/#/schooldetail/4697658/12,4697658,20/12/2025 19:33,2725
******90186 Operational,,VIVEKANANDA ENGLISH MEDIU,,,,Andhra Pradesh,1-Primary,38-Pvt.Unaided,1 To 5,3-Co-educational,2-Urban,NA,,Adoni (M) - Ward No.1,Adoni-Municipality,2nd WARD ADONI ADONI (M)(VILLAGE) ADONI(MANDAL) KURNOOL(DIST),518302,vivekanandaschool311[at]gmail[dot]com,https://kys.udiseplus.gov.in/#/schooldetail/4699655/12,4699655,16/06/2023 15:21,2725
******01505 Operational,,VIVEKANANDA ENGLISH MEDIUM UPPER PRIMARY SCHOOL ARIKERA,,,,Andhra Pradesh,2-Primary with Upper Primary,38-Pvt.Unaided,1 To 7,3-Co-educational,1-Rural,Alur,Arikera,,,ARIKERA ALUR KURNOOL 518395,518395,ssv6186[at]gmail[dot]com,https://kys.udiseplus.gov.in/#/schooldetail/4699842/12,4699842,22/12/2025 13:07,2725
******00481 Permanently Closed,,VIVEKANANDA VIDYA MANDIR KALLUR,,,,Andhra Pradesh,2-Primary with Upper Primary,38-Pvt.Unaided,1 To 7,3-Co-educational,9-NA,NA,,,,NA,518218,,https://kys.udiseplus.gov.in/#/schooldetail/4717388/12,4717388,15/10/2020 12:18,2725
******91028 Permanently Closed,,VIVEKAVARDINI ENG. MEDIUM SCHOOL YEMMIGANUR,,,,Andhra Pradesh,1-Primary,38-Pvt.Unaided,1 To 5,3-Co-educational,2-Urban,NA,,Yemmiganur Ward No. 23,Yemmiganur-Municipality,NA,518360,,https://kys.udiseplus.gov.in/#/schooldetail/4717407/12,4717407,15/10/2020 12:18,2725
******01304 Operational,,VIVEK PUBLIC SCHOOL,,,,Andhra Pradesh,2-Primary with Upper Primary,38-Pvt.Unaided,1 To 7,3-Co-educational,1-Rural,Krishnagiri,Chityala,,,CHITYALA KRISHNAGIRI MANDAL,518222,MCHENNAIAH91940[at]GMAIL[dot]COM,https://kys.udiseplus.gov.in/#/schooldetail/4700040/12,4700040,16/06/2023 15:21,2725
******00489 Operational,,VKMS LEADERS HIGH SCHOOL KALLUR,,,,Andhra Pradesh,7-Upper Pr. and Secondary,38-Pvt.Unaided,6 To 10,3-Co-educational,2-Urban,NA,,Kurnool Ward No. 30,Kurnool-Municipal Corporations,VENKATADRI NAGAR KALLUR KALLUR(VILLAGE) KALLUR(MANDAL) KURNOOL(DIST),518002,kurnool10principal[at]srichaitanyaschool[dot]com,https://kys.udiseplus.gov.in/#/schooldetail/4698912/12,4698912,22/12/2025 10:43,2725
******90541 Sanctioned but not Operational,,VKMS LEADERS PRIMARY SCHOOLKALLUR,,,,Andhra Pradesh,1-Primary,38-Pvt.Unaided,1 To 5,3-Co-educational,2-Urban,NA,,Kurnool Ward No. 30,Kurnool-Municipal Corporations,VENKATADRI NAGAR KURNOOL,518002,syed.mowlabeebi[at]gmail[dot]com,https://kys.udiseplus.gov.in/#/schooldetail/4699045/12,4699045,09/05/2022 13:35,2725
******01110 Closed,Closed,VPR EM UP SCHOOL PANCHALINGALA,,,,Andhra Pradesh,2-Primary with Upper Primary,38-Pvt.Unaided,1 To 7,3-Co-educational,1-Rural,Kurnool,Panchalingala,,,PANCHALINGALA VILLAGE KURNOOL MANDAL PIN 518004 ANDHRAPRADESH,518004,16JOHNWILSON[at]GMAIL[dot]COM,https://kys.udiseplus.gov.in/#/schooldetail/4696848/12,4696848,01/11/2024 10:53,2725
******90514 Operational,,V. PULLA REDDY MEMORIAL SCHOOL VASAVI NAGAR KALLUR,,,,Andhra Pradesh,2-Primary with Upper Primary,38-Pvt.Unaided,1 To 7,3-Co-educational,2-Urban,NA,,Kurnool Ward No. 41,Kurnool-Municipal Corporations,KALLUR -3 KALLUR MANDAL,518003,,https://kys.udiseplus.gov.in/#/schooldetail/4699026/12,4699026,24/12/2025 07:15,2725
******00707 Closed,Closed,V.S.CONCEPT UP SCHOOL CHANUGONDLA,,,,Andhra Pradesh,2-Primary with Upper Primary,38-Pvt.Unaided,1 To 7,3-Co-educational,1-Rural,Gudur,Chanugondla,,,CHANDUGONDLA CHANUGONDLA CHANUGONDLA(VILLAGE) GUDUR(MANDAL) KURNOOL(DIST),518464,,https://kys.udiseplus.gov.in/#/schooldetail/4697874/12,4697874,11/05/2022 12:57,2725
******90188 Operational,,WESLY EM U.P S,,,,Andhra Pradesh,2-Primary with Upper Primary,38-Pvt.Unaided,1 To 7,3-Co-educational,2-Urban,NA,,Adoni (M) - Ward No.19,Adoni-Municipality,19th WARD 19-266 ADONI ADONI (M)(VILLAGE) ADONI(MANDAL) KURNOOL(DIST),518301,,https://kys.udiseplus.gov.in/#/schooldetail/4699657/12,4699657,21/04/2023 15:31,2725
******91398 Operational,,WESLY EM UP SCHOOL B.PETA KURNOOL,,,,Andhra Pradesh,2-Primary with Upper Primary,38-Pvt.Unaided,1 To 8,3-Co-educational,2-Urban,NA,,Kurnool Ward No. 15,Kurnool-Municipal Corporations,BUDHAWARPETA,518001,,https://kys.udiseplus.gov.in/#/schooldetail/4698262/12,4698262,25/10/2024 19:43,2725
******01812 Operational,,WISDOM PRIMARY E.M SCHOOL GARGEYAPURAM,,,,Andhra Pradesh,1-Primary,38-Pvt.Unaided,1 To 5,3-Co-educational,1-Rural,Kurnool,Gargeyapuram,,,WISDOM PRIMARY EM SCHOOL GARGEYPURAM,518001,kareenkhathun786[at]gmail[dot]com,https://kys.udiseplus.gov.in/#/schooldetail/4697970/12,4697970,27/12/2025 11:31,2725
******00215 Operational,,WISDOM UP S RAGHAVENDRA COLONY,,,,Andhra Pradesh,2-Primary with Upper Primary,38-Pvt.Unaided,1 To 7,3-Co-educational,2-Urban,NA,,Yemmiganur Ward No. 24,Yemmiganur-Municipality,1/3497-C Raghavendra colony,518360,Wisdomemschool215[at]gmail[dot]com,https://kys.udiseplus.gov.in/#/schooldetail/4699235/12,4699235,11/09/2024 10:21,2725
******01026 Closed,Closed,WISDOM VIDYA NIKETAN,,,,Andhra Pradesh,2-Primary with Upper Primary,38-Pvt.Unaided,1 To 7,3-Co-educational,1-Rural,Holagunda,Holagunda,,,Behend old police station Holagunda,518346,,https://kys.udiseplus.gov.in/#/schooldetail/4699766/12,4699766,11/05/2022 14:28,2725
******91305 Closed,Closed,YALE MALLESHPPA KANNADA HS ADONI,,,,Andhra Pradesh,7-Upper Pr. and Secondary,35-Pvt.Aided,6 To 10,3-Co-educational,2-Urban,NA,,Adoni (M) - Ward No.15,Adoni-Municipality,ADONI (M) ( MEDHAGARI STREET ADONI (M)-2(VILLAGE) ADONI(MANDAL) KURNOOL(DIST),518301,ymkhs42[at]gmail[dot]com,https://kys.udiseplus.gov.in/#/schooldetail/4699671/12,4699671,18/12/2023 17:19,2725
******00732 Operational,,"YASHODA GARDEN HIGH SCHOOL, PATHIKONDA",,,,Andhra Pradesh,7-Upper Pr. and Secondary,38-Pvt.Unaided,6 To 10,3-Co-educational,1-Rural,Pattikonda,Pattikonda,,,C/O YASHODA GARDEN PATHIKONDA PATTIKONDA(VILLAGE) PATHIKONDA(MANDAL) KURNOOL(DIST),518380,pattikondaprincipal[at]srichaitanyaschool[dot]net,https://kys.udiseplus.gov.in/#/schooldetail/4701872/12,4701872,15/10/2020 12:18,2725
******00714 Operational,,YASODA GARDEN EM TM PS PATTIKONDA,,,,Andhra Pradesh,1-Primary,38-Pvt.Unaided,1 To 5,3-Co-educational,1-Rural,Pattikonda,Pattikonda,,,PATTIKONDA PATHIKONDA PATTIKONDA(VILLAGE) PATHIKONDA(MANDAL) KURNOOL(DIST),518380,pattikondaprincipal[at]srichaitanyaschool[dot]net,https://kys.udiseplus.gov.in/#/schooldetail/4701859/12,4701859,21/04/2023 15:31,2725
******00401 Operational,,Y BHEEMI REDDY VIDYA MAND,,,,Andhra Pradesh,2-Primary with Upper Primary,38-Pvt.Unaided,1 To 7,3-Co-educational,1-Rural,Mantralayam,Kachapuram,,,TUNGA BADRA KACHAPURAM KACHAPURAM(VILLAGE) MANTRALAYAM(MANDAL) KURNOOL(DIST),518349,ravi.sudhi85[at]gmail[dot]com,https://kys.udiseplus.gov.in/#/schooldetail/4697667/12,4697667,21/04/2023 15:31,2725
******91167 Permanently Closed,,ZIKRA ENGLISH SCHOOLTHREE SHOPS STREET KURNOOL,,,,Andhra Pradesh,2-Primary with Upper Primary,38-Pvt.Unaided,1 To 7,3-Co-educational,2-Urban,NA,,Kurnool Ward No. 9,Kurnool-Municipal Corporations,NA,518001,,https://kys.udiseplus.gov.in/#/schooldetail/4698138/12,4698138,25/10/2024 19:43,2725
******91365 Operational,,ZODICA EM UP SCHOOL,,,,Andhra Pradesh,2-Primary with Upper Primary,38-Pvt.Unaided,1 To 7,3-Co-educational,2-Urban,NA,,Adoni (M) - Ward No.17,Adoni-Municipality,SHIVA SHANKAR NAGAR ADONI,518301,dpthidurgesh[at]gmail[dot]com,https://kys.udiseplus.gov.in/#/schooldetail/4699719/12,4699719,21/04/2023 15:31,2725
******01403 Operational,,Z P HIGH SCHOOL DUDDI,,,,Andhra Pradesh,7-Upper Pr. and Secondary,33-MPP_ZPP SCHOOLS,6 To 10,3-Co-educational,1-Rural,Kosigi,Duddi,,,DUDDI VILLEGE KOSIG MANDAL KURNOOL,518313,veerareddy443[at]gmail[dot]com,https://kys.udiseplus.gov.in/#/schooldetail/4719530/12,4719530,20/12/2025 19:42,2725
******00203 Operational,,ZPHS A.GOKULAPADU,,,,Andhra Pradesh,7-Upper Pr. and Secondary,33-MPP_ZPP SCHOOLS,6 To 10,3-Co-educational,1-Rural,Kallur,A.Gokulapadu,,,A.GOKULAPADU A.GOKULAPADU A.GOKULAPADU(VILLAGE) KALLUR(MANDAL) KURNOOL(DIST),518468,agokulapadu.zphs[at]gmail[dot]com,https://kys.udiseplus.gov.in/#/schooldetail/4698869/12,4698869,21/12/2025 11:36,2725
******00203 Operational,,ZPHS ALLUGUNDU,,,,Andhra Pradesh,7-Upper Pr. and Secondary,33-MPP_ZPP SCHOOLS,6 To 10,3-Co-educational,1-Rural,Veldurthi,Mallepalle,,,ALLUGUNDU ALLUGUNDU MALLEPALLE(VILLAGE) VELDURTI(MANDAL) KURNOOL(DIST),518216,,https://kys.udiseplus.gov.in/#/schooldetail/4700054/12,4700054,15/10/2020 12:18,2725
******04304 Operational,,ZPHS.ALSANDAGUTTI,,,,Andhra Pradesh,7-Upper Pr. and Secondary,33-MPP_ZPP SCHOOLS,6 To 10,3-Co-educational,1-Rural,Adoni,Basarakodu,,,ALSANDAGUTTI BASARAKODU BASARAKODU(VILLAGE) ADONI(MANDAL) KURNOOL(DIST),518347,zphsalas[at]gmail[dot]com,https://kys.udiseplus.gov.in/#/schooldetail/4699565/12,4699565,20/06/2025 15:24,2725
******00503 Operational,,ZPHS AMADADGUNTLA,,,,Andhra Pradesh,7-Upper Pr. and Secondary,33-MPP_ZPP SCHOOLS,6 To 10,3-Co-educational,1-Rural,Kodumur,Amadaguntla,,,AMADAGUNTLA KODUMUR AMADAGUNTLA(VILLAGE) KODUMUR(MANDAL) KURNOOL(DIST),518468,zphshmamadaguntla[at]mail[dot]com,https://kys.udiseplus.gov.in/#/schooldetail/4699149/12,4699149,10/05/2022 11:23,2725
******00906 Operational,,ZPHS AMAKATHADU,,,,Andhra Pradesh,7-Upper Pr. and Secondary,33-MPP_ZPP SCHOOLS,6 To 10,3-Co-educational,1-Rural,Krishnagiri,Amakathadu,,,AMAKATHADU AMAKATHADU AMAKATHADU(VILLAGE) KRISHNAGIRI(MANDAL) KURNOOL(DIST),518216,zphsamakathadu[at]gmail[dot]com,https://kys.udiseplus.gov.in/#/schooldetail/4698929/12,4698929,20/06/2025 15:36,2725
******00601 Operational,,ZPHS ANUGONDA,,,,Andhra Pradesh,6-Pr. Up Pr. and Secondary Only,33-MPP_ZPP SCHOOLS,1 To 10,3-Co-educational,1-Rural,Kodumur,Anugonda,,,ANUGONDA(VILLAGE) KODUMUR(MANDAL) KURNOOL(DIST),518464,,https://kys.udiseplus.gov.in/#/schooldetail/4699150/12,4699150,17/06/2025 18:42,2725
******02303 Operational,,ZPHS. AREKAL,,,,Andhra Pradesh,7-Upper Pr. and Secondary,33-MPP_ZPP SCHOOLS,6 To 10,3-Co-educational,1-Rural,Adoni,Arekal,,,AREKAL ADONI AREKAL(VILLAGE) ADONI(MANDAL) KURNOOL(DIST),518302,zphsarekal[at]gmail[dot]com,https://kys.udiseplus.gov.in/#/schooldetail/4699501/12,4699501,13/01/2023 15:26,2725
******01504 Operational,,ZPHS ARIKERA,,,,Andhra Pradesh,7-Upper Pr. and Secondary,33-MPP_ZPP SCHOOLS,6 To 10,3-Co-educational,1-Rural,Alur,Arikera,,,ZPHS ARIKERA ARIKERA ALUR(M),518395,hm.zphsarikera[at]gmail[dot]com,https://kys.udiseplus.gov.in/#/schooldetail/4699841/12,4699841,22/12/2025 13:06,2725
******00202 Operational,,ZPHS ARLABANDA,,,,Andhra Pradesh,7-Upper Pr. and Secondary,33-MPP_ZPP SCHOOLS,6 To 10,3-Co-educational,1-Rural,Kosigi,Arlabanda,,,"ARLABANDA(VILLEGE)KOSIGI(MANDAL),KURNOOL(DIST)",518313,veerareddy443[at]gmail[dot]com,https://kys.udiseplus.gov.in/#/schooldetail/4697605/12,4697605,20/12/2025 19:43,2725
******01904 Operational,,ZPHS ASPARI,,,,Andhra Pradesh,7-Upper Pr. and Secondary,33-MPP_ZPP SCHOOLS,6 To 10,3-Co-educational,1-Rural,Aspari,Aspari,,,ASPARI ASPARI ASPARI(VILLAGE) ASPARI(MANDAL) KURNOOL(DIST),518347,zphsaspari1904[at]gmail[dot]com,https://kys.udiseplus.gov.in/#/schooldetail/4699906/12,4699906,21/12/2025 20:53,2725
******03303 Operational,,ZPHS BADINEHAL,,,,Andhra Pradesh,7-Upper Pr. and Secondary,33-MPP_ZPP SCHOOLS,6 To 10,3-Co-educational,1-Rural,Kowthalam,Badinehal,,,BADINEHAL VILLAGE KOWTHALAM MANDAL KURNOOL DISTRICT 518344,518344,zphsbadinehal[at]gmail[dot]com,https://kys.udiseplus.gov.in/#/schooldetail/4697597/12,4697597,11/05/2022 09:46,2725
******01503 Operational,,ZPHS BALLEKAL,,,,Andhra Pradesh,7-Upper Pr. and Secondary,33-MPP_ZPP SCHOOLS,6 To 10,3-Co-educational,1-Rural,Adoni,Billekallu,,,ballekal village,518344,zphsballekal[at]gmail[dot]com,https://kys.udiseplus.gov.in/#/schooldetail/4699489/12,4699489,20/06/2025 17:06,2725
******00401 Operational,,ZPHS BANAVANUR,,,,Andhra Pradesh,6-Pr. Up Pr. and Secondary Only,33-MPP_ZPP SCHOOLS,1 To 10,3-Co-educational,1-Rural,Aspari,Banavanur,,,BANAVANUR BANAVANUR BANAVANUR(VILLAGE) ASPARI(MANDAL) KURNOOL(DIST),518347,meoaspari[at]gmail[dot]com,https://kys.udiseplus.gov.in/#/schooldetail/4699869/12,4699869,21/12/2025 21:09,2725
******02902 Operational,,ZPHS BAPURAM,,,,Andhra Pradesh,7-Upper Pr. and Secondary,33-MPP_ZPP SCHOOLS,6 To 10,3-Co-educational,1-Rural,Kowthalam,Bapuram,,,BAPURAM BAPURAM BAPURAM(VILLAGE) KOWTHALAM(MANDAL) KURNOOL(DIST),518344,zpkhsbapuram[at]gmail[dot]com,https://kys.udiseplus.gov.in/#/schooldetail/4697586/12,4697586,20/06/2025 15:34,2725
******01101 Operational,,ZPHS BAPURAM,,,,Andhra Pradesh,6-Pr. Up Pr. and Secondary Only,33-MPP_ZPP SCHOOLS,1 To 10,3-Co-educational,1-Rural,Halaharvi,Bapuram,,,BAPURAM BAPURAM BAPURAM(VILLAGE) HALAHARVI(MANDAL) KURNOOL(DIST),518348,zphsbapuram[at]gmail[dot]com,https://kys.udiseplus.gov.in/#/schooldetail/4701987/12,4701987,17/06/2025 18:57,2725
******03201 Operational,,ZPHS BASAPURAM-104,,,,Andhra Pradesh,6-Pr. Up Pr. and Secondary Only,33-MPP_ZPP SCHOOLS,1 To 10,3-Co-educational,1-Rural,Adoni,Basapuram (Og),,,BASAPURAM-104 ADONI BASAPURAM(VILLAGE) ADONI(MANDAL) KURNOOL(DIST),518301,zphsbasapuram2025[at]gmail[dot]com,https://kys.udiseplus.gov.in/#/schooldetail/4699530/12,4699530,11/09/2024 14:34,2725
******00902 Operational,,ZPHS BASTIPADU,,,,Andhra Pradesh,6-Pr. Up Pr. and Secondary Only,33-MPP_ZPP SCHOOLS,1 To 10,3-Co-educational,1-Rural,Kallur,Bastipadu,,,BASTIPADU BASTIPADU BASTIPADU(VILLAGE) KALLUR(MANDAL) KURNOOL(DIST),518218,,https://kys.udiseplus.gov.in/#/schooldetail/4698927/12,4698927,23/12/2025 12:48,2725
******00702 Operational,,ZPHS BILEHAL,,,,Andhra Pradesh,7-Upper Pr. and Secondary,33-MPP_ZPP SCHOOLS,6 To 10,3-Co-educational,1-Rural,Halaharvi,Bilehal,,,BILEHALHALAHARVIKURNOOL,518395,zphsbilehall[at]gmail[dot]com,https://kys.udiseplus.gov.in/#/schooldetail/4701978/12,4701978,20/06/2025 15:30,2725
******00704 Operational,,ZPHS BILLEKALLU,,,,Andhra Pradesh,7-Upper Pr. and Secondary,33-MPP_ZPP SCHOOLS,6 To 10,3-Co-educational,1-Rural,Aspari,Billekallu,,,BILLEKALLU BILLEKALLU BILLEKALLU(VILLAGE) ASPARI(MANDAL) KURNOOL(DIST),518347,billekalzphs5[at]gmail[dot]com,https://kys.udiseplus.gov.in/#/schooldetail/4699880/12,4699880,21/12/2025 21:12,2725
******02410 Operational,,ZPHS(B) KOSIGI,,,,Andhra Pradesh,7-Upper Pr. and Secondary,33-MPP_ZPP SCHOOLS,6 To 10,3-Co-educational,1-Rural,Kosigi,Kosigi,,,KOSIGI(VILLAGE) KOSIGI(MANDAL) KURNOOL(DIST),518313,veerareddy443[at]gmail[dot]com,https://kys.udiseplus.gov.in/#/schooldetail/4697649/12,4697649,20/12/2025 18:56,2725
******00102 Operational,,ZPHS BONDIMADUGULA,,,,Andhra Pradesh,6-Pr. Up Pr. and Secondary Only,33-MPP_ZPP SCHOOLS,1 To 10,3-Co-educational,1-Rural,Tuggali,Bondimadugula,,,BONDIMADUGULA BONDIMADUGULA BONDIMADUGULA(VILLAGE) TUGGALI(MANDAL) KURNOOL(DIST),518468,tuggalimrc2021[at]gmail[dot]com,https://kys.udiseplus.gov.in/#/schooldetail/4701753/12,4701753,17/06/2025 18:57,2725
******00616 Operational,,ZPHS (BOYS) GUDUR,,,,Andhra Pradesh,7-Upper Pr. and Secondary,33-MPP_ZPP SCHOOLS,6 To 10,3-Co-educational,2-Urban,NA,,Gudur (M) - Ward No.8,Gudur (kurnool)-Town Panchayat,GUDUR(VILLAGE) GUDUR(MANDAL) KURNOOL(DIST),518466,zphs.b.gudur1306601[at]gmail[dot]com,https://kys.udiseplus.gov.in/#/schooldetail/4697852/12,4697852,19/06/2025 18:51,2725
******01013 Operational,,ZPHS(BOYS) VELDURTHY,,,,Andhra Pradesh,7-Upper Pr. and Secondary,33-MPP_ZPP SCHOOLS,6 To 10,1-Boys,1-Rural,Veldurthi,Veldurthi,,,VELDURTHI VELDURTHY VELDURTHI(VILLAGE) VELDURTI(MANDAL) KURNOOL(DIST),518216,zphsbveldurthy123[at]gmail[dot]com,https://kys.udiseplus.gov.in/#/schooldetail/4700083/12,4700083,15/10/2020 12:18,2725
******01101 Operational,,"ZPHS,BUDIDAPADU",,,,Andhra Pradesh,6-Pr. Up Pr. and Secondary Only,33-MPP_ZPP SCHOOLS,1 To 10,3-Co-educational,1-Rural,Gudur,Budidapadu,,,BUDIDAPADU(VILLAGE) GUDUR(MANDAL) KURNOOL(DIST),518467,meo.gudur[at]gmail[dot]com,https://kys.udiseplus.gov.in/#/schooldetail/4697884/12,4697884,17/06/2025 18:46,2725
******00805 Operational,,ZPHS BURANDODDI,,,,Andhra Pradesh,7-Upper Pr. and Secondary,33-MPP_ZPP SCHOOLS,6 To 10,3-Co-educational,1-Rural,C.Belagal,Burandoddi,,,BURANDODDI C.BELAGAL BURANDODDI(VILLAGE) C.BELAGAL(MANDAL) KURNOOL(DIST),518462,burandoddizphs2014[at]gmail[dot]com,https://kys.udiseplus.gov.in/#/schooldetail/4697817/12,4697817,15/10/2020 12:18,2725
******02601 Operational,,ZPHS BYCHIGERI,,,,Andhra Pradesh,6-Pr. Up Pr. and Secondary Only,33-MPP_ZPP SCHOOLS,1 To 10,3-Co-educational,1-Rural,Adoni,Bychigeri,,,BYCHIGERI BYCHIGERI BYCHIGERI(VILLAGE) ADONI(MANDAL) KURNOOL(DIST),518302,Mpupbychigeri7[at]gmail[dot]com,https://kys.udiseplus.gov.in/#/schooldetail/4699511/12,4699511,24/06/2024 16:46,2725
******00907 Operational,,ZPHS C.BELAGAL,,,,Andhra Pradesh,7-Upper Pr. and Secondary,33-MPP_ZPP SCHOOLS,6 To 10,3-Co-educational,1-Rural,C.Belagal,C.Belagal,,,C.BELAGAL C.BELAGAL C.BELAGAL(VILLAGE) C.BELAGAL(MANDAL) KURNOOL(DIST),518462,zphscbelagal1813[at]gmail[dot]com,https://kys.udiseplus.gov.in/#/schooldetail/4697823/12,4697823,20/06/2025 17:28,2725
******00604 Operational,,ZPHS CHAKKARALLA,,,,Andhra Pradesh,7-Upper Pr. and Secondary,33-MPP_ZPP SCHOOLS,6 To 10,3-Co-educational,1-Rural,Pattikonda,Chakkaralla,,,CHAKKARALLA VILLAGE PATTIKONDA MANDAL KURNOOL DISTRICT ANDHRA PRADESH,518380,mpupschoolchakkaralla604[at]gmail[dot]com,https://kys.udiseplus.gov.in/#/schooldetail/4701847/12,4701847,21/06/2025 10:41,2725
******00705 Operational,,ZPHS CHANUGONDLA,,,,Andhra Pradesh,7-Upper Pr. and Secondary,33-MPP_ZPP SCHOOLS,6 To 10,3-Co-educational,1-Rural,Gudur,Chanugondla,,,CHANUGONDLA(VILLAGE) GUDUR(MANDAL) KURNOOL(DIST),518464,zphschanugondla305[at]gmail[dot]com,https://kys.udiseplus.gov.in/#/schooldetail/4697873/12,4697873,11/05/2022 11:48,2725
******01104 Operational,,ZPHS CHERUKULAPADU,,,,Andhra Pradesh,7-Upper Pr. and Secondary,33-MPP_ZPP SCHOOLS,6 To 10,3-Co-educational,1-Rural,Veldurthi,Cherukulapadu,,,CHERUKULAPADU CHERUKULAPADU CHERUKULAPADU(VILLAGE) VELDURTI(MANDAL) KURNOOL(DIST),518216,hmzphscherukulapadu[at]gmail[dot]com,https://kys.udiseplus.gov.in/#/schooldetail/4700096/12,4700096,20/06/2025 16:56,2725
******00801 Operational,,ZPHS CHETNIHALLI,,,,Andhra Pradesh,6-Pr. Up Pr. and Secondary Only,33-MPP_ZPP SCHOOLS,1 To 10,3-Co-educational,1-Rural,Mantralayam,Chetnihalli,,,CHETNIHALLI CHETNIHALLI CHETNIHALLI(VILLAGE) MANTRALAYAM(MANDAL) KURNOOL(DIST),518345,chetnehallimpups[at]gmail[dot]com,https://kys.udiseplus.gov.in/#/schooldetail/4697681/12,4697681,23/07/2024 14:30,2725
******01402 Operational,,ZPHS CHIGELI,,,,Andhra Pradesh,7-Upper Pr. and Secondary,33-MPP_ZPP SCHOOLS,6 To 10,3-Co-educational,1-Rural,Aspari,Chigeli,,,CHIGILI VILLAGEASPARI MANDAL,518347,zphschigali2017[at]gmail[dot]com,https://kys.udiseplus.gov.in/#/schooldetail/4699897/12,4699897,21/12/2025 21:15,2725
******01503 Operational,,ZPHS CHILAKALADONA,,,,Andhra Pradesh,7-Upper Pr. and Secondary,33-MPP_ZPP SCHOOLS,6 To 10,3-Co-educational,1-Rural,Mantralayam,Chilakaladona,,,CHILAKALADONA MANTRALAYAM KURNOOL-518345,518345,zphschdona[at]gmail[dot]com,https://kys.udiseplus.gov.in/#/schooldetail/4697707/12,4697707,15/10/2020 12:18,2725
******01803 Operational,,ZPHS CHINNA BOMPALLE,,,,Andhra Pradesh,7-Upper Pr. and Secondary,33-MPP_ZPP SCHOOLS,6 To 10,3-Co-educational,1-Rural,Kosigi,Bompalle,,,"CHINNA BOMPALLI VILLEGE, KOSIGI MANDAL,KURNOOL DIST",518313,bhulakshmi2002[at]gmail[dot]com,https://kys.udiseplus.gov.in/#/schooldetail/4697632/12,4697632,23/12/2025 07:17,2725
******00702 Operational,,ZPHS CHINNA HARIVANAM,,,,Andhra Pradesh,6-Pr. Up Pr. and Secondary Only,33-MPP_ZPP SCHOOLS,1 To 10,3-Co-educational,1-Rural,Adoni,Chinna Harivanam,,,CHINNA HARIVANAM CHINNA HARIVANAM CHINNA HARIVANAM(VILLAGE) ADONI(MANDAL) KURNOOL(DIST),518308,zphschinnaharivanam[at]gmail[dot]com,https://kys.udiseplus.gov.in/#/schooldetail/4699472/12,4699472,17/06/2025 19:17,2725
******01803 Operational,,ZPHS CHINNAHOTHUR,,,,Andhra Pradesh,7-Upper Pr. and Secondary,33-MPP_ZPP SCHOOLS,6 To 10,3-Co-educational,1-Rural,Aspari,Chinnahothur,,,CHINNAHOTHUR CHINNAHOTHUR CHINNAHOTHUR(VILLAGE) ASPARI(MANDAL) KURNOOL(DIST),518395,zphschothur[at]gmail[dot]com,https://kys.udiseplus.gov.in/#/schooldetail/4699903/12,4699903,21/12/2025 21:17,2725
******00902 Operational,,ZPHS CHINNAHYTA,,,,Andhra Pradesh,6-Pr. Up Pr. and Secondary Only,33-MPP_ZPP SCHOOLS,1 To 10,3-Co-educational,1-Rural,Holagunda,Chinnahyta,,,CHINNAHYTA CHINNAHYTA(POST) CHINNAHYTA(VILLAGE) HOLAGUNDA(MANDAL) KURNOOL(DIST),518346,meo.holagunda1324[at]gmail[dot]com,https://kys.udiseplus.gov.in/#/schooldetail/4699756/12,4699756,17/06/2025 18:57,2725
******00205 Operational,,"ZPHS,CHINNAMARRIVEEDU",,,,Andhra Pradesh,7-Upper Pr. and Secondary,33-MPP_ZPP SCHOOLS,6 To 10,3-Co-educational,1-Rural,Gonegandla,Alwala,,,CHINNAMARIVEEDU VILLAGE GONEGANDLA MANDAL,518463,zphschinnamarriveedu[at]gmail[dot]com,https://kys.udiseplus.gov.in/#/schooldetail/4699173/12,4699173,12/02/2026 10:42,2725
******02402 Operational,,ZPHS CHINNA.PENDEKAL,,,,Andhra Pradesh,6-Pr. Up Pr. and Secondary Only,33-MPP_ZPP SCHOOLS,1 To 10,3-Co-educational,1-Rural,Adoni,Chinnapendekal,,,CHINNAPENDEKAL S C COLONY CHINNAPENDEKAL(VILLAGE) ADONI(MANDAL) KURNOOL(DIST),518350,mpups402chinnapendekal[at]gmail[dot]com,https://kys.udiseplus.gov.in/#/schooldetail/4699503/12,4699503,11/09/2024 14:34,2725
******01304 Operational,,ZPHS CHINNA TEKUR,,,,Andhra Pradesh,7-Upper Pr. and Secondary,33-MPP_ZPP SCHOOLS,6 To 10,3-Co-educational,1-Rural,Kallur,Chinna Tekur,,,ZPHSCHINNA TEKUR(VILLAGE) KALLUR(MANDAL) KURNOOL(DIST),518218,hmzphs.chinnatekur[at]gmail[dot]com,https://kys.udiseplus.gov.in/#/schooldetail/4698946/12,4698946,23/12/2025 12:54,2725
******00606 Operational,,ZPHS CHINNATUMBALAM,,,,Andhra Pradesh,7-Upper Pr. and Secondary,33-MPP_ZPP SCHOOLS,6 To 10,3-Co-educational,1-Rural,Peddakadabur,Chinnatumbalam,,,Near society beside road,518313,meo.peddakadubur[at]gmail[dot]com,https://kys.udiseplus.gov.in/#/schooldetail/4699416/12,4699416,20/12/2025 12:58,2725
******01804 Operational,,ZPHS CHINTHAKUNTA,,,,Andhra Pradesh,7-Upper Pr. and Secondary,33-MPP_ZPP SCHOOLS,6 To 10,3-Co-educational,1-Rural,Halaharvi,Chinthakunta,,,CHINTHAKUNTA CHINTHAKUNTA CHINTHAKUNTA(VILLAGE) HALAHARVI(MANDAL) KURNOOL(DIST),518348,zphschintakunta100[at]gmail[dot]com,https://kys.udiseplus.gov.in/#/schooldetail/4702001/12,4702001,24/06/2021 21:38,2725
******00405 Operational,,ZPHS CHIPPAGIRI,,,,Andhra Pradesh,7-Upper Pr. and Secondary,33-MPP_ZPP SCHOOLS,6 To 10,3-Co-educational,1-Rural,Chippagiri,Chippagiri,,,CHIPPAGIRI VILLAGE CHIPPAGIRI(MANDAL) KURNOOL(DISTRICT),518396,hmzphscpg405[at]gmail[dot]com,https://kys.udiseplus.gov.in/#/schooldetail/4701948/12,4701948,20/06/2025 15:54,2725
******01101 Operational,,ZPHS CHIRTHANAKAL,,,,Andhra Pradesh,6-Pr. Up Pr. and Secondary Only,33-MPP_ZPP SCHOOLS,1 To 10,3-Co-educational,1-Rural,Kosigi,Chirthanakal,,,CHIRTHANAKAL(VILLAGE) KOSIGI(MANDAL) KURNOOL(DIST),518313,veerareddy443[at]gmail[dot]com,https://kys.udiseplus.gov.in/#/schooldetail/4712503/12,4712503,20/12/2025 19:45,2725
******01302 Operational,,ZPHS CHITYALA,,,,Andhra Pradesh,6-Pr. Up Pr. and Secondary Only,33-MPP_ZPP SCHOOLS,1 To 10,3-Co-educational,1-Rural,Krishnagiri,Chityala,,,CHITYALA CHITYALA CHITYALA(VILLAGE) KRISHNAGIRI(MANDAL) KURNOOL(DIST),518222,utfsuresh[at]gmail[dot]com,https://kys.udiseplus.gov.in/#/schooldetail/4700038/12,4700038,27/01/2023 13:52,2725
******01003 Operational,,ZPHS CHUDI,,,,Andhra Pradesh,7-Upper Pr. and Secondary,33-MPP_ZPP SCHOOLS,6 To 10,3-Co-educational,1-Rural,Kowthalam,Chudi,,,CHUDI VILLAGE KOWTHALAM MANDAL,518344,zphschoolchudi[at]gmail[dot]com,https://kys.udiseplus.gov.in/#/schooldetail/4697543/12,4697543,20/06/2025 15:34,2725
******01103 Operational,,ZPHS CHUNCHU YERRAGUDI,,,,Andhra Pradesh,6-Pr. Up Pr. and Secondary Only,33-MPP_ZPP SCHOOLS,1 To 10,3-Co-educational,1-Rural,Krishnagiri,Chunchu Yerragudi,,,CHUNCHU YERRAGUDI CHUNCHU YERRAGUDI CHUNCHU YERRAGUDI(VILLAGE) KRISHNAGIRI(MANDAL) KURNOOL(DIST),518225,chyerragudi[at]gmail[dot]com,https://kys.udiseplus.gov.in/#/schooldetail/4700031/12,4700031,17/06/2025 18:46,2725
******01903 Operational,,ZPHS D BELAGAL,,,,Andhra Pradesh,7-Upper Pr. and Secondary,33-MPP_ZPP SCHOOLS,6 To 10,3-Co-educational,1-Rural,Kosigi,D Belagal,,,D.BELAGAL(VILLEGE)KOSIGI(MANDAL)KURNOOL(DIST),518313,veerareddy443[at]gmail[dot]com,https://kys.udiseplus.gov.in/#/schooldetail/4697635/12,4697635,21/12/2025 12:21,2725
******00802 Operational,,ZPHS DEGALAHAL,,,,Andhra Pradesh,7-Upper Pr. and Secondary,33-MPP_ZPP SCHOOLS,6 To 10,3-Co-educational,1-Rural,Chippagiri,Degalahal,,,DEGALAHAL CHIPPAGIRI MANDAL,518396,mallesekharmsc[at]gmail[dot]com,https://kys.udiseplus.gov.in/#/schooldetail/4701957/12,4701957,25/06/2025 09:34,2725
******00202 Operational,,ZPHS DEVANABANDA,,,,Andhra Pradesh,7-Upper Pr. and Secondary,33-MPP_ZPP SCHOOLS,6 To 10,3-Co-educational,1-Rural,Pattikonda,Devanabanda,,,DEVANABANDA DEVANABANDA DEVANABANDA(VILLAGE) PATHIKONDA(MANDAL) KURNOOL(DIST),518347,hmzphsdevanabanda[at]gmail[dot]com,https://kys.udiseplus.gov.in/#/schooldetail/4701829/12,4701829,15/10/2020 12:18,2725
******01208 Operational,,ZPHS DEVANAKONDA,,,,Andhra Pradesh,7-Upper Pr. and Secondary,33-MPP_ZPP SCHOOLS,6 To 10,3-Co-educational,1-Rural,Devanakonda,Devanakonda,,,ZPHSchool DEVANAKONDA(VILLAGE) DEVANAKONDA(MANDAL) KURNOOL(DIST),518465,zphsdkdym1961[at]gmail[dot]com,https://kys.udiseplus.gov.in/#/schooldetail/4699973/12,4699973,23/12/2025 19:06,2725
******03602 Operational,,ZPHS.DHANAPURAM,,,,Andhra Pradesh,7-Upper Pr. and Secondary,33-MPP_ZPP SCHOOLS,6 To 10,3-Co-educational,1-Rural,Adoni,Dhanapuram (Og),,,DHANAPURAM DHANAPURAM DHANAPURAM(VILLAGE) ADONI(MANDAL) KURNOOL(DIST),518302,zphsdhanapuram17[at]gmail[dot]com,https://kys.udiseplus.gov.in/#/schooldetail/4699540/12,4699540,15/10/2020 12:18,2725
******04001 Operational,,ZPHS DIBBANAKAL,,,,Andhra Pradesh,6-Pr. Up Pr. and Secondary Only,33-MPP_ZPP SCHOOLS,1 To 10,3-Co-educational,1-Rural,Adoni,Dibbanakal,,,DIBBANAKAL DIBBANAKAL DIBBANAKAL(VILLAGE) ADONI(MANDAL) KURNOOL(DIST),518302,mpupsdibbanakal[at]gmail[dot]com,https://kys.udiseplus.gov.in/#/schooldetail/4699559/12,4699559,23/09/2024 12:03,2725
******01903 Operational,,ZPHS DIGUVAPADU,,,,Andhra Pradesh,7-Upper Pr. and Secondary,33-MPP_ZPP SCHOOLS,6 To 10,3-Co-educational,1-Rural,Kurnool,Diguvapadu,,,DIGUVAPADU KURNOOL DIGUVAPADU(VILLAGE) KURNOOL(MANDAL) KURNOOL(DIST),518452,zphsdiguvapadu[at]gmail[dot]com,https://kys.udiseplus.gov.in/#/schooldetail/4697973/12,4697973,27/12/2025 12:09,2725
******02307 Operational,,ZPHS DINNEDEVARAPADU,,,,Andhra Pradesh,7-Upper Pr. and Secondary,33-MPP_ZPP SCHOOLS,6 To 10,3-Co-educational,1-Rural,Kurnool,Dinnadevarapadu (Og),,,DINNEDEVARAPADU DINNEDEVARAPADU DINNEDEVARAPADU(VILLAGE) KURNOOL(MANDAL) KURNOOL(DIST),518002,zphsddpadu2025[at]gmail[dot]com,https://kys.udiseplus.gov.in/#/schooldetail/4697989/12,4697989,27/12/2025 13:27,2725
******00604 Operational,,ZPHS DIVAMDINNE,,,,Andhra Pradesh,7-Upper Pr. and Secondary,33-MPP_ZPP SCHOOLS,6 To 10,3-Co-educational,1-Rural,Yemmiganur,Divamdinne,,,DIVAMDINNE DIVAMDINNE DIVAMDINNE(VILLAGE) YEMMIGANUR(MANDAL) KURNOOL(DIST),518360,zphsdivamdinne17[at]gmail[dot]com,https://kys.udiseplus.gov.in/#/schooldetail/4699290/12,4699290,21/06/2025 10:41,2725
******01703 Operational,,ZPHS DODDANAKERI,,,,Andhra Pradesh,7-Upper Pr. and Secondary,33-MPP_ZPP SCHOOLS,6 To 10,3-Co-educational,1-Rural,Adoni,Doddanakeri,,,DODDANAKERI DODDANAKERI DODDANAKERI(VILLAGE) ADONI(MANDAL) KURNOOL(DIST),518323,zphighschooldoddanakeri[at]gmail[dot]com,https://kys.udiseplus.gov.in/#/schooldetail/4699493/12,4699493,20/06/2025 17:07,2725
******00404 Operational,,ZPHS DUEDEKONDA,,,,Andhra Pradesh,6-Pr. Up Pr. and Secondary Only,33-MPP_ZPP SCHOOLS,1 To 10,3-Co-educational,1-Rural,Pattikonda,Dudekonda,,,DUDEKONDA DUDEKONDA DUDEKONDA(VILLAGE) PATHIKONDA(MANDAL) KURNOOL(DIST),518380,dudekondazphs[at]gmail[dot]com,https://kys.udiseplus.gov.in/#/schooldetail/4701836/12,4701836,22/06/2024 21:44,2725
******00503 Operational,,ZPHS EDDULADODDI,,,,Andhra Pradesh,7-Upper Pr. and Secondary,33-MPP_ZPP SCHOOLS,6 To 10,3-Co-educational,1-Rural,Tuggali,Edduladoddi,,,EDDULADODDI EDDULADODDI EDDULADODDI(VILLAGE) TUGGALI(MANDAL) KURNOOL(DIST),518468,zphsedduladoddihm[at]gmail[dot]com,https://kys.udiseplus.gov.in/#/schooldetail/4701769/12,4701769,15/10/2020 12:18,2725
******00305 Operational,,ZPHS ENAGANDLA,,,,Andhra Pradesh,7-Upper Pr. and Secondary,33-MPP_ZPP SCHOOLS,6 To 10,3-Co-educational,1-Rural,C.Belagal,Gundrevula,,,B C COLONY ENAGANDLA VIL C BELAGAL MANDAL,518462,zphs.enagandla[at]gmail[dot]com,https://kys.udiseplus.gov.in/#/schooldetail/4697790/12,4697790,24/06/2021 21:23,2725
******01104 Operational,,ZPHS ERRABADU,,,,Andhra Pradesh,7-Upper Pr. and Secondary,33-MPP_ZPP SCHOOLS,6 To 10,3-Co-educational,1-Rural,Gonegandla,Errabadu,,,ERRABADU GONEGANDLA MDL KURNOOL DIST,518463,zphserrabadu[at]gmail[dot]com,https://kys.udiseplus.gov.in/#/schooldetail/4699219/12,4699219,12/02/2026 10:45,2725
******01406 Operational,,ZPHS E.THANDRAPADU,,,,Andhra Pradesh,7-Upper Pr. and Secondary,33-MPP_ZPP SCHOOLS,6 To 10,3-Co-educational,1-Rural,Kurnool,E.Thandrapadu,,,T.G.V.NAGAR E.THANDRAPADU E.THANDRAPADU(VILLAGE) KURNOOL(MANDAL) KURNOOL(DIST),518004,hmzphsetp[at]gmail[dot]com,https://kys.udiseplus.gov.in/#/schooldetail/4697951/12,4697951,27/12/2025 10:07,2725
******00102 Operational,,"ZPHS, GAJJEHALLI",,,,Andhra Pradesh,7-Upper Pr. and Secondary,33-MPP_ZPP SCHOOLS,6 To 10,3-Co-educational,1-Rural,Holagunda,Gajjehalli,,,NEAR ELEMENTRRY SCHOOL,518308,meo.holagunda1324[at]gmail[dot]com,https://kys.udiseplus.gov.in/#/schooldetail/4699738/12,4699738,20/06/2025 17:29,2725
******01101 Operational,,ZPHS GANEKAL,,,,Andhra Pradesh,6-Pr. Up Pr. and Secondary Only,33-MPP_ZPP SCHOOLS,1 To 10,3-Co-educational,1-Rural,Adoni,Ganekal,,,GANEKAL GANEKAL GANEKAL(VILLAGE) ADONI(MANDAL) KURNOOL(DIST),518344,mpupsganekal2821[at]gmail[dot]com,https://kys.udiseplus.gov.in/#/schooldetail/4699478/12,4699478,11/09/2024 14:34,2725
******01403 Operational,,ZPHS GANJIHALLI,,,,Andhra Pradesh,6-Pr. Up Pr. and Secondary Only,33-MPP_ZPP SCHOOLS,1 To 10,3-Co-educational,1-Rural,Gonegandla,Ganjihalli,,,GANJIHALLI GONEGANDLA GANJIHALLI(VILLAGE) GONEGANDLA(MANDAL) KURNOOL(DIST),518463,mpupsganjihalli[at]gmail[dot]com,https://kys.udiseplus.gov.in/#/schooldetail/4699229/12,4699229,12/02/2026 12:01,2725
******01808 Operational,,ZPHS GARGEYAPURAM,,,,Andhra Pradesh,7-Upper Pr. and Secondary,33-MPP_ZPP SCHOOLS,6 To 10,3-Co-educational,1-Rural,Kurnool,Gargeyapuram,,,GARGEYAPURAM GARGEYAPURAM GARGEYAPURAM(VILLAGE) KURNOOL(MANDAL) KURNOOL(DIST),518452,zphschool.gargeyapuram[at]gmail[dot]com,https://kys.udiseplus.gov.in/#/schooldetail/4713617/12,4713617,27/12/2025 11:37,2725
******00202 Operational,,ZPHS GAVIGATTU,,,,Andhra Pradesh,7-Upper Pr. and Secondary,33-MPP_ZPP SCHOOLS,6 To 10,3-Co-educational,1-Rural,Peddakadabur,Gavigatlu,,,GAVIGATTU GAVIGATTU GAVIGATTU(VILLAGE) PEDDAKADUBUR(MANDAL) KURNOOL(DIST),518313,hmzphsggt[at]gmail[dot]com,https://kys.udiseplus.gov.in/#/schooldetail/4699407/12,4699407,20/06/2025 16:55,2725
******01408 Operational,,ZPHS(GIRLS) ALUR,,,,Andhra Pradesh,7-Upper Pr. and Secondary,33-MPP_ZPP SCHOOLS,6 To 10,3-Co-educational,1-Rural,Alur,Alur,,,NEAR R.T.C.BUS STAND ALUR ALUR(VILLAGE) ALUR(MANDAL) KURNOOL(DIST),518395,zpgirlshighschool.alur[at]gmail[dot]com,https://kys.udiseplus.gov.in/#/schooldetail/4699823/12,4699823,22/12/2025 12:59,2725
******00617 Operational,,ZPHS (GIRLS) GUDUR,,,,Andhra Pradesh,7-Upper Pr. and Secondary,33-MPP_ZPP SCHOOLS,6 To 10,3-Co-educational,2-Urban,NA,,Gudur (M) - Ward No.8,Gudur (kurnool)-Town Panchayat,GUDUR(VILLAGE) GUDUR(MANDAL) KURNOOL(DIST),518466,zphsg3[at]gmail[dot]com,https://kys.udiseplus.gov.in/#/schooldetail/4697853/12,4697853,19/06/2025 18:51,2725
******00324 Operational,,ZPHS(GIRLS) KODUMUR,,,,Andhra Pradesh,7-Upper Pr. and Secondary,33-MPP_ZPP SCHOOLS,6 To 10,2-Girls,1-Rural,Kodumur,Kodumur,,,KODUMUR KODUMUR KODUMUR(VILLAGE) KODUMUR(MANDAL) KURNOOL(DIST),518464,hmzphsgirlskdm[at]gmail[dot]com,https://kys.udiseplus.gov.in/#/schooldetail/4699116/12,4699116,10/05/2022 10:40,2725
******00813 Operational,,ZPHS(GIRLS) MADDIKERA,,,,Andhra Pradesh,7-Upper Pr. and Secondary,33-MPP_ZPP SCHOOLS,6 To 10,2-Girls,1-Rural,Maddikera (East),Maddikera (East),,,NEAR BUS STOP MADDIKERA(EAST) MADDIKERA (EAST)(VILLAGE) MADDIKERA(MANDAL) KURNOOL(DIST),518385,zphsmaddikera[at]gmail[dot]com,https://kys.udiseplus.gov.in/#/schooldetail/4701932/12,4701932,08/05/2022 09:01,2725
******00725 Operational,,ZPHS(GIRLS) PATHIKONDA,,,,Andhra Pradesh,7-Upper Pr. and Secondary,33-MPP_ZPP SCHOOLS,6 To 10,2-Girls,1-Rural,Pattikonda,Pattikonda,,,PATTIKONDA PATHIKONDA PATTIKONDA(VILLAGE) PATHIKONDA(MANDAL) KURNOOL(DIST),518380,zphsgpkd62[at]gmail[dot]com,https://kys.udiseplus.gov.in/#/schooldetail/4701866/12,4701866,04/02/2023 12:08,2725
******01015 Operational,,ZPHS(GIRLS) VELDURTHY,,,,Andhra Pradesh,7-Upper Pr. and Secondary,33-MPP_ZPP SCHOOLS,6 To 10,2-Girls,1-Rural,Veldurthi,Veldurthi,,,NEAR OLD BUSSTAND VELDURTHY VELDURTHI(VILLAGE) VELDURTI(MANDAL) KURNOOL(DIST),518216,zphsgirlsveldurthi[at]gmail[dot]com,https://kys.udiseplus.gov.in/#/schooldetail/4700084/12,4700084,15/10/2020 12:18,2725
******91053 Operational,,ZPHS(GIRLS) YEMMIGANUR,,,,Andhra Pradesh,7-Upper Pr. and Secondary,33-MPP_ZPP SCHOOLS,6 To 10,2-Girls,2-Urban,NA,,Yemmiganur Ward No. 20,Yemmiganur-Municipality,YEMMIGANUR ( YEMMIGANUR YEMMIGANUR(M)(VILLAGE) YEMMIGANUR(MANDAL) KURNOOL(DIST),518360,mszphsgirls[at]gmail[dot]com,https://kys.udiseplus.gov.in/#/schooldetail/4699384/12,4699384,15/10/2020 12:18,2725
******02411 Operational,,ZPHS(G) KOSIGI,,,,Andhra Pradesh,7-Upper Pr. and Secondary,33-MPP_ZPP SCHOOLS,6 To 10,2-Girls,1-Rural,Kosigi,Kosigi,,,KOSIGI(VILLAGE) KOSIGI(MANDAL) KURNOOL(DIST),518313,veerareddy443[at]gmail[dot]com,https://kys.udiseplus.gov.in/#/schooldetail/4696565/12,4696565,20/12/2025 19:52,2725
******00511 Operational,,ZPHS GONEGANDLA,,,,Andhra Pradesh,7-Upper Pr. and Secondary,33-MPP_ZPP SCHOOLS,6 To 10,3-Co-educational,1-Rural,Gonegandla,Gonegandla,,,BESIDE YEMMIGANUR ROAD GONEGANDLA(VILLAGE) GONEGANDLA(MANDAL) KURNOOL(DIST),518463,gonegandlazphs123[at]gmail[dot]com,https://kys.udiseplus.gov.in/#/schooldetail/4699194/12,4699194,12/02/2026 11:49,2725
******00905 Operational,,ZPHS GORANTLA,,,,Andhra Pradesh,7-Upper Pr. and Secondary,33-MPP_ZPP SCHOOLS,6 To 10,3-Co-educational,1-Rural,Kodumur,Gorantla,,,GORANTLA GORANTLA GORANTLA(VILLAGE) KODUMUR(MANDAL) KURNOOL(DIST),518468,zphsgorantla123[at]gmail[dot]com,https://kys.udiseplus.gov.in/#/schooldetail/4699164/12,4699164,19/06/2025 18:52,2725
******01408 Operational,,ZPHS GOVARDHANAGIRI,,,,Andhra Pradesh,7-Upper Pr. and Secondary,33-MPP_ZPP SCHOOLS,6 To 10,3-Co-educational,1-Rural,Veldurthi,Govardhanagiri,,,GOVARDHANAGIRI GOVARDHANAGIRI GOVARDHANAGIRI(VILLAGE) VELDURTI(MANDAL) KURNOOL(DIST),518216,hmzphsgovardhanagiri[at]gmail[dot]com,https://kys.udiseplus.gov.in/#/schooldetail/4700112/12,4700112,17/09/2024 15:16,2725
******00704 Operational,,ZPHS G SINGAVARAM,,,,Andhra Pradesh,7-Upper Pr. and Secondary,33-MPP_ZPP SCHOOLS,6 To 10,3-Co-educational,1-Rural,Kurnool,G.Singavaram,,,ZP HIGH SCHOOL G SINGAVARAM,518004,zphsgsingavaram[at]gmail[dot]com,https://kys.udiseplus.gov.in/#/schooldetail/4697914/12,4697914,26/12/2025 16:16,2725
******01404 Operational,,ZPHS GUDIKAL,,,,Andhra Pradesh,7-Upper Pr. and Secondary,33-MPP_ZPP SCHOOLS,6 To 10,3-Co-educational,1-Rural,Yemmiganur,Gudikal,,,GUDIKAL GUDIKAL GUDIKAL(VILLAGE) YEMMIGANUR(MANDAL) KURNOOL(DIST),518360,zphschoolgudikal[at]gmail[dot]com,https://kys.udiseplus.gov.in/#/schooldetail/4699316/12,4699316,11/09/2024 10:26,2725
******01504 Operational,,ZPHS GUDIMIRALLA,,,,Andhra Pradesh,6-Pr. Up Pr. and Secondary Only,33-MPP_ZPP SCHOOLS,1 To 10,3-Co-educational,1-Rural,Devanakonda,Gundlakonda,,,GUDIMIRALLA GUDIMIRALLA GUNDLAKONDA(VILLAGE) DEVANAKONDA(MANDAL) KURNOOL(DIST),518468,gudimirallampups[at]gmail[dot]com,https://kys.udiseplus.gov.in/#/schooldetail/4699992/12,4699992,23/12/2025 19:07,2725
******00803 Operational,,ZPHS GUDIPADU,,,,Andhra Pradesh,7-Upper Pr. and Secondary,33-MPP_ZPP SCHOOLS,6 To 10,3-Co-educational,1-Rural,Gudur,Gudipadu,,,GUDIPADU(VILLAGE) GUDUR(MANDAL) KURNOOL(DIST),518466,gudipaduhs[at]gmail[dot]com,https://kys.udiseplus.gov.in/#/schooldetail/4697876/12,4697876,19/06/2025 18:51,2725
******00903 Operational,,ZPHS GULYAM,,,,Andhra Pradesh,7-Upper Pr. and Secondary,33-MPP_ZPP SCHOOLS,6 To 10,3-Co-educational,1-Rural,Halaharvi,Gulyam,,,GULYAM (VILLAGE) HALAHARV I(MANDAL) KURNOOL (DIST),518348,zhpsgulyam1984[at]gmail[dot]com,https://kys.udiseplus.gov.in/#/schooldetail/4701983/12,4701983,17/09/2024 14:26,2725
******01510 Operational,,ZPHS GUNDLAKONDA,,,,Andhra Pradesh,7-Upper Pr. and Secondary,33-MPP_ZPP SCHOOLS,6 To 10,3-Co-educational,1-Rural,Devanakonda,Gundlakonda,,,GUNDLAKONDA GUNDLAKONDA GUNDLAKONDA(VILLAGE) DEVANAKONDA(MANDAL) KURNOOL(DIST),518468,hmgkd[at]gmail[dot]com,https://kys.udiseplus.gov.in/#/schooldetail/4700000/12,4700000,23/12/2025 19:08,2725
******00303 Operational,,ZPHS GUNDREVULA,,,,Andhra Pradesh,6-Pr. Up Pr. and Secondary Only,33-MPP_ZPP SCHOOLS,1 To 10,3-Co-educational,1-Rural,C.Belagal,Gundrevula,,,GUNDREVULA. (VILLAGE) C.BELAGAL. (MANDAL) KURNOOL(DIST),518462,saicherry14363[at]gmail[dot]com,https://kys.udiseplus.gov.in/#/schooldetail/4650277/12,4650277,17/06/2025 18:45,2725
******01303 Operational,,ZPHS HALAHARVI,,,,Andhra Pradesh,7-Upper Pr. and Secondary,33-MPP_ZPP SCHOOLS,6 To 10,3-Co-educational,1-Rural,Halaharvi,Halaharvi,,,HALAHARVI HALAHARVI HALAHARVI(VILLAGE) HALAHARVI(MANDAL) KURNOOL(DIST),518348,zphschoolhalaharvi1960[at]gmail[dot]com,https://kys.udiseplus.gov.in/#/schooldetail/4701991/12,4701991,20/06/2025 15:30,2725
******01703 Operational,,"ZPHS HALAHARVI, NANDAVARAM(M)",,,,Andhra Pradesh,6-Pr. Up Pr. and Secondary Only,33-MPP_ZPP SCHOOLS,1 To 10,3-Co-educational,1-Rural,Nandavaram,Halaharvi,,,BC COLONY HALAHARVI HALAHARVI(VILLAGE) NANDAVARAM(MANDAL) KURNOOL(DIST),518343,zphshalaharvi[at]gmail[dot]com,https://kys.udiseplus.gov.in/#/schooldetail/4697776/12,4697776,19/12/2025 16:19,2725
******00902 Operational,,ZPHS HALIGERA,,,,Andhra Pradesh,6-Pr. Up Pr. and Secondary Only,33-MPP_ZPP SCHOOLS,1 To 10,3-Co-educational,1-Rural,Aspari,Haligera,,,HALIGERA HALIGERA HALIGERA(VILLAGE) ASPARI(MANDAL) KURNOOL(DIST),518347,,https://kys.udiseplus.gov.in/#/schooldetail/4699888/12,4699888,21/12/2025 21:20,2725
******00903 Operational,,ZPHS HALVI,,,,Andhra Pradesh,7-Upper Pr. and Secondary,33-MPP_ZPP SCHOOLS,6 To 10,3-Co-educational,1-Rural,Kowthalam,Halvi,,,HALVI HALVI HALVI(VILLAGE) KOWTHALAM(MANDAL) KURNOOL(DIST),518333,halvizphs[at]gmail[dot]com,https://kys.udiseplus.gov.in/#/schooldetail/4697541/12,4697541,11/05/2022 09:27,2725
******00504 Operational,,ZPHS HAMPA,,,,Andhra Pradesh,6-Pr. Up Pr. and Secondary Only,33-MPP_ZPP SCHOOLS,1 To 10,3-Co-educational,1-Rural,Maddikera (East),Hampa,,,HAMPA(VILLAGE) MADDIKERA(MANDAL) KURNOOL(DIST),518385,anu211221[at]gmail[dot]com,https://kys.udiseplus.gov.in/#/schooldetail/4701911/12,4701911,17/06/2025 18:47,2725
******00103 Operational,,ZPHS HANAVALU,,,,Andhra Pradesh,6-Pr. Up Pr. and Secondary Only,33-MPP_ZPP SCHOOLS,1 To 10,3-Co-educational,1-Rural,Adoni,Hanavalu,,,HANAVALU ADONI HANAVALU(VILLAGE) ADONI(MANDAL) KURNOOL(DIST),518344,,https://kys.udiseplus.gov.in/#/schooldetail/4699455/12,4699455,22/12/2025 12:09,2725
******01006 Operational,,ZPHS HANUMAPURAM,,,,Andhra Pradesh,6-Pr. Up Pr. and Secondary Only,33-MPP_ZPP SCHOOLS,1 To 10,3-Co-educational,1-Rural,Peddakadabur,H Murvari,,,MPUPS HANUMAPURAM MPUPS HANUMAPURAM PEDDAKADUBUR(MANDAL) KURNOOL(DIST),518323,meo.peddakadubur[at]gmail[dot]com,https://kys.udiseplus.gov.in/#/schooldetail/4699428/12,4699428,20/12/2025 13:04,2725
******01502 Operational,,ZPHS HARDAGERI,,,,Andhra Pradesh,7-Upper Pr. and Secondary,33-MPP_ZPP SCHOOLS,6 To 10,3-Co-educational,1-Rural,Halaharvi,Hardagiri,,,HARDAGERI HARDAGERI HARDAGERI(VILLAGE) HALAHARVI(MANDAL) KURNOOL(DIST),518348,bramanaiah4675[at]gmail[dot]com,https://kys.udiseplus.gov.in/#/schooldetail/4701996/12,4701996,20/06/2025 16:29,2725
******01705 Operational,,ZPHS HATHI BELGAL,,,,Andhra Pradesh,7-Upper Pr. and Secondary,33-MPP_ZPP SCHOOLS,6 To 10,3-Co-educational,1-Rural,Alur,Hathi Belgal,,,ZPHS HATHI BELGAL ALUR,518395,zphshbl[at]gmail[dot]com,https://kys.udiseplus.gov.in/#/schooldetail/4699848/12,4699848,22/12/2025 13:09,2725
******00602 Operational,,ZPHS HEBBATAM,,,,Andhra Pradesh,7-Upper Pr. and Secondary,33-MPP_ZPP SCHOOLS,6 To 10,3-Co-educational,1-Rural,Holagunda,Hebbatam,,,HEBBATAM HEBBATAM HEBBATAM(VILLAGE) HOLAGUNDA(MANDAL) KURNOOL(DIST),518308,zphshebbatam2018[at]gmail[dot]com,https://kys.udiseplus.gov.in/#/schooldetail/4699749/12,4699749,25/06/2025 09:35,2725
******00604 Operational,,ZPHS H.KHYRAWADI,,,,Andhra Pradesh,7-Upper Pr. and Secondary,33-MPP_ZPP SCHOOLS,6 To 10,3-Co-educational,1-Rural,Gonegandla,Handri Khairawadi,,,NEAR CANAL PEDDANELAUR ROAD HANDRI KHAIRAWADI(VILLAGE) GONEGANDLA(MANDAL) KURNOOL(DIST),518463,zphs.hk.604[at]gmail[dot]com,https://kys.udiseplus.gov.in/#/schooldetail/4699204/12,4699204,12/02/2026 11:59,2725
******01008 Operational,,ZPHS H.MURAVANI,,,,Andhra Pradesh,7-Upper Pr. and Secondary,33-MPP_ZPP SCHOOLS,6 To 10,3-Co-educational,1-Rural,Peddakadabur,H Murvari,,,H.MURAVANI H.MURAVANI H.MURAVANI(VILLAGE) PEDDAKADUBUR(MANDAL) KURNOOL(DIST),518323,zphshmuravani2023[at]gmail[dot]com,https://kys.udiseplus.gov.in/#/schooldetail/4699430/12,4699430,20/12/2025 13:07,2725
******01007 Operational,,ZPHS HOLAGUNDA,,,,Andhra Pradesh,7-Upper Pr. and Secondary,33-MPP_ZPP SCHOOLS,6 To 10,3-Co-educational,1-Rural,Holagunda,Holagunda,,,NEAR SIDDESWARAMMA TEMPLE NEAR SIDDESWARAMMA TEMPLE HOLAGUNDA(VILLAGE) HOLAGUNDA(MANDAL) KURNOOL(DIST),518346,zphs1961[at]gmail[dot]com,https://kys.udiseplus.gov.in/#/schooldetail/4699762/12,4699762,15/10/2020 12:18,2725
******00726 Operational,,ZPHS HOSUR,,,,Andhra Pradesh,7-Upper Pr. and Secondary,33-MPP_ZPP SCHOOLS,6 To 10,3-Co-educational,1-Rural,Pattikonda,Hosur,,,HOSUR HOSUR PATTIKONDA(VILLAGE) PATHIKONDA(MANDAL) KURNOOL(DIST),518380,zphshosuru[at]gmail[dot]com,https://kys.udiseplus.gov.in/#/schooldetail/4701867/12,4701867,23/12/2025 15:21,2725
******00803 Operational,,ZPHS HUSSAINAPURAM,,,,Andhra Pradesh,7-Upper Pr. and Secondary,33-MPP_ZPP SCHOOLS,6 To 10,3-Co-educational,1-Rural,Orvakal,Husainapuram,,,HUSAINAPURAM HUSAINAPURAM HUSAINAPURAM(VILLAGE) ORVAKAL(MANDAL) KURNOOL(DIST),518010,hmzphshpr[at]gmail[dot]com,https://kys.udiseplus.gov.in/#/schooldetail/4698825/12,4698825,22/12/2025 15:59,2725
******00203 Operational,,ZPHS IBRAHIMPURAM,,,,Andhra Pradesh,7-Upper Pr. and Secondary,33-MPP_ZPP SCHOOLS,6 To 10,3-Co-educational,1-Rural,Nandavaram,Ibharampuram,,,ibrahimpuram pin code no 518343,518345,meo.ndvrm04[at]gmail[dot]com,https://kys.udiseplus.gov.in/#/schooldetail/4697736/12,4697736,21/06/2025 10:40,2725
******90480 Operational,,ZPHS IGBC COLONY,,,,Andhra Pradesh,6-Pr. Up Pr. and Secondary Only,33-MPP_ZPP SCHOOLS,1 To 10,3-Co-educational,2-Urban,NA,,Kurnool Ward No. 41,Kurnool-Municipal Corporations,I.G.B.C. COLONY KALLUR KALLUR(VILLAGE) KALLUR(MANDAL) KURNOOL(DIST),518003,zphsigbcknl[at]gmail[dot]com,https://kys.udiseplus.gov.in/#/schooldetail/4699014/12,4699014,24/12/2025 07:22,2725
******00403 Operational,,ZPHS INGALADAHAL,,,,Andhra Pradesh,7-Upper Pr. and Secondary,33-MPP_ZPP SCHOOLS,6 To 10,3-Co-educational,1-Rural,Holagunda,Ingaladahal,,,INGALADAHAL INGALADAHAL INGALADAHAL(VILLAGE) HOLAGUNDA(MANDAL) KURNOOL(DIST),518308,hmzphsingaladahal[at]gmail[dot]com,https://kys.udiseplus.gov.in/#/schooldetail/4699744/12,4699744,15/10/2020 12:18,2725
******02901 Operational,,ZPHS ISVI,,,,Andhra Pradesh,6-Pr. Up Pr. and Secondary Only,33-MPP_ZPP SCHOOLS,1 To 10,3-Co-educational,1-Rural,Adoni,Isvi (Og),,,ISVI ISVI ISVI(VILLAGE) ADONI(MANDAL) KURNOOL(DIST),518302,,https://kys.udiseplus.gov.in/#/schooldetail/4650278/12,4650278,11/09/2024 14:34,2725
******01002 Operational,,ZPHS JAMPAPURAM,,,,Andhra Pradesh,7-Upper Pr. and Secondary,33-MPP_ZPP SCHOOLS,6 To 10,3-Co-educational,1-Rural,Kosigi,Jampapuram,,,"Z P H SCHOOL ,JAMPAPURAM(VILLAGE) KOSIGI(MANDAL) KURNOOL(DIST)",518313,veerareddy443[at]gmail[dot]com,https://kys.udiseplus.gov.in/#/schooldetail/4697616/12,4697616,28/12/2025 14:23,2725
******02003 Operational,,ZPHS JOHARAPURAM,,,,Andhra Pradesh,7-Upper Pr. and Secondary,33-MPP_ZPP SCHOOLS,6 To 10,3-Co-educational,1-Rural,Aspari,Joharapuram,,,JOHARAPURAM (VILLAGE) ASPARI(MANDAL) KURNOOL(DIST) PIN CODE-518347,518347,zphsjoharapuramhm[at]gmail[dot]com,https://kys.udiseplus.gov.in/#/schooldetail/4699917/12,4699917,21/12/2025 21:22,2725
******01109 Operational,,ZPHS JONNAGIRI,,,,Andhra Pradesh,7-Upper Pr. and Secondary,33-MPP_ZPP SCHOOLS,6 To 10,3-Co-educational,1-Rural,Tuggali,Jonnagiri,,,JONNAGIRI JONNAGIRI JONNAGIRI(VILLAGE) TUGGALI(MANDAL) KURNOOL(DIST),518390,zphsjonnagiri[at]gmail[dot]com,https://kys.udiseplus.gov.in/#/schooldetail/4701812/12,4701812,19/06/2025 18:53,2725
******02701 Operational,,ZPHS JUMALADINNE,,,,Andhra Pradesh,6-Pr. Up Pr. and Secondary Only,33-MPP_ZPP SCHOOLS,1 To 10,3-Co-educational,1-Rural,Kosigi,Jumaladinne,,,JUMALADINNE(VILLAGE) KOSIGI(MANDAL) KURNOOL(DIST),518313,veerareddy443[at]gmial[dot]com,https://kys.udiseplus.gov.in/#/schooldetail/4697662/12,4697662,20/12/2025 19:47,2725
******00303 Operational,,ZPHS JUTUR,,,,Andhra Pradesh,6-Pr. Up Pr. and Secondary Only,33-MPP_ZPP SCHOOLS,1 To 10,3-Co-educational,1-Rural,Pattikonda,Jutur,,,JUTUR JUTUR JUTUR(VILLAGE) PATHIKONDA(MANDAL) KURNOOL(DIST),518380,hm.mpupsjutur[at]gmail[dot]com,https://kys.udiseplus.gov.in/#/schooldetail/4701832/12,4701832,17/06/2025 19:07,2725
******00901 Operational,,ZPHS KADITHOTA,,,,Andhra Pradesh,6-Pr. Up Pr. and Secondary Only,33-MPP_ZPP SCHOOLS,1 To 10,3-Co-educational,1-Rural,Adoni,Kadithota,,,KADITHOTA KADITHOTA KADITHOTA(VILLAGE) ADONI(MANDAL) KURNOOL(DIST),518302,chandradcsekhar[at]gmail[dot]com,https://kys.udiseplus.gov.in/#/schooldetail/4699476/12,4699476,17/06/2025 18:53,2725
******01506 Operational,,ZPHS KADIVELLA,,,,Andhra Pradesh,7-Upper Pr. and Secondary,33-MPP_ZPP SCHOOLS,6 To 10,3-Co-educational,1-Rural,Yemmiganur,Kadivella,,,KADIVELLA KADIVELLA KADIVELLA(VILLAGE) YEMMIGANUR(MANDAL) KURNOOL(DIST),518350,zphskadivella123[at]gmail[dot]com,https://kys.udiseplus.gov.in/#/schooldetail/4699322/12,4699322,11/09/2024 10:27,2725
******00201 Operational,,ZPHS KAGGALLU,,,,Andhra Pradesh,6-Pr. Up Pr. and Secondary Only,33-MPP_ZPP SCHOOLS,1 To 10,3-Co-educational,1-Rural,Mantralayam,Kaggallu,,,KAGGALLU KAGGALLU KAGGALLU(VILLAGE) MANTRALAYAM(MANDAL) KURNOOL(DIST),518313,zphskaggallu201[at]gmail[dot]com,https://kys.udiseplus.gov.in/#/schooldetail/4697665/12,4697665,17/06/2025 18:47,2725
******00348 Operational,,ZPHS KALLAPARI,,,,Andhra Pradesh,7-Upper Pr. and Secondary,33-MPP_ZPP SCHOOLS,6 To 10,3-Co-educational,1-Rural,Kodumur,Pulakurthy,,,KALLAPARI VILLAGE KODUMUR,518464,zphskallapari[at]gmail[dot]com,https://kys.udiseplus.gov.in/#/schooldetail/4699129/12,4699129,19/06/2025 18:52,2725
******00430 Operational,,ZPHS KALLUKUNTA,,,,Andhra Pradesh,7-Upper Pr. and Secondary,33-MPP_ZPP SCHOOLS,6 To 10,3-Co-educational,1-Rural,Peddakadabur,Kallukunta,,,KALLUKUNTA VILLAGE PEDDAKADUBUR MANDAL,518323,zphschoolkallukunta[at]gmail[dot]com,https://kys.udiseplus.gov.in/#/schooldetail/4720844/12,4720844,24/12/2025 12:33,2725
******90451 Operational,,ZPHS KALLUR,,,,Andhra Pradesh,7-Upper Pr. and Secondary,33-MPP_ZPP SCHOOLS,6 To 10,3-Co-educational,2-Urban,NA,,Kurnool Ward No. 35,Kurnool-Municipal Corporations,KALLUR ( KALLUR KALLUR(VILLAGE) KALLUR(MANDAL) KURNOOL(DIST),518003,zphskallurhm[at]gmail[dot]com,https://kys.udiseplus.gov.in/#/schooldetail/4698999/12,4698999,24/12/2025 07:27,2725
******00505 Operational,,ZPHS KALUGOTLA,,,,Andhra Pradesh,7-Upper Pr. and Secondary,33-MPP_ZPP SCHOOLS,6 To 10,3-Co-educational,1-Rural,Veldurthi,Kalugotla,,,KALUGOTLA KALUGOTLA KALUGOTLA(VILLAGE) VELDURTI(MANDAL) KURNOOL(DIST),518217,ddokalugotla[at]gmail[dot]com,https://kys.udiseplus.gov.in/#/schooldetail/4700065/12,4700065,15/10/2020 12:18,2725
******02504 Operational,,ZPHS KAMAVARAM,,,,Andhra Pradesh,7-Upper Pr. and Secondary,33-MPP_ZPP SCHOOLS,6 To 10,3-Co-educational,1-Rural,Kowthalam,Kamavaram,,,KAMAVARAM KAMAVARAM KAMAVARAM(VILLAGE) KOWTHALAM(MANDAL) KURNOOL(DIST),518302,zphskamavaram3[at]gmail[dot]com,https://kys.udiseplus.gov.in/#/schooldetail/4697572/12,4697572,11/05/2022 09:35,2725
******01003 Operational,,ZPHS KAMBADAHAL,,,,Andhra Pradesh,7-Upper Pr. and Secondary,33-MPP_ZPP SCHOOLS,6 To 10,3-Co-educational,1-Rural,C.Belagal,Kambadahal,,,H-NO-1-5-2 B C COLONY,518462,hmzphs2023[at]gmail[dot]com,https://kys.udiseplus.gov.in/#/schooldetail/4697834/12,4697834,15/10/2020 12:18,2725
******00901 Operational,,ZPHS KAMBADAHAL,,,,Andhra Pradesh,6-Pr. Up Pr. and Secondary Only,33-MPP_ZPP SCHOOLS,1 To 10,3-Co-educational,1-Rural,Peddakadabur,Kambadahal,,,KAMBADAHAL KAMBADAHAL KAMBADAHAL(VILLAGE) PEDDAKADUBUR(MANDAL) KURNOOL(DIST),518323,meo.peddakadubur[at]gmail[dot]com,https://kys.udiseplus.gov.in/#/schooldetail/4699422/12,4699422,24/12/2025 13:55,2725
******00704 Operational,,ZPHS KAMBALADINNE,,,,Andhra Pradesh,7-Upper Pr. and Secondary,33-MPP_ZPP SCHOOLS,6 To 10,3-Co-educational,1-Rural,Peddakadabur,Kambaladinne,,,ZPHS KAMBALADINNE-518325 PEDDAKADABUR KURNOOL,518360,zphskambaladinne704[at]gmail[dot]com,https://kys.udiseplus.gov.in/#/schooldetail/4699420/12,4699420,23/12/2025 12:53,2725
******01006 Operational,,ZPHS KAMBALAPADU,,,,Andhra Pradesh,7-Upper Pr. and Secondary,33-MPP_ZPP SCHOOLS,6 To 10,3-Co-educational,1-Rural,Krishnagiri,Kambalapadu,,,KAMBALAPADU KAMBALAPADU KAMBALAPADU(VILLAGE) KRISHNAGIRI(MANDAL) KURNOOL(DIST),518225,hmkambalapadu1006[at]gmail[dot]com,https://kys.udiseplus.gov.in/#/schooldetail/4700028/12,4700028,20/06/2025 15:36,2725
******00203 Operational,,ZPHS KAMMARACHEDU,,,,Andhra Pradesh,7-Upper Pr. and Secondary,33-MPP_ZPP SCHOOLS,6 To 10,3-Co-educational,1-Rural,Alur,Kammarachedu,,,KAMMARACHEDU KAMMARACHEDU KAMMARACHEDU(VILLAGE) ALUR(MANDAL) KURNOOL(DIST),518302,kammaracheduzphs[at]gmail[dot]com,https://kys.udiseplus.gov.in/#/schooldetail/4699796/12,4699796,22/12/2025 12:36,2725
******01505 Operational,,ZPHS KANAKAVEEDU,,,,Andhra Pradesh,7-Upper Pr. and Secondary,33-MPP_ZPP SCHOOLS,6 To 10,3-Co-educational,1-Rural,Nandavaram,Kanakaveedu,,,KANAKAVEEDU KANAKAVEEDU KANAKAVEEDU(VILLAGE) NANDAVARAM(MANDAL) KURNOOL(DIST),518343,kanakaveeduzphs[at]gmail[dot]com,https://kys.udiseplus.gov.in/#/schooldetail/4697765/12,4697765,15/10/2020 12:18,2725
******00302 Operational,,ZPHS KANDUKUR,,,,Andhra Pradesh,7-Upper Pr. and Secondary,33-MPP_ZPP SCHOOLS,6 To 10,3-Co-educational,1-Rural,Kosigi,Kandukur,,,KANDUKUR(VILLAGE) KOSIGI(MANDAL) KURNOOL(DIST),518313,eswarappapaigeri[at]gmail[dot]com,https://kys.udiseplus.gov.in/#/schooldetail/4697607/12,4697607,20/12/2025 19:48,2725
******00402 Operational,,ZPHS KANNAMADAKALA,,,,Andhra Pradesh,7-Upper Pr. and Secondary,33-MPP_ZPP SCHOOLS,6 To 10,3-Co-educational,1-Rural,Orvakal,Kannamadakala,,,KANNAMADAKALA,518010,zphskannamadakala3[at]gmail[dot]com,https://kys.udiseplus.gov.in/#/schooldetail/4698816/12,4698816,20/06/2025 16:55,2725
******02202 Operational,,ZPHS KAPATI,,,,Andhra Pradesh,6-Pr. Up Pr. and Secondary Only,33-MPP_ZPP SCHOOLS,1 To 10,3-Co-educational,1-Rural,Adoni,Kapati,,,KAPATI KAPATI KAPATI(VILLAGE) ADONI(MANDAL) KURNOOL(DIST),518323,gopalkuruva63[at]gmail[dot]com,https://kys.udiseplus.gov.in/#/schooldetail/4699499/12,4699499,11/09/2024 14:34,2725
******00403 Operational,,ZPHS KAPPATRALLA,,,,Andhra Pradesh,7-Upper Pr. and Secondary,33-MPP_ZPP SCHOOLS,6 To 10,3-Co-educational,1-Rural,Devanakonda,Kappatralla,,,KAPPATRALLA KAPPATRALLA KAPPATRALLA(VILLAGE) DEVANAKONDA(MANDAL) KURNOOL(DIST),518465,hskapptralla[at]gmail[dot]com,https://kys.udiseplus.gov.in/#/schooldetail/4699938/12,4699938,23/12/2025 19:09,2725
******01003 Operational,,ZPHS KARIVEMULA,,,,Andhra Pradesh,7-Upper Pr. and Secondary,33-MPP_ZPP SCHOOLS,6 To 10,3-Co-educational,1-Rural,Devanakonda,Karivemula,,,ZPHS KARIVEMULA NEAR RTC BUSTAND,518465,zphskarivemula[at]gmail[dot]com,https://kys.udiseplus.gov.in/#/schooldetail/4699962/12,4699962,23/12/2025 19:10,2725
******00304 Operational,,ZPHS KARUMANCHI,,,,Andhra Pradesh,7-Upper Pr. and Secondary,33-MPP_ZPP SCHOOLS,6 To 10,3-Co-educational,1-Rural,Aspari,Karumanchi,,,KARUMANCHI KARUMANCHI KARUMANCHI(VILLAGE) ASPARI(MANDAL) KURNOOL(DIST),518350,zphskarumanchi1994[at]gmail[dot]com,https://kys.udiseplus.gov.in/#/schooldetail/4699868/12,4699868,21/12/2025 21:24,2725
******01405 Operational,,ZPHS KATARAKONDA,,,,Andhra Pradesh,7-Upper Pr. and Secondary,33-MPP_ZPP SCHOOLS,6 To 10,3-Co-educational,1-Rural,Krishnagiri,Katarikonda,,,KATARAKONDA KATARAKONDA KATARAKONDA(VILLAGE) KRISHNAGIRI(MANDAL) KURNOOL(DIST),518222,zphskatarukonda3[at]gmail[dot]com,https://kys.udiseplus.gov.in/#/schooldetail/4700044/12,4700044,15/10/2020 12:18,2725
******01801 Operational,,ZPHS KATRIKI,,,,Andhra Pradesh,6-Pr. Up Pr. and Secondary Only,33-MPP_ZPP SCHOOLS,1 To 10,3-Co-educational,1-Rural,Kowthalam,Katriki,,,KATRIKI(VILLAGE) KOWTHALAM(MANDAL) KURNOOL(DIST),518333,,https://kys.udiseplus.gov.in/#/schooldetail/4697558/12,4697558,25/06/2024 11:37,2725
******00301 Operational,,ZPHS KETHAVARAM,,,,Andhra Pradesh,6-Pr. Up Pr. and Secondary Only,33-MPP_ZPP SCHOOLS,1 To 10,3-Co-educational,1-Rural,Orvakal,Kethavaram,,,KETHAVARAM KETHAVARAM KETHAVARAM(VILLAGE) ORVAKAL(MANDAL) KURNOOL(DIST),518452,varakaviramamohan[at]gmail[dot]com,https://kys.udiseplus.gov.in/#/schooldetail/4698814/12,4698814,17/06/2025 19:06,2725
******00504 Operational,,ZPHS KHYRUPPALA,,,,Andhra Pradesh,7-Upper Pr. and Secondary,33-MPP_ZPP SCHOOLS,6 To 10,3-Co-educational,1-Rural,Aspari,Khyruppala,,,KHYRUPPALA KHYRUPPALA KHYRUPPALA(VILLAGE) ASPARI(MANDAL) KURNOOL(DIST),518347,zphschoolkpl[at]gmail[dot]com,https://kys.udiseplus.gov.in/#/schooldetail/4699873/12,4699873,21/12/2025 21:26,2725
******03204 Operational,,ZPHS(K) KUNTANAHAL,,,,Andhra Pradesh,7-Upper Pr. and Secondary,33-MPP_ZPP SCHOOLS,6 To 10,3-Co-educational,1-Rural,Kowthalam,Kuntanahal,,,NEAR ESWAR TEMPLE zpkhs kuntanahal,518344,sarangamatadamarisiddaiah27[at]gmail[dot]com,https://kys.udiseplus.gov.in/#/schooldetail/4697594/12,4697594,20/06/2025 15:34,2725
******01801 Operational,,ZPHS KOGILATHOTA,,,,Andhra Pradesh,6-Pr. Up Pr. and Secondary Only,33-MPP_ZPP SCHOOLS,1 To 10,3-Co-educational,1-Rural,Holagunda,Kogilathota,,,KOGILATHOTA(VILLAGE) HOLAGUNDA(MANDAL) KURNOOL(DIST),518346,meo.holagunda1324[at]gmail[dot]com,https://kys.udiseplus.gov.in/#/schooldetail/4699781/12,4699781,21/06/2024 17:07,2725
******01303 Operational,,ZPHS KOILKONDA,,,,Andhra Pradesh,7-Upper Pr. and Secondary,33-MPP_ZPP SCHOOLS,6 To 10,3-Co-educational,1-Rural,Krishnagiri,Chityala,,,KOILKONDA CHITYALA CHITYALA(VILLAGE) KRISHNAGIRI(MANDAL) KURNOOL(DIST),518222,zphskoilakonda[at]gmail[dot]com,https://kys.udiseplus.gov.in/#/schooldetail/4700039/12,4700039,20/06/2025 15:36,2725
******02102 Operational,,ZPHS KOKKARACHEDU,,,,Andhra Pradesh,7-Upper Pr. and Secondary,33-MPP_ZPP SCHOOLS,6 To 10,3-Co-educational,1-Rural,Halaharvi,Kokkarachedu,,,KOKKARACHEDU KOKKARACHEDU KOKKARACHEDU(VILLAGE) HALAHARVI(MANDAL) KURNOOL(DIST),518348,chandrudusamuru1964[at]gmail[dot]com,https://kys.udiseplus.gov.in/#/schooldetail/4702006/12,4702006,15/10/2020 12:18,2725
******01901 Operational,,ZPHS KONGANAPADU,,,,Andhra Pradesh,6-Pr. Up Pr. and Secondary Only,33-MPP_ZPP SCHOOLS,1 To 10,3-Co-educational,1-Rural,Kallur,Konganapadu,,,KONGANAPADU KONGANAPADU KONGANAPADU(VILLAGE) KALLUR(MANDAL) KURNOOL(DIST),518218,zphskonganapadu[at]gmail[dot]com,https://kys.udiseplus.gov.in/#/schooldetail/4698957/12,4698957,23/12/2025 13:09,2725
******01908 Operational,,ZPHS KOTEKAL,,,,Andhra Pradesh,7-Upper Pr. and Secondary,33-MPP_ZPP SCHOOLS,6 To 10,3-Co-educational,1-Rural,Yemmiganur,Kotekal,,,KOTEKAL KOTEKAL KOTEKAL(VILLAGE) YEMMIGANUR(MANDAL) KURNOOL(DIST),518360,zphskotekal98[at]gmail[dot]com,https://kys.udiseplus.gov.in/#/schooldetail/4699342/12,4699342,21/06/2025 10:13,2725
******00505 Operational,,ZPHS KOTHAKOTA,,,,Andhra Pradesh,7-Upper Pr. and Secondary,33-MPP_ZPP SCHOOLS,6 To 10,3-Co-educational,1-Rural,C.Belagal,Kothakota,,,KOTHAKOTA(VILLAGE) C.BELAGAL(MANDAL) KURNOOL(DIST),518466,hmzphskothakota[at]gmail[dot]com,https://kys.udiseplus.gov.in/#/schooldetail/4697801/12,4697801,20/06/2025 17:29,2725
******00701 Operational,,ZPHS KOWTHALAM,,,,Andhra Pradesh,7-Upper Pr. and Secondary,33-MPP_ZPP SCHOOLS,6 To 10,3-Co-educational,1-Rural,Kowthalam,Kowthalam,,,KOWTHALAM KOWTHALAM KOWTHALAM(VILLAGE) KOWTHALAM(MANDAL) KURNOOL(DIST),518344,,https://kys.udiseplus.gov.in/#/schooldetail/4697536/12,4697536,11/05/2022 09:51,2725
******00504 Operational,,ZPHS KRISHNAGIRI,,,,Andhra Pradesh,7-Upper Pr. and Secondary,33-MPP_ZPP SCHOOLS,6 To 10,3-Co-educational,1-Rural,Krishnagiri,Krishnagiri,,,KRISHNAGIRI KRISHNAGIRI KRISHNAGIRI(VILLAGE) KRISHNAGIRI(MANDAL) KURNOOL(DIST),518225,hmkrishnagiri504[at]gmail[dot]com,https://kys.udiseplus.gov.in/#/schooldetail/4700015/12,4700015,15/10/2020 12:18,2725
******00507 Operational,,ZPHS KRISHNAPURAM,,,,Andhra Pradesh,7-Upper Pr. and Secondary,33-MPP_ZPP SCHOOLS,6 To 10,3-Co-educational,1-Rural,Veldurthi,Kalugotla,,,KRISHNAPURAM KRISHNAPURAM KALUGOTLA(VILALGE) VELDURTI(MANDAL) KURNOOL(DIST),518217,hmzphskrishnapuram2023[at]gmail[dot]com,https://kys.udiseplus.gov.in/#/schooldetail/4700066/12,4700066,17/09/2024 10:32,2725
******03002 Operational,,ZPHS(K) ROWDUR,,,,Andhra Pradesh,7-Upper Pr. and Secondary,33-MPP_ZPP SCHOOLS,6 To 10,3-Co-educational,1-Rural,Kowthalam,Rowdur,,,rowdur village kowthalam mandal,518344,zphsk2023[at]gmail[dot]com,https://kys.udiseplus.gov.in/#/schooldetail/4697588/12,4697588,11/05/2022 09:41,2725
******00504 Operational,,ZPHS K.SINGAVARAM,,,,Andhra Pradesh,6-Pr. Up Pr. and Secondary Only,33-MPP_ZPP SCHOOLS,1 To 10,3-Co-educational,1-Rural,C.Belagal,Kothakota,,,MAIN ROAD K.SINGAVARAM KOTHAKOTA(VILLAGE) C.BELAGAL(MANDAL) KURNOOL(DIST),518466,meo.cbelagal[at]gmail[dot]com,https://kys.udiseplus.gov.in/#/schooldetail/4697800/12,4697800,17/06/2025 18:45,2725
******01005 Operational,,ZPHS K.THIMMAPURAM,,,,Andhra Pradesh,7-Upper Pr. and Secondary,33-MPP_ZPP SCHOOLS,6 To 10,3-Co-educational,1-Rural,Yemmiganur,K.Thimmapuram,,,K.THIMMAPURAM K.THIMMAPURAM K.THIMMAPURAM(VILLAGE) YEMMIGANUR(MANDAL) KURNOOL(DIST),518360,zphsktp2024[at]gmail[dot]com,https://kys.udiseplus.gov.in/#/schooldetail/4699297/12,4699297,25/06/2025 09:37,2725
******00403 Operational,,ZPHS KULUMALA,,,,Andhra Pradesh,7-Upper Pr. and Secondary,33-MPP_ZPP SCHOOLS,6 To 10,3-Co-educational,1-Rural,Gonegandla,Kulumala,,,KULUMALA VILLAGE GONEGANDLA MANDAL PIN-518463,518463,zphschoolkulumala[at]gmail[dot]com,https://kys.udiseplus.gov.in/#/schooldetail/4699183/12,4699183,12/02/2026 11:51,2725
******00203 Operational,,ZPHS KUMBALANUR,,,,Andhra Pradesh,6-Pr. Up Pr. and Secondary Only,33-MPP_ZPP SCHOOLS,1 To 10,3-Co-educational,1-Rural,Kowthalam,Kumbalanur,,,KUMBALANUR KUMBALANUR KUMBALANUR(VILLAGE) KOWTHALAM(MANDAL) KURNOOL(DIST),518333,chaithanyasamaths[at]gmail[dot]com,https://kys.udiseplus.gov.in/#/schooldetail/4697532/12,4697532,17/06/2025 18:42,2725
******01106 Operational,,ZPHS KUNKANUR,,,,Andhra Pradesh,7-Upper Pr. and Secondary,33-MPP_ZPP SCHOOLS,6 To 10,3-Co-educational,1-Rural,Devanakonda,Kunkanur,,,KUNKANUR(VILLAGE) DEVANKONDA(MANDAL) KURNOOL(DIST),518465,zphskunkanur[at]gmail[dot]com,https://kys.udiseplus.gov.in/#/schooldetail/4699966/12,4699966,09/12/2023 16:09,2725
******01301 Operational,,ZPHS KUPPAGAL,,,,Andhra Pradesh,6-Pr. Up Pr. and Secondary Only,33-MPP_ZPP SCHOOLS,1 To 10,3-Co-educational,1-Rural,Adoni,Kuppagal,,,KUPPAGAL KUPPAGAL KUPPAGAL(VILLAGE) ADONI(MANDAL) KURNOOL(DIST),518344,,https://kys.udiseplus.gov.in/#/schooldetail/4699480/12,4699480,11/09/2024 14:34,2725
******03102 Operational,,ZPHS(K) UPPARAHAL,,,,Andhra Pradesh,7-Upper Pr. and Secondary,33-MPP_ZPP SCHOOLS,6 To 10,3-Co-educational,1-Rural,Kowthalam,Upparahal,,,main road mppks upparahal,518344,zpkhsupparahalu123[at]gmail[dot]com,https://kys.udiseplus.gov.in/#/schooldetail/4697590/12,4697590,20/06/2025 15:36,2725
******01001 Operational,,ZPHS KURNUR,,,,Andhra Pradesh,6-Pr. Up Pr. and Secondary Only,33-MPP_ZPP SCHOOLS,1 To 10,3-Co-educational,1-Rural,Gonegandla,Kurnur,,,KURNUR GONEGANDLA KURNUR(VILLAGE) GONEGANDLA(MANDAL) KURNOOL(DIST),518463,kurnur.mpups[at]gmail[dot]com,https://kys.udiseplus.gov.in/#/schooldetail/4699215/12,4699215,12/02/2026 10:47,2725
******01509 Operational,,ZPHS K.VENKATAPURAM,,,,Andhra Pradesh,7-Upper Pr. and Secondary,33-MPP_ZPP SCHOOLS,6 To 10,3-Co-educational,1-Rural,Devanakonda,Gundlakonda,,,"K.VENKATAPURAM(V) , DEVANAKONDA(MANDAL) KURNOOL(DIST)",518467,zphskvpuram1509[at]gmail[dot]com,https://kys.udiseplus.gov.in/#/schooldetail/4699999/12,4699999,23/12/2025 19:09,2725
******00707 Operational,,ZPHS LADDAGIRI,,,,Andhra Pradesh,7-Upper Pr. and Secondary,33-MPP_ZPP SCHOOLS,6 To 10,3-Co-educational,1-Rural,Kodumur,Laddagiri,,,LADDAGIRI LADDAGIRI LADDAGIRI(VILLAGE) KODUMUR(MANDAL) KURNOOL(DIST),518468,hmzphsladdagiri[at]gmail[dot]com,https://kys.udiseplus.gov.in/#/schooldetail/4699158/12,4699158,19/06/2025 18:52,2725
******00604 Operational,,ZPHS LAXMIPURAM,,,,Andhra Pradesh,7-Upper Pr. and Secondary,33-MPP_ZPP SCHOOLS,6 To 10,3-Co-educational,2-Urban,NA,,Kurnool Ward No. 28,Kurnool-Municipal Corporations,LAXMIPURAM LAXMIPURAM LAXMIPURAM(VILLAGE) KALLUR(MANDAL) KURNOOL(DIST),518218,kammaramaveena[at]gmail[dot]com,https://kys.udiseplus.gov.in/#/schooldetail/4698923/12,4698923,23/12/2025 12:46,2725
******01304 Operational,,ZPHS L.NAGARAM,,,,Andhra Pradesh,6-Pr. Up Pr. and Secondary Only,33-MPP_ZPP SCHOOLS,1 To 10,3-Co-educational,1-Rural,Veldurthi,Laxminagaram,,,L.NAGARAM L.NAGARAM LAXMINAGARAM(VILLAGE) VELDURTI(MANDAL) KURNOOL(DIST),518216,meo.veldurthy29[at]mail[dot]com,https://kys.udiseplus.gov.in/#/schooldetail/4700105/12,4700105,17/06/2025 19:29,2725
******00502 Operational,,ZPHS MACHAPURAM,,,,Andhra Pradesh,6-Pr. Up Pr. and Secondary Only,33-MPP_ZPP SCHOOLS,1 To 10,3-Co-educational,1-Rural,Devanakonda,Machapuram,,,MACHAPURAM MACHAPURAM MACHAPURAM(VILLAGE) DEVANAKONDA(MANDAL) KURNOOL(DIST),518465,mpupsmachapuram1961[at]gmail[dot]com,https://kys.udiseplus.gov.in/#/schooldetail/4699941/12,4699941,23/12/2025 19:12,2725
******00103 Operational,,ZPHS MACHAPURAM,,,,Andhra Pradesh,6-Pr. Up Pr. and Secondary Only,33-MPP_ZPP SCHOOLS,1 To 10,3-Co-educational,1-Rural,Nandavaram,Machapuram,,,MACHAPURAM B C COLONY MACHAPURAM(VILLAGE) NANDAVARAM(MANDAL) KURNOOL(DIST),518343,mpupsmachapuram28210400103[at]gmail[dot]com,https://kys.udiseplus.gov.in/#/schooldetail/4697733/12,4697733,17/06/2025 19:06,2725
******00705 Operational,,ZPHS MADHAVARAM,,,,Andhra Pradesh,7-Upper Pr. and Secondary,33-MPP_ZPP SCHOOLS,6 To 10,3-Co-educational,1-Rural,Mantralayam,Madhavaram,,,MADHAVARAM MANTRALAYAM MADHAVARAM(VILLAGE) MANTRALAYAM(MANDAL) KURNOOL(DIST),518349,zphsmadhavaram705[at]gmail[dot]com,https://kys.udiseplus.gov.in/#/schooldetail/4697678/12,4697678,15/10/2020 12:18,2725
******00804 Operational,,ZPHS.MADIRE - III,,,,Andhra Pradesh,7-Upper Pr. and Secondary,33-MPP_ZPP SCHOOLS,6 To 10,3-Co-educational,1-Rural,Adoni,Madire,,,MADIRE-III MADIRE-III MADIRE(VILLAGE) ADONI(MANDAL) KURNOOL(DIST),518302,madire111zphs[at]gmail[dot]com,https://kys.udiseplus.gov.in/#/schooldetail/4699475/12,4699475,20/06/2025 15:25,2725
******01601 Operational,,ZPHS MADIRI,,,,Andhra Pradesh,6-Pr. Up Pr. and Secondary Only,33-MPP_ZPP SCHOOLS,1 To 10,3-Co-educational,1-Rural,Kowthalam,Madire,,,madire village kowthalam mandal kurnool district,518344,,https://kys.udiseplus.gov.in/#/schooldetail/4697549/12,4697549,17/06/2025 13:40,2725
******00704 Operational,,ZPHS M.AGRAHARAM,,,,Andhra Pradesh,7-Upper Pr. and Secondary,33-MPP_ZPP SCHOOLS,6 To 10,3-Co-educational,1-Rural,Maddikera (East),Maddikera Agraharam,,,MADDIKERA AGRAHARAM MADDIKERA AGRAHARAM MADDIKERA AGRAHARAM(VILLAGE) MADDIKERA(MANDAL) KURNOOL(DIST),518385,zphsmagraharam2022[at]gmail[dot]com,https://kys.udiseplus.gov.in/#/schooldetail/4701919/12,4701919,08/05/2022 08:56,2725
******01301 Operational,,ZPHS MALLANAHATTI,,,,Andhra Pradesh,6-Pr. Up Pr. and Secondary Only,33-MPP_ZPP SCHOOLS,1 To 10,3-Co-educational,1-Rural,Kowthalam,Mallanahatti,,,MALLANAHATTI MALLANAHATTI MALLANAHATTI(VILLAGE) KOWTHALAM(MANDAL) KURNOOL(DIST),518344,,https://kys.udiseplus.gov.in/#/schooldetail/4697546/12,4697546,24/06/2024 16:45,2725
******00910 Operational,,ZPHS MANTRALAYAM,,,,Andhra Pradesh,7-Upper Pr. and Secondary,33-MPP_ZPP SCHOOLS,6 To 10,3-Co-educational,1-Rural,Mantralayam,Manchala,,,MANCHALA MANCHALA MANCHALA(VILLAGE) MANTRALAYAM(MANDAL) KURNOOL(DIST),518345,zphsmantralayam59[at]gmail[dot]com,https://kys.udiseplus.gov.in/#/schooldetail/4697693/12,4697693,20/12/2025 11:11,2725
******00705 Operational,,ZPHS MARAMDODDI,,,,Andhra Pradesh,7-Upper Pr. and Secondary,33-MPP_ZPP SCHOOLS,6 To 10,3-Co-educational,1-Rural,C.Belagal,Brahmanadoddi,,,MARAMDODDI MARAMDODDI BRAHMANADODDI(VILLAGE) C.BELAGAL(MANDAL) KURNOOL(DIST),518462,zphsmaramdoddi[at]gmail[dot]com,https://kys.udiseplus.gov.in/#/schooldetail/4697812/12,4697812,15/10/2020 12:18,2725
******00304 Operational,,ZPHS MARELLA,,,,Andhra Pradesh,6-Pr. Up Pr. and Secondary Only,33-MPP_ZPP SCHOOLS,1 To 10,3-Co-educational,1-Rural,Tuggali,Mukkella,,,MARELLA MARELLA MUKKELLA(VILLAGE) TUGGALI(MANDAL) KURNOOL(DIST),518468,kanjisneham789[at]gmail[dot]com,https://kys.udiseplus.gov.in/#/schooldetail/4700615/12,4700615,17/06/2025 19:07,2725
******01202 Operational,,ZPHS MEEDIVEMULA,,,,Andhra Pradesh,7-Upper Pr. and Secondary,33-MPP_ZPP SCHOOLS,6 To 10,3-Co-educational,1-Rural,Orvakal,Meedivemula,,,MEEDIVEMULA(VILLAGE) ORVAKAL(MANDAL) KURNOOL(DIST),518002,headmasterzphsmeedivemula[at]gmail[dot]com,https://kys.udiseplus.gov.in/#/schooldetail/4698840/12,4698840,20/06/2025 16:55,2725
******02511 Operational,,ZPHS MILITARY COLONY,,,,Andhra Pradesh,7-Upper Pr. and Secondary,33-MPP_ZPP SCHOOLS,6 To 10,3-Co-educational,1-Rural,Kurnool,Rudravaram,,,RUDRAVARAMCOLONY MILITARYCOLON P.RUDRAVARAM RUDRAVARAM(VILLAGE) KURNOOL(MANDAL) KURNOOL(DIST),518452,headmasterrcolony[at]gmail[dot]com,https://kys.udiseplus.gov.in/#/schooldetail/4698018/12,4698018,29/12/2025 11:46,2725
******01807 Operational,,ZPHS MOLAGAVALLI,,,,Andhra Pradesh,7-Upper Pr. and Secondary,33-MPP_ZPP SCHOOLS,6 To 10,3-Co-educational,1-Rural,Alur,Molagavalli,,,MOLAGAVALLI(VILLAGE) ALUR(MANDAL) KURNOOL(DIST),518395,zphsmolagavalli63[at]gmail[dot]com,https://kys.udiseplus.gov.in/#/schooldetail/4699855/12,4699855,22/12/2025 13:10,2725
******91056 Operational,,ZPHS M.S NAGAR,,,,Andhra Pradesh,7-Upper Pr. and Secondary,33-MPP_ZPP SCHOOLS,6 To 10,3-Co-educational,2-Urban,NA,,Yemmiganur Ward No. 28,Yemmiganur-Municipality,M.S.NAGAR YEMMIGANUR YEMMIGANUR(M)(VILLAGE) YEMMIGANUR(MANDAL) KURNOOL(DIST),518360,msnzphs[at]gmail[dot]com,https://kys.udiseplus.gov.in/#/schooldetail/4699387/12,4699387,15/10/2020 12:18,2725
******00801 Operational,,ZPHS MUDDANAGIRI,,,,Andhra Pradesh,6-Pr. Up Pr. and Secondary Only,33-MPP_ZPP SCHOOLS,1 To 10,3-Co-educational,1-Rural,Alur,Muddanagiri,,,MUDDANAGIRI MUDDANAGIRI MUDDANAGIRI(VILLAGE) ALUR(MANDAL) KURNOOL(DIST),518395,mpupsmuddanageri[at]gmail[dot]com,https://kys.udiseplus.gov.in/#/schooldetail/4699803/12,4699803,22/12/2025 12:42,2725
******00405 Operational,,ZPHS MUDUMALA,,,,Andhra Pradesh,7-Upper Pr. and Secondary,33-MPP_ZPP SCHOOLS,6 To 10,3-Co-educational,1-Rural,C.Belagal,Kondapuram,,,MUDUMALA MUDUMALA KONDAPURAM(VILLAGE) C.BELAGAL(MANDAL) KURNOOL(DIST),518462,hmzphsmudumala[at]gmail[dot]com,https://kys.udiseplus.gov.in/#/schooldetail/4697795/12,4697795,15/10/2020 12:18,2725
******01907 Operational,,ZPHS MUGATHI,,,,Andhra Pradesh,7-Upper Pr. and Secondary,33-MPP_ZPP SCHOOLS,6 To 10,3-Co-educational,1-Rural,Nandavaram,Muguthi,,,MUGATHI MUGATHI MUGATHI(VILLAGE) NANDAVARAM(MANDAL) KURNOOL(DIST),518360,sanjeevaraju720[at]gmail[dot]com,https://kys.udiseplus.gov.in/#/schooldetail/4697782/12,4697782,19/12/2025 16:27,2725
******00303 Operational,,ZPHS MUKKELLA,,,,Andhra Pradesh,6-Pr. Up Pr. and Secondary Only,33-MPP_ZPP SCHOOLS,1 To 10,3-Co-educational,1-Rural,Tuggali,Mukkella,,,MUKKELLA MUKKELLA MUKKELLA(VILLAGE) TUGGALI(MANDAL) KURNOOL(DIST),518468,aslam871973[at]gmail[dot]com,https://kys.udiseplus.gov.in/#/schooldetail/4699702/12,4699702,22/06/2024 21:58,2725
******00204 Operational,,ZPHS MULUGUNDAM,,,,Andhra Pradesh,7-Upper Pr. and Secondary,33-MPP_ZPP SCHOOLS,6 To 10,3-Co-educational,1-Rural,Aspari,Mulugundam,,,MULUGUNDAM ASPARI KURNOOL 518350,518350,zphschoolmulugundam0204[at]gmail[dot]com,https://kys.udiseplus.gov.in/#/schooldetail/4699864/12,4699864,21/12/2025 21:27,2725
******00303 Operational,,ZPHS MUNAGALA,,,,Andhra Pradesh,7-Upper Pr. and Secondary,33-MPP_ZPP SCHOOLS,6 To 10,3-Co-educational,1-Rural,Gudur,Munagala,,,MUNAGALA (VILLAGE) GUDUR (MANDAL) KURNOOL (DISTRICT),518466,zphsmunagala3[at]gmail[dot]com,https://kys.udiseplus.gov.in/#/schooldetail/4697840/12,4697840,19/06/2025 18:51,2725
******00906 Operational,,ZPHS MUNAGALAPADU,,,,Andhra Pradesh,7-Upper Pr. and Secondary,33-MPP_ZPP SCHOOLS,6 To 10,3-Co-educational,2-Urban,NA,,Kurnool Ward No. 38,Kurnool-Municipal Corporations,MUNAGALAPADU MUNAGALAPADU MUNAGALAPADU(VILLAGE) KURNOOL(MANDAL) KURNOOL(DIST),518004,zphsmunagalapadu123[at]gmail[dot]com,https://kys.udiseplus.gov.in/#/schooldetail/4696819/12,4696819,21/06/2025 10:40,2725
******00303 Operational,,ZPHS MUSANAHALLI,,,,Andhra Pradesh,7-Upper Pr. and Secondary,33-MPP_ZPP SCHOOLS,6 To 10,3-Co-educational,1-Rural,Alur,Musanahalli,,,MUSANAHALLI MUSANAHALLI MUSANAHALLI(VILLAGE) ALUR(MANDAL) KURNOOL(DIST),518302,rajaapus[at]gmail[dot]com,https://kys.udiseplus.gov.in/#/schooldetail/4699798/12,4699798,22/12/2025 12:37,2725
******90497 Operational,,ZPHS MUZAFFAR NAGAR,,,,Andhra Pradesh,7-Upper Pr. and Secondary,33-MPP_ZPP SCHOOLS,6 To 10,3-Co-educational,2-Urban,NA,,Kurnool Ward No. 32,Kurnool-Municipal Corporations,MUZAFAR NAGAR KALLUR KALLUR(VILLAGE) KALLUR(MANDAL) KURNOOL(DIST),518003,zphsmuzafarnagar64[at]gmail[dot]com,https://kys.udiseplus.gov.in/#/schooldetail/4699019/12,4699019,24/12/2025 07:18,2725
******00102 Operational,,ZPHS NADICHAGI,,,,Andhra Pradesh,7-Upper Pr. and Secondary,33-MPP_ZPP SCHOOLS,6 To 10,3-Co-educational,1-Rural,Kowthalam,Nadichagi,,,NADICHAGI NADICHAGI NADICHAGI(VILLAGE) KOWTHALAM(MANDAL) KURNOOL(DIST),518333,zpkhsnadichagi301[at]gmail[dot]com,https://kys.udiseplus.gov.in/#/schooldetail/4697528/12,4697528,11/05/2022 09:48,2725
******00904 Operational,,ZPHS NAGALADINNE,,,,Andhra Pradesh,7-Upper Pr. and Secondary,33-MPP_ZPP SCHOOLS,6 To 10,3-Co-educational,1-Rural,Nandavaram,Nagaladinne,,,NAGALADINNE S C COLONY NAGALADINNE(VILLAGE) NANDAVARAM(MANDAL) KURNOOL(DIST),518343,zphschoolngd[at]gmail[dot]com,https://kys.udiseplus.gov.in/#/schooldetail/4697748/12,4697748,19/11/2022 19:23,2725
******03302 Operational,,ZPHS NAGANATHANA HALLI,,,,Andhra Pradesh,7-Upper Pr. and Secondary,33-MPP_ZPP SCHOOLS,6 To 10,3-Co-educational,1-Rural,Adoni,Naganathana Halli,,,NAGANATHANA HALLI(VILLAGE) ADONI(MANDAL) KURNOOL(DIST)518308,518308,mpups3302[at]gmail[dot]com,https://kys.udiseplus.gov.in/#/schooldetail/4699532/12,4699532,20/06/2025 17:07,2725
******00102 Operational,,ZPHS NAGARADONA,,,,Andhra Pradesh,6-Pr. Up Pr. and Secondary Only,33-MPP_ZPP SCHOOLS,1 To 10,3-Co-educational,1-Rural,Chippagiri,Nagaradona,,,NAGARADONA NAGARADONA NAGARADONA(VILLAGE) CHIPPAGIRI(MANDAL) KURNOOL(DIST),518396,mpupsnagaradona102[at]gmail[dot]com,https://kys.udiseplus.gov.in/#/schooldetail/4701938/12,4701938,22/06/2024 21:44,2725
******01303 Operational,,ZPHS NAGARUR,,,,Andhra Pradesh,7-Upper Pr. and Secondary,33-MPP_ZPP SCHOOLS,6 To 10,3-Co-educational,1-Rural,Aspari,Nagarur,,,NAGARUR NAGARUR NAGARUR(VILLAGE) ASPARI(MANDAL) KURNOOL(DIST),518347,evaravi77[at]gmail[dot]com,https://kys.udiseplus.gov.in/#/schooldetail/4699895/12,4699895,21/12/2025 21:29,2725
******00102 Operational,,ZPHS NALAKADODDI,,,,Andhra Pradesh,6-Pr. Up Pr. and Secondary Only,33-MPP_ZPP SCHOOLS,1 To 10,3-Co-educational,1-Rural,Pattikonda,Nalakadoddi,,,NALAKADODDI NALAKADODDI NALAKADODDI(VILLAGE) PATHIKONDA(MANDAL) KURNOOL(DIST),518380,meo.pathikonda[at]gmail[dot]com,https://kys.udiseplus.gov.in/#/schooldetail/4700682/12,4700682,17/06/2025 19:06,2725
******01401 Operational,,ZPHS NANCHERLA,,,,Andhra Pradesh,6-Pr. Up Pr. and Secondary Only,33-MPP_ZPP SCHOOLS,1 To 10,3-Co-educational,1-Rural,Chippagiri,Nancharla,,,NANCHERLA NANCHERLA NANCHARLA(VILLAGE) CHIPPAGIRI(MANDAL) KURNOOL(DIST),518385,zphsnancherla2025[at]gmail[dot]com,https://kys.udiseplus.gov.in/#/schooldetail/4701970/12,4701970,17/06/2025 18:45,2725
******01606 Operational,,ZPHS NANDAVARAM,,,,Andhra Pradesh,7-Upper Pr. and Secondary,33-MPP_ZPP SCHOOLS,6 To 10,3-Co-educational,1-Rural,Nandavaram,Nandavaram,,,NANDAVARAM (V&M) KURNOOL Dist. 518343,518343,zphs1962[at]gmail[dot]com,https://kys.udiseplus.gov.in/#/schooldetail/4697771/12,4697771,15/10/2020 12:18,2725
******03401 Operational,,ZPHS NARANAPURAM,,,,Andhra Pradesh,6-Pr. Up Pr. and Secondary Only,33-MPP_ZPP SCHOOLS,1 To 10,3-Co-educational,1-Rural,Adoni,Naranapuram,,,NARANAPURAM DHANAPURAM NARANAPURAM(VILLAGE) ADONI(MANDAL) KURNOOL(DIST),518301,mpupsnarayanapuram9[at]gmail[dot]com,https://kys.udiseplus.gov.in/#/schooldetail/4699533/12,4699533,17/06/2025 18:53,2725
******00107 Operational,,ZPHS NARNOOR,,,,Andhra Pradesh,7-Upper Pr. and Secondary,33-MPP_ZPP SCHOOLS,6 To 10,3-Co-educational,1-Rural,Orvakal,Nannur,,,NANNUR ORVAKAL NANNUR(VILLAGE) ORVAKAL(MANDAL) KURNOOL(DIST),518002,zphsnr[at]gmail[dot]com,https://kys.udiseplus.gov.in/#/schooldetail/4698802/12,4698802,15/10/2020 12:18,2725
******01802 Operational,,ZPHS NAYAKALLU,,,,Andhra Pradesh,6-Pr. Up Pr. and Secondary Only,33-MPP_ZPP SCHOOLS,1 To 10,3-Co-educational,1-Rural,Kallur,Nayakallu,,,NAYAKALLU NAYAKALLU NAYAKALLU(VILLAGE) KALLUR(MANDAL) KURNOOL(DIST),518218,,https://kys.udiseplus.gov.in/#/schooldetail/4698956/12,4698956,23/12/2025 13:09,2725
******01403 Operational,,ZPHS NELATHALAMARRI,,,,Andhra Pradesh,6-Pr. Up Pr. and Secondary Only,33-MPP_ZPP SCHOOLS,1 To 10,3-Co-educational,1-Rural,Devanakonda,Nallachelimal,,,NELATHALAMARRI NELATHALAMARRI NALLACHELIMALA(VILLAGE) DEVANAKONDA(MANDAL) KURNOOL(DIST),518465,,https://kys.udiseplus.gov.in/#/schooldetail/4699988/12,4699988,23/12/2025 19:13,2725
******00404 Operational,,ZPHS NEMAKAL,,,,Andhra Pradesh,7-Upper Pr. and Secondary,33-MPP_ZPP SCHOOLS,6 To 10,3-Co-educational,1-Rural,Chippagiri,Nemakal,,,NEMAKAL NEMAKAL NEMAKAL(VILLAGE) CHIPPAGIRI(MANDAL) KURNOOL(DIST),518396,ekambaram.social[at]gmail[dot]com,https://kys.udiseplus.gov.in/#/schooldetail/4701947/12,4701947,20/06/2025 15:55,2725
******02003 Operational,,ZPHS NERANIKI,,,,Andhra Pradesh,6-Pr. Up Pr. and Secondary Only,33-MPP_ZPP SCHOOLS,1 To 10,3-Co-educational,1-Rural,Holagunda,Neraniki,,,NERANIKI (VILLAGE) HOLAGUNDA(MANDAL) KURNOOL(DIST),518395,meo.holagunda1324[at]gmail[dot]com,https://kys.udiseplus.gov.in/#/schooldetail/4699791/12,4699791,17/06/2025 18:40,2725
******04101 Operational,,ZPHS NETTEKAL,,,,Andhra Pradesh,6-Pr. Up Pr. and Secondary Only,33-MPP_ZPP SCHOOLS,1 To 10,3-Co-educational,1-Rural,Adoni,Nettekal,,,NETTEKAL NETTEKAL NETTEKAL(VILLAGE) ADONI(MANDAL) KURNOOL(DIST),518301,mpupschoolnettekal[at]gmail[dot]com,https://kys.udiseplus.gov.in/#/schooldetail/4699560/12,4699560,17/06/2025 18:54,2725
******00804 Operational,,ZPHS NIDZUR,,,,Andhra Pradesh,7-Upper Pr. and Secondary,33-MPP_ZPP SCHOOLS,6 To 10,3-Co-educational,1-Rural,Kurnool,Nidzur,,,NEAR BUS STAND MAIN ROAD NIDZUR NIDZUR(VILLAGE) KURNOOL(MANDAL) KURNOOL(DIST),518001,zphsnidzur2017[at]gmail[dot]com,https://kys.udiseplus.gov.in/#/schooldetail/4697918/12,4697918,26/12/2025 16:37,2725
******00802 Operational,,ZPHS NIRAVATTI,,,,Andhra Pradesh,7-Upper Pr. and Secondary,33-MPP_ZPP SCHOOLS,6 To 10,3-Co-educational,1-Rural,Halaharvi,Nitravatti,,,NITRAVATTI NITRAVATTI NITRAVATTI(VILLAGE) HALAHARVI(MANDAL) KURNOOL(DIST),518348,nitravattizphs[at]gmail[dot]com,https://kys.udiseplus.gov.in/#/schooldetail/4701980/12,4701980,15/10/2020 12:18,2725
******01401 Operational,,ZPHS NOWLEKAL,,,,Andhra Pradesh,6-Pr. Up Pr. and Secondary Only,33-MPP_ZPP SCHOOLS,1 To 10,3-Co-educational,1-Rural,Peddakadabur,Nowlekal,,,NOWLEKAL NOWLEKAL NOWLEKAL(VILLAGE) PEDDAKADUBUR(MANDAL) KURNOOL(DIST),518323,mpups1322311[at]gmail[dot]com,https://kys.udiseplus.gov.in/#/schooldetail/4699448/12,4699448,20/12/2025 13:18,2725
******01102 Operational,,ZPHS ORVAKAL,,,,Andhra Pradesh,7-Upper Pr. and Secondary,33-MPP_ZPP SCHOOLS,6 To 10,3-Co-educational,1-Rural,Orvakal,Orvakal,,,ORVAKAL ORVAKAL ORVAKAL(VILLAGE) ORVAKAL(MANDAL) KURNOOL(DIST),518010,zphs.orvakal2[at]gmail[dot]com,https://kys.udiseplus.gov.in/#/schooldetail/4698830/12,4698830,20/06/2025 17:36,2725
******02513 Operational,,ZPHS PADIDEMPADU,,,,Andhra Pradesh,7-Upper Pr. and Secondary,33-MPP_ZPP SCHOOLS,6 To 10,3-Co-educational,1-Rural,Kurnool,Rudravaram,,,PADIDEMPADU KURNOOL(MANDAL) KURNOOL(DIST),518452,,https://kys.udiseplus.gov.in/#/schooldetail/4698020/12,4698020,29/12/2025 11:48,2725
******01004 Operational,,ZPHS PAGIDIROY,,,,Andhra Pradesh,7-Upper Pr. and Secondary,33-MPP_ZPP SCHOOLS,6 To 10,3-Co-educational,1-Rural,Tuggali,Pagidiroy,,,PAGIDIROY PAGIDIROY PAGIDIROY(VILLAGE) TUGGALI(MANDAL) KURNOOL(DIST),518390,zphspagidiroy[at]gmail[dot]com,https://kys.udiseplus.gov.in/#/schooldetail/4701803/12,4701803,15/10/2020 12:18,2725
******02002 Operational,,ZPHS PALLIPADU,,,,Andhra Pradesh,7-Upper Pr. and Secondary,33-MPP_ZPP SCHOOLS,6 To 10,3-Co-educational,1-Rural,Kosigi,Pallipadu,,,PALLIPADU VILLEGE KOSIGI MANDAL,518313,zphspallepadu[at]gmail[dot]com,https://kys.udiseplus.gov.in/#/schooldetail/4697637/12,4697637,21/12/2025 11:34,2725
******01104 Operational,,ZPHS PANCHALINGALA,,,,Andhra Pradesh,7-Upper Pr. and Secondary,33-MPP_ZPP SCHOOLS,6 To 10,3-Co-educational,1-Rural,Kurnool,Panchalingala,,,PANCHALINGALA KURNOOL PANCHALINGALA(VILLAGE) KURNOOL(MANDAL) KURNOOL(DIST),518004,panchzphs1973[at]gmail[dot]com,https://kys.udiseplus.gov.in/#/schooldetail/4697942/12,4697942,26/12/2025 16:55,2725
******00507 Operational,,ZPHS PANDIKONA,,,,Andhra Pradesh,7-Upper Pr. and Secondary,33-MPP_ZPP SCHOOLS,6 To 10,3-Co-educational,1-Rural,Pattikonda,Pandikona,,,PANDIKONA PATHIKONDA,518380,zphspkona[at]gmail[dot]com,https://kys.udiseplus.gov.in/#/schooldetail/4701843/12,4701843,15/10/2020 12:18,2725
******00103 Operational,,ZPHS PARLA,,,,Andhra Pradesh,7-Upper Pr. and Secondary,33-MPP_ZPP SCHOOLS,6 To 10,3-Co-educational,1-Rural,Kallur,Parla,,,PARLA KALLUR PARLA(VILLAGE) KALLUR(MANDAL) KURNOOL(DIST),518467,zphsparla8601[at]gmail[dot]com,https://kys.udiseplus.gov.in/#/schooldetail/4650512/12,4650512,21/12/2025 11:35,2725
******01104 Operational,,ZPHS PARLAPALLE,,,,Andhra Pradesh,7-Upper Pr. and Secondary,33-MPP_ZPP SCHOOLS,6 To 10,3-Co-educational,1-Rural,Yemmiganur,Parlapalle,,,ZPHS PARLAPALLE YEMMIGANUR KURNOOL DISTRICT PIN 518360,518360,zphsparlapalle[at]gmail[dot]com,https://kys.udiseplus.gov.in/#/schooldetail/4699306/12,4699306,21/06/2025 10:13,2725
******02105 Operational,,ZPHS PASUPULA,,,,Andhra Pradesh,7-Upper Pr. and Secondary,33-MPP_ZPP SCHOOLS,6 To 10,3-Co-educational,1-Rural,Kurnool,Pasupula (Og),,,PASUPULA PASUPULA PASUPULA(VILLAGE) KURNOOL(MANDAL) KURNOOL(DIST),518452,zppasupala123[at]gmail[dot]com,https://kys.udiseplus.gov.in/#/schooldetail/4697976/12,4697976,27/12/2025 12:26,2725
******00303 Operational,,ZPHS PEDDA HARIVARAM,,,,Andhra Pradesh,7-Upper Pr. and Secondary,33-MPP_ZPP SCHOOLS,6 To 10,3-Co-educational,1-Rural,Adoni,Pedda Harivanam,,,PEDDA HARIVANAM ADONI PEDDA HARIVANAM(VILLAGE) ADONI(MANDAL) KURNOOL(DIST),518308,zphspeddaharivanam[at]gmail[dot]com,https://kys.udiseplus.gov.in/#/schooldetail/4699465/12,4699465,15/10/2020 12:18,2725
******01306 Operational,,ZPHS PEDDAHOTUR,,,,Andhra Pradesh,7-Upper Pr. and Secondary,33-MPP_ZPP SCHOOLS,6 To 10,3-Co-educational,1-Rural,Alur,Peddahottur,,,NEAR BUS STAND PEDDAHOTHUR,518395,rdasu4747[at]gmail[dot]com,https://kys.udiseplus.gov.in/#/schooldetail/4699815/12,4699815,22/12/2025 12:58,2725
******01104 Operational,,ZPHS PEDDA KADUBUR,,,,Andhra Pradesh,7-Upper Pr. and Secondary,33-MPP_ZPP SCHOOLS,6 To 10,3-Co-educational,1-Rural,Peddakadabur,Pedda Kadubur,,,PEDDA KADUBUR PEDDAKADUBUR PEDDA KADUBUR(VILLAGE) PEDDAKADUBUR(MANDAL) KURNOOL(DIST),518323,zphspeddakadabur[at]gmail[dot]com,https://kys.udiseplus.gov.in/#/schooldetail/4699434/12,4699434,20/12/2025 13:22,2725
******00603 Operational,,ZPHS PEDDA KOTTALA,,,,Andhra Pradesh,6-Pr. Up Pr. and Secondary Only,33-MPP_ZPP SCHOOLS,1 To 10,3-Co-educational,1-Rural,Kallur,Laxmipuram,,,PEDDAKOTTALA. LAXMIPURAM LAXMIPURAM(VILLAGE) KALLUR(MANDAL) KURNOOL(DIST),518218,fahmidaknl25[at]gmail[dot]com,https://kys.udiseplus.gov.in/#/schooldetail/4698922/12,4698922,23/12/2025 12:46,2725
******00102 Operational,,ZPHS PEDDAMARRIVEEDU,,,,Andhra Pradesh,6-Pr. Up Pr. and Secondary Only,33-MPP_ZPP SCHOOLS,1 To 10,3-Co-educational,1-Rural,Gonegandla,Pedda Marriveedu,,,PEDDA MARRIVEEDU GONEGANDLA PEDDA MARRIVEEDU(VILLAGE) GONEGANDLA(MANDAL) KURNOOL(DIST),518463,psuneethadevi.71[at]gmail[dot]com,https://kys.udiseplus.gov.in/#/schooldetail/4699132/12,4699132,12/02/2026 10:41,2725
******00307 Operational,,ZPHS PEDDANELATUR,,,,Andhra Pradesh,7-Upper Pr. and Secondary,33-MPP_ZPP SCHOOLS,6 To 10,3-Co-educational,1-Rural,Gonegandla,Pedda Nelatur,,,PEDDA NELATUR GONEGANDLA PEDDA NELATUR(VILLAGE) GONEGANDLA(MANDAL) KURNOOL(DIST),518463,hmnelatur[at]gmail[dot]com,https://kys.udiseplus.gov.in/#/schooldetail/4699180/12,4699180,12/02/2026 11:49,2725
******00304 Operational,,ZPHS PEDDAPADU,,,,Andhra Pradesh,7-Upper Pr. and Secondary,33-MPP_ZPP SCHOOLS,6 To 10,3-Co-educational,2-Urban,NA,,Kurnool Ward No. 36,Kurnool-Municipal Corporations,PEDDAPADU KURNOOL MUNICIPAL CORPORATION KURNOOL DISTRICT,518003,zphschool016[at]gmail[dot]com,https://kys.udiseplus.gov.in/#/schooldetail/4698873/12,4698873,21/12/2025 11:37,2725
******01404 Operational,,ZPHS PEDDA.THUMBALAM,,,,Andhra Pradesh,5-Up. Pr. Secondary and Higher Sec,33-MPP_ZPP SCHOOLS,6 To 12,3-Co-educational,1-Rural,Adoni,Pedda Thumbalam,,,PEDDA THUMBALAM PEDDA THUMBALAM PEDDA THUMBALAM(VILLAGE) ADONI(MANDAL) KURNOOL(DIST),518302,zphspthumbalam[at]gmail[dot]com,https://kys.udiseplus.gov.in/#/schooldetail/4699485/12,4699485,22/06/2024 21:57,2725
******00902 Operational,,ZPHS PENCHIKALAPADU,,,,Andhra Pradesh,7-Upper Pr. and Secondary,33-MPP_ZPP SCHOOLS,6 To 10,3-Co-educational,1-Rural,Gudur,Penchikalapadu,,,PENCHIKALAPADU(VILLAGE) GUDUR(MANDAL) KURNOOL(DIST),518467,zphspenchikalapadu[at]gmail[dot]com,https://kys.udiseplus.gov.in/#/schooldetail/4697878/12,4697878,11/05/2022 11:49,2725
******00405 Operational,,ZPHS PENDEKAL,,,,Andhra Pradesh,6-Pr. Up Pr. and Secondary Only,33-MPP_ZPP SCHOOLS,1 To 10,3-Co-educational,1-Rural,Tuggali,Pendikallu,,,PENDEKALLU PENDEKALLU PENDEKALLU(VILLAGE) TUGGALI(MANDAL) KURNOOL(DIST),518468,gopaluhlv[at]gmail[dot]com,https://kys.udiseplus.gov.in/#/schooldetail/4701762/12,4701762,17/06/2025 19:29,2725
******00406 Operational,,ZPHS PERAVALI,,,,Andhra Pradesh,7-Upper Pr. and Secondary,33-MPP_ZPP SCHOOLS,6 To 10,3-Co-educational,1-Rural,Maddikera (East),Peravali,,,PERAVALI PERAVALI PERAVALI(VILLAGE) MADDIKERA(MANDAL) KURNOOL(DIST) AP,518390,zphspvl[at]gmail[dot]com,https://kys.udiseplus.gov.in/#/schooldetail/4701905/12,4701905,07/12/2023 10:49,2725
******00605 Operational,,ZPHS POLAKAL,,,,Andhra Pradesh,7-Upper Pr. and Secondary,33-MPP_ZPP SCHOOLS,6 To 10,3-Co-educational,1-Rural,C.Belagal,Polakal,,,POLAKAL(VILLAGE) C.BELAGAL(MANDAL) KURNOOL(DIST),518462,zphs.polakal1981[at]gmail[dot]com,https://kys.udiseplus.gov.in/#/schooldetail/4697808/12,4697808,15/10/2020 12:18,2725
******00401 Operational,,ZPHS POOLACHINTA,,,,Andhra Pradesh,6-Pr. Up Pr. and Secondary Only,33-MPP_ZPP SCHOOLS,1 To 10,3-Co-educational,1-Rural,Nandavaram,Poolachinta,,,POOLACHINTA POOLACHINTA POOLACHINTA(VILLAGE) NANDAVARAM(MANDAL) KURNOOL(DIST),518343,mpupschool[at]gmail[dot]com,https://kys.udiseplus.gov.in/#/schooldetail/4697739/12,4697739,17/06/2025 19:06,2725
******00204 Operational,,"ZPHS, POTHUGAL",,,,Andhra Pradesh,7-Upper Pr. and Secondary,33-MPP_ZPP SCHOOLS,6 To 10,3-Co-educational,1-Rural,Krishnagiri,Pothugal,,,POTHUGALLU KRISHNAGIRI MANDAL,518225,zphspothugallu[at]gmail[dot]com,https://kys.udiseplus.gov.in/#/schooldetail/4700007/12,4700007,20/06/2025 15:36,2725
******01702 Operational,,ZPHS PUDUR,,,,Andhra Pradesh,7-Upper Pr. and Secondary,33-MPP_ZPP SCHOOLS,6 To 10,3-Co-educational,1-Rural,Kurnool,Pudur,,,PUDUR PUDUR PUDUR(VILLAGE) KURNOOL(MANDAL) KURNOOL(DIST),518432,zphspudur382[at]gmail[dot]com,https://kys.udiseplus.gov.in/#/schooldetail/4697962/12,4697962,27/12/2025 11:11,2725
******00106 Operational,,ZPHS PULAKURTHY,,,,Andhra Pradesh,7-Upper Pr. and Secondary,33-MPP_ZPP SCHOOLS,6 To 10,3-Co-educational,1-Rural,Kodumur,Pulakurthy,,,PULAKURTHY PULAKURTHY PULAKURTHY(VILLAGE) KODUMUR(MANDAL) KURNOOL(DIST),518462,hmzphspulakurthy93[at]gmail[dot]com,https://kys.udiseplus.gov.in/#/schooldetail/4699090/12,4699090,19/12/2025 12:26,2725
******00505 Operational,,ZPHS PULIKONDA,,,,Andhra Pradesh,6-Pr. Up Pr. and Secondary Only,33-MPP_ZPP SCHOOLS,1 To 10,3-Co-educational,1-Rural,Pattikonda,Pandikona,,,PULIKONDA VILLAGE PATTIKONDA MANDAL KURNOOL DISTRICT ANDHRA PRADESH,518380,gadigechandra94[at]gmail[dot]com,https://kys.udiseplus.gov.in/#/schooldetail/4701841/12,4701841,22/06/2024 21:44,2725
******00402 Operational,,ZPHS PULLAGUMMI,,,,Andhra Pradesh,7-Upper Pr. and Secondary,33-MPP_ZPP SCHOOLS,6 To 10,3-Co-educational,1-Rural,Veldurthi,Pullagummi,,,PULLAGUMMI PULLAGUMMI PULLAGUMMI(VILLAGE) VELDURTI(MANDAL) KURNOOL(DIST),518217,zphspullagummi94[at]gmail[dot]com,https://kys.udiseplus.gov.in/#/schooldetail/4700060/12,4700060,25/06/2025 09:37,2725
******00205 Operational,,ZPHS PURICHERLA,,,,Andhra Pradesh,7-Upper Pr. and Secondary,33-MPP_ZPP SCHOOLS,6 To 10,3-Co-educational,1-Rural,Orvakal,Orvakal,,,PUDICHERLA VILLAGE ORVAKAL MANDAL,518452,,https://kys.udiseplus.gov.in/#/schooldetail/4698813/12,4698813,22/12/2025 12:47,2725
******01103 Operational,,ZPHS PUTCHAKAYALAMADA,,,,Andhra Pradesh,7-Upper Pr. and Secondary,33-MPP_ZPP SCHOOLS,6 To 10,3-Co-educational,1-Rural,Pattikonda,Putchakayalamada,,,PUTCHAKAYALAMADA PUTCHAKAYALAMADA PUTCHAKAYALAMADA(VILLAGE) PATHIKONDA(MANDAL) KURNOOL(DIST),518380,zphspmada648[at]gmail[dot]com,https://kys.udiseplus.gov.in/#/schooldetail/4701897/12,4701897,15/10/2020 12:18,2725
******00703 Operational,,ZPHS PUTTAPASAM,,,,Andhra Pradesh,6-Pr. Up Pr. and Secondary Only,33-MPP_ZPP SCHOOLS,1 To 10,3-Co-educational,1-Rural,Gonegandla,Vemugodu,,,PUTTAPASAM VEMUGODU VEMUGODU(VILLAGE) GONEGANDLA(MANDAL) KURNOOL(DIST),518463,mpups.puttapasam[at]gmail[dot]com,https://kys.udiseplus.gov.in/#/schooldetail/4699208/12,4699208,12/02/2026 11:45,2725
******00407 Operational,,ZPHS PYALAKURTHY,,,,Andhra Pradesh,7-Upper Pr. and Secondary,33-MPP_ZPP SCHOOLS,6 To 10,3-Co-educational,1-Rural,Kodumur,Pyalakurthy,,,PYALAKURTHY PYALAKURTHY PYALAKURTHY(VILLAGE) KODUMUR(MANDAL) KURNOOL(DIST),518464,zphspyalakaurthy123[at]gmail[dot]com,https://kys.udiseplus.gov.in/#/schooldetail/4699145/12,4699145,10/05/2022 11:22,2725
******01202 Operational,,ZPHS RACHUMARRI,,,,Andhra Pradesh,6-Pr. Up Pr. and Secondary Only,33-MPP_ZPP SCHOOLS,1 To 10,3-Co-educational,1-Rural,Mantralayam,Rachumarri,,,RACHUMARRI RACHUMARRI RACHUMARRI(VILLAGE) MANTRALAYAM(MANDAL) KURNOOL(DIST),518349,mpups.rachumarri[at]gmail[dot]com,https://kys.udiseplus.gov.in/#/schooldetail/4697699/12,4697699,24/06/2024 16:50,2725
******00204 Operational,,ZPHS RAMADURGAM,,,,Andhra Pradesh,7-Upper Pr. and Secondary,33-MPP_ZPP SCHOOLS,6 To 10,3-Co-educational,1-Rural,Chippagiri,Ramadurgam,,,RAMADURGAM RAMADURGAM RAMADURGAM(VILLAGE) CHIPPAGIRI(MANDAL) KURNOOL(DIST),518396,ramadurgamzphs0904[at]gmail[dot]com,https://kys.udiseplus.gov.in/#/schooldetail/4701942/12,4701942,23/12/2025 16:08,2725
******00808 Operational,,ZPHS RAMALINGAYAPALLI,,,,Andhra Pradesh,7-Upper Pr. and Secondary,33-MPP_ZPP SCHOOLS,6 To 10,3-Co-educational,1-Rural,Tuggali,Chennampalle,,,RAMALINGAYAPALLI RAMALINGAYAPALLI CHENNAMPALLE(VILLAGE) TUGGALI(MANDAL) KURNOOL(DIST),518390,Zphsrlpalle[at]gmail[dot]com,https://kys.udiseplus.gov.in/#/schooldetail/4701792/12,4701792,15/10/2020 12:18,2725
******00304 Operational,,ZPHS RAMALLAKOTA,,,,Andhra Pradesh,7-Upper Pr. and Secondary,33-MPP_ZPP SCHOOLS,6 To 10,3-Co-educational,1-Rural,Veldurthi,Ramallakota,,,RAMALLAKOTA RAMALLAKOTA RAMALLAKOTA(VILLAGE) VELDURTI(MANDAL) KURNOOL(DIST),518217,satmed777[at]gmail[dot]com,https://kys.udiseplus.gov.in/#/schooldetail/4700058/12,4700058,15/10/2020 12:18,2725
******00404 Operational,,ZPHS RAMPALLI,,,,Andhra Pradesh,6-Pr. Up Pr. and Secondary Only,33-MPP_ZPP SCHOOLS,1 To 10,3-Co-educational,1-Rural,Tuggali,Pendikallu,,,RAMPALLI RAMPALLI PENDEKALLU(VILLAGE) TUGGALI(MANDAL) KURNOOL(DIST),518468,prabhakar5858[at]gmail[dot]com,https://kys.udiseplus.gov.in/#/schooldetail/4701761/12,4701761,17/06/2025 19:29,2725
******00604 Operational,,ZPHS RATANA,,,,Andhra Pradesh,7-Upper Pr. and Secondary,33-MPP_ZPP SCHOOLS,6 To 10,3-Co-educational,1-Rural,Tuggali,Ratana,,,"RATANA,TUGGALI(MANDAL)KURNOOL(DISTRICT)-518390",518390,krishsreevalli0[at]gmail[dot]com,https://kys.udiseplus.gov.in/#/schooldetail/4701771/12,4701771,11/12/2023 14:35,2725
******00204 Operational,,ZPHS REMATA,,,,Andhra Pradesh,7-Upper Pr. and Secondary,33-MPP_ZPP SCHOOLS,6 To 10,3-Co-educational,1-Rural,Kurnool,Remata,,,REMATA KURNOOL REMATA(VILLAGE) KURNOOL(MANDAL) KURNOOL(DIST),518466,zphsremata10[at]gmail[dot]com,https://kys.udiseplus.gov.in/#/schooldetail/4697892/12,4697892,26/12/2025 12:18,2725
******03915 Operational,,ZPHS.R.G.NAGAR,,,,Andhra Pradesh,7-Upper Pr. and Secondary,33-MPP_ZPP SCHOOLS,6 To 10,3-Co-educational,1-Rural,Adoni,Mandagiri (Rural),,,RAJIV GANDHI NAGAR RAJIV GANDHI NAGAR MANDAGIRI (VILLAGE) ADONI(MANDAL) KURNOOL(DIST),518301,zphsrgnagaradn[at]gmail[dot]com,https://kys.udiseplus.gov.in/#/schooldetail/4699553/12,4699553,13/01/2023 16:51,2725
******00304 Operational,,ZPHS R.KONTHALAPDU,,,,Andhra Pradesh,7-Upper Pr. and Secondary,33-MPP_ZPP SCHOOLS,6 To 10,3-Co-educational,1-Rural,Kurnool,R Konthalapadu,,,R.KONTHALAPADU R.KONTHALAPADU R.KONTHALAPADU(VILLAGE) KURNOOL(MANDAL) KURNOOL(DIST),518004,zphsrkonthalapadu2024[at]gmail[dot]com,https://kys.udiseplus.gov.in/#/schooldetail/4697899/12,4697899,26/12/2025 13:10,2725
******00406 Operational,,ZPHS R.S.PENDEKAL,,,,Andhra Pradesh,3-Pr. with Up.Pr. Sec. and H.Sec.,33-MPP_ZPP SCHOOLS,1 To 12,3-Co-educational,1-Rural,Tuggali,Pendikallu,,,PENDEKALLU PENDEKALLU PENDEKALLU(VILLAGE) TUGGALI(MANDAL) KURNOOL(DIST),518468,zphsrspendekal406[at]gmail[dot]com,https://kys.udiseplus.gov.in/#/schooldetail/4701763/12,4701763,21/06/2025 12:21,2725
******00602 Operational,,ZPHS SAKUNALA,,,,Andhra Pradesh,7-Upper Pr. and Secondary,33-MPP_ZPP SCHOOLS,6 To 10,3-Co-educational,1-Rural,Orvakal,Sakunala,,,SAKUNALA SAKUNALA SAKUNALA(VILLAGE) ORVAKAL(MANDAL) KURNOOL(DIST),518010,zphssakunala0602[at]gmail[dot]com,https://kys.udiseplus.gov.in/#/schooldetail/4698819/12,4698819,20/06/2025 17:36,2725
******00205 Operational,,ZPHS SANGALA,,,,Andhra Pradesh,7-Upper Pr. and Secondary,33-MPP_ZPP SCHOOLS,6 To 10,3-Co-educational,1-Rural,C.Belagal,Palukudoddi,,,SANGALA SANGALA PALUKUDODDI(VILLAGE) C.BELAGAL(MANDAL) KURNOOL(DIST),518462,zphshmsangala[at]gmail[dot]com,https://kys.udiseplus.gov.in/#/schooldetail/4697786/12,4697786,15/10/2020 12:18,2725
******00205 Operational,,ZPHS SANTHEKUDLUR,,,,Andhra Pradesh,7-Upper Pr. and Secondary,33-MPP_ZPP SCHOOLS,6 To 10,3-Co-educational,1-Rural,Adoni,Santhekudlur,,,SANTHEKUDLUR (VILLAGE) ADONI(MANDAL) KURNOOL(DIST),518308,Zphssklr17[at]gmail[dot]com,https://kys.udiseplus.gov.in/#/schooldetail/4699462/12,4699462,22/12/2025 12:51,2725
******00703 Operational,,ZPHS SATHANUR,,,,Andhra Pradesh,7-Upper Pr. and Secondary,33-MPP_ZPP SCHOOLS,6 To 10,3-Co-educational,1-Rural,Kosigi,Sathanur,,,SATHANUR(VILLAGE) KOSIGI(MANDAL) KURNOOL(DIST),518313,veerareddy443[at]gmail[dot]com,https://kys.udiseplus.gov.in/#/schooldetail/4697612/12,4697612,20/12/2025 19:51,2725
******00902 Operational,,ZPHS S.BOYANAPALLE,,,,Andhra Pradesh,7-Upper Pr. and Secondary,33-MPP_ZPP SCHOOLS,6 To 10,3-Co-educational,1-Rural,Veldurthi,Sho.Boyanapalle,,,S.BOYANAPALLE S BOYANAPALLE SHO.BOYANAPALLE(VILLAGE) VELDURTI(MANDAL) KURNOOL(DIST),518217,zphssbpalle[at]gmail[dot]com,https://kys.udiseplus.gov.in/#/schooldetail/4700074/12,4700074,23/09/2024 20:50,2725
******00202 Operational,,ZPHS(SC) VANDAVAGALI,,,,Andhra Pradesh,6-Pr. Up Pr. and Secondary Only,33-MPP_ZPP SCHOOLS,1 To 10,3-Co-educational,1-Rural,Holagunda,Vandavagali,,,S C COLONY VANDAVAGALI VANDAVAGALI(VILLAGE) HOLAGUNDA(MANDAL) KURNOOL(DIST),518308,meo.holagunda1324[at]gmail[dot]com,https://kys.udiseplus.gov.in/#/schooldetail/4699740/12,4699740,17/06/2025 18:57,2725
******90452 Operational,,ZPHS SHAREEN NAGAR,,,,Andhra Pradesh,7-Upper Pr. and Secondary,33-MPP_ZPP SCHOOLS,6 To 10,3-Co-educational,2-Urban,NA,,Kurnool Ward No. 29,Kurnool-Municipal Corporations,KALLUR ( SHAREEN NAGAR KALLUR(VILLAGE) KALLUR(MANDAL) KURNOOL(DIST),518002,hmshareennagar[at]gmail[dot]com,https://kys.udiseplus.gov.in/#/schooldetail/4699000/12,4699000,24/12/2025 07:27,2725
******00602 Operational,,"ZPHS, SHO.YERRAGUDI",,,,Andhra Pradesh,6-Pr. Up Pr. and Secondary Only,33-MPP_ZPP SCHOOLS,1 To 10,3-Co-educational,1-Rural,Krishnagiri,Shotrium Yerragudi,,,SHO. YERRAGUDI SHO. YERRAGUDI SHO. YERRAGUDI(VILLAGE) KRISHNAGIRI(MANDAL) KURNOOL(DIST),518467,shyg0602[at]gmail[dot]com,https://kys.udiseplus.gov.in/#/schooldetail/4700018/12,4700018,13/09/2024 12:05,2725
******01504 Operational,,ZPHS S.NAGALPURAM,,,,Andhra Pradesh,6-Pr. Up Pr. and Secondary Only,33-MPP_ZPP SCHOOLS,1 To 10,3-Co-educational,1-Rural,Yemmiganur,Kadivella,,,S.NAGALPURAM KADIVELLA KADIVELLA(VILLAGE) YEMMIGANUR(MANDAL) KURNOOL(DIST),518350,www.dasasreenivasulu2[at]gmail[dot]com,https://kys.udiseplus.gov.in/#/schooldetail/4699320/12,4699320,22/06/2024 21:50,2725
******91055 Operational,,ZPHS (SNS) TEMPLE STREET YEMMIGANUR,,,,Andhra Pradesh,7-Upper Pr. and Secondary,33-MPP_ZPP SCHOOLS,6 To 10,3-Co-educational,2-Urban,NA,,Yemmiganur (M) - Ward No.18,Yemmiganur-Municipality,TEMPLE STREET YEMMIGANUR YEMMIGANUR(M)(VILLAGE) YEMMIGANUR(MANDAL) KURNOOL(DIST),518360,snszphs[at]gmail[dot]com,https://kys.udiseplus.gov.in/#/schooldetail/4699386/12,4699386,25/06/2025 09:37,2725
******00402 Operational,,ZPHS SOGANUR,,,,Andhra Pradesh,7-Upper Pr. and Secondary,33-MPP_ZPP SCHOOLS,6 To 10,3-Co-educational,1-Rural,Yemmiganur,Soganur,,,SOGANUR SOGANUR SOGANUR(VILLAGE) YEMMIGANUR(MANDAL) KURNOOL(DIST),518360,gummasatyanna[at]gmail[dot]com,https://kys.udiseplus.gov.in/#/schooldetail/4699285/12,4699285,27/06/2025 13:01,2725
******91052 Operational,,ZPHS SOGANUR ROAD,,,,Andhra Pradesh,7-Upper Pr. and Secondary,33-MPP_ZPP SCHOOLS,6 To 10,3-Co-educational,2-Urban,NA,,Yemmiganur (M) - Ward No.9,Yemmiganur-Municipality,SOGANUR ROAD YEMMIGANUR YEMMIGANUR(M)(VILLAGE) YEMMIGANUR(MANDAL) KURNOOL(DIST),518360,raghumile[at]gmail[dot]com,https://kys.udiseplus.gov.in/#/schooldetail/4699383/12,4699383,15/10/2020 12:18,2725
******01903 Operational,,ZPHS SOMYAJULAPALLE,,,,Andhra Pradesh,7-Upper Pr. and Secondary,33-MPP_ZPP SCHOOLS,6 To 10,3-Co-educational,1-Rural,Orvakal,Somyajulapalle,,,SOMYAJULAPALLE SOMYAJULAPALLE SOMYAJULAPALLE(VILLAGE) ORVAKAL(MANDAL) KURNOOL(DIST),518010,hmzphs1903[at]gmail[dot]com,https://kys.udiseplus.gov.in/#/schooldetail/4698862/12,4698862,20/06/2025 17:36,2725
******01019 Operational,,ZPHS STANTANPURAM,,,,Andhra Pradesh,7-Upper Pr. and Secondary,33-MPP_ZPP SCHOOLS,6 To 10,3-Co-educational,2-Urban,NA,,Kurnool Ward No. 39,Kurnool-Municipal Corporations,STANTANPURAM MAMIDALAPADU MAMIDALAPADU(VILLAGE) KURNOOL(MANDAL) KURNOOL(DIST),518006,manoranjanits[at]gmail[dot]com,https://kys.udiseplus.gov.in/#/schooldetail/4697932/12,4697932,05/01/2026 15:45,2725
******01206 Operational,,ZPHS SUDEPALLE,,,,Andhra Pradesh,7-Upper Pr. and Secondary,33-MPP_ZPP SCHOOLS,6 To 10,3-Co-educational,1-Rural,Veldurthi,Sudepalle,,,SUDEPALLI SUDEPALLE(VILLAGE) VELDURTI(MANDAL) KURNOOL(DIST),518222,zphs1sudepalli[at]gmail[dot]com,https://kys.udiseplus.gov.in/#/schooldetail/4700101/12,4700101,15/10/2020 12:18,2725
******01103 Operational,,ZPHS SUGUR,,,,Andhra Pradesh,7-Upper Pr. and Secondary,33-MPP_ZPP SCHOOLS,6 To 10,3-Co-educational,1-Rural,Mantralayam,Sugur,,,SUGUR MANTRALAYAM KURNOOL518319,518349,zphssugur17[at]gmail[dot]com,https://kys.udiseplus.gov.in/#/schooldetail/4697697/12,4697697,24/12/2025 10:26,2725
******01501 Operational,,ZPHS SULAKERI,,,,Andhra Pradesh,6-Pr. Up Pr. and Secondary Only,33-MPP_ZPP SCHOOLS,1 To 10,3-Co-educational,1-Rural,Kowthalam,Sulakeri,,,SULAKERI SULAKERI SULAKERI(VILLAGE) KOWTHALAM(MANDAL) KURNOOL(DIST),518344,mpupksulekeri999[at]gmail[dot]com,https://kys.udiseplus.gov.in/#/schooldetail/4697548/12,4697548,25/06/2024 11:37,2725
******01903 Operational,,"ZPHS,SULUVOY",,,,Andhra Pradesh,7-Upper Pr. and Secondary,33-MPP_ZPP SCHOOLS,6 To 10,3-Co-educational,1-Rural,Holagunda,Suluvoy,,,ALUR ROAD SULUVOI,518346,meo.holagunda1324[at]gmail[dot]com,https://kys.udiseplus.gov.in/#/schooldetail/4699788/12,4699788,20/06/2025 17:29,2725
******01302 Operational,,ZPHS SUNKESWARI,,,,Andhra Pradesh,6-Pr. Up Pr. and Secondary Only,33-MPP_ZPP SCHOOLS,1 To 10,3-Co-educational,1-Rural,Mantralayam,Sunkeswari,,,SUNKESWARI SUNKESWARI SUNKESWARI(VILLAGE) MANTRALAYAM(MANDAL) KURNOOL(DIST),518349,meo.mtlm[at]gmail[dot]com,https://kys.udiseplus.gov.in/#/schooldetail/4697702/12,4697702,22/07/2024 17:03,2725
******00701 Operational,,ZPHS TALLAGOKULAPADU,,,,Andhra Pradesh,6-Pr. Up Pr. and Secondary Only,33-MPP_ZPP SCHOOLS,1 To 10,3-Co-educational,1-Rural,Krishnagiri,Tallagokulapadu,,,TALLAGOKULAPADU TALLAGOKULAPADU TALLAGOKULAPADU(VILLAGE) KRISHNAGIRI(MANDAL) KURNOOL(DIST),518216,smbpkd[at]gmail[dot]com,https://kys.udiseplus.gov.in/#/schooldetail/4700019/12,4700019,17/06/2025 18:46,2725
******03906 Operational,,ZPHS(TC) MANDAGIRI,,,,Andhra Pradesh,6-Pr. Up Pr. and Secondary Only,33-MPP_ZPP SCHOOLS,1 To 10,3-Co-educational,1-Rural,Adoni,Mandagiri (Rural),,,TEACHERS COLONY MANDAGIRI(VILLAGE) ADONI(MANDAL) KURNOOL(DIST),518302,nagamalliukd[at]gmail[dot]com,https://kys.udiseplus.gov.in/#/schooldetail/4699548/12,4699548,19/06/2025 13:36,2725
******00206 Operational,,ZPHS TERNEKAL,,,,Andhra Pradesh,7-Upper Pr. and Secondary,33-MPP_ZPP SCHOOLS,6 To 10,3-Co-educational,1-Rural,Devanakonda,Ternekal,,,TERNEKAL TERNEKAL TERNEKAL(VILLAGE) DEVANAKONDA(MANDAL) KURNOOL(DIST),518465,zphstkl1961[at]gmail[dot]com,https://kys.udiseplus.gov.in/#/schooldetail/4699928/12,4699928,23/12/2025 19:14,2725
******01207 Operational,,ZPHS THADAKANAPALLE,,,,Andhra Pradesh,7-Upper Pr. and Secondary,33-MPP_ZPP SCHOOLS,6 To 10,3-Co-educational,1-Rural,Kallur,Thadakanapalle,,,THADAKANAPALLE KALLUR MANDAL KURNOOL DIST,518218,thadakanapallizphs[at]gmail[dot]com,https://kys.udiseplus.gov.in/#/schooldetail/4698943/12,4698943,23/12/2025 12:52,2725
******01102 Operational,,ZPHS THANGARADONA,,,,Andhra Pradesh,7-Upper Pr. and Secondary,33-MPP_ZPP SCHOOLS,6 To 10,3-Co-educational,1-Rural,Aspari,Tangaradona,,,THANGARADONA VILLAGE ASPARI MANDAL,518347,zphsthangaradona02[at]gmail[dot]com,https://kys.udiseplus.gov.in/#/schooldetail/4699891/12,4699891,21/12/2025 21:30,2725
******00803 Operational,,ZPHS THOGARCHEDU,,,,Andhra Pradesh,6-Pr. Up Pr. and Secondary Only,33-MPP_ZPP SCHOOLS,1 To 10,3-Co-educational,1-Rural,Krishnagiri,Thogarchedu,,,THOGARCHEDU THOGARCHEDU THOGARCHEDU(VILLAGE) KRISHNAGIRI(MANDAL) KURNOOL(DIST),518216,zphsthogarchedu[at]gmail[dot]com,https://kys.udiseplus.gov.in/#/schooldetail/4700020/12,4700020,24/06/2024 16:50,2725
******00403 Operational,,ZPHS THUNGABADRA,,,,Andhra Pradesh,7-Upper Pr. and Secondary,33-MPP_ZPP SCHOOLS,6 To 10,3-Co-educational,1-Rural,Mantralayam,Kachapuram,,,KACHAPURAM(VILLAGE) MANTRALAYAM(MANDAL) KURNOOL(DIST)518349,518349,zphsthungabadhra[at]gmail[dot]com,https://kys.udiseplus.gov.in/#/schooldetail/4697669/12,4697669,12/12/2023 19:42,2725
******00502 Operational,,ZPHS TSALLAKUDLUR,,,,Andhra Pradesh,7-Upper Pr. and Secondary,33-MPP_ZPP SCHOOLS,6 To 10,3-Co-educational,1-Rural,Yemmiganur,Tsallakudlur,,,TSALLAKUDLUR TSALLAKUDLUR TSALLAKUDLUR(VILLAGE) YEMMIGANUR(MANDAL) KURNOOL(DIST),518360,,https://kys.udiseplus.gov.in/#/schooldetail/4699287/12,4699287,21/06/2025 10:15,2725
******01202 Operational,,ZPHS T.SOMALAGUDUR,,,,Andhra Pradesh,6-Pr. Up Pr. and Secondary Only,33-MPP_ZPP SCHOOLS,1 To 10,3-Co-educational,1-Rural,Nandavaram,T Somalaguduru,,,T.SOMALAGUDUR T.SOMALAGUDUR CHAMALAGUDURU(VILLAGE) NANDAVARAM(MANDAL) KURNOOL(DIST),518462,mpupstsgudur2[at]gmail[dot]com,https://kys.udiseplus.gov.in/#/schooldetail/4697760/12,4697760,22/06/2024 21:54,2725
******00707 Operational,,ZPHS TUGGALI,,,,Andhra Pradesh,7-Upper Pr. and Secondary,33-MPP_ZPP SCHOOLS,6 To 10,3-Co-educational,1-Rural,Tuggali,Tuggali,,,TUGGALI TUGGALI TUGGALI(VILLAGE) TUGGALI(MANDAL) KURNOOL(DIST),518390,zphstuggali[at]gmail[dot]com,https://kys.udiseplus.gov.in/#/schooldetail/4701779/12,4701779,19/06/2025 18:53,2725
******90417 Operational,,ZPHS(U) IGBC COLONY,,,,Andhra Pradesh,6-Pr. Up Pr. and Secondary Only,33-MPP_ZPP SCHOOLS,1 To 10,3-Co-educational,2-Urban,NA,,Kurnool Ward No. 41,Kurnool-Municipal Corporations,KALLUR ( IGBC COLONY KALLUR(VILLAGE) KALLUR(MANDAL) KURNOOL(DIST),518002,igbcu.zphs[at]gmail[dot]com,https://kys.udiseplus.gov.in/#/schooldetail/4698983/12,4698983,23/12/2025 15:26,2725
******00349 Operational,,ZPHS(U) KODUMUR,,,,Andhra Pradesh,7-Upper Pr. and Secondary,33-MPP_ZPP SCHOOLS,6 To 10,3-Co-educational,1-Rural,Kodumur,Kodumur,,,ZPHS URDU SANTHA MARKET KODUMUR,518462,meo.kodumur19[at]gmail[dot]com,https://kys.udiseplus.gov.in/#/schooldetail/4699137/12,4699137,19/06/2025 18:52,2725
******00505 Operational,,ZPHS ULCHALA,,,,Andhra Pradesh,7-Upper Pr. and Secondary,33-MPP_ZPP SCHOOLS,6 To 10,3-Co-educational,1-Rural,Kurnool,Ulchala,,,ULCHALA ULCHALA ULCHALA(VILLAGE) KURNOOL(MANDAL) KURNOOL(DIST),518467,zphsulchala1[at]gmail[dot]com,https://kys.udiseplus.gov.in/#/schooldetail/4697906/12,4697906,27/12/2025 10:20,2725
******02007 Operational,,ZPHS ULINDAKONDA,,,,Andhra Pradesh,7-Upper Pr. and Secondary,33-MPP_ZPP SCHOOLS,6 To 10,3-Co-educational,1-Rural,Kallur,Ulindakonda,,,ULINDAKONDA ULINDAKONDA ULINDAKONDA(VILLAGE) KALLUR(MANDAL) KURNOOL(DIST),518218,zphsukd1959[at]gmail[dot]com,https://kys.udiseplus.gov.in/#/schooldetail/4698965/12,4698965,23/12/2025 13:11,2725
******90404 Operational,,ZPHS(U) MUZAFFAR NAGAR,,,,Andhra Pradesh,6-Pr. Up Pr. and Secondary Only,33-MPP_ZPP SCHOOLS,1 To 10,3-Co-educational,2-Urban,NA,,Kurnool Ward No. 32,Kurnool-Municipal Corporations,KALLUR MUZAFFAR NAGAR KALLUR(VILLAGE) KALLUR(MANDAL) KURNOOL(DIST),518002,umzphs2025[at]gmail[dot]com,https://kys.udiseplus.gov.in/#/schooldetail/4698970/12,4698970,22/12/2025 10:36,2725
******01106 Operational,,ZPHS(U) PANCHALINGALA,,,,Andhra Pradesh,7-Upper Pr. and Secondary,33-MPP_ZPP SCHOOLS,6 To 10,3-Co-educational,1-Rural,Kurnool,Panchalingala,,,PANCHALINGALA B C COLONY PANCHALINGALA(VILLAGE) KURNOOL(MANDAL) KURNOOL(DIST),518004,panchalingalazphsu[at]gmail[dot]com,https://kys.udiseplus.gov.in/#/schooldetail/4697944/12,4697944,26/12/2025 17:05,2725
******01601 Operational,,ZPHS UPPALAPADU,,,,Andhra Pradesh,6-Pr. Up Pr. and Secondary Only,33-MPP_ZPP SCHOOLS,1 To 10,3-Co-educational,1-Rural,Orvakal,Uppalapadu,,,UPPALAPADU UPPALAPADU UPPALAPADU(VILLAGE) ORVAKAL(MANDAL) KURNOOL(DIST),518002,zphsuppalapadu25[at]gmail[dot]com,https://kys.udiseplus.gov.in/#/schooldetail/4698851/12,4698851,21/06/2024 11:35,2725
******01427 Operational,,ZPHS URDU ALUR,,,,Andhra Pradesh,7-Upper Pr. and Secondary,33-MPP_ZPP SCHOOLS,6 To 10,3-Co-educational,1-Rural,Alur,Alur,,,ZPHS URDU ALUR NEAR SBI ALUR,518395,meo.alur[at]gmail[dot]com,https://kys.udiseplus.gov.in/#/schooldetail/4699836/12,4699836,22/12/2025 13:05,2725
******02404 Operational,,ZPHS URUKUNDA,,,,Andhra Pradesh,6-Pr. Up Pr. and Secondary Only,33-MPP_ZPP SCHOOLS,1 To 10,3-Co-educational,1-Rural,Kowthalam,Urukunda,,,URUKUNDA(VILLAGE) KOWTHALAM(MANDAL) KURNOOL(DIST),518344,medahari.prasad14[at]gmail[dot]com,https://kys.udiseplus.gov.in/#/schooldetail/4697567/12,4697567,04/10/2024 20:57,2725
******90412 Operational,,ZPHS(U) SHAREEN NAGAR,,,,Andhra Pradesh,6-Pr. Up Pr. and Secondary Only,33-MPP_ZPP SCHOOLS,1 To 10,3-Co-educational,2-Urban,NA,,Kurnool Ward No. 30,Kurnool-Municipal Corporations,KALLUR ( SHAREEN NAGAR KALLUR(VILLAGE) KALLUR(MANDAL) KURNOOL(DIST),518002,Kvramanaiah[at]68gmail[dot]com,https://kys.udiseplus.gov.in/#/schooldetail/4698978/12,4698978,23/12/2025 13:19,2725
******91063 Operational,,ZPHS(U) YEMMIGANUR,,,,Andhra Pradesh,7-Upper Pr. and Secondary,33-MPP_ZPP SCHOOLS,6 To 10,3-Co-educational,2-Urban,NA,,Yemmiganur Ward No. 20,Yemmiganur-Municipality,GOVT HOSPTIAL OPPIST YEMMIGANUR YEMMIGANUR(M)(VILLAGE) YEMMIGANUR(MANDAL) KURNOOL(DIST),518360,zphsuygr[at]gmail[dot]com,https://kys.udiseplus.gov.in/#/schooldetail/4699393/12,4699393,15/10/2020 12:18,2725
******01504 Operational,,ZPHS UYYALAWADA,,,,Andhra Pradesh,7-Upper Pr. and Secondary,33-MPP_ZPP SCHOOLS,6 To 10,3-Co-educational,1-Rural,Orvakal,Uyyalawada,,,UYYALAWADA UYYALAWADA UYYALAWADA(VILLAGE) ORVAKAL(MANDAL) KURNOOL(DIST),518002,zphsuyd1504[at]gmail[dot]com,https://kys.udiseplus.gov.in/#/schooldetail/4698848/12,4698848,21/06/2025 10:40,2725
******01605 Operational,,ZPHS VAGARURU,,,,Andhra Pradesh,7-Upper Pr. and Secondary,33-MPP_ZPP SCHOOLS,6 To 10,3-Co-educational,1-Rural,Mantralayam,Vagaruru,,,VAGARURU(VILLAGE) MATNRALAYAM(MANDAL) KURNOOL(DIST) ANDHRA PRADESH,518349,zphsvagaruru[at]gmail[dot]com,https://kys.udiseplus.gov.in/#/schooldetail/4697712/12,4697712,21/06/2025 10:40,2725
******02602 Operational,,ZPHS VANDAGALLU,,,,Andhra Pradesh,7-Upper Pr. and Secondary,33-MPP_ZPP SCHOOLS,6 To 10,3-Co-educational,1-Rural,Kosigi,Vandagallu,,,"VANDAGAL (VILLEGE)KOSIGI MANDAL,KURNOOL(DIST)",518313,giddaiah72[at]gmail[dot]com,https://kys.udiseplus.gov.in/#/schooldetail/4697661/12,4697661,20/12/2025 19:52,2725
******00201 Operational,,ZPHS VANDAVAGALI,,,,Andhra Pradesh,6-Pr. Up Pr. and Secondary Only,33-MPP_ZPP SCHOOLS,1 To 10,3-Co-educational,1-Rural,Holagunda,Vandavagali,,,NEAR BUS STAND VANDAVAGALI VANDAVAGALI(VILLAGE) HOLAGUNDA(MANDAL) KURNOOL(DIST),518308,meo.holagunda1324[at]gmail[dot]com,https://kys.udiseplus.gov.in/#/schooldetail/4699739/12,4699739,17/06/2025 18:57,2725
******00204 Operational,,ZPHS VARKUR,,,,Andhra Pradesh,7-Upper Pr. and Secondary,33-MPP_ZPP SCHOOLS,6 To 10,3-Co-educational,1-Rural,Kodumur,Varkur,,,VARKUR KODUMUR VARKUR(VILLAGE) KODUMUR(MANDAL) KURNOOL(DIST),518464,varkurzphs[at]gmail[dot]com,https://kys.udiseplus.gov.in/#/schooldetail/4650428/12,4650428,19/12/2025 12:28,2725
******01505 Operational,,ZPHS VASANTHANAGAR,,,,Andhra Pradesh,7-Upper Pr. and Secondary,33-MPP_ZPP SCHOOLS,6 To 10,3-Co-educational,1-Rural,Kurnool,Gondiparla,,,VASANTHANAGAR GONDIPARLA GONDIPARLA(VILLAGE) KURNOOL(MANDAL) KURNOOL(DIST),518004,zphsvstnagar[at]gmail[dot]com,https://kys.udiseplus.gov.in/#/schooldetail/4697956/12,4697956,27/12/2025 10:38,2725
******00704 Operational,,ZPHS VEMUGODU,,,,Andhra Pradesh,7-Upper Pr. and Secondary,33-MPP_ZPP SCHOOLS,6 To 10,3-Co-educational,1-Rural,Gonegandla,Vemugodu,,,BESIDE THIPPANUR BRIDGE VEMUGODU VILLAGE,518463,zphschoolvemugodu[at]gmail[dot]com,https://kys.udiseplus.gov.in/#/schooldetail/4699209/12,4699209,12/02/2026 11:46,2725
******00312 Operational,,ZPHS VENKATAGIRI,,,,Andhra Pradesh,6-Pr. Up Pr. and Secondary Only,33-MPP_ZPP SCHOOLS,1 To 10,3-Co-educational,1-Rural,Kodumur,Kodumur,,,VENKATAGIRI KODUMUR KODUMUR(VILLAGE) KODUMUR(MANDAL) KURNOOL(DIST),518464,,https://kys.udiseplus.gov.in/#/schooldetail/4699108/12,4699108,17/06/2025 18:41,2725
******04603 Operational,,ZPHS VIRUPAPURAM,,,,Andhra Pradesh,7-Upper Pr. and Secondary,33-MPP_ZPP SCHOOLS,6 To 10,3-Co-educational,1-Rural,Adoni,Virupapuram,,,VIRUPAPURAM VIRUPAPURAM VIRUPAPURAM(VILLAGE) ADONI(MANDAL) KURNOOL(DIST),518347,zphsvirupapuramhm[at]gmail[dot]com,https://kys.udiseplus.gov.in/#/schooldetail/4699572/12,4699572,20/06/2025 17:07,2725
******00602 Operational,,ZPHS VIRUPAPURAM,,,,Andhra Pradesh,7-Upper Pr. and Secondary,33-MPP_ZPP SCHOOLS,6 To 10,3-Co-educational,1-Rural,Halaharvi,Virupapuram,,,VIRUPAPURAM VIRUPAPURAM VIRUPAPURAM(VILLAGE) HALAHARVI(MANDAL) KURNOOL(DIST),518346,mvsubbareddy99[at]gmail[dot]com,https://kys.udiseplus.gov.in/#/schooldetail/4701976/12,4701976,15/10/2020 12:18,2725
******00483 Operational,,ZPHS W.C.COLONY KALLUR,,,,Andhra Pradesh,7-Upper Pr. and Secondary,33-MPP_ZPP SCHOOLS,6 To 10,3-Co-educational,2-Urban,NA,,Kurnool Ward No. 41,Kurnool-Municipal Corporations,KALLUR KALLUR KALLUR(VILLAGE) KALLUR(MANDAL) KURNOOL(DIST),518004,zphswccolony[at]gmail[dot]com,https://kys.udiseplus.gov.in/#/schooldetail/4698907/12,4698907,21/12/2025 12:42,2725
******91054 Operational,,ZPHS (WC) YEMMIAGNUR,,,,Andhra Pradesh,7-Upper Pr. and Secondary,33-MPP_ZPP SCHOOLS,6 To 10,3-Co-educational,2-Urban,NA,,Yemmiganur Ward No. 26,Yemmiganur-Municipality,YEMMIGANUR ( YEMMIGANUR YEMMIGANUR(M)(VILLAGE) YEMMIGANUR(MANDAL) KURNOOL(DIST),518360,hmwczphsygr[at]gmail[dot]com,https://kys.udiseplus.gov.in/#/schooldetail/4699385/12,4699385,20/06/2025 16:58,2725
******00805 Operational,,ZPHS YELLARTHY,,,,Andhra Pradesh,7-Upper Pr. and Secondary,33-MPP_ZPP SCHOOLS,6 To 10,3-Co-educational,1-Rural,Holagunda,Yellarthy,,,S C COLONY YELLARTHY YELLARTHY(VILAGE) HOLAGUNDA(MANDAL) KURNOOL(DIST),518395,zphsyellarthykm[at]gmail[dot]com,https://kys.udiseplus.gov.in/#/schooldetail/4699754/12,4699754,20/06/2025 17:29,2725
******03403 Operational,,ZPHS YERIGIRI,,,,Andhra Pradesh,7-Upper Pr. and Secondary,33-MPP_ZPP SCHOOLS,6 To 10,3-Co-educational,1-Rural,Kowthalam,Yerigiri,,,YERIGIRI YERIGIRI YERIGIRI(VILLAGE) KOWTHALAM(MANDAL) KURNOOL(DIST),518344,zphsyerigeri[at]gmail[dot]com,https://kys.udiseplus.gov.in/#/schooldetail/4697601/12,4697601,11/05/2022 09:47,2725
******01307 Operational,,ZPHS YERRAKOTA,,,,Andhra Pradesh,7-Upper Pr. and Secondary,33-MPP_ZPP SCHOOLS,6 To 10,3-Co-educational,1-Rural,Yemmiganur,Kadimetla,,,YERRAKOTA KADIMETLA KADIMETLA(VILLAGE) YEMMIGANUR(MANDAL) KURNOOL(DIST),518360,zphsyerrakotahm[at]gmail[dot]com,https://kys.udiseplus.gov.in/#/schooldetail/4699312/12,4699312,15/10/2020 12:18,2725
******00403 Operational,,ZPHS YERUKALACHERUVU,,,,Andhra Pradesh,7-Upper Pr. and Secondary,33-MPP_ZPP SCHOOLS,6 To 10,3-Co-educational,1-Rural,Krishnagiri,Yerukalacheruvu,,,YERUKALACHERUVU KRISHNAGIRI YERUKALACHERUVU(VILLAGE) KRISHNAGIRI(MANDAL) KURNOOL(DIST),518225,zphsycheruvu0403[at]gmail[dot]com,https://kys.udiseplus.gov.in/#/schooldetail/4700011/12,4700011,20/06/2025 15:36,2725
******00704 Operational,,ZPHS YERUR,,,,Andhra Pradesh,7-Upper Pr. and Secondary,33-MPP_ZPP SCHOOLS,6 To 10,3-Co-educational,1-Rural,Chippagiri,Yerur,,,YERUR YERUR YERUR(VILLAGE) CHIPPAGIRI(MANDAL) KURNOOL(DIST),518396,zphsyerur001[at]gmail[dot]com,https://kys.udiseplus.gov.in/#/schooldetail/4701955/12,4701955,20/06/2025 17:21,2725
