udise_code,status,school_name,state,edu_district,edu_block,academic_year,school_category,school_management,class_range,school_type,school_location,lgd_block,lgd_village,lgd_ward,urban_local_body,address,pin_code,email,know_more_url,schooldetail_id,last_modified_time,total_results_hint
******00234 Operational,,(03172) CHARLES MEMORIAL LUTHERN JR. COLLEGE,,,,Andhra Pradesh,11-Higher Secondary only/Jr. College,38-Pvt.Unaided,11 To 12,3-Co-educational,1-Rural,Sakhinetipalle,Sakhinetipalle,,,sakhinetipalli,533251,,https://kys.udiseplus.gov.in/#/schooldetail/4669204/12,4669204,26/06/2021 17:19,2480
******00417 Operational,,(03185) AFDT JR COLLEGE,,,,Andhra Pradesh,11-Higher Secondary only/Jr. College,35-Pvt.Aided,11 To 12,3-Co-educational,1-Rural,Malikipuram,Malikipuram,,,MALIKIPURAM,533253,afdtjc[at]gmail[dot]com,https://kys.udiseplus.gov.in/#/schooldetail/4669088/12,4669088,26/06/2021 17:21,2480
******00614 Operational,,(03186) S.M.G. JUNIOR COLLEGE,,,,Andhra Pradesh,11-Higher Secondary only/Jr. College,38-Pvt.Unaided,11 To 12,3-Co-educational,1-Rural,Malikipuram,Lakkavaram,,,Lakkavaram,533254,mgcollege186[at]gmail[dot]com,https://kys.udiseplus.gov.in/#/schooldetail/4669114/12,4669114,15/10/2020 12:18,2480
******00418 Operational,,(03187) SRI DEEPTHI JUNIOR COLLEGE,,,,Andhra Pradesh,11-Higher Secondary only/Jr. College,38-Pvt.Unaided,11 To 12,3-Co-educational,1-Rural,Malikipuram,Malikipuram,,,MALIKIPURAM,533253,meo.malikipuram[at]gmail[dot]com,https://kys.udiseplus.gov.in/#/schooldetail/4669089/12,4669089,19/08/2024 10:05,2480
******00518 Operational,,(03219) NARAYANA JR COLLEGE,,,,Andhra Pradesh,11-Higher Secondary only/Jr. College,38-Pvt.Unaided,11 To 12,3-Co-educational,1-Rural,Razole,Sivakodu,,,SIVAKODU RAZOLE MANDAL,533242,razolenarayana[at]gmail[dot]com,https://kys.udiseplus.gov.in/#/schooldetail/4669012/12,4669012,27/09/2024 17:59,2480
******00519 Operational,,(03221) RAVI TEJA VOCATIONAL JR COLLEGE,,,,Andhra Pradesh,11-Higher Secondary only/Jr. College,38-Pvt.Unaided,11 To 12,3-Co-educational,1-Rural,Mamidikuduru,Nagaram,,,NAGARAM MAMIDIKUDURU MANDAL EGDT 533248,533247,solman.gracy1[at]gmail[dot]com,https://kys.udiseplus.gov.in/#/schooldetail/4668469/12,4668469,18/07/2022 16:08,2480
******00433 Operational,,(03224) GOVT. JR.COLLEGE,,,,Andhra Pradesh,11-Higher Secondary only/Jr. College,10-State Govt.,11 To 12,3-Co-educational,1-Rural,Razole,Razole,,,NEAR BSNL OFFICE MAIN ROAD RAZOLE,533242,gjc03224[at]gmail[dot]com,https://kys.udiseplus.gov.in/#/schooldetail/4669004/12,4669004,26/06/2021 12:34,2480
******00435 Operational,,(03225) SRI MEDHA VOCATIONAL JR COLLEGE TATIPAKA,,,,Andhra Pradesh,11-Higher Secondary only/Jr. College,38-Pvt.Unaided,11 To 12,3-Co-educational,1-Rural,Razole,Thatipaka,,,SRI MEDHA VOC JR COLLEGE,533249,uppeyn[at]gmail[dot]com,https://kys.udiseplus.gov.in/#/schooldetail/4669005/12,4669005,30/09/2024 17:46,2480
******00113 Operational,,(03226) VEDA JUNIOR COLLEGE TATIPAKA,,,,Andhra Pradesh,11-Higher Secondary only/Jr. College,38-Pvt.Unaided,11 To 12,3-Co-educational,1-Rural,Razole,Thatipaka,,,CINEMA ROAD TATIPAKA,533249,vedaheadoffice[at]gmail[dot]com,https://kys.udiseplus.gov.in/#/schooldetail/4668977/12,4668977,11/05/2022 14:27,2480
******00115 Operational,,(03229) PADMAVATHI MAHILA JR COLLEGE,,,,Andhra Pradesh,11-Higher Secondary only/Jr. College,38-Pvt.Unaided,11 To 12,2-Girls,1-Rural,Razole,Thatipaka,,,"D No 7-140, 7-140/1 Old SBI Building, Tatipaka",533249,spmcollegetpk[at]gmail[dot]com,https://kys.udiseplus.gov.in/#/schooldetail/4668980/12,4668980,22/12/2023 14:32,2480
******00515 Operational,,(03238) GOVT.JR.COLLEGE,,,,Andhra Pradesh,11-Higher Secondary only/Jr. College,10-State Govt.,11 To 12,3-Co-educational,1-Rural,Mamidikuduru,Mamidikuduru,,,4-256 PANCHAYAT ROAD MAMIDIKUDURU,533247,gjcmamidikuduru03238[at]gmail[dot]com,https://kys.udiseplus.gov.in/#/schooldetail/4668466/12,4668466,18/07/2022 15:58,2480
******00718 Operational,,(03239) SRI NETHIPUDI GANAPATHI RAO JR.COLLEGE,,,,Andhra Pradesh,11-Higher Secondary only/Jr. College,38-Pvt.Unaided,11 To 12,3-Co-educational,1-Rural,Mamidikuduru,Nagaram,,,"MAIN ROAD , NEAR PANCHAYATH , NAGARAM",533247,,https://kys.udiseplus.gov.in/#/schooldetail/4715027/12,4715027,08/10/2024 11:56,2480
******00516 Operational,,(03240) DEEPTHI JUNIOR COLLEGE,,,,Andhra Pradesh,11-Higher Secondary only/Jr. College,38-Pvt.Unaided,11 To 12,3-Co-educational,1-Rural,Mamidikuduru,Mamidikuduru,,,"MAMIDIKUDURU, MAMIDIKUDURU (V) ,MAMIDIKUDURU (M)",533247,deepthidvs[at]gmail[dot]com,https://kys.udiseplus.gov.in/#/schooldetail/4668467/12,4668467,18/07/2022 16:06,2480
******00719 Permanently Closed,,(03245) HEAVENS JUNIOR COLLEGE,,,,Andhra Pradesh,11-Higher Secondary only/Jr. College,38-Pvt.Unaided,11 To 12,3-Co-educational,1-Rural,Mamidikuduru,Nagaram,,,NA,533247,,https://kys.udiseplus.gov.in/#/schooldetail/4715028/12,4715028,15/10/2020 12:18,2480
******00518 Operational,,(03246) SAI DEEPTHI JR COLLEGE,,,,Andhra Pradesh,11-Higher Secondary only/Jr. College,38-Pvt.Unaided,11 To 12,3-Co-educational,1-Rural,Mamidikuduru,Nagaram,,,NAGARAM MAMIDIKUDURU EAST GODAVARI-533247,533249,saideepthi533[at]gmail[dot]com,https://kys.udiseplus.gov.in/#/schooldetail/4668468/12,4668468,18/07/2022 16:08,2480
******90985 Operational,,(03253) VIKAS JUNIOR COLLEGE RCPURAM,,,,Andhra Pradesh,11-Higher Secondary only/Jr. College,38-Pvt.Unaided,11 To 12,3-Co-educational,2-Urban,NA,,Ramachandrapuram (M) - Ward No.22,Ramachandrapuram-Municipality,ramachandrapuram MANDAL,533255,vvramana.222[at]gmail[dot]com,https://kys.udiseplus.gov.in/#/schooldetail/4667366/12,4667366,17/02/2026 11:21,2480
******90987 Operational,,(03255) G.R.C.JR.COLLEGE RCPURAM,,,,Andhra Pradesh,11-Higher Secondary only/Jr. College,38-Pvt.Unaided,11 To 12,3-Co-educational,2-Urban,NA,,Ramachandrapuram (M) - Ward No.4,Ramachandrapuram-Municipality,RAMACHANDRAPURAM,533255,grcjr03255[at]gmail[dot]com,https://kys.udiseplus.gov.in/#/schooldetail/4667367/12,4667367,26/06/2021 12:35,2480
******90988 Operational,,(03256) NARAYANA JR.COLLEGE RCPURAM,,,,Andhra Pradesh,11-Higher Secondary only/Jr. College,38-Pvt.Unaided,11 To 12,3-Co-educational,2-Urban,NA,,Ramachandrapuram (M) - Ward No.12,Ramachandrapuram-Municipality,24-1-44/1 k SAVARAM,533255,narayana.jrrcpm[at]gmail[dot]com,https://kys.udiseplus.gov.in/#/schooldetail/4667368/12,4667368,26/06/2021 12:34,2480
******90989 Operational,,(03257) SKPGN GOVT.JR.COLLEGE RCPURAM,,,,Andhra Pradesh,11-Higher Secondary only/Jr. College,10-State Govt.,11 To 12,3-Co-educational,2-Urban,NA,,Ramachandrapuram (M) - Ward No.11,Ramachandrapuram-Municipality,ramachandrapuram,533255,skpgnjuniorcollege[at]gmail[dot]com,https://kys.udiseplus.gov.in/#/schooldetail/4667369/12,4667369,26/06/2021 12:34,2480
******90990 Permanently Closed,,(03259) SRI VIDYA JR COLLEGE RCPURAM,,,,Andhra Pradesh,11-Higher Secondary only/Jr. College,38-Pvt.Unaided,11 To 12,3-Co-educational,2-Urban,NA,,Ramachandrapuram (M) - Ward No.22,Ramachandrapuram-Municipality,NA,533255,,https://kys.udiseplus.gov.in/#/schooldetail/4667370/12,4667370,15/10/2020 12:18,2480
******01624 Operational,,"(03266) SV JUNIOR COLLEGE, RAMACHANDRAPURAM",,,,Andhra Pradesh,11-Higher Secondary only/Jr. College,38-Pvt.Unaided,11 To 12,3-Co-educational,1-Rural,Ramachandrapuram,Draksharama,,,"VELAM PALEM, DRAKSHARAMA",533262,svjuniorcollege03266[at]gmail[dot]com,https://kys.udiseplus.gov.in/#/schooldetail/4714901/12,4714901,14/07/2025 14:59,2480
******00226 Operational,,(03281) GOVT.JR.COLLEGE RAYAVARAM,,,,Andhra Pradesh,11-Higher Secondary only/Jr. College,10-State Govt.,11 To 12,3-Co-educational,1-Rural,Rayavaram,Vedurupaka,,,RAYAVARAM EAST GODAVARI 2533345,533346,www.govt.juniorcollege.rym.[at]gmail[dot]com,https://kys.udiseplus.gov.in/#/schooldetail/4667395/12,4667395,25/09/2024 11:23,2480
******00807 Operational,,(03283) ROYAL VOCATIONAL JUNIOR COLLEGE,,,,Andhra Pradesh,11-Higher Secondary only/Jr. College,38-Pvt.Unaided,11 To 12,3-Co-educational,1-Rural,Amalapuram,Edarapalle,,,"INDUPALLI, AMALAPURAM MANDAL",533201,royalcollegeamp[at]gmail[dot]com,https://kys.udiseplus.gov.in/#/schooldetail/4668655/12,4668655,18/12/2025 17:13,2480
******90343 Operational,,(03292) SHINY VOCATIONAL JR.COLLEGE,,,,Andhra Pradesh,11-Higher Secondary only/Jr. College,38-Pvt.Unaided,11 To 12,3-Co-educational,1-Rural,Amalapuram,Kamanagaruvu,,,"Near Red bridge , kamanagaruvu, Amalapuram Rural",533201,meo.amalapuram1[at]gmail[dot]com,https://kys.udiseplus.gov.in/#/schooldetail/4668785/12,4668785,20/12/2025 12:33,2480
******90326 Operational,,(03294) VIDYANIDHI JUNIOR COLLEGE,,,,Andhra Pradesh,11-Higher Secondary only/Jr. College,38-Pvt.Unaided,11 To 12,3-Co-educational,2-Urban,NA,,Amalapuram Ward No. 24,Amalapuram-Municipality,3-1-68/14N R GARDENS AMALAPURAM,533201,vidyanidhijrcollegeamp[at]gmail[dot]com,https://kys.udiseplus.gov.in/#/schooldetail/4668779/12,4668779,25/12/2025 21:58,2480
******90320 Operational,,(03295) ADITYA JUNIOR COLLEGE,,,,Andhra Pradesh,11-Higher Secondary only/Jr. College,38-Pvt.Unaided,11 To 12,3-Co-educational,2-Urban,NA,,Amalapuram Ward No. 17,Amalapuram-Municipality,DrNo 3-2-131/1 COLLEGE ROAD AMALAPURAM,533201,adityajrc_amp[at]yahoo[dot]com,https://kys.udiseplus.gov.in/#/schooldetail/4668770/12,4668770,25/12/2025 21:52,2480
******90321 Operational,,(03296) ASN JR COLLEGE FOR GIRLS,,,,Andhra Pradesh,11-Higher Secondary only/Jr. College,38-Pvt.Unaided,11 To 12,2-Girls,2-Urban,NA,,Amalapuram Ward No. 18,Amalapuram-Municipality,AMALAPURAM JR COLLEGE,533201,asnjc03296[at]gmail[dot]com,https://kys.udiseplus.gov.in/#/schooldetail/4668771/12,4668771,25/12/2025 21:53,2480
******90322 Operational,,(03297) PARAM JYOTHI JR.COLLEGE,,,,Andhra Pradesh,11-Higher Secondary only/Jr. College,38-Pvt.Unaided,11 To 12,3-Co-educational,1-Rural,Amalapuram,Kamanagaruvu,,,"Near Black Bridge, Miriam Campus, Amalapuram",533201,-principalmdc[at]gmail[dot]com,https://kys.udiseplus.gov.in/#/schooldetail/4668772/12,4668772,25/12/2025 21:55,2480
******90323 Operational,,(03298) SRI CHAITANYA JUNIOR COLLEGE4,,,,Andhra Pradesh,11-Higher Secondary only/Jr. College,38-Pvt.Unaided,11 To 12,3-Co-educational,2-Urban,NA,,Amalapuram Ward No. 17,Amalapuram-Municipality,college road amalapuram 533201,533201,srichaitanya.amalapuram[at]gmail[dot]com,https://kys.udiseplus.gov.in/#/schooldetail/4668776/12,4668776,25/12/2025 21:56,2480
******90324 Permanently Closed,,(03299) SRI CHAITANYABHARATHI JR.COLLEGE,,,,Andhra Pradesh,11-Higher Secondary only/Jr. College,38-Pvt.Unaided,11 To 12,3-Co-educational,1-Rural,Amalapuram,Bandarulanka,,,NA,533201,,https://kys.udiseplus.gov.in/#/schooldetail/4668777/12,4668777,15/10/2020 12:18,2480
******90325 Operational,,(03300) BVC AKSHAR JUNIOR COLLEGE,,,,Andhra Pradesh,11-Higher Secondary only/Jr. College,38-Pvt.Unaided,11 To 12,3-Co-educational,2-Urban,NA,,Amalapuram Ward No. 23,Amalapuram-Municipality,DEVANGA STREETAMALAPURAM,533201,ssrao949454[at]gmail[dot]com,https://kys.udiseplus.gov.in/#/schooldetail/4668778/12,4668778,25/12/2025 21:57,2480
******90344 Operational,,(03301) PRATHIBHA VOCATIONAL JR.COLLEGE,,,,Andhra Pradesh,11-Higher Secondary only/Jr. College,38-Pvt.Unaided,11 To 12,3-Co-educational,2-Urban,NA,,Amalapuram Ward No. 20,Amalapuram-Municipality,PERURUPETA Y JUNCTION AMALAPURAM,533201,mvsb.voc789[at]gmail[dot]com,https://kys.udiseplus.gov.in/#/schooldetail/4668786/12,4668786,25/12/2025 21:45,2480
******00626 Operational,,(03302) NAVACHAITANYA JR COLLEGE,,,,Andhra Pradesh,11-Higher Secondary only/Jr. College,38-Pvt.Unaided,11 To 12,3-Co-educational,1-Rural,Katrenikona,Katrenikona,,,katrenikona village main road.katrenikona,533212,,https://kys.udiseplus.gov.in/#/schooldetail/4668454/12,4668454,13/12/2023 14:05,2480
******90334 Operational,,(03304) SANTHI VOCATIONAL JR COLLEGE,,,,Andhra Pradesh,11-Higher Secondary only/Jr. College,38-Pvt.Unaided,11 To 12,3-Co-educational,2-Urban,NA,,Amalapuram (M) - Ward No.5,Amalapuram-Municipality,near red bridge Amalapuram,533201,santivocationalcollege[at]gamail[dot]com,https://kys.udiseplus.gov.in/#/schooldetail/4668782/12,4668782,25/12/2025 22:01,2480
******00627 Operational,,(03305) SRI VIJAYA JR(INCENTIVE) COLLEGE,,,,Andhra Pradesh,11-Higher Secondary only/Jr. College,38-Pvt.Unaided,11 To 12,3-Co-educational,1-Rural,Katrenikona,Katrenikona,,,DNO 4-50 KATRENIKONA KATRENIKONA MANDAL EGDT 533212,533212,srivijayajrcollege2005[at]gmail[dot]com,https://kys.udiseplus.gov.in/#/schooldetail/4668455/12,4668455,29/09/2024 11:27,2480
******00630 Closed,Closed,(03306) BOJJA APPALA SWAMI JUNIOR COLLEGE,,,,Andhra Pradesh,11-Higher Secondary only/Jr. College,38-Pvt.Unaided,11 To 12,3-Co-educational,1-Rural,Katrenikona,Kandikuppa,,,kandikuppa,533212,bojjappalaswamyjrcollege[at]gmail[dot]com,https://kys.udiseplus.gov.in/#/schooldetail/4668456/12,4668456,29/12/2023 09:50,2480
******90335 Permanently Closed,,(03307) MOTHERTHERESA VOCATIONAL JR COLLEGE,,,,Andhra Pradesh,11-Higher Secondary only/Jr. College,38-Pvt.Unaided,11 To 12,3-Co-educational,1-Rural,Amalapuram,Bandarulanka,,,NA,533221,,https://kys.udiseplus.gov.in/#/schooldetail/4668783/12,4668783,15/10/2020 12:18,2480
******90342 Operational,,(03310) BHARATHI VOCATIONAL JR. COLLEGE,,,,Andhra Pradesh,11-Higher Secondary only/Jr. College,38-Pvt.Unaided,11 To 12,3-Co-educational,2-Urban,NA,,Amalapuram Ward No. 28,Amalapuram-Municipality,VIDUYTNAGAR AMALAPURAM,533201,karapothubabulu9999[at]gmail[dot]com,https://kys.udiseplus.gov.in/#/schooldetail/4668784/12,4668784,18/12/2025 17:15,2480
******01128 Permanently Closed,,(03311) SRI SAI BHARATHI JR. COLLEGEMACHAVARAM,,,,Andhra Pradesh,11-Higher Secondary only/Jr. College,38-Pvt.Unaided,11 To 12,3-Co-educational,1-Rural,Ambajipeta,Machavaram,,,machavaram ambajipeta,533214,www.ssbjc[at]yahoomail[dot]co[dot],https://kys.udiseplus.gov.in/#/schooldetail/4668115/12,4668115,19/07/2023 22:14,2480
******90327 Operational,,(03313) S.K.B.R.COLLEGE,,,,Andhra Pradesh,11-Higher Secondary only/Jr. College,38-Pvt.Unaided,11 To 12,3-Co-educational,2-Urban,NA,,Amalapuram Ward No. 20,Amalapuram-Municipality,10-511 KNF ROAD AMALAPURAM,533201,skbrcamp[at]yaho[dot]co[dot]in,https://kys.udiseplus.gov.in/#/schooldetail/4668328/12,4668328,25/12/2025 22:00,2480
******90328 Operational,,(03314) GOVT.JR.COLLEGE FOR GIRLS,,,,Andhra Pradesh,11-Higher Secondary only/Jr. College,10-State Govt.,11 To 12,2-Girls,2-Urban,NA,,Amalapuram (M) - Ward No.7,Amalapuram-Municipality,NEAR CHENNA MALLESWARA SWAMY TEMPLE AMALAPURAM,533201,gjcgirlsamp[at]gmail[dot]com,https://kys.udiseplus.gov.in/#/schooldetail/4668780/12,4668780,17/02/2026 11:13,2480
******00219 Operational,,(03315) SRI RAVITEJA JUNIOR COLLEGE,,,,Andhra Pradesh,11-Higher Secondary only/Jr. College,38-Pvt.Unaided,11 To 12,3-Co-educational,1-Rural,Allavaram,Allavaram,,,D NO 3-2 MAIN ROAD ALLAVARAM,533217,jvk9999[at]gmail[dot]com,https://kys.udiseplus.gov.in/#/schooldetail/4668815/12,4668815,19/12/2025 10:44,2480
******01129 Operational,,(03316) SNM JR COLLEGEMACHAVARAM,,,,Andhra Pradesh,11-Higher Secondary only/Jr. College,38-Pvt.Unaided,11 To 12,3-Co-educational,1-Rural,Ambajipeta,Machavaram,,,Machavaram Ambajipeta East godavari 533214,533214,snmcolleges[at]gmail[dot]com,https://kys.udiseplus.gov.in/#/schooldetail/4668116/12,4668116,23/12/2025 17:19,2480
******90329 Operational,,(03318) THE AMALAPURAM JR COLLEGE,,,,Andhra Pradesh,11-Higher Secondary only/Jr. College,38-Pvt.Unaided,11 To 12,3-Co-educational,2-Urban,NA,,Amalapuram (M) - Ward No.9,Amalapuram-Municipality,"6-142/1 NEAR RED BRIDGE ,Kamanagaruvu,AMALAPURAM",533201,meo.amalapuram1[at]gmail[dot]com,https://kys.udiseplus.gov.in/#/schooldetail/4668781/12,4668781,25/12/2025 22:00,2480
******90345 Permanently Closed,,(03321) NARAYANA JR.COLLEGE,,,,Andhra Pradesh,11-Higher Secondary only/Jr. College,38-Pvt.Unaided,11 To 12,3-Co-educational,2-Urban,NA,,Amalapuram Ward No. 23,Amalapuram-Municipality,NA,533201,,https://kys.udiseplus.gov.in/#/schooldetail/4668787/12,4668787,15/10/2020 12:18,2480
******00307 Closed,Closed,(03323) SRI SHIRDI SAI VOCATIONAL JR. COLLEGEMUKKAMALA,,,,Andhra Pradesh,11-Higher Secondary only/Jr. College,38-Pvt.Unaided,11 To 12,3-Co-educational,1-Rural,Ambajipeta,Mukkamala,,,3-122 Main Road Mukkamala near SBI BANK,533241,sssvoc.jr.college[at]gmail[dot]com,https://kys.udiseplus.gov.in/#/schooldetail/4668054/12,4668054,26/09/2024 12:09,2480
******00117 Operational,,(03326) GOVT.JR.COLLEGE,,,,Andhra Pradesh,11-Higher Secondary only/Jr. College,10-State Govt.,11 To 12,3-Co-educational,2-Urban,NA,,Mandapeta Ward No.22,Mandapeta-Municipality,Government Junior College,533308,svsrgjc03326[at]gmail[dot]com,https://kys.udiseplus.gov.in/#/schooldetail/4666622/12,4666622,17/02/2026 11:15,2480
******00118 Operational,,(03327) VIDYAVIKAS JR.COLLEGE,,,,Andhra Pradesh,11-Higher Secondary only/Jr. College,38-Pvt.Unaided,11 To 12,3-Co-educational,2-Urban,NA,,Mandapeta Ward No. 21,Mandapeta-Municipality,Vidya VikasJunior College Mandapeta,533308,vvjc123[at]gmail[dot]com,https://kys.udiseplus.gov.in/#/schooldetail/4666623/12,4666623,22/12/2025 11:36,2480
******00119 Closed,Closed,(03328) PRATIBHA JR.COLLEGE,,,,Andhra Pradesh,11-Higher Secondary only/Jr. College,38-Pvt.Unaided,11 To 12,3-Co-educational,2-Urban,NA,,Mandapeta Ward No.17,Mandapeta-Municipality,17-1-44 Near Govt Hospital Alamuru Road Mandapeta,533308,kvvsp66[at]gmail[dot]com,https://kys.udiseplus.gov.in/#/schooldetail/4666624/12,4666624,29/12/2023 09:46,2480
******00120 Operational,,(03329) ADITYA JUNIOR COLLEGE,,,,Andhra Pradesh,11-Higher Secondary only/Jr. College,38-Pvt.Unaided,11 To 12,3-Co-educational,2-Urban,NA,,Mandapeta Ward No.22,Mandapeta-Municipality,"17-1-20/1 ALAMURU ROAD, MANDAPETA",533308,ajcmdp[at]aditya[dot]ac[dot]in,https://kys.udiseplus.gov.in/#/schooldetail/4666625/12,4666625,22/12/2025 11:38,2480
******00121 Operational,,(03330) VIGNAN JUNIOR COLLEGE,,,,Andhra Pradesh,11-Higher Secondary only/Jr. College,38-Pvt.Unaided,11 To 12,3-Co-educational,2-Urban,NA,,Mandapeta Ward No.22,Mandapeta-Municipality,31-1-30 ALAMURU ROAD MANDAPETA,533308,visamdp[at]gmail[dot]com,https://kys.udiseplus.gov.in/#/schooldetail/4666626/12,4666626,24/12/2025 11:03,2480
******00122 Operational,,(03331) SRI VYSHNAVI VOCATIONAL JR COLLEGE,,,,Andhra Pradesh,11-Higher Secondary only/Jr. College,38-Pvt.Unaided,11 To 12,3-Co-educational,2-Urban,NA,,Mandapeta Ward No.22,Mandapeta-Municipality,ALAMURU ROAD MANDAPETA,533308,veerraju.kone[at]gmail[dot]com,https://kys.udiseplus.gov.in/#/schooldetail/4666627/12,4666627,22/12/2025 11:40,2480
******00346 Operational,,(03341) GOVT. JUNIOR COLLEGE KOTHAPETA,,,,Andhra Pradesh,11-Higher Secondary only/Jr. College,10-State Govt.,11 To 12,3-Co-educational,1-Rural,Kothapeta,Kothapeta,,,"KOTHAPETA,KOTHAPETA MANDAL",533223,gjc.kpt[at]gmail[dot]com,https://kys.udiseplus.gov.in/#/schooldetail/4667865/12,4667865,15/12/2023 14:03,2480
******00347 Operational,,(03342) SIDDARTHA JR. COLLEGE KOTHAPETA,,,,Andhra Pradesh,11-Higher Secondary only/Jr. College,38-Pvt.Unaided,11 To 12,3-Co-educational,1-Rural,Kothapeta,Kothapeta,,,SIDDARTHA JR COLLEGE KOTHAPETA,533223,siddartha884[at]gmail[dot]com,https://kys.udiseplus.gov.in/#/schooldetail/4667866/12,4667866,27/08/2024 15:26,2480
******00349 Operational,,(03343) KANTHI BHARATHI JNUIOR COLLEGE KOTHAPETA,,,,Andhra Pradesh,11-Higher Secondary only/Jr. College,38-Pvt.Unaided,11 To 12,3-Co-educational,1-Rural,Kothapeta,Kothapeta,,,MANNA CHURCH BESIDE MARUTHI CENTER MAIN RAOD KOTHAPETA,533223,principalkbjc[at]gmail[dot]com,https://kys.udiseplus.gov.in/#/schooldetail/4667868/12,4667868,16/07/2024 12:04,2480
******00351 Operational,,(03346) SATYAM VOCATIONAL JUNIOR COLLEGE KOTHAPETA,,,,Andhra Pradesh,11-Higher Secondary only/Jr. College,38-Pvt.Unaided,11 To 12,3-Co-educational,1-Rural,Kothapeta,Kothapeta,,,SATYAM VOCATIONAL JR COLLEGE MAIN ROAD KOTHAPETA,533223,svjckpt[at]gmail[dot]com,https://kys.udiseplus.gov.in/#/schooldetail/4667870/12,4667870,16/07/2024 12:04,2480
******00350 Operational,,(03348) SRI JANAKI VANAMAYYA VOCATIONAL JUNIOR COLLEGE,,,,Andhra Pradesh,11-Higher Secondary only/Jr. College,38-Pvt.Unaided,11 To 12,3-Co-educational,1-Rural,Kothapeta,Kothapeta,,,SRI JANAKI VANAMAYYA VPCATIONAL JR COLLEGE MAIN ROAD KOTHAPETA,533223,simhadri7[at]gmail[dot]com,https://kys.udiseplus.gov.in/#/schooldetail/4667869/12,4667869,16/07/2024 12:04,2480
******00811 Operational,,(03377) SRI SIDDARTHA JR.COLLEGE,,,,Andhra Pradesh,11-Higher Secondary only/Jr. College,38-Pvt.Unaided,11 To 12,3-Co-educational,1-Rural,Kapileswarapuram,Angara,,,1-11 Angara,533307,ssjc.angara[at]gmail[dot]com,https://kys.udiseplus.gov.in/#/schooldetail/4667466/12,4667466,26/06/2021 11:49,2480
******01130 Operational,,(03378) GOVT. JR.COLLEGE ALAMURU,,,,Andhra Pradesh,11-Higher Secondary only/Jr. College,10-State Govt.,11 To 12,3-Co-educational,1-Rural,Alamuru,Alamuru,,,1-33 KOTHURU CENTRE ALAMURU,533232,gjcalamuru78[at]gmail[dot]com,https://kys.udiseplus.gov.in/#/schooldetail/4667566/12,4667566,19/07/2022 12:31,2480
******00717 Closed,Closed,(03389) G.M.C. BALAYOGI JUNIOR COLLEGE,,,,Andhra Pradesh,11-Higher Secondary only/Jr. College,38-Pvt.Unaided,11 To 12,3-Co-educational,1-Rural,P.Gannavaram,Patha Gannavaram,,,GMCB BALAYOGI JUNIOR COLLEGE,533240,srigmcbalayogi[at]gmail[dot]com,https://kys.udiseplus.gov.in/#/schooldetail/4667995/12,4667995,03/09/2025 15:53,2480
******00909 Closed,Closed,(03390) G.R.R.S. JR. COLLEGE,,,,Andhra Pradesh,11-Higher Secondary only/Jr. College,38-Pvt.Unaided,11 To 12,3-Co-educational,1-Rural,P.Gannavaram,Munganda,,,896 munganda,533308,srianitha[at]gmail[dot]com,https://kys.udiseplus.gov.in/#/schooldetail/4718833/12,4718833,11/05/2022 18:41,2480
******01328 Operational,,(03390) IMINDS JUNIOR COLLEGE,,,,Andhra Pradesh,11-Higher Secondary only/Jr. College,38-Pvt.Unaided,11 To 12,3-Co-educational,1-Rural,Amalapuram,Peruru,,,"main road, amalapuram",533201,finance.imts02[at]gmail[dot]com,https://kys.udiseplus.gov.in/#/schooldetail/4714998/12,4714998,23/12/2025 16:06,2480
******00516 Operational,,(03391) AVS JR COLLEGE PULLETIKURRU,,,,Andhra Pradesh,11-Higher Secondary only/Jr. College,38-Pvt.Unaided,11 To 12,3-Co-educational,1-Rural,Ambajipeta,Pulletikurru,,,PULLETIKURRU AMBAJIPETA MANDAL EGDT,533239,raghuasav44[at]gmail[dot]com,https://kys.udiseplus.gov.in/#/schooldetail/4668070/12,4668070,23/12/2025 17:06,2480
******00415 Operational,,(03392) INDIRA PRIYADARSINI JR COLLEGE,,,,Andhra Pradesh,11-Higher Secondary only/Jr. College,38-Pvt.Unaided,11 To 12,3-Co-educational,1-Rural,P.Gannavaram,Patha Gannavaram,,,DNo6-5/1Sivalayam StreetPGannavaramEDt 533240,533240,saitejajuniorcollegepgv[at]gmail[dot]com,https://kys.udiseplus.gov.in/#/schooldetail/4667969/12,4667969,03/12/2024 12:59,2480
******00718 Closed,Closed,(03393) SRI SIDDARTHA JR COLLEGE,,,,Andhra Pradesh,11-Higher Secondary only/Jr. College,38-Pvt.Unaided,11 To 12,3-Co-educational,1-Rural,P.Gannavaram,Patha Gannavaram,,,pgannavaram near bridge oppbab temple,533240,,https://kys.udiseplus.gov.in/#/schooldetail/4667996/12,4667996,27/12/2023 18:19,2480
******00805 Operational,,(03396) DR YSR VOCATIONAL JR COLLEGE,,,,Andhra Pradesh,11-Higher Secondary only/Jr. College,38-Pvt.Unaided,11 To 12,3-Co-educational,1-Rural,P.Gannavaram,Pothavaram,,,DR YSR VOCATIONAL JR COLLEGE,533214,avrhanuman[at]gmail[dot]com,https://kys.udiseplus.gov.in/#/schooldetail/4668002/12,4668002,18/07/2022 15:19,2480
******00209 Closed,Closed,(03397) BHARATHI VOCATIONAL JR COLLEGE,,,,Andhra Pradesh,11-Higher Secondary only/Jr. College,38-Pvt.Unaided,11 To 12,3-Co-educational,1-Rural,NA,NA,,,PAMARRU K GANGAVARAM,533305,botta.hk[at]gmail[dot]com,https://kys.udiseplus.gov.in/#/schooldetail/4718829/12,4718829,11/11/2024 10:39,2480
******00102 Operational,,(03426) SRIMUKHA JR. COLLEGE,,,,Andhra Pradesh,11-Higher Secondary only/Jr. College,38-Pvt.Unaided,11 To 12,3-Co-educational,1-Rural,NA,NA,,,DANGERU K GANGAVARAM MANDAL,533305,palivelavenkataramana889[at]gmail[dot]com,https://kys.udiseplus.gov.in/#/schooldetail/4714935/12,4714935,13/04/2023 15:01,2480
******01620 Closed,Closed,(03427) SRI P.V.R. JR.COLLEGE,,,,Andhra Pradesh,11-Higher Secondary only/Jr. College,35-Pvt.Aided,11 To 12,3-Co-educational,1-Rural,Ramachandrapuram,Draksharama,,,DRAKSHARAMA-533262,533262,spvr.juniorcollege[at]gmail[dot]com,https://kys.udiseplus.gov.in/#/schooldetail/4667276/12,4667276,11/05/2022 14:25,2480
******01618 Operational,,(03428) LITTLE ROSE JUNIOR COLLEGE,,,,Andhra Pradesh,11-Higher Secondary only/Jr. College,38-Pvt.Unaided,11 To 12,3-Co-educational,1-Rural,Ramachandrapuram,Draksharama,,,venkatayapalem Draksharama,533262,lnsarma.c[at]gmail[dot]com,https://kys.udiseplus.gov.in/#/schooldetail/4667274/12,4667274,17/02/2026 11:19,2480
******01619 Operational,,(03429) PRATHIBHA JUNIOR COLLEGE,,,,Andhra Pradesh,11-Higher Secondary only/Jr. College,38-Pvt.Unaided,11 To 12,3-Co-educational,1-Rural,Ramachandrapuram,Draksharama,,,"DRAKSHARAMA VILLAGE, RAMACHANDRAPURAM MANDAL",533262,prathibha309[at]gmail[dot]com,https://kys.udiseplus.gov.in/#/schooldetail/4667275/12,4667275,17/02/2026 11:20,2480
******01610 Operational,,(03431) PRATHIBHA SOWJANYA VOC JR COLLEGE,,,,Andhra Pradesh,11-Higher Secondary only/Jr. College,38-Pvt.Unaided,11 To 12,3-Co-educational,1-Rural,NA,NA,,,GANGAVARAM K GANGAVARAM MANDAL,533305,sivatej333[at]gmail[dot]com,https://kys.udiseplus.gov.in/#/schooldetail/4667792/12,4667792,23/06/2022 14:33,2480
******00511 Operational,,(03466) MPM TRUST JR.COLLEGE,,,,Andhra Pradesh,11-Higher Secondary only/Jr. College,38-Pvt.Unaided,11 To 12,3-Co-educational,1-Rural,Ainavilli,Sanapalli Lanka,,,"MULAPALEM,SANAPALLILALANKA (VILL),AINAVILLI MANDAL",533211,mpmtjc[at]gmail[dot]com,https://kys.udiseplus.gov.in/#/schooldetail/4714967/12,4714967,17/02/2026 11:12,2480
******00512 Operational,,(03467) S.N.V.R.Govt JR.COLLEGE,,,,Andhra Pradesh,11-Higher Secondary only/Jr. College,10-State Govt.,11 To 12,3-Co-educational,1-Rural,Ainavilli,Ainavilli,,,"AINAVILLI,AINAVILLI VILLAGE ,AINAVILLI MANDAL",533211,snvrc.mkm[at]gmail[dot]com,https://kys.udiseplus.gov.in/#/schooldetail/4668147/12,4668147,16/12/2023 20:37,2480
******00513 Operational,,(03468) SRI YVS SRI BRM JR COLLEGE,,,,Andhra Pradesh,11-Higher Secondary only/Jr. College,38-Pvt.Unaided,11 To 12,3-Co-educational,1-Rural,Ainavilli,Ainavilli,,,MUKTESWARAM AINAVILLI MANDAL,533211,yvsbrmjrc[at]gmail[dot]com,https://kys.udiseplus.gov.in/#/schooldetail/4668148/12,4668148,18/07/2022 13:56,2480
******00514 Permanently Closed,,(03470) PRAGATHI VOCATIONAL JR COLLEGE,,,,Andhra Pradesh,11-Higher Secondary only/Jr. College,38-Pvt.Unaided,11 To 12,3-Co-educational,1-Rural,Ainavilli,Ainavilli,,,NA,533211,,https://kys.udiseplus.gov.in/#/schooldetail/4714968/12,4714968,15/10/2020 12:18,2480
******00306 Permanently Closed,,(03477) VISWAS VOCATIONAL JR.COLLEGE,,,,Andhra Pradesh,11-Higher Secondary only/Jr. College,38-Pvt.Unaided,11 To 12,3-Co-educational,1-Rural,I. Polavaram,Patha Injaram,,,NA,533220,,https://kys.udiseplus.gov.in/#/schooldetail/4714982/12,4714982,15/10/2020 12:18,2480
******00811 Operational,,(03478) V.V.S.NARAYANA RAJU JR. COLLEGE,,,,Andhra Pradesh,11-Higher Secondary only/Jr. College,38-Pvt.Unaided,11 To 12,3-Co-educational,1-Rural,I. Polavaram,I. Polavaram,,,I POLAVARAM I POLAVARAM (VILL) I POLAVARAM(VILL) I POLAVARAM(MANDAL) EAST GODAVARI(DIST) PIN code 533220,533220,vvsnrjc_03478[at]yahoo[dot]com,https://kys.udiseplus.gov.in/#/schooldetail/4668388/12,4668388,09/05/2022 18:53,2480
******01013 Permanently Closed,,(03479) S.N.M. JR. COLLEGE,,,,Andhra Pradesh,11-Higher Secondary only/Jr. College,38-Pvt.Unaided,11 To 12,3-Co-educational,1-Rural,Uppalaguptam,Gollavilli,,,NA,533222,,https://kys.udiseplus.gov.in/#/schooldetail/4714994/12,4714994,15/10/2020 12:18,2480
******00752 Permanently Closed,,(03490) AIMS JUNIOR COLLEGE,,,,Andhra Pradesh,11-Higher Secondary only/Jr. College,38-Pvt.Unaided,11 To 12,3-Co-educational,2-Urban,NA,,Mummidivaram Ward No.3,Mummidivaram-Town Panchayat,NA,533216,,https://kys.udiseplus.gov.in/#/schooldetail/4668287/12,4668287,15/10/2020 12:18,2480
******00745 Operational,,(03491) SRI SHIRDI SAI JR.COLLEGE,,,,Andhra Pradesh,11-Higher Secondary only/Jr. College,38-Pvt.Unaided,11 To 12,3-Co-educational,2-Urban,NA,,Mummidivaram Ward No.3,Mummidivaram-Town Panchayat,"Near Kasivari thumu,mummidivaram,Dr.BR.Ambedkar Konaseema Dist.533216",533216,taracollege03491[at]gmail[dot]com,https://kys.udiseplus.gov.in/#/schooldetail/4668282/12,4668282,14/12/2023 13:15,2480
******00747 Operational,,(03492) SRI KRISHNA DEVARAYA MAHILA JR COL,,,,Andhra Pradesh,11-Higher Secondary only/Jr. College,38-Pvt.Unaided,11 To 12,2-Girls,2-Urban,NA,,Mummidivaram Ward No.16,Mummidivaram-Town Panchayat,"TTR NAGAR , BY PASS ROAD ,MUMMIDIVARAM",533216,srirams.skd[at]gmail[dot]com,https://kys.udiseplus.gov.in/#/schooldetail/4668284/12,4668284,17/02/2026 11:19,2480
******00746 Operational,,(03493) GOVT.JR.COLLEGE,,,,Andhra Pradesh,11-Higher Secondary only/Jr. College,10-State Govt.,11 To 12,3-Co-educational,2-Urban,NA,,Mummidivaram Ward No.4,Mummidivaram-Town Panchayat,MARKET ROAD MUMMIDIVARAM,533216,gjcmummidivaram[at]gmail[dot]com,https://kys.udiseplus.gov.in/#/schooldetail/4668283/12,4668283,26/06/2021 11:03,2480
******00748 Operational,,(03494) DR DRMM JR COLLEGE,,,,Andhra Pradesh,11-Higher Secondary only/Jr. College,38-Pvt.Unaided,11 To 12,3-Co-educational,2-Urban,NA,,Mummidivaram Ward No.16,Mummidivaram-Town Panchayat,moolathumu mummidivaram,533216,lampcollege066[at]gmail[dot]com,https://kys.udiseplus.gov.in/#/schooldetail/4668285/12,4668285,22/12/2025 12:04,2480
******00909 Operational,,"(03495) SRI SATYA SAI JUNIOR COLLEGE, MUMMIDIVARAM",,,,Andhra Pradesh,11-Higher Secondary only/Jr. College,38-Pvt.Unaided,11 To 12,3-Co-educational,1-Rural,Mummidivaram,Ananthavaram,,,SIVALAYAM VEEDI,533222,ganesh8537[at]gmail[dot]com,https://kys.udiseplus.gov.in/#/schooldetail/4668301/12,4668301,08/08/2025 07:27,2480
******00750 Permanently Closed,,(03496) SHANTHI VOCATIONAL JUNIOR COLLEGE,,,,Andhra Pradesh,11-Higher Secondary only/Jr. College,38-Pvt.Unaided,11 To 12,3-Co-educational,2-Urban,NA,,Mummidivaram Ward No.3,Mummidivaram-Town Panchayat,NA,533216,,https://kys.udiseplus.gov.in/#/schooldetail/4714979/12,4714979,15/10/2020 12:18,2480
******00749 Operational,,(03498) VISWAS VOCATIONAL JUNIOR COLLEGE,,,,Andhra Pradesh,11-Higher Secondary only/Jr. College,38-Pvt.Unaided,11 To 12,3-Co-educational,2-Urban,NA,,Mummidivaram Ward No.3,Mummidivaram-Town Panchayat,MUMMIDIVARAM CHINTALAMERAKA,533216,nakkanvv[at]gmail[dot]com,https://kys.udiseplus.gov.in/#/schooldetail/4668286/12,4668286,15/10/2020 12:18,2480
******00628 Permanently Closed,,(03499) CHAITANYA VOCATIONAL JUNIOR COLLEGE,,,,Andhra Pradesh,11-Higher Secondary only/Jr. College,38-Pvt.Unaided,11 To 12,3-Co-educational,1-Rural,Katrenikona,Katrenikona,,,NA,533212,,https://kys.udiseplus.gov.in/#/schooldetail/4714988/12,4714988,15/10/2020 12:18,2480
******00631 Permanently Closed,,(03501) CHITANYA JR.COLLEGE,,,,Andhra Pradesh,11-Higher Secondary only/Jr. College,38-Pvt.Unaided,11 To 12,3-Co-educational,1-Rural,Katrenikona,Katrenikona,,,NA,533212,,https://kys.udiseplus.gov.in/#/schooldetail/4714989/12,4714989,15/10/2020 12:18,2480
******00254 Permanently Closed,,(03502) NALANDA VOC JR COLLGERAVULAPALEM,,,,Andhra Pradesh,11-Higher Secondary only/Jr. College,38-Pvt.Unaided,11 To 12,3-Co-educational,1-Rural,Ravulapalem,Ravulapalem,,,NA,533238,,https://kys.udiseplus.gov.in/#/schooldetail/4667693/12,4667693,15/10/2020 12:18,2480
******00244 Operational,,(03504) SRI NANNARAJU JR.COLLEGE RAVULAPALEM,,,,Andhra Pradesh,11-Higher Secondary only/Jr. College,38-Pvt.Unaided,11 To 12,3-Co-educational,1-Rural,Ravulapalem,Ravulapalem,,,opposit Govt jr college Ravulapalem,533238,snrjc03504[at]gmail[dot]com,https://kys.udiseplus.gov.in/#/schooldetail/4667683/12,4667683,26/06/2021 11:28,2480
******00246 Operational,,(03505) GOVT. JR.COLLEGE RAVULAPALEM,,,,Andhra Pradesh,11-Higher Secondary only/Jr. College,10-State Govt.,11 To 12,3-Co-educational,1-Rural,Ravulapalem,Ravulapalem,,,RAVULAPALEM,533238,gjcrvpm82[at]gmail[dot]com,https://kys.udiseplus.gov.in/#/schooldetail/4667684/12,4667684,26/06/2021 11:26,2480
******00248 Permanently Closed,,(03507) DR BR AMBEDKAR JR COLLEGE RAVULAPALEM,,,,Andhra Pradesh,11-Higher Secondary only/Jr. College,38-Pvt.Unaided,11 To 12,3-Co-educational,1-Rural,Ravulapalem,Ravulapalem,,,NA,533238,,https://kys.udiseplus.gov.in/#/schooldetail/4667685/12,4667685,15/10/2020 12:18,2480
******00253 Operational,,(03508) SRI SANTHI VOC JR COLLEGERAVULAPALEM,,,,Andhra Pradesh,11-Higher Secondary only/Jr. College,38-Pvt.Unaided,11 To 12,3-Co-educational,1-Rural,Ravulapalem,Ravulapalem,,,RAVULAPALEM,533238,padamuttamkraju[at]gmail[dot]com,https://kys.udiseplus.gov.in/#/schooldetail/4667692/12,4667692,26/06/2021 11:21,2480
******00810 Permanently Closed,,(03509) SRI SAI VISWANADHA GURUKULA GIRLS JR.COLLEGE,,,,Andhra Pradesh,11-Higher Secondary only/Jr. College,38-Pvt.Unaided,11 To 12,3-Co-educational,1-Rural,Ravulapalem,Podagatlapalle,,,NA,533236,,https://kys.udiseplus.gov.in/#/schooldetail/4714934/12,4714934,15/10/2020 12:18,2480
******00251 Operational,,(03510) GOWTHAM JR.COLLEGE RAVULAPALEM,,,,Andhra Pradesh,11-Higher Secondary only/Jr. College,38-Pvt.Unaided,11 To 12,3-Co-educational,1-Rural,Ravulapalem,Ravulapalem,,,near post office road,533238,srigowthamivoccollege[at]gmail[dot]com,https://kys.udiseplus.gov.in/#/schooldetail/4667690/12,4667690,26/06/2021 11:23,2480
******00255 Permanently Closed,,(03511) NARAYANA JUNIOR COLLEGE RAVULAPALEM,,,,Andhra Pradesh,11-Higher Secondary only/Jr. College,38-Pvt.Unaided,11 To 12,3-Co-educational,1-Rural,Ravulapalem,Ravulapalem,,,NA,533238,,https://kys.udiseplus.gov.in/#/schooldetail/4667694/12,4667694,15/10/2020 12:18,2480
******00406 Closed,Closed,AARADYA UP SCHOOL,,,,Andhra Pradesh,2-Primary with Upper Primary,61-Unrecognised Schools,1 To 7,3-Co-educational,1-Rural,Ravulapalem,Lakshmipolavaram,,,RAVULAPADU,533238,balaneniaravind[at]yahoo[dot]com,https://kys.udiseplus.gov.in/#/schooldetail/4667706/12,4667706,26/06/2021 13:22,2480
******90962 Operational,,ABC MODERN PS (EM) RCPURAM,,,,Andhra Pradesh,1-Primary,38-Pvt.Unaided,1 To 5,3-Co-educational,2-Urban,NA,,Ramachandrapuram (M) - Ward No.15,Ramachandrapuram-Municipality,4th ward RAMACHANDRAPURAM RAMACHANDRAPURAM(VILL) RAMACHANDRAPURAM(MANDAL) EAST GODAVARI(DIST),533255,a6922861[at]gmail[dot]com,https://kys.udiseplus.gov.in/#/schooldetail/4667347/12,4667347,21/04/2023 15:31,2480
******00415 Operational,,ABHYAS EM PS,,,,Andhra Pradesh,2-Primary with Upper Primary,38-Pvt.Unaided,1 To 7,3-Co-educational,1-Rural,Mandapeta,Dwarapudi,,,DWARAPUDI MANDAPETA EAST GODAVARI 533341,533341,abhyas.dwp[at]yahoo[dot]com,https://kys.udiseplus.gov.in/#/schooldetail/4666646/12,4666646,24/12/2025 11:09,2480
******00441 Operational,,ADITYA EM HIGH SCHOOL,,,,Andhra Pradesh,7-Upper Pr. and Secondary,38-Pvt.Unaided,6 To 10,3-Co-educational,2-Urban,NA,,Amalapuram Ward No. 13,Amalapuram-Municipality,"GOLLAGUDEM ,AMALAPURAM",533201,apsamp2[at]aditya[dot]ac[dot]in,https://kys.udiseplus.gov.in/#/schooldetail/4720858/12,4720858,23/12/2025 10:39,2480
******90165 Operational,,ADITYA HS (EM) KAMANAGARUVU,,,,Andhra Pradesh,7-Upper Pr. and Secondary,38-Pvt.Unaided,6 To 10,3-Co-educational,1-Rural,Amalapuram,Kamanagaruvu,,,KAMANAGARUVU AMALAPURAM EAST GODAVARI AP 533201,533201,apsamp[at]aditya[dot]ac[dot]in,https://kys.udiseplus.gov.in/#/schooldetail/4668733/12,4668733,23/12/2025 10:11,2480
******00593 Operational,,ADITYA PRIMARY SCHOOL EM,,,,Andhra Pradesh,1-Primary,38-Pvt.Unaided,1 To 5,3-Co-educational,2-Urban,NA,,Amalapuram Ward No. 13,Amalapuram-Municipality,"GOLLAGUDEM, AMALAPURAM",533201,apsamp2[at]aditya[dot]ac[dot]in,https://kys.udiseplus.gov.in/#/schooldetail/4721033/12,4721033,23/12/2025 10:32,2480
******90188 Operational,,ADITYA PS (EM) KAMANAGARUVU,,,,Andhra Pradesh,1-Primary,38-Pvt.Unaided,1 To 5,3-Co-educational,1-Rural,Amalapuram,Kamanagaruvu,,,KAMANAGARUVU(VILL) AMALAPURAM(MANDAL) EAST GODAVARI(DIST) ANDHRA PRADESH 533201,533201,apsamp[at]aditya[dot]ac[dot]in,https://kys.udiseplus.gov.in/#/schooldetail/4668744/12,4668744,25/12/2025 20:51,2480
******00806 Operational,,ADITYA UPS (EM) ANGARA,,,,Andhra Pradesh,2-Primary with Upper Primary,38-Pvt.Unaided,1 To 7,3-Co-educational,1-Rural,Kapileswarapuram,Angara,,,D NO 7-122 NEAR RAJAMMA TEMPLE ANGARA KAPILESWARAPURM,533307,meo.kapileswarapuram[at]gmail[dot]com,https://kys.udiseplus.gov.in/#/schooldetail/4667463/12,4667463,16/12/2023 11:55,2480
******01112 Operational,,ADITYA UPS (EM) ANKAMPALEM,,,,Andhra Pradesh,6-Pr. Up Pr. and Secondary Only,38-Pvt.Unaided,1 To 10,3-Co-educational,1-Rural,Atreyapuram,Ankampalem,,,ANKAMPALEM ANKAMPALEM ANKAMPALEM(VILL)D NO1-5 ATREYAPURAM(MANDAL) EAST GODAVARI(DIST),533236,adityaemschool346[at]gmail[dot]com,https://kys.udiseplus.gov.in/#/schooldetail/4667625/12,4667625,26/06/2024 14:54,2480
******00505 Closed,Closed,ADITYA UPS (EM) VISWESWARAYAPURAM,,,,Andhra Pradesh,2-Primary with Upper Primary,38-Pvt.Unaided,1 To 7,3-Co-educational,1-Rural,Malikipuram,Visweswarayapuram,,,VISWESWARAYAPURAM VISWESWARAYAPURAM (VILL) VISWESWARAYAPURAM(VILL) MALIKIPURAM(MANDAL) EAST GODAVARI(DIST),533254,meo.malikipuram[at]gmail[dot]com,https://kys.udiseplus.gov.in/#/schooldetail/4669096/12,4669096,24/12/2023 15:18,2480
******00403 Operational,,AFDTJRC AIDED HS MALIKIPURAM,,,,Andhra Pradesh,7-Upper Pr. and Secondary,35-Pvt.Aided,6 To 10,3-Co-educational,1-Rural,Malikipuram,Malikipuram,,,MALIKIPURAM (VILL) MALIKIPURAM(MANDAL) EAST GODAVARI(DIST),533253,afdthighschoolmkp[at]gmail[dot]com,https://kys.udiseplus.gov.in/#/schooldetail/4669080/12,4669080,24/12/2025 14:43,2480
******00742 Closed,Closed,AIMS HS (EM) MUMMIDIVARAM,,,,Andhra Pradesh,7-Upper Pr. and Secondary,38-Pvt.Unaided,6 To 10,3-Co-educational,2-Urban,NA,,Mummidivaram Ward No.3,Mummidivaram-Town Panchayat,MUMMIDIVARAM MUMMIDIVARAM (VILL) MUMMIDIVARAM(VILL) MUMMIDIVARAM(MANDAL) EAST GODAVARI(DIST),533216,aimshighschool2023[at]gmail[dot]com,https://kys.udiseplus.gov.in/#/schooldetail/4668280/12,4668280,20/08/2025 09:53,2480
******00741 Closed,Closed,AIMS PS (EM) MUMMIDIVARAM,,,,Andhra Pradesh,1-Primary,38-Pvt.Unaided,1 To 5,3-Co-educational,2-Urban,NA,,Mummidivaram Ward No.3,Mummidivaram-Town Panchayat,MUMMIDIVARAM MUMMIDIVARAM (VILL) MUMMIDIVARAM(VILL) MUMMIDIVARAM(MANDAL) EAST GODAVARI(DIST),533216,vibgyormummidivaram[at]gmail[dot]com,https://kys.udiseplus.gov.in/#/schooldetail/4668279/12,4668279,11/05/2022 05:59,2480
******00813 Operational,,AKSHARADHAM ASHRAM SCHOOL,,,,Andhra Pradesh,2-Primary with Upper Primary,38-Pvt.Unaided,1 To 7,3-Co-educational,1-Rural,I. Polavaram,I. Polavaram,,,IPOLAVARAM IPOLAVARAM EAST GODAVARI 533220,533220,aksharadham[at]gmail[dot]com,https://kys.udiseplus.gov.in/#/schooldetail/4718835/12,4718835,28/09/2024 10:43,2480
******00859 Operational,,"AKSHARA GURUKULAM (EM) SCHOOL, MANDAPETA",,,,Andhra Pradesh,2-Primary with Upper Primary,38-Pvt.Unaided,1 To 7,3-Co-educational,2-Urban,NA,,Mandapeta Ward No.12,Mandapeta-Municipality,"AKSHARA GURUKULAM (EM) SCHOOL, MANDAPETA",533308,akshara.mdp99[at]gmail[dot]com,https://kys.udiseplus.gov.in/#/schooldetail/4721391/12,4721391,31/12/2025 16:34,2480
******00418 Operational,,AKSHARA HS (EM) RAZOLE,,,,Andhra Pradesh,7-Upper Pr. and Secondary,38-Pvt.Unaided,6 To 10,3-Co-educational,1-Rural,Razole,Razole,,,I.P.C. CHURCH STREET RAZOLU (VILL) RAZOLE (PT)(VILL) RAZOLE(MANDAL) EAST GODAVARI(DIST),533242,akshararazole[at]gmail[dot]com,https://kys.udiseplus.gov.in/#/schooldetail/4669001/12,4669001,15/10/2020 12:18,2480
******01700 Operational,,"AKSHARA INSTITUTE OF MATHS AND SCIENCE (EM) SCHOOL, P.GANNAVARAM",,,,Andhra Pradesh,2-Primary with Upper Primary,38-Pvt.Unaided,1 To 7,3-Co-educational,1-Rural,P.Gannavaram,Patha Gannavaram,,,"5-43C, CANAL ROAD, SRIRAMA GARDENS P GANNAVARAM",533240,,,,20/12/2025 16:32,2480
******00427 Operational,,AKSHARA PS (EM) RAZOLE,,,,Andhra Pradesh,1-Primary,38-Pvt.Unaided,1 To 5,3-Co-educational,1-Rural,Razole,Razole,,,TTD KALYANA MANDAPAM RAZOLU (VILLA) RAZOLE (PT)(VILL) RAZOLE(MANDAL) EAST GODAVARI(DIST),533242,AKSHARARAZOLE[at]GMAIL[dot]COM,https://kys.udiseplus.gov.in/#/schooldetail/4669002/12,4669002,21/04/2023 15:31,2480
******00613 Permanently Closed,,AKSHARA RAGA UPS (EM) KAMANAGARUVU,,,,Andhra Pradesh,2-Primary with Upper Primary,38-Pvt.Unaided,1 To 7,3-Co-educational,1-Rural,Amalapuram,Bhatnavilli,,,NA,533213,,https://kys.udiseplus.gov.in/#/schooldetail/4668647/12,4668647,15/10/2020 12:18,2480
******00532 Operational,,AKSHARA SAI EM HIGH SCHOOL,,,,Andhra Pradesh,6-Pr. Up Pr. and Secondary Only,38-Pvt.Unaided,1 To 10,3-Co-educational,2-Urban,NA,,Mandapeta Ward No.12,Mandapeta-Municipality,"MANDAPETA, MANDAPETA MANDAL",533308,akshara.mdp99[at]gmail[dot]com,https://kys.udiseplus.gov.in/#/schooldetail/4720959/12,4720959,31/12/2025 16:32,2480
******01515 Operational,,AKSHARASREE PS (EM) RYALI,,,,Andhra Pradesh,1-Primary,38-Pvt.Unaided,1 To 5,3-Co-educational,1-Rural,Atreyapuram,Ryali,,,RYALI RYALI(VILL) RYALI(VILL) ATREYAPURAM(MANDAL) EAST GODAVARI(DIST),533236,aksharasree.ryali[at]gmail[dot]com,https://kys.udiseplus.gov.in/#/schooldetail/4667221/12,4667221,14/06/2023 17:34,2480
******01514 Operational,,AKSHARA UPS (EM) DANGERU,,,,Andhra Pradesh,2-Primary with Upper Primary,38-Pvt.Unaided,1 To 7,3-Co-educational,1-Rural,NA,NA,,,DANGERU DANGERU (VILL) DANGERU(VILL) K.GANGAVARAM(MANDAL) EAST GODAVARI(DIST),533263,ramanavv164[at]gmail[dot]com,https://kys.udiseplus.gov.in/#/schooldetail/4667783/12,4667783,11/03/2024 19:03,2480
******90553 Closed,Closed,AKSHARA UPS (EM) SBI STREET,,,,Andhra Pradesh,2-Primary with Upper Primary,38-Pvt.Unaided,1 To 7,3-Co-educational,2-Urban,NA,,Mandapeta Ward No.7,Mandapeta-Municipality,WARD 9 MANDAPETA MANDAPETA(VILL) MANDAPETA(MANDAL) EAST GODAVARI(DIST),533308,sairambabu_vignan[at]yahoo[dot]com,https://kys.udiseplus.gov.in/#/schooldetail/4666725/12,4666725,26/12/2023 16:40,2480
******00409 Closed,Closed,AKSHRA KIDS EM UPS RAZOLE,,,,Andhra Pradesh,2-Primary with Upper Primary,38-Pvt.Unaided,1 To 7,3-Co-educational,1-Rural,Razole,B. Savaram,,,B SAVARAM ROAD RAZOLE,533242,aksharakidsrzl[at]gmail[dot]com,https://kys.udiseplus.gov.in/#/schooldetail/4668995/12,4668995,11/05/2022 19:58,2480
******90133 Operational,,ALFA EM UPS,,,,Andhra Pradesh,2-Primary with Upper Primary,38-Pvt.Unaided,1 To 7,3-Co-educational,2-Urban,NA,,Amalapuram Ward No. 23,Amalapuram-Municipality,3-3-81Dakshinamurthy Street,533201,alfaschoolamp[at]gmail[dot]com,https://kys.udiseplus.gov.in/#/schooldetail/4650396/12,4650396,25/12/2025 20:22,2480
******00220 Operational,,AMARAVATHI EM HS ALLAVARAM,,,,Andhra Pradesh,6-Pr. Up Pr. and Secondary Only,38-Pvt.Unaided,1 To 10,3-Co-educational,1-Rural,Allavaram,Allavaram,,,ALLAVARAM PIN 533217,533217,meo.allavaram1[at]gmail[dot]com,https://kys.udiseplus.gov.in/#/schooldetail/4668364/12,4668364,19/12/2025 10:45,2480
******00608 Sanctioned but not Operational,,AMD UPS (EM) LAKKAVARAM,,,,Andhra Pradesh,2-Primary with Upper Primary,38-Pvt.Unaided,1 To 7,3-Co-educational,1-Rural,Malikipuram,Lakkavaram,,,LAKKAVARAM LAKKAVARAM (VILL) LAKKAVARAM(VILL) MALIKIPURAM(MANDAL) EAST GODAVARI(DIST),533254,,https://kys.udiseplus.gov.in/#/schooldetail/4669108/12,4669108,11/05/2022 19:58,2480
******00907 Sanctioned but not Operational,,AMMA PS (EM) RAZOLE,,,,Andhra Pradesh,1-Primary,38-Pvt.Unaided,1 To 5,3-Co-educational,1-Rural,Razole,Chintalapalle,,,RUDRAVARI MERAKA CHINTALAPALLE (VILL) CHINTALAPALLE(VILL) RAZOLE(MANDAL) EAST GODAVARI(DIST),533244,lakshman.pippalla1[at]gmail[dot]com,https://kys.udiseplus.gov.in/#/schooldetail/4669040/12,4669040,11/05/2022 19:58,2480
******00799 Operational,,AMRUTHA UPPER PRIMARY SCHOOL (EM) BHATTUPALEM,,,,Andhra Pradesh,2-Primary with Upper Primary,38-Pvt.Unaided,1 To 7,3-Co-educational,1-Rural,Uppalaguptam,Bheemanapalle,,,BHATTUPALEM UPPALAGUPTAM MANDAL,533213,krupanandammadhura[at]gmail[dot]com,https://kys.udiseplus.gov.in/#/schooldetail/4721233/12,4721233,07/01/2026 09:06,2480
******00112 Operational,,ANANDA UPS (EM) D KESAVARAM,,,,Andhra Pradesh,2-Primary with Upper Primary,38-Pvt.Unaided,1 To 7,3-Co-educational,1-Rural,Mandapeta,Kesavaram,,,D. KESAVARAM KESAVARAM (VILL) KESAVARAM(VILL) MANDAPETA(MANDAL) EAST GODAVARI(DIST),533341,dvenkannababu[at]gmail[dot]com,https://kys.udiseplus.gov.in/#/schooldetail/4666219/12,4666219,22/12/2025 11:38,2480
******01315 Operational,,ANGEL EM UP SCHOOL NEDUNURU,,,,Andhra Pradesh,2-Primary with Upper Primary,38-Pvt.Unaided,1 To 7,3-Co-educational,1-Rural,Ainavilli,Nedunuru,,,NEDUNURU AINAVILLI MANDAL,533241,anjelemupschool[at]gmail[dot]com,https://kys.udiseplus.gov.in/#/schooldetail/4668190/12,4668190,21/04/2023 15:31,2480
******01716 Operational,,ANJANI UPS (EM) MANEPALLI,,,,Andhra Pradesh,2-Primary with Upper Primary,38-Pvt.Unaided,1 To 7,3-Co-educational,1-Rural,P.Gannavaram,Manepalle,,,MANEPALLI MANEPALLE (VILL) MANEPALLE(VILL) P.GANNAVARAM(MANDAL) EAST GODAVARI(DIST),533249,vhemanth346[at]gmail[dot]com,https://kys.udiseplus.gov.in/#/schooldetail/4668043/12,4668043,21/04/2023 15:31,2480
******01207 Permanently Closed,,ANNA UPS (EM) LOLLA,,,,Andhra Pradesh,2-Primary with Upper Primary,38-Pvt.Unaided,1 To 5,3-Co-educational,1-Rural,Atreyapuram,Lolla,,,NA,533237,,https://kys.udiseplus.gov.in/#/schooldetail/4667629/12,4667629,15/10/2020 12:18,2480
******90572 Operational,,"APOSTOLIC (EM) HIGH SCHOOL, SATYA SRI ROAD",,,,Andhra Pradesh,6-Pr. Up Pr. and Secondary Only,38-Pvt.Unaided,1 To 10,3-Co-educational,2-Urban,NA,,Mandapeta Ward No.27,Mandapeta-Municipality,"APOSTOLIC (EM) HIGH SCHOOL, SATYA SRI ROAD satya sri road",533308,apostolicemschoolmdp[at]gmail[dot]com,https://kys.udiseplus.gov.in/#/schooldetail/4666742/12,4666742,31/12/2025 16:36,2480
******00756 Operational,,APPLE (EM) UPSCHOOL,,,,Andhra Pradesh,2-Primary with Upper Primary,38-Pvt.Unaided,1 To 7,3-Co-educational,2-Urban,NA,,Mummidivaram Ward No.3,Mummidivaram-Town Panchayat,MUMMIDIVARAM (CHINTALAMERAKA),533216,appleschoolonlineclasses1[at]gmail[dot]com,https://kys.udiseplus.gov.in/#/schooldetail/4668289/12,4668289,19/12/2023 14:33,2480
******01993 Operational,,"APPLE SCHOOL, MANDAPETA",,,,Andhra Pradesh,1-Primary,38-Pvt.Unaided,1 To 5,3-Co-educational,2-Urban,Mandapeta,,Mandapeta Ward No.2,Mandapeta-Municipality,"SRI NAGAR 3RD STREET, BANK COLONY, MANDAPETA",533308,ganni139[at]gmail[dot]com,,,24/12/2025 11:11,2480
******01513 Operational,,APSWR (B) HSS VELAMPALEM,,,,Andhra Pradesh,3-Pr. with Up.Pr. Sec. and H.Sec.,24-APSWREI Society Schools,5 To 12,1-Boys,1-Rural,Ramachandrapuram,Velampalem,,,velampalem,533262,prldrkrm[at]gmail[dot]com,https://kys.udiseplus.gov.in/#/schooldetail/4667259/12,4667259,03/06/2022 16:51,2480
******00721 Operational,,APSWR BOYS HS NARENDRAPURAM,,,,Andhra Pradesh,3-Pr. with Up.Pr. Sec. and H.Sec.,24-APSWREI Society Schools,5 To 12,1-Boys,1-Rural,P.Gannavaram,Narendrapuram,,,"APSWR BOYS HS NARENDRAPURAM,P.GANNAVARAM MANDAL",533229,principal.gannavaram2[at]gmail[dot]com,https://kys.udiseplus.gov.in/#/schooldetail/4667998/12,4667998,30/09/2024 08:33,2480
******00755 Operational,,A.P.S.W.R. JR COLLEGE FOR GIRLS,,,,Andhra Pradesh,11-Higher Secondary only/Jr. College,24-APSWREI Society Schools,11 To 12,2-Girls,2-Urban,NA,,Mummidivaram Ward No.20,Mummidivaram-Town Panchayat,MUMMIDIVARAM,533216,prlegmummidivaram[at]gmail[dot]com,https://kys.udiseplus.gov.in/#/schooldetail/4718834/12,4718834,15/10/2020 12:18,2480
******00809 Operational,,APSWRS (B) GODI,,,,Andhra Pradesh,3-Pr. with Up.Pr. Sec. and H.Sec.,24-APSWREI Society Schools,5 To 12,1-Boys,1-Rural,Allavaram,Godi,,,GODI VILLAGE ALLAVARAM EAST GODAVARI DISTRICT 533217,533217,swrs.godiboys[at]gmail[dot]com,https://kys.udiseplus.gov.in/#/schooldetail/4668828/12,4668828,19/12/2025 10:49,2480
******00415 Operational,,APSWRS DORAGARITHOTA,,,,Andhra Pradesh,3-Pr. with Up.Pr. Sec. and H.Sec.,24-APSWREI Society Schools,5 To 12,2-Girls,1-Rural,Razole,Sivakodu,,,DORAGARITHOTA RAZOLU (VILL) RAZOLE (PT)(VILL) RAZOLE(MANDAL) EAST GODAVARI(DIST),533242,razole.principal[at]gmail[dot]com,https://kys.udiseplus.gov.in/#/schooldetail/4668999/12,4668999,11/05/2022 13:04,2480
******00807 Operational,,APSWRS (G) GODI,,,,Andhra Pradesh,3-Pr. with Up.Pr. Sec. and H.Sec.,24-APSWREI Society Schools,5 To 12,2-Girls,1-Rural,Allavaram,Godi,,,GODI GODI GODI(VILL) ALLAVARAM(MANDAL) EAST GODAVARI(DIST),533217,meo.allavaram1[at]gmail[dot]com,https://kys.udiseplus.gov.in/#/schooldetail/4668827/12,4668827,19/12/2025 10:49,2480
******00727 Operational,,APSWRS (G) MUMMIDIVARAM,,,,Andhra Pradesh,6-Pr. Up Pr. and Secondary Only,24-APSWREI Society Schools,5 To 10,2-Girls,2-Urban,NA,,Mummidivaram Ward No.20,Mummidivaram-Town Panchayat,MUMMIDIVARAM MUMMIDIVARAM (VILL) MUMMIDIVARAM(VILL) MUMMIDIVARAM(MANDAL) EAST GODAVARI(DIST),533216,prlegmummidivaram[at]gmail[dot]com,https://kys.udiseplus.gov.in/#/schooldetail/4668263/12,4668263,27/09/2024 12:09,2480
******01321 Operational,,ARSHA VIJNANA BHARATHI HS (EM) KOMARAGIRIPATNAM,,,,Andhra Pradesh,7-Upper Pr. and Secondary,38-Pvt.Unaided,6 To 10,3-Co-educational,1-Rural,Allavaram,Komaragiripatnam,,,KOMARAGIRIPATNAM(VILL) ALLAVARAM(MANDAL) EAST GODAVARI(DIST),533210,vbbvkkgp[at]gmail[dot]com,https://kys.udiseplus.gov.in/#/schooldetail/4668863/12,4668863,19/12/2025 11:01,2480
******01318 Operational,,ARSHA VIJNANA BHARATHI PS (EM) KOMARAGIRIPATNAM,,,,Andhra Pradesh,1-Primary,38-Pvt.Unaided,1 To 5,3-Co-educational,1-Rural,Allavaram,Komaragiripatnam,,,KOMARGIRIPATNAM ALLAVARAM MANDAL,533210,avbavskgp[at]gmail[dot]com,https://kys.udiseplus.gov.in/#/schooldetail/4668862/12,4668862,19/12/2025 10:59,2480
******00824 Operational,,ASHRAM (EM) SCHOOL,,,,Andhra Pradesh,2-Primary with Upper Primary,38-Pvt.Unaided,1 To 7,3-Co-educational,2-Urban,NA,,Mandapeta Ward No.4,Mandapeta-Municipality,ASHRAM (EM) SCHOOLMAIN ROAD MANDAPETA,533308,ashramskool[at]gmail[dot]com,https://kys.udiseplus.gov.in/#/schooldetail/4721257/12,4721257,31/12/2025 16:33,2480
******90111 Operational,,ASR MPL PS METLA COLONY,,,,Andhra Pradesh,1-Primary,34-MUNCIPAL,1 To 5,3-Co-educational,2-Urban,NA,,Amalapuram (M) - Ward No.1,Amalapuram-Municipality,METLA COLONY WARD NO 1 AMALAPURAM (VILL) AMALAPURAM(VILL) AMALAPURAM(MANDAL) EAST GODAVARI(DIST),533201,asrmplps[at]gmail[dot]com,https://kys.udiseplus.gov.in/#/schooldetail/4668703/12,4668703,20/12/2025 14:05,2480
******90350 Closed,Closed,AVB VIDYA NIKETAN EM UP SCHOOL,,,,Andhra Pradesh,2-Primary with Upper Primary,38-Pvt.Unaided,1 To 7,3-Co-educational,2-Urban,NA,,Amalapuram Ward No. 17,Amalapuram-Municipality,AVB VIDYA NIKETAN VADDI GUDEM AMALAPURAM,533201,avbupschool[at]gmail[dot]com,https://kys.udiseplus.gov.in/#/schooldetail/4668791/12,4668791,30/01/2023 17:22,2480
******00202 Operational,,AVSN JUNIOR COLLEGE,,,,Andhra Pradesh,11-Higher Secondary only/Jr. College,38-Pvt.Unaided,11 To 12,3-Co-educational,1-Rural,Uppalaguptam,Bheemanapalle,,,10-212/1 BATTUPALEM BHEEMANAPALLI UPPALAGUPTAM,533222,adapagopi678[at]gmail[dot]com,https://kys.udiseplus.gov.in/#/schooldetail/4718837/12,4718837,07/01/2026 08:40,2480
******90966 Closed,Closed,BABU UPS (EM) SEELAM VARI SAVARAM,,,,Andhra Pradesh,2-Primary with Upper Primary,38-Pvt.Unaided,1 To 7,3-Co-educational,2-Urban,NA,,Ramachandrapuram (M) - Ward No.6,Ramachandrapuram-Municipality,SEELAM VARI CHAVARAM RAMACHANDRAPURAM RAMACHANDRAPURAM(VILL) RAMACHANDRAPURAM(MANDAL) EAST GODAVARI(DIST),533255,pratapkumartatapudi[at]gmail[dot]com,https://kys.udiseplus.gov.in/#/schooldetail/4667349/12,4667349,05/02/2026 17:48,2480
******00412 Operational,,BALA MANIKANTA HS (EM) DWARAPUDI,,,,Andhra Pradesh,7-Upper Pr. and Secondary,38-Pvt.Unaided,6 To 10,3-Co-educational,1-Rural,Mandapeta,Dwarapudi,,,"D.No 5-87/1, VEMULAPALLI, DWARAPUDI(VILL) MANDAPETA(MANDAL) Dr.B.R.AMBEDKAR KONASEEMA(DIST)",533341,balamanikantadwp[at]gmail[dot]com,https://kys.udiseplus.gov.in/#/schooldetail/4666644/12,4666644,31/12/2025 16:30,2480
******01670 Operational,,"BALAMANIKANTA JUNIOR COLLEGE, MANDAPETA",,,,Andhra Pradesh,11-Higher Secondary only/Jr. College,38-Pvt.Unaided,11 To 12,3-Co-educational,1-Rural,Mandapeta,Dwarapudi,,,"5-87 1, VEMULAPALLI DWARAPUDI",533341,balamanikantadwp[at]gmail[dot]com,,,20/12/2025 15:54,2480
******00413 Operational,,BALA MANIKANTA PS (EM) DWARAPUDI,,,,Andhra Pradesh,1-Primary,38-Pvt.Unaided,1 To 5,3-Co-educational,1-Rural,Mandapeta,Dwarapudi,,,"5-87/1, VEMULAPALLI, DWARAPUDI(VILL) DWARAPUDI(VILL) MANDAPETA(MANDAL) EAST GODAVARI(DIST)",533341,balamanikantadwp[at]gmail[dot]com,https://kys.udiseplus.gov.in/#/schooldetail/4666645/12,4666645,31/12/2025 16:30,2480
******00710 Closed,Closed,BALA SUNDARAM EM UPS SRUNGAVARAPPADU,,,,Andhra Pradesh,2-Primary with Upper Primary,38-Pvt.Unaided,1 To 7,3-Co-educational,1-Rural,Sakhinetipalle,Kesavadasupalem,,,SRUNGAVARAPPADU SAKHINETIPALLI,533250,bscse2011[at]gmail[dot]com,https://kys.udiseplus.gov.in/#/schooldetail/4669251/12,4669251,14/08/2024 11:21,2480
******90926 Sanctioned but not Operational,,BAPU AIDED PS VADREVU VARI STREET,,,,Andhra Pradesh,1-Primary,35-Pvt.Aided,1 To 5,3-Co-educational,2-Urban,NA,,Ramachandrapuram (M) - Ward No.24,Ramachandrapuram-Municipality,23rd WARD RAMACHANDRAPURAM (VILL) RAMACHANDRAPURAM(VILL) RAMACHANDRAPURAM(MANDAL) EAST GODAVARI(DIST),533255,,https://kys.udiseplus.gov.in/#/schooldetail/4667328/12,4667328,11/05/2022 15:54,2480
******90213 Operational,,BAPUJI HS (EM) BANDARU LANKA,,,,Andhra Pradesh,6-Pr. Up Pr. and Secondary Only,38-Pvt.Unaided,1 To 10,3-Co-educational,1-Rural,Amalapuram,Bandarulanka,,,R R NAGAR BANDARULANKA,533255,Bapujischool2009[at]gmail[dot]com,https://kys.udiseplus.gov.in/#/schooldetail/4668759/12,4668759,23/12/2025 10:44,2480
******00613 Closed,Closed,BAPU UPS (EM) KATRENIKONA,,,,Andhra Pradesh,2-Primary with Upper Primary,38-Pvt.Unaided,1 To 7,3-Co-educational,1-Rural,Katrenikona,Katrenikona,,,KATRENIKONA KATRENIKONA (VILL) KATRENIKONA(VILL) KATRENIKONA(MANDAL) EAST GODAVARI(DIST),533212,,https://kys.udiseplus.gov.in/#/schooldetail/4668447/12,4668447,17/12/2023 18:31,2480
******00352 Operational,,BASHYAM HS (TMEM) KOTHAPETA,,,,Andhra Pradesh,6-Pr. Up Pr. and Secondary Only,38-Pvt.Unaided,1 To 10,3-Co-educational,1-Rural,Kothapeta,Kothapeta,,,Vadapalem Road Kothapeta,533223,meo.kothapeta[at]gmail[dot]com,https://kys.udiseplus.gov.in/#/schooldetail/4667871/12,4667871,15/06/2023 10:32,2480
******00115 Operational,,BASHYAM PS (EM) ALAMURU ROAD,,,,Andhra Pradesh,1-Primary,38-Pvt.Unaided,1 To 5,3-Co-educational,2-Urban,NA,,Mandapeta Ward No.22,Mandapeta-Municipality,ALAMURU ROAD MANDAPETA,533308,perumallu.m[at]bhashyam[dot]in,https://kys.udiseplus.gov.in/#/schooldetail/4666621/12,4666621,22/12/2025 11:38,2480
******90307 Operational,,BASHYAM PS (EM) KONKAPALLI,,,,Andhra Pradesh,1-Primary,38-Pvt.Unaided,1 To 5,3-Co-educational,2-Urban,NA,,Amalapuram Ward No. 20,Amalapuram-Municipality,19TH WARD AMALAPURAM AMALAPURAM AMALAPURAM EAST GODAVARI DIST,533201,,https://kys.udiseplus.gov.in/#/schooldetail/4668763/12,4668763,25/12/2025 21:28,2480
******00503 Operational,,BETHANY UPS (EM) UPPUDI,,,,Andhra Pradesh,6-Pr. Up Pr. and Secondary Only,38-Pvt.Unaided,1 To 10,3-Co-educational,1-Rural,Katrenikona,Uppudi,,,UPPUDI UPPUDI (VILL) UPPUDI(VILL) KATRENIKONA(MANDAL) KATRENIKONA(MANDAL),533212,bethanyschoolap[at]rediffmail[dot]com,https://kys.udiseplus.gov.in/#/schooldetail/4668440/12,4668440,14/06/2023 17:43,2480
******90916 Closed,Closed,BHANODAYA AIDED UPS RCPURAM,,,,Andhra Pradesh,2-Primary with Upper Primary,35-Pvt.Aided,1 To 7,3-Co-educational,2-Urban,NA,,Ramachandrapuram (M) - Ward No.24,Ramachandrapuram-Municipality,24th WARD RAMACHANDRAPURAM (VILL) RAMACHANDRAPURAM(VILL) RAMACHANDRAPURAM(MANDAL) EAST GODAVARI(DIST),533255,,https://kys.udiseplus.gov.in/#/schooldetail/4667318/12,4667318,15/10/2020 12:18,2480
******01623 Sanctioned but not Operational,,BHANODAYA EM PS DRAKSHARAMA,,,,Andhra Pradesh,1-Primary,38-Pvt.Unaided,1 To 5,3-Co-educational,1-Rural,Ramachandrapuram,Draksharama,,,DRAKSHARAMA,533262,meo.ramachandrapuram[at]gmail[dot]com,https://kys.udiseplus.gov.in/#/schooldetail/4667278/12,4667278,11/05/2022 19:59,2480
******01603 Closed,Closed,BHANODHAYA AIDED PS DRAKSHARAMA,,,,Andhra Pradesh,1-Primary,35-Pvt.Aided,1 To 5,3-Co-educational,1-Rural,Ramachandrapuram,Draksharama,,,DRAKSHARAMA DRAKSHARAMA (VILL) DRAKSHARAMA(VILL) RAMACHANDRAPURAM(MANDAL) EAST GODAVARI(DIST),533262,,https://kys.udiseplus.gov.in/#/schooldetail/4667262/12,4667262,15/10/2020 12:18,2480
******00206 Closed,Closed,BHANU PRAKASH PS (EM) V SAVARAM,,,,Andhra Pradesh,1-Primary,38-Pvt.Unaided,1 To 5,3-Co-educational,1-Rural,Rayavaram,Vedurupaka,,,V SAVARAM VEDURUPAKA (VILL) VEDURUPAKA(VILL) RAYAVARM(MANDAL) EAST GODAVARI(DIST),533345,,https://kys.udiseplus.gov.in/#/schooldetail/4667381/12,4667381,11/05/2022 13:00,2480
******00204 Closed,Closed,BHARATHI (EM) UPS PAMARRU,,,,Andhra Pradesh,2-Primary with Upper Primary,38-Pvt.Unaided,1 To 7,3-Co-educational,1-Rural,NA,NA,,,2-8 PAMARRU,533305,bharathiemschool474[at]gmail[dot]com,https://kys.udiseplus.gov.in/#/schooldetail/4667323/12,4667323,26/06/2021 22:16,2480
******01117 Permanently Closed,,BHARATHI HS (EM) MACHAVARAM,,,,Andhra Pradesh,7-Upper Pr. and Secondary,38-Pvt.Unaided,6 To 10,3-Co-educational,1-Rural,Ambajipeta,Machavaram,,,NA,533214,,https://kys.udiseplus.gov.in/#/schooldetail/4714963/12,4714963,15/10/2020 12:18,2480
******01111 Permanently Closed,,BHARATHI PS (EM) MACHAVARAM,,,,Andhra Pradesh,1-Primary,38-Pvt.Unaided,1 To 5,3-Co-educational,1-Rural,Ambajipeta,Machavaram,,,NA,533214,,https://kys.udiseplus.gov.in/#/schooldetail/4714962/12,4714962,15/10/2020 12:18,2480
******00715 Operational,,BHARATHI VIDYA NIKETAN UP,,,,Andhra Pradesh,2-Primary with Upper Primary,38-Pvt.Unaided,1 To 7,3-Co-educational,1-Rural,P.Gannavaram,Patha Gannavaram,,,PATHAGANNAVARAM PATHA GANNAVARAM (VILL) PATHA GANNAVARAM(VILL) P.GANNAVARAM(MANDAL) EAST GODAVARI(DIST),533240,bharatiemup[at]gmail[dot]com,https://kys.udiseplus.gov.in/#/schooldetail/4667988/12,4667988,21/04/2023 15:31,2480
******01994 Operational,,"BHASHYAM BLOOMS, AMALAPURAM",,,,Andhra Pradesh,6-Pr. Up Pr. and Secondary Only,38-Pvt.Unaided,1 To 10,3-Co-educational,1-Rural,Amalapuram,Bhatnavilli,,,BHATNAVILLI PANCHAYAT OFFICE,533222,,,,25/12/2025 21:33,2480
******00587 Closed,Closed,BHASHYAM (EM) HIGH SCHOOL,,,,Andhra Pradesh,7-Upper Pr. and Secondary,38-Pvt.Unaided,6 To 10,3-Co-educational,1-Rural,Ravulapalem,Ravulapalem,,,8-841 VEDURESWARAM ROAD RAVULAPALEM,533238,,https://kys.udiseplus.gov.in/#/schooldetail/4721029/12,4721029,28/01/2023 14:00,2480
******00597 Operational,,BHASHYAM EM HIGH SCHOOL,,,,Andhra Pradesh,7-Upper Pr. and Secondary,38-Pvt.Unaided,6 To 10,3-Co-educational,1-Rural,Ravulapalem,Ravulapalem,,,"MAIN ROAD, RAVULAPALEM MANDAL",533238,,https://kys.udiseplus.gov.in/#/schooldetail/4721035/12,4721035,11/04/2023 15:26,2480
******00421 Operational,,BHASHYAM EM HS MALIKIPURAM,,,,Andhra Pradesh,6-Pr. Up Pr. and Secondary Only,38-Pvt.Unaided,1 To 10,3-Co-educational,1-Rural,Malikipuram,Malikipuram,,,"MALIKIPURAM MANDAL, Dr. B. R. AMBEDKAR KONASEEMA DISTRICT - 533253",533250,,https://kys.udiseplus.gov.in/#/schooldetail/4669091/12,4669091,13/12/2023 10:03,2480
******00502 Operational,,BHASHYAM EM PRIMARY SCHOOL,,,,Andhra Pradesh,1-Primary,38-Pvt.Unaided,1 To 5,3-Co-educational,1-Rural,Ravulapalem,Ravulapalem,,,"MAIN ROAD, RAVULAPALEM MANDAL",533238,,https://kys.udiseplus.gov.in/#/schooldetail/4720921/12,4720921,21/04/2023 15:31,2480
******00757 Operational,,"BHASHYAM EM UPS, MUMMIDIVARAM",,,,Andhra Pradesh,6-Pr. Up Pr. and Secondary Only,38-Pvt.Unaided,1 To 10,3-Co-educational,2-Urban,NA,,Mummidivaram Ward No.11,Mummidivaram-Town Panchayat,Near Kondalammachintha mummidivaram Eastgodavari 533216,533216,principal.mummidivaram[at]bhashyam[dot]in,https://kys.udiseplus.gov.in/#/schooldetail/4667849/12,4667849,14/06/2023 17:52,2480
******90570 Operational,,BHASHYAM HS (EM) ALAMURU ROAD,,,,Andhra Pradesh,7-Upper Pr. and Secondary,38-Pvt.Unaided,6 To 10,3-Co-educational,2-Urban,NA,,Mandapeta Ward No.22,Mandapeta-Municipality,ALAMURUROAD MANDAPETA,533308,perumallu.m[at]bhashyam[dot]in,https://kys.udiseplus.gov.in/#/schooldetail/4666740/12,4666740,22/12/2025 10:58,2480
******90308 Operational,,BHASHYAM HS (EM) KONKAPALLI,,,,Andhra Pradesh,7-Upper Pr. and Secondary,38-Pvt.Unaided,6 To 10,3-Co-educational,2-Urban,NA,,Amalapuram Ward No. 20,Amalapuram-Municipality,19TH WARD AMALAPURAM AMALAPURAM AMALAPURAM EAST GODAVARI DIST,533201,srinivas.j[at]bhashyam[dot]in,https://kys.udiseplus.gov.in/#/schooldetail/4668764/12,4668764,25/12/2025 21:29,2480
******00229 Operational,,BHASHYAM HS EM RAYAVARAM,,,,Andhra Pradesh,6-Pr. Up Pr. and Secondary Only,38-Pvt.Unaided,1 To 10,3-Co-educational,1-Rural,Rayavaram,Vedurupaka,,,VEDURUPAKA RAYAVARAM EAST GODAVARI 533346,533346,srinivasagupta.p[at]bhashyam[dot]in,https://kys.udiseplus.gov.in/#/schooldetail/4667398/12,4667398,21/04/2023 15:31,2480
******00112 Operational,,BHASHYAM HS (EM) TATIPAKA,,,,Andhra Pradesh,6-Pr. Up Pr. and Secondary Only,38-Pvt.Unaided,1 To 10,3-Co-educational,1-Rural,Razole,Thatipaka,,,Tatipaka Cinema Road EGDT,533249,principal.TAT[at]bhashyam[dot]in,https://kys.udiseplus.gov.in/#/schooldetail/4668976/12,4668976,15/06/2023 10:18,2480
******90982 Operational,,BHASYAM HS (EM) RAMACHANDRAPURAM,,,,Andhra Pradesh,7-Upper Pr. and Secondary,38-Pvt.Unaided,6 To 10,3-Co-educational,2-Urban,NA,,Ramachandrapuram (M) - Ward No.22,Ramachandrapuram-Municipality,RAMACHANDRAPURAM RAMACHANDRAPURAM RAMACHANDRAPURAM(VILL) RAMACHANDRAPURAM(MANDAL) EAST GODAVARI(DIST),533255,,https://kys.udiseplus.gov.in/#/schooldetail/4667364/12,4667364,15/10/2020 12:18,2480
******90981 Operational,,BHASYAM PS (EM) RAMACHANDRAPURAM,,,,Andhra Pradesh,1-Primary,38-Pvt.Unaided,1 To 5,3-Co-educational,2-Urban,NA,,Ramachandrapuram (M) - Ward No.21,Ramachandrapuram-Municipality,RAMACHANDRAPURAM RAMACHANDRAPURAM RAMACHANDRAPURAM(VILL) RAMACHANDRAPURAM(MANDAL) EAST GODAVARI(DIST),533255,,https://kys.udiseplus.gov.in/#/schooldetail/4666946/12,4666946,21/04/2023 15:31,2480
******01326 Operational,,BHAVISHYA UPS (EM) PERURU,,,,Andhra Pradesh,2-Primary with Upper Primary,38-Pvt.Unaided,1 To 7,3-Co-educational,1-Rural,Amalapuram,Peruru,,,meraka veedhi peruru,533201,bhavishyaperuru2014[at]gmail[dot]com,https://kys.udiseplus.gov.in/#/schooldetail/4668681/12,4668681,23/12/2025 13:20,2480
******00205 Closed,Closed,BISHOP JOSEPH HS (EM) BANDARU LANKA,,,,Andhra Pradesh,7-Upper Pr. and Secondary,38-Pvt.Unaided,6 To 10,3-Co-educational,1-Rural,Amalapuram,Nadipudi,,,M R COLONY NADIPUDI NADIPUDI(VILL) AMALAPURAM(MANDAL) EAST GODAVARI(DIST),533201,bishopjpschool[at]gmail[dot]com,https://kys.udiseplus.gov.in/#/schooldetail/4668622/12,4668622,15/10/2020 12:18,2480
******00204 Closed,Closed,BISHOP JOSEPH PS (EM) BANDARU LANKA,,,,Andhra Pradesh,1-Primary,38-Pvt.Unaided,1 To 5,3-Co-educational,1-Rural,Amalapuram,Bandarulanka,,,M R COLONY NADIPUDI NADIPUDI(VILL) AMALAPURAM(MANDAL) EAST GODAVARI(DIST),533201,bishopjpschool[at]gmail[dot]com,https://kys.udiseplus.gov.in/#/schooldetail/4668621/12,4668621,15/10/2020 12:18,2480
******01124 Operational,,BLUE BELLS UPS (EM) KOTHURU,,,,Andhra Pradesh,2-Primary with Upper Primary,38-Pvt.Unaided,1 To 7,3-Co-educational,1-Rural,Alamuru,Alamuru,,,KOTHURU CENTRE ALAMURU ALAMURU(VILL) ALAMURU(MANDAL) EAST GODAVARI(DIST),533233,Bluebellschool.em.[at]gmail[dot]com,https://kys.udiseplus.gov.in/#/schooldetail/4667563/12,4667563,14/06/2023 22:20,2480
******00229 Operational,,BRIGHT STAR UP SCHOOL,,,,Andhra Pradesh,2-Primary with Upper Primary,38-Pvt.Unaided,1 To 8,3-Co-educational,1-Rural,Sakhinetipalle,Sakhinetipalle,,,"SAKHINETIPALLI,sakhinetipallimandal",533251,brightstaremschool[at]gmail[dot]com,https://kys.udiseplus.gov.in/#/schooldetail/4718846/12,4718846,23/09/2024 14:07,2480
******00330 Closed,Closed,BRIGHT WAY EM UP SCHOOL,,,,Andhra Pradesh,2-Primary with Upper Primary,38-Pvt.Unaided,1 To 8,3-Co-educational,2-Urban,NA,,Mandapeta Ward No.17,Mandapeta-Municipality,"MANDAPETA, MANDAPETA MANDAL",533308,sairambabu_vignan[at]yahoo[dot]com,https://kys.udiseplus.gov.in/#/schooldetail/4720744/12,4720744,18/12/2023 14:10,2480
******00721 Closed,Closed,BRILLIANT JUNIOR COLLEGE,,,,Andhra Pradesh,11-Higher Secondary only/Jr. College,38-Pvt.Unaided,11 To 12,3-Co-educational,1-Rural,Mamidikuduru,Nagaram,,,"APPANAPALLI, MAMIIKUDURU",533247,sringr.nagaram[at]gmail[dot]com,https://kys.udiseplus.gov.in/#/schooldetail/4715029/12,4715029,29/12/2023 09:49,2480
******00604 Permanently Closed,,BRILLIANT PS (EM) MACHAVARAM,,,,Andhra Pradesh,1-Primary,38-Pvt.Unaided,1 To 5,3-Co-educational,1-Rural,Rayavaram,Machavaram,,,NA,533261,,https://kys.udiseplus.gov.in/#/schooldetail/4714914/12,4714914,15/10/2020 12:18,2480
******00221 Operational,,BRILLIANT UPS (EM) VEDURUPAKA,,,,Andhra Pradesh,2-Primary with Upper Primary,38-Pvt.Unaided,1 To 7,3-Co-educational,1-Rural,Rayavaram,Vedurupaka,,,RAYAVARAM VEDURUPAKA VILLAGE VEDURUPAKA(VILL) RAYAVARAM(MANDAL) EAST GODAVARI(DIST),533345,www.brilliantemschool.123[at]gmail[dot]com,https://kys.udiseplus.gov.in/#/schooldetail/4667391/12,4667391,14/06/2023 17:59,2480
******90302 Permanently Closed,,BRITISH UPS (EM) AMALAPURAM,,,,Andhra Pradesh,2-Primary with Upper Primary,38-Pvt.Unaided,1 To 7,3-Co-educational,2-Urban,NA,,Amalapuram Ward No. 17,Amalapuram-Municipality,NA,533201,,https://kys.udiseplus.gov.in/#/schooldetail/4715013/12,4715013,15/10/2020 12:18,2480
******90923 Operational,,BSDAMB MPL PS YSR NAGAR,,,,Andhra Pradesh,1-Primary,34-MUNCIPAL,1 To 5,3-Co-educational,2-Urban,NA,,Ramachandrapuram (M) - Ward No.5,Ramachandrapuram-Municipality,RAMACHANDRAPURAM(Y S R NAGAR) RAMACHANDRAPURAM(VILL) RAMACHANDRAPURAM(VILL) RAMACHANDRAPURAM(MANDAL) EAST GODAVARI(DIST),533255,ambedkarmplps[at]gmail[dot]com,https://kys.udiseplus.gov.in/#/schooldetail/4666914/12,4666914,15/10/2020 12:18,2480
******01702 Operational,,"BVC AKSHAR EM SCHOOL, ALLAVARAM",,,,Andhra Pradesh,2-Primary with Upper Primary,38-Pvt.Unaided,1 To 7,3-Co-educational,1-Rural,Allavaram,Allavaram,,,"5-11 MAIN ROAD, KODURUPADU ALLAVARAM",533218,meo.allavaram1[at]gmail[dot]com,,,19/12/2025 10:59,2480
******00108 Operational,,B V S UP SCHOOL,,,,Andhra Pradesh,6-Pr. Up Pr. and Secondary Only,38-Pvt.Unaided,1 To 10,3-Co-educational,1-Rural,I. Polavaram,Pasuvullanka,,,B V S Primary and High SCHOOL PASUVULLANKA EAST GODAVARI 533220,533220,SRINIVASVANACHARLA09[at]GMAIL[dot]COM,https://kys.udiseplus.gov.in/#/schooldetail/4668325/12,4668325,14/12/2023 09:40,2480
******00909 Permanently Closed,,BV UPS (EM) MURAMALLA,,,,Andhra Pradesh,2-Primary with Upper Primary,38-Pvt.Unaided,1 To 7,3-Co-educational,1-Rural,I. Polavaram,Muramalla,,,NA,533220,,https://kys.udiseplus.gov.in/#/schooldetail/4714984/12,4714984,15/10/2020 12:18,2480
******90970 Closed,Closed,CAMP HS (EM) RAMACHANDRAPURAM,,,,Andhra Pradesh,7-Upper Pr. and Secondary,38-Pvt.Unaided,6 To 10,3-Co-educational,2-Urban,NA,,Ramachandrapuram (M) - Ward No.21,Ramachandrapuram-Municipality,Opp. TOWN HALL RAMACHANDRAPURAM RAMACHANDRAPURAM(VILL) RAMACHANDRAPURAM(MANDAL) EAST GODAVARI(DIST),533255,,https://kys.udiseplus.gov.in/#/schooldetail/4667356/12,4667356,31/01/2023 13:25,2480
******90933 Closed,Closed,CAMP PS (EM) RAMACHANDRAPURAM,,,,Andhra Pradesh,1-Primary,38-Pvt.Unaided,1 To 5,3-Co-educational,2-Urban,NA,,Ramachandrapuram (M) - Ward No.21,Ramachandrapuram-Municipality,RAMACHANDRAPURAM(27TH WARD) RAMACHANDRAPURAM RAMACHANDRAPURAM(VILL) RAMACHANDRAPURAM(MANDAL) EAST GODAVARI(DIST),533255,rcpmcamps[at]gmail[dot]com,https://kys.udiseplus.gov.in/#/schooldetail/4667333/12,4667333,31/01/2023 13:26,2480
******90212 Operational,,CHAITANYA DEEPIKA UPS (EM) BANDARLANKA,,,,Andhra Pradesh,2-Primary with Upper Primary,38-Pvt.Unaided,1 To 7,3-Co-educational,1-Rural,Amalapuram,Bandarulanka,,,MADA ST BANDARULANKA BANDARULANKA(VILL) AMALAPURAM(MANDAL) EAST GODAVARI(DIST),533221,chaitanyaup469[at]gmail[dot]com,https://kys.udiseplus.gov.in/#/schooldetail/4668758/12,4668758,25/12/2025 21:22,2480
******01616 Operational,,CHAITANYA HS (EM) DRAKSHARAMA,,,,Andhra Pradesh,7-Upper Pr. and Secondary,38-Pvt.Unaided,6 To 10,3-Co-educational,1-Rural,Ramachandrapuram,Draksharama,,,ANNAIPETA DRAKSHARAMA (VILL) DRAKSHARAMA(VILL) RAMACHANDRAPURAM(MANDAL) EAST GODAVARI(DIST),533262,chaitanyahighschool.533262[at]gmail[dot]com,https://kys.udiseplus.gov.in/#/schooldetail/4667272/12,4667272,15/10/2020 12:18,2480
******01609 Operational,,CHAITANYA PS (EM) DRAKSHARAMA,,,,Andhra Pradesh,1-Primary,38-Pvt.Unaided,1 To 5,3-Co-educational,1-Rural,Ramachandrapuram,Draksharama,,,DRAKSHARAMA DRAKSHARAMA (VILL) DRAKSHARAMA(VILL) RAMACHANDRAPURAM(MANDAL) EAST GODAVARI(DIST),533262,chaitanyahighschool.533262[at]gmail[dot]com,https://kys.udiseplus.gov.in/#/schooldetail/4667265/12,4667265,15/06/2023 10:46,2480
******00509 Permanently Closed,,CHAITANYA UPS (EM) SIVAKODU,,,,Andhra Pradesh,2-Primary with Upper Primary,38-Pvt.Unaided,1 To 7,3-Co-educational,1-Rural,Razole,Sivakodu,,,NA,533244,,https://kys.udiseplus.gov.in/#/schooldetail/4715035/12,4715035,15/10/2020 12:18,2480
******00716 Closed,Closed,CHARAN HS (EM) PGANNAVARAM,,,,Andhra Pradesh,6-Pr. Up Pr. and Secondary Only,38-Pvt.Unaided,1 To 10,3-Co-educational,1-Rural,P.Gannavaram,Patha Gannavaram,,,PATHAGANNAVARAM PATHA GANNAVARAM (VILL) PATHA GANNAVARAM(VILL) P.GANNAVARAM(MANDAL) EAST GODAVARI(DIST),533240,sricharanhighschool[at]gmail[dot]com,https://kys.udiseplus.gov.in/#/schooldetail/4667989/12,4667989,02/02/2023 17:14,2480
******00226 Operational,,CHARLES CENT LUTHERN PS (EM) SAKHINETIPALLI,,,,Andhra Pradesh,1-Primary,38-Pvt.Unaided,1 To 5,3-Co-educational,1-Rural,Sakhinetipalle,Sakhinetipalle,,,SAKINETIPALLI SAKINETIPALLE(VILL) SAKINETIPALLE(VILL) SAKHINETIPALLI(MANDAL) EAST GODAVARI(DIST),533251,gracejill03[at]gmail[dot]com,https://kys.udiseplus.gov.in/#/schooldetail/4669200/12,4669200,21/04/2023 15:31,2480
******90928 Sanctioned but not Operational,,CHILDRENS AIDED UPS BRADIPETA,,,,Andhra Pradesh,2-Primary with Upper Primary,35-Pvt.Aided,1 To 7,3-Co-educational,2-Urban,NA,,Ramachandrapuram (M) - Ward No.12,Ramachandrapuram-Municipality,13th WARD RAMACHANDRAPURAM (VILL) RAMACHANDRAPURAM(VILL) RAMACHANDRAPURAM(MANDAL) EAST GODAVARI(DIST),533255,,https://kys.udiseplus.gov.in/#/schooldetail/4667330/12,4667330,11/05/2022 17:06,2480
******00304 Operational,,CHILDRENS HS (EM) SOAMPALLI,,,,Andhra Pradesh,6-Pr. Up Pr. and Secondary Only,38-Pvt.Unaided,1 To 10,3-Co-educational,1-Rural,Razole,Sompalle,,,INDIRA COLONY SOMPALLI (VILL) SOMPALLI(VILL) RAZOLE(MANDAL) EAST GODAVARI(DIST),533242,nayuduchildrens[at]gmail[dot]com,https://kys.udiseplus.gov.in/#/schooldetail/4668988/12,4668988,15/06/2023 10:23,2480
******00514 Operational,,CHRIST THE KING HS (EM) MAMIDIKUDURU,,,,Andhra Pradesh,7-Upper Pr. and Secondary,38-Pvt.Unaided,6 To 10,3-Co-educational,1-Rural,Mamidikuduru,Mamidikuduru,,,MAMIDIKUDURU MAMIDIKUDURU (VILL) MAMIDIKUDURU(VILL) MAMIDIKUDURU(MANDAL) EAST GODAVARI(DIST),533247,ctkmdk[at]gmail[dot]com,https://kys.udiseplus.gov.in/#/schooldetail/4668916/12,4668916,18/07/2022 15:58,2480
******00508 Operational,,CHRIST THE KING PS (EM) MAMIDIKUDURU,,,,Andhra Pradesh,1-Primary,38-Pvt.Unaided,1 To 5,3-Co-educational,1-Rural,Mamidikuduru,Mamidikuduru,,,MAMIDIKUDURU MAMIDIKUDURU (VILL) MAMIDIKUDURU(VILL) MAMIDIKUDURU(MANDAL) EAST GODAVARI(DIST),533247,ctkmdk[at]gmail[dot]com,https://kys.udiseplus.gov.in/#/schooldetail/4668911/12,4668911,14/06/2023 17:47,2480
******01015 Operational,,CSM JUNIOR COLLEGE GOLLAVILLI,,,,Andhra Pradesh,11-Higher Secondary only/Jr. College,38-Pvt.Unaided,11 To 12,3-Co-educational,1-Rural,Uppalaguptam,Gollavilli,,,GOLLAVILLI GOLLAVILLI,533222,csmcollege03480[at]gmail[dot]com,https://kys.udiseplus.gov.in/#/schooldetail/4668578/12,4668578,07/01/2026 08:58,2480
******90170 Operational,,C V RAMAN HS (EM) AMALAPURAM,,,,Andhra Pradesh,7-Upper Pr. and Secondary,38-Pvt.Unaided,6 To 10,3-Co-educational,2-Urban,NA,,Amalapuram Ward No. 24,Amalapuram-Municipality,K AGRAHARAM AMALAPURAM(VILL) AMALAPURAM(VILL) AMALAPURAM(MANDAL) EAST GODAVARI(DIST),533201,sircvraman09[at]gmail[dot]com,https://kys.udiseplus.gov.in/#/schooldetail/4668736/12,4668736,25/12/2025 20:43,2480
******90137 Operational,,C V RAMAN PS (EM) (K) AGRAHARAM,,,,Andhra Pradesh,1-Primary,38-Pvt.Unaided,1 To 5,3-Co-educational,2-Urban,NA,,Amalapuram Ward No. 24,Amalapuram-Municipality,K AGRAHARAM AMALAPURAM(VILL) AMALAPURAM(VILL) AMALAPURAM(MANDAL) EAST GODAVARI(DIST),533201,sircvraman09[at]gmail[dot]com,https://kys.udiseplus.gov.in/#/schooldetail/4668266/12,4668266,25/12/2025 20:25,2480
******00904 Operational,,DAISY UPS (EM) IPPANAPADU,,,,Andhra Pradesh,2-Primary with Upper Primary,38-Pvt.Unaided,1 To 7,3-Co-educational,1-Rural,Mandapeta,Ippanapadu,,,IPPANAPADU IPPANAPADU (VILL) IPPANAPADU(VILL) MANDAPETA(MANDAL) EAST GODAVARI(DIST),533340,davidraju.daisy[at]gmail[dot]com,https://kys.udiseplus.gov.in/#/schooldetail/4666660/12,4666660,22/12/2025 11:41,2480
******00512 Operational,,DARUL ULOOM IKRAMIYA,,,,Andhra Pradesh,2-Primary with Upper Primary,98-Madarsa Unrecognized,1 To 7,1-Boys,1-Rural,Sakhinetipalle,Antarvedipalem,,,"ANTARVEDIPALEM , KOBBARITHOTA KALAVA GATTU.",533252,darululoomikramiya786[at]gmail[dot]com,https://kys.udiseplus.gov.in/#/schooldetail/4669222/12,4669222,26/09/2024 20:50,2480
******00507 Operational,,DAY SPRINGS UPS (EM) VISWESWARAYAPURAM,,,,Andhra Pradesh,2-Primary with Upper Primary,38-Pvt.Unaided,1 To 7,3-Co-educational,1-Rural,Malikipuram,Visweswarayapuram,,,VISWESWARAYAPURAM VISWESWARAYAPURAM (VILL) VISWESWARAYAPURAM(VILL) MALIKIPURAM(MANDAL) EAST GODAVARI(DIST),533254,eliahsandepudi[at]gmail[dot]com,https://kys.udiseplus.gov.in/#/schooldetail/4669098/12,4669098,11/03/2024 18:16,2480
******90139 Operational,,DBRA MPL PS MADDALAVARI PETA,,,,Andhra Pradesh,1-Primary,34-MUNCIPAL,1 To 5,3-Co-educational,2-Urban,NA,,Amalapuram Ward No. 14,Amalapuram-Municipality,MADDALAVARI PETA WARD NO14 AMALAPURAM (VILL) AMALAPURAM(VILL) AMALAPURAM(MANDAL) EAST GODAVARI(DIST),533201,adivishnu189[at]gmail[dot]com,https://kys.udiseplus.gov.in/#/schooldetail/4668268/12,4668268,20/12/2025 13:16,2480
******00136 Operational,,DEEKSHA EM SCHOOL MALIKIPURAM,,,,Andhra Pradesh,2-Primary with Upper Primary,38-Pvt.Unaided,1 To 7,3-Co-educational,1-Rural,Malikipuram,Malikipuram,,,"MAIN ROAD,MALIKIPURAM",533253,deekshamkp200[at]gmail[dot]com,https://kys.udiseplus.gov.in/#/schooldetail/4720535/12,4720535,23/12/2023 22:20,2480
******00512 Operational,,DEEPTHI HS (EM) MAMIDIKUDURU,,,,Andhra Pradesh,7-Upper Pr. and Secondary,38-Pvt.Unaided,6 To 10,3-Co-educational,1-Rural,Mamidikuduru,Mamidikuduru,,,MAMIDIKUDURU MAMIDIKUDURU (VILL) MAMIDIKUDURU(VILL) MAMIDIKUDURU(MANDAL) EAST GODAVARI(DIST),533247,deepthischoolmamidikuduru[at]gmail[dot]com,https://kys.udiseplus.gov.in/#/schooldetail/4668914/12,4668914,26/09/2024 14:16,2480
******00713 Operational,,DEEPTHI HS (EM) NAGARAM,,,,Andhra Pradesh,7-Upper Pr. and Secondary,38-Pvt.Unaided,6 To 10,3-Co-educational,1-Rural,Mamidikuduru,Nagaram,,,OPP. PETROL BUNK NAGARAM (VILL) NAGARAM(VILL) MAMIDIKUDURU(MANDAL) EAST GODAVARI(DIST),533247,deepthischoolnagaram[at]gmail[dot]com,https://kys.udiseplus.gov.in/#/schooldetail/4668925/12,4668925,18/07/2022 16:20,2480
******00507 Operational,,DEEPTHI PS (EM) MAMIDIKUDURU,,,,Andhra Pradesh,1-Primary,38-Pvt.Unaided,1 To 5,3-Co-educational,1-Rural,Mamidikuduru,Mamidikuduru,,,MAMIDIKUDURU MAMIDIKUDURU (VILL) MAMIDIKUDURU(VILL) MAMIDIKUDURU(MANDAL) EAST GODAVARI(DIST),533247,deepthischoolmamidikuduru[at]gmail[dot]com,https://kys.udiseplus.gov.in/#/schooldetail/4668910/12,4668910,26/09/2024 14:23,2480
******00714 Operational,,DEEPTHI PS (EM) NAGARAM,,,,Andhra Pradesh,1-Primary,38-Pvt.Unaided,1 To 5,3-Co-educational,1-Rural,Mamidikuduru,Nagaram,,,OPP. PETROL BUNK NAGARAM (VILL) NAGARAM(VILL) MAMIDIKUDURU(MANDAL) EAST GODAVARI(DIST),533247,deepthischoolnagaram[at]gmail[dot]com,https://kys.udiseplus.gov.in/#/schooldetail/4668926/12,4668926,21/04/2023 15:31,2480
******00918 Closed,Closed,DIVYA JYOTHI UPS (EM) VANAPALLI,,,,Andhra Pradesh,2-Primary with Upper Primary,38-Pvt.Unaided,1 To 7,3-Co-educational,1-Rural,Kothapeta,Vanapalle,,,VANAPALLI VANAPALLI (VILL) VANAPALLI(VILL) KOTHAPETA(MANDAL) EAST GODAVARI(DIST),533228,,https://kys.udiseplus.gov.in/#/schooldetail/4667927/12,4667927,15/10/2020 12:18,2480
******01206 Operational,,DIVYA TEJA HS (EM) SAKURRU,,,,Andhra Pradesh,6-Pr. Up Pr. and Secondary Only,38-Pvt.Unaided,1 To 10,3-Co-educational,1-Rural,Amalapuram,Sakuru,,,SAKURU SAKURU SAKURU(VILL) AMALAPURAM(MANDAL) EAST GODAVARI(DIST),533221,divyatejavidyanikethan[at]gmail[dot]com,https://kys.udiseplus.gov.in/#/schooldetail/4668205/12,4668205,23/12/2025 15:59,2480
******00217 Operational,,DON BOSCO HS (EM) RAVULAPALEM,,,,Andhra Pradesh,7-Upper Pr. and Secondary,38-Pvt.Unaided,6 To 10,3-Co-educational,1-Rural,Ravulapalem,Ravulapalem,,,INDIRA COLONY RAVULAPALEM (VILL) RAVULAPALEM(VILL) RAVULAPALEM(MANDAL) EAST GODAVARI(DIST),533238,ravulapalemdonbosco[at]gmail[dot]com,https://kys.udiseplus.gov.in/#/schooldetail/4667672/12,4667672,15/10/2020 12:18,2480
******00205 Operational,,DON BOSCO PS (EM) RAVULAPALEM,,,,Andhra Pradesh,1-Primary,38-Pvt.Unaided,1 To 5,3-Co-educational,1-Rural,Ravulapalem,Ravulapalem,,,INDIRA COLONY RAVULAPALEM (VILL) RAVULAPALEM(VILL) RAVULAPALEM(MANDAL) EAST GODAVARI(DIST),533238,ravulapalemdonbosco[at]gmail[dot]com,https://kys.udiseplus.gov.in/#/schooldetail/4667655/12,4667655,21/04/2023 15:31,2480
******00353 Operational,,DVR EM UPS PANASALADODDI KOTHAPETA,,,,Andhra Pradesh,2-Primary with Upper Primary,38-Pvt.Unaided,1 To 7,3-Co-educational,1-Rural,Kothapeta,Kothapeta,,,DVR UPS EM SCHOOL KOTHAPETA,533223,dvremschool999[at]gmail[dot]com,https://kys.udiseplus.gov.in/#/schooldetail/4667872/12,4667872,16/07/2024 12:05,2480
******01895 Operational,,EDUCARE EM SCHOOL MAMIDIKUDURU,,,,Andhra Pradesh,2-Primary with Upper Primary,38-Pvt.Unaided,1 To 8,3-Co-educational,1-Rural,Mamidikuduru,Geddada,,,"GEDDADA, MAMIDIKUDURU MANDAL, DR B R AMBEDKAR KONASEEMA DISTRICT",533249,educare.emschool[at]gmail[dot]com,,,20/12/2025 14:40,2480
******00717 Operational,,EDUCARE HS (EM) NAGARAM,,,,Andhra Pradesh,7-Upper Pr. and Secondary,38-Pvt.Unaided,6 To 10,3-Co-educational,1-Rural,Mamidikuduru,Nagaram,,,OPP. PETROL BUNK NAGARAM (VILL) NAGARAM (VILL) MAMIDIKUDURU(MANDAL) EAST GODAVARI(DIST),533247,educaretheschool[at]gmail[dot]com,https://kys.udiseplus.gov.in/#/schooldetail/4668928/12,4668928,18/07/2022 16:20,2480
******00521 Operational,,EDUCARE JUNIOR COLLEGE,,,,Andhra Pradesh,11-Higher Secondary only/Jr. College,38-Pvt.Unaided,11 To 12,3-Co-educational,1-Rural,Mamidikuduru,Nagaram,,,"D.NO.7-7/233/01 TATIPAKA VILLAGE, RAZOLE MANDAL",533242,educarethecollege[at]gmail[dot]com,https://kys.udiseplus.gov.in/#/schooldetail/4715024/12,4715024,10/12/2025 19:43,2480
******00712 Operational,,EDUCARE PS (EM) NAGARAM,,,,Andhra Pradesh,1-Primary,38-Pvt.Unaided,1 To 5,3-Co-educational,1-Rural,Mamidikuduru,Nagaram,,,OPP. PETROL BUNK NAGARAM (VILL) NAGARAM(VILL) MAMIDIKUDURU(MANDAL) EAST GODAVARI(DIST),533247,educaretheschool[at]gmail[dot]com,https://kys.udiseplus.gov.in/#/schooldetail/4668924/12,4668924,14/06/2023 17:47,2480
******90174 Permanently Closed,,ELIM VIDYA NIKETAN HS (EM) JANAKIPETA,,,,Andhra Pradesh,7-Upper Pr. and Secondary,38-Pvt.Unaided,6 To 10,3-Co-educational,2-Urban,NA,,Amalapuram Ward No. 18,Amalapuram-Municipality,NA,533201,,https://kys.udiseplus.gov.in/#/schooldetail/4715010/12,4715010,15/10/2020 12:18,2480
******90144 Permanently Closed,,ELIM VIDYANIKETHAN PS JANAKIPETA,,,,Andhra Pradesh,1-Primary,38-Pvt.Unaided,1 To 5,3-Co-educational,2-Urban,NA,,Amalapuram Ward No. 17,Amalapuram-Municipality,NA,533201,,https://kys.udiseplus.gov.in/#/schooldetail/4715006/12,4715006,15/10/2020 12:18,2480
******00307 Operational,,ESWAR VIDYALAYA JUNIOR FOR WOMEN,,,,Andhra Pradesh,11-Higher Secondary only/Jr. College,38-Pvt.Unaided,11 To 12,2-Girls,1-Rural,Alamuru,Chemudu Lanka,,,"MAIN ROAD ALAMURU, ALAMURU MANDAL",533232,vidyalayawomen[at]gmail[dot]com,https://kys.udiseplus.gov.in/#/schooldetail/4719923/12,4719923,15/06/2023 13:23,2480
******90160 Permanently Closed,,EVELYNS HS (EM) AMALAPURAM,,,,Andhra Pradesh,7-Upper Pr. and Secondary,38-Pvt.Unaided,6 To 10,3-Co-educational,2-Urban,NA,,Amalapuram (M) - Ward No.9,Amalapuram-Municipality,NA,533201,,https://kys.udiseplus.gov.in/#/schooldetail/4715007/12,4715007,15/10/2020 12:18,2480
******90126 Permanently Closed,,EVELYNS PS MAHIPALA STREET,,,,Andhra Pradesh,1-Primary,38-Pvt.Unaided,1 To 5,3-Co-educational,2-Urban,NA,,Amalapuram (M) - Ward No.9,Amalapuram-Municipality,NA,533201,,https://kys.udiseplus.gov.in/#/schooldetail/4715003/12,4715003,15/10/2020 12:18,2480
******01079 Operational,,"FOUNDATIONAL PLUS (EM )SCHOOL,CSR NAGAR",,,,Andhra Pradesh,1-Primary,33-MPP_ZPP SCHOOLS,1 To 5,3-Co-educational,1-Rural,Ravulapalem,Ravulapalem,,,CSR NAGAR MAIN ROAD RAVULAPALEM,533238,foundationplusschool[at]gmail[dot]com,https://kys.udiseplus.gov.in/#/schooldetail/4721517/12,4721517,06/06/2024 11:27,2480
******00612 Permanently Closed,,GANDHI UPS (EM) (G) MOOLAPOLM,,,,Andhra Pradesh,2-Primary with Upper Primary,38-Pvt.Unaided,1 To 7,3-Co-educational,1-Rural,I. Polavaram,G. Vemavaram,,,NA,533464,,https://kys.udiseplus.gov.in/#/schooldetail/4668363/12,4668363,15/10/2020 12:18,2480
******90569 Permanently Closed,,GATEWAY UPS (EM) TARVANI PETA,,,,Andhra Pradesh,2-Primary with Upper Primary,38-Pvt.Unaided,1 To 7,3-Co-educational,2-Urban,NA,,Mandapeta Ward No.3,Mandapeta-Municipality,NA,NA,,https://kys.udiseplus.gov.in/#/schooldetail/4714846/12,4714846,15/10/2020 12:18,2480
******01178 Operational,,GAUTHAM VIDYA NIKETHAN EM UP SCHOOL,,,,Andhra Pradesh,2-Primary with Upper Primary,38-Pvt.Unaided,1 To 7,3-Co-educational,1-Rural,Atreyapuram,Vaddiparru,,,"MARISETTIVARI PALEM, ATREYAPURAM MANDAL",533235,gauthamvidyanikethan[at]gmail[dot]com,https://kys.udiseplus.gov.in/#/schooldetail/4721613/12,4721613,10/09/2024 12:50,2480
******01121 Closed,Closed,GAYATRI UPS (EM) MACHAVARAM,,,,Andhra Pradesh,2-Primary with Upper Primary,38-Pvt.Unaided,1 To 7,3-Co-educational,1-Rural,Ambajipeta,Machavaram,,,AMBAJIPETA MACHAVARAM MACHAVARAM(U)(VILL) AMBAJIPETA(MANDAL) EAST GODAVARI(DIST)533214,533214,gayatripublicschool[at]gmail[dot]com,https://kys.udiseplus.gov.in/#/schooldetail/4668111/12,4668111,28/01/2023 19:41,2480
******00610 Permanently Closed,,GEETHAM PS (EM) KAMANAGARUVU,,,,Andhra Pradesh,1-Primary,38-Pvt.Unaided,1 To 5,3-Co-educational,1-Rural,Amalapuram,Kamanagaruvu,,,NA,533213,,https://kys.udiseplus.gov.in/#/schooldetail/4668645/12,4668645,15/10/2020 12:18,2480
******00221 Permanently Closed,,GEETHANJALI HS (EM) RAVULAPALEM,,,,Andhra Pradesh,7-Upper Pr. and Secondary,38-Pvt.Unaided,6 To 10,3-Co-educational,1-Rural,Ravulapalem,Ravulapalem,,,NA,533238,,https://kys.udiseplus.gov.in/#/schooldetail/4714931/12,4714931,15/10/2020 12:18,2480
******00220 Permanently Closed,,GEETHANJALI PS (EM) RAVULAPALEM,,,,Andhra Pradesh,1-Primary,38-Pvt.Unaided,1 To 5,3-Co-educational,1-Rural,Ravulapalem,Ravulapalem,,,NA,533238,,https://kys.udiseplus.gov.in/#/schooldetail/4714930/12,4714930,15/10/2020 12:18,2480
******01111 Operational,,GHS ALAMURU,,,,Andhra Pradesh,7-Upper Pr. and Secondary,10-State Govt.,6 To 10,3-Co-educational,1-Rural,Alamuru,Alamuru,,,KOTHURU ALAMURU ALAMURU(VILL) ALAMURU(MANDAL) EAST GODAVARI(DIST),533233,ghs.kothuru[at]gmail[dot]com,https://kys.udiseplus.gov.in/#/schooldetail/4667558/12,4667558,15/10/2020 12:18,2480
******00908 Operational,,GHS ANANTHAVARAM,,,,Andhra Pradesh,7-Upper Pr. and Secondary,10-State Govt.,6 To 10,3-Co-educational,1-Rural,Mummidivaram,Ananthavaram,,,GHS ANANTHAVARAM MAIN ROAD ANANTHAVARAM (VILL) MUMMIDIVARAM(MANDAL) EAST GODAVARI(DIST),533222,ghs.anathavaram123[at]gmail[dot]com,https://kys.udiseplus.gov.in/#/schooldetail/4668300/12,4668300,15/10/2020 12:18,2480
******90151 Operational,,GHS (G) AMALAPURAM,,,,Andhra Pradesh,7-Upper Pr. and Secondary,10-State Govt.,6 To 10,2-Girls,2-Urban,NA,,Amalapuram (M) - Ward No.2,Amalapuram-Municipality,TAMARA TANK AMALAPURAM (VILL) AMALAPURAM(VILL) AMALAPURAM(MANDAL) EAST GODAVARI(DIST),533201,gghs.amalapuram[at]gmail[dot]com,https://kys.udiseplus.gov.in/#/schooldetail/4668724/12,4668724,20/12/2025 14:07,2480
******00327 Operational,,GHS KOTHAPETA,,,,Andhra Pradesh,7-Upper Pr. and Secondary,10-State Govt.,6 To 10,3-Co-educational,1-Rural,Kothapeta,Kothapeta,,,KOTHA PETA KOTHAPETA (VILL) KOTHAPETA(VILL) KOTHAPETA(MANDAL) EAST GODAVARI(DIST),533223,ghskothapeta123[at]gmail[dot]com,https://kys.udiseplus.gov.in/#/schooldetail/4667852/12,4667852,21/06/2025 18:50,2480
******00817 Operational,,GHS PALLIPALEM,,,,Andhra Pradesh,7-Upper Pr. and Secondary,10-State Govt.,6 To 10,3-Co-educational,1-Rural,Sakhinetipalle,Antarvedi,,,PALLIPALEM ANTARVEDI (VILL) ANTARVEDI(VILL) SAKHINETIPALLI(MANDAL) EAST GODAVARI(DIST),533252,ghs.pallipalem[at]gmail[dot]com,https://kys.udiseplus.gov.in/#/schooldetail/4669268/12,4669268,21/06/2025 11:47,2480
******90166 Operational,,GITAVIDYALAYA HS (EM) AMALAPURAM,,,,Andhra Pradesh,7-Upper Pr. and Secondary,38-Pvt.Unaided,6 To 10,3-Co-educational,2-Urban,NA,,Amalapuram (M) - Ward No.8,Amalapuram-Municipality,AMALAPURAM(GARAPATI STREET) AMALAPURAM (VILL) AMALAPURAM(VILL) AMALAPURAM(MANDAL) EAST GODAVARI(DIST),533201,gitavidyalaya[at]gmail[dot]com,https://kys.udiseplus.gov.in/#/schooldetail/4668734/12,4668734,25/12/2025 20:39,2480
******90131 Operational,,GITA VIDYALAYA PS (EM) AMALAPURAM,,,,Andhra Pradesh,1-Primary,38-Pvt.Unaided,1 To 5,3-Co-educational,2-Urban,NA,,Amalapuram (M) - Ward No.7,Amalapuram-Municipality,AMALAPURAM(GARAPATI STREET) AMALAPURAM (VILL) AMALAPURAM(VILL) AMALAPURAM(MANDAL) EAST GODAVARI(DIST),533201,gitavidyalaya[at]gmail[dot]com,https://kys.udiseplus.gov.in/#/schooldetail/4668718/12,4668718,25/12/2025 20:20,2480
******00612 Closed,Closed,"GLOBAL EDGE HIGH SCHOOL, KAMANAGARUVU",,,,Andhra Pradesh,7-Upper Pr. and Secondary,38-Pvt.Unaided,6 To 10,3-Co-educational,1-Rural,Amalapuram,Kamanagaruvu,,,KAMANAGARUVU AMALAPURAM KAMANAGARUVU(VILL) AMALAPURAM(MANDAL) EAST GODAVARI(DIST),533213,manuvihaar.nandyala[at]gmail[dot]com,https://kys.udiseplus.gov.in/#/schooldetail/4668646/12,4668646,24/12/2023 18:17,2480
******90542 Operational,,GMCB MPL PS AMBEDKAR STATUE,,,,Andhra Pradesh,1-Primary,34-MUNCIPAL,1 To 2,3-Co-educational,2-Urban,NA,,Mandapeta Ward No.11,Mandapeta-Municipality,11TH WARD MANDAPETA MANDAPETA(VILL) MANDAPETA(MANDAL) EAST GODAVARI(DIST),533308,vraji6841[at]gmail[dot]com,https://kys.udiseplus.gov.in/#/schooldetail/4666720/12,4666720,31/12/2025 16:35,2480
******01001 Operational,,GOVERNMENT JUNIOR COLLEGE,,,,Andhra Pradesh,11-Higher Secondary only/Jr. College,10-State Govt.,11 To 12,3-Co-educational,1-Rural,Malikipuram,Kesanapalle,,,"KESANAPALLI,MALIKIPURAM MANDAL",533244,gjckesanapalli[at]gmail[dot]com,https://kys.udiseplus.gov.in/#/schooldetail/4715043/12,4715043,22/07/2022 13:21,2480
******00210 Operational,,GOVT JR COLLEGE PAMARRU,,,,Andhra Pradesh,11-Higher Secondary only/Jr. College,10-State Govt.,11 To 12,3-Co-educational,1-Rural,NA,NA,,,1-106 main Road PAMARRU,533305,gjcpmr[at]gmail[dot]com,https://kys.udiseplus.gov.in/#/schooldetail/4718830/12,4718830,23/06/2022 14:22,2480
******90562 Closed,Closed,GOWRI SANKAR VIDYALAYAM PS (EM) NEAR TOWN HALL,,,,Andhra Pradesh,1-Primary,38-Pvt.Unaided,1 To 5,3-Co-educational,2-Urban,NA,,Mandapeta Ward No.23,Mandapeta-Municipality,MANDAPETA MANDAPETA MANDAPETA MANDAPETA(MANDAL) EAST GODAVARI(DIST),533308,manmurthygowrishankar[at]gmail[dot]com,https://kys.udiseplus.gov.in/#/schooldetail/4666733/12,4666733,20/08/2025 09:53,2480
******00915 Operational,,GOWTHAM HS (EM) GUDAPALLE,,,,Andhra Pradesh,7-Upper Pr. and Secondary,38-Pvt.Unaided,6 To 10,3-Co-educational,1-Rural,Malikipuram,Gudapalle,,,Malikipuram,533253,gowthampublicschool[at]gmail[dot]com,https://kys.udiseplus.gov.in/#/schooldetail/4669136/12,4669136,15/10/2020 12:18,2480
******00111 Operational,,GOWTHAM HS (EM) TATIPAKA,,,,Andhra Pradesh,6-Pr. Up Pr. and Secondary Only,38-Pvt.Unaided,1 To 10,3-Co-educational,1-Rural,Razole,Thatipaka,,,TATIPAKA TATIPAKA (VILL) TATIPAKA(VILL) RAZOLE(MANDAL) EAST GODAVARI(DIST),533249,principal.tpk[at]gowtham[dot]org,https://kys.udiseplus.gov.in/#/schooldetail/4668975/12,4668975,21/04/2023 15:31,2480
******00806 Operational,,GOWTHAMI UPS (EM) EDARAPALLI,,,,Andhra Pradesh,2-Primary with Upper Primary,38-Pvt.Unaided,1 To 7,3-Co-educational,1-Rural,Amalapuram,Edarapalle,,,EDARAPALLI EDARAPALLE EDARAPALLE(VILL) AMALAPURAM(MANDAL) EAST GODAVARI(DIST),533201,meo.amalapuram1[at]gmail[dot]com,https://kys.udiseplus.gov.in/#/schooldetail/4668654/12,4668654,26/12/2025 19:33,2480
******01409 Operational,,GOWTHAMI UPS (EM) VILASA,,,,Andhra Pradesh,2-Primary with Upper Primary,38-Pvt.Unaided,1 To 7,3-Co-educational,1-Rural,Ainavilli,Vilasa,,,VILASA AINAVILLI MANDAL,533577,gowthamiupschool[at]gmail[dot]com,https://kys.udiseplus.gov.in/#/schooldetail/4668198/12,4668198,21/04/2023 15:31,2480
******00909 Operational,,GOWTHAM PS (EM) GUDAPALLE,,,,Andhra Pradesh,1-Primary,38-Pvt.Unaided,1 To 5,3-Co-educational,1-Rural,Malikipuram,Gudapalle,,,GUBBALAPALEM GUDAPALLE (VILL) GUDAPALLE(VILL) MALIKIPURAM(MANDAL) EAST GODAVARI(DIST),533244,gowthampublicschool[at]gmail[dot]com,https://kys.udiseplus.gov.in/#/schooldetail/4669132/12,4669132,21/04/2023 15:31,2480
******00711 Operational,,GRACE JUNIOR COLLEGE,,,,Andhra Pradesh,11-Higher Secondary only/Jr. College,38-Pvt.Unaided,11 To 12,3-Co-educational,1-Rural,P.Gannavaram,Patha Gannavaram,,,MAIN ROAD P GANNAVARAM,533240,,https://kys.udiseplus.gov.in/#/schooldetail/4719925/12,4719925,06/06/2024 11:34,2480
******90146 Operational,,GRM C V RAMAN PS (EM),,,,Andhra Pradesh,1-Primary,38-Pvt.Unaided,1 To 5,3-Co-educational,2-Urban,NA,,Amalapuram Ward No. 18,Amalapuram-Municipality,BUTCHAMMA AGRAHARAM AMALAPURAM(VILL) AMALAPURAM(VILL) AMALAPURAM(MANDAL) EAST GODAVARI(DIST),533201,grmsircvramanemschool[at]gmail[dot]com,https://kys.udiseplus.gov.in/#/schooldetail/4668271/12,4668271,23/12/2025 13:22,2480
******90191 Operational,,GRM SIR CVR HS (EM) (B) AGRAHARAM,,,,Andhra Pradesh,7-Upper Pr. and Secondary,38-Pvt.Unaided,6 To 10,3-Co-educational,2-Urban,NA,,Amalapuram Ward No. 18,Amalapuram-Municipality,BHUPAYYA AGRAHARAM AMALAPURAM (M) AMALAPURAM(VILL) AMALAPURAM(MANDAL) EAST GODAVARI(DIST),533201,grmsircvramanemschool[at]gmail[dot]com,https://kys.udiseplus.gov.in/#/schooldetail/4668294/12,4668294,23/12/2025 13:23,2480
******01406 Closed,Closed,GSR VIDYANIKETAN SCHOOL,,,,Andhra Pradesh,1-Primary,61-Unrecognised Schools,1 To 5,3-Co-educational,1-Rural,Mamidikuduru,Adurru,,,NEAR BOUDHASTUPA ADURRU,533247,suneend1[at]gmail[dot]com,https://kys.udiseplus.gov.in/#/schooldetail/4668959/12,4668959,11/05/2022 07:45,2480
******90993 Operational,,GURUDEV UPS (EM) RAMACHANDRAPURAM,,,,Andhra Pradesh,2-Primary with Upper Primary,38-Pvt.Unaided,1 To 7,3-Co-educational,2-Urban,NA,,Ramachandrapuram (M) - Ward No.4,Ramachandrapuram-Municipality,2-4 RAMACHANDRAPURAM,533255,gurudev929[at]gmail[dot]com,https://kys.udiseplus.gov.in/#/schooldetail/4667371/12,4667371,21/04/2023 15:31,2480
******90942 Operational,,GVKBM (E.M) HS MUTCHIMILLI ROAD,,,,Andhra Pradesh,7-Upper Pr. and Secondary,38-Pvt.Unaided,6 To 10,3-Co-educational,2-Urban,NA,,Ramachandrapuram (M) - Ward No.15,Ramachandrapuram-Municipality,15th WARD RAMACHANDRAPURAM (VILL) RAMACHANDRAPURAM(VILL) RAMACHANDRAPURAM(MANDAL) EAST GODAVARI(DIST),533255,nsrao7299[at]gmail[dot]com,https://kys.udiseplus.gov.in/#/schooldetail/4667342/12,4667342,15/10/2020 12:18,2480
******90918 Operational,,GVKBM (E.M) PS MUTCHIMILLI ROAD,,,,Andhra Pradesh,1-Primary,38-Pvt.Unaided,1 To 5,3-Co-educational,2-Urban,NA,,Ramachandrapuram (M) - Ward No.15,Ramachandrapuram-Municipality,14th WARD RAMACHANDRAPURAM (VILL) RAMACHANDRAPURAM(VILL) RAMACHANDRAPURAM(MANDAL) EAST GODAVARI(DIST),533255,nsrao7299[at]gmail[dot]com,https://kys.udiseplus.gov.in/#/schooldetail/4667319/12,4667319,26/09/2024 12:32,2480
******00910 Closed,Closed,HARIJANA AIDED PS BODDAMILLIPADU,,,,Andhra Pradesh,1-Primary,35-Pvt.Aided,1 To 5,3-Co-educational,1-Rural,Kothapeta,Vanapalle,,,BODDAMILLIPADU VANAPALLI (VILL) VANAPALLI(VILL) KOTHAPETA(MANDAL) EAST GODAVARI(DIST),533241,aidedboddamillipadu[at]gmail[dot]com,https://kys.udiseplus.gov.in/#/schooldetail/4667917/12,4667917,11/05/2022 05:50,2480
******00708 Permanently Closed,,HEAVENS HS (EM) NAGARAM,,,,Andhra Pradesh,7-Upper Pr. and Secondary,38-Pvt.Unaided,6 To 10,3-Co-educational,1-Rural,Mamidikuduru,Nagaram,,,NA,533247,,https://kys.udiseplus.gov.in/#/schooldetail/4715025/12,4715025,15/10/2020 12:18,2480
******00706 Closed,Closed,HEAVENS PS (EM) NAGARAM,,,,Andhra Pradesh,1-Primary,38-Pvt.Unaided,1 To 5,3-Co-educational,1-Rural,Mamidikuduru,Nagaram,,,NAGARAM NAGARAM (VILL) NAGARAM(VILL) MAMIDIKUDURU(MANDAL) EAST GODAVARI(DIST),533247,nagaram[at]srichaitanyaschool[dot]net,https://kys.udiseplus.gov.in/#/schooldetail/4668922/12,4668922,24/12/2023 18:17,2480
******01473 Operational,,HELLO KIDS RABBITS EM UP SCHOOL,,,,Andhra Pradesh,2-Primary with Upper Primary,38-Pvt.Unaided,1 To 7,3-Co-educational,2-Urban,NA,,Mandapeta Ward No.2,Mandapeta-Municipality,"NEAR RAJA RATNA THEATRE, MANDAPETA MANDAL",533308,meomandaptea[at]gmail[dot]com,https://kys.udiseplus.gov.in/#/schooldetail/4721936/12,4721936,24/12/2025 11:12,2480
******00613 Permanently Closed,,IDEAL UPS (EM) (G) VEMAVARAM,,,,Andhra Pradesh,2-Primary with Upper Primary,38-Pvt.Unaided,1 To 7,3-Co-educational,1-Rural,I. Polavaram,G. Vemavaram,,,NA,533464,,https://kys.udiseplus.gov.in/#/schooldetail/4714983/12,4714983,15/10/2020 12:18,2480
******00758 Operational,,I MIND EM SCHOOL,,,,Andhra Pradesh,2-Primary with Upper Primary,38-Pvt.Unaided,1 To 7,3-Co-educational,2-Urban,NA,,Mummidivaram Ward No.5,Mummidivaram-Town Panchayat,"GOLLALA VEEDHI , MUMMIDIVARAM MANDAL",533216,imindsmmd[at]gmail[dot]com,https://kys.udiseplus.gov.in/#/schooldetail/4719926/12,4719926,21/04/2023 15:31,2480
******90130 Operational,,I MINDS EM HS AMALAPURAM,,,,Andhra Pradesh,6-Pr. Up Pr. and Secondary Only,38-Pvt.Unaided,1 To 10,3-Co-educational,2-Urban,NA,,Amalapuram Ward No. 29,Amalapuram-Municipality,victory opp black bridge amalapuram,533201,finance.imts02[at]gmail[dot]com,https://kys.udiseplus.gov.in/#/schooldetail/4668717/12,4668717,25/12/2025 20:16,2480
******00911 Operational,,IMINDS UPS (EM) ANATHAVARAM,,,,Andhra Pradesh,2-Primary with Upper Primary,38-Pvt.Unaided,1 To 7,3-Co-educational,1-Rural,Mummidivaram,Ananthavaram,,,ANATHAVARAM MUMMIDIVARAM MANDAL EAST GODAVARI DISTRICT 533222,533222,iminds.anathavaram[at]gmail[dot]com,https://kys.udiseplus.gov.in/#/schooldetail/4668302/12,4668302,21/04/2023 15:31,2480
******90347 Permanently Closed,,INDIAN SCHOOL,,,,Andhra Pradesh,2-Primary with Upper Primary,38-Pvt.Unaided,1 To 8,3-Co-educational,2-Urban,NA,,Amalapuram Ward No. 13,Amalapuram-Municipality,NA,533201,,https://kys.udiseplus.gov.in/#/schooldetail/4715014/12,4715014,15/10/2020 12:18,2480
******00414 Permanently Closed,,INDIAN UPS (EM) MANDAPETA,,,,Andhra Pradesh,2-Primary with Upper Primary,61-Unrecognised Schools,1 To 7,3-Co-educational,1-Rural,Mandapeta,Dwarapudi,,,NA,533341,,https://kys.udiseplus.gov.in/#/schooldetail/4714838/12,4714838,15/10/2020 12:18,2480
******00604 Operational,,INTERNATIONAL DELHI PUBLIC SCHOOL,,,,Andhra Pradesh,3-Pr. with Up.Pr. Sec. and H.Sec.,39-Pvt.Unaided (CBSE Syllabus),1 To 12,3-Co-educational,1-Rural,Amalapuram,Kamanagaruvu,,,Nandyala Rama Rao Garden Nr Red Bridge Challapalli Road Amalapuram,533201,info[at]dpsamalapuram[dot]com,https://kys.udiseplus.gov.in/#/schooldetail/4668639/12,4668639,26/12/2025 14:59,2480
******01207 Closed,Closed,"IRA EM UPPER PRIMARY SCHOOL, SAKURRU",,,,Andhra Pradesh,2-Primary with Upper Primary,38-Pvt.Unaided,1 To 7,3-Co-educational,1-Rural,Amalapuram,Peruru,,,sivalayam street,533221,iraschoolamp[at]gmail[dot]com,https://kys.udiseplus.gov.in/#/schooldetail/4668206/12,4668206,03/09/2025 15:53,2480
******01699 Operational,,"IRA SCHOOL (EM), AMALAPURAM",,,,Andhra Pradesh,6-Pr. Up Pr. and Secondary Only,38-Pvt.Unaided,1 To 10,3-Co-educational,1-Rural,Amalapuram,Peruru,,,"PERURU, Y JUNCTION, PERURU AMALAPURAM",533218,meo.amalapuram1[at]gmail[dot]com,,,23/12/2025 13:27,2480
******00707 Closed,Closed,JABILI VIDYA NIKETAN UPS (EM) VELAGATHODU,,,,Andhra Pradesh,2-Primary with Upper Primary,38-Pvt.Unaided,1 To 7,3-Co-educational,1-Rural,Mandapeta,Velagathodu,,,VELAGATHODU,533340,vijayeebhava67[at]gmail[dot]com,https://kys.udiseplus.gov.in/#/schooldetail/4666653/12,4666653,11/05/2022 12:56,2480
******00903 Operational,,JAISANKARA UPS PENIKERU,,,,Andhra Pradesh,2-Primary with Upper Primary,38-Pvt.Unaided,1 To 7,3-Co-educational,1-Rural,Alamuru,Penikeru,,,PENIKERU PENIKERU PENIKERU(VILL) ALAMURU(MANDAL) EAST GODAVARI(DIST),533232,-jaisankarschool123[at]gmail[dot]com,https://kys.udiseplus.gov.in/#/schooldetail/4667547/12,4667547,14/06/2023 22:18,2480
******00429 Permanently Closed,,JAMIA KHADIJATUL KUBRA LILBANAT MADARSA,,,,Andhra Pradesh,2-Primary with Upper Primary,98-Madarsa Unrecognized,1 To 8,2-Girls,1-Rural,Razole,Razole,,,NA,533242,,https://kys.udiseplus.gov.in/#/schooldetail/4669003/12,4669003,15/10/2020 12:18,2480
******90577 Operational,,JANAKI (VOC) JR COLLEGE,,,,Andhra Pradesh,11-Higher Secondary only/Jr. College,38-Pvt.Unaided,11 To 12,3-Co-educational,2-Urban,NA,,Mandapeta Ward No.22,Mandapeta-Municipality,janaki vocational junior college near ttd kalyanamandapam mandapeta-533308,533308,,https://kys.udiseplus.gov.in/#/schooldetail/4666746/12,4666746,17/02/2026 11:16,2480
******00599 Closed,Closed,JASPER JUNIOR COLLEGE,,,,Andhra Pradesh,11-Higher Secondary only/Jr. College,38-Pvt.Unaided,11 To 12,3-Co-educational,1-Rural,Sakhinetipalle,Kesavadasupalem,,,"SRUNGAVARAPPADU, SAKHINETIPALLI",533250,bscse2011[at]gmail[dot]com,https://kys.udiseplus.gov.in/#/schooldetail/4721037/12,4721037,09/02/2024 10:50,2480
******00699 Operational,,JESUS WINGS UPPER PRIMARY SCHOOL,,,,Andhra Pradesh,2-Primary with Upper Primary,38-Pvt.Unaided,1 To 7,3-Co-educational,1-Rural,Kapileswarapuram,Machara,,,"PAMARRU, K GANGAVARAM MANDAL",533305,jesuswingsupschool[at]gmail[dot]com,https://kys.udiseplus.gov.in/#/schooldetail/4721131/12,4721131,20/12/2025 16:29,2480
******90995 Operational,,JMJ EM SCHOOL RAMACHANDRAPURAM,,,,Andhra Pradesh,6-Pr. Up Pr. and Secondary Only,38-Pvt.Unaided,1 To 10,3-Co-educational,2-Urban,NA,,Ramachandrapuram (M) - Ward No.5,Ramachandrapuram-Municipality,Opp RTC Complex Kakinada Road,533255,meo.ramachandrapuram[at]gmail[dot]com,https://kys.udiseplus.gov.in/#/schooldetail/4667373/12,4667373,16/07/2025 17:02,2480
******00507 Operational,,JOSEPH UPS (EM) GANTI,,,,Andhra Pradesh,2-Primary with Upper Primary,38-Pvt.Unaided,1 To 7,3-Co-educational,1-Rural,Kothapeta,Ganti,,,GANTI GANTI VILL GANTI(VILL) KOTHAPETA(MANDAL) EAST GODAVARI(DIST),533274,josephmemorialconventschool[at]gmail[dot]com,https://kys.udiseplus.gov.in/#/schooldetail/4667884/12,4667884,16/07/2024 12:06,2480
******00337 Operational,,KANTHI BHARATHI HS (EM) KOTHAPETA,,,,Andhra Pradesh,7-Upper Pr. and Secondary,38-Pvt.Unaided,6 To 10,3-Co-educational,1-Rural,Kothapeta,Kothapeta,,,KOUSIKA ROAD KOTHAPETA VILL KOTHAPETA(VILL) KOTHAPETA(MANDAL) EAST GODAVARI(DIST),533223,kbjc.03343[at]gmail[dot]com,https://kys.udiseplus.gov.in/#/schooldetail/4667858/12,4667858,16/07/2024 11:53,2480
******00328 Permanently Closed,,KANTHI BHARATHI HS (TM) KOTHAPETA,,,,Andhra Pradesh,7-Upper Pr. and Secondary,38-Pvt.Unaided,6 To 10,3-Co-educational,1-Rural,Kothapeta,Kothapeta,,,NA,533223,,https://kys.udiseplus.gov.in/#/schooldetail/4714949/12,4714949,15/10/2020 12:18,2480
******00338 Operational,,KANTHI BHARATHI PS (EM) KOTHAPETA,,,,Andhra Pradesh,1-Primary,38-Pvt.Unaided,1 To 5,3-Co-educational,1-Rural,Kothapeta,Kothapeta,,,KOUSIKA ROAD KOTHAPETA VILL KOTHAPETA(VILL) KOTHAPETA(MANDAL) EAST GODAVARI(DIST),533223,kbjc.03343[at]gmail[dot]com,https://kys.udiseplus.gov.in/#/schooldetail/4667859/12,4667859,16/07/2024 11:54,2480
******00319 Permanently Closed,,KANTHI BHARATI TM PS KOTHAPETA,,,,Andhra Pradesh,1-Primary,38-Pvt.Unaided,1 To 5,3-Co-educational,1-Rural,Kothapeta,Kothapeta,,,NA,533223,,https://kys.udiseplus.gov.in/#/schooldetail/4714948/12,4714948,15/10/2020 12:18,2480
******00653 Closed,Closed,KERALA VIGNAN UPPER PRIMARY SCHOOL,,,,Andhra Pradesh,2-Primary with Upper Primary,38-Pvt.Unaided,1 To 7,3-Co-educational,1-Rural,Ramachandrapuram,Hasanbada,,,"HASANBADA, RAMACHANDRAPURAM PURAM",533262,,https://kys.udiseplus.gov.in/#/schooldetail/4721022/12,4721022,20/08/2025 15:40,2480
******01615 Closed,Closed,KERALA VIGNAN UPS (EM) VELAMPALEM,,,,Andhra Pradesh,2-Primary with Upper Primary,38-Pvt.Unaided,1 To 7,3-Co-educational,1-Rural,Ramachandrapuram,Draksharama,,,AGAVARI STREET DRAKSHARAMA DRAKSHARAMA(VILL) DRAKSHARAMA(VILL) RAMACHANDRAPURAM(MANDAL) EAST GODAVARI(DIST),533262,,https://kys.udiseplus.gov.in/#/schooldetail/4667271/12,4667271,11/05/2022 14:26,2480
******90172 Operational,,KINGS VOC JUNIOR COLLEGE,,,,Andhra Pradesh,11-Higher Secondary only/Jr. College,38-Pvt.Unaided,11 To 12,3-Co-educational,2-Urban,NA,,Amalapuram Ward No. 18,Amalapuram-Municipality,"AMALAPURAM, AMALAPURAM MANDAL",533201,meo.amalapuram1[at]gmail[dot]com,https://kys.udiseplus.gov.in/#/schooldetail/4718841/12,4718841,18/12/2025 17:14,2480
******00416 Operational,,KONASEEMA UPS (EM) TATIPAKA,,,,Andhra Pradesh,2-Primary with Upper Primary,38-Pvt.Unaided,1 To 7,3-Co-educational,1-Rural,Razole,Thatipaka,,,KUMMARA STREET TATIPAKA(VILL) RAZOLE (PT)(VILL) RAZOLE(MANDAL) EAST GODAVARI(DIST),533249,konaseema8371[at]gmail[dot]com,https://kys.udiseplus.gov.in/#/schooldetail/4669000/12,4669000,21/04/2023 15:31,2480
******01011 Operational,,KONASEEMA VIDYASHRAM HS (EM) TOTHARAMUDI,,,,Andhra Pradesh,7-Upper Pr. and Secondary,38-Pvt.Unaided,6 To 10,3-Co-educational,1-Rural,Ainavilli,Totharamudi,,,TOTHARAMUDI TOTHARAMUDI (VILL) TOTHARAMUDI(VILL) AINAVILLI(MANDAL) EAST GODAVARI(DIST),533211,aksharach[at]yahoo[dot]co[dot]in,https://kys.udiseplus.gov.in/#/schooldetail/4668171/12,4668171,19/07/2022 12:01,2480
******01008 Operational,,KONASEEMA VIDYASHRAM PS (EM) TOTHARAMUDI,,,,Andhra Pradesh,1-Primary,38-Pvt.Unaided,1 To 5,3-Co-educational,1-Rural,Ainavilli,Totharamudi,,,TOTHARAMUDI TOTHARAMUDI TOTHARAMUDI(VILL) AINAVILLI(MANDAL) EAST GODAVARI(DIST),533211,aksharach[at]yahoo[dot]co[dot]in,https://kys.udiseplus.gov.in/#/schooldetail/4668170/12,4668170,14/06/2023 22:02,2480
******00808 Closed,Closed,KRISHNA VENI HIGH SCHOOL,,,,Andhra Pradesh,6-Pr. Up Pr. and Secondary Only,38-Pvt.Unaided,1 To 10,3-Co-educational,1-Rural,Amalapuram,Edarapalle,,,A G Road Eedarapalli Amalapuram,533201,,https://kys.udiseplus.gov.in/#/schooldetail/4668656/12,4668656,11/05/2022 18:39,2480
******00809 Operational,,KRR UPS (EM) PODAGATLAPALLI,,,,Andhra Pradesh,2-Primary with Upper Primary,38-Pvt.Unaided,1 To 7,3-Co-educational,1-Rural,Ravulapalem,Podagatlapalle,,,PODAGATLAPALLI PODAGATLAPALLI (VILL) PODAGATLAPALLI(VILL) RAVULAPALEM(MANDAL) EAST GODAVARI(DIST),533236,krrprimaryschool[at]gmail[dot]com,https://kys.udiseplus.gov.in/#/schooldetail/4667734/12,4667734,16/06/2023 15:21,2480
******90118 Operational,,KV MPL PS VYAPARI STREET,,,,Andhra Pradesh,1-Primary,34-MUNCIPAL,1 To 5,3-Co-educational,2-Urban,NA,,Amalapuram Ward No. 28,Amalapuram-Municipality,savaram) W 28 AMALAPURAM (VILL) AMALAPURAM(VILL) AMALAPURAM(MANDAL) EAST GODAVARI(DIST),533201,,https://kys.udiseplus.gov.in/#/schooldetail/4668710/12,4668710,20/12/2025 14:12,2480
******00111 Permanently Closed,,KVM UPS (EM) UBALANKA,,,,Andhra Pradesh,2-Primary with Upper Primary,38-Pvt.Unaided,1 To 7,3-Co-educational,1-Rural,Ravulapalem,Ubalanka,,,NA,533237,,https://kys.udiseplus.gov.in/#/schooldetail/4714928/12,4714928,15/10/2020 12:18,2480
******00256 Closed,Closed,KVR HS (EM) RAVULAPALEM,,,,Andhra Pradesh,6-Pr. Up Pr. and Secondary Only,38-Pvt.Unaided,1 To 10,3-Co-educational,1-Rural,Ravulapalem,Ravulapalem,,,ADILAKSHMI NAGAR RAVULAPALEM,533238,kvremhighschool[at]gnail[dot]com,https://kys.udiseplus.gov.in/#/schooldetail/4667695/12,4667695,24/01/2023 21:00,2480
******01126 Operational,,LAKSHMI BHARATHI (EM) PS MACHAVARAM,,,,Andhra Pradesh,1-Primary,38-Pvt.Unaided,1 To 5,3-Co-educational,1-Rural,Ambajipeta,Machavaram,,,AMBAJIPETA MACHAVARAM MACHAVARAM(U)(VILL) AMBAJIPETA(MANDAL) EAST GODAVARI(DIST),533214,lakshmibharati.reddy[at]gmail[dot]com,https://kys.udiseplus.gov.in/#/schooldetail/4668113/12,4668113,23/12/2025 17:19,2480
******01127 Operational,,LAKSHMI BHARATHI HS (EM) MACHAVARAM,,,,Andhra Pradesh,7-Upper Pr. and Secondary,38-Pvt.Unaided,6 To 10,3-Co-educational,1-Rural,Ambajipeta,Machavaram,,,AMBAJIPETA MACHAVARAM(U)(VILL) AMBAJIPETA(MANDAL) EAST GODAVARI(DIST)533214,533214,lakshmibharati.reddy[at]gmail[dot]com,https://kys.udiseplus.gov.in/#/schooldetail/4668114/12,4668114,23/12/2025 17:19,2480
******01501 Operational,,LAKSHMI PADMAJA UP SCHOOL,,,,Andhra Pradesh,2-Primary with Upper Primary,38-Pvt.Unaided,1 To 7,3-Co-educational,1-Rural,Ainavilli,K. Jagannadhapuram,,,K JAGANNADHAPURAM AINAVILLI,533577,lakshmipadmajaconvent[at]gmail[dot]com,https://kys.udiseplus.gov.in/#/schooldetail/4668199/12,4668199,21/04/2023 15:31,2480
******90171 Operational,,LAYOLA PS (EM) MAHIPALA STREET,,,,Andhra Pradesh,1-Primary,38-Pvt.Unaided,1 To 5,3-Co-educational,2-Urban,NA,,Amalapuram (M) - Ward No.10,Amalapuram-Municipality,MAHIPALA STREET AMALAPURAM(VILL) AMALAPURAM(VILL) AMALAPURAM(MANDAL) EAST GODAVARI(DIST),533201,loyolaemschoolamp[at]gmail[dot]com,https://kys.udiseplus.gov.in/#/schooldetail/4668737/12,4668737,26/12/2025 11:23,2480
******01124 Permanently Closed,,LIFE SCHOOL,,,,Andhra Pradesh,2-Primary with Upper Primary,38-Pvt.Unaided,1 To 7,3-Co-educational,1-Rural,Malikipuram,Sankaraguptham,,,NA,533254,,https://kys.udiseplus.gov.in/#/schooldetail/4669170/12,4669170,15/10/2020 12:18,2480
******00714 Operational,,LITTLE ANGELS HS (EM) PGANNAVARAM,,,,Andhra Pradesh,7-Upper Pr. and Secondary,38-Pvt.Unaided,6 To 10,3-Co-educational,1-Rural,P.Gannavaram,Patha Gannavaram,,,PATHAGANNAVARAM PATHA GANNAVARAM (VILL) PATHA GANNAVARAM(VILL) P.GANNAVARAM(MANDAL) EAST GODAVARI(DIST),533240,littleangels834[at]gmail[dot]com,https://kys.udiseplus.gov.in/#/schooldetail/4667987/12,4667987,18/07/2022 15:08,2480
******00710 Operational,,LITTLE ANGELS PS (EM) PGANNAVARAM,,,,Andhra Pradesh,1-Primary,38-Pvt.Unaided,1 To 5,3-Co-educational,1-Rural,P.Gannavaram,Patha Gannavaram,,,PATHAGANNAVARAM PATHA GANNAVARAM (VILL) PATHA GANNAVARAM(VILL) P.GANNAVARAM(MANDAL) EAST GODAVARI(DIST),533240,littleangels834[at]gmail[dot]com,https://kys.udiseplus.gov.in/#/schooldetail/4667986/12,4667986,21/04/2023 15:31,2480
******01011 Operational,,LITTLE BIRDS EM UPS VELLA,,,,Andhra Pradesh,2-Primary with Upper Primary,38-Pvt.Unaided,1 To 7,3-Co-educational,1-Rural,Ramachandrapuram,Vella,,,arundathipeta vella ramachandrapuram mandal,533255,meo.ramachandrapuram[at]gmail[dot]com,https://kys.udiseplus.gov.in/#/schooldetail/4667243/12,4667243,21/04/2023 15:31,2480
******00307 Closed,Closed,LITTLE BUDS UPS (EM) KOMARAJULANKA,,,,Andhra Pradesh,2-Primary with Upper Primary,38-Pvt.Unaided,1 To 7,3-Co-educational,1-Rural,Ravulapalem,Komaraju Lanka,,,KOMARAJULANKA KOMARAJU LANKA (VILL) KOMARAJU LANKA(VILL) RAVULAPALEM(MANDAL) EAST GODAVARI(DIST),533238,null[at]gmail[dot]com,https://kys.udiseplus.gov.in/#/schooldetail/4667700/12,4667700,11/05/2022 13:03,2480
******00218 Operational,,LITTLE FLOWER HS (EM) RAVULAPALEM,,,,Andhra Pradesh,7-Upper Pr. and Secondary,38-Pvt.Unaided,6 To 10,3-Co-educational,1-Rural,Ravulapalem,Ravulapalem,,,RAVULAPALEM RAVULAPALEM (VILL) RAVULAPALEM(VILL) RAVULAPALEM(MANDAL) EAST GODAVARI(DIST),533238,manusuryashammy[at]gmail[dot]com,https://kys.udiseplus.gov.in/#/schooldetail/4667673/12,4667673,15/10/2020 12:18,2480
******00108 Operational,,LITTLE FLOWER PS (EM) PEDAPATNAM LANKA,,,,Andhra Pradesh,1-Primary,38-Pvt.Unaided,1 To 5,3-Co-educational,1-Rural,Mamidikuduru,Pedapatnam Lanka,,,PEDAPATNAM LANKA PEDAPATNAM LANKA (VILL) PEDAPATNAM LANKA(VILL) MAMIDIKUDURU(MANDAL) EAST GODAVARI(DIST),533247,,https://kys.udiseplus.gov.in/#/schooldetail/4668889/12,4668889,21/04/2023 15:31,2480
******00107 Operational,,LITTLEFLOWER PS (EM) PERAVARAM,,,,Andhra Pradesh,1-Primary,38-Pvt.Unaided,1 To 5,3-Co-educational,1-Rural,Atreyapuram,Peravaram,,,PERAVARAM PERAVARAM PERAVARAM(VILL) ATREYAPURAM(MANDAL) EAST GODAVARI(DIST),533235,jj918426[at]gmail[dot]com,https://kys.udiseplus.gov.in/#/schooldetail/4667584/12,4667584,20/02/2024 22:28,2480
******00208 Operational,,LITTLE FLOWER PS (EM) RAVULAPALEM,,,,Andhra Pradesh,1-Primary,38-Pvt.Unaided,1 To 5,3-Co-educational,1-Rural,Ravulapalem,Ravulapalem,,,RAVULAPALEM RAVULAPALEM (VILL) RAVULAPALEM(VILL) RAVULAPALEM(MANDAL) EAST GODAVARI(DIST),533238,manusuryashammy[at]gmail[dot]com,https://kys.udiseplus.gov.in/#/schooldetail/4667665/12,4667665,16/06/2023 15:21,2480
******01612 Operational,,LITTLE ROSE HS (EM) DRAKSHARAMA,,,,Andhra Pradesh,7-Upper Pr. and Secondary,38-Pvt.Unaided,6 To 10,3-Co-educational,1-Rural,Ramachandrapuram,Draksharama,,,VENKATAYAPALEM RAMACHANDRAPURAM(MANDAL) EAST GODAVARI(DIST),533262,littlerosehs[at]gmail[dot]com,https://kys.udiseplus.gov.in/#/schooldetail/4667268/12,4667268,25/09/2024 15:09,2480
******01604 Operational,,LITTLE ROSE PS (EM) DRAKSHARAMA,,,,Andhra Pradesh,1-Primary,38-Pvt.Unaided,1 To 5,3-Co-educational,1-Rural,Ramachandrapuram,Draksharama,,,VENKATAYAPALEM) RAMACHANDRAPURAM(MANDAL) EAST GODAVARI(DIST),533262,-lroseemschool[at]gmail[dot]com,https://kys.udiseplus.gov.in/#/schooldetail/4667263/12,4667263,25/09/2024 14:30,2480
******90575 Operational,,LOTUS UPS EM MANDAPETA,,,,Andhra Pradesh,2-Primary with Upper Primary,38-Pvt.Unaided,1 To 7,3-Co-educational,2-Urban,NA,,Mandapeta Ward No.27,Mandapeta-Municipality,LOTUS UPS EM MANDAPETA,533440,PRASADARAJU[at]gmail[dot]com,https://kys.udiseplus.gov.in/#/schooldetail/4666744/12,4666744,31/12/2025 16:32,2480
******00221 Operational,,LUTHERAN AIDED HS SAKHINETIPALLI,,,,Andhra Pradesh,7-Upper Pr. and Secondary,35-Pvt.Aided,6 To 10,3-Co-educational,1-Rural,Sakhinetipalle,Sakhinetipalle,,,SAKINETIPALLE SAKINETIPALLE (VILL) SAKINETIPALLE(VILL) SAKHINETIPALLI(MANDAL) EAST GODAVARI(DIST),533251,lhs.skp[at]gmail[dot]com,https://kys.udiseplus.gov.in/#/schooldetail/4669193/12,4669193,15/10/2020 12:18,2480
******00217 Operational,,MADHU VARMA EM UPS,,,,Andhra Pradesh,2-Primary with Upper Primary,38-Pvt.Unaided,1 To 7,3-Co-educational,1-Rural,Sakhinetipalle,Sakhinetipalle,,,MRO OFFICE SAKHINETIPALLI,533251,madhuvarmaschool[at]gmal[dot]com,https://kys.udiseplus.gov.in/#/schooldetail/4669189/12,4669189,14/06/2023 20:18,2480
******90164 Permanently Closed,,MAHARSHI HS (EM) (B) AGRAHARAM,,,,Andhra Pradesh,7-Upper Pr. and Secondary,38-Pvt.Unaided,6 To 10,3-Co-educational,2-Urban,NA,,Amalapuram Ward No. 17,Amalapuram-Municipality,NA,533201,,https://kys.udiseplus.gov.in/#/schooldetail/4668732/12,4668732,15/10/2020 12:18,2480
******90132 Permanently Closed,,MAHARSHI PS (EM) (B) AGRAHARAM,,,,Andhra Pradesh,1-Primary,38-Pvt.Unaided,1 To 5,3-Co-educational,2-Urban,NA,,Amalapuram Ward No. 17,Amalapuram-Municipality,NA,533201,,https://kys.udiseplus.gov.in/#/schooldetail/4668719/12,4668719,15/10/2020 12:18,2480
******00811 Operational,,MAHARSHI VIDYA NIKETAN HS (EM) ATREYAPURAM,,,,Andhra Pradesh,7-Upper Pr. and Secondary,38-Pvt.Unaided,6 To 10,3-Co-educational,1-Rural,Atreyapuram,Atreyapuram,,,ATREYAPURAM ATREYAPURAM ATREYAPURAM(VILL) ATREYAPURAM(MANDAL) EAST GODAVARI(DIST),533235,maharshischool.atreyapuram[at]gmail[dot]com,https://kys.udiseplus.gov.in/#/schooldetail/4667610/12,4667610,18/07/2022 13:28,2480
******00807 Operational,,MAHARSHI VIDYA NIKETAN PS (EM) ATREYAPURAM,,,,Andhra Pradesh,1-Primary,38-Pvt.Unaided,1 To 5,3-Co-educational,1-Rural,Atreyapuram,Atreyapuram,,,ATREYAPURAM ATREYAPURAM ATREYAPURAM(VILL) ATREYAPURAM(MANDAL) EAST GODAVARI(DIST),533235,maharshischool.atreyapuram[at]gmail[dot]com,https://kys.udiseplus.gov.in/#/schooldetail/4667609/12,4667609,16/06/2023 15:21,2480
******90104 Operational,,MAK MPL PS (URDU) GOLLAGUDEM,,,,Andhra Pradesh,1-Primary,34-MUNCIPAL,1 To 5,3-Co-educational,2-Urban,NA,,Amalapuram Ward No. 13,Amalapuram-Municipality,MUSLIM STREET (SURYANAGAR)W13 AMALAPURAM (VILL) AMALAPURAM(VILL) AMALAPURAM(MANDAL) EAST GODAVARI(DIST),533201,,https://kys.udiseplus.gov.in/#/schooldetail/4668697/12,4668697,20/12/2025 14:15,2480
******00616 Operational,,MANASA EM UPS MORI,,,,Andhra Pradesh,2-Primary with Upper Primary,38-Pvt.Unaided,1 To 7,3-Co-educational,1-Rural,Sakhinetipalle,Mori,,,MORI SAKHINETIPALLI EAST GODAVARI 533250,533250,,https://kys.udiseplus.gov.in/#/schooldetail/4669243/12,4669243,21/04/2023 15:31,2480
******01247 Operational,,"MANAVATHA VIDYALAYA, RAYAVARAM",,,,Andhra Pradesh,2-Primary with Upper Primary,38-Pvt.Unaided,1 To 7,3-Co-educational,1-Rural,Rayavaram,Lolla,,,"LOLLA, RAYAVARAM MANDAL",533346,manavatavidyalaylolla[at]gmail[dot]com,https://kys.udiseplus.gov.in/#/schooldetail/4721698/12,4721698,25/09/2024 11:01,2480
******01204 Operational,,MANDAPETA HS (EM) MAREDUBAKA,,,,Andhra Pradesh,7-Upper Pr. and Secondary,38-Pvt.Unaided,6 To 10,3-Co-educational,1-Rural,Mandapeta,Maredubaka (Part),,,NEAR GOVT DEGREE COLLEGE,533308,mandapetapublicschool[at]gmail[dot]com,https://kys.udiseplus.gov.in/#/schooldetail/4666682/12,4666682,22/12/2025 11:39,2480
******01203 Operational,,MANDAPETA PS (EM) MAREDUBAKA,,,,Andhra Pradesh,1-Primary,38-Pvt.Unaided,1 To 5,3-Co-educational,1-Rural,Mandapeta,Maredubaka (Part),,,MAREDUBAKA MAREDUBAKA (VILL) MAREDUBAKA(VILL) MANDAPETA(MANDAL) EAST GODAVARI(DIST),533308,mandapetapublicschool[at]gmail[dot]com,https://kys.udiseplus.gov.in/#/schooldetail/4666681/12,4666681,31/12/2025 16:44,2480
******01803 Closed,Closed,MANIKYA VIDYA MANDIR PS (EM) HASANBADA,,,,Andhra Pradesh,1-Primary,38-Pvt.Unaided,1 To 5,3-Co-educational,1-Rural,Ramachandrapuram,Hasanbada,,,HASANBADA HASANBADA(VILL) HASANBADA(VILL) RAMACHANDRAPURAM(MANDAL) EAST GODAVARI(DIST),533262,sabeenareji2012[at]gmail[dot]com,https://kys.udiseplus.gov.in/#/schooldetail/4666879/12,4666879,28/01/2023 19:41,2480
******01019 Operational,,MANORAMA UPS (EM) KESANAKURRUPALEM,,,,Andhra Pradesh,2-Primary with Upper Primary,38-Pvt.Unaided,1 To 7,3-Co-educational,1-Rural,I. Polavaram,Kesanakurru,,,KESSANAKURRUPALEM KESANAKURRU KESANAKURRU(VILL) I.POLAVARAM(MANDAL) EAST GODAVARI(DIST),533220,regiamar77[at]gmil[dot]com,https://kys.udiseplus.gov.in/#/schooldetail/4668417/12,4668417,30/09/2024 10:33,2480
******00613 Closed,Closed,MARGADARSI EM UPS,,,,Andhra Pradesh,2-Primary with Upper Primary,38-Pvt.Unaided,1 To 7,3-Co-educational,1-Rural,Rayavaram,Machavaram,,,MACHAVARAM rayavaram mandalam,533261,ajrakumarthy[at]gmail[dot]com,https://kys.udiseplus.gov.in/#/schooldetail/4667423/12,4667423,18/09/2025 16:08,2480
******00808 Operational,,MARGADARSI EM UP SCHOOL,,,,Andhra Pradesh,2-Primary with Upper Primary,38-Pvt.Unaided,1 To 7,3-Co-educational,1-Rural,Uppalaguptam,Nimmakayala Kothapalle,,,NIMMAKAYALAKOTHAPALLI NIMMAKAYALA KOTHAPALLI (VILL) NIMMAKAYALA KOTHAPALLI(VILL) UPPALAGUPTAM(MANDAL) EAST GODAVARI(DIST),533222,,https://kys.udiseplus.gov.in/#/schooldetail/4668553/12,4668553,07/01/2026 08:51,2480
******00731 Operational,,MARIA MONTESSORI HS (EM) MUMMIDIVARAM,,,,Andhra Pradesh,7-Upper Pr. and Secondary,38-Pvt.Unaided,6 To 10,3-Co-educational,2-Urban,NA,,Mummidivaram Ward No.11,Mummidivaram-Town Panchayat,MUMMIDIVARAM MUMMIDIVARAM (VILL) MUMMIDIVARAM(VILL) MUMMIDIVARAM(MANDAL) EAST GODAVARI(DIST),533216,mmps647[at]gmail[dot]com,https://kys.udiseplus.gov.in/#/schooldetail/4668265/12,4668265,15/10/2020 12:18,2480
******00740 Operational,,MARIA MONTESSORI PS (EM) MUMMIDIVARAM,,,,Andhra Pradesh,1-Primary,38-Pvt.Unaided,1 To 5,3-Co-educational,2-Urban,NA,,Mummidivaram Ward No.11,Mummidivaram-Town Panchayat,MUMMIDIVARAM MUMMIDIVARAM (VILL) MUMMIDIVARAM(VILL) MUMMIDIVARAM(MANDAL) EAST GODAVARI(DIST),533216,mmps647[at]gmail[dot]com,https://kys.udiseplus.gov.in/#/schooldetail/4668278/12,4668278,14/06/2023 17:51,2480
******00110 Operational,,MARIA MONTISSORI HS (EM) TATIPAKA,,,,Andhra Pradesh,6-Pr. Up Pr. and Secondary Only,38-Pvt.Unaided,1 To 10,3-Co-educational,1-Rural,Razole,Thatipaka,,,CANAL ROAD TATIPAKA TATIPAKA (VILL) TATIPAKA(VILL) RAZOLE(MANDAL) EAST GODAVARI(DIST),533249,mariamontessoritatipaka[at]gmail[dot]com,https://kys.udiseplus.gov.in/#/schooldetail/4668533/12,4668533,15/06/2023 10:18,2480
******00428 Permanently Closed,,MASTER MINDS PS (EM) RAZOLE,,,,Andhra Pradesh,1-Primary,38-Pvt.Unaided,1 To 5,3-Co-educational,1-Rural,Razole,Razole,,,NA,533242,,https://kys.udiseplus.gov.in/#/schooldetail/4715034/12,4715034,15/10/2020 12:18,2480
******90121 Operational,,MCH PS AMALAPURAM,,,,Andhra Pradesh,1-Primary,38-Pvt.Unaided,1 To 5,3-Co-educational,2-Urban,NA,,Amalapuram Ward No. 29,Amalapuram-Municipality,VIDYA NAGAR(NEAR BLACK BRIDGE) AMALAPURAM (VILL) AMALAPURAM(VILL) AMALAPURAM(MANDAL) EAST GODAVARI(DIST),533201,prasad.palivela[at]paramjyotischools[dot]in,https://kys.udiseplus.gov.in/#/schooldetail/4668712/12,4668712,23/12/2025 16:25,2480
******90973 Operational,,MEDHA HS (EM) RAMACHANDRAPURAM,,,,Andhra Pradesh,6-Pr. Up Pr. and Secondary Only,38-Pvt.Unaided,1 To 10,3-Co-educational,2-Urban,NA,,Ramachandrapuram (M) - Ward No.10,Ramachandrapuram-Municipality,RAMACHANDRAPURAM RAMACHANDRAPURAM RAMACHANDRAPURAM(VILL) RAMACHANDRAPURAM(MANDAL) EAST GODAVARI(DIST),533255,medhaemschool[at]gmail[dot]com,https://kys.udiseplus.gov.in/#/schooldetail/4667358/12,4667358,21/04/2023 15:31,2480
******00716 Closed,Closed,MEDHA UPS (EM) NAGARAM,,,,Andhra Pradesh,2-Primary with Upper Primary,38-Pvt.Unaided,1 To 7,3-Co-educational,1-Rural,Mamidikuduru,Nagaram,,,NAGARAM NAGARAM (VILL) NAGARAM (VILL) MAMIDIKUDURU(MANDAL) EAST GODAVARI(DIST),533247,medhaschool9[at]gmail[dot]com,https://kys.udiseplus.gov.in/#/schooldetail/4668927/12,4668927,11/05/2022 07:45,2480
******01014 Operational,,MEHAR VIDYANIKETAN HS (EM) TAPESWARAM,,,,Andhra Pradesh,7-Upper Pr. and Secondary,38-Pvt.Unaided,6 To 10,3-Co-educational,1-Rural,Mandapeta,Tapeswaram,,,TAPESWARAM TAPESWARAM(VILL) TAPESWARAM(VILL) MANDAPETA(MANDAL) EAST GODAVARI(DIST),533340,hmmehervidyaniketan[at]gmail[dot]com,https://kys.udiseplus.gov.in/#/schooldetail/4666671/12,4666671,22/12/2025 11:42,2480
******01007 Operational,,MEHAR VIDYANIKETAN PS (EM) TAPESWARAM,,,,Andhra Pradesh,1-Primary,38-Pvt.Unaided,1 To 5,3-Co-educational,1-Rural,Mandapeta,Tapeswaram,,,TAPESWARAM TAPESWARAM (VILL) TAPESWARAM(VILL) MANDAPETA(MANDAL) EAST GODAVARI(DIST),533340,hmmehervidyaniketan[at]gmail[dot]com,https://kys.udiseplus.gov.in/#/schooldetail/4666666/12,4666666,31/12/2025 16:30,2480
******00514 Operational,,MERIT UPS (EM) GUTHINADEEVI,,,,Andhra Pradesh,2-Primary with Upper Primary,38-Pvt.Unaided,1 To 7,3-Co-educational,1-Rural,I. Polavaram,Guthinadeevi,,,GUTHINADEEVI GUTHINADEEVI (VILL) GUTHINADEEVI(VILL) I.POLAVARAM(MANDAL) EAST GODAVARI(DIST),533464,merit.nag[at]gmail[dot]com,https://kys.udiseplus.gov.in/#/schooldetail/4668354/12,4668354,21/04/2023 15:31,2480
******00806 Operational,,MG AIDED HS ATREYAPURAM,,,,Andhra Pradesh,7-Upper Pr. and Secondary,35-Pvt.Aided,6 To 10,3-Co-educational,1-Rural,Atreyapuram,Atreyapuram,,,ATREYAPURAM(VILL) ATREYAPURAM(MANDAL) EAST GODAVARI(DIST),533235,mgjchs[at]gmail[dot]com,https://kys.udiseplus.gov.in/#/schooldetail/4667608/12,4667608,18/07/2022 13:27,2480
******00814 Operational,,M G JUNIOR COLLEGE,,,,Andhra Pradesh,11-Higher Secondary only/Jr. College,38-Pvt.Unaided,11 To 12,3-Co-educational,1-Rural,Atreyapuram,Atreyapuram,,,ATREYAPURAM EAST GODAVARI 533235,533235,mgjuniorcollege[at]gmail[dot]com,https://kys.udiseplus.gov.in/#/schooldetail/4667612/12,4667612,02/07/2025 13:04,2480
******90154 Operational,,"MIRIAM HS, VIDYUT NAGAR",,,,Andhra Pradesh,4-Upper Primary only,38-Pvt.Unaided,6 To 8,3-Co-educational,2-Urban,NA,,Amalapuram Ward No. 29,Amalapuram-Municipality,VIDYUT NAGAR(NEAR BLACK BRIDGE 901-AMALAPURAM (VILL) AMALAPURAM(VILL) AMALAPURAM(MANDAL) EAST GODAVARI(DIST),533201,prasad.palivela[at]paramjyotischools[dot]in,https://kys.udiseplus.gov.in/#/schooldetail/4668727/12,4668727,25/12/2025 20:30,2480
******90996 Operational,,"MJPAPBCW RESIDENTIAL SCHOOL FOR GIRLS, RC PURAM",,,,Andhra Pradesh,6-Pr. Up Pr. and Secondary Only,66-BC Welfare,5 To 10,2-Girls,1-Rural,Ramachandrapuram,Velampalem,,,"VELAMPALEM, DRAKSHARAMA",533262,mjpapbcwreis.ramachandrapuram[at]gmail[dot]com,https://kys.udiseplus.gov.in/#/schooldetail/4719921/12,4719921,22/07/2024 12:58,2480
******01710 Operational,,"MJPAPBCWR SCHOOL, SAMANASA",,,,Andhra Pradesh,6-Pr. Up Pr. and Secondary Only,66-BC Welfare,5 To 10,1-Boys,1-Rural,Amalapuram,Samanasa,,,MJPAPBCWRS AMALAPURAM AT SAMANASA,533213,mjpapbcwreis.amalapuram[at]gmail[dot]com,https://kys.udiseplus.gov.in/#/schooldetail/4668692/12,4668692,20/12/2025 13:09,2480
******00407 Operational,,MONTESSORIS UP SCHOOL,,,,Andhra Pradesh,2-Primary with Upper Primary,38-Pvt.Unaided,1 To 7,3-Co-educational,1-Rural,Razole,Razole,,,OLD ANDHRABANK STREET OPP IOB BANK RAZOLE EAST GODAVARI 533242,533242,razolemontessori[at]gmail[dot]com,https://kys.udiseplus.gov.in/#/schooldetail/4718844/12,4718844,21/04/2023 15:31,2480
******90134 Operational,,MOTHER TERESA PS (EM) VIDYUT NAGAR,,,,Andhra Pradesh,1-Primary,38-Pvt.Unaided,1 To 5,3-Co-educational,2-Urban,NA,,Amalapuram Ward No. 29,Amalapuram-Municipality,ONGC BI-PASS ROAD AMALAPURAM,533201,mangalampallianjibabu[at]gmail[dot]com,https://kys.udiseplus.gov.in/#/schooldetail/4668720/12,4668720,25/12/2025 20:23,2480
******90158 Operational,,MOTHER THERESA HS (EM) VIDYUT NAGAR,,,,Andhra Pradesh,7-Upper Pr. and Secondary,38-Pvt.Unaided,6 To 10,3-Co-educational,2-Urban,NA,,Amalapuram Ward No. 29,Amalapuram-Municipality,1-5-58/2A ONGC BI-PASS ROAD AMALAPURAM,533201,mangalampallianjibabu[at]gmail[dot]com,https://kys.udiseplus.gov.in/#/schooldetail/4668729/12,4668729,25/12/2025 20:33,2480
******00405 Operational,,MOTHER THERESA PS (EM) BANGARAMMA COLONY,,,,Andhra Pradesh,1-Primary,38-Pvt.Unaided,1 To 5,3-Co-educational,1-Rural,Mandapeta,Dwarapudi,,,BANGARAMMA COLONY DWARAPUDI,533341,SMaryRatnam[at]gmail[dot]com,https://kys.udiseplus.gov.in/#/schooldetail/4666641/12,4666641,24/12/2025 11:09,2480
******00205 Operational,,MOTHER UPS (EM) VALLURU,,,,Andhra Pradesh,2-Primary with Upper Primary,38-Pvt.Unaided,1 To 7,3-Co-educational,1-Rural,Kapileswarapuram,Valluru,,,MAIN ROAD VALLURU,533308,,https://kys.udiseplus.gov.in/#/schooldetail/4667446/12,4667446,21/04/2023 15:31,2480
******90938 Operational,,MPL HS (G) (A) SAVARAM,,,,Andhra Pradesh,7-Upper Pr. and Secondary,34-MUNCIPAL,6 To 10,2-Girls,2-Urban,NA,,Ramachandrapuram (M) - Ward No.11,Ramachandrapuram-Municipality,10th WARD RAMACHANDRAPURAM (VILL) RAMACHANDRAPURAM(VILL) RAMACHANDRAPURAM(MANDAL) EAST GODAVARI(DIST),533255,mhs.asavaramrcpm[at]gmail[dot]com,https://kys.udiseplus.gov.in/#/schooldetail/4667338/12,4667338,01/09/2025 11:50,2480
******90153 Operational,,MPL HS KONKAPALLI,,,,Andhra Pradesh,7-Upper Pr. and Secondary,34-MUNCIPAL,6 To 10,3-Co-educational,2-Urban,NA,,Amalapuram Ward No. 20,Amalapuram-Municipality,20th WARDKONKAPALLI AMALAPURAM (VILL) AMALAPURAM(VILL) AMALAPURAM(MANDAL) EAST GODAVARI(DIST),533201,mhs.konkapalliamp[at]gmail[dot]com,https://kys.udiseplus.gov.in/#/schooldetail/4668726/12,4668726,20/12/2025 14:26,2480
******90936 Operational,,MPL HS RATNAMPETA,,,,Andhra Pradesh,7-Upper Pr. and Secondary,34-MUNCIPAL,6 To 10,3-Co-educational,2-Urban,NA,,Ramachandrapuram (M) - Ward No.19,Ramachandrapuram-Municipality,19th WARD RAMACHANDRAPURAM (VILL) RAMACHANDRAPURAM(VILL) RAMACHANDRAPURAM(MANDAL) EAST GODAVARI(DIST),533255,mhs.ratnampetarcpm[at]gmail[dot]com,https://kys.udiseplus.gov.in/#/schooldetail/4667336/12,4667336,21/06/2025 09:36,2480
******90573 Operational,,MPL HS SSVV GOLAPUNTHA,,,,Andhra Pradesh,6-Pr. Up Pr. and Secondary Only,34-MUNCIPAL,1 To 10,3-Co-educational,2-Urban,NA,,Mandapeta Ward No.9,Mandapeta-Municipality,MPL HS SSVV GOLAPUNTHAGOLLAPUNTHA COLONY,533308,meomandaptea[at]gmail[dot]com,https://kys.udiseplus.gov.in/#/schooldetail/4666743/12,4666743,31/12/2025 16:35,2480
******90152 Operational,,MPL HS VETCHAVARI AGRAHARAM,,,,Andhra Pradesh,7-Upper Pr. and Secondary,34-MUNCIPAL,6 To 10,3-Co-educational,2-Urban,NA,,Amalapuram (M) - Ward No.6,Amalapuram-Municipality,VETCHA VARI AGRAHARAM WARD NO6 AMALAPURAM(VILL) AMALAPURAM(MANDAL) EAST GODAVARI(DIST),533201,mhs.vvagraharamamp[at]gmail[dot]com,https://kys.udiseplus.gov.in/#/schooldetail/4668725/12,4668725,20/12/2025 14:28,2480
******90907 Operational,,MPL PS SANTHINAGARAM,,,,Andhra Pradesh,1-Primary,34-MUNCIPAL,1 To 5,3-Co-educational,2-Urban,NA,,Ramachandrapuram (M) - Ward No.8,Ramachandrapuram-Municipality,08th WARD RAMACHANDRAPURAM (VILL) RAMACHANDRAPURAM(VILL) RAMACHANDRAPURAM(MANDAL) EAST GODAVARI(DIST),533255,mplpssanthinagaram[at]gmail[dot]com,https://kys.udiseplus.gov.in/#/schooldetail/4667310/12,4667310,11/03/2024 18:50,2480
******00301 Operational,,MPPS (A) AGRAHARAM,,,,Andhra Pradesh,1-Primary,33-MPP_ZPP SCHOOLS,1 To 5,3-Co-educational,1-Rural,Ramachandrapuram,Yanamadala,,,A.AGRAHARAM AMBIKAPALLE AGRAHARAM (VILL) AMBIKAPALLE AGRAHARAM(VILL) RAMACHANDRAPURAM(MANDAL) EAST GODAVARI(DIST),533255,bulapradeepkumar[at]gmail[dot]com,https://kys.udiseplus.gov.in/#/schooldetail/4667225/12,4667225,15/10/2020 12:18,2480
******01005 Operational,,MPPS (A) AGRAHARAM,,,,Andhra Pradesh,1-Primary,33-MPP_ZPP SCHOOLS,1 To 5,3-Co-educational,1-Rural,Uppalaguptam,Gollavilli,,,A.AGRAHARAM GOLLAVILLI (VILL) GOLLAVILLI(VILL) UPPALAGUPTAM(MANDAL) EAST GODAVARI(DIST),533222,,https://kys.udiseplus.gov.in/#/schooldetail/4668574/12,4668574,07/01/2026 08:57,2480
******00601 Operational,,MPPS (ABN) DEVARAPALLI,,,,Andhra Pradesh,1-Primary,33-MPP_ZPP SCHOOLS,1 To 5,3-Co-educational,1-Rural,Ravulapalem,Devarapalle,,,AMBEDKAR NAGAR DEVARAPALLI (VILL) DEVARAPALLI(VILL) RAVULAPALEM(MANDAL) EAST GODAVARI(DIST),533223,mpps.abndevarapalli[at]gmail[dot]com,https://kys.udiseplus.gov.in/#/schooldetail/4667714/12,4667714,15/10/2020 12:18,2480
******00801 Operational,,MPPS (ABN) GANGALA KURRU,,,,Andhra Pradesh,1-Primary,33-MPP_ZPP SCHOOLS,1 To 2,3-Co-educational,1-Rural,Ambajipeta,Gangalakurru,,,AMBEDKAR NAGAR GANGALAKURRU GANGALAKURRU(VILL) AMBAJIPETA(MANDAL) EAST GODAVARI(DIST),533214,meo.ambajipeta[at]gmail[dot]com,https://kys.udiseplus.gov.in/#/schooldetail/4668080/12,4668080,23/12/2025 17:07,2480
******00605 Operational,,MPPS (ABN) IRUSUMANDA,,,,Andhra Pradesh,1-Primary,33-MPP_ZPP SCHOOLS,1 To 5,3-Co-educational,1-Rural,Ambajipeta,Irusumanda,,,AMBEDKAR NAGAR IRUSUMANDA IRUSUMANDA(VILL) AMBAJIPETA(MANDAL) EAST GODAVARI(DIST),533239,mppsabnirusumanda[at]gmail[dot]com,https://kys.udiseplus.gov.in/#/schooldetail/4668076/12,4668076,23/12/2025 17:07,2480
******00302 Operational,,MPPS (ABN) KOTHAPETA,,,,Andhra Pradesh,1-Primary,33-MPP_ZPP SCHOOLS,1 To 2,3-Co-educational,1-Rural,Kothapeta,Kothapeta,,,AMBEDKARNAGAR KOTHAPETA (VILL) KOTHAPETA(VILL) KOTHAPETA(MANDAL) EAST GODAVARI(DIST),533223,mppsabn302[at]gmail[dot]com,https://kys.udiseplus.gov.in/#/schooldetail/4667836/12,4667836,25/01/2023 16:24,2480
******00601 Operational,,MPPS (ABN) LAKKAVARAM,,,,Andhra Pradesh,1-Primary,33-MPP_ZPP SCHOOLS,1 To 5,3-Co-educational,1-Rural,Malikipuram,Lakkavaram,,,AMBEDKAR NAGAR LAKKAVARAM (VILL) LAKKAVARAM(VILL) MALIKIPURAM(MANDAL) EAST GODAVARI(DIST),533254,,https://kys.udiseplus.gov.in/#/schooldetail/4669103/12,4669103,15/10/2020 12:18,2480
******00715 Operational,,MPPS (ABN) MUMMIDIVARAM,,,,Andhra Pradesh,1-Primary,33-MPP_ZPP SCHOOLS,1 To 2,3-Co-educational,2-Urban,NA,,Mummidivaram Ward No.10,Mummidivaram-Town Panchayat,MUMMIDIVARAM(AMBEDKAR NAGAR) MUMMIDIVARAM (VILL) MUMMIDIVARAM(VILL) MUMMIDIVARAM(MANDAL) EAST GODAVARI(DIST),533216,,https://kys.udiseplus.gov.in/#/schooldetail/4667821/12,4667821,20/06/2025 13:37,2480
******00410 Operational,,MPPS (ABN) NARENDRAPURAM,,,,Andhra Pradesh,1-Primary,33-MPP_ZPP SCHOOLS,1 To 5,3-Co-educational,1-Rural,P.Gannavaram,Narendrapuram,,,AMBEDKAR NAGAR NARENDRAPURAM (VILL) NARENDRAPURAM(VILL) P.GANNAVARAM(MANDAL) EAST GODAVARI(DIST),533229,mppsabn123[at]gmail[dot]com,https://kys.udiseplus.gov.in/#/schooldetail/4667965/12,4667965,18/07/2022 15:00,2480
******00502 Operational,,MPPS (ABN) ODURRU,,,,Andhra Pradesh,1-Primary,33-MPP_ZPP SCHOOLS,1 To 5,3-Co-educational,1-Rural,Ramachandrapuram,Oduru,,,AMBEDKAR NAGAR ODURU (VILL) ODURU(VILL) RAMACHANDRAPURAM(MANDAL) EAST GODAVARI(DIST),533255,koppalanagaveni1234[at]gmail[dot]com,https://kys.udiseplus.gov.in/#/schooldetail/4667228/12,4667228,15/10/2020 12:18,2480
******00104 Operational,,MPPS (ABN) PALAGUMMI,,,,Andhra Pradesh,1-Primary,33-MPP_ZPP SCHOOLS,1 To 5,3-Co-educational,1-Rural,Amalapuram,Palagummi,,,AMBEDKAR NAGAR PALAGUMMI PALAGUMMI(VILL) AMALAPURAM(MANDAL) EAST GODAVARI(DIST),533221,mutyalaravikumar1981[at]gmail[dot]com,https://kys.udiseplus.gov.in/#/schooldetail/4668617/12,4668617,20/12/2025 15:18,2480
******01302 Operational,,MPPS (ABN) PASARLAPUDILANKA,,,,Andhra Pradesh,1-Primary,33-MPP_ZPP SCHOOLS,1 To 2,3-Co-educational,1-Rural,Mamidikuduru,Pasarlapudilanka,,,A B NAGAR PASARLAPUDILANKA (VILL) PASARLAPUDILANKA(VILL) MAMIDIKUDURU(MANDAL) EAST GODAVARI(DIST),533247,,https://kys.udiseplus.gov.in/#/schooldetail/4668951/12,4668951,25/01/2023 18:28,2480
******01301 Operational,,MPPS (ABN) PINAPALLA,,,,Andhra Pradesh,1-Primary,33-MPP_ZPP SCHOOLS,1 To 5,3-Co-educational,1-Rural,Alamuru,Pinapalle,,,PINAPALLA PINAPALLA VILLAGE Dr B R Ambadkar Konaseema District,533232,mppschoolabnpinapalla[at]gmail[dot]com,https://kys.udiseplus.gov.in/#/schooldetail/4667572/12,4667572,29/09/2024 22:11,2480
******00802 Operational,,MPPS (ABP) PODAGATLAPALLI,,,,Andhra Pradesh,1-Primary,33-MPP_ZPP SCHOOLS,1 To 5,3-Co-educational,1-Rural,Ravulapalem,Podagatlapalle,,,AMBEDKAR PETA PODAGATLAPALLI (VILL) PODAGATLAPALLI(VILL) RAVULAPALEM(MANDAL) EAST GODAVARI(DIST),533236,mppspodagatlapalli[at]gmail[dot]com,https://kys.udiseplus.gov.in/#/schooldetail/4667727/12,4667727,15/10/2020 12:18,2480
******00801 Operational,,MPPS (ABS) ANGARA,,,,Andhra Pradesh,1-Primary,33-MPP_ZPP SCHOOLS,1 To 5,3-Co-educational,1-Rural,Kapileswarapuram,Angara,,,ANGARA ANGARA (VILL) ANGARA(VILL) KAPILESWARAPURAM(MANDAL) EAST GODAVARI(DIST),533307,,https://kys.udiseplus.gov.in/#/schooldetail/4667458/12,4667458,15/10/2020 12:18,2480
******00301 Operational,,MPPS (ABS) CHOPPELLA,,,,Andhra Pradesh,1-Primary,33-MPP_ZPP SCHOOLS,1 To 5,3-Co-educational,1-Rural,Alamuru,Choppela,,,AMBEDKAR STREET CHEMUDULANKA CHOPPELA(VILL) ALAMURU(MANDAL) EAST GODAVARI(DIST),533234,srinivasakusuma23[at]gmail[dot]com,https://kys.udiseplus.gov.in/#/schooldetail/4667514/12,4667514,15/10/2020 12:18,2480
******00505 Permanently Closed,,MPPS (ABS) KALERU,,,,Andhra Pradesh,1-Primary,33-MPP_ZPP SCHOOLS,1 To 5,3-Co-educational,1-Rural,Kapileswarapuram,Kaleru,,,NA,533307,,https://kys.udiseplus.gov.in/#/schooldetail/4714919/12,4714919,15/10/2020 12:18,2480
******02206 Operational,,MPPS (ABS) VENKATAYAPALEM,,,,Andhra Pradesh,1-Primary,33-MPP_ZPP SCHOOLS,1 To 5,3-Co-educational,1-Rural,Ramachandrapuram,Venkatayapalem,,,AMBADKAR STATUE VENKATAYAPALEM (VILL) VENKATAYAPALEM(VILL) RAMACHANDRAPURAM(MANDAL) EAST GODAVARI(DIST),533262,-mppsabsvenkatayapalem[at]gmail[dot]com,https://kys.udiseplus.gov.in/#/schooldetail/4667299/12,4667299,15/10/2020 12:18,2480
******00811 Closed,Closed,MPPS ADARSANAGAR,,,,Andhra Pradesh,1-Primary,33-MPP_ZPP SCHOOLS,1 To 5,3-Co-educational,1-Rural,Sakhinetipalle,Antarvedi,,,ADARSANAGAR ANTARVEDI (VILL) ANTARVEDI(VILL) SAKHINETIPALLI(MANDAL) EAST GODAVARI(DIST),533252,tramadurganjali[at]gmail[dot]com,https://kys.udiseplus.gov.in/#/schooldetail/4669260/12,4669260,07/08/2025 09:58,2480
******00605 Operational,,MPPS ADAVI PETA,,,,Andhra Pradesh,1-Primary,33-MPP_ZPP SCHOOLS,1 To 5,3-Co-educational,1-Rural,Katrenikona,Katrenikona,,,ADIVI PETA KATRENIKONA (VILL) KATRENIKONA(VILL) KATRENIKONA(MANDAL) EAST GODAVARI(DIST),533212,,https://kys.udiseplus.gov.in/#/schooldetail/4667994/12,4667994,11/03/2024 19:09,2480
******00702 Operational,,MPPS ADAVI PETA,,,,Andhra Pradesh,1-Primary,33-MPP_ZPP SCHOOLS,1 To 5,3-Co-educational,1-Rural,I. Polavaram,T. Kothapalle,,,HARIJANACHERI T. KOTHAPALLI (VILL) T. KOTHAPALLE(VILL) I.POLAVARAM(MANDAL) EAST GODAVARI(DIST),533220,,https://kys.udiseplus.gov.in/#/schooldetail/4668370/12,4668370,09/05/2022 18:45,2480
******00902 Operational,,MPPS ADDAMPALLI,,,,Andhra Pradesh,1-Primary,33-MPP_ZPP SCHOOLS,1 To 2,3-Co-educational,1-Rural,NA,NA,,,ADDAMPALLI ADDAMPALLI (VILL) ADDAMPALLE(VILL) K.GANGAVARAM(MANDAL) EAST GODAVARI(DIST),533262,,https://kys.udiseplus.gov.in/#/schooldetail/4667769/12,4667769,25/09/2024 21:27,2480
******00906 Operational,,MPPS ADILAKSHMIPURAM,,,,Andhra Pradesh,1-Primary,33-MPP_ZPP SCHOOLS,1 To 5,3-Co-educational,1-Rural,Uppalaguptam,Uppalaguptam,,,ADILAKSHMIPURAM UPPALAGUPTAM (VILL) UPPALAGUPTAM(VILL) UPPALAGUPTAM(MANDAL) EAST GODAVARI(DIST),533222,lucky.gudala[at]gmail[dot]com,https://kys.udiseplus.gov.in/#/schooldetail/4668560/12,4668560,07/01/2026 08:55,2480
******00202 Operational,,MPPS ADIMULAMVARIPALEM,,,,Andhra Pradesh,1-Primary,33-MPP_ZPP SCHOOLS,1 To 5,3-Co-educational,1-Rural,P.Gannavaram,Udumudi,,,ADIMULAMVARIPALEM UDUMUDI (VILL) UDUMUDI(VILL) P.GANNAVARAM(MANDAL) EAST GODAVARI(DIST),533274,,https://kys.udiseplus.gov.in/#/schooldetail/4667946/12,4667946,30/09/2024 09:17,2480
******00304 Operational,,MPPS AGARAHARAM,,,,Andhra Pradesh,1-Primary,33-MPP_ZPP SCHOOLS,1 To 5,3-Co-educational,1-Rural,Sakhinetipalle,Rameswaram,,,AGARAHARAM RAMESWARAM (VILL) RAMESWARAM(VILL) SAKHINETIPALLI(MANDAL) EAST GODAVARI(DIST),533251,,https://kys.udiseplus.gov.in/#/schooldetail/4669208/12,4669208,15/10/2020 12:18,2480
******00706 Operational,,MPPS AGRAHARAM,,,,Andhra Pradesh,1-Primary,33-MPP_ZPP SCHOOLS,1 To 5,3-Co-educational,2-Urban,NA,,Mummidivaram Ward No.7,Mummidivaram-Town Panchayat,AGRAHARAM MUMMIDIVARAM (VILL) MUMMIDIVARAM(VILL) MUMMIDIVARAM(MANDAL) EAST GODAVARI(DIST),533216,,https://kys.udiseplus.gov.in/#/schooldetail/4668257/12,4668257,11/03/2024 18:59,2480
******00603 Operational,,MPPS (AGR) PEDAPATNAM,,,,Andhra Pradesh,1-Primary,33-MPP_ZPP SCHOOLS,1 To 5,3-Co-educational,1-Rural,Mamidikuduru,Pedapatnam,,,AGRAHARAM(BOLLAVARI STREET) PEDAPATNAM (VILL) PEDAPATNAM(VILL) MAMIDIKUDURU(MANDAL) EAST GODAVARI(DIST),533249,meo.mamidikuduru[at]gmail[dot]com,https://kys.udiseplus.gov.in/#/schooldetail/4668472/12,4668472,25/09/2024 11:42,2480
******00501 Operational,,MPPS (AH) VISWESWARAYAPURAM,,,,Andhra Pradesh,1-Primary,33-MPP_ZPP SCHOOLS,1 To 5,3-Co-educational,1-Rural,Malikipuram,Visweswarayapuram,,,VISWESWARAYAPURAM(AGRAHARAM) VISWESWARAYAPURAM (VILL) VISWESWARAYAPURAM(VILL) MALIKIPURAM(MANDAL) EAST GODAVARI(DIST),533254,nallibhavani8[at]gmail[dot]com,https://kys.udiseplus.gov.in/#/schooldetail/4669092/12,4669092,15/10/2020 12:18,2480
******01102 Operational,,MPPS AINAPURAM BADAVA,,,,Andhra Pradesh,1-Primary,33-MPP_ZPP SCHOOLS,1 To 5,3-Co-educational,1-Rural,Mummidivaram,Ainapuram,,,BADAVA AINAPURAM (VILL) AINAPURAM(VILL) MUMMIDIVARAM(MANDAL) EAST GODAVARI(DIST),533216,mppsainapurambadava2023[at]gmail[dot]com,https://kys.udiseplus.gov.in/#/schooldetail/4668308/12,4668308,15/10/2020 12:18,2480
******00505 Operational,,MPPS AINAVILLI,,,,Andhra Pradesh,1-Primary,33-MPP_ZPP SCHOOLS,1 To 5,3-Co-educational,1-Rural,Ainavilli,Ainavilli,,,AINAVILLI AINAVILLI AINAVILLI(VILL) AINAVILLI(MANDAL) EAST GODAVARI(DIST),533211,mppsainavilli[at]gmail[dot]com,https://kys.udiseplus.gov.in/#/schooldetail/4668142/12,4668142,19/07/2022 11:42,2480
******00503 Operational,,MPPS AINAVILLILANKA,,,,Andhra Pradesh,1-Primary,33-MPP_ZPP SCHOOLS,1 To 5,3-Co-educational,1-Rural,Ainavilli,Ainavilli,,,AMBEDKARNAGAR AINAVILLI AINAVILLI(VILL) AINAVILLI(MANDAL) EAST GODAVARI(DIST),533211,mppsainavillilanka[at]gmail[dot]com,https://kys.udiseplus.gov.in/#/schooldetail/4668140/12,4668140,19/07/2022 11:41,2480
******00902 Operational,,MPPS AJJARAPUVARI PETA,,,,Andhra Pradesh,1-Primary,33-MPP_ZPP SCHOOLS,1 To 5,3-Co-educational,1-Rural,Mummidivaram,Ananthavaram,,,AJJARAPUVARI PETA ANANTHAVARAM (VILL) ANANTHAVARAM(VILL) MUMMIDIVARAM(MANDAL) EAST GODAVARI(DIST),533222,,https://kys.udiseplus.gov.in/#/schooldetail/4668292/12,4668292,15/10/2020 12:18,2480
******01006 Operational,,MPPS AKKAPUVARICHERUVU,,,,Andhra Pradesh,1-Primary,33-MPP_ZPP SCHOOLS,1 To 5,3-Co-educational,1-Rural,I. Polavaram,Kesanakurru,,,AKKAPUVARICHERUVU KESANAKURRU KESANAKURRU(VILL) I.POLAVARAM(MANDAL) EAST GODAVARI(DIST),533220,,https://kys.udiseplus.gov.in/#/schooldetail/4668405/12,4668405,11/03/2024 19:02,2480
******01109 Permanently Closed,,MPPS ALAMURU,,,,Andhra Pradesh,1-Primary,33-MPP_ZPP SCHOOLS,1 To 5,3-Co-educational,1-Rural,Alamuru,Alamuru,,,NA,533233,,https://kys.udiseplus.gov.in/#/schooldetail/4714923/12,4714923,15/10/2020 12:18,2480
******00201 Operational,,MPPS ALLAVARAM,,,,Andhra Pradesh,1-Primary,33-MPP_ZPP SCHOOLS,1 To 2,3-Co-educational,1-Rural,Allavaram,Allavaram,,,ALLAVARAM ALLAVARAM ALLAVARAM(VILL) ALLAVARAM(MANDAL) EAST GODAVARI(DIST),533217,samsanilakshmi84[at]gmail[dot]com,https://kys.udiseplus.gov.in/#/schooldetail/4668799/12,4668799,19/12/2025 10:41,2480
******00204 Operational,,MPPS ALLAVARAM POLAM,,,,Andhra Pradesh,1-Primary,33-MPP_ZPP SCHOOLS,1 To 5,3-Co-educational,1-Rural,Allavaram,Allavaram,,,ALLAVARAM POLAM ALLAVARAM ALLAVARAM(VILL) ALLAVARAM(MANDAL) EAST GODAVARI(DIST),533217,,https://kys.udiseplus.gov.in/#/schooldetail/4668802/12,4668802,19/12/2025 10:42,2480
******01015 Operational,,MPPS ALLURIVARICHERUVU,,,,Andhra Pradesh,1-Primary,33-MPP_ZPP SCHOOLS,1 To 5,3-Co-educational,1-Rural,I. Polavaram,Kesanakurru,,,ALLURIVARICHERUVU KESANAKURRU KESANAKURRU(VILL) I.POLAVARAM(MANDAL) EAST GODAVARI(DIST),533220,vanigandrapu65[at]gmail[dot]com,https://kys.udiseplus.gov.in/#/schooldetail/4668413/12,4668413,09/05/2022 19:01,2480
******01112 Operational,,MPPS AMBAJIPETA,,,,Andhra Pradesh,1-Primary,33-MPP_ZPP SCHOOLS,1 To 5,3-Co-educational,1-Rural,Ambajipeta,Machavaram,,,AMBAJIPETA MACHAVARAM(U)(VILL) AMBAJIPETA(MANDAL) EAST GODAVARI(DIST)533214,533214,vadrevusuryanarayanamurty[at]gmail[dot]com,https://kys.udiseplus.gov.in/#/schooldetail/4668106/12,4668106,23/12/2025 17:17,2480
******00302 Operational,,MPPS AMBATIVARI PALEM,,,,Andhra Pradesh,1-Primary,33-MPP_ZPP SCHOOLS,1 To 5,3-Co-educational,1-Rural,Amalapuram,Nallamilli,,,AMPATIVARI PALEM NALLAMILLE NALLAMILLI(VILL) AMALAPURAM(MANDAL) EAST GODAVARI(DIST),533577,gharika2627[at]gmail[dot]com,https://kys.udiseplus.gov.in/#/schooldetail/4668624/12,4668624,20/12/2025 22:57,2480
******00101 Operational,,MPPS AMBATIVARIPETA,,,,Andhra Pradesh,1-Primary,33-MPP_ZPP SCHOOLS,1 To 5,3-Co-educational,1-Rural,I. Polavaram,Pasuvullanka,,,AMBATIVARIPETA PASUVULLANKA (VILL) PASUVULLANKA(VILL) I.POLAVARAM(MANDAL) EAST GODAVARI(DIST),533220,ambativaripetamppschool[at]gmail[dot]com,https://kys.udiseplus.gov.in/#/schooldetail/4668320/12,4668320,09/05/2022 18:08,2480
******00803 Operational,,MPPS AMBEDKAR NAGAR,,,,Andhra Pradesh,1-Primary,33-MPP_ZPP SCHOOLS,1 To 2,3-Co-educational,1-Rural,I. Polavaram,I. Polavaram,,,I.POLAVARAM( AMBEDKAR NAGAR) I. POLAVARAM (VILL) I. POLAVARAM(VILL) I.POLAVARAM(MANDAL) EAST GODAVARI(DIST),533220,ambedkarnagar2814[at]gmail[dot]com,https://kys.udiseplus.gov.in/#/schooldetail/4668380/12,4668380,25/01/2023 11:05,2480
******00807 Operational,,MPPS AMBEDKAR NAGAR MULASTANAM,,,,Andhra Pradesh,1-Primary,33-MPP_ZPP SCHOOLS,1 To 5,3-Co-educational,1-Rural,Alamuru,Mulastana Agraharam,,,MULASTANAM JONNADA JONNADA(VILL) ALAMURU(MANDAL) EAST GODAVARI(DIST),533233,mppsspl[at]gmail[dot]com,https://kys.udiseplus.gov.in/#/schooldetail/4667540/12,4667540,15/10/2020 12:18,2480
******01201 Operational,,MPPS AMBEDKAR NAGAR PEDAPALLA,,,,Andhra Pradesh,1-Primary,33-MPP_ZPP SCHOOLS,1 To 5,3-Co-educational,1-Rural,Alamuru,Pedapalle,,,PEDAPALLE PEDAPALLE PEDAPALLE(VILL) ALAMURU(MANDAL) EAST GODAVARI(DIST),533232,dveeralakshmi2213[at]gmail[dot]com,https://kys.udiseplus.gov.in/#/schooldetail/4667569/12,4667569,11/03/2024 17:59,2480
******01502 Operational,,MPPS AMBEDKAR STATUE CHINTALURU,,,,Andhra Pradesh,1-Primary,33-MPP_ZPP SCHOOLS,1 To 5,3-Co-educational,1-Rural,Alamuru,Chintaluru,,,NEAR AMBEDKAR STREET CHINTALURU CHINTALURU(VILL) ALAMURU(MANDAL) EAST GODAVARI(DIST),533232,pampanabalaprasanna[at]gmail[dot]com,https://kys.udiseplus.gov.in/#/schooldetail/4667578/12,4667578,26/06/2021 11:45,2480
******00901 Operational,,MPPS ANANTHAVARAM,,,,Andhra Pradesh,1-Primary,33-MPP_ZPP SCHOOLS,1 To 5,3-Co-educational,1-Rural,Mummidivaram,Ananthavaram,,,ANANTHAVARAM ANANTHAVARAM (VILL) ANANTHAVARAM(VILL) MUMMIDIVARAM(MANDAL) EAST GODAVARI(DIST),533222,projagowriswari[at]apschooledu[dot]in,https://kys.udiseplus.gov.in/#/schooldetail/4668291/12,4668291,11/03/2024 19:04,2480
******00705 Operational,,MPPS (AN) CHELLURU,,,,Andhra Pradesh,1-Primary,33-MPP_ZPP SCHOOLS,1 To 2,3-Co-educational,1-Rural,Rayavaram,Chelluru,,,ANJANEYA NAGAR CHELLURU (VILL) CHELLURU(VILL) RAYAVARAM(MANDAL) EAST GODAVARI(DIST),533261,MppschoolAN[at]gmail[dot]com,https://kys.udiseplus.gov.in/#/schooldetail/4667427/12,4667427,21/06/2025 17:02,2480
******00606 Operational,,MPPS ANGARAPETA,,,,Andhra Pradesh,1-Primary,33-MPP_ZPP SCHOOLS,1 To 5,3-Co-educational,1-Rural,Kothapeta,Khandrika,,,ANGARAPETA KHANDRIKA (VILL) AVIDI(VILL) KOTHAPETA(MANDAL) EAST GODAVARI(DIST),533229,nagakasiannapurna[at]gmail[dot]com,https://kys.udiseplus.gov.in/#/schooldetail/4667890/12,4667890,15/10/2020 12:18,2480
******01002 Operational,,MPPS (AN) KESANAKURU,,,,Andhra Pradesh,1-Primary,33-MPP_ZPP SCHOOLS,1 To 5,3-Co-educational,1-Rural,I. Polavaram,Kesanakurru,,,ARUNDATHIPALEM KESANAKURRU (VILL) KESANAKURRU(VILL) I.POLAVARAM(MANDAL) EAST GODAVARI(DIST),533220,,https://kys.udiseplus.gov.in/#/schooldetail/4668402/12,4668402,09/05/2022 18:57,2480
******02108 Operational,,MPPS ANNAI PETA,,,,Andhra Pradesh,1-Primary,33-MPP_ZPP SCHOOLS,1 To 5,3-Co-educational,1-Rural,Ramachandrapuram,Vegayammapeta,,,ANNAI PETA VEGAYAMMAPETA (VILL) VEGAYAMMAPETA(VILL) RAMACHANDRAPURAM(MANDAL) EAST GODAVARI(DIST),533262,annaipetamppps[at]gmail[dot]com,https://kys.udiseplus.gov.in/#/schooldetail/4667295/12,4667295,11/03/2024 18:50,2480
******00401 Operational,,MPPS ANNAMPALLE,,,,Andhra Pradesh,1-Primary,33-MPP_ZPP SCHOOLS,1 To 5,3-Co-educational,1-Rural,Mummidivaram,Annampalle,,,ANNAMPALLE ANNAMPALLE (VILL) ANNAMPALLE(VILL) MUMMIDIVARAM(MANDAL) EAST GODAVARI(DIST),533216,mppsannampalli[at]gmail[dot]com,https://kys.udiseplus.gov.in/#/schooldetail/4668231/12,4668231,11/03/2024 18:51,2480
******01310 Operational,,MPPS (AN) NEDUNURU,,,,Andhra Pradesh,1-Primary,33-MPP_ZPP SCHOOLS,1 To 5,3-Co-educational,1-Rural,Ainavilli,Nedunuru,,,NEDUNURU NEDUNURU NEDUNURU(VILL) AINAVILLI(MANDAL) EAST GODAVARI(DIST),533241,mppsashoknagar1234[at]gmail[dot]com,https://kys.udiseplus.gov.in/#/schooldetail/4668186/12,4668186,19/07/2022 12:17,2480
******00514 Operational,,MPPS ANTARVEDIPALEM,,,,Andhra Pradesh,1-Primary,33-MPP_ZPP SCHOOLS,1 To 5,3-Co-educational,1-Rural,Sakhinetipalle,Antarvedipalem,,,ANTARVEDIPALEM ANTARVEDIPALEM (VILL) ANTARVEDIPALEM(VILL) SAKHINETIPALLI(MANDAL) EAST GODAVARI(DIST),533252,,https://kys.udiseplus.gov.in/#/schooldetail/4669224/12,4669224,15/10/2020 12:18,2480
******00707 Operational,,MPPS (AN) (T) KOTHAPALLI,,,,Andhra Pradesh,1-Primary,33-MPP_ZPP SCHOOLS,1 To 5,3-Co-educational,1-Rural,I. Polavaram,T. Kothapalle,,,ARUNDATHINAGAR T. KOTHAPALLI (VILL) T. KOTHAPALLE(VILL) I.POLAVARAM(MANDAL) EAST GODAVARI(DIST),533220,mpppsantkothapalli[at]gmail[dot]com,https://kys.udiseplus.gov.in/#/schooldetail/4668375/12,4668375,11/03/2024 18:59,2480
******00101 Operational,,MPPS (AN) VILASAVILLI,,,,Andhra Pradesh,1-Primary,33-MPP_ZPP SCHOOLS,1 To 5,3-Co-educational,1-Rural,Uppalaguptam,Vilasavilli,,,"ASHOK NAGAR, VILASAVILLI (VILL) UPPALAGUPTAM(MANDAL) Dr.B.R. Ambedkar Konaseema(DIST)",533213,mppsashoknagar[at]gmail[dot]com,https://kys.udiseplus.gov.in/#/schooldetail/4668515/12,4668515,07/01/2026 08:28,2480
******00904 Operational,,MPPS (AP) DONTIKURRU,,,,Andhra Pradesh,1-Primary,33-MPP_ZPP SCHOOLS,1 To 5,3-Co-educational,1-Rural,Katrenikona,Dontikurru,,,ADAVIPETA(DONTIKURRU) DONTIKURRU (VILL) DONTIKURRU(VILL) KATRENIKONA(MANDAL) EAST GODAVARI(DIST),533212,,https://kys.udiseplus.gov.in/#/schooldetail/4668475/12,4668475,11/03/2024 19:14,2480
******00201 Operational,,MPPS APPANAPALLI,,,,Andhra Pradesh,1-Primary,33-MPP_ZPP SCHOOLS,1 To 5,3-Co-educational,1-Rural,Mamidikuduru,Appanapalle,,,APPANAPALLI APPANAPALLE (VILL) APPANAPALLE(VILL) MAMIDIKUDURU(MANDAL) EAST GODAVARI(DIST),533247,mpppsappanapalli[at]gmail[dot]com,https://kys.udiseplus.gov.in/#/schooldetail/4668890/12,4668890,16/06/2025 15:21,2480
******00204 Operational,,MPPS APPANAPALLIBADAVA,,,,Andhra Pradesh,1-Primary,33-MPP_ZPP SCHOOLS,1 To 5,3-Co-educational,1-Rural,Mamidikuduru,Appanapalle,,,BADAVA(APPANAPALLI) APPANAPALLE (VILL) APPANAPALLE(VILL) MAMIDIKUDURU(MANDAL) EAST GODAVARI(DIST),533247,,https://kys.udiseplus.gov.in/#/schooldetail/4668893/12,4668893,11/03/2024 18:32,2480
******00608 Operational,,MPPS APPANAPETA,,,,Andhra Pradesh,1-Primary,33-MPP_ZPP SCHOOLS,1 To 5,3-Co-educational,1-Rural,Amalapuram,Kamanagaruvu,,,APPANAPETA AMALAPURAM KAMANAGARUVU(VILL) AMALAPURAM(MANDAL) EAST GODAVARI(DIST),533213,Jgopalrao1[at]gmail[dot]om,https://kys.udiseplus.gov.in/#/schooldetail/4668643/12,4668643,20/12/2025 23:13,2480
******00101 Operational,,MPPS APPANARAMUNI LANKA,,,,Andhra Pradesh,1-Primary,33-MPP_ZPP SCHOOLS,1 To 5,3-Co-educational,1-Rural,Sakhinetipalle,Appanaramuni Lanka,,,APPANARAMUNI LANKA APPANARAMUNI LANKA (VILL) APPANARAMUNI LANKA(VILL) SAKHINETIPALLI(MANDAL) EAST GODAVARI(DIST),533252,appanaramunilanka28145900101[at]gmail[dot]com,https://kys.udiseplus.gov.in/#/schooldetail/4669171/12,4669171,11/03/2024 18:31,2480
******01112 Permanently Closed,,MPPS (AP) SANKARAGUPTAM,,,,Andhra Pradesh,1-Primary,33-MPP_ZPP SCHOOLS,1 To 5,3-Co-educational,1-Rural,Malikipuram,Sankaraguptham,,,NA,533254,,https://kys.udiseplus.gov.in/#/schooldetail/4715044/12,4715044,15/10/2020 12:18,2480
******01402 Operational,,MPPS ARAGATLAPALEM,,,,Andhra Pradesh,1-Primary,33-MPP_ZPP SCHOOLS,1 To 5,3-Co-educational,1-Rural,Allavaram,Bendamurulanka,,,ARAGATLAPALEM BENDAMURULANKA BENDAMURULANKA(VILL) ALLAVARAM(MANDAL) EAST GODAVARI(DIST),533210,,https://kys.udiseplus.gov.in/#/schooldetail/4668865/12,4668865,19/12/2025 11:01,2480
******00809 Operational,,MPPS ARAVAPALEM,,,,Andhra Pradesh,1-Primary,33-MPP_ZPP SCHOOLS,1 To 5,3-Co-educational,1-Rural,Razole,Kadali,,,KADALI RAZOLE EGDt 533248,533248,kanakalakshmi[at]gmail[dot]commail[dot]com,https://kys.udiseplus.gov.in/#/schooldetail/4669025/12,4669025,15/10/2020 12:18,2480
******01305 Operational,,MPPS ARIPOLAM,,,,Andhra Pradesh,1-Primary,33-MPP_ZPP SCHOOLS,1 To 5,3-Co-educational,1-Rural,Ainavilli,Nedunuru,,,ARIPOLAM NEDUNURU NEDUNURU(VILL) AINAVILLI(MANDAL) EAST GODAVARI(DIST),533241,chantievergood[at]gmail[dot]com,https://kys.udiseplus.gov.in/#/schooldetail/4668183/12,4668183,11/03/2024 16:47,2480
******00801 Operational,,MPPS (ASM) IRUSUMANDA,,,,Andhra Pradesh,1-Primary,33-MPP_ZPP SCHOOLS,1 To 5,3-Co-educational,1-Rural,Malikipuram,Irusumanda,,,IRUSUMANDA IRUSUMANDA (VILL) IRUSUMANDA(VILL) MALIKIPURAM(MANDAL) EAST GODAVARI(DIST),533254,meo.malikipuram[at]gmail[dot]com,https://kys.udiseplus.gov.in/#/schooldetail/4669120/12,4669120,22/11/2025 13:08,2480
******00905 Operational,,MPPS ASRRC TADIPUDI,,,,Andhra Pradesh,1-Primary,33-MPP_ZPP SCHOOLS,1 To 5,3-Co-educational,1-Rural,Atreyapuram,Kattunga,,,ASRR CENTRE TADIPUDI KATTUNGA KATTUNGA(VILL) ATREYAPURAM(MANDAL) EAST GODAVARI(DIST),533235,mppschoolasrrcthadipudi[at]gmai[dot]com,https://kys.udiseplus.gov.in/#/schooldetail/4667189/12,4667189,18/07/2022 13:33,2480
******00303 Operational,,MPPS (AST) KOTHAPETA,,,,Andhra Pradesh,1-Primary,33-MPP_ZPP SCHOOLS,1 To 5,3-Co-educational,1-Rural,Kothapeta,Kothapeta,,,KOTHA PETA(AGRAHARAMA STREET) KOTHAPETA (VILL) KOTHAPETA(VILL) KOTHAPETA(MANDAL) EAST GODAVARI(DIST),533223,,https://kys.udiseplus.gov.in/#/schooldetail/4667837/12,4667837,15/10/2020 12:18,2480
******00401 Operational,,MPPS (A)VEMAVARAM,,,,Andhra Pradesh,1-Primary,33-MPP_ZPP SCHOOLS,1 To 2,3-Co-educational,1-Rural,Amalapuram,A. Vemavaram,,,A.VEMAVARAM A. VEMAVARAM A. VEMAVARAM(VILL) AMALAPURAM(MANDAL) EAST GODAVARI(DIST),533577,,https://kys.udiseplus.gov.in/#/schooldetail/4668626/12,4668626,20/12/2025 14:51,2480
******00610 Operational,,MPPS AVIDI,,,,Andhra Pradesh,1-Primary,33-MPP_ZPP SCHOOLS,1 To 5,3-Co-educational,1-Rural,Kothapeta,Avidi,,,AVIDI AVIDI (VILL) AVIDI(VILL) KOTHAPETA(MANDAL) EAST GODAVARI(DIST),533229,meo.kothapeta[at]gmail[dot]com,https://kys.udiseplus.gov.in/#/schooldetail/4667893/12,4667893,25/01/2023 23:02,2480
******01403 Operational,,MPPS (AVP) S YANAM,,,,Andhra Pradesh,1-Primary,33-MPP_ZPP SCHOOLS,1 To 5,3-Co-educational,1-Rural,Uppalaguptam,Surasaniyanam,,,AITHABATHULAVARI PETA SURASANIYANAM (VILL) SURASANIYANAM(VILL) UPPALAGUPTAM(MANDAL) EAST GODAVARI(DIST),533213,ratnamayi.paradesi[at]gmail[dot]com,https://kys.udiseplus.gov.in/#/schooldetail/4668610/12,4668610,07/01/2026 09:03,2480
******00201 Operational,,MPPS AVT GUDIMELLANKA,,,,Andhra Pradesh,1-Primary,33-MPP_ZPP SCHOOLS,1 To 2,3-Co-educational,1-Rural,Malikipuram,Gudimellanka,,,AYYAVARITHIPPA GUDIMELLANKA (VILL) GUDIMELLANKA(VILL) MALIKIPURAM(MANDAL) EAST GODAVARI(DIST),533253,mpppsavt[at]gmail[dot]com,https://kys.udiseplus.gov.in/#/schooldetail/4669063/12,4669063,21/06/2025 16:08,2480
******00303 Closed,Closed,MPPS BADAVA,,,,Andhra Pradesh,1-Primary,33-MPP_ZPP SCHOOLS,1 To 5,3-Co-educational,1-Rural,Malikipuram,Ramarajulanka,,,BADAVA RAMARAJULANKA (VILL) RAMARAJULANKA(VILL) MALIKIPURAM(MANDAL) EAST GODAVARI(DIST),533253,Mppsbadava[at]gmail[dot]com,https://kys.udiseplus.gov.in/#/schooldetail/4669074/12,4669074,14/08/2024 11:21,2480
******00101 Operational,,MPPS BADUGUVANILANKA,,,,Andhra Pradesh,1-Primary,33-MPP_ZPP SCHOOLS,1 To 2,3-Co-educational,1-Rural,Alamuru,Baduguvanilanka,,,AMBEDKAR STREET BADUGUVANILANKA BADUGUVANILANKA(VILL) ALAMURU(MANDAL) EAST GODAVARI(DIST),533126,meo.alamuru[at]gmail[dot]com,https://kys.udiseplus.gov.in/#/schooldetail/4667506/12,4667506,24/01/2023 17:06,2480
******00603 Operational,,MPPS BADUGUVARIPETA,,,,Andhra Pradesh,1-Primary,33-MPP_ZPP SCHOOLS,1 To 5,3-Co-educational,1-Rural,Amalapuram,Kamanagaruvu,,,BADUGUVARIPETA AMALAPURAM KAMANAGARUVU(VILL) AMALAPURAM(MANDAL) EAST GODAVARI(DIST),533213,ryali.bros[at]gmail[dot]com,https://kys.udiseplus.gov.in/#/schooldetail/4668638/12,4668638,20/12/2025 23:08,2480
******01004 Operational,,MPPS BAKKIVARIPETA,,,,Andhra Pradesh,1-Primary,33-MPP_ZPP SCHOOLS,1 To 5,3-Co-educational,1-Rural,Katrenikona,Geddanapalle,,,BAKKIVARI PETA GEDDANAPALLE (VILL) GEDDANAPALLE(VILL) KATRENIKONA(MANDAL) EAST GODAVARI(DIST),533212,mpupsbakkivaripeta[at]gmail[dot]com,https://kys.udiseplus.gov.in/#/schooldetail/4668479/12,4668479,15/10/2020 12:18,2480
******01003 Operational,,MPPS BALANTRAM,,,,Andhra Pradesh,1-Primary,33-MPP_ZPP SCHOOLS,1 To 5,3-Co-educational,1-Rural,NA,NA,,,BALANTRAM BALANTHARAM (VILL) BALANTRAM(VILL) K.GANGAVARAM(MANDAL) EAST GODAVARI(DIST),533263,naralakrishnakumar[at]gmail[dot]com,https://kys.udiseplus.gov.in/#/schooldetail/4667773/12,4667773,23/06/2022 14:29,2480
******00902 Operational,,MPPS BALUSUTIPPA,,,,Andhra Pradesh,1-Primary,33-MPP_ZPP SCHOOLS,1 To 5,3-Co-educational,1-Rural,Amalapuram,Indupalle,,,BALUSUTIPPA NEAR PANCHAYAT OFFICE INDUPALLE(VILL) AMALAPURAM(MANDAL) EAST GODAVARI(DIST),533221,mppsbalusutippa[at]gmail[dot]com,https://kys.udiseplus.gov.in/#/schooldetail/4668658/12,4668658,20/12/2025 23:18,2480
******00805 Operational,,MPPS BANAPURAM,,,,Andhra Pradesh,1-Primary,33-MPP_ZPP SCHOOLS,1 To 5,3-Co-educational,1-Rural,I. Polavaram,I. Polavaram,,,BANAPURAM I. POLAVARAM (VILL) I. POLAVARAM(VILL) I.POLAVARAM(MANDAL) EAST GODAVARI(DIST),533220,mppsbanapuramschool[at]gmail[dot]com,https://kys.udiseplus.gov.in/#/schooldetail/4668382/12,4668382,11/03/2024 19:00,2480
******00602 Operational,,MPPS BANDARU PALEM,,,,Andhra Pradesh,1-Primary,33-MPP_ZPP SCHOOLS,1 To 5,3-Co-educational,1-Rural,Mummidivaram,Kothalanka,,,KOTHALANKA(BANDARU PALEM) KOTHALANKA (VILL) KOTHALANKA(VILL) MUMMIDIVARAM(MANDAL) EAST GODAVARI(DIST),533216,mppsbandarupalem[at]gmail[dot]com,https://kys.udiseplus.gov.in/#/schooldetail/4668241/12,4668241,11/03/2024 18:53,2480
******00314 Operational,,MPPS BANDARUPETA,,,,Andhra Pradesh,1-Primary,33-MPP_ZPP SCHOOLS,1 To 5,3-Co-educational,1-Rural,Kothapeta,Kothapeta,,,BANDARUPETA KOTHAPETA (VILL) KOTHAPETA(VILL) KOTHAPETA(MANDAL) EAST GODAVARI(DIST),533223,,https://kys.udiseplus.gov.in/#/schooldetail/4667416/12,4667416,15/10/2020 12:18,2480
******00401 Operational,,MPPS BANTUMILLI,,,,Andhra Pradesh,1-Primary,33-MPP_ZPP SCHOOLS,1 To 5,3-Co-educational,1-Rural,Katrenikona,Bantumilli,,,BANTUMILLI BANTUMILLI (VILL) BANTUMILLI(VILL) KATRENIKONA(MANDAL) EAST GODAVARI(DIST),533222,,https://kys.udiseplus.gov.in/#/schooldetail/4668437/12,4668437,19/07/2022 12:23,2480
******02210 Operational,,MPPS BAPANAYYA CHERUVU,,,,Andhra Pradesh,1-Primary,33-MPP_ZPP SCHOOLS,1 To 5,3-Co-educational,1-Rural,Ramachandrapuram,Venkatayapalem,,,BAPANAYYA CHERUVU VENKATAYAPALEM(VILL) VENKATAYAPALEM(VILL) RAMACHANDRAPURAM(MANDAL) EAST GODAVARI(DIST),533262,mppupsbapanayyacheruvu[at]gmail[dot]com,https://kys.udiseplus.gov.in/#/schooldetail/4667303/12,4667303,25/06/2025 10:30,2480
******00702 Operational,,MPPS BATTELANKA,,,,Andhra Pradesh,1-Primary,33-MPP_ZPP SCHOOLS,1 To 5,3-Co-educational,1-Rural,Malikipuram,Kattiwanda,,,BATTELANKA KATTIMANDA (VILL) KATTIMANDA(VILL) MALIKIPURAM(MANDAL) EAST GODAVARI(DIST),533254,ulluribujjibabu[at]gmail[dot]com,https://kys.udiseplus.gov.in/#/schooldetail/4669116/12,4669116,15/10/2020 12:18,2480
******01101 Operational,,MPPS (BBN) MAKANAPALEM,,,,Andhra Pradesh,1-Primary,33-MPP_ZPP SCHOOLS,1 To 2,3-Co-educational,1-Rural,Mamidikuduru,Makanapalem,,,MAKANAPALEM(BABANAGAR COLONY) MAKANAPALEM (VILL) MAKANAPALEM(VILL) MAMIDIKUDURU(MANDAL) EAST GODAVARI(DIST),533247,meo.mamidikuduru[at]gmail[dot]com,https://kys.udiseplus.gov.in/#/schooldetail/4668944/12,4668944,25/01/2023 18:27,2480
******00302 Operational,,MPPS B. DODDAVARAM,,,,Andhra Pradesh,1-Primary,33-MPP_ZPP SCHOOLS,1 To 5,3-Co-educational,1-Rural,Mamidikuduru,Botlakurru Doddavaram,,,B.DODDAVARAM BOTLAKURRU DODDAVARAM (VILL) BOTLAKURRU DODDAVARAM(VILL) MAMIDIKUDURU(MANDAL) EAST GODAVARI(DIST),533247,BALAJI[at]GMAIL[dot]COM,https://kys.udiseplus.gov.in/#/schooldetail/4668897/12,4668897,18/07/2022 13:14,2480
******01310 Operational,,MPPS (BDP) CHALLAPALLI,,,,Andhra Pradesh,1-Primary,33-MPP_ZPP SCHOOLS,1 To 5,3-Co-educational,1-Rural,Uppalaguptam,T. Challapalle,,,BONDADIPETA T. CHALLAPALLE (VILL) T. CHALLAPALLE(VILL) UPPALAGUPTAM(MANDAL) EAST GODAVARI(DIST),533213,pvgopal551[at]gmail[dot]com,https://kys.udiseplus.gov.in/#/schooldetail/4668598/12,4668598,07/01/2026 09:01,2480
******00901 Operational,,MPPS BEERAVARIPETA,,,,Andhra Pradesh,1-Primary,33-MPP_ZPP SCHOOLS,1 To 5,3-Co-educational,1-Rural,Ambajipeta,K. Pedapudi,,,BEERAVARIPETA D NO 4-63 K. PEDAPUDI(VILL) AMBAJIPETA(MANDAL) EAST GODAVARI(DIST) 533239,533239,meo.ambajipeta[at]gmail[dot]com,https://kys.udiseplus.gov.in/#/schooldetail/4667657/12,4667657,23/12/2025 17:11,2480
******01106 Operational,,MPPS BEHARAVARI AGRAHARAM,,,,Andhra Pradesh,1-Primary,33-MPP_ZPP SCHOOLS,1 To 5,3-Co-educational,1-Rural,Ambajipeta,Machavaram,,,B.AGRAHARAM MACHAVARAM(U) (VILL) MACHAVARAM(U)(VILL) AMBAJIPETA(MANDAL) EAST GODAVARI(DIST),533214,meo.ambajipeta[at]gmail[dot]com,https://kys.udiseplus.gov.in/#/schooldetail/4668104/12,4668104,23/12/2025 17:16,2480
******00503 Operational,,MPPS BELLAMPUDI,,,,Andhra Pradesh,1-Primary,33-MPP_ZPP SCHOOLS,1 To 5,3-Co-educational,1-Rural,P.Gannavaram,Bellampudi,,,BELLAMPUDI BELLAMPUDI (VILL) BELLAMPUDI(VILL) P.GANNAVARAM(MANDAL) EAST GODAVARI(DIST),533240,,https://kys.udiseplus.gov.in/#/schooldetail/4667972/12,4667972,18/07/2022 15:03,2480
******01407 Operational,,MPPS BENDAMURLANKA,,,,Andhra Pradesh,1-Primary,33-MPP_ZPP SCHOOLS,1 To 5,3-Co-educational,1-Rural,Allavaram,Bendamurulanka,,,BENDAMURLANKA BENDAMURULANKA BENDAMURULANKA(VILL) ALLAVARAM(MANDAL) EAST GODAVARI(DIST),533210,meo.allavaram1[at]gmail[dot]com,https://kys.udiseplus.gov.in/#/schooldetail/4668870/12,4668870,19/12/2025 11:02,2480
******00724 Operational,,MPPS (BGC) MUMMIDIVARAM,,,,Andhra Pradesh,1-Primary,33-MPP_ZPP SCHOOLS,1 To 5,3-Co-educational,2-Urban,NA,,Mummidivaram Ward No.18,Mummidivaram-Town Panchayat,MUMMIDIVARAM(BALAGATACENTRE) MUMMIDIVARAM (VILL) MUMMIDIVARAM(VILL) MUMMIDIVARAM(MANDAL) EAST GODAVARI(DIST),533216,,https://kys.udiseplus.gov.in/#/schooldetail/4667827/12,4667827,15/10/2020 12:18,2480
******00905 Operational,,MPPS BHATLA PALEM,,,,Andhra Pradesh,1-Primary,33-MPP_ZPP SCHOOLS,1 To 5,3-Co-educational,1-Rural,Amalapuram,Indupalle,,,BHATLA PALEM INDUPALLE INDUPALLE(VILL) AMALAPURAM(MANDAL) EAST GODAVARI(DIST),533221,,https://kys.udiseplus.gov.in/#/schooldetail/4668661/12,4668661,20/12/2025 23:21,2480
******01215 Operational,,MPPS BHATTUCHERUVU,,,,Andhra Pradesh,1-Primary,33-MPP_ZPP SCHOOLS,1 To 5,3-Co-educational,1-Rural,Katrenikona,Pallamkurru,,,BHATTUCHERUVU PALLAMKURRU (VILL) PALLAMKURRU(VILL) KATRENIKONA(MANDAL) EAST GODAVARI(DIST),533212,Ssaleemabegum.98[at]gmail[dot]com,https://kys.udiseplus.gov.in/#/schooldetail/4668503/12,4668503,11/03/2024 19:10,2480
******00403 Operational,,MPPS BHAVANIPETA,,,,Andhra Pradesh,1-Primary,33-MPP_ZPP SCHOOLS,1 To 2,3-Co-educational,1-Rural,I. Polavaram,Yedurulanka,,,BHAVANIPETA YEDURULANKA (VILL) YEDURULANKA(VILL) I.POLAVARAM(MANDAL) EAST GODAVARI(DIST),533464,,https://kys.udiseplus.gov.in/#/schooldetail/4668339/12,4668339,25/01/2023 10:58,2480
******01202 Operational,,MPPS (BHC) LUTUKURRU,,,,Andhra Pradesh,1-Primary,33-MPP_ZPP SCHOOLS,1 To 5,3-Co-educational,1-Rural,Mamidikuduru,Lutukurru,,,BHUTHALACHERUVU LUTUKURRU (VILL) LUTUKURRU(VILL) MAMIDIKUDURU(MANDAL) EAST GODAVARI(DIST),533247,vraju133[at]gmail[dot]com,https://kys.udiseplus.gov.in/#/schooldetail/4668947/12,4668947,18/07/2022 16:28,2480
******00201 Operational,,MPPS BHEEMANAPALLI,,,,Andhra Pradesh,1-Primary,33-MPP_ZPP SCHOOLS,1 To 2,3-Co-educational,1-Rural,Uppalaguptam,Bheemanapalle,,,BHEEMANAPALLI BHEEMANAPALLI (VILL) BHEEMANAPALLI(VILL) UPPALAGUPTAM(MANDAL) EAST GODAVARI(DIST),533222,mppsbheemanapalli[at]gmail[dot]com,https://kys.udiseplus.gov.in/#/schooldetail/4668522/12,4668522,07/01/2026 08:40,2480
******01303 Operational,,MPPS BHEEM NAGAR,,,,Andhra Pradesh,1-Primary,33-MPP_ZPP SCHOOLS,1 To 5,3-Co-educational,1-Rural,NA,NA,,,"BHEEM NAGAR (VILL) ,TALLAPODU (PANCHAYAT) K.GANGAVARAM(MANDAL) KONASEEMA(DIST)",533263,jagudorababu[at]gmail[dot]com,https://kys.udiseplus.gov.in/#/schooldetail/4667777/12,4667777,25/09/2024 20:28,2480
******00506 Operational,,MPPS BHIRAVAPALEM TEMPLE,,,,Andhra Pradesh,1-Primary,33-MPP_ZPP SCHOOLS,1 To 5,3-Co-educational,1-Rural,I. Polavaram,Guthinadeevi,,,BHIRAYAPALEM GUTHINADEEVI (VILL) GUTHINADEEVI(VILL) I.POLAVARAM(MANDAL) EAST GODAVARI(DIST),533463,,https://kys.udiseplus.gov.in/#/schooldetail/4668347/12,4668347,16/06/2025 11:25,2480
******00601 Operational,,MPPS (BHP) PEDAPATNAM,,,,Andhra Pradesh,1-Primary,33-MPP_ZPP SCHOOLS,1 To 5,3-Co-educational,1-Rural,Mamidikuduru,Pedapatnam,,,PEDAPATNAM PEDAPATNAM (VILL) PEDAPATNAM(VILL) MAMIDIKUDURU(MANDAL) EAST GODAVARI(DIST),533247,,https://kys.udiseplus.gov.in/#/schooldetail/4668470/12,4668470,18/07/2022 16:12,2480
******00503 Operational,,MPPS BHYRAVALANKA,,,,Andhra Pradesh,1-Primary,33-MPP_ZPP SCHOOLS,1 To 5,3-Co-educational,1-Rural,I. Polavaram,Guthinadeevi,,,BHYRAVALANKA GUTHINADEEVI (VILL) GUTHINADEEVI(VILL) I.POLAVARAM(MANDAL) EAST GODAVARI(DIST),533464,suresh280185[at]gmail[dot]com,https://kys.udiseplus.gov.in/#/schooldetail/4668344/12,4668344,09/05/2022 18:29,2480
******00701 Operational,,MPPS BILLA KURRU,,,,Andhra Pradesh,1-Primary,33-MPP_ZPP SCHOOLS,1 To 5,3-Co-educational,1-Rural,Kothapeta,Billa Kurru,,,BILLA KURRU BILLA KURRU (VILL) BILLA KURRU(VILL) KOTHAPETA(MANDAL) EAST GODAVARI(DIST),533228,mpppsbillakurru[at]gmail[dot]com,https://kys.udiseplus.gov.in/#/schooldetail/4667897/12,4667897,15/10/2020 12:18,2480
******01203 Operational,,MPPS (BKN) SAKURRU,,,,Andhra Pradesh,1-Primary,33-MPP_ZPP SCHOOLS,1 To 5,3-Co-educational,1-Rural,Amalapuram,Sakuru,,,SAKURU(BALAKRISHNA NAGAR) SAKURU SAKURU(VILL) AMALAPURAM(MANDAL) EAST GODAVARI(DIST),533221,mpppschoolbknsakurru[at]gmail[dot]com,https://kys.udiseplus.gov.in/#/schooldetail/4668204/12,4668204,20/12/2025 23:29,2480
******01203 Operational,,MPPS (BL) LUTUKURRU,,,,Andhra Pradesh,1-Primary,33-MPP_ZPP SCHOOLS,1 To 5,3-Co-educational,1-Rural,Mamidikuduru,Lutukurru,,,BADI LANKA LUTUKURRU (VILL) LUTUKURRU(VILL) MAMIDIKUDURU(MANDAL) EAST GODAVARI(DIST),533247,ravikumarchikkams[at]gmail[dot]com,https://kys.udiseplus.gov.in/#/schooldetail/4668948/12,4668948,18/07/2022 16:28,2480
******00702 Operational,,MPPS (BN) ETHAKOTA,,,,Andhra Pradesh,1-Primary,33-MPP_ZPP SCHOOLS,1 To 2,3-Co-educational,1-Rural,Ravulapalem,Ithakota,,,BABA NAGAR ETHAKOTA (VILL) ETHAKOTA(VILL) RAVULAPALEM(MANDAL) EAST GODAVARI(DIST),533238,,https://kys.udiseplus.gov.in/#/schooldetail/4667723/12,4667723,24/01/2023 19:32,2480
******01002 Operational,,MPPS (BN) KESANAPALLI,,,,Andhra Pradesh,1-Primary,33-MPP_ZPP SCHOOLS,1 To 5,3-Co-educational,1-Rural,Malikipuram,Kesanapalle,,,BUDDA NAGAR KESANAPALLE (VILL) KESANAPALLE(VILL) MALIKIPURAM(MANDAL) EAST GODAVARI(DIST),533244,,https://kys.udiseplus.gov.in/#/schooldetail/4669137/12,4669137,15/10/2020 12:18,2480
******00105 Closed,Closed,MPPS (BN) VILASAVILLI,,,,Andhra Pradesh,1-Primary,33-MPP_ZPP SCHOOLS,1 To 2,3-Co-educational,1-Rural,Uppalaguptam,Vilasavilli,,,BHEEMN NAGAR VILASAVILLI (VILL) VILASAVILLI(VILL) UPPALAGUPTAM(MANDAL) EAST GODAVARI(DIST),533213,,https://kys.udiseplus.gov.in/#/schooldetail/4668519/12,4668519,27/12/2023 18:18,2480
******00605 Operational,,MPPS (BN) YERRAGARUVU,,,,Andhra Pradesh,1-Primary,33-MPP_ZPP SCHOOLS,1 To 5,3-Co-educational,1-Rural,I. Polavaram,G. Vemavaram,,,BHEEM NAGAR G VEMAVARAM G VEMAVARAM(VILL) I POLAVARAM(MANDAL) EAST GODAVARI(DIST),533464,mpps.beemnagar.605[at]gmail[dot]com,https://kys.udiseplus.gov.in/#/schooldetail/4668359/12,4668359,11/03/2024 18:58,2480
******00103 Operational,,MPPS BOBBERLANKA,,,,Andhra Pradesh,1-Primary,33-MPP_ZPP SCHOOLS,1 To 2,3-Co-educational,1-Rural,Atreyapuram,Peravaram,,,BOBBERLANKA PERAVARAM PERAVARAM(VILL) ATREYAPURAM(MANDAL) EAST GODAVARI(DIST),533235,,https://kys.udiseplus.gov.in/#/schooldetail/4667582/12,4667582,20/06/2025 10:26,2480
******00706 Operational,,MPPS BODAPATIVARIPALEM,,,,Andhra Pradesh,1-Primary,33-MPP_ZPP SCHOOLS,1 To 5,3-Co-educational,1-Rural,P.Gannavaram,Patha Gannavaram,,,BODAPATIVARIPALEM PATHA GANNAVARAM (VILL) PATHA GANNAVARAM(VILL) P.GANNAVARAM(MANDAL) EAST GODAVARI(DIST),533240,mppsbodapativaripalem[at]gmail[dot]com,https://kys.udiseplus.gov.in/#/schooldetail/4667982/12,4667982,18/07/2022 15:07,2480
******00106 Operational,,MPPS BODASAKURRU,,,,Andhra Pradesh,1-Primary,33-MPP_ZPP SCHOOLS,1 To 5,3-Co-educational,1-Rural,Allavaram,Bodasakurru,,,BODASAKURRU BODASAKURRU BODASAKURRU(VILL) ALLAVARAM(MANDAL) EAST GODAVARI(DIST),533215,meo.allavaram1[at]gmail[dot]com,https://kys.udiseplus.gov.in/#/schooldetail/4668797/12,4668797,19/12/2025 10:41,2480
******00102 Operational,,MPPS BODASAKURRUPALEM,,,,Andhra Pradesh,1-Primary,33-MPP_ZPP SCHOOLS,1 To 5,3-Co-educational,1-Rural,Allavaram,Bodasakurru,,,BODASAKURRUPALEM BODASAKURRU BODASAKURRU(VILL) ALLAVARAM(MANDAL) EAST GODAVARI(DIST),533215,sekharvarma.datla[at]gmail[dot]com,https://kys.udiseplus.gov.in/#/schooldetail/4668793/12,4668793,19/12/2025 10:40,2480
******01402 Permanently Closed,,MPPS BODI LANKA,,,,Andhra Pradesh,1-Primary,33-MPP_ZPP SCHOOLS,1 To 5,3-Co-educational,9-NA,NA,,,,NA,533263,,https://kys.udiseplus.gov.in/#/schooldetail/4714939/12,4714939,15/10/2020 12:18,2480
******01107 Operational,,MPPS BOJJAVARIPETA,,,,Andhra Pradesh,1-Primary,33-MPP_ZPP SCHOOLS,1 To 5,3-Co-educational,1-Rural,Katrenikona,Kandikuppa,,,BOJJAVARIPETA KANDIKUPPA (VILL) KANDIKUPPA(VILL) KATRENIKONA(MANDAL) EAST GODAVARI(DIST),533212,mppsbojjavaripeta110[at]gmail[dot]com,https://kys.udiseplus.gov.in/#/schooldetail/4668486/12,4668486,11/03/2024 19:11,2480
******00503 Operational,,MPPS BOKKAVARIPALEM,,,,Andhra Pradesh,1-Primary,33-MPP_ZPP SCHOOLS,1 To 5,3-Co-educational,1-Rural,Ravulapalem,Vedireswaram,,,BOKKAVARIPALEM VEDIRESWARAM (VILL) VEDIRESWARAM(VILL) RAVULAPALEM(MANDAL) EAST GODAVARI(DIST),533238,mppsbokkavaripalem[at]gmail[dot]com,https://kys.udiseplus.gov.in/#/schooldetail/4667709/12,4667709,15/10/2020 12:18,2480
******00203 Operational,,MPPS BOMMARALATIPPA,,,,Andhra Pradesh,1-Primary,33-MPP_ZPP SCHOOLS,1 To 5,3-Co-educational,1-Rural,Ainavilli,Veeravallipalem,,,BOMMARALATIPPA VEERAVALLIPALEM VEERAVALLIPALEM(VILL) AINAVILLI(MANDAL) EAST GODAVARI(DIST),533211,,https://kys.udiseplus.gov.in/#/schooldetail/4668128/12,4668128,18/07/2022 14:14,2480
******02105 Permanently Closed,,MPPS BONDILAGUDEM,,,,Andhra Pradesh,1-Primary,33-MPP_ZPP SCHOOLS,1 To 5,3-Co-educational,1-Rural,Ramachandrapuram,Vegayammapeta,,,NA,533262,,https://kys.udiseplus.gov.in/#/schooldetail/4714903/12,4714903,15/10/2020 12:18,2480
******01208 Operational,,MPPS BOOLAVARIPETA,,,,Andhra Pradesh,1-Primary,33-MPP_ZPP SCHOOLS,1 To 5,3-Co-educational,1-Rural,Katrenikona,Pallamkurru,,,BOOLAVARIPETA PALLAMKURRU (VILL) PALLAMKURRU(VILL) KATRENIKONA(MANDAL) EAST GODAVARI(DIST),533212,meo.katrenikona52[at]gmail[dot]com,https://kys.udiseplus.gov.in/#/schooldetail/4668498/12,4668498,15/10/2020 12:18,2480
******01104 Operational,,MPPS BORRVARI PALEM,,,,Andhra Pradesh,1-Primary,33-MPP_ZPP SCHOOLS,1 To 5,3-Co-educational,1-Rural,Mummidivaram,Ainapuram,,,BORRVARI PALEM AINAPURAM (VILL) AINAPURAM(VILL) MUMMIDIVARAM(MANDAL) EAST GODAVARI(DIST),533216,,https://kys.udiseplus.gov.in/#/schooldetail/4668310/12,4668310,11/03/2024 19:07,2480
******01902 Operational,,MPPS BOUDHANAGAR,,,,Andhra Pradesh,1-Primary,33-MPP_ZPP SCHOOLS,1 To 5,3-Co-educational,1-Rural,Ramachandrapuram,Unduru,,,BOUDHANAGAR UNDURU (VILL) UNDURU(VILL) RAMACHANDRAPURAM(MANDAL) EAST GODAVARI(DIST),533262,mppsboudhanagar[at]gmail[dot]com,https://kys.udiseplus.gov.in/#/schooldetail/4666881/12,4666881,15/10/2020 12:18,2480
******00103 Operational,,MPPS (B) PALLIPALEM,,,,Andhra Pradesh,1-Primary,33-MPP_ZPP SCHOOLS,1 To 5,3-Co-educational,1-Rural,Allavaram,Bodasakurru,,,PALLIPALEM BODASAKURRU BODASAKURRU(VILL) ALLAVARAM(MANDAL) EAST GODAVARI(DIST),533215,vkdurga247[at]gmail[dot]com,https://kys.udiseplus.gov.in/#/schooldetail/4668794/12,4668794,19/12/2025 10:40,2480
******00211 Operational,,MPPS (BP) BHEEMANAPALLI,,,,Andhra Pradesh,1-Primary,33-MPP_ZPP SCHOOLS,1 To 5,3-Co-educational,1-Rural,Uppalaguptam,Bheemanapalle,,,BHATTUPALEM BHEEMANAPALLI (VILL) BHEEMANAPALLI(VILL) UPPALAGUPTAM(MANDAL) EAST GODAVARI(DIST),533222,,https://kys.udiseplus.gov.in/#/schooldetail/4668529/12,4668529,07/01/2026 08:43,2480
******01307 Operational,,MPPS (BP) CHALLAPALLI,,,,Andhra Pradesh,1-Primary,33-MPP_ZPP SCHOOLS,1 To 5,3-Co-educational,1-Rural,Uppalaguptam,T. Challapalle,,,BANDARUPETA T. CHALLAPALLE (VILL) T. CHALLAPALLE(VILL) UPPALAGUPTAM(MANDAL) EAST GODAVARI(DIST),533213,mohammedyusaf8044[at]gmail[dot]com,https://kys.udiseplus.gov.in/#/schooldetail/4668595/12,4668595,07/01/2026 09:02,2480
******00401 Operational,,MPPS (BP) PASARLAPUDI,,,,Andhra Pradesh,1-Primary,33-MPP_ZPP SCHOOLS,1 To 5,3-Co-educational,1-Rural,Mamidikuduru,Pasarlapudi,,,PASARLAPUDI(BOMMIDIPALAM) PASARLAPUDI (VILL) PASARLAPUDI(VILL) MAMIDIKUDURU(MANDAL) EAST GODAVARI(DIST),533247,mpppsbp[at]gmail[dot]com,https://kys.udiseplus.gov.in/#/schooldetail/4668898/12,4668898,18/07/2022 13:15,2480
******00804 Operational,,MPPS (BP) VENTURU,,,,Andhra Pradesh,1-Primary,33-MPP_ZPP SCHOOLS,1 To 5,3-Co-educational,1-Rural,Rayavaram,Venturu,,,BUTTAIPETA VENTURU (VILL) VENTURU(VILL) RAYAVARAM(MANDAL) EAST GODAVARI(DIST),533255,,https://kys.udiseplus.gov.in/#/schooldetail/4667011/12,4667011,22/12/2025 21:09,2480
******01004 Operational,,MPPS (BRA) GOPALAPURAM,,,,Andhra Pradesh,1-Primary,33-MPP_ZPP SCHOOLS,1 To 5,3-Co-educational,1-Rural,Ravulapalem,Gopalapuram,,,BRIDGE ROAD ARREA GOPALAPURAM (VILL) GOPALAPURAM(VILL) RAVULAPALEM(MANDAL) EAST GODAVARI(DIST),533274,meo.ravulapalem[at]gmail[dot]com,https://kys.udiseplus.gov.in/#/schooldetail/4667740/12,4667740,15/10/2020 12:18,2480
******00603 Operational,,MPPS BRAHMANNA CHERUVU,,,,Andhra Pradesh,1-Primary,33-MPP_ZPP SCHOOLS,1 To 5,3-Co-educational,1-Rural,Katrenikona,Katrenikona,,,BRAHMANNACHERUVU KATRENIKONA (VILL) KATRENIKONA(VILL) KATRENIKONA(MANDAL) EAST GODAVARI(DIST),533212,mppsbrahmannachervu[at]gmail[dot]com,https://kys.udiseplus.gov.in/#/schooldetail/4667992/12,4667992,19/07/2022 12:25,2480
******02404 Operational,,MPPS BRAHMAPURI,,,,Andhra Pradesh,1-Primary,33-MPP_ZPP SCHOOLS,1 To 5,3-Co-educational,1-Rural,NA,NA,,,BRAHMAPURI MASAKAPALLI (VILL) MASAKAPALLI(VILL) K.GANGAVARAM(MANDAL) EAST GODAVARI(DIST),533264,,https://kys.udiseplus.gov.in/#/schooldetail/4667818/12,4667818,23/06/2022 14:43,2480
******01303 Operational,,MPPS BRAHMASAMEDHYAM,,,,Andhra Pradesh,1-Primary,33-MPP_ZPP SCHOOLS,1 To 5,3-Co-educational,1-Rural,Katrenikona,Brahmasamedyam,,,BRAHMASAMEDHYAM BRAHMASAMEDHYAM (VILL) BRAHMASAMEDHYAM(VILL) KATRENIKONA(MANDAL) EAST GODAVARI(DIST),533212,meo.katrenikona52[at]gmail[dot]com,https://kys.udiseplus.gov.in/#/schooldetail/4668511/12,4668511,15/10/2020 12:18,2480
******00306 Operational,,MPPS (B) SAVARAM,,,,Andhra Pradesh,1-Primary,33-MPP_ZPP SCHOOLS,1 To 5,3-Co-educational,1-Rural,Kothapeta,Kothapeta,,,B.SAVARAM NEAR DURGA TEMPLE KOTHAPETA MANDAL EAST GODAVARI(DIST),533223,meo.kothapeta[at]gmail[dot]com,https://kys.udiseplus.gov.in/#/schooldetail/4667840/12,4667840,15/10/2020 12:18,2480
******00606 Operational,,MPPS B SAVARAM,,,,Andhra Pradesh,1-Primary,33-MPP_ZPP SCHOOLS,1 To 5,3-Co-educational,1-Rural,Razole,B. Savaram,,,B.SAVARAM B.SAVARAM(VILL) B. SAVARAM(VILL) RAZOLE(MANDAL) EAST GODAVARI(DIST),533242,muralimaddula69[at]gmail[dot]com,https://kys.udiseplus.gov.in/#/schooldetail/4669018/12,4669018,27/01/2023 14:03,2480
******00501 Operational,,MPPS (B) SETTIPETA,,,,Andhra Pradesh,1-Primary,33-MPP_ZPP SCHOOLS,1 To 5,3-Co-educational,1-Rural,Amalapuram,Bhatnavilli,,,B.SETTIPETA BHATNAVILLE BHATNAVILLE(VILL) AMALAPURAM(MANDAL) EAST GODAVARI(DIST),533222,seshasrivundru[at]gmail[dot]com,https://kys.udiseplus.gov.in/#/schooldetail/4668630/12,4668630,20/12/2025 23:01,2480
******00703 Operational,,MPPS (BSM) NAGARAM,,,,Andhra Pradesh,1-Primary,33-MPP_ZPP SCHOOLS,1 To 2,3-Co-educational,1-Rural,Mamidikuduru,Nagaram,,,NAGARAM(B S MURTHY ROAD) NAGARAM (VILL) NAGARAM(VILL) MAMIDIKUDURU(MANDAL) EAST GODAVARI(DIST),533247,,https://kys.udiseplus.gov.in/#/schooldetail/4668919/12,4668919,25/01/2023 18:23,2480
******01404 Operational,,MPPS (BST) ADURRU,,,,Andhra Pradesh,1-Primary,33-MPP_ZPP SCHOOLS,1 To 5,3-Co-educational,1-Rural,Mamidikuduru,Adurru,,,BOUDHASTUPAM ADURRU (VILL) ADURRU(VILL) MAMIDIKUDURU(MANDAL) EAST GODAVARI(DIST),533247,,https://kys.udiseplus.gov.in/#/schooldetail/4668958/12,4668958,18/07/2022 16:38,2480
******00302 Operational,,MPPS BUDDHA NAGAR,,,,Andhra Pradesh,1-Primary,33-MPP_ZPP SCHOOLS,1 To 5,3-Co-educational,1-Rural,Ambajipeta,Mukkamala,,,BUDHAH NAGAR MUKKAMALA MUKKAMALA(VILL) AMBAJIPETA(MANDAL) EAST GODAVARI(DIST),533241,mpppsbuddhanagar[at]gmail[dot]com,https://kys.udiseplus.gov.in/#/schooldetail/4668051/12,4668051,23/12/2025 17:03,2480
******01310 Permanently Closed,,MPPS BULAVARIPETA,,,,Andhra Pradesh,1-Primary,33-MPP_ZPP SCHOOLS,1 To 5,3-Co-educational,1-Rural,Amalapuram,Peruru,,,NA,533218,,https://kys.udiseplus.gov.in/#/schooldetail/4714997/12,4714997,15/10/2020 12:18,2480
******01304 Operational,,MPPS BULLEYYA COLONY,,,,Andhra Pradesh,1-Primary,33-MPP_ZPP SCHOOLS,1 To 2,3-Co-educational,1-Rural,Ambajipeta,Thondavaram,,,BULLIYYA COLONY THONDAVARAM THONDAVARAM(VILL) AMBAJIPETA(MANDAL) EAST GODAVARI(DIST),533218,meo.ambajipeta[at]gmail[dot]com,https://kys.udiseplus.gov.in/#/schooldetail/4668121/12,4668121,23/12/2025 17:20,2480
******01505 Operational,,MPPS BULLEYYAREVU,,,,Andhra Pradesh,1-Primary,33-MPP_ZPP SCHOOLS,1 To 5,3-Co-educational,1-Rural,Atreyapuram,Ryali,,,BULLEYYAREVU RYALI (VILL) RYALI(VILL) ATREYAPURAM(MANDAL) EAST GODAVARI(DIST),533236,,https://kys.udiseplus.gov.in/#/schooldetail/4667643/12,4667643,18/07/2022 13:43,2480
******00405 Operational,,MPPS BURUGUGUNTA,,,,Andhra Pradesh,1-Primary,33-MPP_ZPP SCHOOLS,1 To 5,3-Co-educational,1-Rural,P.Gannavaram,Narendrapuram,,,BURUGUGUNTA NARENDRAPURAM (VILL) NARENDRAPURAM(VILL) P.GANNAVARAM(MANDAL) EAST GODAVARI(DIST),533229,,https://kys.udiseplus.gov.in/#/schooldetail/4667961/12,4667961,18/07/2022 14:53,2480
******00105 Operational,,MPPS BURUGULANKA,,,,Andhra Pradesh,1-Primary,33-MPP_ZPP SCHOOLS,1 To 5,3-Co-educational,1-Rural,P.Gannavaram,Ganti Pedapudi,,,BURUGULANKA GANTI PEDAPUDI (VILL) GANTI PEDAPUDI(VILL) P.GANNAVARAM(MANDAL) EAST GODAVARI(DIST),533274,mpppsburugulanaka[at]gmail[dot]com,https://kys.udiseplus.gov.in/#/schooldetail/4667943/12,4667943,18/07/2022 14:40,2480
******00518 Operational,,MPPS (BVG) VV MERAKA,,,,Andhra Pradesh,1-Primary,33-MPP_ZPP SCHOOLS,1 To 5,3-Co-educational,1-Rural,Sakhinetipalle,Antarvedipalem,,,B.V.GROUP ANTARVEDIPALEM (VILL) ANTARVEDIPALEM(VILL) SAKHINETIPALLI(MANDAL) EAST GODAVARI(DIST),533252,smganta251213[at]gmail[dot]com,https://kys.udiseplus.gov.in/#/schooldetail/4669228/12,4669228,11/03/2024 18:14,2480
******00803 Operational,,MPPS (BV) KODAPA,,,,Andhra Pradesh,1-Primary,33-MPP_ZPP SCHOOLS,1 To 5,3-Co-educational,1-Rural,Sakhinetipalle,Antarvedi,,,B.V.KODAPA ANTARVEDI (VILL) ANTARVEDI(VILL) SAKHINETIPALLI(MANDAL) EAST GODAVARI(DIST),533252,mpppsbvkodapa[at]gmail[dot]com,https://kys.udiseplus.gov.in/#/schooldetail/4669253/12,4669253,15/10/2020 12:18,2480
******00602 Operational,,MPPS (BVP) B SAVARAM,,,,Andhra Pradesh,1-Primary,33-MPP_ZPP SCHOOLS,1 To 5,3-Co-educational,1-Rural,Razole,B. Savaram,,,B H PETA B. SAVARAM (VILL) B. SAVARAM(VILL) RAZOLE(MANDAL) EAST GODAVARI(DIST),533242,,https://kys.udiseplus.gov.in/#/schooldetail/4669014/12,4669014,15/10/2020 12:18,2480
******00803 Operational,,MPPS (BVP) EDARAPALLI,,,,Andhra Pradesh,1-Primary,33-MPP_ZPP SCHOOLS,1 To 5,3-Co-educational,1-Rural,Amalapuram,Edarapalle,,,BONTHUVARIPETA EDARAPALLE EDARAPALLE(VILL) AMALAPURAM(MANDAL) EAST GODAVARI(DIST),533201,,https://kys.udiseplus.gov.in/#/schooldetail/4668653/12,4668653,20/12/2025 15:24,2480
******00901 Operational,,MPPS (BVP) INDUPALLI,,,,Andhra Pradesh,1-Primary,33-MPP_ZPP SCHOOLS,1 To 5,3-Co-educational,1-Rural,Amalapuram,Indupalle,,,BONTHUVARI PETA INDUPALLE INDUPALLE(VILL) AMALAPURAM(MANDAL) EAST GODAVARI(DIST),533221,mppsbonthuvaripeta[at]gmail[dot]com,https://kys.udiseplus.gov.in/#/schooldetail/4668657/12,4668657,20/12/2025 15:26,2480
******00401 Operational,,MPPS (BVP) MALIKIPURAM,,,,Andhra Pradesh,1-Primary,33-MPP_ZPP SCHOOLS,1 To 2,3-Co-educational,1-Rural,Malikipuram,Malikipuram,,,BHUPATHI VARI PETA MALIKIPURAM (VILL) MALIKIPURAM(VILL) MALIKIPURAM(MANDAL) EAST GODAVARI(DIST),533253,,https://kys.udiseplus.gov.in/#/schooldetail/4669078/12,4669078,27/01/2023 10:52,2480
******00103 Operational,,MPPS (BVP) PEDAPATNAMLANKA,,,,Andhra Pradesh,1-Primary,33-MPP_ZPP SCHOOLS,1 To 2,3-Co-educational,1-Rural,Mamidikuduru,Pedapatnam Lanka,,,BOKKAVARI PALEM PEDAPATNAM LANKA (VILL) PEDAPATNAM LANKA(VILL) MAMIDIKUDURU(MANDAL) EAST GODAVARI(DIST),533247,,https://kys.udiseplus.gov.in/#/schooldetail/4668884/12,4668884,25/01/2023 18:18,2480
******00104 Operational,,MPPS (BVP) VILASAVILLI,,,,Andhra Pradesh,1-Primary,33-MPP_ZPP SCHOOLS,1 To 5,3-Co-educational,1-Rural,Uppalaguptam,Vilasavilli,,,BEERAVARIPETA VILASAVILLI (VILL) VILASAVILLI(VILL) UPPALAGUPTAM(MANDAL) EAST GODAVARI(DIST),533213,,https://kys.udiseplus.gov.in/#/schooldetail/4668518/12,4668518,07/01/2026 08:39,2480
******00901 Operational,,MPPS (BVS) GEDDADA,,,,Andhra Pradesh,1-Primary,33-MPP_ZPP SCHOOLS,1 To 5,3-Co-educational,1-Rural,Mamidikuduru,Geddada,,,GEDDADA(BORUSU VARI STREET) GEDDADA (VILL) GEDDADA(VILL) MAMIDIKUDURU(MANDAL) EAST GODAVARI(DIST),533249,bvsreet.geddada[at]gmail[dot]com,https://kys.udiseplus.gov.in/#/schooldetail/4668937/12,4668937,18/07/2022 16:24,2480
******00503 Permanently Closed,,MPPS (BVS) KALERU,,,,Andhra Pradesh,1-Primary,33-MPP_ZPP SCHOOLS,1 To 5,3-Co-educational,1-Rural,Kapileswarapuram,Kaleru,,,NA,533307,,https://kys.udiseplus.gov.in/#/schooldetail/4714918/12,4714918,15/10/2020 12:18,2480
******00207 Permanently Closed,,MPPS (BVS) LANKA OF THANELANKA,,,,Andhra Pradesh,1-Primary,33-MPP_ZPP SCHOOLS,1 To 5,3-Co-educational,1-Rural,Mummidivaram,Tanelanka,,,NA,533216,,https://kys.udiseplus.gov.in/#/schooldetail/4714971/12,4714971,15/10/2020 12:18,2480
******01001 Permanently Closed,,MPPS (BVS) TAPESWARAM,,,,Andhra Pradesh,1-Primary,33-MPP_ZPP SCHOOLS,1 To 5,3-Co-educational,1-Rural,Mandapeta,Tapeswaram,,,NA,533340,,https://kys.udiseplus.gov.in/#/schooldetail/4714839/12,4714839,15/10/2020 12:18,2480
******01102 Operational,,MPPS (BYC) MULKIPALLI,,,,Andhra Pradesh,1-Primary,33-MPP_ZPP SCHOOLS,1 To 5,3-Co-educational,1-Rural,Razole,Mulikipalle,,,MULIKIPALLI MULIKIPALLI (VILL) MULIKIPALLE(VILL) RAZOLE(MANDAL) EAST GODAVARI(DIST),533248,vvsraoadabala[at]gmail[dot]com,https://kys.udiseplus.gov.in/#/schooldetail/4669045/12,4669045,22/11/2025 13:11,2480
******01103 Operational,,MPPS (CG) SIRIPALLI,,,,Andhra Pradesh,1-Primary,33-MPP_ZPP SCHOOLS,1 To 5,3-Co-educational,1-Rural,Ainavilli,Siripalle,,,SIRIPALLE SIRIPALLE (VILL) SIRIPALLE(VILL) AINAVILLI(MANDAL) EAST GODAVARI(DIST),533211,,https://kys.udiseplus.gov.in/#/schooldetail/4668175/12,4668175,19/07/2022 12:09,2480
******01802 Operational,,MPPS CHAKALIPALEM,,,,Andhra Pradesh,1-Primary,33-MPP_ZPP SCHOOLS,1 To 5,3-Co-educational,1-Rural,P.Gannavaram,Vadrevupalle,,,CHAKALIPALEM VADREVUPALLE (VILL) VADREVUPALLE(VILL) P.GANNAVARAM(MANDAL) EAST GODAVARI(DIST),533249,mpppschakalipalem[at]gmail[dot]com,https://kys.udiseplus.gov.in/#/schooldetail/4668045/12,4668045,18/07/2022 15:29,2480
******01005 Operational,,MPPS CHAKIREVU CHERUVU,,,,Andhra Pradesh,1-Primary,33-MPP_ZPP SCHOOLS,1 To 5,3-Co-educational,1-Rural,I. Polavaram,Kesanakurru,,,CHAKIREVUCERUVU KESANAKURRU KESANAKURRU(VILL) I.POLAVARAM(MANDAL) EAST GODAVARI(DIST),533220,mppschakirevucheruvu[at]gmail[dot]com,https://kys.udiseplus.gov.in/#/schooldetail/4668404/12,4668404,09/05/2022 18:58,2480
******01301 Operational,,MPPS CHALLAPALLI,,,,Andhra Pradesh,1-Primary,33-MPP_ZPP SCHOOLS,1 To 5,3-Co-educational,1-Rural,Uppalaguptam,T. Challapalle,,,CHALLAPALLI T. CHALLAPALLE (VILL) T. CHALLAPALLE(VILL) UPPALAGUPTAM(MANDAL) EAST GODAVARI(DIST),533213,Kolliswathiraj348[at]gmail[dot]com,https://kys.udiseplus.gov.in/#/schooldetail/4668590/12,4668590,07/01/2026 09:01,2480
******00603 Operational,,MPPS CHAPPIDIVARI PALEM,,,,Andhra Pradesh,1-Primary,33-MPP_ZPP SCHOOLS,1 To 2,3-Co-educational,1-Rural,Kothapeta,Avidi,,,CHAPPIDIVARI PALEM AVIDI (VILL) AVIDI(VILL) KOTHAPETA(MANDAL) EAST GODAVARI(DIST),533228,,https://kys.udiseplus.gov.in/#/schooldetail/4667887/12,4667887,25/01/2023 16:27,2480
******01312 Operational,,MPPS (CHC) CHALLAPALLI,,,,Andhra Pradesh,1-Primary,33-MPP_ZPP SCHOOLS,1 To 5,3-Co-educational,1-Rural,Uppalaguptam,T. Challapalle,,,CHINTHALA CHERUVU T. CHALLAPALLE (VILL) T. CHALLAPALLE(VILL) UPPALAGUPTAM(MANDAL) EAST GODAVARI(DIST),533213,-mppschcchallapalli[at]gmail[dot]com,https://kys.udiseplus.gov.in/#/schooldetail/4668602/12,4668602,07/01/2026 09:05,2480
******00502 Operational,,MPPS CHEEKATLAVARIPETA,,,,Andhra Pradesh,1-Primary,33-MPP_ZPP SCHOOLS,1 To 5,3-Co-educational,1-Rural,Ambajipeta,Pulletikurru,,,CHEEKATLAVARIPETA PULLETIKURRU PULLETIKURRU(VILL) AMBAJIPETA(MANDAL) EAST GODAVARI(DIST),533239,mppscheekatlavaripeta[at]gmail[dot]com,https://kys.udiseplus.gov.in/#/schooldetail/4668061/12,4668061,23/12/2025 17:05,2480
******00406 Operational,,MPPS CHELLINGIVARI GUDEM,,,,Andhra Pradesh,1-Primary,33-MPP_ZPP SCHOOLS,1 To 5,3-Co-educational,1-Rural,Razole,Razole,,,RAZOLE RAZOLE (PT) (VILL) RAZOLE (PT)(VILL) RAZOLE(MANDAL) EAST GODAVARI(DIST),533242,vijayasrid69[at]gmail[dot]com,https://kys.udiseplus.gov.in/#/schooldetail/4668993/12,4668993,15/10/2020 12:18,2480
******00305 Operational,,MPPS CHEMUDULANKA,,,,Andhra Pradesh,1-Primary,33-MPP_ZPP SCHOOLS,1 To 5,3-Co-educational,1-Rural,Alamuru,Chemudu Lanka,,,CHEMUDULANKA CHURCH STREET CHOPPELA(VILL) ALAMURU(MANDAL) EAST GODAVARI(DIST),533233,mpps.chemudulanka[at]gmail[dot]com,https://kys.udiseplus.gov.in/#/schooldetail/4667519/12,4667519,15/10/2020 12:18,2480
******00702 Closed,Closed,MPPS CHERCHPETA,,,,Andhra Pradesh,1-Primary,33-MPP_ZPP SCHOOLS,1 To 2,3-Co-educational,1-Rural,Sakhinetipalle,Kesavadasupalem,,,CHURCH PETA KESAVADASUPALEM (VILL) KESAVADASUPALEM(VILL) SAKHINETIPALLI(MANDAL) EAST GODAVARI(DIST),533252,churchpetaschool[at]gmail[dot]com,https://kys.udiseplus.gov.in/#/schooldetail/4668806/12,4668806,07/08/2025 09:59,2480
******01206 Permanently Closed,,MPPS CHERIGUDEM,,,,Andhra Pradesh,1-Primary,33-MPP_ZPP SCHOOLS,1 To 5,3-Co-educational,1-Rural,Kapileswarapuram,Kedara Lanka,,,NA,533223,,https://kys.udiseplus.gov.in/#/schooldetail/4714920/12,4714920,15/10/2020 12:18,2480
******00502 Operational,,MPPS CHERIPOLAM,,,,Andhra Pradesh,1-Primary,33-MPP_ZPP SCHOOLS,1 To 5,3-Co-educational,1-Rural,NA,NA,,,5-98/7 CHERIPOLAM KUNDURU (VILL) KUNDURU(VILL) K.GANGAVARAM(MANDAL) EAST GODAVARI(DIST),533262,,https://kys.udiseplus.gov.in/#/schooldetail/4667757/12,4667757,23/06/2022 14:25,2480
******00101 Operational,,MPPS CHEYYERU,,,,Andhra Pradesh,1-Primary,33-MPP_ZPP SCHOOLS,1 To 2,3-Co-educational,1-Rural,Katrenikona,Cheyyeru,,,CHEYYERU CHEYYERU (VILL) CHEYYERU(VILL) KATRENIKONA(MANDAL) EAST GODAVARI(DIST),533222,,https://kys.udiseplus.gov.in/#/schooldetail/4668422/12,4668422,25/01/2023 14:37,2480
******00107 Operational,,MPPS CHEYYERU AGRAHRAM,,,,Andhra Pradesh,1-Primary,33-MPP_ZPP SCHOOLS,1 To 5,3-Co-educational,1-Rural,Katrenikona,Cheyyeru,,,AGRAHARAM CHEYYERU (VILL) CHEYYERU(VILL) KATRENIKONA(MANDAL) EAST GODAVARI(DIST),533222,mppschagraharam36[at]gmail[dot]com,https://kys.udiseplus.gov.in/#/schooldetail/4668428/12,4668428,26/09/2024 07:29,2480
******01004 Operational,,MPPS (CH) GUNNEPALLE,,,,Andhra Pradesh,1-Primary,33-MPP_ZPP SCHOOLS,1 To 5,3-Co-educational,1-Rural,Mummidivaram,Ch. Gunnepalle,,,CH.GUNNEPALLE CH. GUNNEPALLE (VILL) CH. GUNNEPALLE(VILL) MUMMIDIVARAM(MANDAL) EAST GODAVARI(DIST),533222,vvrao2550[at]gmail[dot]com,https://kys.udiseplus.gov.in/#/schooldetail/4668305/12,4668305,11/03/2024 19:06,2480
******00903 Operational,,MPPS CHIKATLAPALEM,,,,Andhra Pradesh,1-Primary,33-MPP_ZPP SCHOOLS,1 To 5,3-Co-educational,1-Rural,Uppalaguptam,Uppalaguptam,,,CHIKATLAPALEM UPPALAGUPTAM (VILL) UPPALAGUPTAM(VILL) UPPALAGUPTAM(MANDAL) EAST GODAVARI(DIST),533222,mppmps903chikatlapalem[at]gmail[dot]com,https://kys.udiseplus.gov.in/#/schooldetail/4668557/12,4668557,07/01/2026 08:56,2480
******00201 Operational,,MPPS CHILAKALA PADU,,,,Andhra Pradesh,1-Primary,33-MPP_ZPP SCHOOLS,1 To 5,3-Co-educational,1-Rural,Alamuru,Madiki,,,CHILAKALA PADU MADIKI MADIKI(VILL) ALAMURU(MANDAL) EAST GODAVARI(DIST),533126,yvr3863[at]gmail[dot]com,https://kys.udiseplus.gov.in/#/schooldetail/4667509/12,4667509,15/10/2020 12:18,2480
******00902 Permanently Closed,,MPPS CHILLIVARI GARUVU,,,,Andhra Pradesh,1-Primary,33-MPP_ZPP SCHOOLS,1 To 5,3-Co-educational,1-Rural,Ambajipeta,K. Pedapudi,,,NA,533239,,https://kys.udiseplus.gov.in/#/schooldetail/4714959/12,4714959,15/10/2020 12:18,2480
******00301 Operational,,MPPS CHINADWARAPUDI,,,,Andhra Pradesh,1-Primary,33-MPP_ZPP SCHOOLS,1 To 5,3-Co-educational,1-Rural,Mandapeta,Chinadevarapudi,,,CHINADWARAPUDI CHINADEVARAPUDI (VILL) CHINADEVARAPUDI(VILL) MANDAPETA(MANDAL) EAST GODAVARI(DIST),533341,meomandaptea[at]gmail[dot]com,https://kys.udiseplus.gov.in/#/schooldetail/4666326/12,4666326,24/12/2025 11:08,2480
******00503 Operational,,MPPS CHINAGADAVALLI,,,,Andhra Pradesh,1-Primary,33-MPP_ZPP SCHOOLS,1 To 5,3-Co-educational,1-Rural,Uppalaguptam,Chinagedavalli,,,CHINAGADAVALLI CHINAGADAVALLI (VILL) CHINAGADAVALLI(VILL) UPPALAGUPTAM(MANDAL) EAST GODAVARI(DIST),533222,mppschinagadavilli[at]gmail[dot]com,https://kys.udiseplus.gov.in/#/schooldetail/4668543/12,4668543,07/01/2026 08:47,2480
******00501 Operational,,MPPS CHINAGADAVALLI GARUVU,,,,Andhra Pradesh,1-Primary,33-MPP_ZPP SCHOOLS,1 To 5,3-Co-educational,1-Rural,Uppalaguptam,Chinagedavalli,,,CHINAGADAVALLI CHINAGADAVALLI (VILL) CHINAGADAVALLI(VILL) UPPALAGUPTAM(MANDAL) EAST GODAVARI(DIST),533222,,https://kys.udiseplus.gov.in/#/schooldetail/4668541/12,4668541,07/01/2026 08:46,2480
******00305 Operational,,MPPS CHINAGULLA PALEM,,,,Andhra Pradesh,1-Primary,33-MPP_ZPP SCHOOLS,1 To 5,3-Co-educational,1-Rural,Kothapeta,Kothapeta,,,CHINAGULLA PALEM KOTHAPETA (VILL) KOTHAPETA(VILL) KOTHAPETA(MANDAL) EAST GODAVARI(DIST),533223,,https://kys.udiseplus.gov.in/#/schooldetail/4667839/12,4667839,15/10/2020 12:18,2480
******00609 Operational,,MPPS CHINAKOTHA LANKA,,,,Andhra Pradesh,1-Primary,33-MPP_ZPP SCHOOLS,1 To 5,3-Co-educational,1-Rural,Mummidivaram,Kothalanka,,,CHINAKOTHA LANKA KOTHALANKA (VILL) KOTHALANKA(VILL) MUMMIDIVARAM(MANDAL) EAST GODAVARI(DIST),533216,siriraz99[at]gmail[dot]com,https://kys.udiseplus.gov.in/#/schooldetail/4668248/12,4668248,11/03/2024 18:57,2480
******01108 Operational,,MPPS CHINAMET LANKA,,,,Andhra Pradesh,1-Primary,33-MPP_ZPP SCHOOLS,1 To 2,3-Co-educational,1-Rural,Mummidivaram,Ainapuram,,,CHINAMET LANKA AINAPURAM (VILL) AINAPURAM(VILL) MUMMIDIVARAM(MANDAL) EAST GODAVARI(DIST),533216,shrikaaram[at]gmail[dot]com,https://kys.udiseplus.gov.in/#/schooldetail/4668314/12,4668314,20/06/2025 13:40,2480
******00806 Operational,,MPPS CHINAPEDAMADI,,,,Andhra Pradesh,1-Primary,33-MPP_ZPP SCHOOLS,1 To 5,3-Co-educational,1-Rural,I. Polavaram,I. Polavaram,,,CHINAPEDAMADI I. POLAVARAM (VILL) I. POLAVARAM(VILL) I.POLAVARAM(MANDAL) EAST GODAVARI(DIST),533220,,https://kys.udiseplus.gov.in/#/schooldetail/4668383/12,4668383,09/05/2022 18:49,2480
******00206 Operational,,MPPS CHINAPETA,,,,Andhra Pradesh,1-Primary,33-MPP_ZPP SCHOOLS,1 To 5,3-Co-educational,1-Rural,Mummidivaram,Tanelanka,,,CHINAPETA TANELANKA (VILL) TANELANKA(VILL) MUMMIDIVARAM(MANDAL) EAST GODAVARI(DIST),533216,mppschinapeta[at]gmail[dot]com,https://kys.udiseplus.gov.in/#/schooldetail/4668219/12,4668219,19/07/2022 15:01,2480
******00802 Operational,,MPPS CHINARAGHAVULAPETA,,,,Andhra Pradesh,1-Primary,33-MPP_ZPP SCHOOLS,1 To 5,3-Co-educational,1-Rural,Uppalaguptam,Nimmakayala Kothapalle,,,RAGHAVALAPETA NIMMAKAYALA KOTHAPALLI (VILL) NIMMAKAYALA KOTHAPALLI(VILL) UPPALAGUPTAM(MANDAL) EAST GODAVARI(DIST),533222,hari.113131[at]gmail[dot]com,https://kys.udiseplus.gov.in/#/schooldetail/4668094/12,4668094,07/01/2026 08:52,2480
******01402 Permanently Closed,,MPPS CHINATALLA POLAM,,,,Andhra Pradesh,1-Primary,33-MPP_ZPP SCHOOLS,1 To 5,3-Co-educational,1-Rural,Ramachandrapuram,Velampalem,,,NA,533262,,https://kys.udiseplus.gov.in/#/schooldetail/4714899/12,4714899,15/10/2020 12:18,2480
******01102 Operational,,MPPS CHINATATAPUDI,,,,Andhra Pradesh,1-Primary,33-MPP_ZPP SCHOOLS,1 To 5,3-Co-educational,1-Rural,Kapileswarapuram,Thatapudi,,,CHINATATAPUDI THATAPUDI (VILL) THATAPUDI(VILL) KAPILESWARAPURAM(MANDAL) EAST GODAVARI(DIST),533309,meo.kapileswarapuram[at]gmail[dot]com,https://kys.udiseplus.gov.in/#/schooldetail/4667476/12,4667476,15/10/2020 12:18,2480
******01101 Operational,,MPPS CHINATILLAKUPPA,,,,Andhra Pradesh,1-Primary,33-MPP_ZPP SCHOOLS,1 To 5,3-Co-educational,1-Rural,I. Polavaram,Thillakkuppa,,,CHINATILLAKUPPA THILLAKKUPPA (VILL) THILLAKKUPPA(VILL) I.POLAVARAM(MANDAL) EAST GODAVARI(DIST),533220,mppschinatillakuppa[at]gmail[dot]com,https://kys.udiseplus.gov.in/#/schooldetail/4668419/12,4668419,11/03/2024 19:03,2480
******00805 Operational,,MPPS CHINNA PETA ATREYAPURAM,,,,Andhra Pradesh,1-Primary,33-MPP_ZPP SCHOOLS,1 To 5,3-Co-educational,1-Rural,Atreyapuram,Atreyapuram,,,1-75 CHINAPETA ATREYAPURAM ATREYAPURAM(VILL) ATREYAPURAM(MANDAL) EAST GODAVARI(DIST),533235,,https://kys.udiseplus.gov.in/#/schooldetail/4667607/12,4667607,18/07/2022 13:27,2480
******02208 Operational,,MPPS CHINTAGUNTA CHERUVU,,,,Andhra Pradesh,1-Primary,33-MPP_ZPP SCHOOLS,1 To 5,3-Co-educational,1-Rural,Ramachandrapuram,Venkatayapalem,,,CHINTAGUNTA CHERUVU VENKATAYAPALEM (VILL) VENKATAYAPALEM(VILL) RAMACHANDRAPURAM(MANDAL) EAST GODAVARI(DIST),533262,,https://kys.udiseplus.gov.in/#/schooldetail/4667301/12,4667301,15/10/2020 12:18,2480
******01211 Operational,,MPPS CHINTALACHERUVU,,,,Andhra Pradesh,1-Primary,33-MPP_ZPP SCHOOLS,1 To 5,3-Co-educational,1-Rural,Katrenikona,Pallamkurru,,,CHINTALACHERUVU PALLAMKURRU (VILL) PALLAMKURRU(VILL) KATRENIKONA(MANDAL) EAST GODAVARI(DIST),533212,,https://kys.udiseplus.gov.in/#/schooldetail/4668499/12,4668499,15/10/2020 12:18,2480
******01709 Operational,,MPPS CHINTALADIBBA,,,,Andhra Pradesh,1-Primary,33-MPP_ZPP SCHOOLS,1 To 2,3-Co-educational,1-Rural,P.Gannavaram,Manepalle,,,CHINTALADIBBA MANEPALLE (VILL) MANEPALLE(VILL) P.GANNAVARAM(MANDAL) EAST GODAVARI(DIST),533249,mpppschintaladibba[at]gmail[dot]com,https://kys.udiseplus.gov.in/#/schooldetail/4668037/12,4668037,20/06/2025 22:21,2480
******00710 Operational,,MPPS CHINTALA MERAKA,,,,Andhra Pradesh,1-Primary,33-MPP_ZPP SCHOOLS,1 To 5,3-Co-educational,2-Urban,NA,,Mummidivaram Ward No.4,Mummidivaram-Town Panchayat,CHINTALA MERAKA MUMMIDIVARAM (VILL) MUMMIDIVARAM(VILL) MUMMIDIVARAM(MANDAL) EAST GODAVARI(DIST),533216,mppschintalameraka[at]gmail[dot]com,https://kys.udiseplus.gov.in/#/schooldetail/4668261/12,4668261,15/10/2020 12:18,2480
******01002 Operational,,MPPS CHINTALAMERAKA,,,,Andhra Pradesh,1-Primary,33-MPP_ZPP SCHOOLS,1 To 5,3-Co-educational,1-Rural,Katrenikona,Geddanapalle,,,CHINTALAMERAKA GEDDANAPALLE (VILL) GEDDANAPALLE(VILL) KATRENIKONA(MANDAL) EAST GODAVARI(DIST),533212,,https://kys.udiseplus.gov.in/#/schooldetail/4668478/12,4668478,15/10/2020 12:18,2480
******00906 Operational,,MPPS CHINTALAPALLI,,,,Andhra Pradesh,1-Primary,33-MPP_ZPP SCHOOLS,1 To 5,3-Co-educational,1-Rural,Razole,Chintalapalle,,,RAYUDU CHERUVU GATTU CHINTALAPALLE (VILL) CHINTALAPALLE(VILL) RAZOLE(MANDAL) EAST GODAVARI(DIST),533244,srinu.balubhavya[at]gmail[dot]com,https://kys.udiseplus.gov.in/#/schooldetail/4669039/12,4669039,15/10/2020 12:18,2480
******01501 Operational,,MPPS CHINTALURU,,,,Andhra Pradesh,1-Primary,33-MPP_ZPP SCHOOLS,1 To 5,3-Co-educational,1-Rural,Alamuru,Chintaluru,,,CHINTALURU(MAIN ROAD) CHINTALURU CHINTALURU(VILL) ALAMURU(MANDAL) EAST GODAVARI(DIST),533232,venkatvudatha8179[at]gmail[dot]com,https://kys.udiseplus.gov.in/#/schooldetail/4667577/12,4667577,26/06/2021 11:46,2480
******00301 Operational,,MPPS CHINTANA LANKA,,,,Andhra Pradesh,1-Primary,33-MPP_ZPP SCHOOLS,1 To 5,3-Co-educational,1-Rural,Ainavilli,Chintana Lanka,,,(A B CENTRE) CHINTANA LANKA CHINTANA LANKA(VILL) AINAVILLI(MANDAL) EAST GODAVARI(DIST),533211,Satish991234[at]gmail[dot]com,https://kys.udiseplus.gov.in/#/schooldetail/4668131/12,4668131,19/07/2022 11:39,2480
******00404 Operational,,MPPS CHINTAPALLE LANKA,,,,Andhra Pradesh,1-Primary,33-MPP_ZPP SCHOOLS,1 To 5,3-Co-educational,1-Rural,Mummidivaram,Annampalle,,,CHINTAPALLE LANKA ANNAMPALLE (VILL) ANNAMPALLE(VILL) MUMMIDIVARAM(MANDAL) EAST GODAVARI(DIST),533216,mpppschinthapallilanka[at]gmail[dot]com,https://kys.udiseplus.gov.in/#/schooldetail/4668237/12,4668237,11/03/2024 18:52,2480
******01305 Operational,,MPPS CHINTAPALLIVARI PALEM,,,,Andhra Pradesh,1-Primary,33-MPP_ZPP SCHOOLS,1 To 5,3-Co-educational,1-Rural,Amalapuram,Peruru,,,CHINTAPALIVARI PALEM PERURU PERURU(VILL) AMALAPURAM(MANDAL) EAST GODAVARI(DIST),533218,nag2767[at]gmail[dot]com,https://kys.udiseplus.gov.in/#/schooldetail/4668667/12,4668667,21/12/2025 21:54,2480
******00607 Operational,,MPPS CHINTAVANIREVU,,,,Andhra Pradesh,1-Primary,33-MPP_ZPP SCHOOLS,1 To 5,3-Co-educational,1-Rural,Mummidivaram,Kothalanka,,,CHINTAVANIREVU KOTHALANKA (VILL) KOTHALANKA(VILL) MUMMIDIVARAM(MANDAL) EAST GODAVARI(DIST),533216,mppps.chintavanirevu[at]gmail[dot]com,https://kys.udiseplus.gov.in/#/schooldetail/4668246/12,4668246,11/03/2024 18:56,2480
******00201 Operational,,MPPS CHINTAVARI PETA,,,,Andhra Pradesh,1-Primary,33-MPP_ZPP SCHOOLS,1 To 5,3-Co-educational,1-Rural,P.Gannavaram,Udumudi,,,CHINTAVARIHARIJANAPETA UDUMUDI (VILL) UDUMUDI(VILL) P.GANNAVARAM(MANDAL) EAST GODAVARI(DIST),533274,mpppschintavaripeta[at]gmail[dot]com,https://kys.udiseplus.gov.in/#/schooldetail/4667945/12,4667945,18/07/2022 14:41,2480
******00202 Operational,,MPPS CHINTAVARI PETA,,,,Andhra Pradesh,1-Primary,33-MPP_ZPP SCHOOLS,1 To 5,3-Co-educational,1-Rural,Sakhinetipalle,Sakhinetipalle,,,CHINTAVARI PETA SAKINETIPALLE (VILL) SAKINETIPALLE(VILL) SAKHINETIPALLI(MANDAL) EAST GODAVARI(DIST),533251,venkatwswararaoachanta77[at]gmail[dot]com,https://kys.udiseplus.gov.in/#/schooldetail/4669179/12,4669179,11/03/2024 18:30,2480
******01115 Closed,Closed,MPPS CHINTHALAMORI,,,,Andhra Pradesh,1-Primary,33-MPP_ZPP SCHOOLS,1 To 2,3-Co-educational,1-Rural,Malikipuram,Sankaraguptham,,,CHINTALAMORI SANKARAGUPTHAM (VILL) SANKARAGUPTHAM(VILL) MALIKIPURAM(MANDAL) EAST GODAVARI(DIST),533250,mppps.chintalamori[at]gmail[dot]com,https://kys.udiseplus.gov.in/#/schooldetail/4669166/12,4669166,07/08/2025 09:50,2480
******00212 Operational,,MPPS CHINTHAVARIPETA,,,,Andhra Pradesh,1-Primary,33-MPP_ZPP SCHOOLS,1 To 5,3-Co-educational,1-Rural,Sakhinetipalle,Sakhinetipalle,,,CHINTHAVARIPETA SAKINETIPALLE (VILL) SAKINETIPALLE(VILL) SAKHINETIPALLI(MANDAL) EAST GODAVARI(DIST),533251,jmedidikalyani3[at]gmail[dot]com,https://kys.udiseplus.gov.in/#/schooldetail/4669185/12,4669185,15/10/2020 12:18,2480
******00711 Permanently Closed,,MPPS CHIPPALA PALEM,,,,Andhra Pradesh,1-Primary,33-MPP_ZPP SCHOOLS,1 To 5,3-Co-educational,2-Urban,NA,,Mummidivaram Ward No.14,Mummidivaram-Town Panchayat,NA,533216,,https://kys.udiseplus.gov.in/#/schooldetail/4714972/12,4714972,15/10/2020 12:18,2480
******00405 Operational,,MPPS CHIRATAPUDI,,,,Andhra Pradesh,1-Primary,33-MPP_ZPP SCHOOLS,1 To 2,3-Co-educational,1-Rural,Ambajipeta,Chiratapudi,,,CHIRATAPUDI CHIRATAPUDI CHIRATAPUDI(VILL) AMBAJIPETA(MANDAL) EAST GODAVARI(DIST),533214,,https://kys.udiseplus.gov.in/#/schooldetail/4668057/12,4668057,23/12/2025 17:04,2480
******00602 Operational,,MPPS CHITTEMMACHERUVU,,,,Andhra Pradesh,1-Primary,33-MPP_ZPP SCHOOLS,1 To 5,3-Co-educational,1-Rural,Amalapuram,Kamanagaruvu,,,KAMANAGARUVU-AMALAPURAM-EAST GODAVARI,533201,,https://kys.udiseplus.gov.in/#/schooldetail/4668637/12,4668637,20/12/2025 23:07,2480
******01107 Operational,,MPPS CHITTI CHERUVU,,,,Andhra Pradesh,1-Primary,33-MPP_ZPP SCHOOLS,1 To 5,3-Co-educational,1-Rural,Mummidivaram,Ainapuram,,,CHITTI CHERUVU AINAPURAM (VILL) AINAPURAM(VILL) MUMMIDIVARAM(MANDAL) EAST GODAVARI(DIST),533216,mpppschool[at]gmail[dot]com,https://kys.udiseplus.gov.in/#/schooldetail/4668313/12,4668313,11/03/2024 19:09,2480
******00403 Operational,,MPPS CHITTICHERUVU GATTU,,,,Andhra Pradesh,1-Primary,33-MPP_ZPP SCHOOLS,1 To 5,3-Co-educational,1-Rural,Ambajipeta,Chiratapudi,,,CHITTICHERUVU GATTU CHIRATAPUDI CHIRATAPUDI(VILL) AMBAJIPETA(MANDAL) EAST GODAVARI(DIST),533229,meo.ambajipeta[at]gmail[dot]com,https://kys.udiseplus.gov.in/#/schooldetail/4668056/12,4668056,23/12/2025 17:04,2480
******01502 Permanently Closed,,MPPS CHITTURIVARI PALEM,,,,Andhra Pradesh,1-Primary,33-MPP_ZPP SCHOOLS,1 To 5,3-Co-educational,9-NA,NA,,,,NA,533263,,https://kys.udiseplus.gov.in/#/schooldetail/4714940/12,4714940,15/10/2020 12:18,2480
******01113 Operational,,MPPS (CHM) PALLIPALEM,,,,Andhra Pradesh,1-Primary,33-MPP_ZPP SCHOOLS,1 To 5,3-Co-educational,1-Rural,Malikipuram,Sankaraguptham,,,PALLIPALEM(CHINTAL MORI) SANKARAGUPTHAM (VILL) SANKARAGUPTHAM(VILL) MALIKIPURAM(MANDAL) EAST GODAVARI(DIST),533250,nsrkumari786[at]gmail[dot]com,https://kys.udiseplus.gov.in/#/schooldetail/4669164/12,4669164,15/10/2020 12:18,2480
******00803 Permanently Closed,,MPPS CHOPPALAVARI MERAKA,,,,Andhra Pradesh,1-Primary,33-MPP_ZPP SCHOOLS,1 To 5,3-Co-educational,1-Rural,Razole,Kadali,,,NA,533248,,https://kys.udiseplus.gov.in/#/schooldetail/4715036/12,4715036,15/10/2020 12:18,2480
******00306 Operational,,MPPS CHOPPELA,,,,Andhra Pradesh,1-Primary,33-MPP_ZPP SCHOOLS,1 To 5,3-Co-educational,1-Rural,Alamuru,Choppela,,,CHOPPELA CHOPPELA (VILL) CHOPPELA(VILL) ALAMURU(MANDAL) EAST GODAVARI(DIST),533234,Mis.alamuru[at]gmail[dot]com,https://kys.udiseplus.gov.in/#/schooldetail/4667520/12,4667520,15/10/2020 12:18,2480
******01102 Operational,,MPPS CHURCH STREET ALAMURU,,,,Andhra Pradesh,1-Primary,33-MPP_ZPP SCHOOLS,1 To 5,3-Co-educational,1-Rural,Alamuru,Alamuru,,,GLORYCHURCH STREET ALAMURU ALAMURU(VILL) ALAMURU(MANDAL) EAST GODAVARI(DIST),533233,misalamuru[at]gmail[dot]com,https://kys.udiseplus.gov.in/#/schooldetail/4667550/12,4667550,15/10/2020 12:18,2480
******01103 Operational,,MPPS (CHVG) SANKARAGUPTAM,,,,Andhra Pradesh,1-Primary,33-MPP_ZPP SCHOOLS,1 To 5,3-Co-educational,1-Rural,Malikipuram,Sankaraguptham,,,CHEVVAKULA VARI GROUP SANKARAGUPTHAM (VILL) SANKARAGUPTHAM(VILL) MALIKIPURAM(MANDAL) EAST GODAVARI(DIST),533250,meo.malikipuram[at]gmail[dot]com,https://kys.udiseplus.gov.in/#/schooldetail/4669155/12,4669155,15/10/2020 12:18,2480
******00902 Operational,,MPPS (CHVM) GUBBALAPALEM,,,,Andhra Pradesh,1-Primary,33-MPP_ZPP SCHOOLS,1 To 5,3-Co-educational,1-Rural,Malikipuram,Gudapalle,,,CHELLUBOINAVARI MERAKA GUDAPALLE (VILL) GUDAPALLE(VILL) MALIKIPURAM(MANDAL) EAST GODAVARI(DIST),533244,harshasatya76[at]gmail[dot]com,https://kys.udiseplus.gov.in/#/schooldetail/4669126/12,4669126,15/10/2020 12:18,2480
******00403 Operational,,MPPS (CM) PASARLAPUDI,,,,Andhra Pradesh,1-Primary,33-MPP_ZPP SCHOOLS,1 To 5,3-Co-educational,1-Rural,Mamidikuduru,Pasarlapudi,,,CHINTALAMERAKA PASARLAPUDI (VILL) PASARLAPUDI(VILL) MAMIDIKUDURU(MANDAL) EAST GODAVARI(DIST),533247,pithaniraju75[at]gmail[dot]com,https://kys.udiseplus.gov.in/#/schooldetail/4668900/12,4668900,18/07/2022 13:15,2480
******00201 Operational,,MPPS COMINGPETA,,,,Andhra Pradesh,1-Primary,33-MPP_ZPP SCHOOLS,1 To 5,3-Co-educational,1-Rural,Ambajipeta,Pasupalle,,,COMINGPETA PASUPALLI PASUPALLI(VILL) AMBAJIPETA(MANDAL) EAST GODAVARI(DIST),533228,meo.ambajipeta[at]gmail[dot]com,https://kys.udiseplus.gov.in/#/schooldetail/4668048/12,4668048,23/12/2025 17:02,2480
******00404 Operational,,MPPS (COOPERATIVE) RAZOLE,,,,Andhra Pradesh,1-Primary,33-MPP_ZPP SCHOOLS,1 To 5,3-Co-educational,1-Rural,Razole,Razole,,,RAZOLE RAZOLE (PT) (VILL) RAZOLE (PT)(VILL) RAZOLE(MANDAL) EAST GODAVARI(DIST),533242,roohigoodboy[at]gmail[dot]com,https://kys.udiseplus.gov.in/#/schooldetail/4668991/12,4668991,17/06/2025 12:04,2480
******00302 Operational,,MPPS (CP) RAMARAJU LANKA,,,,Andhra Pradesh,1-Primary,33-MPP_ZPP SCHOOLS,1 To 5,3-Co-educational,1-Rural,Malikipuram,Ramarajulanka,,,CHURCH PETA RAMARAJULANKA (VILL) RAMARAJULANKA(VILL) MALIKIPURAM(MANDAL) EAST GODAVARI(DIST),533253,,https://kys.udiseplus.gov.in/#/schooldetail/4669073/12,4669073,11/03/2024 18:11,2480
******00301 Operational,,MPPS (CP) RAMESWARAM,,,,Andhra Pradesh,1-Primary,33-MPP_ZPP SCHOOLS,1 To 5,3-Co-educational,1-Rural,Sakhinetipalle,Rameswaram,,,CHURCH PETA RAMESWARAM (VILL) RAMESWARAM(VILL) SAKHINETIPALLI(MANDAL) EAST GODAVARI(DIST),533251,meo.sakhinetipalli[at]gmail[dot]com,https://kys.udiseplus.gov.in/#/schooldetail/4669206/12,4669206,15/10/2020 12:18,2480
******00201 Operational,,MPPS (CP) SAKHINETIPALLI,,,,Andhra Pradesh,1-Primary,33-MPP_ZPP SCHOOLS,1 To 5,3-Co-educational,1-Rural,Sakhinetipalle,Sakhinetipalle,,,CHURCH PETA SAKINETIPALLE (VILL) SAKINETIPALLE(VILL) SAKHINETIPALLI(MANDAL) EAST GODAVARI(DIST),533251,sakhinatipallicp[at]gmail[dot]com,https://kys.udiseplus.gov.in/#/schooldetail/4669178/12,4669178,18/07/2022 16:13,2480
******00805 Operational,,MPPS (CP) VENTURU,,,,Andhra Pradesh,1-Primary,33-MPP_ZPP SCHOOLS,1 To 5,3-Co-educational,1-Rural,Rayavaram,Venturu,,,CHOLLANGIPETA VENTURU (VILL) VENTURU(VILL) RAYAVARAM(MANDAL) EAST GODAVARI(DIST),533255,vpushpavani891[at]gmail[dot]com,https://kys.udiseplus.gov.in/#/schooldetail/4667012/12,4667012,15/10/2020 12:18,2480
******00805 Operational,,MPPS (CSC) ANTERVEDI,,,,Andhra Pradesh,1-Primary,33-MPP_ZPP SCHOOLS,1 To 5,3-Co-educational,1-Rural,Sakhinetipalle,Antarvedi,,,CYCLE SHOP CENTRE ANTARVEDI (VILL) ANTARVEDI(VILL) SAKHINETIPALLI(MANDAL) EAST GODAVARI(DIST),533252,mpppscycleshopcentre[at]gmail[dot]com,https://kys.udiseplus.gov.in/#/schooldetail/4669255/12,4669255,15/10/2020 12:18,2480
******00203 Operational,,MPPS (CS) MARRIPETA,,,,Andhra Pradesh,1-Primary,33-MPP_ZPP SCHOOLS,1 To 5,3-Co-educational,1-Rural,Malikipuram,Gudimellanka,,,MARRIPETA(CANALSIDE) GUDIMELLANKA (VILL) GUDIMELLANKA(VILL) MALIKIPURAM(MANDAL) EAST GODAVARI(DIST),533253,,https://kys.udiseplus.gov.in/#/schooldetail/4669065/12,4669065,15/10/2020 12:18,2480
******00202 Operational,,MPPS (CT) ALLAVARAM,,,,Andhra Pradesh,1-Primary,33-MPP_ZPP SCHOOLS,1 To 5,3-Co-educational,1-Rural,Allavaram,Allavaram,,,ALLAVARAM(CH GUDI VEEDHI) ALLAVARAM ALLAVARAM(VILL) ALLAVARAM(MANDAL) EAST GODAVARI(DIST),533217,Mppsallavaramspl[at]gmail[dot]com,https://kys.udiseplus.gov.in/#/schooldetail/4668800/12,4668800,19/12/2025 10:41,2480
******00702 Operational,,MPPS (CT) CHELLURU,,,,Andhra Pradesh,1-Primary,33-MPP_ZPP SCHOOLS,1 To 5,3-Co-educational,1-Rural,Rayavaram,Chelluru,,,CHINTALATHOTA CHELLURU (VILL) CHELLURU(VILL) RAYAVARAM(MANDAL) EAST GODAVARI(DIST),533261,mppsct.702[at]gmail[dot]com,https://kys.udiseplus.gov.in/#/schooldetail/4667425/12,4667425,24/09/2024 18:37,2480
******01303 Operational,,MPPS (CV) NEDUNURU,,,,Andhra Pradesh,1-Primary,33-MPP_ZPP SCHOOLS,1 To 5,3-Co-educational,1-Rural,Ainavilli,Nedunuru,,,CHIKALAVARI VEEDI NEDUNURU NEDUNURU(VILL) AINAVILLI(MANDAL) EAST GODAVARI(DIST),533241,bharatigs70[at]gmail[dot]com,https://kys.udiseplus.gov.in/#/schooldetail/4668181/12,4668181,19/07/2022 12:14,2480
******90203 Operational,,MPPS DANGETIVARI PALEM,,,,Andhra Pradesh,1-Primary,33-MPP_ZPP SCHOOLS,1 To 5,3-Co-educational,1-Rural,Amalapuram,Bandarulanka,,,BANDARULANKA(DANGETIVARIPALEM) BANDARULANKA BANDARULANKA(VILL) AMALAPURAM(MANDAL) EAST GODAVARI(DIST),533221,mppsdangetivaripalem[at]gmail[dot]com,https://kys.udiseplus.gov.in/#/schooldetail/4668751/12,4668751,21/12/2025 22:54,2480
******02306 Operational,,MPPS DARUVUPETA,,,,Andhra Pradesh,1-Primary,33-MPP_ZPP SCHOOLS,1 To 5,3-Co-educational,1-Rural,NA,NA,,,DARUVUPETA BHATLA PALIKA (VILL) BHATLA PALIKA(VILL) K.GANGAVARAM(MANDAL) EAST GODAVARI(DIST),533263,Savivenkat1994[at]gmail[dot]com,https://kys.udiseplus.gov.in/#/schooldetail/4667814/12,4667814,23/09/2024 14:03,2480
******02203 Operational,,MPPS DASARI PADU,,,,Andhra Pradesh,1-Primary,33-MPP_ZPP SCHOOLS,1 To 5,3-Co-educational,1-Rural,Ramachandrapuram,Venkatayapalem,,,DASARI PADU VENKATAYAPALEM (VILL) VENKATAYAPALEM(VILL) RAMACHANDRAPURAM(MANDAL) EAST GODAVARI(DIST),533262,mpppsdasaripadu[at]gmail[dot]com,https://kys.udiseplus.gov.in/#/schooldetail/4667298/12,4667298,15/10/2020 12:18,2480
******01003 Operational,,MPPS DASARI VARI PETA,,,,Andhra Pradesh,1-Primary,33-MPP_ZPP SCHOOLS,1 To 5,3-Co-educational,1-Rural,Ambajipeta,Isukapudi,,,DASARI VARIPETA ISUKAPUDI ISUKAPUDI(VILL) AMBAJIPETA(MANDAL) EAST GODAVARI(DIST),533214,jakkamsettisandhya[at]gmail[dot]com,https://kys.udiseplus.gov.in/#/schooldetail/4668092/12,4668092,23/12/2025 17:13,2480
******00102 Operational,,MPPS (DC) BADUGUBANILANKA,,,,Andhra Pradesh,1-Primary,33-MPP_ZPP SCHOOLS,1 To 2,3-Co-educational,1-Rural,Alamuru,Baduguvanilanka,,,DURGA COLONY BADUGUVANILANKA BADUGUVANILANKA(VILL) ALAMURU(MANDAL) EAST GODAVARI(DIST),533126,dcbvlanka[at]gmail[dot]com,https://kys.udiseplus.gov.in/#/schooldetail/4667507/12,4667507,24/01/2023 17:06,2480
******01203 Operational,,MPPS (DC) KAPILESWARAPURAM,,,,Andhra Pradesh,1-Primary,33-MPP_ZPP SCHOOLS,1 To 5,3-Co-educational,1-Rural,Kapileswarapuram,Kapileswarapuram,,,KAPILESWARAPURAM KAPILESWARAPURAM (VILL) KAPILESWARAPURAM(VILL) KAPILESWARAPURAM(MANDAL) EAST GODAVARI(DIST),533309,mppsdevicentre203[at]gmail[dot]com,https://kys.udiseplus.gov.in/#/schooldetail/4667481/12,4667481,15/10/2020 12:18,2480
******00612 Operational,,MPPS (DC) MACHAVARAM,,,,Andhra Pradesh,1-Primary,33-MPP_ZPP SCHOOLS,1 To 5,3-Co-educational,1-Rural,Rayavaram,Machavaram,,,MACHAVARAM PT RAYAVARAM EAST GODVARI,533261,,https://kys.udiseplus.gov.in/#/schooldetail/4667422/12,4667422,15/10/2020 12:18,2480
******00712 Operational,,MPPS DEGALAVARRI PALEM,,,,Andhra Pradesh,1-Primary,33-MPP_ZPP SCHOOLS,1 To 5,3-Co-educational,1-Rural,Kothapeta,Billa Kurru,,,DEGALAVARRI PALEM BILLA KURRU (VILL) BILLA KURRU(VILL) KOTHAPETA(MANDAL) EAST GODAVARI(DIST),533228,srilakshmibramaramba[at]gmail[dot]com,https://kys.udiseplus.gov.in/#/schooldetail/4667906/12,4667906,15/10/2020 12:18,2480
******00902 Operational,,MPPS DEKKALAMALA PALLI,,,,Andhra Pradesh,1-Primary,33-MPP_ZPP SCHOOLS,1 To 5,3-Co-educational,1-Rural,Kothapeta,Vanapalle,,,DH. PETA VANAPALLI (VILL) VANAPALLI(VILL) KOTHAPETA(MANDAL) EAST GODAVARI(DIST),533228,meo.kothapeta[at]gmail[dot]com,https://kys.udiseplus.gov.in/#/schooldetail/4667910/12,4667910,15/10/2020 12:18,2480
******01101 Operational,,MPPS DEVAGUPTAM,,,,Andhra Pradesh,1-Primary,33-MPP_ZPP SCHOOLS,1 To 5,3-Co-educational,1-Rural,Allavaram,Devaguptam,,,DEVAGUPTAM DEVAGUPTAM DEVAGUPTAM(VILL) ALLAVARAM(MANDAL) EAST GODAVARI(DIST),533217,meo.allavaram1[at]gmail[dot]com,https://kys.udiseplus.gov.in/#/schooldetail/4668835/12,4668835,19/12/2025 10:51,2480
******01002 Operational,,MPPS DEVARAPALLI,,,,Andhra Pradesh,1-Primary,33-MPP_ZPP SCHOOLS,1 To 5,3-Co-educational,1-Rural,Mummidivaram,Ch. Gunnepalle,,,DEVARAPALLI CH. GUNNEPALLE (VILL) CH. GUNNEPALLE(VILL) MUMMIDIVARAM(MANDAL) EAST GODAVARI(DIST),533216,kumarivasamsetti1984[at]gmail[dot]com,https://kys.udiseplus.gov.in/#/schooldetail/4668304/12,4668304,22/12/2025 10:29,2480
******00607 Operational,,MPPS DEVARAPALLI,,,,Andhra Pradesh,1-Primary,33-MPP_ZPP SCHOOLS,1 To 5,3-Co-educational,1-Rural,Ravulapalem,Devarapalle,,,DEVARAPALLE(POLLI SREE RAMULU) DEVARAPALLI (VILL) DEVARAPALLI(VILL) RAVULAPALEM(MANDAL) EAST GODAVARI(DIST),533223,mpps.devarapalli005[at]gmail[dot]com,https://kys.udiseplus.gov.in/#/schooldetail/4667717/12,4667717,15/10/2020 12:18,2480
******00104 Operational,,MPPS DEVARLANKA,,,,Andhra Pradesh,1-Primary,33-MPP_ZPP SCHOOLS,1 To 5,3-Co-educational,1-Rural,Allavaram,Bodasakurru,,,DEVARLANKA BODASAKURRU BODASAKURRU(VILL) ALLAVARAM(MANDAL) EAST GODAVARI(DIST),533215,MPPSDevarlanka[at]gmail[dot]com,https://kys.udiseplus.gov.in/#/schooldetail/4668795/12,4668795,19/12/2025 10:40,2480
******00702 Operational,,MPPS (D) GANNAVARAM,,,,Andhra Pradesh,1-Primary,33-MPP_ZPP SCHOOLS,1 To 5,3-Co-educational,1-Rural,P.Gannavaram,Patha Gannavaram,,,D GANNAVARAM PATHA GANNAVARAM (VILL) PATHA GANNAVARAM(VILL) P.GANNAVARAM(MANDAL) EAST GODAVARI(DIST),533240,ranikadali845[at]gmail[dot]com,https://kys.udiseplus.gov.in/#/schooldetail/4667980/12,4667980,17/06/2025 21:47,2480
******00206 Operational,,MPPS DINDI,,,,Andhra Pradesh,1-Primary,33-MPP_ZPP SCHOOLS,1 To 5,3-Co-educational,1-Rural,Malikipuram,Gudimellanka,,,DINDI GUDIMELLANKA (VILL) GUDIMELLANKA(VILL) MALIKIPURAM(MANDAL) EAST GODAVARI(DIST),533253,nageswararaomedicherla[at]gmail[dot]com,https://kys.udiseplus.gov.in/#/schooldetail/4669067/12,4669067,11/03/2024 18:09,2480
******01102 Operational,,MPPS DINDI MERAKA,,,,Andhra Pradesh,1-Primary,33-MPP_ZPP SCHOOLS,1 To 5,3-Co-educational,1-Rural,Malikipuram,Sankaraguptham,,,DINDI MERAKA SANKARAGUPTHAM (VILL) SANKARAGUPTHAM(VILL) MALIKIPURAM(MANDAL) EAST GODAVARI(DIST),533250,meo.malikipuram[at]gmail[dot]com,https://kys.udiseplus.gov.in/#/schooldetail/4669154/12,4669154,15/10/2020 12:18,2480
******01708 Operational,,MPPS DIRISALAVARIPETA,,,,Andhra Pradesh,1-Primary,33-MPP_ZPP SCHOOLS,1 To 5,3-Co-educational,1-Rural,P.Gannavaram,Manepalle,,,DIRISALAVRIPETA MANEPALLE (VILL) MANEPALLE(VILL) P.GANNAVARAM(MANDAL) EAST GODAVARI(DIST),533249,mppsdvpeta[at]gmail[dot]com,https://kys.udiseplus.gov.in/#/schooldetail/4668036/12,4668036,18/07/2022 15:28,2480
******01109 Operational,,MPPS (D) (MAIN) RAVULAPALEM,,,,Andhra Pradesh,1-Primary,33-MPP_ZPP SCHOOLS,1 To 5,3-Co-educational,1-Rural,Allavaram,Devaguptam,,,D.RAVULAPALEM DEVAGUPTAM DEVAGUPTAM(VILL) ALLAVARAM(MANDAL) EAST GODAVARI(DIST),533217,meo.allavaram1[at]gmail[dot]com,https://kys.udiseplus.gov.in/#/schooldetail/4668396/12,4668396,19/12/2025 10:52,2480
******01104 Operational,,MPPS (D) (NO.1) RAVULAPALEM,,,,Andhra Pradesh,1-Primary,33-MPP_ZPP SCHOOLS,1 To 5,3-Co-educational,1-Rural,Allavaram,Devaguptam,,,D.RAVULAPALEM(HARIJANA PETA) DEVAGUPTAM DEVAGUPTAM(VILL) ALLAVARAM(MANDAL) EAST GODAVARI(DIST),533217,,https://kys.udiseplus.gov.in/#/schooldetail/4668838/12,4668838,19/12/2025 10:40,2480
******00209 Operational,,MPPS DODDAVARI PETA,,,,Andhra Pradesh,1-Primary,33-MPP_ZPP SCHOOLS,1 To 2,3-Co-educational,1-Rural,Sakhinetipalle,Sakhinetipalle,,,DODDAVARI PETA SAKINETIPALLE (VILL) SAKINETIPALLE(VILL) SAKHINETIPALLI(MANDAL) EAST GODAVARI(DIST),533251,mpppsdvpeta209[at]gmail[dot]com,https://kys.udiseplus.gov.in/#/schooldetail/4669183/12,4669183,22/07/2024 13:03,2480
******01405 Operational,,MPPS DOMMETIVARIPALEM,,,,Andhra Pradesh,1-Primary,33-MPP_ZPP SCHOOLS,1 To 5,3-Co-educational,1-Rural,Ainavilli,Vilasa,,,DOMMETIVARIPALEM VILASA VILASA(VILL) AINAVILLI(MANDAL) EAST GODAVARI(DIST),533577,m.ramakrishnasgt[at]gmail[dot]com,https://kys.udiseplus.gov.in/#/schooldetail/4668195/12,4668195,19/07/2022 12:21,2480
******01107 Permanently Closed,,MPPS DOMMETIVARIPALEM,,,,Andhra Pradesh,1-Primary,33-MPP_ZPP SCHOOLS,1 To 5,3-Co-educational,1-Rural,Ambajipeta,Machavaram,,,NA,533214,,https://kys.udiseplus.gov.in/#/schooldetail/4714961/12,4714961,15/10/2020 12:18,2480
******02303 Operational,,MPPS DONGALAGUDEM,,,,Andhra Pradesh,1-Primary,33-MPP_ZPP SCHOOLS,1 To 5,3-Co-educational,1-Rural,NA,NA,,,DONGALAGUDEM BHATLA PALIKA (VILL) BHATLA PALIKA(VILL) K.GANGAVARAM(MANDAL) EAST GODAVARI(DIST),533263,,https://kys.udiseplus.gov.in/#/schooldetail/4667811/12,4667811,23/06/2022 14:41,2480
******00905 Operational,,MPPS DONTIKURRU,,,,Andhra Pradesh,1-Primary,33-MPP_ZPP SCHOOLS,1 To 5,3-Co-educational,1-Rural,Katrenikona,Dontikurru,,,DONTIKURRU DONTIKURRU (VILL) DONTIKURRU(VILL) KATRENIKONA(MANDAL) EAST GODAVARI(DIST),533212,meo.katrenikona52[at]gmail[dot]com,https://kys.udiseplus.gov.in/#/schooldetail/4668022/12,4668022,16/06/2025 11:46,2480
******01011 Operational,,MPPS (DOT) TURPUPALEM,,,,Andhra Pradesh,1-Primary,33-MPP_ZPP SCHOOLS,1 To 5,3-Co-educational,1-Rural,Malikipuram,Kesanapalle,,,TURPU PALEM KESANAPALLE (VILL) KESANAPALLE(VILL) MALIKIPURAM(MANDAL) EAST GODAVARI(DIST),533244,mpppsdot60[at]gmail[dot]com,https://kys.udiseplus.gov.in/#/schooldetail/4669144/12,4669144,11/03/2024 18:25,2480
******01601 Operational,,MPPS DRAKSHARAMA,,,,Andhra Pradesh,1-Primary,33-MPP_ZPP SCHOOLS,1 To 5,3-Co-educational,1-Rural,Ramachandrapuram,Draksharama,,,DRAKSHARAMA DRAKSHARAMA (VILL) DRAKSHARAMA(VILL) RAMACHANDRAPURAM(MANDAL) EAST GODAVARI(DIST),533262,mppsdraksharama[at]gmail[dot]com,https://kys.udiseplus.gov.in/#/schooldetail/4667260/12,4667260,17/06/2025 22:10,2480
******00703 Operational,,MPPS (DS) PALEM,,,,Andhra Pradesh,1-Primary,33-MPP_ZPP SCHOOLS,1 To 2,3-Co-educational,1-Rural,P.Gannavaram,Patha Gannavaram,,,"MPPS D S PALEM,P.GANNAVARAM MANDAL",533240,mppsdspalem[at]gmail[dot]com,https://kys.udiseplus.gov.in/#/schooldetail/4667981/12,4667981,11/03/2024 19:00,2480
******00901 Operational,,MPPS (DT) GUBBALA PALEM,,,,Andhra Pradesh,1-Primary,33-MPP_ZPP SCHOOLS,1 To 5,3-Co-educational,1-Rural,Malikipuram,Gudapalle,,,GUBBALAPALEM(DURGA TEMPLE) GUDAPALLE (VILL) GUDAPALLE(VILL) MALIKIPURAM(MANDAL) EAST GODAVARI(DIST),533244,meo.malikipuram[at]gmail[dot]com,https://kys.udiseplus.gov.in/#/schooldetail/4669123/12,4669123,17/12/2023 18:30,2480
******00705 Operational,,MPPS DUPPULLANKA,,,,Andhra Pradesh,1-Primary,33-MPP_ZPP SCHOOLS,1 To 5,3-Co-educational,1-Rural,I. Polavaram,T. Kothapalle,,,DUPPULLANKA T. KOTHAPALLI (VILL) T. KOTHAPALLE(VILL) I.POLAVARAM(MANDAL) EAST GODAVARI(DIST),533220,,https://kys.udiseplus.gov.in/#/schooldetail/4668373/12,4668373,09/05/2022 18:46,2480
******01007 Operational,,MPPS (DVG) PADAMATIPALEM,,,,Andhra Pradesh,1-Primary,33-MPP_ZPP SCHOOLS,1 To 5,3-Co-educational,1-Rural,Malikipuram,Kesanapalle,,,DONDAPATI VARI GROUP PADAMATIPALEM ((VILL) MALIKIPURAM(MANDAL) EAST GODAVARI(DIST),533244,,https://kys.udiseplus.gov.in/#/schooldetail/4669140/12,4669140,15/10/2020 12:18,2480
******00605 Operational,,MPPS (DVP) KOTHAPALEM,,,,Andhra Pradesh,1-Primary,33-MPP_ZPP SCHOOLS,1 To 5,3-Co-educational,1-Rural,Ravulapalem,Devarapalle,,,D.V.PALEM OF K.PALEM DEVARAPALLI (VILL) DEVARAPALLI(VILL) RAVULAPALEM(MANDAL) EAST GODAVARI(DIST),533223,mppsdvpkothapalem[at]gmail[dot]com,https://kys.udiseplus.gov.in/#/schooldetail/4667287/12,4667287,15/10/2020 12:18,2480
******00401 Operational,,MPPS DWARAPUDI,,,,Andhra Pradesh,1-Primary,33-MPP_ZPP SCHOOLS,1 To 5,3-Co-educational,1-Rural,Mandapeta,Dwarapudi,,,DWARAPUDI DWARAPUDI (VILL) DWARAPUDI(VILL) MANDAPETA(MANDAL) EAST GODAVARI(DIST),533341,mpppsdwpd28143200401[at]gmail[dot]com,https://kys.udiseplus.gov.in/#/schooldetail/4666638/12,4666638,24/12/2025 11:08,2480
******00505 Operational,,MPPS (EC) MAMIDIKUDURU,,,,Andhra Pradesh,1-Primary,33-MPP_ZPP SCHOOLS,1 To 5,3-Co-educational,1-Rural,Mamidikuduru,Mamidikuduru,,,EARLACHERUVU MAMIDIKUDURU (VILL) MAMIDIKUDURU(VILL) MAMIDIKUDURU(MANDAL) EAST GODAVARI(DIST),533247,mppserlacheruvumdk[at]gmail[dot]com,https://kys.udiseplus.gov.in/#/schooldetail/4668908/12,4668908,11/03/2024 18:34,2480
******01001 Operational,,MPPS EDARADA,,,,Andhra Pradesh,1-Primary,33-MPP_ZPP SCHOOLS,1 To 2,3-Co-educational,1-Rural,Mamidikuduru,Edarada,,,EDARADA EDARADA (VILL) EDARADA(VILL) MAMIDIKUDURU(MANDAL) EAST GODAVARI(DIST),533247,meerali633[at]gmail[dot]com,https://kys.udiseplus.gov.in/#/schooldetail/4668939/12,4668939,25/01/2023 18:27,2480
******00802 Operational,,MPPS EDARAPALLI,,,,Andhra Pradesh,1-Primary,33-MPP_ZPP SCHOOLS,1 To 5,3-Co-educational,1-Rural,Amalapuram,Edarapalle,,,EDARAPALLE EDARAPALLE EDARAPALLE(VILL) AMALAPURAM(MANDAL) EAST GODAVARI(DIST),533201,,https://kys.udiseplus.gov.in/#/schooldetail/4668652/12,4668652,20/12/2025 23:17,2480
******01306 Operational,,MPPS ELUBANDI CHERUVU,,,,Andhra Pradesh,1-Primary,33-MPP_ZPP SCHOOLS,1 To 5,3-Co-educational,1-Rural,Uppalaguptam,T. Challapalle,,,ELUBANDICHERUVU UPPALAGUPTAM MANDAL,533213,,https://kys.udiseplus.gov.in/#/schooldetail/4719814/12,4719814,07/01/2026 09:03,2480
******00702 Operational,,MPPS ETHAKOTA,,,,Andhra Pradesh,1-Primary,33-MPP_ZPP SCHOOLS,1 To 5,3-Co-educational,1-Rural,NA,NA,,,ETHAKOTA YERRA POTHAVARAM (VILL) YERRA POTHAVARAM(VILL) K.GANGAVARAM(MANDAL) EAST GODAVARI(DIST),533262,tnsrao89[at]gmail[dot]com,https://kys.udiseplus.gov.in/#/schooldetail/4667766/12,4667766,23/06/2022 14:27,2480
******00701 Operational,,MPPS ETHAKOTA,,,,Andhra Pradesh,1-Primary,33-MPP_ZPP SCHOOLS,1 To 5,3-Co-educational,1-Rural,Ravulapalem,Ithakota,,,ETHAKOTA ETHAKOTA (VILL) ETHAKOTA(VILL) RAVULAPALEM(MANDAL) EAST GODAVARI(DIST),533238,mppsethakota[at]gmail[dot]com,https://kys.udiseplus.gov.in/#/schooldetail/4667722/12,4667722,17/06/2025 15:04,2480
******01305 Permanently Closed,,MPPS FISHERMENPETA,,,,Andhra Pradesh,1-Primary,33-MPP_ZPP SCHOOLS,1 To 5,3-Co-educational,1-Rural,Ambajipeta,Thondavaram,,,NA,533218,,https://kys.udiseplus.gov.in/#/schooldetail/4714966/12,4714966,15/10/2020 12:18,2480
******00608 Operational,,MPPS GACHAKAYALA PORA,,,,Andhra Pradesh,1-Primary,33-MPP_ZPP SCHOOLS,1 To 5,3-Co-educational,1-Rural,Katrenikona,Katrenikona,,,GACHAKAYALA PORA KATRENIKONA (VILL) KATRENIKONA(VILL) KATRENIKONA(MANDAL) EAST GODAVARI(DIST),533212,choppalarambabu1972[at]gmail[dot]com,https://kys.udiseplus.gov.in/#/schooldetail/4668443/12,4668443,19/07/2022 12:27,2480
******00501 Operational,,MPPS GADILANKA,,,,Andhra Pradesh,1-Primary,33-MPP_ZPP SCHOOLS,1 To 5,3-Co-educational,1-Rural,Mummidivaram,Gadilanka,,,GADILANKA GADILANKA (VILL) GADILANKA(VILL) MUMMIDIVARAM(MANDAL) EAST GODAVARI(DIST),533216,murty4469[at]gmail[dot]com,https://kys.udiseplus.gov.in/#/schooldetail/4668238/12,4668238,11/03/2024 18:53,2480
******01104 Operational,,MPPS GAGINGATHIPPA,,,,Andhra Pradesh,1-Primary,33-MPP_ZPP SCHOOLS,1 To 5,3-Co-educational,1-Rural,Katrenikona,Kandikuppa,,,GAGINGATHIPPA KANDIKUPPA (VILL) KANDIKUPPA(VILL) KATRENIKONA(MANDAL) EAST GODAVARI(DIST),533212,mppsgajingathippa[at]gmail[dot]com,https://kys.udiseplus.gov.in/#/schooldetail/4668483/12,4668483,15/10/2020 12:18,2480
******01002 Operational,,MPPS GAJULAGUNTA,,,,Andhra Pradesh,1-Primary,33-MPP_ZPP SCHOOLS,1 To 5,3-Co-educational,1-Rural,P.Gannavaram,Mungandapalem,,,GAJULAGUNTA MUNGANDAPALEM (VILL) MUNGANDAPALEM(VILL) P.GANNAVARAM(MANDAL) EAST GODAVARI(DIST),533214,mppsgajulagunta1002[at]gmail[dot]com,https://kys.udiseplus.gov.in/#/schooldetail/4668011/12,4668011,11/03/2024 18:59,2480
******00806 Operational,,MPPS GAMALLAPALEM,,,,Andhra Pradesh,1-Primary,33-MPP_ZPP SCHOOLS,1 To 5,3-Co-educational,1-Rural,Razole,Kadali,,,GAMALLAPALEM KADALI (VILL) KADALI(VILL) RAZOLE(MANDAL) EAST GODAVARI(DIST),533248,knklakshmi79[at]gmail[dot]com,https://kys.udiseplus.gov.in/#/schooldetail/4669022/12,4669022,15/10/2020 12:18,2480
******01508 Operational,,MPPS GANAPATHI NAGARAM,,,,Andhra Pradesh,1-Primary,33-MPP_ZPP SCHOOLS,1 To 5,3-Co-educational,1-Rural,Ramachandrapuram,Velampalem,,,GANAPATHI NAGARM VELAMPALEM (VILL) VELAMPALEM(VILL) RAMACHANDRAPURAM(MANDAL) EAST GODAVARI(DIST),533262,satyakoti11[at]gmail[dot]com,https://kys.udiseplus.gov.in/#/schooldetail/4667255/12,4667255,15/10/2020 12:18,2480
******01220 Operational,,MPPS GANDHIPURAM,,,,Andhra Pradesh,1-Primary,33-MPP_ZPP SCHOOLS,1 To 5,3-Co-educational,1-Rural,Razole,Mulikipalle,,,PONNAMANDA PONNAMANDA MERAKAPALEM(VILL) RAZOLE(MANDAL) EAST GODAVARI(DIST),533248,,https://kys.udiseplus.gov.in/#/schooldetail/4669057/12,4669057,15/10/2020 12:18,2480
******00804 Operational,,MPPS GANGALAKURRU AGRAHARAM,,,,Andhra Pradesh,1-Primary,33-MPP_ZPP SCHOOLS,1 To 5,3-Co-educational,1-Rural,Ambajipeta,Gangalakurru,,,GANGALAKURRU AGRAHARAM GANGALAKURRU GANGALAKURRU(VILL) AMBAJIPETA(MANDAL) EAST GODAVARI(DIST),533221,,https://kys.udiseplus.gov.in/#/schooldetail/4668082/12,4668082,23/12/2025 17:08,2480
******00708 Operational,,MPPS GANJAVARI MERAKA,,,,Andhra Pradesh,1-Primary,33-MPP_ZPP SCHOOLS,1 To 5,3-Co-educational,1-Rural,I. Polavaram,T. Kothapalle,,,GANJAVARIMERAKA T. KOTHAPALLI (VILL) T. KOTHAPALLE(VILL) I.POLAVARAM(MANDAL) EAST GODAVARI(DIST),533220,-mpppschoolgvm[at]gmail[dot]com,https://kys.udiseplus.gov.in/#/schooldetail/4668376/12,4668376,11/03/2024 19:00,2480
******00101 Operational,,MPPS GANTI PEDAPUDI,,,,Andhra Pradesh,1-Primary,33-MPP_ZPP SCHOOLS,1 To 5,3-Co-educational,1-Rural,P.Gannavaram,Ganti Pedapudi,,,G.PEDAPUDI GANTI PEDAPUDI (VILL)OPPOSITE HIGH SCHOOL P.GANNAVARAM(MANDAL) EAST GODAVARI(DIST),533274,,https://kys.udiseplus.gov.in/#/schooldetail/4667940/12,4667940,18/07/2022 14:39,2480
******01103 Operational,,MPPS GARUVUPETA,,,,Andhra Pradesh,1-Primary,33-MPP_ZPP SCHOOLS,1 To 5,3-Co-educational,1-Rural,Katrenikona,Kandikuppa,,,GARUVUPETA KANDIKUPPA (VILL) KANDIKUPPA(VILL) KATRENIKONA(MANDAL) EAST GODAVARI(DIST),533212,venkataramanayasalapu143[at]gmail[dot]com,https://kys.udiseplus.gov.in/#/schooldetail/4668482/12,4668482,11/03/2024 19:12,2480
******00806 Operational,,MPPS (GBM) ANTARVEDIKARA,,,,Andhra Pradesh,1-Primary,33-MPP_ZPP SCHOOLS,1 To 5,3-Co-educational,1-Rural,Sakhinetipalle,Antarvedi,,,G.B.MERAKA ANTARVEDI (VILL) ANTARVEDI(VILL) SAKHINETIPALLI(MANDAL) EAST GODAVARI(DIST),533252,meo.sakhinetipalli[at]gmail[dot]com,https://kys.udiseplus.gov.in/#/schooldetail/4669256/12,4669256,15/10/2020 12:18,2480
******01002 Operational,,MPPS (GC) VELLA,,,,Andhra Pradesh,1-Primary,33-MPP_ZPP SCHOOLS,1 To 2,3-Co-educational,1-Rural,Ramachandrapuram,Vella,,,GANDHI CENTRE VELLA (VILL) VELLA(VILL) RAMACHANDRAPURAM(MANDAL) EAST GODAVARI(DIST),533255,meo.ramachandrapuram[at]gmail[dot]com,https://kys.udiseplus.gov.in/#/schooldetail/4667238/12,4667238,26/01/2023 23:33,2480
******00202 Permanently Closed,,MPPS (GDB) RAVULAPALEM,,,,Andhra Pradesh,1-Primary,33-MPP_ZPP SCHOOLS,1 To 5,3-Co-educational,1-Rural,Ravulapalem,Ravulapalem,,,NA,533238,,https://kys.udiseplus.gov.in/#/schooldetail/4714929/12,4714929,15/10/2020 12:18,2480
******00504 Operational,,MPPS (GDP) MAMIDIKUDURU,,,,Andhra Pradesh,1-Primary,33-MPP_ZPP SCHOOLS,1 To 5,3-Co-educational,1-Rural,Mamidikuduru,Mamidikuduru,,,GALIDEVARAPALEM MAMIDIKUDURU MAMIDIKUDURU EASTGODAVARI 533247,533247,durgamattaparthi12[at]gmail[dot]com,https://kys.udiseplus.gov.in/#/schooldetail/4668907/12,4668907,11/03/2024 18:33,2480
******00902 Operational,,MPPS GEDDADA,,,,Andhra Pradesh,1-Primary,33-MPP_ZPP SCHOOLS,1 To 5,3-Co-educational,1-Rural,Mamidikuduru,Geddada,,,GEDDADA GEDDADA (VILL) GEDDADA(VILL) MAMIDIKUDURU(MANDAL) EAST GODAVARI(DIST),533249,,https://kys.udiseplus.gov.in/#/schooldetail/4668938/12,4668938,18/07/2022 16:25,2480
******00607 Operational,,MPPS GEDDAMVARIPETA,,,,Andhra Pradesh,1-Primary,33-MPP_ZPP SCHOOLS,1 To 5,3-Co-educational,1-Rural,Kothapeta,Avidi,,,DOOR NO 1-57 GEDDAMVARIPETA AVIDI (VILL) AVIDI(VILL) KOTHAPETA(MANDAL) EAST GODAVARI(DIST),533229,meo.kothapeta[at]gmail[dot]com,https://kys.udiseplus.gov.in/#/schooldetail/4667891/12,4667891,15/10/2020 12:18,2480
******01003 Permanently Closed,,MPPS GEDDANAPALLE,,,,Andhra Pradesh,1-Primary,33-MPP_ZPP SCHOOLS,1 To 5,3-Co-educational,1-Rural,Katrenikona,Geddanapalle,,,NA,533212,,https://kys.udiseplus.gov.in/#/schooldetail/4714990/12,4714990,15/10/2020 12:18,2480
******00304 Operational,,MPPS GEDELLANKA,,,,Andhra Pradesh,1-Primary,33-MPP_ZPP SCHOOLS,1 To 5,3-Co-educational,1-Rural,Mummidivaram,Komanapalle,,,GEDELLANKA KOMANAPALLE (VILL) KOMANAPALLE(VILL) MUMMIDIVARAM(MANDAL) EAST GODAVARI(DIST),533216,haripusuluri[at]gmail[dot]com,https://kys.udiseplus.gov.in/#/schooldetail/4668228/12,4668228,11/03/2024 18:50,2480
******01106 Operational,,MPPS (GFP) GUNDIPUDI,,,,Andhra Pradesh,1-Primary,33-MPP_ZPP SCHOOLS,1 To 5,3-Co-educational,1-Rural,Allavaram,Devaguptam,,,GUNDIPUDI(FISHERMENPETA) DEVAGUPTAM DEVAGUPTAM(VILL) ALLAVARAM(MANDAL) EAST GODAVARI(DIST),533217,meo.allavaram1[at]gmail[dot]com,https://kys.udiseplus.gov.in/#/schooldetail/4668844/12,4668844,19/12/2025 10:51,2480
******00104 Operational,,MPPS (GHP) PEDAPATNAMLANKA,,,,Andhra Pradesh,1-Primary,33-MPP_ZPP SCHOOLS,1 To 2,3-Co-educational,1-Rural,Mamidikuduru,Pedapatnam Lanka,,,G H PETA PEDAPATNAM LANKA (VILL) PEDAPATNAM LANKA(VILL) MAMIDIKUDURU(MANDAL) EAST GODAVARI(DIST),533247,rayudusumadhura857[at]mail[dot]com,https://kys.udiseplus.gov.in/#/schooldetail/4668885/12,4668885,25/01/2023 18:19,2480
******00801 Operational,,MPPS GIDDIVARI PETA,,,,Andhra Pradesh,1-Primary,33-MPP_ZPP SCHOOLS,1 To 5,3-Co-educational,1-Rural,Katrenikona,Nadavapalle,,,GIDDIVARI PETA NADAVAPALLE (VILL) NADAVAPALLE(VILL) KATRENIKONA(MANDAL) EAST GODAVARI(DIST),533212,,https://kys.udiseplus.gov.in/#/schooldetail/4668460/12,4668460,15/10/2020 12:18,2480
******01403 Operational,,MPPS GIDLAVARI PETA,,,,Andhra Pradesh,1-Primary,33-MPP_ZPP SCHOOLS,1 To 5,3-Co-educational,1-Rural,NA,NA,,,GIDLAVARI HARIJANAPETA KUDUPURU (VILL) KUDUPURU(VILL) K.GANGAVARAM(MANDAL) EAST GODAVARI(DIST),533263,,https://kys.udiseplus.gov.in/#/schooldetail/4667352/12,4667352,23/06/2022 14:30,2480
******01218 Operational,,MPPS GIDUGUVARI PALEM,,,,Andhra Pradesh,1-Primary,33-MPP_ZPP SCHOOLS,1 To 5,3-Co-educational,1-Rural,Razole,Mulikipalle,,,GIDUGUVARI PALEM GIDUGUVARI PALEM MERAKAPALEM(VILL) RAZOLE(MANDAL) EAST GODAVARI(DIST),533248,devi.nagalla905[at]gmail[dot]com,https://kys.udiseplus.gov.in/#/schooldetail/4669055/12,4669055,15/10/2020 12:18,2480
******00509 Operational,,MPPS G JAGGAAMPETA,,,,Andhra Pradesh,1-Primary,33-MPP_ZPP SCHOOLS,1 To 5,3-Co-educational,1-Rural,I. Polavaram,Guthinadeevi,,,G.JAYYAMPETA GUTHINADEEVI (VILL) GUTHINADEEVI(VILL) I.POLAVARAM(MANDAL) EAST GODAVARI(DIST),533464,,https://kys.udiseplus.gov.in/#/schooldetail/4668350/12,4668350,11/03/2024 18:55,2480
******01710 Operational,,MPPS (GMCB) NAGULLANKA,,,,Andhra Pradesh,1-Primary,33-MPP_ZPP SCHOOLS,1 To 5,3-Co-educational,1-Rural,P.Gannavaram,Manepalle,,,GMCB COLONY MANEPALLE (VILL) MANEPALLE(VILL) P.GANNAVARAM(MANDAL) EAST GODAVARI(DIST),533249,mppsgmcbcolony[at]gmail[dot]com,https://kys.udiseplus.gov.in/#/schooldetail/4668038/12,4668038,18/07/2022 15:28,2480
******00802 Operational,,MPPS (GM) KONDUKUDURU,,,,Andhra Pradesh,1-Primary,33-MPP_ZPP SCHOOLS,1 To 5,3-Co-educational,1-Rural,Ainavilli,Kondukuduru,,,GIDDIMERAKA KAMALAPALLE GUNNA MMERAKA KONDUKUDURU(VILL) AINAVILLI(MANDAL) EAST GODAVARI(DIST),533211,mppsgunnameraka[at]gmail[dot]com,https://kys.udiseplus.gov.in/#/schooldetail/4668158/12,4668158,19/07/2022 11:54,2480
******00610 Operational,,MPPS G MOOLAPOLAM,,,,Andhra Pradesh,1-Primary,33-MPP_ZPP SCHOOLS,1 To 5,3-Co-educational,1-Rural,I. Polavaram,G. Vemavaram,,,G.MOOLAPALEM G. VEMAVARAM G. VEMAVARAM(VILL) I.POLAVARAM(MANDAL) EAST GODAVARI(DIST),533464,anilaravindn[at]gmail[dot]com,https://kys.udiseplus.gov.in/#/schooldetail/4667920/12,4667920,23/11/2023 16:32,2480
******00205 Operational,,MPPS (GM) SAKHINETIPALLI,,,,Andhra Pradesh,1-Primary,33-MPP_ZPP SCHOOLS,1 To 5,3-Co-educational,1-Rural,Sakhinetipalle,Sakhinetipalle,,,GEETA MANDIR SAKINETIPALLE (VILL) SAKINETIPALLE(VILL) SAKHINETIPALLI(MANDAL) EAST GODAVARI(DIST),533251,sriharshamutyal[at]gmail[dot]com,https://kys.udiseplus.gov.in/#/schooldetail/4668742/12,4668742,17/06/2025 21:57,2480
******00303 Operational,,MPPS (GN) CHEMUDULANKA,,,,Andhra Pradesh,1-Primary,33-MPP_ZPP SCHOOLS,1 To 5,3-Co-educational,1-Rural,Alamuru,Chemudu Lanka,,,GANDHI NAGARM CHOPPELA (VILL) CHOPPELA(VILL) ALAMURU(MANDAL) EAST GODAVARI(DIST),533234,-mpppsgandhinagram303[at]gmail[dot]com,https://kys.udiseplus.gov.in/#/schooldetail/4667517/12,4667517,15/10/2020 12:18,2480
******00316 Operational,,MPPS (GN) KOTHAPETA,,,,Andhra Pradesh,1-Primary,33-MPP_ZPP SCHOOLS,1 To 5,3-Co-educational,1-Rural,Kothapeta,Kothapeta,,,GANESH NAGAR KOTHAPETA (VILL) KOTHAPETA(VILL) KOTHAPETA(MANDAL) EAST GODAVARI(DIST),533223,-mpppsganeshnagagar[at]gmail[dot]com,https://kys.udiseplus.gov.in/#/schooldetail/4667844/12,4667844,15/10/2020 12:18,2480
******00214 Closed,Closed,MPPS (GN) SAKHINETIPALLI LANKA,,,,Andhra Pradesh,1-Primary,33-MPP_ZPP SCHOOLS,1 To 5,3-Co-educational,1-Rural,Sakhinetipalle,Sakhinetipalle,,,SAKHINETIPALLI LANKA,533251,meo.sakhinetipalli[at]gmail[dot]com,https://kys.udiseplus.gov.in/#/schooldetail/4669187/12,4669187,14/11/2024 12:04,2480
******01202 Closed,Closed,MPPS (GN) SAMANTHAKURRU,,,,Andhra Pradesh,1-Primary,33-MPP_ZPP SCHOOLS,1 To 5,3-Co-educational,1-Rural,Allavaram,Samanthakuru,,,SAMANTHAKURU(GANDHINAGAR) SAMANTHAKURU SAMANTHAKURU(VILL) ALLAVARAM(MANDAL) EAST GODAVARI(DIST),533217,sujanacanady[at]gmail[dot]com,https://kys.udiseplus.gov.in/#/schooldetail/4668849/12,4668849,23/07/2024 14:19,2480
******01701 Operational,,MPPS (GN) THOTAPETA,,,,Andhra Pradesh,1-Primary,33-MPP_ZPP SCHOOLS,1 To 5,3-Co-educational,1-Rural,Ramachandrapuram,Thotapeta,,,GANDHINAGAR THOTAPETA (VILL) THOTAPETA(VILL) RAMACHANDRAPURAM(MANDAL) EAST GODAVARI(DIST),533262,srinivas.taruna[at]gmail[dot]com,https://kys.udiseplus.gov.in/#/schooldetail/4667279/12,4667279,15/10/2020 12:18,2480
******00908 Operational,,MPPS (GN) VANAPALLI,,,,Andhra Pradesh,1-Primary,33-MPP_ZPP SCHOOLS,1 To 5,3-Co-educational,1-Rural,Kothapeta,Vanapalle,,,GANDHINAGAR VANAPALLI (VILL) VANAPALLI(VILL) KOTHAPETA(MANDAL) EAST GODAVARI(DIST),533228,meo.kothapeta[at]gmail[dot]com,https://kys.udiseplus.gov.in/#/schooldetail/4667915/12,4667915,15/10/2020 12:18,2480
******00509 Operational,,MPPS (GN) VV MERAKA,,,,Andhra Pradesh,1-Primary,33-MPP_ZPP SCHOOLS,1 To 2,3-Co-educational,1-Rural,Sakhinetipalle,Antarvedipalem,,,GANDHI NAGAR ANTARVEDIPALEM (VILL) ANTARVEDIPALEM(VILL) SAKHINETIPALLI(MANDAL) EAST GODAVARI(DIST),533253,gandhinagarmpps80[at]gmail[dot]com,https://kys.udiseplus.gov.in/#/schooldetail/4669219/12,4669219,20/06/2025 22:49,2480
******00801 Operational,,MPPS GODI,,,,Andhra Pradesh,1-Primary,33-MPP_ZPP SCHOOLS,1 To 5,3-Co-educational,1-Rural,Allavaram,Godi,,,GODI GODI GODI(VILL) ALLAVARAM(MANDAL) EAST GODAVARI(DIST),533217,mppsgodi[at]gmail[dot]com,https://kys.udiseplus.gov.in/#/schooldetail/4650397/12,4650397,19/12/2025 10:48,2480
******00701 Operational,,MPPS GODILANKA,,,,Andhra Pradesh,1-Primary,33-MPP_ZPP SCHOOLS,1 To 5,3-Co-educational,1-Rural,Allavaram,Godilanka,,,GODILANKA GODILANKA GODILANKA(VILL) ALLAVARAM(MANDAL) EAST GODAVARI(DIST),533217,vvaralakshmidandumenu97[at]gmail[dot]com,https://kys.udiseplus.gov.in/#/schooldetail/4668822/12,4668822,19/12/2025 10:47,2480
******00802 Operational,,MPPS GODIPALEM,,,,Andhra Pradesh,1-Primary,33-MPP_ZPP SCHOOLS,1 To 5,3-Co-educational,1-Rural,Allavaram,Godi,,,GODIPALEM GODI GODI(VILL) ALLAVARAM(MANDAL) EAST Konaseema(DIST),533217,,https://kys.udiseplus.gov.in/#/schooldetail/4668825/12,4668825,19/12/2025 10:48,2480
******00104 Operational,,MPPS GODIVARIPETA,,,,Andhra Pradesh,1-Primary,33-MPP_ZPP SCHOOLS,1 To 5,3-Co-educational,1-Rural,I. Polavaram,Pasuvullanka,,,GODIVARIPET PASUVULLANKA (VILL) PASUVULLANKA(VILL) I.POLAVARAM(MANDAL) EAST GODAVARI(DIST),533220,plkumari1212[at]gmail[dot]com,https://kys.udiseplus.gov.in/#/schooldetail/4668323/12,4668323,09/05/2022 18:10,2480
******01701 Operational,,MPPS GOGANNAMATAM,,,,Andhra Pradesh,1-Primary,33-MPP_ZPP SCHOOLS,1 To 5,3-Co-educational,1-Rural,Mamidikuduru,Gogannamattam,,,GOGANNAMATTAM GOGANNAMATTAM (VILL) GOGANNAMATTAM(VILL) MAMIDIKUDURU(MANDAL) EAST GODAVARI(DIST),533247,morthavenkatalakshmi[at]gmail[dot]com,https://kys.udiseplus.gov.in/#/schooldetail/4668966/12,4668966,27/09/2024 19:02,2480
******00307 Operational,,MPPS GOGIVARIPETA,,,,Andhra Pradesh,1-Primary,33-MPP_ZPP SCHOOLS,1 To 2,3-Co-educational,1-Rural,Kothapeta,Kothapeta,,,GOGIVARIPETA NEAR AMBEDKAR STATUE KOTHAPETA MANDAL EAST GODAVARI(DIST),533223,,https://kys.udiseplus.gov.in/#/schooldetail/4667841/12,4667841,27/01/2023 10:50,2480
******00102 Operational,,MPPS GOKANAVILLI,,,,Andhra Pradesh,1-Primary,33-MPP_ZPP SCHOOLS,1 To 5,3-Co-educational,1-Rural,Uppalaguptam,Vilasavilli,,,GOKANAVILLI VILASAVILLI (VILL) VILASAVILLI(VILL) UPPALAGUPTAM(MANDAL) EAST GODAVARI(DIST),533222,mppschoolgokanavilli[at]gmail[dot]com,https://kys.udiseplus.gov.in/#/schooldetail/4668516/12,4668516,07/01/2026 08:29,2480
******01011 Operational,,MPPS GOLAKOTIVARI PALEM,,,,Andhra Pradesh,1-Primary,33-MPP_ZPP SCHOOLS,1 To 2,3-Co-educational,1-Rural,Kothapeta,Modekurru,,,GOLAKOTIVARI PALEM MODEKURRU(VILL) MODEKURRU(VILL) KOTHAPETA(MANDAL) EAST GODAVARI(DIST),533229,mpppsgolakotivaripalem[at]gmail[dot]com,https://kys.udiseplus.gov.in/#/schooldetail/4667936/12,4667936,25/01/2023 16:28,2480
******01217 Operational,,MPPS GOLLAGARUVU,,,,Andhra Pradesh,1-Primary,33-MPP_ZPP SCHOOLS,1 To 5,3-Co-educational,1-Rural,Katrenikona,Pallamkurru,,,GOLLAGARUVU PALLAMKURRU (VILL) PALLAMKURRU(VILL) KATRENIKONA(MANDAL) EAST GODAVARI(DIST),533212,mpps27145201217[at]gmail[dot]com,https://kys.udiseplus.gov.in/#/schooldetail/4668505/12,4668505,15/10/2020 12:18,2480
******00902 Operational,,MPPS GOLLALA CHERUVU,,,,Andhra Pradesh,1-Primary,33-MPP_ZPP SCHOOLS,1 To 5,3-Co-educational,1-Rural,Ramachandrapuram,Kandulapalem,,,GOLLALA CHERUVU KANDULAPALEM (VILL) KANDULAPALEM(VILL) RAMACHANDRAPURAM(MANDAL) EAST GODAVARI(DIST),533262,Mpppsgollalacheruvu[at]gmail[dot]com,https://kys.udiseplus.gov.in/#/schooldetail/4667234/12,4667234,30/12/2023 12:18,2480
******01017 Operational,,MPPS GOLLAPALEM,,,,Andhra Pradesh,1-Primary,33-MPP_ZPP SCHOOLS,1 To 5,3-Co-educational,1-Rural,Malikipuram,Kesanapalle,,,GOLLAPALEM KESANAPALLE(VILL) KESANAPALLE(VILL) MALIKIPURAM(MANDAL) EAST GODAVARI(DIST),533244,,https://kys.udiseplus.gov.in/#/schooldetail/4669148/12,4669148,15/10/2020 12:18,2480
******01304 Permanently Closed,,MPPS GOLLA PETA,,,,Andhra Pradesh,1-Primary,33-MPP_ZPP SCHOOLS,1 To 5,3-Co-educational,1-Rural,Katrenikona,Pallamkurru,,,NA,533212,,https://kys.udiseplus.gov.in/#/schooldetail/4714991/12,4714991,15/10/2020 12:18,2480
******01402 Operational,,MPPS GONDIPALEM,,,,Andhra Pradesh,1-Primary,33-MPP_ZPP SCHOOLS,1 To 2,3-Co-educational,1-Rural,P.Gannavaram,Vainateya Kothapalle,,,GONDIPALEM VAINATEYA KOTHAPALLE (VILL) VAINATEYA KOTHAPALLE(VILL) P.GANNAVARAM(MANDAL) EAST GODAVARI(DIST),533240,mpppsgondhipalem[at]gmail[dot]com,https://kys.udiseplus.gov.in/#/schooldetail/4667586/12,4667586,11/03/2024 18:57,2480
******00804 Permanently Closed,,MPPS GOPAILANKA,,,,Andhra Pradesh,1-Primary,33-MPP_ZPP SCHOOLS,1 To 5,3-Co-educational,1-Rural,Allavaram,Godi,,,NA,533217,,https://kys.udiseplus.gov.in/#/schooldetail/4715018/12,4715018,15/10/2020 12:18,2480
******01001 Operational,,MPPS GOPALARAO PETA,,,,Andhra Pradesh,1-Primary,33-MPP_ZPP SCHOOLS,1 To 5,3-Co-educational,1-Rural,NA,NA,,,GOPALARAO PETA BALANTHARAM (VILL) BALANTRAM(VILL) K.GANGAVARAM(MANDAL) EAST GODAVARI(DIST),533263,tyreddy9[at]gmail[dot]com,https://kys.udiseplus.gov.in/#/schooldetail/4667772/12,4667772,23/06/2022 14:29,2480
******01105 Operational,,MPPS GOPALARAOPETA,,,,Andhra Pradesh,1-Primary,33-MPP_ZPP SCHOOLS,1 To 5,3-Co-educational,1-Rural,Katrenikona,Kandikuppa,,,GOPALARAOPETA KANDIKUPPA (VILL) KANDIKUPPA(VILL) KATRENIKONA(MANDAL) EAST GODAVARI(DIST),533212,mppsgopalaraopeta1105[at]gmail[dot]com,https://kys.udiseplus.gov.in/#/schooldetail/4668484/12,4668484,15/10/2020 12:18,2480
******00207 Operational,,MPPS GOSANGIVARIPETA,,,,Andhra Pradesh,1-Primary,33-MPP_ZPP SCHOOLS,1 To 5,3-Co-educational,1-Rural,Allavaram,Allavaram,,,ODALAREVU ALLAVARAM ALLAVARAM(VILL) ALLAVARAM(MANDAL) EAST GODAVARI(DIST),533217,meo.allavaram1[at]gmail[dot]com,https://kys.udiseplus.gov.in/#/schooldetail/4668807/12,4668807,19/12/2025 10:42,2480
******01313 Operational,,MPPS GOWTHAMI NAGAR,,,,Andhra Pradesh,1-Primary,33-MPP_ZPP SCHOOLS,1 To 5,3-Co-educational,1-Rural,Amalapuram,Peruru,,,GOWTHAMI NAGAR PERURU PERURU(VILL) AMALAPURAM(MANDAL) EAST GODAVARI(DIST),533218,mppsgowthaminagar16[at]gmail[dot]com,https://kys.udiseplus.gov.in/#/schooldetail/4668675/12,4668675,21/12/2025 22:05,2480
******00905 Operational,,MPPS (G P ) COLONY,,,,Andhra Pradesh,1-Primary,33-MPP_ZPP SCHOOLS,1 To 2,3-Co-educational,1-Rural,Malikipuram,Gudapalle,,,PALLE PALEM GUDAPALLE (VILL) GUDAPALLE(VILL) MALIKIPURAM(MANDAL) EAST GODAVARI(DIST),533254,meo.malikipuram[at]gmail[dot]com,https://kys.udiseplus.gov.in/#/schooldetail/4669129/12,4669129,25/01/2023 17:09,2480
******00107 Operational,,MPPS GP LANKA,,,,Andhra Pradesh,1-Primary,33-MPP_ZPP SCHOOLS,1 To 5,3-Co-educational,1-Rural,P.Gannavaram,Ganti Pedapudi,,,MPPUP School GP LANKA GANTI PEDAPUDI (VILLAGE) P.GANNAVARAM(MANDAL) EAST GODAVARI(DIST) PIN 533274,533274,Prasad123pandu[at]gmail[dot]com,https://kys.udiseplus.gov.in/#/schooldetail/4667515/12,4667515,17/07/2025 14:01,2480
******00804 Operational,,MPPS (GP) N KOTHAPALLI,,,,Andhra Pradesh,1-Primary,33-MPP_ZPP SCHOOLS,1 To 2,3-Co-educational,1-Rural,Uppalaguptam,Nimmakayala Kothapalle,,,GARUVU PETA NIMMAKAYALA KOTHAPALLI (VILL) NIMMAKAYALA KOTHAPALLI(VILL) UPPALAGUPTAM(MANDAL) EAST GODAVARI(DIST),533222,mppsgpkotapalli[at]gmail[dot]com,https://kys.udiseplus.gov.in/#/schooldetail/4668096/12,4668096,07/01/2026 08:52,2480
******01101 Operational,,MPPS (GPS) SANKARAGUPTHAM,,,,Andhra Pradesh,1-Primary,33-MPP_ZPP SCHOOLS,1 To 2,3-Co-educational,1-Rural,Malikipuram,Sankaraguptham,,,SANKARAGUPTHAM(G P STREET) SANKARAGUPTHAM (VILL) SANKARAGUPTHAM(VILL) MALIKIPURAM(MANDAL) EAST GODAVARI(DIST),533250,,https://kys.udiseplus.gov.in/#/schooldetail/4669153/12,4669153,25/01/2023 17:09,2480
******00201 Operational,,MPPS (GP) VADAPALEM,,,,Andhra Pradesh,1-Primary,33-MPP_ZPP SCHOOLS,1 To 2,3-Co-educational,1-Rural,Kothapeta,Vadapalem,,,VADAPALEM G.P VADAPALEM (VILL) VADAPALEM(VILL) KOTHAPETA(MANDAL) EAST GODAVARI(DIST),533223,meo.kothapeta[at]gmail[dot]com,https://kys.udiseplus.gov.in/#/schooldetail/4667831/12,4667831,25/01/2023 16:22,2480
******00301 Operational,,MPPS (GTN) KOTHAPETA,,,,Andhra Pradesh,1-Primary,33-MPP_ZPP SCHOOLS,1 To 5,3-Co-educational,1-Rural,Kothapeta,Kothapeta,,,GOUTAMI NAGAR KOTHAPETA (VILL) KOTHAPETA(VILL) KOTHAPETA(MANDAL) EAST GODAVARI(DIST),533223,,https://kys.udiseplus.gov.in/#/schooldetail/4667835/12,4667835,15/10/2020 12:18,2480
******00501 Operational,,MPPS (GTS) MODUKURU,,,,Andhra Pradesh,1-Primary,33-MPP_ZPP SCHOOLS,1 To 5,3-Co-educational,1-Rural,Alamuru,Modukuru,,,GONTHALAMMA TEMPLE STREET MODUKURU MODUKURU(VILL) ALAMURU(MANDAL) EAST GODAVARI(DIST),533232,botchasivakumar004[at]gmail[dot]com,https://kys.udiseplus.gov.in/#/schooldetail/4667532/12,4667532,15/10/2020 12:18,2480
******00906 Operational,,MPPS GUBBALAPALEM,,,,Andhra Pradesh,1-Primary,33-MPP_ZPP SCHOOLS,1 To 5,3-Co-educational,1-Rural,Malikipuram,Gudapalle,,,GUBBALAPALEM GUDAPALLE (VILL) GUDAPALLE(VILL) MALIKIPURAM(MANDAL) EAST GODAVARI(DIST),533254,rk11231123[at]gmail[dot]com,https://kys.udiseplus.gov.in/#/schooldetail/4669130/12,4669130,11/03/2024 18:21,2480
******00605 Operational,,MPPS GUBBALAVARIPALEM,,,,Andhra Pradesh,1-Primary,33-MPP_ZPP SCHOOLS,1 To 2,3-Co-educational,1-Rural,Kothapeta,Khandrika,,,GUBBALAVARI PALEM KHANDRIKA (VILL) AVIDI(VILL) KOTHAPETA(MANDAL) EAST GODAVARI(DIST),533229,,https://kys.udiseplus.gov.in/#/schooldetail/4667889/12,4667889,21/06/2025 16:00,2480
******00205 Operational,,MPPS GUBBALAVARIPALEM,,,,Andhra Pradesh,1-Primary,33-MPP_ZPP SCHOOLS,1 To 5,3-Co-educational,1-Rural,Allavaram,Allavaram,,,GUBBALAVARI PALEM ALLAVARAM ALLAVARAM(VILL) ALLAVARAM(MANDAL) EAST GODAVARI(DIST),533217,,https://kys.udiseplus.gov.in/#/schooldetail/4668803/12,4668803,19/12/2025 10:42,2480
******00303 Operational,,MPPS GUDALA,,,,Andhra Pradesh,1-Primary,33-MPP_ZPP SCHOOLS,1 To 5,3-Co-educational,1-Rural,Allavaram,Gudala,,,GUDALA GUDALA GUDALA(VILL) ALLAVARAM(MANDAL) EAST GODAVARI(DIST),533218,,https://kys.udiseplus.gov.in/#/schooldetail/4668367/12,4668367,19/12/2025 10:45,2480
******00806 Operational,,MPPS GUDALA MERAKA,,,,Andhra Pradesh,1-Primary,33-MPP_ZPP SCHOOLS,1 To 2,3-Co-educational,1-Rural,Ambajipeta,Gangalakurru,,,GUDALA VARIPALEM GANGALAKURRU GANGALAKURRU(VILL) AMBAJIPETA(MANDAL) EAST GODAVARI(DIST),533214,amruthaevergood[at]gmail[dot]com,https://kys.udiseplus.gov.in/#/schooldetail/4668084/12,4668084,23/12/2025 17:08,2480
******01711 Operational,,MPPS GUDDAYA LANKA,,,,Andhra Pradesh,1-Primary,33-MPP_ZPP SCHOOLS,1 To 5,3-Co-educational,1-Rural,P.Gannavaram,Manepalle,,,GUDDAYALANKA MANEPALLE (VILL) MANEPALLE(VILL) P.GANNAVARAM(MANDAL) EAST GODAVARI(DIST),533249,mpppsgdlanka[at]gmail[dot]com,https://kys.udiseplus.gov.in/#/schooldetail/4668039/12,4668039,11/03/2024 18:54,2480
******01101 Operational,,MPPS GUDIGALLA BHAGA,,,,Andhra Pradesh,1-Primary,33-MPP_ZPP SCHOOLS,1 To 5,3-Co-educational,1-Rural,NA,NA,,,GUDIGALLA BHAGA GUDIGALLA BHAGA (VILL) GUDIGALLA BHAGA(VILL) K.GANGAVARAM(MANDAL) EAST GODAVARI(DIST),533263,dvvsndarla[at]gmail[dot]com,https://kys.udiseplus.gov.in/#/schooldetail/4667774/12,4667774,23/06/2022 14:29,2480
******00209 Operational,,MPPS GUDIMELLANKA,,,,Andhra Pradesh,1-Primary,33-MPP_ZPP SCHOOLS,1 To 5,3-Co-educational,1-Rural,Malikipuram,Gudimellanka,,,GUDIMELLANKA(VILL) MALIKIPURAM(MANDAL) EAST GODAVARI(DIST),533253,mppsgudimellanka2023[at]gmail[dot]com,https://kys.udiseplus.gov.in/#/schooldetail/4669070/12,4669070,04/09/2024 23:39,2480
******00402 Operational,,MPPS GUDIMULA,,,,Andhra Pradesh,1-Primary,33-MPP_ZPP SCHOOLS,1 To 5,3-Co-educational,1-Rural,Sakhinetipalle,Gudimula Kandrika,,,GUDIMULA GUDIMULA (VILL) GUDIMULA (VILL) SAKHINETIPALLI(MANDAL) EAST GODAVARI(DIST),533251,sreedevibonam1976[at]gmail[dot]com,https://kys.udiseplus.gov.in/#/schooldetail/4668775/12,4668775,15/10/2020 12:18,2480
******00401 Operational,,MPPS GUDIMULA KANDRIGA,,,,Andhra Pradesh,1-Primary,33-MPP_ZPP SCHOOLS,1 To 5,3-Co-educational,1-Rural,Sakhinetipalle,Gudimula Kandrika,,,KANDRIKA GUDIMULA (VILL) GUDIMULA (VILL) SAKHINETIPALLI(MANDAL) EAST GODAVARI(DIST),533251,gk[at]gmail[dot]com,https://kys.udiseplus.gov.in/#/schooldetail/4668774/12,4668774,11/03/2024 18:27,2480
******01702 Operational,,MPPS GUMMADIVARIPALEM,,,,Andhra Pradesh,1-Primary,33-MPP_ZPP SCHOOLS,1 To 5,3-Co-educational,1-Rural,Ainavilli,Pothukurru,,,GUMMADIVARIPALEM POTHUKURRU POTHUKURRU(VILL) AINAVILLI(MANDAL) EAST GODAVARI(DIST),533577,,https://kys.udiseplus.gov.in/#/schooldetail/4668212/12,4668212,19/07/2022 12:23,2480
******00601 Operational,,MPPS GUMMLERU,,,,Andhra Pradesh,1-Primary,33-MPP_ZPP SCHOOLS,1 To 5,3-Co-educational,1-Rural,Alamuru,Gummileru,,,GUMMILERU GUMMILERU (VILL) GUMMILERU(VILL) ALAMURU(MANDAL) EAST GODAVARI(DIST),533232,,https://kys.udiseplus.gov.in/#/schooldetail/4667534/12,4667534,15/10/2020 12:18,2480
******01110 Permanently Closed,,MPPS GUNDIPUDI,,,,Andhra Pradesh,1-Primary,33-MPP_ZPP SCHOOLS,1 To 5,3-Co-educational,1-Rural,Allavaram,Devaguptam,,,NA,533217,,https://kys.udiseplus.gov.in/#/schooldetail/4715020/12,4715020,15/10/2020 12:18,2480
******01102 Operational,,MPPS GUNNEPALLI AGRAHARAM,,,,Andhra Pradesh,1-Primary,33-MPP_ZPP SCHOOLS,1 To 5,3-Co-educational,1-Rural,Amalapuram,Gunnapalle Agraharam,,,G.AGRAHARAM GUNNAPALLE AGRAHARAM GUNNAPALLE AGRAHARAM(VILL) AMALAPURAM(MANDAL) EAST GODAVARI(DIST),533201,,https://kys.udiseplus.gov.in/#/schooldetail/4668202/12,4668202,20/12/2025 23:26,2480
******00203 Operational,,MPPS GUNNIGUNTA CHERUVU,,,,Andhra Pradesh,1-Primary,33-MPP_ZPP SCHOOLS,1 To 5,3-Co-educational,1-Rural,Uppalaguptam,Bheemanapalle,,,GUNNIGUNTA CHERUVU BHEEMANAPALLI (VILL) BHEEMANAPALLI(VILL) UPPALAGUPTAM(MANDAL) EAST GODAVARI(DIST),533222,,https://kys.udiseplus.gov.in/#/schooldetail/4668523/12,4668523,07/01/2026 08:41,2480
******00808 Operational,,MPPS GUNTAMAMIDI DODDI,,,,Andhra Pradesh,1-Primary,33-MPP_ZPP SCHOOLS,1 To 5,3-Co-educational,1-Rural,Ambajipeta,Gangalakurru,,,GANGALKURRU GANGALAKURRU GANGALAKURRU(VILL) AMBAJIPETA(MANDAL) EAST GODAVARI(DIST),533214,meo.ambajipeta[at]gmail[dot]com,https://kys.udiseplus.gov.in/#/schooldetail/4668086/12,4668086,23/12/2025 17:08,2480
******00702 Operational,,MPPS GUNTRUVARIPALEM,,,,Andhra Pradesh,1-Primary,33-MPP_ZPP SCHOOLS,1 To 5,3-Co-educational,1-Rural,Ainavilli,Sanapalli Lanka,,,GUNTRUVARIPALEM SANAPALLI LANKA SANAPALLI LANKA(VILL) AINAVILLI(MANDAL) EAST GODAVARI(DIST),533211,umamaheswararao7327[at]gmail[dot]com,https://kys.udiseplus.gov.in/#/schooldetail/4668149/12,4668149,07/05/2022 18:39,2480
******00102 Operational,,MPPS GURAJAPU LANKA,,,,Andhra Pradesh,1-Primary,33-MPP_ZPP SCHOOLS,1 To 5,3-Co-educational,1-Rural,Mummidivaram,Kamini,,,GURAJAPU LANKA KAMINI (VILL) KAMINI(VILL) MUMMIDIVARAM(MANDAL) EAST GODAVARI(DIST),533216,mppsgurajapulanka[at]gmail[dot]com,https://kys.udiseplus.gov.in/#/schooldetail/4668214/12,4668214,11/03/2024 18:42,2480
******00602 Operational,,MPPS GUTAMVARIPETA,,,,Andhra Pradesh,1-Primary,33-MPP_ZPP SCHOOLS,1 To 5,3-Co-educational,1-Rural,P.Gannavaram,Lankalagannavaram,,,GUTAMVARIPETA LANKALAGANNAVARAM (VILL) LANKALAGANNAVARAM(VILL) P.GANNAVARAM(MANDAL) EAST GODAVARI(DIST),533240,mpppsgutamvaripeta602[at]gmail[dot]com,https://kys.udiseplus.gov.in/#/schooldetail/4667976/12,4667976,18/07/2022 15:03,2480
******00501 Operational,,MPPS GUTHINADEEVI,,,,Andhra Pradesh,1-Primary,33-MPP_ZPP SCHOOLS,1 To 2,3-Co-educational,1-Rural,I. Polavaram,Guthinadeevi,,,GUTHINADEEVI GUTHINADEEVI (VILL) GUTHINADEEVI(VILL) I.POLAVARAM(MANDAL) EAST GODAVARI(DIST),533464,Muralikrishna9177541798[at]gmail[dot]com,https://kys.udiseplus.gov.in/#/schooldetail/4668342/12,4668342,25/01/2023 11:00,2480
******01503 Operational,,MPPS GUTHULAVARIPALEM,,,,Andhra Pradesh,1-Primary,33-MPP_ZPP SCHOOLS,1 To 5,3-Co-educational,1-Rural,Ainavilli,K. Jagannadhapuram,,,GUTHULAVARIPALEM K. JAGANNADHAPURAM K. JAGANNADHAPURAM(VILL) AINAVILLI(MANDAL) EAST GODAVARI(DIST),533577,priyakrishna2816[at]gmail[dot]com,https://kys.udiseplus.gov.in/#/schooldetail/4668201/12,4668201,11/03/2024 16:48,2480
******00403 Operational,,MPPS GUTHULAVARIPALEM,,,,Andhra Pradesh,1-Primary,33-MPP_ZPP SCHOOLS,1 To 5,3-Co-educational,1-Rural,P.Gannavaram,Narendrapuram,,,GUTHULAVARIPALEM NARENDRAPURAM (VILL) NARENDRAPURAM(VILL) P.GANNAVARAM(MANDAL) EAST GODAVARI(DIST),533240,mpppsgvpalam[at]gmail[dot]com,https://kys.udiseplus.gov.in/#/schooldetail/4667959/12,4667959,18/07/2022 14:52,2480
******00904 Operational,,MPPS (GVC) GUDAPALLI,,,,Andhra Pradesh,1-Primary,33-MPP_ZPP SCHOOLS,1 To 5,3-Co-educational,1-Rural,Malikipuram,Gudapalle,,,GOLLAMANDALAVARI PALEM GUDAPALLE (VILL) GUDAPALLE(VILL) MALIKIPURAM(MANDAL) EAST GODAVARI(DIST),533244,meo.malikipuram[at]gmail[dot]com,https://kys.udiseplus.gov.in/#/schooldetail/4669128/12,4669128,15/10/2020 12:18,2480
******00602 Operational,,MPPS G VEMAVARAM,,,,Andhra Pradesh,1-Primary,33-MPP_ZPP SCHOOLS,1 To 5,3-Co-educational,1-Rural,I. Polavaram,G. Vemavaram,,,G.VEMAVARAM G VEMAVARAM G VEMAVARAM(VILL) I POLAVARAM(MANDAL) EAST GODAVARI(DIST),533464,,https://kys.udiseplus.gov.in/#/schooldetail/4668356/12,4668356,16/06/2025 11:27,2480
******00818 Closed,Closed,MPPS (GVG) ANTARVEDI,,,,Andhra Pradesh,1-Primary,33-MPP_ZPP SCHOOLS,1 To 2,3-Co-educational,1-Rural,Sakhinetipalle,Antarvedi,,,G.V.PUNTA ANTARVEDI(VILL) ANTARVEDI(VILL) SAKHINETIPALLI(MANDAL) EAST GODAVARI(DIST),533252,,https://kys.udiseplus.gov.in/#/schooldetail/4669269/12,4669269,07/08/2025 09:58,2480
******00903 Operational,,MPPS (GVG) GUDAPALLI,,,,Andhra Pradesh,1-Primary,33-MPP_ZPP SCHOOLS,1 To 5,3-Co-educational,1-Rural,Malikipuram,Gudapalle,,,GOLLAMANDALAVARI PALEM GUDAPALLE (VILL) GUDAPALLE(VILL) MALIKIPURAM(MANDAL) EAST GODAVARI(DIST),533244,MPPSGVGROUP[at]GMAIL[dot]COM,https://kys.udiseplus.gov.in/#/schooldetail/4669127/12,4669127,15/10/2020 12:18,2480
******00305 Operational,,MPPS (GVG) RAMESWARAM,,,,Andhra Pradesh,1-Primary,33-MPP_ZPP SCHOOLS,1 To 5,3-Co-educational,1-Rural,Sakhinetipalle,Rameswaram,,,GOLLAMANDALA VARI GROUP RAMESWARAM(VILL) SAKHINETIPALLI(MANDAL) EAST GODAVARI(DIST),533251,geddamgangabhavani213[at]gmail[dot]com,https://kys.udiseplus.gov.in/#/schooldetail/4669209/12,4669209,15/10/2020 12:18,2480
******00701 Operational,,MPPS (GV) MUMMIDIVARAM,,,,Andhra Pradesh,1-Primary,33-MPP_ZPP SCHOOLS,1 To 5,3-Co-educational,2-Urban,NA,,Mummidivaram Ward No.5,Mummidivaram-Town Panchayat,GOLLALAVEEDHI MUMMIDIVARAM (VILL) MUMMIDIVARAM(VILL) MUMMIDIVARAM(MANDAL) EAST GODAVARI(DIST),533216,mppsgollalaveedhi[at]gmail[dot]com,https://kys.udiseplus.gov.in/#/schooldetail/4668252/12,4668252,15/10/2020 12:18,2480
******01111 Operational,,MPPS GV PALEM,,,,Andhra Pradesh,1-Primary,33-MPP_ZPP SCHOOLS,1 To 5,3-Co-educational,1-Rural,Malikipuram,Sankaraguptham,,,GEDDADAVRI PALEM SANKARAGUPTHAM (VILL) SANKARAGUPTHAM(VILL) MALIKIPURAM(MANDAL) EAST GODAVARI(DIST),533250,mpppsgvp[at]gmail[dot]com,https://kys.udiseplus.gov.in/#/schooldetail/4669163/12,4669163,15/10/2020 12:18,2480
******00202 Operational,,MPPS (GVP)APPANAPALLI,,,,Andhra Pradesh,1-Primary,33-MPP_ZPP SCHOOLS,1 To 2,3-Co-educational,1-Rural,Mamidikuduru,Appanapalle,,,GEDDAMVARI PETA APPANAPALLE (VILL) APPANAPALLE(VILL) MAMIDIKUDURU(MANDAL) EAST GODAVARI(DIST),533247,satya0907office[at]gmail[dot]com,https://kys.udiseplus.gov.in/#/schooldetail/4668891/12,4668891,25/01/2023 18:20,2480
******00307 Operational,,MPPS (GVP) RAMESWARAM,,,,Andhra Pradesh,1-Primary,33-MPP_ZPP SCHOOLS,1 To 5,3-Co-educational,1-Rural,Sakhinetipalle,Rameswaram,,,G.V.PALEM RAMESWARAM (VILL) RAMESWARAM(VILL) SAKHINETIPALLI(MANDAL) EAST GODAVARI(DIST),533251,krishnasharon1967[at]gmail[dot]com,https://kys.udiseplus.gov.in/#/schooldetail/4669211/12,4669211,17/06/2025 21:58,2480
******01801 Operational,,MPPS HASANBADA,,,,Andhra Pradesh,1-Primary,33-MPP_ZPP SCHOOLS,1 To 5,3-Co-educational,1-Rural,Ramachandrapuram,Hasanbada,,,HASANBADA HASANBADA (VILL) HASANBADA(VILL) RAMACHANDRAPURAM(MANDAL) EAST GODAVARI(DIST),533262,,https://kys.udiseplus.gov.in/#/schooldetail/4667285/12,4667285,17/06/2025 22:11,2480
******00105 Operational,,MPPS (HC) BODASAKURRU,,,,Andhra Pradesh,1-Primary,33-MPP_ZPP SCHOOLS,1 To 5,3-Co-educational,1-Rural,Allavaram,Bodasakurru,,,HANUMANCOLONY BODASAKURRU BODASAKURRU(VILL) ALLAVARAM(MANDAL) EAST GODAVARI(DIST),533215,ncolonbodasakurru[at]gmail[dot]com,https://kys.udiseplus.gov.in/#/schooldetail/4668796/12,4668796,19/12/2025 10:41,2480
******00503 Closed,Closed,MPPS (HSR) ANTARVEDIPALEM,,,,Andhra Pradesh,1-Primary,33-MPP_ZPP SCHOOLS,1 To 5,3-Co-educational,1-Rural,Sakhinetipalle,Antarvedipalem,,,Z.P.H.ROAD ANTARVEDIPALEM (VILL) ANTARVEDIPALEM(VILL) SAKHINETIPALLI(MANDAL) EAST GODAVARI(DIST),533252,,https://kys.udiseplus.gov.in/#/schooldetail/4669215/12,4669215,15/10/2020 12:18,2480
******00506 Permanently Closed,,MPPS (HVCG) SAKHINETIPALLI,,,,Andhra Pradesh,1-Primary,33-MPP_ZPP SCHOOLS,1 To 5,3-Co-educational,1-Rural,Sakhinetipalle,Antarvedipalem,,,NA,533252,,https://kys.udiseplus.gov.in/#/schooldetail/4715049/12,4715049,15/10/2020 12:18,2480
******01203 Operational,,MPPS I CHERUVU,,,,Andhra Pradesh,1-Primary,33-MPP_ZPP SCHOOLS,1 To 5,3-Co-educational,1-Rural,Katrenikona,Pallamkurru,,,I CHERUVU PALLAMKURRU (VILL) PALLAMKURRU(VILL) KATRENIKONA(MANDAL) EAST GODAVARI(DIST),533212,mppschoolicheruvu[at]gmail[dot]com,https://kys.udiseplus.gov.in/#/schooldetail/4668493/12,4668493,25/09/2024 14:29,2480
******00805 Operational,,MPPS (IC) MULASTHANA AGRAHARAM,,,,Andhra Pradesh,1-Primary,33-MPP_ZPP SCHOOLS,1 To 5,3-Co-educational,1-Rural,Alamuru,Mulastana Agraharam,,,INDIRA COLONY JONNADA JONNADA(VILL) ALAMURU(MANDAL) EAST GODAVARI(DIST),533233,mis.alamuru[at]gmail[dot]com,https://kys.udiseplus.gov.in/#/schooldetail/4667539/12,4667539,11/03/2024 16:51,2480
******00228 Operational,,MPPS (IC) VEDURUPAKA,,,,Andhra Pradesh,1-Primary,33-MPP_ZPP SCHOOLS,1 To 5,3-Co-educational,1-Rural,Rayavaram,Vedurupaka,,,VEDURUPAKA 2 VEDURUPAKA(VILL) RAYAVARAM(MANDAL) EAST GODAVARI(DIST),533345,geethatulasi1990[at]gmail[dot]com,https://kys.udiseplus.gov.in/#/schooldetail/4667397/12,4667397,15/10/2020 12:18,2480
******00704 Operational,,MPPS I KOTHAPALLI,,,,Andhra Pradesh,1-Primary,33-MPP_ZPP SCHOOLS,1 To 2,3-Co-educational,1-Rural,I. Polavaram,T. Kothapalle,,,I.KOTHAPALLE T. KOTHAPALLI (VILL) T. KOTHAPALLE(VILL) I.POLAVARAM(MANDAL) EAST GODAVARI(DIST),533220,smpp655[at]gmail[dot]comgmail[dot]com,https://kys.udiseplus.gov.in/#/schooldetail/4668372/12,4668372,25/09/2024 10:25,2480
******01406 Operational,,MPPS I MALAPALLI,,,,Andhra Pradesh,1-Primary,33-MPP_ZPP SCHOOLS,1 To 5,3-Co-educational,1-Rural,Uppalaguptam,Surasaniyanam,,,I MALAPALLI SURASANIYANAM (VILL) SURASANIYANAM(VILL) UPPALAGUPTAM(MANDAL) EAST GODAVARI(DIST),533213,8790764p[at]gmail[dot]com,https://kys.udiseplus.gov.in/#/schooldetail/4668612/12,4668612,07/01/2026 09:06,2480
******01401 Operational,,MPPS IMMIDIVARAPPADU,,,,Andhra Pradesh,1-Primary,33-MPP_ZPP SCHOOLS,1 To 5,3-Co-educational,1-Rural,Amalapuram,Immidivarappadu,,,IMMIDIVARAPPADU IMMIDIVARAPPADU IMMIDIVARAPPADU(VILL) AMALAPURAM(MANDAL) EAST GODAVARI(DIST),533218,subbuchitti149[at]gmail[dot]com,https://kys.udiseplus.gov.in/#/schooldetail/4668682/12,4668682,21/12/2025 22:13,2480
******00409 Operational,,MPPS INALAVARIPALEM,,,,Andhra Pradesh,1-Primary,33-MPP_ZPP SCHOOLS,1 To 2,3-Co-educational,1-Rural,P.Gannavaram,Narendrapuram,,,INALAVARIPALEM NARENDRAPURAM (VILL) NARENDRAPURAM(VILL) P.GANNAVARAM(MANDAL) EAST GODAVARI(DIST),533214,inalavaripalem[at]gmail[dot]com,https://kys.udiseplus.gov.in/#/schooldetail/4667964/12,4667964,25/01/2023 19:18,2480
******01006 Operational,,MPPS INDIRANAGAR,,,,Andhra Pradesh,1-Primary,33-MPP_ZPP SCHOOLS,1 To 5,3-Co-educational,1-Rural,Uppalaguptam,Gollavilli,,,INDIRANAGAR GOLLAVILLI (VILL) GOLLAVILLI(VILL) UPPALAGUPTAM(MANDAL) EAST GODAVARI(DIST),533222,guttulasrinivas1982[at]gmail[dot]com,https://kys.udiseplus.gov.in/#/schooldetail/4668575/12,4668575,07/01/2026 08:57,2480
******00802 Operational,,MPPS INDIRA NAGAR JONNADA,,,,Andhra Pradesh,1-Primary,33-MPP_ZPP SCHOOLS,1 To 2,3-Co-educational,1-Rural,Alamuru,Jonnada,,,JONNADA JONNADA JONNADA(VILL) ALAMURU(MANDAL) EAST GODAVARI(DIST),533233,mvnlaxmi79[at]gmail[dot]com,https://kys.udiseplus.gov.in/#/schooldetail/4667538/12,4667538,24/01/2023 17:08,2480
******00604 Operational,,MPPS (IN) IRUSUMANDA,,,,Andhra Pradesh,1-Primary,33-MPP_ZPP SCHOOLS,1 To 5,3-Co-educational,1-Rural,Ambajipeta,Irusumanda,,,INDIRANAGAR IRUSUMANDA IRUSUMANDA(VILL) AMBAJIPETA(MANDAL) EAST GODAVARI(DIST),533239,meo.ambajipeta[at]gmail[dot]com,https://kys.udiseplus.gov.in/#/schooldetail/4668075/12,4668075,23/12/2025 17:07,2480
******00408 Operational,,MPPS (IN) RAJULAPALEM,,,,Andhra Pradesh,1-Primary,33-MPP_ZPP SCHOOLS,1 To 5,3-Co-educational,1-Rural,P.Gannavaram,Narendrapuram,,,INDIRA NAGAR NARENDRAPURAM (VILL) NARENDRAPURAM(VILL) P.GANNAVARAM(MANDAL) EAST GODAVARI(DIST),533229,geddadadurgarao5[at]gmail[dot]com,https://kys.udiseplus.gov.in/#/schooldetail/4667963/12,4667963,18/07/2022 14:59,2480
******00601 Operational,,MPPS IRUSUMANDA,,,,Andhra Pradesh,1-Primary,33-MPP_ZPP SCHOOLS,1 To 5,3-Co-educational,1-Rural,Ambajipeta,Irusumanda,,,IRUSUMANDA IRUSUMANDA IRUSUMANDA(VILL) AMBAJIPETA(MANDAL) EAST GODAVARI(DIST),533239,,https://kys.udiseplus.gov.in/#/schooldetail/4668072/12,4668072,23/12/2025 17:06,2480
******01008 Operational,,MPPS ISUKAPUDI,,,,Andhra Pradesh,1-Primary,33-MPP_ZPP SCHOOLS,1 To 5,3-Co-educational,1-Rural,Ambajipeta,Isukapudi,,,ISUKAPUDI ISUKAPUDI ISUKAPUDI(VILL) AMBAJIPETA(MANDAL) EAST GODAVARI(DIST),533214,,https://kys.udiseplus.gov.in/#/schooldetail/4668097/12,4668097,23/12/2025 17:13,2480
******00902 Operational,,MPPS ITIKALAMERAKA,,,,Andhra Pradesh,1-Primary,33-MPP_ZPP SCHOOLS,1 To 5,3-Co-educational,1-Rural,P.Gannavaram,Munganda,,,ITIKALAMERAKA MUNGANDA (VILL) MUNGANDA(VILL) P.GANNAVARAM(MANDAL) EAST GODAVARI(DIST),533214,mjagadeesh121[at]gmail[dot]com,https://kys.udiseplus.gov.in/#/schooldetail/4668004/12,4668004,18/07/2022 15:20,2480
******01504 Operational,,MPPS ITIKULAGUNTA,,,,Andhra Pradesh,1-Primary,33-MPP_ZPP SCHOOLS,1 To 5,3-Co-educational,1-Rural,Allavaram,Komaragiripatnam,,,ITEKELAGUNTA THUMMALAPALLI THUMMALAPALLI(VILL) ALLAVARAM(MANDAL) EAST GODAVARI(DIST),533210,meo.allavaram1[at]gmail[dot]com,https://kys.udiseplus.gov.in/#/schooldetail/4668880/12,4668880,19/12/2025 11:00,2480
******01401 Operational,,MPPS JAGANNAIKULAPALEM,,,,Andhra Pradesh,1-Primary,33-MPP_ZPP SCHOOLS,1 To 5,3-Co-educational,1-Rural,Ramachandrapuram,Jagannaikulapalem,,,JAGANNAIKULAPALEM JAGANNAIKULAPALEM (VILL) JAGANNAIKULAPALEM(VILL) RAMACHANDRAPURAM(MANDAL) EAST GODAVARI(DIST),533262,,https://kys.udiseplus.gov.in/#/schooldetail/4667246/12,4667246,15/10/2020 12:18,2480
******01303 Operational,,MPPS JAGARAJUPETA,,,,Andhra Pradesh,1-Primary,33-MPP_ZPP SCHOOLS,1 To 5,3-Co-educational,1-Rural,Uppalaguptam,T. Challapalle,,,JAGGRAJUPETA T. CHALLAPALLE (VILL) T. CHALLAPALLE(VILL) UPPALAGUPTAM(MANDAL) EAST GODAVARI(DIST),533213,mppschjaggarajupeta[at]gmail[dot]com,https://kys.udiseplus.gov.in/#/schooldetail/4668592/12,4668592,07/01/2026 09:02,2480
******00801 Operational,,MPPS JAGGANNAPETA,,,,Andhra Pradesh,1-Primary,33-MPP_ZPP SCHOOLS,1 To 2,3-Co-educational,1-Rural,Mamidikuduru,Mogalikuduru,,,JAGGANNAPETA MOGALIKUDURU (VILL) MOGALIKUDURU(VILL) MAMIDIKUDURU(MANDAL) EAST GODAVARI(DIST),533247,,https://kys.udiseplus.gov.in/#/schooldetail/4668930/12,4668930,25/01/2023 18:25,2480
******00603 Operational,,MPPS JAGGANNATHOTA,,,,Andhra Pradesh,1-Primary,33-MPP_ZPP SCHOOLS,1 To 5,3-Co-educational,1-Rural,Ambajipeta,Irusumanda,,,JAGGANNATHOTA IRUSUMANDA IRUSUMANDA(VILL) AMBAJIPETA(MANDAL) EAST GODAVARI(DIST),533239,mppsjaggannthota[at]gmail[dot]com,https://kys.udiseplus.gov.in/#/schooldetail/4668074/12,4668074,23/12/2025 17:07,2480
******00806 Operational,,MPPS (J) AGRAHARAM,,,,Andhra Pradesh,1-Primary,33-MPP_ZPP SCHOOLS,1 To 5,3-Co-educational,1-Rural,Ravulapalem,Podagatlapalle,,,J AGRAHARAM PODAGATLAPALLI (VILL) PODAGATLAPALLI(VILL) RAVULAPALEM(MANDAL) EAST GODAVARI(DIST),533236,mppsjagraharam[at]gmail[dot]com,https://kys.udiseplus.gov.in/#/schooldetail/4667731/12,4667731,15/10/2020 12:18,2480
******01201 Operational,,MPPS JAIBHEEMNAGAR,,,,Andhra Pradesh,1-Primary,33-MPP_ZPP SCHOOLS,1 To 5,3-Co-educational,1-Rural,Katrenikona,Pallamkurru,,,JAIBHEEMNAGAR PALLAMKURRU (VILL) PALLAMKURRU(VILL) KATRENIKONA(MANDAL) EAST GODAVARI(DIST),533212,,https://kys.udiseplus.gov.in/#/schooldetail/4668491/12,4668491,15/10/2020 12:18,2480
******01002 Operational,,MPPS JAKKAMSETTIVARIPALEM,,,,Andhra Pradesh,1-Primary,33-MPP_ZPP SCHOOLS,1 To 5,3-Co-educational,1-Rural,Ambajipeta,Isukapudi,,,ISUKAPUDI-AMBAJIPETA-EAST GODAVARI,533214,allamkam.nagaraju[at]gmail[dot]com,https://kys.udiseplus.gov.in/#/schooldetail/4668091/12,4668091,23/12/2025 17:12,2480
******00102 Operational,,MPPS JALLAGUNTA,,,,Andhra Pradesh,1-Primary,33-MPP_ZPP SCHOOLS,1 To 5,3-Co-educational,1-Rural,Katrenikona,Cheyyeru,,,JALLAGUNTA CHEYYERU (VILL) CHEYYERU(VILL) KATRENIKONA(MANDAL) EAST GODAVARI(DIST),533222,,https://kys.udiseplus.gov.in/#/schooldetail/4668423/12,4668423,19/07/2022 12:18,2480
******01703 Operational,,MPPS JANAGATTU,,,,Andhra Pradesh,1-Primary,33-MPP_ZPP SCHOOLS,1 To 2,3-Co-educational,1-Rural,P.Gannavaram,Manepalle,,,JANAGATTU MANEPALLE (VILL) MANEPALLE(VILL) P.GANNAVARAM(MANDAL) EAST GODAVARI(DIST),533249,mjanagattu[at]gmail[dot]com,https://kys.udiseplus.gov.in/#/schooldetail/4668031/12,4668031,11/03/2024 18:56,2480
******00903 Operational,,MPPS JANGAVARIPETA,,,,Andhra Pradesh,1-Primary,33-MPP_ZPP SCHOOLS,1 To 5,3-Co-educational,1-Rural,P.Gannavaram,Munganda,,,JANGAVARIPETA MUNGANDA (VILL) MUNGANDA(VILL) P.GANNAVARAM(MANDAL) EAST GODAVARI(DIST),533214,mpppsjangavaripeta[at]gmail[dot]com,https://kys.udiseplus.gov.in/#/schooldetail/4668005/12,4668005,18/07/2022 15:20,2480
******00803 Operational,,MPPS JANIPIREDDIVARIPALEM,,,,Andhra Pradesh,1-Primary,33-MPP_ZPP SCHOOLS,1 To 5,3-Co-educational,1-Rural,Ravulapalem,Podagatlapalle,,,JANIPIREDDIVARIPALEM PODAGATLAPALLI (VILL) PODAGATLAPALLI(VILL) RAVULAPALEM(MANDAL) EAST GODAVARI(DIST),533236,mppsjanipireddivaripalem[at]gmail[dot]com,https://kys.udiseplus.gov.in/#/schooldetail/4667728/12,4667728,15/10/2020 12:18,2480
******00705 Operational,,MPPS JANUPALLI,,,,Andhra Pradesh,1-Primary,33-MPP_ZPP SCHOOLS,1 To 5,3-Co-educational,1-Rural,Amalapuram,Janupalle,,,JANUPALLE JANUPALLE JANUPALLE(VILL) AMALAPURAM(MANDAL) EAST GODAVARI(DIST),533577,,https://kys.udiseplus.gov.in/#/schooldetail/4668648/12,4668648,20/12/2025 22:31,2480
******01205 Operational,,MPPS JAYAPURAM,,,,Andhra Pradesh,1-Primary,33-MPP_ZPP SCHOOLS,1 To 5,3-Co-educational,1-Rural,Uppalaguptam,Gopavaram,,,GOPAVARAM(JAYAPURAM) GOPAVARAM (VILL) UPPALAGUPTAM(MANDAL) EAST GODAVARI(DIST) 533213,533213,avlnrusimhamba[at]gmail[dot]com,https://kys.udiseplus.gov.in/#/schooldetail/4668587/12,4668587,07/01/2026 09:00,2480
******01401 Operational,,MPPS (JB) BENDAMURLANKA,,,,Andhra Pradesh,1-Primary,33-MPP_ZPP SCHOOLS,1 To 5,3-Co-educational,1-Rural,Allavaram,Bendamurulanka,,,"JAMVAN PETA, BENDAMURLANKA VILLAGE, ALLAVARAM MANDAL , EAST GODAVARI DISTRICT",533210,,https://kys.udiseplus.gov.in/#/schooldetail/4668864/12,4668864,19/12/2025 11:01,2480
******00202 Operational,,MPPS (JB) CHAKALI PETA,,,,Andhra Pradesh,1-Primary,33-MPP_ZPP SCHOOLS,1 To 2,3-Co-educational,1-Rural,Rayavaram,Vedurupaka,,,CHAKALI PETA VEDURUPAKA (VILL) VEDURUPAKA(VILL) RAYAVARM(MANDAL) EAST GODAVARI(DIST),533345,,https://kys.udiseplus.gov.in/#/schooldetail/4667377/12,4667377,22/01/2023 15:26,2480
******01003 Operational,,MPPS (JBN) TOTHARAMUDI,,,,Andhra Pradesh,1-Primary,33-MPP_ZPP SCHOOLS,1 To 5,3-Co-educational,1-Rural,Ainavilli,Totharamudi,,,JAI BHEEMNAGAR TOTHARAMUDI TOTHARAMUDI(VILL) AINAVILLI(MANDAL) EAST GODAVARI(DIST),533211,,https://kys.udiseplus.gov.in/#/schooldetail/4668165/12,4668165,11/03/2024 16:38,2480
******01402 Operational,,MPPS (JC) ADURRU,,,,Andhra Pradesh,1-Primary,33-MPP_ZPP SCHOOLS,1 To 2,3-Co-educational,1-Rural,Mamidikuduru,Adurru,,,JAMMACHERVU ADURRU (VILL) ADURRU(VILL) MAMIDIKUDURU(MANDAL) EAST GODAVARI(DIST),533247,bheeshma999[at]gmail[dot]com,https://kys.udiseplus.gov.in/#/schooldetail/4668956/12,4668956,25/01/2023 18:29,2480
******01105 Operational,,MPPS JILLELA PETA,,,,Andhra Pradesh,1-Primary,33-MPP_ZPP SCHOOLS,1 To 5,3-Co-educational,1-Rural,Alamuru,Alamuru,,,JILLELA PETA ALAMURU ALAMURU(VILL) ALAMURU(MANDAL) EAST GODAVARI(DIST),533233,mpppsjillellapeta[at]gmail[dot]com,https://kys.udiseplus.gov.in/#/schooldetail/4667555/12,4667555,15/10/2020 12:18,2480
******00302 Operational,,MPPS JINNURIVARI PALEM,,,,Andhra Pradesh,1-Primary,33-MPP_ZPP SCHOOLS,1 To 5,3-Co-educational,1-Rural,Uppalaguptam,Nangavaram,,,JINNURIVARI PALEM NANGAVARAM (VILL) NANGAVARAM(VILL) UPPALAGUPTAM(MANDAL) EAST GODAVARI(DIST),533222,,https://kys.udiseplus.gov.in/#/schooldetail/4668538/12,4668538,07/01/2026 08:45,2480
******00510 Operational,,MPPS (JIVG) ANTARVEDIPALEM,,,,Andhra Pradesh,1-Primary,33-MPP_ZPP SCHOOLS,1 To 5,3-Co-educational,1-Rural,Sakhinetipalle,Antarvedipalem,,,JILLELAVARI GROUP ANTARVEDIPALEM (VILL) ANTARVEDIPALEM(VILL) SAKHINETIPALLI(MANDAL) EAST GODAVARI(DIST),533250,,https://kys.udiseplus.gov.in/#/schooldetail/4669220/12,4669220,15/10/2020 12:18,2480
******00801 Operational,,MPPS JONNADA,,,,Andhra Pradesh,1-Primary,33-MPP_ZPP SCHOOLS,1 To 5,3-Co-educational,1-Rural,Alamuru,Jonnada,,,JONNADA JONNADA JONNADA(VILL) ALAMURU(MANDAL) EAST GODAVARI(DIST),533233,mppsmainjonnada[at]gmail[dot]com,https://kys.udiseplus.gov.in/#/schooldetail/4667537/12,4667537,14/06/2025 09:37,2480
******01502 Operational,,MPPS JONNALALANKA,,,,Andhra Pradesh,1-Primary,33-MPP_ZPP SCHOOLS,1 To 5,3-Co-educational,1-Rural,P.Gannavaram,Mondepu Lanka,,,JONNALALANKA MONDEPU LANKA (VILL) MONDEPU LANKA(VILL) P.GANNAVARAM(MANDAL) EAST GODAVARI(DIST),533240,mppsjonnalanka[at]gmail[dot]com,https://kys.udiseplus.gov.in/#/schooldetail/4668020/12,4668020,18/07/2022 15:24,2480
******00610 Operational,,MPPS (JP) DEVARAPALLI,,,,Andhra Pradesh,1-Primary,33-MPP_ZPP SCHOOLS,1 To 5,3-Co-educational,1-Rural,Ravulapalem,Devarapalle,,,JAMBAVAPETA DEVARAPALLI (VILL) DEVARAPALLI(VILL) RAVULAPALEM(MANDAL) EAST GODAVARI(DIST),533223,mppsjambavapeta[at]gmail[dot]com,https://kys.udiseplus.gov.in/#/schooldetail/4667720/12,4667720,15/10/2020 12:18,2480
******00206 Operational,,MPPS (JP) KODURUPADU,,,,Andhra Pradesh,1-Primary,33-MPP_ZPP SCHOOLS,1 To 5,3-Co-educational,1-Rural,Allavaram,Allavaram,,,KODURUPADU(TAMBAVAN PET) ALLAVARAM ALLAVARAM(VILL) ALLAVARAM(MANDAL) EAST GODAVARI(DIST),533217,meo.allavaram1[at]gmail[dot]com,https://kys.udiseplus.gov.in/#/schooldetail/4668804/12,4668804,19/12/2025 10:42,2480
******00203 Operational,,MPPS (JP) KOMARAGIRI,,,,Andhra Pradesh,1-Primary,33-MPP_ZPP SCHOOLS,1 To 5,3-Co-educational,1-Rural,I. Polavaram,Komaragiri,,,JAMBHAVANI PETA KOMARAGIRI (VILL) KOMARAGIRI(VILL) I.POLAVARAM(MANDAL) EAST GODAVARI(DIST),533220,mpps.jpkomaragiri[at]gmail[dot]com,https://kys.udiseplus.gov.in/#/schooldetail/4668329/12,4668329,09/05/2022 18:13,2480
******01304 Operational,,MPPS (JP) NEDUNURU,,,,Andhra Pradesh,1-Primary,33-MPP_ZPP SCHOOLS,1 To 5,3-Co-educational,1-Rural,Ainavilli,Nedunuru,,,PEDAMALAPALLE NEDUNURU NEDUNURU(VILL) AINAVILLI(MANDAL) EAST GODAVARI(DIST),533241,b.balaswamy231[at]gmail[dot]com,https://kys.udiseplus.gov.in/#/schooldetail/4668182/12,4668182,11/03/2024 16:46,2480
******01004 Operational,,MPPS (JP) VELLA,,,,Andhra Pradesh,1-Primary,33-MPP_ZPP SCHOOLS,1 To 2,3-Co-educational,1-Rural,Ramachandrapuram,Vella,,,JANAKIRAOPETA VELLA (VILL) VELLA(VILL) RAMACHANDRAPURAM(MANDAL) EAST GODAVARI(DIST),533255,meo.ramachandrapuram[at]gmail[dot]com,https://kys.udiseplus.gov.in/#/schooldetail/4667240/12,4667240,21/07/2024 17:38,2480
******00901 Operational,,MPPS JUTHIGAPADU,,,,Andhra Pradesh,1-Primary,33-MPP_ZPP SCHOOLS,1 To 5,3-Co-educational,1-Rural,Ravulapalem,Podagatlapalle,,,JUTHIGAPADU JUTHIGAPADU (VILL) JUTHIGAPADU(VILL) RAVULAPALEM(MANDAL) EAST GODAVARI(DIST),533236,,https://kys.udiseplus.gov.in/#/schooldetail/4667736/12,4667736,15/10/2020 12:18,2480
******01702 Operational,,MPPS JUTHUGAPALEM,,,,Andhra Pradesh,1-Primary,33-MPP_ZPP SCHOOLS,1 To 5,3-Co-educational,1-Rural,Ramachandrapuram,Thotapeta,,,JUTHUGAPALEM THOTAPETA (VILL) THOTAPETA(VILL) RAMACHANDRAPURAM(MANDAL) EAST GODAVARI(DIST),533262,gsridevi1986[at]gmail[dot]com,https://kys.udiseplus.gov.in/#/schooldetail/4667280/12,4667280,15/10/2020 12:18,2480
******00503 Operational,,MPPS JUVVIPADU,,,,Andhra Pradesh,1-Primary,33-MPP_ZPP SCHOOLS,1 To 5,3-Co-educational,1-Rural,Ramachandrapuram,Oduru,,,JUVVIPADU ODURU (VILL) ODURU(VILL) RAMACHANDRAPURAM(MANDAL) EAST GODAVARI(DIST),533255,swathiratnam3[at]gmail[dot]com,https://kys.udiseplus.gov.in/#/schooldetail/4667229/12,4667229,15/10/2020 12:18,2480
******00507 Closed,Closed,MPPS (JVG) ANTARVEDIPALEM,,,,Andhra Pradesh,1-Primary,33-MPP_ZPP SCHOOLS,1 To 2,3-Co-educational,1-Rural,Sakhinetipalle,Antarvedipalem,,,J V GROUP ANTARVEDIPALEM (VILL) ANTARVEDIPALEM(VILL) SAKHINETIPALLI(MANDAL) EAST GODAVARI(DIST),533252,satyanthemaster[at]gmail[dot]com,https://kys.udiseplus.gov.in/#/schooldetail/4669217/12,4669217,07/08/2025 10:00,2480
******01308 Operational,,MPPS (JVP) CHALLAPLLI,,,,Andhra Pradesh,1-Primary,33-MPP_ZPP SCHOOLS,1 To 5,3-Co-educational,1-Rural,Uppalaguptam,T. Challapalle,,,JALLIVARI PET (NEW) T. CHALLAPALLE (VILL) T. CHALLAPALLE(VILL) UPPALAGUPTAM(MANDAL) EAST GODAVARI(DIST),533213,gsrkrishna22[at]gmail[dot]com,https://kys.udiseplus.gov.in/#/schooldetail/4668596/12,4668596,07/01/2026 09:02,2480
******01307 Operational,,MPPS (JVP) NEDUNURU,,,,Andhra Pradesh,1-Primary,33-MPP_ZPP SCHOOLS,1 To 5,3-Co-educational,1-Rural,Ainavilli,Nedunuru,,,JOGIVARI PALEM NEDUNURU NEDUNURU(VILL) AINAVILLI(MANDAL) EAST GODAVARI(DIST),533241,,https://kys.udiseplus.gov.in/#/schooldetail/4650464/12,4650464,19/07/2022 12:16,2480
******01307 Permanently Closed,,MPPS KADADARI COLONY,,,,Andhra Pradesh,1-Primary,33-MPP_ZPP SCHOOLS,1 To 5,3-Co-educational,1-Rural,Allavaram,Komaragiripatnam,,,NA,533210,,https://kys.udiseplus.gov.in/#/schooldetail/4715022/12,4715022,15/10/2020 12:18,2480
******00508 Operational,,MPPS KADALAVARIPALEM,,,,Andhra Pradesh,1-Primary,33-MPP_ZPP SCHOOLS,1 To 2,3-Co-educational,1-Rural,Ambajipeta,Pulletikurru,,,KADALAVARIPALEM PULLETIKURRU PULLETIKURRU(VILL) AMBAJIPETA(MANDAL) EAST GODAVARI(DIST),533239,mpppskadalivaripalem[at]gmail[dot]com,https://kys.udiseplus.gov.in/#/schooldetail/4668063/12,4668063,23/12/2025 17:05,2480
******01004 Operational,,MPPS KADALIVARI PALEM,,,,Andhra Pradesh,1-Primary,33-MPP_ZPP SCHOOLS,1 To 5,3-Co-educational,1-Rural,Kothapeta,Modekurru,,,D NO 7-13 KADALIVARI PALEM MODEKURRU (VILL) MODEKURRU(VILL) KOTHAPETA(MANDAL) EAST GODAVARI(DIST),533229,meo.kothapeta[at]gmail[dot]com,https://kys.udiseplus.gov.in/#/schooldetail/4667932/12,4667932,15/10/2020 12:18,2480
******00203 Operational,,MPPS KADALIVARI PALEM,,,,Andhra Pradesh,1-Primary,33-MPP_ZPP SCHOOLS,1 To 5,3-Co-educational,1-Rural,Ravulapalem,Ravulapalem,,,KADALIVARI PALEM RAVULAPALEM (VILL) RAVULAPALEM(VILL) RAVULAPALEM(MANDAL) EAST GODAVARI(DIST),533238,,https://kys.udiseplus.gov.in/#/schooldetail/4667654/12,4667654,15/10/2020 12:18,2480
******00302 Permanently Closed,,MPPS K AGRAHARAM,,,,Andhra Pradesh,1-Primary,33-MPP_ZPP SCHOOLS,1 To 5,3-Co-educational,1-Rural,Ravulapalem,Komaraju Lanka,,,NA,533238,,https://kys.udiseplus.gov.in/#/schooldetail/4714932/12,4714932,15/10/2020 12:18,2480
******01001 Operational,,MPPS KALAVACHERLA,,,,Andhra Pradesh,1-Primary,33-MPP_ZPP SCHOOLS,1 To 5,3-Co-educational,1-Rural,Alamuru,Kalavacherla,,,KALAVACHERLA(VILL) ALAMURU(MANDAL) EAST GODAVARI(DIST),533232,mppskalavacharla[at]gmail[dot]com,https://kys.udiseplus.gov.in/#/schooldetail/4667548/12,4667548,15/10/2020 12:18,2480
******00701 Operational,,MPPS KALAVAMOGA,,,,Andhra Pradesh,1-Primary,33-MPP_ZPP SCHOOLS,1 To 5,3-Co-educational,1-Rural,Sakhinetipalle,Kesavadasupalem,,,KALAVAMOGA KESAVADASUPALEM (VILL) KESAVADASUPALEM(VILL) SAKHINETIPALLI(MANDAL) EAST GODAVARI(DIST),533252,meo.sakhinetipalli[at]gmail[dot]com,https://kys.udiseplus.gov.in/#/schooldetail/4668805/12,4668805,15/10/2020 12:18,2480
******00601 Operational,,MPPS KAMANAGARUVU,,,,Andhra Pradesh,1-Primary,33-MPP_ZPP SCHOOLS,1 To 5,3-Co-educational,1-Rural,Amalapuram,Kamanagaruvu,,,KAMANAGASRUVU AMALAPURAM KAMANAGARUVU(VILL) AMALAPURAM(MANDAL) EAST GODAVARI(DIST),533213,,https://kys.udiseplus.gov.in/#/schooldetail/4668636/12,4668636,20/12/2025 23:04,2480
******00901 Operational,,MPPS KAMARAJU CHERUVU GATTU,,,,Andhra Pradesh,1-Primary,33-MPP_ZPP SCHOOLS,1 To 5,3-Co-educational,1-Rural,Uppalaguptam,Uppalaguptam,,,KAMARAJU CHEVUVU GATTU UPPALAGUPTAM (VILL) UPPALAGUPTAM(VILL) UPPALAGUPTAM(MANDAL) EAST GODAVARI(DIST),533222,,https://kys.udiseplus.gov.in/#/schooldetail/4668555/12,4668555,07/01/2026 08:50,2480
******00102 Operational,,MPPS KAMBHAMPADU,,,,Andhra Pradesh,1-Primary,33-MPP_ZPP SCHOOLS,1 To 5,3-Co-educational,1-Rural,Amalapuram,Palagummi,,,KHAMAMPADU PALAGUMMI PALAGUMMI(VILL) AMALAPURAM(MANDAL) EAST GODAVARI(DIST),533221,,https://kys.udiseplus.gov.in/#/schooldetail/4668615/12,4668615,20/12/2025 15:15,2480
******00310 Operational,,MPPS KAMMIREDDIPALEM,,,,Andhra Pradesh,1-Primary,33-MPP_ZPP SCHOOLS,1 To 5,3-Co-educational,1-Rural,Kothapeta,Kothapeta,,,KAMMIREDDY PALEM KOTHAPETA (VILL) KOTHAPETA(VILL) KOTHAPETA(MANDAL) EAST GODAVARI(DIST),533223,meo.kothapeta[at]gmail[dot]com,https://kys.udiseplus.gov.in/#/schooldetail/4667413/12,4667413,16/06/2023 15:21,2480
******00902 Operational,,MPPS KAMUJULAKOMPALU,,,,Andhra Pradesh,1-Primary,33-MPP_ZPP SCHOOLS,1 To 5,3-Co-educational,1-Rural,Kapileswarapuram,West Khandrika,,,KAMUJULAKOMPALUPAAMARA KHANDRIKA (VILL) KAPILESWARAPURAM(MANDAL) EAST GODAVARI(DIST)533307,533307,illa.masararao5[at]gmail[dot]com,https://kys.udiseplus.gov.in/#/schooldetail/4667468/12,4667468,15/10/2020 12:18,2480
******00704 Operational,,MPPS KAMUJUVARIPALEM,,,,Andhra Pradesh,1-Primary,33-MPP_ZPP SCHOOLS,1 To 5,3-Co-educational,1-Rural,Kothapeta,Billa Kurru,,,KAMUJUVARI PALEM BILLA KURRU (VILL) BILLA KURRU(VILL) KOTHAPETA(MANDAL) EAST GODAVARI(DIST),533228,mpppskamujuvaripalem[at]gmail[dot]com,https://kys.udiseplus.gov.in/#/schooldetail/4667900/12,4667900,16/07/2024 12:07,2480
******00102 Operational,,MPPS KAMUZUVARI LANKA,,,,Andhra Pradesh,1-Primary,33-MPP_ZPP SCHOOLS,1 To 5,3-Co-educational,1-Rural,Ambajipeta,Vakkalanka,,,KAMUZUVARI LANKA VAKKALANKA VAKKALANKA(VILL) AMBAJIPETA(MANDAL) EAST GODAVARI(DIST),533241,mpppskvlanka[at]gmail[dot]com,https://kys.udiseplus.gov.in/#/schooldetail/4668046/12,4668046,23/12/2025 17:02,2480
******01311 Operational,,MPPS KANDERIVARIPETA,,,,Andhra Pradesh,1-Primary,33-MPP_ZPP SCHOOLS,1 To 5,3-Co-educational,1-Rural,Amalapuram,Peruru,,,KANDERIVARIPETA PERURU PERURU(VILL) AMALAPURAM(MANDAL) EAST GODAVARI(DIST),533201,jgopalarao1[at]gmail[dot]com,https://kys.udiseplus.gov.in/#/schooldetail/4668673/12,4668673,21/12/2025 22:01,2480
******00708 Permanently Closed,,MPPS KANDIKATLAVARI PETA,,,,Andhra Pradesh,1-Primary,33-MPP_ZPP SCHOOLS,1 To 5,3-Co-educational,1-Rural,Kothapeta,Billa Kurru,,,NA,533228,,https://kys.udiseplus.gov.in/#/schooldetail/4714951/12,4714951,15/10/2020 12:18,2480
******01101 Operational,,MPPS KANDIKUPPA,,,,Andhra Pradesh,1-Primary,33-MPP_ZPP SCHOOLS,1 To 2,3-Co-educational,1-Rural,Katrenikona,Kandikuppa,,,KANDIKUPPA KANDIKUPPA (VILL) KANDIKUPPA(VILL) KATRENIKONA(MANDAL) EAST GODAVARI(DIST),533212,,https://kys.udiseplus.gov.in/#/schooldetail/4668480/12,4668480,11/03/2024 19:13,2480
******01103 Operational,,MPPS KANDRIGA,,,,Andhra Pradesh,1-Primary,33-MPP_ZPP SCHOOLS,1 To 5,3-Co-educational,1-Rural,Alamuru,Alamuru,,,KANDRIGA ALAMURU ALAMURU(VILL) ALAMURU(MANDAL) EAST GODAVARI(DIST),533233,addarisrinivasarao[at]gmail[dot]com,https://kys.udiseplus.gov.in/#/schooldetail/4667553/12,4667553,15/10/2020 12:18,2480
******00801 Operational,,MPPS KANDRIGA REVU,,,,Andhra Pradesh,1-Primary,33-MPP_ZPP SCHOOLS,1 To 5,3-Co-educational,1-Rural,Kothapeta,Khandrika,,,KANDRIGA REVU KHANDRIKA (VILL) KHANDRIKA(VILL) KOTHAPETA(MANDAL) EAST GODAVARI(DIST),533229,mppskhandrigarevu[at]gmail[dot]com,https://kys.udiseplus.gov.in/#/schooldetail/4667907/12,4667907,15/10/2020 12:18,2480
******01703 Operational,,MPPS KANNADA THOTA,,,,Andhra Pradesh,1-Primary,33-MPP_ZPP SCHOOLS,1 To 5,3-Co-educational,1-Rural,Ramachandrapuram,Thotapeta,,,KANNADA THOTA THOTAPETA (VILL) THOTAPETA(VILL) RAMACHANDRAPURAM(MANDAL) EAST GODAVARI(DIST),533262,srinivas.kpvrm[at]gmail[dot]com,https://kys.udiseplus.gov.in/#/schooldetail/4667281/12,4667281,15/10/2020 12:18,2480
******01012 Operational,,MPPS KANNAPULANKA,,,,Andhra Pradesh,1-Primary,33-MPP_ZPP SCHOOLS,1 To 5,3-Co-educational,1-Rural,I. Polavaram,Kesanakurru,,,KANNAPULANKA KESANAKURRU KESANAKURRU(VILL) I.POLAVARAM(MANDAL) EAST GODAVARI(DIST),533220,mppskannapulanka[at]gmail[dot]com,https://kys.udiseplus.gov.in/#/schooldetail/4668410/12,4668410,09/05/2022 19:00,2480
******00513 Operational,,MPPS KANTHETIVARI PODU,,,,Andhra Pradesh,1-Primary,33-MPP_ZPP SCHOOLS,1 To 5,3-Co-educational,1-Rural,Sakhinetipalle,Antarvedipalem,,,V.V.MERAKA(K V PODU) ANTARVEDIPALEM (VILL) ANTARVEDIPALEM(VILL) SAKHINETIPALLI(MANDAL) EAST GODAVARI(DIST),533253,mpups.kvpodu[at]gmail[dot]com,https://kys.udiseplus.gov.in/#/schooldetail/4669223/12,4669223,21/06/2025 09:39,2480
******90206 Operational,,MPPS KAPATI VEEDHI,,,,Andhra Pradesh,1-Primary,33-MPP_ZPP SCHOOLS,1 To 2,3-Co-educational,1-Rural,Amalapuram,Bandarulanka,,,BANDARULANKA(KAPATI VEEDHI) BANDARULANKA BANDARULANKA(VILL) AMALAPURAM(MANDAL) EAST GODAVARI(DIST),533221,nageswararaokarri98[at]gmail[dot]com,https://kys.udiseplus.gov.in/#/schooldetail/4668754/12,4668754,21/12/2025 22:58,2480
******00803 Closed,Closed,MPPS (KAP) KOPPIGUNTA,,,,Andhra Pradesh,1-Primary,33-MPP_ZPP SCHOOLS,1 To 2,3-Co-educational,1-Rural,Katrenikona,Geddanapalle,,,KOTHAADI ANDHRA PETA NADAVAPALLE (VILL) NADAVAPALLE(VILL) KATRENIKONA(MANDAL) EAST GODAVARI(DIST),533212,meo.katrenikona52[at]gmail[dot]com,https://kys.udiseplus.gov.in/#/schooldetail/4668462/12,4668462,15/11/2025 14:55,2480
******01212 Operational,,MPPS (KAP) PALLAMKURRU,,,,Andhra Pradesh,1-Primary,33-MPP_ZPP SCHOOLS,1 To 5,3-Co-educational,1-Rural,Katrenikona,Pallamkurru,,,KOTHAADI ANDHRA PETA PALLAMKURRU (VILL) PALLAMKURRU(VILL) KATRENIKONA(MANDAL) EAST GODAVARI(DIST),533212,abhidha[at]gmail[dot]com,https://kys.udiseplus.gov.in/#/schooldetail/4668500/12,4668500,15/10/2020 12:18,2480
******01703 Operational,,MPPS KARAVAKA,,,,Andhra Pradesh,1-Primary,33-MPP_ZPP SCHOOLS,1 To 5,3-Co-educational,1-Rural,Mamidikuduru,Gogannamattam,,,KARAVAKA GOGANNAMATTAM (VILL) GOGANNAMATTAM(VILL) MAMIDIKUDURU(MANDAL) EAST GODAVARI(DIST),533248,,https://kys.udiseplus.gov.in/#/schooldetail/4668968/12,4668968,16/06/2025 15:32,2480
******00504 Operational,,MPPS KARAVAKULAVANKA,,,,Andhra Pradesh,1-Primary,33-MPP_ZPP SCHOOLS,1 To 5,3-Co-educational,1-Rural,I. Polavaram,Guthinadeevi,,,KARAVAKULAVANKA GUTHINADEEVI (VILL) GUTHINADEEVI(VILL) I.POLAVARAM(MANDAL) EAST GODAVARI(DIST),533464,,https://kys.udiseplus.gov.in/#/schooldetail/4668345/12,4668345,23/12/2025 12:02,2480
******01103 Operational,,MPPS KARRICHERUVU,,,,Andhra Pradesh,1-Primary,33-MPP_ZPP SCHOOLS,1 To 5,3-Co-educational,1-Rural,Allavaram,Devaguptam,,,KARRACHERUVU DEVAGUPTAM DEVAGUPTAM(VILL) ALLAVARAM(MANDAL) EAST GODAVARI(DIST),533217,,https://kys.udiseplus.gov.in/#/schooldetail/4668837/12,4668837,19/12/2025 10:51,2480
******00608 Operational,,MPPS KARRIVANIREVU,,,,Andhra Pradesh,1-Primary,33-MPP_ZPP SCHOOLS,1 To 5,3-Co-educational,1-Rural,Mummidivaram,Kothalanka,,,KARRIVANIREVU KOTHALANKA (VILL) KOTHALANKA(VILL) MUMMIDIVARAM(MANDAL) EAST GODAVARI(DIST),533216,,https://kys.udiseplus.gov.in/#/schooldetail/4668247/12,4668247,15/10/2020 12:18,2480
******01101 Operational,,MPPS KARUPALLIPADU,,,,Andhra Pradesh,1-Primary,33-MPP_ZPP SCHOOLS,1 To 2,3-Co-educational,1-Rural,P.Gannavaram,Karupallipadu,,,KARUPALLIPADU KARUPALLIPADU (VILL) KARUPALLIPADU(VILL) P.GANNAVARAM(MANDAL) EAST GODAVARI(DIST),533240,mppskarupallipadu[at]gmail[dot]com,https://kys.udiseplus.gov.in/#/schooldetail/4668014/12,4668014,11/03/2024 18:59,2480
******00907 Operational,,MPPS KATARIVARIPETA,,,,Andhra Pradesh,1-Primary,33-MPP_ZPP SCHOOLS,1 To 5,3-Co-educational,1-Rural,Uppalaguptam,Uppalaguptam,,,UPPALAGUPTAM(KATARIVARI PETA) UPPALAGUPTAM (VILL) UPPALAGUPTAM(VILL) UPPALAGUPTAM(MANDAL) EAST GODAVARI(DIST),533222,subrahmanyeswariakondi[at]gmail[dot]com,https://kys.udiseplus.gov.in/#/schooldetail/4668561/12,4668561,07/01/2026 08:54,2480
******01301 Operational,,MPPS KATHARLANKA,,,,Andhra Pradesh,1-Primary,33-MPP_ZPP SCHOOLS,1 To 5,3-Co-educational,1-Rural,P.Gannavaram,Katharlanka,,,KATARULANKA KATHARLANKA (VILL) KATHARLANKA(VILL) P.GANNAVARAM(MANDAL) EAST GODAVARI(DIST),533214,mppskatarulanka[at]gmail[dot]com,https://kys.udiseplus.gov.in/#/schooldetail/4668017/12,4668017,18/07/2022 15:22,2480
******01003 Operational,,MPPS KATHULAVARI PETA,,,,Andhra Pradesh,1-Primary,33-MPP_ZPP SCHOOLS,1 To 2,3-Co-educational,1-Rural,Mummidivaram,Ch. Gunnepalle,,,"KATHULAVARIPETA, CH. GUNNEPALLI, MUMMIDIVARAM MANDAL",533222,,https://kys.udiseplus.gov.in/#/schooldetail/4714981/12,4714981,20/06/2025 13:39,2480
******00705 Operational,,MPPS KATHULAVARIPETA,,,,Andhra Pradesh,1-Primary,33-MPP_ZPP SCHOOLS,1 To 5,3-Co-educational,1-Rural,P.Gannavaram,Patha Gannavaram,,,KATHULAVARIPETA PATHA GANNAVARAM (VILL) PATHA GANNAVARAM(VILL) P.GANNAVARAM(MANDAL) EAST GODAVARI(DIST),533240,mppskathualavaripeta[at]gmail[dot]com,https://kys.udiseplus.gov.in/#/schooldetail/4667552/12,4667552,18/07/2022 15:07,2480
******00610 Operational,,MPPS KATRENIKONA,,,,Andhra Pradesh,1-Primary,33-MPP_ZPP SCHOOLS,1 To 5,3-Co-educational,1-Rural,Katrenikona,Katrenikona,,,KATRENIKONA (VIL) KATRENIKONA(MANDAL) EAST GODAVARI(DIST) A.P,533212,meo.katrenikona52[at]gmail[dot]com,https://kys.udiseplus.gov.in/#/schooldetail/4668444/12,4668444,19/07/2022 12:27,2480
******01302 Operational,,MPPS KATRENIPADU LANKA,,,,Andhra Pradesh,1-Primary,33-MPP_ZPP SCHOOLS,1 To 5,3-Co-educational,1-Rural,Razole,Katrevupadu,,,KATRENIPADU LANKA KATRENIPADU (VILL) KATRENIPADU(VILL) RAZOLE(MANDAL) EAST GODAVARI(DIST),533248,nehanitya.99[at]gmail[dot]com,https://kys.udiseplus.gov.in/#/schooldetail/4669059/12,4669059,15/10/2020 12:18,2480
******00701 Permanently Closed,,MPPS KATTAVARIPALEM,,,,Andhra Pradesh,1-Primary,33-MPP_ZPP SCHOOLS,1 To 5,3-Co-educational,1-Rural,Ambajipeta,Mosalipalle,,,NA,533239,,https://kys.udiseplus.gov.in/#/schooldetail/4714957/12,4714957,15/10/2020 12:18,2480
******02301 Operational,,MPPS KAVURI VARI PETA,,,,Andhra Pradesh,1-Primary,33-MPP_ZPP SCHOOLS,1 To 5,3-Co-educational,1-Rural,NA,NA,,,KAVURI VARI PETA BHATLA PALIKA (VILL) BHATLA PALIKA(VILL) K.GANGAVARAM(MANDAL) EAST GODAVARI(DIST),533263,mpppskavurivaripeta[at]gmail[dot]com,https://kys.udiseplus.gov.in/#/schooldetail/4667810/12,4667810,23/06/2022 14:41,2480
******01106 Operational,,MPPS (KC) AINAPURAM,,,,Andhra Pradesh,1-Primary,33-MPP_ZPP SCHOOLS,1 To 5,3-Co-educational,1-Rural,Mummidivaram,Ainapuram,,,KOMATTI CHERUVU AINAPURAM (VILL) AINAPURAM(VILL) MUMMIDIVARAM(MANDAL) EAST GODAVARI(DIST),533216,,https://kys.udiseplus.gov.in/#/schooldetail/4668312/12,4668312,11/03/2024 19:08,2480
******00302 Operational,,MPPS (KC) GUDALA,,,,Andhra Pradesh,1-Primary,33-MPP_ZPP SCHOOLS,1 To 5,3-Co-educational,1-Rural,Allavaram,Gudala,,,KOTHA COLONY GUDALA GUDALA(VILL) ALLAVARAM(MANDAL) EAST GODAVARI(DIST),533218,meo.allavaram1[at]gmail[dot]com,https://kys.udiseplus.gov.in/#/schooldetail/4668366/12,4668366,19/12/2025 10:45,2480
******00801 Operational,,MPPS (K) CHINTALAPUDI PALEM,,,,Andhra Pradesh,1-Primary,33-MPP_ZPP SCHOOLS,1 To 5,3-Co-educational,1-Rural,Mummidivaram,Krapa Chintalapudi,,,K.CHINTALAPUDI PALEM KRAPA CHINTALAPUDI (VILL) KRAPA CHINTALAPUDI(VILL) MUMMIDIVARAM(MANDAL) EAST GODAVARI(DIST),533216,,https://kys.udiseplus.gov.in/#/schooldetail/4667850/12,4667850,11/03/2024 19:04,2480
******01207 Operational,,MPPS KEDRALANKA,,,,Andhra Pradesh,1-Primary,33-MPP_ZPP SCHOOLS,1 To 5,3-Co-educational,1-Rural,Kapileswarapuram,Kedara Lanka,,,KEDRALANKA KAPILESWARAPURAM (VILL) KAPILESWARAPURAM(VILL) KAPILESWARAPURAM(MANDAL) EAST GODAVARI(DIST),533309,mpupskedaralanka[at]gmail[dot]com,https://kys.udiseplus.gov.in/#/schooldetail/4667484/12,4667484,21/06/2025 19:24,2480
******01001 Operational,,MPPS KESANAKURRU,,,,Andhra Pradesh,1-Primary,33-MPP_ZPP SCHOOLS,1 To 5,3-Co-educational,1-Rural,I. Polavaram,Kesanakurru,,,KESANAKURRU KESANAKURRU (VILL) KESANAKURRU(VILL) I.POLAVARAM(MANDAL) EAST GODAVARI(DIST),533220,mpppskesanakurru[at]gmail[dot]com,https://kys.udiseplus.gov.in/#/schooldetail/4668401/12,4668401,16/06/2025 11:37,2480
******01011 Operational,,MPPS KESANAKURRUPALEM,,,,Andhra Pradesh,1-Primary,33-MPP_ZPP SCHOOLS,1 To 5,3-Co-educational,1-Rural,I. Polavaram,Kesanakurru,,,KESSANAKURRUPALEM KESANAKURRU KESANAKURRU(VILL) I.POLAVARAM(MANDAL) EAST GODAVARI(DIST),533220,mppskkpalem1011[at]gmail[dot]com,https://kys.udiseplus.gov.in/#/schooldetail/4668409/12,4668409,09/05/2022 19:00,2480
******00506 Operational,,MPPS KETHARAJUPALLI,,,,Andhra Pradesh,1-Primary,33-MPP_ZPP SCHOOLS,1 To 5,3-Co-educational,1-Rural,Ravulapalem,Vedireswaram,,,KETHARAJUPALLI VEDIRESWARAM (VILL) VEDIRESWARAM(VILL) RAVULAPALEM(MANDAL) EAST GODAVARI(DIST),533238,mppsketharajupalli[at]gmail[dot]com,https://kys.udiseplus.gov.in/#/schooldetail/4667711/12,4667711,15/10/2020 12:18,2480
******00210 Operational,,MPPS KITHANACHERUVU,,,,Andhra Pradesh,1-Primary,33-MPP_ZPP SCHOOLS,1 To 5,3-Co-educational,1-Rural,Uppalaguptam,Bheemanapalle,,,KITHANACHERUVU BHEEMANAPALLI (VILL) BHEEMANAPALLI(VILL) UPPALAGUPTAM(MANDAL) EAST GODAVARI(DIST),533222,,https://kys.udiseplus.gov.in/#/schooldetail/4668528/12,4668528,07/01/2026 08:43,2480
******00603 Operational,,MPPS (KKG) B SAVARAM,,,,Andhra Pradesh,1-Primary,33-MPP_ZPP SCHOOLS,1 To 2,3-Co-educational,1-Rural,Razole,B. Savaram,,,K K GROUP B. SAVARAM (VILL) B. SAVARAM(VILL) RAZOLE(MANDAL) EAST GODAVARI(DIST),533242,viswanadhgelli[at]gmail[dot]com,https://kys.udiseplus.gov.in/#/schooldetail/4669015/12,4669015,25/06/2025 10:33,2480
******00303 Operational,,MPPS K MALLAIAH DODDI,,,,Andhra Pradesh,1-Primary,33-MPP_ZPP SCHOOLS,1 To 5,3-Co-educational,1-Rural,Ravulapalem,Komaraju Lanka,,,K. MALLAIAHDODDI KOMARAJU LANKA (VILL) KOMARAJU LANKA(VILL) RAVULAPALEM(MANDAL) EAST GODAVARI(DIST),533238,mppskmallaidoddi[at]gmail[dot]com,https://kys.udiseplus.gov.in/#/schooldetail/4667697/12,4667697,15/10/2020 12:18,2480
******01904 Operational,,MPPS (K) MALLAVARAM,,,,Andhra Pradesh,1-Primary,33-MPP_ZPP SCHOOLS,1 To 5,3-Co-educational,1-Rural,NA,NA,,,"KULLA, K.GANGAVARAM MANDAL",533305,,https://kys.udiseplus.gov.in/#/schooldetail/4714942/12,4714942,11/03/2024 19:06,2480
******00701 Operational,,MPPS (KM) PALLIPALEM,,,,Andhra Pradesh,1-Primary,33-MPP_ZPP SCHOOLS,1 To 5,3-Co-educational,1-Rural,Malikipuram,Kattiwanda,,,PALLIPALEM KATTIMANDA (VILL) KATTIMANDA(VILL) MALIKIPURAM(MANDAL) EAST GODAVARI(DIST),533254,ravanamjyoti[at]gmail[dot]com,https://kys.udiseplus.gov.in/#/schooldetail/4669115/12,4669115,15/10/2020 12:18,2480
******01306 Operational,,MPPS KODAPA,,,,Andhra Pradesh,1-Primary,33-MPP_ZPP SCHOOLS,1 To 5,3-Co-educational,1-Rural,Allavaram,Komaragiripatnam,,,KODAPA KOMARAGIRIPATNAM KOMARAGIRIPATNAM(VILL) ALLAVARAM(MANDAL) EAST GODAVARI(DIST),533210,mppskodapa1306[at]gmail[dot]com,https://kys.udiseplus.gov.in/#/schooldetail/4668857/12,4668857,19/12/2025 10:55,2480
******00606 Operational,,MPPS KODAPA G VEMAVARAM,,,,Andhra Pradesh,1-Primary,33-MPP_ZPP SCHOOLS,1 To 5,3-Co-educational,1-Rural,I. Polavaram,G. Vemavaram,,,KODAPA G VEMAVARAM G VEMAVARAM(VILL) I POLAVARAM(MANDAL) EAST GODAVARI(DIST),533464,,https://kys.udiseplus.gov.in/#/schooldetail/4668360/12,4668360,09/05/2022 18:40,2480
******01004 Operational,,MPPS KODAVATIVARILANKA,,,,Andhra Pradesh,1-Primary,33-MPP_ZPP SCHOOLS,1 To 5,3-Co-educational,1-Rural,Ainavilli,Totharamudi,,,KODAVATIVARILANKA TOTHARAMUDI TOTHARAMUDI(VILL) AINAVILLI(MANDAL) EAST GODAVARI(DIST),533211,mppps.kodavativarilanka[at]gmail[dot]com,https://kys.udiseplus.gov.in/#/schooldetail/4668166/12,4668166,11/03/2024 16:45,2480
******00202 Operational,,MPPS KOLAVARIMERAKA,,,,Andhra Pradesh,1-Primary,33-MPP_ZPP SCHOOLS,1 To 5,3-Co-educational,1-Rural,I. Polavaram,Komaragiri,,,KOLAVARIMERKA KOMARAGIRI (VILL) KOMARAGIRI(VILL) I.POLAVARAM(MANDAL) EAST GODAVARI(DIST),533220,,https://kys.udiseplus.gov.in/#/schooldetail/4668327/12,4668327,09/05/2022 18:13,2480
******00503 Operational,,MPPS KOLLIVARIPETA,,,,Andhra Pradesh,1-Primary,33-MPP_ZPP SCHOOLS,1 To 5,3-Co-educational,1-Rural,Ambajipeta,Pulletikurru,,,KOLLIVARIPETA D NO 8-61 PULLETIKURRU(VILL) AMBAJIPETA(MANDAL) EAST GODAVARI(DIST) 533239,533239,mpppskollivaripeta[at]gmail[dot]com,https://kys.udiseplus.gov.in/#/schooldetail/4668062/12,4668062,23/12/2025 17:05,2480
******00301 Closed,Closed,MPPS KOMANAPALLE,,,,Andhra Pradesh,1-Primary,33-MPP_ZPP SCHOOLS,1 To 2,3-Co-educational,1-Rural,Mummidivaram,Komanapalle,,,KOMANAPALLE(AMBEDKAR NAGAR) KOMANAPALLE (VILL) KOMANAPALLE(VILL) MUMMIDIVARAM(MANDAL) EAST GODAVARI(DIST),533216,,https://kys.udiseplus.gov.in/#/schooldetail/4668225/12,4668225,17/11/2025 17:03,2480
******01501 Closed,Closed,MPPS KOMARADA,,,,Andhra Pradesh,1-Primary,33-MPP_ZPP SCHOOLS,1 To 2,3-Co-educational,1-Rural,Mamidikuduru,Komarada,,,KOMARADA KOMARADA (VILL) KOMARADA(VILL) MAMIDIKUDURU(MANDAL) EAST GODAVARI(DIST),533247,mppskomarada[at]gmail[dot]com,https://kys.udiseplus.gov.in/#/schooldetail/4668960/12,4668960,14/08/2024 11:21,2480
******00201 Operational,,MPPS KOMARAGIRI,,,,Andhra Pradesh,1-Primary,33-MPP_ZPP SCHOOLS,1 To 2,3-Co-educational,1-Rural,I. Polavaram,Komaragiri,,,KOMARAGIRI KOMARAGIRI (VILL) KOMARAGIRI(VILL) I.POLAVARAM(MANDAL) EAST GODAVARI(DIST),533220,,https://kys.udiseplus.gov.in/#/schooldetail/4668326/12,4668326,25/01/2023 10:57,2480
******00304 Operational,,MPPS KOMARAJULANKA,,,,Andhra Pradesh,1-Primary,33-MPP_ZPP SCHOOLS,1 To 5,3-Co-educational,1-Rural,Ravulapalem,Komaraju Lanka,,,KOMARAJULANKA(MAIN ROAD) KOMARAJU LANKA (VILL) KOMARAJU LANKA(VILL) RAVULAPALEM(MANDAL) EAST GODAVARI(DIST),533238,,https://kys.udiseplus.gov.in/#/schooldetail/4667698/12,4667698,15/10/2020 12:18,2480
******00401 Operational,,MPPS KOMBATTULAVARIPETA,,,,Andhra Pradesh,1-Primary,33-MPP_ZPP SCHOOLS,1 To 5,3-Co-educational,1-Rural,Ambajipeta,Chiratapudi,,,KOMBATHULAVARIPETA CHIRATAPUDI CHIRATAPUDI(VILL) AMBAJIPETA(MANDAL) EAST GODAVARI(DIST),533229,sreedharevergood[at]gmail[dot]com,https://kys.udiseplus.gov.in/#/schooldetail/4667621/12,4667621,23/12/2025 17:04,2480
******01508 Operational,,MPPS KONAREVU PADU,,,,Andhra Pradesh,1-Primary,33-MPP_ZPP SCHOOLS,1 To 5,3-Co-educational,1-Rural,NA,NA,,,KONAREVU PADU DANGERU (VILL) DANGERU(VILL) K.GANGAVARAM(MANDAL) EAST GODAVARI(DIST),533263,mppskonarevupadu[at]gmail[dot]com,https://kys.udiseplus.gov.in/#/schooldetail/4667780/12,4667780,23/06/2022 14:32,2480
******00504 Operational,,MPPS KONDELANKA,,,,Andhra Pradesh,1-Primary,33-MPP_ZPP SCHOOLS,1 To 5,3-Co-educational,1-Rural,Razole,Sivakodu,,,KONDELANKA SIVAKODU (VILL) SIVAKODU(VILL) RAZOLE(MANDAL) EAST GODAVARI(DIST),533244,suvarchoppala[at]gmail[dot]com,https://kys.udiseplus.gov.in/#/schooldetail/4669007/12,4669007,11/03/2024 18:39,2480
******00803 Operational,,MPPS KONKIVARI PETA,,,,Andhra Pradesh,1-Primary,33-MPP_ZPP SCHOOLS,1 To 5,3-Co-educational,1-Rural,Uppalaguptam,Nimmakayala Kothapalle,,,KONKIVARI PETA NIMMAKAYALA KOTHAPALLI (VILL) NIMMAKAYALA KOTHAPALLI(VILL) UPPALAGUPTAM(MANDAL) EAST GODAVARI(DIST),533222,mpppskonkivaripeta[at]gmail[dot]com,https://kys.udiseplus.gov.in/#/schooldetail/4668095/12,4668095,07/01/2026 08:52,2480
******00805 Operational,,MPPS KOPPI GUNTA,,,,Andhra Pradesh,1-Primary,33-MPP_ZPP SCHOOLS,1 To 5,3-Co-educational,1-Rural,Katrenikona,Geddanapalle,,,KOPPI GUNTA NADAVAPALLE (VILL) NADAVAPALLE(VILL) KATRENIKONA(MANDAL) EAST GODAVARI(DIST),533212,,https://kys.udiseplus.gov.in/#/schooldetail/4668464/12,4668464,15/10/2020 12:18,2480
******01103 Operational,,MPPS KORLAPATIVARIPALEM,,,,Andhra Pradesh,1-Primary,33-MPP_ZPP SCHOOLS,1 To 2,3-Co-educational,1-Rural,Ambajipeta,Machavaram,,,KORLAPATIVARIPALEM MACHAVARAM(U) (VILL) MACHAVARAM(U)(VILL) AMBAJIPETA(MANDAL) EAST GODAVARI(DIST),533214,syamalakumari9[at]gmail[dot]com,https://kys.udiseplus.gov.in/#/schooldetail/4668101/12,4668101,23/12/2025 17:15,2480
******00802 Operational,,MPPS KORUKONDAVARIPETA,,,,Andhra Pradesh,1-Primary,33-MPP_ZPP SCHOOLS,1 To 5,3-Co-educational,1-Rural,P.Gannavaram,Pothavaram,,,"MPPS KORUKONDAVARIPETA,P.GANAVARAM MANDAL",533214,kanakadurgarani76[at]gmail[dot]com,https://kys.udiseplus.gov.in/#/schooldetail/4667999/12,4667999,18/07/2022 15:18,2480
******01504 Operational,,MPPS KORUMILLI LAKULU,,,,Andhra Pradesh,1-Primary,33-MPP_ZPP SCHOOLS,1 To 5,3-Co-educational,1-Rural,Kapileswarapuram,Korumilli,,,KORUMILLI LAKULU KORUMILLI (VILL) KORUMILLI(VILL) KAPILESWARAPURAM(MANDAL) EAST GODAVARI(DIST),533309,meo.kapileswarapuram[at]gmail[dot]com,https://kys.udiseplus.gov.in/#/schooldetail/4667500/12,4667500,11/03/2024 19:08,2480
******01501 Operational,,MPPS KORUMILLI LANKA,,,,Andhra Pradesh,1-Primary,33-MPP_ZPP SCHOOLS,1 To 5,3-Co-educational,1-Rural,Kapileswarapuram,Addankivari Lanka,,,PALLAPU LANKA (ADDANKIVARI LANKA) KORUMILLI (VILL) KORUMILLI(VILL) KAPILESWARAPURAM(MANDAL) EAST GODAVARI(DIST),533211,mpppskorumillilanka[at]gmail[dot]com,https://kys.udiseplus.gov.in/#/schooldetail/4667497/12,4667497,15/10/2020 12:18,2480
******01506 Operational,,MPPS KORUMULLI,,,,Andhra Pradesh,1-Primary,33-MPP_ZPP SCHOOLS,1 To 5,3-Co-educational,1-Rural,Kapileswarapuram,Korumilli,,,KORUMILLI KORUMILLI (VILL) KORUMILLI(VILL) KAPILESWARAPURAM(MANDAL) EAST GODAVARI(DIST),533309,mppskorumilli[at]gmail[dot]com,https://kys.udiseplus.gov.in/#/schooldetail/4667502/12,4667502,15/10/2020 12:18,2480
******02202 Operational,,MPPS KOTA,,,,Andhra Pradesh,1-Primary,33-MPP_ZPP SCHOOLS,1 To 5,3-Co-educational,1-Rural,NA,NA,,,HARIJANAPETA KOTA (VILL) KOTA(VILL) K.GANGAVARAM(MANDAL) EAST GODAVARI(DIST),533306,prabhavathimppschool.2412[at]gmail[dot]com,https://kys.udiseplus.gov.in/#/schooldetail/4650395/12,4650395,23/06/2022 14:39,2480
******02401 Operational,,MPPS KOTAGUNTA,,,,Andhra Pradesh,1-Primary,33-MPP_ZPP SCHOOLS,1 To 5,3-Co-educational,1-Rural,NA,NA,,,KOTAGUNTA MASAKAPALLI (VILL) MASAKAPALLI(VILL) K.GANGAVARAM(MANDAL) EAST GODAVARI(DIST),533263,mpppskotagunta502401[at]gmail[dot]com,https://kys.udiseplus.gov.in/#/schooldetail/4667816/12,4667816,23/06/2022 14:42,2480
******01002 Operational,,MPPS KOTA PEDALANKA,,,,Andhra Pradesh,1-Primary,33-MPP_ZPP SCHOOLS,1 To 5,3-Co-educational,1-Rural,Ainavilli,Totharamudi,,,K PEDALANKA TOTHARAMUDI TOTHARAMUDI(VILL) AINAVILLI(MANDAL) EAST GODAVARI(DIST),533211,,https://kys.udiseplus.gov.in/#/schooldetail/4668164/12,4668164,07/05/2022 18:45,2480
******02204 Operational,,MPPS KOTA SERULANKA,,,,Andhra Pradesh,1-Primary,33-MPP_ZPP SCHOOLS,1 To 5,3-Co-educational,1-Rural,NA,NA,,,KOTA SERULANKA KOTA (VILL) KOTA(VILL) K.GANGAVARAM(MANDAL) EAST GODAVARI(DIST),533306,mpppskotaserilanka[at]gmail[dot]com,https://kys.udiseplus.gov.in/#/schooldetail/4667809/12,4667809,23/06/2022 14:40,2480
******00909 Operational,,MPPS KOTHACHERUVU,,,,Andhra Pradesh,1-Primary,33-MPP_ZPP SCHOOLS,1 To 5,3-Co-educational,1-Rural,Uppalaguptam,Uppalaguptam,,,KOTHACHERUVU(NEAR PEDAVURU) UPPALAGUPTAM (VILL) UPPALAGUPTAM(VILL) UPPALAGUPTAM(MANDAL) EAST GODAVARI(DIST),533222,mpppskothacheruvu1[at]gmail[dot]com,https://kys.udiseplus.gov.in/#/schooldetail/4668562/12,4668562,07/01/2026 08:54,2480
******00503 Operational,,MPPS KOTHACHERUVU,,,,Andhra Pradesh,1-Primary,33-MPP_ZPP SCHOOLS,1 To 5,3-Co-educational,1-Rural,Amalapuram,Bhatnavilli,,,KOTHACHERUVU BHATNAVILLE BHATNAVILLE(VILL) AMALAPURAM(MANDAL) EAST GODAVARI(DIST),533222,mpppskothacheruvu[at]gmail[dot]com,https://kys.udiseplus.gov.in/#/schooldetail/4668632/12,4668632,20/12/2025 23:04,2480
******01506 Operational,,MPPS KOTHA KOMPALU,,,,Andhra Pradesh,1-Primary,33-MPP_ZPP SCHOOLS,1 To 5,3-Co-educational,1-Rural,NA,NA,,,"DANGERU, K.GANGAVARAM MANDAL",533263,mppskothakompalu[at]gmail[dot]com,https://kys.udiseplus.gov.in/#/schooldetail/4714941/12,4714941,11/04/2023 16:03,2480
******02203 Operational,,MPPS KOTHAKOTA,,,,Andhra Pradesh,1-Primary,33-MPP_ZPP SCHOOLS,1 To 5,3-Co-educational,1-Rural,NA,NA,,,KOTHA KOTA KOTA (VILL) KOTA(VILL) K.GANGAVARAM(MANDAL) EAST GODAVARI(DIST),533306,,https://kys.udiseplus.gov.in/#/schooldetail/4667808/12,4667808,11/03/2024 19:07,2480
******00102 Operational,,MPPS KOTHALANKA,,,,Andhra Pradesh,1-Primary,33-MPP_ZPP SCHOOLS,1 To 5,3-Co-educational,1-Rural,Sakhinetipalle,Appanaramuni Lanka,,,KOTHALANKA APPANARAMUNI LANKA (VILL) APPANARAMUNI LANKA(VILL) SAKHINETIPALLI(MANDAL) EAST GODAVARI(DIST),533252,krsnutf1965[at]gmail[dot]com,https://kys.udiseplus.gov.in/#/schooldetail/4669172/12,4669172,16/07/2024 12:21,2480
******00601 Operational,,MPPS KOTHALANKA,,,,Andhra Pradesh,1-Primary,33-MPP_ZPP SCHOOLS,1 To 5,3-Co-educational,1-Rural,Mummidivaram,Kothalanka,,,KOTHALANKA KOTHALANKA (VILL) KOTHALANKA(VILL) MUMMIDIVARAM(MANDAL) EAST GODAVARI(DIST),533216,,https://kys.udiseplus.gov.in/#/schooldetail/4668240/12,4668240,15/10/2020 12:18,2480
******00904 Operational,,MPPS KOTHAMURA MALLA,,,,Andhra Pradesh,1-Primary,33-MPP_ZPP SCHOOLS,1 To 5,3-Co-educational,1-Rural,I. Polavaram,Muramalla,,,KOTHAMURAMALLA MURAMALLA (VILL) MURAMALLA(VILL) I.POLAVARAM(MANDAL) EAST GODAVARI(DIST),533220,mppskothamuramalla[at]gmail[dot]com,https://kys.udiseplus.gov.in/#/schooldetail/4668393/12,4668393,09/05/2022 18:55,2480
******00710 Operational,,MPPS KOTHA PALEM,,,,Andhra Pradesh,1-Primary,33-MPP_ZPP SCHOOLS,1 To 5,3-Co-educational,1-Rural,Kothapeta,Billa Kurru,,,KOTHA PALEM BILLA KURRU (VILL) BILLA KURRU(VILL) KOTHAPETA(MANDAL) EAST GODAVARI(DIST),533228,meo.kothapeta[at]gmail[dot]com,https://kys.udiseplus.gov.in/#/schooldetail/4667904/12,4667904,16/06/2025 12:33,2480
******01305 Operational,,MPPS KOTHA PALEM,,,,Andhra Pradesh,1-Primary,33-MPP_ZPP SCHOOLS,1 To 5,3-Co-educational,1-Rural,Katrenikona,Brahmasamedyam,,,KOTHA PALEM BRAHMASAMEDHYAM (VILL) BRAHMASAMEDHYAM(VILL) KATRENIKONA(MANDAL) EAST GODAVARI(DIST),533212,mpupkothapalem[at]gmail[dot]com,https://kys.udiseplus.gov.in/#/schooldetail/4668512/12,4668512,21/06/2025 17:26,2480
******00906 Operational,,MPPS KOTHULA THOTA,,,,Andhra Pradesh,1-Primary,33-MPP_ZPP SCHOOLS,1 To 5,3-Co-educational,1-Rural,Kothapeta,Vanapalle,,,KOTHULA THOTA VANAPALLI (VILL) VANAPALLI(VILL) KOTHAPETA(MANDAL) EAST GODAVARI(DIST),533228,mpppskothulathota1[at]gmail[dot]com,https://kys.udiseplus.gov.in/#/schooldetail/4667913/12,4667913,15/10/2020 12:18,2480
******01104 Operational,,MPPS KOTHURU,,,,Andhra Pradesh,1-Primary,33-MPP_ZPP SCHOOLS,1 To 5,3-Co-educational,1-Rural,Alamuru,Alamuru,,,KOTHUR ALAMURU ALAMURU(VILL) ALAMURU(MANDAL) EAST GODAVARI(DIST),533233,misalamuru[at]gmail[dot]com,https://kys.udiseplus.gov.in/#/schooldetail/4667554/12,4667554,15/10/2020 12:18,2480
******01502 Operational,,MPPS KOTHURU JAGANNADHAPURAM,,,,Andhra Pradesh,1-Primary,33-MPP_ZPP SCHOOLS,1 To 5,3-Co-educational,1-Rural,Ainavilli,K. Jagannadhapuram,,,K.JAGANNADHAPURAM K. JAGANNADHAPURAM K. JAGANNADHAPURAM(VILL) AINAVILLI(MANDAL) EAST GODAVARI(DIST),533577,,https://kys.udiseplus.gov.in/#/schooldetail/4668200/12,4668200,19/07/2022 12:22,2480
******01202 Operational,,MPPS (Kothuru) KAPILESWARAPURAM,,,,Andhra Pradesh,1-Primary,33-MPP_ZPP SCHOOLS,1 To 5,3-Co-educational,1-Rural,Kapileswarapuram,Kapileswarapuram,,,KAPILESWARAPURAM KAPILESWARAPURAM (VILL) KAPILESWARAPURAM(VILL) KAPILESWARAPURAM(MANDAL) EAST GODAVARI(DIST),533309,kothurmppps16[at]gmail[dot]com,https://kys.udiseplus.gov.in/#/schooldetail/4667480/12,4667480,15/10/2020 12:18,2480
******02001 Operational,,MPPS KOTIPALLI,,,,Andhra Pradesh,1-Primary,33-MPP_ZPP SCHOOLS,1 To 5,3-Co-educational,1-Rural,NA,NA,,,KOTIPALLE (VILL) K.GANGAVARAM(MANDAL)DR BR AMBEDKAR KONASEEMA(DIST),533306,,https://kys.udiseplus.gov.in/#/schooldetail/4667803/12,4667803,25/09/2024 19:52,2480
******01104 Operational,,MPPS KOTIVARI AGRAHARAM,,,,Andhra Pradesh,1-Primary,33-MPP_ZPP SCHOOLS,1 To 5,3-Co-educational,1-Rural,Ambajipeta,Machavaram,,,KOTIVARIAGRAHARAM MACHAVARAM(U) (VILL) MACHAVARAM(U)(VILL) AMBAJIPETA(MANDAL) EAST GODAVARI(DIST),533214,deepikasudhakarboddu[at]gmail[dot]com,https://kys.udiseplus.gov.in/#/schooldetail/4668102/12,4668102,23/12/2025 17:15,2480
******00207 Operational,,MPPS KOTTAPETA,,,,Andhra Pradesh,1-Primary,33-MPP_ZPP SCHOOLS,1 To 5,3-Co-educational,1-Rural,Malikipuram,Gudimellanka,,,KOTTAPETA GUDIMELLANKA (VILL) GUDIMELLANKA(VILL) MALIKIPURAM(MANDAL) EAST GODAVARI(DIST),533253,meo.malikipuram[at]gmail[dot]com,https://kys.udiseplus.gov.in/#/schooldetail/4669068/12,4669068,15/10/2020 12:18,2480
******00906 Operational,,MPPS (K) PEDAPUDI,,,,Andhra Pradesh,1-Primary,33-MPP_ZPP SCHOOLS,1 To 5,3-Co-educational,1-Rural,Ambajipeta,K. Pedapudi,,,K. PEDAPUDI K. PEDAPUDI K. PEDAPUDI(VILL) AMBAJIPETA(MANDAL) EAST GODAVARI(DIST),533239,mpppskpedapudi[at]gmail[dot]com,https://kys.udiseplus.gov.in/#/schooldetail/4667661/12,4667661,23/12/2025 17:11,2480
******00803 Permanently Closed,,MPPS (KP) GODITHIPPA,,,,Andhra Pradesh,1-Primary,33-MPP_ZPP SCHOOLS,1 To 5,3-Co-educational,1-Rural,Allavaram,Godi,,,NA,533217,,https://kys.udiseplus.gov.in/#/schooldetail/4715017/12,4715017,15/10/2020 12:18,2480
******00405 Operational,,MPPS (KP) PASARLAPUDI,,,,Andhra Pradesh,1-Primary,33-MPP_ZPP SCHOOLS,1 To 5,3-Co-educational,1-Rural,Mamidikuduru,Pasarlapudi,,,KAIKALAPETA PASARLAPUDI MAMIDIKUDURU ESATGODAVARI 533247,533247,sriramanaundru[at]gmail[dot]com,https://kys.udiseplus.gov.in/#/schooldetail/4668902/12,4668902,18/07/2022 15:48,2480
******01002 Operational,,MPPS (KP) TAPESWARAM,,,,Andhra Pradesh,1-Primary,33-MPP_ZPP SCHOOLS,1 To 5,3-Co-educational,1-Rural,Mandapeta,Tapeswaram,,,KOTHAPETA TAPESWARAM (VILL) TAPESWARAM(VILL) MANDAPETA(MANDAL) EAST GODAVARI(DIST),533340,mppskphm[at]gmail[dot]com,https://kys.udiseplus.gov.in/#/schooldetail/4666661/12,4666661,24/12/2025 11:11,2480
******00321 Operational,,MPPS (KPT) BODIPALEM,,,,Andhra Pradesh,1-Primary,33-MPP_ZPP SCHOOLS,1 To 5,3-Co-educational,1-Rural,Kothapeta,Kothapeta,,,KOTHA PETA(BODIPALEM) KOTHAPETA (VILL) KOTHAPETA(VILL) KOTHAPETA(MANDAL) EAST GODAVARI(DIST),533223,mpppsbodipalem[at]gmail[dot]com,https://kys.udiseplus.gov.in/#/schooldetail/4667848/12,4667848,11/03/2024 19:05,2480
******00803 Operational,,MPPS (KP) VENTURU,,,,Andhra Pradesh,1-Primary,33-MPP_ZPP SCHOOLS,1 To 5,3-Co-educational,1-Rural,Rayavaram,Venturu,,,KOTHA PETA VENTURU (VILL) VENTURU(VILL) RAYAVARAM(MANDAL) EAST GODAVARI(DIST),533255,,https://kys.udiseplus.gov.in/#/schooldetail/4667010/12,4667010,15/10/2020 12:18,2480
******00903 Operational,,MPPS KRAPA,,,,Andhra Pradesh,1-Primary,33-MPP_ZPP SCHOOLS,1 To 5,3-Co-educational,1-Rural,Ainavilli,Krapa,,,KRAPA KRAPA KRAPA(VILL) AINAVILLI(MANDAL) EAST GODAVARI(DIST),533211,mpppschoolkrapa[at]gmail[dot]com,https://kys.udiseplus.gov.in/#/schooldetail/4668162/12,4668162,19/07/2022 11:55,2480
******00802 Operational,,MPPS KRAPA CHINTALAPUDI,,,,Andhra Pradesh,1-Primary,33-MPP_ZPP SCHOOLS,1 To 5,3-Co-educational,2-Urban,NA,,Mummidivaram Ward No.15,Mummidivaram-Town Panchayat,KRAPA CHINTALAPUDI KRAPA CHINTALAPUDI (VILL) KRAPA CHINTALAPUDI(VILL) MUMMIDIVARAM(MANDAL) EAST GODAVARI(DIST),533216,,https://kys.udiseplus.gov.in/#/schooldetail/4668290/12,4668290,15/10/2020 12:18,2480
******00902 Operational,,MPPS KRAPAPALEM,,,,Andhra Pradesh,1-Primary,33-MPP_ZPP SCHOOLS,1 To 5,3-Co-educational,1-Rural,Ainavilli,Krapa,,,KRAPA PALEM KRAPA KRAPA(VILL) AINAVILLI(MANDAL) EAST GODAVARI(DIST),533211,Venkatalakshmiv7319[at]gmail[dot]com,https://kys.udiseplus.gov.in/#/schooldetail/4668161/12,4668161,07/05/2022 18:42,2480
******00701 Operational,,MPPS KRISHNAMMA CHERUVU,,,,Andhra Pradesh,1-Primary,33-MPP_ZPP SCHOOLS,1 To 5,3-Co-educational,1-Rural,Rayavaram,Chelluru,,,KRISHNAMMA CHERUVU CHELLURU (VILL) CHELLURU(VILL) RAYAVARAM(MANDAL) EAST GODAVARI(DIST),533261,murali5045[at]gmail[dot]com,https://kys.udiseplus.gov.in/#/schooldetail/4667424/12,4667424,15/10/2020 12:18,2480
******00503 Permanently Closed,,MPPS (K) SAVARAM,,,,Andhra Pradesh,1-Primary,33-MPP_ZPP SCHOOLS,1 To 5,3-Co-educational,9-NA,NA,,,,NA,533262,,https://kys.udiseplus.gov.in/#/schooldetail/4714936/12,4714936,15/10/2020 12:18,2480
******02002 Operational,,MPPS (K.SAVARAM) KOTIPALLI,,,,Andhra Pradesh,1-Primary,33-MPP_ZPP SCHOOLS,1 To 5,3-Co-educational,1-Rural,NA,NA,,,K.SAVARAM KOTIPALLE (VILL) KOTIPALLI(VILL) K.GANGAVARAM(MANDAL) EAST GODAVARI(DIST),533306,,https://kys.udiseplus.gov.in/#/schooldetail/4667804/12,4667804,23/06/2022 14:37,2480
******01201 Operational,,MPPS (KS) KAPILESWARAPURAM,,,,Andhra Pradesh,1-Primary,33-MPP_ZPP SCHOOLS,1 To 5,3-Co-educational,1-Rural,Kapileswarapuram,Kapileswarapuram,,,KAPILESWARAPURAM KAPILESWARAPURAM (VILL) KAPILESWARAPURAM(VILL) KAPILESWARAPURAM(MANDAL) EAST GODAVARI(DIST),533309,mpppskvst201[at]gmail[dot]com,https://kys.udiseplus.gov.in/#/schooldetail/4667478/12,4667478,15/10/2020 12:18,2480
******00101 Operational,,MPPS (KSTA) UBALANKA,,,,Andhra Pradesh,1-Primary,33-MPP_ZPP SCHOOLS,1 To 5,3-Co-educational,1-Rural,Ravulapalem,Ubalanka,,,KOTA STTEMMA TEMPLE AREA UBALANKA (VILL) UBALANKA(VILL) RAVULAPALEM(MANDAL) EAST GODAVARI(DIST),533237,mppskstaubalanka[at]gmail[dot]com,https://kys.udiseplus.gov.in/#/schooldetail/4667223/12,4667223,15/10/2020 12:18,2480
******01503 Operational,,MPPS K SURYARAO PETA,,,,Andhra Pradesh,1-Primary,33-MPP_ZPP SCHOOLS,1 To 5,3-Co-educational,1-Rural,Alamuru,Suryarao Peta,,,K.SURYARAO PETA CHINTALURU CHINTALURU(VILL) ALAMURU(MANDAL) EAST GODAVARI(DIST),533232,jonnadamanojkumar[at]gmail[dot]com,https://kys.udiseplus.gov.in/#/schooldetail/4667579/12,4667579,26/06/2021 11:43,2480
******00505 Operational,,MPPS (KTC) SOMESWARAM,,,,Andhra Pradesh,1-Primary,33-MPP_ZPP SCHOOLS,1 To 2,3-Co-educational,1-Rural,Rayavaram,Someswaram,,,KOBBARI THOTA COLONTY SOMESWARAM (VILL) SOMESWARAM(VILL) RAYAVARAM(MANDAL) EAST GODAVARI(DIST),533261,mpppsktcsomeswaram[at]gmail[dot]com,https://kys.udiseplus.gov.in/#/schooldetail/4667407/12,4667407,22/01/2023 15:31,2480
******01403 Operational,,MPPS KUDUPUDIVARIPALEM,,,,Andhra Pradesh,1-Primary,33-MPP_ZPP SCHOOLS,1 To 2,3-Co-educational,1-Rural,Ramachandrapuram,Jagannaikulapalem,,,KUDUPUDIVARIPALEM JAGANNAIKULAPALEM (VILL) JAGANNAIKULAPALEM(VILL) RAMACHANDRAPURAM(MANDAL) EAST GODAVARI(DIST),533262,mppskvpalem460[at]gmail[dot]com,https://kys.udiseplus.gov.in/#/schooldetail/4667247/12,4667247,27/01/2023 12:00,2480
******00903 Operational,,MPPS KUDUPUDIVARIPALEM,,,,Andhra Pradesh,1-Primary,33-MPP_ZPP SCHOOLS,1 To 5,3-Co-educational,1-Rural,Ambajipeta,K. Pedapudi,,,KUDUPUDIVARIPALEM K. PEDAPUDI K. PEDAPUDI(VILL) AMBAJIPETA(MANDAL) EAST GODAVARI(DIST),533239,mpppskudupudivaripalem[at]gmail[dot]com,https://kys.udiseplus.gov.in/#/schooldetail/4667658/12,4667658,23/12/2025 17:11,2480
******01405 Operational,,MPPS KUDUPURU,,,,Andhra Pradesh,1-Primary,33-MPP_ZPP SCHOOLS,1 To 5,3-Co-educational,1-Rural,NA,NA,,,KUDUPURU KUDUPURU (VILL) KUDUPURU(VILL) K.GANGAVARAM(MANDAL) EAST GODAVARI(DIST),533263,srinivasudvvs[at]gmail[dot]com,https://kys.udiseplus.gov.in/#/schooldetail/4667353/12,4667353,23/06/2022 14:30,2480
******00208 Closed,Closed,MPPS KUMMARIGARUVU,,,,Andhra Pradesh,1-Primary,33-MPP_ZPP SCHOOLS,1 To 5,3-Co-educational,1-Rural,Sakhinetipalle,Sakhinetipalle,,,KUMMARI GARUVU SAKINETIPALLE (VILL) SAKINETIPALLE(VILL) SAKHINETIPALLI(MANDAL) EAST GODAVARI(DIST),533251,,https://kys.udiseplus.gov.in/#/schooldetail/4669182/12,4669182,24/12/2023 18:17,2480
******00212 Operational,,MPPS KUNALANKA (KAMINI),,,,Andhra Pradesh,1-Primary,33-MPP_ZPP SCHOOLS,1 To 5,3-Co-educational,1-Rural,Mummidivaram,Kamini,,,KUNALANKA(KAMINI) TANELANKA (VILL) TANELANKA(VILL) MUMMIDIVARAM(MANDAL) EAST GODAVARI(DIST),533216,BHUVANESWARIYEDLAPALLI[at]GMAIL[dot]COM,https://kys.udiseplus.gov.in/#/schooldetail/4668222/12,4668222,15/10/2020 12:18,2480
******01001 Operational,,MPPS KUNAVARAM,,,,Andhra Pradesh,1-Primary,33-MPP_ZPP SCHOOLS,1 To 5,3-Co-educational,1-Rural,Razole,Kunavaram,,,KUNAVARAM KUNAVARAM (VILL) KUNAVARAM(VILL) RAZOLE(MANDAL) EAST GODAVARI(DIST),533244,knagaveni1966[at]gmail[dot]com,https://kys.udiseplus.gov.in/#/schooldetail/4669041/12,4669041,17/06/2025 12:32,2480
******00702 Operational,,MPPS KUNCHANAPALLI,,,,Andhra Pradesh,1-Primary,33-MPP_ZPP SCHOOLS,1 To 5,3-Co-educational,1-Rural,Katrenikona,Kundaleswaram,,,KUNCHANAPALLI KUNDALESWARAM (VILL) KUNDALESWARAM(VILL) KATRENIKONA(MANDAL) EAST GODAVARI(DIST),533212,mppschoolkunchanapalli[at]gmail[dot]com,https://kys.udiseplus.gov.in/#/schooldetail/4668458/12,4668458,11/03/2024 19:13,2480
******00602 Operational,,MPPS KUNCHEVARIPETA,,,,Andhra Pradesh,1-Primary,33-MPP_ZPP SCHOOLS,1 To 2,3-Co-educational,1-Rural,Kothapeta,Ganti,,,KUNCHEVARIPETA AVIDI (VILL) AVIDI(VILL) KOTHAPETA(MANDAL) EAST GODAVARI(DIST),533223,mpppskunchevaripeta[at]gmail[dot]com,https://kys.udiseplus.gov.in/#/schooldetail/4667886/12,4667886,22/12/2025 15:27,2480
******02106 Operational,,MPPS KUNDALAMMA CHERUVU,,,,Andhra Pradesh,1-Primary,33-MPP_ZPP SCHOOLS,1 To 5,3-Co-educational,1-Rural,Ramachandrapuram,Vegayammapeta,,,KUNDALAMMA CHERUVU VEGAYAMMAPETA (VILL) VEGAYAMMAPETA(VILL) RAMACHANDRAPURAM(MANDAL) EAST GODAVARI(DIST),533262,meo.ramachandrapuram[at]gmail[dot]com,https://kys.udiseplus.gov.in/#/schooldetail/4667294/12,4667294,15/10/2020 12:18,2480
******00301 Operational,,MPPS KUNDALAPALLI,,,,Andhra Pradesh,1-Primary,33-MPP_ZPP SCHOOLS,1 To 5,3-Co-educational,1-Rural,P.Gannavaram,Kundalapalle,,,KUNDALAPALLE KUNDALAPALLE (VILL) KUNDALAPALLE(VILL) P.GANNAVARAM(MANDAL) EAST GODAVARI(DIST),533229,mpppskundalapalli[at]gmail[dot]com,https://kys.udiseplus.gov.in/#/schooldetail/4667955/12,4667955,11/03/2024 19:02,2480
******00501 Operational,,MPPS KUNDURU LANKA,,,,Andhra Pradesh,1-Primary,33-MPP_ZPP SCHOOLS,1 To 5,3-Co-educational,1-Rural,NA,NA,,,KUNDURU LANKA KUNDURU (VILL) KUNDURU(VILL) K.GANGAVARAM(MANDAL) EAST GODAVARI(DIST),533262,,https://kys.udiseplus.gov.in/#/schooldetail/4667756/12,4667756,23/06/2022 14:25,2480
******01503 Operational,,MPPS KUNIMILLI PADU,,,,Andhra Pradesh,1-Primary,33-MPP_ZPP SCHOOLS,1 To 5,3-Co-educational,1-Rural,NA,NA,,,KUNAMILLI PADU DANGERU (VILL) DANGERU(VILL) K.GANGAVARAM(MANDAL) EAST GODAVARI(DIST),533263,Mpppskunimillipadu[at]gmail[dot]com,https://kys.udiseplus.gov.in/#/schooldetail/4667355/12,4667355,23/06/2022 14:31,2480
******00901 Operational,,MPPS KURAKALLAPALLI,,,,Andhra Pradesh,1-Primary,33-MPP_ZPP SCHOOLS,1 To 5,3-Co-educational,1-Rural,Rayavaram,Kurakallapalle,,,"Mppups Kurakallapalli,Main road Kurakallapalli, Rayavaram Mandal,Dr.B R Ambedkar Konaseema District",533255,mppupskurakallapalli901[at]gmail[dot]com,https://kys.udiseplus.gov.in/#/schooldetail/4667434/12,4667434,17/07/2025 11:33,2480
******00605 Operational,,MPPS (KVG) MORI,,,,Andhra Pradesh,1-Primary,33-MPP_ZPP SCHOOLS,1 To 5,3-Co-educational,1-Rural,Sakhinetipalle,Mori,,,MORI(K V GROUP) MORI (VILL) MORI(VILL) SAKHINETIPALLI(MANDAL) EAST GODAVARI(DIST),533250,,https://kys.udiseplus.gov.in/#/schooldetail/4669236/12,4669236,15/10/2020 12:18,2480
******01104 Operational,,MPPS (KVG) SANKARAGUPTAM,,,,Andhra Pradesh,1-Primary,33-MPP_ZPP SCHOOLS,1 To 5,3-Co-educational,1-Rural,Malikipuram,Sankaraguptham,,,KOMBATHULAVARI GROUP SANKARAGUPTHAM (VILL) SANKARAGUPTHAM(VILL) MALIKIPURAM(MANDAL) EAST GODAVARI(DIST),533250,,https://kys.udiseplus.gov.in/#/schooldetail/4669156/12,4669156,15/10/2020 12:18,2480
******01003 Operational,,MPPS (KVL) EDARADA,,,,Andhra Pradesh,1-Primary,33-MPP_ZPP SCHOOLS,1 To 5,3-Co-educational,1-Rural,Mamidikuduru,Edarada,,,KUMMAVARILANKA EDARADA (VILL) EDARADA(VILL) MAMIDIKUDURU(MANDAL) EAST GODAVARI(DIST),533247,,https://kys.udiseplus.gov.in/#/schooldetail/4668941/12,4668941,18/07/2022 16:26,2480
******00102 Operational,,MPPS( KVP) PEDAPATNAMLANKA,,,,Andhra Pradesh,1-Primary,33-MPP_ZPP SCHOOLS,1 To 5,3-Co-educational,1-Rural,Mamidikuduru,Pedapatnam Lanka,,,KOMMULAVARI PALEM PEDAPATNAM LANKA (VILL) PEDAPATNAM LANKA(VILL) MAMIDIKUDURU(MANDAL) EAST GODAVARI(DIST),533247,meo.mamidikuduru[at]gmail[dot]com,https://kys.udiseplus.gov.in/#/schooldetail/4668883/12,4668883,18/07/2022 13:08,2480
******01602 Operational,,MPPS (K) YENUGUPALLE LANKA,,,,Andhra Pradesh,1-Primary,33-MPP_ZPP SCHOOLS,1 To 5,3-Co-educational,1-Rural,P.Gannavaram,Yenugupalle,,,K. YENUGUPALLE LANKA YENUGUPALLE (VILL) YENUGUPALLE(VILL) P.GANNAVARAM(MANDAL) EAST GODAVARI(DIST),533240,durgamba.pindi[at]gmail[dot]com,https://kys.udiseplus.gov.in/#/schooldetail/4668024/12,4668024,17/06/2025 21:54,2480
******00605 Operational,,MPPS LAKKAVARAM,,,,Andhra Pradesh,1-Primary,33-MPP_ZPP SCHOOLS,1 To 5,3-Co-educational,1-Rural,Malikipuram,Lakkavaram,,,LAKKAVARAM LAKKAVARAM (VILL) LAKKAVARAM(VILL) MALIKIPURAM(MANDAL) EAST GODAVARI(DIST),533254,mppupslkvm[at]gmail[dot]com,https://kys.udiseplus.gov.in/#/schooldetail/4669107/12,4669107,17/12/2023 18:30,2480
******01506 Closed,Closed,MPPS LAKSHMANESWARAM,,,,Andhra Pradesh,1-Primary,33-MPP_ZPP SCHOOLS,1 To 5,3-Co-educational,1-Rural,Allavaram,Komaragiripatnam,,,LAKSHMANESWARAM THUMMALAPALLI THUMMALAPALLI(VILL) ALLAVARAM(MANDAL) EAST GODAVARI(DIST),533210,kbanu117751[at]gmail[dot]com,https://kys.udiseplus.gov.in/#/schooldetail/4668881/12,4668881,08/08/2025 07:28,2480
******00403 Operational,,MPPS LAKSHMIDEVILANKA,,,,Andhra Pradesh,1-Primary,33-MPP_ZPP SCHOOLS,1 To 5,3-Co-educational,1-Rural,Mummidivaram,Annampalle,,,LAKSHMIDEVILANKA ANNAMPALLE (VILL) ANNAMPALLE(VILL) MUMMIDIVARAM(MANDAL) EAST GODAVARI(DIST),533216,,https://kys.udiseplus.gov.in/#/schooldetail/4668236/12,4668236,15/10/2020 12:18,2480
******00404 Operational,,MPPS LAKSHMI POLAVARAM,,,,Andhra Pradesh,1-Primary,33-MPP_ZPP SCHOOLS,1 To 5,3-Co-educational,1-Rural,Ravulapalem,Lakshmipolavaram,,,L POLAVARAM(MAIN ROAD) LAKSHMIPOLAVARAM (VILL) LAKSHMIPOLAVARAM(VILL) RAVULAPALEM(MANDAL) EAST GODAVARI(DIST),533236,,https://kys.udiseplus.gov.in/#/schooldetail/4667704/12,4667704,15/10/2020 12:18,2480
******00201 Operational,,MPPS LAKSHMIWADA,,,,Andhra Pradesh,1-Primary,33-MPP_ZPP SCHOOLS,1 To 5,3-Co-educational,1-Rural,Katrenikona,Lakshmiwada,,,LAKSHMIWADA LAKSHMIWADA (VILL) LAKSHMIWADA(VILL) KATRENIKONA(MANDAL) EAST GODAVARI(DIST),533222,lakshmiwada201[at]gmail[dot]com,https://kys.udiseplus.gov.in/#/schooldetail/4668432/12,4668432,11/03/2024 19:07,2480
******01006 Operational,,MPPS (LAKULU) TAPESWARAM,,,,Andhra Pradesh,1-Primary,33-MPP_ZPP SCHOOLS,1 To 2,3-Co-educational,1-Rural,Mandapeta,Tapeswaram,,,LAKKOLLU TAPESWARAM (VILL) TAPESWARAM(VILL) MANDAPETA(MANDAL) EAST GODAVARI(DIST),533340,tapeswaramlakulu006[at]gmail[dot]com,https://kys.udiseplus.gov.in/#/schooldetail/4666665/12,4666665,22/12/2025 11:41,2480
******00603 Operational,,MPPS LANKALAGANNAVARAM,,,,Andhra Pradesh,1-Primary,33-MPP_ZPP SCHOOLS,1 To 5,3-Co-educational,1-Rural,P.Gannavaram,Lankalagannavaram,,,"MPPS LANKALA GANNAVARAM,P.GANNAVARAM MANDAL",533240,mppslgannavaram[at]gmail[dot]com,https://kys.udiseplus.gov.in/#/schooldetail/4667977/12,4667977,18/07/2022 15:04,2480
******00601 Operational,,MPPS LATCHIRAJU CHERUVU,,,,Andhra Pradesh,1-Primary,33-MPP_ZPP SCHOOLS,1 To 5,3-Co-educational,1-Rural,Katrenikona,Katrenikona,,,"LATCHIRAJUCHERUVU , KATRENIKONA(VILL)KATRENIKONA(MANDAL) ,DR.B.R.AMBEDHKAR KONASEEA DISTRICT",533212,mppslatchirajucheruvu[at]gmail[dot]com,https://kys.udiseplus.gov.in/#/schooldetail/4667990/12,4667990,28/09/2024 11:20,2480
******00805 Operational,,MPPS LAXMI PALEM,,,,Andhra Pradesh,1-Primary,33-MPP_ZPP SCHOOLS,1 To 5,3-Co-educational,1-Rural,Ravulapalem,Podagatlapalle,,,LAXMI PALEM PODAGATLAPALLI (VILL) PODAGATLAPALLI(VILL) RAVULAPALEM(MANDAL) EAST GODAVARI(DIST),533236,mppslakshmipalem[at]gmail[dot]com,https://kys.udiseplus.gov.in/#/schooldetail/4667730/12,4667730,15/10/2020 12:18,2480
******00802 Operational,,MPPS (LBS) IRUSUMANDA,,,,Andhra Pradesh,1-Primary,33-MPP_ZPP SCHOOLS,1 To 5,3-Co-educational,1-Rural,Malikipuram,Irusumanda,,,IRUSUMANDA( L.B. STREET) IRUSUMANDA (VILL) IRUSUMANDA(VILL) MALIKIPURAM(MANDAL) EAST GODAVARI(DIST),533254,meo.malikipuram[at]gmail[dot]com,https://kys.udiseplus.gov.in/#/schooldetail/4669121/12,4669121,15/10/2020 12:18,2480
******00210 Operational,,MPPS (LCA) RAVULAPALEM,,,,Andhra Pradesh,1-Primary,33-MPP_ZPP SCHOOLS,1 To 5,3-Co-educational,1-Rural,Ravulapalem,Ravulapalem,,,RAVULAPALEM(NEAR CHRCH) RAVULAPALEM (VILL) RAVULAPALEM(VILL) RAVULAPALEM(MANDAL) EAST GODAVARI(DIST),533238,mppsplravulapalem[at]gmail[dot]com,https://kys.udiseplus.gov.in/#/schooldetail/4667667/12,4667667,11/03/2024 18:47,2480
******00603 Operational,,MPPS (LC) MORI,,,,Andhra Pradesh,1-Primary,33-MPP_ZPP SCHOOLS,1 To 5,3-Co-educational,1-Rural,Sakhinetipalle,Mori,,,Mori sakhinetipalli e.g.district-533250,533250,,https://kys.udiseplus.gov.in/#/schooldetail/4669234/12,4669234,15/10/2020 12:18,2480
******00608 Operational,,MPPS (LCP) AVIDI,,,,Andhra Pradesh,1-Primary,33-MPP_ZPP SCHOOLS,1 To 2,3-Co-educational,1-Rural,Kothapeta,Avidi,,,LINGALACHERUVUPETA AVIDI (VILL) AVIDI(VILL) KOTHAPETA(MANDAL) EAST GODAVARI(DIST),533223,mpppslcpeta[at]gmail[dot]com,https://kys.udiseplus.gov.in/#/schooldetail/4667892/12,4667892,22/12/2025 15:31,2480
******01702 Operational,,MPPS (LIC) MANEPALLI,,,,Andhra Pradesh,1-Primary,33-MPP_ZPP SCHOOLS,1 To 2,3-Co-educational,1-Rural,P.Gannavaram,Manepalle,,,L I C COLONY MANEPALLE (VILL) MANEPALLE(VILL) P.GANNAVARAM(MANDAL) EAST GODAVARI(DIST),533249,mppps1702[at]gmail[dot]com,https://kys.udiseplus.gov.in/#/schooldetail/4668030/12,4668030,11/03/2024 18:56,2480
******01205 Operational,,MPPS LINEPETA,,,,Andhra Pradesh,1-Primary,33-MPP_ZPP SCHOOLS,1 To 5,3-Co-educational,1-Rural,Katrenikona,Pallamkurru,,,LINEPETA PALLAMKURRU (VILL) PALLAMKURRU(VILL) KATRENIKONA(MANDAL) EAST GODAVARI(DIST),533212,meo.katrenikona52[at]gmail[dot]com,https://kys.udiseplus.gov.in/#/schooldetail/4668495/12,4668495,11/03/2024 19:11,2480
******01603 Operational,,MPPS (LN) PURAM,,,,Andhra Pradesh,1-Primary,33-MPP_ZPP SCHOOLS,1 To 5,3-Co-educational,1-Rural,Amalapuram,Vanne Chintalapudi,,,L N PURAM VANNE CHINTALAPUDI VANNE CHINTALAPUDI(VILL) AMALAPURAM(MANDAL) EAST GODAVARI(DIST),533213,mpppslnpuram28145401603[at]gmail[dot]com,https://kys.udiseplus.gov.in/#/schooldetail/4668686/12,4668686,20/12/2025 15:28,2480
******00808 Operational,,MPPS (LNST) ANTARVEDI,,,,Andhra Pradesh,1-Primary,33-MPP_ZPP SCHOOLS,1 To 5,3-Co-educational,1-Rural,Sakhinetipalle,Antarvedi,,,L N S TEMPLE ANTARVEDI (VILL) ANTARVEDI(VILL) SAKHINETIPALLI(MANDAL) EAST GODAVARI(DIST),533252,mpppslnstemple[at]gmail[dot]com,https://kys.udiseplus.gov.in/#/schooldetail/4669258/12,4669258,15/10/2020 12:18,2480
******01201 Operational,,MPPS LOLLA,,,,Andhra Pradesh,1-Primary,33-MPP_ZPP SCHOOLS,1 To 5,3-Co-educational,1-Rural,Atreyapuram,Lolla,,,LOLLA LOLLA LOLLA(VILL) ATREYAPURAM(MANDAL) EAST GODAVARI(DIST),533237,publicusages[at]gmail[dot]com,https://kys.udiseplus.gov.in/#/schooldetail/4667626/12,4667626,09/05/2022 18:53,2480
******01008 Operational,,MPPS (LP) MODEKURRU,,,,Andhra Pradesh,1-Primary,33-MPP_ZPP SCHOOLS,1 To 5,3-Co-educational,1-Rural,Kothapeta,Modekurru,,,LINEPETA MODEKURRU (VILL) MODEKURRU(VILL) KOTHAPETA(MANDAL) EAST GODAVARI(DIST),533229,mpppslinepeta[at]gmail[dot]com,https://kys.udiseplus.gov.in/#/schooldetail/4667934/12,4667934,15/10/2020 12:18,2480
******00106 Operational,,MPPS (LP) PEDAPATNAMLANKA,,,,Andhra Pradesh,1-Primary,33-MPP_ZPP SCHOOLS,1 To 5,3-Co-educational,1-Rural,Mamidikuduru,Pedapatnam Lanka,,,LANKAPETA PEDAPATNAM LANKA (VILL) PEDAPATNAM LANKA(VILL) MAMIDIKUDURU(MANDAL) EAST GODAVARI(DIST),533247,ballasatyakrishna[at]gmail[dot]com,https://kys.udiseplus.gov.in/#/schooldetail/4668887/12,4668887,18/07/2022 13:09,2480
******00402 Operational,,MPPS (LP) PURETIVARICHERUVU,,,,Andhra Pradesh,1-Primary,33-MPP_ZPP SCHOOLS,1 To 5,3-Co-educational,1-Rural,Ravulapalem,Lakshmipolavaram,,,PURETIVARICHERUVU LAKSHMIPOLAVARAM (VILL) LAKSHMIPOLAVARAM(VILL) RAVULAPALEM(MANDAL) EAST GODAVARI(DIST),533238,mppspvcheruvu[at]gmail[dot]com,https://kys.udiseplus.gov.in/#/schooldetail/4667702/12,4667702,15/10/2020 12:18,2480
******00903 Operational,,MPPS (LRP) IPPANAPADU,,,,Andhra Pradesh,1-Primary,33-MPP_ZPP SCHOOLS,1 To 5,3-Co-educational,1-Rural,Mandapeta,Ippanapadu,,,IPPANAPADU IPPANAPADU (VILL) IPPANAPADU(VILL) MANDAPETA(MANDAL) EAST GODAVARI(DIST),533340,lalitha192014[at]gmail[dot]com,https://kys.udiseplus.gov.in/#/schooldetail/4666659/12,4666659,24/12/2025 11:11,2480
******00502 Operational,,MPPS (LSB) CHINAGADAVILLI,,,,Andhra Pradesh,1-Primary,33-MPP_ZPP SCHOOLS,1 To 5,3-Co-educational,1-Rural,Uppalaguptam,Chinagedavalli,,,L.S.BALIJAPETA CHINAGADAVALLI (VILL) CHINAGADAVALLI(VILL) UPPALAGUPTAM(MANDAL) EAST GODAVARI(DIST),533222,mpppslsb502[at]gmail[dot]com,https://kys.udiseplus.gov.in/#/schooldetail/4668542/12,4668542,07/01/2026 08:46,2480
******01201 Operational,,MPPS LUTUKURRU,,,,Andhra Pradesh,1-Primary,33-MPP_ZPP SCHOOLS,1 To 2,3-Co-educational,1-Rural,Mamidikuduru,Lutukurru,,,LUTUKURRU LUTUKURRU (VILL) LUTUKURRU(VILL) MAMIDIKUDURU(MANDAL) EAST GODAVARI(DIST),533247,,https://kys.udiseplus.gov.in/#/schooldetail/4668946/12,4668946,26/09/2024 03:57,2480
******00707 Operational,,MPPS (MA) BADAVA,,,,Andhra Pradesh,1-Primary,33-MPP_ZPP SCHOOLS,1 To 5,3-Co-educational,2-Urban,NA,,Mummidivaram Ward No.7,Mummidivaram-Town Panchayat,AGRAHARAM BADAVA MUMMIDIVARAM (VILL) MUMMIDIVARAM(VILL) MUMMIDIVARAM(MANDAL) EAST GODAVARI(DIST),533216,,https://kys.udiseplus.gov.in/#/schooldetail/4668258/12,4668258,25/09/2024 13:48,2480
******01303 Operational,,MPPS MACHARA MATTALU,,,,Andhra Pradesh,1-Primary,33-MPP_ZPP SCHOOLS,1 To 5,3-Co-educational,1-Rural,Kapileswarapuram,Machara,,,MACHARA MATTALU MACHARA (VILL) MACHARA(VILL) KAPILESWARAPURAM(MANDAL) EAST GODAVARI(DIST),533309,,https://kys.udiseplus.gov.in/#/schooldetail/4667491/12,4667491,15/10/2020 12:18,2480
******01113 Operational,,MPPS MACHAVARAM,,,,Andhra Pradesh,1-Primary,33-MPP_ZPP SCHOOLS,1 To 5,3-Co-educational,1-Rural,Ambajipeta,Machavaram,,,NEAR ITIKALAMMA TEMPLE MACHAVARAM(VILL) AMBAJIPETA(MANDAL) EAST GODAVARI(DIST),533214,mpppsmachavaram[at]gmail[dot]com,https://kys.udiseplus.gov.in/#/schooldetail/4668107/12,4668107,23/12/2025 17:18,2480
******00904 Operational,,MPPS MADHURAVARIPETA,,,,Andhra Pradesh,1-Primary,33-MPP_ZPP SCHOOLS,1 To 5,3-Co-educational,1-Rural,Uppalaguptam,Uppalaguptam,,,MADHURAVARIPETA(BHADUGUPETA) UPPALAGUPTAM (VILL) UPPALAGUPTAM(VILL) UPPALAGUPTAM(MANDAL) EAST GODAVARI(DIST),533222,,https://kys.udiseplus.gov.in/#/schooldetail/4668558/12,4668558,07/01/2026 08:55,2480
******00203 Operational,,MPPS MADIKI,,,,Andhra Pradesh,1-Primary,33-MPP_ZPP SCHOOLS,1 To 5,3-Co-educational,1-Rural,Alamuru,Madiki,,,MADIKI MADIKI MADIKI(VILL) ALAMURU(MANDAL) KONASEEMA DISTRICT,533126,tanujab1992[at]gmail[dot]com,https://kys.udiseplus.gov.in/#/schooldetail/4667511/12,4667511,23/09/2024 12:12,2480
******00102 Operational,,MPPS MADUPALLI,,,,Andhra Pradesh,1-Primary,33-MPP_ZPP SCHOOLS,1 To 5,3-Co-educational,1-Rural,Ainavilli,Madupalle,,,MADUPALLI(S C COLONY) MADUPALLE MADUPALLE(VILL) AINAVILLI(MANDAL) EAST GODAVARI(DIST),533228,mppsmadupalli[at]gmail[dot]com,https://kys.udiseplus.gov.in/#/schooldetail/4668124/12,4668124,18/07/2022 13:15,2480
******01603 Operational,,MPPS MAGAM,,,,Andhra Pradesh,1-Primary,33-MPP_ZPP SCHOOLS,1 To 5,3-Co-educational,1-Rural,Ainavilli,Magam,,,MAGAM MAGAM MAGAM(VILL) AINAVILLI(MANDAL) EAST GODAVARI(DIST),533577,srinivasyanamadala55[at]gmail[dot]com,https://kys.udiseplus.gov.in/#/schooldetail/4668209/12,4668209,19/07/2022 12:23,2480
******00504 Operational,,MPPS MAGAPUVARI PETA,,,,Andhra Pradesh,1-Primary,33-MPP_ZPP SCHOOLS,1 To 5,3-Co-educational,1-Rural,Ainavilli,Ainavilli,,,MAGAPUVARIPETA AINAVILLI AINAVILLI(VILL) AINAVILLI(MANDAL) EAST GODAVARI(DIST),533211,chinnivijaya777[at]gmail[dot]com,https://kys.udiseplus.gov.in/#/schooldetail/4668141/12,4668141,19/07/2022 11:41,2480
******01601 Operational,,MPPS MAGATAPALLI,,,,Andhra Pradesh,1-Primary,33-MPP_ZPP SCHOOLS,1 To 2,3-Co-educational,1-Rural,Mamidikuduru,Magatapalle,,,MAGATAPALLE(NEAR SIVALAYAM) MAGATAPALLE (VILL) MAGATAPALLE(VILL) MAMIDIKUDURU(MANDAL) EAST GODAVARI(DIST),533248,nagavenichavvakula[at]gmail[dot]com,https://kys.udiseplus.gov.in/#/schooldetail/4668961/12,4668961,25/01/2023 18:31,2480
******00906 Operational,,MPPS MAHAPATU CHERUVU,,,,Andhra Pradesh,1-Primary,33-MPP_ZPP SCHOOLS,1 To 5,3-Co-educational,1-Rural,Mummidivaram,Ananthavaram,,,ANANTHAVARAM(M T CHERUVU) ANANTHAVARAM (VILL) ANANTHAVARAM(VILL) MUMMIDIVARAM(MANDAL) EAST GODAVARI(DIST),533222,pvraju63[at]gmail[dot]com,https://kys.udiseplus.gov.in/#/schooldetail/4668298/12,4668298,15/10/2020 12:18,2480
******01101 Operational,,MPPS (MAIN) AINAPURAM,,,,Andhra Pradesh,1-Primary,33-MPP_ZPP SCHOOLS,1 To 5,3-Co-educational,1-Rural,Mummidivaram,Ainapuram,,,AINAPURAM AINAPURAM (VILL) AINAPURAM(VILL) MUMMIDIVARAM(MANDAL) EAST GODAVARI(DIST),533212,,https://kys.udiseplus.gov.in/#/schooldetail/4668307/12,4668307,15/10/2020 12:18,2480
******00301 Operational,,MPPS (MAIN) AMUJURU,,,,Andhra Pradesh,1-Primary,33-MPP_ZPP SCHOOLS,1 To 5,3-Co-educational,1-Rural,NA,NA,,,AMJURU AMJURU (VILL) AMJURU(VILL) K.GANGAVARAM(MANDAL) EAST GODAVARI(DIST),533305,amujurumain[at]gmail[dot]com,https://kys.udiseplus.gov.in/#/schooldetail/4667751/12,4667751,23/06/2022 14:24,2480
******00802 Operational,,MPPS (MAIN) ANGARA,,,,Andhra Pradesh,1-Primary,33-MPP_ZPP SCHOOLS,1 To 2,3-Co-educational,1-Rural,Kapileswarapuram,Angara,,,ANGARA(VILL) KAPILESWARAPURAM(MANDAL) EAST GODAVARI(DIST),533307,,https://kys.udiseplus.gov.in/#/schooldetail/4667459/12,4667459,11/03/2024 19:07,2480
******01101 Operational,,MPPS (MAIN) ANKAMPALEM,,,,Andhra Pradesh,1-Primary,33-MPP_ZPP SCHOOLS,1 To 5,3-Co-educational,1-Rural,Atreyapuram,Ankampalem,,,ANKAMPALEM ANKAMPALEM ANKAMPALEM(VILL) ATREYAPURAM(MANDAL) EAST GODAVARI(DIST),533236,,https://kys.udiseplus.gov.in/#/schooldetail/4667616/12,4667616,18/06/2025 10:20,2480
******00507 Operational,,MPPS (MAIN) ATCHYUTAPURAM,,,,Andhra Pradesh,1-Primary,33-MPP_ZPP SCHOOLS,1 To 5,3-Co-educational,1-Rural,Kapileswarapuram,Atchutapuram,,,ATCHUTA PURAM KALERU (VILL) KALERU(VILL) KAPILESWARAPURAM(MANDAL) EAST GODAVARI(DIST),533307,mppsatchutapuram507[at]gmail[dot]com,https://kys.udiseplus.gov.in/#/schooldetail/4667452/12,4667452,15/10/2020 12:18,2480
******00801 Operational,,MPPS (MAIN) ATREYAPURAM,,,,Andhra Pradesh,1-Primary,33-MPP_ZPP SCHOOLS,1 To 5,3-Co-educational,1-Rural,Atreyapuram,Atreyapuram,,,ATREYAPURAM ATREYAPURAM ATREYAPURAM(VILL) ATREYAPURAM(MANDAL) EAST GODAVARI(DIST),533235,mpppsmainatreyapuram801[at]gmai[dot]com,https://kys.udiseplus.gov.in/#/schooldetail/4667604/12,4667604,18/07/2022 13:24,2480
******00504 Operational,,MPPS (MAIN) BHATNAVILLI,,,,Andhra Pradesh,1-Primary,33-MPP_ZPP SCHOOLS,1 To 5,3-Co-educational,1-Rural,Amalapuram,Bhatnavilli,,,BHATNAVILLI main(VILL) AMALAPURAM(MANDAL) EAST GODAVARI(DIST),533222,bhatnavillimpps[at]gmail[dot]com,https://kys.udiseplus.gov.in/#/schooldetail/4668633/12,4668633,20/12/2025 15:30,2480
******00507 Operational,,MPPS (MAIN) BHYRAVAPALEM,,,,Andhra Pradesh,1-Primary,33-MPP_ZPP SCHOOLS,1 To 2,3-Co-educational,1-Rural,I. Polavaram,Guthinadeevi,,,BHIRAYAPALEM GUTHINADEEVI (VILL) GUTHINADEEVI(VILL) I.POLAVARAM(MANDAL) EAST GODAVARI(DIST),533464,jvrao73[at]gmail[dot]com,https://kys.udiseplus.gov.in/#/schooldetail/4668348/12,4668348,25/01/2023 11:01,2480
******00707 Operational,,MPPS (MAIN) CHELLURU,,,,Andhra Pradesh,1-Primary,33-MPP_ZPP SCHOOLS,1 To 5,3-Co-educational,1-Rural,Rayavaram,Chelluru,,,CHELLURU CHELLURU (VILL) CHELLURU(VILL) RAYAVARAM(MANDAL) EAST GODAVARI(DIST),533261,chellurumpps[at]gmail[dot]com,https://kys.udiseplus.gov.in/#/schooldetail/4667429/12,4667429,17/06/2025 16:22,2480
******00829 Operational,,MPPS (MAIN) CHENNADAM,,,,Andhra Pradesh,1-Primary,33-MPP_ZPP SCHOOLS,1 To 5,3-Co-educational,1-Rural,Razole,Kadali,,,CHENNADAM KADALI (VILL) CHENNADAM(VILL) RAZOLE(MANDAL) EAST GODAVARI(DIST),533247,rekadisrinivasu1976[at]gmail[dot]com,https://kys.udiseplus.gov.in/#/schooldetail/4669034/12,4669034,15/10/2020 12:18,2480
******00901 Operational,,MPPS (MAIN) CHINTALAPALLI,,,,Andhra Pradesh,1-Primary,33-MPP_ZPP SCHOOLS,1 To 2,3-Co-educational,1-Rural,Razole,Chintalapalle,,,CHINTALAPALLI CHINTALAPALLE (VILL) CHINTALAPALLE(VILL) RAZOLE(MANDAL) EAST GODAVARI(DIST),533244,,https://kys.udiseplus.gov.in/#/schooldetail/4669036/12,4669036,11/03/2024 18:37,2480
******00302 Operational,,MPPS (MAIN) CHINTANALANKA,,,,Andhra Pradesh,1-Primary,33-MPP_ZPP SCHOOLS,1 To 5,3-Co-educational,1-Rural,Ainavilli,Chintana Lanka,,,MAIN CHINTANA LANKA CHINTANA LANKA(VILL) AINAVILLI(MANDAL) EAST GODAVARI(DIST),533211,ganesh6974[at]gmail[dot]com,https://kys.udiseplus.gov.in/#/schooldetail/4668132/12,4668132,19/07/2022 11:39,2480
******01601 Operational,,MPPS (MAIN) GANGAVARAM,,,,Andhra Pradesh,1-Primary,33-MPP_ZPP SCHOOLS,1 To 5,3-Co-educational,1-Rural,NA,NA,,,GANGAVARAM GANGAVARAM (VILL) GANGAVARAM(VILL) K.GANGAVARAM(MANDAL) EAST GODAVARI(DIST),533305,pradeepkumarmagapu[at]gmail[dot]com,https://kys.udiseplus.gov.in/#/schooldetail/4667784/12,4667784,18/06/2025 16:54,2480
******00501 Operational,,MPPS (MAIN) GANTI,,,,Andhra Pradesh,1-Primary,33-MPP_ZPP SCHOOLS,1 To 5,3-Co-educational,1-Rural,Kothapeta,Ganti,,,GANTI MAIN GANTI (VILL) GANTI(VILL) KOTHAPETA(MANDAL) EAST GODAVARI(DIST),533274,meo.kothapeta[at]gmail[dot]com,https://kys.udiseplus.gov.in/#/schooldetail/4667878/12,4667878,15/10/2020 12:18,2480
******01005 Operational,,MPPS (MAIN) GOPALAPURAM,,,,Andhra Pradesh,1-Primary,33-MPP_ZPP SCHOOLS,1 To 5,3-Co-educational,1-Rural,Ravulapalem,Gopalapuram,,,GOPALAPURAM(MAIN ROAD) GOPALAPURAM (VILL) GOPALAPURAM(VILL) RAVULAPALEM(MANDAL) EAST GODAVARI(DIST),533274,mushini7[at]gmail[dot]com,https://kys.udiseplus.gov.in/#/schooldetail/4667741/12,4667741,17/06/2025 15:07,2480
******00912 Operational,,MPPS (MAIN) G PALLIPALEM,,,,Andhra Pradesh,1-Primary,33-MPP_ZPP SCHOOLS,1 To 5,3-Co-educational,1-Rural,Malikipuram,Gudapalle,,,GUDAPALLE GUDAPALLE(VILL) GUDAPALLE(VILL) MALIKIPURAM(MANDAL) EAST GODAVARI(DIST),533254,srinivas.lkv77[at]yahoo[dot]in,https://kys.udiseplus.gov.in/#/schooldetail/4669134/12,4669134,15/10/2020 12:18,2480
******00904 Operational,,MPPS (MAIN) INDUPALLI,,,,Andhra Pradesh,1-Primary,33-MPP_ZPP SCHOOLS,1 To 5,3-Co-educational,1-Rural,Amalapuram,Indupalle,,,INDUPALLE INDUPALLE INDUPALLE(VILL) AMALAPURAM(MANDAL) EAST GODAVARI(DIST),533221,zphs.indupalle[at]gmail[dot]com,https://kys.udiseplus.gov.in/#/schooldetail/4668660/12,4668660,20/12/2025 16:06,2480
******00801 Operational,,MPPS (MAIN) I POLAVARAM,,,,Andhra Pradesh,1-Primary,33-MPP_ZPP SCHOOLS,1 To 5,3-Co-educational,1-Rural,I. Polavaram,I. Polavaram,,,I.POLAVARAM I. POLAVARAM (VILL) I. POLAVARAM(VILL) I.POLAVARAM(MANDAL) EAST GODAVARI(DIST),533220,satyavanimadabathula[at]gmail[dot]com,https://kys.udiseplus.gov.in/#/schooldetail/4668378/12,4668378,16/06/2025 11:34,2480
******00502 Operational,,MPPS (MAIN) KALERU,,,,Andhra Pradesh,1-Primary,33-MPP_ZPP SCHOOLS,1 To 2,3-Co-educational,1-Rural,Kapileswarapuram,Kaleru,,,KALERU KALERU (VILL) KALERU(VILL) KAPILESWARAPURAM(MANDAL) EAST GODAVARI(DIST),533307,lalithaprasad2024[at]gmail[dot]com,https://kys.udiseplus.gov.in/#/schooldetail/4667451/12,4667451,23/01/2023 13:10,2480
******00904 Operational,,MPPS (MAIN) KANDULA PALEM,,,,Andhra Pradesh,1-Primary,33-MPP_ZPP SCHOOLS,1 To 5,3-Co-educational,1-Rural,Ramachandrapuram,Kandulapalem,,,KANDULA PALEM KANDULAPALEM (VILL) KANDULAPALEM(VILL) RAMACHANDRAPURAM(MANDAL) EAST GODAVARI(DIST),533262,mppskandulapalemmain1925[at]gmail[dot]com,https://kys.udiseplus.gov.in/#/schooldetail/4667236/12,4667236,15/10/2020 12:18,2480
******00901 Operational,,MPPS (MAIN) KATTUNGA,,,,Andhra Pradesh,1-Primary,33-MPP_ZPP SCHOOLS,1 To 5,3-Co-educational,1-Rural,Atreyapuram,Kattunga,,,1-118 KATTUNGA(VILL) ATREYAPURAM(MANDAL) EAST GODAVARI(DIST),533235,mppps901[at]gmail[dot]com,https://kys.udiseplus.gov.in/#/schooldetail/4667613/12,4667613,18/07/2022 13:32,2480
******00209 Operational,,MPPS (MAIN) KODURUPADU,,,,Andhra Pradesh,1-Primary,33-MPP_ZPP SCHOOLS,1 To 2,3-Co-educational,1-Rural,Allavaram,Allavaram,,,KODURUPADU ALLAVARAM KODURUPADU(VILL) ALLAVARAM(MANDAL) EAST GODAVARI(DIST),533218,mppskodurupadumain[at]gmail[dot]com,https://kys.udiseplus.gov.in/#/schooldetail/4668809/12,4668809,19/12/2025 10:43,2480
******01301 Operational,,MPPS (MAIN) KOMARAGIRIPATNAM,,,,Andhra Pradesh,1-Primary,33-MPP_ZPP SCHOOLS,1 To 5,3-Co-educational,1-Rural,Allavaram,Komaragiripatnam,,,KOMARAGIRIPATNAM KOMARAGIRIPATNAM KOMARAGIRIPATNAM(VILL) ALLAVARAM(MANDAL) EAST GODAVARI(DIST),533210,meo.allavaram1[at]gmail[dot]com,https://kys.udiseplus.gov.in/#/schooldetail/4668853/12,4668853,19/12/2025 10:54,2480
******00801 Operational,,MPPS (MAIN) KONDUKUDURU,,,,Andhra Pradesh,1-Primary,33-MPP_ZPP SCHOOLS,1 To 5,3-Co-educational,1-Rural,Ainavilli,Kondukuduru,,,(MAIN )KONDUKUDURU KONDUKUDURU KONDUKUDURU(VILL) AINAVILLI(MANDAL) EAST GODAVARI(DIST),533216,nandikollakrishna1974[at]gmail[dot]com,https://kys.udiseplus.gov.in/#/schooldetail/4668157/12,4668157,19/07/2022 11:54,2480
******01901 Operational,,MPPS (MAIN) KULLA,,,,Andhra Pradesh,1-Primary,33-MPP_ZPP SCHOOLS,1 To 2,3-Co-educational,1-Rural,NA,NA,,,KULLA(NEAR Z.P.H.SCHOOL) KULLA (VILL) KULLA(VILL) K.GANGAVARAM(MANDAL) EAST GODAVARI(DIST),533305,tekisrinivas80[at]gmail[dot]com,https://kys.udiseplus.gov.in/#/schooldetail/4667797/12,4667797,23/01/2023 12:58,2480
******00504 Operational,,MPPS (MAIN) KUNDURU,,,,Andhra Pradesh,1-Primary,33-MPP_ZPP SCHOOLS,1 To 5,3-Co-educational,1-Rural,NA,NA,,,KUNDURU KUNDURU (VILL) KUNDURU(VILL) K.GANGAVARAM(MANDAL) EAST GODAVARI(DIST),533262,mpppschoolkunduru28144500504[at]gmail[dot]com,https://kys.udiseplus.gov.in/#/schooldetail/4667758/12,4667758,23/06/2022 14:26,2480
******01002 Operational,,MPPS (MAIN) KURMAPURAM,,,,Andhra Pradesh,1-Primary,33-MPP_ZPP SCHOOLS,1 To 5,3-Co-educational,1-Rural,Rayavaram,Kurmapuram,,,KURMAPURAM KURMAPURAM (VILL) KURMAPURAM(VILL) RAYAVARAM(MANDAL) EAST GODAVARI(DIST),533255,mpppsmain.kurmapuram1[at]gmail[dot]com,https://kys.udiseplus.gov.in/#/schooldetail/4667436/12,4667436,15/10/2020 12:18,2480
******01302 Operational,,MPPS (MAIN) MACHARA,,,,Andhra Pradesh,1-Primary,33-MPP_ZPP SCHOOLS,1 To 5,3-Co-educational,1-Rural,Kapileswarapuram,Machara,,,MACHARA MACHARA (VILL) MACHARA(VILL) KAPILESWARAPURAM(MANDAL) EAST GODAVARI(DIST),533309,,https://kys.udiseplus.gov.in/#/schooldetail/4667490/12,4667490,15/10/2020 12:18,2480
******00601 Operational,,MPPS (MAIN) MACHAVARAM,,,,Andhra Pradesh,1-Primary,33-MPP_ZPP SCHOOLS,1 To 5,3-Co-educational,1-Rural,Rayavaram,Machavaram,,,"MACHAVARAM, RAYAVARAM MANDAL",533261,,https://kys.udiseplus.gov.in/#/schooldetail/4714913/12,4714913,11/04/2023 16:16,2480
******01405 Operational,,MPPS (MAIN) MERLAPALEM,,,,Andhra Pradesh,1-Primary,33-MPP_ZPP SCHOOLS,1 To 2,3-Co-educational,1-Rural,Atreyapuram,Merlapalem,,,1-219 MERLAPALEM MERLAPALEM (VILL) MERLAPALEM(VILL) ATREYAPURAM(MANDAL) EAST GODAVARI(DIST),533237,nirmalajyothi20[at]gmail[dot]com,https://kys.udiseplus.gov.in/#/schooldetail/4667636/12,4667636,11/03/2024 18:54,2480
******00502 Operational,,MPPS (MAIN) MODUKURU,,,,Andhra Pradesh,1-Primary,33-MPP_ZPP SCHOOLS,1 To 5,3-Co-educational,1-Rural,Alamuru,Modukuru,,,MODUKURU MODUKURU MODUKURU(VILL) ALAMURU(MANDAL) EAST GODAVARI(DIST),533232,misalamuru[at]gmail[dot]com,https://kys.udiseplus.gov.in/#/schooldetail/4667533/12,4667533,15/10/2020 12:18,2480
******01002 Operational,,MPPS (MAIN) NARKEDIMILLI,,,,Andhra Pradesh,1-Primary,33-MPP_ZPP SCHOOLS,1 To 5,3-Co-educational,1-Rural,Atreyapuram,Narkedimilli,,,NARKEDIMILLI NARKEDIMILLI NARKEDIMILLI(VILL) ATREYAPURAM(MANDAL) EAST GODAVARI(DIST),533236,mpppsmainnarkedimilli[at]1932gmail[dot]com,https://kys.udiseplus.gov.in/#/schooldetail/4667615/12,4667615,18/07/2022 13:34,2480
******00401 Operational,,MPPS (MAIN) NARSIPUDI,,,,Andhra Pradesh,1-Primary,33-MPP_ZPP SCHOOLS,1 To 5,3-Co-educational,1-Rural,Alamuru,Narsipudi,,,NARSIPUDI NARSIPUDI NARSIPUDI(VILL) ALAMURU(MANDAL) EAST GODAVARI(DIST),533232,misalamuru[at]gmail[dot]com,https://kys.udiseplus.gov.in/#/schooldetail/4667525/12,4667525,15/10/2020 12:18,2480
******00103 Operational,,MPPS (MAIN) NELATURU,,,,Andhra Pradesh,1-Primary,33-MPP_ZPP SCHOOLS,1 To 5,3-Co-educational,1-Rural,Kapileswarapuram,Nelaturu,,,NELATURU NELATURU (VILL) NELATURU(VILL) KAPILESWARAPURAM(MANDAL) EAST GODAVARI(DIST),533308,meo.kapileswarapuram[at]gmail[dot]com,https://kys.udiseplus.gov.in/#/schooldetail/4667440/12,4667440,15/10/2020 12:18,2480
******00801 Operational,,MPPS (MAIN) NIMMAKAYALAKOTHAPALLI,,,,Andhra Pradesh,1-Primary,33-MPP_ZPP SCHOOLS,1 To 5,3-Co-educational,1-Rural,Uppalaguptam,Nimmakayala Kothapalle,,,NIMMAKAYALAKOTHAPALLI NIMMAKAYALA KOTHAPALLI (VILL) NIMMAKAYALA KOTHAPALLI(VILL) UPPALAGUPTAM(MANDAL) EAST GODAVARI(DIST),533222,mpppsnkothapallimain[at]gmail[dot]com,https://kys.udiseplus.gov.in/#/schooldetail/4668549/12,4668549,07/01/2026 08:52,2480
******00405 Operational,,MPPS (MAIN) PALIVELA,,,,Andhra Pradesh,1-Primary,33-MPP_ZPP SCHOOLS,1 To 5,3-Co-educational,1-Rural,Kothapeta,Palivela,,,PALIVELA MAIN PALIVELA (VILL) PALIVELA(VILL) KOTHAPETA(MANDAL) EAST GODAVARI(DIST),533229,,https://kys.udiseplus.gov.in/#/schooldetail/4667873/12,4667873,16/06/2025 12:02,2480
******00201 Operational,,MPPS (MAIN) PAMARRU,,,,Andhra Pradesh,1-Primary,33-MPP_ZPP SCHOOLS,1 To 5,3-Co-educational,1-Rural,NA,NA,,,PAMARRU PAMARRU (VILL) PAMARRU(VILL) K.GANGAVARAM(MANDAL) EAST GODAVARI(DIST),533305,ovramana1970[at]gmail[dot]com,https://kys.udiseplus.gov.in/#/schooldetail/4667320/12,4667320,23/06/2022 14:05,2480
******00407 Operational,,MPPS (MAIN) PASALAPUDI,,,,Andhra Pradesh,1-Primary,33-MPP_ZPP SCHOOLS,1 To 5,3-Co-educational,1-Rural,Rayavaram,Pasalapudi,,,PASALAPUDI PASALAPUDI (VILL) PASALAPUDI(VILL) RAYAVARAM(MANDAL) EAST GODAVARI(DIST),533345,meo.arayavaram[at]gmail[dot]com,https://kys.udiseplus.gov.in/#/schooldetail/4667399/12,4667399,22/12/2025 20:01,2480
******00103 Operational,,MPPS (MAIN) PASUVULLANKA,,,,Andhra Pradesh,1-Primary,33-MPP_ZPP SCHOOLS,1 To 5,3-Co-educational,1-Rural,I. Polavaram,Pasuvullanka,,,PASUVULLANKA PASUVULLANKA (VILL) PASUVULLANKA(VILL) I.POLAVARAM(MANDAL) EAST GODAVARI(DIST),533220,dlamalapurapu86[at]gmail[dot]com,https://kys.udiseplus.gov.in/#/schooldetail/4668322/12,4668322,09/05/2022 18:10,2480
******00101 Operational,,MPPS (MAIN) PERAVARAM,,,,Andhra Pradesh,1-Primary,33-MPP_ZPP SCHOOLS,1 To 5,3-Co-educational,1-Rural,Atreyapuram,Peravaram,,,MAIN ROAD PERAVARAM PERAVARAM PERAVARAM(VILL) ATREYAPURAM(MANDAL) EAST GODAVARI(DIST),533235,,https://kys.udiseplus.gov.in/#/schooldetail/4667580/12,4667580,18/07/2022 13:01,2480
******00903 Operational,,MPPS (MAIN) P KHANDRIKA,,,,Andhra Pradesh,1-Primary,33-MPP_ZPP SCHOOLS,1 To 5,3-Co-educational,1-Rural,Kapileswarapuram,West Khandrika,,,PADAMARA KHANDRIKA PADAMARA KHANDRIKA (VILL) PADAMARA KHANDRIKA(VILL) KAPILESWARAPURAM(MANDAL) EAST GODAVARI(DIST),533307,padamarakandrikaschool[at]gmail[dot]com,https://kys.udiseplus.gov.in/#/schooldetail/4667469/12,4667469,15/10/2020 12:18,2480
******00201 Operational,,MPPS (MAIN) RAJAVARAM,,,,Andhra Pradesh,1-Primary,33-MPP_ZPP SCHOOLS,1 To 5,3-Co-educational,1-Rural,Atreyapuram,Rajavaram,,,SIVALAYAM STREET D NO-2-147 RAJAVARAM (VILL) RAJAVARAM(VILL) ATREYAPURAM(MANDAL) EAST GODAVARI(DIST),533235,mainrajavaram[at]gmail[dot]com,https://kys.udiseplus.gov.in/#/schooldetail/4667589/12,4667589,18/07/2022 13:03,2480
******01704 Operational,,MPPS (MAIN) RANGAPURAM,,,,Andhra Pradesh,1-Primary,33-MPP_ZPP SCHOOLS,1 To 5,3-Co-educational,1-Rural,Amalapuram,Samanasa,,,RANGAPURAM K V R ROAD SAMANASA VANNE CHINTALAPUDI(VILL) AMALAPURAM(MANDAL) EAST GODAVARI(DIST),533213,ashokkumargeddada[at]gmail[dot]com,https://kys.udiseplus.gov.in/#/schooldetail/4668232/12,4668232,21/12/2025 22:22,2480
******00209 Operational,,MPPS (MAIN) RAYAVARAM,,,,Andhra Pradesh,1-Primary,33-MPP_ZPP SCHOOLS,1 To 5,3-Co-educational,1-Rural,Rayavaram,Vedurupaka,,,RAYAVARAM VEDURUPAKA (VILL) VEDURUPAKA(VILL) RAYAVARM(MANDAL) EAST GODAVARI(DIST),533346,mpppsrayavarammain[at]gmail[dot]com,https://kys.udiseplus.gov.in/#/schooldetail/4667387/12,4667387,15/10/2020 12:18,2480
******01501 Operational,,MPPS (MAIN) RYALI,,,,Andhra Pradesh,1-Primary,33-MPP_ZPP SCHOOLS,1 To 2,3-Co-educational,1-Rural,Atreyapuram,Ryali,,,RYALI RYALI (VILL) RYALI(VILL) ATREYAPURAM(MANDAL) EAST GODAVARI(DIST),533236,mppfsmainryali[at]gmail[dot]com,https://kys.udiseplus.gov.in/#/schooldetail/4667639/12,4667639,22/09/2025 22:50,2480
******00601 Operational,,MPPS (MAIN) SIVALA,,,,Andhra Pradesh,1-Primary,33-MPP_ZPP SCHOOLS,1 To 5,3-Co-educational,1-Rural,NA,NA,,,SIVALA(SIVALAYAM) SIVALA (VILL) SIVALA(VILL) K.GANGAVARAM(MANDAL) EAST GODAVARI(DIST),533262,,https://kys.udiseplus.gov.in/#/schooldetail/4667762/12,4667762,23/06/2022 14:26,2480
******00501 Operational,,MPPS (MAIN) SOMESWARAM,,,,Andhra Pradesh,1-Primary,33-MPP_ZPP SCHOOLS,1 To 5,3-Co-educational,1-Rural,Rayavaram,Someswaram,,,SOMESWARAM SOMESWARAM (VILL) SOMESWARAM(VILL) RAYAVARAM(MANDAL) EAST GODAVARI(DIST),533261,seshamani.vadrevu[at]gmail[dot]com,https://kys.udiseplus.gov.in/#/schooldetail/4667403/12,4667403,17/06/2025 15:11,2480
******02101 Operational,,MPPS (MAIN) SUNDARAPALLI,,,,Andhra Pradesh,1-Primary,33-MPP_ZPP SCHOOLS,1 To 5,3-Co-educational,1-Rural,NA,NA,,,SUNDARAPALLI SUNDARAPALLI (VILL) SUNDARAPALLI(VILL) K.GANGAVARAM(MANDAL) EAST GODAVARI(DIST),533306,mpppschoolsundarapalli[at]gmail[dot]com,https://kys.udiseplus.gov.in/#/schooldetail/4667384/12,4667384,23/06/2022 14:38,2480
******00904 Operational,,MPPS (MAIN) TADIPUDI,,,,Andhra Pradesh,1-Primary,33-MPP_ZPP SCHOOLS,1 To 5,3-Co-educational,1-Rural,Atreyapuram,Kattunga,,,S.B.PALEM TADIPUDI KATTUNGA KATTUNGA(VILL) ATREYAPURAM(MANDAL) EAST GODAVARI(DIST),533235,mppsmaintadipudi2023[at]gmail[dot]com,https://kys.udiseplus.gov.in/#/schooldetail/4667188/12,4667188,18/07/2022 13:33,2480
******01002 Operational,,MPPS (MAIN) TEKI,,,,Andhra Pradesh,1-Primary,33-MPP_ZPP SCHOOLS,1 To 2,3-Co-educational,1-Rural,Kapileswarapuram,Teki,,,TEKI(VILL) KAPILESWARAPURAM(MANDAL) EAST GODAVARI(DIST),533307,gangadhardulipudi[at]gmail[dot]com,https://kys.udiseplus.gov.in/#/schooldetail/4667471/12,4667471,20/06/2025 12:58,2480
******01101 Operational,,MPPS (MAIN) THATAPUDI,,,,Andhra Pradesh,1-Primary,33-MPP_ZPP SCHOOLS,1 To 5,3-Co-educational,1-Rural,Kapileswarapuram,Thatapudi,,,THATAPUDI(MAIN ROAD) THATAPUDI (VILL) THATAPUDI(VILL) KAPILESWARAPURAM(MANDAL) EAST GODAVARI(DIST),533309,mahesh1982.pilla[at]gmail[dot]com,https://kys.udiseplus.gov.in/#/schooldetail/4667475/12,4667475,25/09/2024 14:15,2480
******01302 Operational,,MPPS (MAIN) VADAPALLE,,,,Andhra Pradesh,1-Primary,33-MPP_ZPP SCHOOLS,1 To 2,3-Co-educational,1-Rural,Atreyapuram,Vadapalle,,,VADAPALLI VADAPALLE (VILL) VADAPALLE(VILL) ATREYAPURAM(MANDAL) EAST GODAVARI(DIST),533237,mpppschool.main.vadapalli[at]gmail[dot]com,https://kys.udiseplus.gov.in/#/schooldetail/4667630/12,4667630,24/01/2023 18:55,2480
******00302 Operational,,MPPS (MAIN) VADDICHERUVU,,,,Andhra Pradesh,1-Primary,33-MPP_ZPP SCHOOLS,1 To 5,3-Co-educational,1-Rural,I. Polavaram,Patha Injaram,,,VADDICHERUVU PATHA INJARAM (VILL) PATHA INJARAM(VILL) I.POLAVARAM(MANDAL) EAST GODAVARI(DIST),533464,,https://kys.udiseplus.gov.in/#/schooldetail/4668335/12,4668335,16/06/2025 11:23,2480
******00401 Operational,,MPPS (MAIN) VADLAMURU,,,,Andhra Pradesh,1-Primary,33-MPP_ZPP SCHOOLS,1 To 5,3-Co-educational,1-Rural,Kapileswarapuram,Vadlamuru,,,VADLAMURU VADLAMURU (VILL) VADLAMURU(VILL) KAPILESWARAPURAM(MANDAL) EAST GODAVARI(DIST),533307,mppsmainvadlamuru[at]gmail[dot]com,https://kys.udiseplus.gov.in/#/schooldetail/4667448/12,4667448,15/10/2020 12:18,2480
******00202 Operational,,MPPS (MAIN) VALLURU,,,,Andhra Pradesh,1-Primary,33-MPP_ZPP SCHOOLS,1 To 5,3-Co-educational,1-Rural,Kapileswarapuram,Valluru,,,VALLURU VALLURU (VILL) VALLURU(VILL) KAPILESWARAPURAM(MANDAL) EAST GODAVARI(DIST),533308,mpppsmainvalluru[at]gmail[dot]com,https://kys.udiseplus.gov.in/#/schooldetail/4667442/12,4667442,15/10/2020 12:18,2480
******00904 Permanently Closed,,MPPS (MAIN) VANAPALLI,,,,Andhra Pradesh,1-Primary,33-MPP_ZPP SCHOOLS,1 To 5,3-Co-educational,1-Rural,Kothapeta,Vanapalle,,,NA,533228,,https://kys.udiseplus.gov.in/#/schooldetail/4714952/12,4714952,15/10/2020 12:18,2480
******00201 Operational,,MPPS (MAIN) VEDURUPAKA,,,,Andhra Pradesh,1-Primary,33-MPP_ZPP SCHOOLS,1 To 5,3-Co-educational,1-Rural,Rayavaram,Vedurupaka,,,Satyanarayana puram VEDURUPAKA (VILL) VEDURUPAKA(VILL) RAYAVARM(MANDAL) EAST GODAVARI(DIST),533345,mainvedurupakamppps[at]gmail[dot]com,https://kys.udiseplus.gov.in/#/schooldetail/4667376/12,4667376,17/06/2025 15:09,2480
******00823 Permanently Closed,,MPPS (MAIN) VEGIVARIPALEM,,,,Andhra Pradesh,1-Primary,33-MPP_ZPP SCHOOLS,1 To 5,3-Co-educational,1-Rural,Razole,Kadali,,,NA,533248,,https://kys.udiseplus.gov.in/#/schooldetail/4715037/12,4715037,15/10/2020 12:18,2480
******00301 Operational,,MPPS (MAIN) VELICHERU,,,,Andhra Pradesh,1-Primary,33-MPP_ZPP SCHOOLS,1 To 5,3-Co-educational,1-Rural,Atreyapuram,Valicheru,,,VELICHERU VALICHERU (VILL) VALICHERU(VILL) ATREYAPURAM(MANDAL) EAST GODAVARI(DIST),533235,,https://kys.udiseplus.gov.in/#/schooldetail/4667592/12,4667592,18/06/2025 10:13,2480
******02201 Operational,,MPPS (MAIN) VENKATAYAPALEM,,,,Andhra Pradesh,1-Primary,33-MPP_ZPP SCHOOLS,1 To 5,3-Co-educational,1-Rural,Ramachandrapuram,Venkatayapalem,,,VENKATAYAPALEM VENKATAYAPALEM (VILL) VENKATAYAPALEM(VILL) RAMACHANDRAPURAM(MANDAL) EAST GODAVARI(DIST),533262,mppsvenkatayapalem2201[at]gmail[dot]com,https://kys.udiseplus.gov.in/#/schooldetail/4667297/12,4667297,17/06/2025 22:12,2480
******00806 Operational,,MPPS (MAIN) VENTURU,,,,Andhra Pradesh,1-Primary,33-MPP_ZPP SCHOOLS,1 To 5,3-Co-educational,1-Rural,Rayavaram,Venturu,,,VENTURU VENTURU (VILL) VENTURU(VILL) RAYAVARAM(MANDAL) EAST GODAVARI(DIST),533255,mpppsmainventuru[at]gmail[dot]com,https://kys.udiseplus.gov.in/#/schooldetail/4667432/12,4667432,17/06/2025 16:23,2480
******01403 Operational,,MPPS (MAIN) VODALAREVU,,,,Andhra Pradesh,1-Primary,33-MPP_ZPP SCHOOLS,1 To 5,3-Co-educational,1-Rural,Allavaram,Bendamurulanka,,,VODALAREVU BENDAMURULANKA BENDAMURULANKA(VILL) ALLAVARAM(MANDAL) EAST GODAVARI(DIST),533210,,https://kys.udiseplus.gov.in/#/schooldetail/4668866/12,4668866,19/12/2025 11:01,2480
******01102 Operational,,MPPS MAKANAPALEM,,,,Andhra Pradesh,1-Primary,33-MPP_ZPP SCHOOLS,1 To 5,3-Co-educational,1-Rural,Mamidikuduru,Makanapalem,,,MAKANAPALEM MAKANAPALEM (VILL) MAKANAPALEM(VILL) MAMIDIKUDURU(MANDAL) EAST GODAVARI(DIST),533247,arunakumari.appari[at]gmail[dot]com,https://kys.udiseplus.gov.in/#/schooldetail/4668945/12,4668945,18/07/2022 16:27,2480
******00203 Operational,,MPPS MALA PADU,,,,Andhra Pradesh,1-Primary,33-MPP_ZPP SCHOOLS,1 To 5,3-Co-educational,1-Rural,Ramachandrapuram,Chodavaram,,,MALA PADU CHODAVARAM (VILL) CHODAVARAM(VILL) RAMACHANDRAPURAM(MANDAL) EAST GODAVARI(DIST),533255,sharmilabolloju[at]gmail[dot]com,https://kys.udiseplus.gov.in/#/schooldetail/4667219/12,4667219,15/10/2020 12:18,2480
******00719 Operational,,MPPS MALLAYYA PALEM,,,,Andhra Pradesh,1-Primary,33-MPP_ZPP SCHOOLS,1 To 5,3-Co-educational,2-Urban,NA,,Mummidivaram Ward No.12,Mummidivaram-Town Panchayat,MALLAYYA PALEM MUMMIDIVARAM (VILL) MUMMIDIVARAM(VILL) MUMMIDIVARAM(MANDAL) EAST GODAVARI(DIST),533216,,https://kys.udiseplus.gov.in/#/schooldetail/4667822/12,4667822,11/03/2024 19:02,2480
******01504 Operational,,MPPS MAMIDIGUNTA,,,,Andhra Pradesh,1-Primary,33-MPP_ZPP SCHOOLS,1 To 5,3-Co-educational,1-Rural,Ramachandrapuram,Velampalem,,,MAMIDIGUNTA VELAMPALEM (VILL) VELAMPALEM(VILL) RAMACHANDRAPURAM(MANDAL) EAST GODAVARI(DIST),533262,mppsmamidigunta[at]gmail[dot]com,https://kys.udiseplus.gov.in/#/schooldetail/4667251/12,4667251,15/10/2020 12:18,2480
******01101 Operational,,MPPS MAMIDITHOTA,,,,Andhra Pradesh,1-Primary,33-MPP_ZPP SCHOOLS,1 To 5,3-Co-educational,1-Rural,Amalapuram,Gunnapalle Agraharam,,,MAMIDITHOTA GUNNAPALLE AGRAHARAM GUNNAPALLE AGRAHARAM(VILL) AMALAPURAM(MANDAL) EAST GODAVARI(DIST),533214,Pbharatalaxmi[at]gmail[dot]com,https://kys.udiseplus.gov.in/#/schooldetail/4668663/12,4668663,20/12/2025 23:23,2480
******00101 Operational,,MPPS MANDAPALLI,,,,Andhra Pradesh,1-Primary,33-MPP_ZPP SCHOOLS,1 To 5,3-Co-educational,1-Rural,Kothapeta,Mandapalle,,,MANDAPALLI MANDAPALLI (VILL) MANDAPALLI(VILL) KOTHAPETA(MANDAL) EAST GODAVARI(DIST),533223,meo.kothapeta[at]gmail[dot]com,https://kys.udiseplus.gov.in/#/schooldetail/4667820/12,4667820,15/10/2020 12:18,2480
******01602 Operational,,MPPS MANDDAMMAPETA,,,,Andhra Pradesh,1-Primary,33-MPP_ZPP SCHOOLS,1 To 5,3-Co-educational,1-Rural,Ramachandrapuram,Draksharama,,,MANDALAMMAPETA DRAKSHARAMA (VILL) DRAKSHARAMA(VILL) RAMACHANDRAPURAM(MANDAL) EAST GODAVARI(DIST),533262,mpppsmandalmmapeta[at]gmail[dot]com,https://kys.udiseplus.gov.in/#/schooldetail/4667261/12,4667261,15/10/2020 12:18,2480
******01701 Operational,,MPPS MANEPALLI,,,,Andhra Pradesh,1-Primary,33-MPP_ZPP SCHOOLS,1 To 5,3-Co-educational,1-Rural,P.Gannavaram,Manepalle,,,MANEPALLE MANEPALLE (VILL) MANEPALLE(VILL) P.GANNAVARAM(MANDAL) EAST GODAVARI(DIST),533249,mpppsmanepalli[at]gmail[dot]com,https://kys.udiseplus.gov.in/#/schooldetail/4668029/12,4668029,18/07/2022 15:26,2480
******00205 Operational,,MPPS MANGAPALEM,,,,Andhra Pradesh,1-Primary,33-MPP_ZPP SCHOOLS,1 To 5,3-Co-educational,1-Rural,I. Polavaram,Komaragiri,,,MANGAPALEM KOMARAGIRI (VILL) KOMARAGIRI(VILL) I.POLAVARAM(MANDAL) EAST GODAVARI(DIST),533220,,https://kys.udiseplus.gov.in/#/schooldetail/4668331/12,4668331,09/05/2022 18:15,2480
******01009 Permanently Closed,,MPPS MANYAMPALEM,,,,Andhra Pradesh,1-Primary,33-MPP_ZPP SCHOOLS,1 To 5,3-Co-educational,1-Rural,I. Polavaram,Kesanakurru,,,NA,533220,,https://kys.udiseplus.gov.in/#/schooldetail/4714985/12,4714985,15/10/2020 12:18,2480
******00903 Operational,,MPPS MARLACHERUVU,,,,Andhra Pradesh,1-Primary,33-MPP_ZPP SCHOOLS,1 To 5,3-Co-educational,1-Rural,Katrenikona,Dontikurru,,,MARLACHERUVU DONTIKURRU (VILL) DONTIKURRU(VILL) KATRENIKONA(MANDAL) EAST GODAVARI(DIST),533212,mppsmarlacheruvu[at]gmail[dot]com,https://kys.udiseplus.gov.in/#/schooldetail/4668474/12,4668474,15/10/2020 12:18,2480
******00603 Operational,,MPPS MARLAPALEM,,,,Andhra Pradesh,1-Primary,33-MPP_ZPP SCHOOLS,1 To 5,3-Co-educational,1-Rural,Mummidivaram,Kothalanka,,,MARLAPALEM KOTHALANKA (VILL) KOTHALANKA(VILL) MUMMIDIVARAM(MANDAL) EAST GODAVARI(DIST),533216,,https://kys.udiseplus.gov.in/#/schooldetail/4668242/12,4668242,11/03/2024 18:54,2480
******00406 Operational,,MPPS MARRIGUNTA,,,,Andhra Pradesh,1-Primary,33-MPP_ZPP SCHOOLS,1 To 2,3-Co-educational,1-Rural,P.Gannavaram,Narendrapuram,,,MARRIGUNTA NARENDRAPURAM (VILL) NARENDRAPURAM(VILL) P.GANNAVARAM(MANDAL) EAST GODAVARI(DIST),533229,marrigunta406[at]gmail[dot]com,https://kys.udiseplus.gov.in/#/schooldetail/4667962/12,4667962,25/01/2023 19:16,2480
******00606 Operational,,MPPS MARRIPOLAM,,,,Andhra Pradesh,1-Primary,33-MPP_ZPP SCHOOLS,1 To 5,3-Co-educational,1-Rural,Mummidivaram,Kothalanka,,,MARRIPOLAM KOTHALANKA (VILL) KOTHALANKA(VILL) MUMMIDIVARAM(MANDAL) EAST GODAVARI(DIST),533216,,https://kys.udiseplus.gov.in/#/schooldetail/4668245/12,4668245,11/03/2024 18:56,2480
******00705 Operational,,MPPS MASAI PETA,,,,Andhra Pradesh,1-Primary,33-MPP_ZPP SCHOOLS,1 To 5,3-Co-educational,1-Rural,Kothapeta,Billa Kurru,,,MASAI PETA BILLA KURRU (VILL) BILLA KURRU(VILL) KOTHAPETA(MANDAL) EAST GODAVARI(DIST),533228,,https://kys.udiseplus.gov.in/#/schooldetail/4667901/12,4667901,15/10/2020 12:18,2480
******02406 Operational,,MPPS MASAKAPALLI,,,,Andhra Pradesh,1-Primary,33-MPP_ZPP SCHOOLS,1 To 5,3-Co-educational,1-Rural,NA,NA,,,MASAKAPALLI MASAKAPALLI (VILL) MASAKAPALLI(VILL) K.GANGAVARAM(MANDAL) EAST GODAVARI(DIST),533263,mpupsmasakapalli[at]gmail[dot]com,https://kys.udiseplus.gov.in/#/schooldetail/4667819/12,4667819,25/06/2025 10:22,2480
******01301 Closed,Closed,MPPS MASANI THIPPA,,,,Andhra Pradesh,1-Primary,33-MPP_ZPP SCHOOLS,1 To 5,3-Co-educational,1-Rural,Katrenikona,Brahmasamedyam,,,MAGASANI THIPPA BRAHMASAMEDHYAM (VILL) BRAHMASAMEDHYAM(VILL) KATRENIKONA(MANDAL) EAST GODAVARI(DIST),533212,,https://kys.udiseplus.gov.in/#/schooldetail/4668510/12,4668510,15/10/2020 12:18,2480
******00904 Operational,,MPPS MATHAVARIPETA,,,,Andhra Pradesh,1-Primary,33-MPP_ZPP SCHOOLS,1 To 5,3-Co-educational,1-Rural,P.Gannavaram,Munganda,,,MATHAVARIPETA MUNGANDA (VILL) MUNGANDA(VILL) P.GANNAVARAM(MANDAL) EAST GODAVARI(DIST),533214,mathavaripetampps[at]gmail[dot]com,https://kys.udiseplus.gov.in/#/schooldetail/4668006/12,4668006,18/07/2022 15:20,2480
******01309 Operational,,MPPS MATLA CHERUVU,,,,Andhra Pradesh,1-Primary,33-MPP_ZPP SCHOOLS,1 To 5,3-Co-educational,1-Rural,Uppalaguptam,T. Challapalle,,,MATLA CHERUVU T. CHALLAPALLE (VILL) T. CHALLAPALLE(VILL) UPPALAGUPTAM(MANDAL) EAST GODAVARI(DIST),533213,mppsmatlacheruvu[at]gmail[dot]com,https://kys.udiseplus.gov.in/#/schooldetail/4668597/12,4668597,07/01/2026 09:01,2480
******00702 Operational,,MPPS MATTADI PALEM,,,,Andhra Pradesh,1-Primary,33-MPP_ZPP SCHOOLS,1 To 5,3-Co-educational,2-Urban,NA,,Mummidivaram Ward No.20,Mummidivaram-Town Panchayat,MATTADI PALEM MUMMIDIVARAM (VILL) MUMMIDIVARAM(VILL) MUMMIDIVARAM(MANDAL) EAST GODAVARI(DIST),533216,,https://kys.udiseplus.gov.in/#/schooldetail/4668253/12,4668253,11/03/2024 18:58,2480
******00603 Operational,,MPPS MATTALADODDI,,,,Andhra Pradesh,1-Primary,33-MPP_ZPP SCHOOLS,1 To 5,3-Co-educational,1-Rural,Ravulapalem,Devarapalle,,,MATTALADODDI DEVARAPALLI (VILL) DEVARAPALLI(VILL) RAVULAPALEM(MANDAL) EAST GODAVARI(DIST),533223,mppsmatladoddi[at]gmail[dot]com,https://kys.udiseplus.gov.in/#/schooldetail/4667716/12,4667716,15/10/2020 12:18,2480
******00904 Operational,,MPPS MATTAPARTHI VARI PALEM,,,,Andhra Pradesh,1-Primary,33-MPP_ZPP SCHOOLS,1 To 5,3-Co-educational,1-Rural,Mummidivaram,Ananthavaram,,,MATTAPARTHI VARI PALLEM ANANTHAVARAM (VILL) ANANTHAVARAM(VILL) MUMMIDIVARAM(MANDAL) EAST GODAVARI(DIST),533222,srinubabu6421[at]gmail[dot]com,https://kys.udiseplus.gov.in/#/schooldetail/4668296/12,4668296,15/10/2020 12:18,2480
******00811 Operational,,MPPS (MC) GANGALAKURRU,,,,Andhra Pradesh,1-Primary,33-MPP_ZPP SCHOOLS,1 To 2,3-Co-educational,1-Rural,Ambajipeta,Gangalakurru,,,METLA COLONY GANGALAKURRU GANGALAKURRU(VILL) AMBAJIPETA(MANDAL) EAST GODAVARI(DIST),533221,mcgangalakurru[at]gmail[dot]com,https://kys.udiseplus.gov.in/#/schooldetail/4668089/12,4668089,23/12/2025 17:10,2480
******00706 Operational,,MPPS (MC) JANUPALLI,,,,Andhra Pradesh,1-Primary,33-MPP_ZPP SCHOOLS,1 To 5,3-Co-educational,1-Rural,Amalapuram,Janupalle,,,JANUPALLE(MANNA COLONY) JANUPALLE JANUPALLE(VILL) AMALAPURAM(MANDAL) EAST GODAVARI(DIST),533577,sdkr.m2011[at]gmail[dot]com,https://kys.udiseplus.gov.in/#/schooldetail/4668649/12,4668649,20/12/2025 22:02,2480
******00202 Operational,,MPPS (MC) MARRIPETA,,,,Andhra Pradesh,1-Primary,33-MPP_ZPP SCHOOLS,1 To 2,3-Co-educational,1-Rural,Malikipuram,Gudimellanka,,,MORICANAL(MARRIPETA) GUDIMELLANKA (VILL) GUDIMELLANKA(VILL) MALIKIPURAM(MANDAL) EAST GODAVARI(DIST),533253,mpppsmarripetamc[at]gmail[dot]com,https://kys.udiseplus.gov.in/#/schooldetail/4669064/12,4669064,21/06/2025 16:09,2480
******01201 Operational,,MPPS (MC) NANDAMPUDI,,,,Andhra Pradesh,1-Primary,33-MPP_ZPP SCHOOLS,1 To 5,3-Co-educational,1-Rural,Ambajipeta,Nandampudi,,,AMMAVARITHOTA MUHURTHALA CHERUVU NANDAMPUDI(VILL) AMBAJIPETA(MANDAL) EAST GODAVARI(DIST),533214,mpppsmuhurthalacheruvu[at]gmail[dot]com,https://kys.udiseplus.gov.in/#/schooldetail/4668117/12,4668117,23/12/2025 17:19,2480
******00705 Operational,,MPPS MENDUPALEM,,,,Andhra Pradesh,1-Primary,33-MPP_ZPP SCHOOLS,1 To 5,3-Co-educational,1-Rural,Sakhinetipalle,Kesavadasupalem,,,MENDUPALEM KESAVADASUPALEM (VILL) KESAVADASUPALEM(VILL) SAKHINETIPALLI(MANDAL) EAST GODAVARI(DIST),533252,,https://kys.udiseplus.gov.in/#/schooldetail/4669246/12,4669246,15/10/2020 12:18,2480
******00609 Operational,,MPPS MENDUVARIPETA,,,,Andhra Pradesh,1-Primary,33-MPP_ZPP SCHOOLS,1 To 5,3-Co-educational,1-Rural,Amalapuram,Kamanagaruvu,,,MENDUVARIPETA AMALAPURAM KAMANAGARUVU(VILL) AMALAPURAM(MANDAL) EAST GODAVARI(DIST),533201,vakapallisujatha70[at]gmail[dot]com,https://kys.udiseplus.gov.in/#/schooldetail/4668644/12,4668644,20/12/2025 15:51,2480
******01211 Operational,,MPPS MERAKAPALEM,,,,Andhra Pradesh,1-Primary,33-MPP_ZPP SCHOOLS,1 To 5,3-Co-educational,1-Rural,Razole,Mulikipalle,,,PONNAMANDA PONNAMANDA(VILL) PONNAMANDA(VILL) RAZOLE(MANDAL) EAST GODAVARI(DIST),533248,kattakanakavani[at]gmail[dot]com,https://kys.udiseplus.gov.in/#/schooldetail/4669052/12,4669052,15/10/2020 12:18,2480
******01005 Permanently Closed,,MPPS MERAKAPETA,,,,Andhra Pradesh,1-Primary,33-MPP_ZPP SCHOOLS,1 To 5,3-Co-educational,1-Rural,Ambajipeta,Isukapudi,,,NA,533214,,https://kys.udiseplus.gov.in/#/schooldetail/4714960/12,4714960,15/10/2020 12:18,2480
******00601 Operational,,MPPS MERNIPADU,,,,Andhra Pradesh,1-Primary,33-MPP_ZPP SCHOOLS,1 To 5,3-Co-educational,1-Rural,Mandapeta,Meruipadu,,,MERNIPADU MERNIPADU (VILL) MERNIPADU(VILL) MANDAPETA(MANDAL) EAST GODAVARI(DIST),533126,durgamanikusu[at]gmail[dot]com,https://kys.udiseplus.gov.in/#/schooldetail/4666649/12,4666649,22/12/2025 11:42,2480
******00303 Closed,Closed,MPPS METAKODAPA,,,,Andhra Pradesh,1-Primary,33-MPP_ZPP SCHOOLS,1 To 2,3-Co-educational,1-Rural,Sakhinetipalle,Rameswaram,,,METAKODAPA RAMESWARAM (VILL) RAMESWARAM(VILL) SAKHINETIPALLI(MANDAL) EAST GODAVARI(DIST),533251,,https://kys.udiseplus.gov.in/#/schooldetail/4650398/12,4650398,07/08/2025 09:59,2480
******00103 Operational,,MPPS (MG0 APPANARAMUNI LANKA,,,,Andhra Pradesh,1-Primary,33-MPP_ZPP SCHOOLS,1 To 2,3-Co-educational,1-Rural,Sakhinetipalle,Appanaramuni Lanka,,,MADYA GROUP APPANARAMUNI LANKA (VILL) APPANARAMUNI LANKA(VILL) SAKHINETIPALLI(MANDAL) EAST GODAVARI(DIST),533252,meo.sakhinetipalli[at]gmail[dot]com,https://kys.udiseplus.gov.in/#/schooldetail/4669173/12,4669173,20/06/2025 22:45,2480
******00519 Operational,,MPPS (MG) ANTARVEDI PALEM,,,,Andhra Pradesh,1-Primary,33-MPP_ZPP SCHOOLS,1 To 5,3-Co-educational,1-Rural,Sakhinetipalle,Antarvedipalem,,,MADHYA GROUP ANTARVEDIPALEM (VILL) ANTARVEDIPALEM(VILL) SAKHINETIPALLI(MANDAL) EAST GODAVARI(DIST),533252,mppsmadhyagroupantervedipalem[at]gmail[dot]com,https://kys.udiseplus.gov.in/#/schooldetail/4669229/12,4669229,17/06/2025 22:00,2480
******01109 Operational,,MPPS (MG) CHINTALAMORI,,,,Andhra Pradesh,1-Primary,33-MPP_ZPP SCHOOLS,1 To 2,3-Co-educational,1-Rural,Malikipuram,Sankaraguptham,,,CHINTALAMORI(MADHYA GROUP) SANKARAGUPTHAM (VILL) SANKARAGUPTHAM(VILL) MALIKIPURAM(MANDAL) EAST GODAVARI(DIST),533250,meo.malikipuram[at]gmail[dot]com,https://kys.udiseplus.gov.in/#/schooldetail/4669161/12,4669161,25/01/2023 16:55,2480
******00403 Operational,,MPPS MG GUDIMULA,,,,Andhra Pradesh,1-Primary,33-MPP_ZPP SCHOOLS,1 To 5,3-Co-educational,1-Rural,Sakhinetipalle,Gudimula Kandrika,,,GUDIMULA GUDIMULA (VILL) GUDIMULA (VILL) SAKHINETIPALLI(MANDAL) EAST GODAVARI(DIST),533251,durgaraomanyam9292[at]gmail[dot]com,https://kys.udiseplus.gov.in/#/schooldetail/4669212/12,4669212,11/03/2024 18:25,2480
******00704 Operational,,MPPS (MGN) CHELLURU,,,,Andhra Pradesh,1-Primary,33-MPP_ZPP SCHOOLS,1 To 2,3-Co-educational,1-Rural,Rayavaram,Chelluru,,,M G NAGAR CHELLURU (VILL) CHELLURU(VILL) RAYAVARAM(MANDAL) EAST GODAVARI(DIST),533261,,https://kys.udiseplus.gov.in/#/schooldetail/4667426/12,4667426,21/06/2025 17:01,2480
******01106 Operational,,MPPS MILATARY PETA,,,,Andhra Pradesh,1-Primary,33-MPP_ZPP SCHOOLS,1 To 5,3-Co-educational,1-Rural,Katrenikona,Kandikuppa,,,MILATRY PET KANDIKUPPA (VILL) KANDIKUPPA(VILL) KATRENIKONA(MANDAL) EAST GODAVARI(DIST),533212,meo.katrenikona52[at]Gmail[dot]com,https://kys.udiseplus.gov.in/#/schooldetail/4668485/12,4668485,11/03/2024 19:12,2480
******00704 Operational,,MPPS (MLP) NAGARAM,,,,Andhra Pradesh,1-Primary,33-MPP_ZPP SCHOOLS,1 To 5,3-Co-educational,1-Rural,Mamidikuduru,Nagaram,,,MALLAYAPALEM NAGARAM (VILL) NAGARAM(VILL) MAMIDIKUDURU(MANDAL) EAST GODAVARI(DIST),533247,,https://kys.udiseplus.gov.in/#/schooldetail/4668920/12,4668920,18/07/2022 16:16,2480
******00311 Operational,,MPPS (MM) KOTHAPETA,,,,Andhra Pradesh,1-Primary,33-MPP_ZPP SCHOOLS,1 To 5,3-Co-educational,1-Rural,Kothapeta,Kothapeta,,,MADDULAMERAKA KOTHAPETA (VILL) KOTHAPETA(VILL) KOTHAPETA(MANDAL) EAST GODAVARI(DIST),533223,,https://kys.udiseplus.gov.in/#/schooldetail/4667414/12,4667414,15/10/2020 12:18,2480
******01002 Operational,,MPPS (MN) MODEKURRU,,,,Andhra Pradesh,1-Primary,33-MPP_ZPP SCHOOLS,1 To 5,3-Co-educational,1-Rural,Kothapeta,Modekurru,,,MAHALAXMI NAGAR MODEKURRU (VILL) MODEKURRU(VILL) KOTHAPETA(MANDAL) EAST GODAVARI(DIST),533229,sriramkrishna78[at]gmail[dot]com,https://kys.udiseplus.gov.in/#/schooldetail/4667930/12,4667930,15/10/2020 12:18,2480
******01001 Operational,,MPPS MODEKURRU,,,,Andhra Pradesh,1-Primary,33-MPP_ZPP SCHOOLS,1 To 5,3-Co-educational,1-Rural,Kothapeta,Modekurru,,,MODEKURRU MODEKURRU (VILL) MODEKURRU(VILL) KOTHAPETA(MANDAL) EAST GODAVARI(DIST),533229,,https://kys.udiseplus.gov.in/#/schooldetail/4667929/12,4667929,15/10/2020 12:18,2480
******00803 Operational,,MPPS MOGALIKUDURU,,,,Andhra Pradesh,1-Primary,33-MPP_ZPP SCHOOLS,1 To 5,3-Co-educational,1-Rural,Mamidikuduru,Mogalikuduru,,,MOGALIKUDURU MOGALIKUDURU (VILL) MOGALIKUDURU(VILL) MAMIDIKUDURU(MANDAL) EAST GODAVARI(DIST),533247,mppps803[at]gmail[dot]com,https://kys.udiseplus.gov.in/#/schooldetail/4668932/12,4668932,16/06/2025 15:26,2480
******00901 Closed,Closed,MPPS MOGALLAMURU,,,,Andhra Pradesh,1-Primary,33-MPP_ZPP SCHOOLS,1 To 5,3-Co-educational,1-Rural,Allavaram,Mogallamuru,,,MOGALLAMURU MOGALLAMURU MOGALLAMURU(VILL) ALLAVARAM(MANDAL) EAST GODAVARI(DIST),533210,sujanacanady[at]gmail[dot]com,https://kys.udiseplus.gov.in/#/schooldetail/4668829/12,4668829,04/01/2024 13:35,2480
******01206 Operational,,MPPS MOKKALA THIPPA,,,,Andhra Pradesh,1-Primary,33-MPP_ZPP SCHOOLS,1 To 5,3-Co-educational,1-Rural,Katrenikona,Pallamkurru,,,MOKKALA THIPPA PALLAMKURRU (VILL) PALLAMKURRU(VILL) KATRENIKONA(MANDAL) EAST GODAVARI(DIST),533212,sowbhagyakondeti[at]gmail[dot]com,https://kys.udiseplus.gov.in/#/schooldetail/4668496/12,4668496,15/10/2020 12:18,2480
******01207 Operational,,MPPS MOLLETI MOGA,,,,Andhra Pradesh,1-Primary,33-MPP_ZPP SCHOOLS,1 To 5,3-Co-educational,1-Rural,Katrenikona,Pallamkurru,,,MOLLETI MOGA PALLAMKURRU (VILL) PALLAMKURRU(VILL) KATRENIKONA(MANDAL) EAST GODAVARI(DIST),533212,meo.katrenikona52[at]gmail[dot]com,https://kys.udiseplus.gov.in/#/schooldetail/4668497/12,4668497,15/10/2020 12:18,2480
******00209 Operational,,MPPS MOLLI OF THANELANKA,,,,Andhra Pradesh,1-Primary,33-MPP_ZPP SCHOOLS,1 To 5,3-Co-educational,1-Rural,Mummidivaram,Tanelanka,,,MOLLI TANELANKA (VILL) TANELANKA(VILL) MUMMIDIVARAM(MANDAL) EAST GODAVARI(DIST),533216,,https://kys.udiseplus.gov.in/#/schooldetail/4668220/12,4668220,15/10/2020 12:18,2480
******00502 Operational,,MPPS MOLLIPALLEM,,,,Andhra Pradesh,1-Primary,33-MPP_ZPP SCHOOLS,1 To 5,3-Co-educational,1-Rural,Allavaram,Yentrikona,,,MOLLIPALLEM YENTRIKONA YENTRIKONA(VILL) ALLAVARAM(MANDAL) EAST GODAVARI(DIST),533217,meo.allavaram1[at]gmail[dot]com,https://kys.udiseplus.gov.in/#/schooldetail/4668819/12,4668819,19/12/2025 10:46,2480
******00302 Operational,,MPPS MOLLIVARIPETA,,,,Andhra Pradesh,1-Primary,33-MPP_ZPP SCHOOLS,1 To 2,3-Co-educational,1-Rural,Mummidivaram,Komanapalle,,,KOMANAPALLE(MALLIVARIPETA) KOMANAPALLE (VILL) KOMANAPALLE(VILL) MUMMIDIVARAM(MANDAL) EAST GODAVARI(DIST),533216,nbalakrishna7578[at]gmail[dot]com,https://kys.udiseplus.gov.in/#/schooldetail/4668226/12,4668226,20/06/2025 13:36,2480
******01503 Operational,,MPPS MONDEPU LANKA,,,,Andhra Pradesh,1-Primary,33-MPP_ZPP SCHOOLS,1 To 5,3-Co-educational,1-Rural,P.Gannavaram,Mondepu Lanka,,,MONDEPU LANKA MONDEPU LANKA (VILL) MONDEPU LANKA(VILL) P.GANNAVARAM(MANDAL) EAST GODAVARI(DIST),533240,mpppsmondepulanka503[at]gmail[dot]com,https://kys.udiseplus.gov.in/#/schooldetail/4668021/12,4668021,18/07/2022 15:24,2480
******00105 Operational,,MPPS MONDI,,,,Andhra Pradesh,1-Primary,33-MPP_ZPP SCHOOLS,1 To 5,3-Co-educational,1-Rural,I. Polavaram,Pasuvullanka,,,MONDI PASUVULLANKA (VILL) PASUVULLANKA(VILL) I.POLAVARAM(MANDAL) EAST GODAVARI(DIST),533220,,https://kys.udiseplus.gov.in/#/schooldetail/4650061/12,4650061,09/05/2022 18:11,2480
******00205 Operational,,MPPS MOOLAPODU,,,,Andhra Pradesh,1-Primary,33-MPP_ZPP SCHOOLS,1 To 5,3-Co-educational,1-Rural,Malikipuram,Gudimellanka,,,MOOLAPODU GUDIMELLANKA (VILL) GUDIMELLANKA(VILL) MALIKIPURAM(MANDAL) EAST GODAVARI(DIST),533253,mpppsmoolapodu205[at]gmail[dot]com,https://kys.udiseplus.gov.in/#/schooldetail/4669066/12,4669066,11/03/2024 18:08,2480
******02405 Operational,,MPPS MOOLAPOLAM,,,,Andhra Pradesh,1-Primary,33-MPP_ZPP SCHOOLS,1 To 5,3-Co-educational,1-Rural,NA,NA,,,"MOOLAPOLAM, K.GANGAVARAM MANDAL",533263,meokgangavaram[at]gmail[dot]com,https://kys.udiseplus.gov.in/#/schooldetail/4714947/12,4714947,11/04/2023 16:06,2480
******00702 Operational,,MPPS MOSALIPALLI,,,,Andhra Pradesh,1-Primary,33-MPP_ZPP SCHOOLS,1 To 5,3-Co-educational,1-Rural,Ambajipeta,Mosalipalle,,,MOSALIPALLI MOSALIPALLI MOSALIPALLI(VILL) AMBAJIPETA(MANDAL) EAST GODAVARI(DIST),533239,,https://kys.udiseplus.gov.in/#/schooldetail/4668079/12,4668079,23/12/2025 17:07,2480
******01503 Operational,,MPPS MOTHAVARIPETA,,,,Andhra Pradesh,1-Primary,33-MPP_ZPP SCHOOLS,1 To 5,3-Co-educational,1-Rural,Kapileswarapuram,Addankivari Lanka,,,MOTHAVARIPETA KORUMILLI (VILL) KORUMILLI(VILL) KAPILESWARAPURAM(MANDAL) EAST GODAVARI(DIST),533228,,https://kys.udiseplus.gov.in/#/schooldetail/4667499/12,4667499,15/10/2020 12:18,2480
******01403 Operational,,MPPS (MP) ADURRU,,,,Andhra Pradesh,1-Primary,33-MPP_ZPP SCHOOLS,1 To 5,3-Co-educational,1-Rural,Mamidikuduru,Adurru,,,MORIPALEM ADURRU (VILL) ADURRU(VILL) MAMIDIKUDURU(MANDAL) EAST GODAVARI(DIST),533247,mallikarjunguntu[at]gmail[dot]com,https://kys.udiseplus.gov.in/#/schooldetail/4668957/12,4668957,18/07/2022 16:37,2480
******01406 Operational,,MPPS (MP) BENDAMURLANKA,,,,Andhra Pradesh,1-Primary,33-MPP_ZPP SCHOOLS,1 To 5,3-Co-educational,1-Rural,Allavaram,Bendamurulanka,,,BENDAMURLANKA(MARKET PLACE) BENDAMURULANKA BENDAMURULANKA(VILL) ALLAVARAM(MANDAL) EAST GODAVARI(DIST),533210,meo.allavaram1[at]gmail[dot]com,https://kys.udiseplus.gov.in/#/schooldetail/4668869/12,4668869,19/12/2025 11:02,2480
******00201 Operational,,MPPS (MRC) NADIPUDI,,,,Andhra Pradesh,1-Primary,33-MPP_ZPP SCHOOLS,1 To 5,3-Co-educational,1-Rural,Amalapuram,Nadipudi,,,NADIPUDI(M R COLONY) NADIPUDI NADIPUDI(VILL) AMALAPURAM(MANDAL) EAST GODAVARI(DIST),533221,mpppsmrcolony06[at]gmail[dot]com,https://kys.udiseplus.gov.in/#/schooldetail/4668619/12,4668619,20/12/2025 11:28,2480
******00102 Operational,,MPPS (MR) GANTI PEDAPUDI,,,,Andhra Pradesh,1-Primary,33-MPP_ZPP SCHOOLS,1 To 5,3-Co-educational,1-Rural,P.Gannavaram,Ganti Pedapudi,,,S.C. COLONY GANTI PEDAPUDI (VILL) GANTI PEDAPUDI(VILL) P.GANNAVARAM(MANDAL) EAST GODAVARI(DIST),533274,gantipedapudimr[at]gmail[dot]com,https://kys.udiseplus.gov.in/#/schooldetail/4667941/12,4667941,18/07/2022 14:39,2480
******01602 Operational,,MPPS (MR) MAGATAPALE,,,,Andhra Pradesh,1-Primary,33-MPP_ZPP SCHOOLS,1 To 2,3-Co-educational,1-Rural,Mamidikuduru,Magatapalle,,,MAGATAPALLE(MAIN ROAD) MAGATAPALLE (VILL) MAGATAPALLE(VILL) MAMIDIKUDURU(MANDAL) EAST GODAVARI(DIST),533248,pvenkateswararao700[at]gmail[dot]com,https://kys.udiseplus.gov.in/#/schooldetail/4668962/12,4668962,25/01/2023 18:31,2480
******00701 Operational,,MPPS (MR) NAGARAM,,,,Andhra Pradesh,1-Primary,33-MPP_ZPP SCHOOLS,1 To 5,3-Co-educational,1-Rural,Mamidikuduru,Nagaram,,,NAGARAM(MAIN ROAD) NAGARAM (VILL) NAGARAM(VILL) MAMIDIKUDURU(MANDAL) EAST GODAVARI(DIST),533247,,https://kys.udiseplus.gov.in/#/schooldetail/4668917/12,4668917,16/06/2025 15:25,2480
******00705 Operational,,MPPS (MS) NAGARAM,,,,Andhra Pradesh,1-Primary,33-MPP_ZPP SCHOOLS,1 To 2,3-Co-educational,1-Rural,Mamidikuduru,Nagaram,,,NAGARAM(MUSLIM STREET) NAGARAM (VILL) NAGARAM(VILL) MAMIDIKUDURU(MANDAL) EAST GODAVARI(DIST),533247,roohigoodboy[at]gmail[dot]com,https://kys.udiseplus.gov.in/#/schooldetail/4668921/12,4668921,25/01/2023 18:25,2480
******00403 Operational,,MPPS MSN RAO COLONY,,,,Andhra Pradesh,1-Primary,33-MPP_ZPP SCHOOLS,1 To 5,3-Co-educational,1-Rural,Ainavilli,Veluvalapalle,,,M S N RAO COLONY VELUVALAPALLE VELUVALAPALLE(VILL) AINAVILLI(MANDAL) EAST GODAVARI(DIST),533211,jagadeesh5561[at]gmail[dot]com,https://kys.udiseplus.gov.in/#/schooldetail/4668137/12,4668137,19/07/2022 11:41,2480
******00202 Operational,,MPPS (MS) VADAPALEM,,,,Andhra Pradesh,1-Primary,33-MPP_ZPP SCHOOLS,1 To 2,3-Co-educational,1-Rural,Kothapeta,Vadapalem,,,VADAPALEM(MARKET STREET) VADAPALEM (VILL) VADAPALEM(VILL) KOTHAPETA(MANDAL) EAST GODAVARI(DIST),533223,meo.kothapeta[at]gmail[dot]com,https://kys.udiseplus.gov.in/#/schooldetail/4667832/12,4667832,25/01/2023 16:22,2480
******00203 Operational,,MPPS (MT) ALLAVARAM,,,,Andhra Pradesh,1-Primary,33-MPP_ZPP SCHOOLS,1 To 5,3-Co-educational,1-Rural,Allavaram,Allavaram,,,ALLAVARAM ALLAVARAM ALLAVARAM(VILL) ALLAVARAM(MANDAL) EAST GODAVARI(DIST),533217,meo.allavaram1[at]gmail[dot]com,https://kys.udiseplus.gov.in/#/schooldetail/4668801/12,4668801,19/12/2025 10:42,2480
******00505 Operational,,MPPS (MTKG) ANTARVEDI PALEM,,,,Andhra Pradesh,1-Primary,33-MPP_ZPP SCHOOLS,1 To 5,3-Co-educational,1-Rural,Sakhinetipalle,Antarvedipalem,,,M T C GATTU ANTARVEDIPALEM (VILL) ANTARVEDIPALEM(VILL) SAKHINETIPALLI(MANDAL) EAST GODAVARI(DIST),533252,ramasuryakantham1122[at]gmail[dot]com,https://kys.udiseplus.gov.in/#/schooldetail/4669216/12,4669216,15/10/2020 12:18,2480
******00202 Operational,,MPPS (MT) MADIKI,,,,Andhra Pradesh,1-Primary,33-MPP_ZPP SCHOOLS,1 To 5,3-Co-educational,1-Rural,Alamuru,Madiki,,,MALLAVANI THOTA MADIKI MADIKI(VILL) ALAMURU(MANDAL) EAST GODAVARI(DIST),533126,mpppsmvthota[at]gmail[dot]com,https://kys.udiseplus.gov.in/#/schooldetail/4667510/12,4667510,15/10/2020 12:18,2480
******00601 Operational,,MPPS (MT) MORI,,,,Andhra Pradesh,1-Primary,33-MPP_ZPP SCHOOLS,1 To 5,3-Co-educational,1-Rural,Sakhinetipalle,Mori,,,MORI MORI (VILL) MORI(VILL) SAKHINETIPALLI(MANDAL) EAST GODAVARI(DIST),533250,ssrnagarjuna[at]gmail[dot]com,https://kys.udiseplus.gov.in/#/schooldetail/4669232/12,4669232,17/06/2025 22:01,2480
******01502 Operational,,MPPS MUCHERUVU,,,,Andhra Pradesh,1-Primary,33-MPP_ZPP SCHOOLS,1 To 5,3-Co-educational,1-Rural,Ramachandrapuram,Velampalem,,,MUCHERUVU VELAMPALEM (VILL) VELAMPALEM(VILL) RAMACHANDRAPURAM(MANDAL) EAST GODAVARI(DIST),533262,mpppsmucheruvu[at]gmail[dot]com,https://kys.udiseplus.gov.in/#/schooldetail/4667250/12,4667250,11/03/2024 18:52,2480
******00301 Operational,,MPPS MUKKAMALA,,,,Andhra Pradesh,1-Primary,33-MPP_ZPP SCHOOLS,1 To 5,3-Co-educational,1-Rural,Ambajipeta,Mukkamala,,,MUKKAMALA MUKKAMALA MUKKAMALA(VILL) AMBAJIPETA(MANDAL) EAST GODAVARI(DIST),533241,meo.ambajipeta[at]gmail[dot]com,https://kys.udiseplus.gov.in/#/schooldetail/4668050/12,4668050,23/12/2025 17:03,2480
******01001 Operational,,MPPS MUKTESWARAM,,,,Andhra Pradesh,1-Primary,33-MPP_ZPP SCHOOLS,1 To 2,3-Co-educational,1-Rural,Ainavilli,Totharamudi,,,MUKTESWARAM TOTHARAMUDI TOTHARAMUDI(VILL) AINAVILLI(MANDAL) EAST GODAVARI(DIST),533211,knrkudupudi[at]gmail[dot]com,https://kys.udiseplus.gov.in/#/schooldetail/4668163/12,4668163,24/01/2023 13:12,2480
******00814 Operational,,MPPS MULA GONDI,,,,Andhra Pradesh,1-Primary,33-MPP_ZPP SCHOOLS,1 To 5,3-Co-educational,1-Rural,Sakhinetipalle,Antarvedi,,,GONDI ANTARVEDI (VILL) ANTARVEDI(VILL) SAKHINETIPALLI(MANDAL) EAST GODAVARI(DIST),533251,,https://kys.udiseplus.gov.in/#/schooldetail/4669263/12,4669263,11/03/2024 18:12,2480
******00703 Operational,,MPPS MULAPALEM,,,,Andhra Pradesh,1-Primary,33-MPP_ZPP SCHOOLS,1 To 2,3-Co-educational,1-Rural,Ainavilli,Sanapalli Lanka,,,MULAPALEM SANAPALLI LANKA SANAPALLI LANKA(VILL) AINAVILLI(MANDAL) EAST GODAVARI(DIST),533211,mpppssmoolapolam[at]gmail[dot]com,https://kys.udiseplus.gov.in/#/schooldetail/4668150/12,4668150,24/01/2023 14:46,2480
******00804 Operational,,MPPS MULASTHANA AGRAHARAM,,,,Andhra Pradesh,1-Primary,33-MPP_ZPP SCHOOLS,1 To 5,3-Co-educational,1-Rural,Alamuru,Mulastana Agraharam,,,MULASTANAM(NEAR WATER TANK) JONNADA JONNADA(VILL) ALAMURU(MANDAL) EAST GODAVARI(DIST),533233,bvsn.vijaya[at]gmail[dot]com,https://kys.udiseplus.gov.in/#/schooldetail/4667116/12,4667116,10/05/2022 06:43,2480
******00803 Operational,,MPPS MULATIREVU,,,,Andhra Pradesh,1-Primary,33-MPP_ZPP SCHOOLS,1 To 5,3-Co-educational,1-Rural,Alamuru,Jonnada,,,MULATIREVU JONNADA JONNADA(VILL) ALAMURU(MANDAL) EAST GODAVARI(DIST),533233,misalamuru[at]gmail[dot]com,https://kys.udiseplus.gov.in/#/schooldetail/4667115/12,4667115,15/10/2020 12:18,2480
******01103 Operational,,MPPS MULIKIPALLE,,,,Andhra Pradesh,1-Primary,33-MPP_ZPP SCHOOLS,1 To 5,3-Co-educational,1-Rural,Razole,Mulikipalle,,,MULIKIPALLE MULIKIPALLE(VILL) MULIKIPALLE(VILL) RAZOLE(MANDAL) EAST GODAVARI(DIST),533248,,https://kys.udiseplus.gov.in/#/schooldetail/4669046/12,4669046,27/01/2023 14:02,2480
******00901 Operational,,MPPS MUNGANDA,,,,Andhra Pradesh,1-Primary,33-MPP_ZPP SCHOOLS,1 To 5,3-Co-educational,1-Rural,P.Gannavaram,Munganda,,,MUNGANDA (NEAR Z P H S ) MUNGANDA (VILL) MUNGANDA(VILL) P.GANNAVARAM(MANDAL) EAST GODAVARI(DIST),533240,daseeridurga[at]gmail[dot]com,https://kys.udiseplus.gov.in/#/schooldetail/4668003/12,4668003,17/06/2025 21:51,2480
******01001 Operational,,MPPS MUNGANDAPALEM,,,,Andhra Pradesh,1-Primary,33-MPP_ZPP SCHOOLS,1 To 5,3-Co-educational,1-Rural,P.Gannavaram,Mungandapalem,,,MUNGANDAPALEM MUNGANDAPALEM (VILL) MUNGANDAPALEM(VILL) P.GANNAVARAM(MANDAL) EAST GODAVARI(DIST),533240,mppsmungandapalem[at]gmail[dot]com,https://kys.udiseplus.gov.in/#/schooldetail/4668010/12,4668010,11/03/2024 19:00,2480
******01602 Operational,,MPPS MUNGANDAVARI PETA,,,,Andhra Pradesh,1-Primary,33-MPP_ZPP SCHOOLS,1 To 5,3-Co-educational,1-Rural,Amalapuram,Vanne Chintalapudi,,,MUNGANDAVARIETA VANNE CHINTALAPUDI VANNE CHINTALAPUDI(VILL) AMALAPURAM(MANDAL) EAST GODAVARI(DIST),533213,pskumari71[at]gmail[dot]com,https://kys.udiseplus.gov.in/#/schooldetail/4668685/12,4668685,21/12/2025 22:16,2480
******00905 Operational,,MPPS MUNIKOTIVARI PALEM,,,,Andhra Pradesh,1-Primary,33-MPP_ZPP SCHOOLS,1 To 5,3-Co-educational,1-Rural,Mummidivaram,Ananthavaram,,,MUNIKOTIVARI PALEM ANANTHAVARAM (VILL) ANANTHAVARAM(VILL) MUMMIDIVARAM(MANDAL) EAST GODAVARI(DIST),533222,illabalamani08[at]gmail[dot]com,https://kys.udiseplus.gov.in/#/schooldetail/4668297/12,4668297,15/10/2020 12:18,2480
******01201 Operational,,MPPS MUNJAVARAM,,,,Andhra Pradesh,1-Primary,33-MPP_ZPP SCHOOLS,1 To 5,3-Co-educational,1-Rural,P.Gannavaram,Munjavaram,,,MUNJAVARAM MUNJAVARAM (VILL) MUNJAVARAM(VILL) P.GANNAVARAM(MANDAL) EAST GODAVARI(DIST),533214,bsnevergood[at]gmail[dot]com,https://kys.udiseplus.gov.in/#/schooldetail/4668015/12,4668015,18/07/2022 15:22,2480
******01003 Operational,,MPPS MUNJAVARAPUKOTTU,,,,Andhra Pradesh,1-Primary,33-MPP_ZPP SCHOOLS,1 To 5,3-Co-educational,1-Rural,P.Gannavaram,Mungandapalem,,,MUNJAVARAPUKOTTU MUNGANDAPALEM (VILL) MUNGANDAPALEM(VILL) P.GANNAVARAM(MANDAL) EAST GODAVARI(DIST),533214,sita.srihitha[at]gmail[dot]com,https://kys.udiseplus.gov.in/#/schooldetail/4668012/12,4668012,17/06/2025 21:52,2480
******00610 Operational,,MPPS MUPPARTIVARIPALEM,,,,Andhra Pradesh,1-Primary,33-MPP_ZPP SCHOOLS,1 To 2,3-Co-educational,1-Rural,Sakhinetipalle,Mori,,,MUPPARTIVARIPALEM MORI (VILL) MORI(VILL) SAKHINETIPALLI(MANDAL) EAST GODAVARI(DIST),533250,mppsmvpalem610[at]gmail[dot]com,https://kys.udiseplus.gov.in/#/schooldetail/4669240/12,4669240,24/01/2023 12:25,2480
******00901 Operational,,MPPS MURAMALLA,,,,Andhra Pradesh,1-Primary,33-MPP_ZPP SCHOOLS,1 To 2,3-Co-educational,1-Rural,I. Polavaram,Muramalla,,,MURAMALLA MURAMALLA (VILL) MURAMALLA(VILL) IPOLAVARAM(MANDAL) EAST GODAVARI(DIST),533220,mpps.muramalla[at]gmail[dot]com,https://kys.udiseplus.gov.in/#/schooldetail/4668390/12,4668390,25/01/2023 11:06,2480
******00804 Closed,Closed,MPPS MURRAOPETA,,,,Andhra Pradesh,1-Primary,33-MPP_ZPP SCHOOLS,1 To 2,3-Co-educational,1-Rural,Ravulapalem,Podagatlapalle,,,MURRAOPETA PODAGATLAPALLI (VILL) PODAGATLAPALLI(VILL) RAVULAPALEM(MANDAL) EAST GODAVARI(DIST),533236,mppsmurraopeta[at]gmail[dot]com,https://kys.udiseplus.gov.in/#/schooldetail/4667729/12,4667729,07/08/2025 09:59,2480
******00805 Operational,,MPPS MUSHINIVARIPALEM,,,,Andhra Pradesh,1-Primary,33-MPP_ZPP SCHOOLS,1 To 5,3-Co-educational,1-Rural,Ambajipeta,Gangalakurru,,,MUSHINI VARI PALEM GANGALAKURRU GANGALAKURRU(VILL) AMBAJIPETA(MANDAL) EAST GODAVARI(DIST),533221,mpppsmushinivaripalem[at]gmail[dot]com,https://kys.udiseplus.gov.in/#/schooldetail/4668083/12,4668083,23/12/2025 17:08,2480
******01702 Operational,,MPPS MUTYALAPALEM,,,,Andhra Pradesh,1-Primary,33-MPP_ZPP SCHOOLS,1 To 5,3-Co-educational,1-Rural,Mamidikuduru,Gogannamattam,,,MUTYALA PALEM GOGANNAMATTAM (VILL) GOGANNAMATTAM(VILL) MAMIDIKUDURU(MANDAL) EAST GODAVARI(DIST),533248,kadalivvsatyanarayanamurthy[at]gmail[dot]com,https://kys.udiseplus.gov.in/#/schooldetail/4668967/12,4668967,18/07/2022 16:41,2480
******01009 Operational,,MPPS (MVG) TOORPUPALEM,,,,Andhra Pradesh,1-Primary,33-MPP_ZPP SCHOOLS,1 To 5,3-Co-educational,1-Rural,Malikipuram,Kesanapalle,,,MUTYAIAVARI GROUP KESANAPALLE (VILL) KESANAPALLE(VILL) MALIKIPURAM(MANDAL) EAST GODAVARI(DIST),533244,,https://kys.udiseplus.gov.in/#/schooldetail/4669142/12,4669142,15/10/2020 12:18,2480
******00702 Operational,,MPPS (MVM) NAGARAM,,,,Andhra Pradesh,1-Primary,33-MPP_ZPP SCHOOLS,1 To 5,3-Co-educational,1-Rural,Mamidikuduru,Nagaram,,,M V MERAKA NAGARAM (VILL) NAGARAM(VILL) MAMIDIKUDURU(MANDAL) EAST GODAVARI(DIST),533247,m.sivaramakrishna2045[at]gmail[dot]com,https://kys.udiseplus.gov.in/#/schooldetail/4668918/12,4668918,18/07/2022 16:15,2480
******00603 Operational,,MPPS MV P0DU,,,,Andhra Pradesh,1-Primary,33-MPP_ZPP SCHOOLS,1 To 5,3-Co-educational,1-Rural,Malikipuram,Lakkavaram,,,MUDUNURI VARI P0DU LAKKAVARAM (VILL) LAKKAVARAM(VILL) MALIKIPURAM(MANDAL) EAST GODAVARI(DIST),533254,mppsmvpodu[at]gmail[dot]com,https://kys.udiseplus.gov.in/#/schooldetail/4669105/12,4669105,11/03/2024 18:17,2480
******01101 Operational,,MPPS (MVP) MULIKIPALLI,,,,Andhra Pradesh,1-Primary,33-MPP_ZPP SCHOOLS,1 To 5,3-Co-educational,1-Rural,Razole,Mulikipalle,,,M V PALEM MULIKIPALLE (VILL) MULIKIPALLE(VILL) RAZOLE(MANDAL) EAST GODAVARI(DIST),533248,,https://kys.udiseplus.gov.in/#/schooldetail/4669044/12,4669044,15/10/2020 12:18,2480
******01101 Operational,,MPPS (N0.1) ARTHAMURU,,,,Andhra Pradesh,1-Primary,33-MPP_ZPP SCHOOLS,1 To 5,3-Co-educational,1-Rural,Mandapeta,Arthamuru,,,ARTHAMURU ARTHAMURU (VILL) ARTHAMURU(VILL) MANDAPETA(MANDAL) EAST GODAVARI(DIST),533340,,https://kys.udiseplus.gov.in/#/schooldetail/4666674/12,4666674,31/12/2025 16:44,2480
******01101 Operational,,MPPS (N0.1) KUNAVARAM,,,,Andhra Pradesh,1-Primary,33-MPP_ZPP SCHOOLS,1 To 5,3-Co-educational,1-Rural,Uppalaguptam,Kunavaram,,,KUNAVARAM KUNAVARAM (VILL) KUNAVARAM(VILL) UPPALAGUPTAM(MANDAL) EAST GODAVARI(DIST),533213,knaveenkumar[at]apschooledu[dot]in,https://kys.udiseplus.gov.in/#/schooldetail/4668580/12,4668580,07/01/2026 08:58,2480
******01102 Operational,,MPPS (N0.2) ARTHAMURU,,,,Andhra Pradesh,1-Primary,33-MPP_ZPP SCHOOLS,1 To 2,3-Co-educational,1-Rural,Mandapeta,Arthamuru,,,DNO 1-181/5 ARTHAMURU ARTHAMURU (VILL) ARTHAMURU(VILL) MANDAPETA(MANDAL) EAST GODAVARI(DIST),533340,BonuKusuma[at]gmail[dot]com,https://kys.udiseplus.gov.in/#/schooldetail/4666675/12,4666675,31/12/2025 16:31,2480
******00502 Operational,,MPPS (N0.2) BELLAMPUDI,,,,Andhra Pradesh,1-Primary,33-MPP_ZPP SCHOOLS,1 To 2,3-Co-educational,1-Rural,P.Gannavaram,Bellampudi,,,MADIGAPETA BELLAMPUDI (VILL) BELLAMPUDI(VILL) P.GANNAVARAM(MANDAL) EAST GODAVARI(DIST),533240,mpppsmdpeta[at]gmail[dot]com,https://kys.udiseplus.gov.in/#/schooldetail/4667971/12,4667971,25/01/2023 19:19,2480
******01102 Operational,,MPPS (N0.2) KUNAVARAM,,,,Andhra Pradesh,1-Primary,33-MPP_ZPP SCHOOLS,1 To 5,3-Co-educational,1-Rural,Uppalaguptam,Kunavaram,,,K HARIJANAPETA KUNAVARAM (VILL) KUNAVARAM(VILL) UPPALAGUPTAM(MANDAL) EAST GODAVARI(DIST),533213,ramaramesh212005[at]gamil[dot]com,https://kys.udiseplus.gov.in/#/schooldetail/4668581/12,4668581,07/01/2026 08:59,2480
******01202 Operational,,MPPS (N0.2) MUNJAVARAM,,,,Andhra Pradesh,1-Primary,33-MPP_ZPP SCHOOLS,1 To 5,3-Co-educational,1-Rural,P.Gannavaram,Munjavaram,,,S.B. PALEM MUNJAVARAM (VILL) MUNJAVARAM(VILL) P.GANNAVARAM(MANDAL) EAST GODAVARI(DIST),533214,mppsmunjavaramsb[at]gmail[dot]com,https://kys.udiseplus.gov.in/#/schooldetail/4668016/12,4668016,18/07/2022 15:22,2480
******00402 Operational,,MPPS (N0.2) NARENDRAPURAM,,,,Andhra Pradesh,1-Primary,33-MPP_ZPP SCHOOLS,1 To 5,3-Co-educational,1-Rural,P.Gannavaram,Narendrapuram,,,PEDAPALEM NARENDRAPURAM (VILL) NARENDRAPURAM(VILL) P.GANNAVARAM(MANDAL) EAST GODAVARI(DIST),533229,balaji.illa9963[at]gmail[dot]com,https://kys.udiseplus.gov.in/#/schooldetail/4667958/12,4667958,25/09/2024 15:06,2480
******00803 Operational,,MPPS (N0.3) PALATHODU,,,,Andhra Pradesh,1-Primary,33-MPP_ZPP SCHOOLS,1 To 5,3-Co-educational,1-Rural,Mandapeta,Palathodu,,,PALATHODU PALATHODU (VILL) PALATHODU(VILL) MANDAPETA(MANDAL) EAST GODAVARI(DIST),533340,manupudiramakrishna[at]gmail[dot]com,https://kys.udiseplus.gov.in/#/schooldetail/4666656/12,4666656,24/12/2025 11:10,2480
******00202 Operational,,MPPS NADIMILANKA,,,,Andhra Pradesh,1-Primary,33-MPP_ZPP SCHOOLS,1 To 5,3-Co-educational,1-Rural,Ainavilli,Veeravallipalem,,,NADIMILANKA VEERAVALLIPALEM VEERAVALLIPALEM(VILL) AINAVILLI(MANDAL) EAST GODAVARI(DIST),533211,mis.ainavilli[at]gmail[dot]com,https://kys.udiseplus.gov.in/#/schooldetail/4668127/12,4668127,18/07/2022 14:12,2480
******00203 Operational,,MPPS NADIPUDI,,,,Andhra Pradesh,1-Primary,33-MPP_ZPP SCHOOLS,1 To 5,3-Co-educational,1-Rural,Amalapuram,Nadipudi,,,NADIPUDI NADIPUDI NADIPUDI(VILL) AMALAPURAM(MANDAL) EAST GODAVARI(DIST),533221,amruthaevergood[at]gmail[dot]com,https://kys.udiseplus.gov.in/#/schooldetail/4668620/12,4668620,20/12/2025 22:55,2480
******00301 Operational,,MPPS NADURUBADA,,,,Andhra Pradesh,1-Primary,33-MPP_ZPP SCHOOLS,1 To 5,3-Co-educational,1-Rural,Rayavaram,Nadurubada,,,NADURUBADA NADURUBADA(VILL) NADURUBADA(VILL) RAYAVARAM(MANDAL) EAST GODAVARI(DIST),533255,mpupsnadurubada[at]gmail[dot]com,https://kys.udiseplus.gov.in/#/schooldetail/4667363/12,4667363,17/06/2025 17:11,2480
******01105 Operational,,MPPS NAGABATHULAVARIPALEM,,,,Andhra Pradesh,1-Primary,33-MPP_ZPP SCHOOLS,1 To 5,3-Co-educational,1-Rural,Ambajipeta,Machavaram,,,NAGABATHULAVARIPALEM MACHAVARAM(U) (VILL) MACHAVARAM(U)(VILL) AMBAJIPETA(MANDAL) EAST GODAVARI(DIST),533214,mpppsnbpalem[at]gmail[dot]com,https://kys.udiseplus.gov.in/#/schooldetail/4668103/12,4668103,23/12/2025 17:15,2480
******00606 Operational,,MPPS NAGAPATNAM,,,,Andhra Pradesh,1-Primary,33-MPP_ZPP SCHOOLS,1 To 5,3-Co-educational,1-Rural,Katrenikona,Katrenikona,,,NAGAPATNAM KATRENIKONA (VILL) KATRENIKONA(VILL) KATRENIKONA(MANDAL) EAST GODAVARI(DIST),533212,meo.katrenikona52[at]gmail[dot]com,https://kys.udiseplus.gov.in/#/schooldetail/4668441/12,4668441,11/03/2024 19:10,2480
******00501 Operational,,MPPS NAGICHERUVU,,,,Andhra Pradesh,1-Primary,33-MPP_ZPP SCHOOLS,1 To 5,3-Co-educational,1-Rural,Katrenikona,Uppudi,,,NAGICHERUVU UPPUDI (VILL) UPPUDI(VILL) KATRENIKONA(MANDAL) EAST GODAVARI(DIST),533212,,https://kys.udiseplus.gov.in/#/schooldetail/4668438/12,4668438,11/03/2024 19:09,2480
******01402 Operational,,MPPS NAGULACHERUVU,,,,Andhra Pradesh,1-Primary,33-MPP_ZPP SCHOOLS,1 To 5,3-Co-educational,1-Rural,Kapileswarapuram,Nagula Cheruvu,,,NAGULACHERUVU VAKATIPPA (VILL) VAKATIPPA(VILL) KAPILESWARAPURAM(MANDAL) EAST GODAVARI(DIST),533305,mppsnagulacheruvu[at]gmail[dot]com,https://kys.udiseplus.gov.in/#/schooldetail/4667495/12,4667495,15/10/2020 12:18,2480
******01705 Operational,,MPPS NAGULLANKA,,,,Andhra Pradesh,1-Primary,33-MPP_ZPP SCHOOLS,1 To 5,3-Co-educational,1-Rural,P.Gannavaram,Manepalle,,,NAGULLANKA(NEAR ZPH SCHOOL) MANEPALLE (VILL) MANEPALLE(VILL) P.GANNAVARAM(MANDAL) EAST GODAVARI(DIST),533249,mpppsnagullanka[at]gmail[dot]com,https://kys.udiseplus.gov.in/#/schooldetail/4668033/12,4668033,17/06/2025 21:55,2480
******00606 Operational,,MPPS NAKKAVARI PETA,,,,Andhra Pradesh,1-Primary,33-MPP_ZPP SCHOOLS,1 To 5,3-Co-educational,1-Rural,Ravulapalem,Devarapalle,,,NAKKAVARI PETA DEVARAPALLI (VILL) DEVARAPALLI(VILL) RAVULAPALEM(MANDAL) EAST GODAVARI(DIST),533223,,https://kys.udiseplus.gov.in/#/schooldetail/4667288/12,4667288,15/10/2020 12:18,2480
******90204 Operational,,MPPS NAKKAVARI PETA,,,,Andhra Pradesh,1-Primary,33-MPP_ZPP SCHOOLS,1 To 5,3-Co-educational,1-Rural,Amalapuram,Bandarulanka,,,NAKKAVARI PETA BANDARULANKA BANDARULANKA(VILL) AMALAPURAM(MANDAL) EAST GODAVARI(DIST),533221,Venkatamuralikrishanakasani[at]gmail[dot]com,https://kys.udiseplus.gov.in/#/schooldetail/4668752/12,4668752,21/12/2025 22:56,2480
******01309 Operational,,MPPS NALLA CHEREVU,,,,Andhra Pradesh,1-Primary,33-MPP_ZPP SCHOOLS,1 To 5,3-Co-educational,1-Rural,Ainavilli,Nedunuru,,,NALLA CHEREVU(DANDUPUNTHA) NEDUNURU NEDUNURU(VILL) AINAVILLI(MANDAL) EAST GODAVARI(DIST),533241,garagagangadrirao[at]gmail[dot]com,https://kys.udiseplus.gov.in/#/schooldetail/4668185/12,4668185,19/07/2022 12:17,2480
******01301 Operational,,MPPS NALLACHERUVU PUNTA,,,,Andhra Pradesh,1-Primary,33-MPP_ZPP SCHOOLS,1 To 5,3-Co-educational,1-Rural,NA,NA,,,NALLACHERUVU PEKERU (VILL) PEKERU(VILL) K.GANGAVARAM(MANDAL) EAST GODAVARI(DIST),533263,,https://kys.udiseplus.gov.in/#/schooldetail/4667775/12,4667775,23/06/2022 14:29,2480
******00301 Operational,,MPPS NALLAMILLI,,,,Andhra Pradesh,1-Primary,33-MPP_ZPP SCHOOLS,1 To 5,3-Co-educational,1-Rural,Amalapuram,Nallamilli,,,NALLAMILLI (VILLAGE) AMALAPURAM(MANDAL) DR.B.R.AMBEDKAR KONASEEMA(DIST),533577,,https://kys.udiseplus.gov.in/#/schooldetail/4668623/12,4668623,20/12/2025 22:56,2480
******00703 Operational,,MPPS NALLAVARI PETA,,,,Andhra Pradesh,1-Primary,33-MPP_ZPP SCHOOLS,1 To 5,3-Co-educational,1-Rural,Kothapeta,Billa Kurru,,,4-137-2 NALLAVARI PETA BILLA KURRU (VILL) BILLA KURRU(VILL) KOTHAPETA(MANDAL) EAST GODAVARI(DIST),533228,mpppsnallavaripeta[at]gmail[dot]com,https://kys.udiseplus.gov.in/#/schooldetail/4667899/12,4667899,15/10/2020 12:18,2480
******00811 Permanently Closed,,MPPS NALLAVARI PETA,,,,Andhra Pradesh,1-Primary,33-MPP_ZPP SCHOOLS,1 To 5,3-Co-educational,1-Rural,Uppalaguptam,Nimmakayala Kothapalle,,,NA,533222,,https://kys.udiseplus.gov.in/#/schooldetail/4714992/12,4714992,15/10/2020 12:18,2480
******01001 Operational,,MPPS NALLAVARIPETA,,,,Andhra Pradesh,1-Primary,33-MPP_ZPP SCHOOLS,1 To 5,3-Co-educational,1-Rural,Mummidivaram,Ch. Gunnepalle,,,NALLAVARIPETA CH. GUNNEPALLE (VILL) CH. GUNNEPALLE(VILL) MUMMIDIVARAM(MANDAL) EAST GODAVARI(DIST),533222,kmanikyamba115[at]gmail[dot]com,https://kys.udiseplus.gov.in/#/schooldetail/4668303/12,4668303,15/10/2020 12:18,2480
******01102 Operational,,MPPS NALLGUNTA,,,,Andhra Pradesh,1-Primary,33-MPP_ZPP SCHOOLS,1 To 5,3-Co-educational,1-Rural,Allavaram,Devaguptam,,,NALLGUNTA DEVAGUPTAM DEVAGUPTAM(VILL) ALLAVARAM(MANDAL) EAST GODAVARI(DIST),533217,,https://kys.udiseplus.gov.in/#/schooldetail/4668836/12,4668836,19/12/2025 10:51,2480
******00601 Operational,,MPPS NALLURU,,,,Andhra Pradesh,1-Primary,33-MPP_ZPP SCHOOLS,1 To 5,3-Co-educational,1-Rural,Kapileswarapuram,Nalluru,,,NALLURU NALLURU (VILL) NALLURU(VILL) KAPILESWARAPURAM(MANDAL) EAST GODAVARI(DIST),533307,mppsnalluru601[at]gmail[dot]com,https://kys.udiseplus.gov.in/#/schooldetail/4667455/12,4667455,15/10/2020 12:18,2480
******00402 Operational,,MPPS NAMALAVARI PALEM,,,,Andhra Pradesh,1-Primary,33-MPP_ZPP SCHOOLS,1 To 5,3-Co-educational,1-Rural,Amalapuram,A. Vemavaram,,,NAMALAVARI PALEM A. VEMAVARAM A. VEMAVARAM(VILL) AMALAPURAM(MANDAL) EAST GODAVARI(DIST),533577,meo.amalapuram1[at]gmail[dot]com,https://kys.udiseplus.gov.in/#/schooldetail/4668627/12,4668627,20/12/2025 22:53,2480
******01202 Operational,,MPPS NANDAMPUDI,,,,Andhra Pradesh,1-Primary,33-MPP_ZPP SCHOOLS,1 To 5,3-Co-educational,1-Rural,Ambajipeta,Nandampudi,,,NANDAMPUDI NANDAMPUDI NANDAMPUDI(VILL) AMBAJIPETA(MANDAL) EAST GODAVARI(DIST)533214,533214,mppsnandampudi[at]gmail[dot]com,https://kys.udiseplus.gov.in/#/schooldetail/4713549/12,4713549,23/12/2025 17:20,2480
******00905 Operational,,MPPS NANDEPUVARIPALEM,,,,Andhra Pradesh,1-Primary,33-MPP_ZPP SCHOOLS,1 To 5,3-Co-educational,1-Rural,Ambajipeta,K. Pedapudi,,,NANDEPUVARIPALEM K. PEDAPUDI K. PEDAPUDI(VILL) AMBAJIPETA(MANDAL) EAST GODAVARI(DIST),533239,mpppsnandepuvaripalem[at]gmail[dot]com,https://kys.udiseplus.gov.in/#/schooldetail/4667660/12,4667660,23/12/2025 17:11,2480
******00802 Closed,Closed,MPPS NANDULAVRI MERAKA,,,,Andhra Pradesh,1-Primary,33-MPP_ZPP SCHOOLS,1 To 2,3-Co-educational,1-Rural,I. Polavaram,I. Polavaram,,,NANDULAVARIMERKA I. POLAVARAM (VILL) I. POLAVARAM(VILL) I.POLAVARAM(MANDAL) EAST GODAVARI(DIST),533220,sivaprassadipolavaram[at]gmail[dot]com,https://kys.udiseplus.gov.in/#/schooldetail/4668379/12,4668379,07/08/2025 10:00,2480
******00404 Operational,,MPPS NARALAVARIPALEM,,,,Andhra Pradesh,1-Primary,33-MPP_ZPP SCHOOLS,1 To 5,3-Co-educational,1-Rural,Rayavaram,Pasalapudi,,,NARALAVARIPALEM PASALAPUDI (VILL) PASALAPUDI(VILL) RAYAVARAM(MANDAL) EAST GODAVARI(DIST),533261,,https://kys.udiseplus.gov.in/#/schooldetail/4666982/12,4666982,15/10/2020 12:18,2480
******00803 Operational,,MPPS NARASANNAPETA,,,,Andhra Pradesh,1-Primary,33-MPP_ZPP SCHOOLS,1 To 5,3-Co-educational,1-Rural,Atreyapuram,Atreyapuram,,,NARASANNAPETA ATREYAPURAM ATREYAPURAM(VILL) ATREYAPURAM(MANDAL) EAST GODAVARI(DIST),533235,,https://kys.udiseplus.gov.in/#/schooldetail/4667606/12,4667606,18/07/2022 13:27,2480
******00401 Operational,,MPPS NARASAPURAPUPETA,,,,Andhra Pradesh,1-Primary,33-MPP_ZPP SCHOOLS,1 To 5,3-Co-educational,1-Rural,Ramachandrapuram,Narasapurapupeta,,,NARASAPURAPUPETA NARASAPURAPUPETA (VILL) NARASAPURAPUPETA(VILL) RAMACHANDRAPURAM(MANDAL) EAST GODAVARI(DIST),533255,mps3900401[at]gmail[dot]com,https://kys.udiseplus.gov.in/#/schooldetail/4667226/12,4667226,17/06/2025 22:08,2480
******00911 Operational,,MPPS NARAYANA LANKA,,,,Andhra Pradesh,1-Primary,33-MPP_ZPP SCHOOLS,1 To 5,3-Co-educational,1-Rural,Kothapeta,Vanapalle,,,NARAYANA LANKA VANAPALLI (VILL) VANAPALLI(VILL) KOTHAPETA(MANDAL) EAST GODAVARI(DIST),533228,mpppsnarayanalanka[at]gmail[dot]com,https://kys.udiseplus.gov.in/#/schooldetail/4667918/12,4667918,15/10/2020 12:18,2480
******00905 Operational,,MPPS NARAYANA PURAM,,,,Andhra Pradesh,1-Primary,33-MPP_ZPP SCHOOLS,1 To 5,3-Co-educational,1-Rural,Kothapeta,Vanapalle,,,NARAYANA PURAM VANAPALLI (VILL) VANAPALLI(VILL) KOTHAPETA(MANDAL) EAST GODAVARI(DIST),533228,mpppsnarayanapuram[at]gmail[dot]com,https://kys.udiseplus.gov.in/#/schooldetail/4667912/12,4667912,15/10/2020 12:18,2480
******01905 Operational,,MPPS NARAZADA,,,,Andhra Pradesh,1-Primary,33-MPP_ZPP SCHOOLS,1 To 5,3-Co-educational,1-Rural,NA,NA,,,NARAZADA KULLA (VILL) KULLA(VILL) K.GANGAVARAM(MANDAL) EAST GODAVARI(DIST),533305,28144501905p[at]gmail[dot]com,https://kys.udiseplus.gov.in/#/schooldetail/4667800/12,4667800,23/06/2022 14:36,2480
******00401 Operational,,MPPS NARENDRAPURAM,,,,Andhra Pradesh,1-Primary,33-MPP_ZPP SCHOOLS,1 To 5,3-Co-educational,1-Rural,P.Gannavaram,Narendrapuram,,,BESIDE GRAMAPANCHAYATH OFFICE NARENDRAPURAM P.GANNAVARAM(MANDAL) EAST GODAVARI(DIST),533229,mpprimaryschoolnrpm1925[at]gmail[dot]com,https://kys.udiseplus.gov.in/#/schooldetail/4667957/12,4667957,17/06/2025 21:46,2480
******00402 Operational,,MPPS NARSIPUDI COLONY,,,,Andhra Pradesh,1-Primary,33-MPP_ZPP SCHOOLS,1 To 5,3-Co-educational,1-Rural,Alamuru,Narsipudi,,,NARSIPUDI(COLONY) NARSIPUDI NARSIPUDI(VILL) ALAMURU(MANDAL) EAST GODAVARI(DIST),533232,,https://kys.udiseplus.gov.in/#/schooldetail/4667526/12,4667526,15/10/2020 12:18,2480
******00701 Operational,,MPPS NAVABUPETA,,,,Andhra Pradesh,1-Primary,33-MPP_ZPP SCHOOLS,1 To 5,3-Co-educational,1-Rural,Alamuru,Navabpeta,,,NAVABUPETA NAVABPETA NAVABPETA(VILL) ALAMURU(MANDAL) EAST GODAVARI(DIST),533232,mpps.navabupeta[at]gmail[dot]com,https://kys.udiseplus.gov.in/#/schooldetail/4667536/12,4667536,15/10/2020 12:18,2480
******01505 Operational,,MPPS NAVARATNALAGARIVU,,,,Andhra Pradesh,1-Primary,33-MPP_ZPP SCHOOLS,1 To 5,3-Co-educational,1-Rural,Ramachandrapuram,Velampalem,,,NAVARATNALAGARIVU VELAMPALEM (VILL) VELAMPALEM(VILL) RAMACHANDRAPURAM(MANDAL) EAST GODAVARI(DIST),533262,dsbhaskaram64[at]gmail[dot]com,https://kys.udiseplus.gov.in/#/schooldetail/4667254/12,4667254,15/10/2020 12:18,2480
******00406 Operational,,MPPS (NC) PASALAPUDI,,,,Andhra Pradesh,1-Primary,33-MPP_ZPP SCHOOLS,1 To 5,3-Co-educational,1-Rural,Rayavaram,Pasalapudi,,,PASALAPUDI(NEW COLONY) PASALAPUDI (VILL) PASALAPUDI(VILL) RAYAVARAM(MANDAL) EAST GODAVARI(DIST),533261,,https://kys.udiseplus.gov.in/#/schooldetail/4666983/12,4666983,15/10/2020 12:18,2480
******00201 Operational,,MPPS (NCV) RAVULAPALEM,,,,Andhra Pradesh,1-Primary,33-MPP_ZPP SCHOOLS,1 To 5,3-Co-educational,1-Rural,Ravulapalem,Ravulapalem,,,RAVULAPALEM RAVULAPALEM (VILL) RAVULAPALEM(VILL) RAVULAPALEM(MANDAL) EAST GODAVARI(DIST),533238,mppsncvrvpm[at]gmail[dot]com,https://kys.udiseplus.gov.in/#/schooldetail/4667653/12,4667653,13/03/2024 15:12,2480
******01302 Operational,,MPPS NEDUNURU,,,,Andhra Pradesh,1-Primary,33-MPP_ZPP SCHOOLS,1 To 5,3-Co-educational,1-Rural,Ainavilli,Nedunuru,,,NEDUNURU NEDUNURU NEDUNURU(VILL) AINAVILLI(MANDAL) EAST GODAVARI(DIST),533241,dangetisrinu1977[at]gmail[dot]com,https://kys.udiseplus.gov.in/#/schooldetail/4668180/12,4668180,19/07/2022 12:14,2480
******01902 Operational,,MPPS NEELAGIRI PETA,,,,Andhra Pradesh,1-Primary,33-MPP_ZPP SCHOOLS,1 To 5,3-Co-educational,1-Rural,NA,NA,,,NEELAGIRI PETA KULLA (VILL) KULLA(VILL) K.GANGAVARAM(MANDAL) EAST GODAVARI(DIST),533305,,https://kys.udiseplus.gov.in/#/schooldetail/4667798/12,4667798,23/06/2022 14:35,2480
******01302 Operational,,MPPS NEELAREVU,,,,Andhra Pradesh,1-Primary,33-MPP_ZPP SCHOOLS,1 To 5,3-Co-educational,1-Rural,Katrenikona,Brahmasamedyam,,,NEELAREVU BRAHMASAMEDHYAM (VILL) BRAHMASAMEDHYAM(VILL) KATRENIKONA(MANDAL) EAST GODAVARI(DIST),533212,,https://kys.udiseplus.gov.in/#/schooldetail/4668058/12,4668058,15/10/2020 12:18,2480
******00711 Operational,,MPPS NELLIVARI PETA,,,,Andhra Pradesh,1-Primary,33-MPP_ZPP SCHOOLS,1 To 5,3-Co-educational,1-Rural,Kothapeta,Billa Kurru,,,NELLIVARI PETA BILLA KURRU (VILL) BILLA KURRU(VILL) KOTHAPETA(MANDAL) EAST GODAVARI(DIST),533228,mpppsnellivaripeta[at]gmail[dot]com,https://kys.udiseplus.gov.in/#/schooldetail/4667905/12,4667905,15/10/2020 12:18,2480
******00106 Operational,,MPPS NETAJI NAGAR,,,,Andhra Pradesh,1-Primary,33-MPP_ZPP SCHOOLS,1 To 5,3-Co-educational,1-Rural,Katrenikona,Cheyyeru,,,NETAJI NAGAR CHEYYERU (VILL) CHEYYERU(VILL) KATRENIKONA(MANDAL) EAST GODAVARI(DIST),533222,meo.katrenikona52[at]gmail[dot]com,https://kys.udiseplus.gov.in/#/schooldetail/4668427/12,4668427,11/03/2024 19:07,2480
******01008 Operational,,MPPS (NH5) GOPALAPURAM,,,,Andhra Pradesh,1-Primary,33-MPP_ZPP SCHOOLS,1 To 5,3-Co-educational,1-Rural,Ravulapalem,Gopalapuram,,,N.H.5 ROAD AREA GOPALAPURAM (VILL) GOPALAPURAM(VILL) RAVULAPALEM(MANDAL) EAST GODAVARI(DIST),533274,mppsnh5gopalapuram[at]gmail[dot]com,https://kys.udiseplus.gov.in/#/schooldetail/4667744/12,4667744,15/10/2020 12:18,2480
******01401 Operational,,MPPS (NHS) ADURRU,,,,Andhra Pradesh,1-Primary,33-MPP_ZPP SCHOOLS,1 To 2,3-Co-educational,1-Rural,Mamidikuduru,Adurru,,,ADURRU(NEAR H S ) ADURRU (VILL) ADURRU(VILL) MAMIDIKUDURU(MANDAL) EAST GODAVARI(DIST),533247,vijayasht2016[at]gmail[dot]com,https://kys.udiseplus.gov.in/#/schooldetail/4668955/12,4668955,11/03/2024 18:36,2480
******00301 Operational,,MPPS NIDASANA METTA,,,,Andhra Pradesh,1-Primary,33-MPP_ZPP SCHOOLS,1 To 2,3-Co-educational,1-Rural,Kapileswarapuram,Nidasanametta,,,N.METTA NIDASANAMETTA (VILL) NIDASANAMETTA(VILL) KAPILESWARAPURAM(MANDAL) EAST GODAVARI(DIST),533308,,https://kys.udiseplus.gov.in/#/schooldetail/4667447/12,4667447,20/06/2025 12:49,2480
******01004 Operational,,MPPS (NL) EDARADA,,,,Andhra Pradesh,1-Primary,33-MPP_ZPP SCHOOLS,1 To 5,3-Co-educational,1-Rural,Mamidikuduru,Edarada,,,NADIMILANKA EDARADA (VILL) EDARADA(VILL) MAMIDIKUDURU(MANDAL) EAST GODAVARI(DIST),533247,nadimillanka1004[at]gmail[dot]com,https://kys.udiseplus.gov.in/#/schooldetail/4668942/12,4668942,18/07/2022 16:26,2480
******00512 Operational,,MPPS (NN) PULLETIKURRU,,,,Andhra Pradesh,1-Primary,33-MPP_ZPP SCHOOLS,1 To 5,3-Co-educational,1-Rural,Ambajipeta,Pulletikurru,,,NEHRU NAGAR PULLETIKURRU PULLETIKURRU(VILL) AMBAJIPETA(MANDAL) EAST GODAVARI(DIST)533239,533239,mppsnehrunagar[at]gmail[dot]com,https://kys.udiseplus.gov.in/#/schooldetail/4668067/12,4668067,23/12/2025 17:06,2480
******00501 Operational,,MPPS (NO.1) AINAVILLI,,,,Andhra Pradesh,1-Primary,33-MPP_ZPP SCHOOLS,1 To 2,3-Co-educational,1-Rural,Ainavilli,Ainavilli,,,ADI ANDHRA PETA AINAVILLI AINAVILLI(VILL) AINAVILLI(MANDAL) EAST GODAVARI(DIST),533211,Varalakshmi1976k[at]gmail[dot]com,https://kys.udiseplus.gov.in/#/schooldetail/4668138/12,4668138,24/01/2023 13:13,2480
******01101 Operational,,MPPS (NO.1) ALAMURU,,,,Andhra Pradesh,1-Primary,33-MPP_ZPP SCHOOLS,1 To 5,3-Co-educational,1-Rural,Alamuru,Alamuru,,,SETTIBALIJA STREET ALAMURU ALAMURU(VILL) ALAMURU(MANDAL) EAST GODAVARI(DIST),533233,knagarani29[at]gmail[dot]com,https://kys.udiseplus.gov.in/#/schooldetail/4667549/12,4667549,25/09/2024 14:27,2480
******00302 Operational,,MPPS (NO.1) AMUJURU,,,,Andhra Pradesh,1-Primary,33-MPP_ZPP SCHOOLS,1 To 5,3-Co-educational,1-Rural,NA,NA,,,HARIJANAPETA AMJURU (VILL) AMJURU(VILL) K.GANGAVARAM(MANDAL) EAST GODAVARI(DIST),533305,mpppsamujuruaa[at]gmail[dot]com,https://kys.udiseplus.gov.in/#/schooldetail/4667752/12,4667752,23/06/2022 14:24,2480
******01104 Operational,,MPPS (NO.1) ANKAMPALEM,,,,Andhra Pradesh,1-Primary,33-MPP_ZPP SCHOOLS,1 To 2,3-Co-educational,1-Rural,Atreyapuram,Ankampalem,,,ANKAMPALEM(A PETA) ANKAMPALEM ANKAMPALEM(VILL) ATREYAPURAM(MANDAL) EAST GODAVARI(DIST),533236,gummadisrujana743[at]gmail[dot]com,https://kys.udiseplus.gov.in/#/schooldetail/4667619/12,4667619,20/06/2025 10:30,2480
******00802 Operational,,MPPS (NO.1) ATREYAPURAM,,,,Andhra Pradesh,1-Primary,33-MPP_ZPP SCHOOLS,1 To 5,3-Co-educational,1-Rural,Atreyapuram,Atreyapuram,,,ATREYAPURAM(PEDA PETA) ATREYAPURAM ATREYAPURAM(VILL) ATREYAPURAM(MANDAL) EAST GODAVARI(DIST),533235,mpppsno1atreyapuram[at]gmail[dot]com,https://kys.udiseplus.gov.in/#/schooldetail/4667605/12,4667605,18/07/2022 13:26,2480
******00601 Operational,,MPPS (NO.1) AVIDI PEDAPETA,,,,Andhra Pradesh,1-Primary,33-MPP_ZPP SCHOOLS,1 To 2,3-Co-educational,1-Rural,Kothapeta,Avidi,,,D NO 4-47 AVIDI PEDAPETA AVIDI (VILL) AVIDI(VILL) KOTHAPETA(MANDAL) EAST GODAVARI(DIST),533229,,https://kys.udiseplus.gov.in/#/schooldetail/4667885/12,4667885,25/01/2023 16:25,2480
******01502 Closed,Closed,MPPS (NO.1) A V LANKA,,,,Andhra Pradesh,1-Primary,33-MPP_ZPP SCHOOLS,1 To 2,3-Co-educational,1-Rural,Kapileswarapuram,Addankivari Lanka,,,PEDAPETA ( KORUMILLI(VILL) KAPILESWARAPURAM(MANDAL) EAST GODAVARI(DIST),533228,no.1pedapeta[at]gmail[dot]com,https://kys.udiseplus.gov.in/#/schooldetail/4667498/12,4667498,08/08/2025 07:25,2480
******00301 Operational,,MPPS (NO.1) B. DODDAVARAM,,,,Andhra Pradesh,1-Primary,33-MPP_ZPP SCHOOLS,1 To 5,3-Co-educational,1-Rural,Mamidikuduru,Botlakurru Doddavaram,,,B.DODDAVARAM(WARD 3) BOTLAKURRU DODDAVARAM (VILL) BOTLAKURRU DODDAVARAM(VILL) MAMIDIKUDURU(MANDAL) EAST GODAVARI(DIST),533247,varalakshmi.nainala[at]gmail[dot]com,https://kys.udiseplus.gov.in/#/schooldetail/4668896/12,4668896,18/07/2022 13:12,2480
******00501 Operational,,MPPS (NO.1) BELLAMPUDI,,,,Andhra Pradesh,1-Primary,33-MPP_ZPP SCHOOLS,1 To 5,3-Co-educational,1-Rural,P.Gannavaram,Bellampudi,,,"MPPS (NO.1) BELLAMPUDI, P.GANNAVARAM MANDAL",533240,mppsno1bellampudicolony[at]gmail[dot]com,https://kys.udiseplus.gov.in/#/schooldetail/4667970/12,4667970,18/07/2022 15:02,2480
******00502 Operational,,MPPS (NO.1) BHATNAVILLI,,,,Andhra Pradesh,1-Primary,33-MPP_ZPP SCHOOLS,1 To 5,3-Co-educational,1-Rural,Amalapuram,Bhatnavilli,,,PEDA HARIJANAPETA BHATNAVILLE BHATNAVILLE(VILL) AMALAPURAM(MANDAL) EAST GODAVARI(DIST),533222,mppsno1bhatnavilli[at]gmail[dot]com,https://kys.udiseplus.gov.in/#/schooldetail/4668631/12,4668631,20/12/2025 23:03,2480
******00101 Operational,,MPPS (NO.1) BODASAKURRU,,,,Andhra Pradesh,1-Primary,33-MPP_ZPP SCHOOLS,1 To 5,3-Co-educational,1-Rural,Allavaram,Bodasakurru,,,PEDAHARIJANAPETA BODASAKURRU BODASAKURRU(VILL) ALLAVARAM(MANDAL) EAST GODAVARI(DIST),533215,,https://kys.udiseplus.gov.in/#/schooldetail/4668792/12,4668792,19/12/2025 10:39,2480
******00601 Operational,,MPPS (NO.1) B SAVARAM,,,,Andhra Pradesh,1-Primary,33-MPP_ZPP SCHOOLS,1 To 2,3-Co-educational,1-Rural,Razole,B. Savaram,,,SIDDHARTHANAGAR B. SAVARAM (VILL) B. SAVARAM(VILL) RAZOLE(MANDAL) EAST GODAVARI(DIST),533242,srinivasgatiganti[at]gmail[dot]com,https://kys.udiseplus.gov.in/#/schooldetail/4669013/12,4669013,26/01/2023 23:16,2480
******01302 Operational,,MPPS (NO.1) CHALLAPALLI,,,,Andhra Pradesh,1-Primary,33-MPP_ZPP SCHOOLS,1 To 5,3-Co-educational,1-Rural,Uppalaguptam,T. Challapalle,,,T.CHALLAPALLE (HJ) T. CHALLAPALLE (VILL) T. CHALLAPALLE(VILL) UPPALAGUPTAM(MANDAL) EAST GODAVARI(DIST),533213,grkswamy123[at]gmail[dot]com,https://kys.udiseplus.gov.in/#/schooldetail/4668591/12,4668591,07/01/2026 09:01,2480
******00902 Operational,,MPPS (NO.1) CHINTALAPALLI,,,,Andhra Pradesh,1-Primary,33-MPP_ZPP SCHOOLS,1 To 5,3-Co-educational,1-Rural,Razole,Chintalapalle,,,HARIJANA COLONY CHINTALAPALLI CHINTALAPALLE (VILL) CHINTALAPALLE(VILL) RAZOLE(MANDAL) EAST GODAVARI(DIST),533244,narayana3219[at]gmail[dot]com,https://kys.udiseplus.gov.in/#/schooldetail/4669037/12,4669037,15/10/2020 12:18,2480
******00202 Operational,,MPPS (NO.1) CHODAVARAM,,,,Andhra Pradesh,1-Primary,33-MPP_ZPP SCHOOLS,1 To 5,3-Co-educational,1-Rural,Ramachandrapuram,Chodavaram,,,KOTHAPETA CHODAVARAM (VILL) CHODAVARAM(VILL) RAMACHANDRAPURAM(MANDAL) EAST GODAVARI(DIST),533255,meo.ramachandrapuram[at]gmail[dot]com,https://kys.udiseplus.gov.in/#/schooldetail/4667218/12,4667218,15/10/2020 12:18,2480
******01504 Operational,,MPPS (NO.1) DANGERU,,,,Andhra Pradesh,1-Primary,33-MPP_ZPP SCHOOLS,1 To 2,3-Co-educational,1-Rural,NA,NA,,,PEDA MALA PALLI DANGERU (VILL) DANGERU(VILL) K.GANGAVARAM(MANDAL) EAST GODAVARI(DIST),533263,yellayya.y76[at]gmail[dot]com,https://kys.udiseplus.gov.in/#/schooldetail/4667778/12,4667778,25/06/2025 10:20,2480
******01602 Operational,,MPPS (NO.1) GANGAVARAM,,,,Andhra Pradesh,1-Primary,33-MPP_ZPP SCHOOLS,1 To 5,3-Co-educational,1-Rural,NA,NA,,,GANGAVARAM( O.C. COLONY) GANGAVARAM (VILL) GANGAVARAM(VILL) K.GANGAVARAM(MANDAL) EAST GODAVARI(DIST),533305,,https://kys.udiseplus.gov.in/#/schooldetail/4667785/12,4667785,23/06/2022 14:32,2480
******01001 Operational,,MPPS (NO.1) GOLLAVILLI,,,,Andhra Pradesh,1-Primary,33-MPP_ZPP SCHOOLS,1 To 5,3-Co-educational,1-Rural,Uppalaguptam,Gollavilli,,,GOLLAVILLI GOLLAVILLI (VILL) GOLLAVILLI(VILL) UPPALAGUPTAM(MANDAL) EAST GODAVARI(DIST),533222,mpppsgollavilli1[at]gmail[dot]com,https://kys.udiseplus.gov.in/#/schooldetail/4668571/12,4668571,07/01/2026 08:56,2480
******01001 Operational,,MPPS (NO.1) GOPALAPURAM,,,,Andhra Pradesh,1-Primary,33-MPP_ZPP SCHOOLS,1 To 2,3-Co-educational,1-Rural,Ravulapalem,Gopalapuram,,,HARIJANA COLONY GOPALAPURAM (VILL) GOPALAPURAM(VILL) RAVULAPALEM(MANDAL) EAST GODAVARI(DIST),533274,mppsno1gopalapuram[at]gmail[dot]com,https://kys.udiseplus.gov.in/#/schooldetail/4667737/12,4667737,24/01/2023 19:34,2480
******01201 Operational,,MPPS (NO.1) GOPAVARAM,,,,Andhra Pradesh,1-Primary,33-MPP_ZPP SCHOOLS,1 To 5,3-Co-educational,1-Rural,Uppalaguptam,Gopavaram,,,GOPAVARAM GOPAVARAM (VILL) GOPAVARAM(VILL) UPPALAGUPTAM(MANDAL) EAST GODAVARI(DIST),533213,svvlakshmi101976[at]gmail[dot]com,https://kys.udiseplus.gov.in/#/schooldetail/4668583/12,4668583,07/01/2026 08:59,2480
******01702 Operational,,MPPS (NO.1) GURUVINTHA GUNTA,,,,Andhra Pradesh,1-Primary,33-MPP_ZPP SCHOOLS,1 To 5,3-Co-educational,1-Rural,Amalapuram,Samanasa,,,HARIJAN PETA(GURUVINTHA GUNTA) SAMANASA VANNE CHINTALAPUDI(VILL) AMALAPURAM(MANDAL) EAST GODAVARI(DIST),533213,guruvinthagunta1[at]gmail[dot]com,https://kys.udiseplus.gov.in/#/schooldetail/4668689/12,4668689,21/12/2025 22:20,2480
******00903 Operational,,MPPS (NO.1) INDUPALLI,,,,Andhra Pradesh,1-Primary,33-MPP_ZPP SCHOOLS,1 To 5,3-Co-educational,1-Rural,Amalapuram,Indupalle,,,JAMBAVULAPETA INDUPALLE INDUPALLE(VILL) AMALAPURAM(MANDAL) EAST GODAVARI(DIST),533221,,https://kys.udiseplus.gov.in/#/schooldetail/4668659/12,4668659,20/12/2025 23:19,2480
******00901 Operational,,MPPS (NO.1) IPPANAPADU,,,,Andhra Pradesh,1-Primary,33-MPP_ZPP SCHOOLS,1 To 5,3-Co-educational,1-Rural,Mandapeta,Ippanapadu,,,IPPANAPADU IPPANAPADU (VILL) IPPANAPADU(VILL) MANDAPETA(MANDAL) EAST GODAVARI(DIST),533340,veerabhadrarao.sannapu[at]gmail[dot]com,https://kys.udiseplus.gov.in/#/schooldetail/4666657/12,4666657,24/12/2025 11:10,2480
******00801 Operational,,MPPS (NO.1) KADALI,,,,Andhra Pradesh,1-Primary,33-MPP_ZPP SCHOOLS,1 To 5,3-Co-educational,1-Rural,Razole,Kadali,,,KADALI(POST OFFICE STREET) KADALI (VILL) KADALI(VILL) RAZOLE(MANDAL) EAST GODAVARI(DIST),533248,mpppskadali1[at]gmail[dot]com,https://kys.udiseplus.gov.in/#/schooldetail/4669020/12,4669020,15/10/2020 12:18,2480
******00103 Operational,,MPPS (NO.1) KAMBHAMPADU,,,,Andhra Pradesh,1-Primary,33-MPP_ZPP SCHOOLS,1 To 5,3-Co-educational,1-Rural,Amalapuram,Palagummi,,,KAMBAMPADU(B C COLONY) PALAGUMMI PALAGUMMI(VILL) AMALAPURAM(MANDAL) EAST GODAVARI(DIST),533221,,https://kys.udiseplus.gov.in/#/schooldetail/4668616/12,4668616,20/12/2025 14:36,2480
******00901 Permanently Closed,,MPPS (NO.1) KANDULA PALEM,,,,Andhra Pradesh,1-Primary,33-MPP_ZPP SCHOOLS,1 To 5,3-Co-educational,1-Rural,Ramachandrapuram,Kandulapalem,,,NA,533262,,https://kys.udiseplus.gov.in/#/schooldetail/4714898/12,4714898,15/10/2020 12:18,2480
******01301 Operational,,MPPS (NO.1) KATRENIPADU,,,,Andhra Pradesh,1-Primary,33-MPP_ZPP SCHOOLS,1 To 2,3-Co-educational,1-Rural,Razole,Katrevupadu,,,PANCHAYAT STREET KATRENIPADU (VILL) KATRENIPADU(VILL) RAZOLE(MANDAL) EAST GODAVARI(DIST),533248,mppsmainkatrenipadu[at]gmail[dot]com,https://kys.udiseplus.gov.in/#/schooldetail/4669058/12,4669058,26/01/2023 23:55,2480
******00902 Operational,,MPPS (NO.1) KATTUNGA,,,,Andhra Pradesh,1-Primary,33-MPP_ZPP SCHOOLS,1 To 5,3-Co-educational,1-Rural,Atreyapuram,Kattunga,,,Kattunga Atreyapuram mandal,533235,mpppsno1kattunga[at]gmail[dot]com,https://kys.udiseplus.gov.in/#/schooldetail/4667614/12,4667614,18/07/2022 13:32,2480
******01019 Operational,,MPPS (NO.1) KESANAPALLI,,,,Andhra Pradesh,1-Primary,33-MPP_ZPP SCHOOLS,1 To 2,3-Co-educational,1-Rural,Malikipuram,Kesanapalle,,,KESANAPALLI KESANAPALLE(VILL) KESANAPALLE(VILL) MALIKIPURAM(MANDAL) EAST GODAVARI(DIST),533244,,https://kys.udiseplus.gov.in/#/schooldetail/4669150/12,4669150,21/06/2025 16:14,2480
******00103 Operational,,MPPS (NO.1) KESAVARAM,,,,Andhra Pradesh,1-Primary,33-MPP_ZPP SCHOOLS,1 To 5,3-Co-educational,1-Rural,Mandapeta,Kesavaram,,,KESAVARAM KESAVARAM (VILL) KESAVARAM(VILL) MANDAPETA(MANDAL) EAST GODAVARI(DIST),533341,,https://kys.udiseplus.gov.in/#/schooldetail/4666620/12,4666620,22/12/2025 11:35,2480
******01303 Operational,,MPPS (NO.1) KOMARAGIRIPATNAM,,,,Andhra Pradesh,1-Primary,33-MPP_ZPP SCHOOLS,1 To 5,3-Co-educational,1-Rural,Allavaram,Komaragiripatnam,,,MILITARYCOLONY KOMARAGIRIPATNAM KOMARAGIRIPATNAM(VILL) ALLAVARAM(MANDAL) EAST GODAVARI(DIST),533210,Isusweety278[at]gmail[dot]com,https://kys.udiseplus.gov.in/#/schooldetail/4668854/12,4668854,19/12/2025 10:54,2480
******01907 Operational,,MPPS (NO.1) KULLA,,,,Andhra Pradesh,1-Primary,33-MPP_ZPP SCHOOLS,1 To 5,3-Co-educational,1-Rural,NA,NA,,,KULLA HARIJANAPETA KULLA (VILL) KULLA(VILL) K.GANGAVARAM(MANDAL) EAST GODAVARI(DIST),533305,,https://kys.udiseplus.gov.in/#/schooldetail/4667802/12,4667802,23/06/2022 14:36,2480
******00701 Operational,,MPPS (NO.1) KUNDALESWARAM,,,,Andhra Pradesh,1-Primary,33-MPP_ZPP SCHOOLS,1 To 5,3-Co-educational,1-Rural,Katrenikona,Kundaleswaram,,,KUNDALESWARAM KUNDALESWARAM (VILL) KUNDALESWARAM(VILL) KATRENIKONA(MANDAL) EAST GODAVARI(DIST),533212,Mpps[at]gmail[dot]com,https://kys.udiseplus.gov.in/#/schooldetail/4668457/12,4668457,11/03/2024 19:12,2480
******00505 Closed,Closed,MPPS (NO.1) KUNDURU,,,,Andhra Pradesh,1-Primary,33-MPP_ZPP SCHOOLS,1 To 5,3-Co-educational,1-Rural,NA,NA,,,HARIJANAPETA KUNDURU (VILL) KUNDURU(VILL) K.GANGAVARAM(MANDAL) EAST GODAVARI(DIST),533305,,https://kys.udiseplus.gov.in/#/schooldetail/4667759/12,4667759,15/10/2020 12:18,2480
******01001 Operational,,MPPS (NO.1) KURMAPURAM,,,,Andhra Pradesh,1-Primary,33-MPP_ZPP SCHOOLS,1 To 5,3-Co-educational,1-Rural,Rayavaram,Kurmapuram,,,KURMAPURAM(S C COLONY) KURMAPURAM (VILL) KURMAPURAM(VILL) RAYAVARAM(MANDAL) EAST GODAVARI(DIST),533255,mpppschoolno.1kurmapuram[at]gmail[dot]com,https://kys.udiseplus.gov.in/#/schooldetail/4667435/12,4667435,15/10/2020 12:18,2480
******01202 Operational,,MPPS (NO.1) LOLLA,,,,Andhra Pradesh,1-Primary,33-MPP_ZPP SCHOOLS,1 To 2,3-Co-educational,1-Rural,Atreyapuram,Lolla,,,SETTI BALIZA PETA LOLLA LOLLA(VILL) ATREYAPURAM(MANDAL) EAST GODAVARI(DIST),533237,mpppssbpetalolla[at]gmail[dot]com,https://kys.udiseplus.gov.in/#/schooldetail/4667627/12,4667627,24/01/2023 18:54,2480
******01301 Operational,,MPPS (NO.1) MACHARA,,,,Andhra Pradesh,1-Primary,33-MPP_ZPP SCHOOLS,1 To 5,3-Co-educational,1-Rural,Kapileswarapuram,Machara,,,MACHARA(S C COLONY) MACHARA (VILL) MACHARA(VILL) KAPILESWARAPURAM(MANDAL) EAST GODAVARI(DIST),533309,kadalivvgkumar86[at]gmail[dot]com,https://kys.udiseplus.gov.in/#/schooldetail/4667489/12,4667489,15/10/2020 12:18,2480
******00602 Operational,,MPPS (NO.1) MACHAVARAM,,,,Andhra Pradesh,1-Primary,33-MPP_ZPP SCHOOLS,1 To 5,3-Co-educational,1-Rural,Rayavaram,Machavaram,,,MACHAVARAM(HARIJANA PETA) MACHAVARAM (PT) (VILL) MACHAVARAM (PT)(VILL) RAYAVARAM(MANDAL) EAST GODAVARI(DIST),533261,,https://kys.udiseplus.gov.in/#/schooldetail/4667410/12,4667410,15/10/2020 12:18,2480
******00501 Operational,,MPPS (NO.1) MAMIDIKUDURU,,,,Andhra Pradesh,1-Primary,33-MPP_ZPP SCHOOLS,1 To 5,3-Co-educational,1-Rural,Mamidikuduru,Mamidikuduru,,,MAMIDIKUDURU(COLLEGE ROAD) MAMIDIKUDURU (VILL) MAMIDIKUDURU(VILL) MAMIDIKUDURU(MANDAL) EAST GODAVARI(DIST),533247,kesavalohith2006[at]gmail[dot]com,https://kys.udiseplus.gov.in/#/schooldetail/4668904/12,4668904,16/06/2025 15:23,2480
******01402 Operational,,MPPS (NO.1) MERLAPALEM,,,,Andhra Pradesh,1-Primary,33-MPP_ZPP SCHOOLS,1 To 5,3-Co-educational,1-Rural,Atreyapuram,Merlapalem,,,MERLAPALEM(H K PELEM) MERLAPALEM (VILL) MERLAPALEM(VILL) ATREYAPURAM(MANDAL) EAST GODAVARI(DIST),533237,mpppshkpalem[at]gmail[dot]com,https://kys.udiseplus.gov.in/#/schooldetail/4667633/12,4667633,11/03/2024 18:53,2480
******00701 Operational,,MPPS (NO.1) MUNIPALLI,,,,Andhra Pradesh,1-Primary,33-MPP_ZPP SCHOOLS,1 To 5,3-Co-educational,1-Rural,Uppalaguptam,Munipalle,,,MUNIPALLI MUNIPALLI (VILL) MUNIPALLI(VILL) UPPALAGUPTAM(MANDAL) EAST GODAVARI(DIST),533222,mppsmunipallino1[at]gmail[dot]com,https://kys.udiseplus.gov.in/#/schooldetail/4668546/12,4668546,07/01/2026 08:48,2480
******00301 Operational,,MPPS (NO.1) NANGAVARAM,,,,Andhra Pradesh,1-Primary,33-MPP_ZPP SCHOOLS,1 To 5,3-Co-educational,1-Rural,Uppalaguptam,Nangavaram,,,NANGAVARAM NANGAVARAM (VILL) NANGAVARAM(VILL) UPPALAGUPTAM(MANDAL) EAST GODAVARI(DIST),533222,-mpps1[at]gmail[dot]com,https://kys.udiseplus.gov.in/#/schooldetail/4668537/12,4668537,07/01/2026 08:44,2480
******01001 Operational,,MPPS (NO.1) NARKEDIMILLI,,,,Andhra Pradesh,1-Primary,33-MPP_ZPP SCHOOLS,1 To 5,3-Co-educational,1-Rural,Atreyapuram,Narkedimilli,,,S B PETA NARKEDIMILLI NARKEDIMILLI(VILL) ATREYAPURAM(MANDAL) EAST GODAVARI(DIST),533236,mppps.sb.narkedimilli[at]gmail[dot]com,https://kys.udiseplus.gov.in/#/schooldetail/4667190/12,4667190,18/07/2022 13:34,2480
******00101 Operational,,MPPS (NO.1) NELATURU,,,,Andhra Pradesh,1-Primary,33-MPP_ZPP SCHOOLS,1 To 2,3-Co-educational,1-Rural,Kapileswarapuram,Nelaturu,,,NELATURU NELATURU (VILL) NELATURU(VILL) KAPILESWARAPURAM(MANDAL) EAST GODAVARI(DIST),533308,meo.kapileswarapuram[at]gmail[dot]com,https://kys.udiseplus.gov.in/#/schooldetail/4667438/12,4667438,20/06/2025 13:05,2480
******00801 Operational,,MPPS (NO.1) PALATHODU,,,,Andhra Pradesh,1-Primary,33-MPP_ZPP SCHOOLS,1 To 5,3-Co-educational,1-Rural,Mandapeta,Palathodu,,,PALATHODU PALATHODU (VILL) PALATHODU(VILL) MANDAPETA(MANDAL) EAST GODAVARI(DIST),533340,ramakrishnamanupudi66[at]gmail[dot]com,https://kys.udiseplus.gov.in/#/schooldetail/4666654/12,4666654,24/12/2025 11:09,2480
******00401 Operational,,MPPS (NO.1) PALIVELA,,,,Andhra Pradesh,1-Primary,33-MPP_ZPP SCHOOLS,1 To 2,3-Co-educational,1-Rural,Kothapeta,Palivela,,,PALIVELA CHINA PETA PALIVELA (VILL) PALIVELA(VILL) KOTHAPETA(MANDAL) EAST GODAVARI(DIST),533229,,https://kys.udiseplus.gov.in/#/schooldetail/4667444/12,4667444,25/01/2023 16:24,2480
******00202 Operational,,MPPS (NO.1) PAMARRU,,,,Andhra Pradesh,1-Primary,33-MPP_ZPP SCHOOLS,1 To 5,3-Co-educational,1-Rural,NA,NA,,,SETTIBALIJAPETA PAMARRU (VILL) PAMARRU(VILL) K.GANGAVARAM(MANDAL) EAST GODAVARI(DIST),533305,mppsno1pamarru[at]gmail[dot]com,https://kys.udiseplus.gov.in/#/schooldetail/4667321/12,4667321,23/06/2022 14:06,2480
******00401 Operational,,MPPS (NO.1) PASALAPUDI,,,,Andhra Pradesh,1-Primary,33-MPP_ZPP SCHOOLS,1 To 5,3-Co-educational,1-Rural,Rayavaram,Pasalapudi,,,PASALAPUDI(S C PETA) PASALAPUDI (VILL) PASALAPUDI(VILL) RAYAVARAM(MANDAL) EAST GODAVARI(DIST),533345,,https://kys.udiseplus.gov.in/#/schooldetail/4666980/12,4666980,22/12/2025 20:01,2480
******01004 Operational,,MPPS (NO.1) PEKETIPAKALU,,,,Andhra Pradesh,1-Primary,33-MPP_ZPP SCHOOLS,1 To 5,3-Co-educational,1-Rural,Mandapeta,Tapeswaram,,,PEKETIPAKALU TAPESWARAM (VILL) TAPESWARAM(VILL) MANDAPETA(MANDAL) EAST GODAVARI(DIST),533340,vsrinivas[at]gmail[dot]com,https://kys.udiseplus.gov.in/#/schooldetail/4666663/12,4666663,22/12/2025 11:37,2480
******00102 Operational,,MPPS (NO.1) PERAVARAM,,,,Andhra Pradesh,1-Primary,33-MPP_ZPP SCHOOLS,1 To 5,3-Co-educational,1-Rural,Atreyapuram,Peravaram,,,HARIJANAPETA PERAVARAM PERAVARAM(VILL) ATREYAPURAM(MANDAL) EAST GODAVARI(DIST),533235,,https://kys.udiseplus.gov.in/#/schooldetail/4667581/12,4667581,18/07/2022 13:01,2480
******01210 Operational,,MPPS (NO.1) PONNAMANDA,,,,Andhra Pradesh,1-Primary,33-MPP_ZPP SCHOOLS,1 To 5,3-Co-educational,1-Rural,Razole,Ponnamanda,,,PONNAMANDA PONNAMANDA(VILL) PONNAMANDA(VILL) RAZOLE(MANDAL) EAST GODAVARI(DIST),533248,vprasadv84[at]gmail[dot]com,https://kys.udiseplus.gov.in/#/schooldetail/4669051/12,4669051,15/10/2020 12:18,2480
******00502 Operational,,MPPS (NO.1) PULIDINDI,,,,Andhra Pradesh,1-Primary,33-MPP_ZPP SCHOOLS,1 To 5,3-Co-educational,1-Rural,Atreyapuram,Pulidindi,,,PULIDINDI(SC PETA) PULIDINDI (VILL) PULIDINDI(VILL) ATREYAPURAM(MANDAL) EAST GODAVARI(DIST),533235,mpppsno1pd[at]gmail[dot]com,https://kys.udiseplus.gov.in/#/schooldetail/4667600/12,4667600,18/07/2022 13:10,2480
******00202 Operational,,MPPS (NO.1) RAJAVARAM,,,,Andhra Pradesh,1-Primary,33-MPP_ZPP SCHOOLS,1 To 5,3-Co-educational,1-Rural,Atreyapuram,Rajavaram,,,RAJAVARAM(S C PETA) RAJAVARAM (VILL) RAJAVARAM(VILL) ATREYAPURAM(MANDAL) EAST GODAVARI(DIST),533235,no1rajavaram[at]gmail[dot]com,https://kys.udiseplus.gov.in/#/schooldetail/4667590/12,4667590,11/03/2024 18:52,2480
******01705 Operational,,MPPS (NO.1) RANGAPURAM,,,,Andhra Pradesh,1-Primary,33-MPP_ZPP SCHOOLS,1 To 5,3-Co-educational,1-Rural,Amalapuram,Samanasa,,,PEDAPETA SAMANASA VANNE CHINTALAPUDI(VILL) AMALAPURAM(MANDAL) EAST GODAVARI(DIST),533213,,https://kys.udiseplus.gov.in/#/schooldetail/4668233/12,4668233,21/12/2025 22:24,2480
******01402 Operational,,MPPS (NO.1) RAVI GUNTA CHERUVU,,,,Andhra Pradesh,1-Primary,33-MPP_ZPP SCHOOLS,1 To 5,3-Co-educational,1-Rural,Ainavilli,Vilasa,,,RAVI GUNTA CHERUVU VILASA VILASA(VILL) AINAVILLI(MANDAL) EAST GODAVARI(DIST),533577,,https://kys.udiseplus.gov.in/#/schooldetail/4668192/12,4668192,19/07/2022 12:20,2480
******00203 Operational,,MPPS (NO.1) RAYAVARAM,,,,Andhra Pradesh,1-Primary,33-MPP_ZPP SCHOOLS,1 To 5,3-Co-educational,1-Rural,Rayavaram,Vedurupaka,,,HARIJANAPETA VEDURUPAKA (VILL) VEDURUPAKA(VILL) RAYAVARM(MANDAL) EAST GODAVARI(DIST),533346,mvijayakumarmaster[at]gmail[dot]com,https://kys.udiseplus.gov.in/#/schooldetail/4667378/12,4667378,15/10/2020 12:18,2480
******00401 Operational,,MPPS (NO.1) RAZOLE,,,,Andhra Pradesh,1-Primary,33-MPP_ZPP SCHOOLS,1 To 5,3-Co-educational,1-Rural,Razole,Razole,,,DORAGARITHOTA RAZOLE (PT) (VILL) RAZOLE (PT)(VILL) RAZOLE(MANDAL) EAST GODAVARI(DIST),533242,vijaya.ma65[at]gmail[dot]com,https://kys.udiseplus.gov.in/#/schooldetail/4668989/12,4668989,17/06/2025 12:03,2480
******01502 Operational,,MPPS (NO.1) RYALI,,,,Andhra Pradesh,1-Primary,33-MPP_ZPP SCHOOLS,1 To 5,3-Co-educational,1-Rural,Atreyapuram,Ryali,,,RYALI RYALI (VILL) RYALI(VILL) ATREYAPURAM(MANDAL) EAST GODAVARI(DIST),533236,nooneryali[at]yahoo[dot]com,https://kys.udiseplus.gov.in/#/schooldetail/4667640/12,4667640,18/07/2022 13:41,2480
******01201 Operational,,MPPS (NO.1) SAMANTHAKURRU,,,,Andhra Pradesh,1-Primary,33-MPP_ZPP SCHOOLS,1 To 5,3-Co-educational,1-Rural,Allavaram,Samanthakuru,,,ADIANDHRA PETA SAMANTHAKURU SAMANTHAKURU(VILL) ALLAVARAM(MANDAL) EAST GODAVARI(DIST),533217,meo.allavaram1[at]gmail[dot]com,https://kys.udiseplus.gov.in/#/schooldetail/4668848/12,4668848,19/12/2025 10:53,2480
******00706 Operational,,MPPS (NO.1) SANAPALLI LANKA,,,,Andhra Pradesh,1-Primary,33-MPP_ZPP SCHOOLS,1 To 2,3-Co-educational,1-Rural,Ainavilli,Sanapalli Lanka,,,SANAPALLI LANKA SANAPALLI LANKA SANAPALLI LANKA(VILL) AINAVILLI(MANDAL) EAST GODAVARI(DIST),533211,bangarurajugosangi[at]gmail[dot]com,https://kys.udiseplus.gov.in/#/schooldetail/4668153/12,4668153,24/01/2023 14:47,2480
******01207 Operational,,MPPS (NO.1) SARIPALLI,,,,Andhra Pradesh,1-Primary,33-MPP_ZPP SCHOOLS,1 To 5,3-Co-educational,1-Rural,Uppalaguptam,Gopavaram,,,SARIPELLI GOPAVARAM (VILL) GOPAVARAM(VILL) UPPALAGUPTAM(MANDAL) EAST GODAVARI(DIST),533213,mppssaripalli1207[at]gmail[dot]com,https://kys.udiseplus.gov.in/#/schooldetail/4668588/12,4668588,07/01/2026 09:00,2480
******00501 Operational,,MPPS (NO.1) SIVAKODU,,,,Andhra Pradesh,1-Primary,33-MPP_ZPP SCHOOLS,1 To 5,3-Co-educational,1-Rural,Razole,Sivakodu,,,SIVAKODU POST OFFICE STREET SIVAKODU (VILL) SIVAKODU(VILL) RAZOLE(MANDAL) EAST GODAVARI(DIST),533244,murthyb567[at]gmail[dot]com,https://kys.udiseplus.gov.in/#/schooldetail/4668565/12,4668565,17/06/2025 12:28,2480
******00602 Operational,,MPPS (NO.1) SIVALA,,,,Andhra Pradesh,1-Primary,33-MPP_ZPP SCHOOLS,1 To 2,3-Co-educational,1-Rural,NA,NA,,,HARIJANAPETA SIVALA (VILL) SIVALA(VILL) K.GANGAVARAM(MANDAL) EAST GODAVARI(DIST),533262,meokgangavaram[at]gmail[dot]com,https://kys.udiseplus.gov.in/#/schooldetail/4667763/12,4667763,25/06/2025 10:19,2480
******00502 Operational,,MPPS (NO.1) SOMESWARAM,,,,Andhra Pradesh,1-Primary,33-MPP_ZPP SCHOOLS,1 To 2,3-Co-educational,1-Rural,Rayavaram,Someswaram,,,HARIJANAPETA SOMESWARAM (VILL) SOMESWARAM(VILL) RAYAVARAM(MANDAL) EAST GODAVARI(DIST),533261,hymavathisala62[at]gmail[dot]com,https://kys.udiseplus.gov.in/#/schooldetail/4667404/12,4667404,11/03/2024 18:44,2480
******00301 Operational,,MPPS (NO.1) SOMPALLI,,,,Andhra Pradesh,1-Primary,33-MPP_ZPP SCHOOLS,1 To 5,3-Co-educational,1-Rural,Razole,Sompalle,,,SOMPALLI SOMPALLI (VILL) SOMPALLI(VILL) RAZOLE(MANDAL) EAST GODAVARI(DIST),533242,sumathivema[at]123gmail[dot]com,https://kys.udiseplus.gov.in/#/schooldetail/4668985/12,4668985,15/10/2020 12:18,2480
******02102 Operational,,MPPS (NO.1) SUNDARAPALLI,,,,Andhra Pradesh,1-Primary,33-MPP_ZPP SCHOOLS,1 To 5,3-Co-educational,1-Rural,NA,NA,,,HARIJANAPETA SUNDARAPALLI (VILL) SUNDARAPALLI(VILL) K.GANGAVARAM(MANDAL) EAST GODAVARI(DIST),533306,mppssundarapallino.1[at]gmail[dot]com,https://kys.udiseplus.gov.in/#/schooldetail/4667385/12,4667385,23/06/2022 14:38,2480
******01401 Operational,,MPPS (NO.1) SURASENA YANAM,,,,Andhra Pradesh,1-Primary,33-MPP_ZPP SCHOOLS,1 To 5,3-Co-educational,1-Rural,Uppalaguptam,Surasaniyanam,,,SURASANIYANAM SURASANIYANAM (VILL) SURASANIYANAM(VILL) UPPALAGUPTAM(MANDAL) EAST GODAVARI(DIST),533213,mppsno1syanam[at]gmail[dot]com,https://kys.udiseplus.gov.in/#/schooldetail/4668608/12,4668608,07/01/2026 09:04,2480
******00903 Operational,,MPPS (NO.1) TADIPUDI,,,,Andhra Pradesh,1-Primary,33-MPP_ZPP SCHOOLS,1 To 5,3-Co-educational,1-Rural,Atreyapuram,Kattunga,,,SPL TADIPUDI KATTUNGA(VILL) ATREYAPURAM(MANDAL) EAST GODAVARI(DIST),533235,dmvvramanjaneyulu[at]gmail[dot]com,https://kys.udiseplus.gov.in/#/schooldetail/4667187/12,4667187,28/09/2024 01:57,2480
******00101 Operational,,MPPS (NO.1) TATIPAKA,,,,Andhra Pradesh,1-Primary,33-MPP_ZPP SCHOOLS,1 To 5,3-Co-educational,1-Rural,Razole,Thatipaka,,,TATIPAKA MARKET STREET TATIPAKA (VILL) TATIPAKA(VILL) RAZOLE(MANDAL) EAST GODAVARI(DIST),533249,vneelavani2004[at]gmail[dot]com,https://kys.udiseplus.gov.in/#/schooldetail/4668972/12,4668972,17/06/2025 12:02,2480
******01001 Operational,,MPPS (NO.1) TEKI,,,,Andhra Pradesh,1-Primary,33-MPP_ZPP SCHOOLS,1 To 5,3-Co-educational,1-Rural,Kapileswarapuram,Teki,,,TEKI(B C COLONY) TEKI (VILL) TEKI(VILL) KAPILESWARAPURAM(MANDAL) EAST GODAVARI(DIST),533307,mppmpsteki1[at]gmail[dot]com,https://kys.udiseplus.gov.in/#/schooldetail/4667470/12,4667470,11/03/2024 19:08,2480
******01505 Operational,,MPPS (NO.1) THUMMALAPALLI,,,,Andhra Pradesh,1-Primary,33-MPP_ZPP SCHOOLS,1 To 5,3-Co-educational,1-Rural,Allavaram,Komaragiripatnam,,,THUMMALAPALLI SPL THUMMALAPALLI THUMMALAPALLI(VILL) ALLAVARAM(MANDAL) EAST GODAVARI(DIST),533210,palangisyamala[at]gmail[dot]com,https://kys.udiseplus.gov.in/#/schooldetail/4668430/12,4668430,19/12/2025 11:00,2480
******02005 Permanently Closed,,MPPS (NO.1) UDIMUDI,,,,Andhra Pradesh,1-Primary,33-MPP_ZPP SCHOOLS,1 To 5,3-Co-educational,9-NA,NA,,,,NA,533305,,https://kys.udiseplus.gov.in/#/schooldetail/4714944/12,4714944,15/10/2020 12:18,2480
******00203 Operational,,MPPS (NO.1) VADAPALEM,,,,Andhra Pradesh,1-Primary,33-MPP_ZPP SCHOOLS,1 To 2,3-Co-educational,1-Rural,Kothapeta,Vadapalem,,,VADAPALEM PEDAPETA VADAPALEM (VILL) VADAPALEM(VILL) KOTHAPETA(MANDAL) EAST GODAVARI(DIST),533223,meo.kothapeta[at]gmail[dot]com,https://kys.udiseplus.gov.in/#/schooldetail/4667833/12,4667833,25/01/2023 16:23,2480
******01301 Permanently Closed,,MPPS (NO.1) VADAPALLI,,,,Andhra Pradesh,1-Primary,33-MPP_ZPP SCHOOLS,1 To 5,3-Co-educational,1-Rural,Atreyapuram,Vadapalle,,,NA,533237,,https://kys.udiseplus.gov.in/#/schooldetail/4714925/12,4714925,15/10/2020 12:18,2480
******01003 Operational,,MPPS (NO.1) VADAPARRU,,,,Andhra Pradesh,1-Primary,33-MPP_ZPP SCHOOLS,1 To 5,3-Co-educational,1-Rural,Uppalaguptam,Gollavilli,,,VADAPARRU(RAMALAYAM STREET) GOLLAVILLI (VILL) GOLLAVILLI(VILL) UPPALAGUPTAM(MANDAL) EAST GODAVARI(DIST),533222,mppsvadaparrunew2001[at]gmail[dot]com,https://kys.udiseplus.gov.in/#/schooldetail/4668573/12,4668573,07/01/2026 08:57,2480
******00201 Operational,,MPPS (NO.1) VALLURU,,,,Andhra Pradesh,1-Primary,33-MPP_ZPP SCHOOLS,1 To 2,3-Co-educational,1-Rural,Kapileswarapuram,Valluru,,,VALLURU(S C COLONY) VALLURU (VILL) VALLURU(VILL) KAPILESWARAPURAM(MANDAL) EAST GODAVARI(DIST),533308,meo.kapileswarapuram[at]gmail[dot]com,https://kys.udiseplus.gov.in/#/schooldetail/4667441/12,4667441,20/06/2025 13:06,2480
******00914 Operational,,MPPS (NO.1) VANAPALLI,,,,Andhra Pradesh,1-Primary,33-MPP_ZPP SCHOOLS,1 To 5,3-Co-educational,1-Rural,Kothapeta,Vanapalle,,,VANAPALLI NEAR PANCHAYAT VANAPALLI(VILL) KOTHAPETA(MANDAL) EAST GODAVARI(DIST),533228,meo.kothapeta[at]gmail[dot]com,https://kys.udiseplus.gov.in/#/schooldetail/4667923/12,4667923,15/10/2020 12:18,2480
******00502 Operational,,MPPS (NO.1) VEDIRESWARAM,,,,Andhra Pradesh,1-Primary,33-MPP_ZPP SCHOOLS,1 To 2,3-Co-educational,1-Rural,Ravulapalem,Vedireswaram,,,S.C.NEW COLONY VEDIRESWARAM (VILL) VEDIRESWARAM(VILL) RAVULAPALEM(MANDAL) EAST GODAVARI(DIST),533238,mppsno1vedireswaram[at]gmail[dot]com,https://kys.udiseplus.gov.in/#/schooldetail/4667708/12,4667708,24/01/2023 19:31,2480
******00205 Operational,,MPPS (NO.1) VEDURUPAKA,,,,Andhra Pradesh,1-Primary,33-MPP_ZPP SCHOOLS,1 To 2,3-Co-educational,1-Rural,Rayavaram,Vedurupaka,,,HARIJANAPETA(VEDURUPAKA) VEDURUPAKA (VILL) VEDURUPAKA(VILL) RAYAVARM(MANDAL) EAST GODAVARI(DIST),533345,Psatyajyothi12345[at]gmail[dot]com,https://kys.udiseplus.gov.in/#/schooldetail/4667380/12,4667380,22/01/2023 15:27,2480
******00701 Operational,,MPPS (NO.1) VELAGATHODU,,,,Andhra Pradesh,1-Primary,33-MPP_ZPP SCHOOLS,1 To 5,3-Co-educational,1-Rural,Mandapeta,Velagathodu,,,DN 1-6 VELAGATHODU (VILL) VELAGATHODU(VILL) MANDAPETA(MANDAL) EAST GODAVARI(DIST),533340,nvrb89[at]gmail[dot]com,https://kys.udiseplus.gov.in/#/schooldetail/4666650/12,4666650,22/12/2025 11:43,2480
******00303 Operational,,MPPS (NO.1) VELIICHERUVU,,,,Andhra Pradesh,1-Primary,33-MPP_ZPP SCHOOLS,1 To 5,3-Co-educational,1-Rural,Atreyapuram,Valicheru,,,HARIJANAPETA VALICHERU (VILL) VALICHERU(VILL) ATREYAPURAM(MANDAL) EAST GODAVARI(DIST),533235,mpppsno.1velicheru[at]gmail[dot]com,https://kys.udiseplus.gov.in/#/schooldetail/4667594/12,4667594,18/07/2022 13:04,2480
******01003 Operational,,MPPS (NO.1) VELLA,,,,Andhra Pradesh,1-Primary,33-MPP_ZPP SCHOOLS,1 To 5,3-Co-educational,1-Rural,Ramachandrapuram,Vella,,,ARUNDHATHIPETA VELLA (VILL) VELLA(VILL) RAMACHANDRAPURAM(MANDAL) EAST GODAVARI(DIST),533255,meo.ramachandrapuram[at]gmail[dot]com,https://kys.udiseplus.gov.in/#/schooldetail/4667239/12,4667239,15/10/2020 12:18,2480
******00201 Operational,,MPPS (NO.1) VEMULAPALLI,,,,Andhra Pradesh,1-Primary,33-MPP_ZPP SCHOOLS,1 To 5,3-Co-educational,1-Rural,Mandapeta,Dwarapudi,,,VEMULAPALLI VEMULAPALLI (VILL) VEMULAPALLI(VILL) MANDAPETA(MANDAL) EAST GODAVARI(DIST),533341,apamavaralakshmi[at]gmail[dot]com,https://kys.udiseplus.gov.in/#/schooldetail/4666629/12,4666629,24/12/2025 11:05,2480
******00801 Operational,,MPPS (NO.1) VENTURU,,,,Andhra Pradesh,1-Primary,33-MPP_ZPP SCHOOLS,1 To 2,3-Co-educational,1-Rural,Rayavaram,Venturu,,,HARIJANAPETA VEN VENTURU (VILL) VENTURU(VILL) RAYAVARAM(MANDAL) EAST GODAVARI(DIST),533255,mpppsventuruaa[at]gmail[dot]com,https://kys.udiseplus.gov.in/#/schooldetail/4667009/12,4667009,23/01/2023 14:48,2480
******00106 Operational,,MPPS (NO.1) VILASAVILLI,,,,Andhra Pradesh,1-Primary,33-MPP_ZPP SCHOOLS,1 To 5,3-Co-educational,1-Rural,Uppalaguptam,Vilasavilli,,,VILASAVILLI VILASAVILLI (VILL) VILASAVILLI(VILL) UPPALAGUPTAM(MANDAL) EAST GODAVARI(DIST),533213,lokanadhvaddi[at]gmail[dot]com,https://kys.udiseplus.gov.in/#/schooldetail/4668520/12,4668520,07/01/2026 08:39,2480
******01404 Operational,,MPPS (NO.1) VODALAREVU,,,,Andhra Pradesh,1-Primary,33-MPP_ZPP SCHOOLS,1 To 5,3-Co-educational,1-Rural,Allavaram,Bendamurulanka,,,VODALAREVU(ENGINEERINGCOLLEGE) BENDAMURULANKA BENDAMURULANKA(VILL) ALLAVARAM(MANDAL) EAST GODAVARI(DIST),533210,meo.allavaram1[at]gmail[dot]com,https://kys.udiseplus.gov.in/#/schooldetail/4668867/12,4668867,19/12/2025 11:02,2480
******01405 Operational,,MPPS (NO.1) YEDITHA,,,,Andhra Pradesh,1-Primary,33-MPP_ZPP SCHOOLS,1 To 5,3-Co-educational,1-Rural,Mandapeta,Yeditha,,,YEDITHA YEDITHA (VILL) YEDITHA(VILL) MANDAPETA(MANDAL) EAST GODAVARI(DIST),533234,mvprasad[at]gmail[dot]com,https://kys.udiseplus.gov.in/#/schooldetail/4666288/12,4666288,31/12/2025 16:45,2480
******01404 Operational,,MPPS (NO.1) Y SEETHANAGARAM,,,,Andhra Pradesh,1-Primary,33-MPP_ZPP SCHOOLS,1 To 5,3-Co-educational,1-Rural,Mandapeta,Yeditha,,,YEDITHA SEETHANAGARAM YEDITHA (VILL) YEDITHA(VILL) MANDAPETA(MANDAL) EAST GODAVARI(DIST),533234,rajahmundryramana[at]gmail[dot]com,https://kys.udiseplus.gov.in/#/schooldetail/4666686/12,4666686,31/12/2025 16:45,2480
******00501 Operational,,MPPS (NO.1) Z MEDAPADU,,,,Andhra Pradesh,1-Primary,33-MPP_ZPP SCHOOLS,1 To 5,3-Co-educational,1-Rural,Mandapeta,Z.Medapadu,,,Z.MEDAPADU Z.MEDAPADU (VILL) Z.MEDAPADU(VILL) MANDAPETA(MANDAL) EAST GODAVARI(DIST),533341,suhasinikorukonda11[at]gmail[dot]com,https://kys.udiseplus.gov.in/#/schooldetail/4666647/12,4666647,24/12/2025 11:08,2480
******00502 Operational,,MPPS (NO.2) AINAVILLI,,,,Andhra Pradesh,1-Primary,33-MPP_ZPP SCHOOLS,1 To 5,3-Co-educational,1-Rural,Ainavilli,Ainavilli,,,SC COLONY AINAVILLI AINAVILLI(VILL) AINAVILLI(MANDAL) EAST GODAVARI(DIST),533211,,https://kys.udiseplus.gov.in/#/schooldetail/4668139/12,4668139,07/05/2022 18:41,2480
******01105 Operational,,MPPS (NO.2) ANKAMPALEM,,,,Andhra Pradesh,1-Primary,33-MPP_ZPP SCHOOLS,1 To 2,3-Co-educational,1-Rural,Atreyapuram,Ankampalem,,,ANKAMPALEM (N T R NAGAR) ANKAMPALEM ANKAMPALEM(VILL) ATREYAPURAM(MANDAL) EAST GODAVARI(DIST),533236,mpppsntr[at]gmail[dot]com,https://kys.udiseplus.gov.in/#/schooldetail/4667620/12,4667620,20/06/2025 10:31,2480
******00201 Operational,,MPPS (NO.2) CHODAVARAM,,,,Andhra Pradesh,1-Primary,33-MPP_ZPP SCHOOLS,1 To 5,3-Co-educational,1-Rural,Ramachandrapuram,Chodavaram,,,HARIJANAPETA CHODAVARAM (VILL) CHODAVARAM(VILL) RAMACHANDRAPURAM(MANDAL) EAST GODAVARI(DIST),533255,mpppsno2chodavaram[at]gmail[dot]com,https://kys.udiseplus.gov.in/#/schooldetail/4667217/12,4667217,15/10/2020 12:18,2480
******00502 Operational,,MPPS (NO.2) GANTI PEDAPETA,,,,Andhra Pradesh,1-Primary,33-MPP_ZPP SCHOOLS,1 To 5,3-Co-educational,1-Rural,Kothapeta,Ganti,,,GANTI PEDAPET GANTI (VILL) GANTI(VILL) KOTHAPETA(MANDAL) EAST GODAVARI(DIST),533274,rajakumarivardhanapu[at]gmail[dot]com,https://kys.udiseplus.gov.in/#/schooldetail/4667879/12,4667879,15/10/2020 12:18,2480
******01002 Operational,,MPPS (NO.2) GOLLAVILLI,,,,Andhra Pradesh,1-Primary,33-MPP_ZPP SCHOOLS,1 To 5,3-Co-educational,1-Rural,Uppalaguptam,Gollavilli,,,GOLLAVILLI (SW) GOLLAVILLI (VILL) GOLLAVILLI(VILL) UPPALAGUPTAM(MANDAL) EAST GODAVARI(DIST),533222,GollavilliNo2[at]gmail[dot]com,https://kys.udiseplus.gov.in/#/schooldetail/4668572/12,4668572,07/01/2026 08:57,2480
******01003 Closed,Closed,MPPS (NO.2) GOPALAPURAM,,,,Andhra Pradesh,1-Primary,33-MPP_ZPP SCHOOLS,1 To 2,3-Co-educational,1-Rural,Ravulapalem,Gopalapuram,,,PALLIPALEM GOPALAPURAM (VILL) GOPALAPURAM(VILL) RAVULAPALEM(MANDAL) EAST GODAVARI(DIST),533274,mpps2gopalapuram[at]gmail[dot]com,https://kys.udiseplus.gov.in/#/schooldetail/4667739/12,4667739,07/08/2025 10:01,2480
******01204 Operational,,MPPS (NO.2) GOPAVARAM,,,,Andhra Pradesh,1-Primary,33-MPP_ZPP SCHOOLS,1 To 5,3-Co-educational,1-Rural,Uppalaguptam,Gopavaram,,,GOPAVARAM(NEAR CANAL) GOPAVARAM (VILL) GOPAVARAM(VILL) UPPALAGUPTAM(MANDAL) EAST GODAVARI(DIST),533213,,https://kys.udiseplus.gov.in/#/schooldetail/4668586/12,4668586,07/01/2026 09:00,2480
******01703 Operational,,MPPS (NO.2) GURUVINTHA GUNTA,,,,Andhra Pradesh,1-Primary,33-MPP_ZPP SCHOOLS,1 To 5,3-Co-educational,1-Rural,Amalapuram,Samanasa,,,HARIJAN PETA(GURUVINTHA GUNTA) SAMANASA VANNE CHINTALAPUDI(VILL) AMALAPURAM(MANDAL) EAST GODAVARI(DIST),533213,mppsguruvinthagunta2[at]gmail[dot]com,https://kys.udiseplus.gov.in/#/schooldetail/4668690/12,4668690,21/12/2025 22:21,2480
******00604 Operational,,MPPS (NO.2) G VEMAVARAM,,,,Andhra Pradesh,1-Primary,33-MPP_ZPP SCHOOLS,1 To 2,3-Co-educational,1-Rural,I. Polavaram,G. Vemavaram,,,S B PETA G VEMAVARAM G VEMAVARAM(VILL) I POLAVARAM(MANDAL) EAST GODAVARI(DIST),533464,,https://kys.udiseplus.gov.in/#/schooldetail/4668358/12,4668358,21/06/2025 14:57,2480
******00902 Operational,,MPPS (NO.2) IPPANAPADU,,,,Andhra Pradesh,1-Primary,33-MPP_ZPP SCHOOLS,1 To 5,3-Co-educational,1-Rural,Mandapeta,Ippanapadu,,,IPPANAPADU(S C COLONY) IPPANAPADU (VILL) IPPANAPADU(VILL) MANDAPETA(MANDAL) EAST GODAVARI(DIST),533340,sgtalupulamma[at]gmail[dot]com,https://kys.udiseplus.gov.in/#/schooldetail/4666658/12,4666658,24/12/2025 11:10,2480
******00802 Operational,,MPPS (NO.2) KADALI,,,,Andhra Pradesh,1-Primary,33-MPP_ZPP SCHOOLS,1 To 5,3-Co-educational,1-Rural,Razole,Kadali,,,toorpupalem,533248,rachaiahbilla1996[at]gmail[dot]com,https://kys.udiseplus.gov.in/#/schooldetail/4669021/12,4669021,15/10/2020 12:18,2480
******00903 Operational,,MPPS (NO.2) KANDULAPALEM,,,,Andhra Pradesh,1-Primary,33-MPP_ZPP SCHOOLS,1 To 5,3-Co-educational,1-Rural,Ramachandrapuram,Kandulapalem,,,ARURTHATIPETA KANDULAPALEM (VILL) KANDULAPALEM(VILL) RAMACHANDRAPURAM(MANDAL) EAST GODAVARI(DIST),533262,meo.ramachandrapuram[at]gmail[dot]com,https://kys.udiseplus.gov.in/#/schooldetail/4667235/12,4667235,15/10/2020 12:18,2480
******01305 Operational,,MPPS (NO.2) KATRENIPADU,,,,Andhra Pradesh,1-Primary,33-MPP_ZPP SCHOOLS,1 To 5,3-Co-educational,1-Rural,Razole,Katrevupadu,,,AMBEDKAR NAGAR KATRENIPADU (VILL) KATRENIPADU(VILL) RAZOLE(MANDAL) EAST GODAVARI(DIST),533248,kanjanbaba[at]gmail[dot]com,https://kys.udiseplus.gov.in/#/schooldetail/4669061/12,4669061,11/03/2024 18:31,2480
******01020 Operational,,MPPS (NO.2) KESANAPALLI,,,,Andhra Pradesh,1-Primary,33-MPP_ZPP SCHOOLS,1 To 5,3-Co-educational,1-Rural,Malikipuram,Kesanapalle,,,KESANAPALLI KESANAPALLE(VILL) KESANAPALLE(VILL) MALIKIPURAM(MANDAL) EAST GODAVARI(DIST),533244,,https://kys.udiseplus.gov.in/#/schooldetail/4669151/12,4669151,15/10/2020 12:18,2480
******00102 Operational,,MPPS (NO.2) KESAVARAM,,,,Andhra Pradesh,1-Primary,33-MPP_ZPP SCHOOLS,1 To 2,3-Co-educational,1-Rural,Mandapeta,Kesavaram,,,D KESAVARAM KESAVARAM (VILL) KESAVARAM(VILL) MANDAPETA(MANDAL) EAST GODAVARI(DIST),533341,sujathaborusu[at]gmail[dot]com,https://kys.udiseplus.gov.in/#/schooldetail/4666619/12,4666619,20/12/2025 15:55,2480
******01302 Permanently Closed,,MPPS (NO.2) KOMARAGIRIPATNAM,,,,Andhra Pradesh,1-Primary,33-MPP_ZPP SCHOOLS,1 To 5,3-Co-educational,1-Rural,Allavaram,Komaragiripatnam,,,NA,533210,,https://kys.udiseplus.gov.in/#/schooldetail/4715021/12,4715021,15/10/2020 12:18,2480
******00301 Operational,,MPPS (NO.2) KOMARAJU LANKA,,,,Andhra Pradesh,1-Primary,33-MPP_ZPP SCHOOLS,1 To 5,3-Co-educational,1-Rural,Ravulapalem,Komaraju Lanka,,,S.C.PETA KOMARAJU LANKA (VILL) KOMARAJU LANKA(VILL) RAVULAPALEM(MANDAL) EAST GODAVARI(DIST),533238,mppsno2komarajulanka[at]gmail[dot]com,https://kys.udiseplus.gov.in/#/schooldetail/4667696/12,4667696,15/10/2020 12:18,2480
******00703 Operational,,MPPS (NO.2) KUNDALESWARAM,,,,Andhra Pradesh,1-Primary,33-MPP_ZPP SCHOOLS,1 To 5,3-Co-educational,1-Rural,Katrenikona,Kundaleswaram,,,KUNDALESWARAM KUNDALESWARAM (VILL) KUNDALESWARAM(VILL) KATRENIKONA(MANDAL) EAST GODAVARI(DIST),533212,,https://kys.udiseplus.gov.in/#/schooldetail/4668459/12,4668459,11/03/2024 19:13,2480
******00401 Operational,,MPPS (NO.2) LAKSHMIPOLAVARAM,,,,Andhra Pradesh,1-Primary,33-MPP_ZPP SCHOOLS,1 To 5,3-Co-educational,1-Rural,Ravulapalem,Lakshmipolavaram,,,S.C.COLONY LAKSHMIPOLAVARAM (VILL) LAKSHMIPOLAVARAM(VILL) RAVULAPALEM(MANDAL) EAST GODAVARI(DIST),533236,mppsno2lpolavaram[at]gmail[dot]com,https://kys.udiseplus.gov.in/#/schooldetail/4667701/12,4667701,15/10/2020 12:18,2480
******00603 Operational,,MPPS (NO.2) MACHAVARAM,,,,Andhra Pradesh,1-Primary,33-MPP_ZPP SCHOOLS,1 To 5,3-Co-educational,1-Rural,Rayavaram,Machavaram,,,ARUNDATEEYA PETA MACHAVARAM (PT) (VILL) MACHAVARAM (PT)(VILL) RAYAVARAM(MANDAL) KONASEEMA(DIST),533261,mpppsno2machavaram[at]gmail[dot]com,https://kys.udiseplus.gov.in/#/schooldetail/4667411/12,4667411,15/12/2023 12:08,2480
******00502 Operational,,MPPS (NO.2) MAMIDIKUDURU,,,,Andhra Pradesh,1-Primary,33-MPP_ZPP SCHOOLS,1 To 2,3-Co-educational,1-Rural,Mamidikuduru,Mamidikuduru,,,MAMIDIKUDURU(CANALROAD) MAMIDIKUDURU (VILL) MAMIDIKUDURU(VILL) MAMIDIKUDURU(MANDAL) EAST GODAVARI(DIST),533247,subhanand.thadi[at]hotmail[dot]com,https://kys.udiseplus.gov.in/#/schooldetail/4668905/12,4668905,25/01/2023 18:22,2480
******00503 Permanently Closed,,MPPS (NO.2) MAMIDIKUDURU,,,,Andhra Pradesh,1-Primary,33-MPP_ZPP SCHOOLS,1 To 5,3-Co-educational,1-Rural,Mamidikuduru,Mamidikuduru,,,NA,533247,,https://kys.udiseplus.gov.in/#/schooldetail/4715023/12,4715023,15/10/2020 12:18,2480
******01401 Operational,,MPPS (NO.2) MERLAPALEM,,,,Andhra Pradesh,1-Primary,33-MPP_ZPP SCHOOLS,1 To 5,3-Co-educational,1-Rural,Atreyapuram,Merlapalem,,,2-6 HARIJANAPETA MERLAPALEM (VILL) MERLAPALEM(VILL) ATREYAPURAM(MANDAL) EAST GODAVARI(DIST),533237,mpppsno2sc[at]gmail[dot]com,https://kys.udiseplus.gov.in/#/schooldetail/4667632/12,4667632,09/05/2022 18:56,2480
******00702 Operational,,MPPS (NO.2) MUNIPALLI,,,,Andhra Pradesh,1-Primary,33-MPP_ZPP SCHOOLS,1 To 5,3-Co-educational,1-Rural,Uppalaguptam,Munipalle,,,MUNIPALLI MUNIPALLI (VILL) MUNIPALLI(VILL) UPPALAGUPTAM(MANDAL) EAST GODAVARI(DIST),533222,krishnamurthy.pmd[at]gmail[dot]com,https://kys.udiseplus.gov.in/#/schooldetail/4668547/12,4668547,07/01/2026 08:48,2480
******00303 Operational,,MPPS (NO.2) NANGAVARAM,,,,Andhra Pradesh,1-Primary,33-MPP_ZPP SCHOOLS,1 To 5,3-Co-educational,1-Rural,Uppalaguptam,Nangavaram,,,NANGAVARAM NANGAVARAM (VILL) NANGAVARAM(VILL) UPPALAGUPTAM(MANDAL) EAST GODAVARI(DIST),533222,,https://kys.udiseplus.gov.in/#/schooldetail/4668539/12,4668539,07/01/2026 08:45,2480
******00802 Operational,,MPPS (NO.2) PALATHODU,,,,Andhra Pradesh,1-Primary,33-MPP_ZPP SCHOOLS,1 To 5,3-Co-educational,1-Rural,Mandapeta,Palathodu,,,PALATHODU(S C COLONY) PALATHODU (VILL) PALATHODU(VILL) MANDAPETA(MANDAL) EAST GODAVARI(DIST),533340,asmstmanikanta76[at]gmail[dot]com,https://kys.udiseplus.gov.in/#/schooldetail/4666655/12,4666655,24/12/2025 11:10,2480
******00203 Operational,,MPPS (NO.2) PAMARRU,,,,Andhra Pradesh,1-Primary,33-MPP_ZPP SCHOOLS,1 To 5,3-Co-educational,1-Rural,NA,NA,,,HARIJANAPETA PAMARRU (VILL) PAMARRU(VILL) K.GANGAVARAM(MANDAL) EAST GODAVARI(DIST),533305,,https://kys.udiseplus.gov.in/#/schooldetail/4667322/12,4667322,23/06/2022 14:06,2480
******01005 Operational,,MPPS (NO.2) PEKETIPAKALU,,,,Andhra Pradesh,1-Primary,33-MPP_ZPP SCHOOLS,1 To 5,3-Co-educational,1-Rural,Mandapeta,Tapeswaram,,,PEKETIPAKALU(NEW COLONY) TAPESWARAM (VILL) TAPESWARAM(VILL) MANDAPETA(MANDAL) EAST GODAVARI(DIST),533340,vbrahmamvanapalli74[at]gmail[dot]com,https://kys.udiseplus.gov.in/#/schooldetail/4666664/12,4666664,22/12/2025 11:39,2480
******01217 Operational,,MPPS (NO.2) PONNAMANDA,,,,Andhra Pradesh,1-Primary,33-MPP_ZPP SCHOOLS,1 To 2,3-Co-educational,1-Rural,Razole,Ponnamanda,,,PONNAMANDA PONNAMANDA (VILL) MERAKAPALEM(VILL) RAZOLE(MANDAL) EAST GODAVARI(DIST),533248,,https://kys.udiseplus.gov.in/#/schooldetail/4669054/12,4669054,11/03/2024 18:33,2480
******01707 Operational,,MPPS (NO.2) RANGAPURAM,,,,Andhra Pradesh,1-Primary,33-MPP_ZPP SCHOOLS,1 To 5,3-Co-educational,1-Rural,Amalapuram,Samanasa,,,BABU NAGAR SAMANASA VANNE CHINTALAPUDI(VILL) AMALAPURAM(MANDAL) EAST GODAVARI(DIST),533213,Svaralakshmi896[at]gmail[dot]com,https://kys.udiseplus.gov.in/#/schooldetail/4668234/12,4668234,21/12/2025 22:25,2480
******01404 Operational,,MPPS (NO.2) RAVI GUNTA CHERUVU,,,,Andhra Pradesh,1-Primary,33-MPP_ZPP SCHOOLS,1 To 5,3-Co-educational,1-Rural,Ainavilli,Vilasa,,,RAVI GUNTA CHERUVU(S C PETA) VILASA VILASA(VILL) AINAVILLI(MANDAL) EAST GODAVARI(DIST),533577,,https://kys.udiseplus.gov.in/#/schooldetail/4668194/12,4668194,19/07/2022 12:21,2480
******00402 Operational,,MPPS (NO.2) RAZOLE,,,,Andhra Pradesh,1-Primary,33-MPP_ZPP SCHOOLS,1 To 2,3-Co-educational,1-Rural,Razole,Razole,,,RAZOLE (M R O ROAD) RAZOLE (PT) (VILL) RAZOLE (PT)(VILL) RAZOLE(MANDAL) EAST GODAVARI(DIST),533242,kvramana9045[at]gmail[dot]com,https://kys.udiseplus.gov.in/#/schooldetail/4668990/12,4668990,26/01/2023 23:14,2480
******01503 Operational,,MPPS (NO.2) RYALI,,,,Andhra Pradesh,1-Primary,33-MPP_ZPP SCHOOLS,1 To 5,3-Co-educational,1-Rural,Atreyapuram,Ryali,,,RYALI RYALI (VILL) RYALI(VILL) ATREYAPURAM(MANDAL) EAST GODAVARI(DIST),533236,meo.atreyapuram[at]gmail[dot]com,https://kys.udiseplus.gov.in/#/schooldetail/4667641/12,4667641,18/07/2022 13:42,2480
******00701 Operational,,MPPS (NO.2) SANAPALLILANKA,,,,Andhra Pradesh,1-Primary,33-MPP_ZPP SCHOOLS,1 To 5,3-Co-educational,1-Rural,Ainavilli,Sanapalli Lanka,,,GARUVU SANAPALLI LANKA SANAPALLI LANKA(VILL) AINAVILLI(MANDAL) EAST GODAVARI(DIST),533211,venkataraopalepu[at]gmail[dot]com,https://kys.udiseplus.gov.in/#/schooldetail/4667718/12,4667718,19/07/2022 11:45,2480
******01202 Operational,,MPPS (NO.2) SARIPELLI,,,,Andhra Pradesh,1-Primary,33-MPP_ZPP SCHOOLS,1 To 5,3-Co-educational,1-Rural,Uppalaguptam,Gopavaram,,,SARIPELLI GOPAVARAM (VILL) GOPAVARAM(VILL) UPPALAGUPTAM(MANDAL) EAST GODAVARI(DIST),533213,kandregulakalavathi[at]gmail[dot]com,https://kys.udiseplus.gov.in/#/schooldetail/4668584/12,4668584,07/01/2026 08:59,2480
******00503 Operational,,MPPS (NO.2) SIVAKODU,,,,Andhra Pradesh,1-Primary,33-MPP_ZPP SCHOOLS,1 To 2,3-Co-educational,1-Rural,Razole,Sivakodu,,,sivalayam street,533244,srinivasundavalli6[at]gmail[dot]com,https://kys.udiseplus.gov.in/#/schooldetail/4668567/12,4668567,26/01/2023 23:15,2480
******00302 Operational,,MPPS (NO.2) SOMPALLI,,,,Andhra Pradesh,1-Primary,33-MPP_ZPP SCHOOLS,1 To 5,3-Co-educational,1-Rural,Razole,Sompalle,,,PALLI PALEM SOMPALLI (VILL) SOMPALLI(VILL) RAZOLE(MANDAL) EAST GODAVARI(DIST),533242,ksaigopal12345[at]gmail[dot]com,https://kys.udiseplus.gov.in/#/schooldetail/4668986/12,4668986,11/03/2024 18:41,2480
******01405 Operational,,MPPS (NO.2) SURASANIYANAM,,,,Andhra Pradesh,1-Primary,33-MPP_ZPP SCHOOLS,1 To 2,3-Co-educational,1-Rural,Uppalaguptam,Surasaniyanam,,,SURASANIYANAM(NEAR HIGHSCHOOL) SURASANIYANAM (VILL) SURASANIYANAM(VILL) UPPALAGUPTAM(MANDAL) EAST GODAVARI(DIST),533213,jagadeeshborusu9[at]gmail[dot]com,https://kys.udiseplus.gov.in/#/schooldetail/4668611/12,4668611,07/01/2026 09:05,2480
******00102 Operational,,MPPS (NO.2) TATIPAKA,,,,Andhra Pradesh,1-Primary,33-MPP_ZPP SCHOOLS,1 To 2,3-Co-educational,1-Rural,Razole,Thatipaka,,,AMBEDKAR NAGAR TATIPAKA (VILL) TATIPAKA(VILL) RAZOLE(MANDAL) EAST GODAVARI(DIST),533249,avvsatyanarayana21[at]gmail[dot]com,https://kys.udiseplus.gov.in/#/schooldetail/4668973/12,4668973,26/01/2023 23:11,2480
******01009 Operational,,MPPS (NO.2) VADAPARRU,,,,Andhra Pradesh,1-Primary,33-MPP_ZPP SCHOOLS,1 To 5,3-Co-educational,1-Rural,Uppalaguptam,Gollavilli,,,VADAPARRU (SPL) GOLLAVILLI(VILL) GOLLAVILLI(VILL) UPPALAGUPTAM(MANDAL) EAST GODAVARI(DIST),533222,mppsvadaparru[at]gmail[dot]com,https://kys.udiseplus.gov.in/#/schooldetail/4668577/12,4668577,07/01/2026 08:58,2480
******00702 Operational,,MPPS (NO.2) VELAGATHODU,,,,Andhra Pradesh,1-Primary,33-MPP_ZPP SCHOOLS,1 To 2,3-Co-educational,1-Rural,Mandapeta,Velagathodu,,,VELAGATHODU(NEW COLONY) VELAGATHODU (VILL) VELAGATHODU(VILL) MANDAPETA(MANDAL) EAST GODAVARI(DIST),533340,meomandaptea[at]gmail[dot]com,https://kys.udiseplus.gov.in/#/schooldetail/4666252/12,4666252,22/12/2025 11:43,2480
******00202 Operational,,MPPS (NO.2) VEMULAPALLI,,,,Andhra Pradesh,1-Primary,33-MPP_ZPP SCHOOLS,1 To 5,3-Co-educational,1-Rural,Mandapeta,Dwarapudi,,,S.V.R.Colony VEMULAPALLI (VILL) Dwarapudi(Post) MANDAPETA(MANDAL) EAST GODAVARI(DIST),533341,9908164182d[at]gmail[dot]com,https://kys.udiseplus.gov.in/#/schooldetail/4666630/12,4666630,24/12/2025 11:06,2480
******01406 Operational,,MPPS (NO.2) YEDITHA,,,,Andhra Pradesh,1-Primary,33-MPP_ZPP SCHOOLS,1 To 2,3-Co-educational,1-Rural,Mandapeta,Yeditha,,,YEDITHA YEDITHA (VILL) YEDITHA(VILL) MANDAPETA(MANDAL) EAST GODAVARI(DIST),533234,devavvprakash[at]gmail[dot]com,https://kys.udiseplus.gov.in/#/schooldetail/4666289/12,4666289,31/12/2025 16:45,2480
******01407 Operational,,MPPS (NO.2) Y SEETHANAGARAM,,,,Andhra Pradesh,1-Primary,33-MPP_ZPP SCHOOLS,1 To 5,3-Co-educational,1-Rural,Mandapeta,Yeditha,,,1-87 YEDITHA SEETHANAGARAM YEDITHA (VILL) YEDITHA(VILL) MANDAPETA(MANDAL) EAST GODAVARI(DIST),533234,mpppsno2yseethanagaram[at]gmail[dot]com,https://kys.udiseplus.gov.in/#/schooldetail/4666290/12,4666290,31/12/2025 16:42,2480
******00502 Operational,,MPPS (NO.2) Z MEDAPADU,,,,Andhra Pradesh,1-Primary,33-MPP_ZPP SCHOOLS,1 To 2,3-Co-educational,1-Rural,Mandapeta,Z.Medapadu,,,Z.MEDAPADU(8TH WARD) Z.MEDAPADU (VILL) Z.MEDAPADU(VILL) MANDAPETA(MANDAL) EAST GODAVARI(DIST),533341,,https://kys.udiseplus.gov.in/#/schooldetail/4666648/12,4666648,22/12/2025 11:38,2480
******01102 Operational,,MPPS (NO.3) ANKAMPALEM,,,,Andhra Pradesh,1-Primary,33-MPP_ZPP SCHOOLS,1 To 2,3-Co-educational,1-Rural,Atreyapuram,Ankampalem,,,SANJEEV NAGAR ANKAMPALEM ANKAMPALEM(VILL) ATREYAPURAM(MANDAL) EAST GODAVARI(DIST),533236,mpppsno3ankampalem[at]gmail[dot]com,https://kys.udiseplus.gov.in/#/schooldetail/4667617/12,4667617,20/06/2025 10:28,2480
******01103 Operational,,MPPS (NO.3) ARTHAMURU,,,,Andhra Pradesh,1-Primary,33-MPP_ZPP SCHOOLS,1 To 2,3-Co-educational,1-Rural,Mandapeta,Arthamuru,,,ARTHAMURU ARTHAMURU (VILL) ARTHAMURU(VILL) MANDAPETA(MANDAL) EAST GODAVARI(DIST),533340,NLNACHARYULU[at]gmail[dot]com,https://kys.udiseplus.gov.in/#/schooldetail/4666676/12,4666676,31/12/2025 16:46,2480
******00503 Operational,,MPPS (NO.3) GANTI ARUNDHATIPETA,,,,Andhra Pradesh,1-Primary,33-MPP_ZPP SCHOOLS,1 To 5,3-Co-educational,1-Rural,Kothapeta,Ganti,,,ARUNDADHIPIPETA GANTI (VILL) GANTI(VILL) KOTHAPETA(MANDAL) EAST GODAVARI(DIST),533274,kunchesahithi340[at]gmail[dot]com,https://kys.udiseplus.gov.in/#/schooldetail/4667880/12,4667880,15/10/2020 12:18,2480
******00808 Operational,,MPPS (NO.3) KADALI,,,,Andhra Pradesh,1-Primary,33-MPP_ZPP SCHOOLS,1 To 5,3-Co-educational,1-Rural,Razole,Kadali,,,SIDHARTHA COLONY KADALI (VILL) KADALI(VILL) RAZOLE(MANDAL) EAST GODAVARI(DIST),533248,nageswari.katakam1[at]gmail[dot]com,https://kys.udiseplus.gov.in/#/schooldetail/4669024/12,4669024,15/10/2020 12:18,2480
******01304 Operational,,MPPS (NO.3) KOMARAGIRIPATNAM,,,,Andhra Pradesh,1-Primary,33-MPP_ZPP SCHOOLS,1 To 5,3-Co-educational,1-Rural,Allavaram,Komaragiripatnam,,,KOMARAGIRIPATNA KOMARAGIRIPATNAM KOMARAGIRIPATNAM(VILL) ALLAVARAM(MANDAL) EAST GODAVARI(DIST),533210,balajiguttula68[at]gmail[dot]com,https://kys.udiseplus.gov.in/#/schooldetail/4668855/12,4668855,19/12/2025 10:54,2480
******01404 Operational,,MPPS (NO.3) MERLAPALEM,,,,Andhra Pradesh,1-Primary,33-MPP_ZPP SCHOOLS,1 To 5,3-Co-educational,1-Rural,Atreyapuram,Merlapalem,,,3-96/1 MERLAPALEM(A PETA) MERLAPALEM (VILL) MERLAPALEM(VILL) ATREYAPURAM(MANDAL) EAST GODAVARI(DIST),533237,mpppsno3[at]gmail[dot]com,https://kys.udiseplus.gov.in/#/schooldetail/4667635/12,4667635,09/05/2022 18:58,2480
******01202 Operational,,MPPS (NO.3) PONNAMANDA,,,,Andhra Pradesh,1-Primary,33-MPP_ZPP SCHOOLS,1 To 2,3-Co-educational,1-Rural,Razole,Ponnamanda,,,SIDDARDHA NAGAR PONNAMANDA (VILL) PONNAMANDA(VILL) RAZOLE(MANDAL) EAST GODAVARI(DIST),533248,gbujji489[at]gmail[dot]com,https://kys.udiseplus.gov.in/#/schooldetail/4669047/12,4669047,11/03/2024 18:33,2480
******00403 Permanently Closed,,MPPS (NO.3) RAZOLE,,,,Andhra Pradesh,1-Primary,33-MPP_ZPP SCHOOLS,1 To 5,3-Co-educational,1-Rural,Razole,Razole,,,NA,533242,,https://kys.udiseplus.gov.in/#/schooldetail/4715032/12,4715032,15/10/2020 12:18,2480
******01504 Operational,,MPPS (NO.3) RYALI,,,,Andhra Pradesh,1-Primary,33-MPP_ZPP SCHOOLS,1 To 5,3-Co-educational,1-Rural,Atreyapuram,Ryali,,,RYALI RYALI (VILL) RYALI(VILL) ATREYAPURAM(MANDAL) EAST GODAVARI(DIST),533236,mppsryali3[at]gmail[dot]com,https://kys.udiseplus.gov.in/#/schooldetail/4667642/12,4667642,18/07/2022 13:43,2480
******00507 Operational,,MPPS (NO.3) SIVAKODU,,,,Andhra Pradesh,1-Primary,33-MPP_ZPP SCHOOLS,1 To 5,3-Co-educational,1-Rural,Razole,Sivakodu,,,18 acress colony SIVAKODU (VILL) SIVAKODU(VILL) RAZOLE(MANDAL) EAST GODAVARI(DIST),533244,dsnheadmaster12[at]gmail[dot]com,https://kys.udiseplus.gov.in/#/schooldetail/4669008/12,4669008,15/10/2020 12:18,2480
******00303 Operational,,MPPS (NO.3) SOMPALLI,,,,Andhra Pradesh,1-Primary,33-MPP_ZPP SCHOOLS,1 To 2,3-Co-educational,1-Rural,Razole,Sompalle,,,INDIRA COLONY SOMPALLI (VILL) SOMPALLI(VILL) RAZOLE(MANDAL) EAST GODAVARI(DIST),533242,,https://kys.udiseplus.gov.in/#/schooldetail/4668987/12,4668987,11/03/2024 18:40,2480
******00103 Operational,,MPPS (NO.3) TATIPAKA,,,,Andhra Pradesh,1-Primary,33-MPP_ZPP SCHOOLS,1 To 2,3-Co-educational,1-Rural,Razole,Thatipaka,,,BOLITIPPA TATIPAKA (VILL) TATIPAKA(VILL) RAZOLE(MANDAL) EAST GODAVARI(DIST),533249,unakumari5354[at]gmail[dot]com,https://kys.udiseplus.gov.in/#/schooldetail/4668974/12,4668974,11/03/2024 18:42,2480
******00203 Operational,,MPPS (NO.3) VEMULAPALLI,,,,Andhra Pradesh,1-Primary,33-MPP_ZPP SCHOOLS,1 To 5,3-Co-educational,1-Rural,Mandapeta,Dwarapudi,,,VEMULAPALLI VEMULAPALLI (VILL) VEMULAPALLI(VILL) MANDAPETA(MANDAL) EAST GODAVARI(DIST),533341,ssn7686[at]gmail[dot]com,https://kys.udiseplus.gov.in/#/schooldetail/4666631/12,4666631,24/12/2025 11:06,2480
******01401 Operational,,MPPS (NO.3) YEDITHA,,,,Andhra Pradesh,1-Primary,33-MPP_ZPP SCHOOLS,1 To 2,3-Co-educational,1-Rural,Mandapeta,Yeditha,,,YEDITHA YEDITHA (VILL) YEDITHA(VILL) MANDAPETA(MANDAL) EAST GODAVARI(DIST),533234,,https://kys.udiseplus.gov.in/#/schooldetail/4666683/12,4666683,31/12/2025 16:44,2480
******00504 Operational,,MPPS (NO.4) GANTI PALLIPALEM,,,,Andhra Pradesh,1-Primary,33-MPP_ZPP SCHOOLS,1 To 5,3-Co-educational,1-Rural,Kothapeta,Ganti,,,GANTIPALLI PALEM GANTI (VILL) GANTI(VILL) KOTHAPETA(MANDAL) EAST GODAVARI(DIST),533274,meo.kothapeta[at]gmail[dot]com,https://kys.udiseplus.gov.in/#/schooldetail/4667881/12,4667881,15/10/2020 12:18,2480
******00814 Operational,,MPPS (NO.4) KADALI,,,,Andhra Pradesh,1-Primary,33-MPP_ZPP SCHOOLS,1 To 5,3-Co-educational,1-Rural,Razole,Kadali,,,Kadali Razole EGDt533248,533248,nirmala156[at]gmail[dot]com,https://kys.udiseplus.gov.in/#/schooldetail/4669026/12,4669026,13/03/2024 15:15,2480
******01219 Operational,,MPPS (NO.4) PONNAMANDA,,,,Andhra Pradesh,1-Primary,33-MPP_ZPP SCHOOLS,1 To 5,3-Co-educational,1-Rural,Razole,Ponnamanda,,,PONNAMANDA PONNAMANDA(VILL) PONNAMANDA(VILL) RAZOLE(MANDAL) EAST GODAVARI(DIST),533248,,https://kys.udiseplus.gov.in/#/schooldetail/4669056/12,4669056,11/03/2024 18:32,2480
******00405 Operational,,MPPS (NO.4) RAZOLE,,,,Andhra Pradesh,1-Primary,33-MPP_ZPP SCHOOLS,1 To 5,3-Co-educational,1-Rural,Razole,Razole,,,RAZOLE RAZOLE (PT) (VILL) RAZOLE (PT)(VILL) RAZOLE(MANDAL) EAST GODAVARI(DIST),533242,kothapallimani3[at]gmail[dot]com,https://kys.udiseplus.gov.in/#/schooldetail/4668992/12,4668992,15/10/2020 12:18,2480
******00204 Operational,,MPPS (NO.4) VEMULAPALLI,,,,Andhra Pradesh,1-Primary,33-MPP_ZPP SCHOOLS,1 To 5,3-Co-educational,1-Rural,Mandapeta,Dwarapudi,,,VEMULAPALLI VEMULAPALLI (VILL) VEMULAPALLI(VILL) MANDAPETA(MANDAL) EAST GODAVARI(DIST),533341,mpppschoolmission[at]gmail[dot]com,https://kys.udiseplus.gov.in/#/schooldetail/4666632/12,4666632,22/12/2025 11:38,2480
******00505 Operational,,MPPS (NO.5) GANTI CHINAPETA,,,,Andhra Pradesh,1-Primary,33-MPP_ZPP SCHOOLS,1 To 5,3-Co-educational,1-Rural,Kothapeta,Ganti,,,GANTI CHINAPETA GANTI (VILL) GANTI(VILL) KOTHAPETA(MANDAL) EAST GODAVARI(DIST),533223,meo.kothapeta[at]gmail[dot]com,https://kys.udiseplus.gov.in/#/schooldetail/4667882/12,4667882,22/12/2025 15:23,2480
******00815 Operational,,MPPS (NO.5) KADALI,,,,Andhra Pradesh,1-Primary,33-MPP_ZPP SCHOOLS,1 To 5,3-Co-educational,1-Rural,Razole,Kadali,,,GANGARAVI CHERUVU KADALI (VILL) KADALI(VILL) RAZOLE(MANDAL) EAST GODAVARI(DIST),533248,kvsbabu82[at]gmail[dot]com,https://kys.udiseplus.gov.in/#/schooldetail/4669027/12,4669027,15/10/2020 12:18,2480
******01208 Operational,,MPPS (NO.5) PONNAMANDA,,,,Andhra Pradesh,1-Primary,33-MPP_ZPP SCHOOLS,1 To 2,3-Co-educational,1-Rural,Razole,Ponnamanda,,,POLERAMMAPETA PONNAMANDA (VILL) PONNAMANDA(VILL) RAZOLE(MANDAL) EAST GODAVARI(DIST),533248,sarellasangeeta[at]gmail[dot]com,https://kys.udiseplus.gov.in/#/schooldetail/4669049/12,4669049,20/06/2025 22:44,2480
******00206 Operational,,MPPS (NO.5) VEMULAPALLI,,,,Andhra Pradesh,1-Primary,33-MPP_ZPP SCHOOLS,1 To 5,3-Co-educational,1-Rural,Mandapeta,Dwarapudi,,,VEMULAPALLI VEMULAPALLI(VILL) VEMULAPALLI(VILL) MANDAPETA(MANDAL) EAST GODAVARI(DIST),533341,,https://kys.udiseplus.gov.in/#/schooldetail/4666634/12,4666634,24/12/2025 11:07,2480
******00207 Operational,,MPPS (NO.6) VEMULAPALLI,,,,Andhra Pradesh,1-Primary,33-MPP_ZPP SCHOOLS,1 To 5,3-Co-educational,1-Rural,Mandapeta,Dwarapudi,,,VEMULAPALLI(V P NAGAR) VEMULAPALLI(VILL) VEMULAPALLI(VILL) MANDAPETA(MANDAL) EAST GODAVARI(DIST),533341,kususrinubabu7[at]gmail[dot]com,https://kys.udiseplus.gov.in/#/schooldetail/4666635/12,4666635,24/12/2025 11:07,2480
******00802 Permanently Closed,,MPPS (NVP) VENTURU,,,,Andhra Pradesh,1-Primary,33-MPP_ZPP SCHOOLS,1 To 5,3-Co-educational,1-Rural,Rayavaram,Venturu,,,NA,533255,,https://kys.udiseplus.gov.in/#/schooldetail/4714916/12,4714916,15/10/2020 12:18,2480
******00501 Permanently Closed,,MPPS ODURU,,,,Andhra Pradesh,1-Primary,33-MPP_ZPP SCHOOLS,1 To 5,3-Co-educational,1-Rural,Ramachandrapuram,Oduru,,,NA,533255,,https://kys.udiseplus.gov.in/#/schooldetail/4714897/12,4714897,15/10/2020 12:18,2480
******00903 Operational,,MPPS OORIVADDA PETA,,,,Andhra Pradesh,1-Primary,33-MPP_ZPP SCHOOLS,1 To 5,3-Co-educational,1-Rural,Kothapeta,Vanapalle,,,VURIVADDA PETA VANAPALLI (VILL) VANAPALLI(VILL) KOTHAPETA(MANDAL) EAST GODAVARI(DIST),533228,mpppsvurivaddapeta[at]gmail[dot]com,https://kys.udiseplus.gov.in/#/schooldetail/4667911/12,4667911,15/10/2020 12:18,2480
******00208 Operational,,MPPS PAATIVAARI PALEM,,,,Andhra Pradesh,1-Primary,33-MPP_ZPP SCHOOLS,1 To 5,3-Co-educational,1-Rural,Allavaram,Allavaram,,,PATIVANI PALEM ALLAVARAM ALLAVARAM(VILL) ALLAVARAM(MANDAL) EAST GODAVARI(DIST),533217,meo.allavaram1[at]gmail[dot]com,https://kys.udiseplus.gov.in/#/schooldetail/4668808/12,4668808,19/12/2025 10:42,2480
******01006 Operational,,MPPS PADAMATIPALEM,,,,Andhra Pradesh,1-Primary,33-MPP_ZPP SCHOOLS,1 To 2,3-Co-educational,1-Rural,Malikipuram,Kesanapalle,,,PADAMATI PALEM KESANAPALLE (VILL) KESANAPALLE(VILL) MALIKIPURAM(MANDAL) EAST GODAVARI(DIST),533250,meo.malikipuram[at]gmail[dot]com,https://kys.udiseplus.gov.in/#/schooldetail/4669139/12,4669139,11/03/2024 18:22,2480
******00706 Operational,,MPPS PADAMATIPALLI,,,,Andhra Pradesh,1-Primary,33-MPP_ZPP SCHOOLS,1 To 5,3-Co-educational,1-Rural,Sakhinetipalle,Kesavadasupalem,,,PADAMATIPALEM KESAVADASUPALEM (VILL) KESAVADASUPALEM(VILL) SAKHINETIPALLI(MANDAL) EAST GODAVARI(DIST),533250,,https://kys.udiseplus.gov.in/#/schooldetail/4669247/12,4669247,15/10/2020 12:18,2480
******01105 Operational,,MPPS PADAVALAPALEM,,,,Andhra Pradesh,1-Primary,33-MPP_ZPP SCHOOLS,1 To 5,3-Co-educational,1-Rural,Malikipuram,Sankaraguptham,,,PADAVALAPALEM SANKARAGUPTHAM (VILL) SANKARAGUPTHAM(VILL) MALIKIPURAM(MANDAL) EAST GODAVARI(DIST),533250,nsrkumari786[at]gmail[dot]com,https://kys.udiseplus.gov.in/#/schooldetail/4669157/12,4669157,15/10/2020 12:18,2480
******00701 Operational,,MPPS PALAGUMMI,,,,Andhra Pradesh,1-Primary,33-MPP_ZPP SCHOOLS,1 To 5,3-Co-educational,1-Rural,Razole,Palagummi,,,PALAGUMMI PALAGUMMI (VILL) PALAGUMMI(VILL) RAZOLE(MANDAL) EAST GODAVARI(DIST),533249,palagummi.mpps[at]gmail[dot]com,https://kys.udiseplus.gov.in/#/schooldetail/4669019/12,4669019,15/10/2020 12:18,2480
******00101 Operational,,MPPS PALAGUMMI,,,,Andhra Pradesh,1-Primary,33-MPP_ZPP SCHOOLS,1 To 5,3-Co-educational,1-Rural,Amalapuram,Palagummi,,,PALAGUMMI PALAGUMMI PALAGUMMI(VILL) AMALAPURAM(MANDAL) EAST GODAVARI(DIST),533221,Chandravathi.muddana[at]gmail[dot]com,https://kys.udiseplus.gov.in/#/schooldetail/4668614/12,4668614,20/12/2025 14:34,2480
******00404 Operational,,MPPS PALIVELA PEDAPETA,,,,Andhra Pradesh,1-Primary,33-MPP_ZPP SCHOOLS,1 To 5,3-Co-educational,1-Rural,Kothapeta,Palivela,,,PALIVELA PEDAPETA PALIVELA (VILL) PALIVELA(VILL) KOTHAPETA(MANDAL) EAST GODAVARI(DIST),533229,,https://kys.udiseplus.gov.in/#/schooldetail/4667445/12,4667445,15/10/2020 12:18,2480
******01108 Operational,,MPPS PALLAM,,,,Andhra Pradesh,1-Primary,33-MPP_ZPP SCHOOLS,1 To 5,3-Co-educational,1-Rural,Katrenikona,Kandikuppa,,,PALLAM KANDIKUPPA (VILL) KANDIKUPPA(VILL) KATRENIKONA(MANDAL) EAST GODAVARI(DIST),533212,mppspallam[at]gmail[dot]com,https://kys.udiseplus.gov.in/#/schooldetail/4713550/12,4713550,16/06/2025 11:47,2480
******01216 Operational,,MPPS PALLAMKURRU,,,,Andhra Pradesh,1-Primary,33-MPP_ZPP SCHOOLS,1 To 5,3-Co-educational,1-Rural,Katrenikona,Pallamkurru,,,PALLAMKURRU PALLAMKURRU (VILL) PALLAMKURRU(VILL) KATRENIKONA(MANDAL) EAST GODAVARI(DIST),533212,mppspallamkurru1216[at]gmail[dot]com,https://kys.udiseplus.gov.in/#/schooldetail/4668504/12,4668504,15/10/2020 12:18,2480
******00201 Operational,,MPPS PALLAVARI PALEM,,,,Andhra Pradesh,1-Primary,33-MPP_ZPP SCHOOLS,1 To 5,3-Co-educational,1-Rural,Mummidivaram,Tanelanka,,,PALLAVARI PALEM TANELANKA (VILL) TANELANKA(VILL) MUMMIDIVARAM(MANDAL) EAST GODAVARI(DIST),533216,,https://kys.udiseplus.gov.in/#/schooldetail/4668216/12,4668216,11/03/2024 18:43,2480
******01016 Operational,,MPPS PALLILEPALEM,,,,Andhra Pradesh,1-Primary,33-MPP_ZPP SCHOOLS,1 To 5,3-Co-educational,1-Rural,I. Polavaram,Kesanakurru,,,PALLILEPALEM KESANAKURRU KESANAKURRU(VILL) I.POLAVARAM(MANDAL) EAST GODAVARI(DIST),533220,mpprimarypallipalem[at]gmail[dot]com,https://kys.udiseplus.gov.in/#/schooldetail/4668414/12,4668414,09/05/2022 19:01,2480
******00802 Operational,,MPPS PALLI PALEM,,,,Andhra Pradesh,1-Primary,33-MPP_ZPP SCHOOLS,1 To 5,3-Co-educational,1-Rural,Katrenikona,Nadavapalle,,,PALLI PALEM NADAVAPALLE (VILL) NADAVAPALLE(VILL) KATRENIKONA(MANDAL) EAST GODAVARI(DIST),533212,,https://kys.udiseplus.gov.in/#/schooldetail/4668461/12,4668461,15/10/2020 12:18,2480
******00807 Operational,,MPPS PALLIPALEM,,,,Andhra Pradesh,1-Primary,33-MPP_ZPP SCHOOLS,1 To 5,3-Co-educational,1-Rural,Sakhinetipalle,Antarvedi,,,PALLIPALEM ANTARVEDI (VILL) ANTARVEDI(VILL) SAKHINETIPALLI(MANDAL) EAST GODAVARI(DIST),533252,mppspallipalem[at]gmail[dot]com,https://kys.udiseplus.gov.in/#/schooldetail/4669257/12,4669257,17/06/2025 22:02,2480
******00708 Operational,,MPPS PALLIPALEM,,,,Andhra Pradesh,1-Primary,33-MPP_ZPP SCHOOLS,1 To 5,3-Co-educational,2-Urban,NA,,Mummidivaram Ward No.3,Mummidivaram-Town Panchayat,PALLI PALEM MUMMIDIVARAM (VILL) MUMMIDIVARAM(VILL) MUMMIDIVARAM(MANDAL) EAST GODAVARI(DIST),533216,mpppspallipalem[at]gmail[dot]com,https://kys.udiseplus.gov.in/#/schooldetail/4668259/12,4668259,11/03/2024 19:00,2480
******01105 Operational,,MPPS PALLIPALEM OF AINAPURAM,,,,Andhra Pradesh,1-Primary,33-MPP_ZPP SCHOOLS,1 To 5,3-Co-educational,1-Rural,Mummidivaram,Ainapuram,,,PALLIPALEM AINAPURAM (VILL) AINAPURAM(VILL) MUMMIDIVARAM(MANDAL) EAST GODAVARI(DIST),533216,badrianji16[at]gmail[dot]com,https://kys.udiseplus.gov.in/#/schooldetail/4668311/12,4668311,11/03/2024 19:07,2480
******00701 Operational,,MPPS PAMPANAVARI PALEM,,,,Andhra Pradesh,1-Primary,33-MPP_ZPP SCHOOLS,1 To 5,3-Co-educational,1-Rural,NA,NA,,,PAMPANAVARI PALEM YERRA POTHAVARAM (VILL) YERRA POTHAVARAM(VILL) K.GANGAVARAM(MANDAL) EAST GODAVARI(DIST),533262,tnsrao89[at]gmail[dot]com,https://kys.udiseplus.gov.in/#/schooldetail/4667765/12,4667765,23/06/2022 14:27,2480
******00309 Operational,,MPPS PANASALA DODDI,,,,Andhra Pradesh,1-Primary,33-MPP_ZPP SCHOOLS,1 To 5,3-Co-educational,1-Rural,Kothapeta,Kothapeta,,,PANASALADODDI KOTHAPETA (VILL) KOTHAPETA(VILL) KOTHAPETA(MANDAL) EAST GODAVARI(DIST),533223,meo.kothapeta[at]gmail[dot]com,https://kys.udiseplus.gov.in/#/schooldetail/4667412/12,4667412,15/10/2020 12:18,2480
******01102 Operational,,MPPS PANDUVARIPETA,,,,Andhra Pradesh,1-Primary,33-MPP_ZPP SCHOOLS,1 To 5,3-Co-educational,1-Rural,Ambajipeta,Machavaram,,,PANDUVARIPETA MACHAVARAM(U) (VILL) MACHAVARAM(U)(VILL) AMBAJIPETA(MANDAL) EAST GODAVARI(DIST),533214,mppspanduvaripeta[at]gmail[dot]com,https://kys.udiseplus.gov.in/#/schooldetail/4668100/12,4668100,23/12/2025 17:14,2480
******00401 Operational,,MPPS PANINGAPALLI,,,,Andhra Pradesh,1-Primary,33-MPP_ZPP SCHOOLS,1 To 5,3-Co-educational,1-Rural,NA,NA,,,PANINGAPALLI PANINGAPALLI (VILL) PANINGAPALLI(VILL) K.GANGAVARAM(MANDAL) EAST GODAVARI(DIST),533305,mppmpspaningapalli[at]gmail[dot]com,https://kys.udiseplus.gov.in/#/schooldetail/4667755/12,4667755,23/06/2022 14:25,2480
******00302 Operational,,MPPS PAPPULAVARIPALEM,,,,Andhra Pradesh,1-Primary,33-MPP_ZPP SCHOOLS,1 To 5,3-Co-educational,1-Rural,P.Gannavaram,Kundalapalle,,,PAPPULAVARIPALEM KUNDALAPALLE (VILL) KUNDALAPALLE(VILL) P.GANNAVARAM(MANDAL) EAST GODAVARI(DIST),533229,manjunapati[at]gmail[dot]com,https://kys.udiseplus.gov.in/#/schooldetail/4667956/12,4667956,21/06/2025 09:26,2480
******01305 Operational,,MPPS PARRA PETA,,,,Andhra Pradesh,1-Primary,33-MPP_ZPP SCHOOLS,1 To 5,3-Co-educational,1-Rural,Uppalaguptam,T. Challapalle,,,PARRA PETA T. CHALLAPALLE (VILL) T. CHALLAPALLE(VILL) UPPALAGUPTAM(MANDAL) EAST GODAVARI(DIST),533213,guttulasrinivasu7[at]gmail[dot]com,https://kys.udiseplus.gov.in/#/schooldetail/4668594/12,4668594,07/01/2026 09:03,2480
******00802 Operational,,MPPS PASARLAPUDI,,,,Andhra Pradesh,1-Primary,33-MPP_ZPP SCHOOLS,1 To 5,3-Co-educational,1-Rural,Mamidikuduru,Pasarlapudi,,,PASARLAPUDI PASARLAPUDI (VILL) MOGALIKUDURU(VILL) MAMIDIKUDURU(MANDAL) EAST GODAVARI(DIST),533247,mppps.pasarlapudi[at]gmail[dot]com,https://kys.udiseplus.gov.in/#/schooldetail/4668931/12,4668931,18/07/2022 16:22,2480
******00402 Operational,,MPPS PASARLAPUDI BADAVA,,,,Andhra Pradesh,1-Primary,33-MPP_ZPP SCHOOLS,1 To 2,3-Co-educational,1-Rural,Mamidikuduru,Pasarlapudi,,,PASARLAPUDI BADAVA PASARLAPUDI (VILL) PASARLAPUDI(VILL) MAMIDIKUDURU(MANDAL) EAST GODAVARI(DIST),533247,,https://kys.udiseplus.gov.in/#/schooldetail/4668899/12,4668899,11/03/2024 18:33,2480
******01301 Operational,,MPPS PASARLAPUDILANKA,,,,Andhra Pradesh,1-Primary,33-MPP_ZPP SCHOOLS,1 To 5,3-Co-educational,1-Rural,Mamidikuduru,Pasarlapudilanka,,,PASARLAPUDILANKA S STEMPLEAREA PASARLAPUDILANKA (VILL) PASARLAPUDILANKA(VILL) MAMIDIKUDURU(MANDAL) EAST GODAVARI(DIST),533247,gonamandanprasad[at]gmail[dot]com,https://kys.udiseplus.gov.in/#/schooldetail/4668950/12,4668950,11/03/2024 18:35,2480
******00203 Operational,,MPPS PASUPALLI,,,,Andhra Pradesh,1-Primary,33-MPP_ZPP SCHOOLS,1 To 5,3-Co-educational,1-Rural,Ambajipeta,Pasupalle,,,PASUPALLI PASUPALLI PASUPALLI(VILL) NEAR TEMPLE AMBAJIPETA(MANDAL) EAST GODAVARI(DIST),533228,subbukumpatla143[at]gmail[dot]com,https://kys.udiseplus.gov.in/#/schooldetail/4668049/12,4668049,23/12/2025 17:03,2480
******00102 Operational,,MPPS PASUVULLANKA PEDA PETA,,,,Andhra Pradesh,1-Primary,33-MPP_ZPP SCHOOLS,1 To 5,3-Co-educational,1-Rural,I. Polavaram,Pasuvullanka,,,PASUVULLANKA( PEDA PETA) PASUVULLANKA (VILL) PASUVULLANKA(VILL) I.POLAVARAM(MANDAL) EAST GODAVARI(DIST),533220,mpps.pedapeta2814[at]gmail[dot]com,https://kys.udiseplus.gov.in/#/schooldetail/4668321/12,4668321,09/05/2022 18:09,2480
******02304 Operational,,MPPS PATHA BHATLA PALIKA,,,,Andhra Pradesh,1-Primary,33-MPP_ZPP SCHOOLS,1 To 5,3-Co-educational,1-Rural,NA,NA,,,PATHA BHATLA PALIKA BHATLA PALIKA (VILL) BHATLA PALIKA(VILL) K.GANGAVARAM(MANDAL) EAST GODAVARI(DIST),533263,gvvsnprasad7[at]gmail[dot]com,https://kys.udiseplus.gov.in/#/schooldetail/4667812/12,4667812,23/06/2022 14:42,2480
******00701 Operational,,MPPS PATHAGANNAVARAM,,,,Andhra Pradesh,1-Primary,33-MPP_ZPP SCHOOLS,1 To 5,3-Co-educational,1-Rural,P.Gannavaram,Patha Gannavaram,,,PATHAGANNAVARAM(NEAR SIVALAYAM PATHA GANNAVARAM (VILL) PATHA GANNAVARAM(VILL) P.GANNAVARAM(MANDAL) EAST GODAVARI(DIST),533240,mppspgannavarammain[at]gmail[dot]com,https://kys.udiseplus.gov.in/#/schooldetail/4667979/12,4667979,18/07/2022 15:05,2480
******00301 Operational,,MPPS PATHA INJARAM,,,,Andhra Pradesh,1-Primary,33-MPP_ZPP SCHOOLS,1 To 5,3-Co-educational,1-Rural,I. Polavaram,Patha Injaram,,,PATHA INJARAM PATHA INJARAM (VILL) PATHA INJARAM(VILL) I.POLAVARAM(MANDAL) EAST GODAVARI(DIST),533464,,https://kys.udiseplus.gov.in/#/schooldetail/4668334/12,4668334,09/05/2022 18:17,2480
******00206 Operational,,MPPS PATHALADIBBA,,,,Andhra Pradesh,1-Primary,33-MPP_ZPP SCHOOLS,1 To 5,3-Co-educational,1-Rural,Uppalaguptam,Bheemanapalle,,,BHEEMANAPALLI-UPPALAGUPTAM-EAST GODAVARI,533222,mpppspathaladibba[at]gmail[dot]com,https://kys.udiseplus.gov.in/#/schooldetail/4668525/12,4668525,07/01/2026 08:43,2480
******00101 Operational,,MPPS PATHAPETA OF D KESAVARAM,,,,Andhra Pradesh,1-Primary,33-MPP_ZPP SCHOOLS,1 To 5,3-Co-educational,1-Rural,Mandapeta,Kesavaram,,,PATHAPETA OF KESAVARAM KESAVARAM (VILL) KESAVARAM(VILL) MANDAPETA(MANDAL) EAST GODAVARI(DIST),533341,trinath.mypala[at]gmail[dot]com,https://kys.udiseplus.gov.in/#/schooldetail/4666618/12,4666618,20/12/2025 15:55,2480
******01103 Closed,Closed,MPPS PATICHERUVU,,,,Andhra Pradesh,1-Primary,33-MPP_ZPP SCHOOLS,1 To 5,3-Co-educational,1-Rural,Atreyapuram,Ankampalem,,,PATICHERUVU ANKAMPALEM ANKAMPALEM(VILL) ATREYAPURAM(MANDAL) EAST GODAVARI(DIST),533236,mpppspaticheruvu[at]gmail[dot]com,https://kys.udiseplus.gov.in/#/schooldetail/4667618/12,4667618,24/12/2023 15:17,2480
******00801 Operational,,MPPS PATIMEEDA KAPAVARAM,,,,Andhra Pradesh,1-Primary,33-MPP_ZPP SCHOOLS,1 To 5,3-Co-educational,1-Rural,Ramachandrapuram,Kapavaram,,,P KAPAVARAM KAPAVARAM (VILL) KAPAVARAM(VILL) RAMACHANDRAPURAM(MANDAL) EAST GODAVARI(DIST),533262,meo.ramachandrapuram[at]gmail[dot]com,https://kys.udiseplus.gov.in/#/schooldetail/4667232/12,4667232,15/10/2020 12:18,2480
******00604 Operational,,MPPS PATSANTLAVARI PALEM,,,,Andhra Pradesh,1-Primary,33-MPP_ZPP SCHOOLS,1 To 5,3-Co-educational,1-Rural,Mummidivaram,Kothalanka,,,KOTHALANKA(PATSAMATLAVARIPALE) KOTHALANKA (VILL) KOTHALANKA(VILL) MUMMIDIVARAM(MANDAL) EAST GODAVARI(DIST),533216,,https://kys.udiseplus.gov.in/#/schooldetail/4668243/12,4668243,11/03/2024 18:55,2480
******90201 Operational,,MPPS (PC) BANDARULANKA,,,,Andhra Pradesh,1-Primary,33-MPP_ZPP SCHOOLS,1 To 2,3-Co-educational,1-Rural,Amalapuram,Bandarulanka,,,PANCHAITH OFFICE(BANDARULANKA) BANDARULANKA BANDARULANKA(VILL) AMALAPURAM(MANDAL) EAST GODAVARI(DIST),533221,arnabharathiandra[at]gmail[dot]com,https://kys.udiseplus.gov.in/#/schooldetail/4668749/12,4668749,21/12/2025 22:52,2480
******00301 Operational,,MPPS (PC) GUDALA,,,,Andhra Pradesh,1-Primary,33-MPP_ZPP SCHOOLS,1 To 5,3-Co-educational,1-Rural,Allavaram,Gudala,,,PULLAYYA CHERUVU GUDALA GUDALA(VILL) ALLAVARAM(MANDAL) EAST GODAVARI(DIST),533218,mppsgudala[at]gmail[dot]com,https://kys.udiseplus.gov.in/#/schooldetail/4668365/12,4668365,19/12/2025 10:45,2480
******00904 Operational,,MPPS PECHTTIVARIPALEM,,,,Andhra Pradesh,1-Primary,33-MPP_ZPP SCHOOLS,1 To 5,3-Co-educational,1-Rural,Ambajipeta,K. Pedapudi,,,PECHTTIVARIPALEM D NO 5-83 K. PEDAPUDI(VILL) AMBAJIPETA(MANDAL) EAST GODAVARI(DIST)533239,533239,mppspechettivaripalem[at]gmail[dot]com,https://kys.udiseplus.gov.in/#/schooldetail/4667659/12,4667659,23/12/2025 17:11,2480
******00901 Operational,,MPPS PEDACHERUVU,,,,Andhra Pradesh,1-Primary,33-MPP_ZPP SCHOOLS,1 To 5,3-Co-educational,1-Rural,Katrenikona,Dontikurru,,,PEDACHERUVU(DONTIKURVU) DONTIKURRU (VILL) DONTIKURRU(VILL) KATRENIKONA(MANDAL) EAST GODAVARI(DIST),533212,mppspedacheruvu79[at]gmail[dot]com,https://kys.udiseplus.gov.in/#/schooldetail/4668465/12,4668465,11/03/2024 19:14,2480
******00601 Operational,,MPPS PEDAGADAVILLI,,,,Andhra Pradesh,1-Primary,33-MPP_ZPP SCHOOLS,1 To 5,3-Co-educational,1-Rural,Uppalaguptam,Pedagadavilli,,,PEDAGADAVILLI PEDAGADAVILLI (VILL) PEDAGADAVILLI(VILL) UPPALAGUPTAM(MANDAL) EAST GODAVARI(DIST),533222,,https://kys.udiseplus.gov.in/#/schooldetail/4668544/12,4668544,07/01/2026 08:47,2480
******00803 Permanently Closed,,MPPS PEDAGARUVU,,,,Andhra Pradesh,1-Primary,33-MPP_ZPP SCHOOLS,1 To 5,3-Co-educational,1-Rural,Ambajipeta,Gangalakurru,,,NA,533221,,https://kys.udiseplus.gov.in/#/schooldetail/4714958/12,4714958,15/10/2020 12:18,2480
******00315 Operational,,MPPS PEDAGULLA PALEM,,,,Andhra Pradesh,1-Primary,33-MPP_ZPP SCHOOLS,1 To 5,3-Co-educational,1-Rural,Kothapeta,Kothapeta,,,PEDAGULLA PALEM KOTHAPETA (VILL) KOTHAPETA(VILL) KOTHAPETA(MANDAL) EAST GODAVARI(DIST),533223,meo.kothapeta[at]gmail[dot]com,https://kys.udiseplus.gov.in/#/schooldetail/4667843/12,4667843,15/10/2020 12:18,2480
******01707 Operational,,MPPS PEDAKANDALAPALEM,,,,Andhra Pradesh,1-Primary,33-MPP_ZPP SCHOOLS,1 To 5,3-Co-educational,1-Rural,P.Gannavaram,Manepalle,,,PEDAKANDALAPALEM MANEPALLE (VILL) MANEPALLE(VILL) P.GANNAVARAM(MANDAL) EAST GODAVARI(DIST),533249,mpppspkpalem[at]gmail[dot]com,https://kys.udiseplus.gov.in/#/schooldetail/4668035/12,4668035,18/07/2022 15:27,2480
******00204 Operational,,MPPS PEDAKODAPA,,,,Andhra Pradesh,1-Primary,33-MPP_ZPP SCHOOLS,1 To 5,3-Co-educational,1-Rural,Sakhinetipalle,Sakhinetipalle,,,PEDAKODAPA SAKINETIPALLE (VILL) SAKINETIPALLE(VILL) SAKHINETIPALLI(MANDAL) EAST GODAVARI(DIST),533251,nagasrinu01[at]gmail[dot]com,https://kys.udiseplus.gov.in/#/schooldetail/4668741/12,4668741,15/10/2020 12:18,2480
******01014 Operational,,MPPS PEDALANKA,,,,Andhra Pradesh,1-Primary,33-MPP_ZPP SCHOOLS,1 To 5,3-Co-educational,1-Rural,I. Polavaram,Kesanakurru,,,PEDALANKA KESANAKURRU KESANAKURRU(VILL) I.POLAVARAM(MANDAL) EAST GODAVARI(DIST),533220,,https://kys.udiseplus.gov.in/#/schooldetail/4668412/12,4668412,11/03/2024 19:02,2480
******01109 Operational,,MPPS PEDAMET LANKA,,,,Andhra Pradesh,1-Primary,33-MPP_ZPP SCHOOLS,1 To 5,3-Co-educational,1-Rural,Mummidivaram,Ainapuram,,,PEDAMET LANKA AINAPURAM (VILL) AINAPURAM(VILL) MUMMIDIVARAM(MANDAL) EAST GODAVARI(DIST),533216,,https://kys.udiseplus.gov.in/#/schooldetail/4668315/12,4668315,11/03/2024 19:10,2480
******01007 Operational,,MPPS PEDAPALEM,,,,Andhra Pradesh,1-Primary,33-MPP_ZPP SCHOOLS,1 To 5,3-Co-educational,1-Rural,Ainavilli,Totharamudi,,,PEDAPALEM TOTHARAMUDI TOTHARAMUDI(VILL) AINAVILLI(MANDAL) EAST GODAVARI(DIST),533211,,https://kys.udiseplus.gov.in/#/schooldetail/4668169/12,4668169,24/01/2023 21:15,2480
******00807 Operational,,MPPS PEDAPALEM,,,,Andhra Pradesh,1-Primary,33-MPP_ZPP SCHOOLS,1 To 5,3-Co-educational,1-Rural,Ambajipeta,Gangalakurru,,,PEDAPALEM GANGALAKURRU GANGALAKURRU(VILL) AMBAJIPETA(MANDAL) EAST GODAVARI(DIST),533221,mppspedapalem1952[at]gmail[dot]com,https://kys.udiseplus.gov.in/#/schooldetail/4668085/12,4668085,23/12/2025 17:08,2480
******01202 Operational,,MPPS PEDAPALLA,,,,Andhra Pradesh,1-Primary,33-MPP_ZPP SCHOOLS,1 To 5,3-Co-educational,1-Rural,Alamuru,Pedapalle,,,PEDAPALLA PEDAPALLA PEDAPALLE(VILL) ALAMURU(MANDAL) EAST GODAVARI(DIST),533232,,https://kys.udiseplus.gov.in/#/schooldetail/4667570/12,4667570,15/10/2020 12:18,2480
******00604 Operational,,MPPS PEDAPATNAM,,,,Andhra Pradesh,1-Primary,33-MPP_ZPP SCHOOLS,1 To 5,3-Co-educational,1-Rural,Mamidikuduru,Pedapatnam,,,PEDAPATNAM PEDAPATNAM (VILL) PEDAPATNAM(VILL) MAMIDIKUDURU(MANDAL) EAST GODAVARI(DIST),533249,ysrvapparao[at]gmail[dot]com,https://kys.udiseplus.gov.in/#/schooldetail/4668473/12,4668473,18/07/2022 16:15,2480
******00101 Operational,,MPPS PEDAPATNAM LANKA,,,,Andhra Pradesh,1-Primary,33-MPP_ZPP SCHOOLS,1 To 2,3-Co-educational,1-Rural,Mamidikuduru,Pedapatnam Lanka,,,PEDAPATNAM LANKA PEDAPATNAM LANKA (VILL) PEDAPATNAM LANKA(VILL) MAMIDIKUDURU(MANDAL) EAST GODAVARI(DIST),533247,,https://kys.udiseplus.gov.in/#/schooldetail/4668882/12,4668882,25/01/2023 18:17,2480
******00312 Operational,,MPPS PEDA RN MERAKA,,,,Andhra Pradesh,1-Primary,33-MPP_ZPP SCHOOLS,1 To 5,3-Co-educational,1-Rural,Kothapeta,Kothapeta,,,PEDARAMUDUNUTHIMERAKA KOTHAPETA (VILL) KOTHAPETA(VILL) KOTHAPETA(MANDAL) EAST GODAVARI(DIST),533223,meo.kothapeta[at]gmail[dot]com,https://kys.udiseplus.gov.in/#/schooldetail/4667415/12,4667415,15/10/2020 12:18,2480
******00304 Operational,,MPPS PEDATIPPA,,,,Andhra Pradesh,1-Primary,33-MPP_ZPP SCHOOLS,1 To 5,3-Co-educational,1-Rural,Malikipuram,Ramarajulanka,,,PEDATIPPA RAMARAJULANKA (VILL) RAMARAJULANKA(VILL) MALIKIPURAM(MANDAL) EAST GODAVARI(DIST),533253,,https://kys.udiseplus.gov.in/#/schooldetail/4669075/12,4669075,11/03/2024 18:12,2480
******00902 Operational,,MPPS PEDAVURU,,,,Andhra Pradesh,1-Primary,33-MPP_ZPP SCHOOLS,1 To 5,3-Co-educational,1-Rural,Uppalaguptam,Uppalaguptam,,,PEDAVURU UPPALAGUPTAM (VILL) UPPALAGUPTAM(VILL) UPPALAGUPTAM(MANDAL) EAST GODAVARI(DIST),533222,mppps.pedavuru[at]gmail[dot]com,https://kys.udiseplus.gov.in/#/schooldetail/4668556/12,4668556,07/01/2026 08:56,2480
******00807 Operational,,MPPS PEDDAMADI,,,,Andhra Pradesh,1-Primary,33-MPP_ZPP SCHOOLS,1 To 5,3-Co-educational,1-Rural,I. Polavaram,I. Polavaram,,,PEDDAMADI I. POLAVARAM (VILL) I. POLAVARAM(VILL) I.POLAVARAM(MANDAL) EAST GODAVARI(DIST),533220,mpps.pedamadi[at]gmail[dot]com,https://kys.udiseplus.gov.in/#/schooldetail/4668384/12,4668384,11/03/2024 19:01,2480
******01007 Operational,,MPPS PEMMI REDDIPALEM,,,,Andhra Pradesh,1-Primary,33-MPP_ZPP SCHOOLS,1 To 5,3-Co-educational,1-Rural,I. Polavaram,Kesanakurru,,,PEMMIREDDIPALEM KESANAKURRU KESANAKURRU(VILL) I.POLAVARAM(MANDAL) EAST GODAVARI(DIST),533220,syamaladevi335[at]gmail[dot]com,https://kys.udiseplus.gov.in/#/schooldetail/4668406/12,4668406,09/05/2022 18:59,2480
******01001 Operational,,MPPS PENDIPETA ISUKAPUDI,,,,Andhra Pradesh,1-Primary,33-MPP_ZPP SCHOOLS,1 To 5,3-Co-educational,1-Rural,Ambajipeta,Isukapudi,,,PENDIPETA ISUKAPUDI ISUKAPUDI(VILL) AMBAJIPETA(MANDAL) EAST GODAVARI(DIST),533214,mpppspendipeta[at]gmail[dot]com,https://kys.udiseplus.gov.in/#/schooldetail/4667663/12,4667663,23/12/2025 17:12,2480
******00901 Operational,,MPPS PENIKERU,,,,Andhra Pradesh,1-Primary,33-MPP_ZPP SCHOOLS,1 To 5,3-Co-educational,1-Rural,Alamuru,Penikeru,,,PENIKERU PENIKERU PENIKERU(VILL) ALAMURU(MANDAL) EAST GODAVARI(DIST),533232,palaparthypriyanka[at]gmail[dot]com,https://kys.udiseplus.gov.in/#/schooldetail/4667545/12,4667545,15/10/2020 12:18,2480
******00602 Operational,,MPPS PENKULAPATI GARUVU,,,,Andhra Pradesh,1-Primary,33-MPP_ZPP SCHOOLS,1 To 5,3-Co-educational,1-Rural,Ravulapalem,Devarapalle,,,PENKULAPATI GARUVU DEVARAPALLI (VILL) DEVARAPALLI(VILL) RAVULAPALEM(MANDAL) EAST GODAVARI(DIST),533223,mppspenkulapatigaruvu[at]gmail[dot]com,https://kys.udiseplus.gov.in/#/schooldetail/4667715/12,4667715,15/10/2020 12:18,2480
******00702 Operational,,MPPS PENUMALAVARI PETA,,,,Andhra Pradesh,1-Primary,33-MPP_ZPP SCHOOLS,1 To 5,3-Co-educational,1-Rural,Allavaram,Godilanka,,,PENUMALAVARI PETA GODILANKA GODILANKA(VILL) ALLAVARAM(MANDAL) EAST GODAVARI(DIST),533217,meo.allavaram1[at]gmail[dot]com,https://kys.udiseplus.gov.in/#/schooldetail/4668823/12,4668823,19/12/2025 10:48,2480
******00302 Operational,,MPPS PENUMALLE,,,,Andhra Pradesh,1-Primary,33-MPP_ZPP SCHOOLS,1 To 5,3-Co-educational,1-Rural,Katrenikona,Penuwalla,,,PENUMELLA PENUMELLA (VILL) PENUMALLA(VILL) KATRENIKONA(MANDAL) EAST GODAVARI(DIST),533222,,https://kys.udiseplus.gov.in/#/schooldetail/4668434/12,4668434,19/07/2022 12:22,2480
******01003 Operational,,MPPS PERARAJU CHERUVU,,,,Andhra Pradesh,1-Primary,33-MPP_ZPP SCHOOLS,1 To 5,3-Co-educational,1-Rural,I. Polavaram,Kesanakurru,,,PERARAJU CHERUVU KESANAKURRU KESANAKURRU(VILL) I.POLAVARAM(MANDAL) EAST GODAVARI(DIST),533220,,https://kys.udiseplus.gov.in/#/schooldetail/4668403/12,4668403,11/03/2024 19:02,2480
******01301 Permanently Closed,,MPPS PERURU,,,,Andhra Pradesh,1-Primary,33-MPP_ZPP SCHOOLS,1 To 5,3-Co-educational,1-Rural,Amalapuram,Peruru,,,NA,533218,,https://kys.udiseplus.gov.in/#/schooldetail/4714996/12,4714996,15/10/2020 12:18,2480
******01312 Operational,,MPPS PERURU,,,,Andhra Pradesh,1-Primary,33-MPP_ZPP SCHOOLS,1 To 5,3-Co-educational,1-Rural,Amalapuram,Peruru,,,B V N COLONY PERURU PERURU(VILL) AMALAPURAM(MANDAL) EAST GODAVARI(DIST),533201,mppps.bvncolony[at]gmail[dot]com,https://kys.udiseplus.gov.in/#/schooldetail/4668674/12,4668674,21/12/2025 22:02,2480
******01303 Operational,,MPPS PERURU LANKATHOTA,,,,Andhra Pradesh,1-Primary,33-MPP_ZPP SCHOOLS,1 To 5,3-Co-educational,1-Rural,Amalapuram,Peruru,,,PERURU LANKATHOTA(SW) PERURU (VILL) PERURU(VILL) AMALAPURAM(MANDAL) EAST GODAVARI(DIST),533218,,https://kys.udiseplus.gov.in/#/schooldetail/4668665/12,4668665,20/12/2025 23:32,2480
******01306 Operational,,MPPS PERURUPETA,,,,Andhra Pradesh,1-Primary,33-MPP_ZPP SCHOOLS,1 To 5,3-Co-educational,1-Rural,Amalapuram,Peruru,,,PURURUPETA (HD) PERURU PERURU(VILL) AMALAPURAM(MANDAL) EAST GODAVARI(DIST),533218,mpps.amp[at]gmail[dot]com,https://kys.udiseplus.gov.in/#/schooldetail/4668668/12,4668668,20/12/2025 22:43,2480
******00705 Operational,,MPPS PETTAVARIPETA,,,,Andhra Pradesh,1-Primary,33-MPP_ZPP SCHOOLS,1 To 5,3-Co-educational,2-Urban,NA,,Mummidivaram Ward No.11,Mummidivaram-Town Panchayat,PETTAVARIPETA MUMMIDIVARAM (VILL) MUMMIDIVARAM(VILL) MUMMIDIVARAM(MANDAL) EAST GODAVARI(DIST),533216,,https://kys.udiseplus.gov.in/#/schooldetail/4668256/12,4668256,15/10/2020 12:18,2480
******02104 Operational,,MPPS PEYYALA VARI PETA,,,,Andhra Pradesh,1-Primary,33-MPP_ZPP SCHOOLS,1 To 5,3-Co-educational,1-Rural,Ramachandrapuram,Vegayammapeta,,,PEYYALA VARI PETA VEGAYAMMAPETA (VILL) VEGAYAMMAPETA(VILL) RAMACHANDRAPURAM(MANDAL) EAST GODAVARI(DIST),533262,mpppspeyyalavaripeta[at]gmail[dot]com,https://kys.udiseplus.gov.in/#/schooldetail/4667293/12,4667293,15/10/2020 12:18,2480
******01302 Operational,,MPPS PINAPALLA,,,,Andhra Pradesh,1-Primary,33-MPP_ZPP SCHOOLS,1 To 5,3-Co-educational,1-Rural,Alamuru,Pinapalle,,,PINAPALLA-ALAMURU-EAST GODAVARI,533232,mpupspinapalla[at]gmail[dot]com,https://kys.udiseplus.gov.in/#/schooldetail/4667573/12,4667573,24/01/2023 18:17,2480
******00904 Operational,,MPPS PIPPALLAVARIMERAKA,,,,Andhra Pradesh,1-Primary,33-MPP_ZPP SCHOOLS,1 To 5,3-Co-educational,1-Rural,Razole,Chintalapalle,,,PIPPALLAVARIMERAKA CHINTALAPALLE (VILL) CHINTALAPALLE(VILL) RAZOLE(MANDAL) EAST GODAVARI(DIST),533244,rjoslin4454[at]gmail[dot]com,https://kys.udiseplus.gov.in/#/schooldetail/4668599/12,4668599,11/03/2024 18:35,2480
******00902 Operational,,MPPS PITHANIVARI PAELM,,,,Andhra Pradesh,1-Primary,33-MPP_ZPP SCHOOLS,1 To 5,3-Co-educational,1-Rural,I. Polavaram,Muramalla,,,PITHANIVARIPALEM MURAMALLA (VILL) MURAMALLA(VILL) I.POLAVARAM(MANDAL) EAST GODAVARI(DIST),533220,sastryncc[at]gmail[dot]com,https://kys.udiseplus.gov.in/#/schooldetail/4668391/12,4668391,09/05/2022 18:54,2480
******00606 Operational,,MPPS PITHANIVARI PALEM,,,,Andhra Pradesh,1-Primary,33-MPP_ZPP SCHOOLS,1 To 5,3-Co-educational,1-Rural,Amalapuram,Kamanagaruvu,,,PITHANIVARI PALEM AMALAPURAM KAMANAGARUVU(VILL) AMALAPURAM(MANDAL) EAST GODAVARI(DIST),533201,,https://kys.udiseplus.gov.in/#/schooldetail/4668641/12,4668641,20/12/2025 23:10,2480
******00907 Operational,,MPPS PITHANIVARI PALEM,,,,Andhra Pradesh,1-Primary,33-MPP_ZPP SCHOOLS,1 To 5,3-Co-educational,1-Rural,Kothapeta,Vanapalle,,,PITHANIVARI PALEM VANAPALLI (VILL) VANAPALLI(VILL) KOTHAPETA(MANDAL) EAST GODAVARI(DIST),533228,mpppspitanivaripalem[at]gmail[dot]com,https://kys.udiseplus.gov.in/#/schooldetail/4667914/12,4667914,15/10/2020 12:18,2480
******00505 Operational,,MPPS PITHANIVARI PALEM,,,,Andhra Pradesh,1-Primary,33-MPP_ZPP SCHOOLS,1 To 2,3-Co-educational,1-Rural,Ravulapalem,Vedireswaram,,,PITHANIVARI PALEM VEDIRESWARAM (VILL) VEDIRESWARAM(VILL) RAVULAPALEM(MANDAL) EAST GODAVARI(DIST),533238,kishan.krishna.984[at]gmail[dot]com,https://kys.udiseplus.gov.in/#/schooldetail/4667710/12,4667710,21/06/2025 16:41,2480
******01906 Operational,,MPPS P KOMPALU,,,,Andhra Pradesh,1-Primary,33-MPP_ZPP SCHOOLS,1 To 5,3-Co-educational,1-Rural,NA,NA,,,Dr no - 2-41/2 near vinayaka temple Panangi palli k.gangavaram mandal,533305,rkmrao1974[at]gmail[dot]com,https://kys.udiseplus.gov.in/#/schooldetail/4667801/12,4667801,23/06/2022 14:36,2480
******00301 Operational,,MPPS P LAKSHMIVADA,,,,Andhra Pradesh,1-Primary,33-MPP_ZPP SCHOOLS,1 To 2,3-Co-educational,1-Rural,Katrenikona,Penuwalla,,,P.LAKSHMIVADA PENUMELLA (VILL) PENUMALLA(VILL) KATRENIKONA(MANDAL) EAST GODAVARI(DIST),533222,SS.sekhar5[at]gmail[dot]com,https://kys.udiseplus.gov.in/#/schooldetail/4668433/12,4668433,11/03/2024 19:08,2480
******01202 Operational,,MPPS (PN) MAREDUBAKA,,,,Andhra Pradesh,1-Primary,33-MPP_ZPP SCHOOLS,1 To 5,3-Co-educational,1-Rural,Mandapeta,Maredubaka (Part),,,MAREDUBAKA MAREDUBAKA (VILL) MAREDUBAKA(VILL) MANDAPETA(MANDAL) EAST GODAVARI(DIST),533308,naiduramakrishnarv[at]gmail[dot]com,https://kys.udiseplus.gov.in/#/schooldetail/4666680/12,4666680,31/12/2025 16:44,2480
******00203 Operational,,MPPS PODALADA,,,,Andhra Pradesh,1-Primary,33-MPP_ZPP SCHOOLS,1 To 5,3-Co-educational,1-Rural,Razole,Podalada,,,WEAKERS COLONY PODALADA (VILL) PODALADA(VILL) RAZOLE(MANDAL) EAST GODAVARI(DIST),533249,jnanalakshmikumari[at]gmail[dot]com,https://kys.udiseplus.gov.in/#/schooldetail/4668982/12,4668982,11/03/2024 18:42,2480
******00201 Operational,,MPPS PODALADA MAIN,,,,Andhra Pradesh,1-Primary,33-MPP_ZPP SCHOOLS,1 To 5,3-Co-educational,1-Rural,Razole,Podalada,,,PODALADA PODALADA (VILL) PODALADA(VILL) RAZOLE(MANDAL) EAST GODAVARI(DIST),533249,padmavathikudupudi4[at]gmail[dot]com,https://kys.udiseplus.gov.in/#/schooldetail/4668981/12,4668981,28/01/2023 14:00,2480
******01110 Operational,,MPPS PODUTHOTA,,,,Andhra Pradesh,1-Primary,33-MPP_ZPP SCHOOLS,1 To 5,3-Co-educational,1-Rural,Malikipuram,Sankaraguptham,,,PODUTHOTA SANKARAGUPTHAM (VILL) SANKARAGUPTHAM(VILL) MALIKIPURAM(MANDAL) EAST GODAVARI(DIST),533250,gantamercy[at]gmail[dot]com,https://kys.udiseplus.gov.in/#/schooldetail/4669162/12,4669162,11/03/2024 18:28,2480
******01013 Operational,,MPPS POGAKULANKA,,,,Andhra Pradesh,1-Primary,33-MPP_ZPP SCHOOLS,1 To 5,3-Co-educational,1-Rural,I. Polavaram,Kesanakurru,,,POGAKULANKA KESANAKURRU KESANAKURRU(VILL) I.POLAVARAM(MANDAL) EAST GODAVARI(DIST),533220,,https://kys.udiseplus.gov.in/#/schooldetail/4668411/12,4668411,09/05/2022 19:00,2480
******00404 Operational,,MPPS POLAMMAPETA,,,,Andhra Pradesh,1-Primary,33-MPP_ZPP SCHOOLS,1 To 2,3-Co-educational,1-Rural,P.Gannavaram,Narendrapuram,,,POLAMMAPETA NARENDRAPURAM (VILL) NARENDRAPURAM(VILL) P.GANNAVARAM(MANDAL) EAST GODAVARI(DIST),533229,,https://kys.udiseplus.gov.in/#/schooldetail/4667960/12,4667960,25/01/2023 19:15,2480
******00601 Operational,,MPPS POLIMERADADIGADI,,,,Andhra Pradesh,1-Primary,33-MPP_ZPP SCHOOLS,1 To 5,3-Co-educational,1-Rural,P.Gannavaram,Lankalagannavaram,,,POLIMERA NADIGADI LANKALAGANNAVARAM (VILL) LANKALAGANNAVARAM(VILL) P.GANNAVARAM(MANDAL) EAST GODAVARI(DIST),533240,,https://kys.udiseplus.gov.in/#/schooldetail/4667975/12,4667975,20/12/2023 10:00,2480
******01214 Operational,,MPPS PORA,,,,Andhra Pradesh,1-Primary,33-MPP_ZPP SCHOOLS,1 To 5,3-Co-educational,1-Rural,Katrenikona,Pallamkurru,,,mppups pora pallamkurru,533212,mppupspora[at]gmail[dot]com,https://kys.udiseplus.gov.in/#/schooldetail/4668502/12,4668502,21/06/2025 18:42,2480
******01001 Operational,,MPPS PORAPETA,,,,Andhra Pradesh,1-Primary,33-MPP_ZPP SCHOOLS,1 To 5,3-Co-educational,1-Rural,Katrenikona,Geddanapalle,,,PORAPETA GEDDANAPALLE (VILL) GEDDANAPALLE(VILL) KATRENIKONA(MANDAL) EAST GODAVARI(DIST),533212,mppsporapeta[at]gmail[dot]com,https://kys.udiseplus.gov.in/#/schooldetail/4668477/12,4668477,15/10/2020 12:18,2480
******00402 Operational,,MPPS (POS) VELUVALAPALLI,,,,Andhra Pradesh,1-Primary,33-MPP_ZPP SCHOOLS,1 To 5,3-Co-educational,1-Rural,Ainavilli,Veluvalapalle,,,LANKALA MALAPALLI VELUVALAPALLE VELUVALAPALLE(VILL) AINAVILLI(MANDAL) EAST GODAVARI(DIST),533211,,https://kys.udiseplus.gov.in/#/schooldetail/4668136/12,4668136,19/07/2022 11:40,2480
******01114 Operational,,MPPS POTHAILANKA,,,,Andhra Pradesh,1-Primary,33-MPP_ZPP SCHOOLS,1 To 5,3-Co-educational,1-Rural,Ambajipeta,Machavaram,,,POTHAILANKA MACHAVARAM MACHAVARAM(U)(VILL) AMBAJIPETA(MANDAL) EAST GODAVARI(DIST),533214,mpppspothailanka[at]gmail[dot]com,https://kys.udiseplus.gov.in/#/schooldetail/4668108/12,4668108,23/12/2025 17:18,2480
******00804 Operational,,MPPS POTHAVARAM,,,,Andhra Pradesh,1-Primary,33-MPP_ZPP SCHOOLS,1 To 5,3-Co-educational,1-Rural,P.Gannavaram,Pothavaram,,,POTHAVARAM POTHAVARAM (VILL) POTHAVARAM(VILL) P.GANNAVARAM(MANDAL) EAST GODAVARI(DIST),533240,anji9449bunny[at]gmail[dot]com,https://kys.udiseplus.gov.in/#/schooldetail/4668001/12,4668001,18/07/2022 15:18,2480
******01701 Operational,,MPPS POTHUKURRU,,,,Andhra Pradesh,1-Primary,33-MPP_ZPP SCHOOLS,1 To 5,3-Co-educational,1-Rural,Ainavilli,Pothukurru,,,POTHUKURRU POTHUKURRU POTHUKURRU(VILL) AINAVILLI(MANDAL) EAST GODAVARI(DIST),533577,jagathakarthik1502[at]gmail[dot]com,https://kys.udiseplus.gov.in/#/schooldetail/4668211/12,4668211,19/07/2022 12:23,2480
******01107 Operational,,MPPS POTHULAVARI PETA,,,,Andhra Pradesh,1-Primary,33-MPP_ZPP SCHOOLS,1 To 5,3-Co-educational,1-Rural,Allavaram,Devaguptam,,,POTHULAVARI PETA GUNDEPUDI DEVAGUPTAM(VILL) ALLAVARAM(MANDAL) EAST GODAVARI(DIST),533217,mpppspothulavaripeta[at]gmail[dot]com,https://kys.udiseplus.gov.in/#/schooldetail/4668845/12,4668845,19/12/2025 10:52,2480
******00903 Operational,,MPPS POTHUMATLA,,,,Andhra Pradesh,1-Primary,33-MPP_ZPP SCHOOLS,1 To 5,3-Co-educational,1-Rural,Razole,Chintalapalle,,,POTHUMATLA CHINTALAPALLE (VILL) CHINTALAPALLE(VILL) RAZOLE(MANDAL) EAST GODAVARI(DIST),533244,abrahamchinta287[at]gmail[dot]com,https://kys.udiseplus.gov.in/#/schooldetail/4669038/12,4669038,11/03/2024 18:36,2480
******00704 Operational,,MPPS POTTILANKA,,,,Andhra Pradesh,1-Primary,33-MPP_ZPP SCHOOLS,1 To 5,3-Co-educational,1-Rural,Ainavilli,Sanapalli Lanka,,,POTTILANKA SANAPALLI LANKA SANAPALLI LANKA(VILL) AINAVILLI(MANDAL) EAST GODAVARI(DIST),533211,,https://kys.udiseplus.gov.in/#/schooldetail/4668151/12,4668151,19/07/2022 11:46,2480
******01103 Operational,,MPPS (PP) AINAPURAM,,,,Andhra Pradesh,1-Primary,33-MPP_ZPP SCHOOLS,1 To 2,3-Co-educational,1-Rural,Mummidivaram,Ainapuram,,,PEDDAPETA AINAPURAM (VILL) AINAPURAM(VILL) MUMMIDIVARAM(MANDAL) EAST GODAVARI(DIST),533216,,https://kys.udiseplus.gov.in/#/schooldetail/4668309/12,4668309,20/06/2025 13:40,2480
******00828 Operational,,MPPS (PP) CHENNADAM,,,,Andhra Pradesh,1-Primary,33-MPP_ZPP SCHOOLS,1 To 5,3-Co-educational,1-Rural,Razole,Kadali,,,CHENNADAM KADALI (VILL) CHENNADAM(VILL) RAZOLE(MANDAL) EAST GODAVARI(DIST),533247,janakisusela[at]gmail[dot]com,https://kys.udiseplus.gov.in/#/schooldetail/4669033/12,4669033,11/03/2024 18:38,2480
******01108 Operational,,MPPS (PP) DEVAGUPTAM,,,,Andhra Pradesh,1-Primary,33-MPP_ZPP SCHOOLS,1 To 5,3-Co-educational,1-Rural,Allavaram,Devaguptam,,,DEVAGUPTAM(PEDANDHRA PETA) DEVAGUPTAM DEVAGUPTAM(VILL) ALLAVARAM(MANDAL) EAST GODAVARI(DIST),533217,mpps.pedaandhrapeta[at]gmail[dot]com,https://kys.udiseplus.gov.in/#/schooldetail/4668846/12,4668846,19/12/2025 10:52,2480
******01004 Operational,,MPPS (PP) KESANAKURRU,,,,Andhra Pradesh,1-Primary,33-MPP_ZPP SCHOOLS,1 To 2,3-Co-educational,1-Rural,I. Polavaram,Kesanakurru,,,PEDAPETA KESANAKURRU KESANAKURRU KESANAKURRU(VILL) I.POLAVARAM(MANDAL) EAST GODAVARI(DIST),533220,,https://kys.udiseplus.gov.in/#/schooldetail/4667954/12,4667954,25/01/2023 11:07,2480
******01301 Operational,,MPPS (PP) NEDUNURU,,,,Andhra Pradesh,1-Primary,33-MPP_ZPP SCHOOLS,1 To 5,3-Co-educational,1-Rural,Ainavilli,Nedunuru,,,NEDUNURU NEDUNURU NEDUNURU(VILL) AINAVILLI(MANDAL) EAST GODAVARI(DIST),533241,,https://kys.udiseplus.gov.in/#/schooldetail/4668179/12,4668179,19/07/2022 12:11,2480
******01204 Operational,,MPPS (PP) PALLAMKURRU,,,,Andhra Pradesh,1-Primary,33-MPP_ZPP SCHOOLS,1 To 5,3-Co-educational,1-Rural,Katrenikona,Pallamkurru,,,PEDA HARIJANAPETA PALLAMKURRU (VILL) PALLAMKURRU(VILL) KATRENIKONA(MANDAL) EAST GODAVARI(DIST),533212,,https://kys.udiseplus.gov.in/#/schooldetail/4668494/12,4668494,25/09/2024 19:50,2480
******00404 Operational,,MPPS (PP) PASARLAPUDI,,,,Andhra Pradesh,1-Primary,33-MPP_ZPP SCHOOLS,1 To 5,3-Co-educational,1-Rural,Mamidikuduru,Pasarlapudi,,,PALLIPALEM PASARLAPUDI (VILL) PASARLAPUDI(VILL) MAMIDIKUDURU(MANDAL) EAST GODAVARI(DIST),533247,pativinod[at]gmail[dot]com,https://kys.udiseplus.gov.in/#/schooldetail/4668901/12,4668901,18/07/2022 15:47,2480
******00401 Operational,,MPPS (PP) TADIKONA,,,,Andhra Pradesh,1-Primary,33-MPP_ZPP SCHOOLS,1 To 5,3-Co-educational,1-Rural,Allavaram,Tadikona,,,"TADIKONA VILLAGE, ALLAVARAM MANDAL EAST GODAVARI DISTRICT",533218,meo.allavaram1[at]gmail[dot]com,https://kys.udiseplus.gov.in/#/schooldetail/4668368/12,4668368,19/12/2025 10:45,2480
******00803 Operational,,MPPS PRABHALAPUNTHA,,,,Andhra Pradesh,1-Primary,33-MPP_ZPP SCHOOLS,1 To 5,3-Co-educational,1-Rural,P.Gannavaram,Pothavaram,,,PRABHALAPUNTHA POTHAVARAM (VILL) POTHAVARAM(VILL) P.GANNAVARAM(MANDAL) EAST GODAVARI(DIST),533214,sandeshsk009[at]gmail[dot]com,https://kys.udiseplus.gov.in/#/schooldetail/4668000/12,4668000,25/09/2024 10:51,2480
******00809 Closed,Closed,MPPS PRAKASAPURAM,,,,Andhra Pradesh,1-Primary,33-MPP_ZPP SCHOOLS,1 To 2,3-Co-educational,1-Rural,Sakhinetipalle,Antarvedi,,,PRAKASAPURAM ANTARVEDI (VILL) ANTARVEDI(VILL) SAKHINETIPALLI(MANDAL) EAST GODAVARI(DIST),533252,mpppschoolprakasapuram809[at]gmail[dot]com,https://kys.udiseplus.gov.in/#/schooldetail/4669259/12,4669259,07/08/2025 09:58,2480
******01106 Operational,,MPPS PRAKASH NAGAR,,,,Andhra Pradesh,1-Primary,33-MPP_ZPP SCHOOLS,1 To 5,3-Co-educational,1-Rural,Malikipuram,Sankaraguptham,,,PRAKASH NAGAR SANKARAGUPTHAM (VILL) SANKARAGUPTHAM(VILL) MALIKIPURAM(MANDAL) EAST GODAVARI(DIST),533250,meo.malikipuram[at]gmail[dot]com,https://kys.udiseplus.gov.in/#/schooldetail/4669158/12,4669158,15/10/2020 12:18,2480
******01117 Operational,,MPPS P SAVARAM,,,,Andhra Pradesh,1-Primary,33-MPP_ZPP SCHOOLS,1 To 5,3-Co-educational,1-Rural,Malikipuram,Sankaraguptham,,,PEMMADI VARI SAVARAM SANKARAGUPTHAM (VILL) SANKARAGUPTHAM(VILL) MALIKIPURAM(MANDAL) EAST GODAVARI(DIST),533253,eswariilla2020[at]gmail[dot]com,https://kys.udiseplus.gov.in/#/schooldetail/4669168/12,4669168,11/03/2024 18:31,2480
******00302 Operational,,MPPS (PS) RAMESWARAM,,,,Andhra Pradesh,1-Primary,33-MPP_ZPP SCHOOLS,1 To 5,3-Co-educational,1-Rural,Sakhinetipalle,Rameswaram,,,PANCHAYATI STREET RAMESWARAM (VILL) RAMESWARAM(VILL) SAKHINETIPALLI(MANDAL) EAST GODAVARI(DIST),533251,,https://kys.udiseplus.gov.in/#/schooldetail/4669207/12,4669207,16/07/2024 12:23,2480
******00801 Operational,,MPPS (PTS) PODAGATLAPALLI,,,,Andhra Pradesh,1-Primary,33-MPP_ZPP SCHOOLS,1 To 2,3-Co-educational,1-Rural,Ravulapalem,Podagatlapalle,,,POLERAMMA TEMPLE STREET PODAGATLAPALLI (VILL) PODAGATLAPALLI(VILL) RAVULAPALEM(MANDAL) EAST GODAVARI(DIST),533236,mppspodagatlapalli[at]gmail[dot]com,https://kys.udiseplus.gov.in/#/schooldetail/4667726/12,4667726,24/01/2023 19:32,2480
******00604 Operational,,MPPS PULLELAVARIPALEM,,,,Andhra Pradesh,1-Primary,33-MPP_ZPP SCHOOLS,1 To 5,3-Co-educational,1-Rural,Kothapeta,Avidi,,,PULLAVARIPALEM AVIDI (VILL) AVIDI(VILL) KOTHAPETA(MANDAL) EAST GODAVARI(DIST),533229,mpppspullelavaripalem[at]gmail[dot]com,https://kys.udiseplus.gov.in/#/schooldetail/4667888/12,4667888,15/10/2020 12:18,2480
******00501 Operational,,MPPS PULLETIKURRU,,,,Andhra Pradesh,1-Primary,33-MPP_ZPP SCHOOLS,1 To 5,3-Co-educational,1-Rural,Ambajipeta,Pulletikurru,,,PULLETIKURRU PULLETIKURRU PULLETIKURRU(VILL) AMBAJIPETA(MANDAL) EAST GODAVARI(DIST),533239,mpppspuletikurru[at]gmail[dot]com,https://kys.udiseplus.gov.in/#/schooldetail/4668060/12,4668060,23/12/2025 17:05,2480
******00801 Closed,Closed,MPPS (PVCG) ANTARVEDI KARA,,,,Andhra Pradesh,1-Primary,33-MPP_ZPP SCHOOLS,1 To 2,3-Co-educational,1-Rural,Sakhinetipalle,Antarvedi,,,P.V.C.GATTU ANTARVEDI (VILL) ANTARVEDI(VILL) SAKHINETIPALLI(MANDAL) EAST GODAVARI(DIST),533252,dondapatiyedukondalaswamy[at]gmail[dot]com,https://kys.udiseplus.gov.in/#/schooldetail/4669252/12,4669252,07/08/2025 10:00,2480
******00813 Operational,,MPPS (PVC) GONDI,,,,Andhra Pradesh,1-Primary,33-MPP_ZPP SCHOOLS,1 To 5,3-Co-educational,1-Rural,Sakhinetipalle,Antarvedi,,,GONDI(P V CENTER) ANTARVEDI (REV VILL) GONDI(VILL) SAKHINETIPALLI(MANDAL) DR .B.R A KONASEEMADIST),533251,mppupspvcgondi[at]gmail[dot]com,https://kys.udiseplus.gov.in/#/schooldetail/4669262/12,4669262,17/12/2023 19:27,2480
******01204 Operational,,MPPS (PVG) PONNAMANDA,,,,Andhra Pradesh,1-Primary,33-MPP_ZPP SCHOOLS,1 To 5,3-Co-educational,1-Rural,Razole,Ponnamanda,,,PAMPANAVARIGROUP PONNAMANDA (VILL) PONNAMANDA(VILL) RAZOLE(MANDAL) EAST GODAVARI(DIST),533248,Prasad951999[at]gmail[dot]com,https://kys.udiseplus.gov.in/#/schooldetail/4669048/12,4669048,15/10/2020 12:18,2480
******00830 Operational,,MPPS (PVG) VEGIVARI PALEM,,,,Andhra Pradesh,1-Primary,33-MPP_ZPP SCHOOLS,1 To 5,3-Co-educational,1-Rural,Razole,Kadali,,,VEGIVARI PALEM KADALI (VILL) VEGIVARIPALEM(VILL) RAZOLE(MANDAL) EAST GODAVARI(DIST),533248,,https://kys.udiseplus.gov.in/#/schooldetail/4669035/12,4669035,15/10/2020 12:18,2480
******01303 Operational,,MPPS (PV) PASARLAPUDILANKA,,,,Andhra Pradesh,1-Primary,33-MPP_ZPP SCHOOLS,1 To 5,3-Co-educational,1-Rural,Mamidikuduru,Pasarlapudilanka,,,PASARLAPUDILANKA(P V VEEDHI) PASARLAPUDILANKA (VILL) PASARLAPUDILANKA(VILL) MAMIDIKUDURU(MANDAL) EAST GODAVARI(DIST),533247,amaladasuraju[at]gmail[dot]com,https://kys.udiseplus.gov.in/#/schooldetail/4668952/12,4668952,18/07/2022 16:32,2480
******01307 Operational,,MPPS RAGAVYYA CHERUVU,,,,Andhra Pradesh,1-Primary,33-MPP_ZPP SCHOOLS,1 To 5,3-Co-educational,1-Rural,Amalapuram,Peruru,,,RAGAVYYA CHERUVU PERURU PERURU(VILL) AMALAPURAM(MANDAL) EAST GODAVARI(DIST),533218,mppschoolraghavayyacheruvu[at]gmail[dot]com,https://kys.udiseplus.gov.in/#/schooldetail/4668669/12,4668669,20/12/2025 22:28,2480
******00806 Operational,,MPPS RAGHAVALAPETA,,,,Andhra Pradesh,1-Primary,33-MPP_ZPP SCHOOLS,1 To 5,3-Co-educational,1-Rural,Uppalaguptam,Nimmakayala Kothapalle,,,RAGHAVALAPETA NIMMAKAYALA KOTHAPALLI (VILL) NIMMAKAYALA KOTHAPALLI(VILL) UPPALAGUPTAM(MANDAL) EAST GODAVARI(DIST),533222,bobby1gv[at]gmail[dot]com,https://kys.udiseplus.gov.in/#/schooldetail/4668551/12,4668551,07/01/2026 08:51,2480
******00502 Operational,,MPPS RAGHAVENDRAPURAM,,,,Andhra Pradesh,1-Primary,33-MPP_ZPP SCHOOLS,1 To 5,3-Co-educational,1-Rural,I. Polavaram,Guthinadeevi,,,RAGHAVENDRAPURAM GUTHINADEEVI (VILL) GUTHINADEEVI(VILL) I.POLAVARAM(MANDAL) EAST GODAVARI(DIST),533464,uma1188[at]gmail[dot]com,https://kys.udiseplus.gov.in/#/schooldetail/4668343/12,4668343,09/05/2022 18:29,2480
******00607 Operational,,MPPS RAJANAGARAM,,,,Andhra Pradesh,1-Primary,33-MPP_ZPP SCHOOLS,1 To 5,3-Co-educational,1-Rural,Katrenikona,Katrenikona,,,RAJANAGARAM KATRENIKONA (VILL) KATRENIKONA(VILL) KATRENIKONA(MANDAL) EAST GODAVARI(DIST),533212,mppsrajanagaram1[at]gmail[dot]com,https://kys.udiseplus.gov.in/#/schooldetail/4668442/12,4668442,11/03/2024 19:11,2480
******00104 Operational,,MPPS RAJULA MERAKA,,,,Andhra Pradesh,1-Primary,33-MPP_ZPP SCHOOLS,1 To 5,3-Co-educational,1-Rural,Sakhinetipalle,Appanaramuni Lanka,,,RAJULA MERAKA APPANARAMUNI LANKA (VILL) APPANARAMUNI LANKA(VILL) SAKHINETIPALLI(MANDAL) EAST GODAVARI(DIST),533252,mppsrajulameraka[at]gmail[dot]com,https://kys.udiseplus.gov.in/#/schooldetail/4669174/12,4669174,18/07/2022 16:10,2480
******00204 Operational,,MPPS RAJULAMERAKA,,,,Andhra Pradesh,1-Primary,33-MPP_ZPP SCHOOLS,1 To 5,3-Co-educational,1-Rural,I. Polavaram,Komaragiri,,,RAJULAMERAKA KOMARAGIRI (VILL) KOMARAGIRI(VILL) I.POLAVARAM(MANDAL) EAST GODAVARI(DIST),533220,,https://kys.udiseplus.gov.in/#/schooldetail/4668330/12,4668330,11/03/2024 18:54,2480
******00407 Permanently Closed,,MPPS RAJULAPALEM,,,,Andhra Pradesh,1-Primary,33-MPP_ZPP SCHOOLS,1 To 5,3-Co-educational,1-Rural,P.Gannavaram,Narendrapuram,,,NA,533214,,https://kys.udiseplus.gov.in/#/schooldetail/4714953/12,4714953,15/10/2020 12:18,2480
******00805 Operational,,MPPS RAJUPALEM,,,,Andhra Pradesh,1-Primary,33-MPP_ZPP SCHOOLS,1 To 5,3-Co-educational,1-Rural,Uppalaguptam,Nimmakayala Kothapalle,,,NIMMAKAYALAKOTHAPALLI NIMMAKAYALA KOTHAPALLI (VILL) NIMMAKAYALA KOTHAPALLI(VILL) UPPALAGUPTAM(MANDAL) EAST GODAVARI(DIST),533222,rajupalemmppschool[at]gmail[dot]com,https://kys.udiseplus.gov.in/#/schooldetail/4668550/12,4668550,07/01/2026 08:52,2480
******00723 Operational,,MPPS RAJUPALEM,,,,Andhra Pradesh,1-Primary,33-MPP_ZPP SCHOOLS,1 To 5,3-Co-educational,2-Urban,NA,,Mummidivaram Ward No.1,Mummidivaram-Town Panchayat,RAJAUPALEM MUMMIDIVARAM (VILL) MUMMIDIVARAM(VILL) MUMMIDIVARAM(MANDAL) EAST GODAVARI(DIST),533216,durgamohan916[at]gmail[dot]com,https://kys.udiseplus.gov.in/#/schooldetail/4667826/12,4667826,11/03/2024 19:03,2480
******01313 Operational,,MPPS RAJUPALEM,,,,Andhra Pradesh,1-Primary,33-MPP_ZPP SCHOOLS,1 To 5,3-Co-educational,1-Rural,Allavaram,Komaragiripatnam,,,KOMARAGIRIPATNAM KOMARAGIRIPATNAM KOMARAGIRIPATNAM(VILL) ALLAVARAM(MANDAL) EAST GODAVARI(DIST),533210,lakshminivas2367[at]gmail[dot]com,https://kys.udiseplus.gov.in/#/schooldetail/4668859/12,4668859,19/12/2025 10:58,2480
******02201 Operational,,MPPS RAJUVAIRU,,,,Andhra Pradesh,1-Primary,33-MPP_ZPP SCHOOLS,1 To 5,3-Co-educational,1-Rural,NA,NA,,,RAJUMALAPALLI KOTA (VILL) KOTA(VILL) K.GANGAVARAM(MANDAL) EAST GODAVARI(DIST),533306,mpppsrajuvairu[at]gmail[dot]com,https://kys.udiseplus.gov.in/#/schooldetail/4667807/12,4667807,23/09/2024 17:12,2480
******01005 Operational,,MPPS RAKURTHIVARIPALEM,,,,Andhra Pradesh,1-Primary,33-MPP_ZPP SCHOOLS,1 To 5,3-Co-educational,1-Rural,Kothapeta,Modekurru,,,RAKURTHIVARI PALEM MODEKURRU (VILL) MODEKURRU(VILL) KOTHAPETA(MANDAL) EAST GODAVARI(DIST),533229,srinupati2274[at]gmail[dot]com,https://kys.udiseplus.gov.in/#/schooldetail/4667933/12,4667933,15/10/2020 12:18,2480
******00507 Operational,,MPPS RALLAGANDI,,,,Andhra Pradesh,1-Primary,33-MPP_ZPP SCHOOLS,1 To 5,3-Co-educational,1-Rural,Ravulapalem,Vedireswaram,,,RALLAGANDI VEDIRESWARAM (VILL) VEDIRESWARAM(VILL) RAVULAPALEM(MANDAL) EAST GODAVARI(DIST),533238,mpuprallagandi[at]gmail[dot]com,https://kys.udiseplus.gov.in/#/schooldetail/4667712/12,4667712,15/10/2020 12:18,2480
******00703 Operational,,MPPS RAMADASU PALEM,,,,Andhra Pradesh,1-Primary,33-MPP_ZPP SCHOOLS,1 To 5,3-Co-educational,1-Rural,Malikipuram,Kattiwanda,,,RAMADASU PALEM KATTIMANDA (VILL) KATTIMANDA(VILL) MALIKIPURAM(MANDAL) EAST GODAVARI(DIST),533254,meo.malikipuram[at]gmail[dot]com,https://kys.udiseplus.gov.in/#/schooldetail/4669117/12,4669117,15/10/2020 12:18,2480
******00402 Operational,,MPPS RAMALAYAMPETA,,,,Andhra Pradesh,1-Primary,33-MPP_ZPP SCHOOLS,1 To 5,3-Co-educational,1-Rural,I. Polavaram,Yedurulanka,,,RAMALAYAMPETA YEDURULANKA (VILL) YEDURULANKA(VILL) I.POLAVARAM(MANDAL) EAST GODAVARI(DIST),533464,,https://kys.udiseplus.gov.in/#/schooldetail/4668338/12,4668338,09/05/2022 18:18,2480
******01202 Operational,,MPPS RAMALAYAMPETA,,,,Andhra Pradesh,1-Primary,33-MPP_ZPP SCHOOLS,1 To 5,3-Co-educational,1-Rural,Katrenikona,Pallamkurru,,,RAMALAYAMPETA PALLAMKURRU (VILL) PALLAMKURRU(VILL) KATRENIKONA(MANDAL) EAST GODAVARI(DIST),533212,,https://kys.udiseplus.gov.in/#/schooldetail/4668492/12,4668492,15/10/2020 12:18,2480
******00704 Operational,,MPPS RAMALAYAM VEEDI,,,,Andhra Pradesh,1-Primary,33-MPP_ZPP SCHOOLS,1 To 5,3-Co-educational,1-Rural,Sakhinetipalle,Kesavadasupalem,,,RAMALAYAM VEEDHI KESAVADASUPALEM (VILL) KESAVADASUPALEM(VILL) SAKHINETIPALLI(MANDAL) EAST GODAVARI(DIST),533250,ramalayamveedhi704[at]gmail[dot]com,https://kys.udiseplus.gov.in/#/schooldetail/4669245/12,4669245,15/10/2020 12:18,2480
******00301 Operational,,MPPS RAMARAJULANKA,,,,Andhra Pradesh,1-Primary,33-MPP_ZPP SCHOOLS,1 To 2,3-Co-educational,1-Rural,Malikipuram,Ramarajulanka,,,RAMARAJULANKA RAMARAJULANKA (VILL) RAMARAJULANKA(VILL) MALIKIPURAM(MANDAL) EAST GODAVARI(DIST),533253,meo.malikipuram[at]gmail[dot]com,https://kys.udiseplus.gov.in/#/schooldetail/4668634/12,4668634,25/01/2023 16:52,2480
******01008 Operational,,MPPS RAMARAJUMERAKA,,,,Andhra Pradesh,1-Primary,33-MPP_ZPP SCHOOLS,1 To 5,3-Co-educational,1-Rural,I. Polavaram,Kesanakurru,,,RAMARAJUMERAKA KESANAKURRU KESANAKURRU KESANAKURRU(VILL) I.POLAVARAM(MANDAL) EAST GODAVARI(DIST),533220,,https://kys.udiseplus.gov.in/#/schooldetail/4668407/12,4668407,09/05/2022 18:59,2480
******01101 Operational,,MPPS RAMARAO PETA,,,,Andhra Pradesh,1-Primary,33-MPP_ZPP SCHOOLS,1 To 5,3-Co-educational,1-Rural,Ramachandrapuram,Yerupalle,,,RAMARAO PETA YERUPALLE (VILL) YERUPALLE(VILL) RAMACHANDRAPURAM(MANDAL) EAST GODAVARI(DIST),533255,subbuvallichaganti[at]gmail[dot]com,https://kys.udiseplus.gov.in/#/schooldetail/4650184/12,4650184,15/10/2020 12:18,2480
******01110 Operational,,MPPS RAMARAO PETA,,,,Andhra Pradesh,1-Primary,33-MPP_ZPP SCHOOLS,1 To 2,3-Co-educational,1-Rural,Mummidivaram,Ainapuram,,,RAMARAO PETA AINAPURAM (VILL) AINAPURAM(VILL) MUMMIDIVARAM(MANDAL) EAST GODAVARI(DIST),533216,mppsramaraopeta[at]gmail[dot]com,https://kys.udiseplus.gov.in/#/schooldetail/4668316/12,4668316,20/06/2025 13:41,2480
******00604 Operational,,MPPS RAMASAMI THOTA,,,,Andhra Pradesh,1-Primary,33-MPP_ZPP SCHOOLS,1 To 2,3-Co-educational,1-Rural,Katrenikona,Katrenikona,,,RAMASAMI TOTHA KATRENIKONA (VILL) KATRENIKONA(VILL) KATRENIKONA(MANDAL) EAST GODAVARI(DIST),533212,,https://kys.udiseplus.gov.in/#/schooldetail/4667993/12,4667993,25/01/2023 14:39,2480
******00402 Operational,,MPPS RAMJINAGAR,,,,Andhra Pradesh,1-Primary,33-MPP_ZPP SCHOOLS,1 To 5,3-Co-educational,1-Rural,Mummidivaram,Annampalle,,,MALA PALLE(RAMJI NAGAR) ANNAMPALLE (VILL) ANNAMPALLE(VILL) MUMMIDIVARAM(MANDAL) EAST GODAVARI(DIST),533216,,https://kys.udiseplus.gov.in/#/schooldetail/4668235/12,4668235,15/10/2020 12:18,2480
******01802 Operational,,MPPS RAVICHERUVU,,,,Andhra Pradesh,1-Primary,33-MPP_ZPP SCHOOLS,1 To 5,3-Co-educational,1-Rural,NA,NA,,,RAVICHERUVU SATYAWADA (VILL) SATYAWADA(VILL) K.GANGAVARAM(MANDAL) EAST GODAVARI(DIST),533305,mpppschoolravicheruvu[at]gmail[dot]com,https://kys.udiseplus.gov.in/#/schooldetail/4667795/12,4667795,23/06/2022 14:34,2480
******02305 Operational,,MPPS RAVIDODDI PETA,,,,Andhra Pradesh,1-Primary,33-MPP_ZPP SCHOOLS,1 To 5,3-Co-educational,1-Rural,NA,NA,,,"MPPPS RAVIDODDIPETA H/O BHATLAPALIKA ,K GANGAVARAM MANDAL ,KONASEEMA (DIST)",533263,,https://kys.udiseplus.gov.in/#/schooldetail/4667813/12,4667813,26/09/2024 16:19,2480
******00101 Operational,,MPPS RAYUDUPALEM,,,,Andhra Pradesh,1-Primary,33-MPP_ZPP SCHOOLS,1 To 5,3-Co-educational,1-Rural,Ainavilli,Madupalle,,,RAYUDUPALEM MADUPALLE MADUPALLE(VILL) AINAVILLI(MANDAL) EAST GODAVARI(DIST),533228,mppsrayudupalem[at]gmail[dot]com,https://kys.udiseplus.gov.in/#/schooldetail/4668123/12,4668123,18/07/2022 13:14,2480
******00104 Operational,,MPPS RAYUDUPALEM,,,,Andhra Pradesh,1-Primary,33-MPP_ZPP SCHOOLS,1 To 5,3-Co-educational,1-Rural,Katrenikona,Cheyyeru,,,RAYUDUPALEM CHEYYERU (VILL) CHEYYERU(VILL) KATRENIKONA(MANDAL) EAST GODAVARI(DIST),533222,,https://kys.udiseplus.gov.in/#/schooldetail/4668425/12,4668425,19/07/2022 12:18,2480
******00317 Operational,,MPPS REDDAPPAVARI PETA,,,,Andhra Pradesh,1-Primary,33-MPP_ZPP SCHOOLS,1 To 5,3-Co-educational,1-Rural,Kothapeta,Kothapeta,,,REDDAPPAVARI PETA KOTHAPETA (VILL) KOTHAPETA(VILL) KOTHAPETA(MANDAL) EAST GODAVARI(DIST),533223,mpppsreddappavaripeta3[at]gmail[dot]com,https://kys.udiseplus.gov.in/#/schooldetail/4667845/12,4667845,15/10/2020 12:18,2480
******00505 Operational,,MPPS REDDI PALLI,,,,Andhra Pradesh,1-Primary,33-MPP_ZPP SCHOOLS,1 To 5,3-Co-educational,1-Rural,Amalapuram,Bhatnavilli,,,BHATNAVILLE-AMALAPURAM-EAST GODAVARI,533222,jgopalarao1[at]gmail[dot]com,https://kys.udiseplus.gov.in/#/schooldetail/4668635/12,4668635,20/12/2025 15:36,2480
******01108 Operational,,MPPS REKAPALLIVARI PALEM,,,,Andhra Pradesh,1-Primary,33-MPP_ZPP SCHOOLS,1 To 5,3-Co-educational,1-Rural,Malikipuram,Sankaraguptham,,,REKAPALLIVARI PALEM SANKARAGUPTHAM (VILL) SANKARAGUPTHAM(VILL) MALIKIPURAM(MANDAL) EAST GODAVARI(DIST),533250,,https://kys.udiseplus.gov.in/#/schooldetail/4669160/12,4669160,11/03/2024 18:27,2480
******00601 Operational,,MPPS RELLUGADDA,,,,Andhra Pradesh,1-Primary,33-MPP_ZPP SCHOOLS,1 To 5,3-Co-educational,1-Rural,Allavaram,Rellugadda,,,RELLUGADDA RELLUGADDA RELLUGADDA(VILL) ALLAVARAM(MANDAL) EAST GODAVARI(DIST),533217,srinivasaraomahipala[at]gmail[dot]com,https://kys.udiseplus.gov.in/#/schooldetail/4668820/12,4668820,19/12/2025 10:47,2480
******00504 Operational,,MPPS (RKP) SOMESWARAM,,,,Andhra Pradesh,1-Primary,33-MPP_ZPP SCHOOLS,1 To 5,3-Co-educational,1-Rural,Rayavaram,Someswaram,,,R K PETA SOMESWARAM (VILL) SOMESWARAM(VILL) RAYAVARAM(MANDAL) EAST GODAVARI(DIST),533261,,https://kys.udiseplus.gov.in/#/schooldetail/4667406/12,4667406,15/10/2020 12:18,2480
******00403 Closed,Closed,MPPS R MALLAIAH DODDI,,,,Andhra Pradesh,1-Primary,33-MPP_ZPP SCHOOLS,1 To 5,3-Co-educational,1-Rural,Ravulapalem,Lakshmipolavaram,,,R. MALLAIAH DODDI LAKSHMIPOLAVARAM (VILL) LAKSHMIPOLAVARAM(VILL) RAVULAPALEM(MANDAL) EAST GODAVARI(DIST),533238,,https://kys.udiseplus.gov.in/#/schooldetail/4667703/12,4667703,07/08/2025 09:49,2480
******01305 Operational,,MPPS (RN) KOMARAGIRIPATNAM,,,,Andhra Pradesh,1-Primary,33-MPP_ZPP SCHOOLS,1 To 5,3-Co-educational,1-Rural,Allavaram,Komaragiripatnam,,,KOMARAGIRIPATNAM(RAJUPALEM) KOMARAGIRIPATNAM KOMARAGIRIPATNAM(VILL) ALLAVARAM(MANDAL) EAST GODAVARI(DIST),533210,,https://kys.udiseplus.gov.in/#/schooldetail/4668856/12,4668856,19/12/2025 10:55,2480
******01309 Operational,,MPPS ROLLAPALEM,,,,Andhra Pradesh,1-Primary,33-MPP_ZPP SCHOOLS,1 To 5,3-Co-educational,1-Rural,Amalapuram,Peruru,,,ROLLAPALEM PERURU PERURU(VILL) AMALAPURAM(MANDAL) EAST GODAVARI(DIST),533218,venuch1973[at]gmail[dot]com,https://kys.udiseplus.gov.in/#/schooldetail/4668672/12,4668672,21/12/2025 21:59,2480
******00826 Operational,,MPPS (RP) CHENNADAM,,,,Andhra Pradesh,1-Primary,33-MPP_ZPP SCHOOLS,1 To 5,3-Co-educational,1-Rural,Razole,Kadali,,,CHENNADAM KADALI (VILL) CHENNADAM(VILL) RAZOLE(MANDAL) EAST GODAVARI(DIST),533247,mpppsramalayampeta[at]gmail[dot]com,https://kys.udiseplus.gov.in/#/schooldetail/4669031/12,4669031,15/10/2020 12:18,2480
******00801 Operational,,MPPS (RR) EDARAPALLI,,,,Andhra Pradesh,1-Primary,33-MPP_ZPP SCHOOLS,1 To 5,3-Co-educational,1-Rural,Amalapuram,Edarapalle,,,R R NAGAR EDARAPALLE EDARAPALLE(VILL) AMALAPURAM(MANDAL) EAST GODAVARI(DIST),533201,mppsedarapallirr[at]gmail[dot]com,https://kys.udiseplus.gov.in/#/schooldetail/4668651/12,4668651,20/12/2025 23:16,2480
******00602 Operational,,MPPS (RRG) LAKKAVARAM,,,,Andhra Pradesh,1-Primary,33-MPP_ZPP SCHOOLS,1 To 5,3-Co-educational,1-Rural,Malikipuram,Lakkavaram,,,R R GORUP LAKKAVARAM (VILL) LAKKAVARAM(VILL) MALIKIPURAM(MANDAL) EAST GODAVARI(DIST),533254,mppsrrgroup[at]gmail[dot]com,https://kys.udiseplus.gov.in/#/schooldetail/4669104/12,4669104,15/10/2020 12:18,2480
******00207 Operational,,MPPS (RRP) KOMARAGIRI,,,,Andhra Pradesh,1-Primary,33-MPP_ZPP SCHOOLS,1 To 5,3-Co-educational,1-Rural,I. Polavaram,Komaragiri,,,ADIANDHRAPETA KOMARAGIRI (VILL) KOMARAGIRI(VILL) I.POLAVARAM(MANDAL) EAST GODAVARI(DIST),533220,mppskomaragirirrp[at]gmail[dot]com,https://kys.udiseplus.gov.in/#/schooldetail/4668333/12,4668333,11/03/2024 18:55,2480
******01304 Operational,,MPPS (RS) PERURU LANKATHOTA,,,,Andhra Pradesh,1-Primary,33-MPP_ZPP SCHOOLS,1 To 5,3-Co-educational,1-Rural,Amalapuram,Peruru,,,PEERULANKATHOTA(RAMALAYASTREE) PERURU (VILL) PERURU(VILL) AMALAPURAM(MANDAL) EAST GODAVARI(DIST),533218,mppsrsplthota[at]gmail[dot]com,https://kys.udiseplus.gov.in/#/schooldetail/4668666/12,4668666,21/12/2025 21:53,2480
******00501 Operational,,MPPS (RS) PULIDINDI,,,,Andhra Pradesh,1-Primary,33-MPP_ZPP SCHOOLS,1 To 5,3-Co-educational,1-Rural,Atreyapuram,Pulidindi,,,PULIDINDI(RAJA STREET) PULIDINDI (VILL) PULIDINDI(VILL) ATREYAPURAM EAST GODAVARI NEAR PANCHAYATH,533235,mpppsmainpulidindi[at]gmail[dot]com,https://kys.udiseplus.gov.in/#/schooldetail/4667599/12,4667599,18/07/2022 13:10,2480
******01202 Permanently Closed,,MPPS (RS) SAKURRU,,,,Andhra Pradesh,1-Primary,33-MPP_ZPP SCHOOLS,1 To 5,3-Co-educational,1-Rural,Amalapuram,Sakuru,,,NA,533221,,https://kys.udiseplus.gov.in/#/schooldetail/4714995/12,4714995,15/10/2020 12:18,2480
******01003 Operational,,MPPS (RS) TAPESWARAM,,,,Andhra Pradesh,1-Primary,33-MPP_ZPP SCHOOLS,1 To 2,3-Co-educational,1-Rural,Mandapeta,Tapeswaram,,,TAPESWARAM TAPESWARAM(VILL) TAPESWARAM(VILL) MANDAPETA(MANDAL) EAST GODAVARI(DIST),533340,meomandapeta[at]gmail[dot]com,https://kys.udiseplus.gov.in/#/schooldetail/4666662/12,4666662,24/12/2025 11:11,2480
******00105 Operational,,MPPS (RVM) APPANARAMUNI LANKA,,,,Andhra Pradesh,1-Primary,33-MPP_ZPP SCHOOLS,1 To 5,3-Co-educational,1-Rural,Sakhinetipalle,Appanaramuni Lanka,,,R.V.MERAKA APPANARAMUNI LANKA (VILL) APPANARAMUNI LANKA(VILL) SAKHINETIPALLI(MANDAL) EAST GODAVARI(DIST),533252,mppsrvmeraka105[at]gmail[dot]com,https://kys.udiseplus.gov.in/#/schooldetail/4669175/12,4669175,18/07/2022 16:10,2480
******00603 Operational,,MPPS (RVP) (G) VEMAVARAM,,,,Andhra Pradesh,1-Primary,33-MPP_ZPP SCHOOLS,1 To 5,3-Co-educational,1-Rural,I. Polavaram,G. Vemavaram,,,ADIANDHRAPETA G VEMAVARAM G VEMAVARAM(VILL) I POLAVARAM(MANDAL) EAST GODAVARI(DIST),533464,,https://kys.udiseplus.gov.in/#/schooldetail/4668357/12,4668357,09/05/2022 18:38,2480
******01601 Operational,,MPPS R YENUGUPALLE,,,,Andhra Pradesh,1-Primary,33-MPP_ZPP SCHOOLS,1 To 5,3-Co-educational,1-Rural,P.Gannavaram,Yenugupalle,,,R. YENUGUPALLE(NEAR ZPHS) YENUGUPALLE (VILL) YENUGUPALLE(VILL) P.GANNAVARAM(MANDAL) EAST GODAVARI(DIST),533240,mpprypalli28144701601[at]gmail[dot]com,https://kys.udiseplus.gov.in/#/schooldetail/4668023/12,4668023,17/06/2025 21:53,2480
******00502 Operational,,MPPS (SAC) ANTARVEDIPALEM,,,,Andhra Pradesh,1-Primary,33-MPP_ZPP SCHOOLS,1 To 5,3-Co-educational,1-Rural,Sakhinetipalle,Antarvedipalem,,,KOBBARITHOTA KALAVAGATTU ANTARVEDIPALEM (VILL) ANTARVEDIPALEM(VILL) SAKHINETIPALLI(MANDAL) EAST GODAVARI(DIST),533252,,https://kys.udiseplus.gov.in/#/schooldetail/4669214/12,4669214,15/10/2020 12:18,2480
******00216 Operational,,MPPS SAKINETIPALLI LANKA,,,,Andhra Pradesh,1-Primary,33-MPP_ZPP SCHOOLS,1 To 5,3-Co-educational,1-Rural,Sakhinetipalle,Sakhinetipalle,,,SAKINETIPALLE LANKA SAKINETIPALLE (VILL) SAKINETIPALLE(VILL) SAKHINETIPALLI(MANDAL) EAST GODAVARI(DIST),533251,skplanka216[at]gmail[dot]com,https://kys.udiseplus.gov.in/#/schooldetail/4669188/12,4669188,15/10/2020 12:18,2480
******00207 Operational,,MPPS SAKINETIPALLI PALEM,,,,Andhra Pradesh,1-Primary,33-MPP_ZPP SCHOOLS,1 To 5,3-Co-educational,1-Rural,Sakhinetipalle,Sakhinetipalle,,,SAKINETIPALLI PALEM SAKINETIPALLE (VILL) SAKINETIPALLE(VILL) SAKHINETIPALLI(MANDAL) EAST GODAVARI(DIST),533251,goiiamercyannapurna9[at]gmail[dot]com,https://kys.udiseplus.gov.in/#/schooldetail/4669181/12,4669181,15/10/2020 12:18,2480
******01201 Operational,,MPPS SAKURU GARUVU,,,,Andhra Pradesh,1-Primary,33-MPP_ZPP SCHOOLS,1 To 5,3-Co-educational,1-Rural,Amalapuram,Sakuru,,,SAKURU SAKURU SAKURU(VILL) AMALAPURAM(MANDAL) EAST GODAVARI(DIST),533221,basaveswararao03041973[at]gmail[dot]com,https://kys.udiseplus.gov.in/#/schooldetail/4668203/12,4668203,20/12/2025 23:27,2480
******00101 Closed,Closed,MPPS SALADIVARI PALEM,,,,Andhra Pradesh,1-Primary,33-MPP_ZPP SCHOOLS,1 To 2,3-Co-educational,1-Rural,Mummidivaram,Kamini,,,SALADIVARI PALEM KAMINI (VILL) KAMINI(VILL) MUMMIDIVARAM(MANDAL) EAST GODAVARI(DIST),533220,s.s.mitra.sgt[at]gmail[dot]com,https://kys.udiseplus.gov.in/#/schooldetail/4668213/12,4668213,08/08/2025 07:26,2480
******01107 Operational,,MPPS SALIPETA,,,,Andhra Pradesh,1-Primary,33-MPP_ZPP SCHOOLS,1 To 5,3-Co-educational,1-Rural,Malikipuram,Sankaraguptham,,,SALIPETA SANKARAGUPTHAM (VILL) SANKARAGUPTHAM(VILL) MALIKIPURAM(MANDAL) EAST GODAVARI(DIST),533250,meo.malikipuram[at]gmail[dot]com,https://kys.udiseplus.gov.in/#/schooldetail/4669159/12,4669159,15/10/2020 12:18,2480
******01701 Permanently Closed,,MPPS SAMANASA,,,,Andhra Pradesh,1-Primary,33-MPP_ZPP SCHOOLS,1 To 5,3-Co-educational,1-Rural,Amalapuram,Samanasa,,,NA,533213,,https://kys.udiseplus.gov.in/#/schooldetail/4715000/12,4715000,15/10/2020 12:18,2480
******01203 Operational,,MPPS SAMANTHAKURU,,,,Andhra Pradesh,1-Primary,33-MPP_ZPP SCHOOLS,1 To 5,3-Co-educational,1-Rural,Allavaram,Samanthakuru,,,SAMANTHAKURU SAMANTHAKURU SAMANTHAKURU(VILL) ALLAVARAM(MANDAL) EAST GODAVARI(DIST),533217,meo.allavaram1[at]gmail[dot]com,https://kys.udiseplus.gov.in/#/schooldetail/4668850/12,4668850,19/12/2025 10:53,2480
******01401 Operational,,MPPS SANDHIPUDI,,,,Andhra Pradesh,1-Primary,33-MPP_ZPP SCHOOLS,1 To 5,3-Co-educational,1-Rural,Alamuru,Sandhipudi,,,SANDHIPUDI SANDHIPUDI SANDHIPUDI(VILL) ALAMURU(MANDAL) EAST GODAVARI(DIST),533232,nsrinivasarao647[at]gmail[dot]com,https://kys.udiseplus.gov.in/#/schooldetail/4667575/12,4667575,15/10/2020 12:18,2480
******00915 Operational,,MPPS SANGAMPALEM,,,,Andhra Pradesh,1-Primary,33-MPP_ZPP SCHOOLS,1 To 5,3-Co-educational,1-Rural,Kothapeta,Vanapalle,,,SANGAMPALEM VANAPALLI (VILL) VANAPALLI(VILL) KOTHAPETA(MANDAL) EAST GODAVARI(DIST),533228,mppupssangampalem[at]gmail[dot]com,https://kys.udiseplus.gov.in/#/schooldetail/4667924/12,4667924,17/07/2025 16:04,2480
******01116 Operational,,MPPS SANKARAGUPTAM,,,,Andhra Pradesh,1-Primary,33-MPP_ZPP SCHOOLS,1 To 5,3-Co-educational,1-Rural,Malikipuram,Sankaraguptham,,,SANKARAGUPTHAM SANKARAGUPTHAM (VILL) SANKARAGUPTHAM(VILL) MALIKIPURAM(MANDAL) EAST GODAVARI(DIST),533250,srkmangena[at]gmail[dot]com,https://kys.udiseplus.gov.in/#/schooldetail/4669167/12,4669167,15/10/2020 12:18,2480
******00901 Operational,,MPPS SANKARAIGUDEM,,,,Andhra Pradesh,1-Primary,33-MPP_ZPP SCHOOLS,1 To 5,3-Co-educational,1-Rural,Ainavilli,Krapa,,,SANKARAIGUDEM KRAPA KRAPA(VILL) AINAVILLI(MANDAL) EAST GODAVARI(DIST),533216,ddevim20[at]gmail[dot]com,https://kys.udiseplus.gov.in/#/schooldetail/4668160/12,4668160,07/05/2022 18:40,2480
******00401 Operational,,MPPS SANNAVILLI,,,,Andhra Pradesh,1-Primary,33-MPP_ZPP SCHOOLS,1 To 5,3-Co-educational,1-Rural,Uppalaguptam,Sannavalli,,,SANNAVILLI SANNAVILLI (VILL) SANNAVILLI(VILL) UPPALAGUPTAM(MANDAL) EAST GODAVARI(DIST),533222,,https://kys.udiseplus.gov.in/#/schooldetail/4668540/12,4668540,07/01/2026 08:45,2480
******01001 Operational,,MPPS SANTAPETA,,,,Andhra Pradesh,1-Primary,33-MPP_ZPP SCHOOLS,1 To 5,3-Co-educational,1-Rural,Ramachandrapuram,Vella,,,SANTAPETA VELLA (VILL) VELLA(VILL) RAMACHANDRAPURAM(MANDAL) EAST GODAVARI(DIST),533255,,https://kys.udiseplus.gov.in/#/schooldetail/4667237/12,4667237,17/06/2025 22:08,2480
******00210 Permanently Closed,,MPPS SANTHI NAGAR,,,,Andhra Pradesh,1-Primary,33-MPP_ZPP SCHOOLS,1 To 5,3-Co-educational,1-Rural,Sakhinetipalle,Sakhinetipalle,,,NA,533251,,https://kys.udiseplus.gov.in/#/schooldetail/4715045/12,4715045,15/10/2020 12:18,2480
******01213 Operational,,MPPS SAPEVARIPALLI,,,,Andhra Pradesh,1-Primary,33-MPP_ZPP SCHOOLS,1 To 5,3-Co-educational,1-Rural,Katrenikona,Pallamkurru,,,SAPEVARIPALLE PALLAMKURRU (VILL) PALLAMKURRU(VILL) KATRENIKONA(MANDAL) EAST GODAVARI(DIST),533212,nagadevi.thota01[at]gmail[dot]com,https://kys.udiseplus.gov.in/#/schooldetail/4668501/12,4668501,15/10/2020 12:18,2480
******00905 Operational,,MPPS SARELLAVARIPETA,,,,Andhra Pradesh,1-Primary,33-MPP_ZPP SCHOOLS,1 To 2,3-Co-educational,1-Rural,P.Gannavaram,Munganda,,,SARELLAVARIPETA MUNGANDA (VILL) MUNGANDA(VILL) P.GANNAVARAM(MANDAL) EAST GODAVARI(DIST),533214,mpppssarellavaripeta[at]gmail[dot]com,https://kys.udiseplus.gov.in/#/schooldetail/4668007/12,4668007,25/01/2023 19:28,2480
******01206 Closed,Closed,MPPS SARIPALLI HINDU,,,,Andhra Pradesh,1-Primary,33-MPP_ZPP SCHOOLS,1 To 2,3-Co-educational,1-Rural,Uppalaguptam,Gopavaram,,,SARIPALLI UPPALAGUPTAM MANDAL,533213,saripallihindumppps[at]gmail[dot]com,https://kys.udiseplus.gov.in/#/schooldetail/4719928/12,4719928,08/08/2025 07:25,2480
******00403 Operational,,MPPS SARVARAYA THOTA,,,,Andhra Pradesh,1-Primary,33-MPP_ZPP SCHOOLS,1 To 5,3-Co-educational,1-Rural,Rayavaram,Pasalapudi,,,SARVARAYA THOTA PASALAPUDI (VILL) PASALAPUDI(VILL) RAYAVARAM(MANDAL) EAST GODAVARI(DIST),533255,,https://kys.udiseplus.gov.in/#/schooldetail/4666981/12,4666981,15/10/2020 12:18,2480
******00612 Operational,,MPPS SATHEMMACHETTU,,,,Andhra Pradesh,1-Primary,33-MPP_ZPP SCHOOLS,1 To 5,3-Co-educational,1-Rural,Katrenikona,Katrenikona,,,MONDI PORA KATRENIKONA (VILL) KATRENIKONA(VILL) KATRENIKONA(MANDAL) EAST GODAVARI(DIST),533212,,https://kys.udiseplus.gov.in/#/schooldetail/4668446/12,4668446,19/07/2022 12:28,2480
******00901 Operational,,MPPS SATHMMALANKA,,,,Andhra Pradesh,1-Primary,33-MPP_ZPP SCHOOLS,1 To 5,3-Co-educational,1-Rural,Kothapeta,Vanapalle,,,SATHMMALANKA VANAPALLI (VILL) VANAPALLI(VILL) KOTHAPETA(MANDAL) EAST GODAVARI(DIST),533228,mpppssathemmalanka2[at]gmail[dot]com,https://kys.udiseplus.gov.in/#/schooldetail/4667909/12,4667909,15/10/2020 12:18,2480
******00912 Operational,,MPPS SATYANANDAPURAM,,,,Andhra Pradesh,1-Primary,33-MPP_ZPP SCHOOLS,1 To 5,3-Co-educational,1-Rural,Kothapeta,Vanapalle,,,SATYANANDAPURAM VANAPALLI (VILL) VANAPALLI(VILL) KOTHAPETA(MANDAL) EAST GODAVARI(DIST),533228,,https://kys.udiseplus.gov.in/#/schooldetail/4667921/12,4667921,15/10/2020 12:18,2480
******01801 Operational,,MPPS SATYAWADA,,,,Andhra Pradesh,1-Primary,33-MPP_ZPP SCHOOLS,1 To 5,3-Co-educational,1-Rural,NA,NA,,,SATYAWADA SATYAWADA (VILL) SATYAWADA(VILL) K.GANGAVARAM(MANDAL) EAST GODAVARI(DIST),533305,ballemgopalakrishna[at]gmail[dot]com,https://kys.udiseplus.gov.in/#/schooldetail/4667794/12,4667794,23/06/2022 14:34,2480
******00103 Operational,,MPPS SAVARAM,,,,Andhra Pradesh,1-Primary,33-MPP_ZPP SCHOOLS,1 To 5,3-Co-educational,1-Rural,Katrenikona,Cheyyeru,,,SAVARAM CHEYYERU (VILL) CHEYYERU(VILL) KATRENIKONA(MANDAL) EAST GODAVARI(DIST),533222,,https://kys.udiseplus.gov.in/#/schooldetail/4668424/12,4668424,19/07/2022 12:18,2480
******01105 Operational,,MPPS SAVARAM PETA,,,,Andhra Pradesh,1-Primary,33-MPP_ZPP SCHOOLS,1 To 5,3-Co-educational,1-Rural,Allavaram,Devaguptam,,,SAVARAM PETA DEVAGUPTAM DEVAGUPTAM(VILL) ALLAVARAM(MANDAL) EAST GODAVARI(DIST),533217,,https://kys.udiseplus.gov.in/#/schooldetail/4668839/12,4668839,19/12/2025 10:51,2480
******01605 Operational,,MPPS SAVARAPPALEM,,,,Andhra Pradesh,1-Primary,33-MPP_ZPP SCHOOLS,1 To 5,3-Co-educational,1-Rural,Amalapuram,Vanne Chintalapudi,,,SAVARP PALEM VANNE CHINTALAPUDI VANNE CHINTALAPUDI(VILL) AMALAPURAM(MANDAL) EAST GODAVARI(DIST),533213,billaprameeladevi[at]gmail[dot]com,https://kys.udiseplus.gov.in/#/schooldetail/4668687/12,4668687,21/12/2025 22:17,2480
******00302 Operational,,MPPS (SBH) CHEMUDULANKA,,,,Andhra Pradesh,1-Primary,33-MPP_ZPP SCHOOLS,1 To 5,3-Co-educational,1-Rural,Alamuru,Chemudu Lanka,,,(S.B.H AREA) CHEMUDULANKA CHOPPELA(VILL) ALAMURU(MANDAL) EAST GODAVARI(DIST),533234,mpps.sbh.chemudulanka[at]gmail[dot]com,https://kys.udiseplus.gov.in/#/schooldetail/4667516/12,4667516,15/10/2020 12:18,2480
******00804 Closed,Closed,MPPS (SBP) I POLAVARAM,,,,Andhra Pradesh,1-Primary,33-MPP_ZPP SCHOOLS,1 To 2,3-Co-educational,1-Rural,I. Polavaram,I. Polavaram,,,SETTI BALIJA PETA I. POLAVARAM (VILL) I. POLAVARAM(VILL) I.POLAVARAM(MANDAL) EAST GODAVARI(DIST),533220,mppschoolsbp804[at]gmail[dot]com,https://kys.udiseplus.gov.in/#/schooldetail/4668381/12,4668381,07/08/2025 10:00,2480
******00706 Operational,,MPPS (SBP) T KOTHA PALLI,,,,Andhra Pradesh,1-Primary,33-MPP_ZPP SCHOOLS,1 To 5,3-Co-educational,1-Rural,I. Polavaram,T. Kothapalle,,,S B PETA T KOTHAPALLI T. KOTHAPALLI (VILL) T. KOTHAPALLE(VILL) I.POLAVARAM(MANDAL) EAST GODAVARI(DIST),533220,,https://kys.udiseplus.gov.in/#/schooldetail/4668374/12,4668374,16/06/2025 11:32,2480
******00602 Operational,,MPPS (SDN) PEDAPATNAM,,,,Andhra Pradesh,1-Primary,33-MPP_ZPP SCHOOLS,1 To 5,3-Co-educational,1-Rural,Mamidikuduru,Pedapatnam,,,SIDDARADHA NAGAR PEDAPATNAM (VILL) PEDAPATNAM(VILL) MAMIDIKUDURU(MANDAL) EAST GODAVARI(DIST),533249,vijayap133[at]gmail[dot]com,https://kys.udiseplus.gov.in/#/schooldetail/4668471/12,4668471,18/07/2022 16:14,2480
******00703 Operational,,MPPS SEETANNACHERUVU,,,,Andhra Pradesh,1-Primary,33-MPP_ZPP SCHOOLS,1 To 5,3-Co-educational,1-Rural,I. Polavaram,T. Kothapalle,,,SEETANNACHERUVU T. KOTHAPALLI (VILL) T. KOTHAPALLE(VILL) I.POLAVARAM(MANDAL) EAST GODAVARI(DIST),533220,mppsseetannacheruvu[at]gmail[dot]com,https://kys.udiseplus.gov.in/#/schooldetail/4668371/12,4668371,11/03/2024 18:58,2480
******00403 Permanently Closed,,MPPS SEREPALEM,,,,Andhra Pradesh,1-Primary,33-MPP_ZPP SCHOOLS,1 To 5,3-Co-educational,1-Rural,Kothapeta,Palivela,,,NA,533229,,https://kys.udiseplus.gov.in/#/schooldetail/4714950/12,4714950,15/10/2020 12:18,2480
******02402 Operational,,MPPS SERILANKA,,,,Andhra Pradesh,1-Primary,33-MPP_ZPP SCHOOLS,1 To 5,3-Co-educational,1-Rural,NA,NA,,,SERILANKA MASAKAPALLI (VILL) MASAKAPALLI(VILL) K.GANGAVARAM(MANDAL) EAST GODAVARI(DIST),533220,spangara1989[at]gmail[dot]com,https://kys.udiseplus.gov.in/#/schooldetail/4667817/12,4667817,23/06/2022 14:43,2480
******02102 Operational,,MPPS SIDDARTHANAGAR,,,,Andhra Pradesh,1-Primary,33-MPP_ZPP SCHOOLS,1 To 5,3-Co-educational,1-Rural,Ramachandrapuram,Vegayammapeta,,,SIDDARDHANAGAR VEGAYAMMAPETA (VILL) VEGAYAMMAPETA(VILL) RAMACHANDRAPURAM(MANDAL) EAST GODAVARI(DIST),533262,,https://kys.udiseplus.gov.in/#/schooldetail/4667292/12,4667292,15/10/2020 12:18,2480
******00802 Operational,,MPPS SIDDHARDHANAGAR,,,,Andhra Pradesh,1-Primary,33-MPP_ZPP SCHOOLS,1 To 5,3-Co-educational,1-Rural,Ambajipeta,Gangalakurru,,,SIDDHARTHANAGAR GANGALAKURRU GANGALAKURRU(VILL) AMBAJIPETA(MANDAL) EAST GODAVARI(DIST),533221,mpppschool321[at]gmail[dot]com,https://kys.udiseplus.gov.in/#/schooldetail/4668081/12,4668081,23/12/2025 17:08,2480
******01706 Operational,,MPPS SIDHILAMERAKA,,,,Andhra Pradesh,1-Primary,33-MPP_ZPP SCHOOLS,1 To 5,3-Co-educational,1-Rural,P.Gannavaram,Manepalle,,,SIDHILAMERAKA MANEPALLE (VILL) MANEPALLE(VILL) P.GANNAVARAM(MANDAL) EAST GODAVARI(DIST),533249,,https://kys.udiseplus.gov.in/#/schooldetail/4668034/12,4668034,18/07/2022 15:27,2480
******00213 Operational,,MPPS SINGARAYAPALEM,,,,Andhra Pradesh,1-Primary,33-MPP_ZPP SCHOOLS,1 To 5,3-Co-educational,1-Rural,Uppalaguptam,Bheemanapalle,,,BHEEMANAPALLI-UPPALAGUPTAM-EAST GODAVARI,533222,,https://kys.udiseplus.gov.in/#/schooldetail/4668534/12,4668534,07/01/2026 08:44,2480
******00903 Operational,,MPPS SIRIGATLAPALLI,,,,Andhra Pradesh,1-Primary,33-MPP_ZPP SCHOOLS,1 To 5,3-Co-educational,1-Rural,Allavaram,Mogallamuru,,,SIRIGATLAPALLE MOGALLAMURU MOGALLAMURU(VILL) ALLAVARAM(MANDAL) EAST GODAVARI(DIST),533210,subrahmanyam9093[at]gmail[dot]com,https://kys.udiseplus.gov.in/#/schooldetail/4668831/12,4668831,19/12/2025 10:49,2480
******01101 Operational,,MPPS SIRIPALLI,,,,Andhra Pradesh,1-Primary,33-MPP_ZPP SCHOOLS,1 To 2,3-Co-educational,1-Rural,Ainavilli,Siripalle,,,SIRIPALLE SIRIPALLE SIRIPALLE(VILL) AINAVILLI(MANDAL) EAST GODAVARI(DIST),533211,,https://kys.udiseplus.gov.in/#/schooldetail/4668174/12,4668174,24/01/2023 13:14,2480
******00205 Operational,,MPPS SITARAMAPURAM,,,,Andhra Pradesh,1-Primary,33-MPP_ZPP SCHOOLS,1 To 5,3-Co-educational,1-Rural,Uppalaguptam,Bheemanapalle,,,SITARAMAPURAM BHEEMANAPALLI (VILL) BHEEMANAPALLI(VILL) UPPALAGUPTAM(MANDAL) EAST GODAVARI(DIST),533222,,https://kys.udiseplus.gov.in/#/schooldetail/4668524/12,4668524,07/01/2026 08:42,2480
******01310 Operational,,MPPS SITARAMAPURAM,,,,Andhra Pradesh,1-Primary,33-MPP_ZPP SCHOOLS,1 To 5,3-Co-educational,1-Rural,Allavaram,Komaragiripatnam,,,SEETHARAMPURAM KOMARAGIRIPATNAM KOMARAGIRIPATNAM(VILL) ALLAVARAM(MANDAL) EAST GODAVARI(DIST),533210,meo.allavaram1[at]gmail[dot]com,https://kys.udiseplus.gov.in/#/schooldetail/4668858/12,4668858,19/12/2025 10:55,2480
******01704 Operational,,MPPS SIVAILANKA,,,,Andhra Pradesh,1-Primary,33-MPP_ZPP SCHOOLS,1 To 5,3-Co-educational,1-Rural,P.Gannavaram,Manepalle,,,SIVAILANKA MANEPALLE (VILL) MANEPALLE(VILL) P.GANNAVARAM(MANDAL) EAST GODAVARI(DIST),533249,,https://kys.udiseplus.gov.in/#/schooldetail/4668032/12,4668032,11/03/2024 18:55,2480
******00502 Operational,,MPPS SIVAKODUPALEM,,,,Andhra Pradesh,1-Primary,33-MPP_ZPP SCHOOLS,1 To 5,3-Co-educational,1-Rural,Razole,Sivakodu,,,SIVAKODUPALEM SIVAKODU (VILL) SIVAKODU(VILL) RAZOLE(MANDAL) EAST GODAVARI(DIST),533244,subrahmanyam972[at]gmail[dot]com,https://kys.udiseplus.gov.in/#/schooldetail/4668566/12,4668566,15/10/2020 12:18,2480
******00508 Operational,,MPPS SIVAKODU PALLIPALEM,,,,Andhra Pradesh,1-Primary,33-MPP_ZPP SCHOOLS,1 To 5,3-Co-educational,1-Rural,Razole,Sivakodu,,,SIVAKODU PALLI PALEM SIVAKODU (VILL) SIVAKODU(VILL) RAZOLE(MANDAL) EAST GODAVARI(DIST),533244,mppupspallipalem23[at]gmail[dot]com,https://kys.udiseplus.gov.in/#/schooldetail/4669009/12,4669009,21/06/2025 17:36,2480
******00211 Operational,,MPPS (SJC) SAKHINETIPALLI,,,,Andhra Pradesh,1-Primary,33-MPP_ZPP SCHOOLS,1 To 5,3-Co-educational,1-Rural,Sakhinetipalle,Sakhinetipalle,,,SANJEEVAYYA COLONY SAKINETIPALLE (VILL) SAKINETIPALLE(VILL) SAKHINETIPALLI(MANDAL) EAST GODAVARI(DIST),533251,mppschool211[at]gmail[dot]com,https://kys.udiseplus.gov.in/#/schooldetail/4669184/12,4669184,08/05/2022 14:05,2480
******01403 Operational,,MPPS (SMC) VILASA,,,,Andhra Pradesh,1-Primary,33-MPP_ZPP SCHOOLS,1 To 5,3-Co-educational,1-Rural,Ainavilli,Vilasa,,,S M COLONY VILASA VILASA(VILL) AINAVILLI(MANDAL) EAST GODAVARI(DIST),533577,,https://kys.udiseplus.gov.in/#/schooldetail/4668193/12,4668193,11/03/2024 16:48,2480
******00402 Operational,,MPPS (SN) COLONY,,,,Andhra Pradesh,1-Primary,33-MPP_ZPP SCHOOLS,1 To 5,3-Co-educational,1-Rural,Ambajipeta,Chiratapudi,,,S.N.COLONY CHIRATAPUDI CHIRATAPUDI(VILL) AMBAJIPETA(MANDAL) EAST GODAVARI(DIST),533214,mppssncolony01[at]gmail[dot]com,https://kys.udiseplus.gov.in/#/schooldetail/4668055/12,4668055,23/12/2025 17:04,2480
******01002 Operational,,MPPS (SN) GOPALAPURAM,,,,Andhra Pradesh,1-Primary,33-MPP_ZPP SCHOOLS,1 To 5,3-Co-educational,1-Rural,Ravulapalem,Gopalapuram,,,SITHATHA NAGAR GOPALAPURAM (VILL) GOPALAPURAM(VILL) RAVULAPALEM(MANDAL) EAST GODAVARI(DIST),533274,mppssngopalapuram[at]gmail[dot]com,https://kys.udiseplus.gov.in/#/schooldetail/4667738/12,4667738,17/06/2025 15:06,2480
******01003 Operational,,MPPS (SN) MODEKURRU,,,,Andhra Pradesh,1-Primary,33-MPP_ZPP SCHOOLS,1 To 5,3-Co-educational,1-Rural,Kothapeta,Modekurru,,,SANJEEVANAGAR MODEKURRU (VILL) MODEKURRU(VILL) KOTHAPETA(MANDAL) EAST GODAVARI(DIST)BESIDE CHURCH,533229,meo.kothapeta[at]gmail[dot]com,https://kys.udiseplus.gov.in/#/schooldetail/4667931/12,4667931,15/10/2020 12:18,2480
******00102 Operational,,MPPS (SN) NELATURU,,,,Andhra Pradesh,1-Primary,33-MPP_ZPP SCHOOLS,1 To 2,3-Co-educational,1-Rural,Kapileswarapuram,Nelaturu,,,SRAMIKA NAGAR NELATURU (VILL) NELATURU(VILL) KAPILESWARAPURAM(MANDAL) EAST GODAVARI(DIST),533308,sivannarayanajana[at]gmail[dot]com,https://kys.udiseplus.gov.in/#/schooldetail/4667439/12,4667439,20/06/2025 13:07,2480
******00501 Operational,,MPPS (SNP) ATCHUTA PURAM,,,,Andhra Pradesh,1-Primary,33-MPP_ZPP SCHOOLS,1 To 5,3-Co-educational,1-Rural,Kapileswarapuram,Atchutapuram,,,ATCHUTA PURAM KALERU (VILL) KALERU(VILL) KAPILESWARAPURAM(MANDAL) EAST GODAVARI(DIST),533307,snp.atchutapuram[at]gmail[dot]com,https://kys.udiseplus.gov.in/#/schooldetail/4667450/12,4667450,25/09/2024 08:18,2480
******01204 Operational,,MPPS (SNP) KAPILESWARAPURAM,,,,Andhra Pradesh,1-Primary,33-MPP_ZPP SCHOOLS,1 To 5,3-Co-educational,1-Rural,Kapileswarapuram,Kapileswarapuram,,,KAPILESWARAPURAM KAPILESWARAPURAM (VILL) KAPILESWARAPURAM(VILL) KAPILESWARAPURAM(MANDAL) EAST GODAVARI(DIST),533309,mppssnp1204[at]gmail[dot]com,https://kys.udiseplus.gov.in/#/schooldetail/4667482/12,4667482,15/10/2020 12:18,2480
******00720 Operational,,MPPS SOMIDEVARA PALEM,,,,Andhra Pradesh,1-Primary,33-MPP_ZPP SCHOOLS,1 To 5,3-Co-educational,2-Urban,NA,,Mummidivaram Ward No.9,Mummidivaram-Town Panchayat,SOMIDEVARA PALEM MUMMIDIVARAM (VILL) MUMMIDIVARAM(VILL) MUMMIDIVARAM(MANDAL) EAST GODAVARI(DIST),533216,msatyanarayanakatta64983[at]gmail[dot]com,https://kys.udiseplus.gov.in/#/schooldetail/4667823/12,4667823,15/10/2020 12:18,2480
******01205 Operational,,MPPS S PALLI PALEM,,,,Andhra Pradesh,1-Primary,33-MPP_ZPP SCHOOLS,1 To 5,3-Co-educational,1-Rural,Allavaram,Samanthakuru,,,S.PALLIPALEM SAMANTHAKURU SAMANTHAKURU(VILL) ALLAVARAM(MANDAL) EAST GODAVARI(DIST),533217,mppsspallipalem[at]gmail[dot]com,https://kys.udiseplus.gov.in/#/schooldetail/4668852/12,4668852,19/12/2025 10:53,2480
******01304 Operational,,MPPS (SP) MACHARA,,,,Andhra Pradesh,1-Primary,33-MPP_ZPP SCHOOLS,1 To 5,3-Co-educational,1-Rural,Kapileswarapuram,Machara,,,SRIRAMAPURAM MACHARA (VILL) MACHARA(VILL) KAPILESWARAPURAM(MANDAL) EAST GODAVARI(DIST),533309,,https://kys.udiseplus.gov.in/#/schooldetail/4667492/12,4667492,15/10/2020 12:18,2480
******00105 Operational,,MPPS (SP) PEDAPATNAMLANKA,,,,Andhra Pradesh,1-Primary,33-MPP_ZPP SCHOOLS,1 To 5,3-Co-educational,1-Rural,Mamidikuduru,Pedapatnam Lanka,,,SATHEMMPETA PEDAPATNAM LANKA (VILL) PEDAPATNAM LANKA(VILL) MAMIDIKUDURU(MANDAL) EAST GODAVARI(DIST),533247,,https://kys.udiseplus.gov.in/#/schooldetail/4668886/12,4668886,18/07/2022 13:08,2480
******01002 Operational,,MPPS (SPT) EDARADA,,,,Andhra Pradesh,1-Primary,33-MPP_ZPP SCHOOLS,1 To 5,3-Co-educational,1-Rural,Mamidikuduru,Edarada,,,SIDDARSHAPETA EDARADA (VILL) EDARADA(VILL) MAMIDIKUDURU(MANDAL) EAST GODAVARI(DIST),533247,mppsspt[at]gmail[dot]com,https://kys.udiseplus.gov.in/#/schooldetail/4668940/12,4668940,18/07/2022 16:26,2480
******00306 Operational,,MPPS SREERAMAGARUVU,,,,Andhra Pradesh,1-Primary,33-MPP_ZPP SCHOOLS,1 To 5,3-Co-educational,1-Rural,Sakhinetipalle,Rameswaram,,,S R GARUVU RAMESWARAM (VILL) RAMESWARAM(VILL) SAKHINETIPALLI(MANDAL) EAST GODAVARI(DIST),533251,,https://kys.udiseplus.gov.in/#/schooldetail/4669210/12,4669210,15/10/2020 12:18,2480
******00304 Operational,,MPPS SRINIVASAPETA,,,,Andhra Pradesh,1-Primary,33-MPP_ZPP SCHOOLS,1 To 5,3-Co-educational,1-Rural,Kothapeta,Kothapeta,,,NEAR BODIPALEM SRINIVASAPETA KOTHAPETA (VILL) KOTHAPETA(VILL) KOTHAPETA(MANDAL) EAST GODAVARI(DIST),533223,,https://kys.udiseplus.gov.in/#/schooldetail/4667838/12,4667838,15/10/2020 12:18,2480
******00706 Operational,,MPPS SRINIVASA PURAM,,,,Andhra Pradesh,1-Primary,33-MPP_ZPP SCHOOLS,1 To 5,3-Co-educational,1-Rural,Kothapeta,Billa Kurru,,,SRINIVASA PURAM BILLA KURRU (VILL) BILLA KURRU(VILL) KOTHAPETA(MANDAL) EAST GODAVARI(DIST),533228,mpppssrinivasapuram[at]gmail[dot]com,https://kys.udiseplus.gov.in/#/schooldetail/4667902/12,4667902,15/10/2020 12:18,2480
******01103 Operational,,MPPS SRIRANGARAJAPURAM,,,,Andhra Pradesh,1-Primary,33-MPP_ZPP SCHOOLS,1 To 5,3-Co-educational,1-Rural,I. Polavaram,Thillakkuppa,,,SRIRANGARAJAPURAM THILLAKKUPPA (VILL) THILLAKKUPPA(VILL) I.POLAVARAM(MANDAL) EAST GODAVARI(DIST),533220,jyothiyella549[at]gmail[dot]com,https://kys.udiseplus.gov.in/#/schooldetail/4668420/12,4668420,09/05/2022 19:03,2480
******00304 Operational,,MPPS (SRN) CHOPPELLA,,,,Andhra Pradesh,1-Primary,33-MPP_ZPP SCHOOLS,1 To 5,3-Co-educational,1-Rural,Alamuru,Choppela,,,SRIRAMA NAGAR CHOPPELA (VILL) CHOPPELA(VILL) ALAMURU(MANDAL) EAST GODAVARI(DIST),533234,,https://kys.udiseplus.gov.in/#/schooldetail/4667518/12,4667518,15/10/2020 12:18,2480
******01402 Operational,,MPPS (SRN) S YANAM,,,,Andhra Pradesh,1-Primary,33-MPP_ZPP SCHOOLS,1 To 5,3-Co-educational,1-Rural,Uppalaguptam,Surasaniyanam,,,SURASANIYANAM(SRIRAM NAGAR) SURASANIYANAM (VILL) SURASANIYANAM(VILL) UPPALAGUPTAM(MANDAL) EAST GODAVARI(DIST),533213,srnagarmpps[at]gmail[dot]com,https://kys.udiseplus.gov.in/#/schooldetail/4668609/12,4668609,07/01/2026 09:04,2480
******00703 Permanently Closed,,MPPS (SRP) CHELLURU,,,,Andhra Pradesh,1-Primary,33-MPP_ZPP SCHOOLS,1 To 5,3-Co-educational,1-Rural,Rayavaram,Chelluru,,,NA,533261,,https://kys.udiseplus.gov.in/#/schooldetail/4714915/12,4714915,15/10/2020 12:18,2480
******00707 Operational,,MPPS SRUNGAVARAPPADU,,,,Andhra Pradesh,1-Primary,33-MPP_ZPP SCHOOLS,1 To 5,3-Co-educational,1-Rural,Sakhinetipalle,Kesavadasupalem,,,SRUNGAVARAPPADU KESAVADASUPALEM (VILL) KESAVADASUPALEM(VILL) SAKHINETIPALLI(MANDAL) EAST GODAVARI(DIST),533252,mpppssrungavarappadu[at]gmail[dot]com,https://kys.udiseplus.gov.in/#/schooldetail/4669248/12,4669248,15/10/2020 12:18,2480
******02003 Permanently Closed,,MPPS S SAVARAM KOTIPALLI,,,,Andhra Pradesh,1-Primary,33-MPP_ZPP SCHOOLS,1 To 5,3-Co-educational,9-NA,NA,,,,NA,533306,,https://kys.udiseplus.gov.in/#/schooldetail/4714943/12,4714943,15/10/2020 12:18,2480
******90202 Operational,,MPPS (SS) BANDARULANKA,,,,Andhra Pradesh,1-Primary,33-MPP_ZPP SCHOOLS,1 To 5,3-Co-educational,1-Rural,Amalapuram,Bandarulanka,,,BANDARULANKA BANDARULANKA BANDARULANKA(VILL) AMALAPURAM(MANDAL) EAST GODAVARI(DIST),533221,meo.amalapuram1[at]gmail[dot]com,https://kys.udiseplus.gov.in/#/schooldetail/4668750/12,4668750,20/12/2025 21:51,2480
******01009 Operational,,MPPS (SSC) TAPESWARAM,,,,Andhra Pradesh,1-Primary,33-MPP_ZPP SCHOOLS,1 To 5,3-Co-educational,1-Rural,Mandapeta,Tapeswaram,,,TAPESWARAM(S S COLONY) TAPESWARAM(VILL) TAPESWARAM(VILL) MANDAPETA(MANDAL) EAST GODAVARI(DIST),533308,chitturi.sridhar[at]gmail[dot]com,https://kys.udiseplus.gov.in/#/schooldetail/4666668/12,4666668,31/12/2025 16:31,2480
******00822 Operational,,MPPS (SSC) VEGIVARI PALEM,,,,Andhra Pradesh,1-Primary,33-MPP_ZPP SCHOOLS,1 To 5,3-Co-educational,1-Rural,Razole,Kadali,,,SATYA SAI COLONY KADALI (VILL) VEGIVARIPALEM(VILL) RAZOLE(MANDAL) EAST GODAVARI(DIST),533248,umap18335[at]gmail[dot]com,https://kys.udiseplus.gov.in/#/schooldetail/4669030/12,4669030,15/10/2020 12:18,2480
******01501 Operational,,MPPS (SS) MONDEPULANKA,,,,Andhra Pradesh,1-Primary,33-MPP_ZPP SCHOOLS,1 To 5,3-Co-educational,1-Rural,P.Gannavaram,Mondepu Lanka,,,"MPPS (S S) MONDEPULANKA,P.GANNAVARAM MANDAL",533240,avvsatyanarayana21[at]gmail[dot]com,https://kys.udiseplus.gov.in/#/schooldetail/4667587/12,4667587,18/07/2022 15:24,2480
******00913 Operational,,MPPS (SSP) VANAPALLI,,,,Andhra Pradesh,1-Primary,33-MPP_ZPP SCHOOLS,1 To 5,3-Co-educational,1-Rural,Kothapeta,Vanapalle,,,SAMBASIVAPETA VANAPALLI (VILL) VANAPALLI(VILL) KOTHAPETA(MANDAL) EAST GODAVARI(DIST),533228,meo.kothapeta[at]gmail[dot]com,https://kys.udiseplus.gov.in/#/schooldetail/4667922/12,4667922,15/10/2020 12:18,2480
******00503 Operational,,MPPS (ST) SOMESWARAM,,,,Andhra Pradesh,1-Primary,33-MPP_ZPP SCHOOLS,1 To 5,3-Co-educational,1-Rural,Rayavaram,Someswaram,,,SEETHAMMA THOTA SOMESWARAM (VILL) SOMESWARAM(VILL) RAYAVARAM(MANDAL) EAST GODAVARI(DIST),533261,vvlakshmi[at]gmail[dot]com,https://kys.udiseplus.gov.in/#/schooldetail/4667405/12,4667405,15/10/2020 12:18,2480
******00606 Operational,,MPPS SUBBARAYUDI PETA,,,,Andhra Pradesh,1-Primary,33-MPP_ZPP SCHOOLS,1 To 5,3-Co-educational,1-Rural,Sakhinetipalle,Mori,,,SUBBARAYUDI PETA MORI (VILL) MORI(VILL) SAKHINETIPALLI(MANDAL) EAST GODAVARI(DIST),533250,vijayakarra82[at]gamil[dot]com,https://kys.udiseplus.gov.in/#/schooldetail/4669237/12,4669237,15/10/2020 12:18,2480
******00209 Operational,,MPPS SUDAPALEM,,,,Andhra Pradesh,1-Primary,33-MPP_ZPP SCHOOLS,1 To 5,3-Co-educational,1-Rural,Uppalaguptam,Bheemanapalle,,,SUDAPALEM BHEEMANAPALLI (VILL) BHEEMANAPALLI(VILL) UPPALAGUPTAM(MANDAL) EAST GODAVARI(DIST),533222,mppssudapalem[at]gmail[dot]com,https://kys.udiseplus.gov.in/#/schooldetail/4668527/12,4668527,07/01/2026 08:43,2480
******00504 Permanently Closed,,MPPS SUNDARA SIVARAO PETA,,,,Andhra Pradesh,1-Primary,33-MPP_ZPP SCHOOLS,1 To 5,3-Co-educational,1-Rural,Sakhinetipalle,Antarvedipalem,,,NA,533252,,https://kys.udiseplus.gov.in/#/schooldetail/4715048/12,4715048,15/10/2020 12:18,2480
******00215 Permanently Closed,,MPPS SUNKARA REVU,,,,Andhra Pradesh,2-Primary with Upper Primary,33-MPP_ZPP SCHOOLS,1 To 8,3-Co-educational,1-Rural,Sakhinetipalle,Sakhinetipalle,,,NA,533251,,https://kys.udiseplus.gov.in/#/schooldetail/4715046/12,4715046,15/10/2020 12:18,2480
******00714 Operational,,MPPS SURAI CHERVU,,,,Andhra Pradesh,1-Primary,33-MPP_ZPP SCHOOLS,1 To 5,3-Co-educational,2-Urban,NA,,Mummidivaram Ward No.7,Mummidivaram-Town Panchayat,SURAI CHERUVU MUMMIDIVARAM (VILL) MUMMIDIVARAM(VILL) MUMMIDIVARAM(MANDAL) EAST GODAVARI(DIST),533216,,https://kys.udiseplus.gov.in/#/schooldetail/4668262/12,4668262,15/10/2020 12:18,2480
******00405 Permanently Closed,,MPPS SURAYAMMA PETA,,,,Andhra Pradesh,1-Primary,33-MPP_ZPP SCHOOLS,1 To 5,3-Co-educational,1-Rural,Rayavaram,Chelluru,,,NA,533261,,https://kys.udiseplus.gov.in/#/schooldetail/4714912/12,4714912,15/10/2020 12:18,2480
******00602 Closed,Closed,MPPS SURYANARAYANAPETA MORI,,,,Andhra Pradesh,1-Primary,33-MPP_ZPP SCHOOLS,1 To 2,3-Co-educational,1-Rural,Sakhinetipalle,Mori,,,S.N.PETA MORI (VILL) MORI(VILL) SAKHINETIPALLI(MANDAL) EAST GODAVARI(DIST),533250,gsudhakar407[at]gmail[dot]com,https://kys.udiseplus.gov.in/#/schooldetail/4669233/12,4669233,17/08/2024 09:29,2480
******01101 Operational,,MPPS (SV) COLONY,,,,Andhra Pradesh,1-Primary,33-MPP_ZPP SCHOOLS,1 To 5,3-Co-educational,1-Rural,Ambajipeta,Machavaram,,,S V COLONY MACHAVARAM(U) (VILL) MACHAVARAM(U)(VILL) AMBAJIPETA(MANDAL) EAST GODAVARI(DIST),533214,mpppssvcolony28144801101[at]gmail[dot]com,https://kys.udiseplus.gov.in/#/schooldetail/4668099/12,4668099,23/12/2025 17:14,2480
******00604 Operational,,MPPS (SVG) LAKKAVARAM,,,,Andhra Pradesh,1-Primary,33-MPP_ZPP SCHOOLS,1 To 5,3-Co-educational,1-Rural,Malikipuram,Lakkavaram,,,S V G PETA LAKKAVARAM (VILL) LAKKAVARAM(VILL) MALIKIPURAM(MANDAL) EAST GODAVARI(DIST),533254,gantamercy[at]gmail[dot]com,https://kys.udiseplus.gov.in/#/schooldetail/4669106/12,4669106,15/10/2020 12:18,2480
******00203 Operational,,MPPS (SVP) APPANAPALLI,,,,Andhra Pradesh,1-Primary,33-MPP_ZPP SCHOOLS,1 To 5,3-Co-educational,1-Rural,Mamidikuduru,Appanapalle,,,SAKAVARIPETA APPANAPALLI EASTGODAVARI 533247,533247,PSOWBHAGYALAKSHMI[at]APSCHOOLEDU[dot]IN,https://kys.udiseplus.gov.in/#/schooldetail/4668892/12,4668892,18/07/2022 13:11,2480
******01308 Operational,,MPPS (SVP) NEDUNURU,,,,Andhra Pradesh,1-Primary,33-MPP_ZPP SCHOOLS,1 To 5,3-Co-educational,1-Rural,Ainavilli,Nedunuru,,,SANABOYINAVARI PALEM NEDUNURU NEDUNURU(VILL) AINAVILLI(MANDAL) EAST GODAVARI(DIST),533241,mppssanaboyinavaripalem[at]gmail[dot]com,https://kys.udiseplus.gov.in/#/schooldetail/4667753/12,4667753,11/03/2024 16:47,2480
******00208 Operational,,MPPS TADICHERUVU,,,,Andhra Pradesh,1-Primary,33-MPP_ZPP SCHOOLS,1 To 5,3-Co-educational,1-Rural,Uppalaguptam,Bheemanapalle,,,TADICHERUVU BHEEMANAPALLI (VILL) BHEEMANAPALLI(VILL) UPPALAGUPTAM(MANDAL) EAST GODAVARI(DIST),533222,mppstadicheruvu[at]gmail[dot]com,https://kys.udiseplus.gov.in/#/schooldetail/4668526/12,4668526,07/01/2026 08:43,2480
******00507 Operational,,MPPS TADIGOYYI,,,,Andhra Pradesh,1-Primary,33-MPP_ZPP SCHOOLS,1 To 5,3-Co-educational,1-Rural,NA,NA,,,TADIGOYYI KUNDURU (VILL) KUNDURU(VILL) K.GANGAVARAM(MANDAL) EAST GODAVARI(DIST),533262,mppschooltadigoyyi[at]gmail[dot]com,https://kys.udiseplus.gov.in/#/schooldetail/4667761/12,4667761,23/06/2022 14:26,2480
******01302 Operational,,MPPS TADI GUNTA MERAKA,,,,Andhra Pradesh,1-Primary,33-MPP_ZPP SCHOOLS,1 To 5,3-Co-educational,1-Rural,Amalapuram,Peruru,,,TADI GUNTA MERAKA PERURU (VILL) PERURU(VILL) AMALAPURAM(MANDAL) EAST GODAVARI(DIST),533218,,https://kys.udiseplus.gov.in/#/schooldetail/4668664/12,4668664,20/12/2025 23:31,2480
******00701 Operational,,MPPS TADIPALLE,,,,Andhra Pradesh,1-Primary,33-MPP_ZPP SCHOOLS,1 To 5,3-Co-educational,1-Rural,Ramachandrapuram,Tadipalle,,,TADIPALLE TADIPALLE (VILL) TADIPALLE(VILL) RAMACHANDRAPURAM(MANDAL) EAST GODAVARI(DIST),533262,mppstdpalli[at]gmail[dot]com,https://kys.udiseplus.gov.in/#/schooldetail/4667231/12,4667231,15/10/2020 12:18,2480
******01501 Operational,,MPPS TALLACHERUVU,,,,Andhra Pradesh,1-Primary,33-MPP_ZPP SCHOOLS,1 To 5,3-Co-educational,1-Rural,Allavaram,Komaragiripatnam,,,TALLACHERUVU THUMMALAPALLI THUMMALAPALLI(VILL) ALLAVARAM(MANDAL) EAST GODAVARI(DIST),533210,meo.allavaram1[at]gmail[dot]com,https://kys.udiseplus.gov.in/#/schooldetail/4668877/12,4668877,19/12/2025 11:00,2480
******01302 Operational,,MPPS TALLAPODU,,,,Andhra Pradesh,1-Primary,33-MPP_ZPP SCHOOLS,1 To 5,3-Co-educational,1-Rural,NA,NA,,,TALLAPODU PEKERU (VILL) PEKERU(VILL) K.GANGAVARAM(MANDAL) EAST GODAVARI(DIST),533263,mnraju6764[at]gmail[dot]com,https://kys.udiseplus.gov.in/#/schooldetail/4667776/12,4667776,23/06/2022 14:29,2480
******01701 Operational,,MPPS TAMARAPALLI,,,,Andhra Pradesh,1-Primary,33-MPP_ZPP SCHOOLS,1 To 5,3-Co-educational,1-Rural,NA,NA,,,TAMARAPALLi THAMARAPALLE (VILL) THAMARAPALLI(VILL) K.GANGAVARAM(MANDAL) EAST GODAVARI(DIST),533305,mpppschooltamarapalli[at]gmail[dot]com,https://kys.udiseplus.gov.in/#/schooldetail/4667793/12,4667793,11/03/2024 19:05,2480
******01903 Operational,,MPPS TAMMAYYAPALEM,,,,Andhra Pradesh,1-Primary,33-MPP_ZPP SCHOOLS,1 To 5,3-Co-educational,1-Rural,NA,NA,,,2-54 Near Z P P P HIGH SCHOOL,533305,meokgangavaram[at]gmail[dot]com,https://kys.udiseplus.gov.in/#/schooldetail/4667799/12,4667799,23/06/2022 14:35,2480
******00210 Operational,,MPPS TANELANKA,,,,Andhra Pradesh,1-Primary,33-MPP_ZPP SCHOOLS,1 To 5,3-Co-educational,1-Rural,Mummidivaram,Tanelanka,,,TANELANKA TANELANKA (VILL) TANELANKA(VILL) MUMMIDIVARAM(MANDAL) EAST GODAVARI(DIST),533216,mppsthanelanka1897[at]gmail[dot]com,https://kys.udiseplus.gov.in/#/schooldetail/4668221/12,4668221,11/03/2024 18:47,2480
******00707 Operational,,MPPS TARITALAVARI PETA,,,,Andhra Pradesh,1-Primary,33-MPP_ZPP SCHOOLS,1 To 2,3-Co-educational,1-Rural,Kothapeta,Billa Kurru,,,TARITALAVARI PETA BILLA KURRU (VILL) BILLA KURRU(VILL) KOTHAPETA(MANDAL) EAST GODAVARI(DIST),533228,mpppschooltaritlavaripeta[at]gmail[dot]com,https://kys.udiseplus.gov.in/#/schooldetail/4667903/12,4667903,25/01/2023 17:14,2480
******00905 Operational,,MPPS TATACHERUVU,,,,Andhra Pradesh,1-Primary,33-MPP_ZPP SCHOOLS,1 To 5,3-Co-educational,1-Rural,Uppalaguptam,Uppalaguptam,,,TATACHERUVU UPPALAGUPTAM (VILL) UPPALAGUPTAM(VILL) UPPALAGUPTAM(MANDAL) EAST GODAVARI(DIST),533222,Mppstatacheruvu[at]gmail[dot]com,https://kys.udiseplus.gov.in/#/schooldetail/4668559/12,4668559,07/01/2026 08:55,2480
******00704 Operational,,MPPS TATIKAYALAVARIPALEM,,,,Andhra Pradesh,1-Primary,33-MPP_ZPP SCHOOLS,1 To 5,3-Co-educational,1-Rural,P.Gannavaram,Patha Gannavaram,,,TATIKAYALAVARIPALEM PATHA GANNAVARAM (VILL) PATHA GANNAVARAM(VILL) P.GANNAVARAM(MANDAL) EAST GODAVARI(DIST),533240,mppstkpalem[at]gmail[dot]com,https://kys.udiseplus.gov.in/#/schooldetail/4667551/12,4667551,26/09/2024 12:05,2480
******00105 Operational,,MPPS TATIPAKA MATHAM,,,,Andhra Pradesh,1-Primary,33-MPP_ZPP SCHOOLS,1 To 5,3-Co-educational,1-Rural,Razole,Thatipaka,,,TATIPAKA MATAM TATIPAKA (VILL) TATIPAKA(VILL) RAZOLE(MANDAL) EAST GODAVARI(DIST),533249,nagababurekapalli[at]gmail[dot]com,https://kys.udiseplus.gov.in/#/schooldetail/4668531/12,4668531,15/10/2020 12:18,2480
******00902 Operational,,MPPS (T) CHERUVU GATTU,,,,Andhra Pradesh,1-Primary,33-MPP_ZPP SCHOOLS,1 To 5,3-Co-educational,1-Rural,Allavaram,Mogallamuru,,,SIRIGATLAPALLE(T CH. GATTU) MOGALLAMURU MOGALLAMURU(VILL) ALLAVARAM(MANDAL) EAST GODAVARI(DIST),533210,meo.allavaram[at]gmail[dot]com,https://kys.udiseplus.gov.in/#/schooldetail/4668830/12,4668830,19/12/2025 10:49,2480
******00213 Operational,,MPPS TEKISETTI PALEM,,,,Andhra Pradesh,1-Primary,33-MPP_ZPP SCHOOLS,1 To 2,3-Co-educational,1-Rural,Sakhinetipalle,Sakhinetipalle,,,TEKISETTI PALEM SAKINETIPALLE (VILL) SAKINETIPALLE(VILL) SAKHINETIPALLI(MANDAL) EAST GODAVARI(DIST),533251,meo.sakhinetipalli[at]gmail[dot]com,https://kys.udiseplus.gov.in/#/schooldetail/4669186/12,4669186,23/01/2023 14:05,2480
******01501 Operational,,MPPS THANDAVAPALLI,,,,Andhra Pradesh,1-Primary,33-MPP_ZPP SCHOOLS,1 To 5,3-Co-educational,1-Rural,Amalapuram,Thandavapalle,,,THANDAVAPALLE THANDAVAPALLE THANDAVAPALLE(VILL) AMALAPURAM(MANDAL) EAST GODAVARI(DIST),533213,,https://kys.udiseplus.gov.in/#/schooldetail/4668683/12,4668683,20/12/2025 22:12,2480
******00203 Operational,,MPPS THANELANKA BADAVA,,,,Andhra Pradesh,1-Primary,33-MPP_ZPP SCHOOLS,1 To 5,3-Co-educational,1-Rural,Mummidivaram,Tanelanka,,,BADVA TANELANKA (VILL) TANELANKA(VILL) MUMMIDIVARAM(MANDAL) EAST GODAVARI(DIST),533216,,https://kys.udiseplus.gov.in/#/schooldetail/4668217/12,4668217,15/10/2020 12:18,2480
******00505 Operational,,MPPS THEERATHALAMONDI,,,,Andhra Pradesh,1-Primary,33-MPP_ZPP SCHOOLS,1 To 5,3-Co-educational,1-Rural,I. Polavaram,Guthinadeevi,,,THEERATHALAMONDI GUTHINADEEVI (VILL) GUTHINADEEVI(VILL) I.POLAVARAM(MANDAL) EAST GODAVARI(DIST),533463,mppschool_t.mondi[at]yahoo[dot]co[dot]in,https://kys.udiseplus.gov.in/#/schooldetail/4668346/12,4668346,09/05/2022 18:30,2480
******01104 Operational,,MPPS THILLAKKUPPA,,,,Andhra Pradesh,1-Primary,33-MPP_ZPP SCHOOLS,1 To 5,3-Co-educational,1-Rural,I. Polavaram,Thillakkuppa,,,THILLAKKUPPA THILLAKKUPPA (VILL) THILLAKKUPPA(VILL) I.POLAVARAM(MANDAL) EAST GODAVARI(DIST),533220,,https://kys.udiseplus.gov.in/#/schooldetail/4668421/12,4668421,09/05/2022 19:03,2480
******01403 Permanently Closed,,MPPS THODUGUDLAPADU,,,,Andhra Pradesh,1-Primary,33-MPP_ZPP SCHOOLS,1 To 5,3-Co-educational,1-Rural,Kapileswarapuram,Nagula Cheruvu,,,NA,533309,,https://kys.udiseplus.gov.in/#/schooldetail/4714921/12,4714921,15/10/2020 12:18,2480
******01301 Operational,,MPPS THONDAVARAM,,,,Andhra Pradesh,1-Primary,33-MPP_ZPP SCHOOLS,1 To 5,3-Co-educational,1-Rural,Ambajipeta,Thondavaram,,,MPPP SCHOOLTHONDAVARAM AMBAJIPETA,533221,meo.ambajipeta[at]gmail[dot]com,https://kys.udiseplus.gov.in/#/schooldetail/4668118/12,4668118,23/12/2025 17:20,2480
******00503 Operational,,MPPS THOTAMERAKA,,,,Andhra Pradesh,1-Primary,33-MPP_ZPP SCHOOLS,1 To 5,3-Co-educational,1-Rural,Malikipuram,Visweswarayapuram,,,THOTAMERAKA VISWESWARAYAPURAM (VILL) VISWESWARAYAPURAM(VILL) MALIKIPURAM(MANDAL) EAST GODAVARI(DIST),533254,meo.malikipuram[at]gmail[dot]com,https://kys.udiseplus.gov.in/#/schooldetail/4669094/12,4669094,11/03/2024 18:14,2480
******01704 Operational,,MPPS THOTAPETA,,,,Andhra Pradesh,1-Primary,33-MPP_ZPP SCHOOLS,1 To 5,3-Co-educational,1-Rural,Ramachandrapuram,Thotapeta,,,THOTAPETA THOTAPETA (VILL) THOTAPETA(VILL) RAMACHANDRAPURAM(MANDAL) EAST GODAVARI(DIST),533262,mppsthotapeta1704[at]gmail[dot]com,https://kys.udiseplus.gov.in/#/schooldetail/4667282/12,4667282,11/03/2024 18:51,2480
******00909 Operational,,MPPS THOTHIPADU,,,,Andhra Pradesh,1-Primary,33-MPP_ZPP SCHOOLS,1 To 2,3-Co-educational,1-Rural,Kothapeta,Vanapalle,,,THOTHIPADU VANAPALLI (VILL) VANAPALLI(VILL) KOTHAPETA(MANDAL) EAST GODAVARI(DIST),533228,mpppsthothupadu909[at]gmail[dot]com,https://kys.udiseplus.gov.in/#/schooldetail/4667916/12,4667916,25/01/2023 16:28,2480
******00605 Operational,,MPPS THOTLAPALEM,,,,Andhra Pradesh,1-Primary,33-MPP_ZPP SCHOOLS,1 To 5,3-Co-educational,1-Rural,Mummidivaram,Kothalanka,,,THOTLAPALEM KOTHALANKA (VILL) KOTHALANKA(VILL) MUMMIDIVARAM(MANDAL) EAST GODAVARI(DIST),533216,babayikasi777[at]gmail[dot]com,https://kys.udiseplus.gov.in/#/schooldetail/4668244/12,4668244,15/10/2020 12:18,2480
******01317 Operational,,MPPS THOTLAPALEM,,,,Andhra Pradesh,1-Primary,33-MPP_ZPP SCHOOLS,1 To 5,3-Co-educational,1-Rural,Amalapuram,Peruru,,,THOTLAPALEM PERURU PERURU(VILL) AMALAPURAM(MANDAL) EAST GODAVARI(DIST),533218,mppsthotlapalem1317[at]gmail[dot]com,https://kys.udiseplus.gov.in/#/schooldetail/4668678/12,4668678,21/12/2025 22:11,2480
******01502 Operational,,MPPS THUMMALAPALLI,,,,Andhra Pradesh,1-Primary,33-MPP_ZPP SCHOOLS,1 To 5,3-Co-educational,1-Rural,Allavaram,Komaragiripatnam,,,THUMMALAPALLI THUMMALAPALLI THUMMALAPALLI(VILL) ALLAVARAM(MANDAL) EAST GODAVARI(DIST),533210,,https://kys.udiseplus.gov.in/#/schooldetail/4668878/12,4668878,19/12/2025 10:38,2480
******01001 Operational,,MPPS THURPULANKA,,,,Andhra Pradesh,1-Primary,33-MPP_ZPP SCHOOLS,1 To 2,3-Co-educational,1-Rural,Allavaram,Thurupulanka,,,THURPULANKA THURUPULANKA THURUPULANKA(VILL) ALLAVARAM(MANDAL) EAST GODAVARI(DIST),533217,,https://kys.udiseplus.gov.in/#/schooldetail/4668833/12,4668833,19/12/2025 10:50,2480
******00705 Operational,,MPPS THURPUPETA,,,,Andhra Pradesh,1-Primary,33-MPP_ZPP SCHOOLS,1 To 5,3-Co-educational,1-Rural,Ainavilli,Sanapalli Lanka,,,THURPUPETA SANAPALLI LANKA SANAPALLI LANKA(VILL) AINAVILLI(MANDAL) EAST GODAVARI(DIST),533211,,https://kys.udiseplus.gov.in/#/schooldetail/4668152/12,4668152,19/07/2022 11:46,2480
******02103 Permanently Closed,,MPPS THURUPU POLAM,,,,Andhra Pradesh,1-Primary,33-MPP_ZPP SCHOOLS,1 To 5,3-Co-educational,1-Rural,Ramachandrapuram,Vegayammapeta,,,NA,533262,,https://kys.udiseplus.gov.in/#/schooldetail/4714902/12,4714902,15/10/2020 12:18,2480
******00703 Operational,,MPPS TILLAMMACHERUVUPETA,,,,Andhra Pradesh,1-Primary,33-MPP_ZPP SCHOOLS,1 To 5,3-Co-educational,2-Urban,NA,,Mummidivaram Ward No.5,Mummidivaram-Town Panchayat,TILLAMMACHERUVUPETA MUMMIDIVARAM(VILL) MUMMIDIVARAM(VILL) MUMMIDIVARAM(MANDAL) EAST GODAVARI(DIST),533216,,https://kys.udiseplus.gov.in/#/schooldetail/4668254/12,4668254,15/10/2020 12:18,2480
******00604 Operational,,MPPS TIMMAPPA DODDI,,,,Andhra Pradesh,1-Primary,33-MPP_ZPP SCHOOLS,1 To 5,3-Co-educational,1-Rural,Ravulapalem,Devarapalle,,,TIMMAPPA DODDI DEVARAPALLI (VILL) DEVARAPALLI(VILL) RAVULAPALEM(MANDAL) EAST GODAVARI(DIST),533223,mppstimmappadoddi[at]gmail[dot]com,https://kys.udiseplus.gov.in/#/schooldetail/4667286/12,4667286,15/10/2020 12:18,2480
******01510 Operational,,MPPS TIRANAMPETA,,,,Andhra Pradesh,1-Primary,33-MPP_ZPP SCHOOLS,1 To 5,3-Co-educational,1-Rural,Ramachandrapuram,Velampalem,,,TIRANAMPETA VELAMPALEM (VILL) VELAMPALEM(VILL) RAMACHANDRAPURAM(MANDAL) EAST GODAVARI(DIST),533262,pvvsuryanarayana[at]gmail[dot]com,https://kys.udiseplus.gov.in/#/schooldetail/4667256/12,4667256,15/10/2020 12:18,2480
******00701 Operational,,MPPS T KOTHAPALLI,,,,Andhra Pradesh,1-Primary,33-MPP_ZPP SCHOOLS,1 To 2,3-Co-educational,1-Rural,I. Polavaram,T. Kothapalle,,,T.KOTHAPALLE T. KOTHAPALLI (VILL) T. KOTHAPALLE(VILL) I.POLAVARAM(MANDAL) EAST GODAVARI(DIST),533220,mppps.t.kothapalli[at]gmail[dot]com,https://kys.udiseplus.gov.in/#/schooldetail/4668369/12,4668369,11/09/2024 09:26,2480
******01704 Operational,,MPPS (TM ) GOGANNAMATHAM,,,,Andhra Pradesh,1-Primary,33-MPP_ZPP SCHOOLS,1 To 5,3-Co-educational,1-Rural,Mamidikuduru,Gogannamattam,,,THOTAMERAKA GOGANNAMATTAM (VILL) GOGANNAMATTAM(VILL) MAMIDIKUDURU(MANDAL) EAST GODAVARI(DIST),533248,mpps.thotameraka007[at]gmail[dot]com,https://kys.udiseplus.gov.in/#/schooldetail/4668969/12,4668969,18/07/2022 16:43,2480
******01102 Operational,,MPPS TOKALAVARI PETA,,,,Andhra Pradesh,1-Primary,33-MPP_ZPP SCHOOLS,1 To 2,3-Co-educational,1-Rural,Katrenikona,Kandikuppa,,,TOKALAVARI PETA KANDIKUPPA (VILL) KANDIKUPPA(VILL) KATRENIKONA(MANDAL) EAST GODAVARI(DIST),533212,mppstokalavaripeta[at]gmail[dot]com,https://kys.udiseplus.gov.in/#/schooldetail/4668481/12,4668481,11/03/2024 19:12,2480
******01010 Operational,,MPPS (TP) CHERUVUGATTU,,,,Andhra Pradesh,1-Primary,33-MPP_ZPP SCHOOLS,1 To 5,3-Co-educational,1-Rural,I. Polavaram,Kesanakurru,,,TALLAPERUDUCHERUVUGATTU KESANAKURRU KESANAKURRU(VILL) I.POLAVARAM(MANDAL) EAST GODAVARI(DIST),533220,mppstpcheruvugattu[at]gmail[dot]com,https://kys.udiseplus.gov.in/#/schooldetail/4668408/12,4668408,09/05/2022 19:00,2480
******00901 Operational,,MPPS (TR) P KHANDRIKA,,,,Andhra Pradesh,1-Primary,33-MPP_ZPP SCHOOLS,1 To 5,3-Co-educational,1-Rural,Kapileswarapuram,West Khandrika,,,PADAMARA KHANDRIKA(TEKI ROAD) PADAMARA KHANDRIKA (VILL) PADAMARA KHANDRIKA(VILL) KAPILESWARAPURAM(MANDAL) EAST GODAVARI(DIST),533307,,https://kys.udiseplus.gov.in/#/schooldetail/4667467/12,4667467,15/10/2020 12:18,2480
******02302 Permanently Closed,,MPPS TSARLAPUDI,,,,Andhra Pradesh,1-Primary,33-MPP_ZPP SCHOOLS,1 To 5,3-Co-educational,9-NA,NA,,,,NA,533263,,https://kys.udiseplus.gov.in/#/schooldetail/4714945/12,4714945,15/10/2020 12:18,2480
******00903 Operational,,MPPS (T) SAVARAM,,,,Andhra Pradesh,1-Primary,33-MPP_ZPP SCHOOLS,1 To 2,3-Co-educational,1-Rural,Mummidivaram,Ananthavaram,,,T SAVARAM ANANTHAVARAM (VILL) ANANTHAVARAM(VILL) MUMMIDIVARAM(MANDAL) EAST GODAVARI(DIST),533222,mppstsavaram1[at]gmail[dot]com,https://kys.udiseplus.gov.in/#/schooldetail/4668293/12,4668293,20/06/2025 13:38,2480
******00208 Operational,,MPPS (TS) GUDIMELLANKA,,,,Andhra Pradesh,1-Primary,33-MPP_ZPP SCHOOLS,1 To 5,3-Co-educational,1-Rural,Malikipuram,Gudimellanka,,,T SAVARAM GUDIMELLANKA (VILL) GUDIMELLANKA(VILL) MALIKIPURAM(MANDAL) EAST GODAVARI(DIST),533253,,https://kys.udiseplus.gov.in/#/schooldetail/4669069/12,4669069,15/10/2020 12:18,2480
******01004 Operational,,MPPS TURAKALA DODDI,,,,Andhra Pradesh,1-Primary,33-MPP_ZPP SCHOOLS,1 To 5,3-Co-educational,1-Rural,Ambajipeta,Isukapudi,,,TURAKALA DODDI ISUKAPUDI ISUKAPUDI(VILL) AMBAJIPETA(MANDAL) EAST GODAVARI(DIST),533214,mppsturkaladoddi[at]gmail[dot]com,https://kys.udiseplus.gov.in/#/schooldetail/4668093/12,4668093,23/12/2025 17:13,2480
******01306 Operational,,MPPS TURAKA SAVARAM,,,,Andhra Pradesh,1-Primary,33-MPP_ZPP SCHOOLS,1 To 5,3-Co-educational,1-Rural,Ainavilli,Nedunuru,,,T SAVARAM NEDUNURU NEDUNURU(VILL) AINAVILLI(MANDAL) EAST GODAVARI(DIST),533241,satyanarayananakkina52[at]gmail[dot]com,https://kys.udiseplus.gov.in/#/schooldetail/4668184/12,4668184,19/07/2022 12:16,2480
******01013 Operational,,MPPS TURPUPALEM,,,,Andhra Pradesh,1-Primary,33-MPP_ZPP SCHOOLS,1 To 5,3-Co-educational,1-Rural,Malikipuram,Kesanapalle,,,TURPU PALEM KESANAPALLE (VILL) KESANAPALLE(VILL) MALIKIPURAM(MANDAL) EAST GODAVARI(DIST),533244,,https://kys.udiseplus.gov.in/#/schooldetail/4669145/12,4669145,11/03/2024 18:28,2480
******01010 Operational,,MPPS (TVRG) PADAMATIPALEM,,,,Andhra Pradesh,1-Primary,33-MPP_ZPP SCHOOLS,1 To 5,3-Co-educational,1-Rural,Malikipuram,Kesanapalle,,,T V R GROUP PADAMATIPALEM (VILL) MALIKIPURAM(MANDAL) EAST GODAVARI(DIST),533250,babji.m303[at]gmail[dot]com,https://kys.udiseplus.gov.in/#/schooldetail/4669143/12,4669143,11/03/2024 18:25,2480
******00103 Operational,,MPPS UBALANKA LANKA,,,,Andhra Pradesh,1-Primary,33-MPP_ZPP SCHOOLS,1 To 5,3-Co-educational,1-Rural,Ravulapalem,Ubalanka,,,UBALANKA LANKA UBALANKA (VILL) UBALANKA(VILL) RAVULAPALEM(MANDAL) EAST GODAVARI(DIST),533233,,https://kys.udiseplus.gov.in/#/schooldetail/4667647/12,4667647,15/10/2020 12:18,2480
******00203 Operational,,MPPS UDAPODU,,,,Andhra Pradesh,1-Primary,33-MPP_ZPP SCHOOLS,1 To 5,3-Co-educational,1-Rural,Sakhinetipalle,Sakhinetipalle,,,UDAPODU SAKINETIPALLE (VILL) SAKINETIPALLE(VILL) SAKHINETIPALLI(MANDAL) EAST GODAVARI(DIST),533251,pnagachandu15[at]gmail[dot]com,https://kys.udiseplus.gov.in/#/schooldetail/4668740/12,4668740,11/03/2024 18:29,2480
******00204 Operational,,MPPS UDIMUDI,,,,Andhra Pradesh,1-Primary,33-MPP_ZPP SCHOOLS,1 To 5,3-Co-educational,1-Rural,P.Gannavaram,Udumudi,,,UDIMUDI UDUMUDI (VILL) UDUMUDI(VILL) P.GANNAVARAM(MANDAL) EAST GODAVARI(DIST),533274,lakshmiraokokkeragadda79851[at]gmail[dot]com,https://kys.udiseplus.gov.in/#/schooldetail/4667948/12,4667948,17/06/2025 21:40,2480
******02004 Operational,,MPPS UDIMUDI,,,,Andhra Pradesh,1-Primary,33-MPP_ZPP SCHOOLS,1 To 5,3-Co-educational,1-Rural,NA,NA,,,UDUMUDI KOTIPALLE (VILL) KOTIPALLI(VILL) K.GANGAVARAM(MANDAL) EAST GODAVARI(DIST),533306,,https://kys.udiseplus.gov.in/#/schooldetail/4667805/12,4667805,23/06/2022 14:37,2480
******00203 Operational,,MPPS UDIMUDI LANKA,,,,Andhra Pradesh,1-Primary,33-MPP_ZPP SCHOOLS,1 To 5,3-Co-educational,1-Rural,P.Gannavaram,Udumudi,,,LANKAHARIJANAPETA UDUMUDI (VILL) UDUMUDI(VILL) P.GANNAVARAM(MANDAL) EAST GODAVARI(DIST),533240,,https://kys.udiseplus.gov.in/#/schooldetail/4667947/12,4667947,18/07/2022 14:46,2480
******00206 Operational,,MPPS UDIMUDI PEDAPETA,,,,Andhra Pradesh,1-Primary,33-MPP_ZPP SCHOOLS,1 To 2,3-Co-educational,1-Rural,P.Gannavaram,Udumudi,,,UDIMUDI(PEDA PETA) UDUMUDI (VILL) UDUMUDI(VILL) P.GANNAVARAM(MANDAL) EAST GODAVARI(DIST),533274,mpppsudimudipedapeta4[at]gmail[dot]com,https://kys.udiseplus.gov.in/#/schooldetail/4667950/12,4667950,25/01/2023 19:13,2480
******00302 Operational,,MPPS (UGP) VELICHERU,,,,Andhra Pradesh,1-Primary,33-MPP_ZPP SCHOOLS,1 To 5,3-Co-educational,1-Rural,Atreyapuram,Valicheru,,,U.G.PALEM VALICHERU (VILL) VALICHERU(VILL) ATREYAPURAM(MANDAL) EAST GODAVARI(DIST),533235,siddhireddy12[at]gmail[dot]com,https://kys.udiseplus.gov.in/#/schooldetail/4667593/12,4667593,11/03/2024 18:52,2480
******01008 Operational,,MPPS ULCM,,,,Andhra Pradesh,1-Primary,33-MPP_ZPP SCHOOLS,1 To 5,3-Co-educational,1-Rural,Malikipuram,Kesanapalle,,,U L C M TURPUPALEM(VILL) MALIKIPURAM(MANDAL) EAST GODAVARI(DIST),533244,mpppsulcm[at]gmail[dot]com,https://kys.udiseplus.gov.in/#/schooldetail/4669141/12,4669141,15/10/2020 12:18,2480
******01901 Operational,,MPPS UNDURU,,,,Andhra Pradesh,1-Primary,33-MPP_ZPP SCHOOLS,1 To 5,3-Co-educational,1-Rural,Ramachandrapuram,Unduru,,,UNDURU UNDURU (VILL) UNDURU(VILL) RAMACHANDRAPURAM(MANDAL) EAST GODAVARI(DIST),533262,mppsunduru[at]gmail[dot]com,https://kys.udiseplus.gov.in/#/schooldetail/4666880/12,4666880,15/10/2020 12:18,2480
******00910 Operational,,MPPS UPPALAGUPTAM,,,,Andhra Pradesh,1-Primary,33-MPP_ZPP SCHOOLS,1 To 5,3-Co-educational,1-Rural,Uppalaguptam,Uppalaguptam,,,UPPALAGUPTAM UPPALAGUPTAM (VILL) UPPALAGUPTAM(VILL) UPPALAGUPTAM(MANDAL) EAST GODAVARI(DIST),533222,,https://kys.udiseplus.gov.in/#/schooldetail/4668563/12,4668563,07/01/2026 08:55,2480
******01606 Operational,,MPPS UPPUCHERUVUGATTU,,,,Andhra Pradesh,1-Primary,33-MPP_ZPP SCHOOLS,1 To 5,3-Co-educational,1-Rural,Amalapuram,Vanne Chintalapudi,,,UPPUCHERUVUGATTU VANNE CHINTALAPUDI VANNE CHINTALAPUDI(VILL) AMALAPURAM(MANDAL) EAST GODAVARI(DIST),533213,jallisanjayarao1973[at]gmail[dot]com,https://kys.udiseplus.gov.in/#/schooldetail/4668688/12,4668688,21/12/2025 22:18,2480
******00502 Operational,,MPPS UPPUDI,,,,Andhra Pradesh,1-Primary,33-MPP_ZPP SCHOOLS,1 To 5,3-Co-educational,1-Rural,Katrenikona,Uppudi,,,UPPUDI UPPUDI (VILL) UPPUDI(VILL) KATRENIKONA(MANDAL) KATRENIKONA(MANDAL),533212,,https://kys.udiseplus.gov.in/#/schooldetail/4668439/12,4668439,12/03/2024 11:36,2480
******00209 Operational,,MPPS (URA) RAVULAPALEM,,,,Andhra Pradesh,1-Primary,33-MPP_ZPP SCHOOLS,1 To 5,3-Co-educational,1-Rural,Ravulapalem,Ravulapalem,,,UBALANKA ROAD- RAVULAPALEM-EAST GODAVARI,533238,mppsuraravulapalem[at]gmail[dot]com,https://kys.udiseplus.gov.in/#/schooldetail/4667666/12,4667666,13/03/2024 15:13,2480
******00318 Closed,Closed,MPPS (URDU) GOUTAMI NAGAR,,,,Andhra Pradesh,1-Primary,33-MPP_ZPP SCHOOLS,1 To 5,3-Co-educational,1-Rural,Kothapeta,Kothapeta,,,GOUTAMI NAGAR KOTHAPETA (VILL) KOTHAPETA(VILL) KOTHAPETA(MANDAL) EAST GODAVARI(DIST),533223,,https://kys.udiseplus.gov.in/#/schooldetail/4667846/12,4667846,11/05/2022 05:50,2480
******00701 Operational,,MPPS UTCHILI,,,,Andhra Pradesh,1-Primary,33-MPP_ZPP SCHOOLS,1 To 5,3-Co-educational,1-Rural,Atreyapuram,Utchili,,,UTCHILI UTCHILI (VILL) UTCHILI(VILL) ATREYAPURAM(MANDAL) EAST GODAVARI(DIST),533235,,https://kys.udiseplus.gov.in/#/schooldetail/4667602/12,4667602,18/06/2025 10:24,2480
******01301 Operational,,MPPS UTRUMILLI,,,,Andhra Pradesh,1-Primary,33-MPP_ZPP SCHOOLS,1 To 5,3-Co-educational,1-Rural,Ramachandrapuram,Utrumilli,,,UTRUMILLI UTRUMILLI (VILL) UTRUMILLI(VILL) RAMACHANDRAPURAM(MANDAL) EAST GODAVARI(DIST),533255,,https://kys.udiseplus.gov.in/#/schooldetail/4667245/12,4667245,15/10/2020 12:18,2480
******00610 Closed,Closed,MPPS VADAPALLIPALEM,,,,Andhra Pradesh,1-Primary,33-MPP_ZPP SCHOOLS,1 To 2,3-Co-educational,1-Rural,Mummidivaram,Kothalanka,,,VADAPALLIPALEM KOTHALANKA (VILL) KOTHALANKA(VILL) MUMMIDIVARAM(MANDAL) EAST GODAVARI(DIST),533216,,https://kys.udiseplus.gov.in/#/schooldetail/4668249/12,4668249,07/08/2025 09:49,2480
******00204 Operational,,MPPS VADDIGUDEM,,,,Andhra Pradesh,1-Primary,33-MPP_ZPP SCHOOLS,1 To 5,3-Co-educational,1-Rural,Mummidivaram,Tanelanka,,,VADDIGUDEM TANELANKA (VILL) TANELANKA(VILL) MUMMIDIVARAM(MANDAL) EAST GODAVARI(DIST),533216,mppsvaddigudem204[at]gmail[dot]com,https://kys.udiseplus.gov.in/#/schooldetail/4668218/12,4668218,11/03/2024 18:43,2480
******00401 Operational,,MPPS VADDIPARRU,,,,Andhra Pradesh,1-Primary,33-MPP_ZPP SCHOOLS,1 To 2,3-Co-educational,1-Rural,Atreyapuram,Vaddiparru,,,VADDIPARRU VADDIPARRU (VILL) VADDIPARRU(VILL) ATREYAPURAM(MANDAL) EAST GODAVARI(DIST),533235,,https://kys.udiseplus.gov.in/#/schooldetail/4667596/12,4667596,25/06/2025 10:15,2480
******00105 Operational,,MPPS VADDIVARIPETA,,,,Andhra Pradesh,1-Primary,33-MPP_ZPP SCHOOLS,1 To 5,3-Co-educational,1-Rural,Katrenikona,Cheyyeru,,,VADDIVARIPETA CHEYYERU (VILL) CHEYYERU(VILL) KATRENIKONA(MANDAL) EAST GODAVARI(DIST),533222,,https://kys.udiseplus.gov.in/#/schooldetail/4668426/12,4668426,11/03/2024 19:06,2480
******00402 Operational,,MPPS VADLAMURU,,,,Andhra Pradesh,1-Primary,33-MPP_ZPP SCHOOLS,1 To 5,3-Co-educational,1-Rural,Kapileswarapuram,Vadlamuru,,,VADLAMURU(S C COLONY) VADLAMURU (VILL) VADLAMURU(VILL) KAPILESWARAPURAM(MANDAL) EAST GODAVARI(DIST),533307,Doddipatla.putrayya1991[at]gmail[dot]com,https://kys.udiseplus.gov.in/#/schooldetail/4667449/12,4667449,15/10/2020 12:18,2480
******01801 Operational,,MPPS VADREVUPALLE,,,,Andhra Pradesh,1-Primary,33-MPP_ZPP SCHOOLS,1 To 5,3-Co-educational,1-Rural,P.Gannavaram,Vadrevupalle,,,VADREVUPALLE VADREVUPALLE (VILL) VADREVUPALLE(VILL) P.GANNAVARAM(MANDAL) EAST GODAVARI(DIST),533249,mppsvadrevupalli[at]gmail[dot]com,https://kys.udiseplus.gov.in/#/schooldetail/4668044/12,4668044,11/03/2024 18:54,2480
******01308 Operational,,MPPS (V) AGRAHARAM,,,,Andhra Pradesh,1-Primary,33-MPP_ZPP SCHOOLS,1 To 5,3-Co-educational,1-Rural,Amalapuram,Peruru,,,V. AGRAHARAM PERURU PERURU(VILL) AMALAPURAM(MANDAL) EAST GODAVARI(DIST),533201,meo.amalapuram1[at]gmail[dot]com,https://kys.udiseplus.gov.in/#/schooldetail/4668671/12,4668671,21/12/2025 21:59,2480
******01303 Operational,,MPPS VAKALAGARUVU,,,,Andhra Pradesh,1-Primary,33-MPP_ZPP SCHOOLS,1 To 5,3-Co-educational,1-Rural,Ambajipeta,Thondavaram,,,THONDAVARAM-AMBAJIPETA-EAST GODAVARI,533218,mpppsvakalagaruvu[at]gmail[dot]com,https://kys.udiseplus.gov.in/#/schooldetail/4668120/12,4668120,23/12/2025 17:20,2480
******01401 Operational,,MPPS VAKATIPPA,,,,Andhra Pradesh,1-Primary,33-MPP_ZPP SCHOOLS,1 To 5,3-Co-educational,1-Rural,Kapileswarapuram,Vakatippa,,,VAKATIPPA(VILL) KAPILESWARAPURAM(MANDAL) EAST GODAVARI(DIST),533305,mpppsvakatippa[at]gmail[dot]com,https://kys.udiseplus.gov.in/#/schooldetail/4667494/12,4667494,15/10/2020 12:18,2480
******00104 Operational,,MPPS VAKKALANKA,,,,Andhra Pradesh,1-Primary,33-MPP_ZPP SCHOOLS,1 To 5,3-Co-educational,1-Rural,Ambajipeta,Vakkalanka,,,VAKKALANKA VAKKALANKA VAKKALANKA(VILL) AMBAJIPETA(MANDAL) EAST GODAVARI(DIST),533241,meo.ambajipeta[at]gmail[dot]com,https://kys.udiseplus.gov.in/#/schooldetail/4668047/12,4668047,23/12/2025 17:02,2480
******00602 Operational,,MPPS VALLAIAHCHERUVU,,,,Andhra Pradesh,1-Primary,33-MPP_ZPP SCHOOLS,1 To 5,3-Co-educational,1-Rural,Uppalaguptam,Pedagadavilli,,,VALLAICHERUVU CHINAGADAVILLI,533222,mpppsvallaicheruvu[at]gmail[dot]com,https://kys.udiseplus.gov.in/#/schooldetail/4668545/12,4668545,07/01/2026 08:47,2480
******90205 Operational,,MPPS VALLURIVARIPETA,,,,Andhra Pradesh,1-Primary,33-MPP_ZPP SCHOOLS,1 To 5,3-Co-educational,1-Rural,Amalapuram,Bandarulanka,,,VALLURIVARIPETA BANDARULANKA BANDARULANKA(VILL) AMALAPURAM(MANDAL) EAST GODAVARI(DIST),533221,,https://kys.udiseplus.gov.in/#/schooldetail/4668753/12,4668753,21/12/2025 22:57,2480
******00912 Operational,,MPPS VANAPALLIPALEM,,,,Andhra Pradesh,1-Primary,33-MPP_ZPP SCHOOLS,1 To 5,3-Co-educational,1-Rural,Uppalaguptam,Uppalaguptam,,,VANAPALLIPALEM UPPALAGUPTAM (VILL) UPPALAGUPTAM(VILL) UPPALAGUPTAM(MANDAL) EAST GODAVARI(DIST),533222,kwajamounuddin82[at]gmail[dot]com,https://kys.udiseplus.gov.in/#/schooldetail/4668568/12,4668568,07/01/2026 08:53,2480
******01601 Permanently Closed,,MPPS VANNE CHINTALAPUDI,,,,Andhra Pradesh,1-Primary,33-MPP_ZPP SCHOOLS,1 To 5,3-Co-educational,1-Rural,Amalapuram,Vanne Chintalapudi,,,NA,533213,,https://kys.udiseplus.gov.in/#/schooldetail/4714999/12,4714999,15/10/2020 12:18,2480
******01005 Operational,,MPPS VARAVARIPETA,,,,Andhra Pradesh,1-Primary,33-MPP_ZPP SCHOOLS,1 To 5,3-Co-educational,1-Rural,Ainavilli,Totharamudi,,,VARAVARIPETA TOTHARAMUDI TOTHARAMUDI(VILL) AINAVILLI(MANDAL) EAST GODAVARI(DIST),533211,mppsvaravaripeta[at]gmail[dot]com,https://kys.udiseplus.gov.in/#/schooldetail/4668167/12,4668167,07/05/2022 18:45,2480
******01505 Operational,,MPPS VASALAREVU,,,,Andhra Pradesh,1-Primary,33-MPP_ZPP SCHOOLS,1 To 5,3-Co-educational,1-Rural,NA,NA,,,VASALAREVU DANGERU (VILL) DANGERU(VILL) K.GANGAVARAM(MANDAL) EAST GODAVARI(DIST),533263,mpppsvasalarevu[at]gmail[dot]com,https://kys.udiseplus.gov.in/#/schooldetail/4667779/12,4667779,23/06/2022 14:31,2480
******01311 Operational,,MPPS VASALATHIPPA,,,,Andhra Pradesh,1-Primary,33-MPP_ZPP SCHOOLS,1 To 5,3-Co-educational,1-Rural,Uppalaguptam,T. Challapalle,,,VASALATHIPPA T. CHALLAPALLE (VILL) T. CHALLAPALLE(VILL) UPPALAGUPTAM(MANDAL) EAST GODAVARI(DIST),533213,,https://kys.udiseplus.gov.in/#/schooldetail/4668601/12,4668601,07/01/2026 09:03,2480
******00807 Operational,,MPPS VASAMSETTIVARIPALEM,,,,Andhra Pradesh,1-Primary,33-MPP_ZPP SCHOOLS,1 To 5,3-Co-educational,1-Rural,Razole,Kadali,,,VASAMSETTIVARIPALEM KADALI (VILL) KADALI(VILL) RAZOLE(MANDAL) EAST GODAVARI(DIST),533248,mamidisettysatya15[at]gmail[dot]com,https://kys.udiseplus.gov.in/#/schooldetail/4669023/12,4669023,15/10/2020 12:18,2480
******00601 Operational,,MPPS VASANTHAWADA,,,,Andhra Pradesh,1-Primary,33-MPP_ZPP SCHOOLS,1 To 5,3-Co-educational,1-Rural,Atreyapuram,Vasanthawada,,,VASANTHAWADA VASANTHAWADA (VILL) VASANTHAWADA(VILL) ATREYAPURAM(MANDAL) EAST GODAVARI(DIST),533235,mppps601[at]gmail[dot]com,https://kys.udiseplus.gov.in/#/schooldetail/4667601/12,4667601,18/07/2022 13:11,2480
******00901 Operational,,MPPS VATRAPUDI,,,,Andhra Pradesh,1-Primary,33-MPP_ZPP SCHOOLS,1 To 5,3-Co-educational,1-Rural,NA,NA,,,"ADDAMPALLI, K.GANGAVARAM MANDAL",533262,vatrapudimpps[at]gmail[dot]com,https://kys.udiseplus.gov.in/#/schooldetail/4714938/12,4714938,11/04/2023 16:01,2480
******00501 Operational,,MPPS VEDIRESWARAM,,,,Andhra Pradesh,1-Primary,33-MPP_ZPP SCHOOLS,1 To 5,3-Co-educational,1-Rural,Ravulapalem,Vedireswaram,,,VEDIRESWARAM VEDIRESWARAM (VILL) VEDIRESWARAM(VILL) RAVULAPALEM(MANDAL) EAST GODAVARI(DIST),533238,,https://kys.udiseplus.gov.in/#/schooldetail/4667707/12,4667707,17/06/2025 15:00,2480
******01111 Operational,,MPPS VEEDHULACHERUVU,,,,Andhra Pradesh,1-Primary,33-MPP_ZPP SCHOOLS,1 To 5,3-Co-educational,1-Rural,Mummidivaram,Ainapuram,,,VEEDHULACHERUVU AINAPURAM (VILL) AINAPURAM(VILL) MUMMIDIVARAM(MANDAL) EAST GODAVARI(DIST),533216,,https://kys.udiseplus.gov.in/#/schooldetail/4668317/12,4668317,11/03/2024 19:11,2480
******00402 Operational,,MPPS VEERAMACHERUVU,,,,Andhra Pradesh,1-Primary,33-MPP_ZPP SCHOOLS,1 To 5,3-Co-educational,1-Rural,Allavaram,Tadikona,,,VEERAMAGHERUVU TADIKONA TADIKONA(VILL) ALLAVARAM(MANDAL) EAST GODAVARI(DIST),533218,mppsveerammacheruvu[at]gmail[dot]com,https://kys.udiseplus.gov.in/#/schooldetail/4668816/12,4668816,19/12/2025 10:46,2480
******01506 Operational,,MPPS VEERAPALLI KATTAVA,,,,Andhra Pradesh,1-Primary,33-MPP_ZPP SCHOOLS,1 To 5,3-Co-educational,1-Rural,Atreyapuram,Ryali,,,VEERAPALLI KATTAVA RYALI (VILL) RYALI(VILL) ATREYAPURAM(MANDAL) EAST GODAVARI(DIST),533236,mpppsvpk[at]gmail[dot]com,https://kys.udiseplus.gov.in/#/schooldetail/4667644/12,4667644,18/07/2022 13:43,2480
******00201 Operational,,MPPS VEERAVALLIPALEM,,,,Andhra Pradesh,1-Primary,33-MPP_ZPP SCHOOLS,1 To 5,3-Co-educational,1-Rural,Ainavilli,Veeravallipalem,,,VEERAVALLIPALEM VEERAVALLIPALEM VEERAVALLIPALEM(VILL) AINAVILLI(MANDAL) EAST GODAVARI(DIST),533211,,https://kys.udiseplus.gov.in/#/schooldetail/4668126/12,4668126,11/03/2024 16:35,2480
******02205 Permanently Closed,,MPPS VEERESU GULLU,,,,Andhra Pradesh,1-Primary,33-MPP_ZPP SCHOOLS,1 To 5,3-Co-educational,1-Rural,Ramachandrapuram,Venkatayapalem,,,NA,533262,,https://kys.udiseplus.gov.in/#/schooldetail/4714905/12,4714905,15/10/2020 12:18,2480
******02101 Operational,,MPPS VEGAYAMMAPETA,,,,Andhra Pradesh,1-Primary,33-MPP_ZPP SCHOOLS,1 To 5,3-Co-educational,1-Rural,Ramachandrapuram,Vegayammapeta,,,VEGAYAMMAPETA VEGAYAMMAPETA (VILL) VEGAYAMMAPETA(VILL) RAMACHANDRAPURAM(MANDAL) EAST GODAVARI(DIST),533262,meo.ramachandrapuram[at]gmail[dot]com,https://kys.udiseplus.gov.in/#/schooldetail/4667291/12,4667291,15/10/2020 12:18,2480
******01501 Operational,,MPPS VELAMPALEM,,,,Andhra Pradesh,1-Primary,33-MPP_ZPP SCHOOLS,1 To 5,3-Co-educational,1-Rural,Ramachandrapuram,Velampalem,,,VELAMPALEM VELAMPALEM (VILL) VELAMPALEM(VILL) RAMACHANDRAPURAM(MANDAL) EAST GODAVARI(DIST),533262,mpppschoolvelampalem[at]gmail[dot]com,https://kys.udiseplus.gov.in/#/schooldetail/4666843/12,4666843,15/10/2020 12:18,2480
******00204 Operational,,MPPS VELAMPETA,,,,Andhra Pradesh,1-Primary,33-MPP_ZPP SCHOOLS,1 To 5,3-Co-educational,1-Rural,Rayavaram,Vedurupaka,,,VELAMPETA VEDURUPAKA (VILL) VEDURUPAKA(VILL) RAYAVARM(MANDAL) EAST GODAVARI(DIST),533346,mppsvelampeta[at]gmail[dot]com,https://kys.udiseplus.gov.in/#/schooldetail/4667379/12,4667379,27/09/2024 11:16,2480
******01005 Operational,,MPPS VELLA SAVARAM,,,,Andhra Pradesh,1-Primary,33-MPP_ZPP SCHOOLS,1 To 5,3-Co-educational,1-Rural,Ramachandrapuram,Vella,,,VELLA SAVARAM VELLA (VILL) VELLA(VILL) RAMACHANDRAPURAM(MANDAL) EAST GODAVARI(DIST),533255,meo.ramachandrapuram[at]gmail[dot]com,https://kys.udiseplus.gov.in/#/schooldetail/4667241/12,4667241,15/10/2020 12:18,2480
******00401 Operational,,MPPS VELUVALAPALLI,,,,Andhra Pradesh,1-Primary,33-MPP_ZPP SCHOOLS,1 To 5,3-Co-educational,1-Rural,Ainavilli,Veluvalapalle,,,VELUVALAPALLE VELUVALAPALLE VELUVALAPALLE(VILL) AINAVILLI(MANDAL) EAST GODAVARI(DIST),533211,naidukakileti1981[at]gmail[dot]com,https://kys.udiseplus.gov.in/#/schooldetail/4668135/12,4668135,19/07/2022 11:40,2480
******00602 Operational,,MPPS VENKAMMACHERUVU,,,,Andhra Pradesh,1-Primary,33-MPP_ZPP SCHOOLS,1 To 5,3-Co-educational,1-Rural,Katrenikona,Katrenikona,,,VENKANNA CHERUVU KATRENIKONA (VILL) KATRENIKONA(VILL) KATRENIKONA(MANDAL) EAST GODAVARI(DIST),533212,,https://kys.udiseplus.gov.in/#/schooldetail/4667991/12,4667991,19/07/2022 12:24,2480
******00604 Operational,,MPPS VENKATA RAMANA MORI,,,,Andhra Pradesh,1-Primary,33-MPP_ZPP SCHOOLS,1 To 5,3-Co-educational,1-Rural,Sakhinetipalle,Mori,,,MORI MORI (VILL) MORI(VILL) SAKHINETIPALLI(MANDAL) EAST GODAVARI(DIST),533250,meo.sakhinetipalli[at]gmail[dot]com,https://kys.udiseplus.gov.in/#/schooldetail/4669235/12,4669235,15/10/2020 12:18,2480
******01302 Operational,,MPPS VENNAPUVARI COLONY,,,,Andhra Pradesh,1-Primary,33-MPP_ZPP SCHOOLS,1 To 5,3-Co-educational,1-Rural,Ambajipeta,Thondavaram,,,VENNAPUVARI COLONY THONDAVARAM D No 2-135/6 AMBAJIPETA(MANDAL) EAST GODAVARI(DIST),533221,bvk50209[at]gmail[dot]com,https://kys.udiseplus.gov.in/#/schooldetail/4668119/12,4668119,23/12/2025 17:20,2480
******00801 Permanently Closed,,MPPS (V) GANGAVARAM,,,,Andhra Pradesh,1-Primary,33-MPP_ZPP SCHOOLS,1 To 5,3-Co-educational,9-NA,NA,,,,NA,533262,,https://kys.udiseplus.gov.in/#/schooldetail/4714937/12,4714937,15/10/2020 12:18,2480
******00709 Operational,,MPPS (VG) PALLIPALEM,,,,Andhra Pradesh,1-Primary,33-MPP_ZPP SCHOOLS,1 To 5,3-Co-educational,2-Urban,NA,,Mummidivaram Ward No.2,Mummidivaram-Town Panchayat,PALLI PALEM(VINAYAKAGUDI) MUMMIDIVARAM (VILL) MUMMIDIVARAM(VILL) MUMMIDIVARAM(MANDAL) EAST GODAVARI(DIST),533216,,https://kys.udiseplus.gov.in/#/schooldetail/4668260/12,4668260,11/03/2024 19:01,2480
******01401 Operational,,MPPS VILASA,,,,Andhra Pradesh,1-Primary,33-MPP_ZPP SCHOOLS,1 To 5,3-Co-educational,1-Rural,Ainavilli,Vilasa,,,VILASA VILASA VILASA(VILL) AINAVILLI(MANDAL) EAST GODAVARI(DIST),533577,kadiyalalakshmi69[at]gmail[dot]com,https://kys.udiseplus.gov.in/#/schooldetail/4668191/12,4668191,19/07/2022 12:20,2480
******00804 Closed,Closed,MPPS VINAYAKANAGAR,,,,Andhra Pradesh,1-Primary,33-MPP_ZPP SCHOOLS,1 To 2,3-Co-educational,1-Rural,Sakhinetipalle,Antarvedi,,,VINAYAKANAGAR ANTARVEDI (VILL) ANTARVEDI(VILL) SAKHINETIPALLI(MANDAL) EAST GODAVARI(DIST),533252,,https://kys.udiseplus.gov.in/#/schooldetail/4669254/12,4669254,07/08/2025 09:58,2480
******00504 Operational,,MPPS VISWESWARAYAPURAM,,,,Andhra Pradesh,1-Primary,33-MPP_ZPP SCHOOLS,1 To 5,3-Co-educational,1-Rural,Malikipuram,Visweswarayapuram,,,VISWESWARAYAPURAM VISWESWARAYAPURAM (VILL) VISWESWARAYAPURAM(VILL) MALIKIPURAM(MANDAL) EAST GODAVARI(DIST),533254,meo.malikipuram[at]gmail[dot]com,https://kys.udiseplus.gov.in/#/schooldetail/4669095/12,4669095,16/06/2025 13:08,2480
******01601 Operational,,MPPS (VRC) MAGAM,,,,Andhra Pradesh,1-Primary,33-MPP_ZPP SCHOOLS,1 To 5,3-Co-educational,1-Rural,Ainavilli,Magam,,,V R COLONY MAGAM MAGAM(VILL) AINAVILLI(MANDAL) EAST GODAVARI(DIST),533577,mppsvrcolony[at]gmail[dot]com,https://kys.udiseplus.gov.in/#/schooldetail/4668208/12,4668208,11/03/2024 16:49,2480
******00502 Operational,,MPPS (VSRP) VISWSWARARAYAPURAM,,,,Andhra Pradesh,1-Primary,33-MPP_ZPP SCHOOLS,1 To 5,3-Co-educational,1-Rural,Malikipuram,Visweswarayapuram,,,VISWESWARAYAPURAM COLONY VISWESWARAYAPURAM (VILL) VISWESWARAYAPURAM(VILL) MALIKIPURAM(MANDAL) EAST GODAVARI(DIST),533254,thotavvsmurty66[at]gmail[dot]com,https://kys.udiseplus.gov.in/#/schooldetail/4669093/12,4669093,11/03/2024 18:14,2480
******00104 Operational,,MPPS VUCHILIVARIPETA,,,,Andhra Pradesh,1-Primary,33-MPP_ZPP SCHOOLS,1 To 5,3-Co-educational,1-Rural,P.Gannavaram,Ganti Pedapudi,,,UCHILIVARRIPETA GANTI PEDAPUDI (VILL) GANTI PEDAPUDI(VILL) P.GANNAVARAM(MANDAL) EAST GODAVARI(DIST),533274,mppsvuchulavaripeta[at]gmail[dot]com,https://kys.udiseplus.gov.in/#/schooldetail/4667942/12,4667942,18/07/2022 14:40,2480
******90209 Operational,,MPPS VUTUKURI STREET,,,,Andhra Pradesh,1-Primary,33-MPP_ZPP SCHOOLS,1 To 2,3-Co-educational,1-Rural,Amalapuram,Bandarulanka,,,BANDARULANKA(VUTUKURI STREET) BANDARULANKA BANDARULANKA(VILL) AMALAPURAM(MANDAL) EAST GODAVARI(DIST),533221,devisdkc[at]gmail[dot]com,https://kys.udiseplus.gov.in/#/schooldetail/4668756/12,4668756,20/12/2025 22:15,2480
******00508 Operational,,MPPS VUYYURIVAARI MERAKA,,,,Andhra Pradesh,1-Primary,33-MPP_ZPP SCHOOLS,1 To 5,3-Co-educational,1-Rural,Sakhinetipalle,Antarvedipalem,,,V.V.MERAKA ANTARVEDIPALEM (VILL) ANTARVEDIPALEM(VILL) SAKHINETIPALLI(MANDAL) EAST GODAVARI(DIST),533253,mppsvuyyurivarimeraka123[at]gmail[dot]com,https://kys.udiseplus.gov.in/#/schooldetail/4669218/12,4669218,16/07/2024 12:24,2480
******00303 Operational,,MPPS (VV) AGRAHARAM,,,,Andhra Pradesh,1-Primary,33-MPP_ZPP SCHOOLS,1 To 5,3-Co-educational,1-Rural,Mummidivaram,Komanapalle,,,V V AGRAHARAM KOMANAPALLE (VILL) KOMANAPALLE(VILL) MUMMIDIVARAM(MANDAL) EAST GODAVARI(DIST),533216,,https://kys.udiseplus.gov.in/#/schooldetail/4668227/12,4668227,11/03/2024 18:49,2480
******01205 Operational,,MPPS (VVL) KAPILESWARAPURAM,,,,Andhra Pradesh,1-Primary,33-MPP_ZPP SCHOOLS,1 To 5,3-Co-educational,1-Rural,Kapileswarapuram,Kedara Lanka,,,VEEDHIVARI LANKA KAPILESWARAPURAM (VILL) KAPILESWARAPURAM(VILL) KAPILESWARAPURAM(MANDAL) EAST GODAVARI(DIST),533223,geddadanageswararao971[at]gmail[dot]com,https://kys.udiseplus.gov.in/#/schooldetail/4667483/12,4667483,15/10/2020 12:18,2480
******01114 Operational,,MPPS V V PALEM,,,,Andhra Pradesh,1-Primary,33-MPP_ZPP SCHOOLS,1 To 5,3-Co-educational,1-Rural,Malikipuram,Sankaraguptham,,,VADLAVARI PALEM SANKARAGUPTHAM (VILL) SANKARAGUPTHAM(VILL) MALIKIPURAM(MANDAL) EAST GODAVARI(DIST),533250,meo.malikipuram[at]gmail[dot]com,https://kys.udiseplus.gov.in/#/schooldetail/4669165/12,4669165,11/03/2024 18:30,2480
******01403 Operational,,MPPS (VVP) MERLALPALEM,,,,Andhra Pradesh,1-Primary,33-MPP_ZPP SCHOOLS,1 To 5,3-Co-educational,1-Rural,Atreyapuram,Merlapalem,,,V V PALEM MERLAPALEM (VILL) MERLAPALEM(VILL) ATREYAPURAM(MANDAL) EAST GODAVARI(DIST),533237,gmanikyam999[at]gmail[dot]com,https://kys.udiseplus.gov.in/#/schooldetail/4667634/12,4667634,09/05/2022 18:57,2480
******00807 Permanently Closed,,MPPS (VVP) VENTURU,,,,Andhra Pradesh,1-Primary,33-MPP_ZPP SCHOOLS,1 To 5,3-Co-educational,1-Rural,Rayavaram,Venturu,,,NA,533255,,https://kys.udiseplus.gov.in/#/schooldetail/4714917/12,4714917,15/10/2020 12:18,2480
******00509 Operational,,MPPS VYAGRESWARAM,,,,Andhra Pradesh,1-Primary,33-MPP_ZPP SCHOOLS,1 To 5,3-Co-educational,1-Rural,Ambajipeta,Pulletikurru,,,VYAGRESWARAM PULLETIKURRU PULLETIKURRU(VILL) AMBAJIPETA(MANDAL) EAST GODAVARI(DIST),533239,mppsvyagreswaram[at]gmail[dot]com,https://kys.udiseplus.gov.in/#/schooldetail/4668064/12,4668064,23/12/2025 17:05,2480
******00103 Operational,,MPPS (WC) (NO.2) VILASAVILLI,,,,Andhra Pradesh,1-Primary,33-MPP_ZPP SCHOOLS,1 To 5,3-Co-educational,1-Rural,Uppalaguptam,Vilasavilli,,,VILASAVILLI(WEVARS COLONY) VILASAVILLI (VILL) VILASAVILLI(VILL) UPPALAGUPTAM(MANDAL) EAST GODAVARI(DIST),533213,manikyambamahadasa[at]gmail[dot]com,https://kys.udiseplus.gov.in/#/schooldetail/4668517/12,4668517,07/01/2026 08:29,2480
******00206 Operational,,MPPS WHITEHOUSE PETA,,,,Andhra Pradesh,1-Primary,33-MPP_ZPP SCHOOLS,1 To 5,3-Co-educational,1-Rural,Sakhinetipalle,Sakhinetipalle,,,"MPP school , whitehouspeta, Sakhinetipalli(mandal), Dr. B. R. Ambedkar konaseema district",533251,vijaykumarjillella9[at]gmail[dot]com,https://kys.udiseplus.gov.in/#/schooldetail/4669180/12,4669180,26/09/2024 17:31,2480
******01304 Operational,,MPPS (WP) CHALLAPALLI,,,,Andhra Pradesh,1-Primary,33-MPP_ZPP SCHOOLS,1 To 5,3-Co-educational,1-Rural,Uppalaguptam,T. Challapalle,,,WIRUPETA T. CHALLAPALLE (VILL) T. CHALLAPALLE(VILL) UPPALAGUPTAM(MANDAL) EAST GODAVARI(DIST),533213,,https://kys.udiseplus.gov.in/#/schooldetail/4668593/12,4668593,07/01/2026 09:02,2480
******00102 Operational,,MPPS (WTA) UBALANKA,,,,Andhra Pradesh,1-Primary,33-MPP_ZPP SCHOOLS,1 To 2,3-Co-educational,1-Rural,Ravulapalem,Ubalanka,,,WATER TANK AREA UBALANKA (VILL) UBALANKA(VILL) RAVULAPALEM(MANDAL) EAST GODAVARI(DIST),533237,mppswatertank[at]gmail[dot]com,https://kys.udiseplus.gov.in/#/schooldetail/4667646/12,4667646,24/01/2023 19:29,2480
******02204 Permanently Closed,,MPPS YALLAMMA PAMPU,,,,Andhra Pradesh,1-Primary,33-MPP_ZPP SCHOOLS,1 To 5,3-Co-educational,1-Rural,Ramachandrapuram,Venkatayapalem,,,NA,533262,,https://kys.udiseplus.gov.in/#/schooldetail/4714904/12,4714904,15/10/2020 12:18,2480
******01304 Operational,,MPPS (YB) PASARLAPDUILANKA,,,,Andhra Pradesh,1-Primary,33-MPP_ZPP SCHOOLS,1 To 5,3-Co-educational,1-Rural,Mamidikuduru,Pasarlapudilanka,,,PASARLAPUDILANKA(YETIBADAVA) PASARLAPUDILANKA (VILL) PASARLAPUDILANKA(VILL) MAMIDIKUDURU(MANDAL) EAST GODAVARI(DIST),533247,kishorebonam515[at]gmail[dot]com,https://kys.udiseplus.gov.in/#/schooldetail/4668953/12,4668953,18/07/2022 16:34,2480
******00503 Permanently Closed,,MPPS YEETIVARIPALLEM,,,,Andhra Pradesh,1-Primary,33-MPP_ZPP SCHOOLS,1 To 5,3-Co-educational,1-Rural,Allavaram,Yentrikona,,,NA,533217,,https://kys.udiseplus.gov.in/#/schooldetail/4715016/12,4715016,15/10/2020 12:18,2480
******00707 Operational,,MPPS YELAKALLANKA,,,,Andhra Pradesh,1-Primary,33-MPP_ZPP SCHOOLS,1 To 5,3-Co-educational,1-Rural,Ainavilli,Sanapalli Lanka,,,YELAKALLANKA SANAPALLI LANKA SANAPALLI LANKA(VILL) AINAVILLI(MANDAL) EAST GODAVARI(DIST),533211,mpupsyelakallanka[at]gmail[dot]com,https://kys.udiseplus.gov.in/#/schooldetail/4668154/12,4668154,17/06/2025 13:37,2480
******00702 Operational,,MPPS YELISETTIVARI PALEM,,,,Andhra Pradesh,1-Primary,33-MPP_ZPP SCHOOLS,1 To 5,3-Co-educational,1-Rural,Kothapeta,Billa Kurru,,,YELISETTIVARI PALEM BILLA KURRU (VILL) BILLA KURRU(VILL) KOTHAPETA(MANDAL) EAST GODAVARI(DIST),533228,meo.kothapeta[at]gmail[dot]com,https://kys.udiseplus.gov.in/#/schooldetail/4667898/12,4667898,15/10/2020 12:18,2480
******01604 Operational,,MPPS YELLAMELLIVARIPETA,,,,Andhra Pradesh,1-Primary,33-MPP_ZPP SCHOOLS,1 To 2,3-Co-educational,1-Rural,P.Gannavaram,Yenugupalle,,,YELLAMELLIVARI PETA YENUGUPALLE (VILL) YENUGUPALLE(VILL) P.GANNAVARAM(MANDAL) EAST GODAVARI(DIST),533240,mpp[at]yvpetagmail[dot]com,https://kys.udiseplus.gov.in/#/schooldetail/4668026/12,4668026,25/01/2023 19:32,2480
******00602 Operational,,MPPS YELUVALALANKA,,,,Andhra Pradesh,1-Primary,33-MPP_ZPP SCHOOLS,1 To 5,3-Co-educational,1-Rural,Allavaram,Rellugadda,,,YELUVALALANKA RELLUGADDA RELLUGADDA(VILL) ALLAVARAM(MANDAL) EAST GODAVARI(DIST),533217,lavanya.ged[at]gmail[dot]com,https://kys.udiseplus.gov.in/#/schooldetail/4668821/12,4668821,19/12/2025 10:47,2480
******00101 Operational,,MPPS YENDAGANDI,,,,Andhra Pradesh,1-Primary,33-MPP_ZPP SCHOOLS,1 To 5,3-Co-educational,1-Rural,NA,NA,,,YENDAGANDI YENDAGANDI (VILL) YENDAGANDI(VILL) K.GANGAVARAM(MANDAL) EAST GODAVARI(DIST),533305,bhavishyakumari2019[at]gmail[dot]com,https://kys.udiseplus.gov.in/#/schooldetail/4712472/12,4712472,20/12/2025 16:18,2480
******00501 Operational,,MPPS YENTRIKONA,,,,Andhra Pradesh,1-Primary,33-MPP_ZPP SCHOOLS,1 To 5,3-Co-educational,1-Rural,Allavaram,Yentrikona,,,YENTRIKONA YENTRIKONA YENTRIKONA(VILL) ALLAVARAM(MANDAL) EAST GODAVARI(DIST),533217,meo.allavaram1[at]gmail[dot]com,https://kys.udiseplus.gov.in/#/schooldetail/4668818/12,4668818,19/12/2025 10:46,2480
******00308 Operational,,MPPS YENUGU MAHAL,,,,Andhra Pradesh,1-Primary,33-MPP_ZPP SCHOOLS,1 To 2,3-Co-educational,1-Rural,Kothapeta,Kothapeta,,,YENUGULA MAHAL KOTHAPETA (VILL) KOTHAPETA(VILL) KOTHAPETA(MANDAL) EAST GODAVARI(DIST),533223,,https://kys.udiseplus.gov.in/#/schooldetail/4667842/12,4667842,08/07/2025 10:35,2480
******01603 Operational,,MPPS YENUGUPALLE BADAVA,,,,Andhra Pradesh,1-Primary,33-MPP_ZPP SCHOOLS,1 To 5,3-Co-educational,1-Rural,P.Gannavaram,Yenugupalle,,,YENUGUPALLE BADAVA YENUGUPALLE (VILL) YENUGUPALLE(VILL) P.GANNAVARAM(MANDAL) EAST GODAVARI(DIST),533240,palangisyamala[at]gmail[dot]com,https://kys.udiseplus.gov.in/#/schooldetail/4668025/12,4668025,18/07/2022 15:25,2480
******00608 Operational,,MPPS YERRAGARUVU,,,,Andhra Pradesh,1-Primary,33-MPP_ZPP SCHOOLS,1 To 5,3-Co-educational,1-Rural,I. Polavaram,G. Vemavaram,,,YERRAGARUVU G VEMAVARAM G VEMAVARAM(VILL) I POLAVARAM(MANDAL) EAST GODAVARI(DIST),533464,deepthianivella[at]gmail[dot]com,https://kys.udiseplus.gov.in/#/schooldetail/4668361/12,4668361,11/03/2024 18:58,2480
******00205 Operational,,MPPS YERRAMASETTIVARIPALEM,,,,Andhra Pradesh,1-Primary,33-MPP_ZPP SCHOOLS,1 To 5,3-Co-educational,1-Rural,P.Gannavaram,Udumudi,,,YERRAMASETTIVARIPALEM UDUMUDI (VILL) UDUMUDI(VILL) P.GANNAVARAM(MANDAL) EAST GODAVARI(DIST),533240,mpppsyvpaem205[at]gmail[dot]com,https://kys.udiseplus.gov.in/#/schooldetail/4667949/12,4667949,18/07/2022 14:50,2480
******00703 Operational,,MPPS YERRAPOTHAVARAM,,,,Andhra Pradesh,1-Primary,33-MPP_ZPP SCHOOLS,1 To 5,3-Co-educational,1-Rural,NA,NA,,,Y.POTHAVARAM YERRA POTHAVARAM (VILL) YERRA POTHAVARAM(VILL) K.GANGAVARAM(MANDAL) EAST GODAVARI(DIST),533262,srinivaassaladi[at]gmail[dot]com,https://kys.udiseplus.gov.in/#/schooldetail/4667767/12,4667767,23/06/2022 14:28,2480
******01102 Operational,,MPPS YERUPALLE,,,,Andhra Pradesh,1-Primary,33-MPP_ZPP SCHOOLS,1 To 5,3-Co-educational,1-Rural,Ramachandrapuram,Yerupalle,,,YERUPALLE YERUPALLE (VILL) YERUPALLE(VILL) RAMACHANDRAPURAM(MANDAL) EAST GODAVARI(DIST),533255,nageswararaovalluru6[at]gmail[dot]com,https://kys.udiseplus.gov.in/#/schooldetail/4667244/12,4667244,17/07/2025 17:20,2480
******00402 Permanently Closed,,MPPS (YG) PASALAPUDI,,,,Andhra Pradesh,1-Primary,33-MPP_ZPP SCHOOLS,1 To 5,3-Co-educational,1-Rural,Rayavaram,Pasalapudi,,,NA,533261,,https://kys.udiseplus.gov.in/#/schooldetail/4714911/12,4714911,15/10/2020 12:18,2480
******00501 Operational,,MPPS (YKG) VUYYURIVARI MERAKA,,,,Andhra Pradesh,1-Primary,33-MPP_ZPP SCHOOLS,1 To 5,3-Co-educational,1-Rural,Sakhinetipalle,Antarvedipalem,,,Y K GATTU ANTARVEDIPALEM (VILL) ANTARVEDIPALEM(VILL) SAKHINETIPALLI(MANDAL) EAST GODAVARI(DIST),533252,mppsykg501[at]gmail[dot]com,https://kys.udiseplus.gov.in/#/schooldetail/4669213/12,4669213,15/10/2020 12:18,2480
******01401 Operational,,MPPS Y KOTHAPALLI,,,,Andhra Pradesh,1-Primary,33-MPP_ZPP SCHOOLS,1 To 5,3-Co-educational,1-Rural,P.Gannavaram,Vainateya Kothapalle,,,Y. KOTHAPALLI VAINATEYA KOTHAPALLE (VILL) VAINATEYA KOTHAPALLE(VILL) P.GANNAVARAM(MANDAL) EAST GODAVARI(DIST),533240,-kudupudiamaladevi[at]gmail[dot]com,https://kys.udiseplus.gov.in/#/schooldetail/4668019/12,4668019,11/03/2024 18:58,2480
******01402 Operational,,MPPS Y KOTHUR,,,,Andhra Pradesh,1-Primary,33-MPP_ZPP SCHOOLS,1 To 5,3-Co-educational,1-Rural,Mandapeta,Yeditha,,,Y.KOTHUR YEDITHA (VILL) YEDITHA(VILL) MANDAPETA(MANDAL) EAST GODAVARI(DIST),533234,meomandaptea[at]gmail[dot]com,https://kys.udiseplus.gov.in/#/schooldetail/4666684/12,4666684,31/12/2025 16:45,2480
******01405 Operational,,MPPS (YM) VODALAREVU,,,,Andhra Pradesh,1-Primary,33-MPP_ZPP SCHOOLS,1 To 5,3-Co-educational,1-Rural,Allavaram,Bendamurulanka,,,VODALAREVU BENDAMURULANKA BENDAMURULANKA(VILL) ALLAVARAM(MANDAL) EAST GODAVARI(DIST),533210,mppsyetimoga[at]gmail[dot]com,https://kys.udiseplus.gov.in/#/schooldetail/4668868/12,4668868,19/12/2025 11:02,2480
******01403 Operational,,MPPS Y SAVARAM,,,,Andhra Pradesh,1-Primary,33-MPP_ZPP SCHOOLS,1 To 5,3-Co-educational,1-Rural,Mandapeta,Yeditha,,,Y.SAVARAM YEDITHA (VILL) YEDITHA(VILL) MANDAPETA(MANDAL) EAST GODAVARI(DIST),533234,dorababupenke1969[at]gmail[dot]com,https://kys.udiseplus.gov.in/#/schooldetail/4666685/12,4666685,31/12/2025 16:45,2480
******00209 Operational,,MPPS (YSRC) VEMULAPALLI,,,,Andhra Pradesh,1-Primary,33-MPP_ZPP SCHOOLS,1 To 5,3-Co-educational,1-Rural,Mandapeta,Dwarapudi,,,ysr colony VEMULAPALLI,533341,geddam.rbabu[at]gmail[dot]com,https://kys.udiseplus.gov.in/#/schooldetail/4666637/12,4666637,24/12/2025 11:07,2480
******01005 Operational,,MPPS (YTG) KESANAPALLI,,,,Andhra Pradesh,1-Primary,33-MPP_ZPP SCHOOLS,1 To 5,3-Co-educational,1-Rural,Malikipuram,Kesanapalle,,,YADLA TATAYYA GROUP KESANAPALLE (VILL) KESANAPALLE(VILL) MALIKIPURAM(MANDAL) EAST GODAVARI(DIST),533244,,https://kys.udiseplus.gov.in/#/schooldetail/4669138/12,4669138,11/03/2024 18:22,2480
******00703 Operational,,MPPS (YVM) KESAVADASU PALEM,,,,Andhra Pradesh,1-Primary,33-MPP_ZPP SCHOOLS,1 To 5,3-Co-educational,1-Rural,Sakhinetipalle,Kesavadasupalem,,,Y.V.MERAKA KESAVADASUPALEM (VILL) KESAVADASUPALEM(VILL) SAKHINETIPALLI(MANDAL) EAST GODAVARI(DIST),533252,mppsyvmeraka703[at]gmail[dot]com,https://kys.udiseplus.gov.in/#/schooldetail/4669244/12,4669244,15/10/2020 12:18,2480
******00602 Operational,,MPPS Y V PALEM,,,,Andhra Pradesh,1-Primary,33-MPP_ZPP SCHOOLS,1 To 5,3-Co-educational,1-Rural,Ambajipeta,Irusumanda,,,Y V PALEM IRUSUMANDA IRUSUMANDA(VILL) AMBAJIPETA(MANDAL) EAST GODAVARI(DIST),533239,srisatyabulusu[at]gmail[dot]com,https://kys.udiseplus.gov.in/#/schooldetail/4668073/12,4668073,23/12/2025 17:06,2480
******90579 Operational,,MPS JUNIOR COLLEGE,,,,Andhra Pradesh,11-Higher Secondary only/Jr. College,38-Pvt.Unaided,11 To 12,3-Co-educational,2-Urban,NA,,Mandapeta Ward No.22,Mandapeta-Municipality,MAREDUBAKA VILLAGE MANADAPETA MANDAL,533308,mpsjuniorcollege[at]gmail[dot]com,https://kys.udiseplus.gov.in/#/schooldetail/4718821/12,4718821,17/02/2026 11:18,2480
******01507 Operational,,MPUPS ADDANKIVARI LANKA,,,,Andhra Pradesh,2-Primary with Upper Primary,33-MPP_ZPP SCHOOLS,1 To 8,3-Co-educational,1-Rural,Kapileswarapuram,Addankivari Lanka,,,ADDANKIVARI LANKA KORUMILLI (VILL) KORUMILLI(VILL) KAPILESWARAPURAM(MANDAL) EAST GODAVARI(DIST),533228,mpupsavlanka[at]gmail[dot]com,https://kys.udiseplus.gov.in/#/schooldetail/4667503/12,4667503,15/10/2020 12:18,2480
******01605 Operational,,MPUPS ADIVARAPU PETA,,,,Andhra Pradesh,2-Primary with Upper Primary,33-MPP_ZPP SCHOOLS,1 To 8,3-Co-educational,1-Rural,Ramachandrapuram,Draksharama,,,ADIVARAPU PETA DRAKSHARAMA (VILL) DRAKSHARAMA(VILL) RAMACHANDRAPURAM(MANDAL) EAST GODAVARI(DIST),533262,mppupsadivarapupeta[at]gmail[dot]com,https://kys.udiseplus.gov.in/#/schooldetail/4667264/12,4667264,15/10/2020 12:18,2480
******00506 Operational,,MPUPS AINAVALLILANKA,,,,Andhra Pradesh,2-Primary with Upper Primary,33-MPP_ZPP SCHOOLS,1 To 8,3-Co-educational,1-Rural,Ainavilli,Ainavilli,,,AINAVALLILANKA AINAVILLI AINAVILLI(VILL) AINAVILLI(MANDAL) EAST GODAVARI(DIST),533211,,https://kys.udiseplus.gov.in/#/schooldetail/4668143/12,4668143,11/03/2024 16:37,2480
******00403 Operational,,MPUPS (A) VEMAVARAPPADU,,,,Andhra Pradesh,2-Primary with Upper Primary,33-MPP_ZPP SCHOOLS,1 To 8,3-Co-educational,1-Rural,Amalapuram,A. Vemavarappadu,,,A.VEMAVARAPADU A. VEMAVARAM A. VEMAVARAM(VILL) AMALAPURAM(MANDAL) EAST GODAVARI(DIST),533201,venkateswara.amp[at]gmail[dot]com,https://kys.udiseplus.gov.in/#/schooldetail/4668628/12,4668628,20/12/2025 22:58,2480
******00103 Operational,,MPUPS BADUGUVANILANKA,,,,Andhra Pradesh,2-Primary with Upper Primary,33-MPP_ZPP SCHOOLS,1 To 8,3-Co-educational,1-Rural,Alamuru,Baduguvanilanka,,,BEDIDE PANCHAYAT OFFICE BADUGUVANILANKA BADUGUVANILANKA(VILL) ALAMURU(MANDAL) EAST GODAVARI(DIST),533126,mpups.bvlanka[at]gmail[dot]com,https://kys.udiseplus.gov.in/#/schooldetail/4667508/12,4667508,15/10/2020 12:18,2480
******02001 Operational,,MPUPS BHEEMAKROSUPALEM,,,,Andhra Pradesh,2-Primary with Upper Primary,33-MPP_ZPP SCHOOLS,1 To 8,3-Co-educational,1-Rural,Ramachandrapuram,Bheemakrosupalem,,,BHEEMAKROSUPALEM BHEEMAKROSUPALEM (VILL) BHEEMAKROSUPALEM(VILL) RAMACHANDRAPURAM(MANDAL) EAST GODAVARI(DIST),533262,mpupschoolbkpalem[at]gmail[dot]com,https://kys.udiseplus.gov.in/#/schooldetail/4667290/12,4667290,03/07/2022 18:02,2480
******00111 Operational,,MPUPS BOBBARLANKA,,,,Andhra Pradesh,2-Primary with Upper Primary,33-MPP_ZPP SCHOOLS,1 To 8,3-Co-educational,1-Rural,Atreyapuram,Peravaram,,,BOBBERLANKA PERAVARAM PERAVARAM(VILL) ATREYAPURAM(MANDAL) EAST GODAVARI(DIST),533235,,https://kys.udiseplus.gov.in/#/schooldetail/4667588/12,4667588,18/07/2022 13:02,2480
******01315 Operational,,MPUPS CHINDADAGARUVU,,,,Andhra Pradesh,2-Primary with Upper Primary,33-MPP_ZPP SCHOOLS,1 To 8,3-Co-educational,1-Rural,Amalapuram,Peruru,,,CHINDADAGARUVU PERURU PERURU(VILL) AMALAPURAM(MANDAL) EAST GODAVARI(DIST),533201,mppupschindadagaruvu[at]gmail[dot]com,https://kys.udiseplus.gov.in/#/schooldetail/4668676/12,4668676,21/12/2025 22:07,2480
******00204 Operational,,MPUPS CHODAVARAM,,,,Andhra Pradesh,2-Primary with Upper Primary,33-MPP_ZPP SCHOOLS,1 To 8,3-Co-educational,1-Rural,Ramachandrapuram,Chodavaram,,,CHODAVARAM CHODAVARAM (VILL) CHODAVARAM(VILL) RAMACHANDRAPURAM(MANDAL) EAST GODAVARI(DIST),533255,,https://kys.udiseplus.gov.in/#/schooldetail/4667224/12,4667224,15/10/2020 12:18,2480
******00805 Operational,,MPUPS GODITHIPPA,,,,Andhra Pradesh,2-Primary with Upper Primary,33-MPP_ZPP SCHOOLS,1 To 8,3-Co-educational,1-Rural,Allavaram,Godi,,,GODITHIPPA GODI GODI(VILL) ALLAVARAM(MANDAL) EAST GODAVARI(DIST),533217,meo.allavaram1[at]gmail[dot]com,https://kys.udiseplus.gov.in/#/schooldetail/4668826/12,4668826,19/12/2025 10:48,2480
******00508 Operational,,MPUPS GOGULALANKA,,,,Andhra Pradesh,2-Primary with Upper Primary,33-MPP_ZPP SCHOOLS,1 To 8,3-Co-educational,1-Rural,I. Polavaram,Guthinadeevi,,,GOGULALANKA GUTHINADEEVI (VILL) GUTHINADEEVI(VILL) I.POLAVARAM(MANDAL) EAST GODAVARI(DIST),533464,crp.muramalla[at]gmail[dot]com,https://kys.udiseplus.gov.in/#/schooldetail/4668349/12,4668349,25/01/2023 11:27,2480
******01316 Operational,,MPUPS (GP) AGRAHARAM,,,,Andhra Pradesh,2-Primary with Upper Primary,33-MPP_ZPP SCHOOLS,1 To 8,3-Co-educational,1-Rural,Amalapuram,Peruru,,,G.P.AGRAHARAM PERURU PERURU(VILL) AMALAPURAM(MANDAL) EAST GODAVARI(DIST),533218,narayanamsuribabu[at]gmail[dot]com,https://kys.udiseplus.gov.in/#/schooldetail/4668677/12,4668677,21/12/2025 22:09,2480
******00602 Operational,,MPUPS GUMMILERU,,,,Andhra Pradesh,2-Primary with Upper Primary,33-MPP_ZPP SCHOOLS,1 To 8,3-Co-educational,1-Rural,Alamuru,Gummileru,,,GUMMILERU(SIVALAYAM) GUMMILERU (VILL) GUMMILERU(VILL) ALAMURU(MANDAL) EAST GODAVARI(DIST),533232,,https://kys.udiseplus.gov.in/#/schooldetail/4667535/12,4667535,15/10/2020 12:18,2480
******00211 Operational,,MPUPS GUTTULAVAARI PALEM,,,,Andhra Pradesh,2-Primary with Upper Primary,33-MPP_ZPP SCHOOLS,1 To 8,3-Co-educational,1-Rural,Allavaram,Allavaram,,,ALLAVARAM ALLAVARAM ALLAVARAM(VILL) ALLAVARAM(MANDAL) EAST GODAVARI(DIST),533217,meo.allavaram1[at]gmail[dot]com,https://kys.udiseplus.gov.in/#/schooldetail/4668810/12,4668810,19/12/2025 10:43,2480
******00704 Operational,,MPUPS KATTIMANDA,,,,Andhra Pradesh,2-Primary with Upper Primary,33-MPP_ZPP SCHOOLS,1 To 8,3-Co-educational,1-Rural,Malikipuram,Kattiwanda,,,KATTIMANDA KATTIMANDA (VILL) KATTIMANDA(VILL) MALIKIPURAM(MANDAL) EAST GODAVARI(DIST),533254,meo.malikipuram[at]gmail[dot]com,https://kys.udiseplus.gov.in/#/schooldetail/4669118/12,4669118,15/10/2020 12:18,2480
******00802 Operational,,MPUPS KHANDRIKA,,,,Andhra Pradesh,2-Primary with Upper Primary,33-MPP_ZPP SCHOOLS,1 To 8,3-Co-educational,1-Rural,Kothapeta,Khandrika,,,KHANDRIKA NEAR VINAYAKA TEMPL KHANDRIKA (VILL) KHANDRIKA(VILL) KOTHAPETA(MANDAL) EAST GODAVARI(DIST),533229,meo.kothapeta[at]gmail[dot]com,https://kys.udiseplus.gov.in/#/schooldetail/4667908/12,4667908,15/10/2020 12:18,2480
******01103 Operational,,MPUPS KUNAVARAM,,,,Andhra Pradesh,2-Primary with Upper Primary,33-MPP_ZPP SCHOOLS,1 To 8,3-Co-educational,1-Rural,Uppalaguptam,Kunavaram,,,KUNAVARAM KUNAVARAM (VILL) KUNAVARAM(VILL) UPPALAGUPTAM(MANDAL) EAST GODAVARI(DIST),533213,mppupskunavaram[at]gmail[dot]com,https://kys.udiseplus.gov.in/#/schooldetail/4668582/12,4668582,07/01/2026 08:59,2480
******00215 Operational,,MPUPS LANKA OF THANELANKA,,,,Andhra Pradesh,2-Primary with Upper Primary,33-MPP_ZPP SCHOOLS,1 To 8,3-Co-educational,1-Rural,Mummidivaram,Tanelanka,,,LANKA OF THANELANKA TANELANKA(VILL) TANELANKA(VILL) MUMMIDIVARAM(MANDAL) Dr.BR AMBEDKAR KONASEEMA Dt,533216,nandyalanaidu11[at]gmail[dot]com,https://kys.udiseplus.gov.in/#/schooldetail/4667787/12,4667787,24/09/2024 13:28,2480
******00101 Operational,,MPUPS LOLLA,,,,Andhra Pradesh,2-Primary with Upper Primary,33-MPP_ZPP SCHOOLS,1 To 8,3-Co-educational,1-Rural,Rayavaram,Lolla,,,LOLLA LOLLA (VILL) LOLLA(VILL) RAYAVARAM(MANDAL) EAST GODAVARI(DIST)533346,533346,mppups.lolla[at]gmail[dot]com,https://kys.udiseplus.gov.in/#/schooldetail/4667375/12,4667375,15/10/2020 12:18,2480
******00103 Operational,,MPUPS MADUPALLI,,,,Andhra Pradesh,2-Primary with Upper Primary,33-MPP_ZPP SCHOOLS,1 To 8,3-Co-educational,1-Rural,Ainavilli,Madupalle,,,MADUPALLI MADUPALLE MADUPALLE(VILL) AINAVILLI(MANDAL) EAST GODAVARI(DIST),533228,mpupsmadupalli[at]gmail[dot]com,https://kys.udiseplus.gov.in/#/schooldetail/4668125/12,4668125,18/07/2022 13:56,2480
******01201 Operational,,MPUPS MAREDUBAKA,,,,Andhra Pradesh,2-Primary with Upper Primary,33-MPP_ZPP SCHOOLS,1 To 8,3-Co-educational,1-Rural,Mandapeta,Maredubaka (Part),,,MAREDUBAKA MAREDUBAKA (VILL) MAREDUBAKA(VILL) MANDAPETA(MANDAL) EAST GODAVARI(DIST),533308,akki.yerra79[at]gmail[dot]com,https://kys.udiseplus.gov.in/#/schooldetail/4666679/12,4666679,31/12/2025 16:44,2480
******00101 Operational,,MPUPS MATTAPARRU,,,,Andhra Pradesh,2-Primary with Upper Primary,33-MPP_ZPP SCHOOLS,1 To 8,3-Co-educational,1-Rural,Malikipuram,Mattaparru,,,MATTAPARRU MATTAPARRU (VILL) MATTAPARRU(VILL) MALIKIPURAM(MANDAL) EAST GODAVARI(DIST),533244,srireddig[at]mail[dot]com,https://kys.udiseplus.gov.in/#/schooldetail/4669062/12,4669062,11/03/2024 18:07,2480
******00904 Operational,,MPUPS MOGALLAMURU,,,,Andhra Pradesh,2-Primary with Upper Primary,33-MPP_ZPP SCHOOLS,1 To 8,3-Co-educational,1-Rural,Allavaram,Mogallamuru,,,MOGALLAMURU MOGALLAMURU MOGALLAMURU(VILL) ALLAVARAM(MANDAL) EAST GODAVARI(DIST),533210,meo.allavaram1[at]gmail[dot]com,https://kys.udiseplus.gov.in/#/schooldetail/4668832/12,4668832,19/12/2025 10:49,2480
******01103 Operational,,MPUPS MUMMIDIVARAPPADU,,,,Andhra Pradesh,2-Primary with Upper Primary,33-MPP_ZPP SCHOOLS,1 To 8,3-Co-educational,1-Rural,Ravulapalem,Mummidivarappadu,,,S.C.COLONY MUMMIDIVARAPPADU (VILL) MUMMIDIVARAPPADU(VILL) RAVULAPALEM(MANDAL) EAST GODAVARI(DIST),533274,mpupsmmup[at]gmail[dot]com,https://kys.udiseplus.gov.in/#/schooldetail/4667748/12,4667748,15/10/2020 12:18,2480
******00804 Operational,,MPUPS NADAVAPALLE,,,,Andhra Pradesh,2-Primary with Upper Primary,33-MPP_ZPP SCHOOLS,1 To 8,3-Co-educational,1-Rural,Katrenikona,Nadavapalle,,,NADAVAPALLE NADAVAPALLE (VILL) NADAVAPALLE(VILL) KATRENIKONA(MANDAL) EAST GODAVARI(DIST),533212,meo.katrenikona52[at]gmail[dot]com,https://kys.udiseplus.gov.in/#/schooldetail/4668463/12,4668463,22/06/2025 12:52,2480
******01208 Operational,,MPUPS NARAYANALANKA,,,,Andhra Pradesh,2-Primary with Upper Primary,33-MPP_ZPP SCHOOLS,1 To 8,3-Co-educational,1-Rural,Kapileswarapuram,Kapileswarapuram,,,NARAYANA LANKA KAPILESWARAPURAM (VILL) KAPILESWARAPURAM(VILL) KAPILESWARAPURAM(MANDAL) EAST GODAVARI(DIST),533223,9441435590m[at]gmail[dot]com,https://kys.udiseplus.gov.in/#/schooldetail/4667485/12,4667485,15/10/2020 12:18,2480
******01511 Operational,,MPUPS NELAPARTHIPADU,,,,Andhra Pradesh,2-Primary with Upper Primary,33-MPP_ZPP SCHOOLS,1 To 8,3-Co-educational,1-Rural,Ramachandrapuram,Velampalem,,,NELAPARTHIPADU VELAMPALEM (VILL) VELAMPALEM(VILL) RAMACHANDRAPURAM(MANDAL) EAST GODAVARI(DIST),533262,mpppupschoolnlp[at]gmail[dot]com,https://kys.udiseplus.gov.in/#/schooldetail/4667257/12,4667257,22/06/2025 11:51,2480
******01311 Operational,,MPUPS (N) PEDAPALEM,,,,Andhra Pradesh,2-Primary with Upper Primary,33-MPP_ZPP SCHOOLS,1 To 8,3-Co-educational,1-Rural,Ainavilli,Nedunuru,,,PADAPALEM NEDUNURU NEDUNURU(VILL) AINAVILLI(MANDAL) EAST GODAVARI(DIST),533241,mpupsn.pedapalem[at]gmail[dot]com,https://kys.udiseplus.gov.in/#/schooldetail/4668187/12,4668187,22/06/2025 13:16,2480
******01305 Operational,,MPUPS PEKERU,,,,Andhra Pradesh,2-Primary with Upper Primary,33-MPP_ZPP SCHOOLS,1 To 8,3-Co-educational,1-Rural,NA,NA,,,PEKERU PEKERU (VILL) PEKERU(VILL) K.GANGAVARAM(MANDAL) EAST GODAVARI(DIST),533263,mppupspekeru[at]gmail[dot]com,https://kys.udiseplus.gov.in/#/schooldetail/4667351/12,4667351,23/06/2022 14:30,2480
******00902 Operational,,MPUPS PENIKERU,,,,Andhra Pradesh,2-Primary with Upper Primary,33-MPP_ZPP SCHOOLS,1 To 8,3-Co-educational,1-Rural,Alamuru,Penikeru,,,PENIKERU PENIKERU PENIKERU(VILL) ALAMURU(MANDAL) EAST GODAVARI(DIST),533232,mpups.penikeru[at]gmail[dot]com,https://kys.udiseplus.gov.in/#/schooldetail/4667546/12,4667546,10/05/2022 06:45,2480
******00911 Operational,,MPUPS PERAICHERUVU,,,,Andhra Pradesh,2-Primary with Upper Primary,33-MPP_ZPP SCHOOLS,1 To 8,3-Co-educational,1-Rural,Uppalaguptam,Uppalaguptam,,,PERAICHERUVU UPPALAGUPTAM (VILL) UPPALAGUPTAM(VILL) UPPALAGUPTAM(MANDAL) EAST GODAVARI(DIST),533222,Mpupsperaicheruvu[at]gmail[dot]com,https://kys.udiseplus.gov.in/#/schooldetail/4668564/12,4668564,07/01/2026 08:54,2480
******00406 Operational,,MPUPS PUJARI PALEM,,,,Andhra Pradesh,2-Primary with Upper Primary,33-MPP_ZPP SCHOOLS,1 To 8,3-Co-educational,1-Rural,Kothapeta,Kothapeta,,,PUJARIPALEM PALIVELA (VILL) PALIVELA(VILL) KOTHAPETA(MANDAL) EAST GODAVARI(DIST),533229,,https://kys.udiseplus.gov.in/#/schooldetail/4667874/12,4667874,15/10/2020 12:18,2480
******01505 Operational,,MPUPS RAVULAPALEM,,,,Andhra Pradesh,2-Primary with Upper Primary,33-MPP_ZPP SCHOOLS,1 To 8,3-Co-educational,1-Rural,Kapileswarapuram,Korumilli,,,RAVULAPALEM.K KORUMILLI (VILL) KORUMILLI(VILL) KAPILESWARAPURAM(MANDAL) EAST GODAVARI(DIST),533309,zphs.machara[at]gmail[dot]com,https://kys.udiseplus.gov.in/#/schooldetail/4667501/12,4667501,15/10/2020 12:18,2480
******01408 Operational,,MPUPS REBBANAPALLI,,,,Andhra Pradesh,2-Primary with Upper Primary,33-MPP_ZPP SCHOOLS,1 To 8,3-Co-educational,1-Rural,Allavaram,Bendamurulanka,,,REBBANAPALLE (PART) BENDAMURULANKA BENDAMURULANKA(VILL) ALLAVARAM(MANDAL) EAST GODAVARI(DIST),533210,meo.allavaram1[at]gmail[dot]com,https://kys.udiseplus.gov.in/#/schooldetail/4668871/12,4668871,19/12/2025 11:01,2480
******00403 Operational,,MPUPS TADIKONA,,,,Andhra Pradesh,2-Primary with Upper Primary,33-MPP_ZPP SCHOOLS,1 To 8,3-Co-educational,1-Rural,Allavaram,Tadikona,,,TADIKONA TADIKONA TADIKONA(VILL) ALLAVARAM(MANDAL) EAST GODAVARI(DIST),533218,meo.allavaram1[at]gmail[dot]com,https://kys.udiseplus.gov.in/#/schooldetail/4668817/12,4668817,19/12/2025 10:46,2480
******01103 Operational,,MPUPS THATAPUDI,,,,Andhra Pradesh,2-Primary with Upper Primary,33-MPP_ZPP SCHOOLS,1 To 8,3-Co-educational,1-Rural,Kapileswarapuram,Thatapudi,,,THATAPUDI THATAPUDI (VILL) THATAPUDI(VILL) KAPILESWARAPURAM(MANDAL) EAST GODAVARI(DIST),533309,radhamurari789[at]gmail[dot]com,https://kys.udiseplus.gov.in/#/schooldetail/4667477/12,4667477,15/10/2020 12:18,2480
******01006 Operational,,MPUPS TOTHARAMUDI,,,,Andhra Pradesh,2-Primary with Upper Primary,33-MPP_ZPP SCHOOLS,1 To 8,3-Co-educational,1-Rural,Ainavilli,Totharamudi,,,TOTHARAMUDI TOTHARAMUDI TOTHARAMUDI(VILL) AINAVILLI(MANDAL) EAST GODAVARI(DIST),533211,,https://kys.udiseplus.gov.in/#/schooldetail/4668168/12,4668168,19/07/2022 11:56,2480
******00402 Operational,,MPUPS VADDIPARRU,,,,Andhra Pradesh,2-Primary with Upper Primary,33-MPP_ZPP SCHOOLS,1 To 8,3-Co-educational,1-Rural,Atreyapuram,Vaddiparru,,,VADDIPARRU VADDIPARRU (VILL) VADDIPARRU(VILL) ATREYAPURAM(MANDAL) EAST GODAVARI(DIST),533235,mpupsvaddiparru402[at]gmail[dot]com,https://kys.udiseplus.gov.in/#/schooldetail/4667597/12,4667597,11/03/2024 18:53,2480
******00103 Operational,,MPUPS VALASALATIPPA,,,,Andhra Pradesh,2-Primary with Upper Primary,33-MPP_ZPP SCHOOLS,1 To 8,3-Co-educational,1-Rural,Mummidivaram,Kamini,,,VALASALATIPPA KAMINI (VILL) KAMINI(VILL) MUMMIDIVARAM(MANDAL) EAST GODAVARI(DIST),533220,mpupvalasalatippa[at]gmail[dot]com,https://kys.udiseplus.gov.in/#/schooldetail/4668215/12,4668215,26/06/2021 11:02,2480
******00208 Operational,,MPUPS V SAVARAM,,,,Andhra Pradesh,2-Primary with Upper Primary,33-MPP_ZPP SCHOOLS,1 To 8,3-Co-educational,1-Rural,Rayavaram,Vedurupaka,,,V SAVARAM VEDURUPAKA (VILL) VEDURUPAKA(VILL) RAYAVARM(MANDAL) EAST GODAVARI(DIST),533346,,https://kys.udiseplus.gov.in/#/schooldetail/4712471/12,4712471,27/09/2024 11:20,2480
******00601 Operational,,MPUPS YANAMADALA,,,,Andhra Pradesh,2-Primary with Upper Primary,33-MPP_ZPP SCHOOLS,1 To 8,3-Co-educational,1-Rural,Ramachandrapuram,Yanamadala,,,YANAMADALA YANAMADALA (VILL) YANAMADALA(VILL) RAMACHANDRAPURAM(MANDAL) EAST GODAVARI(DIST),533255,meo.ramachandrapuram[at]gmail[dot]com,https://kys.udiseplus.gov.in/#/schooldetail/4667230/12,4667230,22/06/2025 11:50,2480
******00404 Operational,,MPUPS YEDURULANKA,,,,Andhra Pradesh,2-Primary with Upper Primary,33-MPP_ZPP SCHOOLS,1 To 8,3-Co-educational,1-Rural,I. Polavaram,Yedurulanka,,,YEDURULANKA YEDURULANKA (VILL) YEDURULANKA(VILL) I.POLAVARAM(MANDAL) EAST GODAVARI(DIST),533464,akellasuryamohan[at]gmail[dot]com,https://kys.udiseplus.gov.in/#/schooldetail/4668340/12,4668340,25/01/2023 11:26,2480
******00223 Closed,Closed,MUMMY DADY UPS (EM) RAVULAPALEM,,,,Andhra Pradesh,2-Primary with Upper Primary,38-Pvt.Unaided,1 To 7,3-Co-educational,1-Rural,Ravulapalem,Ravulapalem,,,RAVULAPALEM RAVULAPALEM(VILL) RAVULAPALEM(VILL) RAVULAPALEM(MANDAL) EAST GODAVARI(DIST),533238,,https://kys.udiseplus.gov.in/#/schooldetail/4667676/12,4667676,28/01/2023 14:00,2480
******01004 Operational,,NAGASURYA HS (EM) KUNAVARAM,,,,Andhra Pradesh,6-Pr. Up Pr. and Secondary Only,38-Pvt.Unaided,1 To 10,3-Co-educational,1-Rural,Razole,Kunavaram,,,KUNAVARAM RAZOLE MADAL,533244,-nagasuryae.mhighschool[at]gmail[dot]com,https://kys.udiseplus.gov.in/#/schooldetail/4669043/12,4669043,16/07/2024 11:44,2480
******00861 Operational,,"NALANDA (EM) HIGH SCHOOL, MALIKIPURAM",,,,Andhra Pradesh,6-Pr. Up Pr. and Secondary Only,38-Pvt.Unaided,1 To 9,3-Co-educational,1-Rural,Malikipuram,Gudimellanka,,,MAIN ROAD MALIKIPURAM,533253,nalandaetechno[at]gmail[dot]com,https://kys.udiseplus.gov.in/#/schooldetail/4721282/12,4721282,28/06/2025 17:10,2480
******00820 Operational,,NALANDA HS (EM) KADALI,,,,Andhra Pradesh,7-Upper Pr. and Secondary,38-Pvt.Unaided,6 To 10,3-Co-educational,1-Rural,Razole,Kadali,,,NEAR MULIKIPALLI CENTER KADALI(VILL) RAZOLE(MANDAL) EAST GODAVARI(DIST),533248,nalandaetechno[at]gmail[dot]com,https://kys.udiseplus.gov.in/#/schooldetail/4669028/12,4669028,15/10/2020 12:18,2480
******00821 Operational,,NALANDA PS (EM) KADALI,,,,Andhra Pradesh,1-Primary,38-Pvt.Unaided,1 To 5,3-Co-educational,1-Rural,Razole,Kadali,,,NEAR MULIKIPALLI CENTER KADALI (VILL) RAZOLE(MANDAL) EAST GODAVARI(DIST),533248,nalandaetechno[at]gmail[dot]com,https://kys.udiseplus.gov.in/#/schooldetail/4669029/12,4669029,15/06/2023 10:24,2480
******02207 Permanently Closed,,NALANDA PS (TM) YALLAMPAMPU,,,,Andhra Pradesh,1-Primary,38-Pvt.Unaided,1 To 5,3-Co-educational,1-Rural,Ramachandrapuram,Venkatayapalem,,,NA,533262,,https://kys.udiseplus.gov.in/#/schooldetail/4667300/12,4667300,15/10/2020 12:18,2480
******00657 Operational,,NARAYANA EM HIGH SCHOOL,,,,Andhra Pradesh,2-Primary with Upper Primary,38-Pvt.Unaided,1 To 7,3-Co-educational,1-Rural,Amalapuram,Edarapalle,,,"NEAR EDARAPALLI ,AMALAPURAM",533201,,https://kys.udiseplus.gov.in/#/schooldetail/4721057/12,4721057,25/12/2025 21:34,2480
******90346 Operational,,NARAYANA HS (EM) AMALAPURAM,,,,Andhra Pradesh,6-Pr. Up Pr. and Secondary Only,38-Pvt.Unaided,1 To 10,3-Co-educational,2-Urban,NA,,Amalapuram Ward No. 23,Amalapuram-Municipality,NARAYANA SCHOOL BESIDE INDIAN BANK STREET AMALALPURAM EAST GODAVARI ANDHRA PRADESH,533201,amalapuram.etechno[at]narayanagroup[dot]com,https://kys.udiseplus.gov.in/#/schooldetail/4668788/12,4668788,25/12/2025 21:46,2480
******90941 Operational,,NARAYANA HS (EM) BRADIPETA,,,,Andhra Pradesh,7-Upper Pr. and Secondary,38-Pvt.Unaided,6 To 10,3-Co-educational,2-Urban,NA,,Ramachandrapuram (M) - Ward No.12,Ramachandrapuram-Municipality,20-4-10 RAMACHANDRAPURAM (VILL) RAMACHANDRAPURAM(VILL) RAMACHANDRAPURAM(MANDAL) EAST GODAVARI(DIST),533255,rcpuram.etechno[at]narayanagroup[dot]com,https://kys.udiseplus.gov.in/#/schooldetail/4667341/12,4667341,15/10/2020 12:18,2480
******90568 Operational,,NARAYANA HS (EM) IASHWARYA NAGER,,,,Andhra Pradesh,6-Pr. Up Pr. and Secondary Only,38-Pvt.Unaided,1 To 10,3-Co-educational,2-Urban,NA,,Mandapeta Ward No.2,Mandapeta-Municipality,4-19-59 JONNALAABBULU BUILDING MANDAPETA,533308,mandapeta.etechno[at]narayangroup[dot]com,https://kys.udiseplus.gov.in/#/schooldetail/4666739/12,4666739,22/12/2025 11:40,2480
******00252 Operational,,NARAYANA HS (EM) RAVULAPALEM,,,,Andhra Pradesh,6-Pr. Up Pr. and Secondary Only,38-Pvt.Unaided,1 To 10,3-Co-educational,1-Rural,Ravulapalem,Ravulapalem,,,LnVenkata Reddy villas D no 8-931 Ravulapalem East godavari Andhrapradesh,533238,ravulapalemnets.narayanagroup[at]gmail[dot]com,https://kys.udiseplus.gov.in/#/schooldetail/4667691/12,4667691,21/04/2023 15:31,2480
******00517 Operational,,NARAYANA HS (EM) SIVAKODU,,,,Andhra Pradesh,6-Pr. Up Pr. and Secondary Only,38-Pvt.Unaided,1 To 10,3-Co-educational,1-Rural,Razole,Sivakodu,,,SIVAKODURAZOLEEAST GODAVARI533244,533244,razolenarayana[at]gmail[dot]com,https://kys.udiseplus.gov.in/#/schooldetail/4669011/12,4669011,21/04/2023 15:31,2480
******90576 Permanently Closed,,NARAYANA JR COLLEGE,,,,Andhra Pradesh,11-Higher Secondary only/Jr. College,38-Pvt.Unaided,11 To 12,3-Co-educational,2-Urban,NA,,Mandapeta Ward No.2,Mandapeta-Municipality,NA,533005,,https://kys.udiseplus.gov.in/#/schooldetail/4714847/12,4714847,15/10/2020 12:18,2480
******00828 Operational,,NARAYANA JUNIOR COLLEGE,,,,Andhra Pradesh,11-Higher Secondary only/Jr. College,38-Pvt.Unaided,11 To 12,3-Co-educational,1-Rural,Amalapuram,Edarapalle,,,"EDARAPALLI, AMALAPURAM",533201,apamalapuram1484[at]gmail[dot]com,https://kys.udiseplus.gov.in/#/schooldetail/4721261/12,4721261,25/12/2025 21:35,2480
******90922 Operational,,NARAYANA PS (EM) BRADIPETA,,,,Andhra Pradesh,1-Primary,38-Pvt.Unaided,1 To 5,3-Co-educational,2-Urban,NA,,Ramachandrapuram (M) - Ward No.12,Ramachandrapuram-Municipality,20-4-10 RAMACHANDRAPURAM (VILL) RAMACHANDRAPURAM(VILL) RAMACHANDRAPURAM(MANDAL) EAST GODAVARI(DIST),533255,rcpuram.etechno[at]narayanagroup[dot]com,https://kys.udiseplus.gov.in/#/schooldetail/4666913/12,4666913,21/04/2023 15:31,2480
******00204 Operational,,NARAYANA VOCATIONAL JUNIOR COLLEGE,,,,Andhra Pradesh,11-Higher Secondary only/Jr. College,38-Pvt.Unaided,11 To 12,3-Co-educational,1-Rural,Malikipuram,Malikipuram,,,"GUDIMELLANKA, MALIKIPURAM MADAL",533253,meo.malikipuram[at]gmail[dot]com,https://kys.udiseplus.gov.in/#/schooldetail/4719929/12,4719929,17/02/2026 11:15,2480
******90142 Permanently Closed,,NCUM AIDED UPS RAVULACHERUVU,,,,Andhra Pradesh,2-Primary with Upper Primary,35-Pvt.Aided,1 To 7,3-Co-educational,2-Urban,NA,,Amalapuram (M) - Ward No.1,Amalapuram-Municipality,NA,533201,,https://kys.udiseplus.gov.in/#/schooldetail/4715004/12,4715004,15/10/2020 12:18,2480
******90147 Operational,,NEHRU CENTENERY UPS (EM) MOBERLYPET,,,,Andhra Pradesh,2-Primary with Upper Primary,38-Pvt.Unaided,1 To 7,3-Co-educational,2-Urban,NA,,Amalapuram (M) - Ward No.6,Amalapuram-Municipality,MOBERLYPET AMALAPURAM(VILL) AMALAPURAM(VILL) AMALAPURAM(MANDAL) EAST GODAVARI(DIST),533201,nehrucentenary25[at]gmail[dot]com,https://kys.udiseplus.gov.in/#/schooldetail/4668272/12,4668272,26/12/2025 11:20,2480
******01117 Operational,,NEHRU PS (EM) KANDIKUPPA,,,,Andhra Pradesh,1-Primary,38-Pvt.Unaided,1 To 5,3-Co-educational,1-Rural,Katrenikona,Kandikuppa,,,KANDIKUPPA KANDIKUPPA(VILL) KANDIKUPPA(VILL) KATRENIKONA(MANDAL) EAST GODAVARI(DIST),533212,suryateja133c2[at]gmail[dot]com,https://kys.udiseplus.gov.in/#/schooldetail/4668490/12,4668490,21/04/2023 15:31,2480
******01133 Operational,,NETAJI UPS (EM) CHEMUDU LANKA,,,,Andhra Pradesh,2-Primary with Upper Primary,38-Pvt.Unaided,1 To 8,3-Co-educational,1-Rural,Alamuru,Chemudu Lanka,,,CHEMUDULANKA ALAMURU EAST GODAVARI 533234,533234,netajichemudulanka[at]gmail[dot]com,https://kys.udiseplus.gov.in/#/schooldetail/4667567/12,4667567,24/12/2025 11:40,2480
******01256 Operational,,"NEXZEN EM UPPER PRIMARY SCHOOL, TATIPAKA",,,,Andhra Pradesh,2-Primary with Upper Primary,38-Pvt.Unaided,1 To 7,3-Co-educational,1-Rural,Razole,Thatipaka,,,"NEXZEN EM UPPER PRIMARY SCHOOL, OPPOSITE SOMISETTI LAND MARK TATIPAKA,",533249,nexzenschool2024[at]gmail[dot]com,https://kys.udiseplus.gov.in/#/schooldetail/4721700/12,4721700,27/07/2024 17:04,2480
******00803 Operational,,NIRMAL UPS (EM) ANGARA,,,,Andhra Pradesh,2-Primary with Upper Primary,38-Pvt.Unaided,1 To 7,3-Co-educational,1-Rural,Kapileswarapuram,Angara,,,ANGARA ANGARA (VILL) ANGARA(VILL) KAPILESWARAPURAM(MANDAL) EAST GODAVARI(DIST),533307,,https://kys.udiseplus.gov.in/#/schooldetail/4667460/12,4667460,21/04/2023 15:31,2480
******00231 Closed,Closed,NOBLE HS (EM) SAKINETIPALLI,,,,Andhra Pradesh,4-Upper Primary only,38-Pvt.Unaided,6 To 8,3-Co-educational,1-Rural,Sakhinetipalle,Sakhinetipalle,,,SAKINETIPALLI SAKINETIPALLE(VILL) SAKINETIPALLE(VILL) SAKHINETIPALLI(MANDAL) EAST GODAVARI(DIST),533251,prasadnoble123[at]gmail[dot]com,https://kys.udiseplus.gov.in/#/schooldetail/4669202/12,4669202,12/05/2022 11:52,2480
******00222 Closed,Closed,NOBLE PS (EM) SAKINETIPALLI,,,,Andhra Pradesh,1-Primary,38-Pvt.Unaided,1 To 5,3-Co-educational,1-Rural,Sakhinetipalle,Sakhinetipalle,,,SAKINETIPALLE(WHITE HOUSEPETA) SAKINETIPALLE(VILL) SAKINETIPALLE(VILL) SAKHINETIPALLI(MANDAL) EAST GODAVARI(DIST),533251,narendraprasanthi[at]gmail[dot]com,https://kys.udiseplus.gov.in/#/schooldetail/4669194/12,4669194,11/05/2022 15:02,2480
******01011 Operational,,NOBLE UPS (EM) TAPESWARAM,,,,Andhra Pradesh,2-Primary with Upper Primary,38-Pvt.Unaided,1 To 7,3-Co-educational,1-Rural,Mandapeta,Tapeswaram,,,TAPESWARAM TAPESWARAM(VILL) TAPESWARAM(VILL) MANDAPETA(MANDAL) EAST GODAVARI(DIST),533340,nobelschooltapaeswaram[at]gmail[dot]com,https://kys.udiseplus.gov.in/#/schooldetail/4666670/12,4666670,31/12/2025 16:43,2480
******00430 Operational,,OASIS EM SCHOOL,,,,Andhra Pradesh,2-Primary with Upper Primary,38-Pvt.Unaided,1 To 7,3-Co-educational,1-Rural,Razole,Razole,,,"Dr.K.T. RAJARAO STREET, RAZOLE MANDAL,RAZOLE",533242,Oasisrazole[at]gmail[dot]com,https://kys.udiseplus.gov.in/#/schooldetail/4721090/12,4721090,30/09/2024 11:18,2480
******00706 Operational,,OME SRI DATTATHREYA EM PRIMARY SCHOOL,,,,Andhra Pradesh,1-Primary,38-Pvt.Unaided,1 To 5,3-Co-educational,1-Rural,Ravulapalem,Ithakota,,,RAVULAPALEM,533238,osdethakota[at]gmail[dot]com,https://kys.udiseplus.gov.in/#/schooldetail/4667725/12,4667725,21/04/2023 15:31,2480
******00219 Closed,Closed,OSD TREYA UPS (EM) RAVULAPALEM,,,,Andhra Pradesh,2-Primary with Upper Primary,38-Pvt.Unaided,1 To 7,3-Co-educational,1-Rural,Ravulapalem,Ravulapalem,,,RAVULAPALEM RAVULAPALEM(VILL) RAVULAPALEM(VILL) RAVULAPALEM(MANDAL) EAST GODAVARI(DIST),533238,,https://kys.udiseplus.gov.in/#/schooldetail/4667674/12,4667674,15/10/2020 12:18,2480
******00348 Operational,,OXFORD HS (EM) KOTHAPETA,,,,Andhra Pradesh,7-Upper Pr. and Secondary,38-Pvt.Unaided,6 To 10,3-Co-educational,1-Rural,Kothapeta,Kothapeta,,,Bodepalem Road Kothapeta,533223,oxfordconceptschool[at]gmail[dot]com,https://kys.udiseplus.gov.in/#/schooldetail/4667867/12,4667867,16/07/2024 12:03,2480
******00413 Operational,,OXFORD KENNEDY CONVENT HS (EM) RAJULAPALEM,,,,Andhra Pradesh,7-Upper Pr. and Secondary,38-Pvt.Unaided,6 To 10,3-Co-educational,1-Rural,P.Gannavaram,Narendrapuram,,,RAJULAPALEM NARENDRAPURAM (VILL) NARENDRAPURAM(VILL) P.GANNAVARAM(MANDAL) EAST GODAVARI(DIST),533229,oxfordkennedyschol1[at]gmail[dot]com,https://kys.udiseplus.gov.in/#/schooldetail/4667968/12,4667968,08/05/2022 21:21,2480
******00411 Operational,,OXFORD KENNEDY PS (EM) RAJULAPALEM,,,,Andhra Pradesh,1-Primary,38-Pvt.Unaided,1 To 5,3-Co-educational,1-Rural,P.Gannavaram,Narendrapuram,,,RAJULAPALEM NARENDRAPURAM (VILL) NARENDRAPURAM(VILL) P.GANNAVARAM(MANDAL) EAST GODAVARI(DIST),533229,oxfordkennedyschool1[at]gmail[dot]com,https://kys.udiseplus.gov.in/#/schooldetail/4667966/12,4667966,21/04/2023 15:31,2480
******00345 Operational,,OXFORD PS (EM) KOTHAPETA,,,,Andhra Pradesh,1-Primary,38-Pvt.Unaided,1 To 5,3-Co-educational,1-Rural,Kothapeta,Kothapeta,,,KOTHA PETA KOTHA PETA(VILL) KOTHAPETA(VILL) KOTHAPETA(MANDAL) EAST GODAVARI(DIST),533223,oxfordconceptschool[at]gmail[dot]com,https://kys.udiseplus.gov.in/#/schooldetail/4667864/12,4667864,21/04/2023 15:31,2480
******01707 Closed,Closed,OXFORD UP EM THOTAPETA DRAKSHARAMA,,,,Andhra Pradesh,2-Primary with Upper Primary,38-Pvt.Unaided,1 To 7,3-Co-educational,1-Rural,Ramachandrapuram,Thotapeta,,,THOTAPETA RAMACHANDRAPURAM,533262,svjuniorcollege03266[at]gmail[dot]com,https://kys.udiseplus.gov.in/#/schooldetail/4667284/12,4667284,26/09/2024 12:14,2480
******00215 Operational,,PADMAJA UPS (EM) BHEEMANAPALLI,,,,Andhra Pradesh,2-Primary with Upper Primary,38-Pvt.Unaided,1 To 7,3-Co-educational,1-Rural,Uppalaguptam,Bheemanapalle,,,BHEEMANAPALLI BHEEMANAPALLI(VILL) BHEEMANAPALLI(VILL) UPPALAGUPTAM(MANDAL) EAST GODAVARI(DIST),533222,tsr466[at]gmail[dot]com,https://kys.udiseplus.gov.in/#/schooldetail/4668536/12,4668536,07/01/2026 08:44,2480
******00605 Operational,,PARAMJYOTI SCHOOL,,,,Andhra Pradesh,6-Pr. Up Pr. and Secondary Only,40-Pvt.Unaided (ICSE Syllabus),1 To 10,3-Co-educational,1-Rural,Amalapuram,Kamanagaruvu,,,Near Red Bridge amalapuram,533201,office[at]paramjyotischools[dot]in,https://kys.udiseplus.gov.in/#/schooldetail/4668640/12,4668640,23/12/2025 15:51,2480
******90168 Permanently Closed,,PARMJOYTHI HS (EM) AMALAPURAM,,,,Andhra Pradesh,6-Pr. Up Pr. and Secondary Only,40-Pvt.Unaided (ICSE Syllabus),1 To 10,3-Co-educational,1-Rural,Amalapuram,Kamanagaruvu,,,NA,533201,,https://kys.udiseplus.gov.in/#/schooldetail/4668735/12,4668735,15/10/2020 12:18,2480
******90167 Permanently Closed,,PARMJOYTHI HS (EM) KAMANAGARUVU,,,,Andhra Pradesh,7-Upper Pr. and Secondary,38-Pvt.Unaided,6 To 10,3-Co-educational,1-Rural,Amalapuram,Kamanagaruvu,,,NA,533201,,https://kys.udiseplus.gov.in/#/schooldetail/4715008/12,4715008,15/10/2020 12:18,2480
******00409 Permanently Closed,,PASALAPUDI PS (EM) PASALAPUDI,,,,Andhra Pradesh,1-Primary,38-Pvt.Unaided,1 To 5,3-Co-educational,1-Rural,Rayavaram,Pasalapudi,,,NA,533261,,https://kys.udiseplus.gov.in/#/schooldetail/4667400/12,4667400,15/10/2020 12:18,2480
******00308 Permanently Closed,,PHILIP UPS (EM) KOMARAJULANKA,,,,Andhra Pradesh,2-Primary with Upper Primary,38-Pvt.Unaided,1 To 5,3-Co-educational,1-Rural,Ravulapalem,Komaraju Lanka,,,NA,533238,,https://kys.udiseplus.gov.in/#/schooldetail/4714933/12,4714933,15/10/2020 12:18,2480
******00411 Operational,,PRABHODHA UPS (EM) PASALAPUDI,,,,Andhra Pradesh,2-Primary with Upper Primary,38-Pvt.Unaided,1 To 7,3-Co-educational,1-Rural,Rayavaram,Pasalapudi,,,PASALAPUDI PASALAPUDI (VILL) PASALAPUDI(VILL) RAYAVARAM(MANDAL) EAST GODAVARI(DIST),533261,pvnpsp[at]gmail[dot]com,https://kys.udiseplus.gov.in/#/schooldetail/4667401/12,4667401,21/04/2023 15:31,2480
******00709 Operational,,"PRAGATHI EM UPS, CHELLURU",,,,Andhra Pradesh,2-Primary with Upper Primary,38-Pvt.Unaided,1 To 7,3-Co-educational,1-Rural,Rayavaram,Chelluru,,,CHELLURU CHELLURU(VILL) CHELLURU(VILL) RAYAVARM(MANDAL) EAST GODAVARI(DIST),533261,pragathirams666[at]gmail[dot]com,https://kys.udiseplus.gov.in/#/schooldetail/4667431/12,4667431,21/04/2023 15:31,2480
******00510 Operational,,PRAGATHI HS (EM) AINAVILLI,,,,Andhra Pradesh,7-Upper Pr. and Secondary,38-Pvt.Unaided,6 To 10,3-Co-educational,1-Rural,Ainavilli,Ainavilli,,,AINAVILLI AINAVILLI AINAVILLI(VILL) AINAVILLI(MANDAL) EAST GODAVARI(DIST),533211,pvidyanikethan[at]gmail[dot]com,https://kys.udiseplus.gov.in/#/schooldetail/4668146/12,4668146,19/07/2022 11:45,2480
******00241 Operational,,PRAGATHI HS (EM) RAVULAPALEM,,,,Andhra Pradesh,7-Upper Pr. and Secondary,38-Pvt.Unaided,6 To 10,3-Co-educational,1-Rural,Ravulapalem,Ravulapalem,,,D NO 240/9 RAVULAPALEM RAVULAPALEM (VILL) RAVULAPALEM(VILL) RAVULAPALEM(MANDAL) EAST GODAVARI(DIST),533238,pemsrvp[at]gmail[dot]com,https://kys.udiseplus.gov.in/#/schooldetail/4667253/12,4667253,15/10/2020 12:18,2480
******01005 Operational,,PRAGATHI HS (EM) TEKI,,,,Andhra Pradesh,7-Upper Pr. and Secondary,38-Pvt.Unaided,6 To 10,3-Co-educational,1-Rural,Kapileswarapuram,Teki,,,TEKI(VILL) KAPILESWARAPURAM(MANDAL) EAST GODAVARI(DIST),533307,pragathinekkanti[at]gmail[dot]com,https://kys.udiseplus.gov.in/#/schooldetail/4667474/12,4667474,15/10/2020 12:18,2480
******00507 Operational,,PRAGATHI PS (EM) AINAVILLI,,,,Andhra Pradesh,1-Primary,38-Pvt.Unaided,1 To 5,3-Co-educational,1-Rural,Ainavilli,Ainavilli,,,AINAVILLI AINAVILLI AINAVILLI(VILL) AINAVILLI(MANDAL) EAST GODAVARI(DIST),533211,pvidyanikethan[at]gmail[dot]com,https://kys.udiseplus.gov.in/#/schooldetail/4668144/12,4668144,21/04/2023 15:31,2480
******00235 Operational,,PRAGATHI PS (EM) RAVULAPALEM,,,,Andhra Pradesh,1-Primary,38-Pvt.Unaided,1 To 5,3-Co-educational,1-Rural,Ravulapalem,Ravulapalem,,,DNO 240/9 RAVULAPALEM RAVULAPALEM (VILL) RAVULAPALEM(VILL) RAVULAPALEM(MANDAL) EAST GODAVARI(DIST),533238,plps.rvp[at]gmail[dot]com,https://kys.udiseplus.gov.in/#/schooldetail/4667680/12,4667680,21/04/2023 15:31,2480
******01003 Operational,,PRAGATHI PS (EM) TEKI,,,,Andhra Pradesh,1-Primary,38-Pvt.Unaided,1 To 5,3-Co-educational,1-Rural,Kapileswarapuram,Teki,,,TEKI(VILL) KAPILESWARAPURAM(MANDAL) EAST GODAVARI(DIST),533307,-pragathi.nekkanti[at]gmail[dot]com,https://kys.udiseplus.gov.in/#/schooldetail/4667472/12,4667472,21/04/2023 15:31,2480
******00613 Operational,,PRAGATHI SCHOOL LAKKAVARAM,,,,Andhra Pradesh,2-Primary with Upper Primary,38-Pvt.Unaided,1 To 7,3-Co-educational,1-Rural,Malikipuram,Lakkavaram,,,LAKKAVARAM LAKKAVARAM (VILL) LAKKAVARAM(VILL) MALIKIPURAM(MANDAL) EAST GODAVARI(DIST),533254,balajigodi[at]gmail[dot]com,https://kys.udiseplus.gov.in/#/schooldetail/4669113/12,4669113,21/04/2023 15:31,2480
******90967 Operational,,PRAGATI UPS (EM) RCPURAM,,,,Andhra Pradesh,2-Primary with Upper Primary,38-Pvt.Unaided,1 To 7,3-Co-educational,2-Urban,NA,,Ramachandrapuram (M) - Ward No.22,Ramachandrapuram-Municipality,CHALLAVARI STREET RAMACHANDRAPURAM RAMACHANDRAPURAM(VILL) RAMACHANDRAPURAM(MANDAL) EAST GODAVARI(DIST),533255,pragathirams999[at]gmail[dot]com,https://kys.udiseplus.gov.in/#/schooldetail/4667350/12,4667350,21/04/2023 15:31,2480
******00304 Operational,,"PRAJNA EM SCHOOL, KATRENIKONA",,,,Andhra Pradesh,2-Primary with Upper Primary,38-Pvt.Unaided,1 To 7,3-Co-educational,1-Rural,Katrenikona,Penuwalla,,,PRAJNA PRIMARY EM SCHOOL,533222,venkateswararaotarapatla9[at]gmail[dot]com,https://kys.udiseplus.gov.in/#/schooldetail/4668436/12,4668436,28/06/2025 20:18,2480
******00809 Operational,,PRAJNA UPS (EM) IPOLAVARAM,,,,Andhra Pradesh,2-Primary with Upper Primary,38-Pvt.Unaided,1 To 7,3-Co-educational,1-Rural,I. Polavaram,I. Polavaram,,,I.POLAVARAM I. POLAVARAM (VILL) I. POLAVARAM(VILL) I.POLAVARAM(MANDAL) EAST GODAVARI(DIST),533220,morthadharmaraj117[at]gmal[dot]com,https://kys.udiseplus.gov.in/#/schooldetail/4668386/12,4668386,27/01/2023 14:18,2480
******01505 Permanently Closed,,PRASANTHI CONCEPT SCHOOL,,,,Andhra Pradesh,1-Primary,61-Unrecognised Schools,1 To 5,3-Co-educational,1-Rural,Ainavilli,K. Jagannadhapuram,,,NA,533211,,https://kys.udiseplus.gov.in/#/schooldetail/4714970/12,4714970,15/10/2020 12:18,2480
******01302 Operational,,PRATHIBHA (EM) PRIMARY SCHOOL KATHARALANKA,,,,Andhra Pradesh,1-Primary,38-Pvt.Unaided,1 To 5,3-Co-educational,1-Rural,P.Gannavaram,Katharlanka,,,KATHARLANKA KATHARLANKA (VILL) KATHARLANKA(VILL) P.GANNAVARAM(MANDAL) EAST GODAVARI(DIST) 533214,533214,venuadbala18[at]gmil[dot]com,https://kys.udiseplus.gov.in/#/schooldetail/4668018/12,4668018,22/07/2024 13:00,2480
******00810 Operational,,PRATHIBHA HIGH SCHOOL (EM) KESANAKURRUPALEM,,,,Andhra Pradesh,7-Upper Pr. and Secondary,38-Pvt.Unaided,6 To 10,3-Co-educational,1-Rural,I. Polavaram,Kesanakurru,,,KESANAKURRU I POLAVARAM MANDAL EAST GODAVARI 533220,533220,prathibhakkp999[at]gmail[dot]com,https://kys.udiseplus.gov.in/#/schooldetail/4668387/12,4668387,23/07/2024 14:20,2480
******01020 Operational,,PRATHIBHA PRIMARY EM SCHOOL KESANAKURRUPALEM,,,,Andhra Pradesh,1-Primary,38-Pvt.Unaided,1 To 5,3-Co-educational,1-Rural,I. Polavaram,Kesanakurru,,,KESSANAKURRUPALEM KESANAKURRU(VILL) I.POLAVARAM(MANDAL) EAST GODAVARI(DIST)533220,533220,prathibhakkp999[at]gmail[dot]com,https://kys.udiseplus.gov.in/#/schooldetail/4668418/12,4668418,22/07/2024 13:04,2480
******01621 Permanently Closed,,PRATHIBHA UPS (EM) DRAKSHARAMA,,,,Andhra Pradesh,2-Primary with Upper Primary,38-Pvt.Unaided,1 To 7,3-Co-educational,1-Rural,Ramachandrapuram,Draksharama,,,NA,533262,,https://kys.udiseplus.gov.in/#/schooldetail/4714900/12,4714900,15/10/2020 12:18,2480
******00309 Permanently Closed,,PRATHIBHA (VOC) JR COLLEGE,,,,Andhra Pradesh,11-Higher Secondary only/Jr. College,38-Pvt.Unaided,11 To 12,3-Co-educational,1-Rural,Ambajipeta,Mukkamala,,,NA,533241,,https://kys.udiseplus.gov.in/#/schooldetail/4714956/12,4714956,15/10/2020 12:18,2480
******00912 Permanently Closed,,PRATHIBHA (VOC) JR COLLEGE,,,,Andhra Pradesh,11-Higher Secondary only/Jr. College,38-Pvt.Unaided,11 To 12,3-Co-educational,1-Rural,Mummidivaram,Ananthavaram,,,NA,533222,,https://kys.udiseplus.gov.in/#/schooldetail/4714980/12,4714980,15/10/2020 12:18,2480
******00342 Operational,,PRAZNA HS (EM) KOTHAPETA,,,,Andhra Pradesh,7-Upper Pr. and Secondary,38-Pvt.Unaided,6 To 10,3-Co-educational,1-Rural,Kothapeta,Kothapeta,,,kothapeta konaseema district kothapeta,533223,prajna.kpt[at]gmail[dot]com,https://kys.udiseplus.gov.in/#/schooldetail/4667861/12,4667861,19/12/2023 11:36,2480
******00343 Operational,,PRAZNA PS (EM) KOTHAPETA,,,,Andhra Pradesh,1-Primary,38-Pvt.Unaided,1 To 5,3-Co-educational,1-Rural,Kothapeta,Kothapeta,,,kothapeta konaseema district kothapeta,533223,prajna.kpt[at]gmail[dot]com,https://kys.udiseplus.gov.in/#/schooldetail/4667862/12,4667862,19/12/2023 12:11,2480
******90211 Operational,,PRSBG ZPHS BANDARULANKA,,,,Andhra Pradesh,6-Pr. Up Pr. and Secondary Only,33-MPP_ZPP SCHOOLS,1 To 10,3-Co-educational,1-Rural,Amalapuram,Bandarulanka,,,BANDARULANKA(VILL) AMALAPURAM(MANDAL) Dr.B.R.Ambedkar KONASEEMA(DIST),533221,zphs.bandarulanka[at]gmail[dot]com,https://kys.udiseplus.gov.in/#/schooldetail/4668757/12,4668757,21/12/2025 23:00,2480
******90530 Operational,,PS CM ZPHS (G) MANDAPETA,,,,Andhra Pradesh,7-Upper Pr. and Secondary,33-MPP_ZPP SCHOOLS,6 To 10,3-Co-educational,2-Urban,NA,,Mandapeta Ward No.9,Mandapeta-Municipality,09th WARD MANDAPETA (VILL) MANDAPETA(VILL) MANDAPETA(MANDAL) EAST GODAVARI(DIST),533308,zpghs.mandaptea[at]gmail[dot]com,https://kys.udiseplus.gov.in/#/schooldetail/4666712/12,4666712,31/12/2025 16:39,2480
******01210 Operational,,RAMANUJAN.UPS (EM) KAPILESWARAPURAM,,,,Andhra Pradesh,2-Primary with Upper Primary,38-Pvt.Unaided,1 To 7,3-Co-educational,1-Rural,Kapileswarapuram,Kapileswarapuram,,,KAPILESWARAPURAM KAPILESWARAPURAM (VILL) KAPILESWARAPURAM(VILL) KAPILESWARAPURAM(MANDAL) EAST GODAVARI(DIST),533309,,https://kys.udiseplus.gov.in/#/schooldetail/4667487/12,4667487,21/04/2023 15:31,2480
******00608 Sanctioned but not Operational,,RATNA AIDED PS MORI,,,,Andhra Pradesh,1-Primary,35-Pvt.Aided,1 To 5,3-Co-educational,1-Rural,Sakhinetipalle,Mori,,,MORI MORI (VILL) MORI(VILL) SAKHINETIPALLI(MANDAL) EAST GODAVARI(DIST),533250,,https://kys.udiseplus.gov.in/#/schooldetail/4669238/12,4669238,11/05/2022 15:02,2480
******90124 Operational,,RAVEENDRA PS(EM-TM) (B) AGRAHARAM,,,,Andhra Pradesh,1-Primary,38-Pvt.Unaided,1 To 5,3-Co-educational,2-Urban,NA,,Amalapuram Ward No. 17,Amalapuram-Municipality,VADDIGUDEM AMALAPURAM,533201,raveendra233[at]gmail[dot]com,https://kys.udiseplus.gov.in/#/schooldetail/4668714/12,4668714,23/12/2025 16:51,2480
******90161 Operational,,RAVENDRA HS (EM) (B) AGRAHARAM,,,,Andhra Pradesh,7-Upper Pr. and Secondary,38-Pvt.Unaided,6 To 10,3-Co-educational,2-Urban,NA,,Amalapuram Ward No. 17,Amalapuram-Municipality,vaddigudem street amalapuram,533201,raveendra233[at]gmail[dot]com,https://kys.udiseplus.gov.in/#/schooldetail/4668731/12,4668731,25/12/2025 20:38,2480
******90980 Closed,Closed,RAVINDRA BHARATHI EM HS RAMACHANDRAPURAM,,,,Andhra Pradesh,7-Upper Pr. and Secondary,38-Pvt.Unaided,6 To 10,3-Co-educational,2-Urban,NA,,Ramachandrapuram (M) - Ward No.12,Ramachandrapuram-Municipality,RAMACHANDRAPURAM RAMACHANDRAPURAM RAMACHANDRAPURAM(VILL) RAMACHANDRAPURAM(MANDAL) EAST GODAVARI(DIST),533255,,https://kys.udiseplus.gov.in/#/schooldetail/4666945/12,4666945,11/05/2022 14:25,2480
******90979 Closed,Closed,RAVINDRA BHARATHI EM PS RAMACHANDRAPURAM,,,,Andhra Pradesh,1-Primary,38-Pvt.Unaided,1 To 5,3-Co-educational,2-Urban,NA,,Ramachandrapuram (M) - Ward No.12,Ramachandrapuram-Municipality,RAMACHANDRAPURAM RAMACHANDRAPURAM RAMACHANDRAPURAM(VILL) RAMACHANDRAPURAM(MANDAL) EAST GODAVARI(DIST),533255,,https://kys.udiseplus.gov.in/#/schooldetail/4667362/12,4667362,11/05/2022 14:25,2480
******90314 Closed,Closed,RAVINDRA BHARATHI HS (EM) AMALAPURAM,,,,Andhra Pradesh,7-Upper Pr. and Secondary,38-Pvt.Unaided,6 To 10,3-Co-educational,2-Urban,NA,,Amalapuram Ward No. 15,Amalapuram-Municipality,AMALAPURAM AMALAPURAM AMALAPURAM AMALAPURAM EAST GODAVARI DIST,533201,rbsamalapuram[at]gmail[dot]com,https://kys.udiseplus.gov.in/#/schooldetail/4668768/12,4668768,30/01/2023 17:27,2480
******00250 Permanently Closed,,RAVINDRA BHARATHI HS (EM) RAVULAPALEM,,,,Andhra Pradesh,7-Upper Pr. and Secondary,38-Pvt.Unaided,6 To 10,3-Co-educational,1-Rural,Ravulapalem,Ravulapalem,,,NA,533238,,https://kys.udiseplus.gov.in/#/schooldetail/4667689/12,4667689,15/10/2020 12:18,2480
******90315 Closed,Closed,RAVINDRA BHARATHI PS (EM) AMALAPURAM,,,,Andhra Pradesh,1-Primary,38-Pvt.Unaided,1 To 5,3-Co-educational,2-Urban,NA,,Amalapuram Ward No. 15,Amalapuram-Municipality,AMALAPURAM AMALAPURAM AMALAPURAM AMALAPURAM EAST GODAVARI DIST,533201,rvsamalapuram[at]gmail[dot]com,https://kys.udiseplus.gov.in/#/schooldetail/4668769/12,4668769,30/01/2023 17:22,2480
******00249 Permanently Closed,,RAVINDRABHARATHI PS (EM) RAVULAPALEM,,,,Andhra Pradesh,1-Primary,38-Pvt.Unaided,1 To 5,3-Co-educational,1-Rural,Ravulapalem,Ravulapalem,,,NA,533238,,https://kys.udiseplus.gov.in/#/schooldetail/4667688/12,4667688,15/10/2020 12:18,2480
******90992 Permanently Closed,,RAVINDRA BHARATHI VIDYALAYAM HS (EM) MUTCHIMILLI ROAD,,,,Andhra Pradesh,7-Upper Pr. and Secondary,38-Pvt.Unaided,6 To 10,3-Co-educational,2-Urban,NA,,Ramachandrapuram (M) - Ward No.15,Ramachandrapuram-Municipality,NA,533255,,https://kys.udiseplus.gov.in/#/schooldetail/4714909/12,4714909,15/10/2020 12:18,2480
******90929 Closed,Closed,RAVINDRA BHARATHI VIDYALAYAM PS (EM) MUTCHIMILLI ROAD,,,,Andhra Pradesh,1-Primary,38-Pvt.Unaided,1 To 5,3-Co-educational,2-Urban,NA,,Ramachandrapuram (M) - Ward No.15,Ramachandrapuram-Municipality,15th WARD RAMACHANDRAPURAM (VILL) RAMACHANDRAPURAM(VILL) RAMACHANDRAPURAM(MANDAL) EAST GODAVARI(DIST),533255,,https://kys.udiseplus.gov.in/#/schooldetail/4667331/12,4667331,15/10/2020 12:18,2480
******00204 Operational,,"RAVINDRA EM SCHOOL, MADIKI",,,,Andhra Pradesh,6-Pr. Up Pr. and Secondary Only,38-Pvt.Unaided,1 To 10,3-Co-educational,1-Rural,Alamuru,Madiki,,,MAIN ROAD MADIKI,533126,ravindraenglishmediumschool[at]gmail[dot]com,https://kys.udiseplus.gov.in/#/schooldetail/4667512/12,4667512,01/07/2024 15:45,2480
******00744 Operational,,RAVINDRA HS (EM) MUMMIDIVARAM,,,,Andhra Pradesh,7-Upper Pr. and Secondary,38-Pvt.Unaided,6 To 10,3-Co-educational,2-Urban,NA,,Mummidivaram Ward No.5,Mummidivaram-Town Panchayat,TILLAMMA CHERUVUPETA,533216,ravindrahs9[at]gmail[dot]com,https://kys.udiseplus.gov.in/#/schooldetail/4668281/12,4668281,15/10/2020 12:18,2480
******00729 Permanently Closed,,RAVINDRA HS (TM) MUMMIDIVARAM,,,,Andhra Pradesh,7-Upper Pr. and Secondary,38-Pvt.Unaided,6 To 10,3-Co-educational,2-Urban,NA,,Mummidivaram Ward No.5,Mummidivaram-Town Panchayat,NA,533216,,https://kys.udiseplus.gov.in/#/schooldetail/4714974/12,4714974,15/10/2020 12:18,2480
******00737 Operational,,RAVINDRA PS (EM) GOLLALAVEEDHI,,,,Andhra Pradesh,1-Primary,38-Pvt.Unaided,1 To 5,3-Co-educational,2-Urban,NA,,Mummidivaram Ward No.5,Mummidivaram-Town Panchayat,TILLAMMA CHERUVU PETAMMIDIVARAM (VILL) MUMMIDIVARAM(VILL) MUMMIDIVARAM(MANDAL) EAST GODAVARI(DIST),533216,ravindrapshs[at]gmail[dot]com,https://kys.udiseplus.gov.in/#/schooldetail/4668277/12,4668277,21/04/2023 15:31,2480
******00520 Permanently Closed,,RAVI TEJA JUNIOR COLLEGE,,,,Andhra Pradesh,11-Higher Secondary only/Jr. College,38-Pvt.Unaided,11 To 12,3-Co-educational,1-Rural,Mamidikuduru,Mamidikuduru,,,899 nagaram,533308,srianitha[at]gmail[dot]com,https://kys.udiseplus.gov.in/#/schooldetail/4718842/12,4718842,19/07/2023 22:14,2480
******00612 Operational,,RIVER SIDE HS (EM) MORI,,,,Andhra Pradesh,7-Upper Pr. and Secondary,38-Pvt.Unaided,6 To 10,3-Co-educational,1-Rural,Sakhinetipalle,Mori,,,MORI MORI (VILL) MORI(VILL) SAKHINETIPALLI(MANDAL) EAST GODAVARI(DIST),533250,riversidekishore[at]gmail[dot]com,https://kys.udiseplus.gov.in/#/schooldetail/4669242/12,4669242,15/10/2020 12:18,2480
******00609 Operational,,RIVER SIDE PS (EM) MORI,,,,Andhra Pradesh,1-Primary,38-Pvt.Unaided,1 To 5,3-Co-educational,1-Rural,Sakhinetipalle,Mori,,,MORI (VILL) SAKHINETIPALLI(MANDAL)KONASEEMA,533250,riversidekishore[at]gmail[dot]com,https://kys.udiseplus.gov.in/#/schooldetail/4669239/12,4669239,08/05/2023 22:15,2480
******00305 Closed,Closed,RIYAZUL ULOOM,,,,Andhra Pradesh,2-Primary with Upper Primary,98-Madarsa Unrecognized,1 To 8,3-Co-educational,1-Rural,Ravulapalem,Komaraju Lanka,,,KOMARAJULANKA,533238,hafiz.shaikazhar[at]gmail[dot]com,https://kys.udiseplus.gov.in/#/schooldetail/4667699/12,4667699,11/05/2022 13:03,2480
******00913 Operational,,ROHINI VN UPS (EM) UPPALAGUPTAM,,,,Andhra Pradesh,2-Primary with Upper Primary,38-Pvt.Unaided,1 To 7,3-Co-educational,1-Rural,Uppalaguptam,Uppalaguptam,,,UPPALAGUPTAM UPPALAGUPTAM (VILL) UPPALAGUPTAM(VILL) UPPALAGUPTAM(MANDAL) EAST GODAVARI(DIST),533222,,https://kys.udiseplus.gov.in/#/schooldetail/4668569/12,4668569,07/01/2026 08:56,2480
******01509 Operational,,RZPHS RYALI,,,,Andhra Pradesh,5-Up. Pr. Secondary and Higher Sec,33-MPP_ZPP SCHOOLS,6 To 12,3-Co-educational,1-Rural,Atreyapuram,Ryali,,,DNO 8-114/AGUNNAMCHENU RYALI ATREYAPURAM MANDAL,533236,zphs.ryali[at]gmail[dot]com,https://kys.udiseplus.gov.in/#/schooldetail/4667645/12,4667645,27/01/2023 13:58,2480
******00414 Operational,,SAC UPS (EM) MALIKIPURAM,,,,Andhra Pradesh,2-Primary with Upper Primary,38-Pvt.Unaided,1 To 7,3-Co-educational,1-Rural,Malikipuram,Malikipuram,,,MALIKIPRUAM MALIKIPURAM(VILL) MALIKIPURAM(VILL) MALIKIPURAM(MANDAL) EAST GODAVARI(DIST),533253,meo.malikipuram[at]gmail[dot]com,https://kys.udiseplus.gov.in/#/schooldetail/4669086/12,4669086,24/12/2025 14:54,2480
******00232 Operational,,SAI GANESWARA HS (EM) SAKHINETIPALLI,,,,Andhra Pradesh,7-Upper Pr. and Secondary,38-Pvt.Unaided,6 To 10,3-Co-educational,1-Rural,Sakhinetipalle,Sakhinetipalle,,,SAKINETIPALLI SAKINETIPALLE(VILL) SAKINETIPALLE(VILL) SAKHINETIPALLI(MANDAL) EAST GODAVARI(DIST),533235,sgvnemschoolsakhinetipalli[at]gmail[dot]com,https://kys.udiseplus.gov.in/#/schooldetail/4669203/12,4669203,15/10/2020 12:18,2480
******00223 Operational,,SAI GANESWARA PS (EM) SAKHINETIPALLI,,,,Andhra Pradesh,1-Primary,38-Pvt.Unaided,1 To 5,3-Co-educational,1-Rural,Sakhinetipalle,Sakhinetipalle,,,SAKINETIPALLI SAKINETIPALLE(VILL) SAKINETIPALLE(VILL) SAKHINETIPALLI(MANDAL) EAST GODAVARI(DIST),533251,sgvnemschoolsakhinetipalli[at]gmail[dot]com,https://kys.udiseplus.gov.in/#/schooldetail/4669197/12,4669197,21/04/2023 15:31,2480
******01125 Operational,,SAI NATH HS (EM) MACHAVARAM,,,,Andhra Pradesh,7-Upper Pr. and Secondary,38-Pvt.Unaided,6 To 10,3-Co-educational,1-Rural,Ambajipeta,Machavaram,,,AMBAJIPETA MACHAVARAM MACHAVARAM(U)(VILL) AMBAJIPETA(MANDAL) EAST GODAVARI(DIST),533214,sainatheducare[at]gmail[dot]com,https://kys.udiseplus.gov.in/#/schooldetail/4668112/12,4668112,23/12/2025 17:18,2480
******01131 Operational,,SAI NATH PS (EM) MACHAVARAM,,,,Andhra Pradesh,1-Primary,38-Pvt.Unaided,1 To 5,3-Co-educational,1-Rural,Ambajipeta,Machavaram,,,MACHAVARAMAMBAJIPETA D NO 11-4 EAST GODAVARI 533214,533214,sainatheducare[at]gmail[dot]com,https://kys.udiseplus.gov.in/#/schooldetail/4667686/12,4667686,23/12/2025 17:19,2480
******01119 Permanently Closed,,SAI NATH UPS (EM) MACHAVARAM,,,,Andhra Pradesh,2-Primary with Upper Primary,38-Pvt.Unaided,1 To 7,3-Co-educational,1-Rural,Ambajipeta,Machavaram,,,NA,533214,,https://kys.udiseplus.gov.in/#/schooldetail/4714964/12,4714964,15/10/2020 12:18,2480
******01015 Closed,Closed,SAI RAM HS (EM) TAPESWARAM,,,,Andhra Pradesh,7-Upper Pr. and Secondary,38-Pvt.Unaided,6 To 10,3-Co-educational,1-Rural,Mandapeta,Tapeswaram,,,NEAR PETROL BUNK,533340,,https://kys.udiseplus.gov.in/#/schooldetail/4666672/12,4666672,15/10/2020 12:18,2480
******01408 Operational,,SAI RAM PS (EM) VILASA,,,,Andhra Pradesh,1-Primary,38-Pvt.Unaided,1 To 5,3-Co-educational,1-Rural,Ainavilli,Vilasa,,,VILASA VILASA VILASA(VILL) AINAVILLI(MANDAL) EAST GODAVARI(DIST),533577,ddevim20[at]gmail[dot]com,https://kys.udiseplus.gov.in/#/schooldetail/4668197/12,4668197,14/06/2023 22:05,2480
******00207 Operational,,SAIRAM UPS (EM) PAMARRU,,,,Andhra Pradesh,2-Primary with Upper Primary,38-Pvt.Unaided,1 To 7,3-Co-educational,1-Rural,NA,NA,,,PAMARRU PAMARRU (VILL) PAMARRU(VILL) K.GANGAVARAM(MANDAL) KONASEEMA(DIST),533305,,https://kys.udiseplus.gov.in/#/schooldetail/4667749/12,4667749,20/12/2023 12:21,2480
******00919 Operational,,SAIRAM UPS (EM) VANAPALLI,,,,Andhra Pradesh,2-Primary with Upper Primary,38-Pvt.Unaided,1 To 8,3-Co-educational,1-Rural,Kothapeta,Vanapalle,,,VANAPALLI VANAPALLI (VILL) VANAPALLI(VILL) KOTHAPETA(MANDAL) EAST GODAVARI(DIST),533228,paramdhamvadapalli[at]gmail[dot]com,https://kys.udiseplus.gov.in/#/schooldetail/4667928/12,4667928,16/06/2023 15:21,2480
******00513 Operational,,SAIRAM VN HS (EM) GUTHINADEEVI,,,,Andhra Pradesh,7-Upper Pr. and Secondary,38-Pvt.Unaided,6 To 10,3-Co-educational,1-Rural,I. Polavaram,Guthinadeevi,,,GUTHENADEEVI(VILL) I.POLAVARAM(MANDAL) EAST GODAVARI(DIST),533464,sairamvnikethan[at]gmail[dot]com,https://kys.udiseplus.gov.in/#/schooldetail/4668353/12,4668353,09/05/2022 18:34,2480
******00512 Operational,,SAI RAM VN PS (EM) GUTTENADEEVI,,,,Andhra Pradesh,1-Primary,38-Pvt.Unaided,1 To 5,3-Co-educational,1-Rural,I. Polavaram,Guthinadeevi,,,GUTTENADEEVI (VILL) I.POLAVARAM(MANDAL) EAST GODAVARI(DIST),533464,sairamvnikethan[at]gmail[dot]com,https://kys.udiseplus.gov.in/#/schooldetail/4668352/12,4668352,01/02/2023 17:03,2480
******00813 Operational,,SAI RAVITEJA PS (EM) (G) AGRAHARAM,,,,Andhra Pradesh,1-Primary,38-Pvt.Unaided,1 To 5,3-Co-educational,1-Rural,Ambajipeta,Gangalakurru,,,G.AGRAHARAM GANGALAKURRU GANGALAKURRU(VILL) AMBAJIPETA(MANDAL) EAST GODAVARI(DIST),533221,sairavitejagagraharam[at]gmail[dot]com,https://kys.udiseplus.gov.in/#/schooldetail/4668090/12,4668090,23/12/2025 17:10,2480
******00123 Operational,,SAI SREE UPS (EM) KESAVARAM,,,,Andhra Pradesh,2-Primary with Upper Primary,38-Pvt.Unaided,1 To 7,3-Co-educational,1-Rural,Mandapeta,Kesavaram,,,"MERAKAVEEDHI, kesavaram",533341,saisri5044[at]gmail[dot]com,https://kys.udiseplus.gov.in/#/schooldetail/4666628/12,4666628,24/12/2025 11:05,2480
******00720 Operational,,SAI TEJA HS (EM) PATHAGANNAVARAM,,,,Andhra Pradesh,7-Upper Pr. and Secondary,38-Pvt.Unaided,6 To 10,3-Co-educational,1-Rural,P.Gannavaram,Patha Gannavaram,,,"SAI TEJA HS P GANNAVARAM ,P.GANNAVARAM MANDAL",533240,avrhanuman[at]gmail[dot]com,https://kys.udiseplus.gov.in/#/schooldetail/4667997/12,4667997,18/07/2022 15:16,2480
******00707 Operational,,SAI TEJA PS (EM) PATHAGANNAVARAM,,,,Andhra Pradesh,1-Primary,38-Pvt.Unaided,1 To 5,3-Co-educational,1-Rural,P.Gannavaram,Patha Gannavaram,,,PATHAGANNAVARAM PATHA GANNAVARAM (VILL) PATHA GANNAVARAM(VILL) P.GANNAVARAM(MANDAL) EAST GODAVARI(DIST),533240,saitejaemhighschool[at]gmail[dot]com,https://kys.udiseplus.gov.in/#/schooldetail/4667983/12,4667983,21/04/2023 15:31,2480
******00213 Operational,,SAI TEJA VIDYAJIKETAN HS (EM) RAYAVARAM,,,,Andhra Pradesh,7-Upper Pr. and Secondary,38-Pvt.Unaided,6 To 10,3-Co-educational,1-Rural,Rayavaram,Vedurupaka,,,RAYAVARAM VEDURUPAKA (VILL) VEDURUPAKA(VILL) RAYAVARAM(MANDAL) EAST GODAVARI(DIST),533346,saitejarayavaram[at]yahoo[dot]com,https://kys.udiseplus.gov.in/#/schooldetail/4667389/12,4667389,15/10/2020 12:18,2480
******00207 Operational,,SAI TEJA VIDYANIKETAN PS (EM) RAYAVARAM,,,,Andhra Pradesh,1-Primary,38-Pvt.Unaided,1 To 5,3-Co-educational,1-Rural,Rayavaram,Vedurupaka,,,RAYAVARAM VEDURUPAKA (VILL) VEDURUPAKA(VILL) RAYAVARM(MANDAL) EAST GODAVARI(DIST),533346,saitejarayavaram[at]yahoo[dot]com,https://kys.udiseplus.gov.in/#/schooldetail/4667386/12,4667386,21/04/2023 15:31,2480
******01303 Operational,,SAI UPS (EM) PINAPALLA,,,,Andhra Pradesh,2-Primary with Upper Primary,38-Pvt.Unaided,1 To 7,3-Co-educational,1-Rural,Alamuru,Pinapalle,,,PINAPALLA(MAIN ROAD) PINAPALLA PINAPALLE(VILL) ALAMURU(MANDAL) EAST GODAVARI(DIST),533232,saischool2u[at]gmail[dot]com,https://kys.udiseplus.gov.in/#/schooldetail/4667574/12,4667574,14/06/2023 22:25,2480
******00619 Closed,Closed,SAKYAMUNI UPS (EM) KATRENIKONA,,,,Andhra Pradesh,2-Primary with Upper Primary,38-Pvt.Unaided,1 To 7,3-Co-educational,1-Rural,Katrenikona,Katrenikona,,,KATRENIKONA KATRENIKONA(VILL) KATRENIKONA(VILL) KATRENIKONA(MANDAL) EAST GODAVARI(DIST),533212,jangaarahanth[at]gmail[dot]com,https://kys.udiseplus.gov.in/#/schooldetail/4668451/12,4668451,17/12/2023 18:31,2480
******00991 Operational,,"SAMSIDH (EM) SCHOOL, MUMMIDIVARAM",,,,Andhra Pradesh,2-Primary with Upper Primary,38-Pvt.Unaided,1 To 8,3-Co-educational,1-Rural,Mummidivaram,Ananthavaram,,,MAIN ROAD ANATHAVARAM MUMMIDIVARAM MANDAL,522301,vp.amalapuram[at]samsidh[dot]in,https://kys.udiseplus.gov.in/#/schooldetail/4721465/12,4721465,21/07/2025 11:58,2480
******00808 Closed,Closed,SANSKRIT AIDED PS PODAGATLAPALLI,,,,Andhra Pradesh,1-Primary,37-Pvt.Aided Oriental Schools,1 To 5,3-Co-educational,1-Rural,Ravulapalem,Podagatlapalle,,,CHINNA VEEDHI TANKBUND PODAGATLAPALLI (VILL) PODAGATLAPALLI(VILL) RAVULAPALEM(MANDAL) EAST GODAVARI(DIST),533236,sanskritaidedpodagatlapali[at]gmail[dot]com,https://kys.udiseplus.gov.in/#/schooldetail/4667733/12,4667733,11/05/2022 13:03,2480
******00915 Operational,,SANTHI EM UP SCHOOL,,,,Andhra Pradesh,2-Primary with Upper Primary,38-Pvt.Unaided,1 To 7,3-Co-educational,1-Rural,Uppalaguptam,Uppalaguptam,,,UPPALAGUPTAM UPPALAGUPTAM (VILL) UPPALAGUPTAM (VILL) UPPALAGUPTAM(MANDAL) EAST GODAVARI(DIST),533222,santhischoolupg[at]gmail[dot]com,https://kys.udiseplus.gov.in/#/schooldetail/4668570/12,4668570,07/01/2026 08:56,2480
******00908 Operational,,SANTHINEKETAN HS (EM) MURAMALLA,,,,Andhra Pradesh,7-Upper Pr. and Secondary,38-Pvt.Unaided,6 To 10,3-Co-educational,1-Rural,I. Polavaram,Muramalla,,,MURAMALLA MURAMALLA (VILL) MURAMALLA(VILL) I.POLAVARAM(MANDAL) EAST GODAVARI(DIST),533220,santhinikethan388[at]gmail[dot]com,https://kys.udiseplus.gov.in/#/schooldetail/4668400/12,4668400,09/05/2022 18:56,2480
******00907 Operational,,SANTHINEKETAN PS (EM) MURAMALLA,,,,Andhra Pradesh,1-Primary,38-Pvt.Unaided,1 To 5,3-Co-educational,1-Rural,I. Polavaram,Muramalla,,,MURAMALLA MURAMALLA (VILL) MURAMALLA(VILL) I.POLAVARAM(MANDAL) EAST GODAVARI(DIST),533220,santhinikethan388[at]gmail[dot]com,https://kys.udiseplus.gov.in/#/schooldetail/4668399/12,4668399,21/04/2023 15:31,2480
******00208 Operational,,SANTHI NIKETAN EM UPS VEMULAPALLI,,,,Andhra Pradesh,2-Primary with Upper Primary,38-Pvt.Unaided,1 To 7,3-Co-educational,1-Rural,Mandapeta,Dwarapudi,,,SRI TULA RANGARAO COMPOUND DWARAPUDI,533341,sivaneerukonda1985[at]gmail[dot]com,https://kys.udiseplus.gov.in/#/schooldetail/4666636/12,4666636,24/12/2025 11:07,2480
******00210 Permanently Closed,,SANTHINIKETHAN UPPER PRIMARY SCHOOL EM,,,,Andhra Pradesh,2-Primary with Upper Primary,38-Pvt.Unaided,1 To 7,3-Co-educational,1-Rural,Mandapeta,Dwarapudi,,,NA,533341,,https://kys.udiseplus.gov.in/#/schooldetail/4714836/12,4714836,15/10/2020 12:18,2480
******00227 Operational,,SANTHI SADAN UP SCHOOL,,,,Andhra Pradesh,6-Pr. Up Pr. and Secondary Only,38-Pvt.Unaided,1 To 10,3-Co-educational,1-Rural,Sakhinetipalle,Sakhinetipalle,,,"Sakhinetipalli MANDAL, KONASEEMA MANDAL",533251,meo.sakhinetipalli[at]gmail[dot]com,https://kys.udiseplus.gov.in/#/schooldetail/4718845/12,4718845,04/09/2025 19:56,2480
******01503 Operational,,SANTHI VIDYANIKETAN UPS (EM) BENDAMURLANKA,,,,Andhra Pradesh,2-Primary with Upper Primary,38-Pvt.Unaided,1 To 7,3-Co-educational,1-Rural,Allavaram,Bendamurulanka,,,BENDAMURULANKA THUMMALAPALLI THUMMALAPALLI(VILL) ALLAVARAM(MANDAL) EAST GODAVARI(DIST),533210,meo.allavaram1[at]gmail[dot]com,https://kys.udiseplus.gov.in/#/schooldetail/4668879/12,4668879,19/12/2025 10:39,2480
******00206 Operational,,SANTINIKETAN PS (EM) PODALADA,,,,Andhra Pradesh,2-Primary with Upper Primary,38-Pvt.Unaided,1 To 7,3-Co-educational,1-Rural,Razole,Podalada,,,PANCHAYATI STREET PODALADA (VILL) PODALADA(VILL) RAZOLE(MANDAL) EAST GODAVARI(DIST),533249,nagaraju77729[at]gmail[dot]com,https://kys.udiseplus.gov.in/#/schooldetail/4668984/12,4668984,30/09/2024 10:21,2480
******90338 Operational,,SARADA HS (EM) AMALAPURAM,,,,Andhra Pradesh,7-Upper Pr. and Secondary,38-Pvt.Unaided,6 To 10,3-Co-educational,2-Urban,NA,,Amalapuram (M) - Ward No.11,Amalapuram-Municipality,machiraju street AMALAPURAM,533201,sarada.amp[at]gmail[dot]com,https://kys.udiseplus.gov.in/#/schooldetail/4712473/12,4712473,25/12/2025 21:44,2480
******90129 Operational,,SARADA PS (EM) AMALAPURAM,,,,Andhra Pradesh,1-Primary,38-Pvt.Unaided,1 To 5,3-Co-educational,2-Urban,NA,,Amalapuram (M) - Ward No.4,Amalapuram-Municipality,AMALAPURAM(RAVANAM STREET) AMALAPURAM (VILL) AMALAPURAM(VILL) AMALAPURAM(MANDAL) EAST GODAVARI(DIST),533201,sarada.amp[at]gmail[dot]com,https://kys.udiseplus.gov.in/#/schooldetail/4668716/12,4668716,25/12/2025 20:13,2480
******90560 Operational,,SARADA UPS (EM) RAJAKAPETA,,,,Andhra Pradesh,2-Primary with Upper Primary,38-Pvt.Unaided,1 To 7,3-Co-educational,2-Urban,NA,,Mandapeta Ward No.7,Mandapeta-Municipality,16TH WARD MANDAPETA MANDAPETA MANDAPETA MANDAPETA(MANDAL) EAST GODAVARI(DIST),533308,govindarajulangoju[at]gmail[dot]com,https://kys.udiseplus.gov.in/#/schooldetail/4666731/12,4666731,31/12/2025 16:35,2480
******00611 Operational,,SARASWATHI SISUMANDIR HS (EM) LAKKAVARAM,,,,Andhra Pradesh,7-Upper Pr. and Secondary,38-Pvt.Unaided,6 To 10,3-Co-educational,1-Rural,Malikipuram,Lakkavaram,,,S V G PETA LAKKAVARAM (VILL) LAKKAVARAM(VILL) MALIKIPURAM(MANDAL) EAST GODAVARI(DIST),533254,sisumandir1987lakkavaram[at]gmail[dot]com,https://kys.udiseplus.gov.in/#/schooldetail/4669111/12,4669111,15/10/2020 12:18,2480
******00609 Operational,,SARASWATHI SISUMANDIR PS (EM) LAKKAVARAM,,,,Andhra Pradesh,1-Primary,38-Pvt.Unaided,1 To 5,3-Co-educational,1-Rural,Malikipuram,Lakkavaram,,,S V G PETA LAKKAVARAM (VILL) LAKKAVARAM(VILL) MALIKIPURAM(MANDAL) EAST GODAVARI(DIST),533254,sisumandir1987lakkavaram[at]gmail[dot]com,https://kys.udiseplus.gov.in/#/schooldetail/4669109/12,4669109,21/04/2023 15:31,2480
******00306 Operational,,SARASWATHI VM UPS (EM) RAMARAJULANKA,,,,Andhra Pradesh,2-Primary with Upper Primary,38-Pvt.Unaided,1 To 7,3-Co-educational,1-Rural,Malikipuram,Ramarajulanka,,,RAMARAJULANKA RAMARAJULANKA(VILL) RAMARAJULANKA(VILL) MALIKIPURAM(MANDAL) EAST GODAVARI(DIST),533253,pavanisairam.j[at]gmail[dot]com,https://kys.udiseplus.gov.in/#/schooldetail/4669077/12,4669077,21/04/2023 15:31,2480
******00333 Operational,,SARM PRIYADARSANI HS (EM) KOTHAPETA,,,,Andhra Pradesh,7-Upper Pr. and Secondary,38-Pvt.Unaided,6 To 10,3-Co-educational,1-Rural,Kothapeta,Kothapeta,,,KOTHA PETA KOTHA PETA(VILL) KOTHAPETA(VILL) KOTHAPETA(MANDAL) EAST GODAVARI(DIST),533223,abc.priyadarsini[at]gmail[dot]com,https://kys.udiseplus.gov.in/#/schooldetail/4667856/12,4667856,15/10/2020 12:18,2480
******00330 Operational,,SARM PRIYADARSANI PS (EM) KOTHAPETA,,,,Andhra Pradesh,1-Primary,38-Pvt.Unaided,1 To 5,3-Co-educational,1-Rural,Kothapeta,Kothapeta,,,KOTHA PETA KOTHA PETA(VILL) KOTHAPETA(VILL) KOTHAPETA(MANDAL) EAST GODAVARI(DIST),533223,abc.priyadarsini[at]gmail[dot]com,https://kys.udiseplus.gov.in/#/schooldetail/4667854/12,4667854,21/04/2023 15:31,2480
******00732 Operational,,SARSWATI UPS (EM) MUMMIDIVARAM,,,,Andhra Pradesh,2-Primary with Upper Primary,38-Pvt.Unaided,1 To 7,3-Co-educational,2-Urban,NA,,Mummidivaram Ward No.11,Mummidivaram-Town Panchayat,MUMMIDIVARAM MUMMIDIVARAM (VILL) MUMMIDIVARAM(VILL) MUMMIDIVARAM(MANDAL) EAST GODAVARI (DIST),533216,saraswathiup732[at]gmail[dot]com,https://kys.udiseplus.gov.in/#/schooldetail/4668274/12,4668274,19/12/2023 08:15,2480
******01508 Operational,,SARVANI PS (EM) KORUMILLI,,,,Andhra Pradesh,1-Primary,38-Pvt.Unaided,1 To 5,3-Co-educational,1-Rural,Kapileswarapuram,Korumilli,,,KORUMILLI KORUMILLI VILL KORUMILLI VILL KAPILESWARAPURAM MANDAL EAST GODAVARI DIST,533309,,https://kys.udiseplus.gov.in/#/schooldetail/4667504/12,4667504,21/12/2023 16:10,2480
******01411 Operational,,SARVEPALLI VN UPS (EM) YEDITHA,,,,Andhra Pradesh,2-Primary with Upper Primary,38-Pvt.Unaided,1 To 7,3-Co-educational,1-Rural,Mandapeta,Yeditha,,,SEETHANAGARAM ROAD YEDITHA (VILL) YEDITHA(VILL) MANDAPETA(MANDAL) EAST GODAVARI(DIST),533234,sitaramayyagodavarthy944[at]gmail[dot]com,https://kys.udiseplus.gov.in/#/schooldetail/4666689/12,4666689,21/04/2023 15:31,2480
******90574 Operational,,SASI EM HIGH SCHOOL,,,,Andhra Pradesh,6-Pr. Up Pr. and Secondary Only,38-Pvt.Unaided,1 To 10,3-Co-educational,2-Urban,NA,,Mandapeta Ward No.2,Mandapeta-Municipality,34-16-48 VIJAYA LAKSHMI NAGAR MANDAPETA,533308,school.mnp[at]sasi[dot]edu[dot]in,https://kys.udiseplus.gov.in/#/schooldetail/4718820/12,4718820,31/12/2025 16:32,2480
******00304 Operational,,SASI JUNIOR COLLEGE,,,,Andhra Pradesh,11-Higher Secondary only/Jr. College,38-Pvt.Unaided,11 To 12,3-Co-educational,2-Urban,NA,,Mandapeta Ward No.1,Mandapeta-Municipality,"MANDAPETA, MANDAPETA MANDAL",533308,OFFICE.MNP[at]SASI[dot]EDU[dot]IN,https://kys.udiseplus.gov.in/#/schooldetail/4720723/12,4720723,24/12/2025 11:04,2480
******00205 Operational,,SASRM HS (EM) PODALADA,,,,Andhra Pradesh,6-Pr. Up Pr. and Secondary Only,38-Pvt.Unaided,1 To 10,3-Co-educational,1-Rural,Razole,Podalada,,,"ALLURI SCHOOL ROAD, PODALADA (VILL) PODALADA(VILL) RAZOLE(MANDAL) EAST GODAVARI(DIST)",533249,sasrrmhschool[at]gmail[dot]com,https://kys.udiseplus.gov.in/#/schooldetail/4668983/12,4668983,15/12/2023 11:14,2480
******01622 Operational,,SATYAM HS (EM) ANNAIPETA,,,,Andhra Pradesh,6-Pr. Up Pr. and Secondary Only,38-Pvt.Unaided,1 To 10,3-Co-educational,1-Rural,Ramachandrapuram,Vegayammapeta,,,draksharama,533262,srksram[at]gmail[dot]com,https://kys.udiseplus.gov.in/#/schooldetail/4667277/12,4667277,21/04/2023 15:31,2480
******00341 Closed,Closed,SATYAM HS (EM) KOTHAPETA,,,,Andhra Pradesh,7-Upper Pr. and Secondary,38-Pvt.Unaided,6 To 10,3-Co-educational,1-Rural,Kothapeta,Kothapeta,,,KOTHA PETA(VILL)EAST GODAVARI(DIST)LAND NUMBER1192/2008 DOOR NO 3-170/3,533223,,https://kys.udiseplus.gov.in/#/schooldetail/4718831/12,4718831,26/06/2021 10:52,2480
******90199 Permanently Closed,,SATYAM HS (EM) VADDIGUDEM,,,,Andhra Pradesh,7-Upper Pr. and Secondary,38-Pvt.Unaided,6 To 10,3-Co-educational,2-Urban,NA,,Amalapuram Ward No. 17,Amalapuram-Municipality,NA,533201,,https://kys.udiseplus.gov.in/#/schooldetail/4715012/12,4715012,15/10/2020 12:18,2480
******00344 Closed,Closed,SATYAM PS (EM) KOTHAPETA,,,,Andhra Pradesh,1-Primary,38-Pvt.Unaided,1 To 5,3-Co-educational,1-Rural,Kothapeta,Kothapeta,,,KOTHA PETA KOTHA PETA(VILL) KOTHAPETA(VILL) KOTHAPETA(MANDAL) EAST GODAVARI(DIST),533223,nagamani.saladi9[at]gmail[dot]com,https://kys.udiseplus.gov.in/#/schooldetail/4718832/12,4718832,26/06/2021 10:53,2480
******90184 Permanently Closed,,SATYAM PS (EM) VADDIGUDEM,,,,Andhra Pradesh,1-Primary,38-Pvt.Unaided,1 To 5,3-Co-educational,2-Urban,NA,,Amalapuram Ward No. 17,Amalapuram-Municipality,NA,533201,,https://kys.udiseplus.gov.in/#/schooldetail/4715011/12,4715011,15/10/2020 12:18,2480
******01224 Operational,,SATYASAI VIDYA NIKETAN UPS (EM) PALLAMKURRU,,,,Andhra Pradesh,2-Primary with Upper Primary,38-Pvt.Unaided,1 To 7,3-Co-educational,1-Rural,Katrenikona,Pallamkurru,,,PALLAMKURRU PALLAMKURRU(VILL) PALLAMKURRU(VILL) KATRENIKONA(MANDAL) EAST GODAVARI(DIST),533212,Nvumanagarjuna[at]gmail[dot]com,https://kys.udiseplus.gov.in/#/schooldetail/4668508/12,4668508,28/09/2024 11:00,2480
******01608 Closed,Closed,SATYA SRI UPS (EM) GANGAVARAM,,,,Andhra Pradesh,2-Primary with Upper Primary,38-Pvt.Unaided,1 To 7,3-Co-educational,1-Rural,NA,NA,,,GANGAVARAM GANGAVARAM (VILL) GANGAVARAM(VILL) K.GANGAVARAM(MANDAL) EAST GODAVARI(DIST),533305,,https://kys.udiseplus.gov.in/#/schooldetail/4667790/12,4667790,15/10/2020 12:18,2480
******01132 Operational,,SATYA TEJA EM UP SCHOOL,,,,Andhra Pradesh,2-Primary with Upper Primary,38-Pvt.Unaided,1 To 7,3-Co-educational,1-Rural,Ambajipeta,Machavaram,,,MACHAVARAM AMBAJIPETA EAST GODAVARI 533214,533214,satyateja2010[at]gmail[dot]com,https://kys.udiseplus.gov.in/#/schooldetail/4667687/12,4667687,23/12/2025 17:19,2480
******90108 Operational,,SAV MPL PS PERAMMA AGRAHARAM,,,,Andhra Pradesh,1-Primary,34-MUNCIPAL,1 To 2,3-Co-educational,2-Urban,NA,,Amalapuram Ward No. 20,Amalapuram-Municipality,KONKAPALLI(P AGRAHARAM) WARD NO20 AMALAPURAM (VILL) AMALAPURAM(VILL) AMALAPURAM(MANDAL) EAST GODAVARI(DIST),533201,mplps.perammaagraharam123[at]gmail[dot]com,https://kys.udiseplus.gov.in/#/schooldetail/4668701/12,4668701,21/12/2025 22:36,2480
******90902 Operational,,SBGT MPL PS RATNAMPETA,,,,Andhra Pradesh,1-Primary,34-MUNCIPAL,1 To 5,3-Co-educational,2-Urban,NA,,Ramachandrapuram (M) - Ward No.21,Ramachandrapuram-Municipality,20th WARD RAMACHANDRAPURAM (VILL) RAMACHANDRAPURAM(VILL) RAMACHANDRAPURAM(MANDAL) EAST GODAVARI(DIST),533255,sbgtmplps[at]gmail[dot]com,https://kys.udiseplus.gov.in/#/schooldetail/4667305/12,4667305,17/06/2025 22:13,2480
******90117 Operational,,SBGT MPL PS VIDYUTNAGAR,,,,Andhra Pradesh,1-Primary,34-MUNCIPAL,1 To 5,3-Co-educational,2-Urban,NA,,Amalapuram Ward No. 29,Amalapuram-Municipality,"VIDYUT NAGAR,WARD NO- 29, AMALAPURAM , AMALAPURAM MANDAL,Dr.B.R.Ambedkhar Konaseema(DIST)",533201,sbgt117[at]gmail[dot]com,https://kys.udiseplus.gov.in/#/schooldetail/4668709/12,4668709,21/12/2025 22:44,2480
******90515 Operational,,SB MPL PS MANDAPETA,,,,Andhra Pradesh,1-Primary,34-MUNCIPAL,1 To 2,3-Co-educational,2-Urban,NA,,Mandapeta Ward No.3,Mandapeta-Municipality,03rd WARD MANDAPETA (VILL) MANDAPETA(VILL) MANDAPETA(MANDAL) EAST GODAVARI(DIST),533308,veeralakshmiduggirala[at]gmail[dot]com,https://kys.udiseplus.gov.in/#/schooldetail/4666702/12,4666702,31/12/2025 16:42,2480
******90911 Operational,,SB MPL PS MUCHIMILLI,,,,Andhra Pradesh,1-Primary,34-MUNCIPAL,1 To 5,3-Co-educational,2-Urban,NA,,Ramachandrapuram (M) - Ward No.16,Ramachandrapuram-Municipality,17th ward Ramachandrapuram konaseema district,533255,chvssl27[at]gmail[dot]com,https://kys.udiseplus.gov.in/#/schooldetail/4667314/12,4667314,15/12/2023 14:19,2480
******90119 Operational,,SBS MPL PS TAMARA TANK,,,,Andhra Pradesh,1-Primary,34-MUNCIPAL,1 To 2,3-Co-educational,2-Urban,NA,,Amalapuram (M) - Ward No.2,Amalapuram-Municipality,TAMARA TANK(VANTEDDU STREET) W2 AMALAPURAM (VILL) AMALAPURAM(VILL) AMALAPURAM(MANDAL) EAST GODAVARI(DIST),533201,Moinu784[at]gmail[dot]com,https://kys.udiseplus.gov.in/#/schooldetail/4668711/12,4668711,21/12/2025 22:46,2480
******90502 Permanently Closed,,SBT MPL PS DHARMAGUNDAM STREET,,,,Andhra Pradesh,1-Primary,34-MUNCIPAL,1 To 5,3-Co-educational,2-Urban,NA,,Mandapeta Ward No.18,Mandapeta-Municipality,NA,533308,,https://kys.udiseplus.gov.in/#/schooldetail/4714841/12,4714841,15/10/2020 12:18,2480
******90141 Operational,,SCB MPL PS RAVANAM STREET,,,,Andhra Pradesh,1-Primary,34-MUNCIPAL,1 To 5,3-Co-educational,2-Urban,NA,,Amalapuram (M) - Ward No.4,Amalapuram-Municipality,RAVANAM VEEDHI WARD NO4 AMALAPURAM (VILL) AMALAPURAM(VILL) AMALAPURAM(MANDAL) EAST GODAVARI(DIST),533201,,https://kys.udiseplus.gov.in/#/schooldetail/4668270/12,4668270,21/12/2025 22:48,2480
******00612 Permanently Closed,,SDA HS (EM) LAKKAVARAM,,,,Andhra Pradesh,7-Upper Pr. and Secondary,38-Pvt.Unaided,6 To 10,3-Co-educational,1-Rural,Malikipuram,Lakkavaram,,,NA,533254,,https://kys.udiseplus.gov.in/#/schooldetail/4669112/12,4669112,15/10/2020 12:18,2480
******90527 Operational,,SDA UPS (EM) NEAR POLICE STATION,,,,Andhra Pradesh,2-Primary with Upper Primary,38-Pvt.Unaided,1 To 7,3-Co-educational,2-Urban,NA,,Mandapeta Ward No.9,Mandapeta-Municipality,09th WARD MANDAPETA (VILL) MANDAPETA(VILL) MANDAPETA(MANDAL) EAST GODAVARI(DIST),533308,,https://kys.udiseplus.gov.in/#/schooldetail/4666710/12,4666710,31/12/2025 16:39,2480
******01317 Operational,,SD BHAVANI UPS (EM) T.CHALLAPALLE,,,,Andhra Pradesh,2-Primary with Upper Primary,38-Pvt.Unaided,1 To 7,3-Co-educational,1-Rural,Uppalaguptam,T. Challapalle,,,T.CHALLAPALLE T. CHALLAPALLE (VILL) T. CHALLAPALLE(VILL) UPPALAGUPTAM(MANDAL) EAST GODAVARI(DIST),533213,sridurgabhavani507[at]gmail[dot]com,https://kys.udiseplus.gov.in/#/schooldetail/4668606/12,4668606,07/01/2026 09:04,2480
******90143 Permanently Closed,,SDRKM VIVEKANANDA UPS (B) AGRAHARAM,,,,Andhra Pradesh,2-Primary with Upper Primary,38-Pvt.Unaided,1 To 7,3-Co-educational,2-Urban,NA,,Amalapuram Ward No. 18,Amalapuram-Municipality,NA,533201,,https://kys.udiseplus.gov.in/#/schooldetail/4715005/12,4715005,15/10/2020 12:18,2480
******00808 Operational,,SDSNR ZPHS JONNADA,,,,Andhra Pradesh,7-Upper Pr. and Secondary,33-MPP_ZPP SCHOOLS,6 To 10,3-Co-educational,1-Rural,Alamuru,Jonnada,,,"JONNADA , ALAMURU MANDAL, KONASEEMA DISTRICT",533233,zphs.jonnada[at]gmail[dot]com,https://kys.udiseplus.gov.in/#/schooldetail/4667541/12,4667541,20/06/2025 11:09,2480
******00403 Operational,,SDV MPPS NARSIPUDI,,,,Andhra Pradesh,1-Primary,33-MPP_ZPP SCHOOLS,1 To 5,3-Co-educational,1-Rural,Alamuru,Narsipudi,,,NARSIPUDI NARSIPUDI NARSIPUDI(VILL) ALAMURU(MANDAL) EAST GODAVARI(DIST),533232,mppsdvmpnarsipudi[at]gmail[dot]com,https://kys.udiseplus.gov.in/#/schooldetail/4667527/12,4667527,06/10/2025 13:46,2480
******00305 Operational,,SEKHAR UPS (EM) MUKKAMALA,,,,Andhra Pradesh,2-Primary with Upper Primary,38-Pvt.Unaided,1 To 7,3-Co-educational,1-Rural,Ambajipeta,Mukkamala,,,MUKKAMALA MUKKAMALA MUKKAMALA(VILL) AMBAJIPETA(MANDAL) EAST GODAVARI (DIST),533241,Sekharps.mukkamala[at]gmail[dot]com,https://kys.udiseplus.gov.in/#/schooldetail/4668053/12,4668053,23/12/2025 17:03,2480
******00517 Operational,,SESHA SAYANA SAI VIDYAVANAM,,,,Andhra Pradesh,7-Upper Pr. and Secondary,38-Pvt.Unaided,6 To 10,3-Co-educational,1-Rural,Ambajipeta,Pulletikurru,,,Main Road Pulletikurru,533239,ssaividyavanamhs[at]gmail[dot]com,https://kys.udiseplus.gov.in/#/schooldetail/4668071/12,4668071,23/12/2025 17:06,2480
******00709 Operational,,SEVEN HILLS UPS (EM) KALAVAMOGA,,,,Andhra Pradesh,2-Primary with Upper Primary,38-Pvt.Unaided,1 To 7,3-Co-educational,1-Rural,Sakhinetipalle,Kesavadasupalem,,,KALAVAMOGA KESAVADASUPALEM (VILL) KESAVADASUPALEM(VILL) SAKHINETIPALLI(MANDAL) EAST GODAVARI(DIST),533252,drlraju1117[at]gmail[dot]com,https://kys.udiseplus.gov.in/#/schooldetail/4669250/12,4669250,25/09/2024 15:22,2480
******01021 Sanctioned but not Operational,,SEVENTH DAY ADVENTIST UPS (EM) KESANAPALLI,,,,Andhra Pradesh,2-Primary with Upper Primary,38-Pvt.Unaided,1 To 7,3-Co-educational,1-Rural,Malikipuram,Kesanapalle,,,KESANAPALLI KESANAPALLLE(VILL) KESANAPALLE(VILL) MALIKIPURAM(MANDAL) EAST GODAVARI(DIST),533244,gopal_255644[at]yahoo[dot]co[dot]in,https://kys.udiseplus.gov.in/#/schooldetail/4669152/12,4669152,11/05/2022 19:58,2480
******00610 Operational,,SEVENTH DAY PS (EM) LAKKAVARAM,,,,Andhra Pradesh,1-Primary,38-Pvt.Unaided,1 To 5,3-Co-educational,1-Rural,Malikipuram,Lakkavaram,,,"MAIN ROAD, MALIKIPURAM",533254,meo.malikipuram[at]gmail[dot]com,https://kys.udiseplus.gov.in/#/schooldetail/4669110/12,4669110,24/12/2025 13:54,2480
******90112 Operational,,SGKG MPL PS SURYA NAGAR,,,,Andhra Pradesh,1-Primary,34-MUNCIPAL,1 To 5,3-Co-educational,2-Urban,NA,,Amalapuram Ward No. 15,Amalapuram-Municipality,SURYANAGAR WARD NO15 AMALAPURAM (VILL) AMALAPURAM(VILL) AMALAPURAM(MANDAL) EAST GODAVARI(DIST),533201,saisrinivas1967[at]gmail[dot]com,https://kys.udiseplus.gov.in/#/schooldetail/4668704/12,4668704,21/12/2025 22:39,2480
******90946 Operational,,SGMD MODERN HS (EMTM) RCPURAM,,,,Andhra Pradesh,7-Upper Pr. and Secondary,38-Pvt.Unaided,6 To 10,3-Co-educational,2-Urban,NA,,Ramachandrapuram (M) - Ward No.4,Ramachandrapuram-Municipality,04th WARD RAMACHANDRAPURAM (VILL) RAMACHANDRAPURAM(VILL) RAMACHANDRAPURAM(MANDAL) EAST GODAVARI(DIST),533255,modernkg2pg[at]gmail[dot]com,https://kys.udiseplus.gov.in/#/schooldetail/4667344/12,4667344,15/10/2020 12:18,2480
******90533 Operational,,SG MPL HS ANKASANI CHERUVU,,,,Andhra Pradesh,7-Upper Pr. and Secondary,34-MUNCIPAL,6 To 10,3-Co-educational,2-Urban,NA,,Mandapeta Ward No.14,Mandapeta-Municipality,SG MPL HS ANKASANI CHERUVUankasani cheruvu,533308,sgmplhsmdp[at]gmail[dot]com,https://kys.udiseplus.gov.in/#/schooldetail/4666719/12,4666719,31/12/2025 16:36,2480
******90508 Operational,,SG MPL PS ANKASANI CHERUVU,,,,Andhra Pradesh,1-Primary,34-MUNCIPAL,1 To 5,3-Co-educational,2-Urban,NA,,Mandapeta Ward No.14,Mandapeta-Municipality,16th WARD MANDAPETA (VILL) MANDAPETA(VILL) MANDAPETA(MANDAL) EAST GODAVARI(DIST),533308,veerreddykarri82[at]gmail[dot]com,https://kys.udiseplus.gov.in/#/schooldetail/4666695/12,4666695,31/12/2025 16:40,2480
******01501 Operational,,SGSS MPPS DANGERU,,,,Andhra Pradesh,1-Primary,33-MPP_ZPP SCHOOLS,1 To 5,3-Co-educational,1-Rural,NA,NA,,,DANGERU(NEAR Z.P.H.SCHOOL) DANGERU (VILL) DANGERU(VILL) K.GANGAVARAM(MANDAL) EAST GODAVARI(DIST),533263,,https://kys.udiseplus.gov.in/#/schooldetail/4667354/12,4667354,23/09/2024 15:28,2480
******01012 Operational,,SGVN UPS (EM) KESANAPALLI,,,,Andhra Pradesh,2-Primary with Upper Primary,38-Pvt.Unaided,1 To 7,3-Co-educational,1-Rural,Malikipuram,Kesanapalle,,,KESANAPALLI KESANAPALLE (VILL) KESANAPALLE(VILL) MALIKIPURAM(MANDAL) EAST GODAVARI(DIST),533244,sgvkesanapalli[at]gmail[dot]com,https://kys.udiseplus.gov.in/#/schooldetail/4668706/12,4668706,21/04/2023 15:31,2480
******00308 Operational,,SHIRDI SAI (VOC) JR COLLEGE,,,,Andhra Pradesh,11-Higher Secondary only/Jr. College,38-Pvt.Unaided,11 To 12,3-Co-educational,1-Rural,Ambajipeta,Mukkamala,,,"MUKKAMALA, MUKKAMALDA",533241,snmurthy.eee[at]gmail[dot]com,https://kys.udiseplus.gov.in/#/schooldetail/4714955/12,4714955,23/12/2025 17:03,2480
******90348 Operational,,SHREYA SPL EDN UPS TM,,,,Andhra Pradesh,2-Primary with Upper Primary,38-Pvt.Unaided,1 To 7,3-Co-educational,2-Urban,NA,,Amalapuram Ward No. 17,Amalapuram-Municipality,AMALAPURAMSHREYA SPL EDN UPS TM,533250,,https://kys.udiseplus.gov.in/#/schooldetail/4668789/12,4668789,25/12/2025 21:48,2480
******00339 Operational,,SIDDARTHA HS (EM) KOTHAPETA,,,,Andhra Pradesh,7-Upper Pr. and Secondary,38-Pvt.Unaided,6 To 10,3-Co-educational,1-Rural,Kothapeta,Kothapeta,,,KOTHA PETA KOTHA PETA(VILL) KOTHAPETA(VILL) KOTHAPETA(MANDAL) EAST GODAVARI(DIST),533223,srisiddarthaemskpt[at]gmail[dot]com,https://kys.udiseplus.gov.in/#/schooldetail/4667860/12,4667860,15/10/2020 12:18,2480
******00334 Operational,,SIDDARTHA PS (EM) KOTHAPETA,,,,Andhra Pradesh,1-Primary,38-Pvt.Unaided,1 To 5,3-Co-educational,1-Rural,Kothapeta,Kothapeta,,,KOTHA PETA KOTHA PETA(VILL) KOTHAPETA(VILL) KOTHAPETA(MANDAL) EAST GODAVARI(DIST),533223,srisiddarthaemskpt[at]gmail[dot]com,https://kys.udiseplus.gov.in/#/schooldetail/4667857/12,4667857,21/04/2023 15:31,2480
******00738 Permanently Closed,,SIDDARTHA UPS (EM) MUMMIDIVARAM,,,,Andhra Pradesh,2-Primary with Upper Primary,38-Pvt.Unaided,1 To 7,3-Co-educational,2-Urban,NA,,Mummidivaram Ward No.17,Mummidivaram-Town Panchayat,NA,533216,,https://kys.udiseplus.gov.in/#/schooldetail/4714977/12,4714977,15/10/2020 12:18,2480
******00436 Closed,Closed,SIDDARTHA VOC JR COLLEGE,,,,Andhra Pradesh,11-Higher Secondary only/Jr. College,38-Pvt.Unaided,11 To 12,3-Co-educational,1-Rural,Razole,Razole,,,Doragarithota Razole,533242,jvknr9999[at]gmail[dot]com,https://kys.udiseplus.gov.in/#/schooldetail/4669006/12,4669006,11/05/2022 19:58,2480
******90537 Permanently Closed,,SIDDHARTHA HS (EM),,,,Andhra Pradesh,7-Upper Pr. and Secondary,38-Pvt.Unaided,6 To 10,3-Co-educational,2-Urban,NA,,Mandapeta Ward No.22,Mandapeta-Municipality,NA,533308,,https://kys.udiseplus.gov.in/#/schooldetail/4666321/12,4666321,15/10/2020 12:18,2480
******01107 Operational,,SIDDHARTHA HS (EM) SIRIPALLI,,,,Andhra Pradesh,7-Upper Pr. and Secondary,38-Pvt.Unaided,6 To 10,3-Co-educational,1-Rural,Ainavilli,Siripalle,,,SIRIPALLI SIRIPALLI SIRIPALLE(VILL) AINAVILLI(MANDAL) EAST GODAVARI(DIST),533211,siddarthapublicschool139[at]gmail[dot]com,https://kys.udiseplus.gov.in/#/schooldetail/4668178/12,4668178,23/12/2025 16:43,2480
******01106 Operational,,SIDDHARTHA PS (EM) SIRIPALLI,,,,Andhra Pradesh,1-Primary,38-Pvt.Unaided,1 To 5,3-Co-educational,1-Rural,Ainavilli,Siripalle,,,SIRIPALLI SIRIPALLE (VILL) SIRIPALLE(VILL) AINAVILLI(MANDAL) EAST GODAVARI(DIST),533211,siddarthapublicschool139[at]gmail[dot]com,https://kys.udiseplus.gov.in/#/schooldetail/4668177/12,4668177,14/06/2023 22:04,2480
******00408 Operational,,SIDDHARTHA UPS (EM) DWARAPUDI,,,,Andhra Pradesh,2-Primary with Upper Primary,38-Pvt.Unaided,1 To 7,3-Co-educational,1-Rural,Mandapeta,Dwarapudi,,,SIDDHARTHA UPS DWARAPUDI DWARAOUDI,533341,siddarthaemschool[at]gmail[dot]com,https://kys.udiseplus.gov.in/#/schooldetail/4666643/12,4666643,31/12/2025 16:30,2480
******90940 Operational,,SIG MPL HS (CHS) NAGAR,,,,Andhra Pradesh,7-Upper Pr. and Secondary,34-MUNCIPAL,6 To 10,3-Co-educational,2-Urban,NA,,Ramachandrapuram (M) - Ward No.25,Ramachandrapuram-Municipality,26th WARD RAMACHANDRAPURAM (VILL) RAMACHANDRAPURAM(VILL) RAMACHANDRAPURAM(MANDAL) EAST GODAVARI(DIST),533255,mhs.chakalipetarcpm[at]gmail[dot]com,https://kys.udiseplus.gov.in/#/schooldetail/4667340/12,4667340,21/06/2025 09:36,2480
******90913 Operational,,SIG MPL PS (CHS) NAGAR,,,,Andhra Pradesh,1-Primary,34-MUNCIPAL,1 To 5,3-Co-educational,2-Urban,NA,,Ramachandrapuram (M) - Ward No.25,Ramachandrapuram-Municipality,25th WARD RAMACHANDRAPURAM (VILL) RAMACHANDRAPURAM(VILL) RAMACHANDRAPURAM(MANDAL) EAST GODAVARI(DIST),533255,sigmplps1938[at]gmail[dot]com,https://kys.udiseplus.gov.in/#/schooldetail/4667316/12,4667316,17/06/2025 22:17,2480
******90101 Operational,,SIG MPL PS RAVULACHERUVU,,,,Andhra Pradesh,1-Primary,34-MUNCIPAL,1 To 5,3-Co-educational,2-Urban,NA,,Amalapuram Ward No. 30,Amalapuram-Municipality,RAVULACHERUVU WARD NO30 RAVULACHERUVU (VILL) AMALAPURAM(VILL) AMALAPURAM(MANDAL) EAST GODAVARI(DIST),533201,gangaraju.nandula[at]gmail[dot]com,https://kys.udiseplus.gov.in/#/schooldetail/4668694/12,4668694,22/12/2025 15:42,2480
******90195 Operational,,SIR CVRAMAN GRAMMAR HS (EM) MAHIPALA STREET,,,,Andhra Pradesh,7-Upper Pr. and Secondary,38-Pvt.Unaided,6 To 10,3-Co-educational,2-Urban,NA,,Amalapuram Ward No. 24,Amalapuram-Municipality,MAHIPAL STREET AMALAPURAM(M) AMALAPURAM(VILL) AMALAPURAM(MANDAL) EAST GODAVARI(DIST),533201,sircvraman09[at]gmail[dot]com,https://kys.udiseplus.gov.in/#/schooldetail/4668746/12,4668746,25/12/2025 21:13,2480
******90193 Operational,,SIR CVRAMAN GRAMMAR PS (EM) MAHIPALA STREET,,,,Andhra Pradesh,1-Primary,38-Pvt.Unaided,1 To 5,3-Co-educational,2-Urban,NA,,Amalapuram Ward No. 24,Amalapuram-Municipality,mahipala street AMALAPURAM (M) AMALAPURAM(VILL) AMALAPURAM(MANDAL) EAST GODAVARI(DIST),533201,sircvraman09[at]gmail[dot]com,https://kys.udiseplus.gov.in/#/schooldetail/4668295/12,4668295,25/12/2025 21:09,2480
******01111 Operational,,SIVASIVANI HINDU HS (EM) ANKAMPALEM,,,,Andhra Pradesh,7-Upper Pr. and Secondary,38-Pvt.Unaided,6 To 10,3-Co-educational,1-Rural,Atreyapuram,Ankampalem,,,ANKAMPALEM ANKAMPALEM ANKAMPALEM(VILL) ATREYAPURAM(MANDAL) EAST GODAVARI(DIST),533236,sivasivani9494[at]gmail[dot]com,https://kys.udiseplus.gov.in/#/schooldetail/4667624/12,4667624,18/07/2022 13:37,2480
******01107 Operational,,SIVASIVANI PS (EM) ANKAMPALEM,,,,Andhra Pradesh,1-Primary,38-Pvt.Unaided,1 To 5,3-Co-educational,1-Rural,Atreyapuram,Ankampalem,,,ANKAMPALEM ANKAMPALEM ANKAMPALEM(VILL) ATREYAPURAM(MANDAL) EAST GODAVARI(DIST),533236,ashuu645[at]gmail[dot]com,https://kys.udiseplus.gov.in/#/schooldetail/4667623/12,4667623,14/06/2023 17:30,2480
******00508 Operational,,SIVATEJA HS (EM) AINAVILLI,,,,Andhra Pradesh,6-Pr. Up Pr. and Secondary Only,38-Pvt.Unaided,1 To 10,3-Co-educational,1-Rural,Ainavilli,Ainavilli,,,AINAVILLI AINAVILLI AINAVILLI(VILL) AINAVILLI(MANDAL) EAST GODAVARI(DIST),533211,sivatejaemschool[at]gmail[dot]com,https://kys.udiseplus.gov.in/#/schooldetail/4668145/12,4668145,21/04/2023 15:31,2480
******90505 Permanently Closed,,SJL MPL PS RADHAM TEMPLE,,,,Andhra Pradesh,1-Primary,34-MUNCIPAL,1 To 5,3-Co-educational,2-Urban,NA,,Mandapeta Ward No.18,Mandapeta-Municipality,NA,533308,,https://kys.udiseplus.gov.in/#/schooldetail/4714842/12,4714842,15/10/2020 12:18,2480
******90102 Operational,,SJL MPL PS STAMBALAMERAKA,,,,Andhra Pradesh,1-Primary,34-MUNCIPAL,1 To 5,3-Co-educational,2-Urban,NA,,Amalapuram (M) - Ward No.9,Amalapuram-Municipality,STAMBHALAMERAKA WARD NO9 AMALAPURAM (VILL) AMALAPURAM(VILL) AMALAPURAM(MANDAL) EAST GODAVARI(DIST),533201,jhansimplps68[at]gmail[dot]com,https://kys.udiseplus.gov.in/#/schooldetail/4668695/12,4668695,21/12/2025 22:28,2480
******90904 Operational,,SJ MPL PS PILLAVARI STREET,,,,Andhra Pradesh,1-Primary,34-MUNCIPAL,1 To 5,3-Co-educational,2-Urban,NA,,Ramachandrapuram (M) - Ward No.3,Ramachandrapuram-Municipality,03rd WARD RAMACHANDRAPURAM (VILL) RAMACHANDRAPURAM(VILL) RAMACHANDRAPURAM(MANDAL) EAST GODAVARI(DIST),533255,,https://kys.udiseplus.gov.in/#/schooldetail/4667307/12,4667307,17/06/2025 22:15,2480
******90519 Operational,,SJ MPL PS RAVULAPETA,,,,Andhra Pradesh,1-Primary,34-MUNCIPAL,1 To 2,3-Co-educational,2-Urban,NA,,Mandapeta Ward No. 21,Mandapeta-Municipality,17th WARD MANDAPETA (VILL) MANDAPETA(VILL) MANDAPETA(MANDAL) EAST GODAVARI(DIST),533308,meomandaptea[at]gmail[dot]com,https://kys.udiseplus.gov.in/#/schooldetail/4666706/12,4666706,31/12/2025 16:38,2480
******90115 Permanently Closed,,SJP MPL PS KONKAPALLI,,,,Andhra Pradesh,1-Primary,34-MUNCIPAL,1 To 5,3-Co-educational,2-Urban,NA,,Amalapuram Ward No. 20,Amalapuram-Municipality,NA,533201,,https://kys.udiseplus.gov.in/#/schooldetail/4715002/12,4715002,15/10/2020 12:18,2480
******01104 Operational,,SJRP ZPHS SIRIPALLI,,,,Andhra Pradesh,6-Pr. Up Pr. and Secondary Only,33-MPP_ZPP SCHOOLS,1 To 10,3-Co-educational,1-Rural,Ainavilli,Siripalle,,,SIRIPALLE SIRIPALLE (VILL) SIRIPALLE(VILL) AINAVILLI(MANDAL) EAST GODAVARI(DIST),533211,zphs.siripalli[at]gmalil[dot]com,https://kys.udiseplus.gov.in/#/schooldetail/4668176/12,4668176,14/06/2025 09:36,2480
******01646 Operational,,"SKB LITTLE FLOWERS SCHOOL, AINAVILLI",,,,Andhra Pradesh,2-Primary with Upper Primary,38-Pvt.Unaided,1 To 7,3-Co-educational,1-Rural,Ainavilli,Ainavilli,,,"4-212, ADARSHA NAGAR AINAVILLI",533211,,,,23/12/2025 16:42,2480
******90935 Operational,,SKPGN GOVT HS RAMACHANDRAPURAM,,,,Andhra Pradesh,7-Upper Pr. and Secondary,10-State Govt.,6 To 10,3-Co-educational,2-Urban,NA,,Ramachandrapuram (M) - Ward No.11,Ramachandrapuram-Municipality,11th WARD RAMACHANDRAPURAM (VILL) RAMACHANDRAPURAM(VILL) RAMACHANDRAPURAM(MANDAL) EAST GODAVARI(DIST),533255,ghs.ramachandrapuram[at]gmail[dot]com,https://kys.udiseplus.gov.in/#/schooldetail/4667335/12,4667335,15/10/2020 12:18,2480
******90109 Permanently Closed,,SKVR MPL PS GARAPATI STREET,,,,Andhra Pradesh,1-Primary,34-MUNCIPAL,1 To 5,3-Co-educational,2-Urban,NA,,Amalapuram (M) - Ward No.7,Amalapuram-Municipality,NA,533201,,https://kys.udiseplus.gov.in/#/schooldetail/4715001/12,4715001,15/10/2020 12:18,2480
******01706 Operational,,SKYLARK EM HIGH SCHOOL,,,,Andhra Pradesh,6-Pr. Up Pr. and Secondary Only,38-Pvt.Unaided,1 To 10,3-Co-educational,1-Rural,Ramachandrapuram,Thotapeta,,,THOTAPETARAMACHANDRAPURAM,533262,skylarkdraksharama[at]gmail[dot]com,https://kys.udiseplus.gov.in/#/schooldetail/4718826/12,4718826,22/06/2024 21:48,2480
******00210 Operational,,"SLARH (EM) HIGH SCHOOL, P.GANNAVARAM",,,,Andhra Pradesh,6-Pr. Up Pr. and Secondary Only,38-Pvt.Unaided,1 To 10,3-Co-educational,1-Rural,P.Gannavaram,Udumudi,,,UDIMUDI UDUMUDI (VILL) UDUMUDI(VILL) P.GANNAVARAM(MANDAL) EAST GODAVARI(DIST),533274,slarhschool[at]rediffmail[dot]com,https://kys.udiseplus.gov.in/#/schooldetail/4667952/12,4667952,22/06/2025 12:11,2480
******00211 Closed,Closed,SLARH HS (EM) UDIMUDI,,,,Andhra Pradesh,7-Upper Pr. and Secondary,38-Pvt.Unaided,6 To 10,3-Co-educational,1-Rural,P.Gannavaram,Udumudi,,,UDIMUDI UDUMUDI (VILL) UDUMUDI(VILL) P.GANNAVARAM(MANDAL) EAST GODAVARI(DIST),533274,slarhemhighschool[at]gmail[dot]com,https://kys.udiseplus.gov.in/#/schooldetail/4667953/12,4667953,01/02/2023 21:38,2480
******90912 Operational,,SLB MPL PS (A) SAVARAM,,,,Andhra Pradesh,1-Primary,34-MUNCIPAL,1 To 2,3-Co-educational,2-Urban,NA,,Ramachandrapuram (M) - Ward No.11,Ramachandrapuram-Municipality,10th WARD RAMACHANDRAPURAM (VILL) RAMACHANDRAPURAM(VILL) RAMACHANDRAPURAM(MANDAL) EAST GODAVARI(DIST),533255,varalakshmidevi36[at]gmail[dot]comcom,https://kys.udiseplus.gov.in/#/schooldetail/4667315/12,4667315,27/01/2023 19:00,2480
******90503 Operational,,SLB MPL PS GANDHI NAGAR STREET,,,,Andhra Pradesh,1-Primary,34-MUNCIPAL,1 To 5,3-Co-educational,2-Urban,NA,,Mandapeta Ward No.24,Mandapeta-Municipality,25th WARD MANDAPETA (VILL) MANDAPETA(VILL) MANDAPETA(MANDAL) EAST GODAVARI(DIST),533308,meomandapeta[at]gmail[dot]com,https://kys.udiseplus.gov.in/#/schooldetail/4666691/12,4666691,31/12/2025 16:43,2480
******90116 Operational,,SLBS MPL PS (K) AGRAHARAM,,,,Andhra Pradesh,1-Primary,34-MUNCIPAL,1 To 5,3-Co-educational,2-Urban,NA,,Amalapuram Ward No. 23,Amalapuram-Municipality,K AGRAHARAM WARD NO23AMALAPURAM (VILL) AMALAPURAM(VILL) AMALAPURAM(MANDAL) EAST GODAVARI(DIST),533229,slbsmpl[at]gmail[dot]com,https://kys.udiseplus.gov.in/#/schooldetail/4668708/12,4668708,21/12/2025 22:43,2480
******90105 Operational,,SL MPL PS ASHOK NAGAR,,,,Andhra Pradesh,1-Primary,34-MUNCIPAL,1 To 5,3-Co-educational,2-Urban,NA,,Amalapuram (M) - Ward No.11,Amalapuram-Municipality,ASHOK NAGAR WARD NO11 AMALAPURAM (VILL) AMALAPURAM(VILL) AMALAPURAM(MANDAL) EAST GODAVARI(DIST),533201,ashokmplps123[at]gmail[dot]com,https://kys.udiseplus.gov.in/#/schooldetail/4668698/12,4668698,21/12/2025 22:31,2480
******90908 Operational,,SMG MPL PS STILWELPETA,,,,Andhra Pradesh,1-Primary,34-MUNCIPAL,1 To 2,3-Co-educational,2-Urban,NA,,Ramachandrapuram (M) - Ward No.2,Ramachandrapuram-Municipality,02nd WARD RAMACHANDRAPURAM (VILL) RAMACHANDRAPURAM(VILL) RAMACHANDRAPURAM(MANDAL) EAST GODAVARI(DIST),533255,smgmpl[at]gmail[dot]com,https://kys.udiseplus.gov.in/#/schooldetail/4667311/12,4667311,27/01/2023 18:58,2480
******02109 Operational,,SMH GOVT HS VEGAYAMMAPETA,,,,Andhra Pradesh,7-Upper Pr. and Secondary,10-State Govt.,6 To 10,3-Co-educational,1-Rural,Ramachandrapuram,Vegayammapeta,,,VEGAYAMMAPETA VEGAYAMMAPETA (VILL) VEGAYAMMAPETA(VILL) RAMACHANDRAPURAM(MANDAL) EAST GODAVARI(DIST),533262,ahs.smvpeta[at]gamil[dot]com,https://kys.udiseplus.gov.in/#/schooldetail/4667296/12,4667296,01/02/2023 21:02,2480
******90924 Operational,,SN MPL PS S SAVARAM,,,,Andhra Pradesh,1-Primary,34-MUNCIPAL,1 To 5,3-Co-educational,2-Urban,NA,,Ramachandrapuram (M) - Ward No.6,Ramachandrapuram-Municipality,06th WARD RAMACHANDRAPURAM (VILL) RAMACHANDRAPURAM(VILL) RAMACHANDRAPURAM(MANDAL) EAST GODAVARI(DIST),533255,,https://kys.udiseplus.gov.in/#/schooldetail/4667326/12,4667326,15/10/2020 12:18,2480
******90517 Operational,,SN MPL PS VEERABHADRA NAGAR,,,,Andhra Pradesh,1-Primary,34-MUNCIPAL,1 To 5,3-Co-educational,2-Urban,NA,,Mandapeta Ward No.1,Mandapeta-Municipality,MANDAPETA(1ST WARD) MANDAPETA (VILL) MANDAPETA(VILL) MANDAPETA(MANDAL) EAST GODAVARI(DIST),533308,meomandaptea[at]gmail[dot]com,https://kys.udiseplus.gov.in/#/schooldetail/4666704/12,4666704,31/12/2025 16:42,2480
******01130 Permanently Closed,,S N M VOCL JR COLLEGEMACHAVARAM,,,,Andhra Pradesh,11-Higher Secondary only/Jr. College,38-Pvt.Unaided,11 To 12,3-Co-educational,1-Rural,Ambajipeta,Machavaram,,,NA,533214,,https://kys.udiseplus.gov.in/#/schooldetail/4714965/12,4714965,15/10/2020 12:18,2480
******00605 Operational,,SOBHANA HS (EM) B SAVARAM,,,,Andhra Pradesh,7-Upper Pr. and Secondary,38-Pvt.Unaided,6 To 10,3-Co-educational,1-Rural,Razole,B. Savaram,,,SIDDHARTHANGAR B. SAVARAM (VILL) B. SAVARAM(VILL) RAZOLE(MANDAL) EAST GODAVARI(DIST),533242,sobhana.frjoseph[at]gmail[dot]com,https://kys.udiseplus.gov.in/#/schooldetail/4669017/12,4669017,15/10/2020 12:18,2480
******00604 Operational,,SOBHANA PS (EM) B SAVARAM,,,,Andhra Pradesh,1-Primary,38-Pvt.Unaided,1 To 5,3-Co-educational,1-Rural,Razole,B. Savaram,,,SIDDHARTHANGAR B. SAVARAM (VILL) B. SAVARAM(VILL) RAZOLE(MANDAL) EAST GODAVARI(DIST),533242,sobhana.frjoseph[at]gmail[dot]com,https://kys.udiseplus.gov.in/#/schooldetail/4669016/12,4669016,15/06/2023 10:23,2480
******01513 Operational,,SONG OF JOY (EM) UPS RYALI,,,,Andhra Pradesh,2-Primary with Upper Primary,38-Pvt.Unaided,1 To 7,3-Co-educational,1-Rural,Atreyapuram,Ryali,,,RYALI RYALI(VILL) RYALI(VILL) ATREYAPURAM(MANDAL) EAST GODAVARI(DIST),533236,songofjoy.ryali[at]gmail[dot]com,https://kys.udiseplus.gov.in/#/schooldetail/4667220/12,4667220,03/09/2025 15:25,2480
******90549 Operational,,SPECIAL AIDED UPS TARAVANIPETA,,,,Andhra Pradesh,2-Primary with Upper Primary,35-Pvt.Aided,1 To 7,3-Co-educational,2-Urban,NA,,Mandapeta Ward No.6,Mandapeta-Municipality,MANDAPETA-MANDAPETA-EAST GODAVARI,533308,,https://kys.udiseplus.gov.in/#/schooldetail/4666722/12,4666722,31/12/2025 16:36,2480
******90516 Operational,,SP MPL PS KONDAPALLIVARI STREET,,,,Andhra Pradesh,1-Primary,34-MUNCIPAL,1 To 2,3-Co-educational,2-Urban,NA,,Mandapeta Ward No.12,Mandapeta-Municipality,13th WARD MANDAPETA (VILL) MANDAPETA(VILL) MANDAPETA(MANDAL) EAST GODAVARI(DIST),533308,JBharathi[at]gmail[dot]com,https://kys.udiseplus.gov.in/#/schooldetail/4666703/12,4666703,31/12/2025 16:42,2480
******90504 Operational,,SP MPL PS SAIDILPETA,,,,Andhra Pradesh,1-Primary,34-MUNCIPAL,1 To 5,3-Co-educational,2-Urban,NA,,Mandapeta Ward No.23,Mandapeta-Municipality,23rd WARD MANDAPETA (VILL) MANDAPETA(VILL) MANDAPETA(MANDAL) EAST GODAVARI(DIST),533308,manikemsc[at]gmail[dot]com,https://kys.udiseplus.gov.in/#/schooldetail/4666692/12,4666692,31/12/2025 16:43,2480
******90138 Operational,,SPPS MPL PS SITAPATIRAOPETA,,,,Andhra Pradesh,1-Primary,34-MUNCIPAL,1 To 2,3-Co-educational,2-Urban,NA,,Amalapuram Ward No. 27,Amalapuram-Municipality,SITAPATHIRAO PETA WARD NO 26 AMALAPURAM (VILL) AMALAPURAM(VILL) AMALAPURAM(MANDAL) EAST GODAVARI(DIST),533201,nsatya.krish[at]gmail[dot]com,https://kys.udiseplus.gov.in/#/schooldetail/4668267/12,4668267,25/12/2025 20:27,2480
******90522 Operational,,SPRING BOARD EM HIGH SCHOOL,,,,Andhra Pradesh,6-Pr. Up Pr. and Secondary Only,38-Pvt.Unaided,1 To 10,3-Co-educational,2-Urban,NA,,Mandapeta Ward No.22,Mandapeta-Municipality,sri krishna chaitanya nagar,533308,sba.mandapeta[at]sb[dot]education,https://kys.udiseplus.gov.in/#/schooldetail/4666709/12,4666709,31/12/2025 16:39,2480
******90156 Operational,,SPRM BLUE HS (EM) (B) AGRAHARAM,,,,Andhra Pradesh,7-Upper Pr. and Secondary,38-Pvt.Unaided,6 To 10,3-Co-educational,2-Urban,NA,,Amalapuram Ward No. 17,Amalapuram-Municipality,BUTCHAMMA AGRAHARAM AMALAPURAM (VILL) AMALAPURAM(VILL) AMALAPURAM(MANDAL) EAST GODAVARI(DIST),533201,blueconvent[at]gmail[dot]com,https://kys.udiseplus.gov.in/#/schooldetail/4668728/12,4668728,25/12/2025 20:32,2480
******90125 Operational,,SPRM BLUE PS (EM) SR CHERUVU,,,,Andhra Pradesh,1-Primary,38-Pvt.Unaided,1 To 5,3-Co-educational,2-Urban,NA,,Amalapuram Ward No. 17,Amalapuram-Municipality,CHILDRENS PARK(S R CHERUVU) AMALAPURAM (VILL) AMALAPURAM(VILL) AMALAPURAM(MANDAL) EAST GODAVARI(DIST),533201,blueconvent[at]gmail[dot]com,https://kys.udiseplus.gov.in/#/schooldetail/4668715/12,4668715,25/12/2025 20:12,2480
******01008 Operational,,SPSB ZPHS TAPESWARAM,,,,Andhra Pradesh,7-Upper Pr. and Secondary,33-MPP_ZPP SCHOOLS,6 To 10,3-Co-educational,1-Rural,Mandapeta,Tapeswaram,,,TAPESWARAM TAPESWARAM (VILL) MANDAPETA(MANDAL) EAST GODAVARI(DIST)AP 533340,533340,zphs.tapeswaram[at]gmail[dot]com,https://kys.udiseplus.gov.in/#/schooldetail/4666667/12,4666667,31/12/2025 16:31,2480
******90501 Permanently Closed,,SPS MPL PS VALLURU VARI STREET,,,,Andhra Pradesh,1-Primary,34-MUNCIPAL,1 To 5,3-Co-educational,2-Urban,NA,,Mandapeta Ward No.20,Mandapeta-Municipality,NA,533308,,https://kys.udiseplus.gov.in/#/schooldetail/4714840/12,4714840,15/10/2020 12:18,2480
******90113 Operational,,SPSR MPL PS MARKET STREET,,,,Andhra Pradesh,1-Primary,34-MUNCIPAL,1 To 5,3-Co-educational,2-Urban,NA,,Amalapuram Ward No. 27,Amalapuram-Municipality,27TH WARD(MARKET STREET) AMALAPURAM (VILL) AMALAPURAM(VILL) AMALAPURAM(MANDAL) EAST GODAVARI(DIST),533201,spsrmplps1948[at]gmail[dot]com,https://kys.udiseplus.gov.in/#/schooldetail/4668705/12,4668705,21/12/2025 22:41,2480
******90909 Operational,,SPSR MPL PS RAJAKOTA,,,,Andhra Pradesh,1-Primary,34-MUNCIPAL,1 To 5,3-Co-educational,2-Urban,NA,,Ramachandrapuram (M) - Ward No.10,Ramachandrapuram-Municipality,09th WARD RAMACHANDRAPURAM (VILL) RAMACHANDRAPURAM(VILL) RAMACHANDRAPURAM(MANDAL) EAST GODAVARI(DIST),533255,meo.ramachandrapuram[at]gmail[dot]com,https://kys.udiseplus.gov.in/#/schooldetail/4667312/12,4667312,17/06/2025 22:16,2480
******01611 Closed,Closed,SPVR AIDED HS DRAKSHARAMA,,,,Andhra Pradesh,7-Upper Pr. and Secondary,35-Pvt.Aided,6 To 10,3-Co-educational,1-Rural,Ramachandrapuram,Draksharama,,,DRAKSHARAMA DRAKSHARAMA (VILL) DRAKSHARAMA(VILL) RAMACHANDRAPURAM(MANDAL) EAST GODAVARI(DIST),533262,ahs.spvrdrm[at]gmail[dot]com,https://kys.udiseplus.gov.in/#/schooldetail/4667267/12,4667267,26/12/2023 16:40,2480
******00715 Permanently Closed,,SRAVANYA UPS (EM) NAGARAM,,,,Andhra Pradesh,2-Primary with Upper Primary,38-Pvt.Unaided,1 To 8,3-Co-educational,1-Rural,Mamidikuduru,Nagaram,,,NA,533247,,https://kys.udiseplus.gov.in/#/schooldetail/4715026/12,4715026,15/10/2020 12:18,2480
******00414 Permanently Closed,,SRBVN HS (EM) RAZOLE,,,,Andhra Pradesh,7-Upper Pr. and Secondary,38-Pvt.Unaided,6 To 10,3-Co-educational,1-Rural,Razole,Razole,,,NA,533242,,https://kys.udiseplus.gov.in/#/schooldetail/4668998/12,4668998,15/10/2020 12:18,2480
******00408 Closed,Closed,SRBVN PS (EM) RAZOLE,,,,Andhra Pradesh,1-Primary,38-Pvt.Unaided,1 To 5,3-Co-educational,1-Rural,Razole,Razole,,,PANCHAYAT RAZOLE (PT) (VILL) RAZOLE (PT)(VILL) RAZOLE(MANDAL) EAST GODAVARI(DIST),533242,,https://kys.udiseplus.gov.in/#/schooldetail/4668994/12,4668994,15/10/2020 12:18,2480
******90927 Operational,,SRCS AIDED UPS RCPURAM,,,,Andhra Pradesh,2-Primary with Upper Primary,35-Pvt.Aided,1 To 7,3-Co-educational,2-Urban,NA,,Ramachandrapuram (M) - Ward No.22,Ramachandrapuram-Municipality,22nd WARD RAMACHANDRAPURAM (VILL) RAMACHANDRAPURAM(VILL) RAMACHANDRAPURAM(MANDAL) EAST GODAVARI(DIST),533255,Srcsaupschool[at]gmail[dot]com,https://kys.udiseplus.gov.in/#/schooldetail/4667329/12,4667329,15/10/2020 12:18,2480
******00904 Closed,Closed,SREE AKSHARA EM UPS,,,,Andhra Pradesh,2-Primary with Upper Primary,38-Pvt.Unaided,1 To 7,3-Co-educational,1-Rural,NA,NA,,,2-11 ADDAMPALLI,533262,,https://kys.udiseplus.gov.in/#/schooldetail/4667771/12,4667771,11/05/2022 20:53,2480
******90169 Permanently Closed,,SREE KONASEEMA HS (EM) KONKAPALLI,,,,Andhra Pradesh,7-Upper Pr. and Secondary,38-Pvt.Unaided,6 To 10,3-Co-educational,2-Urban,NA,,Amalapuram Ward No. 20,Amalapuram-Municipality,NA,533201,,https://kys.udiseplus.gov.in/#/schooldetail/4715009/12,4715009,15/10/2020 12:18,2480
******90135 Permanently Closed,,SREE KONASEEMA PS (EM) KONKAPALLI,,,,Andhra Pradesh,1-Primary,38-Pvt.Unaided,1 To 5,3-Co-educational,2-Urban,NA,,Amalapuram Ward No. 20,Amalapuram-Municipality,NA,533201,,https://kys.udiseplus.gov.in/#/schooldetail/4668721/12,4668721,15/10/2020 12:18,2480
******01705 Operational,,"SREE NETHAJI EM SCHOOL, ALAMURU",,,,Andhra Pradesh,2-Primary with Upper Primary,38-Pvt.Unaided,1 To 7,3-Co-educational,1-Rural,Alamuru,Madiki,,,"3-365 DULLA ROAD, MAIN ROAD ALAMURU",533126,,,,24/12/2025 11:24,2480
******00216 Operational,,SREE SIDDARDHA HS (EM) RAVULAPALEM,,,,Andhra Pradesh,7-Upper Pr. and Secondary,38-Pvt.Unaided,6 To 10,3-Co-educational,1-Rural,Ravulapalem,Ravulapalem,,,6-246 RAVULAPALEM(VILL) RAVULAPALEM(MANDAL) EAST GODAVARI(DIST),533238,srisiddharthaschool.ravulapalem[at]gmail[dot]com,https://kys.udiseplus.gov.in/#/schooldetail/4667671/12,4667671,15/10/2020 12:18,2480
******00809 Operational,,SREE VIDYANIKETAN HS (EM) ANGARA,,,,Andhra Pradesh,7-Upper Pr. and Secondary,38-Pvt.Unaided,6 To 10,3-Co-educational,1-Rural,Kapileswarapuram,Angara,,,ANGARA ANGARA(VILL) ANGARA(VILL) KAPILESWARAPURAM(MANDAL) EAST GODAVARI(DIST),533307,-svn.angara999[at]gmail[dot]com,https://kys.udiseplus.gov.in/#/schooldetail/4667464/12,4667464,15/10/2020 12:18,2480
******00804 Operational,,SREE VIDYANIKETAN PS (EM) ANGARA,,,,Andhra Pradesh,1-Primary,38-Pvt.Unaided,1 To 5,3-Co-educational,1-Rural,Kapileswarapuram,Angara,,,ANGARA ANGARA (VILL) ANGARA(VILL) KAPILESWARAPURAM(MANDAL) EAST GODAVARI(DIST),533307,,https://kys.udiseplus.gov.in/#/schooldetail/4667461/12,4667461,21/04/2023 15:31,2480
******00730 Permanently Closed,,SREE VIDYAVAN HS (EM) MUMMIDIVARAM,,,,Andhra Pradesh,7-Upper Pr. and Secondary,38-Pvt.Unaided,6 To 10,3-Co-educational,2-Urban,NA,,Mummidivaram Ward No.5,Mummidivaram-Town Panchayat,NA,533216,,https://kys.udiseplus.gov.in/#/schooldetail/4714975/12,4714975,15/10/2020 12:18,2480
******00718 Permanently Closed,,SREE VIDYAVAN PS (EM) MUMMIDIVARAM,,,,Andhra Pradesh,1-Primary,38-Pvt.Unaided,1 To 5,3-Co-educational,2-Urban,NA,,Mummidivaram Ward No.5,Mummidivaram-Town Panchayat,NA,533216,,https://kys.udiseplus.gov.in/#/schooldetail/4714973/12,4714973,15/10/2020 12:18,2480
******90937 Operational,,SRG MPL HS PILLAVARI STREET,,,,Andhra Pradesh,7-Upper Pr. and Secondary,34-MUNCIPAL,6 To 10,3-Co-educational,2-Urban,NA,,Ramachandrapuram (M) - Ward No.4,Ramachandrapuram-Municipality,04thWARD RAMACHANDRAPURAM (VILL) RAMACHANDRAPURAM(VILL) RAMACHANDRAPURAM(MANDAL) EAST GODAVARI(DIST),533255,mhs.pillavaristreetrcpm[at]gmail[dot]com,https://kys.udiseplus.gov.in/#/schooldetail/4667337/12,4667337,21/06/2025 09:37,2480
******90520 Operational,,SRH MPL PS TARAVANIPETA,,,,Andhra Pradesh,1-Primary,34-MUNCIPAL,1 To 5,3-Co-educational,2-Urban,NA,,Mandapeta Ward No.6,Mandapeta-Municipality,dr no1-3-1 oppo ZP girls high school Mandapeta EGDT,533308,srh2814[at]gmail[dot]com,https://kys.udiseplus.gov.in/#/schooldetail/4666707/12,4666707,31/12/2025 16:39,2480
******00223 Operational,,SRI ADITYA EM SCHOOL VEDURUPAKA,,,,Andhra Pradesh,2-Primary with Upper Primary,38-Pvt.Unaided,1 To 7,3-Co-educational,1-Rural,Rayavaram,Vedurupaka,,,VEDURUPAKA VEDURUPAKA VILL VEDURUPAKA(VILL) RAYAVARAM(MANDAL) EAST GODAVARI(DIST),533345,bujji7755[at]gmail[dot]com,https://kys.udiseplus.gov.in/#/schooldetail/4667392/12,4667392,26/09/2024 12:02,2480
******90567 Operational,,"SRI ADITYA IDEAL EM HIGH SCHOOL, MANDAPETA",,,,Andhra Pradesh,7-Upper Pr. and Secondary,38-Pvt.Unaided,6 To 10,3-Co-educational,2-Urban,NA,,Mandapeta Ward No.22,Mandapeta-Municipality,ALAMURU ROAD MANDAPETA E.G.DT PIN-533308,533308,saisemschoolmdp[at]gmail[dot]com,https://kys.udiseplus.gov.in/#/schooldetail/4666738/12,4666738,31/12/2025 16:35,2480
******90561 Operational,,"SRI ADITYA IDEAL EM SCHOOL, MANDAPETA",,,,Andhra Pradesh,1-Primary,38-Pvt.Unaided,1 To 5,3-Co-educational,2-Urban,NA,,Mandapeta Ward No.22,Mandapeta-Municipality,ALAMURU ROAD MANDAPETA E.G.DT PIN-533308,533308,saisemschoolmdp[at]gmail[dot]com,https://kys.udiseplus.gov.in/#/schooldetail/4666732/12,4666732,31/12/2025 16:35,2480
******90120 Operational,,SRI ADITYA JUNIOR COLLEGE,,,,Andhra Pradesh,11-Higher Secondary only/Jr. College,38-Pvt.Unaided,11 To 12,3-Co-educational,2-Urban,NA,,Amalapuram Ward No. 17,Amalapuram-Municipality,5-2-47/9b-MARUTHI NAGAR GOLLAGUDEM-AMALAPURAM,533201,srivyshnavijrc03324[at]gmail[dot]com,https://kys.udiseplus.gov.in/#/schooldetail/4718840/12,4718840,23/12/2025 16:10,2480
******90550 Operational,,"SRI ANNAPURNA (EM) HIGH SCHOOL, MANDAPETA",,,,Andhra Pradesh,6-Pr. Up Pr. and Secondary Only,39-Pvt.Unaided (CBSE Syllabus),1 To 10,3-Co-educational,2-Urban,NA,,Mandapeta Ward No.22,Mandapeta-Municipality,17-2-17/1 Alamuru Road Mandapeta,533308,annapurna.cbse[at]gmail[dot]com,https://kys.udiseplus.gov.in/#/schooldetail/4666723/12,4666723,22/12/2025 11:40,2480
******90551 Permanently Closed,,SRI ANNAPURNA PS (EM) ALAMURU ROAD,,,,Andhra Pradesh,1-Primary,38-Pvt.Unaided,1 To 5,3-Co-educational,2-Urban,NA,,Mandapeta Ward No.22,Mandapeta-Municipality,NA,533308,,https://kys.udiseplus.gov.in/#/schooldetail/4714845/12,4714845,15/10/2020 12:18,2480
******00705 Operational,,SRI BALAADITYA UPS (EM) YERRAPOTHAVARAM,,,,Andhra Pradesh,2-Primary with Upper Primary,38-Pvt.Unaided,1 To 7,3-Co-educational,1-Rural,NA,NA,,,Y.POTHAVARAM YERRA POTHAVARAM (VILL) YERRA POTHAVARAM(VILL) K.GANGAVARAM(MANDAL) EAST GODAVARI(DIST),533262,govindarajuk1976[at]gmail[dot]com,https://kys.udiseplus.gov.in/#/schooldetail/4667768/12,4667768,21/04/2023 15:31,2480
******00728 Operational,,SRI BALAJI HS (EM) MUMMIDIVARAM,,,,Andhra Pradesh,7-Upper Pr. and Secondary,38-Pvt.Unaided,6 To 10,3-Co-educational,2-Urban,NA,,Mummidivaram Ward No.18,Mummidivaram-Town Panchayat,MUMMIDIVARAM MUMMIDIVARAM (VILL) MUMMIDIVARAM(VILL) MUMMIDIVARAM(MANDAL) EAST GODAVARI(DIST),533216,admin[at]sribalajiconvent[dot]com,https://kys.udiseplus.gov.in/#/schooldetail/4668264/12,4668264,15/10/2020 12:18,2480
******00612 Sanctioned but not Operational,,SRI BALAJI UPS (EM) AVIDI,,,,Andhra Pradesh,2-Primary with Upper Primary,38-Pvt.Unaided,1 To 7,3-Co-educational,1-Rural,Kothapeta,Avidi,,,AVIDI AVIDI(VILL) AVIDI(VILL) KOTHAPETA(MANDAL) EAST GODAVARI(DIST),533229,sbvnavidi[at]gmail[dot]com,https://kys.udiseplus.gov.in/#/schooldetail/4667895/12,4667895,11/05/2022 05:50,2480
******00721 Operational,,SRI.BALAJI UPS (EM) MUMMIDIVARAM,,,,Andhra Pradesh,1-Primary,38-Pvt.Unaided,1 To 5,3-Co-educational,2-Urban,NA,,Mummidivaram Ward No.18,Mummidivaram-Town Panchayat,MUMMIDIVARAM MUMMIDIVARAM (VILL) MUMMIDIVARAM(VILL) MUMMIDIVARAM(MANDAL) EAST GODAVARI(DIST),533216,admin[at]sribalajiconvent[dot]com,https://kys.udiseplus.gov.in/#/schooldetail/4667824/12,4667824,22/07/2024 13:00,2480
******00110 Closed,Closed,SRI BHASKARA PS (EM) PERAVARAM,,,,Andhra Pradesh,1-Primary,38-Pvt.Unaided,1 To 5,3-Co-educational,1-Rural,Atreyapuram,Peravaram,,,PERAVARAM PERAVARAM PERAVARAM(VILL) ATREYAPURAM(MANDAL) EAST GODAVARI(DIST),533235,-asudheer2011[at]gmail[dot]com,https://kys.udiseplus.gov.in/#/schooldetail/4667585/12,4667585,15/10/2020 12:18,2480
******01025 Operational,,"SRI CHAITANYA (EM) HIGH SCHOOL, DRAKSHARAMA",,,,Andhra Pradesh,6-Pr. Up Pr. and Secondary Only,38-Pvt.Unaided,1 To 10,3-Co-educational,1-Rural,Ramachandrapuram,Draksharama,,,MAIN ROAD DRAKSHARAMA RAMACHANDRAPURAM MANDAL,533262,Draksharamamprincipal[at]srichaitanyaschool[dot]net,https://kys.udiseplus.gov.in/#/schooldetail/4721441/12,4721441,22/06/2024 21:51,2480
******00611 Operational,,SRI CHAITANYA EM SCHOOL,,,,Andhra Pradesh,6-Pr. Up Pr. and Secondary Only,38-Pvt.Unaided,1 To 10,3-Co-educational,1-Rural,Amalapuram,Kamanagaruvu,,,JANGAMPALEM KAMANAGARUVU AMALAPURAM EAST GODAVARI PIN 533213,533213,amalapuram2[at]srichaitanyaschool[dot]net,https://kys.udiseplus.gov.in/#/schooldetail/4718838/12,4718838,23/12/2025 13:24,2480
******01935 Operational,,"SRI CHAITANYA EM SCHOOL, KOTHAPETA",,,,Andhra Pradesh,6-Pr. Up Pr. and Secondary Only,38-Pvt.Unaided,1 To 10,3-Co-educational,1-Rural,Kothapeta,Kothapeta,,,D.NO.3 MAIN ROAD MARUTHI CENTER KOTHAPETA,533223,sivarampharmacy533229[at]gmail[dot]com,,,24/12/2025 11:17,2480
******01625 Operational,,"SRI CHAITANYA EM SCHOOL, NAGARAM",,,,Andhra Pradesh,6-Pr. Up Pr. and Secondary Only,38-Pvt.Unaided,1 To 10,3-Co-educational,1-Rural,Mamidikuduru,Nagaram,,,"NAGARAM MAIN ROAD, MAMIDIKUDURU MANDAL",533247,,https://kys.udiseplus.gov.in/#/schooldetail/4722057/12,4722057,15/07/2025 12:04,2480
******01016 Operational,,SRI CHAITANYA HIGH SCHOOL EM TAPESWARAM,,,,Andhra Pradesh,6-Pr. Up Pr. and Secondary Only,38-Pvt.Unaided,1 To 10,3-Co-educational,1-Rural,Mandapeta,Tapeswaram,,,near veduka function hall,533340,mandapeta2principal[at]srichaitanyaschool[dot]net,https://kys.udiseplus.gov.in/#/schooldetail/4666673/12,4666673,21/04/2023 15:31,2480
******90306 Operational,,SRI CHAITANYA HS (EM) AMALAPURAM,,,,Andhra Pradesh,7-Upper Pr. and Secondary,38-Pvt.Unaided,6 To 10,3-Co-educational,2-Urban,NA,,Amalapuram Ward No. 28,Amalapuram-Municipality,28TH WARD AMALAPURAM AMALAPURAM AMALAPURAM EASTGODAVRI DIST,533201,amalapuram[at]srichaitanyaschool[dot]net,https://kys.udiseplus.gov.in/#/schooldetail/4668762/12,4668762,25/12/2025 21:27,2480
******00808 Operational,,SRI CHAITANYA HS (EM) MOGALIKUDURU,,,,Andhra Pradesh,7-Upper Pr. and Secondary,38-Pvt.Unaided,6 To 10,3-Co-educational,1-Rural,Mamidikuduru,Mogalikuduru,,,MOGALIKUDURU MOGALIKUDURU (VILL) MOGALIKUDURU (VILL) MAMIDIKUDURU(MANDAL) EAST GODAVARI(DIST),533249,rajole[at]srichaitanyaschool[dot]net,https://kys.udiseplus.gov.in/#/schooldetail/4668936/12,4668936,18/07/2022 16:24,2480
******00242 Operational,,SRI CHAITANYA HS (EM) RAVULAPALEM,,,,Andhra Pradesh,7-Upper Pr. and Secondary,38-Pvt.Unaided,6 To 10,3-Co-educational,1-Rural,Ravulapalem,Ravulapalem,,,UBALANKA ROAD-NR ANKLAMMA TEMPLE -RAVULAPALEM-E G DT -533238,533238,ravulapalem[at]srichaitanayaschool[dot]net,https://kys.udiseplus.gov.in/#/schooldetail/4667682/12,4667682,15/10/2020 12:18,2480
******90565 Permanently Closed,,SRICHAITANYA HS (EM) VIJAYALAXMI NAGAR,,,,Andhra Pradesh,7-Upper Pr. and Secondary,38-Pvt.Unaided,6 To 10,3-Co-educational,2-Urban,NA,,Mandapeta Ward No.2,Mandapeta-Municipality,NA,533308,,https://kys.udiseplus.gov.in/#/schooldetail/4666736/12,4666736,15/10/2020 12:18,2480
******00412 Operational,,SRI CHAITANYA HS PASALAPUDI,,,,Andhra Pradesh,6-Pr. Up Pr. and Secondary Only,38-Pvt.Unaided,1 To 10,3-Co-educational,1-Rural,Rayavaram,Pasalapudi,,,PASALAPUDI,533261,ramachandrapuram[at]srichaitanyaschool[dot]net,https://kys.udiseplus.gov.in/#/schooldetail/4667402/12,4667402,16/06/2023 15:21,2480
******00410 Operational,,SRI CHAITANYA JR COLLEGE,,,,Andhra Pradesh,11-Higher Secondary only/Jr. College,38-Pvt.Unaided,11 To 12,3-Co-educational,1-Rural,Razole,Razole,,,SRI CHAITANYA JUNIOR COLLEGE,533242,razoleexam[at]srichaitanyacollege[dot]net,https://kys.udiseplus.gov.in/#/schooldetail/4715033/12,4715033,21/07/2022 15:55,2480
******01327 Operational,,SRI CHAITANYA JUNIOR COLLEGE,,,,Andhra Pradesh,11-Higher Secondary only/Jr. College,38-Pvt.Unaided,11 To 12,3-Co-educational,1-Rural,Amalapuram,Peruru,,,college road amalapuram,533201,srichaitanya.amalapuram[at]gmail[dot]com,https://kys.udiseplus.gov.in/#/schooldetail/4718839/12,4718839,23/12/2025 16:01,2480
******90305 Operational,,SRI CHAITANYA PS (EM) AMALAPURAM,,,,Andhra Pradesh,1-Primary,38-Pvt.Unaided,1 To 5,3-Co-educational,2-Urban,NA,,Amalapuram Ward No. 28,Amalapuram-Municipality,28TH WARD AMALAPURAM AMALAPURAM AMALAPURAM EASTGODAVRI DIST,533201,amalapuram[at]srichaitanyaschool[dot]net,https://kys.udiseplus.gov.in/#/schooldetail/4668761/12,4668761,25/12/2025 21:25,2480
******00807 Operational,,SRI CHAITANYA PS (EM) MOGALIKUDURU,,,,Andhra Pradesh,1-Primary,38-Pvt.Unaided,1 To 5,3-Co-educational,1-Rural,Mamidikuduru,Mogalikuduru,,,MOGALIKUDURU MOGALIKUDURU (VILL) MOGALIKUDURU(VILL) MAMIDIKUDURU(MANDAL) EAST GODAVARI(DIST),533249,rajole[at]srichaitanyaschool[dot]net,https://kys.udiseplus.gov.in/#/schooldetail/4668935/12,4668935,21/04/2023 15:31,2480
******00237 Operational,,SRI CHAITANYA PS (EM) RAVULAPALEM,,,,Andhra Pradesh,1-Primary,38-Pvt.Unaided,1 To 5,3-Co-educational,1-Rural,Ravulapalem,Ravulapalem,,,UBALANKA ROAD-NR ANKALAMMA TEMPLE-RAVULAPALEM-E G DT-533238,533238,ravulapale[at]srichaitanyaschool[dot]net,https://kys.udiseplus.gov.in/#/schooldetail/4667681/12,4667681,21/04/2023 15:31,2480
******90566 Permanently Closed,,SRI CHAITANYA PS (EM) VIJAYA LAXMI NAGAR,,,,Andhra Pradesh,1-Primary,38-Pvt.Unaided,1 To 5,3-Co-educational,2-Urban,NA,,Mandapeta Ward No.2,Mandapeta-Municipality,NA,533308,,https://kys.udiseplus.gov.in/#/schooldetail/4666737/12,4666737,15/10/2020 12:18,2480
******00814 Operational,,SRI CHAITANYA UPS JONNADA,,,,Andhra Pradesh,2-Primary with Upper Primary,38-Pvt.Unaided,1 To 7,3-Co-educational,1-Rural,Alamuru,Jonnada,,,JONNADA ALAMURU(MANDAL) EAST GODAVARI(DIST),533233,balajivasamsetti9[at]gmail[dot]com,https://kys.udiseplus.gov.in/#/schooldetail/4667543/12,4667543,23/09/2024 21:18,2480
******00228 Operational,,SRICHAKRA VOCATIONAL JUNIOR COLLEGE,,,,Andhra Pradesh,11-Higher Secondary only/Jr. College,38-Pvt.Unaided,11 To 12,3-Co-educational,1-Rural,Ravulapalem,Ravulapalem,,,Near RTC Bus Stand Ravulapalem,533238,srichakravocjrcollege[at]gmail[dot]com,https://kys.udiseplus.gov.in/#/schooldetail/4718828/12,4718828,06/08/2024 22:19,2480
******01205 Operational,,SRI CHITANYA EM SCHOOL,,,,Andhra Pradesh,6-Pr. Up Pr. and Secondary Only,38-Pvt.Unaided,1 To 10,3-Co-educational,1-Rural,Sakhinetipalle,Antarvedipalem,,,"NEAR IBP PETROL BUNK, ATRAVEDHIPALEM, SAKHINETIPALLI MANDAL",533251,sakhinetipalli[at]srichaitanyaschool[dot]net,https://kys.udiseplus.gov.in/#/schooldetail/4721626/12,4721626,10/09/2024 12:52,2480
******00216 Operational,,SRI GANAPATHI UPS (EM) ALLAVARAM,,,,Andhra Pradesh,2-Primary with Upper Primary,38-Pvt.Unaided,1 To 7,3-Co-educational,1-Rural,Allavaram,Allavaram,,,ALLAVARAM ALLAVARAM ALLAVARAM(VILL) ALLAVARAM(MANDAL) EAST GODAVARI(DIST),533217,sriganapathiems[at]gmail[dot]com,https://kys.udiseplus.gov.in/#/schooldetail/4668813/12,4668813,19/12/2025 10:44,2480
******00720 Operational,,SRI GEETANJALI EM UPS,,,,Andhra Pradesh,2-Primary with Upper Primary,38-Pvt.Unaided,1 To 7,3-Co-educational,1-Rural,Mamidikuduru,Nagaram,,,BSMURTHY ROAD NAGARAM,533247,srigeethanjalischool[at]Gmail[dot]com,https://kys.udiseplus.gov.in/#/schooldetail/4668929/12,4668929,21/04/2023 15:31,2480
******00221 Permanently Closed,,SRI GOLLAPALLI SURYA RAO JR COLLEGE,,,,Andhra Pradesh,11-Higher Secondary only/Jr. College,38-Pvt.Unaided,11 To 12,3-Co-educational,1-Rural,Allavaram,Allavaram,,,NA,533217,,https://kys.udiseplus.gov.in/#/schooldetail/4715015/12,4715015,15/10/2020 12:18,2480
******00407 Closed,Closed,SRI GOPI UPS (EM) MANDAPETA,,,,Andhra Pradesh,2-Primary with Upper Primary,38-Pvt.Unaided,1 To 7,3-Co-educational,1-Rural,Mandapeta,Dwarapudi,,,SRI GOPI CONVENT STREET DWARAPUDI [VILL] DWARAPUDI(VILL) MANDAPETA(MANDAL) EAST GODAVARI(DIST),533341,SRIGOPI720[at]GMAIL[dot]COM,https://kys.udiseplus.gov.in/#/schooldetail/4666642/12,4666642,15/10/2020 12:18,2480
******01111 Closed,Closed,SRI GOTHAMI UPS (EM) KANDIKUPPA,,,,Andhra Pradesh,2-Primary with Upper Primary,38-Pvt.Unaided,1 To 7,3-Co-educational,1-Rural,Katrenikona,Kandikuppa,,,KANDIKUPPA KANDIKUPPA(VILL) KANDIKUPPA(VILL) KATRENIKONA(MANDAL) EAST GODAVARI(DIST),533212,nvumanagarjuna[at]gmail[dot]com,https://kys.udiseplus.gov.in/#/schooldetail/4668489/12,4668489,11/05/2022 05:58,2480
******00411 Closed,Closed,SRI GOWTHAM PS (EM) MALIKIPURAM,,,,Andhra Pradesh,1-Primary,38-Pvt.Unaided,1 To 5,3-Co-educational,1-Rural,Malikipuram,Malikipuram,,,MALIKIPURAM MALIKIPURAM (VILL) MALIKIPURAM(VILL) MALIKIPURAM(MANDAL) EAST GODAVARI(DIST),533250,principal.mlk[at]gowtham[dot]org,https://kys.udiseplus.gov.in/#/schooldetail/4669083/12,4669083,16/09/2025 16:40,2480
******00410 Operational,,SRI GOWTHAM SCHOOL (EM) MALIKIPURAM,,,,Andhra Pradesh,6-Pr. Up Pr. and Secondary Only,39-Pvt.Unaided (CBSE Syllabus),1 To 10,3-Co-educational,1-Rural,Malikipuram,Malikipuram,,,MALIKIPURAM MALIKIPURAM (VILL) MALIKIPURAM(VILL) MALIKIPURAM(MANDAL) EAST GODAVARI(DIST),533253,principal.mlkp[at]gowtham[dot]org,https://kys.udiseplus.gov.in/#/schooldetail/4669082/12,4669082,10/09/2025 15:50,2480
******90176 Closed,Closed,SRI HAMSA VAHINI UPS (EM) AMALAPURAM,,,,Andhra Pradesh,4-Upper Primary only,38-Pvt.Unaided,6 To 8,3-Co-educational,2-Urban,NA,,Amalapuram Ward No. 23,Amalapuram-Municipality,GOLD SMITH COLONY NEAR SKBR COLLAG AMALAPURAM (M) AMALAPURAM(VILL) AMALAPURAM(MANDAL) EAST GODAVARI(DIST),533201,srihamsavahinischool[at]gmail[dot]com,https://kys.udiseplus.gov.in/#/schooldetail/4668739/12,4668739,11/05/2022 18:39,2480
******00303 Operational,,SRI HARIKA PS (EM) AMUJURU,,,,Andhra Pradesh,1-Primary,38-Pvt.Unaided,1 To 5,3-Co-educational,1-Rural,NA,NA,,,AMJURU AMJURU (VILL) AMJURU(VILL) K.GANGAVARAM(MANDAL) EAST GODAVARI(DIST),533305,,https://kys.udiseplus.gov.in/#/schooldetail/4667754/12,4667754,21/04/2023 15:31,2480
******90532 Operational,,SRI JAWAHARLAL MPL HIGH SCHOOL,,,,Andhra Pradesh,7-Upper Pr. and Secondary,34-MUNCIPAL,6 To 10,3-Co-educational,2-Urban,NA,,Mandapeta Ward No.18,Mandapeta-Municipality,18th WARD RADHAM TEMPLE MANDAPETA TOWN MANDAPETA(MANDAL) EAST GODAVARI(DIST),533308,mhs.radhamtemplemdp[at]gmail[dot]com,https://kys.udiseplus.gov.in/#/schooldetail/4666718/12,4666718,31/12/2025 16:40,2480
******01013 Operational,,SRI KANDIBOINA MARY GRACE VOC JUNIOR COLLEGE,,,,Andhra Pradesh,11-Higher Secondary only/Jr. College,38-Pvt.Unaided,11 To 12,3-Co-educational,1-Rural,Ainavilli,Totharamudi,,,AGRAHARAM ROAD TOTHARAMUDI AINAVILLI MANDAL,533211,,https://kys.udiseplus.gov.in/#/schooldetail/4714969/12,4714969,23/12/2025 16:41,2480
******01109 Permanently Closed,,SRI KESAVA UPS (EM) ANKAMPALEM,,,,Andhra Pradesh,2-Primary with Upper Primary,38-Pvt.Unaided,1 To 7,3-Co-educational,1-Rural,Atreyapuram,Ankampalem,,,NA,533236,,https://kys.udiseplus.gov.in/#/schooldetail/4714924/12,4714924,15/10/2020 12:18,2480
******00305 Closed,Closed,SRI KONASEEMA UPS (EM) VADDICHERUVU,,,,Andhra Pradesh,2-Primary with Upper Primary,38-Pvt.Unaided,1 To 7,3-Co-educational,1-Rural,I. Polavaram,Patha Injaram,,,VADDICHERUVU PATHA INJARAM (VILL) PATHA INJARAM(VILL) I.POLAVARAM(MANDAL) EAST GODAVARI(DIST),533464,srikonaseemauppschool[at]gmail[dot]com,https://kys.udiseplus.gov.in/#/schooldetail/4668337/12,4668337,11/05/2022 18:40,2480
******00408 Operational,,SRI LAKSHMI EM UP SCHOOL,,,,Andhra Pradesh,2-Primary with Upper Primary,38-Pvt.Unaided,1 To 7,3-Co-educational,1-Rural,Alamuru,Narsipudi,,,Mainroad road Narsipudi,533232,srilakshmieducationalsociety[at]gmail[dot]com,https://kys.udiseplus.gov.in/#/schooldetail/4667531/12,4667531,14/06/2023 22:15,2480
******01113 Permanently Closed,,SRI LAKSHMI PS (EM) AINAPURAM,,,,Andhra Pradesh,1-Primary,38-Pvt.Unaided,1 To 5,3-Co-educational,1-Rural,Mummidivaram,Ainapuram,,,NA,533216,,https://kys.udiseplus.gov.in/#/schooldetail/4668319/12,4668319,15/10/2020 12:18,2480
******91001 Operational,,SRI LAKSHMI SARWANI HS (EM) ANNAIPETA,,,,Andhra Pradesh,6-Pr. Up Pr. and Secondary Only,38-Pvt.Unaided,1 To 10,3-Co-educational,1-Rural,Ramachandrapuram,Vegayammapeta,,,2-10 ANNAIPETA,533255,svjuniorcollege03266[at]gmail[dot]com,https://kys.udiseplus.gov.in/#/schooldetail/4667374/12,4667374,21/04/2023 15:31,2480
******01203 Operational,,SRI LAKSHMI UPS PEDAPALLA,,,,Andhra Pradesh,2-Primary with Upper Primary,38-Pvt.Unaided,1 To 7,3-Co-educational,1-Rural,Alamuru,Pedapalle,,,PEDAPALLE(VILL) ALAMURU(MANDAL) EAST GODAVARI(DIST),533232,schoolsrilakshmi203[at]gmail[dot]com,https://kys.udiseplus.gov.in/#/schooldetail/4667571/12,4667571,14/06/2023 22:23,2480
******00453 Operational,,"SRI LAKSHYA EM SCHOOL, MALIKIPURAM",,,,Andhra Pradesh,6-Pr. Up Pr. and Secondary Only,38-Pvt.Unaided,1 To 10,3-Co-educational,1-Rural,Malikipuram,Malikipuram,,,"VISWESWARAYAPYRAM, MALIKIPURAM MANDAL",533254,meo.malikipuram[at]gmail[dot]com,https://kys.udiseplus.gov.in/#/schooldetail/4720871/12,4720871,08/07/2025 19:15,2480
******01407 Operational,,SRI NAKSHATRA SCHOOL,,,,Andhra Pradesh,3-Pr. with Up.Pr. Sec. and H.Sec.,39-Pvt.Unaided (CBSE Syllabus),1 To 12,3-Co-educational,1-Rural,Atreyapuram,Merlapalem,,,TSNR Avenue Opp Mega Water Purifying plant Ankalamma Temple Road Merlapalem Andhra Pradesh 53,533237,srinakshatraschool[at]gmail[dot]com,https://kys.udiseplus.gov.in/#/schooldetail/4667638/12,4667638,30/09/2024 11:40,2480
******00420 Operational,,SRI NAND EM SCHOOL MALIKIPURAM,,,,Andhra Pradesh,6-Pr. Up Pr. and Secondary Only,38-Pvt.Unaided,1 To 10,3-Co-educational,1-Rural,Malikipuram,Malikipuram,,,Near Market Masjid Road Malkipuram,533253,meo.malikipuram[at]gmail[dot]com,https://kys.udiseplus.gov.in/#/schooldetail/4669090/12,4669090,11/03/2024 18:13,2480
******90312 Operational,,SRI NAND HS (EM) AMALAPURAM,,,,Andhra Pradesh,7-Upper Pr. and Secondary,38-Pvt.Unaided,6 To 10,3-Co-educational,2-Urban,NA,,Amalapuram (M) - Ward No.3,Amalapuram-Municipality,BLACK BRIDGE AMALAPURAM AMALAPURAM AMALAPURAM EAST GODAVARI DIST,533201,srinandtechno[at]gmail[dot]com,https://kys.udiseplus.gov.in/#/schooldetail/4668767/12,4668767,25/12/2025 21:19,2480
******90303 Operational,,SRI NAND PS (EM) AMALAPURAM,,,,Andhra Pradesh,1-Primary,38-Pvt.Unaided,1 To 5,3-Co-educational,2-Urban,NA,,Amalapuram (M) - Ward No.3,Amalapuram-Municipality,NEAR BLACK BRIDGE AMALAPURAM AMALAPURAM AMALAPURAM EASTGODAVARI DIST,533201,srinandtechno[at]gmail[dot]com,https://kys.udiseplus.gov.in/#/schooldetail/4668760/12,4668760,25/12/2025 21:24,2480
******00230 Permanently Closed,,SRI NARAYANA VIDYALAYA,,,,Andhra Pradesh,1-Primary,61-Unrecognised Schools,1 To 5,3-Co-educational,1-Rural,Sakhinetipalle,Sakhinetipalle,,,NA,533252,,https://kys.udiseplus.gov.in/#/schooldetail/4715047/12,4715047,15/10/2020 12:18,2480
******01221 Operational,,SRI PADMA PS (EM) SAPEVARIPALLI,,,,Andhra Pradesh,1-Primary,38-Pvt.Unaided,1 To 5,3-Co-educational,1-Rural,Katrenikona,Pallamkurru,,,SAPEVARIPALLI PALLAMKURRU (VILL) PALLAMKURRU(VILL) KATRENIKONA(MANDAL) EAST GODAVARI(DIST),533212,,https://kys.udiseplus.gov.in/#/schooldetail/4668507/12,4668507,28/09/2024 09:58,2480
******90510 Operational,,SRI POTTI SRIRAMULU MPL PS,,,,Andhra Pradesh,1-Primary,34-MUNCIPAL,1 To 5,3-Co-educational,2-Urban,NA,,Mandapeta Ward No.22,Mandapeta-Municipality,YEDITHA ROAD RGK COLONY,533308,sripottisriramulu[at]gmail[dot]com,https://kys.udiseplus.gov.in/#/schooldetail/4666697/12,4666697,31/12/2025 16:41,2480
******00405 Permanently Closed,,SRI PRAGATHI UPS (EM) YEDURLANKA,,,,Andhra Pradesh,2-Primary with Upper Primary,38-Pvt.Unaided,1 To 7,3-Co-educational,1-Rural,I. Polavaram,Yedurulanka,,,NA,533464,,https://kys.udiseplus.gov.in/#/schooldetail/4668341/12,4668341,15/10/2020 12:18,2480
******01125 Operational,,SRI RAGHAVENDRA HS ALAMURU,,,,Andhra Pradesh,6-Pr. Up Pr. and Secondary Only,38-Pvt.Unaided,1 To 10,3-Co-educational,1-Rural,Alamuru,Alamuru,,,Alamuru Alamuru Mandal Indian Bank Street Near Water Tank East Godavari District,533233,sriraghavendraemschool865[at]gmail[dot]com,https://kys.udiseplus.gov.in/#/schooldetail/4667564/12,4667564,14/06/2023 22:21,2480
******01106 Permanently Closed,,SRI RAGHAVENDRA PS ALAMURU,,,,Andhra Pradesh,1-Primary,38-Pvt.Unaided,1 To 5,3-Co-educational,1-Rural,Alamuru,Alamuru,,,NA,533233,,https://kys.udiseplus.gov.in/#/schooldetail/4714922/12,4714922,15/10/2020 12:18,2480
******90185 Operational,,SRI RAGHAVENDRA UPS (EM) KONKAPALLI,,,,Andhra Pradesh,2-Primary with Upper Primary,38-Pvt.Unaided,1 To 7,3-Co-educational,2-Urban,NA,,Amalapuram Ward No. 19,Amalapuram-Municipality,MEHARBABA ST. KONKAPALLI AMALAPURAM (M) AMALAPURAM(VILL) AMALAPURAM(MANDAL) EAST GODAVARI(DIST),533201,sriraghavendraem8[at]gmail[dot]com,https://kys.udiseplus.gov.in/#/schooldetail/4668743/12,4668743,25/12/2025 20:49,2480
******90977 Permanently Closed,,SRI RAGHAVENDRA UPS (EM) RCPURAM,,,,Andhra Pradesh,2-Primary with Upper Primary,38-Pvt.Unaided,1 To 7,3-Co-educational,2-Urban,NA,,Ramachandrapuram (M) - Ward No.11,Ramachandrapuram-Municipality,NA,533255,,https://kys.udiseplus.gov.in/#/schooldetail/4667360/12,4667360,15/10/2020 12:18,2480
******01713 Operational,,SRI RAMA HS (EM) SAVARAPPALEM,,,,Andhra Pradesh,6-Pr. Up Pr. and Secondary Only,38-Pvt.Unaided,1 To 10,3-Co-educational,1-Rural,Amalapuram,Vanne Chintalapudi,,,"R.S.No.244-1, SAMANASA, AMALAPURAM MANDAL",533213,sresplganesh[at]gmail[dot]com,https://kys.udiseplus.gov.in/#/schooldetail/4668693/12,4668693,23/12/2025 16:07,2480
******00808 Operational,,SRI RAMA KRISHNA (EM) HS ANGARA WEST KANDRIGA,,,,Andhra Pradesh,6-Pr. Up Pr. and Secondary Only,38-Pvt.Unaided,1 To 10,3-Co-educational,1-Rural,Kapileswarapuram,Angara,,,"WEST KHANDRIKA VILLAGE, KAPILESWARAPURAM(MANDAL) EAST GODAVARI(DIST)",533307,bhanusree1414[at]gmail[dot]com,https://kys.udiseplus.gov.in/#/schooldetail/4667042/12,4667042,25/09/2024 15:04,2480
******00109 Closed,Closed,SRI RAMA UPS (EM) UBALANKA,,,,Andhra Pradesh,2-Primary with Upper Primary,38-Pvt.Unaided,1 To 7,3-Co-educational,1-Rural,Ravulapalem,Ubalanka,,,UBALANKA UBALANKA (VILL) UBALANKA(VILL) RAVULAPALEM(MANDAL) EAST GODAVARI(DIST),533237,,https://kys.udiseplus.gov.in/#/schooldetail/4667651/12,4667651,15/10/2020 12:18,2480
******90949 Closed,Closed,SRIRAM UPS (EM) RCPURAM,,,,Andhra Pradesh,2-Primary with Upper Primary,38-Pvt.Unaided,1 To 7,3-Co-educational,2-Urban,NA,,Ramachandrapuram (M) - Ward No.12,Ramachandrapuram-Municipality,12TH WARD RAMACHANDRAPURAM (VILL) RAMACHANDRAPURAM(VILL) RAMACHANDRAPURAM(MANDAL) EAST GODAVARI(DIST),533255,chappidisriramapratap[at]gmail[dot]com,https://kys.udiseplus.gov.in/#/schooldetail/4667345/12,4667345,11/05/2022 14:25,2480
******00595 Operational,,SRI RAVI TEJA JUNIOR COLLEGE,,,,Andhra Pradesh,11-Higher Secondary only/Jr. College,38-Pvt.Unaided,11 To 12,3-Co-educational,1-Rural,Amalapuram,Edarapalle,,,"NEAR BUS COMPLEX ,EDARAPALLI",533201,meo.amalapuram1[at]gmail[dot]com,https://kys.udiseplus.gov.in/#/schooldetail/4721034/12,4721034,25/12/2025 21:51,2480
******00513 Permanently Closed,,SRI RC VIDYA SADAN HS (EM) PULLETIKURRU,,,,Andhra Pradesh,7-Upper Pr. and Secondary,38-Pvt.Unaided,6 To 10,3-Co-educational,1-Rural,Ambajipeta,Pulletikurru,,,NA,533239,,https://kys.udiseplus.gov.in/#/schooldetail/4668068/12,4668068,15/10/2020 12:18,2480
******00515 Permanently Closed,,SRI R C VIDYA SADAN PS (EM) PULLETIKURRU,,,,Andhra Pradesh,1-Primary,38-Pvt.Unaided,1 To 5,3-Co-educational,1-Rural,Ambajipeta,Pulletikurru,,,NA,533239,,https://kys.udiseplus.gov.in/#/schooldetail/4668069/12,4668069,15/10/2020 12:18,2480
******00608 Closed,Closed,SRI SAI CHAITANYA PB SCH MACHAVARAM,,,,Andhra Pradesh,2-Primary with Upper Primary,38-Pvt.Unaided,1 To 8,3-Co-educational,1-Rural,Rayavaram,Machavaram,,,MACHAVARAM MACHAVARAM (PT) (VILL) MACHAVARAM (PT) VILL RAYAVARAM (MANDAL) EAST GODAVARI(DIST),533261,srisaichaitanyaps[at]gmail[dot]com,https://kys.udiseplus.gov.in/#/schooldetail/4667419/12,4667419,11/05/2022 13:01,2480
******01121 Operational,,SRI SAI CHAITANYA PS (EM) MULASTHANA AGRAHARAM,,,,Andhra Pradesh,1-Primary,38-Pvt.Unaided,1 To 5,3-Co-educational,1-Rural,Alamuru,Mulastana Agraharam,,,MULASTHANA AGRAHARAM VILLAGE ALAMURU MANDAL EAST GODAVARI DIST,533233,jollasrinivasu[at]gmail[dot]com,https://kys.udiseplus.gov.in/#/schooldetail/4667561/12,4667561,21/04/2023 15:31,2480
******90546 Closed,Closed,SRI SAI DURGA UPS (EM) PEDDA GOLLAPUNTHA,,,,Andhra Pradesh,2-Primary with Upper Primary,38-Pvt.Unaided,1 To 7,3-Co-educational,2-Urban,NA,,Mandapeta Ward No.9,Mandapeta-Municipality,PEDDA GOLLAPUNTHA MANDAPETA MANDAPETA(VILL) MANDAPETA(MANDAL) EAST GODAVARI(DIST),533308,,https://kys.udiseplus.gov.in/#/schooldetail/4666721/12,4666721,15/10/2020 12:18,2480
******00906 Operational,,SRI SAI HS (EM) MURAMALLA,,,,Andhra Pradesh,7-Upper Pr. and Secondary,38-Pvt.Unaided,6 To 10,3-Co-educational,1-Rural,I. Polavaram,Muramalla,,,MURAMALLA MURAMALLA(VILL) MURAMALLA(VILL) I.POLAVARAM(MANDAL) EAST GODAVARI(DIST),533220,srisaischool405[at]gmail[dot]com,https://kys.udiseplus.gov.in/#/schooldetail/4668395/12,4668395,09/05/2022 18:56,2480
******01315 Operational,,SRI SAI LITTLE PS (EM) T.CHALLAPALLE,,,,Andhra Pradesh,1-Primary,38-Pvt.Unaided,1 To 5,3-Co-educational,1-Rural,Uppalaguptam,T. Challapalle,,,T.CHALLAPALLE T. CHALLAPALLE (VILL) T. CHALLAPALLE(VILL) UPPALAGUPTAM(MANDAL) EAST GODAVARI(DIST),533213,sslfschool6[at]gmail[dot]com,https://kys.udiseplus.gov.in/#/schooldetail/4668604/12,4668604,07/01/2026 09:05,2480
******00903 Operational,,SRI SAI PS (EM) MURAMALLA,,,,Andhra Pradesh,1-Primary,38-Pvt.Unaided,1 To 5,3-Co-educational,1-Rural,I. Polavaram,Muramalla,,,MURAMALLA MURAMALLA (VILL) MURAMALLA(VILL) I.POLAVARAM(MANDAL) EAST GODAVARI(DIST),533220,srisaischool405[at]gmail[dot]com,https://kys.udiseplus.gov.in/#/schooldetail/4668392/12,4668392,21/04/2023 15:31,2480
******01412 Operational,,SRI SAIRAM EM UPS YEDIDA,,,,Andhra Pradesh,2-Primary with Upper Primary,38-Pvt.Unaided,1 To 7,3-Co-educational,1-Rural,Mandapeta,Yeditha,,,SITHANAGARAM ROAD,533234,sairambabu_vignan[at]yahoo[dot]com,https://kys.udiseplus.gov.in/#/schooldetail/4666690/12,4666690,21/04/2023 15:31,2480
******01010 Closed,Closed,SRI SAI RAM PS (EM) TAPESWARAM,,,,Andhra Pradesh,1-Primary,38-Pvt.Unaided,1 To 5,3-Co-educational,1-Rural,Mandapeta,Tapeswaram,,,TAPESWARAM TAPESWARAM(VILL) TAPESWARAM(VILL) MANDAPETA(MANDAL) EAST GODAVARI(DIST),533340,,https://kys.udiseplus.gov.in/#/schooldetail/4666669/12,4666669,15/10/2020 12:18,2480
******00205 Operational,,SRI SAIRAM VIDYANIKETAN UPS MADIKI,,,,Andhra Pradesh,2-Primary with Upper Primary,38-Pvt.Unaided,1 To 7,3-Co-educational,1-Rural,Alamuru,Madiki,,,MADIKI MADIKI MADIKI(VILL) ALAMURU(MANDAL) EAST GODAVARI(DIST),533126,misalamuru[at]gmail[dot]com,https://kys.udiseplus.gov.in/#/schooldetail/4667513/12,4667513,21/04/2023 15:31,2480
******00613 Operational,,SRI SAI SASI UPS (EM) AVIDI,,,,Andhra Pradesh,2-Primary with Upper Primary,38-Pvt.Unaided,1 To 7,3-Co-educational,1-Rural,Kothapeta,Avidi,,,AVIDI AVIDI(VILL) AVIDI(VILL) KOTHAPETA(MANDAL) EAST GODAVARI(DIST),533229,saisasi333[at]gmail[dot]com,https://kys.udiseplus.gov.in/#/schooldetail/4667896/12,4667896,21/04/2023 15:31,2480
******01214 Permanently Closed,,SRI SAI TEJA UPS (EM) PONNAMANDA,,,,Andhra Pradesh,2-Primary with Upper Primary,38-Pvt.Unaided,1 To 8,3-Co-educational,1-Rural,Razole,Ponnamanda,,,NA,533248,,https://kys.udiseplus.gov.in/#/schooldetail/4715038/12,4715038,15/10/2020 12:18,2480
******00810 Operational,,SRI SAI UPS (EM) ANGARA,,,,Andhra Pradesh,2-Primary with Upper Primary,38-Pvt.Unaided,1 To 7,3-Co-educational,1-Rural,Kapileswarapuram,Angara,,,D NO 2-60 ANGARA ANGARA(VILL) ANGARA(VILL) KAPILESWARAPURAM(MANDAL) EAST GODAVARI(DIST),533307,ssgraju3[at]gmail[dot]com,https://kys.udiseplus.gov.in/#/schooldetail/4667465/12,4667465,21/04/2023 15:31,2480
******00907 Closed,Closed,SRI SAI UPS (EM) MUNGANDA,,,,Andhra Pradesh,2-Primary with Upper Primary,38-Pvt.Unaided,1 To 7,3-Co-educational,1-Rural,P.Gannavaram,Munganda,,,2-74 PANDITARAYA STREET SAI CONVENT MUNGANDA,533214,prasannamanda8[at]gmail[dot]com,https://kys.udiseplus.gov.in/#/schooldetail/4668009/12,4668009,15/10/2020 12:18,2480
******00227 Operational,,SRI SAMHITHA JUNIOR COLLEGE,,,,Andhra Pradesh,11-Higher Secondary only/Jr. College,38-Pvt.Unaided,11 To 12,3-Co-educational,1-Rural,Ravulapalem,Ravulapalem,,,8-1170 BESIDE NARAYANA SCHOOL RAVULAPALEM ( V ) RAVULAPALEM ( M ) Dr. B.R.Ambedkar Konaseema ( Dt ),533238,srisamhitha03507[at]gmail[dot]com,https://kys.udiseplus.gov.in/#/schooldetail/4718827/12,4718827,21/08/2024 18:35,2480
******90540 Operational,,SRI SANTHI HS (EM) NEAR KACHERISAVADI,,,,Andhra Pradesh,7-Upper Pr. and Secondary,38-Pvt.Unaided,6 To 10,3-Co-educational,2-Urban,NA,,Mandapeta Ward No.17,Mandapeta-Municipality,MANDAPETA(18TH WARD) MANDAPETA(V) (A V K MANDAPAM) MANDAPETA(VILL) MANDAPETA(MANDAL) EAST GODAVARI(DIST),533308,srisanthiemschool[at]gmail[dot]com,https://kys.udiseplus.gov.in/#/schooldetail/4666324/12,4666324,31/12/2025 16:33,2480
******90514 Operational,,SRI SANTHI PS (EM) NEAR KACHERISAVADI,,,,Andhra Pradesh,1-Primary,38-Pvt.Unaided,1 To 5,3-Co-educational,2-Urban,NA,,Mandapeta Ward No.18,Mandapeta-Municipality,MANDAPETA(18TH WARD) MANDAPETA(VIL)(A V K MANDAPAM) MANDAPETA(VILL) MANDAPETA(MANDAL) EAST GODAVARI(DIST),533308,srisanthiemschool[at]gmail[dot]com,https://kys.udiseplus.gov.in/#/schooldetail/4666701/12,4666701,31/12/2025 16:42,2480
******00607 Permanently Closed,,SRI SANTHI UPS (EM) MACHAVARAM,,,,Andhra Pradesh,2-Primary with Upper Primary,38-Pvt.Unaided,1 To 7,3-Co-educational,1-Rural,Rayavaram,Machavaram,,,NA,533261,,https://kys.udiseplus.gov.in/#/schooldetail/4667418/12,4667418,15/10/2020 12:18,2480
******00410 Permanently Closed,,SRI SANTHOSHI VN UPS (EM) NEAR KACHERISAVADI,,,,Andhra Pradesh,2-Primary with Upper Primary,38-Pvt.Unaided,1 To 7,3-Co-educational,1-Rural,Mandapeta,Dwarapudi,,,NA,533341,,https://kys.udiseplus.gov.in/#/schooldetail/4714837/12,4714837,15/10/2020 12:18,2480
******01011 Operational,,SRI SARADA HS (EM) GOPALAPURAM,,,,Andhra Pradesh,6-Pr. Up Pr. and Secondary Only,38-Pvt.Unaided,1 To 10,3-Co-educational,1-Rural,Ravulapalem,Gopalapuram,,,GOPLAPURAM MAIN ROAD GOPALAPURAM (VILL) GOPALAPURAM (VILL) RAVULAPALEM(MANDAL) EAST GODAVARI(DIST),533274,srisaradapublicschool[at]gmail[dot]com,https://kys.udiseplus.gov.in/#/schooldetail/4667745/12,4667745,16/06/2023 15:21,2480
******00713 Permanently Closed,,SRI SARADA HS (EM) PATHA GANNAVARAM,,,,Andhra Pradesh,7-Upper Pr. and Secondary,38-Pvt.Unaided,6 To 10,3-Co-educational,1-Rural,P.Gannavaram,Patha Gannavaram,,,NA,533240,,https://kys.udiseplus.gov.in/#/schooldetail/4714954/12,4714954,15/10/2020 12:18,2480
******00708 Closed,Closed,SRI SARADA PS (EM) PATHA GANNAVARAM,,,,Andhra Pradesh,1-Primary,38-Pvt.Unaided,1 To 5,3-Co-educational,1-Rural,P.Gannavaram,Patha Gannavaram,,,PATHAGANNAVARAM PATHA GANNAVARAM (VILL) PATHA GANNAVARAM(VILL) P.GANNAVARAM(MANDAL) EAST GODAVARI(DIST),533240,srisaradaem[at]yahoo[dot]com,https://kys.udiseplus.gov.in/#/schooldetail/4667984/12,4667984,11/05/2022 18:41,2480
******00216 Operational,,SRI SARADA UPS (EM) MOLLI,,,,Andhra Pradesh,2-Primary with Upper Primary,38-Pvt.Unaided,1 To 7,3-Co-educational,1-Rural,Mummidivaram,Tanelanka,,,MOLLI TANELANKA(VILL) TANELANKA(VILL) MUMMIDIVARAM(MANDAL) EAST GODAVARI(DIST),533216,srisaradaupschool[at]gmail[dot]com,https://kys.udiseplus.gov.in/#/schooldetail/4668224/12,4668224,21/04/2023 15:31,2480
******00515 Operational,,SRI SARADA VN UPS (EM) BHYRAVAPALEM,,,,Andhra Pradesh,2-Primary with Upper Primary,38-Pvt.Unaided,1 To 7,3-Co-educational,1-Rural,I. Polavaram,Guthinadeevi,,,BHYRAVAPALEM GUTHINADEEVI I POLAVARAM MANDAL EAST GODAVARI ANDHRA PRADESH 533464,533464,knprasad2837[at]gmail[dot]com,https://kys.udiseplus.gov.in/#/schooldetail/4668355/12,4668355,01/02/2023 17:05,2480
******01911 Operational,,"SRI SARANYA UP SCHOOL, K GANGAVARAM",,,,Andhra Pradesh,2-Primary with Upper Primary,38-Pvt.Unaided,1 To 7,3-Co-educational,1-Rural,NA,NA,,,NEAR VINAYAKA TEMPEL K GANGAVARAM,533305,krishna47kittu[at]gmail[dot]com,,,10/12/2025 19:45,2480
******90173 Operational,,SRI SARASWATHI (SM) PS (EM) AMALAPURAM,,,,Andhra Pradesh,1-Primary,38-Pvt.Unaided,1 To 5,3-Co-educational,2-Urban,NA,,Amalapuram (M) - Ward No.5,Amalapuram-Municipality,N.T.R. Marg Near Red Bridge AMALAPURAM (M) AMALAPURAM(VILL) AMALAPURAM(MANDAL) EAST GODAVARI(DIST),533201,ssm.ampm[at]gmail[dot]com,https://kys.udiseplus.gov.in/#/schooldetail/4668738/12,4668738,25/12/2025 20:47,2480
******00113 Operational,,SRI SARASWATHI UPS (EM) D KESAVARAM,,,,Andhra Pradesh,2-Primary with Upper Primary,38-Pvt.Unaided,1 To 7,3-Co-educational,1-Rural,Mandapeta,Kesavaram,,,D. KESHAVARAM KESAVARAM ( VILL) KESAVARAM(VILL) MANDAPETA(MANDAL) EAST GODAVARI(DIST),533341,PSEETHARAM[at]gmail[dot]com,https://kys.udiseplus.gov.in/#/schooldetail/4666220/12,4666220,22/12/2025 11:38,2480
******00214 Operational,,SRI SARASWATHI VIDYALAYA HS (EM) BHEEMANAPALLI,,,,Andhra Pradesh,6-Pr. Up Pr. and Secondary Only,38-Pvt.Unaided,1 To 10,3-Co-educational,1-Rural,Uppalaguptam,Bheemanapalle,,,BHEEMANAPALLI BHEEMANAPALLI(VILL) BHEEMANAPALLI(VILL) UPPALAGUPTAM(MANDAL) EAST GODAVARI(DIST),533222,kiranmaipurna8045[at]gmail[dot]com,https://kys.udiseplus.gov.in/#/schooldetail/4668535/12,4668535,07/01/2026 08:44,2480
******01203 Closed,Closed,SRI SARASWATHI VIDYALAYAM EM UPS GOPAVARAM,,,,Andhra Pradesh,2-Primary with Upper Primary,38-Pvt.Unaided,1 To 7,3-Co-educational,1-Rural,Uppalaguptam,Gopavaram,,,GOPAVARAM VILLAGE UPPALAGUPTAM MANDAL EAST GODAVARI DISTRICT,533213,,https://kys.udiseplus.gov.in/#/schooldetail/4668585/12,4668585,11/05/2022 20:51,2480
******01512 Operational,,SRI SARASWATI VIDYA NIKETHAN VELAMPALEM,,,,Andhra Pradesh,6-Pr. Up Pr. and Secondary Only,38-Pvt.Unaided,1 To 10,3-Co-educational,1-Rural,Ramachandrapuram,Velampalem,,,velampalem VELAMPALEM (VILL) VELAMPALEM(VILL) RAMACHANDRAPURAM(MANDAL) EAST GODAVARI(DIST),533262,srisirisaraswathiedusociety[at]gmail[dot]com,https://kys.udiseplus.gov.in/#/schooldetail/4667258/12,4667258,21/04/2023 15:31,2480
******01134 Operational,,SRI SATHGURU EM UP SCHOOL,,,,Andhra Pradesh,2-Primary with Upper Primary,38-Pvt.Unaided,1 To 7,3-Co-educational,1-Rural,Alamuru,Alamuru,,,1-71 Opp TTD Alamuru,533233,srisathguruemupschool[at]gmail[dot]com,https://kys.udiseplus.gov.in/#/schooldetail/4667568/12,4667568,21/04/2023 15:31,2480
******00204 Operational,,SRI SATYA ACADEMY UPS (EM) RAJAVARAM,,,,Andhra Pradesh,2-Primary with Upper Primary,38-Pvt.Unaided,1 To 7,3-Co-educational,1-Rural,Atreyapuram,Rajavaram,,,RAJAVARAM ATREYAPURAM MANDAL EAST GODAVARI 533235,533235,srisatya568[at]gmail[dot]com,https://kys.udiseplus.gov.in/#/schooldetail/4667591/12,4667591,14/06/2023 22:29,2480
******01513 Permanently Closed,,SRI SATYA GANGA UPS (EM) DANGERU,,,,Andhra Pradesh,2-Primary with Upper Primary,38-Pvt.Unaided,1 To 7,3-Co-educational,9-NA,NA,,,,NA,533263,,https://kys.udiseplus.gov.in/#/schooldetail/4667782/12,4667782,15/10/2020 12:18,2480
******00505 Operational,,SRI SATYA JYOTHI HS (EM) BELLAMPUDI,,,,Andhra Pradesh,7-Upper Pr. and Secondary,38-Pvt.Unaided,6 To 10,3-Co-educational,1-Rural,P.Gannavaram,Bellampudi,,,BELLAMPUDI BELLAMPUDI (VILL) BELLAMPUDI(VILL) P.GANNAVARAM(MANDAL) EAST GODAVARI(DIST),533240,srisatyajyothi[at]gmail[dot]com,https://kys.udiseplus.gov.in/#/schooldetail/4667974/12,4667974,18/07/2022 15:03,2480
******00504 Operational,,SRI SATYA JYOTHI PS (EM) BELLAMPUDI,,,,Andhra Pradesh,1-Primary,38-Pvt.Unaided,1 To 5,3-Co-educational,1-Rural,P.Gannavaram,Bellampudi,,,BELLAMPUDI BELLAMPUDI (VILL) BELLAMPUDI(VILL) P.GANNAVARAM(MANDAL) EAST GODAVARI(DIST),533240,srisatyajyothi9[at]gmail[dot]com,https://kys.udiseplus.gov.in/#/schooldetail/4667973/12,4667973,21/04/2023 15:31,2480
******00815 Operational,,SRI SATYAM UPS JONNADA,,,,Andhra Pradesh,2-Primary with Upper Primary,38-Pvt.Unaided,1 To 7,3-Co-educational,1-Rural,Alamuru,Jonnada,,,JONNADA JONNADA JONNADA(VILL) ALAMURU(MANDAL) EAST GODAVARI(DIST),533233,murthychippada[at]gmail[dot]com,https://kys.udiseplus.gov.in/#/schooldetail/4667544/12,4667544,15/06/2023 09:21,2480
******00215 Operational,,SRI SATYA SAI HS (EM) RAVULAPALEM,,,,Andhra Pradesh,7-Upper Pr. and Secondary,38-Pvt.Unaided,6 To 10,3-Co-educational,1-Rural,Ravulapalem,Ravulapalem,,,D No 6-370 RAVULAPALEM RAVULAPALEM (VILL) RAVULAPALEM(VILL) RAVULAPALEM(MANDAL) EAST GODAVARI(DIST),533238,srisatyasaischool[at]gmail[dot]com,https://kys.udiseplus.gov.in/#/schooldetail/4667670/12,4667670,15/10/2020 12:18,2480
******00206 Operational,,SRI SATYA SAI PS (EM) RAVULAPALEM,,,,Andhra Pradesh,1-Primary,38-Pvt.Unaided,1 To 5,3-Co-educational,1-Rural,Ravulapalem,Ravulapalem,,,D No 6-370 RAVULAPALEM RAVULAPALEM (VILL) RAVULAPALEM(VILL) RAVULAPALEM(MANDAL) EAST GODAVARI(DIST),533238,srisatyasaischool[at]gmail[dot]com,https://kys.udiseplus.gov.in/#/schooldetail/4667656/12,4667656,16/06/2023 15:21,2480
******00743 Permanently Closed,,SRI SATYA SAI UPS (EM) MUMMIDIVARAM,,,,Andhra Pradesh,2-Primary with Upper Primary,38-Pvt.Unaided,1 To 7,3-Co-educational,2-Urban,NA,,Mummidivaram Ward No.5,Mummidivaram-Town Panchayat,NA,533201,,https://kys.udiseplus.gov.in/#/schooldetail/4714978/12,4714978,15/10/2020 12:18,2480
******00810 Operational,,SRI SATYA SAI UPS (EM) N KOTHAPALLI,,,,Andhra Pradesh,2-Primary with Upper Primary,38-Pvt.Unaided,1 To 7,3-Co-educational,1-Rural,Uppalaguptam,Nimmakayala Kothapalle,,,N KOTHAPALLI N KOTHAPALLI VILLAGE NIMMAKAYALA KOTHAPALLI(VILL) UPPALAGUPTAM(MANDAL) EAST GODAVARI(DIST),533222,,https://kys.udiseplus.gov.in/#/schooldetail/4668554/12,4668554,07/01/2026 08:50,2480
******00812 Permanently Closed,,SRI SATYAVANI UPS (EM) BANAPURAM,,,,Andhra Pradesh,2-Primary with Upper Primary,38-Pvt.Unaided,1 To 7,3-Co-educational,1-Rural,I. Polavaram,I. Polavaram,,,NA,533220,,https://kys.udiseplus.gov.in/#/schooldetail/4668389/12,4668389,15/10/2020 12:18,2480
******90122 Operational,,SRI SATYAVANI UPS (EM) MOBERLYPETA,,,,Andhra Pradesh,2-Primary with Upper Primary,38-Pvt.Unaided,1 To 7,3-Co-educational,2-Urban,NA,,Amalapuram (M) - Ward No.4,Amalapuram-Municipality,MOBERLYPET AMALAPURAM (VILL) AMALAPURAM(VILL) AMALAPURAM(MANDAL) EAST GODAVARI(DIST),533201,srisatyadeva56[at]gmail[dot]com,https://kys.udiseplus.gov.in/#/schooldetail/4668713/12,4668713,23/12/2025 16:49,2480
******01122 Operational,,"SRI SATYA VIDYANIKETAN, CHEMUDULANKA",,,,Andhra Pradesh,6-Pr. Up Pr. and Secondary Only,38-Pvt.Unaided,1 To 10,3-Co-educational,1-Rural,Alamuru,Chemudu Lanka,,,Madiki Alarmurumandal E.G.dt Ap,533126,srisatyavidyanikethan[at]gmail[dot]com,https://kys.udiseplus.gov.in/#/schooldetail/4667562/12,4667562,01/07/2024 15:46,2480
******00511 Operational,,SRI SEVEN HILLS H SCHOOL,,,,Andhra Pradesh,7-Upper Pr. and Secondary,38-Pvt.Unaided,6 To 10,3-Co-educational,1-Rural,Malikipuram,Visweswarayapuram,,,VISWESWARAYAPURAM VISWESWARAYAPURAM (VILL) VISWESWARAYAPURAM(VILL) MALIKIPURAM(MANDAL) EAST GODAVARI(DIST),533254,drlraju1117[at]gmail[dot]com,https://kys.udiseplus.gov.in/#/schooldetail/4669101/12,4669101,15/10/2020 12:18,2480
******00510 Operational,,SRI SEVEN HILLS PS (EM) VISWESWARAYAPURAM,,,,Andhra Pradesh,1-Primary,38-Pvt.Unaided,1 To 5,3-Co-educational,1-Rural,Malikipuram,Visweswarayapuram,,,VISWESWARAYAPURAM VISWESWARAYAPURAM (VILL) VISWESWARAYAPURAM(VILL) MALIKIPURAM(MANDAL) EAST GODAVARI(DIST),533254,drlraju1117[at]gmail[dot]com,https://kys.udiseplus.gov.in/#/schooldetail/4669100/12,4669100,25/12/2025 06:59,2480
******00555 Operational,,SRI SHIRDI SAI VIDYA NIKETHAN,,,,Andhra Pradesh,6-Pr. Up Pr. and Secondary Only,39-Pvt.Unaided (CBSE Syllabus),1 To 10,3-Co-educational,1-Rural,Alamuru,Chemudu Lanka,,,SRI SHIRDI SAI VIDYA NIKETHAN CHEMUDULANKA ALAMURU MANDAL,533234,srishirdisai44[at]gmail[dot]com,https://kys.udiseplus.gov.in/#/schooldetail/4720939/12,4720939,24/12/2025 11:33,2480
******00310 Closed,Closed,SRI SHIRIDI SAI VIDYANIKETAN HS (EM) CHEMUDULANKA,,,,Andhra Pradesh,7-Upper Pr. and Secondary,38-Pvt.Unaided,6 To 10,3-Co-educational,1-Rural,Alamuru,Chemudu Lanka,,,CHEMUDULANKA CHOPPELA( VILL) CHOPPELA(VILL) ALAMURU(MANDAL) EAST GODAVARI(DIST),533234,srishirdisai44[at]gmail[dot]com,https://kys.udiseplus.gov.in/#/schooldetail/4667523/12,4667523,20/08/2025 15:40,2480
******00308 Closed,Closed,SRI SHIRIDI SAI VIDYANIKETAN PS (EM) CHEMUDULANKA,,,,Andhra Pradesh,1-Primary,38-Pvt.Unaided,1 To 5,3-Co-educational,1-Rural,Alamuru,Chemudu Lanka,,,CHEMUDULANKA CHOPPELA( VILL) CHOPPELA(VILL) ALAMURU(MANDAL) EAST GODAVARI(DIST),533234,srishirdisai44[at]gmail[dot]com,https://kys.udiseplus.gov.in/#/schooldetail/4667521/12,4667521,20/08/2025 15:40,2480
******00207 Operational,,SRI SIDDARTHA PS (EM) RAVULAPALEM,,,,Andhra Pradesh,1-Primary,38-Pvt.Unaided,1 To 5,3-Co-educational,1-Rural,Ravulapalem,Ravulapalem,,,6-246 RAVULAPALEM(VILL) RAVULAPALEM(MANDAL) EAST GODAVARI(DIST),533238,srisiddharthaschool.ravulapalem[at]gmail[dot]com,https://kys.udiseplus.gov.in/#/schooldetail/4667664/12,4667664,16/06/2023 15:21,2480
******01113 Operational,,SRI SIDDHARTHA HS (EM) KANDRIGA,,,,Andhra Pradesh,7-Upper Pr. and Secondary,38-Pvt.Unaided,6 To 10,3-Co-educational,1-Rural,Alamuru,Alamuru,,,KANDRIGA ALAMURU ALAMURU(VILL) ALAMURU(MANDAL) EAST GODAVARI(DIST),533233,siddhartha.alamuru[at]gmail[dot]com,https://kys.udiseplus.gov.in/#/schooldetail/4667559/12,4667559,15/10/2020 12:18,2480
******01107 Operational,,SRI SIDDHARTHA PS (EM) KANDRIGA,,,,Andhra Pradesh,1-Primary,38-Pvt.Unaided,1 To 5,3-Co-educational,1-Rural,Alamuru,Alamuru,,,KANDRIGA ALAMURU ALAMURU(VILL) ALAMURU(MANDAL) EAST GODAVARI(DIST),533233,siddhartha.alamuru[at]gmail[dot]com,https://kys.udiseplus.gov.in/#/schooldetail/4667556/12,4667556,21/04/2023 15:31,2480
******01213 Operational,,SRI SRAVANI UPS (EM) PONNAMANDA,,,,Andhra Pradesh,2-Primary with Upper Primary,38-Pvt.Unaided,1 To 7,3-Co-educational,1-Rural,Razole,Ponnamanda,,,PONNAMANDA PONNAMANDA(VILL) PONNAMANDA(VILL) RAZOLE(MANDAL) EAST GODAVARI(DIST),533248,srisravanischool[at]gmail[dot]com,https://kys.udiseplus.gov.in/#/schooldetail/4669053/12,4669053,21/04/2023 15:31,2480
******01410 Operational,,SRI SRINIVASA PS (EM) VODALAREVU,,,,Andhra Pradesh,2-Primary with Upper Primary,38-Pvt.Unaided,1 To 7,3-Co-educational,1-Rural,Allavaram,Bendamurulanka,,,VODALAREVU BENDAMURULANKA BENDAMURULANKA(VILL) ALLAVARAM(MANDAL) EAST GODAVARI(DIST),533210,srinivasaodl[at]gmail[dot]com,https://kys.udiseplus.gov.in/#/schooldetail/4668876/12,4668876,19/12/2025 11:00,2480
******00825 Operational,,SRI SRINIVASA VIDYAKSHETRA (EM) UP SCHOOL,,,,Andhra Pradesh,2-Primary with Upper Primary,38-Pvt.Unaided,1 To 7,3-Co-educational,1-Rural,Mandapeta,Kesavaram,,,SRI SRINIVASA VIDYAKSHETRA (EM) UP SCHOOL,533308,srinivasavidyakshetra2023[at]gmail[dot]com,https://kys.udiseplus.gov.in/#/schooldetail/4721258/12,4721258,31/12/2025 16:34,2480
******00736 Operational,,SRI SRI SHIRIDI SAI HS (EM) MUMMIDIVARAM,,,,Andhra Pradesh,6-Pr. Up Pr. and Secondary Only,38-Pvt.Unaided,1 To 10,3-Co-educational,2-Urban,NA,,Mummidivaram Ward No.17,Mummidivaram-Town Panchayat,MUMMIDIVARAM (VILLA COMPLEX) MUMMIDIVARAM(MANDAL) EAST GODAVARI(DIST),533216,srisrishiridisaiupschool[at]gmail[dot]com,https://kys.udiseplus.gov.in/#/schooldetail/4668276/12,4668276,21/04/2023 15:31,2480
******01322 Operational,,SRI SS VIDYA NIKETAN UPS (EM) PERURU,,,,Andhra Pradesh,2-Primary with Upper Primary,38-Pvt.Unaided,1 To 7,3-Co-educational,1-Rural,Amalapuram,Peruru,,,Y- JUNCTION PERURU PERURU(VILL) AMALAPURAM(MANDAL) EAST GODAVARI(DIST),533201,,https://kys.udiseplus.gov.in/#/schooldetail/4668680/12,4668680,23/12/2025 13:16,2480
******90578 Operational,,SRI SUREKHA VOC JR COLLEGE,,,,Andhra Pradesh,11-Higher Secondary only/Jr. College,38-Pvt.Unaided,11 To 12,3-Co-educational,2-Urban,NA,,Mandapeta Ward No.20,Mandapeta-Municipality,17-1-44 ALAMURU ROAD MANDAPETA EASTGODAVARI 533308,533308,srisurekhavocationalcollege[at]gmail[dot]com,https://kys.udiseplus.gov.in/#/schooldetail/4666747/12,4666747,24/12/2025 11:04,2480
******00808 Permanently Closed,,SRI SURYA UPS (EM) GODI,,,,Andhra Pradesh,2-Primary with Upper Primary,38-Pvt.Unaided,1 To 7,3-Co-educational,1-Rural,Allavaram,Godi,,,NA,533217,,https://kys.udiseplus.gov.in/#/schooldetail/4715019/12,4715019,15/10/2020 12:18,2480
******01112 Operational,,SRI S V NIKETHAN PS (EM) DEVAGUPTAM,,,,Andhra Pradesh,2-Primary with Upper Primary,38-Pvt.Unaided,1 To 7,3-Co-educational,1-Rural,Allavaram,Devaguptam,,,DEVAGUPTAM DEVAGUPTAM DEVAGUPTAM(VILL) ALLAVARAM(MANDAL) EAST GODAVARI(DIST),533217,vvsbalaji362[at]gmail[dot]com,https://kys.udiseplus.gov.in/#/schooldetail/4668398/12,4668398,19/12/2025 10:52,2480
******00116 Closed,Closed,SRI TEJA VOC JR. COLLEGE,,,,Andhra Pradesh,11-Higher Secondary only/Jr. College,38-Pvt.Unaided,11 To 12,3-Co-educational,1-Rural,Razole,Thatipaka,,,SAI TEJA COLLEGE TATIPAKA,533249,sritejavocjrcollege[at]gmail[dot]com,https://kys.udiseplus.gov.in/#/schooldetail/4715031/12,4715031,03/09/2025 15:53,2480
******00858 Operational,,"SRI VAGDEVI EM HIGH SCHOOL, AMALAPURAM",,,,Andhra Pradesh,6-Pr. Up Pr. and Secondary Only,38-Pvt.Unaided,1 To 10,3-Co-educational,2-Urban,NA,,Amalapuram Ward No. 16,Amalapuram-Municipality,"VADDIGUDEM, AMALAPURAM",533201,srivagdeviemschool[at]gmail[dot]com,https://kys.udiseplus.gov.in/#/schooldetail/4721394/12,4721394,25/12/2025 21:31,2480
******90349 Operational,,SRI VAGDEVI GRAMMAR EM HIGH SCHOOL,,,,Andhra Pradesh,6-Pr. Up Pr. and Secondary Only,38-Pvt.Unaided,1 To 10,3-Co-educational,2-Urban,NA,,Amalapuram Ward No. 17,Amalapuram-Municipality,"AMALAPURAM, Dr B R AMBEDHKAR KONASEEMA DISTRICT",533201,srivagdeviemschool[at]gmail[dot]com,https://kys.udiseplus.gov.in/#/schooldetail/4668790/12,4668790,26/12/2025 13:37,2480
******00609 Operational,,SRI VAGDEVI UPS (EM) MACHAVARAM,,,,Andhra Pradesh,2-Primary with Upper Primary,38-Pvt.Unaided,1 To 7,3-Co-educational,1-Rural,Rayavaram,Machavaram,,,MACHAVARAM MACHAVARAM (PT) (VILL) MACHAVARAM (PT) VILL RAYAVARAM (MANDAL) EAST GODAVARI(DIST),533261,srivagdevischoolmchvram[at]gmail[dot]com,https://kys.udiseplus.gov.in/#/schooldetail/4667420/12,4667420,21/04/2023 15:31,2480
******00598 Operational,,SRI VAGDHEVI VIDYALAYA EM HIGH SCHOOL,,,,Andhra Pradesh,6-Pr. Up Pr. and Secondary Only,38-Pvt.Unaided,1 To 10,3-Co-educational,1-Rural,Ravulapalem,Ravulapalem,,,"MAIN ROAD, RAVULAPALEM MANDAL",533238,srivagdheviemhighschool[at]gmail[dot]com,https://kys.udiseplus.gov.in/#/schooldetail/4721036/12,4721036,18/06/2025 11:06,2480
******01909 Operational,,"SRI VAISHNAVI JUNIOR COLLEGE, RAMACHANDRAPURAM",,,,Andhra Pradesh,11-Higher Secondary only/Jr. College,38-Pvt.Unaided,11 To 12,3-Co-educational,2-Urban,Ramachandrapuram,,Ramachandrapuram (M) - Ward No.11,Ramachandrapuram-Municipality,RAMACHANDRAPURAM MAIN ROAD,533255,thathapudi1234[at]gmail[dot]com,,,20/12/2025 15:31,2480
******00617 Operational,,SRI VANI HS (EM) KATRENIKONA,,,,Andhra Pradesh,7-Upper Pr. and Secondary,38-Pvt.Unaided,6 To 10,3-Co-educational,1-Rural,Katrenikona,Katrenikona,,,KATRENIKONA KATRENIKONA(VILL) KATRENIKONA(VILL) KATRENIKONA(MANDAL) EAST GODAVARI(DIST),533212,srivani.em.highschool[at]gmail[dot]com,https://kys.udiseplus.gov.in/#/schooldetail/4668450/12,4668450,19/07/2022 12:29,2480
******00616 Permanently Closed,,SRI VANI HS (EM) KATRENIKONA,,,,Andhra Pradesh,7-Upper Pr. and Secondary,38-Pvt.Unaided,6 To 10,3-Co-educational,1-Rural,Katrenikona,Katrenikona,,,NA,533212,,https://kys.udiseplus.gov.in/#/schooldetail/4714986/12,4714986,15/10/2020 12:18,2480
******00413 Operational,,SRI VANI HS (EM) MALIKIPURAM,,,,Andhra Pradesh,7-Upper Pr. and Secondary,38-Pvt.Unaided,6 To 10,3-Co-educational,1-Rural,Malikipuram,Malikipuram,,,MALIKIPRUAM MALIKIPURAM(VILL) MALIKIPURAM(VILL) MALIKIPURAM(MANDAL) EAST GODAVARI(DIST),533253,alla.pavani[at]gmail[dot]com,https://kys.udiseplus.gov.in/#/schooldetail/4669085/12,4669085,15/10/2020 12:18,2480
******00406 Operational,,SRI VANI PS (EM) MALIKIPURAM,,,,Andhra Pradesh,1-Primary,38-Pvt.Unaided,1 To 5,3-Co-educational,1-Rural,Malikipuram,Malikipuram,,,MALIKIPURAM MALIKIPURAM (VILL) MALIKIPURAM(VILL) MALIKIPURAM(MANDAL) EAST GODAVARI(DIST),533253,alla.pavani[at]gmail[dot]com,https://kys.udiseplus.gov.in/#/schooldetail/4669081/12,4669081,21/04/2023 15:31,2480
******00811 Operational,,SRI VANI UP SCHOOL,,,,Andhra Pradesh,2-Primary with Upper Primary,38-Pvt.Unaided,1 To 7,3-Co-educational,1-Rural,Ravulapalem,Podagatlapalle,,,NEW POST OFFICE ROAD,533238,gopi999[at]gmail[dot]com,https://kys.udiseplus.gov.in/#/schooldetail/4667735/12,4667735,16/06/2023 15:21,2480
******00907 Operational,,SRI VANI UPS (EM) ANATHAVARAM,,,,Andhra Pradesh,2-Primary with Upper Primary,38-Pvt.Unaided,1 To 7,3-Co-educational,1-Rural,Mummidivaram,Ananthavaram,,,MIMMITHI VARI STREET,533222,srivani.anathavaram[at]gmail[dot]com,https://kys.udiseplus.gov.in/#/schooldetail/4668299/12,4668299,21/04/2023 15:31,2480
******00625 Operational,,SRI VANI UPS (EM) KATRENIKONA,,,,Andhra Pradesh,1-Primary,38-Pvt.Unaided,1 To 5,3-Co-educational,1-Rural,Katrenikona,Katrenikona,,,KATRENIKONA KATRENIKONA(VILL) KATRENIKONA(VILL) KATRENIKONA(MANDAL) EAST GODAVARI(DIST),533212,srivani.em.highschool[at]gmail[dot]com,https://kys.udiseplus.gov.in/#/schooldetail/4668453/12,4668453,25/01/2023 14:33,2480
******01511 Permanently Closed,,SRI VARA LAKSHMI CONVENT,,,,Andhra Pradesh,1-Primary,38-Pvt.Unaided,1 To 5,3-Co-educational,1-Rural,Atreyapuram,Ryali,,,NA,533236,,https://kys.udiseplus.gov.in/#/schooldetail/4714927/12,4714927,15/10/2020 12:18,2480
******00522 Operational,,SRIVASISTA JUNIOR COLLEGE,,,,Andhra Pradesh,11-Higher Secondary only/Jr. College,38-Pvt.Unaided,11 To 12,3-Co-educational,1-Rural,Sakhinetipalle,Antarvedipalem,,,"VUYYURIVARIMERAKA, SAKHINETIPALLI MANDAL",533253,vikasgrcollege03174[at]gmail[dot]com,https://kys.udiseplus.gov.in/#/schooldetail/4669231/12,4669231,17/02/2026 11:21,2480
******01704 Operational,,"SRI VEDA GAYATRI EM SCHOOL, ALAMURU",,,,Andhra Pradesh,2-Primary with Upper Primary,38-Pvt.Unaided,1 To 7,3-Co-educational,1-Rural,Alamuru,Chintaluru,,,3-3 1 CHINTALURU ALAMURU MANDAL,533232,,,,24/12/2025 11:32,2480
******01407 Operational,,SRI VENKATA RATNAM PS (EM) TALLAPOLAM,,,,Andhra Pradesh,1-Primary,38-Pvt.Unaided,1 To 5,3-Co-educational,1-Rural,Ramachandrapuram,Velampalem,,,TALLAPOLAM,533255,meo.ramachandrapuram[at]gmail[dot]com,https://kys.udiseplus.gov.in/#/schooldetail/4667249/12,4667249,21/04/2023 15:31,2480
******00304 Operational,,SRI VENKATESWARA PS (EM) CHINTANA LANKA,,,,Andhra Pradesh,1-Primary,38-Pvt.Unaided,1 To 5,3-Co-educational,1-Rural,Ainavilli,Chintana Lanka,,,CHINTANA LANKA CHINTANA LANKA CHINTANA LANKA(VILL) AINAVILLI(MANDAL) EAST GODAVARI(DIST),533211,yspathiyerrapragada[at]gmail[dot]com,https://kys.udiseplus.gov.in/#/schooldetail/4668134/12,4668134,14/06/2023 21:59,2480
******00110 Operational,,SRI VENU GOPAL HS (EM) UBALANKA,,,,Andhra Pradesh,7-Upper Pr. and Secondary,38-Pvt.Unaided,6 To 10,3-Co-educational,1-Rural,Ravulapalem,Ubalanka,,,RYALIROAD UBALANKA RAVULAPALEM MANDAL,533237,svgemschool[at]gmail[dot]com,https://kys.udiseplus.gov.in/#/schooldetail/4667652/12,4667652,23/09/2024 11:51,2480
******01703 Operational,,"SRI VIDYA DEEP EM SCHOOL, RAVULAPALEM",,,,Andhra Pradesh,2-Primary with Upper Primary,38-Pvt.Unaided,1 To 7,3-Co-educational,1-Rural,Ravulapalem,Ubalanka,,,KANAKA MAHALAKSHMI TEMPLE STREET RAVULAPALEM,533237,bhagyavathi009[at]gmail[dot]com,,,23/12/2025 15:01,2480
******00406 Operational,,"SRI VIDYA EM HIGH SCHOOL, NARSIPUDI",,,,Andhra Pradesh,6-Pr. Up Pr. and Secondary Only,38-Pvt.Unaided,1 To 10,3-Co-educational,1-Rural,Alamuru,Narsipudi,,,NARSIPUDI NARSIPUDI NARSIPUDI(VILL) ALAMURU(MANDAL) EAST GODAVARI(DIST),533232,srividyaschool.narsipudi[at]gmail[dot]com,https://kys.udiseplus.gov.in/#/schooldetail/4667529/12,4667529,20/06/2025 09:56,2480
******00506 Operational,,SRIVIDYA EM SCHOOL,,,,Andhra Pradesh,2-Primary with Upper Primary,38-Pvt.Unaided,1 To 7,3-Co-educational,1-Rural,Mamidikuduru,Mamidikuduru,,,"KORLAKUTA ROAD, MAMIDIKUDURU(V) ,MAMIDIKUDURU MANDAL",533247,,https://kys.udiseplus.gov.in/#/schooldetail/4668909/12,4668909,28/09/2024 10:29,2480
******00220 Closed,Closed,SRI VIDYA HS (EM) RAYAVARAM,,,,Andhra Pradesh,6-Pr. Up Pr. and Secondary Only,38-Pvt.Unaided,1 To 10,3-Co-educational,1-Rural,Rayavaram,Vedurupaka,,,RAYAVARAM VEDURUPAKA VILL VEDURUPAKA(VILL) RAYAVARAM(MANDAL) EAST GODAVARI(DIST),533345,,https://kys.udiseplus.gov.in/#/schooldetail/4667390/12,4667390,25/01/2023 23:05,2480
******01128 Operational,,SRI VIDYA HS KOTHURU,,,,Andhra Pradesh,7-Upper Pr. and Secondary,38-Pvt.Unaided,6 To 10,3-Co-educational,1-Rural,Alamuru,Alamuru,,,KOTHURU ALAMURU(VILL) ALAMURU(MANDAL) EAST GODAVARI(DIST),533232,svpschool.kotturu[at]gmail[dot]com,https://kys.udiseplus.gov.in/#/schooldetail/4667565/12,4667565,15/10/2020 12:18,2480
******00208 Operational,,SRI VIDYA NIKETAN UPS (EM) PAMARRU,,,,Andhra Pradesh,2-Primary with Upper Primary,38-Pvt.Unaided,1 To 7,3-Co-educational,1-Rural,NA,NA,,,PAMARRU PAMARRU (VILL) PAMARRU(VILL) K.GANGAVARAM(MANDAL) EAST GODAVARI(DIST),533305,svn.angara999[at]gmail[dot]com,https://kys.udiseplus.gov.in/#/schooldetail/4667750/12,4667750,28/12/2023 12:34,2480
******01114 Operational,,SRI VIDYA PS KOTHURU,,,,Andhra Pradesh,1-Primary,38-Pvt.Unaided,1 To 5,3-Co-educational,1-Rural,Alamuru,Alamuru,,,KOTHURU( NEAR BANK OF BRODA) ALAMURU ALAMURU(VILL) ALAMURU(MANDAL) EAST GODAVARI(DIST),533232,svpschool.kotturu[at]gmail[dot]com,https://kys.udiseplus.gov.in/#/schooldetail/4667560/12,4667560,21/04/2023 15:31,2480
******01012 Closed,Closed,SRI VIGNAN UPS (EM) TOTHARAMUDI,,,,Andhra Pradesh,2-Primary with Upper Primary,38-Pvt.Unaided,1 To 7,3-Co-educational,1-Rural,Ainavilli,Totharamudi,,,TOTHARAMUDI TOTHARAMUDI(VILL) TOTHARAMUDI(VILL) AINAVILLI(MANDAL) EAST GODAVARI(DIST),533211,,https://kys.udiseplus.gov.in/#/schooldetail/4668172/12,4668172,15/10/2020 12:18,2480
******00618 Permanently Closed,,SRI VIJAYA UPS (EM) KATRENIKONA,,,,Andhra Pradesh,2-Primary with Upper Primary,38-Pvt.Unaided,1 To 7,3-Co-educational,1-Rural,Katrenikona,Katrenikona,,,NA,533212,,https://kys.udiseplus.gov.in/#/schooldetail/4714987/12,4714987,15/10/2020 12:18,2480
******00632 Operational,,SRI VIJAYA VOCATIONAL JR.COLLEGE,,,,Andhra Pradesh,11-Higher Secondary only/Jr. College,38-Pvt.Unaided,11 To 12,3-Co-educational,1-Rural,Katrenikona,Katrenikona,,,srivijaya vocational jr college katrenikona 533212,533212,srivijayajrcollege2005[at]gmail[dot]com,https://kys.udiseplus.gov.in/#/schooldetail/4718836/12,4718836,19/07/2022 12:32,2480
******90529 Operational,,SRI VIJETHA UPS (EM) OPP MRO OFFICE,,,,Andhra Pradesh,2-Primary with Upper Primary,38-Pvt.Unaided,1 To 7,3-Co-educational,2-Urban,NA,,Mandapeta Ward No.14,Mandapeta-Municipality,MANDAPETA(13TH WARD) MANDAPETA(VILL) MANDAPETA(VILL) MANDAPETA(MANDAL) EAST GODAVARI(DIST),533308,meomandaptea[at]gmail[dot]com,https://kys.udiseplus.gov.in/#/schooldetail/4666711/12,4666711,31/12/2025 16:39,2480
******01410 Operational,,SRI VIKAS HS (EM) YERAPOTINA VARI STREET,,,,Andhra Pradesh,7-Upper Pr. and Secondary,38-Pvt.Unaided,6 To 10,3-Co-educational,1-Rural,Mandapeta,Yeditha,,,YERAPOTINA VARI STREET YEDITHA YEDITHA(VILL) MANDAPETA(MANDAL) EAST GODAVARI(DIST),533234,srivikasyeditha[at]gmail[dot]com,https://kys.udiseplus.gov.in/#/schooldetail/4666688/12,4666688,24/09/2024 10:36,2480
******01409 Operational,,SRI VIKAS PS (EM) YERAPOTINA VARI STREET,,,,Andhra Pradesh,1-Primary,38-Pvt.Unaided,1 To 5,3-Co-educational,1-Rural,Mandapeta,Yeditha,,,YERAPOTINA VARI STREET YEDITHA YEDITHA(VILL) MANDAPETA(MANDAL) EAST GODAVARI(DIST),533234,srivikasyeditha[at]gmail[dot]com,https://kys.udiseplus.gov.in/#/schooldetail/4666687/12,4666687,31/12/2025 16:46,2480
******01894 Operational,,"SRI VIKAS SCHOOL, MAMIDIKUDURU",,,,Andhra Pradesh,2-Primary with Upper Primary,38-Pvt.Unaided,1 To 7,3-Co-educational,1-Rural,Mamidikuduru,Pasarlapudi,,,"1-109/1, KAIKALAPETA, PASARLAPUDI, MAMIDIKUDURU MANDAL, DR B R AMBEDKAR KONASEEMA DISTRICT",533247,srivikasschoolpsp2025[at]gmail[dot]com,,,24/12/2025 14:32,2480
******00706 Operational,,SRI VISWASANTHI UPS (EM) GUNNAMVARI STREET,,,,Andhra Pradesh,2-Primary with Upper Primary,38-Pvt.Unaided,1 To 7,3-Co-educational,1-Rural,Mandapeta,Velagathodu,,,VELAGATHODU VELAGATHODU( VILL) VELAGATHODU(VILL) MANDAPETA(MANDAL) EAST GODAVARI(DIST),533340,jaigeddapu[at]gmail[dot]com,https://kys.udiseplus.gov.in/#/schooldetail/4666652/12,4666652,24/12/2025 11:09,2480
******00225 Operational,,SRI VIVEKA HS (EM) RAYAVARAM,,,,Andhra Pradesh,7-Upper Pr. and Secondary,38-Pvt.Unaided,6 To 10,3-Co-educational,1-Rural,Rayavaram,Vedurupaka,,,"RAJARAJESWARI COLONY ,RAYAVARAM(MANDAL) ,RAYAVARAM,Dr.B.R.A.KONASEEMA Dist.,",533346,srivivekanandaryvam[at]gmail[dot]com,https://kys.udiseplus.gov.in/#/schooldetail/4667394/12,4667394,15/12/2023 13:18,2480
******00833 Operational,,SRI VIVEKANANDA (EM) SCHOOL,,,,Andhra Pradesh,6-Pr. Up Pr. and Secondary Only,38-Pvt.Unaided,1 To 10,3-Co-educational,2-Urban,NA,,Ramachandrapuram (M) - Ward No.21,Ramachandrapuram-Municipality,"RATNAM PETA, RAMACHANDRAPURAM",533255,srivivekanandarcpm[at]gmail[dot]com,https://kys.udiseplus.gov.in/#/schooldetail/4721265/12,4721265,11/07/2024 16:28,2480
******01940 Operational,,"SRI VIVEKANANDA SCHOOL, RAYAVARAM",,,,Andhra Pradesh,6-Pr. Up Pr. and Secondary Only,38-Pvt.Unaided,1 To 10,3-Co-educational,1-Rural,Rayavaram,Pasalapudi,,,"5-2 OPP. VSM COLLEGE, SRI CITY, PASALAPUDI, RAYAVARAM",533261,,,,23/12/2025 14:45,2480
******00110 Operational,,SRI VIVEKANANDA UPS (EM) CHEYYERU,,,,Andhra Pradesh,2-Primary with Upper Primary,38-Pvt.Unaided,1 To 7,3-Co-educational,1-Rural,Katrenikona,Cheyyeru,,,CHEYYERU CHEYYERU (VILL) CHEYYERU(VILL) KATRENIKONA(MANDAL) EAST GODAVARI(DIST),533222,tatajichikkam[at]gmail[dot]com,https://kys.udiseplus.gov.in/#/schooldetail/4668431/12,4668431,21/04/2023 15:31,2480
******90556 Closed,Closed,SRI VIVEKANANDA UPS (EM) GOLLAPUNTA,,,,Andhra Pradesh,2-Primary with Upper Primary,38-Pvt.Unaided,1 To 7,3-Co-educational,2-Urban,NA,,Mandapeta Ward No.9,Mandapeta-Municipality,WARD20 MANDAPETA MANDAPETA MANDAPETA MANDAPETA(MANDAL) EAST GODAVARI(DIST),533308,meomandaptea[at]gmail[dot]com,https://kys.udiseplus.gov.in/#/schooldetail/4666728/12,4666728,28/01/2023 19:37,2480
******00222 Operational,,SRI VIVEKANANDA UPS (TM) RAVULAPALEM,,,,Andhra Pradesh,2-Primary with Upper Primary,38-Pvt.Unaided,1 To 7,3-Co-educational,1-Rural,Ravulapalem,Ravulapalem,,,RAVULAPALEM RAVULAPALEM(VILL) RAVULAPALEM(VILL) RAVULAPALEM(MANDAL) EAST GODAVARI(DIST),533238,,https://kys.udiseplus.gov.in/#/schooldetail/4667675/12,4667675,16/06/2023 15:21,2480
******00224 Operational,,SRI VIVEKA PS (EM) RAYAVARAM,,,,Andhra Pradesh,1-Primary,38-Pvt.Unaided,1 To 5,3-Co-educational,1-Rural,Rayavaram,Vedurupaka,,,RAJARAJESWARI COLONY RAYAVARAMRAYAVARAM(MANDAL) EAST GODAVARI(DIST),533346,srivivekanandaryvm[at]gmail[dot]com,https://kys.udiseplus.gov.in/#/schooldetail/4667393/12,4667393,14/06/2023 18:01,2480
******00304 Operational,,SRK UPS EM NALLAMILLI,,,,Andhra Pradesh,2-Primary with Upper Primary,38-Pvt.Unaided,1 To 7,3-Co-educational,1-Rural,Amalapuram,Nallamilli,,,oppsiva temple main road nallamilli,533577,srkschool64[at]gmaill[dot]com,https://kys.udiseplus.gov.in/#/schooldetail/4668625/12,4668625,23/12/2025 10:13,2480
******00403 Closed,Closed,SRK VIDHYA MANDIR PS (EM) VADDIPARRU,,,,Andhra Pradesh,1-Primary,38-Pvt.Unaided,1 To 5,3-Co-educational,1-Rural,Atreyapuram,Vaddiparru,,,VADDIPARRU VADDIPARRU(VILL) VADDIPARRU(VILL) ATREYAPURAM(MANDAL) EAST GODAVARI(DIST),533235,,https://kys.udiseplus.gov.in/#/schooldetail/4667598/12,4667598,15/10/2020 12:18,2480
******01209 Operational,,SRK ZPHS PONNAMANDA,,,,Andhra Pradesh,7-Upper Pr. and Secondary,33-MPP_ZPP SCHOOLS,6 To 10,3-Co-educational,1-Rural,Razole,Ponnamanda,,,MERKAPALEM WEAKERSECTIONCOLONY PONNAMANDA (VILL) PONNAMANDA(VILL) RAZOLE(MANDAL) EAST GODAVARI(DIST),533248,zphs.merkapalem[at]gmail[dot]com,https://kys.udiseplus.gov.in/#/schooldetail/4669050/12,4669050,21/06/2025 09:41,2480
******90903 Operational,,SR MPL PS BRADIPETA,,,,Andhra Pradesh,1-Primary,34-MUNCIPAL,1 To 5,3-Co-educational,2-Urban,NA,,Ramachandrapuram (M) - Ward No.12,Ramachandrapuram-Municipality,12th WARD RAMACHANDRAPURAM (VILL) RAMACHANDRAPURAM(VILL) RAMACHANDRAPURAM(MANDAL) EAST GODAVARI(DIST),533255,srmplps.rcpm[at]gmail[dot]com,https://kys.udiseplus.gov.in/#/schooldetail/4667306/12,4667306,15/10/2020 12:18,2480
******90901 Operational,,SRP MPL PS K SAVARAM,,,,Andhra Pradesh,1-Primary,34-MUNCIPAL,1 To 2,3-Co-educational,2-Urban,NA,,Ramachandrapuram (M) - Ward No.18,Ramachandrapuram-Municipality,18th WARD RAMACHANDRAPURAM (VILL) RAMACHANDRAPURAM(VILL) RAMACHANDRAPURAM(MANDAL) EAST GODAVARI(DIST),533255,Srpmpschool[at]gmail[dot]com,https://kys.udiseplus.gov.in/#/schooldetail/4667304/12,4667304,27/01/2023 16:31,2480
******00108 Closed,Closed,S R RAMA UPS (EM) VILASAVILLI,,,,Andhra Pradesh,2-Primary with Upper Primary,38-Pvt.Unaided,1 To 7,3-Co-educational,1-Rural,Uppalaguptam,Vilasavilli,,,VILASAVILLI VILASAVILLI (VILL) VILASAVILLI(VILL) UPPALAGUPTAM(MANDAL) EAST GODAVARI(DIST),533213,sresplganesh[at]gmail[dot]com,https://kys.udiseplus.gov.in/#/schooldetail/4668521/12,4668521,27/12/2023 18:18,2480
******00205 Operational,,SR TAGORE UPS (EM) VEMULAPALLI,,,,Andhra Pradesh,2-Primary with Upper Primary,38-Pvt.Unaided,1 To 7,3-Co-educational,1-Rural,Mandapeta,Dwarapudi,,,VEMULAPALLI VEMULAPALLI (VILL) VEMULAPALLI(VILL) MANDAPETA(MANDAL) EAST GODAVARI(DIST),533341,s.rtagoreconvent205[at]gemail[dot]com,https://kys.udiseplus.gov.in/#/schooldetail/4666633/12,4666633,22/12/2025 11:40,2480
******90148 Operational,,SRUJANA HS (EM) KAMANAGARUVU,,,,Andhra Pradesh,6-Pr. Up Pr. and Secondary Only,38-Pvt.Unaided,1 To 10,3-Co-educational,1-Rural,Amalapuram,Kamanagaruvu,,,(KAMANAGARUVU) AMALAPURAM(VILL) AMALAPURAM(VILL) AMALAPURAM(MANDAL) EAST GODAVARI(DIST),533201,talentconvent[at]gmail[dot]com,https://kys.udiseplus.gov.in/#/schooldetail/4668273/12,4668273,23/12/2025 13:26,2480
******00211 Operational,,SR ZPHS RAYAVARAM,,,,Andhra Pradesh,5-Up. Pr. Secondary and Higher Sec,33-MPP_ZPP SCHOOLS,6 To 12,3-Co-educational,1-Rural,Rayavaram,Vedurupaka,,,RAYAVARAM VEDURUPAKA (VILL) VEDURUPAKA(VILL) RAYAVARAM(MANDAL) EAST GODAVARI(DIST),533346,zphs.rayavaram[at]gmail[dot]com,https://kys.udiseplus.gov.in/#/schooldetail/4667388/12,4667388,30/01/2023 17:17,2480
******00513 Operational,,SS ANNAPURANA HS (EM) MAMIDIKUDURU,,,,Andhra Pradesh,4-Upper Primary only,38-Pvt.Unaided,6 To 8,3-Co-educational,1-Rural,Mamidikuduru,Mamidikuduru,,,MAMIDIKUDURU MAMIDIKUDURU (VILL) MAMIDIKUDURU(VILL) MAMIDIKUDURU(MANDAL) EAST GODAVARI(DIST),533247,sms.nagaram[at]gmail[dot]com,https://kys.udiseplus.gov.in/#/schooldetail/4668915/12,4668915,18/07/2022 15:57,2480
******00511 Operational,,SS ANNAPURANA PS (EM) MAMIDIKUDURU,,,,Andhra Pradesh,1-Primary,38-Pvt.Unaided,1 To 5,3-Co-educational,1-Rural,Mamidikuduru,Mamidikuduru,,,MAMIDIKUDURU MAMIDIKUDURU (VILL) MAMIDIKUDURU(VILL) MAMIDIKUDURU(MANDAL) EAST GODAVARI(DIST),533247,sms.nagaram[at]gmail[dot]com,https://kys.udiseplus.gov.in/#/schooldetail/4668913/12,4668913,21/04/2023 15:31,2480
******90905 Operational,,SSB MPL PS RK MOGA,,,,Andhra Pradesh,1-Primary,34-MUNCIPAL,1 To 5,3-Co-educational,2-Urban,NA,,Ramachandrapuram (M) - Ward No.17,Ramachandrapuram-Municipality,16th WARD RAMACHANDRAPURAM (VILL) RAMACHANDRAPURAM(VILL) RAMACHANDRAPURAM(MANDAL) EAST GODAVARI(DIST),533255,manikanta97888[at]gmail[dot]com,https://kys.udiseplus.gov.in/#/schooldetail/4667308/12,4667308,15/10/2020 12:18,2480
******01014 Operational,,SSG EM UPS THOTTARAMUDI,,,,Andhra Pradesh,2-Primary with Upper Primary,38-Pvt.Unaided,1 To 7,3-Co-educational,1-Rural,Ainavilli,Totharamudi,,,"TOTHARAMUDI,AINAVILLI MANDAL",533211,ssgemupschool[at]gmail[dot]com,https://kys.udiseplus.gov.in/#/schooldetail/4668173/12,4668173,21/04/2023 15:31,2480
******90506 Operational,,SS MPL PS GOLLAPUNTHA,,,,Andhra Pradesh,1-Primary,34-MUNCIPAL,1 To 2,3-Co-educational,2-Urban,NA,,Mandapeta Ward No.17,Mandapeta-Municipality,17th WARD MANDAPETA (VILL) MANDAPETA(VILL) MANDAPETA(MANDAL) EAST GODAVARI(DIST),533308,srisaradamplps[at]gmail[dot]com,https://kys.udiseplus.gov.in/#/schooldetail/4666693/12,4666693,31/12/2025 16:43,2480
******90103 Operational,,SS MPL PS MOBERLIPETA,,,,Andhra Pradesh,1-Primary,34-MUNCIPAL,1 To 5,3-Co-educational,2-Urban,NA,,Amalapuram Ward No. 24,Amalapuram-Municipality,MOBERLYPET WARD NO3 AMALAPURAM (VILL) AMALAPURAM(VILL) AMALAPURAM(MANDAL) EAST GODAVARI(DIST),533201,luckylally.dr[at]gmail[dot]com,https://kys.udiseplus.gov.in/#/schooldetail/4668696/12,4668696,21/12/2025 22:30,2480
******90107 Operational,,SSRK MPL PS BHUPAYYA AGRAHARAM,,,,Andhra Pradesh,1-Primary,34-MUNCIPAL,1 To 5,3-Co-educational,2-Urban,NA,,Amalapuram Ward No. 18,Amalapuram-Municipality,BHUPAYYA AGRAHARAM WARD NO 18 AMALAPURAM(VILL) AMALAPURAM(MANDAL) EAST GODAVARI(DIST),533201,srikanthksn2010[at]gmail[dot]com,https://kys.udiseplus.gov.in/#/schooldetail/4668700/12,4668700,21/12/2025 22:35,2480
******90925 Operational,,SSRK MPL PS (P) SAVARAM,,,,Andhra Pradesh,1-Primary,34-MUNCIPAL,1 To 5,3-Co-educational,2-Urban,NA,,Ramachandrapuram (M) - Ward No.14,Ramachandrapuram-Municipality,14th WARD RAMACHANDRAPURAM (VILL) RAMACHANDRAPURAM(VILL) RAMACHANDRAPURAM(MANDAL) EAST GODAVARI(DIST),533255,vinsypradeep[at]gmail[dot]com,https://kys.udiseplus.gov.in/#/schooldetail/4667327/12,4667327,17/06/2025 22:18,2480
******00511 Operational,,SS SAI VIDYAVANAM PS (EM) PULLETIKURRU,,,,Andhra Pradesh,1-Primary,38-Pvt.Unaided,1 To 5,3-Co-educational,1-Rural,Ambajipeta,Pulletikurru,,,PULLETIKURRU AMBAJIPETA(MANDAL) EAST GODAVARI(DIST),533239,ssaividyavanamhs[at]gmail[dot]com,https://kys.udiseplus.gov.in/#/schooldetail/4668066/12,4668066,23/12/2025 17:06,2480
******00706 Operational,,SSS CHILD AIDED UPS CHELLURU,,,,Andhra Pradesh,2-Primary with Upper Primary,35-Pvt.Aided,1 To 7,3-Co-educational,1-Rural,Rayavaram,Chelluru,,,SRINAGAR CHELLURU (VILL) CHELLURU(VILL) RAYAVARAM(MANDAL) EAST GODAVARI(DIST),533261,ssscaupschelluru[at]gmail[dot]com,https://kys.udiseplus.gov.in/#/schooldetail/4667428/12,4667428,15/10/2020 12:18,2480
******00226 Closed,Closed,SSS MANDIR PS (EM) RAVULAPALEM,,,,Andhra Pradesh,1-Primary,38-Pvt.Unaided,1 To 5,3-Co-educational,1-Rural,Ravulapalem,Ravulapalem,,,RAVULAPALEM RAVULAPALEM(VILL) RAVULAPALEM(VILL) RAVULAPALEM(MANDAL) EAST GODAVARI(DIST),533238,,https://kys.udiseplus.gov.in/#/schooldetail/4667679/12,4667679,11/05/2022 13:03,2480
******90914 Closed,Closed,SSS VADAPALLI AIDED PS RAJABABU NAGAR,,,,Andhra Pradesh,1-Primary,35-Pvt.Aided,1 To 5,3-Co-educational,2-Urban,NA,,Ramachandrapuram (M) - Ward No.7,Ramachandrapuram-Municipality,05th WARD RAMACHANDRAPURAM (VILL) RAMACHANDRAPURAM(VILL) RAMACHANDRAPURAM(MANDAL) EAST GODAVARI(DIST),533255,,https://kys.udiseplus.gov.in/#/schooldetail/4667317/12,4667317,15/10/2020 12:18,2480
******00311 Operational,,SS UPS CHOPPELLA,,,,Andhra Pradesh,2-Primary with Upper Primary,38-Pvt.Unaided,1 To 7,3-Co-educational,1-Rural,Alamuru,Choppela,,,CHOPPELLA CHOPPELLA (VILL) CHOPPELA(VILL) ALAMURU(MANDAL) EAST GODAVARI(DIST),533234,,https://kys.udiseplus.gov.in/#/schooldetail/4667524/12,4667524,11/03/2024 16:50,2480
******01012 Operational,,SSVN (EM) HIGH SCHOOL GOPALAPURAM,,,,Andhra Pradesh,6-Pr. Up Pr. and Secondary Only,38-Pvt.Unaided,1 To 10,3-Co-educational,1-Rural,Ravulapalem,Gopalapuram,,,GOPALAPURAM GOPALAPURAM (VILL) GOPALAPURAM (VILL) RAVULAPALEM(MANDAL) EAST GODAVARI(DIST),533274,ssvgopalapuram[at]gmail[dot]com,https://kys.udiseplus.gov.in/#/schooldetail/4667746/12,4667746,16/06/2023 15:21,2480
******90509 Operational,,S.S.V.V. MPL HS MANDAPETA,,,,Andhra Pradesh,7-Upper Pr. and Secondary,34-MUNCIPAL,6 To 10,3-Co-educational,2-Urban,NA,,Mandapeta Ward No.27,Mandapeta-Municipality,DNO 34-15-2 28th ward Mandapeta East Godavari,533308,ssvvmplhsmdp[at]gmail[dot]com,https://kys.udiseplus.gov.in/#/schooldetail/4666696/12,4666696,31/12/2025 16:41,2480
******90518 Operational,,SSVV MPL PS CHAKALI CHERUVU,,,,Andhra Pradesh,1-Primary,34-MUNCIPAL,1 To 5,3-Co-educational,2-Urban,NA,,Mandapeta Ward No.27,Mandapeta-Municipality,29th WARD MANDAPETA (VILL) MANDAPETA(VILL) MANDAPETA(MANDAL) EAST GODAVARI(DIST),533308,venkatasridevi999[at]gmail[dot]com,https://kys.udiseplus.gov.in/#/schooldetail/4666705/12,4666705,31/12/2025 16:37,2480
******00612 Closed,Closed,STANDARD PS (EM) KOTHALANKA,,,,Andhra Pradesh,1-Primary,38-Pvt.Unaided,1 To 5,3-Co-educational,1-Rural,Mummidivaram,Kothalanka,,,KOTHALANKA KOTHALANKA (VILL) KOTHALANKA(VILL) MUMMIDIVARAM(MANDAL) EAST GODAVARI(DIST),533216,standardps[at]gmail[dot]com,https://kys.udiseplus.gov.in/#/schooldetail/4668251/12,4668251,15/10/2020 12:18,2480
******90963 Operational,,ST ANN GLORIA HS (EM) RCPURAM,,,,Andhra Pradesh,7-Upper Pr. and Secondary,38-Pvt.Unaided,6 To 10,3-Co-educational,2-Urban,NA,,Ramachandrapuram (M) - Ward No.4,Ramachandrapuram-Municipality,4th ward` RAMACHANDRAPURAM RAMACHANDRAPURAM(VILL) RAMACHANDRAPURAM(MANDAL) EAST GODAVARI(DIST),533255,thathapudi1234[at]gmail[dot]com,https://kys.udiseplus.gov.in/#/schooldetail/4667348/12,4667348,15/10/2020 12:18,2480
******90961 Operational,,ST ANN GLORIA PS (EM) RCPURAM,,,,Andhra Pradesh,1-Primary,38-Pvt.Unaided,1 To 5,3-Co-educational,2-Urban,NA,,Ramachandrapuram (M) - Ward No.4,Ramachandrapuram-Municipality,4th ward RAMACHANDRAPURAM RAMACHANDRAPURAM(VILL) RAMACHANDRAPURAM(MANDAL) EAST GODAVARI(DIST),533255,meo.ramachandrapuram[at]gmail[dot]com,https://kys.udiseplus.gov.in/#/schooldetail/4667346/12,4667346,21/04/2023 15:31,2480
******00097 Operational,,ST. ANN'S EM SCHOOL,,,,Andhra Pradesh,2-Primary with Upper Primary,38-Pvt.Unaided,1 To 7,3-Co-educational,1-Rural,NA,NA,,,"MAIN ROAD, K.GANGAVARAM, K.GANGAVARAM MANDAL",533305,lankasuneetha26[at]gmail[dot]com,https://kys.udiseplus.gov.in/#/schooldetail/4720497/12,4720497,14/06/2023 17:39,2480
******90539 Operational,,ST ANNS HS (EM) OPP PETROL BUNK,,,,Andhra Pradesh,7-Upper Pr. and Secondary,38-Pvt.Unaided,6 To 10,3-Co-educational,2-Urban,NA,,Mandapeta Ward No.2,Mandapeta-Municipality,MANDAPETA(1ST WARD) MANDAPETA(VILL)(R C M CHURCH) MANDAPETA(VILL) MANDAPETA(MANDAL) EAST GODAVARI(DIST),533308,stannsschoolmandapeta[at]gmail[dot]com,https://kys.udiseplus.gov.in/#/schooldetail/4666323/12,4666323,31/12/2025 16:33,2480
******90513 Operational,,ST ANNS PS (EM) OPP PETROL BUNK,,,,Andhra Pradesh,1-Primary,38-Pvt.Unaided,1 To 5,3-Co-educational,2-Urban,NA,,Mandapeta Ward No.2,Mandapeta-Municipality,MANDAPETA(1ST WARD) MANDAPETA(V)(NEAR RC M CHURCH) MANDAPETA(VILL) MANDAPETA(MANDAL) EAST GODAVARI(DIST),533308,stannsschoolmandapeta[at]gmail[dot]com,https://kys.udiseplus.gov.in/#/schooldetail/4666700/12,4666700,31/12/2025 16:41,2480
******01910 Operational,,ST ANN'S UP SCHOOL K GANGAVARAM,,,,Andhra Pradesh,2-Primary with Upper Primary,38-Pvt.Unaided,1 To 7,3-Co-educational,1-Rural,NA,NA,,,1-4 MAIN ROAD BHATLAPALIKA,533263,,,,10/12/2025 19:43,2480
******02308 Permanently Closed,,ST ANNS UPS (EM) BHATLAPALIKA,,,,Andhra Pradesh,2-Primary with Upper Primary,38-Pvt.Unaided,1 To 7,3-Co-educational,9-NA,NA,,,,NA,533263,,https://kys.udiseplus.gov.in/#/schooldetail/4714946/12,4714946,15/10/2020 12:18,2480
******90159 Operational,,ST JOHNS AIDED HS MAHIPALA STREET,,,,Andhra Pradesh,7-Upper Pr. and Secondary,35-Pvt.Aided,6 To 10,3-Co-educational,2-Urban,NA,,Amalapuram (M) - Ward No.10,Amalapuram-Municipality,AMALAPURAM(MAHIPALA STREET) AMALAPURAM (VILL) AMALAPURAM(VILL) AMALAPURAM(MANDAL) EAST GODAVARI(DIST),533201,st.johnsamp[at]gmail[dot]com,https://kys.udiseplus.gov.in/#/schooldetail/4668730/12,4668730,25/12/2025 20:34,2480
******00823 Operational,,"ST JOHNS EM SCHOOL, GONDHI",,,,Andhra Pradesh,1-Primary,38-Pvt.Unaided,1 To 5,3-Co-educational,1-Rural,Sakhinetipalle,Antarvedi,,,JYOTHINAGAR,533251,stjohnsemschool2024[at]gmail[dot]com,https://kys.udiseplus.gov.in/#/schooldetail/4669271/12,4669271,22/07/2024 12:56,2480
******00410 Operational,,ST JOHNS HS (EM) PALIVELA,,,,Andhra Pradesh,7-Upper Pr. and Secondary,38-Pvt.Unaided,6 To 10,3-Co-educational,1-Rural,Kothapeta,Palivela,,,JMJ Nilayam PALIVELA PALIVELA (VILL) PALIVELA(VILL) KOTHAPETA(MANDAL) EAST GODAVARI(DIST),533229,jmjpalivela[at]gmail[dot]com,https://kys.udiseplus.gov.in/#/schooldetail/4667877/12,4667877,16/07/2024 12:06,2480
******00407 Operational,,ST JOHNS PS (EM) PALIVELA,,,,Andhra Pradesh,1-Primary,38-Pvt.Unaided,1 To 5,3-Co-educational,1-Rural,Kothapeta,Palivela,,,PALIVELA PALIVELA (VILL) PALIVELA(VILL) KOTHAPETA(MANDAL) EAST GODAVARI(DIST),533223,jmjpalivela[at]gmail[dot]com,https://kys.udiseplus.gov.in/#/schooldetail/4667875/12,4667875,15/06/2023 10:34,2480
******01040 Operational,,"ST.JOHN'S UN AIDED HIGH SCHOOL, AMALAPURAM",,,,Andhra Pradesh,7-Upper Pr. and Secondary,38-Pvt.Unaided,6 To 10,3-Co-educational,2-Urban,NA,,Amalapuram (M) - Ward No.10,Amalapuram-Municipality,MAHIPALA STREET AMALAPURAM,533201,stjohns[at]gmail[dot]com,https://kys.udiseplus.gov.in/#/schooldetail/4721477/12,4721477,25/12/2025 21:36,2480
******01216 Permanently Closed,,ST JOHN THE BPTIST PS (EM) PONNAMANDA,,,,Andhra Pradesh,1-Primary,38-Pvt.Unaided,1 To 5,3-Co-educational,1-Rural,Razole,Ponnamanda,,,NA,533248,,https://kys.udiseplus.gov.in/#/schooldetail/4715039/12,4715039,15/10/2020 12:18,2480
******00607 Operational,,ST JOSPH HS (EM) IRUSUMANDA,,,,Andhra Pradesh,7-Upper Pr. and Secondary,38-Pvt.Unaided,6 To 10,3-Co-educational,1-Rural,Ambajipeta,Irusumanda,,,IRUSUMANDA IRUSUMANDA IRUSUMANDA(VILL) AMBAJIPETA(MANDAL) EAST GODAVARI(DIST),533239,saintjsph6[at]gmail[dot]com,https://kys.udiseplus.gov.in/#/schooldetail/4668078/12,4668078,23/12/2025 17:07,2480
******00606 Operational,,ST JOSPH PS (EM) IRUSUMANDA,,,,Andhra Pradesh,1-Primary,38-Pvt.Unaided,1 To 5,3-Co-educational,1-Rural,Ambajipeta,Irusumanda,,,IRUSUMANDA IRUSUMANDA IRUSUMANDA(VILL) AMBAJIPETA(MANDAL) EAST GODAVARI(DIST),533239,saintjsph6[at]gmail[dot]com,https://kys.udiseplus.gov.in/#/schooldetail/4668077/12,4668077,23/12/2025 17:07,2480
******00821 Operational,,ST.MARRYS HS (EM) ANTARVEDI,,,,Andhra Pradesh,6-Pr. Up Pr. and Secondary Only,38-Pvt.Unaided,1 To 10,3-Co-educational,1-Rural,Sakhinetipalle,Antarvedi,,,RAMBAGH ANTARVEDI(VILL) SAKHINETIPALLI(MANDAL) EAST GODAVARI(DIST),533252,stmaryantarvedi[at]gmail[dot]com,https://kys.udiseplus.gov.in/#/schooldetail/4669270/12,4669270,21/04/2023 15:31,2480
******01116 Operational,,ST MARYS HS (EM) MACHAVARAM,,,,Andhra Pradesh,7-Upper Pr. and Secondary,38-Pvt.Unaided,6 To 10,3-Co-educational,1-Rural,Ambajipeta,Machavaram,,,NAGABATHULAVARIPALEM MACHAVARAM MACHAVARAM(U)(VILL) AMBAJIPETA(MANDAL) EAST GODAVARI(DIST),533214,stmarysabj[at]gmail[dot]com,https://kys.udiseplus.gov.in/#/schooldetail/4668110/12,4668110,23/12/2025 17:18,2480
******01110 Operational,,ST MARYS PS (EM) MACHAVARAM,,,,Andhra Pradesh,1-Primary,38-Pvt.Unaided,1 To 5,3-Co-educational,1-Rural,Ambajipeta,Machavaram,,,NAGABATHULAVARIPALEM MACHAVARAM MACHAVARAM(U)(VILL) AMBAJIPETA(MANDAL) EAST GODAVARI(DIST),533214,stmarysabj[at]gmail[dot]com,https://kys.udiseplus.gov.in/#/schooldetail/4668105/12,4668105,23/12/2025 17:17,2480
******00511 Operational,,ST MARYS UPPER PRIMARY SCHOOL,,,,Andhra Pradesh,2-Primary with Upper Primary,38-Pvt.Unaided,1 To 7,3-Co-educational,1-Rural,Kapileswarapuram,Atchutapuram,,,MAIN ROAD ATCHUTAPURAM,533307,mohanarao.palivela13[at]gmail[dot]com,https://kys.udiseplus.gov.in/#/schooldetail/4667454/12,4667454,21/04/2023 15:31,2480
******01509 Operational,,ST MOTHER THERISA UPS (EM) KORUMILLI,,,,Andhra Pradesh,2-Primary with Upper Primary,38-Pvt.Unaided,1 To 7,3-Co-educational,1-Rural,Kapileswarapuram,Korumilli,,,KORUMILLI KORUMILLI(VILL) KORUMILLI(VILL) KAPILESWARAPURAM(MANDAL) EAST GODAVARI(DIST),533309,saint.mothertheresa[at]gmail[dot]com,https://kys.udiseplus.gov.in/#/schooldetail/4667505/12,4667505,21/04/2023 15:31,2480
******00511 Closed,Closed,ST.PARAMJYOTHI HS (EM) ANTARVEDIPALEM,,,,Andhra Pradesh,1-Primary,38-Pvt.Unaided,1 To 5,3-Co-educational,1-Rural,Sakhinetipalle,Antarvedipalem,,,ANTARVEDIPALEM SAKHINETIPALLI EAST GODAVARI DIST ANDHRA PRADESH,533251,stparamemschool[at]gmail[dot]com,https://kys.udiseplus.gov.in/#/schooldetail/4669221/12,4669221,27/12/2023 18:22,2480
******00517 Closed,Closed,ST PARAMJYOTI HS (EM) ANTARVEDIPALEM,,,,Andhra Pradesh,7-Upper Pr. and Secondary,38-Pvt.Unaided,6 To 10,3-Co-educational,1-Rural,Sakhinetipalle,Antarvedipalem,,,ANTARVEDIPALEM SAKHINETIPALLI EAST GODAVARI DIST ANDHRA PRADESH,533251,stparamemschool[at]gmail[dot]com,https://kys.udiseplus.gov.in/#/schooldetail/4669227/12,4669227,27/12/2023 18:22,2480
******00503 Operational,,ST.PATRICK'S ACADEMY EM HIGH SCHOOL,,,,Andhra Pradesh,7-Upper Pr. and Secondary,40-Pvt.Unaided (ICSE Syllabus),6 To 10,3-Co-educational,1-Rural,Ravulapalem,Ravulapalem,,,"MAIN ROAD, RAVULAPALEM MANDAL",533238,stpatricksacademyicse[at]gmail[dot]com,https://kys.udiseplus.gov.in/#/schooldetail/4720922/12,4720922,08/07/2025 19:14,2480
******00458 Operational,,ST. PATRICKS ACADEMY EM SCHOOL,,,,Andhra Pradesh,1-Primary,40-Pvt.Unaided (ICSE Syllabus),1 To 5,3-Co-educational,1-Rural,Ravulapalem,Ravulapalem,,,"MAIN ROAD, RAVULAPALEM MANDAL",533238,stpatricksacademyicse[at]gmail[dot]com,https://kys.udiseplus.gov.in/#/schooldetail/4720876/12,4720876,08/07/2025 19:15,2480
******90106 Operational,,STP MPL PS BUTCHAMMA AGRAHARAM,,,,Andhra Pradesh,1-Primary,34-MUNCIPAL,1 To 2,3-Co-educational,2-Urban,NA,,Amalapuram Ward No. 19,Amalapuram-Municipality,BUTCHAMMA AGRAHARAM WARD NO20 AMALAPURAM (VILL) AMALAPURAM(VILL) AMALAPURAM(MANDAL) EAST GODAVARI(DIST),533201,ramana.n8899[at]gmail[dot]com,https://kys.udiseplus.gov.in/#/schooldetail/4668699/12,4668699,21/12/2025 22:33,2480
******90939 Operational,,STPP MPL HS KOTHURU,,,,Andhra Pradesh,7-Upper Pr. and Secondary,34-MUNCIPAL,6 To 10,3-Co-educational,2-Urban,NA,,Ramachandrapuram (M) - Ward No.1,Ramachandrapuram-Municipality,RAMACHANDRAPURAM(1ST WARD) RAMACHANDRAPURAM (VILL) RAMACHANDRAPURAM(VILL) RAMACHANDRAPURAM(MANDAL) EAST GODAVARI(DIST),533255,mhs.kothururcpm[at]gmail[dot]com,https://kys.udiseplus.gov.in/#/schooldetail/4667339/12,4667339,25/06/2025 10:31,2480
******90910 Operational,,STPP MPL PS KOTHURU,,,,Andhra Pradesh,1-Primary,34-MUNCIPAL,1 To 5,3-Co-educational,2-Urban,NA,,Ramachandrapuram (M) - Ward No.1,Ramachandrapuram-Municipality,RAMACHANDRAPURAM(1ST WARD) RAMACHANDRAPURAM (VILL) RAMACHANDRAPURAM(VILL) RAMACHANDRAPURAM(MANDAL) EAST GODAVARI(DIST),533255,stppmplprimaryschoolkothuru[at]gmail[dot]com,https://kys.udiseplus.gov.in/#/schooldetail/4667313/12,4667313,17/06/2025 22:16,2480
******00309 Operational,,"STSNM ZPHS,CHEMUDULANKA",,,,Andhra Pradesh,7-Upper Pr. and Secondary,33-MPP_ZPP SCHOOLS,6 To 10,3-Co-educational,1-Rural,Alamuru,Chemudu Lanka,,,CHOPPELA( VILL) CHOPPELA(VILL) ALAMURU(MANDAL) EAST GODAVARI(DIST),533234,zphs.chemudulanka[at]gmail[dot]com,https://kys.udiseplus.gov.in/#/schooldetail/4667522/12,4667522,22/06/2025 05:49,2480
******01609 Operational,,SUBHANIKETAN UPS (EM) GANGAVARAM,,,,Andhra Pradesh,2-Primary with Upper Primary,38-Pvt.Unaided,1 To 7,3-Co-educational,1-Rural,NA,NA,,,GANGAVARAM GANGAVARAM (VILL) GANGAVARAM(VILL) K.GANGAVARAM(MANDAL) EAST GODAVARI(DIST),533305,mallidisubrahmanyam81[at]gmail[dot]com,https://kys.udiseplus.gov.in/#/schooldetail/4667791/12,4667791,21/04/2023 15:31,2480
******90555 Closed,Closed,SUDHIR PAUL UPS (EM) SYDHILI PETA,,,,Andhra Pradesh,2-Primary with Upper Primary,38-Pvt.Unaided,1 To 7,3-Co-educational,2-Urban,NA,,Mandapeta Ward No.23,Mandapeta-Municipality,WARD MANDAPETA MANDAPETA MANDAPETA MANDAPETA(MANDAL) EAST GODAVARI(DIST),533308,jeevaratnampaul2015[at]gmail[dot]com,https://kys.udiseplus.gov.in/#/schooldetail/4666727/12,4666727,11/05/2022 12:56,2480
******00620 Operational,,SUMEDHA HS (EM) KATRENIKONA,,,,Andhra Pradesh,6-Pr. Up Pr. and Secondary Only,38-Pvt.Unaided,1 To 10,3-Co-educational,1-Rural,Katrenikona,Katrenikona,,,KATRENIKONA(VILL) KATRENIKONA(MANDAL) EAST GODAVARI(DIST),533212,sumedha.edu[at]gmail[dot]com,https://kys.udiseplus.gov.in/#/schooldetail/4668452/12,4668452,14/06/2023 17:43,2480
******00611 Operational,,SUMEDHA UPS (EM) MACHAVARAM,,,,Andhra Pradesh,2-Primary with Upper Primary,38-Pvt.Unaided,1 To 7,3-Co-educational,1-Rural,Rayavaram,Machavaram,,,MACHAVARAM PT RAYAVARAM EAST GODAVARI 533261,533261,,https://kys.udiseplus.gov.in/#/schooldetail/4667421/12,4667421,21/04/2023 15:31,2480
******90564 Operational,,SUMEDHA VN UPS (EM) TARVANI PETA,,,,Andhra Pradesh,2-Primary with Upper Primary,38-Pvt.Unaided,1 To 7,3-Co-educational,2-Urban,NA,,Mandapeta Ward No.6,Mandapeta-Municipality,MANDAPETA MANDAPETA MANDAPETA MANDAPETA(MANDAL) EASTGODAVARI(DIST),533308,sumedhavidyaniketan[at]gmail[dot]com,https://kys.udiseplus.gov.in/#/schooldetail/4666735/12,4666735,31/12/2025 16:34,2480
******00224 Permanently Closed,,SUNRISE CONVENT EM UPS,,,,Andhra Pradesh,2-Primary with Upper Primary,38-Pvt.Unaided,1 To 7,3-Co-educational,1-Rural,Sakhinetipalle,Sakhinetipalle,,,NA,533251,,https://kys.udiseplus.gov.in/#/schooldetail/4669198/12,4669198,15/10/2020 12:18,2480
******90943 Operational,,SUN SHINE HS (EM) PILLA VARI STREET,,,,Andhra Pradesh,7-Upper Pr. and Secondary,38-Pvt.Unaided,6 To 10,3-Co-educational,2-Urban,NA,,Ramachandrapuram (M) - Ward No.3,Ramachandrapuram-Municipality,03rd WARD RAMACHANDRAPURAM (VILL) RAMACHANDRAPURAM(VILL) RAMACHANDRAPURAM(MANDAL) EAST GODAVARI(DIST),533255,sunshine242580[at]gmail[dot]com,https://kys.udiseplus.gov.in/#/schooldetail/4667343/12,4667343,15/10/2020 12:18,2480
******90920 Operational,,SUN SHINE PS (EM) PILLA VARI STREET,,,,Andhra Pradesh,1-Primary,38-Pvt.Unaided,1 To 5,3-Co-educational,2-Urban,NA,,Ramachandrapuram (M) - Ward No.3,Ramachandrapuram-Municipality,03rd WARD RAMACHANDRAPURAM (VILL) RAMACHANDRAPURAM(VILL) RAMACHANDRAPURAM(MANDAL) EAST GODAVARI(DIST),533255,meo.ramachandrapuram[at]gmail[dot]com,https://kys.udiseplus.gov.in/#/schooldetail/4667325/12,4667325,21/04/2023 15:31,2480
******01617 Operational,,SURYA HS (EM) THOTAPETA,,,,Andhra Pradesh,7-Upper Pr. and Secondary,38-Pvt.Unaided,6 To 10,3-Co-educational,1-Rural,Ramachandrapuram,Thotapeta,,,THOTAPETA DRAKSHARAMA (VILL) DRAKSHARAMA(VILL) RAMACHANDRAPURAM(MANDAL) EAST GODAVARI(DIST),533262,KESAVASAI95026[at]GMAIL[dot]COM,https://kys.udiseplus.gov.in/#/schooldetail/4667273/12,4667273,15/10/2020 12:18,2480
******01705 Operational,,SURYA PS (EM) THOTAPETA,,,,Andhra Pradesh,1-Primary,38-Pvt.Unaided,1 To 5,3-Co-educational,1-Rural,Ramachandrapuram,Thotapeta,,,thotapeta THOTAPETA (VILL) THOTAPETA(VILL) RAMACHANDRAPURAM(MANDAL) EAST GODAVARI(DIST),533262,nagendran772[at]gmail[dot]com,https://kys.udiseplus.gov.in/#/schooldetail/4667283/12,4667283,16/06/2023 15:21,2480
******00592 Operational,,"SURYA SRI MORAL EM SCHOOL, MUKKAMALA",,,,Andhra Pradesh,2-Primary with Upper Primary,38-Pvt.Unaided,1 To 7,3-Co-educational,1-Rural,Ambajipeta,Mukkamala,,,Near Mukkamala Sivalayam Temple,533241,prabhakararaosurya[at]gmail[dot]com,https://kys.udiseplus.gov.in/#/schooldetail/4721032/12,4721032,23/12/2025 17:21,2480
******90571 Operational,,SURYA TEJA UPS (EM) GANDHINAGAR,,,,Andhra Pradesh,2-Primary with Upper Primary,38-Pvt.Unaided,1 To 7,3-Co-educational,2-Urban,NA,,Mandapeta Ward No.24,Mandapeta-Municipality,GANDHINAGAR 4TH STREET,533308,srisurekhavocationalcollege[at]gmail[dot]com,https://kys.udiseplus.gov.in/#/schooldetail/4666741/12,4666741,24/12/2025 11:03,2480
******01225 Closed,Closed,SURYA UPS (EM) PALLAMKURRU,,,,Andhra Pradesh,2-Primary with Upper Primary,38-Pvt.Unaided,1 To 7,3-Co-educational,1-Rural,Katrenikona,Pallamkurru,,,PALLAMKURRU PALLAMKURRU(VILL) PALLAMKURRU(VILL) KATRENIKONA(MANDAL) EAST GODAVARI(DIST),533212,,https://kys.udiseplus.gov.in/#/schooldetail/4668509/12,4668509,17/12/2023 18:31,2480
******90906 Operational,,SVBP MPL PS (KVL) SAVARAM,,,,Andhra Pradesh,1-Primary,34-MUNCIPAL,1 To 5,3-Co-educational,2-Urban,NA,,Ramachandrapuram (M) - Ward No.18,Ramachandrapuram-Municipality,17th WARD RAMACHANDRAPURAM (VILL) RAMACHANDRAPURAM(VILL) RAMACHANDRAPURAM(MANDAL) EAST GODAVARI(DIST),533255,,https://kys.udiseplus.gov.in/#/schooldetail/4667309/12,4667309,15/10/2020 12:18,2480
******00108 Operational,,SVG UPS (EM) UBALANKA,,,,Andhra Pradesh,2-Primary with Upper Primary,38-Pvt.Unaided,1 To 7,3-Co-educational,1-Rural,Ravulapalem,Ubalanka,,,UBALANKA UBALANKA (VILL) UBALANKA(VILL) RAVULAPALEM(MANDAL) EAST GODAVARI(DIST),533237,svgemschool[at]gmail[dot]com,https://kys.udiseplus.gov.in/#/schooldetail/4667650/12,4667650,16/06/2023 15:21,2480
******00107 Closed,Closed,SVG UPS (TM) UBALNKA,,,,Andhra Pradesh,2-Primary with Upper Primary,38-Pvt.Unaided,1 To 7,3-Co-educational,1-Rural,Ravulapalem,Ubalanka,,,UBALANKA UBALANKA (VILL) UBALANKA(VILL) RAVULAPALEM(MANDAL) EAST GODAVARI(DIST),533237,svgemschool[at]gmail[dot]com,https://kys.udiseplus.gov.in/#/schooldetail/4667649/12,4667649,28/01/2023 14:00,2480
******01211 Operational,,S VIVEKANAN UPS (EM) KAPILESWARAPURAM,,,,Andhra Pradesh,2-Primary with Upper Primary,38-Pvt.Unaided,1 To 7,3-Co-educational,1-Rural,Kapileswarapuram,Kapileswarapuram,,,KAPILESWARAPURAM KAPILESWARAPURAM (VILL) KAPILESWARAPURAM(VILL) KAPILESWARAPURAM(MANDAL) EAST GODAVARI(DIST),533309,,https://kys.udiseplus.gov.in/#/schooldetail/4667488/12,4667488,21/04/2023 15:31,2480
******90110 Operational,,SV MPL PS (K) AGRAHARAM,,,,Andhra Pradesh,1-Primary,34-MUNCIPAL,1 To 5,3-Co-educational,2-Urban,NA,,Amalapuram Ward No. 24,Amalapuram-Municipality,K AGRAHARAM WARD NO25 AMALAPURAM (VILL) AMALAPURAM(VILL) AMALAPURAM(MANDAL) EAST GODAVARI(DIST),533201,,https://kys.udiseplus.gov.in/#/schooldetail/4668702/12,4668702,21/12/2025 22:37,2480
******90521 Operational,,SV MPL PS SANKAVARI STREET,,,,Andhra Pradesh,1-Primary,34-MUNCIPAL,1 To 5,3-Co-educational,2-Urban,NA,,Mandapeta Ward No.7,Mandapeta-Municipality,07th WARD MANDAPETA (VILL) MANDAPETA(VILL) MANDAPETA(MANDAL) EAST GODAVARI(DIST),533308,jyothi.rhms1[at]gmail[dot]com,https://kys.udiseplus.gov.in/#/schooldetail/4666708/12,4666708,31/12/2025 16:39,2480
******90140 Operational,,SVP MPL PS MAHIPALA STREET,,,,Andhra Pradesh,1-Primary,34-MUNCIPAL,1 To 5,3-Co-educational,2-Urban,NA,,Amalapuram (M) - Ward No.10,Amalapuram-Municipality,MAHIPALA STREET WARD NO10 AMALAPURAM (VILL) AMALAPURAM(VILL) AMALAPURAM(MANDAL) EAST GODAVARI(DIST),533201,,https://kys.udiseplus.gov.in/#/schooldetail/4668269/12,4668269,20/12/2025 22:49,2480
******01102 Closed,Closed,SVR HINDU AIDED PS MUMMIDIVARAPADU,,,,Andhra Pradesh,1-Primary,35-Pvt.Aided,1 To 5,3-Co-educational,1-Rural,Ravulapalem,Mummidivarappadu,,,MUMMIDIVARAPPADU(MAIN ROAD) MUMMIDIVARAPPADU (VILL) MUMMIDIVARAPPADU(VILL) RAVULAPALEM(MANDAL) EAST GODAVARI(DIST),533274,krkvprasad[at]gmail[dot]com,https://kys.udiseplus.gov.in/#/schooldetail/4667747/12,4667747,11/05/2022 13:03,2480
******00911 Operational,,SVSC SCHOOL GUDAPALLI,,,,Andhra Pradesh,6-Pr. Up Pr. and Secondary Only,38-Pvt.Unaided,1 To 10,3-Co-educational,1-Rural,Malikipuram,Gudapalle,,,GUDAPALLE GUDAPALLE (VILL) GUDAPALLE(VILL) MALIKIPURAM(MANDAL) EAST GODAVARI(DIST),533244,meo.malikipuram[at]gmail[dot]com,https://kys.udiseplus.gov.in/#/schooldetail/4669133/12,4669133,21/04/2023 15:31,2480
******90536 Permanently Closed,,SVSPS VANI HS (EM) NEAR COMMUNITY HALL,,,,Andhra Pradesh,6-Pr. Up Pr. and Secondary Only,38-Pvt.Unaided,1 To 10,3-Co-educational,2-Urban,NA,,Mandapeta Ward No.12,Mandapeta-Municipality,NA,533308,,https://kys.udiseplus.gov.in/#/schooldetail/4714844/12,4714844,15/10/2020 12:18,2480
******90511 Operational,,SVSPS VANI PS (EM) NEAR COMMUNITY HALL,,,,Andhra Pradesh,1-Primary,38-Pvt.Unaided,1 To 5,3-Co-educational,2-Urban,NA,,Mandapeta Ward No.12,Mandapeta-Municipality,13th WARD MANDAPETA (VILL) MANDAPETA(VILL) MANDAPETA(MANDAL) EAST GODAVARI(DIST),533308,vbbvkmp[at]gmail[dot]com,https://kys.udiseplus.gov.in/#/schooldetail/4666698/12,4666698,31/12/2025 16:41,2480
******90531 Operational,,SVSR GHS MANDAPETA,,,,Andhra Pradesh,7-Upper Pr. and Secondary,10-State Govt.,6 To 10,3-Co-educational,2-Urban,NA,,Mandapeta Ward No.22,Mandapeta-Municipality,D NO 31-9-3222rd WARD MANDAPETA (VILL) MANDAPETA(MANDAL) Dr.B.R.AMBEDKAR KONASEEMA DISTRICT,533308,ghs.mandapeta[at]gmail[dot]com,https://kys.udiseplus.gov.in/#/schooldetail/4666717/12,4666717,31/12/2025 16:40,2480
******90580 Permanently Closed,,SVSR GOVT JUNIOR COLLEGE,,,,Andhra Pradesh,11-Higher Secondary only/Jr. College,10-State Govt.,11 To 12,3-Co-educational,2-Urban,NA,,Mandapeta Ward No.22,Mandapeta-Municipality,NA,533308,,https://kys.udiseplus.gov.in/#/schooldetail/4714848/12,4714848,15/10/2020 12:18,2480
******00914 Permanently Closed,,SVS SCHL GUDAPALLI,,,,Andhra Pradesh,2-Primary with Upper Primary,61-Unrecognised Schools,1 To 7,3-Co-educational,1-Rural,Malikipuram,Gudapalle,,,NA,533244,,https://kys.udiseplus.gov.in/#/schooldetail/4715042/12,4715042,15/10/2020 12:18,2480
******00225 Operational,,SVU UPS (EM) RAVULAPALEM,,,,Andhra Pradesh,2-Primary with Upper Primary,38-Pvt.Unaided,1 To 7,3-Co-educational,1-Rural,Ravulapalem,Ravulapalem,,,RAVULAPALEM RAVULAPALEM(VILL) RAVULAPALEM(VILL) RAVULAPALEM(MANDAL) EAST GODAVARI(DIST),533238,svunique[at]gmail[dot]com,https://kys.udiseplus.gov.in/#/schooldetail/4667678/12,4667678,16/06/2023 15:21,2480
******90507 Operational,,SVVSSC MPL PS MEDHARPETA,,,,Andhra Pradesh,1-Primary,34-MUNCIPAL,1 To 2,3-Co-educational,2-Urban,NA,,Mandapeta Ward No.22,Mandapeta-Municipality,22nd WARD MANDAPETA (VILL) MANDAPETA(VILL) MANDAPETA(MANDAL) EAST GODAVARI(DIST),533308,kusumavarshinim[at]gmail[dot]com,https://kys.udiseplus.gov.in/#/schooldetail/4666694/12,4666694,31/12/2025 16:43,2480
******90538 Operational,,SWARNA BHARATHI HS (EM) RAVULA PETA,,,,Andhra Pradesh,7-Upper Pr. and Secondary,38-Pvt.Unaided,6 To 10,3-Co-educational,2-Urban,NA,,Mandapeta Ward No. 21,Mandapeta-Municipality,19th WARD MANDAPETA (VILL) MANDAPETA(VILL) MANDAPETA(MANDAL) EAST GODAVARI(DIST),533308,swarnabharathiemhighschool[at]gmail[dot]com,https://kys.udiseplus.gov.in/#/schooldetail/4666322/12,4666322,31/12/2025 16:36,2480
******90512 Operational,,SWARNABHARATHI PS (EM) RAVULA PETA,,,,Andhra Pradesh,1-Primary,38-Pvt.Unaided,1 To 5,3-Co-educational,2-Urban,NA,,Mandapeta Ward No. 21,Mandapeta-Municipality,19th WARD MANDAPETA (VILL) MANDAPETA(VILL) MANDAPETA(MANDAL) EAST GODAVARI(DIST),533308,swarnabharathiemhighschool[at]gmail[dot]com,https://kys.udiseplus.gov.in/#/schooldetail/4666699/12,4666699,31/12/2025 16:41,2480
******01606 Operational,,SYAM PRASAD UPS (EM) GANGAVARAM,,,,Andhra Pradesh,2-Primary with Upper Primary,38-Pvt.Unaided,1 To 7,3-Co-educational,1-Rural,NA,NA,,,GANGAVARAM GANGAVARAM (VILL) GANGAVARAM(VILL) K.GANGAVARAM(MANDAL) EAST GODAVARI(DIST),533305,j.s.nagendraprasad[at]gmail[dot]com,https://kys.udiseplus.gov.in/#/schooldetail/4667789/12,4667789,21/04/2023 15:31,2480
******00806 Permanently Closed,,THE CHANCELLOR EM HS,,,,Andhra Pradesh,7-Upper Pr. and Secondary,38-Pvt.Unaided,6 To 10,3-Co-educational,1-Rural,Mamidikuduru,Mogalikuduru,,,NA,533249,,https://kys.udiseplus.gov.in/#/schooldetail/4715030/12,4715030,15/10/2020 12:18,2480
******00805 Closed,Closed,THE CHANCELLOR UPS (EM) JAGGANNAPETA,,,,Andhra Pradesh,2-Primary with Upper Primary,38-Pvt.Unaided,1 To 8,3-Co-educational,1-Rural,Mamidikuduru,Mogalikuduru,,,JAGGANNAPETA MOGALIKUDURU (VILL) MOGALIKUDURU(VILL) MAMIDIKUDURU(MANDAL) EAST GODAVARI(DIST),533249,chancellor.yv[at]gmail[dot]com,https://kys.udiseplus.gov.in/#/schooldetail/4668934/12,4668934,24/12/2023 18:17,2480
******00521 Operational,,THE NEST UP SCHOOL,,,,Andhra Pradesh,2-Primary with Upper Primary,38-Pvt.Unaided,1 To 7,3-Co-educational,1-Rural,Sakhinetipalle,Antarvedipalem,,,"antarvedipalem, SAKHINETIPALLI MANDAL",533252,malikipuram.nest[at]gmail[dot]com,https://kys.udiseplus.gov.in/#/schooldetail/4718847/12,4718847,16/07/2024 12:24,2480
******00857 Operational,,THE RISING OLIVES (EM) SCHOOL,,,,Andhra Pradesh,6-Pr. Up Pr. and Secondary Only,38-Pvt.Unaided,1 To 9,3-Co-educational,1-Rural,Malikipuram,Sankaraguptham,,,"D.No.1-226, Sankaraguptam Pachayathi Center, Main Road, Malikipuram Mandal, Dr. B.R. Ambedkar Konase",533250,moses.sandepudi[at]gmail[dot]com,https://kys.udiseplus.gov.in/#/schooldetail/4721390/12,4721390,17/06/2025 16:20,2480
******01614 Operational,,TILAK HS (EM) DRAKSHARAMA,,,,Andhra Pradesh,7-Upper Pr. and Secondary,38-Pvt.Unaided,6 To 10,3-Co-educational,1-Rural,Ramachandrapuram,Draksharama,,,DRAKSHARAMA(SURYA STREE) DRAKSHARAMA(VILL) DRAKSHARAMA(VILL) RAMACHANDRAPURAM(MANDAL) EAST GODAVARI(DIST),533262,gayatritilakvidyaniketan[at]gmail[dot]com,https://kys.udiseplus.gov.in/#/schooldetail/4667270/12,4667270,15/10/2020 12:18,2480
******01613 Operational,,TILAK PS (EM) DRAKSHARAMA,,,,Andhra Pradesh,1-Primary,38-Pvt.Unaided,1 To 5,3-Co-educational,1-Rural,Ramachandrapuram,Draksharama,,,DRAKSHARAMA DRAKSHARAMA(VILL) DRAKSHARAMA(VILL) RAMACHANDRAPURAM(MANDAL) EAST GODAVARI(DIST),533262,meo.ramachandrapuram[at]gmail[dot]com,https://kys.udiseplus.gov.in/#/schooldetail/4667269/12,4667269,21/04/2023 15:31,2480
******90194 Operational,,TULIPS HS (EM) MOBERLYPETA,,,,Andhra Pradesh,7-Upper Pr. and Secondary,38-Pvt.Unaided,6 To 10,3-Co-educational,2-Urban,NA,,Amalapuram (M) - Ward No.3,Amalapuram-Municipality,MOBERLYPETA AMALAPURAM (M) AMALAPURAM(VILL) AMALAPURAM(MANDAL) EAST GODAVARI(DIST),533201,tulips.235582[at]gmail[dot]com,https://kys.udiseplus.gov.in/#/schooldetail/4668745/12,4668745,25/12/2025 21:11,2480
******90196 Operational,,TULIPS PS (EM) MOBERLYPETA,,,,Andhra Pradesh,1-Primary,38-Pvt.Unaided,1 To 5,3-Co-educational,2-Urban,NA,,Amalapuram (M) - Ward No.3,Amalapuram-Municipality,10-1-15 MOBERLY PETA AMALAPURAM (M) AMALAPURAM(VILL) AMALAPURAM(MANDAL) EAST GODAVARI(DIST),533201,tulips.235582[at]gmail[dot]com,https://kys.udiseplus.gov.in/#/schooldetail/4668747/12,4668747,25/12/2025 21:16,2480
******01516 Operational,,USHA HS EM RYALI,,,,Andhra Pradesh,6-Pr. Up Pr. and Secondary Only,38-Pvt.Unaided,1 To 10,3-Co-educational,1-Rural,Atreyapuram,Ryali,,,9-12 Ryali Ryali village Atreyapuram Mandal Dr.Br.Ambedkar Konaseema Dist Andhra pradesh,533236,ushaacademyryl[at]gmail[dot]com,https://kys.udiseplus.gov.in/#/schooldetail/4667222/12,4667222,14/12/2023 10:14,2480
******00228 Operational,,USHA UPS (EM) SAKHINETIPALLI,,,,Andhra Pradesh,2-Primary with Upper Primary,38-Pvt.Unaided,1 To 8,3-Co-educational,1-Rural,Sakhinetipalle,Sakhinetipalle,,,DODDAVARI PETA SAKINETIPALLE(VILL) SAKINETIPALLE(VILL) SAKHINETIPALLI(MANDAL) EAST GODAVARI(DIST),533251,ushamodelschool1[at]gmail[dot]com,https://kys.udiseplus.gov.in/#/schooldetail/4669201/12,4669201,14/06/2023 22:27,2480
******90994 Closed,Closed,VAGDEVI HS (EM) SRI NAGAR,,,,Andhra Pradesh,7-Upper Pr. and Secondary,38-Pvt.Unaided,6 To 10,3-Co-educational,2-Urban,NA,,Ramachandrapuram (M) - Ward No.26,Ramachandrapuram-Municipality,RAMACHANDRAPURAM,533255,,https://kys.udiseplus.gov.in/#/schooldetail/4667372/12,4667372,11/05/2022 14:25,2480
******00735 Operational,,VAIDHIN HS (EM) MUMMIDIVARAM,,,,Andhra Pradesh,7-Upper Pr. and Secondary,38-Pvt.Unaided,6 To 10,3-Co-educational,2-Urban,NA,,Mummidivaram Ward No.17,Mummidivaram-Town Panchayat,BALLAGATE CENTRE MUMMIDIVARAM (VILL) MUMMIDIVARAM(VILL) MUMMIDIVARAM(MANDAL) EAST GODAVARI(DIST),533216,vaidhinschool[at]gmail[dot]com,https://kys.udiseplus.gov.in/#/schooldetail/4668275/12,4668275,15/10/2020 12:18,2480
******00722 Operational,,VAIDHIN PS (EM) MUMMIDIVARAM,,,,Andhra Pradesh,1-Primary,38-Pvt.Unaided,1 To 5,3-Co-educational,2-Urban,NA,,Mummidivaram Ward No.17,Mummidivaram-Town Panchayat,MUMMIDIVARAM MUMMIDIVARAM (VILL) MUMMIDIVARAM(VILL) MUMMIDIVARAM(MANDAL) EAST GODAVARI(DIST),533216,vaidhinschool[at]gmail[dot]com,https://kys.udiseplus.gov.in/#/schooldetail/4667825/12,4667825,14/06/2023 22:08,2480
******90559 Operational,,VAISHNAVI HS (EM) GANDHINAGAR,,,,Andhra Pradesh,7-Upper Pr. and Secondary,38-Pvt.Unaided,6 To 10,3-Co-educational,2-Urban,NA,,Mandapeta Ward No.24,Mandapeta-Municipality,MANDAPETA MANDAPETA MANDAPETA MANDAPETA(MANDAL) EAST GODAVARI(DIST),533308,svlpds888[at]gmail[dot]com,https://kys.udiseplus.gov.in/#/schooldetail/4666730/12,4666730,31/12/2025 16:37,2480
******90552 Operational,,VAISHNAVI UPS (EM) GANDHI NAGAR,,,,Andhra Pradesh,2-Primary with Upper Primary,38-Pvt.Unaided,1 To 7,3-Co-educational,2-Urban,NA,,Mandapeta Ward No.24,Mandapeta-Municipality,GANDHI NAGAR MANDAPETA MANDAPETA(VILL) MANDAPETA(MANDAL) EAST GODAVARI(DIST),533308,svlpds888[at]gmail[dot]com,https://kys.udiseplus.gov.in/#/schooldetail/4666724/12,4666724,31/12/2025 16:37,2480
******01507 Permanently Closed,,VANI AIDED PS RYALI,,,,Andhra Pradesh,1-Primary,35-Pvt.Aided,1 To 5,3-Co-educational,1-Rural,Atreyapuram,Ryali,,,NA,533236,,https://kys.udiseplus.gov.in/#/schooldetail/4714926/12,4714926,15/10/2020 12:18,2480
******00386 Operational,,VIBGYORS EM SCHOOL,,,,Andhra Pradesh,2-Primary with Upper Primary,38-Pvt.Unaided,1 To 7,3-Co-educational,2-Urban,NA,,Mummidivaram Ward No.1,Mummidivaram-Town Panchayat,"MUMMIDIVARAM, MUMMIDIVARAM MANDAL",533216,vishnupriyakam[at]gmail[dot]com,https://kys.udiseplus.gov.in/#/schooldetail/4720790/12,4720790,14/06/2023 17:57,2480
******01013 Closed,Closed,VICTORY HS (EM) MODEKURRU,,,,Andhra Pradesh,7-Upper Pr. and Secondary,38-Pvt.Unaided,6 To 10,3-Co-educational,1-Rural,Kothapeta,Modekurru,,,MODEKURRU MODEKURRU(VILL) MODEKURRU(VILL) KOTHAPETA(MANDAL) EAST GODAVARI(DIST),533229,satyanarayanachitturi123[at]gmail[dot]com,https://kys.udiseplus.gov.in/#/schooldetail/4667938/12,4667938,24/12/2023 15:17,2480
******01014 Closed,Closed,VICTORY PS (EM) MODEKURRU,,,,Andhra Pradesh,1-Primary,38-Pvt.Unaided,1 To 5,3-Co-educational,1-Rural,Kothapeta,Modekurru,,,MODEKURRU MODEKURRU(VILL) MODEKURRU(VILL) KOTHAPETA(MANDAL) EAST GODAVARI(DIST),533229,satyanarayanachitturi123[at]gmail[dot]com,https://kys.udiseplus.gov.in/#/schooldetail/4667939/12,4667939,24/12/2023 15:17,2480
******01557 Operational,,VICTORY VIJNAN EM SCHOOL,,,,Andhra Pradesh,2-Primary with Upper Primary,38-Pvt.Unaided,1 To 7,3-Co-educational,1-Rural,Ramachandrapuram,Draksharama,,,"ANNAIPETA, DRAKSHARAMA, RAMACHANDRAPURAM MANDAL, KONASEEMA DIST-533262",533262,aketivaraprasad[at]gmail[dot]com,https://kys.udiseplus.gov.in/#/schooldetail/4721964/12,4721964,25/09/2024 20:49,2480
******00332 Operational,,VIDYABALA MANDIR HS (EM) KOTHAPETA,,,,Andhra Pradesh,6-Pr. Up Pr. and Secondary Only,38-Pvt.Unaided,1 To 10,3-Co-educational,1-Rural,Kothapeta,Kothapeta,,,KOTHA PETA KOTHA PETA(VILL) KOTHAPETA(VILL) KOTHAPETA(MANDAL) EAST GODAVARI(DIST),533223,vidyabalamandirkpt[at]gmail[dot]com,https://kys.udiseplus.gov.in/#/schooldetail/4667855/12,4667855,16/07/2024 11:52,2480
******01647 Operational,,"VIDYA MANDIR EM SCHOOL, AMBAJIPETA",,,,Andhra Pradesh,2-Primary with Upper Primary,38-Pvt.Unaided,1 To 7,3-Co-educational,1-Rural,Ambajipeta,Machavaram,,,"5-168, MAIN ROAD, NEAR RTC BUS STAND AMBAJIPETA",533214,vidyamandirschool[at]gmail[dot]com,,,23/12/2025 17:21,2480
******90310 Operational,,VIDYANIDHI HS (EM) AMALAPURAM,,,,Andhra Pradesh,7-Upper Pr. and Secondary,38-Pvt.Unaided,6 To 10,3-Co-educational,2-Urban,NA,,Amalapuram Ward No. 24,Amalapuram-Municipality,25 TH WARD AMALAPURAM AMALAPURAM AMALAPURAM EAST GODAVARI DIST,533201,viittsamp1[at]gmail[dot]com,https://kys.udiseplus.gov.in/#/schooldetail/4668766/12,4668766,22/12/2025 14:31,2480
******00114 Permanently Closed,,VIDYANIDHI HS (EM) TATIPAA,,,,Andhra Pradesh,6-Pr. Up Pr. and Secondary Only,38-Pvt.Unaided,1 To 10,3-Co-educational,1-Rural,Razole,Thatipaka,,,NA,533249,,https://kys.udiseplus.gov.in/#/schooldetail/4668979/12,4668979,15/10/2020 12:18,2480
******90309 Operational,,VIDYANIDHI PS (EM) AMALAPURAM,,,,Andhra Pradesh,1-Primary,38-Pvt.Unaided,1 To 5,3-Co-educational,2-Urban,NA,,Amalapuram Ward No. 24,Amalapuram-Municipality,25 TH WARD AMALAPURAM AMALAPURAM AMALAPURAM EAST GODAVARI DIST,533201,viittsamp1[at]gmail[dot]com,https://kys.udiseplus.gov.in/#/schooldetail/4668765/12,4668765,22/12/2025 14:34,2480
******00218 Operational,,VIDYAVAHINI UPS (EM) ALLAVARAM,,,,Andhra Pradesh,2-Primary with Upper Primary,38-Pvt.Unaided,1 To 7,3-Co-educational,1-Rural,Allavaram,Allavaram,,,ALLAVARAM ALLAVARAM ALLAVARAM(VILL) ALLAVARAM(MANDAL) EAST GODAVARI(DIST),533217,meo.allavaram1[at]gmail[dot]com,https://kys.udiseplus.gov.in/#/schooldetail/4668814/12,4668814,19/12/2025 10:44,2480
******90557 Closed,Closed,VIDYAVANI UPS (EM) RAVULA PETA,,,,Andhra Pradesh,2-Primary with Upper Primary,38-Pvt.Unaided,1 To 7,3-Co-educational,2-Urban,NA,,Mandapeta Ward No.20,Mandapeta-Municipality,WARD 21 MANDAPETA MANDAPETA MANDAPETA MANDAPETA(MANDAL) EAST GODAVARI(DIST),533308,vidyavani1986[at]gmail[dot]com,https://kys.udiseplus.gov.in/#/schooldetail/4666729/12,4666729,20/08/2025 09:53,2480
******90198 Closed,Closed,VIDYAVANI UPS (EM) YARRAMILLI STREET,,,,Andhra Pradesh,2-Primary with Upper Primary,38-Pvt.Unaided,1 To 7,3-Co-educational,2-Urban,NA,,Amalapuram (M) - Ward No.11,Amalapuram-Municipality,YARRAMILLI STREET AMALAPURAM(M) AMALAPURAM(VILL) AMALAPURAM(MANDAL) EAST GODAVARI(DIST),533201,,https://kys.udiseplus.gov.in/#/schooldetail/4668748/12,4668748,30/01/2023 17:27,2480
******90534 Permanently Closed,,VIDYA VIKAS HS (EM) RAVULA PETA,,,,Andhra Pradesh,7-Upper Pr. and Secondary,38-Pvt.Unaided,6 To 10,3-Co-educational,2-Urban,NA,,Mandapeta Ward No. 21,Mandapeta-Municipality,NA,533308,,https://kys.udiseplus.gov.in/#/schooldetail/4714843/12,4714843,15/10/2020 12:18,2480
******02007 Operational,,VIGNANA BARATHI UPS (EM) KOTIPALLI,,,,Andhra Pradesh,2-Primary with Upper Primary,38-Pvt.Unaided,1 To 7,3-Co-educational,1-Rural,NA,NA,,,KOTIPALLI KOTIPALLE (VILL) KOTIPALLI(VILL) K.GANGAVARAM(MANDAL) EAST GODAVARI(DIST),533306,Vbbvkkotipalli[at]gmail[dot]com,https://kys.udiseplus.gov.in/#/schooldetail/4667383/12,4667383,22/07/2024 13:01,2480
******00415 Operational,,VIGNAN HS (EM) MALIKIPURAM,,,,Andhra Pradesh,7-Upper Pr. and Secondary,38-Pvt.Unaided,6 To 10,3-Co-educational,1-Rural,Malikipuram,Malikipuram,,,MALIKIPRUAM MALIKIPURAM(VILL) MALIKIPURAM(VILL) MALIKIPURAM(MANDAL) EAST GODAVARI(DIST),533253,adabalalalitha33[at]gmail[dot]com,https://kys.udiseplus.gov.in/#/schooldetail/4669087/12,4669087,15/10/2020 12:18,2480
******00212 Permanently Closed,,VIGNAN HS (EM) RAYAVARAM,,,,Andhra Pradesh,7-Upper Pr. and Secondary,38-Pvt.Unaided,6 To 10,3-Co-educational,1-Rural,Rayavaram,Vedurupaka,,,NA,533346,,https://kys.udiseplus.gov.in/#/schooldetail/4714910/12,4714910,15/10/2020 12:18,2480
******00112 Operational,,VIGNAN JUNIOR COLLEGE,,,,Andhra Pradesh,11-Higher Secondary only/Jr. College,38-Pvt.Unaided,11 To 12,3-Co-educational,1-Rural,Rayavaram,Vedurupaka,,,MAIN ROAD RAYAVARAM RAYAVARAM MANDAL,533346,srisaivignanjrclgrayavaram[at]gmai[dot]com,https://kys.udiseplus.gov.in/#/schooldetail/4719922/12,4719922,15/06/2023 13:16,2480
******00607 Permanently Closed,,VIGNAN POWER KIDS UP SCHOOL,,,,Andhra Pradesh,2-Primary with Upper Primary,38-Pvt.Unaided,1 To 7,3-Co-educational,1-Rural,Malikipuram,Lakkavaram,,,NA,533254,,https://kys.udiseplus.gov.in/#/schooldetail/4715041/12,4715041,15/10/2020 12:18,2480
******00606 Operational,,VIGNAN POWER KIDS UP SCHOOL EM,,,,Andhra Pradesh,2-Primary with Upper Primary,38-Pvt.Unaided,1 To 7,3-Co-educational,1-Rural,Malikipuram,Lakkavaram,,,Lakkavaram,533254,naremdraprsanthi[at]gmail[dot]com,https://kys.udiseplus.gov.in/#/schooldetail/4668670/12,4668670,21/04/2023 15:31,2480
******00412 Operational,,VIGNAN PS (EM) MALIKIPURAM,,,,Andhra Pradesh,1-Primary,38-Pvt.Unaided,1 To 5,3-Co-educational,1-Rural,Malikipuram,Malikipuram,,,MALIKIPURAM MALIKIPURAM(VILL) MALIKIPURAM(VILL) MALIKIPURAM(MANDAL) EAST GODAVARI(DIST),533253,adabalalalitha33[at]gmail[dot]com,https://kys.udiseplus.gov.in/#/schooldetail/4669084/12,4669084,21/04/2023 15:31,2480
******90563 Operational,,VIGNAN UPS (EM) DHARMAGUNDAM STREET,,,,Andhra Pradesh,2-Primary with Upper Primary,38-Pvt.Unaided,1 To 7,3-Co-educational,2-Urban,NA,,Mandapeta Ward No.17,Mandapeta-Municipality,MANDAPETA MANDAPETA MANDAPETA MANDAPETA(MANDAL) EAST GODAVARI(DIST),533308,vignanschool88[at]gmail[dot]com,https://kys.udiseplus.gov.in/#/schooldetail/4666734/12,4666734,31/12/2025 16:34,2480
******00227 Operational,,VIGNAN UPS (EM) RAYAVARAM,,,,Andhra Pradesh,6-Pr. Up Pr. and Secondary Only,38-Pvt.Unaided,1 To 10,3-Co-educational,1-Rural,Rayavaram,Vedurupaka,,,MAIN ROAD RAYAVARAM OPP BSNL OFFICE,533346,vignanmodelemschoolrym[at]gmail[dot]com,https://kys.udiseplus.gov.in/#/schooldetail/4667396/12,4667396,26/09/2024 12:19,2480
******00509 Operational,,VIGNAN UPS (EM) SOMESWARAM,,,,Andhra Pradesh,2-Primary with Upper Primary,38-Pvt.Unaided,1 To 7,3-Co-educational,1-Rural,Rayavaram,Someswaram,,,SOMESWARAM SOMESWARAM VILL SOMESWARAM(VILL) RAYAVARAM(MANDAL) EAST GODAVARI(DIST),533261,vignan[at]gmail[dot]com,https://kys.udiseplus.gov.in/#/schooldetail/4667409/12,4667409,14/06/2023 18:04,2480
******00813 Closed,Closed,VIGNAN VIDYANIKETAN HS EM ATREYAPURAM,,,,Andhra Pradesh,6-Pr. Up Pr. and Secondary Only,38-Pvt.Unaided,1 To 10,3-Co-educational,1-Rural,Atreyapuram,Atreyapuram,,,GREEN CITY ATREYAPURAM,533235,vignaan.atpm[at]gmail[dot]com,https://kys.udiseplus.gov.in/#/schooldetail/4667611/12,4667611,29/12/2022 16:06,2480
******00419 Operational,,VIGNAN (VOC) JR COLLEGE,,,,Andhra Pradesh,11-Higher Secondary only/Jr. College,38-Pvt.Unaided,11 To 12,3-Co-educational,1-Rural,Malikipuram,Malikipuram,,,"MALIKIPURAM, MALIKIPURAM MANDAL",533253,meo.malikipuram[at]gmail[dot]com,https://kys.udiseplus.gov.in/#/schooldetail/4715040/12,4715040,13/12/2023 15:18,2480
******00607 Permanently Closed,,VIJAYANANDA AIDED PS MORI PADAMATIPALEM,,,,Andhra Pradesh,1-Primary,35-Pvt.Aided,1 To 5,3-Co-educational,1-Rural,Sakhinetipalle,Mori,,,NA,533250,,https://kys.udiseplus.gov.in/#/schooldetail/4715050/12,4715050,15/10/2020 12:18,2480
******00225 Operational,,VIJETHA EM UPS TEKISETTIPALEM,,,,Andhra Pradesh,2-Primary with Upper Primary,38-Pvt.Unaided,1 To 7,3-Co-educational,1-Rural,Sakhinetipalle,Sakhinetipalle,,,tekisettipalem,533252,vijethaschooltkp1[at]gmail[dot]com,https://kys.udiseplus.gov.in/#/schooldetail/4669199/12,4669199,21/04/2023 15:31,2480
******00522 Closed,Closed,VIJETHA JUNIOR COLLEGE,,,,Andhra Pradesh,11-Higher Secondary only/Jr. College,38-Pvt.Unaided,11 To 12,3-Co-educational,1-Rural,Mamidikuduru,Nagaram,,,5663 amalapuram,533308,vijethacollege2015[at]gmail[dot]com,https://kys.udiseplus.gov.in/#/schooldetail/4718843/12,4718843,29/12/2023 09:50,2480
******90983 Operational,,VIJNANA BHARATHI HS (EM) LALITHA NAGAR,,,,Andhra Pradesh,7-Upper Pr. and Secondary,38-Pvt.Unaided,6 To 10,3-Co-educational,2-Urban,NA,,Ramachandrapuram (M) - Ward No.15,Ramachandrapuram-Municipality,lalithanagar,533255,-vbbvkrcpm[at]gmail[dot]com,https://kys.udiseplus.gov.in/#/schooldetail/4667365/12,4667365,15/10/2020 12:18,2480
******90930 Operational,,VIJNANA BHARATHI PS (EM) LALITHA NAGAR,,,,Andhra Pradesh,1-Primary,38-Pvt.Unaided,1 To 5,3-Co-educational,2-Urban,NA,,Ramachandrapuram (M) - Ward No.15,Ramachandrapuram-Municipality,15th WARD RAMACHANDRAPURAM (VILL) RAMACHANDRAPURAM(VILL) RAMACHANDRAPURAM(MANDAL) EAST GODAVARI(DIST),533255,vbbvkrcpm[at]gmail[dot]com,https://kys.udiseplus.gov.in/#/schooldetail/4667332/12,4667332,21/04/2023 15:31,2480
******90975 Operational,,VIKAS EM HS SIVALAYAM STREET,,,,Andhra Pradesh,7-Upper Pr. and Secondary,38-Pvt.Unaided,6 To 10,3-Co-educational,2-Urban,NA,,Ramachandrapuram (M) - Ward No.22,Ramachandrapuram-Municipality,RAMACHANDRAPURAM RAMACHANDRAPURAM RAMACHANDRAPURAM(VILL) RAMACHANDRAPURAM(MANDAL) EAST GODAVARI(DIST),533255,,https://kys.udiseplus.gov.in/#/schooldetail/4667359/12,4667359,15/10/2020 12:18,2480
******90972 Operational,,VIKAS EM PS SIVALAYAM STREET,,,,Andhra Pradesh,1-Primary,38-Pvt.Unaided,1 To 5,3-Co-educational,2-Urban,NA,,Ramachandrapuram (M) - Ward No.22,Ramachandrapuram-Municipality,CHAPPIDIVARI SAVARAM RAMACHANDRAPURAM RAMACHANDRAPURAM(VILL) RAMACHANDRAPURAM(MANDAL) EAST GODAVARI(DIST),533255,,https://kys.udiseplus.gov.in/#/schooldetail/4667357/12,4667357,21/04/2023 15:31,2480
******01701 Operational,,"VIKAS EM UP SCHOOL, MALIKIPURAM",,,,Andhra Pradesh,2-Primary with Upper Primary,38-Pvt.Unaided,1 To 7,3-Co-educational,1-Rural,Malikipuram,Visweswarayapuram,,,VISWESWARAYAPURAM MALIKIPURAM,533254,meo.malikipuram[at]gmail[dot]com,,,26/12/2025 10:36,2480
******00236 Operational,,VIKAS (EM) VUYYURIVARI MERAKA,,,,Andhra Pradesh,6-Pr. Up Pr. and Secondary Only,38-Pvt.Unaided,1 To 10,3-Co-educational,1-Rural,Sakhinetipalle,Antarvedipalem,,,vikas em school vv meraka av palem sakhinetipalli mandal,533252,vikasemschoolmlk[at]gmail[dot]com,https://kys.udiseplus.gov.in/#/schooldetail/4669205/12,4669205,16/07/2024 12:23,2480
******00240 Operational,,VIKAS HS (EM) RAVULAPALEM,,,,Andhra Pradesh,7-Upper Pr. and Secondary,38-Pvt.Unaided,6 To 10,3-Co-educational,1-Rural,Ravulapalem,Ravulapalem,,,RAVULAPALEM RAVULAPALEM (VILL) RAVULAPALEM(VILL) RAVULAPALEM(MANDAL) EAST GODAVARI(DIST),533238,vikas.rvpm[at]gmail[dot]com,https://kys.udiseplus.gov.in/#/schooldetail/4667252/12,4667252,15/10/2020 12:18,2480
******00224 Operational,,VIKAS PS (EM) RAVULAPALEM,,,,Andhra Pradesh,1-Primary,38-Pvt.Unaided,1 To 5,3-Co-educational,1-Rural,Ravulapalem,Ravulapalem,,,RAVULAPALEM RAVULAPALEM(VILL) RAVULAPALEM(VILL) RAVULAPALEM(MANDAL) EAST GODAVARI(DIST),533238,vikas.rvpm[at]gmail[dot]com,https://kys.udiseplus.gov.in/#/schooldetail/4667677/12,4667677,16/06/2023 15:21,2480
******01605 Closed,Closed,VIKAS UPS (EM) GANGAVARAM,,,,Andhra Pradesh,2-Primary with Upper Primary,38-Pvt.Unaided,1 To 7,3-Co-educational,1-Rural,NA,NA,,,GANGAVARAM GANGAVARAM (VILL) GANGAVARAM(VILL) K.GANGAVARAM(MANDAL) EAST GODAVARI(DIST),533305,s.s.narayana577[at]gmail[dot]com,https://kys.udiseplus.gov.in/#/schooldetail/4667788/12,4667788,15/10/2020 12:18,2480
******00329 Permanently Closed,,VISHALI HS (EM) KOTHAPETA,,,,Andhra Pradesh,7-Upper Pr. and Secondary,38-Pvt.Unaided,6 To 10,3-Co-educational,1-Rural,Kothapeta,Kothapeta,,,NA,533223,,https://kys.udiseplus.gov.in/#/schooldetail/4667853/12,4667853,15/10/2020 12:18,2480
******00320 Permanently Closed,,VISHALI PS (EM) KOTHAPETA,,,,Andhra Pradesh,1-Primary,38-Pvt.Unaided,1 To 5,3-Co-educational,1-Rural,Kothapeta,Kothapeta,,,NA,533223,,https://kys.udiseplus.gov.in/#/schooldetail/4667847/12,4667847,15/10/2020 12:18,2480
******00206 Operational,,VISWABHARATI VN PS (EM) APPANAPALLI,,,,Andhra Pradesh,1-Primary,38-Pvt.Unaided,1 To 5,3-Co-educational,1-Rural,Mamidikuduru,Appanapalle,,,APPANAPALLI APPANAPALLE (VILL) APPANAPALLE(VILL) MAMIDIKUDURU(MANDAL) EAST GODAVARI(DIST),533247,,https://kys.udiseplus.gov.in/#/schooldetail/4668895/12,4668895,21/04/2023 15:31,2480
******00108 Operational,,VISWAKAVI VV UPS (EM) APPANARAMUNI LANKA,,,,Andhra Pradesh,2-Primary with Upper Primary,38-Pvt.Unaided,1 To 7,3-Co-educational,1-Rural,Sakhinetipalle,Appanaramuni Lanka,,,APPANARAMUNI LANKA APPANARAMUNI LANKA (VILL) APPANARAMUNI LANKA(VILL) SAKHINETIPALLI(MANDAL) EAST GODAVARI(DIST),533252,viswakavividyavihar[at]gmail[dot]com,https://kys.udiseplus.gov.in/#/schooldetail/4669177/12,4669177,16/07/2024 12:21,2480
******01114 Operational,,VISWANADH UPS (EM) NALLAGUNTA,,,,Andhra Pradesh,2-Primary with Upper Primary,38-Pvt.Unaided,1 To 7,3-Co-educational,1-Rural,Allavaram,Devaguptam,,,NALLAGUNTA DEVAGUPTAM DEVAGUPTAM(VILL) ALLAVARAM(MANDAL) EAST GODAVARI(DIST),533217,,https://kys.udiseplus.gov.in/#/schooldetail/4668847/12,4668847,19/12/2025 10:52,2480
******01316 Operational,,VISWANATH UPS (EM) T.CHALLAPALLE,,,,Andhra Pradesh,2-Primary with Upper Primary,38-Pvt.Unaided,1 To 7,3-Co-educational,1-Rural,Uppalaguptam,T. Challapalle,,,T.CHALLAPALLE T. CHALLAPALLE (VILL) T. CHALLAPALLE(VILL) UPPALAGUPTAM(MANDAL) EAST GODAVARI(DIST),533213,,https://kys.udiseplus.gov.in/#/schooldetail/4668605/12,4668605,07/01/2026 09:04,2480
******90554 Operational,,VISWASANTHI UPS (EM) SYDHILI PETA,,,,Andhra Pradesh,2-Primary with Upper Primary,38-Pvt.Unaided,1 To 7,3-Co-educational,2-Urban,NA,,Mandapeta Ward No.23,Mandapeta-Municipality,WARD 7 MANDAPETA MANDAPETA MANDAPETA(MANDAL) EAST GODAVARI(DIST),533308,JRAJESWARRAO[at]gmail[dot]com,https://kys.udiseplus.gov.in/#/schooldetail/4666726/12,4666726,31/12/2025 16:37,2480
******00754 Closed,Closed,VISWAS UPS EM MUMMIDIVARAM,,,,Andhra Pradesh,2-Primary with Upper Primary,38-Pvt.Unaided,1 To 7,3-Co-educational,2-Urban,NA,,Mummidivaram Ward No.3,Mummidivaram-Town Panchayat,KASIVARITHUMU CENTRE CHINTALAMERA ROAD EAST GODAVARI DT533216,533216,nakkanvv[at]gmail[dot]com,https://kys.udiseplus.gov.in/#/schooldetail/4668288/12,4668288,20/08/2025 09:53,2480
******00205 Operational,,VIVEKANADA (VB) PS (EM) VEERAVALLIPALEM,,,,Andhra Pradesh,1-Primary,38-Pvt.Unaided,1 To 5,3-Co-educational,1-Rural,Ainavilli,Veeravallipalem,,,VEERAVALLIPALEM VEERAVALLIPALEM VEERAVALLIPALEM(VILL) AINAVILLI(MANDAL) EAST GODAVARI(DIST),533211,prasannamuddana92[at]gmail[dot]com,https://kys.udiseplus.gov.in/#/schooldetail/4668130/12,4668130,14/06/2023 21:58,2480
******90944 Permanently Closed,,VIVEKANANDA HS (EM) RCPURAM,,,,Andhra Pradesh,7-Upper Pr. and Secondary,38-Pvt.Unaided,6 To 10,3-Co-educational,2-Urban,NA,,Ramachandrapuram (M) - Ward No.10,Ramachandrapuram-Municipality,NA,533255,,https://kys.udiseplus.gov.in/#/schooldetail/4714907/12,4714907,15/10/2020 12:18,2480
******00512 Operational,,VIVEKANANDA HS (EM) VISWESWARAYAPURAM,,,,Andhra Pradesh,7-Upper Pr. and Secondary,38-Pvt.Unaided,6 To 10,3-Co-educational,1-Rural,Malikipuram,Visweswarayapuram,,,VISWESWARAYAPURAM VISWESWARAYAPURAM (VILL) VISWESWARAYAPURAM(VILL) MALIKIPURAM(MANDAL) EAST GODAVARI(DIST),533254,vivekanandasschool.vsrpm[at]gmail[dot]com,https://kys.udiseplus.gov.in/#/schooldetail/4669102/12,4669102,15/10/2020 12:18,2480
******90921 Permanently Closed,,VIVEKANANDA PS (EM) RCPURAM,,,,Andhra Pradesh,1-Primary,38-Pvt.Unaided,1 To 5,3-Co-educational,2-Urban,NA,,Ramachandrapuram (M) - Ward No.10,Ramachandrapuram-Municipality,NA,533255,,https://kys.udiseplus.gov.in/#/schooldetail/4714906/12,4714906,15/10/2020 12:18,2480
******00506 Operational,,VIVEKANANDA PS (EM) VISWESWARAYAPURAM,,,,Andhra Pradesh,1-Primary,38-Pvt.Unaided,1 To 5,3-Co-educational,1-Rural,Malikipuram,Visweswarayapuram,,,VISWESWARAYAPURAM VISWESWARAYAPURAM (VILL) VISWESWARAYAPURAM(VILL) MALIKIPURAM(MANDAL) EAST GODAVARI(DIST),533254,vivekanandaschool.vsrpm[at]gmail[dot]com,https://kys.udiseplus.gov.in/#/schooldetail/4669097/12,4669097,21/04/2023 15:31,2480
******00613 Operational,,VIVEKANANDA UPS (EM) DEVARAPALLI,,,,Andhra Pradesh,2-Primary with Upper Primary,38-Pvt.Unaided,1 To 7,3-Co-educational,1-Rural,Ravulapalem,Devarapalle,,,DEVARAPALLI DEVARAPALLI (VILL) DEVARAPALLI(VILL) RAVULAPALEM(MANDAL) EAST GODAVARI(DIST),533223,v.nanda.emschool[at]gmail[dot]com,https://kys.udiseplus.gov.in/#/schooldetail/4667721/12,4667721,16/06/2023 15:21,2480
******00107 Closed,Closed,VIZNA UPS (EM) GODI VARI PETA,,,,Andhra Pradesh,2-Primary with Upper Primary,38-Pvt.Unaided,1 To 7,3-Co-educational,1-Rural,I. Polavaram,Pasuvullanka,,,PASUVULLANKA I POLAVARAM EAST GODAVARI AP,533220,srivijnaups1729[at]gmail[dot]com,https://kys.udiseplus.gov.in/#/schooldetail/4667883/12,4667883,15/10/2020 12:18,2480
******90114 Operational,,VN MPL PS CHILDRENS PARK,,,,Andhra Pradesh,1-Primary,34-MUNCIPAL,1 To 2,3-Co-educational,2-Urban,NA,,Amalapuram Ward No. 17,Amalapuram-Municipality,17th WARD(CHILDREN PARK) AMALAPURAM(VILL) AMALAPURAM(VILL) AMALAPURAM(MANDAL) EAST GODAVARI(DIST),533201,,https://kys.udiseplus.gov.in/#/schooldetail/4668707/12,4668707,21/12/2025 22:42,2480
******90945 Operational,,V.S.M.JUNIOR COLLEGE,,,,Andhra Pradesh,11-Higher Secondary only/Jr. College,38-Pvt.Unaided,11 To 12,3-Co-educational,2-Urban,NA,,Ramachandrapuram (M) - Ward No.18,Ramachandrapuram-Municipality,"MAIN ROAD, RAMACHANDRAPURAM",533255,vsmjuniorcollege[at]gmail[dot]com,https://kys.udiseplus.gov.in/#/schooldetail/4714908/12,4714908,20/07/2022 11:59,2480
******01011 Permanently Closed,,VSS UPS (EM) GOLLAVILLI,,,,Andhra Pradesh,2-Primary with Upper Primary,38-Pvt.Unaided,1 To 7,3-Co-educational,1-Rural,Uppalaguptam,Gollavilli,,,NA,533222,,https://kys.udiseplus.gov.in/#/schooldetail/4714993/12,4714993,15/10/2020 12:18,2480
******90978 Operational,,VYSHNAVI UPS (EM) SAI NAGAR,,,,Andhra Pradesh,2-Primary with Upper Primary,38-Pvt.Unaided,1 To 7,3-Co-educational,2-Urban,NA,,Ramachandrapuram (M) - Ward No.10,Ramachandrapuram-Municipality,RAMACHANDRAPURAM RAMACHANDRAPURAM RAMACHANDRAPURAM(VILL) RAMACHANDRAPURAM(MANDAL) EAST GODAVARI(DIST),533255,meo.ramachandrapuram[at]gmail[dot]com,https://kys.udiseplus.gov.in/#/schooldetail/4667361/12,4667361,21/04/2023 15:31,2480
******00407 Closed,Closed,WINGS UPS NARSIPUDI,,,,Andhra Pradesh,2-Primary with Upper Primary,38-Pvt.Unaided,1 To 7,3-Co-educational,1-Rural,Alamuru,Narsipudi,,,NARSIPUDI NARSIPUDI NARSIPUDI(VILL) ALAMURU(MANDAL) EAST GODAVARI(DIST),533232,,https://kys.udiseplus.gov.in/#/schooldetail/4667530/12,4667530,25/01/2023 22:45,2480
******90207 Operational,,"WISDOM (EM) HIGH SCHOOL, BANDARULANKA",,,,Andhra Pradesh,6-Pr. Up Pr. and Secondary Only,38-Pvt.Unaided,1 To 10,3-Co-educational,1-Rural,Amalapuram,Bandarulanka,,,BANDARULANKA (SIVALAYAMSTREET) BANDARULANKA BANDARULANKA(VILL) AMALAPURAM(MANDAL) EAST GODAVARI(DIST),533221,wisdomupschool[at]gmail[dot]com,https://kys.udiseplus.gov.in/#/schooldetail/4668755/12,4668755,25/12/2025 21:14,2480
******01016 Operational,,WISDOM UPS (EM) GOLLAVILLI,,,,Andhra Pradesh,2-Primary with Upper Primary,38-Pvt.Unaided,1 To 7,3-Co-educational,1-Rural,Uppalaguptam,Gollavilli,,,GOLLAVILLI VILLAGE UPPALAGUPTAM MANDAL EAST GODAVARI PIN 533222,533222,drbabu2020[at]gmail[dot]com,https://kys.udiseplus.gov.in/#/schooldetail/4668579/12,4668579,07/01/2026 08:58,2480
******01122 Closed,Closed,WISDOM UPS (EM) SANKARAGUPTAM,,,,Andhra Pradesh,2-Primary with Upper Primary,38-Pvt.Unaided,1 To 7,3-Co-educational,1-Rural,Malikipuram,Sankaraguptham,,,SANKARAGUPTAM SANKARAGUPTHAM (VILL) SANKARAGUPTHAM(VILL) MALIKIPURAM(MANDAL) EAST GODAVARI(DIST),533250,meo.malikipuram[at]gmail[dot]com,https://kys.udiseplus.gov.in/#/schooldetail/4669169/12,4669169,22/03/2024 15:02,2480
******00704 Closed,Closed,YASOVANI UP SCHOOL,,,,Andhra Pradesh,2-Primary with Upper Primary,38-Pvt.Unaided,1 To 7,3-Co-educational,2-Urban,NA,,Mummidivaram Ward No.3,Mummidivaram-Town Panchayat,KASI VARI THUMU MUMMIDIVARAM,533216,yasovanividyanikethan[at]gmail[dot]com,https://kys.udiseplus.gov.in/#/schooldetail/4668255/12,4668255,10/05/2022 22:51,2480
******00733 Permanently Closed,,YASOVANI UPS (EM) MUMMIDIVARAM,,,,Andhra Pradesh,2-Primary with Upper Primary,38-Pvt.Unaided,1 To 7,3-Co-educational,2-Urban,NA,,Mummidivaram Ward No.3,Mummidivaram-Town Panchayat,NA,533216,,https://kys.udiseplus.gov.in/#/schooldetail/4714976/12,4714976,15/10/2020 12:18,2480
******01606 Operational,,ZION HS (EM) MAGATAPALLI,,,,Andhra Pradesh,7-Upper Pr. and Secondary,38-Pvt.Unaided,6 To 10,3-Co-educational,1-Rural,Mamidikuduru,Magatapalle,,,MAGATAPALLI MAGATAPALLI (VILL) MAGATAPALLI (VILL) MAMIDIKUDURU(MANDAL) EASTGODAVARI(DIST),533248,zoinschoolmagatapalli[at]gmail[dot]com,https://kys.udiseplus.gov.in/#/schooldetail/4668965/12,4668965,18/07/2022 16:40,2480
******01603 Operational,,ZION PS (EM) MAGATAPALLI,,,,Andhra Pradesh,1-Primary,38-Pvt.Unaided,1 To 5,3-Co-educational,1-Rural,Mamidikuduru,Magatapalle,,,MAGATAPALLE MAGATAPALLE (VILL) MAGATAPALLE(VILL) MAMIDIKUDURU(MANDAL) EAST GODAVARI(DIST),533248,zionschoolmagatapalli[at]gmail[dot]com,https://kys.udiseplus.gov.in/#/schooldetail/4668963/12,4668963,21/04/2023 15:31,2480
******00903 Operational,,ZPHS ADDAMPALLI,,,,Andhra Pradesh,6-Pr. Up Pr. and Secondary Only,33-MPP_ZPP SCHOOLS,1 To 10,3-Co-educational,1-Rural,NA,NA,,,ADDAMPALLI ADDAMPALLI (VILL) ADDAMPALLE(VILL) K.GANGAVARAM(MANDAL) EAST GODAVARI(DIST),533262,zphs.addampalli[at]gmail[dot]com,https://kys.udiseplus.gov.in/#/schooldetail/4667770/12,4667770,18/06/2025 16:57,2480
******01405 Operational,,ZPHS ADURRU,,,,Andhra Pradesh,6-Pr. Up Pr. and Secondary Only,33-MPP_ZPP SCHOOLS,1 To 10,3-Co-educational,1-Rural,Mamidikuduru,Adurru,,,ADURRU ADURRU (VILL) ADURRU(VILL) MAMIDIKUDURU(MANDAL) EAST GODAVARI(DIST),533247,zphs.adurru[at]gmail[dot]com,https://kys.udiseplus.gov.in/#/schooldetail/4713551/12,4713551,16/06/2025 15:30,2480
******01112 Operational,,ZPHS AINAPURAM,,,,Andhra Pradesh,7-Upper Pr. and Secondary,33-MPP_ZPP SCHOOLS,6 To 10,3-Co-educational,1-Rural,Mummidivaram,Ainapuram,,,AINAPURAM AINAPURAM (VILL) AINAPURAM(VILL) MUMMIDIVARAM(MANDAL) EAST GODAVARI(DIST),533216,zphs.ainapuram[at]gmail[dot]com,https://kys.udiseplus.gov.in/#/schooldetail/4668318/12,4668318,15/10/2020 12:18,2480
******00212 Operational,,ZPHS ALLAVARAM,,,,Andhra Pradesh,3-Pr. with Up.Pr. Sec. and H.Sec.,33-MPP_ZPP SCHOOLS,1 To 12,3-Co-educational,1-Rural,Allavaram,Allavaram,,,ALLAVARAM ALLAVARAM ALLAVARAM(VILL) ALLAVARAM(MANDAL) EAST GODAVARI(DIST),533217,zphs.allavaram[at]gmail[dot]com,https://kys.udiseplus.gov.in/#/schooldetail/4668811/12,4668811,19/12/2025 10:44,2480
******01115 Operational,,ZPHS AMBAJIPETA,,,,Andhra Pradesh,3-Pr. with Up.Pr. Sec. and H.Sec.,33-MPP_ZPP SCHOOLS,1 To 12,3-Co-educational,1-Rural,Ambajipeta,Machavaram,,,DNo 3-153 AMBAJIPETA MACHAVARAM MACHAVARAM(U)(VILL) AMBAJIPETA(MANDAL) EAST GODAVARI(DIST),533214,zphs.ambajipeta[at]gmail[dot]com,https://kys.udiseplus.gov.in/#/schooldetail/4668109/12,4668109,23/12/2025 17:18,2480
******00805 Operational,,ZPHS ANGARA,,,,Andhra Pradesh,3-Pr. with Up.Pr. Sec. and H.Sec.,33-MPP_ZPP SCHOOLS,1 To 12,3-Co-educational,1-Rural,Kapileswarapuram,Angara,,,ANGARA ANGARA (VILL) ANGARA(VILL) KAPILESWARAPURAM(MANDAL) EAST GODAVARI(DIST),533307,zphs.angara123[at]gmail[dot]com,https://kys.udiseplus.gov.in/#/schooldetail/4667462/12,4667462,22/06/2025 11:35,2480
******01106 Operational,,ZPHS ANKAMPALEM,,,,Andhra Pradesh,7-Upper Pr. and Secondary,33-MPP_ZPP SCHOOLS,6 To 10,3-Co-educational,1-Rural,Atreyapuram,Ankampalem,,,ANKAMPALEM ANKAMPALEM ANKAMPALEM(VILL) ATREYAPURAM(MANDAL) EAST GODAVARI(DIST),533236,zphs.ankampalem[at]gmail[dot]com,https://kys.udiseplus.gov.in/#/schooldetail/4667622/12,4667622,25/06/2025 10:13,2480
******00815 Operational,,ZPHS ANTARVEDI,,,,Andhra Pradesh,7-Upper Pr. and Secondary,33-MPP_ZPP SCHOOLS,6 To 10,3-Co-educational,1-Rural,Sakhinetipalle,Antarvedi,,,ANTARVEDI ANTARVEDI (VILL) ANTARVEDI(VILL) SAKHINETIPALLI(MANDAL) EAST GODAVARI(DIST),533252,zphs.antarvedi[at]gmail[dot]com,https://kys.udiseplus.gov.in/#/schooldetail/4669264/12,4669264,21/06/2025 11:47,2480
******00515 Operational,,ZPHS ANTARVEDIPALEM,,,,Andhra Pradesh,5-Up. Pr. Secondary and Higher Sec,33-MPP_ZPP SCHOOLS,6 To 12,3-Co-educational,1-Rural,Sakhinetipalle,Antarvedipalem,,,ANTARVEDIPALEM ANTARVEDIPALEM (VILL) ANTARVEDIPALEM(VILL) SAKHINETIPALLI(MANDAL) EAST GODAVARI(DIST),533252,zphs.antarvedipalem[at]gmail[dot]com,https://kys.udiseplus.gov.in/#/schooldetail/4669225/12,4669225,27/01/2023 13:58,2480
******00205 Operational,,ZPHS APPANAPALLI,,,,Andhra Pradesh,7-Upper Pr. and Secondary,33-MPP_ZPP SCHOOLS,6 To 10,3-Co-educational,1-Rural,Mamidikuduru,Appanapalle,,,APPANAPALLI APPANAPALLE (VILL) APPANAPALLE(VILL) MAMIDIKUDURU(MANDAL) EAST GODAVARI(DIST),533247,zphs.appanapalli[at]gmail[dot]com,https://kys.udiseplus.gov.in/#/schooldetail/4668894/12,4668894,21/06/2025 19:05,2480
******00106 Operational,,ZPHS APPANARAMUNI LANKA,,,,Andhra Pradesh,7-Upper Pr. and Secondary,33-MPP_ZPP SCHOOLS,6 To 10,3-Co-educational,1-Rural,Sakhinetipalle,Appanaramuni Lanka,,,APPANARAMUNI LANKA APPANARAMUNI LANKA (VILL) APPANARAMUNI LANKA(VILL) SAKHINETIPALLI(MANDAL) EAST GODAVARI(DIST),533252,zphs.appanaramunilanka[at]gmail[dot]com,https://kys.udiseplus.gov.in/#/schooldetail/4669176/12,4669176,18/07/2022 16:10,2480
******01104 Operational,,ZPHS ARTHAMURU,,,,Andhra Pradesh,7-Upper Pr. and Secondary,33-MPP_ZPP SCHOOLS,6 To 10,3-Co-educational,1-Rural,Mandapeta,Arthamuru,,,ARTHAMURU ARTHAMURU (VILL) ARTHAMURU(VILL) MANDAPETA(MANDAL) EAST GODAVARI(DIST),533340,zphs.arthamuru[at]gmail[dot]com,https://kys.udiseplus.gov.in/#/schooldetail/4666677/12,4666677,31/12/2025 16:31,2480
******00404 Operational,,ZPHS (A) VEMAVARAM,,,,Andhra Pradesh,6-Pr. Up Pr. and Secondary Only,33-MPP_ZPP SCHOOLS,1 To 10,3-Co-educational,1-Rural,Amalapuram,A. Vemavaram,,,A.VEMAVARAM A. VEMAVARAM A. VEMAVARAM(VILL) AMALAPURAM(MANDAL) EAST GODAVARI(DIST),533577,zphs.vemavaram123[at]gmail[dot]com,https://kys.udiseplus.gov.in/#/schooldetail/4668629/12,4668629,20/12/2025 22:59,2480
******00608 Operational,,ZPHS BALAYOGI PETA,,,,Andhra Pradesh,7-Upper Pr. and Secondary,33-MPP_ZPP SCHOOLS,6 To 10,3-Co-educational,1-Rural,Ravulapalem,Devarapalle,,,BALAYOGI PETA DEVARAPALLI (VILL) DEVARAPALLI(VILL) RAVULAPALEM(MANDAL) EAST GODAVARI(DIST),533223,zphsdevarapalli[at]gmail[dot]com,https://kys.udiseplus.gov.in/#/schooldetail/4667719/12,4667719,15/10/2020 12:18,2480
******00705 Operational,,ZPHS BATTELANKA,,,,Andhra Pradesh,5-Up. Pr. Secondary and Higher Sec,33-MPP_ZPP SCHOOLS,6 To 12,3-Co-educational,1-Rural,Malikipuram,Kattiwanda,,,BATTELANKA KATTIMANDA (VILL) KATTIMANDA(VILL) MALIKIPURAM(MANDAL) Dr.B.R.Ambedkar Konaseema(DIST),533254,nedunurih[at]gmail[dot]com,https://kys.udiseplus.gov.in/#/schooldetail/4669119/12,4669119,20/11/2023 15:21,2480
******00403 Operational,,ZPHS (B) DWARAPUDI,,,,Andhra Pradesh,7-Upper Pr. and Secondary,33-MPP_ZPP SCHOOLS,6 To 10,3-Co-educational,1-Rural,Mandapeta,Dwarapudi,,,DNo 6-172/1 DWARAPUDI VILLAGE MANDAPETA(MANDAL) EAST GODAVARI(DIST),533341,zphs.dwarapudi[at]gmail[dot]com,https://kys.udiseplus.gov.in/#/schooldetail/4666640/12,4666640,24/12/2025 11:08,2480
******01006 Operational,,ZPHS (B) GOPALAPURAM,,,,Andhra Pradesh,5-Up. Pr. Secondary and Higher Sec,33-MPP_ZPP SCHOOLS,6 To 12,3-Co-educational,1-Rural,Ravulapalem,Gopalapuram,,,DNO1-7 CANALGOPALAPURAM GOPALAPURAM (VILL) GOPALAPURAM(VILL) RAVULAPALEM(MANDAL) EAST GODAVARI(DIST),533274,zphs.gopalapuram123[at]gmail[dot]com,https://kys.udiseplus.gov.in/#/schooldetail/4667742/12,4667742,21/06/2025 19:12,2480
******02307 Operational,,ZPHS BHATLA PALIKA,,,,Andhra Pradesh,6-Pr. Up Pr. and Secondary Only,33-MPP_ZPP SCHOOLS,1 To 10,3-Co-educational,1-Rural,NA,NA,,,BHATLA PALIKA BHATLA PALIKA (VILL) BHATLA PALIKA(VILL) K.GANGAVARAM(MANDAL) EAST GODAVARI(DIST),533263,mpupsbhatlapalika[at]gmail[dot]com,https://kys.udiseplus.gov.in/#/schooldetail/4667815/12,4667815,21/06/2025 19:27,2480
******00212 Operational,,ZPHS BHEEMANAPALLI,,,,Andhra Pradesh,6-Pr. Up Pr. and Secondary Only,33-MPP_ZPP SCHOOLS,1 To 10,3-Co-educational,1-Rural,Uppalaguptam,Bheemanapalle,,,BHEEMANAPALLI BHEEMANAPALLI (VILL) BHEEMANAPALLI(VILL) UPPALAGUPTAM(MANDAL) EAST GODAVARI(DIST),533222,zphs.bheemanapalli[at]gmail[dot]com,https://kys.udiseplus.gov.in/#/schooldetail/4668530/12,4668530,07/01/2026 08:44,2480
******00510 Operational,,ZPHS BHYRAVA PALEM,,,,Andhra Pradesh,7-Upper Pr. and Secondary,33-MPP_ZPP SCHOOLS,6 To 10,3-Co-educational,1-Rural,I. Polavaram,Guthinadeevi,,,BHIRAYAPALEM GUTHINADEEVI (VILL) GUTHINADEEVI(VILL) I.POLAVARAM(MANDAL) EAST GODAVARI(DIST),533463,zphs.bhyravapalem[at]gmail[dot]com,https://kys.udiseplus.gov.in/#/schooldetail/4668351/12,4668351,21/06/2025 17:15,2480
******01712 Operational,,ZPHS (B) MANEPALLI,,,,Andhra Pradesh,7-Upper Pr. and Secondary,33-MPP_ZPP SCHOOLS,6 To 10,1-Boys,1-Rural,P.Gannavaram,Manepalle,,,MANEPALLE MANEPALLE (VILL) MANEPALLE(VILL) P.GANNAVARAM(MANDAL) EAST GODAVARI(DIST),533249,zphs.manepalli[at]gmail[dot]com,https://kys.udiseplus.gov.in/#/schooldetail/4668040/12,4668040,18/07/2022 15:28,2480
******00107 Operational,,ZPHS BODASAKURRU,,,,Andhra Pradesh,7-Upper Pr. and Secondary,33-MPP_ZPP SCHOOLS,6 To 10,3-Co-educational,1-Rural,Allavaram,Bodasakurru,,,BODASAKURRU BODASAKURRU BODASAKURRU(VILL) ALLAVARAM(MANDAL) EAST GODAVARI(DIST),533215,zphs.bodasakurru[at]gmail[dot]com,https://kys.udiseplus.gov.in/#/schooldetail/4668798/12,4668798,19/12/2025 10:41,2480
******01306 Operational,,ZPHS BRAHMASAMEDHYAM,,,,Andhra Pradesh,6-Pr. Up Pr. and Secondary Only,33-MPP_ZPP SCHOOLS,1 To 10,3-Co-educational,1-Rural,Katrenikona,Brahmasamedyam,,,BRAHMASAMEDHYAM BRAHMASAMEDHYAM (VILL) BRAHMASAMEDHYAM(VILL) KATRENIKONA(MANDAL) EAST GODAVARI(DIST),533212,zphs.brahmasamedyam[at]gmail[dot]com,https://kys.udiseplus.gov.in/#/schooldetail/4668513/12,4668513,17/06/2025 18:37,2480
******00213 Operational,,ZPHS (B) RAVULAPALEM,,,,Andhra Pradesh,7-Upper Pr. and Secondary,33-MPP_ZPP SCHOOLS,6 To 10,3-Co-educational,1-Rural,Ravulapalem,Ravulapalem,,,CANAL ROAD,533238,zphs.ravulapalem[at]gmail[dot]com,https://kys.udiseplus.gov.in/#/schooldetail/4667668/12,4667668,15/10/2020 12:18,2480
******00412 Operational,,ZPHS (B) RAZOLE,,,,Andhra Pradesh,7-Upper Pr. and Secondary,33-MPP_ZPP SCHOOLS,6 To 10,3-Co-educational,1-Rural,Razole,Razole,,,DORAGARITHOTA RAZOLE (PT) (VILL) RAZOLE (PT)(VILL) RAZOLE(MANDAL) EAST GODAVARI(DIST),533242,zphs.razole[at]gmail[dot]com,https://kys.udiseplus.gov.in/#/schooldetail/4668996/12,4668996,21/06/2025 09:36,2480
******00611 Operational,,ZPHS CHAPPIDIVARI PALEM,,,,Andhra Pradesh,5-Up. Pr. Secondary and Higher Sec,33-MPP_ZPP SCHOOLS,6 To 12,3-Co-educational,1-Rural,Kothapeta,Avidi,,,CHAPPIDIVARI PALEM AVIDI (VILL) AVIDI(VILL) KOTHAPETA(MANDAL) EAST GODAVARI(DIST),533223,zphs.chappidivaripalem[at]gmail[dot]com,https://kys.udiseplus.gov.in/#/schooldetail/4667894/12,4667894,22/12/2025 15:34,2480
******00708 Operational,,ZPHS CHELLURU,,,,Andhra Pradesh,7-Upper Pr. and Secondary,33-MPP_ZPP SCHOOLS,6 To 10,3-Co-educational,1-Rural,Rayavaram,Chelluru,,,CHELLURU CHELLURU (VILL) CHELLURU(VILL) RAYAVARAM(MANDAL) EAST GODAVARI(DIST),533261,zphs.chelluru[at]gmail[dot]com,https://kys.udiseplus.gov.in/#/schooldetail/4667430/12,4667430,21/06/2025 19:13,2480
******00108 Operational,,ZPHS CHEYYERU,,,,Andhra Pradesh,6-Pr. Up Pr. and Secondary Only,33-MPP_ZPP SCHOOLS,1 To 10,3-Co-educational,1-Rural,Katrenikona,Cheyyeru,,,CHEYYERU CHEYYERU (VILL) CHEYYERU(VILL) KATRENIKONA(MANDAL) EAST GODAVARI(DIST),533222,zphs.cheyyeru[at]gmail[dot]com,https://kys.udiseplus.gov.in/#/schooldetail/4668429/12,4668429,16/06/2025 11:40,2480
******01005 Operational,,ZPHS (CH) GUNNEPALLE,,,,Andhra Pradesh,7-Upper Pr. and Secondary,33-MPP_ZPP SCHOOLS,6 To 10,3-Co-educational,1-Rural,Mummidivaram,Ch. Gunnepalle,,,CH.GUNNEPALLE CH. GUNNEPALLE (VILL) CH. GUNNEPALLE(VILL) MUMMIDIVARAM(MANDAL) EAST GODAVARI(DIST),533222,zphs.chgunnepalli[at]gmail[dot]com,https://kys.udiseplus.gov.in/#/schooldetail/4668306/12,4668306,15/10/2020 12:18,2480
******01118 Operational,,ZPHS CHINTALAMORI,,,,Andhra Pradesh,6-Pr. Up Pr. and Secondary Only,33-MPP_ZPP SCHOOLS,1 To 10,3-Co-educational,1-Rural,Malikipuram,Sankaraguptham,,,CHINTALAMORI SANKARAGUPTHAM (VILL) SANKARAGUPTHAM(VILL) MALIKIPURAM(MANDAL) EAST GODAVARI(DIST),533250,zphs.chintalamori[at]gmail[dot]com,https://kys.udiseplus.gov.in/#/schooldetail/4650246/12,4650246,16/06/2025 13:16,2480
******00905 Operational,,ZPHS CHINTALAPALLI,,,,Andhra Pradesh,6-Pr. Up Pr. and Secondary Only,33-MPP_ZPP SCHOOLS,1 To 10,3-Co-educational,1-Rural,Razole,Chintalapalle,,,CHINTALAPALLI CHINTALAPALLE (VILL) CHINTALAPALLE(VILL) RAZOLE(MANDAL) EAST GODAVARI(DIST),533244,zphs.chintalapalli[at]gmail[dot]com,https://kys.udiseplus.gov.in/#/schooldetail/4668600/12,4668600,17/06/2025 12:31,2480
******00303 Operational,,ZPHS CHINTANA LANKA,,,,Andhra Pradesh,7-Upper Pr. and Secondary,33-MPP_ZPP SCHOOLS,6 To 10,3-Co-educational,1-Rural,Ainavilli,Chintana Lanka,,,CHINTANA LANKA CHINTANA LANKA CHINTANA LANKA(VILL) AINAVILLI(MANDAL) EAST GODAVARI(DIST),533211,zpphs.chintanalanka123[at]gmail[dot]com,https://kys.udiseplus.gov.in/#/schooldetail/4668133/12,4668133,19/07/2022 11:40,2480
******00406 Operational,,ZPHS CHIRATAPUDI,,,,Andhra Pradesh,6-Pr. Up Pr. and Secondary Only,33-MPP_ZPP SCHOOLS,1 To 10,3-Co-educational,1-Rural,Ambajipeta,Chiratapudi,,,CHIRATAPUDI CHIRATAPUDI CHIRATAPUDI(VILL) AMBAJIPETA(MANDAL) EAST GODAVARI(DIST),533229,zphs.chiratapudi[at]gmail[dot]com,https://kys.udiseplus.gov.in/#/schooldetail/4668059/12,4668059,23/12/2025 17:04,2480
******01401 Operational,,ZPHS CHIRRAYANAM,,,,Andhra Pradesh,6-Pr. Up Pr. and Secondary Only,33-MPP_ZPP SCHOOLS,1 To 10,3-Co-educational,1-Rural,Katrenikona,Chirrayanam,,,CHIRRAYANAM CHIRRAYANAM (VILL) CHIRRAYANAM(VILL) KATRENIKONA(MANDAL) EAST GODAVARI(DIST),533212,mpupschoolchirrayanam[at]gmail[dot]com,https://kys.udiseplus.gov.in/#/schooldetail/4668514/12,4668514,20/06/2025 16:28,2480
******01511 Operational,,ZPHS DANGERU,,,,Andhra Pradesh,5-Up. Pr. Secondary and Higher Sec,33-MPP_ZPP SCHOOLS,6 To 12,3-Co-educational,1-Rural,NA,NA,,,DANGERU DANGERU (VILL) DANGERU(VILL) K.GANGAVARAM(MANDAL) EAST GODAVARI(DIST),533263,zphs.dangeru[at]gmail[dot]com,https://kys.udiseplus.gov.in/#/schooldetail/4667781/12,4667781,27/01/2023 13:58,2480
******01111 Operational,,ZPHS DEVAGUPTAM,,,,Andhra Pradesh,7-Upper Pr. and Secondary,33-MPP_ZPP SCHOOLS,6 To 10,3-Co-educational,1-Rural,Allavaram,Devaguptam,,,DNO1-13/1DEVAGUPTAM DEVAGUPTAM(VILL) ALLAVARAM(MANDAL) EAST GODAVARI(DIST)533217,533217,zphs.devaguptam[at]gmail[dot]com,https://kys.udiseplus.gov.in/#/schooldetail/4668397/12,4668397,19/12/2025 10:52,2480
******00906 Operational,,ZPHS DONTIKURRU,,,,Andhra Pradesh,7-Upper Pr. and Secondary,33-MPP_ZPP SCHOOLS,6 To 10,3-Co-educational,1-Rural,Katrenikona,Dontikurru,,,DONTIKURRU DONTIKURRU (VILL) DONTIKURRU(VILL) KATRENIKONA(MANDAL) EAST GODAVARI(DIST),533212,zphs.dontikurru[at]gmail[dot]com,https://kys.udiseplus.gov.in/#/schooldetail/4668476/12,4668476,21/06/2025 18:18,2480
******01610 Operational,,ZPHS DRAKSHARAMA,,,,Andhra Pradesh,5-Up. Pr. Secondary and Higher Sec,33-MPP_ZPP SCHOOLS,6 To 12,3-Co-educational,1-Rural,Ramachandrapuram,Draksharama,,,DRAKSHARAMA DRAKSHARAMA (VILL) DRAKSHARAMA(VILL) RAMACHANDRAPURAM(MANDAL) EAST GODAVARI(DIST),533262,zphs.draksharama[at]gmail[dot]com,https://kys.udiseplus.gov.in/#/schooldetail/4667266/12,4667266,25/06/2025 10:28,2480
******01005 Operational,,ZPHS EDARADA,,,,Andhra Pradesh,6-Pr. Up Pr. and Secondary Only,33-MPP_ZPP SCHOOLS,1 To 10,3-Co-educational,1-Rural,Mamidikuduru,Edarada,,,EDARADA EDARADA (VILL) EDARADA(VILL) MAMIDIKUDURU(MANDAL) EAST GODAVARI(DIST),533247,zphs.edarada[at]gmail[dot]com,https://kys.udiseplus.gov.in/#/schooldetail/4668943/12,4668943,16/06/2025 15:27,2480
******00703 Operational,,ZPHS ETHAKOTA,,,,Andhra Pradesh,7-Upper Pr. and Secondary,33-MPP_ZPP SCHOOLS,6 To 10,3-Co-educational,1-Rural,Ravulapalem,Ithakota,,,ETHAKOTA-RAVULAPALEM-EAST GODAVARI,533238,zphs.ethakota[at]gmil[dot]com,https://kys.udiseplus.gov.in/#/schooldetail/4667724/12,4667724,21/06/2025 18:59,2480
******00502 Operational,,ZPHS GADILANKA,,,,Andhra Pradesh,7-Upper Pr. and Secondary,33-MPP_ZPP SCHOOLS,6 To 10,3-Co-educational,1-Rural,Mummidivaram,Gadilanka,,,GADILLANKA GADILLANKA (VIL) GADILLANKA (VILL) MUMMIDIVARAM(MANDAL) EAST GODAVARI(DIST),533216,zphsgadilanka[at]gmail[dot]com,https://kys.udiseplus.gov.in/#/schooldetail/4668239/12,4668239,15/10/2020 12:18,2480
******00809 Operational,,ZPHS G AGRAHARAM,,,,Andhra Pradesh,7-Upper Pr. and Secondary,33-MPP_ZPP SCHOOLS,6 To 10,3-Co-educational,1-Rural,Ambajipeta,Gangalakurru,,,G. AGRAHARAM GANGALAKURRU GANGALAKURRU(VILL) AMBAJIPETA(MANDAL) EAST GODAVARI(DIST),533221,zphs.gagraharam[at]gmail[dot]com,https://kys.udiseplus.gov.in/#/schooldetail/4668087/12,4668087,23/12/2025 17:10,2480
******00810 Operational,,ZPHS GANGALAKURRU,,,,Andhra Pradesh,7-Upper Pr. and Secondary,33-MPP_ZPP SCHOOLS,6 To 10,3-Co-educational,1-Rural,Ambajipeta,Gangalakurru,,,GANGALAKURRU GANGALAKURRU GANGALAKURRU(VILL) AMBAJIPETA(MANDAL) EAST GODAVARI(DIST),533221,zphs.gangalakurru[at]gmail[dot]com,https://kys.udiseplus.gov.in/#/schooldetail/4668088/12,4668088,23/12/2025 17:10,2480
******01603 Operational,,ZPHS GANGAVARAM,,,,Andhra Pradesh,7-Upper Pr. and Secondary,33-MPP_ZPP SCHOOLS,6 To 10,3-Co-educational,1-Rural,NA,NA,,,GANGAVARAM GANGAVARAM (VILL) GANGAVARAM(VILL) K.GANGAVARAM(MANDAL) EAST GODAVARI(DIST),533305,zphs.gangavaram123[at]gmail[dot]com,https://kys.udiseplus.gov.in/#/schooldetail/4667786/12,4667786,21/06/2025 19:26,2480
******00506 Operational,,ZPHS GANTI,,,,Andhra Pradesh,7-Upper Pr. and Secondary,33-MPP_ZPP SCHOOLS,6 To 10,3-Co-educational,1-Rural,Kothapeta,Ganti,,,GANTI GANTI (VILL) GANTI(VILL) KOTHAPETA(MANDAL) EAST GODAVARI(DIST),533274,zphsganti2[at]gmail[dot]com,https://kys.udiseplus.gov.in/#/schooldetail/4667863/12,4667863,15/10/2020 12:18,2480
******00614 Operational,,ZPHS GATCHAKAYALAPORA,,,,Andhra Pradesh,7-Upper Pr. and Secondary,33-MPP_ZPP SCHOOLS,6 To 10,3-Co-educational,1-Rural,Katrenikona,Katrenikona,,,GACHAKAYALA PORA KATRENIKONA (VILL) KATRENIKONA(VILL) KATRENIKONA(MANDAL) EAST GODAVARI(DIST),533222,zphs.gkayalapora[at]gmail[dot]com,https://kys.udiseplus.gov.in/#/schooldetail/4668448/12,4668448,19/07/2022 12:28,2480
******00402 Operational,,ZPHS (G) DWARAPUDI,,,,Andhra Pradesh,7-Upper Pr. and Secondary,33-MPP_ZPP SCHOOLS,6 To 10,2-Girls,1-Rural,Mandapeta,Dwarapudi,,,DWARAPUDI DWARAPUDI (VILL) DWARAPUDI(VILL) MANDAPETA(MANDAL) EAST GODAVARI(DIST),533341,zpghs.dwarapudi[at]gmail[dot]com,https://kys.udiseplus.gov.in/#/schooldetail/4666639/12,4666639,24/12/2025 11:08,2480
******00307 Operational,,ZPHS GEDELLANKA,,,,Andhra Pradesh,7-Upper Pr. and Secondary,33-MPP_ZPP SCHOOLS,6 To 10,3-Co-educational,1-Rural,Mummidivaram,Komanapalle,,,GEDELLANKA KOMANAPALLE (VILL) KOMANAPALLE(VILL) MUMMIDIVARAM(MANDAL) EAST GODAVARI(DIST),533216,zphsgedellanka[at]gmail[dot]com,https://kys.udiseplus.gov.in/#/schooldetail/4668230/12,4668230,15/10/2020 12:18,2480
******01007 Operational,,ZPHS (G)GOPALAPURAM,,,,Andhra Pradesh,7-Upper Pr. and Secondary,33-MPP_ZPP SCHOOLS,6 To 10,2-Girls,1-Rural,Ravulapalem,Gopalapuram,,,( GOPALAPURAM(VILL) RAVULAPALEM(MANDAL) EAST GODAVARI(DIST),533274,zpghs.gopalapuram[at]gmail[dot]com,https://kys.udiseplus.gov.in/#/schooldetail/4667743/12,4667743,01/09/2025 11:34,2480
******01110 Operational,,ZPHS (G) KANDRIGA,,,,Andhra Pradesh,5-Up. Pr. Secondary and Higher Sec,33-MPP_ZPP SCHOOLS,6 To 12,2-Girls,1-Rural,Alamuru,Alamuru,,,KANDRIGA ALAMURU ALAMURU(VILL) ALAMURU(MANDAL) EAST GODAVARI(DIST),533233,Zpghs.khandriga[at]gmail[dot]com,https://kys.udiseplus.gov.in/#/schooldetail/4667557/12,4667557,27/01/2023 13:59,2480
******00326 Operational,,ZPHS (G) KOTHA PETA,,,,Andhra Pradesh,7-Upper Pr. and Secondary,33-MPP_ZPP SCHOOLS,6 To 10,2-Girls,1-Rural,Kothapeta,Kothapeta,,,KOTHA PETA KOTHAPETA (VILL) KOTHAPETA(VILL) KOTHAPETA(MANDAL) EAST GODAVARI(DIST),533223,zpghs.kothapeta[at]gmail[dot]com,https://kys.udiseplus.gov.in/#/schooldetail/4667851/12,4667851,21/08/2025 20:12,2480
******01713 Operational,,ZPHS (G) MANEPALLI,,,,Andhra Pradesh,7-Upper Pr. and Secondary,33-MPP_ZPP SCHOOLS,6 To 10,2-Girls,1-Rural,P.Gannavaram,Manepalle,,,MANEPALLE MANEPALLE (VILL) MANEPALLE(VILL) P.GANNAVARAM(MANDAL) EAST GODAVARI(DIST),533249,zpghs.manepalli123[at]gmail[dot]com,https://kys.udiseplus.gov.in/#/schooldetail/4668041/12,4668041,21/08/2025 20:11,2480
******00611 Operational,,ZPHS (G) MOOLAPOLAM,,,,Andhra Pradesh,7-Upper Pr. and Secondary,33-MPP_ZPP SCHOOLS,6 To 10,3-Co-educational,1-Rural,I. Polavaram,G. Vemavaram,,,G MOOLAPALEM G VEMAVARAM G VEMAVARAM(VILL) I.POLAVARAM(MANDAL) EAST GODAVARI(DIST),533464,zphs.gmoolapolam[at]gmail[dot]com,https://kys.udiseplus.gov.in/#/schooldetail/4668362/12,4668362,09/05/2022 18:44,2480
******00726 Operational,,ZPHS (G) MUMMIDIVARAM,,,,Andhra Pradesh,5-Up. Pr. Secondary and Higher Sec,33-MPP_ZPP SCHOOLS,6 To 12,2-Girls,2-Urban,NA,,Mummidivaram Ward No.4,Mummidivaram-Town Panchayat,MUMMIDIVARAM MUMMIDIVARAM (VILL) MUMMIDIVARAM(VILL) MUMMIDIVARAM(MANDAL) EAST GODAVARI(DIST),533216,zpghs.mummidivaram[at]gmail[dot]com,https://kys.udiseplus.gov.in/#/schooldetail/4667829/12,4667829,25/01/2023 22:49,2480
******00703 Operational,,ZPHS GODILANKA,,,,Andhra Pradesh,7-Upper Pr. and Secondary,33-MPP_ZPP SCHOOLS,6 To 10,3-Co-educational,1-Rural,Allavaram,Godilanka,,,GODILANKA GODILANKA GODILANKA(VILL) ALLAVARAM(MANDAL) EAST GODAVARI(DIST),533217,zphs.godilanka[at]gmail[dot]com,https://kys.udiseplus.gov.in/#/schooldetail/4668824/12,4668824,19/12/2025 10:48,2480
******01705 Operational,,ZPHS GOGANNAMATTAM,,,,Andhra Pradesh,6-Pr. Up Pr. and Secondary Only,33-MPP_ZPP SCHOOLS,1 To 10,3-Co-educational,1-Rural,Mamidikuduru,Gogannamattam,,,GOGANNAMATTAM GOGANNAMATTAM (VILL) GOGANNAMATTAM(VILL) MAMIDIKUDURU(MANDAL) EAST GODAVARI(DIST),533248,ksrinivas837[at]gmail[dot]com,https://kys.udiseplus.gov.in/#/schooldetail/4668970/12,4668970,17/06/2025 19:18,2480
******01012 Operational,,ZPHS GOLAKOTIVARI PALEM,,,,Andhra Pradesh,6-Pr. Up Pr. and Secondary Only,33-MPP_ZPP SCHOOLS,1 To 10,3-Co-educational,1-Rural,Kothapeta,Modekurru,,,2-102GOLAKOTIVARI PALEM MODEKURRU(VILL) MODEKURRU(VILL) KOTHAPETA(MANDAL) EAST GODAVARI(DIST),533229,zphs.golakotivaripalem[at]gmail[dot]com,https://kys.udiseplus.gov.in/#/schooldetail/4667937/12,4667937,16/06/2025 12:38,2480
******01018 Operational,,ZPHS GOLLAPALEM,,,,Andhra Pradesh,7-Upper Pr. and Secondary,33-MPP_ZPP SCHOOLS,6 To 10,3-Co-educational,1-Rural,Malikipuram,Kesanapalle,,,GOLLAPALEM KESANAPALLE(VILL) KESANAPALLE(VILL) MALIKIPURAM(MANDAL) EAST GODAVARI(DIST),533244,zphsgollapalem143[at]gmail[dot]com,https://kys.udiseplus.gov.in/#/schooldetail/4669149/12,4669149,15/10/2020 12:18,2480
******01007 Operational,,ZPHS GOLLAVILLI,,,,Andhra Pradesh,5-Up. Pr. Secondary and Higher Sec,33-MPP_ZPP SCHOOLS,6 To 12,3-Co-educational,1-Rural,Uppalaguptam,Gollavilli,,,GOLLAVILLI GOLLAVILLI (VILL) GOLLAVILLI(VILL) UPPALAGUPTAM(MANDAL) EAST GODAVARI(DIST),533222,zphs.gollavilli[at]gmail[dot]com,https://kys.udiseplus.gov.in/#/schooldetail/4668576/12,4668576,07/01/2026 08:57,2480
******00812 Operational,,ZPHS GONDI,,,,Andhra Pradesh,6-Pr. Up Pr. and Secondary Only,33-MPP_ZPP SCHOOLS,1 To 10,3-Co-educational,1-Rural,Sakhinetipalle,Antarvedi,,,GONDI ANTARVEDI (VILL) ANTARVEDI(VILL) SAKHINETIPALLI(MANDAL) EAST GODAVARI(DIST),533251,zphs.gondi812[at]gmail[dot]com,https://kys.udiseplus.gov.in/#/schooldetail/4669261/12,4669261,17/12/2023 18:31,2480
******01208 Operational,,ZPHS GOPAVARAM,,,,Andhra Pradesh,7-Upper Pr. and Secondary,33-MPP_ZPP SCHOOLS,6 To 10,3-Co-educational,1-Rural,Uppalaguptam,Gopavaram,,,GOPAVARAM GOPAVARAM (VILL) GOPAVARAM(VILL) UPPALAGUPTAM(MANDAL) EAST GODAVARI(DIST),533213,zphs.gopavaram[at]gmail[dot]com,https://kys.udiseplus.gov.in/#/schooldetail/4668589/12,4668589,07/01/2026 09:01,2480
******00913 Operational,,ZPHS G PALLIPALEM,,,,Andhra Pradesh,7-Upper Pr. and Secondary,33-MPP_ZPP SCHOOLS,6 To 10,3-Co-educational,1-Rural,Malikipuram,Gudapalle,,,GUDAPALLE GUDAPALLE(VILL) GUDAPALLE(VILL) MALIKIPURAM(MANDAL) EAST GODAVARI(DIST),533244,zphs.gudapallepallipalem[at]gmail[dot]com,https://kys.udiseplus.gov.in/#/schooldetail/4669135/12,4669135,21/06/2025 17:28,2480
******00106 Operational,,ZPHS G PEDAPUDI,,,,Andhra Pradesh,7-Upper Pr. and Secondary,33-MPP_ZPP SCHOOLS,6 To 10,3-Co-educational,1-Rural,P.Gannavaram,Ganti Pedapudi,,,G. PEDAPUDI GANTI PEDAPUDI (VILL) GANTI PEDAPUDI(VILL) P.GANNAVARAM(MANDAL) EAST GODAVARI(DIST),533274,zphs.gantipedapudi[at]gmail[dot]com,https://kys.udiseplus.gov.in/#/schooldetail/4667944/12,4667944,18/07/2022 14:40,2480
******00214 Operational,,ZPHS (G) RAVULAPALEM,,,,Andhra Pradesh,7-Upper Pr. and Secondary,33-MPP_ZPP SCHOOLS,6 To 10,2-Girls,1-Rural,Ravulapalem,Ravulapalem,,,RAVULAPALEM RAVULAPALEM (VILL) RAVULAPALEM(VILL) RAVULAPALEM(MANDAL) EAST GODAVARI(DIST),533238,zpghsravulapalem[at]gmail[dot]com,https://kys.udiseplus.gov.in/#/schooldetail/4667669/12,4667669,15/10/2020 12:18,2480
******00413 Operational,,ZPHS (G) RAZOLE,,,,Andhra Pradesh,7-Upper Pr. and Secondary,33-MPP_ZPP SCHOOLS,6 To 10,2-Girls,1-Rural,Razole,Razole,,,PANCHAYAT RAZOLE (PT) (VILL) RAZOLE (PT)(VILL) RAZOLE(MANDAL) EAST GODAVARI(DIST),533242,zpghs.razole[at]gmail[dot]com,https://kys.udiseplus.gov.in/#/schooldetail/4668997/12,4668997,01/09/2025 11:59,2480
******90149 Operational,,ZPHS (G) SURYA NAGAR,,,,Andhra Pradesh,7-Upper Pr. and Secondary,33-MPP_ZPP SCHOOLS,6 To 10,2-Girls,2-Urban,NA,,Amalapuram Ward No. 15,Amalapuram-Municipality,SURYANAGAR AMALAPURAM (VILL) AMALAPURAM(VILL) AMALAPURAM(MANDAL) EAST GODAVARI(DIST),533201,zpghs.amalapuram[at]gmail[dot]com,https://kys.udiseplus.gov.in/#/schooldetail/4668722/12,4668722,21/12/2025 22:49,2480
******00211 Operational,,ZPHS GUDIMELLANKA,,,,Andhra Pradesh,7-Upper Pr. and Secondary,33-MPP_ZPP SCHOOLS,6 To 10,3-Co-educational,1-Rural,Malikipuram,Gudimellanka,,,GUDIMELLANKA GUDIMELLANKA (VILL) GUDIMELLANKA(VILL) MALIKIPURAM(MANDAL) EAST GODAVARI(DIST),533253,zphs.gudimellanka[at]gmail[dot]com,https://kys.udiseplus.gov.in/#/schooldetail/4669072/12,4669072,15/10/2020 12:18,2480
******00816 Operational,,ZPHS GUNISETTIVAARI GUNTA,,,,Andhra Pradesh,7-Upper Pr. and Secondary,33-MPP_ZPP SCHOOLS,6 To 10,3-Co-educational,1-Rural,Sakhinetipalle,Antarvedi,,,G.V.PUNTA ANTARVEDI (VILL) ANTARVEDI(VILL) SAKHINETIPALLI(MANDAL) EAST GODAVARI(DIST),533252,zphs.gvpunta[at]gmail[dot]com,https://kys.udiseplus.gov.in/#/schooldetail/4669267/12,4669267,10/05/2022 12:37,2480
******00609 Operational,,ZPHS (G) VEMAVARAM,,,,Andhra Pradesh,5-Up. Pr. Secondary and Higher Sec,33-MPP_ZPP SCHOOLS,6 To 12,3-Co-educational,1-Rural,I. Polavaram,G. Vemavaram,,,G VEMAVARAM G VEMAVARAM G VEMAVARAM(VILL) I POLAVARAM(MANDAL) EAST GODAVARI(DIST),533464,zphs.gvemavaram[at]gmail[dot]com,https://kys.udiseplus.gov.in/#/schooldetail/4667919/12,4667919,21/06/2025 18:39,2480
******90934 Operational,,ZPHS (G) WARD RAMACHANDRAPURAM,,,,Andhra Pradesh,7-Upper Pr. and Secondary,33-MPP_ZPP SCHOOLS,6 To 10,2-Girls,2-Urban,NA,,Ramachandrapuram (M) - Ward No.26,Ramachandrapuram-Municipality,27th WARD RAMACHANDRAPURAM (VILL) RAMACHANDRAPURAM(VILL) RAMACHANDRAPURAM(MANDAL) EAST GODAVARI(DIST),533255,zpghs.ramachandrapuram[at]gmail[dot]com,https://kys.udiseplus.gov.in/#/schooldetail/4667334/12,4667334,15/10/2020 12:18,2480
******01802 Operational,,ZPHS HASANBADA,,,,Andhra Pradesh,7-Upper Pr. and Secondary,33-MPP_ZPP SCHOOLS,6 To 10,3-Co-educational,1-Rural,Ramachandrapuram,Hasanbada,,,HASANBADA HASANBADA (VILL) HASANBADA(VILL) RAMACHANDRAPURAM(MANDAL) EAST GODAVARI(DIST),533262,zphs.hasanbada123[at]gmail[dot]com,https://kys.udiseplus.gov.in/#/schooldetail/4667289/12,4667289,21/06/2025 09:36,2480
******00906 Operational,,ZPHS INDUPALLI,,,,Andhra Pradesh,7-Upper Pr. and Secondary,33-MPP_ZPP SCHOOLS,6 To 10,3-Co-educational,1-Rural,Amalapuram,Indupalle,,,INDUPALLE INDUPALLE INDUPALLE(VILL) AMALAPURAM(MANDAL) EAST GODAVARI(DIST),533221,zphs.indupalle[at]gmail[dot]com,https://kys.udiseplus.gov.in/#/schooldetail/4668662/12,4668662,20/12/2025 23:23,2480
******00808 Operational,,ZPHS I POLAVARAM,,,,Andhra Pradesh,5-Up. Pr. Secondary and Higher Sec,33-MPP_ZPP SCHOOLS,6 To 12,3-Co-educational,1-Rural,I. Polavaram,I. Polavaram,,,I.POLAVARAM I. POLAVARAM (VILL) I. POLAVARAM(VILL) I.POLAVARAM(MANDAL) EAST GODAVARI(DIST),533220,zphs.ipolavaram[at]gmail[dot]com,https://kys.udiseplus.gov.in/#/schooldetail/4668385/12,4668385,21/06/2025 18:39,2480
******00803 Operational,,ZPHS IRUSUMANDA,,,,Andhra Pradesh,7-Upper Pr. and Secondary,33-MPP_ZPP SCHOOLS,6 To 10,3-Co-educational,1-Rural,Malikipuram,Irusumanda,,,IRUSUMANDA IRUSUMANDA (VILL) IRUSUMANDA(VILL) MALIKIPURAM(MANDAL) EAST GODAVARI(DIST),533254,meo.malikipuram[at]gmail[dot]com,https://kys.udiseplus.gov.in/#/schooldetail/4669122/12,4669122,21/06/2025 18:56,2480
******01009 Operational,,ZPHS ISUKAPUDI,,,,Andhra Pradesh,7-Upper Pr. and Secondary,33-MPP_ZPP SCHOOLS,6 To 10,3-Co-educational,1-Rural,Ambajipeta,Isukapudi,,,ISUKAPUDI ISUKAPUDI ISUKAPUDI(VILL) AMBAJIPETA(MANDAL) EAST GODAVARI(DIST),533214,zphs.isukapudi[at]gmail[dot]com,https://kys.udiseplus.gov.in/#/schooldetail/4668098/12,4668098,23/12/2025 17:13,2480
******00707 Operational,,ZPHS JANUPALLI,,,,Andhra Pradesh,7-Upper Pr. and Secondary,33-MPP_ZPP SCHOOLS,6 To 10,3-Co-educational,1-Rural,Amalapuram,Janupalle,,,01-JANUPALLE JANUPALLE JANUPALLE(VILL) AMALAPURAM(MANDAL) EAST GODAVARI(DIST),533577,zphs.janupalli[at]gmail[dot]com,https://kys.udiseplus.gov.in/#/schooldetail/4668650/12,4668650,20/12/2025 23:14,2480
******00827 Operational,,ZPHS KADALI,,,,Andhra Pradesh,5-Up. Pr. Secondary and Higher Sec,33-MPP_ZPP SCHOOLS,6 To 12,3-Co-educational,1-Rural,Razole,Kadali,,,KADALI (VILL) RAZOLE(MANDAL) EAST GODAVARI(DIST),533248,zphs.kadali[at]gmail[dot]com,https://kys.udiseplus.gov.in/#/schooldetail/4669032/12,4669032,27/01/2023 19:24,2480
******00509 Operational,,ZPHS KALERU,,,,Andhra Pradesh,6-Pr. Up Pr. and Secondary Only,33-MPP_ZPP SCHOOLS,1 To 10,3-Co-educational,1-Rural,Kapileswarapuram,Kaleru,,,KALERU KALERU (VILL) KALERU(VILL) KAPILESWARAPURAM(MANDAL) EAST GODAVARI(DIST),533307,zphs.kaleru[at]gmail[dot]com,https://kys.udiseplus.gov.in/#/schooldetail/4667453/12,4667453,22/06/2025 11:36,2480
******00607 Operational,,ZPHS KAMANAGARUVU,,,,Andhra Pradesh,7-Upper Pr. and Secondary,33-MPP_ZPP SCHOOLS,6 To 10,3-Co-educational,1-Rural,Amalapuram,Kamanagaruvu,,,KAMANAGARUVU AMALAPURAM KAMANAGARUVU(VILL) AMALAPURAM(MANDAL) EAST GODAVARI(DIST),533213,zphs.kamanagaruvu[at]gmail[dot]com,https://kys.udiseplus.gov.in/#/schooldetail/4668642/12,4668642,20/12/2025 23:11,2480
******01109 Operational,,ZPHS KANDIKUPPA,,,,Andhra Pradesh,3-Pr. with Up.Pr. Sec. and H.Sec.,33-MPP_ZPP SCHOOLS,1 To 12,3-Co-educational,1-Rural,Katrenikona,Kandikuppa,,,KANDIKUPPA KANDIKUPPA (VILL) KANDIKUPPA(VILL) KATRENIKONA(MANDAL) EAST GODAVARI(DIST),533212,zphs.kandikuppa[at]gmail[dot]com,https://kys.udiseplus.gov.in/#/schooldetail/4668487/12,4668487,21/06/2025 19:13,2480
******00802 Operational,,ZPHS KAPAVARAM,,,,Andhra Pradesh,6-Pr. Up Pr. and Secondary Only,33-MPP_ZPP SCHOOLS,1 To 10,3-Co-educational,1-Rural,Ramachandrapuram,Kapavaram,,,KAPAVARAM KAPAVARAM (VILL) KAPAVARAM(VILL) RAMACHANDRAPURAM(MANDAL) EAST GODAVARI(DIST),533262,mpups802[at]gmail[dot]com,https://kys.udiseplus.gov.in/#/schooldetail/4667233/12,4667233,09/08/2024 17:32,2480
******01209 Operational,,ZPHS KAPILESWARAPURAM,,,,Andhra Pradesh,7-Upper Pr. and Secondary,33-MPP_ZPP SCHOOLS,6 To 10,3-Co-educational,1-Rural,Kapileswarapuram,Kapileswarapuram,,,"KAPILESWARAPURAM (VILL), KAPILESWARAPURAM(MANDAL), Dr.B.R.AMBEDKAR KONASEEMA DISTRICT",533309,zphs.kapileswarapuram123[at]gmail[dot]com,https://kys.udiseplus.gov.in/#/schooldetail/4667486/12,4667486,10/12/2023 11:23,2480
******01706 Operational,,ZPHS KARAVAKA,,,,Andhra Pradesh,7-Upper Pr. and Secondary,33-MPP_ZPP SCHOOLS,6 To 10,3-Co-educational,1-Rural,Mamidikuduru,Gogannamattam,,,KARAVAKA GOGANNAMATTAM (VILL) GOGANNAMATTAM(VILL) MAMIDIKUDURU(MANDAL) EAST GODAVARI(DIST),533248,zphs.karavaka[at]gmail[dot]com,https://kys.udiseplus.gov.in/#/schooldetail/4668971/12,4668971,21/06/2025 18:57,2480
******00615 Operational,,ZPHS KATRENIKONA,,,,Andhra Pradesh,3-Pr. with Up.Pr. Sec. and H.Sec.,33-MPP_ZPP SCHOOLS,1 To 12,3-Co-educational,1-Rural,Katrenikona,Katrenikona,,,KATRENIKONA KATRENIKONA (VILL) KATRENIKONA(VILL) KATRENIKONA(MANDAL) EAST GODAVARI(DIST),533212,zphs.katrenikona[at]gmail[dot]com,https://kys.udiseplus.gov.in/#/schooldetail/4668449/12,4668449,21/06/2025 19:14,2480
******01303 Operational,,ZPHS KATRENIPADU,,,,Andhra Pradesh,6-Pr. Up Pr. and Secondary Only,33-MPP_ZPP SCHOOLS,1 To 10,3-Co-educational,1-Rural,Razole,Katrevupadu,,,KATRENIPADU KATRENIPADU (VILL) KATRENIPADU(VILL) RAZOLE(MANDAL) EAST GODAVARI(DIST),533248,zphs.katrenipadu[at]gmail[dot]com,https://kys.udiseplus.gov.in/#/schooldetail/4669060/12,4669060,17/06/2025 12:34,2480
******01018 Operational,,ZPHS KESANAKURRU,,,,Andhra Pradesh,7-Upper Pr. and Secondary,33-MPP_ZPP SCHOOLS,6 To 10,3-Co-educational,1-Rural,I. Polavaram,Kesanakurru,,,KESANAKURRU KESANAKURRU KESANAKURRU(VILL) I.POLAVARAM(MANDAL) EAST GODAVARI(DIST),533220,zphs.kesanakurru[at]gmail[dot]com,https://kys.udiseplus.gov.in/#/schooldetail/4668416/12,4668416,21/06/2025 17:17,2480
******01017 Operational,,ZPHS KESANAKURRUPALEM,,,,Andhra Pradesh,7-Upper Pr. and Secondary,33-MPP_ZPP SCHOOLS,6 To 10,3-Co-educational,1-Rural,I. Polavaram,Kesanakurru,,,KESSANAKURRUPALEM KESANAKURRU KESANAKURRU(VILL) I.POLAVARAM(MANDAL) EAST GODAVARI(DIST),533220,zphs.kesanakurrupalem[at]gmail[dot]com,https://kys.udiseplus.gov.in/#/schooldetail/4668415/12,4668415,09/05/2022 19:01,2480
******01015 Operational,,ZPHS KESANAPALLI,,,,Andhra Pradesh,7-Upper Pr. and Secondary,33-MPP_ZPP SCHOOLS,6 To 10,3-Co-educational,1-Rural,Malikipuram,Kesanapalle,,,KESANAPALLI KESANAPALLE (VILL) KESANAPALLE(VILL) MALIKIPURAM(MANDAL) EAST GODAVARI(DIST),533244,zphs.kesanapalli[at]gmail[dot]com,https://kys.udiseplus.gov.in/#/schooldetail/4669146/12,4669146,15/10/2020 12:18,2480
******00708 Operational,,ZPHS KESAVADASUPALEM,,,,Andhra Pradesh,7-Upper Pr. and Secondary,33-MPP_ZPP SCHOOLS,6 To 10,3-Co-educational,1-Rural,Sakhinetipalle,Kesavadasupalem,,,KESAVADASUPALEM KESAVADASUPALEM (VILL) KESAVADASUPALEM(VILL) SAKHINETIPALLI(MANDAL) EAST GODAVARI(DIST),533252,zphs.kesavadasupalem[at]gmail[dot]com,https://kys.udiseplus.gov.in/#/schooldetail/4669249/12,4669249,15/10/2020 12:18,2480
******00105 Operational,,ZPHS KESAVARAM,,,,Andhra Pradesh,7-Upper Pr. and Secondary,33-MPP_ZPP SCHOOLS,6 To 10,3-Co-educational,1-Rural,Mandapeta,Kesavaram,,,KESAVARAM KESAVARAM (VILL) KESAVARAM(VILL) MANDAPETA(MANDAL) EAST GODAVARI(DIST),533341,zphs.dkesavaram[at]gmail[dot]com,https://kys.udiseplus.gov.in/#/schooldetail/4666218/12,4666218,22/12/2025 11:37,2480
******00213 Operational,,ZPHS KODURUPADU,,,,Andhra Pradesh,6-Pr. Up Pr. and Secondary Only,33-MPP_ZPP SCHOOLS,1 To 10,3-Co-educational,1-Rural,Allavaram,Allavaram,,,KODURUPADU ALLAVARAM ALLAVARAM(VILL) ALLAVARAM(MANDAL) EAST GODAVARI(DIST),533218,zphs.kodurupadu123[at]gamil[dot]com,https://kys.udiseplus.gov.in/#/schooldetail/4668812/12,4668812,19/12/2025 10:44,2480
******00306 Operational,,ZPHS KOMANAPALLE,,,,Andhra Pradesh,6-Pr. Up Pr. and Secondary Only,33-MPP_ZPP SCHOOLS,1 To 10,3-Co-educational,1-Rural,Mummidivaram,Komanapalle,,,KOMANAPALLE KOMANAPALLE (VILL) KOMANAPALLE(VILL) MUMMIDIVARAM(MANDAL) EAST GODAVARI(DIST),533216,vsrinivas[at]gmail[dot]com,https://kys.udiseplus.gov.in/#/schooldetail/4668229/12,4668229,17/06/2025 19:22,2480
******00206 Operational,,ZPHS KOMARAGIRI,,,,Andhra Pradesh,6-Pr. Up Pr. and Secondary Only,33-MPP_ZPP SCHOOLS,1 To 10,3-Co-educational,1-Rural,I. Polavaram,Komaragiri,,,KOMARAGIRI KOMARAGIRI (VILL) KOMARAGIRI(VILL) I.POLAVARAM(MANDAL) EAST GODAVARI(DIST),533220,zphs.komaragiri123[at]gmail[dot]com,https://kys.udiseplus.gov.in/#/schooldetail/4668332/12,4668332,16/06/2025 11:22,2480
******01316 Operational,,ZPHS KOMARAGIRIPATNAM,,,,Andhra Pradesh,5-Up. Pr. Secondary and Higher Sec,33-MPP_ZPP SCHOOLS,6 To 12,3-Co-educational,1-Rural,Allavaram,Komaragiripatnam,,,KOMARAGIRIPATNAM KOMARAGIRIPATNAM KOMARAGIRIPATNAM(VILL) ALLAVARAM(MANDAL) EAST GODAVARI(DIST),533210,zphs.komaragiripatnam[at]gmail[dot]com,https://kys.udiseplus.gov.in/#/schooldetail/4668861/12,4668861,19/12/2025 10:59,2480
******00803 Operational,,ZPHS KONDUKUDURU,,,,Andhra Pradesh,7-Upper Pr. and Secondary,33-MPP_ZPP SCHOOLS,6 To 10,3-Co-educational,1-Rural,Ainavilli,Kondukuduru,,,KONDUKUDURU KONDUKUDURU KONDUKUDURU(VILL) AINAVILLI(MANDAL) EAST GODAVARI(DIST),533211,zphs.kondukuduru123[at]gmail[dot]com,https://kys.udiseplus.gov.in/#/schooldetail/4668159/12,4668159,19/07/2022 11:54,2480
******00907 Operational,,ZPHS KOPPIDIVARI MERAKA,,,,Andhra Pradesh,6-Pr. Up Pr. and Secondary Only,33-MPP_ZPP SCHOOLS,1 To 10,3-Co-educational,1-Rural,Malikipuram,Gudapalle,,,KOPPIDIVARIMERAKA GUDAPALLE (VILL) GUDAPALLE(VILL) MALIKIPURAM(MANDAL) EAST GODAVARI(DIST),533244,,https://kys.udiseplus.gov.in/#/schooldetail/4669131/12,4669131,21/06/2025 19:24,2480
******02205 Operational,,ZPHS KOTA,,,,Andhra Pradesh,6-Pr. Up Pr. and Secondary Only,33-MPP_ZPP SCHOOLS,1 To 10,3-Co-educational,1-Rural,NA,NA,,,KOTA KOTA (VILL) KOTA(VILL) K.GANGAVARAM(MANDAL) EAST GODAVARI(DIST),533306,mpupskota[at]gmail[dot]com,https://kys.udiseplus.gov.in/#/schooldetail/4650245/12,4650245,21/06/2025 19:28,2480
******00611 Operational,,ZPHS KOTHALANKA,,,,Andhra Pradesh,7-Upper Pr. and Secondary,33-MPP_ZPP SCHOOLS,6 To 10,3-Co-educational,1-Rural,Mummidivaram,Kothalanka,,,KOTHALANKA KOTHALANKA (VILL) KOTHALANKA(VILL) MUMMIDIVARAM(MANDAL) EAST GODAVARI(DIST),533216,zphs.kothalanka[at]gmail[dot]com,https://kys.udiseplus.gov.in/#/schooldetail/4668250/12,4668250,10/05/2022 12:37,2480
******00713 Operational,,ZPHS KOTHA PALEM,,,,Andhra Pradesh,7-Upper Pr. and Secondary,33-MPP_ZPP SCHOOLS,6 To 10,3-Co-educational,1-Rural,Kothapeta,Billa Kurru,,,DNO5-48 Near RKOTHA PALEM BILLA KURRU (VILL) BILLA KURRU(VILL) KOTHAPETA(MANDAL) EAST GODAVARI(DIST),533229,zphs.kothapalem123[at]gmail[dot]com,https://kys.udiseplus.gov.in/#/schooldetail/4667479/12,4667479,21/06/2025 18:45,2480
******01504 Operational,,ZPHS KOTHURU JAGANNADHAPURAM,,,,Andhra Pradesh,7-Upper Pr. and Secondary,33-MPP_ZPP SCHOOLS,6 To 10,3-Co-educational,1-Rural,Ainavilli,K. Jagannadhapuram,,,K.JAGANNADHAPURAM K. JAGANNADHAPURAM K. JAGANNADHAPURAM(VILL) AINAVILLI(MANDAL) EAST GODAVARI(DIST),533577,zphs.kjagannadhapuram123[at]gmail[dot]com,https://kys.udiseplus.gov.in/#/schooldetail/4668207/12,4668207,16/09/2024 12:34,2480
******02006 Operational,,ZPHS KOTIPALLI,,,,Andhra Pradesh,7-Upper Pr. and Secondary,33-MPP_ZPP SCHOOLS,6 To 10,3-Co-educational,1-Rural,NA,NA,,,KOTIPALLI KOTIPALLE (VILL) KOTIPALLI(VILL) K.GANGAVARAM(MANDAL) EAST GODAVARI(DIST),533306,zphs.kotipalle[at]gmail[dot]com,https://kys.udiseplus.gov.in/#/schooldetail/4667382/12,4667382,23/06/2022 14:38,2480
******00907 Operational,,ZPHS (K) PEDAPUDI,,,,Andhra Pradesh,7-Upper Pr. and Secondary,33-MPP_ZPP SCHOOLS,6 To 10,3-Co-educational,1-Rural,Ambajipeta,K. Pedapudi,,,DNO 1-50 MAIN ROAD K. PEDAPUDI(VILL) AMBAJIPETA(MANDAL) EAST GODAVARI(DIST),533239,zphs.kpedapudi[at]gmail[dot]com,https://kys.udiseplus.gov.in/#/schooldetail/4667662/12,4667662,23/12/2025 17:12,2480
******01908 Operational,,ZPHS KULLA,,,,Andhra Pradesh,6-Pr. Up Pr. and Secondary Only,33-MPP_ZPP SCHOOLS,1 To 10,3-Co-educational,1-Rural,NA,NA,,,KULLA KULLA (VILL) KULLA(VILL) K.GANGAVARAM(MANDAL) EAST GODAVARI(DIST),533305,zphs.kulla[at]gmail[dot]com,https://kys.udiseplus.gov.in/#/schooldetail/4650185/12,4650185,18/06/2025 17:02,2480
******01002 Operational,,ZPHS KUNAVARAM,,,,Andhra Pradesh,7-Upper Pr. and Secondary,33-MPP_ZPP SCHOOLS,6 To 10,3-Co-educational,1-Rural,Razole,Kunavaram,,,KUNAVARAM (VILL)NEAR AKKAMMA GUDI RAZOLE(MANDAL) EAST GODAVARI(DIST)533244,533244,zphs.kunavaram[at]gmail[dot]com,https://kys.udiseplus.gov.in/#/schooldetail/4669042/12,4669042,21/06/2025 09:39,2480
******00506 Operational,,ZPHS KUNDURU,,,,Andhra Pradesh,7-Upper Pr. and Secondary,33-MPP_ZPP SCHOOLS,6 To 10,3-Co-educational,1-Rural,NA,NA,,,KUNDURU KUNDURU (VILL) KUNDURU(VILL) K.GANGAVARAM(MANDAL) EAST GODAVARI(DIST),533262,zphs.kunduru[at]gmail[dot]com,https://kys.udiseplus.gov.in/#/schooldetail/4667760/12,4667760,23/06/2022 14:26,2480
******01003 Operational,,ZPHS KURAMAPURAM,,,,Andhra Pradesh,7-Upper Pr. and Secondary,33-MPP_ZPP SCHOOLS,6 To 10,3-Co-educational,1-Rural,Rayavaram,Kurmapuram,,,KURMAPURAM KURMAPURAM (VILL) KURMAPURAM(VILL) RAYAVARAM(MANDAL) EAST GODAVARI(DIST),533255,zphs.kuramapuram[at]gmail[dot]com,https://kys.udiseplus.gov.in/#/schooldetail/4667437/12,4667437,10/05/2022 06:15,2480
******01605 Operational,,ZPHS K YENUGUPALLI LANKA,,,,Andhra Pradesh,7-Upper Pr. and Secondary,33-MPP_ZPP SCHOOLS,6 To 10,3-Co-educational,1-Rural,P.Gannavaram,Yenugupalle,,,K. YENUGUPALLE LANKA YENUGUPALLE (VILL) YENUGUPALLE(VILL) P.GANNAVARAM(MANDAL) EAST GODAVARI(DIST),533240,zphs.kyenugupallilanka[at]gmail[dot]com,https://kys.udiseplus.gov.in/#/schooldetail/4668027/12,4668027,21/06/2025 09:33,2480
******00604 Operational,,ZPHS LANKALAGANNAVARAM,,,,Andhra Pradesh,7-Upper Pr. and Secondary,33-MPP_ZPP SCHOOLS,6 To 10,3-Co-educational,1-Rural,P.Gannavaram,Lankalagannavaram,,,"ZPHS LANKALA GANNAVARAM,P.GANNAVARAM MANDAL",533240,zphs.lgannavaram[at]gmail[dot]com,https://kys.udiseplus.gov.in/#/schooldetail/4667978/12,4667978,18/07/2022 15:05,2480
******01203 Operational,,ZPHS LOLLA,,,,Andhra Pradesh,7-Upper Pr. and Secondary,33-MPP_ZPP SCHOOLS,6 To 10,3-Co-educational,1-Rural,Atreyapuram,Lolla,,,LOLLA LOLLA LOLLA(VILL) ATREYAPURAM(MANDAL) EAST GODAVARI(DIST),533237,zphs.lolla[at]gmail[dot]com,https://kys.udiseplus.gov.in/#/schooldetail/4667628/12,4667628,09/05/2022 18:51,2480
******01204 Operational,,ZPHS LUTUKURRU,,,,Andhra Pradesh,6-Pr. Up Pr. and Secondary Only,33-MPP_ZPP SCHOOLS,1 To 10,3-Co-educational,1-Rural,Mamidikuduru,Lutukurru,,,LUTUKURRU LUTUKURRU (VILL) LUTUKURRU(VILL) MAMIDIKUDURU(MANDAL) EAST GODAVARI(DIST),533247,zphs.lutukurru[at]gmail[dot]com,https://kys.udiseplus.gov.in/#/schooldetail/4668949/12,4668949,16/06/2025 15:28,2480
******01305 Operational,,ZPHS MACHARA,,,,Andhra Pradesh,5-Up. Pr. Secondary and Higher Sec,33-MPP_ZPP SCHOOLS,6 To 12,3-Co-educational,1-Rural,Kapileswarapuram,Machara,,,MACHARA(VILL) KAPILESWARAPURAM(MANDAL) EAST GODAVARI(DIST),533309,zphs.machara[at]gmail[dot]com,https://kys.udiseplus.gov.in/#/schooldetail/4667493/12,4667493,25/09/2024 13:14,2480
******00605 Operational,,ZPHS MACHAVARAM,,,,Andhra Pradesh,7-Upper Pr. and Secondary,33-MPP_ZPP SCHOOLS,6 To 10,3-Co-educational,1-Rural,Rayavaram,Machavaram,,,MACHAVARAM MACHAVARAM (PT) (VILL) MACHAVARAM (PT)(VILL) RAYAVARAM(MANDAL) EAST GODAVARI(DIST),533261,zphs.machavaram123[at]gmail[dot]com,https://kys.udiseplus.gov.in/#/schooldetail/4667417/12,4667417,15/10/2020 12:18,2480
******01604 Operational,,ZPHS MAGAM,,,,Andhra Pradesh,7-Upper Pr. and Secondary,33-MPP_ZPP SCHOOLS,6 To 10,3-Co-educational,1-Rural,Ainavilli,Magam,,,MAGAM MAGAM MAGAM(VILL) AINAVILLI(MANDAL) EAST GODAVARI(DIST),533577,zphs.magam123[at]gmail[dot]com,https://kys.udiseplus.gov.in/#/schooldetail/4668210/12,4668210,19/07/2022 12:23,2480
******01604 Operational,,ZPHS MAGATAPALLI,,,,Andhra Pradesh,6-Pr. Up Pr. and Secondary Only,33-MPP_ZPP SCHOOLS,1 To 10,3-Co-educational,1-Rural,Mamidikuduru,Magatapalle,,,MAGATAPALLE MAGATAPALLE (VILL) MAGATAPALLE(VILL) MAMIDIKUDURU(MANDAL) EAST GODAVARI(DIST),533248,zphs.magatapalli[at]gmail[dot]com,https://kys.udiseplus.gov.in/#/schooldetail/4668964/12,4668964,16/06/2025 15:31,2480
******00402 Operational,,ZPHS MALIKIPURAM,,,,Andhra Pradesh,6-Pr. Up Pr. and Secondary Only,33-MPP_ZPP SCHOOLS,1 To 10,3-Co-educational,1-Rural,Malikipuram,Malikipuram,,,MALIKIPURAM MALIKIPURAM (VILL) MALIKIPURAM(VILL) MALIKIPURAM(MANDAL) EAST GODAVARI(DIST),533253,,https://kys.udiseplus.gov.in/#/schooldetail/4669079/12,4669079,17/06/2025 18:39,2480
******00510 Operational,,ZPHS MAMIDIKUDURU,,,,Andhra Pradesh,7-Upper Pr. and Secondary,33-MPP_ZPP SCHOOLS,6 To 10,3-Co-educational,1-Rural,Mamidikuduru,Mamidikuduru,,,MAMIDIKUDURU MAMIDIKUDURU (VILL) MAMIDIKUDURU(VILL) MAMIDIKUDURU(MANDAL) EAST GODAVARI(DIST),533247,zphs.mamidikuduru[at]gmail[dot]com,https://kys.udiseplus.gov.in/#/schooldetail/4668912/12,4668912,21/06/2025 19:05,2480
******00102 Operational,,ZPHS MANDAPALLI,,,,Andhra Pradesh,7-Upper Pr. and Secondary,33-MPP_ZPP SCHOOLS,6 To 10,3-Co-educational,1-Rural,Kothapeta,Mandapalle,,,MANDAPALLI MANDAPALLI (VILL) MANDAPALLI(VILL) KOTHAPETA(MANDAL) EAST GODAVARI(DIST),533223,zphs.mandapalli[at]gmail[dot]com,https://kys.udiseplus.gov.in/#/schooldetail/4667830/12,4667830,15/10/2020 12:18,2480
******00210 Operational,,ZPHS MEDICHERLAPALEM,,,,Andhra Pradesh,6-Pr. Up Pr. and Secondary Only,33-MPP_ZPP SCHOOLS,1 To 10,3-Co-educational,1-Rural,Malikipuram,Gudimellanka,,,MEDICHERLAPALEM GUDIMELLANKA (VILL) GUDIMELLANKA(VILL) MALIKIPURAM(MANDAL) EAST GODAVARI(DIST),533244,Zphsmchpalem[at]gmail[dot]com,https://kys.udiseplus.gov.in/#/schooldetail/4669071/12,4669071,11/03/2024 18:11,2480
******01406 Operational,,ZPHS MERLAPALEM,,,,Andhra Pradesh,6-Pr. Up Pr. and Secondary Only,33-MPP_ZPP SCHOOLS,1 To 10,3-Co-educational,1-Rural,Atreyapuram,Merlapalem,,,MERLAPALEM MERLAPALEM (VILL) MERLAPALEM(VILL) ATREYAPURAM(MANDAL) EAST GODAVARI(DIST),533237,zphs.merlapalem[at]gmail[dot]com,https://kys.udiseplus.gov.in/#/schooldetail/4667637/12,4667637,18/06/2025 10:22,2480
******00520 Operational,,ZPHS (MG) ANTARVEDI PALEM,,,,Andhra Pradesh,7-Upper Pr. and Secondary,33-MPP_ZPP SCHOOLS,6 To 10,3-Co-educational,1-Rural,Sakhinetipalle,Antarvedipalem,,,MADHYA GROUP ANTARVEDIPALEM (VILL) ANTARVEDIPALEM(VILL) SAKHINETIPALLI(MANDAL) EAST GODAVARI(DIST),533252,zphs.madhyagroup[at]gmail[dot]com,https://kys.udiseplus.gov.in/#/schooldetail/4669230/12,4669230,21/06/2025 09:41,2480
******01010 Operational,,ZPHS MODEKURRU,,,,Andhra Pradesh,7-Upper Pr. and Secondary,33-MPP_ZPP SCHOOLS,6 To 10,3-Co-educational,1-Rural,Kothapeta,Modekurru,,,MODEKURRU MODEKURRU (VILL) MODEKURRU(VILL) KOTHAPETA(MANDAL) EAST GODAVARI(DIST),533229,zphs.modekurru[at]gmail[dot]com,https://kys.udiseplus.gov.in/#/schooldetail/4667935/12,4667935,15/10/2020 12:18,2480
******00804 Operational,,ZPHS MOGALIKUDURU,,,,Andhra Pradesh,5-Up. Pr. Secondary and Higher Sec,33-MPP_ZPP SCHOOLS,6 To 12,3-Co-educational,1-Rural,Mamidikuduru,Mogalikuduru,,,ZPPHIGH SCHOOL MOGALIKUDURU MAMIDIKUDURU MANDAL EASTGODAVARI DISTRICT,533249,zphs.mogalikuduru123[at]gmail[dot]com,https://kys.udiseplus.gov.in/#/schooldetail/4668933/12,4668933,25/06/2025 11:17,2480
******00611 Operational,,ZPHS MORI,,,,Andhra Pradesh,7-Upper Pr. and Secondary,33-MPP_ZPP SCHOOLS,6 To 10,3-Co-educational,1-Rural,Sakhinetipalle,Mori,,,MORI MORI (VILL) MORI(VILL) SAKHINETIPALLI(MANDAL) EAST GODAVARI(DIST),533250,zphs.mori[at]gmail[dot]com,https://kys.udiseplus.gov.in/#/schooldetail/4669241/12,4669241,25/06/2025 10:40,2480
******00303 Operational,,ZPHS MUKKAMALA,,,,Andhra Pradesh,7-Upper Pr. and Secondary,33-MPP_ZPP SCHOOLS,6 To 10,3-Co-educational,1-Rural,Ambajipeta,Mukkamala,,,MUKKAMALA MUKKAMALA MUKKAMALA(VILL) AMBAJIPETA(MANDAL) EAST GODAVARI(DIST),533241,zphs.mukkamala[at]gmail[dot]com,https://kys.udiseplus.gov.in/#/schooldetail/4668052/12,4668052,23/12/2025 17:03,2480
******00709 Operational,,ZPHS MULAPALEM,,,,Andhra Pradesh,6-Pr. Up Pr. and Secondary Only,33-MPP_ZPP SCHOOLS,1 To 10,3-Co-educational,1-Rural,Ainavilli,Sanapalli Lanka,,,S MOOLAPOLAM SANAPALLI LANKA SANAPALLI LANKA(VILL) AINAVILLI(MANDAL) EAST GODAVARI(DIST),533211,zphs.mulapalem123[at]gmail[dot]com,https://kys.udiseplus.gov.in/#/schooldetail/4668156/12,4668156,14/06/2025 09:34,2480
******00811 Operational,,ZPHS MULASTANAM,,,,Andhra Pradesh,7-Upper Pr. and Secondary,33-MPP_ZPP SCHOOLS,6 To 10,3-Co-educational,1-Rural,Alamuru,Mulastana Agraharam,,,MULASTANA AGRAHARAM JONNADA JONNADA(VILL) ALAMURU(MANDAL) EAST GODAVARI(DIST),533233,zphsmulasthanam[at]gmail[dot]com,https://kys.udiseplus.gov.in/#/schooldetail/4667542/12,4667542,15/10/2020 12:18,2480
******00725 Operational,,ZPHS MUMMIDIVARAM,,,,Andhra Pradesh,7-Upper Pr. and Secondary,33-MPP_ZPP SCHOOLS,6 To 10,3-Co-educational,2-Urban,NA,,Mummidivaram Ward No.4,Mummidivaram-Town Panchayat,MUMMIDIVARAM MUMMIDIVARAM (VILL) MUMMIDIVARAM(VILL) MUMMIDIVARAM(MANDAL) EAST GODAVARI(DIST),533216,zphs.mummidivaram[at]gmail[dot]com,https://kys.udiseplus.gov.in/#/schooldetail/4667828/12,4667828,15/10/2020 12:18,2480
******00906 Operational,,ZPHS MUNGANDA,,,,Andhra Pradesh,5-Up. Pr. Secondary and Higher Sec,33-MPP_ZPP SCHOOLS,6 To 12,3-Co-educational,1-Rural,P.Gannavaram,Munganda,,,MAIN ROAD -MUNGANDA (VILL) P.GANNAVARAM(MANDAL) EAST GODAVARI(DIST) 533214,533214,zphs.munganda[at]gmail[dot]com,https://kys.udiseplus.gov.in/#/schooldetail/4668008/12,4668008,21/06/2025 09:33,2480
******00703 Operational,,ZPHS MUNIPALLI,,,,Andhra Pradesh,7-Upper Pr. and Secondary,33-MPP_ZPP SCHOOLS,6 To 10,3-Co-educational,1-Rural,Uppalaguptam,Munipalle,,,MUNIPALLI MUNIPALLI (VILL) MUNIPALLI(VILL) UPPALAGUPTAM(MANDAL) EAST GODAVARI(DIST),533222,zphs.munipalli[at]gmail[dot]com,https://kys.udiseplus.gov.in/#/schooldetail/4668548/12,4668548,07/01/2026 08:48,2480
******01004 Operational,,ZPHS MUNJAVARAPUKOTTU,,,,Andhra Pradesh,7-Upper Pr. and Secondary,33-MPP_ZPP SCHOOLS,6 To 10,3-Co-educational,1-Rural,P.Gannavaram,Mungandapalem,,,MUNJAVARAPUKOTTU MUNGANDAPALEM (VILL) MUNGANDAPALEM(VILL) P.GANNAVARAM(MANDAL) EAST GODAVARI(DIST),533214,zphs.munjavarapukottu[at]gmail[dot]com,https://kys.udiseplus.gov.in/#/schooldetail/4668013/12,4668013,21/06/2025 09:33,2480
******00905 Operational,,ZPHS MURAMALLA,,,,Andhra Pradesh,6-Pr. Up Pr. and Secondary Only,33-MPP_ZPP SCHOOLS,1 To 10,3-Co-educational,1-Rural,I. Polavaram,Muramalla,,,MURAMALLA MURAMALLA (VILL) MURAMALLA(VILL) I.POLAVARAM(MANDAL) EAST GODAVARI(DIST),533220,zphs.muramalla[at]gmail[dot]com,https://kys.udiseplus.gov.in/#/schooldetail/4668394/12,4668394,16/06/2025 11:36,2480
******00707 Operational,,ZPHS NAGARAM,,,,Andhra Pradesh,7-Upper Pr. and Secondary,33-MPP_ZPP SCHOOLS,6 To 10,3-Co-educational,1-Rural,Mamidikuduru,Nagaram,,,NAGARAM NAGARAM (VILL) NAGARAM(VILL) MAMIDIKUDURU(MANDAL) EAST GODAVARI(DIST),533247,zphs.nagaram123[at]gmail[dot]com,https://kys.udiseplus.gov.in/#/schooldetail/4668923/12,4668923,21/06/2025 19:06,2480
******01714 Operational,,ZPHS NAGULLANKA,,,,Andhra Pradesh,7-Upper Pr. and Secondary,33-MPP_ZPP SCHOOLS,6 To 10,3-Co-educational,1-Rural,P.Gannavaram,Manepalle,,,NAGULLANKA MANEPALLE (VILL) MANEPALLE(VILL) P.GANNAVARAM(MANDAL) EAST GODAVARI(DIST),533249,zphsnagullanka[at]gmail[dot]com,https://kys.udiseplus.gov.in/#/schooldetail/4668042/12,4668042,21/06/2025 09:34,2480
******01312 Operational,,ZPHS NALLA CHEREVU,,,,Andhra Pradesh,7-Upper Pr. and Secondary,33-MPP_ZPP SCHOOLS,6 To 10,3-Co-educational,1-Rural,Ainavilli,Nedunuru,,,NALLA CHEREVU NEDUNURU NEDUNURU(VILL) AINAVILLI(MANDAL) EAST GODAVARI(DIST),533241,zphs.nallacherevu[at]gmail[dot]com,https://kys.udiseplus.gov.in/#/schooldetail/4668188/12,4668188,19/07/2022 12:20,2480
******00602 Operational,,ZPHS NALLURU,,,,Andhra Pradesh,7-Upper Pr. and Secondary,33-MPP_ZPP SCHOOLS,6 To 10,3-Co-educational,1-Rural,Kapileswarapuram,Nalluru,,,MAIN ROAD NALLURU(VILL) KAPILESWARAPURAM(MANDAL) EAST GODAVARI(DIST),533307,zphs.nalluru[at]gmail[dot]com,https://kys.udiseplus.gov.in/#/schooldetail/4667456/12,4667456,15/10/2020 12:18,2480
******00402 Operational,,ZPHS NARASAPURAPUPETA,,,,Andhra Pradesh,7-Upper Pr. and Secondary,33-MPP_ZPP SCHOOLS,6 To 10,3-Co-educational,1-Rural,Ramachandrapuram,Narasapurapupeta,,,NARASAPURAPUPETA NARASAPURAPUPETA (VILL) NARASAPURAPUPETA(VILL) RAMACHANDRAPURAM(MANDAL) EAST GODAVARI(DIST),533255,zphs.narasapurapupeta[at]gmail[dot]com,https://kys.udiseplus.gov.in/#/schooldetail/4667227/12,4667227,21/06/2025 09:34,2480
******00412 Operational,,ZPHS NARENDRAPURAM,,,,Andhra Pradesh,7-Upper Pr. and Secondary,33-MPP_ZPP SCHOOLS,6 To 10,3-Co-educational,1-Rural,P.Gannavaram,Narendrapuram,,,NARENDRAPURAM-P.GANNAVARAM-EAST GODAVARI,533229,zphs.narendrapuram[at]gmail[dot]com,https://kys.udiseplus.gov.in/#/schooldetail/4667967/12,4667967,21/06/2025 09:32,2480
******00404 Operational,,ZPHS NARSIPUDI,,,,Andhra Pradesh,7-Upper Pr. and Secondary,33-MPP_ZPP SCHOOLS,6 To 10,3-Co-educational,1-Rural,Alamuru,Narsipudi,,,NARSIPUDI(VILL) ALAMURU(MANDAL) EAST GODAVARI(DIST),533232,zphsnarsipudi[at]gmail[dot]com,https://kys.udiseplus.gov.in/#/schooldetail/4667528/12,4667528,15/10/2020 12:18,2480
******01313 Operational,,ZPHS NEDUNURU,,,,Andhra Pradesh,5-Up. Pr. Secondary and Higher Sec,33-MPP_ZPP SCHOOLS,6 To 12,3-Co-educational,1-Rural,Ainavilli,Nedunuru,,,NEDUNURU NEDUNURU NEDUNURU(VILL) AINAVILLI(MANDAL) EAST GODAVARI(DIST),533241,zphs.nedunuru[at]gmail[dot]com,https://kys.udiseplus.gov.in/#/schooldetail/4668189/12,4668189,24/01/2023 21:11,2480
******00807 Operational,,ZPHS NIMMAKAYALAKOTHAPALLI,,,,Andhra Pradesh,7-Upper Pr. and Secondary,33-MPP_ZPP SCHOOLS,6 To 10,3-Co-educational,1-Rural,Uppalaguptam,Nimmakayala Kothapalle,,,NIMMAKAYALAKOTHAPALLI NIMMAKAYALA KOTHAPALLI (VILL) NIMMAKAYALA KOTHAPALLI(VILL) UPPALAGUPTAM(MANDAL) EAST GODAVARI(DIST),533222,zphs.nkothapalli[at]gmail[dot]com,https://kys.udiseplus.gov.in/#/schooldetail/4668552/12,4668552,07/01/2026 08:51,2480
******00807 Operational,,ZPHS (O) PODAGATLAPALLI,,,,Andhra Pradesh,6-Pr. Up Pr. and Secondary Only,33-MPP_ZPP SCHOOLS,1 To 10,3-Co-educational,1-Rural,Ravulapalem,Podagatlapalle,,,PODAGATLAPALLI PODAGATLAPALLI (VILL) PODAGATLAPALLI(VILL) RAVULAPALEM(MANDAL) EAST GODAVARI(DIST),533236,zphs.podagatlapalli123[at]gmail[dot]com,https://kys.udiseplus.gov.in/#/schooldetail/4667732/12,4667732,17/06/2025 15:05,2480
******01016 Operational,,ZPHS PADAMATI PALEM,,,,Andhra Pradesh,6-Pr. Up Pr. and Secondary Only,33-MPP_ZPP SCHOOLS,1 To 10,3-Co-educational,1-Rural,Malikipuram,Kesanapalle,,,PADAMATI PALEM KESANAPALLE (VILL) KESANAPALLE(VILL) MALIKIPURAM(MANDAL) EAST GODAVARI(DIST),533250,zphspadamatipalem123[at]gmail[dot]com,https://kys.udiseplus.gov.in/#/schooldetail/4669147/12,4669147,16/06/2025 13:12,2480
******00105 Operational,,ZPHS PALAGUMMI,,,,Andhra Pradesh,7-Upper Pr. and Secondary,33-MPP_ZPP SCHOOLS,6 To 10,3-Co-educational,1-Rural,Amalapuram,Palagummi,,,PALAGUMMI PALAGUMMI PALAGUMMI(VILL) AMALAPURAM(MANDAL) EAST GODAVARI(DIST),533221,zphs.palagummi123[at]gmail[dot]com,https://kys.udiseplus.gov.in/#/schooldetail/4668618/12,4668618,20/12/2025 11:20,2480
******00409 Operational,,ZPHS PALIVELA,,,,Andhra Pradesh,7-Upper Pr. and Secondary,33-MPP_ZPP SCHOOLS,6 To 10,3-Co-educational,1-Rural,Kothapeta,Palivela,,,D NO 3-129/2 Near Grama panchayati office PALIVELA(VILL) KOTHAPETA(MANDAL) EAST GODAVARI(DIST),533229,zphspalivela333[at]gmail[dot]com,https://kys.udiseplus.gov.in/#/schooldetail/4667876/12,4667876,21/06/2025 18:33,2480
******01110 Operational,,ZPHS PALLAM,,,,Andhra Pradesh,7-Upper Pr. and Secondary,33-MPP_ZPP SCHOOLS,6 To 10,3-Co-educational,1-Rural,Katrenikona,Kandikuppa,,,PALLAM KANDIKUPPA (VILL) KANDIKUPPA(VILL) KATRENIKONA(MANDAL) EAST GODAVARI(DIST),533212,zphs.pallam[at]gmail[dot]com,https://kys.udiseplus.gov.in/#/schooldetail/4668488/12,4668488,21/06/2025 17:25,2480
******00205 Operational,,ZPHS PAMARRU,,,,Andhra Pradesh,7-Upper Pr. and Secondary,33-MPP_ZPP SCHOOLS,6 To 10,3-Co-educational,1-Rural,NA,NA,,,PAMARRU PAMARRU (VILL) PAMARRU(VILL) K.GANGAVARAM(MANDAL) EAST GODAVARI(DIST),533305,zphs.pamarru[at]gmail[dot]com,https://kys.udiseplus.gov.in/#/schooldetail/4667324/12,4667324,23/06/2022 14:07,2480
******00408 Operational,,ZPHS PASALAPUDI,,,,Andhra Pradesh,7-Upper Pr. and Secondary,33-MPP_ZPP SCHOOLS,6 To 10,3-Co-educational,1-Rural,Rayavaram,Pasalapudi,,,"PASALAPUDI PASALAPUDI (VILL) PASALAPUDI(VILL) RAYAVARAM(MANDAL) ,Dr.B.R.Ambedkar Konaseema District",533261,zphs.pasalapudi[at]gmail[dot]com,https://kys.udiseplus.gov.in/#/schooldetail/4650121/12,4650121,26/09/2024 20:32,2480
******00406 Operational,,ZPHS PASARLAPUDI,,,,Andhra Pradesh,6-Pr. Up Pr. and Secondary Only,33-MPP_ZPP SCHOOLS,1 To 10,3-Co-educational,1-Rural,Mamidikuduru,Pasarlapudi,,,PASARLAPUDI MAMIDIKUDURU MANDAL EAST GODAVARI DISTRICT PIN 533247,533247,zphs.pasarlapudi[at]gmail[dot]com,https://kys.udiseplus.gov.in/#/schooldetail/4668903/12,4668903,16/06/2025 15:22,2480
******01305 Operational,,ZPHS PASARLAPUDILANKA,,,,Andhra Pradesh,6-Pr. Up Pr. and Secondary Only,33-MPP_ZPP SCHOOLS,1 To 10,3-Co-educational,1-Rural,Mamidikuduru,Pasarlapudilanka,,,PASARLAPUDILANKA PASARLAPUDILANKA (VILL) PASARLAPUDILANKA(VILL) MAMIDIKUDURU(MANDAL) EAST GODAVARI(DIST),533247,zphs.pasarlapudilanka[at]gmail[dot]com,https://kys.udiseplus.gov.in/#/schooldetail/4668954/12,4668954,16/06/2025 15:29,2480
******00106 Operational,,ZPHS PASUVULLANKA,,,,Andhra Pradesh,7-Upper Pr. and Secondary,33-MPP_ZPP SCHOOLS,6 To 10,3-Co-educational,1-Rural,I. Polavaram,Pasuvullanka,,,PASUVULLANKA PASUVULLANKA (VILL) PASUVULLANKA(VILL) I.POLAVARAM(MANDAL) EAST GODAVARI(DIST),533220,zphs.pasuvullanka[at]gmail[dot]com,https://kys.udiseplus.gov.in/#/schooldetail/4668324/12,4668324,28/09/2024 13:07,2480
******00709 Operational,,ZPHS PATHAGANNAVARAM,,,,Andhra Pradesh,5-Up. Pr. Secondary and Higher Sec,33-MPP_ZPP SCHOOLS,6 To 12,3-Co-educational,1-Rural,P.Gannavaram,Patha Gannavaram,,,"ZPPHIGH SCHOOL, P.GANNAVARAM , P.GANNAVARAM MANDAL . DR B.R.AMBEDKAR KONASEEMA DISTRICT.",533240,zphs.pgannavaram[at]gmail[dot]com,https://kys.udiseplus.gov.in/#/schooldetail/4667985/12,4667985,21/06/2025 09:33,2480
******00107 Operational,,ZPHS PEDAPATNAM LANKA,,,,Andhra Pradesh,6-Pr. Up Pr. and Secondary Only,33-MPP_ZPP SCHOOLS,1 To 10,3-Co-educational,1-Rural,Mamidikuduru,Pedapatnam Lanka,,,PEDAPATNAM LANKA PEDAPATNAM LANKA (VILL) PEDAPATNAM LANKA(VILL) MAMIDIKUDURU(MANDAL) EAST GODAVARI(DIST),533247,zphs.pedapatnamlanka[at]gmail[dot]com,https://kys.udiseplus.gov.in/#/schooldetail/4668888/12,4668888,16/06/2025 15:19,2480
******00104 Operational,,ZPHS PERAVARAM,,,,Andhra Pradesh,5-Up. Pr. Secondary and Higher Sec,33-MPP_ZPP SCHOOLS,6 To 12,3-Co-educational,1-Rural,Atreyapuram,Peravaram,,,PERAVARAM PERAVARAM PERAVARAM(VILL) ATREYAPURAM(MANDAL) DR.B.R.AMBEDKAR KONASEEMA(DIST),533235,zphs.peravaram[at]gmail[dot]com,https://kys.udiseplus.gov.in/#/schooldetail/4667583/12,4667583,03/07/2024 11:26,2480
******01318 Operational,,ZPHS PERURU,,,,Andhra Pradesh,7-Upper Pr. and Secondary,33-MPP_ZPP SCHOOLS,6 To 10,3-Co-educational,1-Rural,Amalapuram,Peruru,,,PERURU PERURU PERURU(VILL) AMALAPURAM(MANDAL) EAST GODAVARI(DIST),533218,zphs.peruru.123[at]gmail[dot]com,https://kys.udiseplus.gov.in/#/schooldetail/4668679/12,4668679,23/12/2025 13:14,2480
******00303 Operational,,ZPHS PLAKSHMIWADA,,,,Andhra Pradesh,6-Pr. Up Pr. and Secondary Only,33-MPP_ZPP SCHOOLS,1 To 10,3-Co-educational,1-Rural,Katrenikona,Penuwalla,,,P LAXMIWADA PENUWALLA (VILL) PENUMALLA(VILL) KATRENIKONA(MANDAL) EAST GODAVARI(DIST),533222,zphs.plaxmiwada[at]gmail[dot]com,https://kys.udiseplus.gov.in/#/schooldetail/4668435/12,4668435,16/06/2025 11:41,2480
******00510 Operational,,ZPHS PULLETIKURRU,,,,Andhra Pradesh,5-Up. Pr. Secondary and Higher Sec,33-MPP_ZPP SCHOOLS,6 To 12,3-Co-educational,1-Rural,Ambajipeta,Pulletikurru,,,PULLETIKURRU PULLETIKURRU PULLETIKURRU(VILL) AMBAJIPETA(MANDAL) EAST GODAVARI(DIST),533239,zphs.pulletikurru[at]gmail[dot]com,https://kys.udiseplus.gov.in/#/schooldetail/4668065/12,4668065,23/12/2025 17:05,2480
******00305 Operational,,ZPHS RAMARAJULANKA,,,,Andhra Pradesh,6-Pr. Up Pr. and Secondary Only,33-MPP_ZPP SCHOOLS,1 To 10,3-Co-educational,1-Rural,Malikipuram,Ramarajulanka,,,RAMARAJULANKA RAMARAJULANKA (VILL) RAMARAJULANKA(VILL) MALIKIPURAM(MANDAL) EAST GODAVARI(DIST),533253,zphs.ramarajulanka[at]gmail[dot]com,https://kys.udiseplus.gov.in/#/schooldetail/4669076/12,4669076,16/06/2025 12:46,2480
******01314 Operational,,ZPHS RAMESWARAM,,,,Andhra Pradesh,6-Pr. Up Pr. and Secondary Only,33-MPP_ZPP SCHOOLS,1 To 10,3-Co-educational,1-Rural,Allavaram,Komaragiripatnam,,,RAMESWARAM KOMARAGIRIPATNAM KOMARAGIRIPATNAM(VILL) ALLAVARAM(MANDAL) EAST GODAVARI(DIST),533210,,https://kys.udiseplus.gov.in/#/schooldetail/4668860/12,4668860,19/12/2025 10:58,2480
******00308 Operational,,ZPHS RAMESWARAM,,,,Andhra Pradesh,5-Up. Pr. Secondary and Higher Sec,33-MPP_ZPP SCHOOLS,6 To 12,3-Co-educational,1-Rural,Sakhinetipalle,Rameswaram,,,RAMESWARAM RAMESWARAM (VILL) RAMESWARAM(VILL) SAKHINETIPALLI(MANDAL) EAST GODAVARI(DIST),533251,zphs.rameswaram[at]gmail[dot]com,https://kys.udiseplus.gov.in/#/schooldetail/4668773/12,4668773,25/06/2025 10:40,2480
******00405 Operational,,ZPHS RAVULAPADU,,,,Andhra Pradesh,6-Pr. Up Pr. and Secondary Only,33-MPP_ZPP SCHOOLS,1 To 10,3-Co-educational,1-Rural,Ravulapalem,Lakshmipolavaram,,,RAVULAPADU LAKSHMIPOLAVARAM (VILL) LAKSHMIPOLAVARAM(VILL) RAVULAPALEM(MANDAL) EAST GODAVARI(DIST),533238,,https://kys.udiseplus.gov.in/#/schooldetail/4667705/12,4667705,18/06/2025 10:05,2480
******01606 Operational,,ZPHS R YENUGUPALLI,,,,Andhra Pradesh,7-Upper Pr. and Secondary,33-MPP_ZPP SCHOOLS,6 To 10,3-Co-educational,1-Rural,P.Gannavaram,Yenugupalle,,,R. YENUGUPALLE YENUGUPALLE (VILL) YENUGUPALLE(VILL) P.GANNAVARAM(MANDAL) EAST GODAVARI(DIST),533240,zphs.ryenugupalli[at]gmail[dot]com,https://kys.udiseplus.gov.in/#/schooldetail/4668028/12,4668028,21/06/2025 09:33,2480
******00218 Operational,,ZPHS SAKINETIPALLE,,,,Andhra Pradesh,7-Upper Pr. and Secondary,33-MPP_ZPP SCHOOLS,6 To 10,3-Co-educational,1-Rural,Sakhinetipalle,Sakhinetipalle,,,SAKINETIPALLE SAKINETIPALLE (VILL) SAKINETIPALLE(VILL) SAKHINETIPALLI(MANDAL) EAST GODAVARI(DIST),533251,zphs.sakhinetipalli[at]gmail[dot]com,https://kys.udiseplus.gov.in/#/schooldetail/4669190/12,4669190,21/06/2025 09:41,2480
******00219 Operational,,ZPHS SAKINETIPALLE LANKA,,,,Andhra Pradesh,7-Upper Pr. and Secondary,33-MPP_ZPP SCHOOLS,6 To 10,3-Co-educational,1-Rural,Sakhinetipalle,Sakhinetipalle,,,SAKINETIPALLE LANKA SAKINETIPALLE (VILL) SAKINETIPALLE(VILL) SAKHINETIPALLI(MANDAL) EAST GODAVARI(DIST),533251,zphs.sakinetipallilanka[at]gmail[dot]com,https://kys.udiseplus.gov.in/#/schooldetail/4669191/12,4669191,15/10/2020 12:18,2480
******01204 Operational,,ZPHS SAKURU,,,,Andhra Pradesh,7-Upper Pr. and Secondary,33-MPP_ZPP SCHOOLS,6 To 10,3-Co-educational,1-Rural,Amalapuram,Sakuru,,,SAKURU SAKURU SAKURU(VILL) AMALAPURAM(MANDAL) EAST GODAVARI(DIST),533221,zphs.sakuru[at]gmail[dot]com,https://kys.udiseplus.gov.in/#/schooldetail/4650465/12,4650465,20/12/2025 23:30,2480
******01709 Operational,,ZPHS SAMANASA,,,,Andhra Pradesh,7-Upper Pr. and Secondary,33-MPP_ZPP SCHOOLS,6 To 10,3-Co-educational,1-Rural,Amalapuram,Vanne Chintalapudi,,,VANNE CHINTALAPUDI(VILL) AMALAPURAM(MANDAL) EAST GODAVARI(DIST),533213,zphs.samanasa[at]gmail[dot]com,https://kys.udiseplus.gov.in/#/schooldetail/4668691/12,4668691,20/12/2025 22:36,2480
******01204 Operational,,ZPHS SAMANTHAKURU,,,,Andhra Pradesh,7-Upper Pr. and Secondary,33-MPP_ZPP SCHOOLS,6 To 10,3-Co-educational,1-Rural,Allavaram,Samanthakuru,,,SAMANTHAKURU SAMANTHAKURU SAMANTHAKURU(VILL) ALLAVARAM(MANDAL) EAST GODAVARI(DIST),533217,zphs.samanthakuru123[at]gmail[dot]com,https://kys.udiseplus.gov.in/#/schooldetail/4668851/12,4668851,19/12/2025 10:53,2480
******00708 Operational,,ZPHS SANAPALLI LANKA,,,,Andhra Pradesh,6-Pr. Up Pr. and Secondary Only,33-MPP_ZPP SCHOOLS,1 To 10,3-Co-educational,1-Rural,Ainavilli,Sanapalli Lanka,,,SANAPALLI LANKA SANAPALLI LANKA SANAPALLI LANKA(VILL) AINAVILLI(MANDAL) EAST GODAVARI(DIST),533211,zphs.sanapallilanka123[at]gmail[dot]com,https://kys.udiseplus.gov.in/#/schooldetail/4668155/12,4668155,14/06/2025 09:29,2480
******01402 Operational,,ZPHS SANDHIPUDI,,,,Andhra Pradesh,7-Upper Pr. and Secondary,33-MPP_ZPP SCHOOLS,6 To 10,3-Co-educational,1-Rural,Alamuru,Sandhipudi,,,SANDHIPUDI SANDHIPUDI SANDHIPUDI(VILL) ALAMURU(MANDAL) EAST GODAVARI(DIST),533232,zphs.sandhipudi[at]gmail[dot]com,https://kys.udiseplus.gov.in/#/schooldetail/4667576/12,4667576,19/07/2022 12:36,2480
******01218 Operational,,ZPHS SAPEVARIPALLE,,,,Andhra Pradesh,7-Upper Pr. and Secondary,33-MPP_ZPP SCHOOLS,6 To 10,3-Co-educational,1-Rural,Katrenikona,Pallamkurru,,,SAPEVARIPALLE PALLAMKURRU (VILL) PALLAMKURRU(VILL) KATRENIKONA(MANDAL) EAST GODAVARI(DIST),533212,zphs.sapevaripalli[at]gmail[dot]com,https://kys.udiseplus.gov.in/#/schooldetail/4668506/12,4668506,15/10/2020 12:18,2480
******01803 Operational,,ZPHS SATYAWADA,,,,Andhra Pradesh,7-Upper Pr. and Secondary,33-MPP_ZPP SCHOOLS,6 To 10,3-Co-educational,1-Rural,NA,NA,,,SATYAWADA SATYAWADA (VILL) SATYAWADA(VILL) K.GANGAVARAM(MANDAL) EAST GODAVARI(DIST),533305,zphs.satyawada123[at]gmail[dot]com,https://kys.udiseplus.gov.in/#/schooldetail/4667796/12,4667796,23/06/2022 14:35,2480
******00510 Operational,,ZPHS SIVAKODU,,,,Andhra Pradesh,7-Upper Pr. and Secondary,33-MPP_ZPP SCHOOLS,6 To 10,3-Co-educational,1-Rural,Razole,Sivakodu,,,SIVAKODU(POST OFFICE) SIVAKODU (VILL) SIVAKODU(VILL) RAZOLE(MANDAL) EAST GODAVARI(DIST),533244,zphs.sivakodu[at]gmail[dot]com,https://kys.udiseplus.gov.in/#/schooldetail/4669010/12,4669010,25/06/2025 10:33,2480
******00603 Operational,,ZPHS SIVALA,,,,Andhra Pradesh,7-Upper Pr. and Secondary,33-MPP_ZPP SCHOOLS,6 To 10,3-Co-educational,1-Rural,NA,NA,,,SIVALA SIVALA (VILL) SIVALA(VILL) K.GANGAVARAM(MANDAL) EAST GODAVARI(DIST),533262,zphs.sivala[at]gmail[dot]com,https://kys.udiseplus.gov.in/#/schooldetail/4667764/12,4667764,23/06/2022 14:27,2480
******00506 Operational,,ZPHS SOMESWARAM,,,,Andhra Pradesh,7-Upper Pr. and Secondary,33-MPP_ZPP SCHOOLS,6 To 10,3-Co-educational,1-Rural,Rayavaram,Someswaram,,,SOMESWARAM SOMESWARAM (VILL) SOMESWARAM(VILL) RAYAVARAM(MANDAL) EAST GODAVARI(DIST),533261,zphs.someswaram[at]gmail[dot]com,https://kys.udiseplus.gov.in/#/schooldetail/4667408/12,4667408,21/06/2025 19:18,2480
******02103 Operational,,ZPHS SUNDARAPALLI,,,,Andhra Pradesh,7-Upper Pr. and Secondary,33-MPP_ZPP SCHOOLS,6 To 10,3-Co-educational,1-Rural,NA,NA,,,SUNDARAPALLI SUNDARAPALLI (VILL) SUNDARAPALLI(VILL) K.GANGAVARAM(MANDAL) EAST GODAVARI(DIST),533306,zphs.sundarapalli[at]gmail[dot]com,https://kys.udiseplus.gov.in/#/schooldetail/4667806/12,4667806,23/06/2022 14:38,2480
******01407 Operational,,ZPHS SURASANIYANAM,,,,Andhra Pradesh,7-Upper Pr. and Secondary,33-MPP_ZPP SCHOOLS,6 To 10,3-Co-educational,1-Rural,Uppalaguptam,Surasaniyanam,,,SURASANIYANAM SURASANIYANAM (VILL) SURASANIYANAM(VILL) UPPALAGUPTAM(MANDAL) EAST GODAVARI(DIST),533213,zphs.syanam[at]gmail[dot]com,https://kys.udiseplus.gov.in/#/schooldetail/4668613/12,4668613,07/01/2026 09:06,2480
******90150 Operational,,ZPHS SURYA NAGAR,,,,Andhra Pradesh,5-Up. Pr. Secondary and Higher Sec,33-MPP_ZPP SCHOOLS,6 To 12,3-Co-educational,2-Urban,NA,,Amalapuram Ward No. 15,Amalapuram-Municipality,SURYANAGAR AMALAPURAM(VILL) AMALAPURAM(VILL) AMALAPURAM(MANDAL) EAST GODAVARI(DIST),533201,zphs.amalapuram[at]gmail[dot]com,https://kys.udiseplus.gov.in/#/schooldetail/4668723/12,4668723,21/12/2025 22:51,2480
******01404 Operational,,ZPHS TALLAPOLAM,,,,Andhra Pradesh,6-Pr. Up Pr. and Secondary Only,33-MPP_ZPP SCHOOLS,1 To 10,3-Co-educational,1-Rural,Ramachandrapuram,Velampalem,,,TALLAPOLAM JAGANNAIKULAPALEM (VILL) JAGANNAIKULAPALEM(VILL) RAMACHANDRAPURAM(MANDAL) EAST GODAVARI(DIST),533255,lakshmanaraobolisetti[at]gmail[dot]com,https://kys.udiseplus.gov.in/#/schooldetail/4667248/12,4667248,18/06/2025 10:05,2480
******00213 Operational,,ZPHS TANELANKA,,,,Andhra Pradesh,7-Upper Pr. and Secondary,33-MPP_ZPP SCHOOLS,6 To 10,3-Co-educational,1-Rural,Mummidivaram,Tanelanka,,,TANELANKA TANELANKA (VILL) TANELANKA(VILL) MUMMIDIVARAM(MANDAL) EAST GODAVARI(DIST),533216,zphs.thanelanka[at]gmail[dot]com,https://kys.udiseplus.gov.in/#/schooldetail/4668223/12,4668223,10/05/2022 12:39,2480
******00106 Operational,,ZPHS TATIPAKA,,,,Andhra Pradesh,7-Upper Pr. and Secondary,33-MPP_ZPP SCHOOLS,6 To 10,3-Co-educational,1-Rural,Razole,Thatipaka,,,TATIPAKA TATIPAKA (VILL) BESIDE PANCHAYAT OFFICE TATIPAKA(VILL) RAZOLE(MANDAL) EAST GODAVARI(DIST),533249,zphs.tatipaka[at]gmail[dot]com,https://kys.udiseplus.gov.in/#/schooldetail/4668532/12,4668532,21/06/2025 09:36,2480
******01313 Operational,,ZPHS T CHALLAPALLE,,,,Andhra Pradesh,5-Up. Pr. Secondary and Higher Sec,33-MPP_ZPP SCHOOLS,6 To 12,3-Co-educational,1-Rural,Uppalaguptam,T. Challapalle,,,T.CHALLAPALLE T. CHALLAPALLE (VILL) T. CHALLAPALLE(VILL)UPPALAGUPTAM(MANDAL) Dr.B.R.A.Konasema(DIST),533213,zphs.tchallapalli[at]gmail[dot]com,https://kys.udiseplus.gov.in/#/schooldetail/4668603/12,4668603,07/01/2026 09:05,2480
******01004 Operational,,ZPHS TEKI,,,,Andhra Pradesh,7-Upper Pr. and Secondary,33-MPP_ZPP SCHOOLS,6 To 10,3-Co-educational,1-Rural,Kapileswarapuram,Teki,,,NEAR CHURCH TEKI KAPILESWARAPURAM,533307,zphs.teki[at]gmail[dot]com,https://kys.udiseplus.gov.in/#/schooldetail/4667473/12,4667473,15/10/2020 12:18,2480
******00220 Operational,,ZPHS TEKISETTI PALEM,,,,Andhra Pradesh,6-Pr. Up Pr. and Secondary Only,33-MPP_ZPP SCHOOLS,1 To 10,3-Co-educational,1-Rural,Sakhinetipalle,Sakhinetipalle,,,TEKISETTI PALEM SAKINETIPALLE (VILL) SAKINETIPALLE(VILL) SAKHINETIPALLI(MANDAL) EAST GODAVARI(DIST),533252,zphs.tekisettipalem[at]gmail[dot]com,https://kys.udiseplus.gov.in/#/schooldetail/4669192/12,4669192,22/06/2025 09:50,2480
******01502 Operational,,ZPHS THANDAVAPALLI,,,,Andhra Pradesh,6-Pr. Up Pr. and Secondary Only,33-MPP_ZPP SCHOOLS,1 To 10,3-Co-educational,1-Rural,Amalapuram,Thandavapalle,,,SETTIPALLE THANDAVAPALLE THANDAVAPALLE(VILL) AMALAPURAM(MANDAL) EAST GODAVARI(DIST),533213,mppupsthandavapalli[at]gmail[dot]com,https://kys.udiseplus.gov.in/#/schooldetail/4668684/12,4668684,21/12/2025 22:14,2480
******01306 Operational,,ZPHS THONDAVARAM,,,,Andhra Pradesh,6-Pr. Up Pr. and Secondary Only,33-MPP_ZPP SCHOOLS,1 To 10,3-Co-educational,1-Rural,Ambajipeta,Thondavaram,,,DNO 1-296 HIGH SCHOOL COLANY THONDAVARAM AMBAJIPETA MANDAL EAST GODAVARI 533214,533221,zphs.thondavaram[at]gmail[dot]com,https://kys.udiseplus.gov.in/#/schooldetail/4668122/12,4668122,23/12/2025 17:21,2480
******00916 Operational,,ZPHS THOTHIPADU,,,,Andhra Pradesh,6-Pr. Up Pr. and Secondary Only,33-MPP_ZPP SCHOOLS,1 To 10,3-Co-educational,1-Rural,Kothapeta,Vanapalle,,,THOTHIPADU VANAPALLI (VILL) VANAPALLI(VILL) KOTHAPETA(MANDAL) EAST GODAVARI(DIST),533228,zphs.tothupadu123[at]gmail[dot]com,https://kys.udiseplus.gov.in/#/schooldetail/4667925/12,4667925,16/06/2025 12:37,2480
******01002 Operational,,ZPHS THURPULANKA,,,,Andhra Pradesh,6-Pr. Up Pr. and Secondary Only,33-MPP_ZPP SCHOOLS,1 To 10,3-Co-educational,1-Rural,Allavaram,Thurupulanka,,,THURPULANKA THURUPULANKA THURUPULANKA(VILL) ALLAVARAM(MANDAL) EAST GODAVARI(DIST),533217,zphs.thurpulanka[at]gmail[dot]com,https://kys.udiseplus.gov.in/#/schooldetail/4668834/12,4668834,19/12/2025 10:50,2480
******00709 Operational,,ZPHS (T) KOTHAPALLI,,,,Andhra Pradesh,7-Upper Pr. and Secondary,33-MPP_ZPP SCHOOLS,6 To 10,3-Co-educational,1-Rural,I. Polavaram,T. Kothapalle,,,T.KOTHAPALLE T. KOTHAPALLI (VILL) T. KOTHAPALLE(VILL) I.POLAVARAM(MANDAL) EAST GODAVARI(DIST),533220,zphs.tkothapalli[at]gmail[dot]com,https://kys.udiseplus.gov.in/#/schooldetail/4668377/12,4668377,21/06/2025 17:15,2480
******00106 Operational,,ZPHS UBALANKA,,,,Andhra Pradesh,6-Pr. Up Pr. and Secondary Only,33-MPP_ZPP SCHOOLS,1 To 10,3-Co-educational,1-Rural,Ravulapalem,Ubalanka,,,UBALANKA UBALANKA (VILL) UBALANKA(VILL) RAVULAPALEM(MANDAL) EAST GODAVARI(DIST),533237,zphs.ubalanka[at]gmail[dot]com,https://kys.udiseplus.gov.in/#/schooldetail/4667648/12,4667648,17/06/2025 14:58,2480
******00208 Operational,,ZPHS UDIMUDI,,,,Andhra Pradesh,7-Upper Pr. and Secondary,33-MPP_ZPP SCHOOLS,6 To 10,3-Co-educational,1-Rural,P.Gannavaram,Udumudi,,,Gramasachivalayam Road Udimudi Village PGannavaram Mandal East Godavari - 533274,533274,zphs.udimudi[at]gmail[dot]com,https://kys.udiseplus.gov.in/#/schooldetail/4667951/12,4667951,21/06/2025 09:26,2480
******00702 Operational,,ZPHS UTCHILI,,,,Andhra Pradesh,7-Upper Pr. and Secondary,33-MPP_ZPP SCHOOLS,6 To 10,3-Co-educational,1-Rural,Atreyapuram,Utchili,,,ZPHS UTCHILI ATREYAPURAM MANDAL,533235,zphs.utchili[at]gmail[dot]com,https://kys.udiseplus.gov.in/#/schooldetail/4667603/12,4667603,25/06/2025 10:22,2480
******00204 Operational,,ZPHS VADAPALEM,,,,Andhra Pradesh,6-Pr. Up Pr. and Secondary Only,33-MPP_ZPP SCHOOLS,1 To 10,3-Co-educational,1-Rural,Kothapeta,Vadapalem,,,VADAPALEM VADAPALEM (VILL) VADAPALEM(VILL) KOTHAPETA(MANDAL) EAST GODAVARI(DIST),533223,meo.kothapeta[at]gmail[dot]com,https://kys.udiseplus.gov.in/#/schooldetail/4667834/12,4667834,16/06/2025 11:56,2480
******01303 Operational,,ZPHS VADAPALLE,,,,Andhra Pradesh,6-Pr. Up Pr. and Secondary Only,33-MPP_ZPP SCHOOLS,1 To 10,3-Co-educational,1-Rural,Atreyapuram,Vadapalle,,,VADAPALLI VADAPALLE (VILL) VADAPALLE(VILL) ATREYAPURAM(MANDAL) EAST GODAVARI(DIST),533237,zphs.vadapalli[at]gmail[dot]com,https://kys.udiseplus.gov.in/#/schooldetail/4667631/12,4667631,18/06/2025 10:22,2480
******00303 Operational,,ZPHS VADICHERUVU,,,,Andhra Pradesh,7-Upper Pr. and Secondary,33-MPP_ZPP SCHOOLS,6 To 10,3-Co-educational,1-Rural,I. Polavaram,Patha Injaram,,,VADDICHERUVU PATHA INJARAM (VILL) PATHA INJARAM(VILL) I.POLAVARAM(MANDAL) EAST GODAVARI(DIST),533464,zphs.vaddicheruvu[at]gmail[dot]com,https://kys.udiseplus.gov.in/#/schooldetail/4668336/12,4668336,21/06/2025 18:38,2480
******01404 Operational,,ZPHS VAKATIPPA,,,,Andhra Pradesh,7-Upper Pr. and Secondary,33-MPP_ZPP SCHOOLS,6 To 10,3-Co-educational,1-Rural,Kapileswarapuram,Vakatippa,,,MAIN ROAD VAKATIPPA (VILL) VAKATIPPA(VILL) KAPILESWARAPURAM(MANDAL) EAST GODAVARI(DIST),533305,zphs.vakathippakp[at]gmail[dot]com,https://kys.udiseplus.gov.in/#/schooldetail/4667496/12,4667496,15/10/2020 12:18,2480
******00204 Operational,,ZPHS VALLURU,,,,Andhra Pradesh,7-Upper Pr. and Secondary,33-MPP_ZPP SCHOOLS,6 To 10,3-Co-educational,1-Rural,Kapileswarapuram,Valluru,,,VALLURU VALLURU (VILL) VALLURU(VILL) KAPILESWARAPURAM(MANDAL) EAST GODAVARI(DIST),533308,zphs.valluru[at]gmail[dot]com,https://kys.udiseplus.gov.in/#/schooldetail/4667443/12,4667443,15/10/2020 12:18,2480
******00917 Operational,,ZPHS VANAPALLI,,,,Andhra Pradesh,7-Upper Pr. and Secondary,33-MPP_ZPP SCHOOLS,6 To 10,3-Co-educational,1-Rural,Kothapeta,Vanapalle,,,VANAPALLI VANAPALLI (VILL) VANAPALLI(VILL) KOTHAPETA(MANDAL) EAST GODAVARI(DIST),533228,zphs.vanapalli[at]gmail[dot]com,https://kys.udiseplus.gov.in/#/schooldetail/4667926/12,4667926,15/10/2020 12:18,2480
******01318 Operational,,ZPHS VASALATHIPPA,,,,Andhra Pradesh,7-Upper Pr. and Secondary,33-MPP_ZPP SCHOOLS,6 To 10,3-Co-educational,1-Rural,Uppalaguptam,T. Challapalle,,,VASALATIPPA T CHALLAPALLI VILLAGE UPPALAGUPTAM MANDAL,533213,zphs.vasalathippa[at]gmail[dot]com,https://kys.udiseplus.gov.in/#/schooldetail/4668607/12,4668607,07/01/2026 09:04,2480
******00508 Operational,,ZPHS VEDIRESWARAM,,,,Andhra Pradesh,7-Upper Pr. and Secondary,33-MPP_ZPP SCHOOLS,6 To 10,3-Co-educational,1-Rural,Ravulapalem,Vedireswaram,,,VEDIRESWRAM RAVULAPALEM(MANDAL) EAST GODAVARI(DIST),533238,zphs.vedireswaram[at]gmail[dot]com,https://kys.udiseplus.gov.in/#/schooldetail/4667713/12,4667713,21/06/2025 18:59,2480
******00701 Operational,,ZPHS VEDURUMUDI,,,,Andhra Pradesh,6-Pr. Up Pr. and Secondary Only,33-MPP_ZPP SCHOOLS,1 To 10,3-Co-educational,1-Rural,Kapileswarapuram,Vedurumudi,,,VEDURUMUDI(VILL) KAPILESWARAPURAM(MANDAL) KONASEEMA(DIST),533307,mpups.vedurumudi[at]gmail[dot]com,https://kys.udiseplus.gov.in/#/schooldetail/4667457/12,4667457,18/06/2025 10:04,2480
******00210 Operational,,ZPHS VEDURUPAKA,,,,Andhra Pradesh,7-Upper Pr. and Secondary,33-MPP_ZPP SCHOOLS,6 To 10,3-Co-educational,1-Rural,Rayavaram,Vedurupaka,,,VEDURUPAKA (VILL) RAYAVARM(MANDAL) EAST GODAVARI(DIST),533345,zphs.vedurupaka[at]gmail[dot]com,https://kys.udiseplus.gov.in/#/schooldetail/4650122/12,4650122,21/06/2025 19:18,2480
******00204 Operational,,ZPHS VEERAVALLIPALEM,,,,Andhra Pradesh,7-Upper Pr. and Secondary,33-MPP_ZPP SCHOOLS,6 To 10,3-Co-educational,1-Rural,Ainavilli,Veeravallipalem,,,VEERAVALLIPALEM VEERAVALLIPALEM VEERAVALLIPALEM(VILL) AINAVILLI(MANDAL) EAST GODAVARI(DIST),533211,zphs.veeravallipalem123[at]gmail[dot]com,https://kys.udiseplus.gov.in/#/schooldetail/4668129/12,4668129,18/07/2022 14:14,2480
******00703 Operational,,ZPHS VELAGATHODU,,,,Andhra Pradesh,7-Upper Pr. and Secondary,33-MPP_ZPP SCHOOLS,6 To 10,3-Co-educational,1-Rural,Mandapeta,Velagathodu,,,D No 1-7 Main Road VELAGATHODU MANDAPETA(MANDAL) EAST GODAVARI(DIST) 533340,533340,zphs.velagathodu[at]gmail[dot]com,https://kys.udiseplus.gov.in/#/schooldetail/4666651/12,4666651,24/12/2025 11:09,2480
******00310 Operational,,ZPHS VELICHERU,,,,Andhra Pradesh,7-Upper Pr. and Secondary,33-MPP_ZPP SCHOOLS,6 To 10,3-Co-educational,1-Rural,Atreyapuram,Valicheru,,,VELICHERU VILLAGE ATREYAPURAM(MANDAL) EAST GODAVARI(DIST),533235,zphs.velicheru123[at]gmail[dot]com,https://kys.udiseplus.gov.in/#/schooldetail/4667595/12,4667595,25/06/2025 10:17,2480
******01006 Operational,,ZPHS VELLA,,,,Andhra Pradesh,7-Upper Pr. and Secondary,33-MPP_ZPP SCHOOLS,6 To 10,3-Co-educational,1-Rural,Ramachandrapuram,Vella,,,VELLA VELLA (VILL) VELLA(VILL) RAMACHANDRAPURAM(MANDAL) EAST GODAVARI(DIST),533255,zphs.vella123[at]gmail[dot]com,https://kys.udiseplus.gov.in/#/schooldetail/4667242/12,4667242,25/06/2025 10:27,2480
******02209 Operational,,ZPHS VENKATAYAPALEM,,,,Andhra Pradesh,7-Upper Pr. and Secondary,33-MPP_ZPP SCHOOLS,6 To 10,3-Co-educational,1-Rural,Ramachandrapuram,Venkatayapalem,,,VENKATAYAPALEM VENKATAYAPALEM (VILL) VENKATAYAPALEM(VILL) RAMACHANDRAPURAM(MANDAL) EAST GODAVARI(DIST),533262,zphs.venkatayapalem[at]gmail[dot]com,https://kys.udiseplus.gov.in/#/schooldetail/4667302/12,4667302,25/06/2025 10:29,2480
******00808 Operational,,ZPHS VENTURU,,,,Andhra Pradesh,7-Upper Pr. and Secondary,33-MPP_ZPP SCHOOLS,6 To 10,3-Co-educational,1-Rural,Rayavaram,Venturu,,,VENTURU VENTURU (VILL) VENTURU(VILL) RAYAVARAM(MANDAL) EAST GODAVARI(DIST),533255,zphs.venturu[at]gmail[dot]com,https://kys.udiseplus.gov.in/#/schooldetail/4667433/12,4667433,21/06/2025 11:47,2480
******00611 Operational,,ZPHS VETLA PALEM,,,,Andhra Pradesh,6-Pr. Up Pr. and Secondary Only,33-MPP_ZPP SCHOOLS,1 To 10,3-Co-educational,1-Rural,Katrenikona,Katrenikona,,,VETLA PALEM KATRENIKONA (VILL) KATRENIKONA(VILL) KATRENIKONA(MANDAL) EAST GODAVARI(DIST),533212,meo.katrenikona52[at]gmail[dot]com,https://kys.udiseplus.gov.in/#/schooldetail/4668445/12,4668445,17/06/2025 18:37,2480
******01407 Operational,,ZPHS VILASA,,,,Andhra Pradesh,7-Upper Pr. and Secondary,33-MPP_ZPP SCHOOLS,6 To 10,3-Co-educational,1-Rural,Ainavilli,Vilasa,,,VILASA VILASA VILASA(VILL) AINAVILLI(MANDAL) EAST GODAVARI(DIST),533577,zphs.vilasa[at]gmail[dot]com,https://kys.udiseplus.gov.in/#/schooldetail/4668196/12,4668196,19/07/2022 12:21,2480
******00509 Operational,,ZPHS VISWESWARAYAPURAM,,,,Andhra Pradesh,7-Upper Pr. and Secondary,33-MPP_ZPP SCHOOLS,6 To 10,3-Co-educational,1-Rural,Malikipuram,Visweswarayapuram,,,VISWESWARAYAPURAM VISWESWARAYAPURAM (VILL) VISWESWARAYAPURAM(VILL) MALIKIPURAM(MANDAL) EAST GODAVARI(DIST),533254,zphs.visweswarayapuram[at]gmail[dot]com,https://kys.udiseplus.gov.in/#/schooldetail/4669099/12,4669099,21/06/2025 18:45,2480
******01409 Operational,,ZPHS VODALAREVU,,,,Andhra Pradesh,7-Upper Pr. and Secondary,33-MPP_ZPP SCHOOLS,6 To 10,3-Co-educational,1-Rural,Allavaram,Bendamurulanka,,,VODALAREVU BENDAMURULANKA BENDAMURULANKA(VILL) ALLAVARAM(MANDAL) EAST GODAVARI(DIST),533210,zphs.vodalarevu[at]gmail[dot]com,https://kys.udiseplus.gov.in/#/schooldetail/4668872/12,4668872,19/12/2025 11:01,2480
******00516 Operational,,ZPHS VV MERAKA,,,,Andhra Pradesh,7-Upper Pr. and Secondary,33-MPP_ZPP SCHOOLS,6 To 10,3-Co-educational,1-Rural,Sakhinetipalle,Antarvedipalem,,,V.V.MERAKA ANTARVEDIPALEM (VILL) ANTARVEDIPALEM(VILL) SAKHINETIPALLI(MANDAL) EAST GODAVARI(DIST),533251,zphs.vvmeraka[at]gmail[dot]com,https://kys.udiseplus.gov.in/#/schooldetail/4669226/12,4669226,10/05/2022 12:39,2480
******01408 Operational,,ZPHS YEDITHA,,,,Andhra Pradesh,5-Up. Pr. Secondary and Higher Sec,33-MPP_ZPP SCHOOLS,6 To 12,3-Co-educational,1-Rural,Mandapeta,Yeditha,,,YEDITHA YEDITHA (VILL) YEDITHA(VILL) MANDAPETA(MANDAL) EAST GODAVARI(DIST),533234,zphs.yedida[at]gmail[dot]com,https://kys.udiseplus.gov.in/#/schooldetail/4666292/12,4666292,31/12/2025 16:42,2480
