udise_code,status,school_name,state,edu_district,edu_block,academic_year,school_category,school_management,class_range,school_type,school_location,lgd_block,lgd_village,lgd_ward,urban_local_body,address,pin_code,email,know_more_url,schooldetail_id,last_modified_time,total_results_hint
******00630 Operational,,(06003) CHALAPATHI JR.COLLEGE TADIKONDA,,,,Andhra Pradesh,11-Higher Secondary only/Jr. College,38-Pvt.Unaided,11 To 12,3-Co-educational,1-Rural,Tadikonda,Lam,,,CHALAPATHI JUNIOR COLLEGE LAM POST TADIKONDA MANDAL GUNTUR DISTRICT,522034,chalapathijc[at]gmail[dot]com,https://kys.udiseplus.gov.in/#/schooldetail/4679693/12,4679693,22/12/2025 10:58,2268
******00709 Operational,,(06022) VIGNAN CO-OP. JR.COLLEGE VADLAMUDI,,,,Andhra Pradesh,11-Higher Secondary only/Jr. College,38-Pvt.Unaided,11 To 12,3-Co-educational,1-Rural,Chebrole,Vadlamudi,,,VIGNAN CO.OP JUNIOR COLLEGE VADLAMUDI 522213,522213,,https://kys.udiseplus.gov.in/#/schooldetail/4681806/12,4681806,22/12/2025 12:01,2268
******00420 Permanently Closed,,(06065) SIDDHARDHA JR.COLLEGE CHINAKONDRUPADU,,,,Andhra Pradesh,11-Higher Secondary only/Jr. College,38-Pvt.Unaided,11 To 12,3-Co-educational,1-Rural,Prathipadu,Nadimpalem,,,NA,522019,,https://kys.udiseplus.gov.in/#/schooldetail/4716024/12,4716024,15/10/2020 12:18,2268
******00725 Operational,,(06080) MORNING STAR JR.COLLEGE PHIRANGIPURAM,,,,Andhra Pradesh,11-Higher Secondary only/Jr. College,38-Pvt.Unaided,11 To 12,3-Co-educational,1-Rural,Phirangipuram,Phirangipuram,,,DOOR NO 10-59 - MAIN ROAD - PHIRANGIPURAM - 522529 - GUNTUR - DIST,522529,morningstarjrcollege[at]gmail[dot]com,https://kys.udiseplus.gov.in/#/schooldetail/4680553/12,4680553,25/06/2021 15:57,2268
******00110 Operational,,(06106) GOVT. JR COLLEGE PENUMAKA TADEPALLI MANDAL,,,,Andhra Pradesh,11-Higher Secondary only/Jr. College,10-State Govt.,11 To 12,3-Co-educational,2-Urban,NA,,Tadepalli Ward No.11,Tadepalli-Municipality,PENUMAKATADEPALLI MANDAL GUNTUR DIST,522501,gjc.penumaka259131[at]gmail[dot]com,https://kys.udiseplus.gov.in/#/schooldetail/4679468/12,4679468,08/10/2024 11:02,2268
******00532 Operational,,(06139) NIRMALA JUNIOR COLLEGEKOTHA PETMANGALAGIRI,,,,Andhra Pradesh,11-Higher Secondary only/Jr. College,38-Pvt.Unaided,11 To 12,3-Co-educational,2-Urban,NA,,Mangalagiri (M) - Ward No.2,Mangalagiri-Municipality,1-236 KOTHAPETA MANGALAGIRI,522503,veesamvenkataprasad[at]gmail[dot]com,https://kys.udiseplus.gov.in/#/schooldetail/4679587/12,4679587,20/12/2025 13:20,2268
******00241 Permanently Closed,,(06140) SMT.SANAGALA PRAMEELA JR.COLLEGE NAMBUR,,,,Andhra Pradesh,11-Higher Secondary only/Jr. College,38-Pvt.Unaided,11 To 12,3-Co-educational,1-Rural,Pedakakani,Nambur,,,NA,522508,,https://kys.udiseplus.gov.in/#/schooldetail/4715939/12,4715939,15/10/2020 12:18,2268
******00531 Operational,,(06141) NARAYANA JUNIOR COLLEGEMANGALAGIRI,,,,Andhra Pradesh,11-Higher Secondary only/Jr. College,38-Pvt.Unaided,11 To 12,3-Co-educational,2-Urban,NA,,Mangalagiri (M) - Ward No.14,Mangalagiri-Municipality,TENALI ROAD-MANGALAGIRI,522503,mangalagiri.college471[at]gmail[dot]com,https://kys.udiseplus.gov.in/#/schooldetail/4679586/12,4679586,20/12/2025 13:19,2268
******90561 Operational,,(06143) VIJAYA JYOTHI JR.COLLEGE MANGALAGIRI,,,,Andhra Pradesh,11-Higher Secondary only/Jr. College,38-Pvt.Unaided,11 To 12,3-Co-educational,2-Urban,NA,,Mangalagiri (M) - Ward No.9,Mangalagiri-Municipality,"GANAPATHI NAGAR, ATMAKUR VILLAGE,MANGALAGIRI MANDAL",522503,vj.vijayajyothi[at]gmail[dot]com,https://kys.udiseplus.gov.in/#/schooldetail/4679649/12,4679649,20/12/2025 13:54,2268
******90563 Operational,,(06145) SRI NALANDA VOCL. JR. COLLELGE MANGALAGIRI GUNTUR DIST.,,,,Andhra Pradesh,11-Higher Secondary only/Jr. College,38-Pvt.Unaided,11 To 12,3-Co-educational,2-Urban,NA,,Mangalagiri (M) - Ward No.2,Mangalagiri-Municipality,"DOOR NO.1-1506,near gowtham buddha road mangalagiri mandal",522503,srinunalanda123[at]gmail[dot]com,https://kys.udiseplus.gov.in/#/schooldetail/4679653/12,4679653,20/12/2025 13:54,2268
******90562 Permanently Closed,,(06147) KOWTHA ADINARAYANA MURTY MEMORIAL JRCOLLEGE OPP. A.N.U. MENSHOSTEL NAG,,,,Andhra Pradesh,11-Higher Secondary only/Jr. College,35-Pvt.Aided,11 To 12,3-Co-educational,1-Rural,Mangalagiri,NA,,,NA,522510,,https://kys.udiseplus.gov.in/#/schooldetail/4715777/12,4715777,15/10/2020 12:18,2268
******00920 Operational,,(26002) GOVT. JR.COLLEGE CHEBROLU,,,,Andhra Pradesh,11-Higher Secondary only/Jr. College,10-State Govt.,11 To 12,3-Co-educational,1-Rural,Chebrole,Chebrolu,,,"Govt junior college , chebrole",522212,gjcprincipal1969[at]gmail[dot]com,https://kys.udiseplus.gov.in/#/schooldetail/4681084/12,4681084,20/07/2022 14:47,2268
******00922 Operational,,(26076) A.R.R.JR.COLLEGE KOLLIPARA,,,,Andhra Pradesh,11-Higher Secondary only/Jr. College,38-Pvt.Unaided,11 To 12,3-Co-educational,1-Rural,Kollipara,Kollipara,,,KOLLIPARA GUNTUR DISTRICT,522304,arrjrcollege[at]gmail[dot]com,https://kys.udiseplus.gov.in/#/schooldetail/4681375/12,4681375,16/02/2026 15:03,2268
******90764 Operational,,(26089) SUJATHA JR.COLLEGE S.V.N.COLONY IST LINE PONNUR,,,,Andhra Pradesh,11-Higher Secondary only/Jr. College,38-Pvt.Unaided,11 To 12,3-Co-educational,2-Urban,NA,,Ponnur (M) - Ward No.31,Ponnuru-Municipality,SUJATHA JUNIOR COLLEGE OPP SAHASRA LINGESWARA SWAMI TEMPLE TELAGAPALEM PONNUR GUNTUR DT 522124,522124,sjcpnr[at]gmail[dot]com,https://kys.udiseplus.gov.in/#/schooldetail/4682245/12,4682245,08/10/2024 14:56,2268
******90769 Operational,,(26102) P.B.N. COLLEGE NIDUBROLU,,,,Andhra Pradesh,11-Higher Secondary only/Jr. College,38-Pvt.Unaided,11 To 12,3-Co-educational,2-Urban,NA,,Ponnur (M) - Ward No.14,Ponnuru-Municipality,PBN COLLEGE NIDUBROLU PONNUR MANDAL GUNTUR DT 522124,522124,pbncollege18[at]gmail[dot]com,https://kys.udiseplus.gov.in/#/schooldetail/4682993/12,4682993,08/10/2024 14:57,2268
******90767 Permanently Closed,,(26105) K.S. JR. COLLEGE PONNUR,,,,Andhra Pradesh,11-Higher Secondary only/Jr. College,35-Pvt.Aided,11 To 12,3-Co-educational,2-Urban,NA,,Ponnur (M) - Ward No.19,Ponnuru-Municipality,NA,522124,,https://kys.udiseplus.gov.in/#/schooldetail/4716112/12,4716112,15/10/2020 12:18,2268
******90768 Closed,Closed,(26106) A.S.M. JR. COLLEGE FOR GIRLS PONNUR,,,,Andhra Pradesh,11-Higher Secondary only/Jr. College,35-Pvt.Aided,11 To 12,2-Girls,2-Urban,NA,,Ponnur (M) - Ward No.6,Ponnuru-Municipality,ASM GIRLS JUNIOR COLLEGE SAI NAGAR NEAR SAI BABA TEMPLE PONNUR GUNTUR DT 522124,522124,asmgjcponnur1[at]gmail[dot]com,https://kys.udiseplus.gov.in/#/schooldetail/4719195/12,4719195,10/05/2022 18:07,2268
******00875 Operational,,(26133) ST. PETERS JR.COLLEGE II TOWN POLICE STATION GANGANAMMA PET TENALI,,,,Andhra Pradesh,11-Higher Secondary only/Jr. College,38-Pvt.Unaided,11 To 12,3-Co-educational,2-Urban,NA,,Tenali (M) - Ward No.37,Tenali-Municipality,TENALI MANDAL 522201,522201,,https://kys.udiseplus.gov.in/#/schooldetail/4681599/12,4681599,22/12/2025 15:18,2268
******91078 Permanently Closed,,(26134) SRI SAI JR. COLLEGE DEVI CHOWK TENALI,,,,Andhra Pradesh,11-Higher Secondary only/Jr. College,38-Pvt.Unaided,11 To 12,3-Co-educational,2-Urban,NA,,Tenali (M) - Ward No.11,Tenali-Municipality,NA,522201,,https://kys.udiseplus.gov.in/#/schooldetail/4715996/12,4715996,15/10/2020 12:18,2268
******91079 Operational,,(26135) J.M.J. COLLEGE FOR WOMEN TENALI,,,,Andhra Pradesh,11-Higher Secondary only/Jr. College,38-Pvt.Unaided,11 To 12,2-Girls,1-Rural,Tenali,Angalakuduru,,,JMJ COLLEGE FOR WOMEN MORRIS PET TENALI-522202,522202,jmjtenali[at]gmail[dot]com,https://kys.udiseplus.gov.in/#/schooldetail/4681690/12,4681690,22/12/2025 15:57,2268
******91080 Operational,,(26136) L.V.R. VISWA JUNIOR COLLEGE TENALI,,,,Andhra Pradesh,11-Higher Secondary only/Jr. College,38-Pvt.Unaided,11 To 12,3-Co-educational,2-Urban,NA,,Tenali (M) - Ward No.40,Tenali-Municipality,OPPOSITE RTC BUS STAND OUT GATE GANGANAMMAPET TENALI,522201,lvrviswajrcollege[at]gmail[dot]com,https://kys.udiseplus.gov.in/#/schooldetail/4681691/12,4681691,22/12/2025 15:57,2268
******91081 Closed,Closed,(26138) TALUK JR. COLLEGE TENALI,,,,Andhra Pradesh,11-Higher Secondary only/Jr. College,35-Pvt.Aided,11 To 12,3-Co-educational,2-Urban,NA,,Tenali (M) - Ward No.7,Tenali-Municipality,taluka junior college near mpdo office 522201,522201,talukjuniorcollegetenali[at]gmail[dot]com,https://kys.udiseplus.gov.in/#/schooldetail/4681692/12,4681692,02/02/2023 20:55,2268
******91082 Operational,,(26139) DR.B.R.AMBEDKAR MEMORIAL JR COLLEGE TENALI,,,,Andhra Pradesh,11-Higher Secondary only/Jr. College,35-Pvt.Aided,11 To 12,3-Co-educational,2-Urban,NA,,Tenali (M) - Ward No.15,Tenali-Municipality,KRUPAVARAM COMPOUND BOSE ROAD TENALI,522201,ambedkartenali[at]gmail[dot]com,https://kys.udiseplus.gov.in/#/schooldetail/4681693/12,4681693,22/12/2025 15:57,2268
******91083 Operational,,(26141) NEHRU NIKETAN JR. COLLEGE TENALI,,,,Andhra Pradesh,11-Higher Secondary only/Jr. College,38-Pvt.Unaided,11 To 12,3-Co-educational,2-Urban,NA,,Tenali (M) - Ward No.15,Tenali-Municipality,DNO 19-2-5 19-15-33 MS PALEM TENALI,522201,nehruniketan.jrcollege[at]gmail[dot]com,https://kys.udiseplus.gov.in/#/schooldetail/4681694/12,4681694,22/12/2025 15:57,2268
******91084 Operational,,(26144) SRI CHAITANYA JUNIOR COLLEGE JAYA PRAKASH NAGAR NR II TOWN P. S. TENA,,,,Andhra Pradesh,11-Higher Secondary only/Jr. College,38-Pvt.Unaided,11 To 12,3-Co-educational,2-Urban,NA,,Tenali (M) - Ward No.40,Tenali-Municipality,DOOR NO 5-23-54 JAYAPRAKASHNAGAR TENALI,522201,srichaitanya.tenali8[at]gmail[dot]com,https://kys.udiseplus.gov.in/#/schooldetail/4681695/12,4681695,22/12/2025 15:56,2268
******91085 Operational,,(26153) V.S.R N.V.R. COLLEGE TENALI,,,,Andhra Pradesh,11-Higher Secondary only/Jr. College,38-Pvt.Unaided,11 To 12,3-Co-educational,2-Urban,NA,,Tenali (M) - Ward No.1,Tenali-Municipality,ithanagar tenali andhra pradesh,522201,principal.vsrnvr[at]gmail[dot]com,https://kys.udiseplus.gov.in/#/schooldetail/4681696/12,4681696,22/12/2025 15:56,2268
******91086 Closed,Closed,(26154) NAVODAYA JR. COLLEGE TENALI,,,,Andhra Pradesh,11-Higher Secondary only/Jr. College,38-Pvt.Unaided,11 To 12,3-Co-educational,2-Urban,NA,,Tenali (M) - Ward No.40,Tenali-Municipality,Tenali mandal tenali,522201,navodayacollege5[at]gmail[dot]com,https://kys.udiseplus.gov.in/#/schooldetail/4681702/12,4681702,21/10/2024 12:10,2268
******91087 Operational,,(26155) VIVEKA JR. COLLEGE NAZARPET TENALI,,,,Andhra Pradesh,11-Higher Secondary only/Jr. College,38-Pvt.Unaided,11 To 12,3-Co-educational,2-Urban,NA,,Tenali (M) - Ward No.8,Tenali-Municipality,TENALI MANDAL TENALI POST GUNTUR DISTRICT,522201,tenali.vjc[at]gmail[dot]com,https://kys.udiseplus.gov.in/#/schooldetail/4681703/12,4681703,16/02/2026 15:05,2268
******91089 Operational,,(26157) SRI VIVEKANANDA JR. COLLEGE FOR GIRLS TENALI,,,,Andhra Pradesh,11-Higher Secondary only/Jr. College,38-Pvt.Unaided,11 To 12,2-Girls,2-Urban,NA,,Tenali (M) - Ward No.22,Tenali-Municipality,TENALI MANDAL TENALI GUNTUR DISTRICT,522201,tenali.svjcg[at]gmail[dot]com,https://kys.udiseplus.gov.in/#/schooldetail/4680959/12,4680959,22/12/2025 15:55,2268
******91091 Operational,,(26159) SRI VIVEKANANDA JR. COLLEGE GANGAMMAPET TENALI,,,,Andhra Pradesh,11-Higher Secondary only/Jr. College,38-Pvt.Unaided,11 To 12,3-Co-educational,2-Urban,NA,,Tenali (M) - Ward No.35,Tenali-Municipality,TENALI MANDAL TENALI POST GUNTUR DISTRICT,522201,tenali.svjc[at]gmail[dot]com,https://kys.udiseplus.gov.in/#/schooldetail/4680960/12,4680960,22/12/2025 15:55,2268
******00631 Operational,,(26284) BHAGAWAN SRI SATYASAI BABA JR. COLLEGE TADIKONDA,,,,Andhra Pradesh,11-Higher Secondary only/Jr. College,35-Pvt.Aided,11 To 12,3-Co-educational,1-Rural,Tadikonda,Tadikonda,,,BHAGAWAN SRI SATYASAI BABA JUNIOR COLLEGE TADIKONDA POST TADIKONDA MANDAL 522236 GUNTUR DISTRICT,522236,bssbjc989[at]gmail[dot]com,https://kys.udiseplus.gov.in/#/schooldetail/4679694/12,4679694,22/12/2025 10:58,2268
******00209 Operational,,(26337) HARIKA JUNIOR COLLEGE REVENDRAPADU,,,,Andhra Pradesh,11-Higher Secondary only/Jr. College,38-Pvt.Unaided,11 To 12,3-Co-educational,1-Rural,Duggirala,Tummapudi,,,REVENDRAPADU VILLAGE DUGGIRALA MANDAL GUNTUR DIST,522302,annenaveenkumar[at]yahoo[dot]com,https://kys.udiseplus.gov.in/#/schooldetail/4681283/12,4681283,25/06/2021 15:21,2268
******00110 Operational,,(26338) K.N. JR. COLLEGE DUGGIRALA,,,,Andhra Pradesh,11-Higher Secondary only/Jr. College,38-Pvt.Unaided,11 To 12,3-Co-educational,1-Rural,Duggirala,Duggirala,,,NEAR SUBREGISTER OFFICE DUGGIRALA MANDAL GUNTUR DIST,522330,knjrcollege[at]gmail[dot]com,https://kys.udiseplus.gov.in/#/schooldetail/4681273/12,4681273,04/03/2024 17:13,2268
******00809 Operational,,(26363) PEDANANDIPADU COLLEGE OF ARTS SCIENCES PEDANANDIPADU,,,,Andhra Pradesh,11-Higher Secondary only/Jr. College,38-Pvt.Unaided,11 To 12,3-Co-educational,1-Rural,Pedanandipadu,Pedanandipadu,,,"Near MPDO Office, PEDANANDIPADU",522235,pas.college[at]yahoo[dot]com,https://kys.udiseplus.gov.in/#/schooldetail/4682815/12,4682815,22/12/2025 19:00,2268
******00810 Permanently Closed,,(26364) PRATHIBHA JR.COLLEGE PEDANANDIPADU,,,,Andhra Pradesh,11-Higher Secondary only/Jr. College,38-Pvt.Unaided,11 To 12,3-Co-educational,1-Rural,Pedanandipadu,Pedanandipadu,,,NA,522235,,https://kys.udiseplus.gov.in/#/schooldetail/4716104/12,4716104,15/10/2020 12:18,2268
******00421 Closed,Closed,(26365) SMS & NL JR. COLLEGE PRATHIPADU,,,,Andhra Pradesh,11-Higher Secondary only/Jr. College,38-Pvt.Unaided,11 To 12,3-Co-educational,1-Rural,Prathipadu,Prathipadu,,,"NEAR MPDO OFFICE,PARCHUR ROAD,PRATHIPADU",522019,smsandnl1982[at]gmail[dot]com,https://kys.udiseplus.gov.in/#/schooldetail/4716025/12,4716025,22/08/2025 16:36,2268
******00314 Operational,,(26439) GOVT. JR.COLLEGE SIRIPURAM,,,,Andhra Pradesh,11-Higher Secondary only/Jr. College,10-State Govt.,11 To 12,3-Co-educational,1-Rural,Medikonduru,Siripuram,,,NEAR SIVALAYAM TEMPLE GARNEPUDI ROAD SIRIPPURAM POST MEDIKONDURU MANDAL 522401,522001,prlgjcsrpm2282120[at]gmail[dot]com,https://kys.udiseplus.gov.in/#/schooldetail/4680600/12,4680600,23/12/2025 10:28,2268
******91038 Closed,Closed,AAES CHINARAVURU,,,,Andhra Pradesh,1-Primary,35-Pvt.Aided,1 To 5,3-Co-educational,2-Urban,NA,,Tenali (M) - Ward No.13,Tenali-Municipality,13th WARD CHINARAVUR TENALI (M)(VILL) TENALI(MANDAL) GUNTUR(DIST),522201,,https://kys.udiseplus.gov.in/#/schooldetail/4681666/12,4681666,10/05/2022 19:55,2268
******00395 Permanently Closed,,AAKSHA KIDS ENGLISH MEDIUM SCHOOL,,,,Andhra Pradesh,2-Primary with Upper Primary,61-Unrecognised Schools,1 To 7,3-Co-educational,2-Urban,NA,,Guntur (M Corp.) - Ward No.5,Guntur-Municipal Corporations,NA,522002,,https://kys.udiseplus.gov.in/#/schooldetail/4715864/12,4715864,15/10/2020 12:18,2268
******90722 Closed,Closed,ABCM AIDED UPS 1 W,,,,Andhra Pradesh,1-Primary,35-Pvt.Aided,1 To 5,3-Co-educational,2-Urban,NA,,Ponnur (M) - Ward No.1,Ponnuru-Municipality,ABCM AIDED ELE SCHOOL BHAVANAGAR COLONY NEAR FIRE STATION PONNUR PONNUR MANDAL GUNTUR DT-522124,522124,abcmup[at]gmail[dot]com,https://kys.udiseplus.gov.in/#/schooldetail/4682969/12,4682969,10/05/2022 18:09,2268
******01011 Operational,,"ABHIGNA ENGLISH MEDIUM SCHOOL , REVENDRAPADU",,,,Andhra Pradesh,6-Pr. Up Pr. and Secondary Only,38-Pvt.Unaided,1 To 10,3-Co-educational,1-Rural,Duggirala,Tummapudi,,,"ABHIGNA ENGLISH MEDIUM SCHOOL, REVENDRAPADU VILLAGE, DUGGIRALA MANDAL, GUNTUR DISTRICT, AP, INDIA",522302,vijaykumarmannava865[at]gmail[dot]com,https://kys.udiseplus.gov.in/#/schooldetail/4721430/12,4721430,21/07/2025 17:14,2268
******00681 Operational,,ABHYUDAYA MAHILA JR.COLLEGE GUNTUR,,,,Andhra Pradesh,11-Higher Secondary only/Jr. College,38-Pvt.Unaided,11 To 12,3-Co-educational,2-Urban,NA,,Guntur (M Corp.) - Ward No.32,Guntur-Municipal Corporations,3rd lane lakshmipuram guntur,522006,bsrkprasad_--[at]gmail[dot]com,https://kys.udiseplus.gov.in/#/schooldetail/4680015/12,4680015,05/01/2026 15:11,2268
******00405 Closed,Closed,ACHARYA JUNIOR COLLEGE,,,,Andhra Pradesh,11-Higher Secondary only/Jr. College,38-Pvt.Unaided,11 To 12,3-Co-educational,2-Urban,NA,,Tadepalli Ward No.18,Tadepalli-Municipality,KUNCHANAPALLITADEPALLIMANDALGUNTUR DIST522501,522501,acharyajuniorcollege[at]gmail[dot]com,https://kys.udiseplus.gov.in/#/schooldetail/4720063/12,4720063,18/09/2025 12:09,2268
******00563 Operational,,ACME SCHOOL,,,,Andhra Pradesh,6-Pr. Up Pr. and Secondary Only,39-Pvt.Unaided (CBSE Syllabus),1 To 10,3-Co-educational,2-Urban,NA,,Guntur Ward No. 58,Guntur-Municipal Corporations,"pothur, guntur mandal ap",522005,,https://kys.udiseplus.gov.in/#/schooldetail/4720976/12,4720976,20/12/2025 12:17,2268
******00858 Operational,,ADARSA HS TENALI,,,,Andhra Pradesh,6-Pr. Up Pr. and Secondary Only,38-Pvt.Unaided,1 To 10,3-Co-educational,2-Urban,NA,,Tenali (M) - Ward No.26,Tenali-Municipality,CHENCHU PETA TENALI TOWN TENALI(U)(VILL) TENALI(MANDAL) GUNTUR(DIST),522201,adarsh.tenali[at]gmail[dot]com,https://kys.udiseplus.gov.in/#/schooldetail/4681586/12,4681586,22/12/2025 15:15,2268
******02089 Operational,,ADARSH ENGLISH MEDIUM SCHOOL,,,,Andhra Pradesh,6-Pr. Up Pr. and Secondary Only,38-Pvt.Unaided,1 To 10,3-Co-educational,1-Rural,Chebrole,Chebrolu,,,9-271 GUNTUR ROAD VADLAMUDI,522213,adarshemhs[at]gmail[dot]com,,,10/12/2025 15:57,2268
******00880 Operational,,"ADARSH ENGLISH MEDIUM SCHOOL, KHAZIPET, TENALI",,,,Andhra Pradesh,2-Primary with Upper Primary,38-Pvt.Unaided,1 To 7,3-Co-educational,1-Rural,Tenali,Kolakaluru,,,khajipeta kolakaluru tenali mandal rural,522307,,https://kys.udiseplus.gov.in/#/schooldetail/4721314/12,4721314,22/12/2025 15:07,2268
******91506 Operational,,ADITYA PUBLIC SCHOOL BALAJI NAGAR GUNTUR,,,,Andhra Pradesh,6-Pr. Up Pr. and Secondary Only,38-Pvt.Unaided,1 To 10,3-Co-educational,2-Urban,NA,,Guntur (M Corp.) - Ward No.5,Guntur-Municipal Corporations,7TH LINE BALAJINAGAR OLD GUNTUR,522001,nikhilmalempty[at]gmail[dot]com,https://kys.udiseplus.gov.in/#/schooldetail/4680378/12,4680378,20/12/2025 12:42,2268
******01982 Operational,,ADITYA UPPER PRIMARY SCHOOL BALAJI NAGAR,,,,Andhra Pradesh,2-Primary with Upper Primary,38-Pvt.Unaided,1 To 7,3-Co-educational,2-Urban,GUNTUR EAST,,Guntur (M Corp.) - Ward No.5,Guntur-Municipal Corporations,"BALAJI NAGAR ,OLD GUNTUR-522002,GUNTUR",522001,,,,20/12/2025 12:18,2268
******00945 Operational,,AFIA E MADARSA,,,,Andhra Pradesh,1-Primary,98-Madarsa Unrecognized,1 To 5,3-Co-educational,2-Urban,NA,,Guntur (M Corp.) - Ward No.5,Guntur-Municipal Corporations,SUDDAPALLI DONKA / PRAGATHI NAGAR 6TH DIVISION / OLD GUNTUR,522001,gunturmeo[at]gmail[dot]com,https://kys.udiseplus.gov.in/#/schooldetail/4719133/12,4719133,20/12/2025 12:10,2268
******91076 Operational,,AGKSM PS CHINARAVURU,,,,Andhra Pradesh,1-Primary,34-MUNCIPAL,1 To 5,3-Co-educational,2-Urban,NA,,Tenali (M) - Ward No.12,Tenali-Municipality,NEAR CHINARAVUR RAILWAY STATION,522201,pnandakumar7096[at]gmail[dot]com,https://kys.udiseplus.gov.in/#/schooldetail/4681688/12,4681688,22/12/2025 15:58,2268
******90717 Closed,Closed,A H AIDED ELE S DUFFPET,,,,Andhra Pradesh,1-Primary,35-Pvt.Aided,1 To 5,3-Co-educational,2-Urban,NA,,Ponnur (M) - Ward No.6,Ponnuru-Municipality,AH AIDED ELEMENTARY SCHOOL DUFFPET PONNUR PONNUR MANDAL GUNTUR DT-522124,522124,nagavenisajja[at]gmail[dot]com,https://kys.udiseplus.gov.in/#/schooldetail/4682966/12,4682966,10/05/2022 18:26,2268
******90715 Operational,,AIDED HINDU ELE S)MVK),,,,Andhra Pradesh,1-Primary,35-Pvt.Aided,1 To 5,3-Co-educational,2-Urban,NA,,Ponnur (M) - Ward No.29,Ponnuru-Municipality,BRAHMIN STREET PONNURU MUNCIPALITY PONNURU(MANDAL) GUNTUR(DIST),522124,Mvk.a.h.el.school23[at]gmail[dot]com,https://kys.udiseplus.gov.in/#/schooldetail/4682964/12,4682964,08/10/2024 14:36,2268
******00706 Operational,,AIDED HS GOTTIPADU,,,,Andhra Pradesh,1-Primary,35-Pvt.Aided,1 To 5,3-Co-educational,1-Rural,Prathipadu,Gottipadu,,,GOTTIPADU GOTTIPADU GOTTIPADU(VILL) PRATHIPADU(MANDAL) GUNTUR(DIST),522019,nag50.gutta[at]gmail[dot]com,https://kys.udiseplus.gov.in/#/schooldetail/4681911/12,4681911,22/12/2025 20:03,2268
******00610 Closed,Closed,AIDED VV PS TADIKONDA,,,,Andhra Pradesh,1-Primary,35-Pvt.Aided,1 To 5,3-Co-educational,1-Rural,Tadikonda,Tadikonda,,,TADIKONDA TADI KONDA TADIKONDA(VILL) TADIKONDA(MANDAL) GUNTUR(DIST),522236,tksprasad[at]gmail[dot]com,https://kys.udiseplus.gov.in/#/schooldetail/4679678/12,4679678,09/05/2022 16:54,2268
******00535 Operational,,AIMEE INTERNATIONAL SCHOOL,,,,Andhra Pradesh,6-Pr. Up Pr. and Secondary Only,38-Pvt.Unaided,1 To 10,3-Co-educational,2-Urban,NA,,Tadepalli Ward No.13,Tadepalli-Municipality,"GUNDEMEDA ROAD,PRATHURU",522501,info[at]schoolaimee[dot]in,https://kys.udiseplus.gov.in/#/schooldetail/4720931/12,4720931,08/10/2024 11:03,2268
******90565 Closed,Closed,AKSHARA BHARATHI VIDYALAYAM,,,,Andhra Pradesh,2-Primary with Upper Primary,38-Pvt.Unaided,1 To 7,3-Co-educational,2-Urban,NA,,Mangalagiri (M) - Ward No.18,Mangalagiri-Municipality,DNO 10-80BOSU BOMMA CENTEROLD MANGALGIRI,522503,aksharabharathi.mgl[at]gmail[dot]com,https://kys.udiseplus.gov.in/#/schooldetail/4679654/12,4679654,10/10/2025 12:34,2268
******00826 Operational,,AKSHARA GV KRP RD,,,,Andhra Pradesh,6-Pr. Up Pr. and Secondary Only,38-Pvt.Unaided,1 To 10,3-Co-educational,2-Urban,NA,,Tenali (M) - Ward No.14,Tenali-Municipality,KAVIRAJA PARK ROAD TENALI TOWN TENALI(U)(VILL) TENALI(MANDAL) GUNTUR(DIST),522201,aksharageethavidhyanikethan[at]gmail[dot]com,https://kys.udiseplus.gov.in/#/schooldetail/4681577/12,4681577,22/12/2025 14:58,2268
******00117 Operational,,AKSHARA JYOTHI V.N EM.PS,,,,Andhra Pradesh,2-Primary with Upper Primary,38-Pvt.Unaided,1 To 7,3-Co-educational,1-Rural,Tenali,Kolakaluru,,,KOLAKALUR KOLAKALUR KOLAKALUR(VILL) TENALI(MANDAL) GUNTUR(DIST),522307,venkateswarlubharthepudi[at]gmail[dot]com,https://kys.udiseplus.gov.in/#/schooldetail/4681518/12,4681518,22/12/2025 14:39,2268
******00504 Operational,,AKSHARASADHANA SCHOOL,,,,Andhra Pradesh,2-Primary with Upper Primary,38-Pvt.Unaided,1 To 7,3-Co-educational,1-Rural,Pedakakani,Agatha Varappadu,,,GADDIPADU AGATHAVARAPPADU AGATHAVARAPPADU(VILL) PEDAKAKANI(MANDAL) GUNTUR(DIST),522001,ankamdasu[at]gmail[dot]com,https://kys.udiseplus.gov.in/#/schooldetail/4681248/12,4681248,22/12/2025 14:12,2268
******91106 Permanently Closed,,AKSHARA SMART SCHOOL TENALI,,,,Andhra Pradesh,1-Primary,38-Pvt.Unaided,1 To 5,3-Co-educational,2-Urban,NA,,Tenali (M) - Ward No.39,Tenali-Municipality,NA,522201,,https://kys.udiseplus.gov.in/#/schooldetail/4716000/12,4716000,15/10/2020 12:18,2268
******00332 Operational,,AKSHARA VIDYALAYAM BRUNDAVAN GARDENS GUNTUR,,,,Andhra Pradesh,6-Pr. Up Pr. and Secondary Only,38-Pvt.Unaided,1 To 10,3-Co-educational,2-Urban,NA,,Guntur (M Corp.) - Ward No.35,Guntur-Municipal Corporations,4/2 BRUNDAVAN GARDENS GUNTUR,522006,bhimanathamperireddy2[at]gmail[dot]com,https://kys.udiseplus.gov.in/#/schooldetail/4680694/12,4680694,20/12/2025 12:17,2268
******00423 Operational,,AKSHAYAA VIDYALAYAM,,,,Andhra Pradesh,6-Pr. Up Pr. and Secondary Only,38-Pvt.Unaided,1 To 10,3-Co-educational,1-Rural,Prathipadu,Prathipadu,,,near RTC busstand prathipadu,522019,sreevallichowdary99[at]gmail[dot]com,https://kys.udiseplus.gov.in/#/schooldetail/4681898/12,4681898,23/12/2025 14:57,2268
******00890 Permanently Closed,,AKSHAYA TALENT SCHOOL,,,,Andhra Pradesh,2-Primary with Upper Primary,38-Pvt.Unaided,1 To 7,3-Co-educational,2-Urban,NA,,Tenali (M) - Ward No.25,Tenali-Municipality,NA,522201,,https://kys.udiseplus.gov.in/#/schooldetail/4715986/12,4715986,15/10/2020 12:18,2268
******01143 Operational,,AL FALAAH ENGLISH MEDIUM SCHOOL,,,,Andhra Pradesh,2-Primary with Upper Primary,38-Pvt.Unaided,1 To 7,3-Co-educational,2-Urban,GUNTUR EAST,,Guntur (M Corp.) - Ward No.30,Guntur-Municipal Corporations,18-19-137 bara imam panja guntur,522003,saif3shadab[at]gmail[dot]com,https://kys.udiseplus.gov.in/#/schooldetail/4721660/12,4721660,20/12/2025 12:20,2268
******01908 Operational,,ALIF MODEL SCHOOL,,,,Andhra Pradesh,2-Primary with Upper Primary,38-Pvt.Unaided,1 To 7,3-Co-educational,2-Urban,GUNTUR EAST,,Guntur (M Corp.) - Ward No.8,Guntur-Municipal Corporations,"P V THOTA 6 TH LINE ,RTC BUS STAND 522001 GUNTUR",522001,,,,20/12/2025 12:19,2268
******91486 Operational,,ALLEN EM HIGH SCHOOL,,,,Andhra Pradesh,6-Pr. Up Pr. and Secondary Only,38-Pvt.Unaided,1 To 10,3-Co-educational,2-Urban,NA,,Guntur (M Corp.) - Ward No.48,Guntur-Municipal Corporations,VIDYANAGAR 4/2 GUNTUR-522007,522007,allenguntur18[at]gmail[dot]com,https://kys.udiseplus.gov.in/#/schooldetail/4681109/12,4681109,20/12/2025 12:17,2268
******00206 Operational,,AL-MIZAN SCHOOL,,,,Andhra Pradesh,2-Primary with Upper Primary,38-Pvt.Unaided,1 To 7,3-Co-educational,2-Urban,NA,,Tadepalli Ward No.9,Tadepalli-Municipality,NULAKAPETKRISHNA NAGAR TADEPALLI MANDALGUNTUR DIST522501,522501,info[at]almizaninternationalschool[dot]com,https://kys.udiseplus.gov.in/#/schooldetail/4719090/12,4719090,25/09/2024 13:00,2268
******00912 Closed,Closed,AMBEDKAR BJJR CHEBROLU,,,,Andhra Pradesh,4-Upper Primary only,35-Pvt.Aided,6 To 8,3-Co-educational,1-Rural,Chebrole,Chebrolu,,,CHEBROLE CHEBROLE CHEBROLE(VILL) CHEBROLU(MANDAL) GUNTUR(DIST),522212,abmhs_cbl[at]yahoo[dot]co[dot]in,https://kys.udiseplus.gov.in/#/schooldetail/4681817/12,4681817,10/05/2022 17:32,2268
******00396 Operational,,AMERICAN MERITS ENGLISH MEDUM SCHOOL LAKSHMI NAGAR COLONY,,,,Andhra Pradesh,2-Primary with Upper Primary,38-Pvt.Unaided,1 To 7,3-Co-educational,2-Urban,NA,,Guntur (M Corp.) - Ward No.27,Guntur-Municipal Corporations,VIP ROAD/Lal Puram Road Guntur 4,522004,asognt[at]gmail[dot]com,https://kys.udiseplus.gov.in/#/schooldetail/4679978/12,4679978,20/12/2025 12:18,2268
******00528 Operational,,Amigos Kids School,,,,Andhra Pradesh,2-Primary with Upper Primary,38-Pvt.Unaided,1 To 7,3-Co-educational,2-Urban,NA,,Mangalagiri (M) - Ward No.10,Mangalagiri-Municipality,"10th ward, salivahana nagar, mangalagiri",522503,amigoskidschool[at]gmail[dot]com,https://kys.udiseplus.gov.in/#/schooldetail/4679583/12,4679583,20/12/2025 13:18,2268
******00872 Operational,,AMIRINENI-IIT CONCEPT,,,,Andhra Pradesh,6-Pr. Up Pr. and Secondary Only,38-Pvt.Unaided,1 To 10,3-Co-educational,2-Urban,NA,,Tenali (M) - Ward No.11,Tenali-Municipality,BAGAVATULA VARI STREET RAMALINGESWARA PET TENALI GUNTUR-522201,522201,saipriya63733[at]gmail[dot]com,https://kys.udiseplus.gov.in/#/schooldetail/4681597/12,4681597,22/12/2025 15:17,2268
******90709 Operational,,AMSM ELE RAILPET,,,,Andhra Pradesh,1-Primary,34-MUNCIPAL,1 To 5,3-Co-educational,2-Urban,NA,,Ponnur (M) - Ward No.9,Ponnuru-Municipality,9th WARD RAILPETA NIDUBROLU PONNURU(MUNCIPALITY) GUNTUR(DIST),522124,amsmelerailpet709[at]gmail[dot]com,https://kys.udiseplus.gov.in/#/schooldetail/4682958/12,4682958,25/09/2024 12:39,2268
******00668 Operational,,ANDHRA CHRISTIAN COLLEGE GUNTUR,,,,Andhra Pradesh,11-Higher Secondary only/Jr. College,38-Pvt.Unaided,11 To 12,3-Co-educational,2-Urban,NA,,Guntur (M Corp.) - Ward No.11,Guntur-Municipal Corporations,Sambasivapet Main Road Guntur,522001,accollegeguntur[at]ymail[dot]com,https://kys.udiseplus.gov.in/#/schooldetail/4680006/12,4680006,20/12/2025 12:00,2268
******00671 Operational,,ANDHRA MUSLIM JR.COLLEGE PONNUR ROADGUNTUR,,,,Andhra Pradesh,11-Higher Secondary only/Jr. College,38-Pvt.Unaided,11 To 12,3-Co-educational,2-Urban,NA,,Guntur (M Corp.) - Ward No.6,Guntur-Municipal Corporations,ANDHRA MUSLIM JR.COLLEGE PONNUR ROAD GUNTUR,522001,amjuniorcollege[at]gmail[dot]com,https://kys.udiseplus.gov.in/#/schooldetail/4719120/12,4719120,20/12/2025 12:02,2268
******00726 Closed,Closed,"ANGEL SCHOOL,DEENAPUR PHIRANGIPURAM",,,,Andhra Pradesh,6-Pr. Up Pr. and Secondary Only,38-Pvt.Unaided,1 To 10,3-Co-educational,1-Rural,Phirangipuram,Phirangipuram,,,PHIRANGIPURAM1,522529,pro[at]emmigroup[dot]com,https://kys.udiseplus.gov.in/#/schooldetail/4680554/12,4680554,15/10/2020 12:18,2268
******00632 Operational,,ANJUMAN-E-ISLAMIYA HS,,,,Andhra Pradesh,7-Upper Pr. and Secondary,38-Pvt.Unaided,6 To 10,3-Co-educational,2-Urban,NA,,Guntur (M Corp.) - Ward No.15,Guntur-Municipal Corporations,PONNUR ROAD GUNTUR GUNTUR (U)(VILL) GUNTUR(MANDAL) GUNTUR(DIST),522003,anjumanschools444[at]gmail[dot]com,https://kys.udiseplus.gov.in/#/schooldetail/4680768/12,4680768,20/12/2025 11:59,2268
******00313 Operational,,ANNAPURNA DEVI AIDED ELE,,,,Andhra Pradesh,1-Primary,35-Pvt.Aided,1 To 5,3-Co-educational,2-Urban,NA,,Tadepalli Ward No.20,Tadepalli-Municipality,SITANAGARAM TADEPALLI TADEPALLI(VILL) THADEPALLE(MANDAL) GUNTUR(DIST),522501,mvl021965[at]gmail[dot]com,https://kys.udiseplus.gov.in/#/schooldetail/4679488/12,4679488,08/10/2024 12:01,2268
******00631 Operational,,ANUMAN-E-ISLAMIYA PS,,,,Andhra Pradesh,1-Primary,38-Pvt.Unaided,1 To 5,3-Co-educational,2-Urban,NA,,Guntur (M Corp.) - Ward No.15,Guntur-Municipal Corporations,PONNURU ROAD GUNTUR GUNTUR (U)(VILL) GUNTUR(MANDAL) GUNTUR(DIST),522003,shahinamohammed5[at]gmail[dot]com,https://kys.udiseplus.gov.in/#/schooldetail/4680767/12,4680767,20/12/2025 11:59,2268
******00311 Operational,,ANURADHA SCHOOL BRODIPET 4TH LINE,,,,Andhra Pradesh,2-Primary with Upper Primary,38-Pvt.Unaided,1 To 8,3-Co-educational,2-Urban,NA,,Guntur (M Corp.) - Ward No.37,Guntur-Municipal Corporations,brodipet 4/19 guntur 2,522002,,https://kys.udiseplus.gov.in/#/schooldetail/4680677/12,4680677,20/12/2025 12:18,2268
******00313 Permanently Closed,,ANURADHA SCHOOL BRODIPET FOURTH LINE,,,,Andhra Pradesh,6-Pr. Up Pr. and Secondary Only,38-Pvt.Unaided,1 To 10,3-Co-educational,2-Urban,NA,,Guntur (M Corp.) - Ward No.30,Guntur-Municipal Corporations,NA,522001,,https://kys.udiseplus.gov.in/#/schooldetail/4715846/12,4715846,15/10/2020 12:18,2268
******90751 Operational,,AP HIGH SCHOOL R PET,,,,Andhra Pradesh,6-Pr. Up Pr. and Secondary Only,38-Pvt.Unaided,1 To 10,3-Co-educational,2-Urban,NA,,Ponnur (M) - Ward No.10,Ponnuru-Municipality,AP HIGH SCHOOL RAIL PET NIDUBROLU PONNURU (MNDL) PONNURU (M) GUNTUR(DIST)-522124,522124,aphighschoolnidubrole[at]gmail[dot]com,https://kys.udiseplus.gov.in/#/schooldetail/4682986/12,4682986,08/10/2024 14:50,2268
******01035 Operational,,APPLE CONCEPT SCHOOL,,,,Andhra Pradesh,6-Pr. Up Pr. and Secondary Only,38-Pvt.Unaided,1 To 10,3-Co-educational,1-Rural,Medikonduru,Pericherla,,,PERICHERLA PERECHERLA PERICHERLA(VILL) MEDIKONDURU(MANDAL) GUNTUR(DIST),522005,-appleemhighschool[at]gmail[dot]com,https://kys.udiseplus.gov.in/#/schooldetail/4680649/12,4680649,23/12/2025 11:28,2268
******00931 Operational,,APPLE EM SCHOOL,,,,Andhra Pradesh,2-Primary with Upper Primary,38-Pvt.Unaided,1 To 7,3-Co-educational,2-Urban,NA,,Guntur (M Corp.) - Ward No.33,Guntur-Municipal Corporations,"Maruthinagar ,Mainroad Ricemill line guntur",522006,guntur.powerpetacrc[at]gmail[dot]com,https://kys.udiseplus.gov.in/#/schooldetail/4680792/12,4680792,20/12/2025 12:18,2268
******91119 Closed,Closed,APPLE EM SCHOOL NEAR YEDLA LINGAIAH RAILWWAY GATE BALAJIRAO,,,,Andhra Pradesh,2-Primary with Upper Primary,38-Pvt.Unaided,1 To 7,3-Co-educational,2-Urban,NA,,Tenali (M) - Ward No.33,Tenali-Municipality,YEDLA LINGAIAH RAILWWAY GATE BALAJIRAO,522202,,https://kys.udiseplus.gov.in/#/schooldetail/4681714/12,4681714,25/06/2021 19:05,2268
******00615 Operational,,APRES HS TADIKONDA,,,,Andhra Pradesh,6-Pr. Up Pr. and Secondary Only,12-APREI Society Schools,5 To 10,1-Boys,1-Rural,Tadikonda,Tadikonda,,,TADIKONDA TADI KONDA TADIKONDA(VILL) TADIKONDA(MANDAL) GUNTUR(DIST),522236,aprschooltdk[at]gmail[dot]com,https://kys.udiseplus.gov.in/#/schooldetail/4679682/12,4679682,22/12/2025 10:52,2268
******00695 Operational,,A.P.RES. JR.COLLEGE URDU (BOYS) LALAPETGUNTUR,,,,Andhra Pradesh,11-Higher Secondary only/Jr. College,12-APREI Society Schools,11 To 12,1-Boys,2-Urban,NA,,Guntur (M Corp.) - Ward No.3,Guntur-Municipal Corporations,52-261Nandi velugu road Old Guntur Guntur,522001,gnt.aprjc.guntur.mb[at]apschooledu[dot]in,https://kys.udiseplus.gov.in/#/schooldetail/4719123/12,4719123,20/12/2025 12:05,2268
******91394 Operational,,APRS MINORITY GIRLS(EM),,,,Andhra Pradesh,6-Pr. Up Pr. and Secondary Only,12-APREI Society Schools,5 To 10,2-Girls,2-Urban,NA,,Guntur (M Corp.) - Ward No.19,Guntur-Municipal Corporations,D NO -70-15-1752 19TH WARD SANGADIGUNTA PONNUR ROAD GUNTUR,522003,aprgirlsoldguntur[at]gmail[dot]com,https://kys.udiseplus.gov.in/#/schooldetail/4681069/12,4681069,20/12/2025 13:06,2268
******91273 Operational,,APRS URDU(B) LALAPET,,,,Andhra Pradesh,6-Pr. Up Pr. and Secondary Only,12-APREI Society Schools,5 To 10,1-Boys,2-Urban,NA,,Guntur (M Corp.) - Ward No.2,Guntur-Municipal Corporations,NANDIVELUGU ROAD GUNTUR (CORP.)-2(VILL) GUNTUR(MANDAL) GUNTUR(DIST)-522001,522001,aprsurduboysguntur[at]gmail[dot]com,https://kys.udiseplus.gov.in/#/schooldetail/4680996/12,4680996,20/12/2025 13:04,2268
******00620 Operational,,APSW RESIDENTIAL SCHOOL FOR BOYS,,,,Andhra Pradesh,6-Pr. Up Pr. and Secondary Only,24-APSWREI Society Schools,5 To 10,1-Boys,1-Rural,Tadikonda,Tadikonda,,,"APSW TADIKONDA,tadikonda",522236,apswrs30715[at]gmail[dot]com,https://kys.udiseplus.gov.in/#/schooldetail/4679688/12,4679688,22/12/2025 10:53,2268
******00216 Operational,,APSWR SCHOOL ADAVITAKKELLAPADU NEAR ADAVITAKKELLAPADU,,,,Andhra Pradesh,3-Pr. with Up.Pr. Sec. and H.Sec.,24-APSWREI Society Schools,5 To 12,1-Boys,2-Urban,NA,,Guntur Ward No. 56,Guntur-Municipal Corporations,main road ADAVITHAKKELLAPADU,522006,atpadu.30724[at]gmail[dot]com,https://kys.udiseplus.gov.in/#/schooldetail/4680667/12,4680667,20/12/2025 12:19,2268
******00349 Operational,,"AP TRIBAL WELFARE RESIDENTIAL SCHOOL BOYS, ADAVITHAKKELLAPADU, GUNTUR",,,,Andhra Pradesh,6-Pr. Up Pr. and Secondary Only,27-APTWREI Society Schools,1 To 10,1-Boys,2-Urban,NA,,Guntur (M Corp.) - Ward No.25,Guntur-Municipal Corporations,APTWR SCHOOL BOYS 13TH LINE AT AGRAHARAM GUNTUR,522004,rsb.gnt[at]gmail[dot]com,https://kys.udiseplus.gov.in/#/schooldetail/4680710/12,4680710,20/12/2025 12:18,2268
******91123 Operational,,A.P.T.W.R.S BOYS SCHOOL TENALI,,,,Andhra Pradesh,6-Pr. Up Pr. and Secondary Only,27-APTWREI Society Schools,1 To 10,3-Co-educational,2-Urban,NA,,Tenali (M) - Ward No.10,Tenali-Municipality,NEAR ONE TOWN POLICE STATION,522201,rsboystenali[at]gmail[dot]com,https://kys.udiseplus.gov.in/#/schooldetail/4681718/12,4681718,22/12/2025 15:12,2268
******91122 Operational,,A.P.T.W.R.S GIRLS SCHOOL TENALI,,,,Andhra Pradesh,6-Pr. Up Pr. and Secondary Only,27-APTWREI Society Schools,1 To 10,2-Girls,2-Urban,NA,,Tenali (M) - Ward No.23,Tenali-Municipality,Morispeta R R Nagar Tenali 522202,522202,aptwrs.g.tenali[at]gmail[dot]com,https://kys.udiseplus.gov.in/#/schooldetail/4681717/12,4681717,22/12/2025 15:13,2268
******00260 Operational,,AQSA ENGLISH MEDIUM SCHOOL,,,,Andhra Pradesh,2-Primary with Upper Primary,38-Pvt.Unaided,1 To 7,3-Co-educational,2-Urban,NA,,Guntur (M Corp.) - Ward No.38,Guntur-Municipal Corporations,ANANDHAPET GUNTUR URBAN,522001,samiyamd[at]gmail[dot]com,https://kys.udiseplus.gov.in/#/schooldetail/4720671/12,4720671,20/12/2025 12:22,2268
******00618 Permanently Closed,,ARABIA BASEERATUL ULOOM MADARASA,,,,Andhra Pradesh,1-Primary,98-Madarsa Unrecognized,1 To 5,3-Co-educational,2-Urban,NA,,Guntur (M Corp.) - Ward No.10,Guntur-Municipal Corporations,NA,522003,,https://kys.udiseplus.gov.in/#/schooldetail/4715866/12,4715866,15/10/2020 12:18,2268
******00619 Permanently Closed,,ARABIA SIDDIQUIA MADARASA,,,,Andhra Pradesh,1-Primary,98-Madarsa Unrecognized,1 To 5,3-Co-educational,2-Urban,NA,,Guntur (M Corp.) - Ward No.9,Guntur-Municipal Corporations,NA,522003,,https://kys.udiseplus.gov.in/#/schooldetail/4715867/12,4715867,15/10/2020 12:18,2268
******00706 Operational,,ARAVANDA PS V MUDI,,,,Andhra Pradesh,1-Primary,38-Pvt.Unaided,1 To 5,3-Co-educational,1-Rural,Chebrole,Vadlamudi,,,"VADLAMUDI , VADLAMUDI VADLAMUDI(VILL) CHEBROLU(MANDAL) GUNTUR(DIST)",522213,Sra.susmi[at]gmail[dot]com,https://kys.udiseplus.gov.in/#/schooldetail/4681799/12,4681799,22/12/2025 12:01,2268
******00011 Operational,,ARAVINDA HIGH SCHOOL,,,,Andhra Pradesh,6-Pr. Up Pr. and Secondary Only,39-Pvt.Unaided (CBSE Syllabus),1 To 10,3-Co-educational,2-Urban,NA,,Tadepalli Ward No .1,Tadepalli-Municipality,KUNCHANAPALLITADEPALLI MANDAL GUNTURDIST522501,522501,office[at]aravindahighschool[dot]com,https://kys.udiseplus.gov.in/#/schooldetail/4720585/12,4720585,08/10/2024 11:09,2268
******00403 Operational,,ARAVINDA HS TADEP0ALLI,,,,Andhra Pradesh,7-Upper Pr. and Secondary,38-Pvt.Unaided,6 To 10,3-Co-educational,2-Urban,NA,,Tadepalli Ward No.23,Tadepalli-Municipality,ARAVINDA RAJA NAGAR KUNCHANAPALLI(VILL) TADEPALLI(MANDAL) GUNTUR(DIST),522501,aravindaudise2[at]gmail[dot]com,https://kys.udiseplus.gov.in/#/schooldetail/4679514/12,4679514,08/10/2024 12:19,2268
******00612 Operational,,ARAVINDA LITTLE EM SCHOOL,,,,Andhra Pradesh,2-Primary with Upper Primary,38-Pvt.Unaided,1 To 7,3-Co-educational,1-Rural,Chebrole,Sekuru,,,"SEKUR CHEBBROLE , CHEBROLE",522213,aravindalittles.2018[at]gmail[dot]com,https://kys.udiseplus.gov.in/#/schooldetail/4719166/12,4719166,22/12/2025 11:59,2268
******90535 Operational,,ARAVINDA MODEL MGL,,,,Andhra Pradesh,6-Pr. Up Pr. and Secondary Only,38-Pvt.Unaided,1 To 10,3-Co-educational,2-Urban,NA,,Mangalagiri (M) - Ward No.30,Mangalagiri-Municipality,NIDAMARRU ROAD MANGALAGIRI MANGALAGIRI (M)(VILL) MANGALAGIRI(MANDAL) GUNTUR(DIST),522503,aravindaahs[at]gmail[dot]com,https://kys.udiseplus.gov.in/#/schooldetail/4678961/12,4678961,20/12/2025 13:56,2268
******00404 Operational,,ARAVINDA SCHOOL KPALLI,,,,Andhra Pradesh,1-Primary,38-Pvt.Unaided,1 To 5,3-Co-educational,2-Urban,NA,,Tadepalli Ward No.3,Tadepalli-Municipality,KUNCHANAPALLI KUNCHANAPALLI KUNCHANAPALLI(VILL) THADEPALLE(MANDAL) GUNTUR(DIST),522501,aravindarainbow[at]gmail[dot]com,https://kys.udiseplus.gov.in/#/schooldetail/4679515/12,4679515,08/10/2024 12:18,2268
******91232 Operational,,ARUNDHATHI VN 26 W,,,,Andhra Pradesh,2-Primary with Upper Primary,35-Pvt.Aided,1 To 7,3-Co-educational,2-Urban,NA,,Guntur (M Corp.) - Ward No.1,Guntur-Municipal Corporations,52nd WARD KAKANI ROAD) ARUNDATHI NAGAR GUNTUR (CORP.)-2(VILL) GUNTUR(MANDAL) GUNTUR(DIST),522001,sailajaranikuraganti[at]gmail[dot]com,https://kys.udiseplus.gov.in/#/schooldetail/4680210/12,4680210,20/12/2025 12:57,2268
******00808 Operational,,ASHOKA HS PEDANANDIPADU,,,,Andhra Pradesh,6-Pr. Up Pr. and Secondary Only,38-Pvt.Unaided,1 To 10,3-Co-educational,1-Rural,Pedanandipadu,Pedanandipadu,,,MAIN ROAD PEDANANDIPADU(VILL) PEDANANDIPADU(MANDAL) GUNTUR(DIST),522235,ashokaschool.pnpd[at]gmail[dot]com,https://kys.udiseplus.gov.in/#/schooldetail/4682814/12,4682814,22/12/2025 19:00,2268
******00107 Closed,Closed,ASIAN UPPER PRIMARY SCHOOL,,,,Andhra Pradesh,2-Primary with Upper Primary,38-Pvt.Unaided,1 To 7,3-Co-educational,1-Rural,Vatticherukuru,Kurnoothala,,,"KURNUTHALA VILLAGE, VATTUCHERUKURU MANDAL, GUNTUR DT",522017,dsreddy7[at]gmail[dot]com,https://kys.udiseplus.gov.in/#/schooldetail/4720577/12,4720577,04/08/2025 11:55,2268
******00911 Operational,,ATPM HS PEDAVADLAPUDI,,,,Andhra Pradesh,7-Upper Pr. and Secondary,35-Pvt.Aided,6 To 10,3-Co-educational,2-Urban,NA,,Mangalagiri (M) - Ward No.9,Mangalagiri-Municipality,PEDAVADLAPUDI PEDAVADLAPUDI PEDAVADLAPUDI(VILL) MANGALAGIRI(MANDAL) GUNTUR(DIST),522302,atpmhschool[at]gmail[dot]com,https://kys.udiseplus.gov.in/#/schooldetail/4679610/12,4679610,20/12/2025 13:25,2268
******91205 Closed,Closed,AUXILIUM (G) GUNTUR,,,,Andhra Pradesh,1-Primary,35-Pvt.Aided,1 To 5,2-Girls,2-Urban,NA,,Guntur (M Corp.) - Ward No.32,Guntur-Municipal Corporations,02nd WARD (LIC COLONY) STAMBALAGARUVU GUNTUR (CORP.)-2(VILL) GUNTUR(MANDAL) GUNTUR(DIST),522006,ranijacobs881[at]gmail[dot]com,https://kys.udiseplus.gov.in/#/schooldetail/4680930/12,4680930,11/05/2022 14:27,2268
******91290 Operational,,AUXILIUM(G) HS GUNTUR,,,,Andhra Pradesh,7-Upper Pr. and Secondary,38-Pvt.Unaided,6 To 10,3-Co-educational,2-Urban,NA,,Guntur (M Corp.) - Ward No.32,Guntur-Municipal Corporations,02nd WARD LIC COLONY GUNTUR (CORP.)-2(VILL) GUNTUR(MANDAL) GUNTUR(DIST),522006,auxiliumemschool[at]gmail[dot]com,https://kys.udiseplus.gov.in/#/schooldetail/4681012/12,4681012,20/12/2025 12:21,2268
******00357 Operational,,AUXILIUM PRIMARY SCHOOL EM LIC COLONY STHAMBALAGARUVU GUN,,,,Andhra Pradesh,1-Primary,38-Pvt.Unaided,1 To 5,3-Co-educational,2-Urban,NA,,Guntur (M Corp.) - Ward No.32,Guntur-Municipal Corporations,LIC COLONYSTAMBALAGARUVUGUNTUR,522006,auxiliumemschool[at]gmail[dot]com,https://kys.udiseplus.gov.in/#/schooldetail/4679955/12,4679955,20/12/2025 12:19,2268
******91001 Operational,,A V R M M E S N PET,,,,Andhra Pradesh,1-Primary,34-MUNCIPAL,1 To 5,3-Co-educational,2-Urban,NA,,Tenali (M) - Ward No.19,Tenali-Municipality,"08ward, 1-3-28, MEDISETTY VARI STREET, NAZERPET,TENALI (M)(VILL) TENALI(MANDAL) GUNTUR(DIST)",522201,avrmmesnazerpet[at]gmail[dot]com,https://kys.udiseplus.gov.in/#/schooldetail/4681631/12,4681631,22/12/2025 15:29,2268
******00412 Operational,,AVR PUBLIC SCHOOL,,,,Andhra Pradesh,1-Primary,38-Pvt.Unaided,1 To 5,3-Co-educational,1-Rural,Pedakakani,Venigandla,,,NEAR MYTHRI KALYANA MANDAPAM VENIGANDLA VENIGANDLA(VILL) PEDAKAKANI(MANDAL) GUNTUR(DIST),522509,mrcpedakakani51[at]gmail[dot]com,https://kys.udiseplus.gov.in/#/schooldetail/4681243/12,4681243,18/09/2024 12:32,2268
******91044 Operational,,AVRSMPS RAJAKAPET,,,,Andhra Pradesh,1-Primary,34-MUNCIPAL,1 To 5,3-Co-educational,2-Urban,NA,,Tenali (M) - Ward No.6,Tenali-Municipality,6THWARD RJAKAPET TENALI (M)(VILL) TENALI(MANDAL) GUNTUR(DIST),522201,konurupadmavathi[at]gmail[dot]com,https://kys.udiseplus.gov.in/#/schooldetail/4650483/12,4650483,22/12/2025 16:03,2268
******00317 Permanently Closed,,BALA BHARATHI CONVENT BALJI NAGAR OLD GUNTUR,,,,Andhra Pradesh,2-Primary with Upper Primary,38-Pvt.Unaided,1 To 7,3-Co-educational,2-Urban,NA,,Guntur (M Corp.) - Ward No.5,Guntur-Municipal Corporations,NA,522001,,https://kys.udiseplus.gov.in/#/schooldetail/4680679/12,4680679,15/10/2020 12:18,2268
******01315 Permanently Closed,,"BALAHITHA NCLP SPL TRAINING CENTRE, CHETHANA CHOWDAVARAM",,,,Andhra Pradesh,1-Primary,53-NCLP,1 To 5,3-Co-educational,2-Urban,NA,,Guntur Ward No. 59,Guntur-Municipal Corporations,NA,522019,,https://kys.udiseplus.gov.in/#/schooldetail/4715899/12,4715899,15/10/2020 12:18,2268
******00115 Permanently Closed,,BALAKUTEER PULLADIGUNTUA,,,,Andhra Pradesh,1-Primary,61-Unrecognised Schools,1 To 5,3-Co-educational,1-Rural,Vatticherukuru,Kornepadu,,,NA,522017,,https://kys.udiseplus.gov.in/#/schooldetail/4716016/12,4716016,15/10/2020 12:18,2268
******01898 Operational,,BALANANDA KENDRAM AADHYA,,,,Andhra Pradesh,1-Primary,38-Pvt.Unaided,1 To 5,3-Co-educational,2-Urban,Guntur,,Guntur (M Corp.) - Ward No.32,Guntur-Municipal Corporations,2nd line BRODIPET 22,522002,,,,20/12/2025 12:15,2268
******00301 Permanently Closed,,BALANANDA KENDRAM KRISHNA NAGAR 1ST LINE,,,,Andhra Pradesh,2-Primary with Upper Primary,38-Pvt.Unaided,1 To 7,3-Co-educational,2-Urban,NA,,Guntur (M Corp.) - Ward No.31,Guntur-Municipal Corporations,NA,522002,,https://kys.udiseplus.gov.in/#/schooldetail/4715843/12,4715843,15/10/2020 12:18,2268
******91245 Closed,Closed,BALAVIKAS UPS SARADA COL,,,,Andhra Pradesh,2-Primary with Upper Primary,35-Pvt.Aided,1 To 7,3-Co-educational,2-Urban,NA,,Guntur (M Corp.) - Ward No.47,Guntur-Municipal Corporations,SARADA COLONY GUNTUR GUNTUR (CORP.)-2(VILL) GUNTUR(MANDAL) GUNTUR(DIST),522002,,https://kys.udiseplus.gov.in/#/schooldetail/4680966/12,4680966,08/07/2022 14:18,2268
******91120 Closed,Closed,BALA ZENIOUS NEAR YEDLA LINGAIAH RAILWWAY GATE BALAJIRAO PET,,,,Andhra Pradesh,2-Primary with Upper Primary,38-Pvt.Unaided,1 To 7,3-Co-educational,2-Urban,NA,,Tenali (M) - Ward No.33,Tenali-Municipality,balajirao peta tenali,522202,,https://kys.udiseplus.gov.in/#/schooldetail/4681715/12,4681715,15/10/2020 12:18,2268
******00711 Permanently Closed,,BANDLA ANKAMMAKANAKAMMA JR COLLEGE,,,,Andhra Pradesh,11-Higher Secondary only/Jr. College,38-Pvt.Unaided,11 To 12,3-Co-educational,2-Urban,NA,,Guntur (M Corp.) - Ward No.37,Guntur-Municipal Corporations,NA,522002,,https://kys.udiseplus.gov.in/#/schooldetail/4715885/12,4715885,15/10/2020 12:18,2268
******00414 Operational,,BAPUJI VIDYALAYAM ATMAKURU,,,,Andhra Pradesh,6-Pr. Up Pr. and Secondary Only,38-Pvt.Unaided,1 To 10,3-Co-educational,2-Urban,NA,,Mangalagiri Ward No.13,Mangalagiri-Municipality,"NEAR BYPASS ROAD, ATMAKUR VILLAGE, MANGALAGIRI MANDAL",522503,bapujividyalayam[at]gmail[dot]com,https://kys.udiseplus.gov.in/#/schooldetail/4679567/12,4679567,20/12/2025 13:15,2268
******01020 Operational,,BASARA EM UP SCHOOL,,,,Andhra Pradesh,2-Primary with Upper Primary,38-Pvt.Unaided,1 To 7,3-Co-educational,2-Urban,NA,,Guntur (M Corp.) - Ward No.10,Guntur-Municipal Corporations,CHOWDAVARAM GUNTUR MANDAL,522019,,https://kys.udiseplus.gov.in/#/schooldetail/4720084/12,4720084,20/12/2025 13:06,2268
******91568 Operational,,"BASARA SCHOOL,SAI BABA ROAD,GUNTUR",,,,Andhra Pradesh,6-Pr. Up Pr. and Secondary Only,38-Pvt.Unaided,1 To 10,3-Co-educational,2-Urban,NA,,Guntur (M Corp.) - Ward No.41,Guntur-Municipal Corporations,Saibaba Road nallapadu Guntur,522007,sadineni4[at]gmail[dot]com,https://kys.udiseplus.gov.in/#/schooldetail/4681169/12,4681169,20/12/2025 14:57,2268
******00918 Operational,,"BASHYAM HIGH SCHOOL, RAVINDRA NAGAR, NEW PATTABHIPURAM",,,,Andhra Pradesh,6-Pr. Up Pr. and Secondary Only,38-Pvt.Unaided,1 To 10,3-Co-educational,2-Urban,NA,,Guntur (M Corp.) - Ward No.31,Guntur-Municipal Corporations,Ravindra Nagar Pattabhipuram Guntur,522006,asognt[at]gmail[dot]com,https://kys.udiseplus.gov.in/#/schooldetail/4680784/12,4680784,20/12/2025 12:58,2268
******01303 Closed,Closed,BASS NCLP SCHOOL DASARIPALEM,,,,Andhra Pradesh,1-Primary,53-NCLP,1 To 5,3-Co-educational,2-Urban,NA,,Guntur Ward No. 59,Guntur-Municipal Corporations,DASARIPALEM 59 ward,522005,bassnclpdasaripalem[at]gmail[dot]com,https://kys.udiseplus.gov.in/#/schooldetail/4680836/12,4680836,01/02/2023 21:36,2268
******00911 Closed,Closed,BASS NCLP SCHOOL SWARNA BHARATHI NAGAR,,,,Andhra Pradesh,1-Primary,53-NCLP,1 To 5,3-Co-educational,2-Urban,NA,,Guntur Ward No. 56,Guntur-Municipal Corporations,Swarnabharathi nagar,522006,asognt[at]gmail[dot]com,https://kys.udiseplus.gov.in/#/schooldetail/4650582/12,4650582,01/02/2023 21:37,2268
******00373 Permanently Closed,,BEHRUL ULOOM COBALDPET 6TH LANE,,,,Andhra Pradesh,1-Primary,98-Madarsa Unrecognized,1 To 5,3-Co-educational,2-Urban,NA,,Guntur (M Corp.) - Ward No.42,Guntur-Municipal Corporations,NA,522001,,https://kys.udiseplus.gov.in/#/schooldetail/4715853/12,4715853,15/10/2020 12:18,2268
******01003 Closed,Closed,B F SS RETUR,,,,Andhra Pradesh,1-Primary,35-Pvt.Aided,1 To 5,3-Co-educational,1-Rural,Kakumanu,Retur,,,RETURU RETUR RETUR(VILL) KAKUMANU(MANDAL) GUNTUR(DIST),522113,,https://kys.udiseplus.gov.in/#/schooldetail/4682868/12,4682868,10/05/2022 15:09,2268
******91434 Operational,,BHARATHI PUBLIC SCHOOL,,,,Andhra Pradesh,2-Primary with Upper Primary,38-Pvt.Unaided,1 To 7,3-Co-educational,2-Urban,NA,,Guntur (M Corp.) - Ward No.45,Guntur-Municipal Corporations,SRI NAGAR 7TH LINE GUNTUR GUNTUR GUNTUR GUNTUR(MANDAL) GUNTUR(DIST),522002,soujanyabapatla[at]gmail[dot]com,https://kys.udiseplus.gov.in/#/schooldetail/4681083/12,4681083,20/12/2025 12:54,2268
******91331 Operational,,BHARATHI VV IPDCOLONY,,,,Andhra Pradesh,6-Pr. Up Pr. and Secondary Only,38-Pvt.Unaided,1 To 10,3-Co-educational,2-Urban,NA,,Guntur (M Corp.) - Ward No.16,Guntur-Municipal Corporations,INDIRA PRIYA DARSHINI COLONY GUNTUR GUNTUR (CORP.)-3(VILL) GUNTUR(MANDAL) GUNTUR(DIST),522003,sbvv1234kids[at]gmail[dot]com,https://kys.udiseplus.gov.in/#/schooldetail/4681045/12,4681045,20/12/2025 13:12,2268
******00109 Closed,Closed,BHARATHI VVS V.B.PURAM,,,,Andhra Pradesh,2-Primary with Upper Primary,38-Pvt.Unaided,1 To 7,3-Co-educational,1-Rural,Kollipara,Vallabhapuram,,,VALLABHAPURAM VALLABHAPURAM VALLABHAPURAM(VILL) KOLLIPARA(MANDAL) GUNTUR(DIST),522308,vidyavihar[at]gmail[dot]com,https://kys.udiseplus.gov.in/#/schooldetail/4681341/12,4681341,04/08/2025 12:51,2268
******91305 Operational,,BHARATHIYA VIDYA BHAVAN,,,,Andhra Pradesh,3-Pr. with Up.Pr. Sec. and H.Sec.,39-Pvt.Unaided (CBSE Syllabus),1 To 12,3-Co-educational,2-Urban,NA,,Guntur (M Corp.) - Ward No.24,Guntur-Municipal Corporations,1st WARD GUNTUR(MANDAL) GUNTUR (CORP.)-3(VILL) GUNTUR(MANDAL) GUNTUR(DIST),522004,bhavansguntur[at]gmail[dot]com,https://kys.udiseplus.gov.in/#/schooldetail/4681029/12,4681029,20/12/2025 14:57,2268
******00311 Operational,,BHARAVI UPS SIRIPURAM,,,,Andhra Pradesh,2-Primary with Upper Primary,38-Pvt.Unaided,1 To 7,3-Co-educational,1-Rural,Medikonduru,Siripuram,,,SIRIPURAM SIRIPURAM SIRIPURAM(VILL) MEDIKONDURU(MANDAL) GUNTUR(DIST),522001,,https://kys.udiseplus.gov.in/#/schooldetail/4680598/12,4680598,23/12/2025 10:28,2268
******00335 Operational,,BHASHYAM ELEMENTARY SCHOOL,,,,Andhra Pradesh,1-Primary,38-Pvt.Unaided,1 To 5,3-Co-educational,2-Urban,NA,,Guntur (M Corp.) - Ward No.37,Guntur-Municipal Corporations,4th ward Ring Road Guntur,522007,talasila[at]bhashyam[dot]in,https://kys.udiseplus.gov.in/#/schooldetail/4680697/12,4680697,20/12/2025 12:45,2268
******91485 Operational,,BHASHYAM E.M HIGH SCHOOL,,,,Andhra Pradesh,7-Upper Pr. and Secondary,38-Pvt.Unaided,6 To 10,3-Co-educational,2-Urban,NA,,Guntur (M Corp.) - Ward No.37,Guntur-Municipal Corporations,4 ward CM NAGAR 2nd Line GUNTUR,522007,talasila[at]bhashyam[dot]in,https://kys.udiseplus.gov.in/#/schooldetail/4681108/12,4681108,20/12/2025 15:20,2268
******01153 Operational,,BHASHYAM EM HIGH SCHOOL,,,,Andhra Pradesh,7-Upper Pr. and Secondary,38-Pvt.Unaided,6 To 10,2-Girls,2-Urban,GUNTUR EAST,,Guntur (M Corp.) - Ward No.47,Guntur-Municipal Corporations,"Main Road, Teachers colony, Gorantla, Guntur",522034,talasila[at]bhashyam[dot]in,https://kys.udiseplus.gov.in/#/schooldetail/4721584/12,4721584,20/12/2025 12:20,2268
******01162 Operational,,"BHASHYAM EM HIGH SCHOOL, NAGARALU",,,,Andhra Pradesh,6-Pr. Up Pr. and Secondary Only,38-Pvt.Unaided,1 To 10,3-Co-educational,2-Urban,GUNTUR EAST,,Guntur (M Corp.) - Ward No.46,Guntur-Municipal Corporations,"H.No.156/3, Nagaralu, Guntur - 522034",522034,swapna.k[at]bhashyam[dot]in,https://kys.udiseplus.gov.in/#/schooldetail/4721590/12,4721590,20/12/2025 12:20,2268
******01154 Operational,,BHASHYAM EM HIGH SCHOOL NGO COLONY,,,,Andhra Pradesh,6-Pr. Up Pr. and Secondary Only,38-Pvt.Unaided,1 To 10,3-Co-educational,2-Urban,Guntur,,Guntur (M Corp.) - Ward No.28,Guntur-Municipal Corporations,"d.no.123, 124 4th lane ngo colony",522004,talasila[at]bhashyam[dot]in,https://kys.udiseplus.gov.in/#/schooldetail/4721585/12,4721585,09/02/2026 09:46,2268
******01542 Operational,,"BHASHYAM EM HIGH SCHOOL, TENALI",,,,Andhra Pradesh,6-Pr. Up Pr. and Secondary Only,38-Pvt.Unaided,1 To 10,3-Co-educational,2-Urban,NA,,Tenali (M) - Ward No.29,Tenali-Municipality,"ravulapalli plaza near ushodayaya,",522202,,https://kys.udiseplus.gov.in/#/schooldetail/4721990/12,4721990,22/12/2025 15:05,2268
******00178 Operational,,BHASHYAM ENGLISH MEDIUM HIGH SCHOOL AGATHAVARAPPADU. GORANTLA,,,,Andhra Pradesh,7-Upper Pr. and Secondary,38-Pvt.Unaided,6 To 10,3-Co-educational,2-Urban,NA,,Guntur (M Corp.) - Ward No.3,Guntur-Municipal Corporations,"agathavarappadu, gorantla",522003,talasila[at]bhashyam[dot]in,https://kys.udiseplus.gov.in/#/schooldetail/4720561/12,4720561,20/12/2025 12:27,2268
******00978 Operational,,BHASHYAM HIGH SCHOOL,,,,Andhra Pradesh,6-Pr. Up Pr. and Secondary Only,38-Pvt.Unaided,1 To 10,3-Co-educational,2-Urban,NA,,Guntur (M Corp.) - Ward No.36,Guntur-Municipal Corporations,STHAMBALAGARUVU GUNTUR,522006,talasila[at]bhashyam[dot]in,https://kys.udiseplus.gov.in/#/schooldetail/4720083/12,4720083,20/12/2025 13:02,2268
******91292 Operational,,BHASHYAM HIGH SCHOOL(EMT,,,,Andhra Pradesh,7-Upper Pr. and Secondary,38-Pvt.Unaided,6 To 10,3-Co-educational,2-Urban,NA,,Guntur (M Corp.) - Ward No.37,Guntur-Municipal Corporations,04th WARD RING ROAD GUNTUR (CORP.)-2(VILL) GUNTUR(MANDAL) GUNTUR(DIST),522007,talasila[at]bhashyam[dot]in,https://kys.udiseplus.gov.in/#/schooldetail/4681014/12,4681014,20/12/2025 12:35,2268
******00507 Operational,,BHASHYAM HIGH SCHOOL GORANTLA GUNTUR,,,,Andhra Pradesh,7-Upper Pr. and Secondary,38-Pvt.Unaided,6 To 10,1-Boys,2-Urban,NA,,Guntur Ward No. 57,Guntur-Municipal Corporations,WARD 57 GORANTLA GUNTUR,522034,talasila[at]bhashyam[dot]in,https://kys.udiseplus.gov.in/#/schooldetail/4680752/12,4680752,20/12/2025 11:50,2268
******00389 Operational,,BHASHYAM HIGH SCHOOL RTC COLONY GUNTUR,,,,Andhra Pradesh,6-Pr. Up Pr. and Secondary Only,38-Pvt.Unaided,1 To 10,3-Co-educational,2-Urban,NA,,Guntur (M Corp.) - Ward No.2,Guntur-Municipal Corporations,RTC Colony Guntur GUNTUR EAST,522001,talasila[at]bhashyam[dot]in,https://kys.udiseplus.gov.in/#/schooldetail/4680732/12,4680732,20/12/2025 11:45,2268
******00716 Operational,,BHASHYAM IIT- JEE JR. COLLEGE,,,,Andhra Pradesh,11-Higher Secondary only/Jr. College,38-Pvt.Unaided,11 To 12,3-Co-educational,2-Urban,NA,,Guntur (M Corp.) - Ward No.46,Guntur-Municipal Corporations,4-4-131/1 5/1 CHANDRAMOULI NAGAR,522007,records.biit[at]gmail[dot]com,https://kys.udiseplus.gov.in/#/schooldetail/4680030/12,4680030,20/12/2025 12:28,2268
******00610 Operational,,BHASHYAM JUNIOR COLLEGE,,,,Andhra Pradesh,11-Higher Secondary only/Jr. College,38-Pvt.Unaided,11 To 12,3-Co-educational,2-Urban,NA,,Guntur (M Corp.) - Ward No.38,Guntur-Municipal Corporations,INNAR RING ROAD GORANTLA GUNTUR,522001,bhashyamcollege366[at]gmail[dot]com,https://kys.udiseplus.gov.in/#/schooldetail/4720078/12,4720078,20/12/2025 12:53,2268
******01547 Operational,,"BHASHYAM JUNIOR COLLEGE, AGATHAVARAPPADU",,,,Andhra Pradesh,11-Higher Secondary only/Jr. College,38-Pvt.Unaided,11 To 12,3-Co-educational,1-Rural,Pedakakani,Agatha Varappadu,,,"AGATHAVARAPADU VILLAGE, PEDAKAKANI MANDAL, GUNTUR DISTRICT",522509,,https://kys.udiseplus.gov.in/#/schooldetail/4721957/12,4721957,24/09/2024 15:11,2268
******01318 Operational,,"BHASHYAM JUNIOR COLLEGE, GORANTLA",,,,Andhra Pradesh,11-Higher Secondary only/Jr. College,38-Pvt.Unaided,11 To 12,3-Co-educational,2-Urban,NA,,Guntur Ward No. 57,Guntur-Municipal Corporations,"BHASHYAM JUNIOR COLLEGE, GORANTLA, GUNTUR",522034,,https://kys.udiseplus.gov.in/#/schooldetail/4721731/12,4721731,05/01/2026 16:38,2268
******00674 Operational,,"BHASHYAM JUNIOR COLLEGE, GORANTLA, GUNTUR",,,,Andhra Pradesh,11-Higher Secondary only/Jr. College,38-Pvt.Unaided,11 To 12,3-Co-educational,2-Urban,NA,,Guntur (M Corp.) - Ward No.32,Guntur-Municipal Corporations,5-87-56 MAIN ROAD LAKSHMIPURAM GUNTUR,522007,bhashyam06014[at]gmail[dot]com,https://kys.udiseplus.gov.in/#/schooldetail/4680009/12,4680009,20/12/2025 12:54,2268
******91442 Operational,,"BHASHYAM JUNIOR COLLEGE, GUNTUR",,,,Andhra Pradesh,11-Higher Secondary only/Jr. College,38-Pvt.Unaided,11 To 12,3-Co-educational,2-Urban,NA,,Guntur (M Corp.) - Ward No.35,Guntur-Municipal Corporations,SHALOME NAGAR SEETHAMMA COLONY 5 TH LANE,522006,bhashyam06026[at]gmail[dot]com,https://kys.udiseplus.gov.in/#/schooldetail/4681091/12,4681091,20/12/2025 15:23,2268
******00717 Operational,,"BHASHYAM JUNIOR COLLEGE, SANTHINAGAR, GUNTUR",,,,Andhra Pradesh,11-Higher Secondary only/Jr. College,38-Pvt.Unaided,11 To 12,3-Co-educational,2-Urban,NA,,Guntur (M Corp.) - Ward No.46,Guntur-Municipal Corporations,D NO 8-37 OLD DOOR NO 2-16-130 SYAMALA NAGAR 8TH LINE EXTENSION GUNTUR,522006,bhashyam06119[at]gmail[dot]com,https://kys.udiseplus.gov.in/#/schooldetail/4719125/12,4719125,20/12/2025 12:28,2268
******00326 Operational,,BHASHYAM LITTLE CHAMS SCHOOL SAMBASIVARAOPET,,,,Andhra Pradesh,1-Primary,38-Pvt.Unaided,1 To 5,3-Co-educational,2-Urban,NA,,Guntur (M Corp.) - Ward No.11,Guntur-Municipal Corporations,3rd Lane Sambasivapet GUNTUR,522002,firoz.md[at]bhashyam[dot]in,https://kys.udiseplus.gov.in/#/schooldetail/4680689/12,4680689,20/12/2025 11:39,2268
******00869 Operational,,BHASHYAM PUBLIC SCHOOL,,,,Andhra Pradesh,6-Pr. Up Pr. and Secondary Only,38-Pvt.Unaided,1 To 10,3-Co-educational,2-Urban,NA,,Tenali (M) - Ward No.5,Tenali-Municipality,TENALI TENALITOWN TENALI(U)(VILL) TENALI(MANDAL) GUNTUR(DIST),522201,principal.tenali[at]bhashyam[dot]in,https://kys.udiseplus.gov.in/#/schooldetail/4681594/12,4681594,22/12/2025 15:17,2268
******91317 Operational,,"BHASYAM BLOOMS (EM) SCHOOL RING ROAD, GUNTUR",,,,Andhra Pradesh,6-Pr. Up Pr. and Secondary Only,39-Pvt.Unaided (CBSE Syllabus),1 To 10,3-Co-educational,2-Urban,NA,,Guntur (M Corp.) - Ward No.41,Guntur-Municipal Corporations,34-Ward CHANDRA MOULI NAGAR RING ROAD GUNTUR GUNTUR (CORP.)-3(VILL) GUNTUR(MANDAL) GUNTUR(DIST),522007,blooms[at]bhashyam[dot]in,https://kys.udiseplus.gov.in/#/schooldetail/4681035/12,4681035,20/12/2025 15:00,2268
******91330 Operational,,BHASYAM EM HS SSPET,,,,Andhra Pradesh,7-Upper Pr. and Secondary,38-Pvt.Unaided,6 To 10,3-Co-educational,2-Urban,NA,,Guntur (M Corp.) - Ward No.45,Guntur-Municipal Corporations,SAMBASIVA PET 3RD LINE GUNTUR GUNTUR (CORP.)-3(VILL) GUNTUR(MANDAL) GUNTUR(DIST),522003,talasila[at]bhashyam[dot]in,https://kys.udiseplus.gov.in/#/schooldetail/4681044/12,4681044,20/12/2025 13:12,2268
******00320 Permanently Closed,,BHAVANI SCHOOL YADAVA BAZAR OLD GUNTUR,,,,Andhra Pradesh,2-Primary with Upper Primary,38-Pvt.Unaided,1 To 7,3-Co-educational,2-Urban,NA,,Guntur (M Corp.) - Ward No.5,Guntur-Municipal Corporations,NA,522001,,https://kys.udiseplus.gov.in/#/schooldetail/4680686/12,4680686,15/10/2020 12:18,2268
******91481 Permanently Closed,,BHAVISHYA PUBLIC SCHOOL,,,,Andhra Pradesh,2-Primary with Upper Primary,38-Pvt.Unaided,1 To 6,3-Co-educational,2-Urban,NA,,Guntur (M Corp.) - Ward No.25,Guntur-Municipal Corporations,NA,522004,,https://kys.udiseplus.gov.in/#/schooldetail/4715925/12,4715925,15/10/2020 12:18,2268
******00815 Closed,Closed,BHAVISHYA SCHOOL MEDIKONDUR,,,,Andhra Pradesh,2-Primary with Upper Primary,38-Pvt.Unaided,1 To 7,3-Co-educational,1-Rural,Medikonduru,Medikonduru,,,OPP SBI BANK MEDIKONDURU POST MANDAL GUNTUR DIST 522438,522438,,https://kys.udiseplus.gov.in/#/schooldetail/4679859/12,4679859,10/05/2022 13:13,2268
******00694 Operational,,B.H.H. GIRLS JR.COLLEGE BRODIPETA GUNTUR,,,,Andhra Pradesh,11-Higher Secondary only/Jr. College,35-Pvt.Aided,11 To 12,2-Girls,2-Urban,NA,,Guntur (M Corp.) - Ward No.31,Guntur-Municipal Corporations,2/17 BRODIPET GUNTUR,522002,bhhgirc[at]gmail[dot]com,https://kys.udiseplus.gov.in/#/schooldetail/4680778/12,4680778,20/12/2025 12:56,2268
******00661 Operational,,BHHGJC SCHOOL,,,,Andhra Pradesh,6-Pr. Up Pr. and Secondary Only,38-Pvt.Unaided,1 To 10,2-Girls,2-Urban,NA,,Guntur (M Corp.) - Ward No.39,Guntur-Municipal Corporations,2/17 Brodipet Guntur - 2,522002,bhprimaryhanumayamma[at]gmail[dot]com,https://kys.udiseplus.gov.in/#/schooldetail/4680688/12,4680688,20/12/2025 12:53,2268
******91274 Operational,,BHHG JR C BRODIPET,,,,Andhra Pradesh,7-Upper Pr. and Secondary,35-Pvt.Aided,6 To 10,2-Girls,2-Urban,NA,,Guntur (M Corp.) - Ward No.39,Guntur-Municipal Corporations,1st WARD BRODIPET GUNTUR (CORP.)-2(VILL) GUNTUR(MANDAL) GUNTUR(DIST),522002,bhhgjrc52[at]gmail[dot]com,https://kys.udiseplus.gov.in/#/schooldetail/4680997/12,4680997,20/12/2025 14:51,2268
******00351 Operational,,BHUVANESWARI VIDYANEKATHAN SAMPATH NAGAR GUNTUR,,,,Andhra Pradesh,2-Primary with Upper Primary,38-Pvt.Unaided,1 To 7,3-Co-educational,2-Urban,NA,,Guntur (M Corp.) - Ward No.23,Guntur-Municipal Corporations,BABU RAJENDRA PRASAD COLONY SAMPATH NAGAR 6TH LINE GUNTUR,522004,,https://kys.udiseplus.gov.in/#/schooldetail/4680719/12,4680719,20/12/2025 12:37,2268
******00374 Closed,Closed,BIBI FATHIMA ARABIYA MADARSA,,,,Andhra Pradesh,2-Primary with Upper Primary,98-Madarsa Unrecognized,1 To 7,2-Girls,2-Urban,NA,,Guntur (M Corp.) - Ward No.28,Guntur-Municipal Corporations,Koritepadu Rural Guntur Dist 522001,522001,,https://kys.udiseplus.gov.in/#/schooldetail/4680691/12,4680691,22/12/2023 10:08,2268
******00634 Permanently Closed,,BIBI FATHIMA ARABIYA MADARSA,,,,Andhra Pradesh,1-Primary,98-Madarsa Unrecognized,1 To 5,3-Co-educational,2-Urban,NA,,Guntur (M Corp.) - Ward No.5,Guntur-Municipal Corporations,NA,522001,,https://kys.udiseplus.gov.in/#/schooldetail/4715869/12,4715869,15/10/2020 12:18,2268
******90401 Operational,,BIIT JR COLLEGE,,,,Andhra Pradesh,11-Higher Secondary only/Jr. College,38-Pvt.Unaided,11 To 12,3-Co-educational,2-Urban,NA,,Guntur (M Corp.) - Ward No.31,Guntur-Municipal Corporations,GUNTUR chandramouli nagae,522034,biitexams9[at]gmail[dot]com,https://kys.udiseplus.gov.in/#/schooldetail/4680189/12,4680189,20/12/2025 12:39,2268
******91244 Operational,,BISHAP IGNATIUS UPS 1W,,,,Andhra Pradesh,2-Primary with Upper Primary,35-Pvt.Aided,1 To 7,3-Co-educational,2-Urban,NA,,Guntur (M Corp.) - Ward No.23,Guntur-Municipal Corporations,23th WARD NAGARAM PALEM GUNTUR (CORP.)-2(VILL) GUNTUR(MANDAL) GUNTUR(DIST),522004,sujathap587[at]gmail[dot]com,https://kys.udiseplus.gov.in/#/schooldetail/4680958/12,4680958,20/12/2025 14:47,2268
******00901 Permanently Closed,,B J R C C JR COLLEGE,,,,Andhra Pradesh,11-Higher Secondary only/Jr. College,38-Pvt.Unaided,11 To 12,3-Co-educational,2-Urban,NA,,Tenali (M) - Ward No.28,Tenali-Municipality,NA,522202,,https://kys.udiseplus.gov.in/#/schooldetail/4715990/12,4715990,15/10/2020 12:18,2268
******91549 Operational,,BLOOMS PUBLIC SCHOOL SANGADIGUNTA,,,,Andhra Pradesh,2-Primary with Upper Primary,38-Pvt.Unaided,1 To 7,3-Co-educational,2-Urban,NA,,Guntur (M Corp.) - Ward No.15,Guntur-Municipal Corporations,BLOOMS PUBLIC SCHOOL SANGADIGUNTA,522003,talasila[at]bhashyam[dot]in,https://kys.udiseplus.gov.in/#/schooldetail/4680415/12,4680415,20/12/2025 12:34,2268
******00388 Operational,,B.N.ENGLISH MEDIUM SCHOOL GUNTURVARI THOTA 4TH LINE,,,,Andhra Pradesh,2-Primary with Upper Primary,38-Pvt.Unaided,1 To 7,3-Co-educational,2-Urban,NA,,Guntur (M Corp.) - Ward No.8,Guntur-Municipal Corporations,B.N.ENGLISH MEDIUM SCHOOL GUNTURVARI THOTA 4TH LINE,522001,bnschool786[at]gmail[dot]com,https://kys.udiseplus.gov.in/#/schooldetail/4680731/12,4680731,20/12/2025 11:44,2268
******00393 Permanently Closed,,"B.N.ENGLISH MEDIUM SCHOOL, GUNTURVARI THOTA, 4TH LINE",,,,Andhra Pradesh,2-Primary with Upper Primary,38-Pvt.Unaided,1 To 7,3-Co-educational,2-Urban,NA,,Guntur (M Corp.) - Ward No.11,Guntur-Municipal Corporations,NA,522001,,https://kys.udiseplus.gov.in/#/schooldetail/4715862/12,4715862,15/10/2020 12:18,2268
******00808 Operational,,BRC HIGH SCHOOL A BAD,,,,Andhra Pradesh,7-Upper Pr. and Secondary,35-Pvt.Aided,6 To 10,3-Co-educational,1-Rural,Phirangipuram,Aminabada,,,AMEENABAD AMEENABAD AMEENABAD(VILL) PHIRANGIPURAM(MANDAL) GUNTUR(DIST),522529,hm_brchsaminabad[at]yahoo[dot]com,https://kys.udiseplus.gov.in/#/schooldetail/4680558/12,4680558,15/10/2020 12:18,2268
******00411 Operational,,BRIDGE INTERNATIONAL ACADEMIES,,,,Andhra Pradesh,2-Primary with Upper Primary,38-Pvt.Unaided,1 To 7,3-Co-educational,1-Rural,Tenali,Katevaram,,,TELAPROLU VILAGE telaprolu 522202,522201,asognt[at]gmail[dot]com,https://kys.udiseplus.gov.in/#/schooldetail/4680793/12,4680793,22/12/2025 14:43,2268
******00256 Operational,,BRIGHT KIDS SCHOOL,,,,Andhra Pradesh,2-Primary with Upper Primary,38-Pvt.Unaided,1 To 7,3-Co-educational,2-Urban,NA,,Guntur (M Corp.) - Ward No.34,Guntur-Municipal Corporations,NAGARALU BHARATHPET GUNTUR,522007,ssredusocietygnt[at]gmail[dot]com,https://kys.udiseplus.gov.in/#/schooldetail/4720667/12,4720667,20/12/2025 15:12,2268
******91582 Operational,,BRIGHT KIDZ AMARAVATHI ROAD GORANTLA,,,,Andhra Pradesh,2-Primary with Upper Primary,38-Pvt.Unaided,1 To 7,3-Co-educational,2-Urban,NA,,Guntur (M Corp.) - Ward No.42,Guntur-Municipal Corporations,Amaravathi Road Guntur,522034,msmeducom[at]gmail[dot]com,https://kys.udiseplus.gov.in/#/schooldetail/4681186/12,4681186,20/12/2025 12:30,2268
******01313 Operational,,BRILLIANT HIGH SCHOOL CHOWDAVARAM,,,,Andhra Pradesh,6-Pr. Up Pr. and Secondary Only,38-Pvt.Unaided,1 To 10,3-Co-educational,2-Urban,NA,,Guntur Ward No. 59,Guntur-Municipal Corporations,"Chowdavaram,near BALARAMAKRISHNA SPINNING MILL",522019,brilliant1341[at]gmail[dot]com,https://kys.udiseplus.gov.in/#/schooldetail/4680844/12,4680844,20/12/2025 12:26,2268
******00865 Operational,,BRITISH EM HS TENALI,,,,Andhra Pradesh,6-Pr. Up Pr. and Secondary Only,38-Pvt.Unaided,1 To 10,3-Co-educational,2-Urban,NA,,Tenali (M) - Ward No.5,Tenali-Municipality,KAVIRAJA PARC ROAD TENALITOWN TENALI(U)(VILL) TENALI(MANDAL) GUNTUR(DIST),522201,britishemschool[at]gmail[dot]com,https://kys.udiseplus.gov.in/#/schooldetail/4681589/12,4681589,22/12/2025 15:16,2268
******91456 Operational,,B R VOCL JR COLLEGE SIMS CAMPUS MANGALDAS NAGAR GUNTUR GUNTUR(DT),,,,Andhra Pradesh,11-Higher Secondary only/Jr. College,38-Pvt.Unaided,11 To 12,3-Co-educational,2-Urban,NA,,Guntur (M Corp.) - Ward No.1,Guntur-Municipal Corporations,Mangaldas nagar Guntur,522001,simsmltprincipal[at]yahoo[dot]co[dot]in,https://kys.udiseplus.gov.in/#/schooldetail/4680352/12,4680352,20/12/2025 12:49,2268
******01114 Operational,,BUDDHA KIDS ENGLISH MEDIUM SCHOOL VENGALAYAPALEM,,,,Andhra Pradesh,2-Primary with Upper Primary,38-Pvt.Unaided,1 To 7,3-Co-educational,1-Rural,Guntur,Nallapadu (R),,,VENGALAYAPALEM GUNTUR RURAL,522005,sajjavijayarani135[at]gmail[dot]com,https://kys.udiseplus.gov.in/#/schooldetail/4680822/12,4680822,20/12/2025 13:08,2268
******91541 Permanently Closed,,BUTTERFLY EM SCHOOL SANGADIGUNTA GUNTUR,,,,Andhra Pradesh,4-Upper Primary only,61-Unrecognised Schools,6 To 8,3-Co-educational,2-Urban,NA,,Guntur (M Corp.) - Ward No.21,Guntur-Municipal Corporations,NA,522005,,https://kys.udiseplus.gov.in/#/schooldetail/4715930/12,4715930,15/10/2020 12:18,2268
******00219 Operational,,BVR PS MAIN ROAD,,,,Andhra Pradesh,6-Pr. Up Pr. and Secondary Only,38-Pvt.Unaided,1 To 10,3-Co-educational,1-Rural,Pedakakani,Nambur,,,MAIN ROAD NAMBUR NAMBUR(VILL) PEDAKAKANI(MANDAL) GUNTUR(DIST),522508,bvrschool9[at]gmail[dot]com,https://kys.udiseplus.gov.in/#/schooldetail/4681215/12,4681215,18/09/2024 12:48,2268
******00409 Operational,,BVR ZPHS PRATHIPADU,,,,Andhra Pradesh,5-Up. Pr. Secondary and Higher Sec,33-MPP_ZPP SCHOOLS,6 To 12,3-Co-educational,1-Rural,Prathipadu,Prathipadu,,,PRATHIPADU PRATHIPADU PRATHIPADU(VILL) PRATHIPADU(MANDAL) GUNTUR(DIST),522019,zphsprathipadu[at]yahoo[dot]com,https://kys.udiseplus.gov.in/#/schooldetail/4681893/12,4681893,23/12/2025 09:55,2268
******91446 Operational,,CAMBRIDGE JUNIOR COLLEGE,,,,Andhra Pradesh,11-Higher Secondary only/Jr. College,38-Pvt.Unaided,11 To 12,3-Co-educational,2-Urban,NA,,Guntur (M Corp.) - Ward No.45,Guntur-Municipal Corporations,"NALLAPADU , GRAMA PANCHAYATI",522005,cambridgejuniorcollege14066[at]gmail[dot]com,https://kys.udiseplus.gov.in/#/schooldetail/4681095/12,4681095,20/12/2025 15:22,2268
******00331 Permanently Closed,,CAMBRIDGE SCHOOL GUNTURVARI THOTA GUNTUR SECOND LINE,,,,Andhra Pradesh,2-Primary with Upper Primary,38-Pvt.Unaided,1 To 7,3-Co-educational,2-Urban,NA,,Guntur (M Corp.) - Ward No.15,Guntur-Municipal Corporations,NA,522001,,https://kys.udiseplus.gov.in/#/schooldetail/4715850/12,4715850,15/10/2020 12:18,2268
******00508 Operational,,"CAPITAL UP SCHOOL(EM), GORANTLA, GUNTUR",,,,Andhra Pradesh,6-Pr. Up Pr. and Secondary Only,38-Pvt.Unaided,1 To 10,3-Co-educational,2-Urban,NA,,Guntur Ward No. 57,Guntur-Municipal Corporations,"CAPITAL UP SCHOOL(EM), GORANTLA, GUNTUR",522034,pullagura05[at]yahoo[dot]com,https://kys.udiseplus.gov.in/#/schooldetail/4680753/12,4680753,20/12/2025 11:51,2268
******00955 Operational,,CAREER JUNIOR COLLEGE,,,,Andhra Pradesh,11-Higher Secondary only/Jr. College,38-Pvt.Unaided,11 To 12,3-Co-educational,2-Urban,NA,,Guntur (M Corp.) - Ward No.27,Guntur-Municipal Corporations,5-10-5 2/9 BRODIPET GUNTUR,522002,carejrcollege[at]gmail[dot]com,https://kys.udiseplus.gov.in/#/schooldetail/4719143/12,4719143,20/12/2025 13:01,2268
******91569 Closed,Closed,"CARE HIGH SCHOOL,NEHRU NAGAR,GUNTUR",,,,Andhra Pradesh,6-Pr. Up Pr. and Secondary Only,38-Pvt.Unaided,1 To 10,3-Co-educational,2-Urban,NA,,Guntur (M Corp.) - Ward No.19,Guntur-Municipal Corporations,5th Lane Nehru Nagar,522001,carehighschool.gnt[at]gmail[dot]com,https://kys.udiseplus.gov.in/#/schooldetail/4681170/12,4681170,15/10/2020 12:18,2268
******00705 Permanently Closed,,CARE JR COLLEGE,,,,Andhra Pradesh,11-Higher Secondary only/Jr. College,38-Pvt.Unaided,11 To 12,3-Co-educational,2-Urban,NA,,Guntur (M Corp.) - Ward No.36,Guntur-Municipal Corporations,NA,522002,,https://kys.udiseplus.gov.in/#/schooldetail/4715879/12,4715879,15/10/2020 12:18,2268
******00900 Permanently Closed,,CARE JUNIOR COLLEGE,,,,Andhra Pradesh,11-Higher Secondary only/Jr. College,38-Pvt.Unaided,11 To 12,3-Co-educational,2-Urban,NA,,Tenali (M) - Ward No.31,Tenali-Municipality,NA,522201,,https://kys.udiseplus.gov.in/#/schooldetail/4715989/12,4715989,24/07/2023 09:55,2268
******90778 Operational,,"CARE UP SCHOOL,PONNUR",,,,Andhra Pradesh,2-Primary with Upper Primary,38-Pvt.Unaided,1 To 7,3-Co-educational,2-Urban,NA,,Ponnur (M) - Ward No.1,Ponnuru-Municipality,CARE UP SCHOOL NEAR RTC BUS DEPOT PONNUR MANDAL GUNTUR DT-522124,522124,rojakesavareddy[at]gmail[dot]com,https://kys.udiseplus.gov.in/#/schooldetail/4682999/12,4682999,07/10/2024 17:10,2268
******91529 Operational,,CENTRAL PUBLIC SCHOOL A.T.AGRAHARAM,,,,Andhra Pradesh,6-Pr. Up Pr. and Secondary Only,38-Pvt.Unaided,1 To 10,3-Co-educational,2-Urban,NA,,Guntur (M Corp.) - Ward No.30,Guntur-Municipal Corporations,AT AGRAHARAM guntur corporation,522004,smvalitcps[at]gmail[dot]com,https://kys.udiseplus.gov.in/#/schooldetail/4681134/12,4681134,20/12/2025 15:17,2268
******01727 Operational,,CHAITANYA EM SCHOOL,,,,Andhra Pradesh,2-Primary with Upper Primary,38-Pvt.Unaided,1 To 7,3-Co-educational,1-Rural,Tadikonda,Tadikonda,,,MOTHADAKA VILLAGE TADIKONDA MANDAL,522237,,,,22/12/2025 10:53,2268
******00805 Permanently Closed,,CHAITANYA HIGH SCHOOL,,,,Andhra Pradesh,6-Pr. Up Pr. and Secondary Only,61-Unrecognised Schools,1 To 10,3-Co-educational,2-Urban,NA,,Tenali (M) - Ward No.11,Tenali-Municipality,NA,522201,,https://kys.udiseplus.gov.in/#/schooldetail/4715979/12,4715979,15/10/2020 12:18,2268
******90775 Operational,,CHAITANYA HIGH SCHOOL NIDUBROLU,,,,Andhra Pradesh,6-Pr. Up Pr. and Secondary Only,38-Pvt.Unaided,1 To 10,3-Co-educational,2-Urban,NA,,Ponnur (M) - Ward No.18,Ponnuru-Municipality,CHAITANYA HIGH SCHOOL GBC ROAD PONNUR GUNTUR DT-522124,522124,ponnurprincipal[at]srichaitanyaschool[dot]net,https://kys.udiseplus.gov.in/#/schooldetail/4682997/12,4682997,07/10/2024 17:11,2268
******00211 Operational,,CHAITANYA PS P.P,,,,Andhra Pradesh,7-Upper Pr. and Secondary,38-Pvt.Unaided,6 To 10,3-Co-educational,2-Urban,NA,,Guntur Ward No. 54,Guntur-Municipal Corporations,PEDAPALAKALURU PEDAPALAKALURU PEDA PALAKALURU(VILL) GUNTUR(MANDAL) GUNTUR(DIST),522009,sambireddysanagala[at]gmail[dot]com,https://kys.udiseplus.gov.in/#/schooldetail/4680664/12,4680664,20/12/2025 12:44,2268
******91423 Operational,,CHAITHANYA EM UPS,,,,Andhra Pradesh,2-Primary with Upper Primary,38-Pvt.Unaided,1 To 7,3-Co-educational,2-Urban,NA,,Guntur (M Corp.) - Ward No.46,Guntur-Municipal Corporations,VASANTHARAYAPURAM GUNTUR GUNTUR GUNTUR(MANDAL) GUNTUR(DIST),522002,chaluvadinumismatics[at]gmail[dot]com,https://kys.udiseplus.gov.in/#/schooldetail/4681078/12,4681078,20/12/2025 12:53,2268
******00860 Closed,Closed,CHAITHANYA VIDYA NIK,,,,Andhra Pradesh,2-Primary with Upper Primary,38-Pvt.Unaided,1 To 7,3-Co-educational,2-Urban,NA,,Tenali (M) - Ward No.35,Tenali-Municipality,BHAVANAM VARI STREET TENALI TOWN TENALI(U)(VILL) TENALI(MANDAL) GUNTUR(DIST),522201,,https://kys.udiseplus.gov.in/#/schooldetail/4681588/12,4681588,15/10/2020 12:18,2268
******01709 Operational,,CHANAKYA EM UP SCHOOL,,,,Andhra Pradesh,2-Primary with Upper Primary,38-Pvt.Unaided,1 To 7,3-Co-educational,1-Rural,Ponnur,Chintalapudi,,,CHANAKYA EM UP SCHOOL OPPTECHERS COLONY GBC ROAD KASUKARRU VILLAGE PONNUR MANDAL GUNTUR DT-522124,522124,chanakyaenglishmediumschool[at]gmail[dot]com,https://kys.udiseplus.gov.in/#/schooldetail/4719193/12,4719193,07/10/2024 16:52,2268
******00707 Operational,,CHANAKYA PS V MUDI,,,,Andhra Pradesh,6-Pr. Up Pr. and Secondary Only,38-Pvt.Unaided,1 To 10,3-Co-educational,1-Rural,Chebrole,Vadlamudi,,,"VADLAMUDI , VADLAMUDI VADLAMUDI(VILL) CHEBROLU(MANDAL) GUNTUR(DIST)",522213,chanakya14234[at]gmail[dot]com,https://kys.udiseplus.gov.in/#/schooldetail/4681804/12,4681804,22/12/2025 12:01,2268
******00207 Permanently Closed,,CHANDRODAYA UNDAVALLI,,,,Andhra Pradesh,2-Primary with Upper Primary,38-Pvt.Unaided,1 To 7,3-Co-educational,1-Rural,Tadepalle,NA,,,NA,522501,,https://kys.udiseplus.gov.in/#/schooldetail/4715767/12,4715767,15/10/2020 12:18,2268
******91242 Operational,,CHENCHU AIDED UPS,,,,Andhra Pradesh,2-Primary with Upper Primary,35-Pvt.Aided,1 To 7,3-Co-educational,2-Urban,NA,,Guntur (M Corp.) - Ward No.19,Guntur-Municipal Corporations,1st WARD (6th LINE) NALLACHERUVU GUNTUR (CORP.)-2(VILL) GUNTUR(MANDAL) GUNTUR(DIST),522003,,https://kys.udiseplus.gov.in/#/schooldetail/4680956/12,4680956,20/12/2025 12:40,2268
******00939 Operational,,CHETAN ENGLISH MEDIUM SCHOOL,,,,Andhra Pradesh,1-Primary,38-Pvt.Unaided,1 To 5,3-Co-educational,2-Urban,NA,,Guntur (M Corp.) - Ward No.21,Guntur-Municipal Corporations,16-15-255/A 2/1 YADAVA STREET OLD GUNTUR,522001,mnchakravarthy[at]gmail[dot]com,https://kys.udiseplus.gov.in/#/schooldetail/4680798/12,4680798,20/12/2025 12:09,2268
******00940 Permanently Closed,,CHETAN ENGLISH MEDIUM SCHOOL,,,,Andhra Pradesh,1-Primary,38-Pvt.Unaided,1 To 5,3-Co-educational,2-Urban,NA,,Guntur (M Corp.) - Ward No.21,Guntur-Municipal Corporations,NA,522001,,https://kys.udiseplus.gov.in/#/schooldetail/4715895/12,4715895,15/10/2020 12:18,2268
******01522 Operational,,CHIGURU VIDYALAYAM,,,,Andhra Pradesh,2-Primary with Upper Primary,38-Pvt.Unaided,1 To 7,3-Co-educational,1-Rural,Tadepalle,Ippatam,,,"KARAKATTA, NEAR BY MANTHINA SATYANARAYANA ASRAMAM",522501,mrctadepalli[at]gmail[dot]com,https://kys.udiseplus.gov.in/#/schooldetail/4721970/12,4721970,22/12/2025 11:41,2268
******91247 Operational,,CHINMAYA V 1 W,,,,Andhra Pradesh,6-Pr. Up Pr. and Secondary Only,38-Pvt.Unaided,1 To 10,3-Co-educational,2-Urban,NA,,Guntur (M Corp.) - Ward No.34,Guntur-Municipal Corporations,1st WARD SVN COLONY GUNTUR (CORP.)-2(VILL) GUNTUR(MANDAL) GUNTUR(DIST),522006,chinmayavidyalayagnt[at]gmail[dot]com,https://kys.udiseplus.gov.in/#/schooldetail/4680967/12,4680967,20/12/2025 12:40,2268
******00812 Permanently Closed,,CHIRALA HIGH SCHOOL,,,,Andhra Pradesh,6-Pr. Up Pr. and Secondary Only,38-Pvt.Unaided,1 To 10,3-Co-educational,1-Rural,Pedanandipadu,Pedanandipadu,,,NA,522235,,https://kys.udiseplus.gov.in/#/schooldetail/4682817/12,4682817,15/10/2020 12:18,2268
******01019 Operational,,CHRISTIAN WOMENS VOC JR COLLEGE,,,,Andhra Pradesh,11-Higher Secondary only/Jr. College,38-Pvt.Unaided,11 To 12,2-Girls,2-Urban,NA,,Guntur (M Corp.) - Ward No.12,Guntur-Municipal Corporations,SANTOSH NAGAR NALLAPADU GUNTUR,522004,cards_cwcvoc[at]yahoo[dot]in,https://kys.udiseplus.gov.in/#/schooldetail/4719148/12,4719148,20/12/2025 12:29,2268
******91335 Operational,,CITI PUBLIC HS GUNTUR,,,,Andhra Pradesh,7-Upper Pr. and Secondary,38-Pvt.Unaided,6 To 10,3-Co-educational,2-Urban,NA,,Guntur (M Corp.) - Ward No.4,Guntur-Municipal Corporations,OLD GUNTUR GUNTUR GUNTUR (CORP.)-3(VILL) GUNTUR(MANDAL) GUNTUR(DIST),522001,transvass[at]yahoo[dot]com,https://kys.udiseplus.gov.in/#/schooldetail/4681048/12,4681048,20/12/2025 13:13,2268
******91574 Operational,,CITY PUBLIC SCHOOLOLD GUNTURGUNTUR,,,,Andhra Pradesh,1-Primary,38-Pvt.Unaided,1 To 5,3-Co-educational,2-Urban,NA,,Guntur (M Corp.) - Ward No.4,Guntur-Municipal Corporations,guntur corp-3 guntur-522001,522001,citypublicschoolguntur[at]gmail[dot]com,https://kys.udiseplus.gov.in/#/schooldetail/4681175/12,4681175,20/12/2025 12:31,2268
******00257 Operational,,CITY UP SCHOOL,,,,Andhra Pradesh,2-Primary with Upper Primary,38-Pvt.Unaided,1 To 7,3-Co-educational,2-Urban,NA,,Guntur (M Corp.) - Ward No.9,Guntur-Municipal Corporations,OLD GUNTUR GUNTUR URBAN,522001,skgazala555[at]gmail[dot]com,https://kys.udiseplus.gov.in/#/schooldetail/4720668/12,4720668,20/12/2025 12:23,2268
******90524 Operational,,CK (HSC) GIRLS HS MGL,,,,Andhra Pradesh,7-Upper Pr. and Secondary,35-Pvt.Aided,6 To 10,2-Girls,2-Urban,NA,,Managalagiri - Ward No.12,Mangalagiri-Municipality,8th WARD 8th WARD MANGALAGIRI (M)(VILL) MANGALAGIRI(MANDAL) GUNTUR(DIST),522503,chundurugeetha[at]gmail[dot]com,https://kys.udiseplus.gov.in/#/schooldetail/4679645/12,4679645,20/12/2025 13:56,2268
******90522 Operational,,CK JRC HS MANGALAGIRI,,,,Andhra Pradesh,7-Upper Pr. and Secondary,35-Pvt.Aided,6 To 10,3-Co-educational,2-Urban,NA,,Mangalagiri Ward No.13,Mangalagiri-Municipality,14th WARD 14th WARD MANGALAGIRI (M)(VILL) MANGALAGIRI(MANDAL) GUNTUR(DIST),522503,anilvaralakshmi[at]gmail[dot]com,https://kys.udiseplus.gov.in/#/schooldetail/4679644/12,4679644,20/12/2025 13:56,2268
******00537 Operational,,C K JUNIOR COLLEGE,,,,Andhra Pradesh,11-Higher Secondary only/Jr. College,35-Pvt.Aided,11 To 12,3-Co-educational,2-Urban,NA,,Mangalagiri Ward No.13,Mangalagiri-Municipality,"DNO7-165E , MIDDE CENTRE, OLD MANGALAGIRI",522503,ckjuniorcollege[at]gmail[dot]com,https://kys.udiseplus.gov.in/#/schooldetail/4719097/12,4719097,20/12/2025 13:20,2268
******00316 Operational,,C.R.ENGLISH MEDIUM SCHOOL REDDLA BAZAR OLD GUNTUR,,,,Andhra Pradesh,6-Pr. Up Pr. and Secondary Only,38-Pvt.Unaided,1 To 10,3-Co-educational,2-Urban,NA,,Guntur (M Corp.) - Ward No.3,Guntur-Municipal Corporations,"Redla bazar ,T.R.R.Nagar, Nnandi velugu road, Old guntur",522001,c.r.emschool[at]gmail[dot]com,https://kys.udiseplus.gov.in/#/schooldetail/4680678/12,4680678,20/12/2025 11:37,2268
******00205 Permanently Closed,,CVR BALA KUTEER AV PADU,,,,Andhra Pradesh,1-Primary,61-Unrecognised Schools,1 To 5,3-Co-educational,1-Rural,Vatticherukuru,Ananthavarappadu,,,NA,522017,,https://kys.udiseplus.gov.in/#/schooldetail/4681847/12,4681847,15/10/2020 12:18,2268
******00406 Operational,,DARAHAS SCHOOL AMARAVATHI ROAD GUNTUR,,,,Andhra Pradesh,2-Primary with Upper Primary,38-Pvt.Unaided,1 To 7,3-Co-educational,2-Urban,NA,,Guntur Ward No. 57,Guntur-Municipal Corporations,AMARAVATHI ROAD- GORANTLA GUNTUR - 522034,522034,darahasgnt[at]gmail[dot]com,https://kys.udiseplus.gov.in/#/schooldetail/4680745/12,4680745,20/12/2025 11:48,2268
******00942 Operational,,DAR AL ARQUAM EM SCHOOL,,,,Andhra Pradesh,2-Primary with Upper Primary,38-Pvt.Unaided,1 To 7,3-Co-educational,2-Urban,NA,,Guntur (M Corp.) - Ward No.16,Guntur-Municipal Corporations,"Jhunnu Shaheed colony, Ponnur Road Guntur",522003,dapsgnt786[at]gmail[dot]com,https://kys.udiseplus.gov.in/#/schooldetail/4719130/12,4719130,20/12/2025 12:10,2268
******00909 Closed,Closed,DAROOL ULOOM SABIBULLA HUDA ISCON TEMPLE BHAVANIPURAM,,,,Andhra Pradesh,2-Primary with Upper Primary,98-Madarsa Unrecognized,1 To 7,1-Boys,2-Urban,NA,,Guntur (M Corp.) - Ward No.29,Guntur-Municipal Corporations,AT AGRAHARAM,522004,asognt[at]gmail[dot]com,https://kys.udiseplus.gov.in/#/schooldetail/4680045/12,4680045,02/09/2024 10:07,2268
******90557 Operational,,DARSGAH -E- ISLAMI UPSCHOOL MGL,,,,Andhra Pradesh,2-Primary with Upper Primary,98-Madarsa Unrecognized,1 To 7,3-Co-educational,2-Urban,NA,,Mangalagiri (M) - Ward No.30,Mangalagiri-Municipality,O P NEW INDIA HOTEL MANGALAGIRI MANGALAGIRI MANGALAGIRI (M)(VILL) MANGALAGIRI(MANDAL) GUNTUR(DIST),522503,arasheedmngl[at]gmail[dot]com,https://kys.udiseplus.gov.in/#/schooldetail/4678966/12,4678966,20/12/2025 13:55,2268
******00894 Closed,Closed,DARSHINI I BLOOMS,,,,Andhra Pradesh,2-Primary with Upper Primary,38-Pvt.Unaided,1 To 7,3-Co-educational,1-Rural,Tenali,Kolakaluru,,,kolalakuru,522201,darshini_ngo[at]yahoo[dot]com,https://kys.udiseplus.gov.in/#/schooldetail/4680865/12,4680865,15/10/2020 12:18,2268
******01309 Closed,Closed,DATTANANDHA UPS,,,,Andhra Pradesh,2-Primary with Upper Primary,38-Pvt.Unaided,1 To 7,3-Co-educational,2-Urban,NA,,Guntur Ward No. 59,Guntur-Municipal Corporations,59 ward CHOWDAVARAM(VILL) GUNTUR(MANDAL) GUNTUR(DIST),522019,dattanadhaemschool[at]gmail[dot]com,https://kys.udiseplus.gov.in/#/schooldetail/4680841/12,4680841,06/11/2024 14:05,2268
******91128 Operational,,DAYAMANI JOSEPH UP SCHOOL,,,,Andhra Pradesh,2-Primary with Upper Primary,38-Pvt.Unaided,1 To 7,3-Co-educational,2-Urban,NA,,Tenali (M) - Ward No.23,Tenali-Municipality,14-42-60 between two railway gates morris peta tenali guntur ap,522202,Suvrnakumarim[at]gmail[dot]com,https://kys.udiseplus.gov.in/#/schooldetail/4681723/12,4681723,22/12/2025 15:11,2268
******01112 Operational,,DELHI PUBLIC SCHOOL,,,,Andhra Pradesh,3-Pr. with Up.Pr. Sec. and H.Sec.,39-Pvt.Unaided (CBSE Syllabus),1 To 12,3-Co-educational,1-Rural,Tadikonda,Lam,,,LAM TADIKONDA GUNTUR,522034,info[at]dpsamaravati[dot]com,https://kys.udiseplus.gov.in/#/schooldetail/4719101/12,4719101,22/12/2025 11:00,2268
******00708 Closed,Closed,DIPSITES PEDAGOGY SYSTEM UP SCHOOLKAZA,,,,Andhra Pradesh,2-Primary with Upper Primary,38-Pvt.Unaided,1 To 7,3-Co-educational,1-Rural,Mangalagiri,NA,,,KAZA MANGALAGIRI,522508,dpsworldcampus[at]gmail[dot]com,https://kys.udiseplus.gov.in/#/schooldetail/4679595/12,4679595,10/05/2022 17:38,2268
******91012 Operational,,D.I.S M E S NAZERPET,,,,Andhra Pradesh,1-Primary,34-MUNCIPAL,1 To 5,3-Co-educational,2-Urban,NA,,Tenali (M) - Ward No.11,Tenali-Municipality,11th WARD NAZERPET TENALI (M)(VILL) TENALI(MANDAL) GUNTUR(DIST),522201,tirumalareddy.chyk[at]gmail[dot]com,https://kys.udiseplus.gov.in/#/schooldetail/4681642/12,4681642,22/12/2025 15:41,2268
******00611 Operational,,DIVINE MERCY ENGLISH MEDIUM SCHOOL,,,,Andhra Pradesh,2-Primary with Upper Primary,38-Pvt.Unaided,1 To 7,3-Co-educational,1-Rural,Chebrole,Sekuru,,,"SEKUR CHEBROLE MANDAL ,522213",522213,dmems2018[at]gmail[dot]com,https://kys.udiseplus.gov.in/#/schooldetail/4681794/12,4681794,22/12/2025 11:59,2268
******91034 Operational,,D.M.R.P.PADISANPET,,,,Andhra Pradesh,1-Primary,35-Pvt.Aided,1 To 5,3-Co-educational,2-Urban,NA,,Tenali (M) - Ward No.31,Tenali-Municipality,39WARD PADISONPET TENALI (M)(VILL) TENALI(MANDAL) GUNTUR(DIST),522201,Chavali.swarnalatha[at]gmail[dot]com,https://kys.udiseplus.gov.in/#/schooldetail/4681663/12,4681663,22/12/2025 16:04,2268
******90501 Operational,,DNTG PS MANGALAGIRI,,,,Andhra Pradesh,1-Primary,11-State Govt.(DNT),1 To 5,3-Co-educational,2-Urban,NA,,Mangalagiri (M) - Ward No.3,Mangalagiri-Municipality,TEMPLE COMPLEX MANGALAGIRI MANGALAGIRI (M)(VILL) MANGALAGIRI(MANDAL) GUNTUR(DIST),522503,mailmesjrao[at]gmail[dot]com,https://kys.udiseplus.gov.in/#/schooldetail/4679623/12,4679623,20/12/2025 13:27,2268
******00805 Operational,,DONBOSCO (EM) HS PT PARRU,,,,Andhra Pradesh,7-Upper Pr. and Secondary,38-Pvt.Unaided,6 To 10,3-Co-educational,1-Rural,Ponnur,Patchalatadiparru,,,DONBOSCO EM HS DNO 1-57 BAPATLA ROAD PATCHALATADIPARRU VILLAGE PONNUR MANDAL GUNTUR DT-522316,522316,donboscoschoolptparru[at]gmail[dot]com,https://kys.udiseplus.gov.in/#/schooldetail/4682899/12,4682899,07/10/2024 17:12,2268
******00913 Operational,,DON BOSCO EMS CHEBROLU,,,,Andhra Pradesh,6-Pr. Up Pr. and Secondary Only,38-Pvt.Unaided,1 To 10,3-Co-educational,1-Rural,Chebrole,Chebrolu,,,"CHEBROLE , CHEBROLE(VILL) CHEBROLU(MANDAL) GUNTUR(DIST)",522212,donboscoschoolchebrolu[at]gmail[dot]com,https://kys.udiseplus.gov.in/#/schooldetail/4681818/12,4681818,26/09/2024 16:47,2268
******00530 Operational,,"DONBOSCO ENGLISH MEDIUM SCHOOL,MANGALAGIRI",,,,Andhra Pradesh,6-Pr. Up Pr. and Secondary Only,40-Pvt.Unaided (ICSE Syllabus),1 To 10,3-Co-educational,2-Urban,NA,,Mangalagiri (M) - Ward No.32,Mangalagiri-Municipality,"NEAR SPENCER DOWN, YERRABALEM VILLAGE, MANGALAGIRI",522503,dbemschool2017[at]gmail[dot]com,https://kys.udiseplus.gov.in/#/schooldetail/4679585/12,4679585,20/12/2025 13:19,2268
******00311 Operational,,DON BOSCO HS YERRABALEM,,,,Andhra Pradesh,7-Upper Pr. and Secondary,38-Pvt.Unaided,8 To 10,3-Co-educational,1-Rural,Mangalagiri,Krishnayapalem,,,DON BOSCO HIGH SCHOOL YERRABALEM MANGALAGIRI MANDAL GUNTUR DISTRICT AP,522503,dbhsyblm[at]gmail[dot]com,https://kys.udiseplus.gov.in/#/schooldetail/4679553/12,4679553,20/12/2025 13:12,2268
******00803 Operational,,DONBOSCO PS PTPARRU,,,,Andhra Pradesh,1-Primary,38-Pvt.Unaided,1 To 5,3-Co-educational,1-Rural,Ponnur,Patchalatadiparru,,,DONBOSCO PS BAPATLA ROAD PATCHALATADIPARRU VILLAGE PONNUR MANDAL GUNTUR DT-522316,522316,donboscoschoolptparru[at]gmail[dot]com,https://kys.udiseplus.gov.in/#/schooldetail/4682897/12,4682897,07/10/2024 16:28,2268
******00307 Operational,,DON BOSCO UPS YERRABALEM,,,,Andhra Pradesh,2-Primary with Upper Primary,35-Pvt.Aided,1 To 7,3-Co-educational,1-Rural,Mangalagiri,Krishnayapalem,,,YERRABALEM YERRABALEM NOWLUR(VILL) MANGALAGIRI(MANDAL) GUNTUR(DIST),522503,dbpsyblm[at]gmail[dot]com,https://kys.udiseplus.gov.in/#/schooldetail/4679549/12,4679549,20/12/2025 13:11,2268
******00502 Operational,,DPEP KOLANUKONDA,,,,Andhra Pradesh,1-Primary,33-MPP_ZPP SCHOOLS,1 To 5,3-Co-educational,2-Urban,NA,,Tadepalli Ward No.20,Tadepalli-Municipality,KOLANUKONDA KOLANUKONDA KOLANUKONDA(VILL) THADEPALLE(MANDAL) GUNTUR(DIST),522502,mppskolanukonda[at]gmail[dot]com,https://kys.udiseplus.gov.in/#/schooldetail/4679518/12,4679518,08/10/2024 12:22,2268
******90150 Operational,,"DR B.R.AMBEDKAR GURUKULAM FOR GIRLS, KAKUMANU",,,,Andhra Pradesh,6-Pr. Up Pr. and Secondary Only,24-APSWREI Society Schools,5 To 10,2-Girls,1-Rural,Kakumanu,Kakumanu,,,"KAKUMANU,KAKUMANU MANDAL",522112,kakumanuprincipal1[at]gmail[dot]com,https://kys.udiseplus.gov.in/#/schooldetail/4683867/12,4683867,28/09/2024 11:55,2268
******90399 Closed,Closed,DR BR AMBEKAR AES 1WARD,,,,Andhra Pradesh,1-Primary,35-Pvt.Aided,1 To 5,3-Co-educational,2-Urban,NA,,Guntur (M Corp.) - Ward No.20,Guntur-Municipal Corporations,1st WARD CHAKALIGUNTA GUNTUR (CORP.)(VILL) GUNTUR(MANDAL) GUNTUR(DIST),522003,jakeer5000[at]gmail[dot]com,https://kys.udiseplus.gov.in/#/schooldetail/4680188/12,4680188,12/08/2025 16:18,2268
******91015 Operational,,DR. B.R.A. S PADISONPET,,,,Andhra Pradesh,1-Primary,34-MUNCIPAL,1 To 5,3-Co-educational,2-Urban,NA,,Tenali (M) - Ward No.37,Tenali-Municipality,34th WARD PADISONPET TENALI (M)(VILL) TENALI(MANDAL) GUNTUR(DIST),522201,karunakumarik123[at]gmail[dot]com,https://kys.udiseplus.gov.in/#/schooldetail/4681645/12,4681645,22/12/2025 15:43,2268
******91411 Operational,,DREAM CHILD KOTHAPET,,,,Andhra Pradesh,6-Pr. Up Pr. and Secondary Only,38-Pvt.Unaided,1 To 10,3-Co-educational,2-Urban,NA,,Guntur (M Corp.) - Ward No.19,Guntur-Municipal Corporations,GUNTUR GUNTUR GUNTUR (CORP ) 4(VILL) GUNTUR(MANDAL) GUNTUR(DIST),522001,dreamchild2023[at]gmail[dot]com,https://kys.udiseplus.gov.in/#/schooldetail/4681074/12,4681074,20/12/2025 12:52,2268
******91421 Operational,,DR.KKR CONCEPT HS,,,,Andhra Pradesh,6-Pr. Up Pr. and Secondary Only,38-Pvt.Unaided,1 To 10,3-Co-educational,2-Urban,NA,,Guntur (M Corp.) - Ward No.33,Guntur-Municipal Corporations,NAVABHARATH NAGAR 3RD LINE GUNTUR GUNTUR GUNTUR(MANDAL) GUNTUR(DIST),522006,gcsgnt[at]yahoo[dot]in,https://kys.udiseplus.gov.in/#/schooldetail/4681077/12,4681077,20/12/2025 15:24,2268
******91587 Operational,,DR.KKR GOWTHAM HIGH SCHOOL VENGALAYAPALEM,,,,Andhra Pradesh,6-Pr. Up Pr. and Secondary Only,38-Pvt.Unaided,1 To 10,3-Co-educational,1-Rural,Guntur,Ankireddipalem (R),,,NH-5 NEAR EENADU OFFICE,522005,gcsguntur[at]yahoo[dot]in,https://kys.udiseplus.gov.in/#/schooldetail/4681191/12,4681191,20/12/2025 14:48,2268
******91301 Operational,,DRKLP HSS GUNTUR,,,,Andhra Pradesh,3-Pr. with Up.Pr. Sec. and H.Sec.,39-Pvt.Unaided (CBSE Syllabus),1 To 12,3-Co-educational,2-Urban,NA,,Guntur (M Corp.) - Ward No.33,Guntur-Municipal Corporations,1st WARD JKC COLLEGE ROAD GUNTUR (CORP.)-3(VILL) GUNTUR(MANDAL) GUNTUR(DIST),522006,klppublicschool[at]yahoo[dot]com,https://kys.udiseplus.gov.in/#/schooldetail/4681025/12,4681025,20/12/2025 14:55,2268
******00724 Operational,,DR RANJAN BABU COMMUNITY JUNIOR COLLEGE (RCJC),,,,Andhra Pradesh,11-Higher Secondary only/Jr. College,38-Pvt.Unaided,11 To 12,3-Co-educational,1-Rural,Phirangipuram,Phirangipuram,,,10-1 deenapur phirangipuram guntur district,522529,ruralchristianjc1984[at]gmail[dot]com,https://kys.udiseplus.gov.in/#/schooldetail/4680552/12,4680552,18/12/2025 15:45,2268
******00811 Closed,Closed,DR RANJAN SWARNA EM UP SCHOOL,,,,Andhra Pradesh,2-Primary with Upper Primary,38-Pvt.Unaided,1 To 7,3-Co-educational,1-Rural,Phirangipuram,Aminabada,,,AMEENABAD1,522529,meophirangipuram[at]gmail[dot]com,https://kys.udiseplus.gov.in/#/schooldetail/4680560/12,4680560,15/10/2020 12:18,2268
******00812 Permanently Closed,,DR.RANJAN SWARNA EM UP SCHOOL,,,,Andhra Pradesh,2-Primary with Upper Primary,38-Pvt.Unaided,1 To 7,3-Co-educational,1-Rural,Phirangipuram,Aminabada,,,NA,522529,,https://kys.udiseplus.gov.in/#/schooldetail/4715835/12,4715835,15/10/2020 12:18,2268
******90718 Closed,Closed,DR. SRI B.R.A.M. AEL 8 W,,,,Andhra Pradesh,1-Primary,35-Pvt.Aided,1 To 5,3-Co-educational,2-Urban,NA,,Ponnur (M) - Ward No.8,Ponnuru-Municipality,8th WARD CABINPET NIDUBROLU PONNURU (M)(VILL) PONNURU(MANDAL) GUNTUR(DIST),522124,,https://kys.udiseplus.gov.in/#/schooldetail/4682967/12,4682967,10/05/2022 18:27,2268
******00324 Closed,Closed,DR SWARNALATHA DEVI (VOC) JUNIOR COLLEGE,,,,Andhra Pradesh,11-Higher Secondary only/Jr. College,38-Pvt.Unaided,11 To 12,3-Co-educational,1-Rural,Pedakakani,Pedakakani,,,deenama Sadan Ameenabad Phirangipuram,NA,,https://kys.udiseplus.gov.in/#/schooldetail/4719158/12,4719158,15/10/2020 12:18,2268
******00809 Operational,,DR SWARNALATHA DEVI VOC JUNIOR COLLEGE,,,,Andhra Pradesh,11-Higher Secondary only/Jr. College,38-Pvt.Unaided,11 To 12,2-Girls,1-Rural,Phirangipuram,Phirangipuram,,,"Deenamma Sadam, Ameenabad, PHIRANGIPURAM",522529,swarnalathadevicollege[at]yahoo[dot]in,https://kys.udiseplus.gov.in/#/schooldetail/4720074/12,4720074,15/12/2023 13:05,2268
******00944 Operational,,DR TSRS RAINBOW EM SCHOOL,,,,Andhra Pradesh,2-Primary with Upper Primary,38-Pvt.Unaided,1 To 7,3-Co-educational,2-Urban,NA,,Guntur (M Corp.) - Ward No.6,Guntur-Municipal Corporations,ANANDAPET GOLUSUKONDALARAO NAGAR 1ST LINE GUNTUR,522003,sambasivaraotangella[at]gmail[dot]com,https://kys.udiseplus.gov.in/#/schooldetail/4719132/12,4719132,20/12/2025 12:10,2268
******00110 Permanently Closed,,DR. Y S R REGIONAL SPORTS JUNIOR COLLEGE,,,,Andhra Pradesh,11-Higher Secondary only/Jr. College,38-Pvt.Unaided,11 To 12,3-Co-educational,1-Rural,Kakumanu,Vallur,,,NA,516293,,https://kys.udiseplus.gov.in/#/schooldetail/4716106/12,4716106,15/10/2020 12:18,2268
******90770 Operational,,D.V.C.VIVEKA JR .COLLEGE-26090,,,,Andhra Pradesh,11-Higher Secondary only/Jr. College,38-Pvt.Unaided,11 To 12,3-Co-educational,2-Urban,NA,,Ponnur (M) - Ward No.17,Ponnuru-Municipality,DVC VIVEKA JUNIOR COLLEGE NETHAJI NAGR 3RD LINE NEAR RAMALAYAM TEMPLE PONNUR GUNTUR DT 522124,522124,dvcjrcollege[at]gmail[dot]com,https://kys.udiseplus.gov.in/#/schooldetail/4682994/12,4682994,08/10/2024 14:57,2268
******90403 Operational,,DVSA ARKA JUNIOR COLLEGE,,,,Andhra Pradesh,11-Higher Secondary only/Jr. College,38-Pvt.Unaided,11 To 12,3-Co-educational,2-Urban,NA,,Guntur (M Corp.) - Ward No.38,Guntur-Municipal Corporations,LAKSHMIPURAM 3RD LINE GUNTUR,522034,satyalalitha2010[at]gmail[dot]com,https://kys.udiseplus.gov.in/#/schooldetail/4715909/12,4715909,20/12/2025 14:43,2268
******00713 Permanently Closed,,EDUCARE JR. COLLEGE,,,,Andhra Pradesh,11-Higher Secondary only/Jr. College,38-Pvt.Unaided,11 To 12,3-Co-educational,2-Urban,NA,,Guntur (M Corp.) - Ward No.45,Guntur-Municipal Corporations,NA,522002,,https://kys.udiseplus.gov.in/#/schooldetail/4715887/12,4715887,15/10/2020 12:18,2268
******00701 Permanently Closed,,EEDA MASTHANAMMA MEMO VOC JR COLLEGE,,,,Andhra Pradesh,11-Higher Secondary only/Jr. College,38-Pvt.Unaided,11 To 12,3-Co-educational,2-Urban,NA,,Guntur (M Corp.) - Ward No.35,Guntur-Municipal Corporations,NA,522007,,https://kys.udiseplus.gov.in/#/schooldetail/4715877/12,4715877,15/10/2020 12:18,2268
******00310 Operational,,EETHARAM PUBLIC SCHOOL,,,,Andhra Pradesh,2-Primary with Upper Primary,38-Pvt.Unaided,1 To 7,3-Co-educational,1-Rural,Chebrole,Vejendla,,,"VEJENDLA CHEBROLE , EETHARAM PUBLIC SCHOOL",522213,sruteesh999[at]gmail[dot]com,https://kys.udiseplus.gov.in/#/schooldetail/4681780/12,4681780,26/09/2024 08:56,2268
******00624 Operational,,E- HUSSAINIYA MADARASA,,,,Andhra Pradesh,1-Primary,98-Madarsa Unrecognized,1 To 5,3-Co-educational,2-Urban,NA,,Guntur (M Corp.) - Ward No.16,Guntur-Municipal Corporations,TENALI ROAD OPP. MOSQUE 2ND LINE GUNTUR GUNTUR (U)(VILL) GUNTUR(MANDAL) GUNTUR(DIST),522003,shaik0786shabbu[at]gmail[dot]com,https://kys.udiseplus.gov.in/#/schooldetail/4680761/12,4680761,20/12/2025 11:57,2268
******00383 Permanently Closed,,E-HUSSAINIYA MADARSA,,,,Andhra Pradesh,1-Primary,98-Madarsa Unrecognized,1 To 5,1-Boys,2-Urban,NA,,Guntur (M Corp.) - Ward No.5,Guntur-Municipal Corporations,NA,522003,,https://kys.udiseplus.gov.in/#/schooldetail/4715861/12,4715861,15/10/2020 12:18,2268
******00096 Operational,,ELON SCHOOL,,,,Andhra Pradesh,2-Primary with Upper Primary,38-Pvt.Unaided,1 To 7,3-Co-educational,2-Urban,NA,,Guntur (M Corp.) - Ward No.29,Guntur-Municipal Corporations,CHOWDAVARAM GUNTUR MANDAL,522019,,https://kys.udiseplus.gov.in/#/schooldetail/4720496/12,4720496,20/12/2025 12:26,2268
******90407 Permanently Closed,,EMMI JUNIOR COLLEGE,,,,Andhra Pradesh,11-Higher Secondary only/Jr. College,38-Pvt.Unaided,11 To 12,3-Co-educational,2-Urban,NA,,Guntur (M Corp.) - Ward No.33,Guntur-Municipal Corporations,NA,522006,,https://kys.udiseplus.gov.in/#/schooldetail/4715912/12,4715912,15/10/2020 12:18,2268
******02011 Operational,,EXCELLENT PUBLIC SCH,,,,Andhra Pradesh,2-Primary with Upper Primary,38-Pvt.Unaided,1 To 8,3-Co-educational,1-Rural,Ponnur,Mulukuduru,,,MACHAVARAM CROSS ROAD MULUKUDURU PONNURU (MNDL) MULUKUDURU(VILL) PONNURU(MANDAL) GUNTUR(DIST),522315,rajashekhar.1213[at]gmail[dot]com,https://kys.udiseplus.gov.in/#/schooldetail/4682949/12,4682949,07/10/2024 17:17,2268
******00712 Permanently Closed,,FATHER HEVER (VOC) JR. COLLEGE,,,,Andhra Pradesh,11-Higher Secondary only/Jr. College,38-Pvt.Unaided,11 To 12,3-Co-educational,2-Urban,NA,,Guntur (M Corp.) - Ward No.36,Guntur-Municipal Corporations,NA,522005,,https://kys.udiseplus.gov.in/#/schooldetail/4715886/12,4715886,15/10/2020 12:18,2268
******00309 Operational,,FOUNDATION OF JOY SCHOOL ADITYA NAGAR 3RD LANE,,,,Andhra Pradesh,2-Primary with Upper Primary,38-Pvt.Unaided,1 To 7,3-Co-educational,2-Urban,NA,,Guntur (M Corp.) - Ward No.39,Guntur-Municipal Corporations,ADITYA NAGAR 3RD LINE GUNTUR,522006,,https://kys.udiseplus.gov.in/#/schooldetail/4680676/12,4680676,20/12/2025 11:37,2268
******90405 Operational,,FUTURE FOCUS MAHILA JR. COLLEGE,,,,Andhra Pradesh,11-Higher Secondary only/Jr. College,38-Pvt.Unaided,11 To 12,3-Co-educational,2-Urban,NA,,Guntur (M Corp.) - Ward No.34,Guntur-Municipal Corporations,GUNTUR VIDYANAGAR GARDEN,522005,,https://kys.udiseplus.gov.in/#/schooldetail/4719149/12,4719149,20/12/2025 14:43,2268
******91201 Operational,,GANESH COMMITTEE AIDED EL,,,,Andhra Pradesh,1-Primary,35-Pvt.Aided,1 To 5,3-Co-educational,2-Urban,NA,,Guntur (M Corp.) - Ward No.21,Guntur-Municipal Corporations,21st WARD vaddegudem GUNTUR (CORP.)-2(VILL) GUNTUR(MANDAL) GUNTUR(DIST),522004,saraladevikondamudi[at]gmail[dot]com,https://kys.udiseplus.gov.in/#/schooldetail/4680924/12,4680924,20/12/2025 14:43,2268
******00715 Permanently Closed,,GAYATHRI JUNIOR COLLEGE,,,,Andhra Pradesh,11-Higher Secondary only/Jr. College,38-Pvt.Unaided,11 To 12,3-Co-educational,2-Urban,NA,,Guntur (M Corp.) - Ward No.45,Guntur-Municipal Corporations,NA,522007,,https://kys.udiseplus.gov.in/#/schooldetail/4715889/12,4715889,15/10/2020 12:18,2268
******00807 Closed,Closed,GAYATHRI PUBLIC SCHOOL ETUKURU,,,,Andhra Pradesh,6-Pr. Up Pr. and Secondary Only,38-Pvt.Unaided,1 To 10,3-Co-educational,2-Urban,NA,,Guntur Ward No. 60,Guntur-Municipal Corporations,ETUKURU GUNTUR 522017,522017,,https://kys.udiseplus.gov.in/#/schooldetail/4680038/12,4680038,11/05/2022 14:27,2268
******00525 Permanently Closed,,Gayathri Vidya Nikethan,,,,Andhra Pradesh,1-Primary,61-Unrecognised Schools,1 To 5,3-Co-educational,2-Urban,NA,,Mangalagiri (M) - Ward No.22,Mangalagiri-Municipality,NA,522303,,https://kys.udiseplus.gov.in/#/schooldetail/4715772/12,4715772,15/10/2020 12:18,2268
******00691 Operational,,G.C.S.S.JR.COLLEGE SANGADIGUNTA GUNTUR,,,,Andhra Pradesh,11-Higher Secondary only/Jr. College,38-Pvt.Unaided,11 To 12,3-Co-educational,2-Urban,NA,,Guntur (M Corp.) - Ward No.10,Guntur-Municipal Corporations,20-8-143Bapuji RdSangadigunta,522003,gcssjuniorcollege[at]gmail[dot]com,https://kys.udiseplus.gov.in/#/schooldetail/4680776/12,4680776,20/12/2025 12:05,2268
******91275 Operational,,GCSS JR C S GUNTA,,,,Andhra Pradesh,7-Upper Pr. and Secondary,35-Pvt.Aided,6 To 10,3-Co-educational,2-Urban,NA,,Guntur (M Corp.) - Ward No.19,Guntur-Municipal Corporations,1st WARD SANGADIGUNTA GUNTUR (CORP.)-2(VILL) GUNTUR(MANDAL) GUNTUR(DIST),522003,gcssjrcollegehighschool[at]g[dot]mail,https://kys.udiseplus.gov.in/#/schooldetail/4680998/12,4680998,20/12/2025 13:04,2268
******91111 Permanently Closed,,GEETAMS E M SCHOOL ITHNAGAR,,,,Andhra Pradesh,2-Primary with Upper Primary,61-Unrecognised Schools,1 To 7,3-Co-educational,2-Urban,NA,,Tenali (M) - Ward No.40,Tenali-Municipality,NA,522201,,https://kys.udiseplus.gov.in/#/schooldetail/4716001/12,4716001,15/10/2020 12:18,2268
******00322 Operational,,GEETANJALI PEDAKAKANI,,,,Andhra Pradesh,6-Pr. Up Pr. and Secondary Only,38-Pvt.Unaided,1 To 10,3-Co-educational,1-Rural,Pedakakani,Pedakakani,,,PEDAKANAKI PEDA KAKANI PEDAKAKANI(VILL) PEDAKAKANI(MANDAL) GUNTUR(DIST),522509,sriharimunaga1037[at]gmail[dot]com,https://kys.udiseplus.gov.in/#/schooldetail/4681234/12,4681234,18/09/2024 12:25,2268
******00318 Permanently Closed,,GEETANJALI P KAKANI,,,,Andhra Pradesh,7-Upper Pr. and Secondary,38-Pvt.Unaided,6 To 10,3-Co-educational,1-Rural,Pedakakani,Pedakakani,,,NA,522509,,https://kys.udiseplus.gov.in/#/schooldetail/4715941/12,4715941,15/10/2020 12:18,2268
******00392 Operational,,GEETHAM HIGH SCHOOL,,,,Andhra Pradesh,7-Upper Pr. and Secondary,38-Pvt.Unaided,6 To 10,3-Co-educational,2-Urban,NA,,Guntur Ward No. 54,Guntur-Municipal Corporations,Gujjanagundla guntur corporation,522006,durgag1966[at]gmail[dot]com,https://kys.udiseplus.gov.in/#/schooldetail/4680735/12,4680735,20/12/2025 12:52,2268
******00325 Closed,Closed,GEETHAM HIGH SCHOOL BRUNDAVAN GARDEN 6TH LINE,,,,Andhra Pradesh,7-Upper Pr. and Secondary,38-Pvt.Unaided,6 To 10,3-Co-educational,2-Urban,NA,,Guntur (M Corp.) - Ward No.35,Guntur-Municipal Corporations,BETWEEN 6 AND 7 LINE BRUNDHAVAN GARDENCE GUNTUR,522006,aniluzwala01[at]gmail[dot]com,https://kys.udiseplus.gov.in/#/schooldetail/4679923/12,4679923,01/10/2025 11:43,2268
******01532 Operational,,"GEETHAM JUNIOR COLLEGE, PEDAPALAKALURU",,,,Andhra Pradesh,11-Higher Secondary only/Jr. College,38-Pvt.Unaided,11 To 12,3-Co-educational,2-Urban,Guntur,,Guntur (M Corp.) - Ward No.40,Guntur-Municipal Corporations,D No 379 pedapalakaluru guntur,522006,NAGENDRAM542[at]GMAIL[dot]COM,https://kys.udiseplus.gov.in/#/schooldetail/4721963/12,4721963,20/12/2025 12:16,2268
******00345 Operational,,GEETHAM PS B.R.GARDEN,,,,Andhra Pradesh,1-Primary,38-Pvt.Unaided,1 To 5,3-Co-educational,2-Urban,NA,,Guntur (M Corp.) - Ward No.35,Guntur-Municipal Corporations,between 6 and 7 line brundhavan gardence guntur,522006,krishnareddydodda38[at]gmail[dot]com,https://kys.udiseplus.gov.in/#/schooldetail/4680707/12,4680707,20/12/2025 12:45,2268
******00215 Operational,,GEETHANJALI GOUDAPALEM,,,,Andhra Pradesh,1-Primary,38-Pvt.Unaided,1 To 5,3-Co-educational,1-Rural,Pedakakani,Nambur,,,NEAR VENUGOLA SWAMY TEMPLE NAMBUR NAMBUR(VILL) PEDAKAKANI(MANDAL) GUNTUR(DIST),522508,purnakumarigogula[at]gmail[dot]com,https://kys.udiseplus.gov.in/#/schooldetail/4681214/12,4681214,18/09/2024 12:48,2268
******00406 Operational,,GEETHANJALI SCHOOL,,,,Andhra Pradesh,6-Pr. Up Pr. and Secondary Only,39-Pvt.Unaided (CBSE Syllabus),1 To 10,3-Co-educational,2-Urban,NA,,Tadepalli Ward No.2,Tadepalli-Municipality,KUNCHNAPALLITADEPALLI MANDAL GUNTUR DIST522501I,522502,info[at]geetanjalischool[dot]in,https://kys.udiseplus.gov.in/#/schooldetail/4679516/12,4679516,08/10/2024 12:20,2268
******91360 Operational,,GEMINI PS GUNTUR,,,,Andhra Pradesh,6-Pr. Up Pr. and Secondary Only,38-Pvt.Unaided,1 To 10,3-Co-educational,2-Urban,NA,,Guntur (M Corp.) - Ward No.39,Guntur-Municipal Corporations,BRODIEPET GUNTUR GUNTUR (CORP.)-3(VILL) GUNTUR(MANDAL) GUNTUR(DIST),522002,gemini.gunur[at]gmail[dot]com,https://kys.udiseplus.gov.in/#/schooldetail/4681059/12,4681059,20/12/2025 15:03,2268
******00353 Operational,,GEMINIS SCHOOL GAYATHRI NAGAR 2ND LINE KVP COLONY GUNTUR,,,,Andhra Pradesh,6-Pr. Up Pr. and Secondary Only,38-Pvt.Unaided,1 To 10,3-Co-educational,2-Urban,NA,,Guntur (M Corp.) - Ward No.27,Guntur-Municipal Corporations,GAYATHRI NAGAR2ND LANE KVP COLONY GUNTUR 522004,522004,gemini.gunur[at]gmail[dot]com,https://kys.udiseplus.gov.in/#/schooldetail/4680721/12,4680721,20/12/2025 12:46,2268
******00709 Operational,,GEMS SCHOOL,,,,Andhra Pradesh,3-Pr. with Up.Pr. Sec. and H.Sec.,39-Pvt.Unaided (CBSE Syllabus),1 To 12,3-Co-educational,2-Urban,NA,,Mangalagiri (M) - Ward No.27,Mangalagiri-Municipality,Raintree Park Dwaraka Krishna NH-5 opp. Acharya Nagarjuna University Kaza Guntur AP,522510,manoharreddy.chinnapareddy[at]gemspublicschools[dot]co[dot]in,https://kys.udiseplus.gov.in/#/schooldetail/4719098/12,4719098,20/12/2025 13:22,2268
******00707 Permanently Closed,,"GEMS UP SCHOOL, KAZA",,,,Andhra Pradesh,6-Pr. Up Pr. and Secondary Only,38-Pvt.Unaided,1 To 10,3-Co-educational,1-Rural,Mangalagiri,NA,,,NA,522508,,https://kys.udiseplus.gov.in/#/schooldetail/4679594/12,4679594,15/10/2020 12:18,2268
******00307 Permanently Closed,,GENIUS ENGLISH MEDIUM SCHOOL ADITYA NAGAR,,,,Andhra Pradesh,2-Primary with Upper Primary,38-Pvt.Unaided,1 To 7,3-Co-educational,2-Urban,NA,,Guntur (M Corp.) - Ward No.42,Guntur-Municipal Corporations,NA,NA,,https://kys.udiseplus.gov.in/#/schooldetail/4715844/12,4715844,15/10/2020 12:18,2268
******00913 Closed,Closed,"GENTLE SHEPHERD LUTHERAN UP SCHOOL, VIDYA NAGAR 3/8, GUNTUR",,,,Andhra Pradesh,2-Primary with Upper Primary,38-Pvt.Unaided,1 To 7,3-Co-educational,2-Urban,NA,,Guntur (M Corp.) - Ward No.37,Guntur-Municipal Corporations,Vidyanagar 3/8 Guntur -7,522007,kashok5_2000[at]yahoo[dot]com,https://kys.udiseplus.gov.in/#/schooldetail/4680047/12,4680047,18/12/2023 17:02,2268
******91517 Operational,,"GITANJALI HIGH SCHOOL, A.T.AGRAHARAM, GUNTUR",,,,Andhra Pradesh,6-Pr. Up Pr. and Secondary Only,38-Pvt.Unaided,1 To 10,3-Co-educational,2-Urban,NA,,Guntur (M Corp.) - Ward No.28,Guntur-Municipal Corporations,AT Agraharam guntur corporation,522004,hussainghs.shaik[at]gmail[dot]com,https://kys.udiseplus.gov.in/#/schooldetail/4681124/12,4681124,20/12/2025 15:19,2268
******00324 Operational,,GKR HIGH SCHOOL A.T.AGRAHARAM 9TH LINE,,,,Andhra Pradesh,6-Pr. Up Pr. and Secondary Only,38-Pvt.Unaided,1 To 10,3-Co-educational,2-Urban,NA,,Guntur (M Corp.) - Ward No.25,Guntur-Municipal Corporations,AT AGRAHARAM 9TH LINE,522004,gkrpublicschool[at]gmail[dot]com,https://kys.udiseplus.gov.in/#/schooldetail/4679922/12,4679922,20/12/2025 12:44,2268
******91323 Operational,,GKR PUBLIC HS GUNTUR,,,,Andhra Pradesh,6-Pr. Up Pr. and Secondary Only,38-Pvt.Unaided,1 To 10,3-Co-educational,2-Urban,NA,,Guntur (M Corp.) - Ward No.31,Guntur-Municipal Corporations,MAIN ROAD PATTABHI PURAM GUNTUR GUNTUR (CORP.)-3(VILL) GUNTUR(MANDAL) GUNTUR(DIST),522006,gkrpublicschool[at]gmail[dot]com,https://kys.udiseplus.gov.in/#/schooldetail/4681038/12,4681038,20/12/2025 15:01,2268
******02104 Operational,,GLOBAL HS V PALEM,,,,Andhra Pradesh,7-Upper Pr. and Secondary,38-Pvt.Unaided,6 To 10,3-Co-educational,1-Rural,Thullur,Venkatapalem,,,VENKATAPALEM VENKATAPALEM VENKATA PALEM(VILL) THULLUR(MANDAL) GUNTUR(DIST),522503,appajiglb[at]mail[dot]com,https://kys.udiseplus.gov.in/#/schooldetail/4679462/12,4679462,09/10/2024 11:59,2268
******02103 Operational,,GLOBAL UPS V PALEM,,,,Andhra Pradesh,2-Primary with Upper Primary,38-Pvt.Unaided,1 To 7,3-Co-educational,1-Rural,Thullur,Venkatapalem,,,VENKATAPALEM VENKATAPALEM VENKATA PALEM(VILL) THULLUR(MANDAL) GUNTUR(DIST),522503,appajiglb[at]gmail[dot]com,https://kys.udiseplus.gov.in/#/schooldetail/4679461/12,4679461,09/10/2024 11:58,2268
******00953 Operational,,GLORY ENGLISH MEDIUM SCHOOL,,,,Andhra Pradesh,2-Primary with Upper Primary,38-Pvt.Unaided,1 To 7,3-Co-educational,2-Urban,NA,,Guntur (M Corp.) - Ward No.20,Guntur-Municipal Corporations,"Ambedkar Nagar,Mangaldas nagar",522001,nireekshana.v[at]gmail[dot]com,https://kys.udiseplus.gov.in/#/schooldetail/4719141/12,4719141,20/12/2025 12:11,2268
******91467 Operational,,GNR MODEL SCHOOL NGO COLONY ROAD GUNTUR,,,,Andhra Pradesh,6-Pr. Up Pr. and Secondary Only,38-Pvt.Unaided,1 To 10,3-Co-educational,2-Urban,NA,,Guntur (M Corp.) - Ward No.29,Guntur-Municipal Corporations,"N,g,g,os colony main road",522004,srinivasar5[at]gmail[dot]com,https://kys.udiseplus.gov.in/#/schooldetail/4680357/12,4680357,20/12/2025 15:21,2268
******00610 Closed,Closed,Gokul UP SchoolThummalapalem,,,,Andhra Pradesh,2-Primary with Upper Primary,38-Pvt.Unaided,1 To 7,3-Co-educational,1-Rural,Prathipadu,Nadimpalem,,,NADIMPALLEM PRATHIPADU GUNTUR 522019,522019,,https://kys.udiseplus.gov.in/#/schooldetail/4719168/12,4719168,10/05/2022 17:36,2268
******02008 Operational,,GOLDEN RULE EMPS MDAM,,,,Andhra Pradesh,6-Pr. Up Pr. and Secondary Only,38-Pvt.Unaided,1 To 10,3-Co-educational,1-Rural,Thullur,Mandadam,,,MANDADAM MANDADAM MANDADAM(VILL) THULLUR(MANDAL) GUNTUR(DIST),522503,goldenskl999[at]gmail[dot]com,https://kys.udiseplus.gov.in/#/schooldetail/4679458/12,4679458,08/10/2024 13:55,2268
******00323 Operational,,GOOD NEWS E M SCHOOL,,,,Andhra Pradesh,7-Upper Pr. and Secondary,38-Pvt.Unaided,6 To 10,3-Co-educational,2-Urban,NA,,Tadepalli Ward No.2,Tadepalli-Municipality,VIJAYAWADA CLUB TADEPALLI TADEPALLI(VILL) THADEPALLE(MANDAL) GUNTUR(DIST),522501,jdhasaro[at]gmail[dot]com,https://kys.udiseplus.gov.in/#/schooldetail/4679497/12,4679497,08/10/2024 12:05,2268
******91366 Operational,,"GOOD NEWS EM UPPER PRIMARY SCHOOL, MANGALADAS NAGAR, GUNTUR",,,,Andhra Pradesh,2-Primary with Upper Primary,38-Pvt.Unaided,1 To 7,3-Co-educational,2-Urban,NA,,Guntur (M Corp.) - Ward No.45,Guntur-Municipal Corporations,MANGALDAS NAGAR GUNTUR GUNTUR (CORP.)-3(VILL) GUNTUR(MANDAL) GUNTUR(DIST),522001,goodnewsschlofficial[at]gmail[dot]com,https://kys.udiseplus.gov.in/#/schooldetail/4681062/12,4681062,20/12/2025 13:05,2268
******00345 Operational,,GOOD NEWS PS E M SCHOOL,,,,Andhra Pradesh,1-Primary,38-Pvt.Unaided,1 To 5,3-Co-educational,2-Urban,NA,,Tadepalli Ward No.2,Tadepalli-Municipality,VIJAYAWADA CLUB BACK SIDE THADEPALLE(MANDAL) GUNTUR(DIST),522501,gnems299b22011[at]gmail[dot]com,https://kys.udiseplus.gov.in/#/schooldetail/4679508/12,4679508,08/10/2024 12:14,2268
******90719 Operational,,"GOVERNMENT BALANANDA ELEMENTARY SCHOOL, NIDUBROLU",,,,Andhra Pradesh,1-Primary,10-State Govt.,1 To 5,3-Co-educational,2-Urban,NA,,Ponnur (M) - Ward No.13,Ponnuru-Municipality,13TH WARD NIDUBROLU PONNURU (M)(VILL) PONNURU(MANDAL) GUNTUR(DIST),522124,geetathamanam[at]gmail[dot]com,https://kys.udiseplus.gov.in/#/schooldetail/4682968/12,4682968,08/10/2024 14:37,2268
******02007 Operational,,"GOVERNMENT BFS ELEMENTARY SCHOOL, MULUKUDURU",,,,Andhra Pradesh,1-Primary,10-State Govt.,1 To 5,3-Co-educational,1-Rural,Ponnur,Mulukuduru,,,BFS AIDED ELE SCHOOL MULUKUDURU VILLAGE PONNUR MANDAL GUNTUR DT-522315,522315,bfsmulukuduru2007[at]gmail[dot]com,https://kys.udiseplus.gov.in/#/schooldetail/4682942/12,4682942,07/10/2024 17:16,2268
******02006 Operational,,GOVT DNT PS M C VARAM,,,,Andhra Pradesh,1-Primary,11-State Govt.(DNT),1 To 5,3-Co-educational,1-Rural,Ponnur,Mulukuduru,,,GOVT DNT PRIMARY SCHOOL MACHAVARAM VILLAGE PONNUR MANDAL GUNTUR DT-522315,522315,dntmachavaram2006[at]gmail[dot]com,https://kys.udiseplus.gov.in/#/schooldetail/4682941/12,4682941,07/10/2024 17:15,2268
******91261 Operational,,GOVT HS (B) O B STAND,,,,Andhra Pradesh,7-Upper Pr. and Secondary,10-State Govt.,6 To 10,3-Co-educational,2-Urban,NA,,Guntur (M Corp.) - Ward No.8,Guntur-Municipal Corporations,1st WARD NEAR OLD BUS STAND GUNTUR (CORP.)-2(VILL) GUNTUR(MANDAL) GUNTUR(DIST),522001,gbhsguntur[at]gmail[dot]com,https://kys.udiseplus.gov.in/#/schooldetail/4680979/12,4680979,20/12/2025 12:59,2268
******91262 Operational,,GOVT HS (G) CHOUTRA,,,,Andhra Pradesh,7-Upper Pr. and Secondary,10-State Govt.,6 To 10,2-Girls,2-Urban,NA,,Guntur (M Corp.) - Ward No.13,Guntur-Municipal Corporations,34th WARD CHOWTRA GUNTUR (CORP.)-2(VILL) GUNTUR(MANDAL) GUNTUR(DIST),522003,gc403658[at]gmail[dot]com,https://kys.udiseplus.gov.in/#/schooldetail/4680980/12,4680980,20/12/2025 13:00,2268
******00362 Permanently Closed,,GOVT HS PULIPAKA,,,,Andhra Pradesh,2-Primary with Upper Primary,38-Pvt.Unaided,1 To 7,3-Co-educational,2-Urban,NA,,Guntur (M Corp.) - Ward No.3,Guntur-Municipal Corporations,NA,522003,,https://kys.udiseplus.gov.in/#/schooldetail/4715852/12,4715852,15/10/2020 12:18,2268
******91263 Operational,,GOVT HS P V THOTA,,,,Andhra Pradesh,7-Upper Pr. and Secondary,10-State Govt.,6 To 10,3-Co-educational,2-Urban,NA,,Guntur (M Corp.) - Ward No.4,Guntur-Municipal Corporations,1st WARD POTTURIVARI THOTA GUNTUR (CORP.)-2(VILL) GUNTUR(MANDAL) GUNTUR(DIST),522001,spkhgovthsguntur[at]gmail[dot]com,https://kys.udiseplus.gov.in/#/schooldetail/4680982/12,4680982,20/12/2025 13:00,2268
******00680 Operational,,GOVT. JR.COLLEGE FOR GIRLS SAMBASIVAPETGUNTUR,,,,Andhra Pradesh,11-Higher Secondary only/Jr. College,10-State Govt.,11 To 12,2-Girls,2-Urban,NA,,Guntur (M Corp.) - Ward No.11,Guntur-Municipal Corporations,"in the premises of GDC,SAMBASIVA PET, GUNTUR",522001,lotusbud1981[at]gmail[dot]com,https://kys.udiseplus.gov.in/#/schooldetail/4680014/12,4680014,20/12/2025 12:04,2268
******90301 Operational,,GOVT PS 34 TH W CHOUTHRA,,,,Andhra Pradesh,1-Primary,10-State Govt.,1 To 5,3-Co-educational,2-Urban,NA,,Guntur (M Corp.) - Ward No.13,Guntur-Municipal Corporations,34th WARD CHOWTRA GUNTUR (CORP.)(VILL) GUNTUR(MANDAL) GUNTUR(DIST),522003,amerayan786[at]gmail[dot]com,https://kys.udiseplus.gov.in/#/schooldetail/4680846/12,4680846,20/12/2025 12:12,2268
******00603 Operational,,GOVTPS M N C GNT,,,,Andhra Pradesh,1-Primary,10-State Govt.,1 To 5,3-Co-educational,2-Urban,NA,,Guntur (M Corp.) - Ward No.28,Guntur-Municipal Corporations,GUNTUR(VI)MAHABOOBNAGAR COLONY GUNTUR (MNDL) GUNTUR (U)(VILL) GUNTUR(MANDAL) GUNTUR(DIST),522004,sdmohiddin89[at]gmail[dot]com,https://kys.udiseplus.gov.in/#/schooldetail/4680756/12,4680756,20/12/2025 12:53,2268
******00803 Closed,Closed,GOVT PS PEDANANDIPADU,,,,Andhra Pradesh,1-Primary,10-State Govt.,1 To 2,3-Co-educational,1-Rural,Pedanandipadu,Pedanandipadu,,,NTR COLONY POST OFFICE ROAD PEDANANDIPADU(VILL) PEDANANDIPADU(MANDAL) GUNTUR(DIST),522235,govt28174600803[at]gmail[dot]com,https://kys.udiseplus.gov.in/#/schooldetail/4682810/12,4682810,15/11/2025 14:57,2268
******00318 Operational,,GOVT.P.S SITHANAGAR,,,,Andhra Pradesh,1-Primary,10-State Govt.,1 To 5,3-Co-educational,2-Urban,NA,,Tadepalli Ward No.21,Tadepalli-Municipality,SITANAGARAMCOLONY TADEPALLI TADEPALLI(VILL) THADEPALLE(MANDAL) GUNTUR(DIST),522501,rameshinkollu306[at]gmail[dot]com,https://kys.udiseplus.gov.in/#/schooldetail/4679492/12,4679492,08/10/2024 12:03,2268
******00608 Operational,,GOVT PS TADIKONDA,,,,Andhra Pradesh,1-Primary,10-State Govt.,1 To 5,3-Co-educational,1-Rural,Tadikonda,Tadikonda,,,JAYABHARTH NAGAR TADI KONDA TADIKONDA(VILL) TADIKONDA(MANDAL) GUNTUR(DIST),522236,vanukurinagamalleswari[at]gmail[dot]com,https://kys.udiseplus.gov.in/#/schooldetail/4679677/12,4679677,22/12/2025 10:50,2268
******00606 Operational,,GOVT PS (URDU) THULLUR,,,,Andhra Pradesh,1-Primary,10-State Govt.,1 To 5,3-Co-educational,1-Rural,Thullur,Thullur,,,THULLUR THULLUR TULLUR(VILL) THULLUR(MANDAL) GUNTUR(DIST),522237,shaikarshath193[at]gmail[dot]com,https://kys.udiseplus.gov.in/#/schooldetail/4679418/12,4679418,08/10/2024 13:25,2268
******00108 Operational,,GOVT(U)PULLADIGUNTA,,,,Andhra Pradesh,1-Primary,10-State Govt.,1 To 5,3-Co-educational,1-Rural,Vatticherukuru,Kornepadu,,,"BACK SIDE OF UNION BANK, PULLADIGUNTA (VILL) VATTICHERUKURU(MANDAL) GUNTUR(DIST)",522017,sumena72[at]gmail[dot]com,https://kys.udiseplus.gov.in/#/schooldetail/4681836/12,4681836,28/09/2024 15:16,2268
******00302 Operational,,GOVT(URDU) 113THALLURU,,,,Andhra Pradesh,1-Primary,10-State Govt.,1 To 5,3-Co-educational,1-Rural,Phirangipuram,113 Thalluru,,,113 THAALLURU 113 THAALLURU 113 THALLURU(VILL) PHIRANGIPURAM(MANDAL) GUNTUR(DIST),522529,skbasheea[at]gmail[dot]com,https://kys.udiseplus.gov.in/#/schooldetail/4680525/12,4680525,16/05/2022 11:56,2268
******00602 Operational,,GOVT(U)VADDESWARAM,,,,Andhra Pradesh,1-Primary,10-State Govt.,1 To 5,3-Co-educational,2-Urban,NA,,Tadepalli Ward No.20,Tadepalli-Municipality,VADDESWARAM VADDESWARAM VADDESWARAM(VILL) THADEPALLE(MANDAL) GUNTUR(DIST),522502,bgouse535[at]gmail[dot]com,https://kys.udiseplus.gov.in/#/schooldetail/4679520/12,4679520,08/10/2024 11:55,2268
******91443 Operational,,GOVT. VOCATIONAL JR COLLEGE GUNTUR,,,,Andhra Pradesh,11-Higher Secondary only/Jr. College,10-State Govt.,11 To 12,3-Co-educational,2-Urban,NA,,Guntur (M Corp.) - Ward No.12,Guntur-Municipal Corporations,Govt Degree College for Women Campus Sambasivapet Guntur,522001,gvjc.guntur[at]gmail[dot]com,https://kys.udiseplus.gov.in/#/schooldetail/4681092/12,4681092,20/12/2025 12:54,2268
******91342 Permanently Closed,,GOWTHAM HS GUNTUR,,,,Andhra Pradesh,1-Primary,38-Pvt.Unaided,1 To 5,3-Co-educational,2-Urban,NA,,Guntur (M Corp.) - Ward No.33,Guntur-Municipal Corporations,NA,522002,,https://kys.udiseplus.gov.in/#/schooldetail/4715918/12,4715918,15/10/2020 12:18,2268
******00902 Permanently Closed,,GOWTHAM VOC JR COLLEGE,,,,Andhra Pradesh,11-Higher Secondary only/Jr. College,38-Pvt.Unaided,11 To 12,3-Co-educational,2-Urban,NA,,Tenali (M) - Ward No.30,Tenali-Municipality,NA,522201,,https://kys.udiseplus.gov.in/#/schooldetail/4715991/12,4715991,15/10/2020 12:18,2268
******00697 Permanently Closed,,G.P.L. R.L.S. JR.COLLEGE GUNTUR,,,,Andhra Pradesh,11-Higher Secondary only/Jr. College,38-Pvt.Unaided,11 To 12,1-Boys,2-Urban,NA,,Guntur (M Corp.) - Ward No.34,Guntur-Municipal Corporations,NA,522007,,https://kys.udiseplus.gov.in/#/schooldetail/4715875/12,4715875,15/10/2020 12:18,2268
******91389 Operational,,GREEN LAND E M HIGH SCHOOL,,,,Andhra Pradesh,6-Pr. Up Pr. and Secondary Only,38-Pvt.Unaided,1 To 9,3-Co-educational,2-Urban,NA,,Guntur (M Corp.) - Ward No.33,Guntur-Municipal Corporations,gujjanagulla PALAKALURU ROAD GUNTUR (CORP.)-3(VILL) GUNTUR(MANDAL) GUNTUR(DIST),522006,ysraju23[at]gmail[dot]com,https://kys.udiseplus.gov.in/#/schooldetail/4681066/12,4681066,20/12/2025 15:05,2268
******00322 Permanently Closed,,GREENLAND PUBLIC SCHOOL GANJI BAZAR OLD GUNTUR,,,,Andhra Pradesh,2-Primary with Upper Primary,38-Pvt.Unaided,1 To 7,3-Co-educational,2-Urban,NA,,Guntur (M Corp.) - Ward No.12,Guntur-Municipal Corporations,NA,522001,,https://kys.udiseplus.gov.in/#/schooldetail/4715849/12,4715849,15/10/2020 12:18,2268
******00339 Operational,,"GREENLAWN ENGLISH MEDIUM SCHOOL, BARA IMAM PANJA GUNTUR",,,,Andhra Pradesh,6-Pr. Up Pr. and Secondary Only,38-Pvt.Unaided,1 To 10,3-Co-educational,2-Urban,NA,,Guntur (M Corp.) - Ward No.12,Guntur-Municipal Corporations,BARAIMAM PANJA 66-11-574/1,522003,parveenhusna1[at]gmail[dot]com,https://kys.udiseplus.gov.in/#/schooldetail/4680701/12,4680701,20/12/2025 11:40,2268
******00220 Permanently Closed,,GREEN WOOD ENGLISH MEDIUM SCHOOL,,,,Andhra Pradesh,2-Primary with Upper Primary,61-Unrecognised Schools,1 To 8,3-Co-educational,1-Rural,Pedakakani,Nambur,,,NA,522509,,https://kys.udiseplus.gov.in/#/schooldetail/4715938/12,4715938,15/10/2020 12:18,2268
******01119 Operational,,GRETNALTES HS DUGGIRALA,,,,Andhra Pradesh,7-Upper Pr. and Secondary,38-Pvt.Unaided,6 To 10,3-Co-educational,1-Rural,Duggirala,Morampudi,,,DUGGIRALA DUGGIRALA DUGGIRALA(VILL) DUGGIRALA(MANDAL) GUNTUR(DIST),522330,ravigovathoti9[at]gmail[dot]com,https://kys.udiseplus.gov.in/#/schooldetail/4681328/12,4681328,15/10/2020 12:18,2268
******01114 Operational,,GRETNALTES PS DUGGIRALA,,,,Andhra Pradesh,1-Primary,38-Pvt.Unaided,1 To 5,3-Co-educational,1-Rural,Duggirala,Morampudi,,,DUGGIRALA DUGGIRALA DUGGIRALA(VILL) DUGGIRALA(MANDAL) GUNTUR(DIST),522330,director[at]gretnaltes[dot]org,https://kys.udiseplus.gov.in/#/schooldetail/4681325/12,4681325,21/04/2023 15:31,2268
******91325 Operational,,GSR MODEL HS GUNTUR,,,,Andhra Pradesh,7-Upper Pr. and Secondary,38-Pvt.Unaided,6 To 10,3-Co-educational,2-Urban,NA,,Guntur (M Corp.) - Ward No.35,Guntur-Municipal Corporations,3RD LANE B GARDENS GUNTUR GUNTUR CORP.-3 VILL GUNTUR MANDAL,522006,gsrschool123[at]gmail[dot]com,https://kys.udiseplus.gov.in/#/schooldetail/4681040/12,4681040,20/12/2025 15:02,2268
******00348 Permanently Closed,,G.S.R PUBLIC SCHOOL B.R.GARDEN,,,,Andhra Pradesh,1-Primary,38-Pvt.Unaided,1 To 5,3-Co-educational,2-Urban,NA,,Guntur (M Corp.) - Ward No.43,Guntur-Municipal Corporations,NA,522002,,https://kys.udiseplus.gov.in/#/schooldetail/4715851/12,4715851,15/10/2020 12:18,2268
******00359 Operational,,G.S.R PUBLIC SCHOOL B.R.GARDEN GUNTUR,,,,Andhra Pradesh,1-Primary,38-Pvt.Unaided,1 To 5,3-Co-educational,2-Urban,NA,,Guntur (M Corp.) - Ward No.32,Guntur-Municipal Corporations,Brindavan Gardens 3rd lane GUNTUR CORP-3 GUNTUR GUNTUR 522006,522006,sujatharao.md[at]gmail[dot]com,https://kys.udiseplus.gov.in/#/schooldetail/4679957/12,4679957,20/12/2025 12:46,2268
******00947 Operational,,GUNTUR CHALAMAIAH BOLISETTY PANDU RANGARAO EM SCHOOL,,,,Andhra Pradesh,6-Pr. Up Pr. and Secondary Only,38-Pvt.Unaided,1 To 10,3-Co-educational,2-Urban,NA,,Guntur (M Corp.) - Ward No.21,Guntur-Municipal Corporations,BAPUJIROAD SANGADIGUNTA,522003,gcbprschool[at]yahoo[dot]com,https://kys.udiseplus.gov.in/#/schooldetail/4719135/12,4719135,20/12/2025 12:11,2268
******91572 Operational,,GURAJADA E.M SCHOOL VENGALAYA PALEMGUNTUR,,,,Andhra Pradesh,2-Primary with Upper Primary,38-Pvt.Unaided,1 To 7,3-Co-educational,1-Rural,Guntur,Ankireddipalem (R),,,VENGALAYAPALEM GUNTUR-522005,522005,vidyaniketangurajada[at]gmail[dot]com,https://kys.udiseplus.gov.in/#/schooldetail/4681173/12,4681173,20/12/2025 14:56,2268
******00616 Closed,Closed,G.V.K.GIRLS HS TADIKONDA,,,,Andhra Pradesh,7-Upper Pr. and Secondary,35-Pvt.Aided,6 To 10,2-Girls,1-Rural,Tadikonda,Tadikonda,,,KANTHERU ROAD TADI KONDA TADIKONDA(VILL) TADIKONDA(MANDAL) GUNTUR(DIST),522236,hmgvktdk[at]gmail[dot]com,https://kys.udiseplus.gov.in/#/schooldetail/4679683/12,4679683,09/05/2022 15:27,2268
******00687 Operational,,G.V.R S CO-OP. JR.COLLEGE RING ROAD GUNTUR,,,,Andhra Pradesh,11-Higher Secondary only/Jr. College,38-Pvt.Unaided,11 To 12,3-Co-educational,2-Urban,NA,,Guntur (M Corp.) - Ward No.24,Guntur-Municipal Corporations,RING ROAD CHANDRAMOULINAGAR GUNTUR,522007,gvrsdegreecolleges[at]gmail[dot]com,https://kys.udiseplus.gov.in/#/schooldetail/4680773/12,4680773,20/12/2025 12:55,2268
******90721 Operational,,GVVKS PONNURU,,,,Andhra Pradesh,1-Primary,31-GOVT TW DEPT.PRIMARY SCHOOLS,1 To 5,3-Co-educational,2-Urban,NA,,Ponnur (M) - Ward No.25,Ponnuru-Municipality,GVVKS ST COLONY PEDA ITIKAMPADU ROAD PONNUR GUNTUR DT 522124,522124,govttwpsponnur0721[at]gmail[dot]com,https://kys.udiseplus.gov.in/#/schooldetail/4719194/12,4719194,08/10/2024 14:38,2268
******91039 Closed,Closed,HAES R R NAGAR,,,,Andhra Pradesh,1-Primary,35-Pvt.Aided,1 To 5,3-Co-educational,2-Urban,NA,,Tenali (M) - Ward No.23,Tenali-Municipality,TENALI (M)-TENALI-GUNTUR,522202,,https://kys.udiseplus.gov.in/#/schooldetail/4681667/12,4681667,10/05/2022 19:55,2268
******00927 Closed,Closed,HANSH BRIDGE GLOBAL SCHOOL,,,,Andhra Pradesh,2-Primary with Upper Primary,38-Pvt.Unaided,1 To 8,3-Co-educational,2-Urban,NA,,Guntur (M Corp.) - Ward No.15,Guntur-Municipal Corporations,Ponnur Road - Guntur,522003,hbglobal.gnt[at]gmail[dot]com,https://kys.udiseplus.gov.in/#/schooldetail/4680790/12,4680790,06/02/2023 11:05,2268
******90386 Operational,,HARIJANA APS A.T.AGRAHARAM,,,,Andhra Pradesh,1-Primary,35-Pvt.Aided,1 To 5,3-Co-educational,2-Urban,NA,,Guntur (M Corp.) - Ward No.24,Guntur-Municipal Corporations,24th WARD (1st LANE) AKULAVARITHOTA GUNTUR (CORP.)(VILL) GUNTUR(MANDAL) GUNTUR(DIST),522004,babu.oct2[at]gmail[dot]com,https://kys.udiseplus.gov.in/#/schooldetail/4680917/12,4680917,20/12/2025 14:41,2268
******00614 Operational,,HARIKA JUNIOR COLLEGE OF VOCATIONAL SCIENCES,,,,Andhra Pradesh,11-Higher Secondary only/Jr. College,38-Pvt.Unaided,11 To 12,3-Co-educational,2-Urban,NA,,Guntur (M Corp.) - Ward No.1,Guntur-Municipal Corporations,AUTO NAGAR GUNTUR BYPASS,522001,harikagntap[at]gmail[dot]com,https://kys.udiseplus.gov.in/#/schooldetail/4720079/12,4720079,20/12/2025 11:57,2268
******00838 Operational,,HARITHA BK TV VEEDI,,,,Andhra Pradesh,6-Pr. Up Pr. and Secondary Only,38-Pvt.Unaided,1 To 10,3-Co-educational,2-Urban,NA,,Tenali (M) - Ward No.35,Tenali-Municipality,TADIBOYENA VARI VEEDHI GANGANAMM P TENALI TOWN TENALI(U)(VILL) TENALI(MANDAL) GUNTUR(DIST),522201,ananth373[at]gmail[dot]com,https://kys.udiseplus.gov.in/#/schooldetail/4680829/12,4680829,22/12/2025 15:02,2268
******00854 Operational,,HARITHA ENGLISH MEDIUM SCHOOL,,,,Andhra Pradesh,2-Primary with Upper Primary,38-Pvt.Unaided,1 To 7,3-Co-educational,2-Urban,NA,,Tenali (M) - Ward No.3,Tenali-Municipality,ET colony ithanagr tenali,522201,,https://kys.udiseplus.gov.in/#/schooldetail/4721387/12,4721387,22/12/2025 15:08,2268
******00399 Permanently Closed,,HARI VIDYA NIKETHAN UP SCHOOL RTC COLONY GUNTUR,,,,Andhra Pradesh,2-Primary with Upper Primary,61-Unrecognised Schools,1 To 8,3-Co-educational,2-Urban,NA,,Guntur (M Corp.) - Ward No.2,Guntur-Municipal Corporations,NA,522001,,https://kys.udiseplus.gov.in/#/schooldetail/4679981/12,4679981,15/10/2020 12:18,2268
******00315 Operational,,HARVEST INDIA JUNIOR COLLEGE,,,,Andhra Pradesh,11-Higher Secondary only/Jr. College,38-Pvt.Unaided,11 To 12,3-Co-educational,1-Rural,Chebrole,Vadlamudi,,,"HARVEST JUNIOR COLLEGE VEJENDLA , 522213",522213,harvest22012[at]gmail[dot]com,https://kys.udiseplus.gov.in/#/schooldetail/4719165/12,4719165,22/12/2025 11:56,2268
******00921 Operational,,"HARVEST INDIA ORPHAN HS, VADLAMUDI",,,,Andhra Pradesh,6-Pr. Up Pr. and Secondary Only,38-Pvt.Unaided,1 To 10,3-Co-educational,1-Rural,Chebrole,Vadlamudi,,,"HARVEST INDIA ORPHAN HS ,VADLAMUDI 522213",522213,harvestindiaschool[at]gmail[dot]com,https://kys.udiseplus.gov.in/#/schooldetail/4681085/12,4681085,22/12/2025 12:02,2268
******91531 Operational,,HARWARD PUBLIC SCHOOL RAJAGOPAL NAGAR,,,,Andhra Pradesh,6-Pr. Up Pr. and Secondary Only,38-Pvt.Unaided,1 To 10,3-Co-educational,2-Urban,NA,,Guntur (M Corp.) - Ward No.1,Guntur-Municipal Corporations,HARWARD PUBLIC SCHOOL RAJAGOPALRAO NAGAR 3RD LINE GUNTUR,522001,harwardschoolprimary[at]gmail[dot]com,https://kys.udiseplus.gov.in/#/schooldetail/4681136/12,4681136,20/12/2025 12:44,2268
******91049 Closed,Closed,HAUP SCHOOL NAZERPET,,,,Andhra Pradesh,2-Primary with Upper Primary,35-Pvt.Aided,1 To 7,3-Co-educational,2-Urban,NA,,Tenali (M) - Ward No.8,Tenali-Municipality,10th WARD NAZERPET TENALI (M)(VILL) TENALI(MANDAL) GUNTUR(DIST),522201,,https://kys.udiseplus.gov.in/#/schooldetail/4681672/12,4681672,10/05/2022 19:55,2268
******91277 Operational,,HCHS 1-WARD,,,,Andhra Pradesh,7-Upper Pr. and Secondary,35-Pvt.Aided,6 To 10,3-Co-educational,2-Urban,NA,,Guntur (M Corp.) - Ward No.22,Guntur-Municipal Corporations,1st WARD GUNTUR (MNDL) GUNTUR (CORP.)-2(VILL) GUNTUR(MANDAL) GUNTUR(DIST),522003,hinducollegehighschool[at]gmail[dot]com,https://kys.udiseplus.gov.in/#/schooldetail/4680981/12,4680981,20/12/2025 14:52,2268
******00330 Operational,,HELVETIA SCHOOL G.T.ROAD GUNTUR NEAR TOBACO BORD GUNTUR,,,,Andhra Pradesh,2-Primary with Upper Primary,38-Pvt.Unaided,1 To 7,3-Co-educational,2-Urban,NA,,Guntur (M Corp.) - Ward No.23,Guntur-Municipal Corporations,Helvetia School GT road Nagarampalem Guntur,522004,helvetiaschool[at]gmail[dot]com,https://kys.udiseplus.gov.in/#/schooldetail/4680693/12,4680693,20/12/2025 12:44,2268
******00564 Operational,,HIDDEN STARS SCHOOL,,,,Andhra Pradesh,1-Primary,38-Pvt.Unaided,1 To 5,3-Co-educational,2-Urban,NA,,Guntur (M Corp.) - Ward No.37,Guntur-Municipal Corporations,3rd lane lakshmipuram guntur,522007,,https://kys.udiseplus.gov.in/#/schooldetail/4720975/12,4720975,20/12/2025 15:08,2268
******00306 Permanently Closed,,HINDU AIDED EMS VEJENDLA,,,,Andhra Pradesh,1-Primary,35-Pvt.Aided,1 To 5,3-Co-educational,1-Rural,Chebrole,Vejendla,,,NA,522213,,https://kys.udiseplus.gov.in/#/schooldetail/4681778/12,4681778,15/10/2020 12:18,2268
******01102 Permanently Closed,,HINDU AIDED ES KONDEPADU,,,,Andhra Pradesh,1-Primary,35-Pvt.Aided,1 To 5,3-Co-educational,1-Rural,Prathipadu,Kondepadu,,,NA,522019,,https://kys.udiseplus.gov.in/#/schooldetail/4681925/12,4681925,15/10/2020 12:18,2268
******91233 Operational,,HINDU AIDED UPS 1 WARD,,,,Andhra Pradesh,2-Primary with Upper Primary,35-Pvt.Aided,1 To 7,3-Co-educational,2-Urban,NA,,Guntur (M Corp.) - Ward No.3,Guntur-Municipal Corporations,"Vinobhanagar 5line ,old Guntur GUNTUR(MANDAL) GUNTUR(DIST)",522001,srinivasareddy15675[at]gmail[dot]com,https://kys.udiseplus.gov.in/#/schooldetail/4680947/12,4680947,20/12/2025 12:57,2268
******00683 Operational,,HINDU COLLEGE GUNTUR,,,,Andhra Pradesh,11-Higher Secondary only/Jr. College,38-Pvt.Unaided,11 To 12,3-Co-educational,2-Urban,NA,,Guntur (M Corp.) - Ward No.16,Guntur-Municipal Corporations,HINDU COLLEGENEAR VEGTABLE MARKET OPP VENKATESWARA VIGNANAMANDIR GUNTUR-522003,522003,hindu_gtr[at]rediffmail[dot]com,https://kys.udiseplus.gov.in/#/schooldetail/4680016/12,4680016,20/12/2025 12:04,2268
******01220 Operational,,HINDU COLLEGE PUBLIC SCHOOL,,,,Andhra Pradesh,2-Primary with Upper Primary,38-Pvt.Unaided,1 To 7,3-Co-educational,2-Urban,Guntur,,Guntur (M Corp.) - Ward No.23,Guntur-Municipal Corporations,"OPP. SRIVENKATESWARA VIGANANA MANDIRAM , NEAR GANDHI PARK",522003,HINDUCOLLEGEPUBLICSCHOOL[at]GMAIL[dot]COM,https://kys.udiseplus.gov.in/#/schooldetail/4721562/12,4721562,20/12/2025 15:07,2268
******00315 Permanently Closed,,HINDU SCHOOL BRODIPET 6TH LINE,,,,Andhra Pradesh,2-Primary with Upper Primary,38-Pvt.Unaided,1 To 7,3-Co-educational,2-Urban,NA,,Guntur (M Corp.) - Ward No.34,Guntur-Municipal Corporations,NA,522002,,https://kys.udiseplus.gov.in/#/schooldetail/4715848/12,4715848,15/10/2020 12:18,2268
******01046 Operational,,HINDU UPPER PRIMARY SCHOOL,,,,Andhra Pradesh,2-Primary with Upper Primary,38-Pvt.Unaided,1 To 7,3-Co-educational,2-Urban,NA,,Guntur (M Corp.) - Ward No.52,Guntur-Municipal Corporations,ARUNDELPET 2ND LINEGUNT,522002,hindupublicschool.gnt[at]gmail[dot]com,https://kys.udiseplus.gov.in/#/schooldetail/4721496/12,4721496,20/12/2025 15:06,2268
******00327 Operational,,HIRA ISLAMIC HIGH SCHOOL,,,,Andhra Pradesh,6-Pr. Up Pr. and Secondary Only,38-Pvt.Unaided,1 To 10,3-Co-educational,2-Urban,NA,,Mangalagiri (M) - Ward No.32,Mangalagiri-Municipality,NOWLUR MANGALAGIRI 522503,522503,vijayap336[at]gmail[dot]com,https://kys.udiseplus.gov.in/#/schooldetail/4719093/12,4719093,20/12/2025 13:14,2268
******00397 Operational,,"HOLY ANGELS UP SCHOOL, VENGALAYAPALEM",,,,Andhra Pradesh,2-Primary with Upper Primary,38-Pvt.Unaided,1 To 7,3-Co-educational,1-Rural,Guntur,Ankireddipalem (R),,,srisailamcolony vengalayapalem guntur,522005,holyangelsschool[at]gmail[dot]com,https://kys.udiseplus.gov.in/#/schooldetail/4679979/12,4679979,20/12/2025 12:52,2268
******01015 Permanently Closed,,HOLY ANGLES SCHOOL NALLAPADU,,,,Andhra Pradesh,1-Primary,61-Unrecognised Schools,1 To 5,3-Co-educational,2-Urban,NA,,Guntur Ward No. 53,Guntur-Municipal Corporations,NA,522005,,https://kys.udiseplus.gov.in/#/schooldetail/4715897/12,4715897,15/10/2020 12:18,2268
******00920 Operational,,HOLY C(EM) PS KOLLIPARA,,,,Andhra Pradesh,1-Primary,38-Pvt.Unaided,1 To 5,3-Co-educational,1-Rural,Kollipara,Kollipara,,,KOLLIPARA KOLLIPARA KOLLIPARA(VILL) KOLLIPARA(MANDAL) GUNTUR(DIST),522304,holycross10[at]gmail[dot]com,https://kys.udiseplus.gov.in/#/schooldetail/4681373/12,4681373,23/12/2025 16:23,2268
******00912 Operational,,HOLY C(EM) S KOLLIPARA,,,,Andhra Pradesh,7-Upper Pr. and Secondary,38-Pvt.Unaided,6 To 10,3-Co-educational,1-Rural,Kollipara,Kollipara,,,KOLLIPARA KOLLIPARA KOLLIPARA(VILL) KOLLIPARA(MANDAL) GUNTUR(DIST),522304,holycross10[at]gmail[dot]com,https://kys.udiseplus.gov.in/#/schooldetail/4681369/12,4681369,22/12/2025 14:54,2268
******01202 Operational,,HT CONVENTGAJULAPALEMPONNUR,,,,Andhra Pradesh,7-Upper Pr. and Secondary,38-Pvt.Unaided,6 To 10,3-Co-educational,2-Urban,NA,,Ponnur (M) - Ward No.26,Ponnuru-Municipality,HT CONVENT GAJULAPALEM PONNUR PONNUR MANDAL GUNTUR DT-522124,522124,putlaashokkumar[at]gmail[dot]com,https://kys.udiseplus.gov.in/#/schooldetail/4682914/12,4682914,07/10/2024 16:33,2268
******90744 Operational,,HT CONVENT G PALEM,,,,Andhra Pradesh,1-Primary,38-Pvt.Unaided,1 To 5,3-Co-educational,2-Urban,NA,,Ponnur (M) - Ward No.26,Ponnuru-Municipality,HT CONVENT GAJULAPALEM PONNUR PONNUR MANDAL GUNTUR DT-522124,522124,putlaashokkumar[at]gmail[dot]com,https://kys.udiseplus.gov.in/#/schooldetail/4682984/12,4682984,08/10/2024 14:48,2268
******91512 Operational,,ICON SCHOOL SANGADIGUNTAGUNTUR,,,,Andhra Pradesh,6-Pr. Up Pr. and Secondary Only,38-Pvt.Unaided,1 To 10,3-Co-educational,2-Urban,NA,,Guntur (M Corp.) - Ward No.48,Guntur-Municipal Corporations,SANGADIGUNTA GUNTUR GUNTUR EAST MANDAL,522003,iconhighschool[at]gmail[dot]com,https://kys.udiseplus.gov.in/#/schooldetail/4681120/12,4681120,20/12/2025 12:42,2268
******91545 Closed,Closed,IDEAL PUBLIC SCHOOL ANANDPET GUNTUR,,,,Andhra Pradesh,2-Primary with Upper Primary,38-Pvt.Unaided,1 To 7,3-Co-educational,2-Urban,NA,,Guntur (M Corp.) - Ward No.6,Guntur-Municipal Corporations,Anandapet 7th line,522002,kvrems[at]gmail[dot]com,https://kys.udiseplus.gov.in/#/schooldetail/4680413/12,4680413,06/11/2024 14:05,2268
******90723 Operational,,IDEAL UPS 31 W,,,,Andhra Pradesh,2-Primary with Upper Primary,38-Pvt.Unaided,1 To 7,3-Co-educational,2-Urban,NA,,Ponnur (M) - Ward No.16,Ponnuru-Municipality,31st WARD PONNURU(MANDAL) PONNURU (M)(VILL) PONNURU(MANDAL) GUNTUR(DIST),522124,,https://kys.udiseplus.gov.in/#/schooldetail/4682970/12,4682970,08/10/2024 14:40,2268
******90546 Permanently Closed,,IMMANUEL MS MANGALAGIRI,,,,Andhra Pradesh,1-Primary,61-Unrecognised Schools,1 To 5,3-Co-educational,2-Urban,NA,,Mangalagiri (M) - Ward No.10,Mangalagiri-Municipality,NA,522503,,https://kys.udiseplus.gov.in/#/schooldetail/4715774/12,4715774,15/10/2020 12:18,2268
******91521 Operational,,INDAIN BLOOMS RTC COLONY GUNTUR,,,,Andhra Pradesh,2-Primary with Upper Primary,38-Pvt.Unaided,1 To 8,3-Co-educational,2-Urban,NA,,Guntur (M Corp.) - Ward No.2,Guntur-Municipal Corporations,RTC COLONY 6TH LINE GUNTUR EAST,522001,rahiman.shaik4[at]gamil[dot]com,https://kys.udiseplus.gov.in/#/schooldetail/4681128/12,4681128,20/12/2025 12:43,2268
******00418 Permanently Closed,,INDIAN CC PRATHIPADU,,,,Andhra Pradesh,2-Primary with Upper Primary,38-Pvt.Unaided,1 To 8,3-Co-educational,1-Rural,Prathipadu,Prathipadu,,,NA,522019,,https://kys.udiseplus.gov.in/#/schooldetail/4716023/12,4716023,15/10/2020 12:18,2268
******00529 Operational,,Indian Digital School,,,,Andhra Pradesh,2-Primary with Upper Primary,38-Pvt.Unaided,1 To 7,3-Co-educational,2-Urban,NA,,Mangalagiri (M) - Ward No.21,Mangalagiri-Municipality,11-285/B BESIDE KANAKA DURGA TEMPLE UNDER PASS RATNALACHERUVU,522503,balipadavala[at]gmail[dot]com,https://kys.udiseplus.gov.in/#/schooldetail/4679584/12,4679584,20/12/2025 13:19,2268
******00608 Operational,,INDIAN GEMS E.M. HIGH SCHOOL,,,,Andhra Pradesh,6-Pr. Up Pr. and Secondary Only,38-Pvt.Unaided,1 To 10,3-Co-educational,1-Rural,Kakumanu,Kakumanu,,,KAKUMANU 2 KAMUMANU(VILL) KAKUMANU(MANDAL) GUNTUR(DIST),522112,,https://kys.udiseplus.gov.in/#/schooldetail/4682854/12,4682854,28/09/2024 11:40,2268
******91392 Operational,,INDIAN SPRINGS EM PS,,,,Andhra Pradesh,1-Primary,38-Pvt.Unaided,1 To 5,3-Co-educational,2-Urban,NA,,Guntur (M Corp.) - Ward No.34,Guntur-Municipal Corporations,NAGARMPALEM NAGARMPALEM GUNTUR (CORP.)-3(VILL) GUNTUR(MANDAL) GUNTUR(DIST),522006,insprincipalvidyanagar[at]gmail[dot]com,https://kys.udiseplus.gov.in/#/schooldetail/4681067/12,4681067,20/12/2025 15:05,2268
******91322 Operational,,INDIAN SPRINGS EMS GUNTUR,,,,Andhra Pradesh,7-Upper Pr. and Secondary,38-Pvt.Unaided,6 To 10,3-Co-educational,2-Urban,NA,,Guntur (M Corp.) - Ward No.34,Guntur-Municipal Corporations,VIDYA NAGAR MAIN ROAD GUNTUR(DIST),522006,insprincipalvidyanagar[at]gmail[dot]com,https://kys.udiseplus.gov.in/#/schooldetail/4681037/12,4681037,20/12/2025 12:24,2268
******91599 Operational,,INDIAN SPRINGS KOTHAPET GUNTUR,,,,Andhra Pradesh,6-Pr. Up Pr. and Secondary Only,38-Pvt.Unaided,1 To 10,3-Co-educational,2-Urban,NA,,Guntur (M Corp.) - Ward No.48,Guntur-Municipal Corporations,SIVALAYAM STREET KOTHAPET,522001,insprincipallickothapet[at]gmail[dot]com,https://kys.udiseplus.gov.in/#/schooldetail/4681203/12,4681203,20/12/2025 12:26,2268
******00302 Closed,Closed,INDIAN SPRINGS SYAMALANAGAR 4TH LINE,,,,Andhra Pradesh,2-Primary with Upper Primary,38-Pvt.Unaided,1 To 7,3-Co-educational,2-Urban,NA,,Guntur (M Corp.) - Ward No.31,Guntur-Municipal Corporations,SYAMALA NAGAR 4TH LANEGUNTUR,522006,indianspringssym[at]gmail[dot]com,https://kys.udiseplus.gov.in/#/schooldetail/4680669/12,4680669,11/05/2022 14:27,2268
******01018 Operational,,INTEL HIGH SCHOOL,,,,Andhra Pradesh,7-Upper Pr. and Secondary,38-Pvt.Unaided,6 To 10,3-Co-educational,1-Rural,Medikonduru,Pericherla,,,NEAR RAILWAY STATIONPERICHERLA(VILL) MEDIKONDURU(MANDAL) GUNTUR(DIST),522005,intelhighschool[at]gmail[dot]com,https://kys.udiseplus.gov.in/#/schooldetail/4680643/12,4680643,23/12/2025 11:29,2268
******01019 Operational,,INTEL PRIMARY SCHOOL,,,,Andhra Pradesh,1-Primary,38-Pvt.Unaided,1 To 5,3-Co-educational,1-Rural,Medikonduru,Pericherla,,,NEAR RAILWAY STATION PERECHERLA PERICHERLA(VILL) MEDIKONDURU(MANDAL) GUNTUR(DIST),522005,intelhighschool[at]gmail[dot]com,https://kys.udiseplus.gov.in/#/schooldetail/4680644/12,4680644,23/12/2025 11:28,2268
******00307 Closed,Closed,I P AIDEDES VENGALARAO,,,,Andhra Pradesh,1-Primary,35-Pvt.Aided,1 To 5,3-Co-educational,1-Rural,Pedakakani,Pedakakani,,,VENGALARAONAGAR PEDAKAKANI PEDAKAKANI(VILL) PEDAKAKANI(MANDAL) GUNTUR(DIST),522508,,https://kys.udiseplus.gov.in/#/schooldetail/4681223/12,4681223,29/12/2022 14:34,2268
******91404 Operational,,JAIN HIGH SCHOOL GUNTUR,,,,Andhra Pradesh,6-Pr. Up Pr. and Secondary Only,38-Pvt.Unaided,1 To 10,3-Co-educational,2-Urban,NA,,Guntur (M Corp.) - Ward No.22,Guntur-Municipal Corporations,GUNTUR GUNTUR GUNTUR (CORP ) 4(VILL) GUNTUR(MANDAL) GUNTUR(DIST),522003,jainhighschool786[at]gmail[dot]com,https://kys.udiseplus.gov.in/#/schooldetail/4680323/12,4680323,20/12/2025 13:07,2268
******91547 Permanently Closed,,JAIN PUBLIC SCHOOL REDLA BAZAR OLD GUNTUR GUNTUR,,,,Andhra Pradesh,1-Primary,38-Pvt.Unaided,1 To 5,3-Co-educational,2-Urban,NA,,Guntur (M Corp.) - Ward No.3,Guntur-Municipal Corporations,NA,522003,,https://kys.udiseplus.gov.in/#/schooldetail/4715931/12,4715931,15/10/2020 12:18,2268
******00109 Permanently Closed,,JANE PUB SCHOOL,,,,Andhra Pradesh,2-Primary with Upper Primary,61-Unrecognised Schools,1 To 8,3-Co-educational,1-Rural,Kakumanu,Vallur,,,NA,522124,,https://kys.udiseplus.gov.in/#/schooldetail/4682838/12,4682838,15/10/2020 12:18,2268
******91511 Permanently Closed,,JAVAHAR EM SCHOOL ANANDPET GUNTUR,,,,Andhra Pradesh,6-Pr. Up Pr. and Secondary Only,38-Pvt.Unaided,1 To 10,3-Co-educational,2-Urban,NA,,Guntur (M Corp.) - Ward No.46,Guntur-Municipal Corporations,NA,522001,,https://kys.udiseplus.gov.in/#/schooldetail/4715928/12,4715928,15/10/2020 12:18,2268
******91344 Operational,,JAWAHAR CONVENT APET,,,,Andhra Pradesh,6-Pr. Up Pr. and Secondary Only,38-Pvt.Unaided,1 To 10,3-Co-educational,2-Urban,NA,,Guntur (M Corp.) - Ward No.46,Guntur-Municipal Corporations,ANANDA PET GUNTUR GUNTUR (CORP.)-3(VILL) GUNTUR(MANDAL) GUNTUR(DIST),522003,kumarijamandlamudi1971[at]gmail[dot]com,https://kys.udiseplus.gov.in/#/schooldetail/4681051/12,4681051,20/12/2025 12:55,2268
******00204 Operational,,JAWAHAR VN UNDAVALLI,,,,Andhra Pradesh,6-Pr. Up Pr. and Secondary Only,38-Pvt.Unaided,1 To 10,3-Co-educational,2-Urban,NA,,Tadepalli Ward No.11,Tadepalli-Municipality,UNDAVALLI UNDAVALLI UNDAVALLI(VILL) THADEPALLE(MANDAL) GUNTUR(DIST),522501,jawharvniketan[at]gmail[dot]com,https://kys.udiseplus.gov.in/#/schooldetail/4679472/12,4679472,08/10/2024 11:07,2268
******00344 Closed,Closed,JAYA LAKSHMI MA SIVA,,,,Andhra Pradesh,2-Primary with Upper Primary,38-Pvt.Unaided,1 To 7,3-Co-educational,2-Urban,NA,,Tadepalli Ward No.16,Tadepalli-Municipality,TADEPALLI TADEPALLI TADEPALLI(VILL) THADEPALLE(MANDAL) GUNTUR(DIST),522502,,https://kys.udiseplus.gov.in/#/schooldetail/4679507/12,4679507,11/05/2022 09:00,2268
******00562 Closed,Closed,JAYNIE'S ENGLISH MEDIUM SCHOOL THUMMAPUDI,,,,Andhra Pradesh,2-Primary with Upper Primary,38-Pvt.Unaided,1 To 7,3-Co-educational,1-Rural,Duggirala,Tummapudi,,,"TUMMAPUDI VILLAGE , DUGGIRALA MANDAL, GUNTUR DT",522330,graceyarlagadda30[at]gmail[dot]com,https://kys.udiseplus.gov.in/#/schooldetail/4720978/12,4720978,30/07/2024 17:55,2268
******01494 Operational,,JEEVANA JYOTHI VOCATIONAL JUNIOR COLLEGE,,,,Andhra Pradesh,11-Higher Secondary only/Jr. College,38-Pvt.Unaided,11 To 12,3-Co-educational,1-Rural,Tenali,China Ravuru (R),,,TENALI VILLAGE AND MANDAL GUNTUR DISTRICT,522201,,https://kys.udiseplus.gov.in/#/schooldetail/4721923/12,4721923,22/12/2025 15:06,2268
******91515 Operational,,JGF HIGH SCHOOL SRI NAGAR GUNTUR,,,,Andhra Pradesh,7-Upper Pr. and Secondary,38-Pvt.Unaided,6 To 10,3-Co-educational,2-Urban,NA,,Guntur (M Corp.) - Ward No.45,Guntur-Municipal Corporations,SRINAGAR 7/2 GUNTUR GUNTUR EAST,522002,shaikjohn[at]ymail[dot]com,https://kys.udiseplus.gov.in/#/schooldetail/4681123/12,4681123,20/12/2025 12:43,2268
******00358 Operational,,JGF PRIMARY SCHOOL,,,,Andhra Pradesh,1-Primary,38-Pvt.Unaided,1 To 5,3-Co-educational,2-Urban,NA,,Guntur (M Corp.) - Ward No.45,Guntur-Municipal Corporations,JGF HIGH SCHOOL SRINAGAR 7/5 GUNTUR,522002,Jgfprimaryschool358[at]gmail[dot]com,https://kys.udiseplus.gov.in/#/schooldetail/4679956/12,4679956,20/12/2025 11:43,2268
******01444 Closed,Closed,JIGNASA CONCEPT SCHOOL GOTTIPADU,,,,Andhra Pradesh,2-Primary with Upper Primary,38-Pvt.Unaided,1 To 7,3-Co-educational,1-Rural,Prathipadu,Gottipadu,,,"Gottipadu Village, Prathipadu mandal",522019,jignasaconceptschool[at]gmail[dot]com,https://kys.udiseplus.gov.in/#/schooldetail/4721872/12,4721872,14/08/2025 10:33,2268
******00686 Permanently Closed,,J.K.C. COLLEGE GUNTUR,,,,Andhra Pradesh,11-Higher Secondary only/Jr. College,35-Pvt.Aided,11 To 12,3-Co-educational,2-Urban,NA,,Guntur (M Corp.) - Ward No.20,Guntur-Municipal Corporations,JKC COLLEGE JKC NAGAR RINGROAD GUJJAAGUNDLA GUNTUR,522006,jkccoff[at]gmail[dot]com,https://kys.udiseplus.gov.in/#/schooldetail/4680772/12,4680772,31/05/2022 17:03,2268
******00214 Operational,,JMJEMS NAGARJUNA NAGAR,,,,Andhra Pradesh,6-Pr. Up Pr. and Secondary Only,38-Pvt.Unaided,1 To 10,3-Co-educational,1-Rural,Pedakakani,Nambur,,,NAGARJUNA NAGAR NAMBUR NAMBUR(VILL) PEDAKAKANI(MANDAL) GUNTUR(DIST),522510,jmjschoolnambur[at]gmail[dot]com,https://kys.udiseplus.gov.in/#/schooldetail/4681213/12,4681213,18/09/2024 12:48,2268
******91116 Operational,,J.M.J GLOBAL SCHOOL SULTHANABAD TENALI,,,,Andhra Pradesh,6-Pr. Up Pr. and Secondary Only,39-Pvt.Unaided (CBSE Syllabus),1 To 10,3-Co-educational,1-Rural,Tenali,Angalakuduru,,,JMJ GLOBAL SCHOOL JMJ COLLEGE CAMPUS MORRISPET TENALI,522202,jmjglobalschool[at]gmail[dot]com,https://kys.udiseplus.gov.in/#/schooldetail/4681713/12,4681713,22/12/2025 15:13,2268
******01749 Operational,,JONATHAN SCHOOL PEDARAVURU,,,,Andhra Pradesh,2-Primary with Upper Primary,38-Pvt.Unaided,1 To 7,3-Co-educational,1-Rural,Tenali,Pedaravuru,,,PEDARAVURU village tenali mandal,522202,kirankumar.nalukurthi[at]gmail[dot]com,,,10/12/2025 15:55,2268
******00114 Operational,,JUBILEE EMHS KOLAKALUR,,,,Andhra Pradesh,7-Upper Pr. and Secondary,38-Pvt.Unaided,6 To 10,3-Co-educational,1-Rural,Tenali,Kolakaluru,,,KOLAKALUR KOLAKALUR KOLAKALUR(VILL) TENALI(MANDAL) GUNTUR(DIST),522307,jubileeemhighschool[at]gmail[dot]com,https://kys.udiseplus.gov.in/#/schooldetail/4681515/12,4681515,22/12/2025 14:38,2268
******00109 Operational,,JUBILEE EMS KOLAKALUR,,,,Andhra Pradesh,1-Primary,38-Pvt.Unaided,1 To 5,3-Co-educational,1-Rural,Tenali,Kolakaluru,,,KOLAKALUR(VILL) TENALI(MANDAL) GUNTUR(DIST),522307,jubileeemhighschool[at]gmail[dot]com,https://kys.udiseplus.gov.in/#/schooldetail/4681510/12,4681510,22/12/2025 14:37,2268
******91319 Operational,,JUBILIANT HS GUNTUR,,,,Andhra Pradesh,7-Upper Pr. and Secondary,38-Pvt.Unaided,6 To 10,3-Co-educational,2-Urban,NA,,Guntur (M Corp.) - Ward No.36,Guntur-Municipal Corporations,LAKHMSIPURAM 2nd line GUNTUR,522006,subbuyvr[at]gmail[dot]com,https://kys.udiseplus.gov.in/#/schooldetail/4650074/12,4650074,20/12/2025 15:00,2268
******91393 Operational,,JUBLIANT EMS PS,,,,Andhra Pradesh,1-Primary,38-Pvt.Unaided,1 To 5,3-Co-educational,2-Urban,NA,,Guntur (M Corp.) - Ward No.36,Guntur-Municipal Corporations,1ST WORD GUNTUR GUNTUR (CORP.)-3(VILL) GUNTUR(MANDAL) GUNTUR(DIST) (ashok nagar 3/4),522006,subbuyvr[at]gmail[dot]com,https://kys.udiseplus.gov.in/#/schooldetail/4681068/12,4681068,20/12/2025 15:06,2268
******91053 Operational,,J.V.R.S.MES ITHANAGAR,,,,Andhra Pradesh,1-Primary,34-MUNCIPAL,1 To 5,3-Co-educational,2-Urban,NA,,Tenali (M) - Ward No.1,Tenali-Municipality,02nd WARD ITHANAGAR TENALI (M)(VILL) TENALI(MANDAL) GUNTUR(DIST),522201,jvrsmunicipalelementaryschool[at]gmail[dot]com,https://kys.udiseplus.gov.in/#/schooldetail/4681673/12,4681673,22/12/2025 16:01,2268
******00859 Operational,,JYOTHI CONVENT,,,,Andhra Pradesh,2-Primary with Upper Primary,38-Pvt.Unaided,1 To 8,3-Co-educational,2-Urban,NA,,Tenali (M) - Ward No.12,Tenali-Municipality,CHENCHU PETA TENALI TOWN TENALI(U)(VILL) TENALI(MANDAL) GUNTUR(DIST),522201,swathilecturer[at]gmail[dot]com,https://kys.udiseplus.gov.in/#/schooldetail/4681587/12,4681587,22/12/2025 15:15,2268
******00871 Closed,Closed,JYOTHI UPS,,,,Andhra Pradesh,2-Primary with Upper Primary,38-Pvt.Unaided,1 To 8,3-Co-educational,2-Urban,NA,,Tenali (M) - Ward No.28,Tenali-Municipality,TENALI TENALITOWN TENALI(U)(VILL) TENALI(MANDAL) GUNTUR(DIST),522213,,https://kys.udiseplus.gov.in/#/schooldetail/4681596/12,4681596,10/05/2022 20:40,2268
******00813 Permanently Closed,,KAKUMANU JR COLLEGE (INCENTIVE),,,,Andhra Pradesh,11-Higher Secondary only/Jr. College,38-Pvt.Unaided,11 To 12,3-Co-educational,1-Rural,Pedanandipadu,Pedanandipadu,,,NA,522235,,https://kys.udiseplus.gov.in/#/schooldetail/4716105/12,4716105,15/10/2020 12:18,2268
******91510 Closed,Closed,KALAM THERESA IDEAL SCHOOL NALLACHERUVU,,,,Andhra Pradesh,2-Primary with Upper Primary,38-Pvt.Unaided,1 To 7,3-Co-educational,2-Urban,NA,,Guntur (M Corp.) - Ward No.18,Guntur-Municipal Corporations,nalla cheruvu,522003,,https://kys.udiseplus.gov.in/#/schooldetail/4681119/12,4681119,02/09/2024 10:06,2268
******00334 Operational,,KAMARAJ PUBLIC SCHOO,,,,Andhra Pradesh,2-Primary with Upper Primary,38-Pvt.Unaided,1 To 7,3-Co-educational,2-Urban,NA,,Tadepalli Ward No.16,Tadepalli-Municipality,SHRDI NAGAR TADEPALLI TADEPALLI(VILL) THADEPALLE(MANDAL) GUNTUR(DIST),522501,kamarajuenglishmediumschool[at]gmail[dot]com,https://kys.udiseplus.gov.in/#/schooldetail/4679503/12,4679503,08/10/2024 12:12,2268
******91329 Operational,,KANNA EMS RAILPET,,,,Andhra Pradesh,6-Pr. Up Pr. and Secondary Only,38-Pvt.Unaided,1 To 10,3-Co-educational,2-Urban,NA,,Guntur (M Corp.) - Ward No.11,Guntur-Municipal Corporations,RAIL PET GUNTUR GUNTUR (CORP.)-3(VILL) GUNTUR(MANDAL) GUNTUR(DIST),522001,kannaschoolhm[at]gmail[dot]com,https://kys.udiseplus.gov.in/#/schooldetail/4681043/12,4681043,20/12/2025 13:11,2268
******91534 Operational,,KANNA HIGH SCHOOL RTC COLONY GUNTUR,,,,Andhra Pradesh,6-Pr. Up Pr. and Secondary Only,38-Pvt.Unaided,1 To 10,3-Co-educational,2-Urban,NA,,Guntur (M Corp.) - Ward No.1,Guntur-Municipal Corporations,KANNA HIGH SCHOOL RTC COLONY GUNTUR GUNTURCORP-5,522003,sanyatanujasri[at]gmail[dot]com,https://kys.udiseplus.gov.in/#/schooldetail/4681139/12,4681139,20/12/2025 12:37,2268
******00356 Operational,,KANNA SCHOOL GUNTURUVARI THOTA,,,,Andhra Pradesh,2-Primary with Upper Primary,38-Pvt.Unaided,1 To 7,3-Co-educational,2-Urban,NA,,Guntur (M Corp.) - Ward No.17,Guntur-Municipal Corporations,KANNA SCHOOL GUNTURUVARI THOTA GUNTUR,522001,kannaschoolhm[at]gmail[dot]com,https://kys.udiseplus.gov.in/#/schooldetail/4680724/12,4680724,20/12/2025 11:43,2268
******91473 Operational,,"KANNA SCHOOL, OLD GUNTUR, GUNTUR",,,,Andhra Pradesh,2-Primary with Upper Primary,38-Pvt.Unaided,1 To 7,3-Co-educational,2-Urban,NA,,Guntur (M Corp.) - Ward No.44,Guntur-Municipal Corporations,"GUNTURCORP-4,OLD GUNTUR, GUNTUR",522002,kannaschoolhm[at]gmail[dot]com,https://kys.udiseplus.gov.in/#/schooldetail/4681100/12,4681100,20/12/2025 12:50,2268
******91397 Operational,,"KANNA SCHOOL, VALLURIVARI THOTA",,,,Andhra Pradesh,2-Primary with Upper Primary,38-Pvt.Unaided,1 To 7,3-Co-educational,2-Urban,NA,,Guntur (M Corp.) - Ward No.45,Guntur-Municipal Corporations,ARANDULPET ARANDULPET GUNTUR (CORP.)-3(VILL) GUNTUR(MANDAL) GUNTUR(DIST),522001,kannaschoolhm[at]gmail[dot]com,https://kys.udiseplus.gov.in/#/schooldetail/4680320/12,4680320,20/12/2025 13:06,2268
******00212 Closed,Closed,KATURI HS LALPURAM,,,,Andhra Pradesh,1-Primary,38-Pvt.Unaided,1 To 5,3-Co-educational,1-Rural,Guntur,Ankireddipalem (R),,,LALPURAM GUNTUR RURAL,522017,katuri.001[at]gmail[dot]com,https://kys.udiseplus.gov.in/#/schooldetail/4680665/12,4680665,16/09/2025 16:40,2268
******01113 Operational,,KATURI SCHOOL LALPURAM,,,,Andhra Pradesh,6-Pr. Up Pr. and Secondary Only,38-Pvt.Unaided,1 To 10,3-Co-educational,1-Rural,Guntur,Ankireddipalem (R),,,"LALPURAM GUNTUR RURAL, GUNTUR",522017,katuri.001[at]gmail[dot]com,https://kys.udiseplus.gov.in/#/schooldetail/4680821/12,4680821,20/12/2025 13:08,2268
******91204 Operational,,KBR PPR AIDED PS GUNTUR,,,,Andhra Pradesh,1-Primary,35-Pvt.Aided,1 To 5,3-Co-educational,2-Urban,NA,,Guntur (M Corp.) - Ward No.47,Guntur-Municipal Corporations,16th WARD SIVANAGARAJU COLONY GUNTUR (CORP.)-2(VILL) GUNTUR(MANDAL) GUNTUR(DIST),522002,plakshmikumari08[at]gmail[dot]com,https://kys.udiseplus.gov.in/#/schooldetail/4680929/12,4680929,20/12/2025 12:55,2268
******01006 Operational,,KCESKOTHAREDDY PALEM,,,,Andhra Pradesh,1-Primary,35-Pvt.Aided,1 To 5,3-Co-educational,1-Rural,Chebrole,Pathareddipalem,,,"KOTHAREDDY PALEM , KOTHA REDDY PALEM PATHAREDDIPALEM(VILL) CHEBROLU(MANDAL) GUNTUR(DIST)",522212,Kceskothareddipalem[at]gmail[dot]com,https://kys.udiseplus.gov.in/#/schooldetail/4681826/12,4681826,27/09/2024 05:38,2268
******01008 Operational,,KCHSKOTHAREDDY PALEM,,,,Andhra Pradesh,7-Upper Pr. and Secondary,35-Pvt.Aided,6 To 10,3-Co-educational,1-Rural,Chebrole,Pathareddipalem,,,KOTHAREDDY PALEM KOTHA REDDY PALEM PATHAREDDIPALEM(VILL) CHEBROLU(MANDAL) GUNTUR(DIST),522212,vudumulanr[at]gmail[dot]com,https://kys.udiseplus.gov.in/#/schooldetail/4681828/12,4681828,20/07/2022 14:51,2268
******00322 Operational,,KCWEES HIGH SCHOOL,,,,Andhra Pradesh,7-Upper Pr. and Secondary,35-Pvt.Aided,6 To 10,3-Co-educational,2-Urban,NA,,Tadepalli Ward No.7,Tadepalli-Municipality,KRISHNANAGAR KRISHNANAGAR TADEPALLI(VILL) THADEPALLE(MANDAL) GUNTUR(DIST),522502,ramur8790[at]gmail[dot]com,https://kys.udiseplus.gov.in/#/schooldetail/4679496/12,4679496,08/10/2024 12:05,2268
******00319 Closed,Closed,K C W UPS KRISHNANAGAR,,,,Andhra Pradesh,4-Upper Primary only,35-Pvt.Aided,6 To 8,3-Co-educational,2-Urban,NA,,Tadepalli Ward No.7,Tadepalli-Municipality,KRISHNA NAGAR KRISHNANAGAR TADEPALLI(VILL) THADEPALLE(MANDAL) GUNTUR(DIST),522502,,https://kys.udiseplus.gov.in/#/schooldetail/4679493/12,4679493,11/05/2022 09:00,2268
******00809 Permanently Closed,,KEERTHI UPS TENALI,,,,Andhra Pradesh,1-Primary,61-Unrecognised Schools,1 To 5,3-Co-educational,2-Urban,NA,,Tenali (M) - Ward No.1,Tenali-Municipality,NA,522201,,https://kys.udiseplus.gov.in/#/schooldetail/4715980/12,4715980,15/10/2020 12:18,2268
******91299 Operational,,KENNEDY HS GUNTUR,,,,Andhra Pradesh,6-Pr. Up Pr. and Secondary Only,38-Pvt.Unaided,1 To 10,3-Co-educational,2-Urban,NA,,Guntur (M Corp.) - Ward No.44,Guntur-Municipal Corporations,1st WARD ARUNDELPET GUNTUR (CORP.)-2(VILL) GUNTUR(MANDAL) GUNTUR(DIST),522002,isaac[at]kennedyschool[dot]in,https://kys.udiseplus.gov.in/#/schooldetail/4681024/12,4681024,05/01/2026 16:42,2268
******00866 Operational,,KERALA EM HS TENALI,,,,Andhra Pradesh,6-Pr. Up Pr. and Secondary Only,38-Pvt.Unaided,1 To 10,3-Co-educational,2-Urban,NA,,Tenali (M) - Ward No.5,Tenali-Municipality,Nandulapet TENLAI URBAN,522201,rainbowskerala[at]gmail[dot]com,https://kys.udiseplus.gov.in/#/schooldetail/4681590/12,4681590,22/12/2025 15:16,2268
******91126 Closed,Closed,KERALA EM SCHOOL MARISPET,,,,Andhra Pradesh,2-Primary with Upper Primary,38-Pvt.Unaided,1 To 7,3-Co-educational,2-Urban,NA,,Tenali (M) - Ward No.22,Tenali-Municipality,MORRISPETA 522202,522201,keralatenali[at]gmail[dot]com,https://kys.udiseplus.gov.in/#/schooldetail/4681721/12,4681721,22/12/2023 11:48,2268
******00511 Operational,,KERALA ENGLISH MEDIUM SCHOOL,,,,Andhra Pradesh,6-Pr. Up Pr. and Secondary Only,38-Pvt.Unaided,1 To 10,3-Co-educational,2-Urban,NA,,Mangalagiri (M) - Ward No.29,Mangalagiri-Municipality,NEW BANK COLONY MANGALAGIRI MANGALAGIRI (U)(VILL) MANGALAGIRI(MANDAL) GUNTUR(DIST),522503,jojomonjoseph[at]yahoo[dot]com,https://kys.udiseplus.gov.in/#/schooldetail/4679575/12,4679575,20/12/2025 13:16,2268
******00509 Closed,Closed,KERALA MODEL SCHOOL,,,,Andhra Pradesh,2-Primary with Upper Primary,38-Pvt.Unaided,1 To 7,3-Co-educational,1-Rural,Kollipara,Athota,,,ATHOTA ATHOTA ATHOTA(VILL) KOLLIPARA(MANDAL) GUNTUR(DIST),522306,keralaemschool41[at]gmail[dot]com,https://kys.udiseplus.gov.in/#/schooldetail/4681353/12,4681353,04/08/2025 12:51,2268
******00104 Permanently Closed,,KESAVA REDDY EM HS,,,,Andhra Pradesh,6-Pr. Up Pr. and Secondary Only,38-Pvt.Unaided,1 To 10,3-Co-educational,1-Rural,Pedakakani,Koppuravuru,,,NA,522508,,https://kys.udiseplus.gov.in/#/schooldetail/4715936/12,4715936,15/10/2020 12:18,2268
******00904 Operational,,KG HS KR KONDURU,,,,Andhra Pradesh,7-Upper Pr. and Secondary,38-Pvt.Unaided,6 To 10,3-Co-educational,1-Rural,Duggirala,Kantamraju Konduru,,,K R KONDUR K R KONDUR K.R.KONDURU(VILL) DUGGIRALA(MANDAL) GUNTUR(DIST),522330,kghighschool[at]outlook[dot]com,https://kys.udiseplus.gov.in/#/schooldetail/4681307/12,4681307,15/10/2020 12:18,2268
******00660 Operational,,KHATHIJATUL KUBRA NISWAN TOOFAN NAGAR,,,,Andhra Pradesh,2-Primary with Upper Primary,98-Madarsa Unrecognized,1 To 8,3-Co-educational,2-Urban,NA,,Guntur (M Corp.) - Ward No.33,Guntur-Municipal Corporations,TOOFAN NAGAR GUNTUR GUNTUR (U)(VILL) GUNTUR(MANDAL) GUNTUR(DIST),522006,kqniswan2007[at]gmail[dot]com,https://kys.udiseplus.gov.in/#/schooldetail/4680769/12,4680769,05/01/2026 15:00,2268
******01523 Operational,,KIDZEE SCHOOL,,,,Andhra Pradesh,2-Primary with Upper Primary,38-Pvt.Unaided,1 To 7,3-Co-educational,1-Rural,Tadepalle,Ippatam,,,"KUNCHANAPALLI, TADEPALLI MANDAL",522501,mrctadepalli[at]gmail[dot]com,https://kys.udiseplus.gov.in/#/schooldetail/4721971/12,4721971,24/09/2024 11:53,2268
******91014 Operational,,K J D S M E S HYER PET,,,,Andhra Pradesh,1-Primary,34-MUNCIPAL,1 To 5,3-Co-educational,2-Urban,NA,,Tenali (M) - Ward No.2,Tenali-Municipality,TENALI (1st WARD) HYERPET TENALI (M)(VILL) TENALI(MANDAL) GUNTUR(DIST),522201,venyalatha9[at]gmail[dot]com,https://kys.udiseplus.gov.in/#/schooldetail/4681644/12,4681644,22/12/2025 15:42,2268
******90503 Operational,,"K.K. MPL HIGH SCHOOL, MANGALAGIRI",,,,Andhra Pradesh,6-Pr. Up Pr. and Secondary Only,34-MUNCIPAL,1 To 10,3-Co-educational,2-Urban,NA,,Mangalagiri (M) - Ward No.29,Mangalagiri-Municipality,24th WARD 24th WARD MANGALAGIRI (M)(VILL) MANGALAGIRI(MANDAL) GUNTUR(DIST),522503,kkmchs2025[at]gmail[dot]com,https://kys.udiseplus.gov.in/#/schooldetail/4679625/12,4679625,20/12/2025 13:28,2268
******00889 Operational,,KKR GOWTHAM,,,,Andhra Pradesh,6-Pr. Up Pr. and Secondary Only,38-Pvt.Unaided,1 To 10,3-Co-educational,2-Urban,NA,,Tenali (M) - Ward No.40,Tenali-Municipality,JAYAPRAKASH NAGAR GANGAMMAPET TENALI,522201,tenaligcs[at]yahoo[dot]com,https://kys.udiseplus.gov.in/#/schooldetail/4681610/12,4681610,22/12/2025 15:21,2268
******00113 Operational,,KONDAPANENI RANGARAO EM HIGH SCHOOL,,,,Andhra Pradesh,6-Pr. Up Pr. and Secondary Only,38-Pvt.Unaided,1 To 10,3-Co-educational,1-Rural,Duggirala,Chiluvuru,,,CHILUVURU VILL DUGGIRALA MANDAL GUNTUR DIST,522330,kondapaneni2018[at]gmail[dot]com,https://kys.udiseplus.gov.in/#/schooldetail/4719159/12,4719159,11/03/2024 16:59,2268
******00720 Operational,,KOWSHIK JUNIOR COLLEGE,,,,Andhra Pradesh,11-Higher Secondary only/Jr. College,38-Pvt.Unaided,11 To 12,3-Co-educational,2-Urban,NA,,Guntur (M Corp.) - Ward No.35,Guntur-Municipal Corporations,BUDAMPADU GUNTUR GUNTUR ADDRESS,522509,renu786.8145[at]gmail[dot]com,https://kys.udiseplus.gov.in/#/schooldetail/4719127/12,4719127,20/12/2025 12:07,2268
******00327 Permanently Closed,,KRISHNA CHAITANYA EM SCHOOL,,,,Andhra Pradesh,2-Primary with Upper Primary,61-Unrecognised Schools,1 To 7,3-Co-educational,1-Rural,Pedakakani,Pedakakani,,,NA,522509,,https://kys.udiseplus.gov.in/#/schooldetail/4681237/12,4681237,15/10/2020 12:18,2268
******91202 Operational,,KRISHNANAGAR AIDED ELE.,,,,Andhra Pradesh,1-Primary,35-Pvt.Aided,1 To 5,3-Co-educational,2-Urban,NA,,Guntur (M Corp.) - Ward No.31,Guntur-Municipal Corporations,1st WARD (PRAK ROAD) GUNTUR (MNDL) GUNTUR (CORP.)-2(VILL) GUNTUR(MANDAL) GUNTUR(DIST),522006,chnrao1968[at]gmail[dot]com,https://kys.udiseplus.gov.in/#/schooldetail/4680925/12,4680925,20/12/2025 14:43,2268
******00898 Closed,Closed,KRISHNAVENI PUBLIC SCHOOL CHENCHUPET,,,,Andhra Pradesh,2-Primary with Upper Primary,38-Pvt.Unaided,1 To 7,3-Co-educational,2-Urban,NA,,Tenali (M) - Ward No.26,Tenali-Municipality,tenali 522202,522201,,https://kys.udiseplus.gov.in/#/schooldetail/4680867/12,4680867,15/10/2020 12:18,2268
******00905 Operational,,KR S KR KONDURU,,,,Andhra Pradesh,2-Primary with Upper Primary,38-Pvt.Unaided,1 To 7,3-Co-educational,1-Rural,Duggirala,Kantamraju Konduru,,,KR KONDURU VILL DUGGIRALA MANDAL GUNTUR DIST,522330,kghighschool[at]outlook[dot]com,https://kys.udiseplus.gov.in/#/schooldetail/4681308/12,4681308,16/06/2023 15:21,2268
******91063 Operational,,KSMHS CHENCHUPET,,,,Andhra Pradesh,7-Upper Pr. and Secondary,34-MUNCIPAL,6 To 10,3-Co-educational,2-Urban,NA,,Tenali (M) - Ward No.26,Tenali-Municipality,27th WARD CHENCHUPET TENALI (M)(VILL) TENALI(MANDAL) GUNTUR(DIST),522202,ksmhighschool1960[at]gmail[dot]com,https://kys.udiseplus.gov.in/#/schooldetail/4712171/12,4712171,22/12/2025 15:59,2268
******00314 Permanently Closed,,K.S.RAO SCHOOL BRODIPET 4TH LINE,,,,Andhra Pradesh,2-Primary with Upper Primary,38-Pvt.Unaided,1 To 7,3-Co-educational,2-Urban,NA,,Guntur (M Corp.) - Ward No.35,Guntur-Municipal Corporations,NA,522002,,https://kys.udiseplus.gov.in/#/schooldetail/4715847/12,4715847,15/10/2020 12:18,2268
******91265 Operational,,KSRPHS R AGRAHARAM,,,,Andhra Pradesh,7-Upper Pr. and Secondary,34-MUNCIPAL,6 To 10,3-Co-educational,2-Urban,NA,,Guntur (M Corp.) - Ward No.17,Guntur-Municipal Corporations,1st WARD R AGRAHARAM GUNTUR (CORP.)-2(VILL) GUNTUR(MANDAL) GUNTUR(DIST),522003,ksrmchschool[at]gmail[dot]com,https://kys.udiseplus.gov.in/#/schooldetail/4680984/12,4680984,20/12/2025 12:40,2268
******91416 Operational,,K.S.R.PUBLIC SCHOOL,,,,Andhra Pradesh,2-Primary with Upper Primary,38-Pvt.Unaided,1 To 7,3-Co-educational,2-Urban,NA,,Guntur (M Corp.) - Ward No.34,Guntur-Municipal Corporations,NALLACHERUVU 15/2 GUNTUR GUNTUR GUNTUR(MANDAL) GUNTUR(DIST),522002,,https://kys.udiseplus.gov.in/#/schooldetail/4650007/12,4650007,20/12/2025 12:40,2268
******91249 Operational,,KSRT MCPS KVP COLONY -24,,,,Andhra Pradesh,1-Primary,34-MUNCIPAL,1 To 5,3-Co-educational,2-Urban,NA,,Guntur (M Corp.) - Ward No.27,Guntur-Municipal Corporations,1st WARD KONDA VENKATAPPAIAH COLONY GUNTUR (CORP.)-2(VILL) GUNTUR(MANDAL) GUNTUR(DIST),522004,ksrtmcps24[at]gmail[dot]com,https://kys.udiseplus.gov.in/#/schooldetail/4680968/12,4680968,20/12/2025 14:49,2268
******91431 Operational,,KSRT MHS K.V.P.COLONY,,,,Andhra Pradesh,7-Upper Pr. and Secondary,34-MUNCIPAL,6 To 10,3-Co-educational,2-Urban,NA,,Guntur (M Corp.) - Ward No.27,Guntur-Municipal Corporations,K.V.P.COLONY GUNTUR GUNTUR GUNTUR(MANDAL) GUNTUR(DIST),522004,ksrtmchighschool[at]gmail[dot]com,https://kys.udiseplus.gov.in/#/schooldetail/4681081/12,4681081,20/12/2025 15:23,2268
******00203 Operational,,KSR ZPHS ANNAPARRU,,,,Andhra Pradesh,7-Upper Pr. and Secondary,33-MPP_ZPP SCHOOLS,6 To 10,3-Co-educational,1-Rural,Pedanandipadu,Annaparru,,,ANNAPARRU(VILL) PEDANANDIPADU(MANDAL) GUNTUR(DIST),522235,ksrzphighschool[at]gmail[dot]com,https://kys.udiseplus.gov.in/#/schooldetail/4682786/12,4682786,22/12/2025 14:14,2268
******00609 Operational,,KURAPATI(EM)SCHOOL VADDESWARAM,,,,Andhra Pradesh,2-Primary with Upper Primary,38-Pvt.Unaided,1 To 7,3-Co-educational,2-Urban,NA,,Tadepalli Ward No.20,Tadepalli-Municipality,VADDESWRAMVILLTADEPALLI MANDAL GUNTURDIST522501,522502,kurapati.ems[at]gmail[dot]com,https://kys.udiseplus.gov.in/#/schooldetail/4679524/12,4679524,08/10/2024 11:51,2268
******00715 Closed,Closed,KUSUMA VIDYALAYAM SHRAFF BAZER SALTBAZER TENALI,,,,Andhra Pradesh,6-Pr. Up Pr. and Secondary Only,38-Pvt.Unaided,1 To 10,3-Co-educational,2-Urban,NA,,Tenali (M) - Ward No.12,Tenali-Municipality,Veera Raghavulu Street Tenali,522201,kvidyalayam[at]gmail[dot]com,https://kys.udiseplus.gov.in/#/schooldetail/4681568/12,4681568,15/10/2020 12:18,2268
******91052 Permanently Closed,,KUSU VIDYALAYAM SB,,,,Andhra Pradesh,2-Primary with Upper Primary,38-Pvt.Unaided,1 To 7,3-Co-educational,2-Urban,NA,,Tenali (M) - Ward No.9,Tenali-Municipality,NA,522201,,https://kys.udiseplus.gov.in/#/schooldetail/4715995/12,4715995,15/10/2020 12:18,2268
******00807 Closed,Closed,KVPS RAVELA,,,,Andhra Pradesh,2-Primary with Upper Primary,38-Pvt.Unaided,1 To 7,3-Co-educational,1-Rural,Tadikonda,Ravela,,,RAVELA RAVELA RAVELA(VILL) TADIKONDA(MANDAL) GUNTUR(DIST),522018,,https://kys.udiseplus.gov.in/#/schooldetail/4679707/12,4679707,23/09/2024 12:12,2268
******91347 Operational,,KVR HS GUNTUR,,,,Andhra Pradesh,6-Pr. Up Pr. and Secondary Only,38-Pvt.Unaided,1 To 10,3-Co-educational,2-Urban,NA,,Guntur (M Corp.) - Ward No.3,Guntur-Municipal Corporations,OLD GUNTUR GUNTUR GUNTUR (CORP.)-3(VILL) GUNTUR(MANDAL) GUNTUR(DIST),522001,kvrems[at]gmail[dot]com,https://kys.udiseplus.gov.in/#/schooldetail/4681053/12,4681053,20/12/2025 13:04,2268
******01981 Operational,,KVR UP SCHOOL MUGDUM NAGAR,,,,Andhra Pradesh,2-Primary with Upper Primary,38-Pvt.Unaided,1 To 7,3-Co-educational,2-Urban,GUNTUR EAST,,Guntur (M Corp.) - Ward No.6,Guntur-Municipal Corporations,MUGDUM NAGAR OLD GUNTUR,522001,,,,20/12/2025 12:18,2268
******00608 Operational,,KVR ZPHS THULLUR,,,,Andhra Pradesh,7-Upper Pr. and Secondary,33-MPP_ZPP SCHOOLS,6 To 10,3-Co-educational,1-Rural,Thullur,Thullur,,,THULLUR THULLUR TULLUR(VILL) THULLUR(MANDAL) GUNTUR(DIST),522237,kvrzphstulluru[at]gmail[dot]com,https://kys.udiseplus.gov.in/#/schooldetail/4679419/12,4679419,20/06/2025 17:34,2268
******00106 Closed,Closed,KVS HS CHILUVURU,,,,Andhra Pradesh,7-Upper Pr. and Secondary,38-Pvt.Unaided,6 To 10,3-Co-educational,1-Rural,Duggirala,Chiluvuru,,,CHILUVURU CHILUVURU CHILUVURU(VILL) DUGGIRALA(MANDAL) GUNTUR(DIST),522330,kvshighschool1923[at]gmail[dot]com,https://kys.udiseplus.gov.in/#/schooldetail/4681271/12,4681271,16/12/2023 10:28,2268
******00424 Closed,Closed,LAKHSMI GANAPATHI UP SCHOOL,,,,Andhra Pradesh,2-Primary with Upper Primary,61-Unrecognised Schools,1 To 7,3-Co-educational,1-Rural,Prathipadu,Prathipadu,,,PRATHIPADU,522019,prasagpr[at]gmail[dot]com,https://kys.udiseplus.gov.in/#/schooldetail/4681899/12,4681899,10/05/2022 17:36,2268
******00639 Operational,,LAKSHYA JUNIOR KALASALA (06153),,,,Andhra Pradesh,11-Higher Secondary only/Jr. College,38-Pvt.Unaided,11 To 12,3-Co-educational,2-Urban,NA,,Guntur (M Corp.) - Ward No.4,Guntur-Municipal Corporations,"Bhagavan heights,Nagaralu,Amaravathi road",522034,Gunturoxfordjuniorcollege[at]gmail[dot]com,https://kys.udiseplus.gov.in/#/schooldetail/4721050/12,4721050,20/12/2025 12:20,2268
******00314 Permanently Closed,,LAYOLA NOWLUR,,,,Andhra Pradesh,2-Primary with Upper Primary,38-Pvt.Unaided,1 To 7,3-Co-educational,1-Rural,Mangalagiri,NA,,,NA,522503,,https://kys.udiseplus.gov.in/#/schooldetail/4715770/12,4715770,15/10/2020 12:18,2268
******01007 Operational,,LAYOLA PS NALLAPADU,,,,Andhra Pradesh,1-Primary,38-Pvt.Unaided,1 To 5,3-Co-educational,2-Urban,NA,,Guntur Ward No. 53,Guntur-Municipal Corporations,LOYOLA NAGAR NALLAPADU NALLAPADU(VILL) GUNTUR(MANDAL) GUNTUR(DIST),522005,loyolahighschoolgnt[at]gmail[dot]com,https://kys.udiseplus.gov.in/#/schooldetail/4680803/12,4680803,20/12/2025 13:02,2268
******90543 Operational,,LB SSS MANGALAGIRI,,,,Andhra Pradesh,2-Primary with Upper Primary,38-Pvt.Unaided,1 To 7,3-Co-educational,2-Urban,NA,,Mangalagiri (M) - Ward No.2,Mangalagiri-Municipality,KOTHA PET MANGALAGIRI MANGALAGIRI (M)(VILL) MANGALAGIRI(MANDAL) GUNTUR(DIST),522503,nag041[at]gmail[dot]com,https://kys.udiseplus.gov.in/#/schooldetail/4678964/12,4678964,20/12/2025 13:55,2268
******91288 Operational,,LEMHS BRODIPET,,,,Andhra Pradesh,7-Upper Pr. and Secondary,35-Pvt.Aided,6 To 10,3-Co-educational,2-Urban,NA,,Guntur (M Corp.) - Ward No.40,Guntur-Municipal Corporations,08th WARD BRODIEPET GUNTUR (CORP.)-2(VILL) GUNTUR(MANDAL) GUNTUR(DIST),522002,suneethi288[at]gmail[dot]com,https://kys.udiseplus.gov.in/#/schooldetail/4681010/12,4681010,20/12/2025 12:36,2268
******91207 Operational,,LEM PS GUNTUR,,,,Andhra Pradesh,1-Primary,35-Pvt.Aided,1 To 5,3-Co-educational,2-Urban,NA,,Guntur (M Corp.) - Ward No.40,Guntur-Municipal Corporations,1st WARD 6/13 BRODIPET GUNTUR (CORP.)-2(VILL) GUNTUR(MANDAL) GUNTUR(DIST),522002,mukkalaheleena[at]gmail[dot]com,https://kys.udiseplus.gov.in/#/schooldetail/4680931/12,4680931,20/12/2025 12:35,2268
******00814 Operational,,"LIONS MONTESSORI HIGH SCHOOL, NAGULAPADU",,,,Andhra Pradesh,6-Pr. Up Pr. and Secondary Only,39-Pvt.Unaided (CBSE Syllabus),1 To 10,3-Co-educational,1-Rural,Pedanandipadu,Pedanandipadu,,,PEDANANDIPADU GUNTUR,522235,lmhschool1988[at]gmail[dot]com,https://kys.udiseplus.gov.in/#/schooldetail/4682818/12,4682818,22/12/2025 19:00,2268
******00413 Closed,Closed,LITTILE ROSES ENGLISH MEDIUM SCHOOL,,,,Andhra Pradesh,1-Primary,38-Pvt.Unaided,1 To 5,3-Co-educational,1-Rural,Pedakakani,Venigandla,,,NEAR CANARA BANK SUGALI COLONY ROAD VENIGANDLA VILLAGE PEDAKAKANI MANDAL GUNTUR DISTRICT,522509,littleroses2019[at]gmail[dot]com,https://kys.udiseplus.gov.in/#/schooldetail/4681244/12,4681244,01/10/2025 11:42,2268
******00116 Permanently Closed,,LITTLE BLOOMS EMS VMPADU,,,,Andhra Pradesh,1-Primary,61-Unrecognised Schools,1 To 5,3-Co-educational,1-Rural,Vatticherukuru,Kornepadu,,,NA,522017,,https://kys.udiseplus.gov.in/#/schooldetail/4716017/12,4716017,15/10/2020 12:18,2268
******00114 Permanently Closed,,LITTLE BLOOMS VINJANAMPADU,,,,Andhra Pradesh,1-Primary,61-Unrecognised Schools,1 To 5,3-Co-educational,1-Rural,Vatticherukuru,Kornepadu,,,NA,522017,,https://kys.udiseplus.gov.in/#/schooldetail/4681842/12,4681842,15/10/2020 12:18,2268
******01208 Operational,,LITTLE BUDS MS MUTLURU,,,,Andhra Pradesh,2-Primary with Upper Primary,38-Pvt.Unaided,1 To 7,3-Co-educational,1-Rural,Vatticherukuru,Mutluru,,,"THOORPU VEEDHI, MUTLURU(VILL) VATTICHERUKURU(MANDAL) GUNTUR(DIST)",522212,sridevaharsha[at]gmail[dot]com,https://kys.udiseplus.gov.in/#/schooldetail/4681873/12,4681873,28/09/2024 15:38,2268
******91307 Operational,,"LITTLE CHANDRAS ENGLISH MEDIUM SCHOOL, ANJANEYAPETA",,,,Andhra Pradesh,6-Pr. Up Pr. and Secondary Only,38-Pvt.Unaided,1 To 10,3-Co-educational,2-Urban,NA,,Guntur (M Corp.) - Ward No.7,Guntur-Municipal Corporations,ANJANEYA PET 1ST LANE GUNTUR GUNTUR (CORP.)-3(VILL) GUNTUR(MANDAL) GUNTUR(DIST),522007,littlechandras2[at]gmail[dot]com,https://kys.udiseplus.gov.in/#/schooldetail/4681031/12,4681031,20/12/2025 14:58,2268
******91597 Closed,Closed,LITTLE CITIZENS SCHOOL KRISHNA NAGAR GUNTUR,,,,Andhra Pradesh,2-Primary with Upper Primary,38-Pvt.Unaided,1 To 7,3-Co-educational,2-Urban,NA,,Guntur (M Corp.) - Ward No.31,Guntur-Municipal Corporations,KRISHNA NAGAR GUNTUR,522002,,https://kys.udiseplus.gov.in/#/schooldetail/4681201/12,4681201,11/05/2022 14:27,2268
******00329 Operational,,LITTLE FLOWER CONVEN,,,,Andhra Pradesh,2-Primary with Upper Primary,38-Pvt.Unaided,1 To 7,3-Co-educational,2-Urban,NA,,Tadepalli Ward No.20,Tadepalli-Municipality,TADEPALLI TADEPALLI TADEPALLI(VILL) THADEPALLE(MANDAL) GUNTUR(DIST),522501,sktasleema242[at]gmail[dot]com,https://kys.udiseplus.gov.in/#/schooldetail/4679501/12,4679501,08/10/2024 12:10,2268
******91306 Operational,,LITTLE FLOWER (EM) SCHOOL,,,,Andhra Pradesh,6-Pr. Up Pr. and Secondary Only,40-Pvt.Unaided (ICSE Syllabus),1 To 10,3-Co-educational,2-Urban,NA,,Guntur (M Corp.) - Ward No.36,Guntur-Municipal Corporations,1st WARD (VIDYA NAGAR) GUNTUR (MANDAL) GUNTUR (CORP.)-3(VILL) GUNTUR(MANDAL) GUNTUR(DIST),522007,lfsgnt[at]yahoo[dot]com,https://kys.udiseplus.gov.in/#/schooldetail/4681030/12,4681030,20/12/2025 14:58,2268
******00914 Closed,Closed,LITTLE FLOWER EMS KPARA,,,,Andhra Pradesh,2-Primary with Upper Primary,38-Pvt.Unaided,1 To 7,3-Co-educational,1-Rural,Kollipara,Kollipara,,,KOLLIPARA KOLLIPARA KOLLIPARA(VILL) KOLLIPARA(MANDAL) GUNTUR(DIST),522304,littleflowersems[at]gmail[dot]com,https://kys.udiseplus.gov.in/#/schooldetail/4681370/12,4681370,02/02/2023 20:55,2268
******90759 Operational,,LITTLE GEMS VIDYASRAM,,,,Andhra Pradesh,6-Pr. Up Pr. and Secondary Only,38-Pvt.Unaided,1 To 10,3-Co-educational,2-Urban,NA,,Ponnur (M) - Ward No.18,Ponnuru-Municipality,LITTLE GEMS VIDYASRAM GBC ROAD PONNUR MANDAL GUNTUR DT-522124,522124,pariskarmacts[at]gmail[dot]com,https://kys.udiseplus.gov.in/#/schooldetail/4682991/12,4682991,08/10/2024 14:53,2268
******00832 Operational,,LITTLE HEARTS HS RRNAGAR,,,,Andhra Pradesh,2-Primary with Upper Primary,38-Pvt.Unaided,1 To 7,3-Co-educational,2-Urban,NA,,Tenali (M) - Ward No.23,Tenali-Municipality,RR NAGAR MARRIS PET TENALI TOWN TENALI(U)(VILL) TENALI(MANDAL) GUNTUR(DIST),522201,ananth373[at]gmail[dot]com,https://kys.udiseplus.gov.in/#/schooldetail/4681580/12,4681580,22/12/2025 14:59,2268
******91343 Permanently Closed,,LITTLE INDIANS PUB SCHOOL,,,,Andhra Pradesh,2-Primary with Upper Primary,38-Pvt.Unaided,1 To 7,3-Co-educational,2-Urban,NA,,Guntur (M Corp.) - Ward No.33,Guntur-Municipal Corporations,NA,522003,,https://kys.udiseplus.gov.in/#/schooldetail/4681050/12,4681050,15/10/2020 12:18,2268
******00259 Operational,,LITTLE STEPS SCHOOL,,,,Andhra Pradesh,2-Primary with Upper Primary,38-Pvt.Unaided,1 To 7,3-Co-educational,2-Urban,NA,,Guntur (M Corp.) - Ward No.34,Guntur-Municipal Corporations,NAVABHARATH NAGAR 2ND LINE GUNTUR,522007,littlestepsips[at]gmail[dot]com,https://kys.udiseplus.gov.in/#/schooldetail/4720670/12,4720670,20/12/2025 15:11,2268
******00386 Closed,Closed,"LIVE LITTLE SPARKS SCHOOL,KORITAPADU",,,,Andhra Pradesh,2-Primary with Upper Primary,38-Pvt.Unaided,1 To 7,3-Co-educational,2-Urban,NA,,Guntur (M Corp.) - Ward No.40,Guntur-Municipal Corporations,KORETIPADU,522007,livemanmadha[at]gmail[dot]com,https://kys.udiseplus.gov.in/#/schooldetail/4680729/12,4680729,05/02/2023 22:07,2268
******91575 Operational,,LIVE SCHOOL KORETIPADUGUNTUR,,,,Andhra Pradesh,7-Upper Pr. and Secondary,38-Pvt.Unaided,6 To 10,3-Co-educational,2-Urban,NA,,Guntur (M Corp.) - Ward No.40,Guntur-Municipal Corporations,chandramoulie nagar 0 line KORETIPADU,522007,liveiit0123[at]gmail[dot]com,https://kys.udiseplus.gov.in/#/schooldetail/4680439/12,4680439,20/12/2025 15:14,2268
******00804 Closed,Closed,L.M. ES PEDANANDIPADU,,,,Andhra Pradesh,1-Primary,35-Pvt.Aided,1 To 5,3-Co-educational,1-Rural,Pedanandipadu,Pedanandipadu,,,PEDANANDIPADU PEDANANDIPADU PEDANANDIPADU(VILL) PEDANANDIPADU(MANDAL) GUNTUR(DIST),522235,lmh1988[at]gmail[dot]com,https://kys.udiseplus.gov.in/#/schooldetail/4682811/12,4682811,15/10/2020 12:18,2268
******00806 Closed,Closed,LMHS PEDANANDIPADU,,,,Andhra Pradesh,7-Upper Pr. and Secondary,35-Pvt.Aided,6 To 10,3-Co-educational,1-Rural,Pedanandipadu,Pedanandipadu,,,PEDANANDIPADU PEDANANDIPADU PEDANANDIPADU(VILL) PEDANANDIPADU(MANDAL) GUNTUR(DIST),522235,-lmh1988[at]gmil[dot]com,https://kys.udiseplus.gov.in/#/schooldetail/4682813/12,4682813,15/10/2020 12:18,2268
******91324 Operational,,LOTUS PS GUNTUR,,,,Andhra Pradesh,6-Pr. Up Pr. and Secondary Only,38-Pvt.Unaided,1 To 10,3-Co-educational,2-Urban,NA,,Guntur (M Corp.) - Ward No.31,Guntur-Municipal Corporations,MAIN ROAD PATTABHI PURAM GUNTUR GUNTUR (CORP.)-3(VILL) GUNTUR(MANDAL) GUNTUR(DIST),522006,Lotuspublicschoolguntur[at]gmail[dot]com,https://kys.udiseplus.gov.in/#/schooldetail/4681039/12,4681039,20/12/2025 15:01,2268
******91285 Operational,,LOURDES HS GUNTUR,,,,Andhra Pradesh,7-Upper Pr. and Secondary,35-Pvt.Aided,6 To 10,3-Co-educational,2-Urban,NA,,Guntur (M Corp.) - Ward No.49,Guntur-Municipal Corporations,16th WARD VASANTHA RAYAPURAM GUNTUR (CORP.)-2(VILL) GUNTUR(MANDAL) GUNTUR(DIST),522002,lhsguntur[at]gmail[dot]com,https://kys.udiseplus.gov.in/#/schooldetail/4681007/12,4681007,20/12/2025 13:08,2268
******01011 Operational,,LOYALA PS NALLAPADU,,,,Andhra Pradesh,3-Pr. with Up.Pr. Sec. and H.Sec.,40-Pvt.Unaided (ICSE Syllabus),1 To 12,3-Co-educational,2-Urban,NA,,Guntur Ward No. 53,Guntur-Municipal Corporations,NALLAPADU NALLAPADU NALLAPADU(VILL) GUNTUR(MANDAL) GUNTUR(DIST),522005,loyolapublicschool.lps[at]gmail[dot]com,https://kys.udiseplus.gov.in/#/schooldetail/4680807/12,4680807,20/12/2025 13:03,2268
******01010 Operational,,LOYOLA HS NALLAPADU,,,,Andhra Pradesh,7-Upper Pr. and Secondary,38-Pvt.Unaided,6 To 10,3-Co-educational,2-Urban,NA,,Guntur Ward No. 53,Guntur-Municipal Corporations,NALLAPADU NALLAPADU NALLAPADU(VILL) GUNTUR(MANDAL) GUNTUR(DIST),522005,loyolahighschoolgnt[at]gmail[dot]com,https://kys.udiseplus.gov.in/#/schooldetail/4680806/12,4680806,20/12/2025 13:03,2268
******90398 Operational,,L.S.G. AIDED PS GUNTUR,,,,Andhra Pradesh,1-Primary,35-Pvt.Aided,1 To 5,3-Co-educational,2-Urban,NA,,Guntur (M Corp.) - Ward No.49,Guntur-Municipal Corporations,49th WARD VASANTHARAYA PURAM GUNTUR (CORP.)(VILL) GUNTUR(MANDAL) GUNTUR(DIST),522002,karunasree203[at]gmail[dot]com,https://kys.udiseplus.gov.in/#/schooldetail/4680187/12,4680187,20/12/2025 12:55,2268
******91047 Operational,,LUP AIDED NAZEARPET,,,,Andhra Pradesh,2-Primary with Upper Primary,35-Pvt.Aided,1 To 7,3-Co-educational,2-Urban,NA,,Tenali (M) - Ward No.10,Tenali-Municipality,10th WARD NAZERPET TENALI (M)(VILL) TENALI(MANDAL) GUNTUR(DIST),522201,priyapilli777[at]gmail[dot]com,https://kys.udiseplus.gov.in/#/schooldetail/4681670/12,4681670,22/12/2025 16:01,2268
******91280 Operational,,LUTHERN MODEL HS GUNTUR,,,,Andhra Pradesh,7-Upper Pr. and Secondary,35-Pvt.Aided,6 To 10,3-Co-educational,2-Urban,NA,,Guntur (M Corp.) - Ward No.40,Guntur-Municipal Corporations,09th WARD BRODIEPET GUNTUR (CORP.)-2(VILL) GUNTUR(MANDAL) GUNTUR(DIST),522002,lmhsgnt[at]gmail[dot]com,https://kys.udiseplus.gov.in/#/schooldetail/4681002/12,4681002,20/12/2025 12:36,2268
******91548 Permanently Closed,,L.V.TECHNO SCHOOL OLD GUNTUR GUNTUR,,,,Andhra Pradesh,2-Primary with Upper Primary,61-Unrecognised Schools,1 To 7,3-Co-educational,2-Urban,NA,,Guntur (M Corp.) - Ward No.5,Guntur-Municipal Corporations,NA,522006,,https://kys.udiseplus.gov.in/#/schooldetail/4715932/12,4715932,15/10/2020 12:18,2268
******90783 Permanently Closed,,MADARASA ARABIA FATHIMA NISWAN,,,,Andhra Pradesh,2-Primary with Upper Primary,98-Madarsa Unrecognized,1 To 8,2-Girls,2-Urban,NA,,Ponnur (M) - Ward No.27,Ponnuru-Municipality,MADARASA ARABIA FATHIMA NISWAN ITIKAMPADU ROAD NEAR LATHIF CHICKEN CENTER PONNUR PONNUR MD GUNTUR DT,522124,meoponnur[at]gmail[dot]com,https://kys.udiseplus.gov.in/#/schooldetail/4683004/12,4683004,19/07/2023 22:14,2268
******00925 Closed,Closed,MADARASA ARABIA SIDIQUIA OLD GUNTUR,,,,Andhra Pradesh,1-Primary,98-Madarsa Unrecognized,1 To 5,3-Co-educational,2-Urban,NA,,Guntur (M Corp.) - Ward No.5,Guntur-Municipal Corporations,BHAGATH SINGH NAGAR 4TH LINE SUUDAPALLI DONKA OLD GUNTUR GUNTUR,522003,gunturmeo[at]yahoo[dot]in,https://kys.udiseplus.gov.in/#/schooldetail/4680788/12,4680788,11/05/2022 18:44,2268
******00377 Permanently Closed,,MADARASA E FIRDOUSE ALINAGARA,,,,Andhra Pradesh,1-Primary,98-Madarsa Unrecognized,1 To 5,3-Co-educational,2-Urban,NA,,Guntur (M Corp.) - Ward No.6,Guntur-Municipal Corporations,NA,522003,,https://kys.udiseplus.gov.in/#/schooldetail/4715855/12,4715855,15/10/2020 12:18,2268
******00653 Permanently Closed,,MADARASA E- KOUSAR MADEENA,,,,Andhra Pradesh,2-Primary with Upper Primary,98-Madarsa Unrecognized,1 To 7,3-Co-educational,2-Urban,NA,,Guntur (M Corp.) - Ward No.5,Guntur-Municipal Corporations,NA,522003,,https://kys.udiseplus.gov.in/#/schooldetail/4715871/12,4715871,15/10/2020 12:18,2268
******00868 Closed,Closed,MADARASA HIDAYATUL ULOOM NISWAN,,,,Andhra Pradesh,1-Primary,98-Madarsa Unrecognized,1 To 5,3-Co-educational,1-Rural,Tenali,Katevaram,,,TENALI TENALITOWN TENALI(U)(VILL) TENALI(MANDAL) GUNTUR(DIST),522202,,https://kys.udiseplus.gov.in/#/schooldetail/4681591/12,4681591,10/05/2022 20:40,2268
******01032 Permanently Closed,,MADARASA SHAHEEDIYA KALEEMIYA,,,,Andhra Pradesh,1-Primary,98-Madarsa Unrecognized,1 To 5,1-Boys,1-Rural,Medikonduru,Pericherla,,,NA,522438,,https://kys.udiseplus.gov.in/#/schooldetail/4715842/12,4715842,15/10/2020 12:18,2268
******01203 Operational,,"MADARASA-ZEENATHUL-ULOOM,BESIDE NOORANI MOSQUE,PONNUR",,,,Andhra Pradesh,1-Primary,98-Madarsa Unrecognized,1 To 5,1-Boys,2-Urban,NA,,Ponnur (M) - Ward No.29,Ponnuru-Municipality,MADRASA ZEENTHUL ULOOM BESIDE MAHABOOB NAGAR 2ND LINE NOORANI MOSQUE PONNUR GUNTUR DT-522124,522124,babji9346565903[at]gmail[dot]com,https://kys.udiseplus.gov.in/#/schooldetail/4682915/12,4682915,07/10/2024 16:34,2268
******00903 Operational,,MADARSA-A-KOWSAR MADEENA NALLACHERUVU,,,,Andhra Pradesh,2-Primary with Upper Primary,98-Madarsa Unrecognized,1 To 7,3-Co-educational,2-Urban,NA,,Guntur (M Corp.) - Ward No.19,Guntur-Municipal Corporations,21st line Nallacheruvu guntur,522003,masthan7560[at]gmail[dot]com,https://kys.udiseplus.gov.in/#/schooldetail/4680041/12,4680041,20/12/2025 12:38,2268
******00385 Operational,,MADARSA ANWARUL HUDA KVP COLONY,,,,Andhra Pradesh,1-Primary,98-Madarsa Unrecognized,1 To 5,1-Boys,2-Urban,NA,,Guntur (M Corp.) - Ward No.27,Guntur-Municipal Corporations,Konda venkatapaiah colony guntur,522004,mohammedishaqqfaizee[at]gmail[dot]com,https://kys.udiseplus.gov.in/#/schooldetail/4680728/12,4680728,20/12/2025 12:50,2268
******00908 Permanently Closed,,MADARSA-ARABI SIDDIQIYA SUDDAPALLI DONKA,,,,Andhra Pradesh,2-Primary with Upper Primary,61-Unrecognised Schools,1 To 7,3-Co-educational,2-Urban,NA,,Guntur (M Corp.) - Ward No.17,Guntur-Municipal Corporations,NA,522001,,https://kys.udiseplus.gov.in/#/schooldetail/4715892/12,4715892,15/10/2020 12:18,2268
******00372 Operational,,MADARSA ARIBYA DAROOL ULOOM JAMYA MH,,,,Andhra Pradesh,2-Primary with Upper Primary,98-Madarsa Unrecognized,1 To 8,1-Boys,2-Urban,NA,,Guntur (M Corp.) - Ward No.7,Guntur-Municipal Corporations,"ponnur rorad, guntur post and mandal",522303,madarsa[at]gmail[dot]com,https://kys.udiseplus.gov.in/#/schooldetail/4680725/12,4680725,20/12/2025 11:44,2268
******00381 Permanently Closed,,MADARSA E AYESHA NISWAN SANGADIGUNTA,,,,Andhra Pradesh,1-Primary,98-Madarsa Unrecognized,1 To 5,2-Girls,2-Urban,NA,,Guntur (M Corp.) - Ward No.7,Guntur-Municipal Corporations,NA,522003,,https://kys.udiseplus.gov.in/#/schooldetail/4715859/12,4715859,15/10/2020 12:18,2268
******00384 Closed,Closed,MADARSA -E- BAHEEJATUL QURAN,,,,Andhra Pradesh,1-Primary,98-Madarsa Unrecognized,1 To 5,3-Co-educational,2-Urban,NA,,Guntur (M Corp.) - Ward No.5,Guntur-Municipal Corporations,7TH LANE ANANDAPAET,522001,sdyahiya786[at]gmail[dot]com,https://kys.udiseplus.gov.in/#/schooldetail/4680727/12,4680727,11/05/2022 14:26,2268
******00914 Operational,,"MADARSA - E - DAR - AL - ARQUAM HAZRATH, JUNNU SHAHEED NAGAR",,,,Andhra Pradesh,1-Primary,98-Madarsa Unrecognized,1 To 5,3-Co-educational,2-Urban,NA,,Guntur (M Corp.) - Ward No.32,Guntur-Municipal Corporations,PONNUR ROAD OPP ANDHRA MUSLIM COLLEGE GUNTUR GUNTUR EAST MANDAL ANDHRAPRADESH,522003,anjumanschools444[at]gmail[dot]com,https://kys.udiseplus.gov.in/#/schooldetail/4680048/12,4680048,18/12/2025 17:26,2268
******00379 Permanently Closed,,MADARSA -E-FAZUL ULOOM MUFTY STREET,,,,Andhra Pradesh,1-Primary,98-Madarsa Unrecognized,1 To 5,1-Boys,2-Urban,NA,,Guntur (M Corp.) - Ward No.4,Guntur-Municipal Corporations,NA,522003,,https://kys.udiseplus.gov.in/#/schooldetail/4715857/12,4715857,15/10/2020 12:18,2268
******00907 Permanently Closed,,MADARSA-E-FIRDOUS ALI NAGAR,,,,Andhra Pradesh,2-Primary with Upper Primary,61-Unrecognised Schools,1 To 7,3-Co-educational,2-Urban,NA,,Guntur (M Corp.) - Ward No.24,Guntur-Municipal Corporations,NA,522004,,https://kys.udiseplus.gov.in/#/schooldetail/4715891/12,4715891,15/10/2020 12:18,2268
******00516 Operational,,MADARSA-E-HIRA,,,,Andhra Pradesh,2-Primary with Upper Primary,98-Madarsa Unrecognized,1 To 8,3-Co-educational,2-Urban,NA,,Mangalagiri (M) - Ward No.32,Mangalagiri-Municipality,BEHIND OLD BUS STAND MANGALAGIRI MANGALAGIRI (U)(VILL) MANGALAGIRI(MANDAL) GUNTUR(DIST),522503,vijayap336[at]gmail[dot]com,https://kys.udiseplus.gov.in/#/schooldetail/4679576/12,4679576,20/12/2025 13:17,2268
******00912 Operational,,"MADARSA - E - MAZHARUL ULOOM CHANDRA BABU COLONY, GUNTUR",,,,Andhra Pradesh,2-Primary with Upper Primary,98-Madarsa Unrecognized,1 To 7,3-Co-educational,2-Urban,GUNTUR EAST,,Guntur (M Corp.) - Ward No.45,Guntur-Municipal Corporations,"CHANDRA BABU COLONY, GUNTUR",522003,,https://kys.udiseplus.gov.in/#/schooldetail/4715893/12,4715893,20/12/2025 12:08,2268
******00635 Permanently Closed,,MADARSA E NOOR BRAIMAM PANZA,,,,Andhra Pradesh,2-Primary with Upper Primary,98-Madarsa Unrecognized,1 To 7,3-Co-educational,2-Urban,NA,,Guntur (M Corp.) - Ward No.4,Guntur-Municipal Corporations,NA,522002,,https://kys.udiseplus.gov.in/#/schooldetail/4715870/12,4715870,15/10/2020 12:18,2268
******00378 Permanently Closed,,MADARSA -E-SUFFAH ANANDAPET 3R,,,,Andhra Pradesh,1-Primary,98-Madarsa Unrecognized,1 To 5,3-Co-educational,2-Urban,NA,,Guntur (M Corp.) - Ward No.7,Guntur-Municipal Corporations,NA,522003,,https://kys.udiseplus.gov.in/#/schooldetail/4715856/12,4715856,15/10/2020 12:18,2268
******00667 Permanently Closed,,MADARSA E- SUMMAIYA RAJIV GANDHI NAGAR,,,,Andhra Pradesh,2-Primary with Upper Primary,98-Madarsa Unrecognized,1 To 8,3-Co-educational,2-Urban,NA,,Guntur (M Corp.) - Ward No.44,Guntur-Municipal Corporations,NA,522002,,https://kys.udiseplus.gov.in/#/schooldetail/4715873/12,4715873,15/10/2020 12:18,2268
******00382 Permanently Closed,,MADARSA E TALEEMUL ISLAM ALI NAGAR,,,,Andhra Pradesh,1-Primary,98-Madarsa Unrecognized,1 To 5,1-Boys,2-Urban,NA,,Guntur (M Corp.) - Ward No.42,Guntur-Municipal Corporations,NA,522003,,https://kys.udiseplus.gov.in/#/schooldetail/4715860/12,4715860,15/10/2020 12:18,2268
******00628 Permanently Closed,,MADARSA JAMIYA KHATHIJATHUL KUBRA NISWAN,,,,Andhra Pradesh,1-Primary,98-Madarsa Unrecognized,1 To 5,3-Co-educational,2-Urban,NA,,Guntur (M Corp.) - Ward No.10,Guntur-Municipal Corporations,NA,522003,,https://kys.udiseplus.gov.in/#/schooldetail/4715868/12,4715868,15/10/2020 12:18,2268
******00375 Closed,Closed,MADARSA JAMIYA KHATHIJATHUL KUBRA NISWAN,,,,Andhra Pradesh,1-Primary,98-Madarsa Unrecognized,1 To 5,2-Girls,2-Urban,NA,,Guntur (M Corp.) - Ward No.47,Guntur-Municipal Corporations,guntur wari thota 4th line,522003,ismailaijaz878[at]gmail[dot]com,https://kys.udiseplus.gov.in/#/schooldetail/4680726/12,4680726,05/02/2023 22:32,2268
******00910 Permanently Closed,,MADARSA KASHIFUL ULLOM MARUTHI NAGAR 7TH LINE,,,,Andhra Pradesh,1-Primary,98-Madarsa Unrecognized,1 To 5,3-Co-educational,2-Urban,NA,,Guntur (M Corp.) - Ward No.37,Guntur-Municipal Corporations,NA,522002,,https://kys.udiseplus.gov.in/#/schooldetail/4680046/12,4680046,15/10/2020 12:18,2268
******00380 Permanently Closed,,MADARSA MAZAHERUL ULOOM CM COLONY,,,,Andhra Pradesh,1-Primary,98-Madarsa Unrecognized,1 To 5,1-Boys,2-Urban,NA,,Guntur (M Corp.) - Ward No.6,Guntur-Municipal Corporations,NA,522003,,https://kys.udiseplus.gov.in/#/schooldetail/4715858/12,4715858,15/10/2020 12:18,2268
******90799 Operational,,MADARSA MEHBUBIYA TALIMUL QURAN PONNUR,,,,Andhra Pradesh,2-Primary with Upper Primary,98-Madarsa Unrecognized,1 To 8,3-Co-educational,2-Urban,NA,,Ponnur (M) - Ward No.27,Ponnuru-Municipality,MADARSA MEHABUBIYA TALIMUL QURAN SHARAF BAZAR PONNUR PONNUR MANDAL GUNTUR DT-522124,522124,madarasamehabubiya[at]gmail[dot]com,https://kys.udiseplus.gov.in/#/schooldetail/4683005/12,4683005,27/09/2024 16:29,2268
******00663 Permanently Closed,,MADARSA - MS - ABDUL KHALAM MADARSA,,,,Andhra Pradesh,1-Primary,98-Madarsa Unrecognized,1 To 5,3-Co-educational,2-Urban,NA,,Guntur (M Corp.) - Ward No.5,Guntur-Municipal Corporations,NA,522003,,https://kys.udiseplus.gov.in/#/schooldetail/4715872/12,4715872,15/10/2020 12:18,2268
******01211 Closed,Closed,MADRASA ARABIA KASHIFULULOOM,,,,Andhra Pradesh,1-Primary,98-Madarsa Unrecognized,1 To 5,1-Boys,1-Rural,Tenali,Katevaram,,,MADINA STREET PEDAVAVURU PEDARAVURU(VILL) TENALI(MANDAL) GUNTUR(DIST),522330,,https://kys.udiseplus.gov.in/#/schooldetail/4681627/12,4681627,15/10/2020 12:18,2268
******00708 Permanently Closed,,MAHATMA GANDHI JR COLLEGE,,,,Andhra Pradesh,11-Higher Secondary only/Jr. College,38-Pvt.Unaided,11 To 12,3-Co-educational,2-Urban,NA,,Guntur (M Corp.) - Ward No.26,Guntur-Municipal Corporations,NA,522007,,https://kys.udiseplus.gov.in/#/schooldetail/4715882/12,4715882,15/10/2020 12:18,2268
******00684 Operational,,MAHAVIR MEMORIAL JR.COLLEGE INDIRA GANDHINAGAR GUNTUR,,,,Andhra Pradesh,11-Higher Secondary only/Jr. College,35-Pvt.Aided,11 To 12,3-Co-educational,2-Urban,NA,,Guntur (M Corp.) - Ward No.38,Guntur-Municipal Corporations,INDIRA GANDHI NAGAR NALLACHERUVU,522201,mmjcgnt[at]gmail[dot]com,https://kys.udiseplus.gov.in/#/schooldetail/4680770/12,4680770,20/12/2025 12:37,2268
******00703 Permanently Closed,,MAHINDR PS BUDAMPADU,,,,Andhra Pradesh,2-Primary with Upper Primary,61-Unrecognised Schools,1 To 7,3-Co-educational,2-Urban,NA,,Guntur Ward No. 61,Guntur-Municipal Corporations,NA,NA,,https://kys.udiseplus.gov.in/#/schooldetail/4680781/12,4680781,15/10/2020 12:18,2268
******90571 Operational,,MANGALAGIRI LITTLE ANGELS EM SCHOOL,,,,Andhra Pradesh,2-Primary with Upper Primary,38-Pvt.Unaided,1 To 7,3-Co-educational,2-Urban,NA,,Mangalagiri (M) - Ward No.23,Mangalagiri-Municipality,"OLD MANGALAGIRI ROAD,11-350/ABOLD MANGALAGIRI,GUNTUR DISTRICT",522503,mandrudurgarao[at]gmail[dot]com,https://kys.udiseplus.gov.in/#/schooldetail/4719099/12,4719099,20/12/2025 13:54,2268
******00326 Operational,,MARANATHA UP EM SCHOOL,,,,Andhra Pradesh,2-Primary with Upper Primary,38-Pvt.Unaided,1 To 7,3-Co-educational,1-Rural,Pedakakani,Pedakakani,,,DO NO 4-629/A GOVT HOSPITAL,522509,,https://kys.udiseplus.gov.in/#/schooldetail/4681236/12,4681236,18/09/2024 12:28,2268
******00610 Operational,,MARGADARSI S THULLUR,,,,Andhra Pradesh,6-Pr. Up Pr. and Secondary Only,38-Pvt.Unaided,1 To 10,3-Co-educational,1-Rural,Thullur,Thullur,,,THULLUR THULLUR TULLUR(VILL) THULLUR(MANDAL) GUNTUR(DIST),522237,divyakolu1972[at]gmail[dot]com,https://kys.udiseplus.gov.in/#/schooldetail/4679421/12,4679421,08/10/2024 13:27,2268
******91502 Operational,,"MARGARET EM SCHOOL, RAILPET, GUNTUR",,,,Andhra Pradesh,6-Pr. Up Pr. and Secondary Only,38-Pvt.Unaided,1 To 10,3-Co-educational,2-Urban,NA,,Guntur (M Corp.) - Ward No.11,Guntur-Municipal Corporations,NAAZ CENTER RAILPET GUNTUR,522001,margarettemschool[at]gmail[dot]com,https://kys.udiseplus.gov.in/#/schooldetail/4681114/12,4681114,20/12/2025 12:49,2268
******91551 Permanently Closed,,MARS PUBLIC SCHOOL VENGALARAO NAGAR GUNTUR,,,,Andhra Pradesh,1-Primary,38-Pvt.Unaided,1 To 5,3-Co-educational,2-Urban,NA,,Guntur (M Corp.) - Ward No.48,Guntur-Municipal Corporations,NA,522002,,https://kys.udiseplus.gov.in/#/schooldetail/4681149/12,4681149,15/10/2020 12:18,2268
******00708 Operational,,MARUTHI U.P. SCHOOL,,,,Andhra Pradesh,2-Primary with Upper Primary,38-Pvt.Unaided,1 To 7,3-Co-educational,1-Rural,Chebrole,Vadlamudi,,,"Maruthi UP school , vadlamudi 522213",522213,saiv6115[at]gmail[dot]com,https://kys.udiseplus.gov.in/#/schooldetail/4681805/12,4681805,22/12/2025 12:01,2268
******00895 Permanently Closed,,MARUTHI VIDYANIKETAN,,,,Andhra Pradesh,2-Primary with Upper Primary,38-Pvt.Unaided,1 To 7,3-Co-educational,2-Urban,NA,,Tenali (M) - Ward No.26,Tenali-Municipality,NA,522201,,https://kys.udiseplus.gov.in/#/schooldetail/4715987/12,4715987,15/10/2020 12:18,2268
******00611 Operational,,"MARYMATHA E.M HIGH SCHOOL,THULLUR",,,,Andhra Pradesh,3-Pr. with Up.Pr. Sec. and H.Sec.,39-Pvt.Unaided (CBSE Syllabus),1 To 12,3-Co-educational,1-Rural,Thullur,Thullur,,,THULLUR VILLAGE NEAR CRDA OFFICE,522237,schoolmarymatha37[at]gmail[dot]com,https://kys.udiseplus.gov.in/#/schooldetail/4679422/12,4679422,08/10/2024 13:28,2268
******00609 Operational,,MARYMATHA EMS THULLUR,,,,Andhra Pradesh,6-Pr. Up Pr. and Secondary Only,38-Pvt.Unaided,1 To 10,3-Co-educational,1-Rural,Thullur,Thullur,,,THULLUR THULLUR TULLUR(VILL) THULLUR(MANDAL) GUNTUR(DIST),522237,schoolmaryamatha37[at]gmail[dot]com,https://kys.udiseplus.gov.in/#/schooldetail/4679420/12,4679420,08/10/2024 13:27,2268
******91445 Operational,,MASTERMINDS ARTS JUNIOR COLLEGED.NO.8-2-572/1 ARUNDELPETGUNTUR,,,,Andhra Pradesh,11-Higher Secondary only/Jr. College,38-Pvt.Unaided,11 To 12,3-Co-educational,2-Urban,NA,,Guntur (M Corp.) - Ward No.45,Guntur-Municipal Corporations,3/10 BRODIPET GUNTUR,522002,mmaboardwork[at]gmail[dot]com,https://kys.udiseplus.gov.in/#/schooldetail/4681094/12,4681094,20/12/2025 15:22,2268
******91453 Operational,,MASTERMINDS COMMERCE JR.COLLEGE NALLAPADU MAIN ROAD GUNTUR,,,,Andhra Pradesh,11-Higher Secondary only/Jr. College,38-Pvt.Unaided,11 To 12,3-Co-educational,2-Urban,NA,,Guntur Ward No. 53,Guntur-Municipal Corporations,D.No.9 NALLAPADU MAIN ROAD,522005,mmcboardwork[at]gmail[dot]com,https://kys.udiseplus.gov.in/#/schooldetail/4719154/12,4719154,20/12/2025 12:39,2268
******00710 Operational,,MASTER MINDS EMS AGKUDURU,,,,Andhra Pradesh,2-Primary with Upper Primary,38-Pvt.Unaided,1 To 7,3-Co-educational,1-Rural,Tenali,Angalakuduru,,,ANGALAKUDURU ANGALAKUDURU ANGALAKUDURU(VILL) TENALI(MANDAL) GUNTUR(DIST),522211,baddulapadma80[at]gmail[dot]com,https://kys.udiseplus.gov.in/#/schooldetail/4681566/12,4681566,22/12/2025 14:55,2268
******91440 Operational,,MASTER MINDS JR. COLLEGE GUNTUR,,,,Andhra Pradesh,11-Higher Secondary only/Jr. College,38-Pvt.Unaided,11 To 12,3-Co-educational,2-Urban,NA,,Guntur (M Corp.) - Ward No.33,Guntur-Municipal Corporations,4/12 brodipet GUNTUR,522002,mmboardwork[at]gmail[dot]com,https://kys.udiseplus.gov.in/#/schooldetail/4681088/12,4681088,20/12/2025 14:48,2268
******91451 Operational,,MASTERMINDS JUNIOR COLLEGE 6TH LINESYAMALANAGAR GUNTUR,,,,Andhra Pradesh,11-Higher Secondary only/Jr. College,38-Pvt.Unaided,11 To 12,3-Co-educational,2-Urban,NA,,Guntur (M Corp.) - Ward No.45,Guntur-Municipal Corporations,"Near padmini Krishna kalyanamandapam, Pedapalakaluru",522005,mmkboardwork[at]gmail[dot]com,https://kys.udiseplus.gov.in/#/schooldetail/4680350/12,4680350,20/12/2025 15:22,2268
******01036 Operational,,MATRIX JUNIOR COLLEGE,,,,Andhra Pradesh,11-Higher Secondary only/Jr. College,38-Pvt.Unaided,11 To 12,3-Co-educational,2-Urban,NA,,Guntur (M Corp.) - Ward No.43,Guntur-Municipal Corporations,"Kommineni Nagar, Vidyanagar, Guntur, Andhra Pradesh 522007",522007,matrixiitacadecy[at]gmail[dot]com,https://kys.udiseplus.gov.in/#/schooldetail/4721473/12,4721473,20/12/2025 15:08,2268
******00960 Operational,,MATRUSRI JUNIOR COLLEGE,,,,Andhra Pradesh,11-Higher Secondary only/Jr. College,38-Pvt.Unaided,11 To 12,3-Co-educational,2-Urban,NA,,Guntur (M Corp.) - Ward No.33,Guntur-Municipal Corporations,R.AGRAHARAM (U) GUNTUR,522003,srjcagvpguntur[at]gmail[dot]com,https://kys.udiseplus.gov.in/#/schooldetail/4719144/12,4719144,20/12/2025 13:01,2268
******90779 Operational,,MATRUSRI VIDYANIKETHAN PONNUR,,,,Andhra Pradesh,6-Pr. Up Pr. and Secondary Only,38-Pvt.Unaided,1 To 10,3-Co-educational,1-Rural,Ponnur,Chintalapudi,,,"Mathrusri vidya Niketan, Erukalavada, Ponnur, Guntur (D.t).",522124,chanakyaenglishmediumschool[at]gmail[dot]com,https://kys.udiseplus.gov.in/#/schooldetail/4683000/12,4683000,07/10/2024 17:10,2268
******91438 Operational,,MATTUPALLI JR. COLLEGE GUNTUR,,,,Andhra Pradesh,11-Higher Secondary only/Jr. College,38-Pvt.Unaided,11 To 12,3-Co-educational,2-Urban,NA,,Guntur (M Corp.) - Ward No.44,Guntur-Municipal Corporations,3/7 BRODIPET GUNTUR2,522002,mpboardwork[at]gmail[dot]com,https://kys.udiseplus.gov.in/#/schooldetail/4719150/12,4719150,20/12/2025 15:23,2268
******90316 Operational,,MCES 16-4W- D P M,,,,Andhra Pradesh,1-Primary,34-MUNCIPAL,1 To 5,3-Co-educational,2-Urban,NA,,Guntur (M Corp.) - Ward No.35,Guntur-Municipal Corporations,04th WARD. (DEVAPURAM SNO 16) BRUNDAVAN GARDENS CENTRE GUNTUR (CORP.)(VILL) GUNTUR(MANDAL) GUNTUR(DIST),522006,apdevi67[at]gmail[dot]com,https://kys.udiseplus.gov.in/#/schooldetail/4680853/12,4680853,20/12/2025 14:39,2268
******90379 Operational,,MCES 25-22-W K R B T N,,,,Andhra Pradesh,1-Primary,34-MUNCIPAL,1 To 5,3-Co-educational,2-Urban,NA,,Guntur (M Corp.) - Ward No.2,Guntur-Municipal Corporations,1st WARD (KAKINI ROAD) BASAVATHARAKARAMNAGAR GUNTUR (CORP.)(VILL) GUNTUR(MANDAL) GUNTUR(DIST),522001,mcps25btr[at]gmail[dot]com,https://kys.udiseplus.gov.in/#/schooldetail/4680911/12,4680911,20/12/2025 12:47,2268
******90328 Permanently Closed,,MCES 36-25W R R T,,,,Andhra Pradesh,1-Primary,34-MUNCIPAL,1 To 5,3-Co-educational,2-Urban,NA,,Guntur (M Corp.) - Ward No.32,Guntur-Municipal Corporations,NA,522001,,https://kys.udiseplus.gov.in/#/schooldetail/4715902/12,4715902,15/10/2020 12:18,2268
******90304 Operational,,MCES -4 -49 W F NAGAR,,,,Andhra Pradesh,1-Primary,34-MUNCIPAL,1 To 2,3-Co-educational,2-Urban,NA,,Guntur (M Corp.) - Ward No.30,Guntur-Municipal Corporations,30th WARD FATHIMANAGAR GUNTUR (CORP.)(VILL) GUNTUR(MANDAL) GUNTUR(DIST),522004,chimiralamanjula[at]gmail[dot]com,https://kys.udiseplus.gov.in/#/schooldetail/4680848/12,4680848,20/12/2025 13:13,2268
******90305 Operational,,MCES -5- 4 W S GARUVU,,,,Andhra Pradesh,1-Primary,34-MUNCIPAL,1 To 5,3-Co-educational,2-Urban,NA,,Guntur (M Corp.) - Ward No.35,Guntur-Municipal Corporations,04th WARD STHAMBABAGARUVU GUNTUR (CORP.)(VILL) GUNTUR(MANDAL) GUNTUR(DIST),522006,mcps5stambalagaruvu[at]gmail[dot]com,https://kys.udiseplus.gov.in/#/schooldetail/4680849/12,4680849,20/12/2025 13:13,2268
******90341 Operational,,MCES 56-1W N N SVNC,,,,Andhra Pradesh,1-Primary,34-MUNCIPAL,1 To 5,3-Co-educational,2-Urban,NA,,Guntur (M Corp.) - Ward No.34,Guntur-Municipal Corporations,1st WARD (NETAJI NAGAR) NEAR SVN COLONY GUNTUR (CORP.)(VILL) GUNTUR(MANDAL) GUNTUR(DIST),522006,gogineni.madhavi007[at]gmail[dot]com,https://kys.udiseplus.gov.in/#/schooldetail/4680880/12,4680880,20/12/2025 14:40,2268
******90343 Operational,,MCES 60-42W R A,,,,Andhra Pradesh,1-Primary,34-MUNCIPAL,1 To 5,3-Co-educational,2-Urban,NA,,Guntur (M Corp.) - Ward No.21,Guntur-Municipal Corporations,22nd WARD R AGRAHARAM GUNTUR (CORP.)(VILL) GUNTUR(MANDAL) GUNTUR(DIST),522003,mcps60guntur[at]gmail[dot]com,https://kys.udiseplus.gov.in/#/schooldetail/4680882/12,4680882,20/12/2025 12:38,2268
******90347 Permanently Closed,,MCES 65-15W (9W) V T,,,,Andhra Pradesh,1-Primary,34-MUNCIPAL,1 To 5,3-Co-educational,2-Urban,NA,,Guntur (M Corp.) - Ward No.25,Guntur-Municipal Corporations,NA,522002,,https://kys.udiseplus.gov.in/#/schooldetail/4680885/12,4680885,15/10/2020 12:18,2268
******90348 Permanently Closed,,MCES 86-12W M P,,,,Andhra Pradesh,1-Primary,34-MUNCIPAL,1 To 5,3-Co-educational,2-Urban,NA,,Guntur (M Corp.) - Ward No.24,Guntur-Municipal Corporations,NA,522002,,https://kys.udiseplus.gov.in/#/schooldetail/4715905/12,4715905,15/10/2020 12:18,2268
******90349 Operational,,MCES 87-7W T N,,,,Andhra Pradesh,1-Primary,34-MUNCIPAL,1 To 5,3-Co-educational,2-Urban,NA,,Guntur (M Corp.) - Ward No.32,Guntur-Municipal Corporations,07th WARD TOOFANNAGAR GUNTUR (CORP.)(VILL) GUNTUR(MANDAL) GUNTUR(DIST),522006,nhariprasad14[at]gmail[dot]com,https://kys.udiseplus.gov.in/#/schooldetail/4680886/12,4680886,20/12/2025 14:40,2268
******90351 Permanently Closed,,MCES 89-10W H N,,,,Andhra Pradesh,1-Primary,34-MUNCIPAL,1 To 5,3-Co-educational,2-Urban,NA,,Guntur (M Corp.) - Ward No.21,Guntur-Municipal Corporations,NA,522007,,https://kys.udiseplus.gov.in/#/schooldetail/4715906/12,4715906,15/10/2020 12:18,2268
******90338 Operational,,MCES HB 49-36W G B,,,,Andhra Pradesh,1-Primary,34-MUNCIPAL,1 To 5,3-Co-educational,2-Urban,NA,,Guntur (M Corp.) - Ward No.34,Guntur-Municipal Corporations,36th WARD GANJIBAZAR GUNTUR (CORP.)(VILL) GUNTUR(MANDAL) GUNTUR(DIST),522003,begumsimiya[at]gmail[dot]com,https://kys.udiseplus.gov.in/#/schooldetail/4680877/12,4680877,20/12/2025 12:15,2268
******90345 Operational,,MCES(HB)62-43W N P M,,,,Andhra Pradesh,1-Primary,34-MUNCIPAL,1 To 2,3-Co-educational,2-Urban,NA,,Guntur (M Corp.) - Ward No.22,Guntur-Municipal Corporations,23rd WARD NAGARAMPALEM GUNTUR (CORP.)(VILL) GUNTUR(MANDAL) GUNTUR(DIST),522004,,https://kys.udiseplus.gov.in/#/schooldetail/4680884/12,4680884,20/12/2025 12:38,2268
******90340 Operational,,MCES (NYC)52-37W ANP,,,,Andhra Pradesh,1-Primary,34-MUNCIPAL,1 To 5,3-Co-educational,2-Urban,NA,,Guntur (M Corp.) - Ward No.6,Guntur-Municipal Corporations,11th WARD (NO.52) ANANDAPET GUNTUR (CORP.)(VILL) GUNTUR(MANDAL) GUNTUR(DIST),522001,npavanisirisha[at]gmail[dot]com,https://kys.udiseplus.gov.in/#/schooldetail/4680879/12,4680879,20/12/2025 12:16,2268
******90355 Operational,,MCES (U G) 27-W R P,,,,Andhra Pradesh,1-Primary,34-MUNCIPAL,1 To 5,3-Co-educational,2-Urban,NA,,Guntur (M Corp.) - Ward No.11,Guntur-Municipal Corporations,27th WARD RASOOL PET GUNTUR (CORP.)(VILL) GUNTUR(MANDAL) GUNTUR(DIST),522001,chowtarajesh8821[at]gmail[dot]com,https://kys.udiseplus.gov.in/#/schooldetail/4680147/12,4680147,20/12/2025 12:16,2268
******90350 Operational,,"MCGHS, VENGALARAONAGAR, GUNTUR",,,,Andhra Pradesh,6-Pr. Up Pr. and Secondary Only,34-MUNCIPAL,1 To 10,3-Co-educational,2-Urban,NA,,Guntur (M Corp.) - Ward No.48,Guntur-Municipal Corporations,53rd WARD VENGALARAONAGAR GUNTUR (CORP.)(VILL) GUNTUR(MANDAL) GUNTUR(DIST),522002,rameshperakalapudi[at]gmail[dot]com,https://kys.udiseplus.gov.in/#/schooldetail/4680887/12,4680887,20/12/2025 12:16,2268
******90322 Operational,,MCHB ES HB -28-27-W K P,,,,Andhra Pradesh,1-Primary,34-MUNCIPAL,1 To 5,3-Co-educational,2-Urban,NA,,Guntur (M Corp.) - Ward No.11,Guntur-Municipal Corporations,27th WARD KOTHAPET GUNTUR (CORP.)(VILL) GUNTUR(MANDAL) GUNTUR(DIST),522001,gbjangalapalli[at]gmail[dot]com,https://kys.udiseplus.gov.in/#/schooldetail/4680856/12,4680856,20/12/2025 12:13,2268
******91230 Operational,,MCHS LB Nagar Old Guntur,,,,Andhra Pradesh,6-Pr. Up Pr. and Secondary Only,34-MUNCIPAL,1 To 10,3-Co-educational,2-Urban,NA,,Guntur (M Corp.) - Ward No.4,Guntur-Municipal Corporations,31st WARD(NO 46 LB NAGAR) OLD GUNTUR GUNTUR (CORP.)-2(VILL) GUNTUR(MANDAL) GUNTUR(DIST),522001,KARASANISRINIVASULUREDDY358[at]GMAIL[dot]COM,https://kys.udiseplus.gov.in/#/schooldetail/4680945/12,4680945,20/12/2025 12:57,2268
******90361 Operational,,MCMES (B) 74-33W C B,,,,Andhra Pradesh,1-Primary,34-MUNCIPAL,1 To 5,3-Co-educational,2-Urban,NA,,Guntur (M Corp.) - Ward No.13,Guntur-Municipal Corporations,13RD WARD CHINNA BAZAR MUFTHY STREET GUNTUR (CORP.)(VILL) GUNTUR(MANDAL) GUNTUR(DIST),522003,hussainmta[at]gmail[dot]com,https://kys.udiseplus.gov.in/#/schooldetail/4680893/12,4680893,20/12/2025 12:17,2268
******90357 Operational,,MCM(U)ES 70-38W O G,,,,Andhra Pradesh,1-Primary,34-MUNCIPAL,1 To 5,3-Co-educational,2-Urban,NA,,Guntur (M Corp.) - Ward No.4,Guntur-Municipal Corporations,30th WARD OLD GUNTUR GUNTUR (CORP.)(VILL) GUNTUR(MANDAL) GUNTUR(DIST),522001,janibegumnt[at]gmail[dot]com,https://kys.udiseplus.gov.in/#/schooldetail/4680889/12,4680889,20/12/2025 12:17,2268
******90381 Operational,,MCPS 100-1-W S R N,,,,Andhra Pradesh,1-Primary,34-MUNCIPAL,1 To 5,3-Co-educational,2-Urban,NA,,Guntur (M Corp.) - Ward No.27,Guntur-Municipal Corporations,1st WARD (NEAR BI PASS) SUBBA REDDY NAGAR GUNTUR (CORP.)(VILL) GUNTUR(MANDAL) GUNTUR(DIST),522004,balajipalaparthi76[at]gmail[dot]com,https://kys.udiseplus.gov.in/#/schooldetail/4680912/12,4680912,20/12/2025 14:41,2268
******90376 Operational,,MCPS 101-38 W I P C,,,,Andhra Pradesh,1-Primary,34-MUNCIPAL,1 To 2,3-Co-educational,2-Urban,NA,,Guntur (M Corp.) - Ward No.16,Guntur-Municipal Corporations,38th WARD INDHIRA PRIYADARSINI COLONY GUNTUR (CORP.)(VILL) GUNTUR(MANDAL) GUNTUR(DIST),522003,,https://kys.udiseplus.gov.in/#/schooldetail/4680908/12,4680908,20/12/2025 12:46,2268
******90382 Operational,,MCPS 102 1- W V N,,,,Andhra Pradesh,1-Primary,34-MUNCIPAL,1 To 5,3-Co-educational,2-Urban,NA,,Guntur (M Corp.) - Ward No.49,Guntur-Municipal Corporations,1st WARD (SCNO 102) VENGAIAH NAGAR GUNTUR (CORP.)(VILL) GUNTUR(MANDAL) GUNTUR(DIST),522002,ajaykonur48[at]gmail[dot]com,https://kys.udiseplus.gov.in/#/schooldetail/4680913/12,4680913,20/12/2025 12:47,2268
******90385 Operational,,MCPS 103 KRISHNABABU COLONY,,,,Andhra Pradesh,1-Primary,34-MUNCIPAL,1 To 2,3-Co-educational,2-Urban,NA,,Guntur (M Corp.) - Ward No.26,Guntur-Municipal Corporations,26th ward krishna babuCOLONY GUNTUR (CORP.)(VILL) GUNTUR(MANDAL) GUNTUR(DIST),522004,masthanbeeshaik[at]gmail[dot]com,https://kys.udiseplus.gov.in/#/schooldetail/4680916/12,4680916,20/12/2025 14:41,2268
******90383 Operational,,MCPS 104-1-W V N,,,,Andhra Pradesh,1-Primary,34-MUNCIPAL,1 To 5,3-Co-educational,2-Urban,NA,,Guntur (M Corp.) - Ward No.1,Guntur-Municipal Corporations,MCPS 104 VASAVI NAGAR,522001,mcpsvasavinagar104[at]gmail[dot]com,https://kys.udiseplus.gov.in/#/schooldetail/4680914/12,4680914,20/12/2025 12:47,2268
******91214 Permanently Closed,,MCPS 105- SANGADIGUNTA,,,,Andhra Pradesh,1-Primary,34-MUNCIPAL,1 To 5,3-Co-educational,2-Urban,NA,,Guntur (M Corp.) - Ward No.21,Guntur-Municipal Corporations,NA,522001,,https://kys.udiseplus.gov.in/#/schooldetail/4715913/12,4715913,15/10/2020 12:18,2268
******91215 Operational,,MCPS 106- REHABITATION COLONY,,,,Andhra Pradesh,1-Primary,34-MUNCIPAL,1 To 5,3-Co-educational,2-Urban,NA,,Guntur (M Corp.) - Ward No.27,Guntur-Municipal Corporations,1st WARD (REHEBITATION COLONY) CHILAKALURI PET ROAD GUNTUR (CORP.)-2(VILL) GUNTUR(MANDAL) GUNTUR(DIST),522004,nuneani73[at]gmail[dot]com,https://kys.udiseplus.gov.in/#/schooldetail/4680936/12,4680936,20/12/2025 14:44,2268
******91216 Permanently Closed,,MCPS 107 SAMPATH NAGAR,,,,Andhra Pradesh,1-Primary,34-MUNCIPAL,1 To 5,3-Co-educational,2-Urban,NA,,Guntur (M Corp.) - Ward No.20,Guntur-Municipal Corporations,NA,522004,,https://kys.udiseplus.gov.in/#/schooldetail/4715914/12,4715914,15/10/2020 12:18,2268
******91217 Operational,,MCPS 108 SWARNANDRA NAGAR,,,,Andhra Pradesh,1-Primary,34-MUNCIPAL,1 To 5,3-Co-educational,2-Urban,NA,,Guntur Ward No. 54,Guntur-Municipal Corporations,1st WARD SWARNANDHRA NAGAR GUNTUR (CORP.)-2(VILL) GUNTUR(MANDAL) GUNTUR(DIST),522006,mcpsswarnandranagar[at]gmail[dot]com,https://kys.udiseplus.gov.in/#/schooldetail/4680937/12,4680937,20/12/2025 14:44,2268
******91218 Operational,,MCPS 109 CHANDRABABU NAIDU COLONY,,,,Andhra Pradesh,1-Primary,34-MUNCIPAL,1 To 5,3-Co-educational,2-Urban,NA,,Guntur (M Corp.) - Ward No.16,Guntur-Municipal Corporations,1st WARD CHANDRA BABU NAIDU COLONY GUNTUR (CORP.)-2(VILL) GUNTUR(MANDAL) GUNTUR(DIST),522003,zameelabegum8275[at]gmail[dot]com,https://kys.udiseplus.gov.in/#/schooldetail/4680938/12,4680938,20/12/2025 12:56,2268
******91219 Operational,,MCPS 110 S COLONY,,,,Andhra Pradesh,1-Primary,34-MUNCIPAL,1 To 5,3-Co-educational,2-Urban,NA,,Guntur (M Corp.) - Ward No.46,Guntur-Municipal Corporations,7th Ward 4th Line SARADA COLONY GUNTUR (CORP.)-2(VILL) GUNTUR(MANDAL) GUNTUR(DIST),522004,qamarjahansk08[at]gmail[dot]com,https://kys.udiseplus.gov.in/#/schooldetail/4680939/12,4680939,20/12/2025 12:56,2268
******90312 Operational,,MCPS-12-13W PSN JRC,,,,Andhra Pradesh,1-Primary,34-MUNCIPAL,1 To 5,3-Co-educational,2-Urban,NA,,Guntur (M Corp.) - Ward No.43,Guntur-Municipal Corporations,43rd KONDAIAH COLONY JAGAJEEVAN RAM COLONY GUNTUR (CORP.)(VILL) GUNTUR(MANDAL) GUNTUR(DIST),522004,,https://kys.udiseplus.gov.in/#/schooldetail/4680119/12,4680119,20/12/2025 14:39,2268
******90314 Operational,,MCPS 14-3W- J M F P M,,,,Andhra Pradesh,1-Primary,34-MUNCIPAL,1 To 5,3-Co-educational,2-Urban,NA,,Guntur (M Corp.) - Ward No.38,Guntur-Municipal Corporations,03rd WARD (JUTEMILLPET) FATIMAPURAM GUNTUR (CORP.)(VILL) GUNTUR(MANDAL) GUNTUR(DIST),522006,thomasreddy02[at]gmail[dot]com,https://kys.udiseplus.gov.in/#/schooldetail/4680120/12,4680120,20/12/2025 12:22,2268
******91229 Operational,,MCPS 18- 7W-1/1 V P,,,,Andhra Pradesh,1-Primary,34-MUNCIPAL,1 To 5,3-Co-educational,2-Urban,NA,,Guntur (M Corp.) - Ward No.39,Guntur-Municipal Corporations,39 ward.brodipet.guntur,522002,pamisetty1977[at]gmail[dot]com,https://kys.udiseplus.gov.in/#/schooldetail/4680944/12,4680944,20/12/2025 14:45,2268
******91222 Operational,,MCPS 1-W N B COLONY,,,,Andhra Pradesh,1-Primary,34-MUNCIPAL,1 To 5,3-Co-educational,2-Urban,NA,,Guntur (M Corp.) - Ward No.1,Guntur-Municipal Corporations,Navabharat workers colony Guntur,522001,varagrace1976[at]gmail[dot]com,https://kys.udiseplus.gov.in/#/schooldetail/4680940/12,4680940,20/12/2025 12:56,2268
******90318 Permanently Closed,,MCPS 21 -15W- A P,,,,Andhra Pradesh,1-Primary,34-MUNCIPAL,1 To 5,3-Co-educational,2-Urban,NA,,Guntur (M Corp.) - Ward No.34,Guntur-Municipal Corporations,NA,522002,,https://kys.udiseplus.gov.in/#/schooldetail/4715900/12,4715900,15/10/2020 12:18,2268
******91225 Operational,,MCPS 32- 21W N N,,,,Andhra Pradesh,1-Primary,34-MUNCIPAL,1 To 5,3-Co-educational,2-Urban,NA,,Guntur (M Corp.) - Ward No.19,Guntur-Municipal Corporations,51st WARD 7th Line NEHRU NAGAR GUNTUR (CORP.)-2(VILL) GUNTUR(MANDAL) GUNTUR(DIST),522001,mcpsno32[at]gmail[dot]com,https://kys.udiseplus.gov.in/#/schooldetail/4680942/12,4680942,20/12/2025 12:57,2268
******90329 Operational,,MCPS 37-25 W P N,,,,Andhra Pradesh,1-Primary,34-MUNCIPAL,1 To 5,3-Co-educational,2-Urban,NA,,Guntur (M Corp.) - Ward No.12,Guntur-Municipal Corporations,9TH WARD RAMIREDDY THOTA 3rd LINE GUNTUR (CORP.)(VILL) GUNTUR(MANDAL) GUNTUR(DIST),522001,prasad9059612460[at]gmail[dot]com,https://kys.udiseplus.gov.in/#/schooldetail/4680861/12,4680861,20/12/2025 12:14,2268
******90330 Operational,,MCPS 38-28W G P,,,,Andhra Pradesh,1-Primary,34-MUNCIPAL,1 To 5,3-Co-educational,2-Urban,NA,,Guntur (M Corp.) - Ward No.12,Guntur-Municipal Corporations,28th WARD GANDHI PARK GUNTUR (CORP.)(VILL) GUNTUR(MANDAL) GUNTUR(DIST),522001,ramravulapalli[at]gmail[dot]comm,https://kys.udiseplus.gov.in/#/schooldetail/4680871/12,4680871,20/12/2025 12:15,2268
******90331 Operational,,MCPS 39-28W- S A M,,,,Andhra Pradesh,1-Primary,34-MUNCIPAL,1 To 5,3-Co-educational,2-Urban,NA,,Guntur (M Corp.) - Ward No.25,Guntur-Municipal Corporations,25th WARD S AGRAHARAM GUNTUR (CORP.)(VILL) GUNTUR(MANDAL) GUNTUR(DIST),522004,mcpschool39[at]gmail[dot]com,https://kys.udiseplus.gov.in/#/schooldetail/4680872/12,4680872,20/12/2025 14:40,2268
******91250 Operational,,MCPS 42 M D NAGAR,,,,Andhra Pradesh,1-Primary,34-MUNCIPAL,1 To 5,3-Co-educational,2-Urban,NA,,Guntur (M Corp.) - Ward No.1,Guntur-Municipal Corporations,1st WARD ( 2nd LINE) MANGALDASNAGAR GUNTUR (CORP.)-2(VILL) GUNTUR(MANDAL) GUNTUR(DIST),522001,mcps42mdnagar1[at]gmail[dot]com,https://kys.udiseplus.gov.in/#/schooldetail/4680969/12,4680969,20/12/2025 12:58,2268
******90333 Permanently Closed,,MCPS 43-31W LPN,,,,Andhra Pradesh,1-Primary,34-MUNCIPAL,1 To 5,3-Co-educational,2-Urban,NA,,Guntur (M Corp.) - Ward No.24,Guntur-Municipal Corporations,NA,522005,,https://kys.udiseplus.gov.in/#/schooldetail/4715903/12,4715903,15/10/2020 12:18,2268
******90334 Operational,,MCPS 44-31W Y C,,,,Andhra Pradesh,1-Primary,34-MUNCIPAL,1 To 5,3-Co-educational,2-Urban,NA,,Guntur (M Corp.) - Ward No.6,Guntur-Municipal Corporations,31st WARD YANADI COLONY GUNTUR (CORP.)(VILL) GUNTUR(MANDAL) GUNTUR(DIST),522001,mcpsno44[at]gmail[dot]com,https://kys.udiseplus.gov.in/#/schooldetail/4680874/12,4680874,20/12/2025 12:15,2268
******90336 Permanently Closed,,MCPS 47-33W P P,,,,Andhra Pradesh,1-Primary,34-MUNCIPAL,1 To 5,3-Co-educational,2-Urban,NA,,Guntur (M Corp.) - Ward No.32,Guntur-Municipal Corporations,NA,522001,,https://kys.udiseplus.gov.in/#/schooldetail/4715904/12,4715904,15/10/2020 12:18,2268
******91252 Operational,,MCPS 55 - S GUNTA,,,,Andhra Pradesh,1-Primary,34-MUNCIPAL,1 To 5,3-Co-educational,2-Urban,NA,,Guntur (M Corp.) - Ward No.15,Guntur-Municipal Corporations,1st WARD SANGADIGUNTA GUNTUR (CORP.)-2(VILL) GUNTUR(MANDAL) GUNTUR(DIST),522003,mcps55sgunta[at]gmail[dot]com,https://kys.udiseplus.gov.in/#/schooldetail/4680971/12,4680971,20/12/2025 12:59,2268
******91254 Operational,,MCPS 64- C GUNTA,,,,Andhra Pradesh,1-Primary,34-MUNCIPAL,1 To 5,3-Co-educational,2-Urban,NA,,Guntur (M Corp.) - Ward No.25,Guntur-Municipal Corporations,25th WARD CHUTTUGUNTA GUNTUR (CORP.)-2(VILL) GUNTUR(MANDAL) GUNTUR(DIST),522004,mcps64chuttuguntanta[at]gmail[dot]com,https://kys.udiseplus.gov.in/#/schooldetail/4680972/12,4680972,20/12/2025 14:49,2268
******90368 Operational,,MCPS 81-43W- N P,,,,Andhra Pradesh,1-Primary,34-MUNCIPAL,1 To 5,3-Co-educational,2-Urban,NA,,Guntur (M Corp.) - Ward No.22,Guntur-Municipal Corporations,GUNTUR (CORP.)-GUNTUR-GUNTUR,522004,ssyedjan1979[at]gmail[dot]com,https://kys.udiseplus.gov.in/#/schooldetail/4680900/12,4680900,20/12/2025 12:42,2268
******91256 Operational,,MCPS 85- I G NAGAR,,,,Andhra Pradesh,1-Primary,34-MUNCIPAL,1 To 5,3-Co-educational,2-Urban,NA,,Guntur (M Corp.) - Ward No.23,Guntur-Municipal Corporations,18th WARD (22 LINE) INDIRA GANDHI NAGAR GUNTUR (CORP.)-2(VILL) GUNTUR(MANDAL) GUNTUR(DIST),522003,mcups85.gmc[at]gmail[dot]com,https://kys.udiseplus.gov.in/#/schooldetail/4680974/12,4680974,20/12/2025 12:39,2268
******91257 Operational,,MCPS 91- N NAGAR,,,,Andhra Pradesh,1-Primary,34-MUNCIPAL,1 To 5,3-Co-educational,2-Urban,NA,,Guntur (M Corp.) - Ward No.30,Guntur-Municipal Corporations,1st WARD NETAJI NAGAR GUNTUR (CORP.)-2(VILL) GUNTUR(MANDAL) GUNTUR(DIST),522004,school55243[at]gmail[dot]com,https://kys.udiseplus.gov.in/#/schooldetail/4680975/12,4680975,20/12/2025 14:50,2268
******91258 Operational,,MCPS 92- S PURAM,,,,Andhra Pradesh,1-Primary,34-MUNCIPAL,1 To 5,3-Co-educational,2-Urban,NA,,Guntur (M Corp.) - Ward No.47,Guntur-Municipal Corporations,OPPOSITE 22nd LANE SARADA COLONY GUNTUR MANDAL GUNTUR DIST COLONY WARD NO 47 GUNTUR,522002,analapudota72[at]gmail[dot]com,https://kys.udiseplus.gov.in/#/schooldetail/4680976/12,4680976,20/12/2025 12:59,2268
******91260 Operational,,MCPS ASHOK NAGAR,,,,Andhra Pradesh,1-Primary,34-MUNCIPAL,1 To 5,3-Co-educational,2-Urban,NA,,Guntur (M Corp.) - Ward No.36,Guntur-Municipal Corporations,36thWARD (ASHOK NAGAR) GUNTUR (MANDAL) GUNTUR (CORP.)-2(VILL) GUNTUR(MANDAL) GUNTUR(DIST),522002,gogineni.madhavi007[at]gmail[dot]com,https://kys.udiseplus.gov.in/#/schooldetail/4680978/12,4680978,20/12/2025 14:51,2268
******91253 Permanently Closed,,MCSCPS 59- S PET,,,,Andhra Pradesh,1-Primary,34-MUNCIPAL,1 To 5,3-Co-educational,2-Urban,NA,,Guntur (M Corp.) - Ward No.17,Guntur-Municipal Corporations,NA,522004,,https://kys.udiseplus.gov.in/#/schooldetail/4715916/12,4715916,15/10/2020 12:18,2268
******91255 Operational,,MCUBUPS J C H 1 W,,,,Andhra Pradesh,1-Primary,34-MUNCIPAL,1 To 5,3-Co-educational,2-Urban,NA,,Guntur (M Corp.) - Ward No.33,Guntur-Municipal Corporations,1st WARD JENDA CHETTU GUNTUR (CORP.)-2(VILL) GUNTUR(MANDAL) GUNTUR(DIST),522006,shaikarshatullah[at]gmail[dot]com,https://kys.udiseplus.gov.in/#/schooldetail/4680973/12,4680973,20/12/2025 12:32,2268
******90364 Operational,,MC(U)ES 77-37W 3-L A NP,,,,Andhra Pradesh,1-Primary,34-MUNCIPAL,1 To 5,3-Co-educational,2-Urban,NA,,Guntur (M Corp.) - Ward No.6,Guntur-Municipal Corporations,GUNTUR (CORP.)-GUNTUR-GUNTUR,522001,mohammadhabibulla3289[at]gmail[dot]com,https://kys.udiseplus.gov.in/#/schooldetail/4680896/12,4680896,20/12/2025 12:44,2268
******90371 Operational,,MC(U)ES 84-33-W A N,,,,Andhra Pradesh,1-Primary,34-MUNCIPAL,1 To 5,3-Co-educational,2-Urban,NA,,Guntur (M Corp.) - Ward No.7,Guntur-Municipal Corporations,33rd WARD ALINAGAR GUNTUR (CORP.)(VILL) GUNTUR(MANDAL) GUNTUR(DIST),522001,shaikimamjani5[at]gmail[dot]com,https://kys.udiseplus.gov.in/#/schooldetail/4680903/12,4680903,20/12/2025 12:45,2268
******90372 Operational,,MC(U)ES 93-2-W S G,,,,Andhra Pradesh,1-Primary,34-MUNCIPAL,1 To 2,3-Co-educational,2-Urban,NA,,Guntur (M Corp.) - Ward No.35,Guntur-Municipal Corporations,02nd WARD STAMBALAGARUVU GUNTUR (CORP.)(VILL) GUNTUR(MANDAL) GUNTUR(DIST),522006,zeenathsyedteacher[at]gmail[dot]com,https://kys.udiseplus.gov.in/#/schooldetail/4680904/12,4680904,20/12/2025 12:22,2268
******90374 Operational,,MCUES 95-48-W 22 L I N,,,,Andhra Pradesh,1-Primary,34-MUNCIPAL,1 To 5,3-Co-educational,2-Urban,NA,,Guntur (M Corp.) - Ward No.21,Guntur-Municipal Corporations,18th WARD (22 LANE) INDIRAGANDHI NAGAR GUNTUR (CORP.)(VILL) GUNTUR(MANDAL) GUNTUR(DIST),522003,sandhyajohn2813[at]gmail[dot]com,https://kys.udiseplus.gov.in/#/schooldetail/4680906/12,4680906,20/12/2025 12:34,2268
******90375 Operational,,MCUES 96-25-W P N,,,,Andhra Pradesh,1-Primary,34-MUNCIPAL,1 To 5,3-Co-educational,2-Urban,NA,,Guntur (M Corp.) - Ward No.19,Guntur-Municipal Corporations,25th WARD PRAKASH NAGAR GUNTUR (CORP.)(VILL) GUNTUR(MANDAL) GUNTUR(DIST),522001,,https://kys.udiseplus.gov.in/#/schooldetail/4680907/12,4680907,20/12/2025 12:46,2268
******90359 Operational,,MC(U)ES (G)72-34-W C B,,,,Andhra Pradesh,1-Primary,34-MUNCIPAL,1 To 5,3-Co-educational,2-Urban,NA,,Guntur (M Corp.) - Ward No.12,Guntur-Municipal Corporations,12th WARD CHINNA BAZAR GUNTUR (CORP.)(VILL) GUNTUR(MANDAL) GUNTUR(DIST),522003,mcugps72[at]gmail[dot]com,https://kys.udiseplus.gov.in/#/schooldetail/4680891/12,4680891,20/12/2025 12:17,2268
******90362 Permanently Closed,,MC(U)ES (G) 75-36W B I P,,,,Andhra Pradesh,1-Primary,34-MUNCIPAL,1 To 5,3-Co-educational,2-Urban,NA,,Guntur (M Corp.) - Ward No.13,Guntur-Municipal Corporations,NA,522003,,https://kys.udiseplus.gov.in/#/schooldetail/4680894/12,4680894,15/10/2020 12:18,2268
******90366 Operational,,MCUES (G)79-32W S G,,,,Andhra Pradesh,1-Primary,34-MUNCIPAL,1 To 5,3-Co-educational,2-Urban,NA,,Guntur (M Corp.) - Ward No.15,Guntur-Municipal Corporations,15th WARD SANGADIGUNTA GUNTUR (CORP.)(VILL) GUNTUR(MANDAL) GUNTUR(DIST),522003,mcps79sgunta[at]gmail[dot]com,https://kys.udiseplus.gov.in/#/schooldetail/4680898/12,4680898,20/12/2025 12:45,2268
******91223 Operational,,MCUPS 20-16-W R P,,,,Andhra Pradesh,1-Primary,34-MUNCIPAL,1 To 5,3-Co-educational,2-Urban,NA,,Guntur (M Corp.) - Ward No.46,Guntur-Municipal Corporations,16th WARD RATNAPURI GUNTUR (CORP.)-2(VILL) GUNTUR(MANDAL) GUNTUR(DIST),522002,nacharamma.nvl[at]gmail[dot]com,https://kys.udiseplus.gov.in/#/schooldetail/4680941/12,4680941,20/12/2025 12:56,2268
******91226 Permanently Closed,,MCUPS 41-23-W V T N,,,,Andhra Pradesh,2-Primary with Upper Primary,34-MUNCIPAL,1 To 7,3-Co-educational,2-Urban,NA,,Guntur (M Corp.) - Ward No.15,Guntur-Municipal Corporations,NA,522004,,https://kys.udiseplus.gov.in/#/schooldetail/4715915/12,4715915,15/10/2020 12:18,2268
******91251 Operational,,MCUPS 51- V B NAGAR,,,,Andhra Pradesh,1-Primary,34-MUNCIPAL,1 To 5,3-Co-educational,2-Urban,NA,,Guntur (M Corp.) - Ward No.3,Guntur-Municipal Corporations,3 rd WARD VINOBANAGAR GUNTUR (CORP.)-2(VILL) GUNTUR(MANDAL) GUNTUR(DIST),522001,mcups51[at]gmail[dot]com,https://kys.udiseplus.gov.in/#/schooldetail/4680970/12,4680970,20/12/2025 12:58,2268
******91231 Operational,,MCUPS 54-1W N B C,,,,Andhra Pradesh,1-Primary,34-MUNCIPAL,1 To 5,3-Co-educational,2-Urban,NA,,Guntur (M Corp.) - Ward No.33,Guntur-Municipal Corporations,GUJJANAGUNDLA WARD NO33 GUNTUR (CORP.)-2(VILL) GUNTUR(MANDAL) GUNTUR(DIST),522006,mannava.srinivas2018[at]gmail[dot]com,https://kys.udiseplus.gov.in/#/schooldetail/4680946/12,4680946,20/12/2025 14:45,2268
******91228 Operational,,MCUPS (B) 68-29-W 3/3L,,,,Andhra Pradesh,2-Primary with Upper Primary,34-MUNCIPAL,1 To 8,3-Co-educational,2-Urban,NA,,Guntur (M Corp.) - Ward No.8,Guntur-Municipal Corporations,GUNTUR (CORP.)-2-GUNTUR-GUNTUR,522001,hussainsharif900[at]gmail[dot]com,https://kys.udiseplus.gov.in/#/schooldetail/4680943/12,4680943,20/12/2025 12:57,2268
******91259 Operational,,MCUPS G NAGAR,,,,Andhra Pradesh,2-Primary with Upper Primary,34-MUNCIPAL,1 To 8,3-Co-educational,2-Urban,NA,,Guntur (M Corp.) - Ward No.17,Guntur-Municipal Corporations,1stN WARD (LR COLONY) GANDHI NAGAR GUNTUR (CORP.)-2(VILL) GUNTUR(MANDAL) GUNTUR(DIST),522003,mcups57gandhinagar[at]gmail[dot]com,https://kys.udiseplus.gov.in/#/schooldetail/4680977/12,4680977,20/12/2025 12:59,2268
******90356 Operational,,MC(U)PS LEL 69-38W AMC,,,,Andhra Pradesh,1-Primary,34-MUNCIPAL,1 To 2,3-Co-educational,2-Urban,NA,,Guntur (M Corp.) - Ward No.16,Guntur-Municipal Corporations,38th WARD(NEAR AM COLLEGE) HUSSAIN NAGAR GUNTUR (CORP.)(VILL) GUNTUR(MANDAL) GUNTUR(DIST),522003,mdfirdoz456[at]gmail[dot]com,https://kys.udiseplus.gov.in/#/schooldetail/4680888/12,4680888,20/12/2025 12:17,2268
******01060 Operational,,"MEDENG JUNIOR COLLEGE, GUNDIMEDA",,,,Andhra Pradesh,11-Higher Secondary only/Jr. College,38-Pvt.Unaided,11 To 12,3-Co-educational,2-Urban,NA,,Gudivada (M) - Ward No.4,Gudivada-Municipality,"3-74/A, GREEN PARK COMMUNITY, GUNDI MEDA, TADEPALLI, GUNTUR",522303,medengcolleges[at]gmail[dot]com,https://kys.udiseplus.gov.in/#/schooldetail/4720053/12,4720053,22/12/2025 11:47,2268
******00727 Permanently Closed,,MEDHA JR COLLEGE,,,,Andhra Pradesh,11-Higher Secondary only/Jr. College,38-Pvt.Unaided,11 To 12,3-Co-educational,1-Rural,Phirangipuram,Phirangipuram,,,NA,522529,,https://kys.udiseplus.gov.in/#/schooldetail/4715833/12,4715833,15/10/2020 12:18,2268
******01103 Closed,Closed,MEGHANA PS JG PALEM,,,,Andhra Pradesh,2-Primary with Upper Primary,38-Pvt.Unaided,1 To 7,3-Co-educational,1-Rural,Tenali,Pedaravuru,,,JAGGADIGUNTAPALEM CHINARAVURU(VILL) TENALI(MANDAL) GUNTUR(DIST),522201,meghanapublicschool[at]gmail[dot]com,https://kys.udiseplus.gov.in/#/schooldetail/4681617/12,4681617,03/09/2024 09:54,2268
******90337 Operational,,MES 48-32W O G,,,,Andhra Pradesh,1-Primary,34-MUNCIPAL,1 To 5,3-Co-educational,2-Urban,NA,,Guntur (M Corp.) - Ward No.5,Guntur-Municipal Corporations,32nd WARD (NO.48) OLD GUNTUR GUNTUR (CORP.)(VILL) GUNTUR(MANDAL) GUNTUR(DIST),522001,mcps48oldguntur[at]gmail[dot]com,https://kys.udiseplus.gov.in/#/schooldetail/4680876/12,4680876,20/12/2025 12:15,2268
******91030 Operational,,MES BALIJIRAO PET,,,,Andhra Pradesh,1-Primary,34-MUNCIPAL,1 To 5,3-Co-educational,2-Urban,NA,,Tenali (M) - Ward No.33,Tenali-Municipality,33st WARD TENALI (MNDL) TENALI (M)(VILL) TENALI(MANDAL) GUNTUR(DIST),522202,osman.shaikk[at]gmail[dot]com,https://kys.udiseplus.gov.in/#/schooldetail/4681659/12,4681659,22/12/2025 15:49,2268
******91017 Operational,,M E S B V BAZAR SALIPET,,,,Andhra Pradesh,1-Primary,34-MUNCIPAL,1 To 5,3-Co-educational,2-Urban,NA,,Tenali (M) - Ward No.16,Tenali-Municipality,BV PETA TENALI MANDAL,522201,messalipet[at]gmail[dot]comevuru,https://kys.udiseplus.gov.in/#/schooldetail/4681647/12,4681647,22/12/2025 15:43,2268
******91020 Operational,,M E S CHENCHUPETA,,,,Andhra Pradesh,1-Primary,34-MUNCIPAL,1 To 5,3-Co-educational,2-Urban,NA,,Tenali (M) - Ward No.31,Tenali-Municipality,31st WARD CHENCHUPET TENALI (M)(VILL) TENALI(MANDAL) GUNTUR(DIST),522202,shareefnagul23[at]gmail[dot]com,https://kys.udiseplus.gov.in/#/schooldetail/4681650/12,4681650,22/12/2025 15:45,2268
******91007 Operational,,M E S GANGANAMMA PET,,,,Andhra Pradesh,1-Primary,34-MUNCIPAL,1 To 5,3-Co-educational,2-Urban,NA,,Tenali (M) - Ward No.35,Tenali-Municipality,35TH WARD GANGAMMAPET TENALI (M)(VILL) TENALI(MANDAL) GUNTUR(DIST),522201,suneethaImadabathuni[at]gmail[dot]com,https://kys.udiseplus.gov.in/#/schooldetail/4681637/12,4681637,22/12/2025 15:37,2268
******91002 Operational,,M E S GHANDHI NAGAR,,,,Andhra Pradesh,1-Primary,34-MUNCIPAL,1 To 5,3-Co-educational,2-Urban,NA,,Tenali (M) - Ward No.5,Tenali-Municipality,05th WARD GANDHI NAGAR TENALI (M)(VILL) TENALI(MANDAL) GUNTUR(DIST),522201,mesgandhinagar[at]gmail[dot]com,https://kys.udiseplus.gov.in/#/schooldetail/4681632/12,4681632,22/12/2025 15:29,2268
******90326 Operational,,MES H B 34-20W -2 L B T,,,,Andhra Pradesh,1-Primary,34-MUNCIPAL,1 To 5,3-Co-educational,2-Urban,NA,,Guntur (M Corp.) - Ward No.25,Guntur-Municipal Corporations,50th WARD (2nd LINE) BUCHAIAH THOTA GUNTUR (CORP.)(VILL) GUNTUR(MANDAL) GUNTUR(DIST),522001,mcpsno34[at]gmail[dot]com,https://kys.udiseplus.gov.in/#/schooldetail/4680860/12,4680860,20/12/2025 12:14,2268
******91004 Operational,,M E S ITHNAGAR,,,,Andhra Pradesh,1-Primary,34-MUNCIPAL,1 To 5,3-Co-educational,2-Urban,NA,,Tenali (M) - Ward No.40,Tenali-Municipality,36th WARD ITHANAGAR TENALI (M)(VILL) TENALI(MANDAL) GUNTUR(DIST),522201,mesithanagar004[at]gmail[dot]com,https://kys.udiseplus.gov.in/#/schooldetail/4681634/12,4681634,22/12/2025 15:30,2268
******91032 Closed,Closed,MES K PET/N PET,,,,Andhra Pradesh,1-Primary,34-MUNCIPAL,1 To 5,3-Co-educational,2-Urban,NA,,Tenali (M) - Ward No.11,Tenali-Municipality,11th WARD KOTHAPET TENALI (M)(VILL) TENALI(MANDAL) GUNTUR(DIST),522201,venkatalakshmia123[at]gmail[dot]com,https://kys.udiseplus.gov.in/#/schooldetail/4681660/12,4681660,04/08/2025 11:54,2268
******91024 Operational,,M E S MATTAM BAZAR,,,,Andhra Pradesh,1-Primary,34-MUNCIPAL,1 To 5,3-Co-educational,2-Urban,NA,,Tenali (M) - Ward No.22,Tenali-Municipality,23rd WARD(MATTAM BAZAR) MORRISPET TENALI (M)(VILL) TENALI(MANDAL) GUNTUR(DIST),522201,rangisettynagarajakumari[at]gmail[dot]com,https://kys.udiseplus.gov.in/#/schooldetail/4650201/12,4650201,22/12/2025 15:45,2268
******91021 Operational,,M E S MORRISPET,,,,Andhra Pradesh,1-Primary,34-MUNCIPAL,1 To 5,3-Co-educational,2-Urban,NA,,Tenali (M) - Ward No.21,Tenali-Municipality,22nd WARD MORRISPET TENALI (M)(VILL) TENALI(MANDAL) GUNTUR(DIST),522202,suraganisatya[at]gmail[dot]com,https://kys.udiseplus.gov.in/#/schooldetail/4681651/12,4681651,22/12/2025 15:45,2268
******91003 Operational,,M E S N D COLONY,,,,Andhra Pradesh,1-Primary,34-MUNCIPAL,1 To 5,3-Co-educational,2-Urban,NA,,Tenali (M) - Ward No.4,Tenali-Municipality,04th WARD NARENDRA DEV COLONY TENALI (M)(VILL) TENALI(MANDAL) GUNTUR(DIST),522201,ksrtenali[at]gmail[dot]com,https://kys.udiseplus.gov.in/#/schooldetail/4681633/12,4681633,22/12/2025 10:19,2268
******91025 Operational,,M E S SULTHANABAD,,,,Andhra Pradesh,1-Primary,34-MUNCIPAL,1 To 5,3-Co-educational,2-Urban,NA,,Tenali (M) - Ward No.32,Tenali-Municipality,28th WARD SULTANABAD TENALI (M)(VILL) TENALI(MANDAL) GUNTUR(DIST),522202,messultanabad[at]gmail[dot]com,https://kys.udiseplus.gov.in/#/schooldetail/4681654/12,4681654,22/12/2025 15:46,2268
******90324 Operational,,MHB ES 31-18W-4L SV N,,,,Andhra Pradesh,1-Primary,34-MUNCIPAL,1 To 5,3-Co-educational,2-Urban,NA,,Guntur (M Corp.) - Ward No.48,Guntur-Municipal Corporations,48th WARD (4th LINE) SANJEEVAIAH NAGAR GUNTUR (CORP.)(VILL) GUNTUR(MANDAL) GUNTUR(DIST),522002,mhbes31[at]gmail[dot]com,https://kys.udiseplus.gov.in/#/schooldetail/4680858/12,4680858,20/12/2025 12:14,2268
******00921 Operational,,MIGHTY EM SCHOOL,,,,Andhra Pradesh,1-Primary,38-Pvt.Unaided,1 To 5,3-Co-educational,2-Urban,NA,,Guntur (M Corp.) - Ward No.38,Guntur-Municipal Corporations,2ND LINE COBALD PET MAIN ROAD,522007,mightyschool[at]gmail[dot]com,https://kys.udiseplus.gov.in/#/schooldetail/4680785/12,4680785,20/12/2025 12:59,2268
******00323 Operational,,MILLAT EM SCHOOL ANANDAPET GUNTUR,,,,Andhra Pradesh,2-Primary with Upper Primary,38-Pvt.Unaided,1 To 7,3-Co-educational,2-Urban,NA,,Guntur (M Corp.) - Ward No.6,Guntur-Municipal Corporations,ANANDA PET 2 LINE GUNTUR EAT MANDAL,522003,millat.guntur[at]gmail[dot]com,https://kys.udiseplus.gov.in/#/schooldetail/4679921/12,4679921,20/12/2025 11:38,2268
******90774 Permanently Closed,,MILLENNIUM HIGHSCHOOL PONNUR,,,,Andhra Pradesh,6-Pr. Up Pr. and Secondary Only,38-Pvt.Unaided,1 To 10,3-Co-educational,1-Rural,Ponnur,Dandamudi,,,NA,522124,,https://kys.udiseplus.gov.in/#/schooldetail/4716113/12,4716113,15/10/2020 12:18,2268
******00376 Permanently Closed,,MISBAHUL HUDA JAMIA NAGAR,,,,Andhra Pradesh,1-Primary,98-Madarsa Unrecognized,1 To 5,1-Boys,2-Urban,NA,,Guntur (M Corp.) - Ward No.4,Guntur-Municipal Corporations,NA,522003,,https://kys.udiseplus.gov.in/#/schooldetail/4715854/12,4715854,15/10/2020 12:18,2268
******00312 Operational,,MIZPHA EM SCHOOL VEJENDLA,,,,Andhra Pradesh,2-Primary with Upper Primary,38-Pvt.Unaided,1 To 7,3-Co-educational,1-Rural,Chebrole,Vejendla,,,"VEJENDLA CHEBROLE MANDAL , 522213",522213,sharonsheebareji[at]gmail[dot]com,https://kys.udiseplus.gov.in/#/schooldetail/4681781/12,4681781,26/09/2024 11:20,2268
******90335 Permanently Closed,,MLE PS 45 -30W K S,,,,Andhra Pradesh,1-Primary,34-MUNCIPAL,1 To 5,3-Co-educational,2-Urban,NA,,Guntur (M Corp.) - Ward No.26,Guntur-Municipal Corporations,NA,522001,,https://kys.udiseplus.gov.in/#/schooldetail/4680875/12,4680875,15/10/2020 12:18,2268
******90311 Permanently Closed,,MMCES (HB)-11-13W N P,,,,Andhra Pradesh,1-Primary,34-MUNCIPAL,1 To 5,3-Co-educational,2-Urban,NA,,Guntur (M Corp.) - Ward No.42,Guntur-Municipal Corporations,NA,522007,,https://kys.udiseplus.gov.in/#/schooldetail/4680118/12,4680118,15/10/2020 12:18,2268
******91028 Operational,,MMESNAZAR PET,,,,Andhra Pradesh,1-Primary,34-MUNCIPAL,1 To 5,3-Co-educational,2-Urban,NA,,Tenali (M) - Ward No.7,Tenali-Municipality,08th WARD NAZERPET TENALI (M)(VILL) TENALI(MANDAL) GUNTUR(DIST),522202,nazerpetmmes[at]gmail[dot]com,https://kys.udiseplus.gov.in/#/schooldetail/4681657/12,4681657,22/12/2025 15:48,2268
******91029 Operational,,MMES PINAPADU,,,,Andhra Pradesh,1-Primary,34-MUNCIPAL,1 To 5,3-Co-educational,2-Urban,NA,,Tenali (M) - Ward No.25,Tenali-Municipality,25th WARD PINAPADU TENALI (M)(VILL) TENALI(MANDAL) GUNTUR(DIST),522202,ayeshariyaz9988[at]email[dot]com,https://kys.udiseplus.gov.in/#/schooldetail/4681658/12,4681658,22/12/2025 15:49,2268
******91027 Operational,,MMMTUES SALIPET,,,,Andhra Pradesh,1-Primary,34-MUNCIPAL,1 To 5,3-Co-educational,2-Urban,NA,,Tenali (M) - Ward No.18,Tenali-Municipality,18th WARD SALIPET TENALI (M)(VILL) TENALI(MANDAL) GUNTUR(DIST),522202,mmmtues1986[at]gmail[dot]com,https://kys.udiseplus.gov.in/#/schooldetail/4681656/12,4681656,22/12/2025 15:47,2268
******00841 Operational,,MODERN CONVENT VBROAD,,,,Andhra Pradesh,6-Pr. Up Pr. and Secondary Only,38-Pvt.Unaided,1 To 10,3-Co-educational,2-Urban,NA,,Tenali (M) - Ward No.22,Tenali-Municipality,VAHAB ROAD TENALI TOWN TENALI(U)(VILL) TENALI(MANDAL) GUNTUR(DIST),522201,meotenali[at]gmail[dot]com,https://kys.udiseplus.gov.in/#/schooldetail/4680830/12,4680830,22/12/2025 15:03,2268
******91566 Operational,,"MODERN HIGH SCHOOL,GUNTUR VARI THOTA,GUNTUR",,,,Andhra Pradesh,6-Pr. Up Pr. and Secondary Only,38-Pvt.Unaided,1 To 10,3-Co-educational,2-Urban,NA,,Guntur (M Corp.) - Ward No.19,Guntur-Municipal Corporations,"Guntur vari thota, Guntur East Mandal",522001,mrmkishorebabu2010[at]gmail[dot]com,https://kys.udiseplus.gov.in/#/schooldetail/4681167/12,4681167,20/12/2025 12:32,2268
******91295 Operational,,"MONTESSORI E.M. HIGH SCHOOL, SYAMALA NAGAR, GUNTUR",,,,Andhra Pradesh,6-Pr. Up Pr. and Secondary Only,38-Pvt.Unaided,1 To 10,3-Co-educational,2-Urban,NA,,Guntur (M Corp.) - Ward No.24,Guntur-Municipal Corporations,1st WARD NAGARAMPALEM GUNTUR (CORP.)-2(VILL) GUNTUR(MANDAL) GUNTUR(DIST),522004,kvsmontessori[at]gmail[dot]com,https://kys.udiseplus.gov.in/#/schooldetail/4681016/12,4681016,20/12/2025 14:54,2268
******01118 Operational,,MONTESSORI EMHS DUGGIRALA,,,,Andhra Pradesh,7-Upper Pr. and Secondary,38-Pvt.Unaided,6 To 10,3-Co-educational,1-Rural,Duggirala,Duggirala,,,DUGGIRALA DUGGIRALA DUGGIRALA(VILL) DUGGIRALA(MANDAL) GUNTUR(DIST),522330,montessoriduggirala[at]gmail[dot]com,https://kys.udiseplus.gov.in/#/schooldetail/4681327/12,4681327,15/10/2020 12:18,2268
******00612 Closed,Closed,"MONTESSORI E.M. SCHOOL, SYAMALANAGAR",,,,Andhra Pradesh,1-Primary,38-Pvt.Unaided,1 To 5,3-Co-educational,2-Urban,NA,,Guntur (M Corp.) - Ward No.24,Guntur-Municipal Corporations,NAGARAMPALEM GUNTUR,522004,montessorinagarampalem[at]gmail[dot]com,https://kys.udiseplus.gov.in/#/schooldetail/4680760/12,4680760,16/09/2025 16:40,2268
******91535 Operational,,MONTESSORI ENGLISH MEDIUM SCHOOL LAKSHMIPURAM 4TH LINE GUNTU,,,,Andhra Pradesh,6-Pr. Up Pr. and Secondary Only,38-Pvt.Unaided,1 To 10,3-Co-educational,2-Urban,NA,,Guntur (M Corp.) - Ward No.45,Guntur-Municipal Corporations,4th Lane Lakshmipuram,522007,montessoriemschoolguntur[at]gmail[dot]com,https://kys.udiseplus.gov.in/#/schooldetail/4681142/12,4681142,20/12/2025 15:16,2268
******91072 Operational,,MONTESTORY HS BPROAD,,,,Andhra Pradesh,7-Upper Pr. and Secondary,38-Pvt.Unaided,6 To 10,3-Co-educational,2-Urban,NA,,Tenali (M) - Ward No.8,Tenali-Municipality,B.P ROAD TENALI TENALI MANDAL TENALI (M)(VILL) TENALI(MANDAL) GUNTUR(DIST),522201,mestenali[at]gmail[dot]com,https://kys.udiseplus.gov.in/#/schooldetail/4681687/12,4681687,22/12/2025 15:58,2268
******00870 Operational,,MONTISSORI KINDER GARTEN,,,,Andhra Pradesh,1-Primary,38-Pvt.Unaided,1 To 5,3-Co-educational,2-Urban,NA,,Tenali (M) - Ward No.5,Tenali-Municipality,TENALI TENALITOWN TENALI(U)(VILL) TENALI(MANDAL) GUNTUR(DIST),522201,mestenali[at]gmail[dot]com,https://kys.udiseplus.gov.in/#/schooldetail/4681595/12,4681595,22/12/2025 15:17,2268
******01116 Operational,,MONTISSORI PS DUGGIRALA,,,,Andhra Pradesh,1-Primary,38-Pvt.Unaided,1 To 5,3-Co-educational,1-Rural,Duggirala,Duggirala,,,DUGGIRALA DUGGIRALA DUGGIRALA(VILL) DUGGIRALA(MANDAL) GUNTUR(DIST),522330,montessoriduggirala[at]gmail[dot]com,https://kys.udiseplus.gov.in/#/schooldetail/4681326/12,4681326,21/04/2023 15:31,2268
******00390 Operational,,"MORIAH HS OLD PATTABHIPURAM, GUNTUR",,,,Andhra Pradesh,6-Pr. Up Pr. and Secondary Only,38-Pvt.Unaided,1 To 10,3-Co-educational,2-Urban,NA,,Guntur (M Corp.) - Ward No.31,Guntur-Municipal Corporations,3-17-15 OLD PATTABHIPURAM 1ST LINE GUNTUR,522006,info[at]moriah[dot]school,https://kys.udiseplus.gov.in/#/schooldetail/4680733/12,4680733,20/12/2025 12:51,2268
******91546 Closed,Closed,MOTHER THERISA PUBLIC SCHOOL 5TH LINE ANANDAPET GUNTUR,,,,Andhra Pradesh,2-Primary with Upper Primary,38-Pvt.Unaided,1 To 7,3-Co-educational,2-Urban,NA,,Guntur (M Corp.) - Ward No.6,Guntur-Municipal Corporations,ANANDAPETA 4TH LINE GUNTUR CORP 5,522004,charleslatha34[at]gmail[dot]com,https://kys.udiseplus.gov.in/#/schooldetail/4680414/12,4680414,05/02/2023 22:04,2268
******91093 Permanently Closed,,MOTHER THERISSA HIGH SCHOOL TENALI,,,,Andhra Pradesh,7-Upper Pr. and Secondary,38-Pvt.Unaided,6 To 10,3-Co-educational,2-Urban,NA,,Tenali (M) - Ward No.28,Tenali-Municipality,NA,522201,,https://kys.udiseplus.gov.in/#/schooldetail/4715998/12,4715998,15/10/2020 12:18,2268
******91045 Operational,,MPES RL PET,,,,Andhra Pradesh,1-Primary,34-MUNCIPAL,1 To 5,3-Co-educational,2-Urban,NA,,Tenali (M) - Ward No.11,Tenali-Municipality,11th WARD R.L.PET TENALI (M)(VILL) TENALI(MANDAL) GUNTUR(DIST),522201,,https://kys.udiseplus.gov.in/#/schooldetail/4680927/12,4680927,22/12/2025 16:03,2268
******91005 Operational,,MPL (AA) ITHANAGAR,,,,Andhra Pradesh,1-Primary,34-MUNCIPAL,1 To 5,3-Co-educational,2-Urban,NA,,Tenali (M) - Ward No.39,Tenali-Municipality,36th WARD ITHANAGAR TENALI (M)(VILL) TENALI(MANDAL) GUNTUR(DIST),522201,aadiandhra16[at]gmail[dot]com,https://kys.udiseplus.gov.in/#/schooldetail/4681635/12,4681635,22/12/2025 15:33,2268
******90308 Operational,,Mpl.Corp.Primary School(08) S.B.Nagar Guntur,,,,Andhra Pradesh,1-Primary,34-MUNCIPAL,1 To 5,3-Co-educational,2-Urban,NA,,Guntur Ward No. 56,Guntur-Municipal Corporations,1st WARD (12TH LANE) SWARNA BHARATHI NAGAR GUNTUR (CORP.)(VILL) GUNTUR(MANDAL) GUNTUR(DIST),522006,swarnabharathinagar[at]gmail[dot]com,https://kys.udiseplus.gov.in/#/schooldetail/4680852/12,4680852,20/12/2025 13:14,2268
******90710 Operational,,MPL ELE 5TH WARD,,,,Andhra Pradesh,1-Primary,34-MUNCIPAL,1 To 5,3-Co-educational,2-Urban,NA,,Ponnur (M) - Ward No.12,Ponnuru-Municipality,12th WARD NIDUBROLUKONDAMUDI ROAD PONNURU (MUNCIPALITY) GUNTUR(DIST),522124,mplele5ward[at]gmail[dot]com,https://kys.udiseplus.gov.in/#/schooldetail/4682959/12,4682959,27/09/2024 09:57,2268
******90702 Operational,,MPL ELE ERUKALAVADA,,,,Andhra Pradesh,1-Primary,34-MUNCIPAL,1 To 5,3-Co-educational,2-Urban,NA,,Ponnur (M) - Ward No.3,Ponnuru-Municipality,3rd WARD ERUKALAWADA PONNURU (M)(VILL) PONNURU(MANDAL) GUNTUR(DIST),522124,mpleleerukalawada0702[at]gmail[dot]com,https://kys.udiseplus.gov.in/#/schooldetail/4682951/12,4682951,08/10/2024 14:29,2268
******90712 Operational,,MPL ELE L(U)(B) G PARK,,,,Andhra Pradesh,1-Primary,34-MUNCIPAL,1 To 5,3-Co-educational,2-Urban,NA,,Ponnur (M) - Ward No.21,Ponnuru-Municipality,MPL ELEMENTARY URDU BOYS SCHOOL SPP ROAD BESIDE MEE SEVA CENTRE PONNUR PONNUR MD GUNTUR DT-522124,522124,,https://kys.udiseplus.gov.in/#/schooldetail/4682961/12,4682961,08/10/2024 14:34,2268
******90708 Operational,,MPL ELE N T NAGAR,,,,Andhra Pradesh,1-Primary,34-MUNCIPAL,1 To 5,3-Co-educational,2-Urban,NA,,Ponnur (M) - Ward No.17,Ponnuru-Municipality,MUNICIPAL ELEMENTARY SCHOOL NETAHJI NAGAR PONNUR PONNUR MANDAL GUNTUR DT-522124,522124,mplelentnagar0708[at]gmail[dot]com,https://kys.udiseplus.gov.in/#/schooldetail/4682957/12,4682957,08/10/2024 14:24,2268
******90714 Operational,,MPL ELE S 16TH WARD,,,,Andhra Pradesh,1-Primary,34-MUNCIPAL,1 To 5,3-Co-educational,2-Urban,NA,,Ponnur (M) - Ward No.15,Ponnuru-Municipality,15TH WARD SANJAY COLONYNIDUBROLU PONNURU (MUNCIPALITY) GUNTUR(DIST),522124,mplele.16thward[at]gmai[dot]com,https://kys.udiseplus.gov.in/#/schooldetail/4682963/12,4682963,08/10/2024 14:35,2268
******90782 Operational,,MPL ELE SCHOOL DVC COLONY,,,,Andhra Pradesh,1-Primary,34-MUNCIPAL,1 To 5,3-Co-educational,2-Urban,NA,,Ponnur (M) - Ward No.7,Ponnuru-Municipality,MPL ELE SCHOOL DVC COLONY NEAR VINAYAKA TEMPLE PONNUR MUNCIPALITY GUNTUR DISTRICT,522124,mpleleschooldvc0782[at]gmail[dot]com,https://kys.udiseplus.gov.in/#/schooldetail/4683003/12,4683003,07/10/2024 17:08,2268
******90705 Operational,,MPL ELE S(YC)PONNUR,,,,Andhra Pradesh,1-Primary,34-MUNCIPAL,1 To 5,3-Co-educational,2-Urban,NA,,Ponnur (M) - Ward No.19,Ponnuru-Municipality,MUNICIPAL ELEMENTARY SCHOOL YANADI COLONY PONNUR PONNUR MANDAL GUNTUR DT-522124,522124,splmpleleyc0705[at]gmail[dot]com,https://kys.udiseplus.gov.in/#/schooldetail/4682954/12,4682954,08/10/2024 14:32,2268
******90706 Operational,,MPL ELE V S V PONNUR,,,,Andhra Pradesh,1-Primary,34-MUNCIPAL,1 To 5,3-Co-educational,2-Urban,NA,,Ponnur (M) - Ward No.19,Ponnuru-Municipality,MUNICIPAL PRIMARY SCHOOL GBC ROAD NEAR K S J COLLEGE VASATHIWADA PONNUR PONNUR MD GUNTUR DT-522124,522124,mplvsv0706[at]gmail[dot]com,https://kys.udiseplus.gov.in/#/schooldetail/4682955/12,4682955,08/10/2024 14:32,2268
******90729 Operational,,MPL HIGH SCHOOL 1 W,,,,Andhra Pradesh,7-Upper Pr. and Secondary,34-MUNCIPAL,6 To 10,3-Co-educational,2-Urban,NA,,Ponnur (M) - Ward No.17,Ponnuru-Municipality,1st WARD NETHAJI NAGAR PONNURU (M)(VILL) PONNURU(MANDAL) GUNTUR(DIST),522124,hmmhsnetajinagarponnur[at]gmail[dot]com,https://kys.udiseplus.gov.in/#/schooldetail/4682977/12,4682977,08/10/2024 14:45,2268
******90728 Operational,,MPL HIGH SCHOOL 5 W,,,,Andhra Pradesh,7-Upper Pr. and Secondary,34-MUNCIPAL,6 To 10,3-Co-educational,2-Urban,NA,,Ponnur (M) - Ward No.12,Ponnuru-Municipality,12th WARD NIDUBROLU KONDAMUDI ROAD PONNUR MUNCIPALITY GUNTUR(DIST),522124,ponnur.mplhscrc[at]gmail[dot]com,https://kys.udiseplus.gov.in/#/schooldetail/4682976/12,4682976,08/10/2024 14:45,2268
******00933 Operational,,MPL HS BHARATHPET,,,,Andhra Pradesh,7-Upper Pr. and Secondary,34-MUNCIPAL,6 To 10,3-Co-educational,2-Urban,NA,,Guntur (M Corp.) - Ward No.46,Guntur-Municipal Corporations,RATNAPURI COLONY BHARATHPETA,522004,vissarapunagamanjari[at]gmailil[dot]com,https://kys.udiseplus.gov.in/#/schooldetail/4680796/12,4680796,20/12/2025 12:09,2268
******90570 Operational,,MPL HS (BNR) SRAMIKANAGAR MANGALAGIRI,,,,Andhra Pradesh,7-Upper Pr. and Secondary,34-MUNCIPAL,6 To 10,3-Co-educational,2-Urban,NA,,Mangalagiri (M) - Ward No.21,Mangalagiri-Municipality,"RATHNALA CHERUVU,20th WARD, MANGALAGIRI ,GUNTUR DISTRICT",522503,manjula1977p[at]gmail[dot]com,https://kys.udiseplus.gov.in/#/schooldetail/4679656/12,4679656,20/12/2025 13:54,2268
******90516 Operational,,MPLHS BR NAGAR,,,,Andhra Pradesh,6-Pr. Up Pr. and Secondary Only,34-MUNCIPAL,1 To 10,3-Co-educational,2-Urban,NA,,Mangalagiri (M) - Ward No.1,Mangalagiri-Municipality,NEAR RANDB BUNGLOW GT ROAD 2ND WARD MANGALAGIRI,522503,srinu.sangineni[at]gmail[dot]com,https://kys.udiseplus.gov.in/#/schooldetail/4679638/12,4679638,20/12/2025 13:58,2268
******90518 Operational,,MPL HS (GR) MGL,,,,Andhra Pradesh,6-Pr. Up Pr. and Secondary Only,34-MUNCIPAL,1 To 10,3-Co-educational,2-Urban,NA,,Mangalagiri (M) - Ward No.25,Mangalagiri-Municipality,HUSSAINKATTA PATHA MANGALAGIRI,522503,ushakumaridatla[at]gmail[dot]com,https://kys.udiseplus.gov.in/#/schooldetail/4679640/12,4679640,20/12/2025 13:57,2268
******00932 Operational,,MPL HS GUJJANAGUNDLA,,,,Andhra Pradesh,7-Upper Pr. and Secondary,34-MUNCIPAL,6 To 10,3-Co-educational,2-Urban,NA,,Guntur (M Corp.) - Ward No.33,Guntur-Municipal Corporations,GUJJANAGUNDLA WARD NO-33 GUNTUR 522006,522006,srrmchs[at]gmail[dot]com,https://kys.udiseplus.gov.in/#/schooldetail/4680795/12,4680795,20/12/2025 13:00,2268
******00609 Operational,,MPL HS POWER PET,,,,Andhra Pradesh,6-Pr. Up Pr. and Secondary Only,34-MUNCIPAL,1 To 10,3-Co-educational,2-Urban,NA,,Guntur (M Corp.) - Ward No.15,Guntur-Municipal Corporations,POWER PET GUNTUR GUNTUR (U)(VILL) GUNTUR(MANDAL) GUNTUR(DIST),522003,ayubgtr[at]gmail[dot]com,https://kys.udiseplus.gov.in/#/schooldetail/4680759/12,4680759,20/12/2025 11:56,2268
******91264 Operational,,MPL HS S NAGAR,,,,Andhra Pradesh,7-Upper Pr. and Secondary,34-MUNCIPAL,6 To 10,3-Co-educational,2-Urban,NA,,Guntur (M Corp.) - Ward No.48,Guntur-Municipal Corporations,48th WARD SANJEEVAIAH NAGAR GUNTUR (CORP.)-2(VILL) GUNTUR(MANDAL) GUNTUR(DIST),522002,mchssnagar[at]gmail[dot]com,https://kys.udiseplus.gov.in/#/schooldetail/4680983/12,4680983,20/12/2025 13:01,2268
******00934 Operational,,MPL HS SWARNANDHRA NAGAR,,,,Andhra Pradesh,7-Upper Pr. and Secondary,34-MUNCIPAL,6 To 10,3-Co-educational,2-Urban,NA,,Guntur Ward No. 54,Guntur-Municipal Corporations,SWARNANDRA NAGAR GUNTUR,522006,srinivasrao.mallipeddi[at]gmail[dot]com,https://kys.udiseplus.gov.in/#/schooldetail/4680797/12,4680797,20/12/2025 13:00,2268
******90521 Operational,,MPL HS (WC) MGLM,,,,Andhra Pradesh,7-Upper Pr. and Secondary,34-MUNCIPAL,6 To 10,3-Co-educational,2-Urban,NA,,Mangalagiri (M) - Ward No.9,Mangalagiri-Municipality,WEAVERS COLONY 6TH WARD MANGALAGIRI (M)(VILL) MANGALAGIRI(MANDAL) GUNTUR(DIST),522503,pmshrimchswc[at]gmail[dot]com,https://kys.udiseplus.gov.in/#/schooldetail/4679643/12,4679643,20/12/2025 13:56,2268
******90509 Operational,,MPL MUSLIM (B) MGL,,,,Andhra Pradesh,1-Primary,34-MUNCIPAL,1 To 5,3-Co-educational,2-Urban,NA,,Mangalagiri (M) - Ward No.30,Mangalagiri-Municipality,26 TH WARD 26 TH WARD MANGALAGIRI (M)(VILL) MANGALAGIRI(MANDAL) GUNTUR(DIST),522503,skrahman908[at]gmail[dot]com,https://kys.udiseplus.gov.in/#/schooldetail/4679631/12,4679631,20/12/2025 13:59,2268
******90514 Operational,,MPL PS 3RD WARD MGL,,,,Andhra Pradesh,1-Primary,34-MUNCIPAL,1 To 5,3-Co-educational,2-Urban,NA,,Mangalagiri (M) - Ward No.4,Mangalagiri-Municipality,3RD WARD 3RD WARD MANGALAGIRI (M)(VILL) MANGALAGIRI(MANDAL) GUNTUR(DIST),522503,3rdward[at]gmail[dot]com,https://kys.udiseplus.gov.in/#/schooldetail/4679636/12,4679636,20/12/2025 13:58,2268
******90519 Operational,,MPL PS(APSP) MGL,,,,Andhra Pradesh,1-Primary,34-MUNCIPAL,1 To 5,3-Co-educational,2-Urban,NA,,Mangalagiri (M) - Ward No.22,Mangalagiri-Municipality,APSP CAMP 5 TH WARD MANGALAGIRI (M)(VILL) MANGALAGIRI(MANDAL) GUNTUR(DIST),522503,ksnaik1976[at]gmail[dot]com,https://kys.udiseplus.gov.in/#/schooldetail/4679641/12,4679641,20/12/2025 13:57,2268
******90508 Operational,,MPL PS(BFS) MANGALAGIRI,,,,Andhra Pradesh,1-Primary,34-MUNCIPAL,1 To 5,3-Co-educational,2-Urban,NA,,Mangalagiri (M) - Ward No.15,Mangalagiri-Municipality,BAPTIST PET 12TH WARD MANGALAGIRI (M)(VILL) MANGALAGIRI(MANDAL) GUNTUR(DIST),522503,meomangalagiri[at]gmail[dot]com,https://kys.udiseplus.gov.in/#/schooldetail/4679630/12,4679630,20/12/2025 13:59,2268
******90515 Operational,,"MPL PS (BNR) SRAMIKANAGAR,MGL",,,,Andhra Pradesh,1-Primary,34-MUNCIPAL,1 To 5,3-Co-educational,2-Urban,NA,,Mangalagiri (M) - Ward No.21,Mangalagiri-Municipality,SRAMIKA NAGAR 18 TH WARD MANGALAGIRI (M)(VILL) MANGALAGIRI(MANDAL) GUNTUR(DIST),522503,ssivarao840[at]gmail[dot]com,https://kys.udiseplus.gov.in/#/schooldetail/4679637/12,4679637,20/12/2025 13:58,2268
******90505 Operational,,MPL PS INDIRA NAGAR MGL,,,,Andhra Pradesh,1-Primary,34-MUNCIPAL,1 To 5,3-Co-educational,2-Urban,NA,,Mangalagiri (M) - Ward No.5,Mangalagiri-Municipality,INDIRA NAGAR 4TH WARD MANGALAGIRI (M)(VILL) MANGALAGIRI(MANDAL) GUNTUR(DIST),522503,mplpsindiranagar1986[at]gmail[dot]com,https://kys.udiseplus.gov.in/#/schooldetail/4679627/12,4679627,20/12/2025 13:52,2268
******90507 Operational,,MPL PS(KRC) MANGALAGIRI,,,,Andhra Pradesh,1-Primary,34-MUNCIPAL,1 To 5,3-Co-educational,2-Urban,NA,,Mangalagiri (M) - Ward No.20,Mangalagiri-Municipality,KUPPURAO COLONY 17 TH WARD MANGALAGIRI (M)(VILL) MANGALAGIRI(MANDAL) GUNTUR(DIST),522503,mplpskrc1982[at]gmail[dot]com,https://kys.udiseplus.gov.in/#/schooldetail/4679629/12,4679629,20/12/2025 13:52,2268
******90504 Operational,,MPL PS (LEB) MANGALAGIRI,,,,Andhra Pradesh,1-Primary,34-MUNCIPAL,1 To 5,3-Co-educational,2-Urban,NA,,Mangalagiri (M) - Ward No.23,Mangalagiri-Municipality,OLD MANGALAGIRI 19TH WARD MANGALAGIRI (M)(VILL) MANGALAGIRI(MANDAL) GUNTUR(DIST),522503,ramunallanagula[at]gmail[dot]com,https://kys.udiseplus.gov.in/#/schooldetail/4679626/12,4679626,20/12/2025 13:51,2268
******91395 Closed,Closed,MPL. PS PRE BASIC S.NO.2,,,,Andhra Pradesh,1-Primary,34-MUNCIPAL,1 To 5,3-Co-educational,2-Urban,NA,,Guntur (M Corp.) - Ward No.31,Guntur-Municipal Corporations,WARD NO. 1 PATTABHIPURAM GUNTUR (CORP.)-3(VILL) GUNTUR(MANDAL) GUNTUR(DIST),522006,,https://kys.udiseplus.gov.in/#/schooldetail/4680318/12,4680318,15/10/2020 12:18,2268
******91396 Operational,,MPL. PS S.NO.98,,,,Andhra Pradesh,1-Primary,34-MUNCIPAL,1 To 5,3-Co-educational,2-Urban,NA,,Guntur (M Corp.) - Ward No.49,Guntur-Municipal Corporations,MPL. PS S.NO.98 KAKUMANUVARI THOTA,522002,simiya82[at]gmail[dot]com,https://kys.udiseplus.gov.in/#/schooldetail/4680319/12,4680319,20/12/2025 13:06,2268
******90506 Permanently Closed,,MPL PS(SVN) MANGALAGIRI,,,,Andhra Pradesh,1-Primary,34-MUNCIPAL,1 To 5,3-Co-educational,2-Urban,NA,,Mangalagiri (M) - Ward No.28,Mangalagiri-Municipality,NA,522503,,https://kys.udiseplus.gov.in/#/schooldetail/4679628/12,4679628,15/10/2020 12:18,2268
******90510 Operational,,MPL PS(U)GIRLS9WARD MGL,,,,Andhra Pradesh,1-Primary,34-MUNCIPAL,1 To 5,3-Co-educational,2-Urban,NA,,Mangalagiri Ward No.13,Mangalagiri-Municipality,9TH WARD 9TH WARD MANGALAGIRI (M)(VILL) MANGALAGIRI(MANDAL) GUNTUR(DIST),522503,salarbaig1975[at]gmail[dot]com,https://kys.udiseplus.gov.in/#/schooldetail/4679632/12,4679632,20/12/2025 13:59,2268
******90511 Operational,,MPL PS(WC) MGL,,,,Andhra Pradesh,1-Primary,34-MUNCIPAL,1 To 5,3-Co-educational,2-Urban,NA,,Mangalagiri (M) - Ward No.9,Mangalagiri-Municipality,WEAVERS COLONY 6TH WARD MANGALAGIRI (M)(VILL) MANGALAGIRI(MANDAL) GUNTUR(DIST),522503,lakshmirambabu[at]gmail[dot]com,https://kys.udiseplus.gov.in/#/schooldetail/4679633/12,4679633,20/12/2025 13:59,2268
******90520 Operational,,MPL UPS BHL 22WARD,,,,Andhra Pradesh,2-Primary with Upper Primary,34-MUNCIPAL,1 To 8,3-Co-educational,2-Urban,NA,,Mangalagiri (M) - Ward No.26,Mangalagiri-Municipality,22ND WARD 22ND WARD MANGALAGIRI (M)(VILL) MANGALAGIRI(MANDAL) GUNTUR(DIST),522503,sailakshmikasukurthi[at]gmail[dot]com,https://kys.udiseplus.gov.in/#/schooldetail/4679642/12,4679642,20/12/2025 13:57,2268
******90517 Operational,,MPL UPS(LEG) MANGALAGIRI,,,,Andhra Pradesh,2-Primary with Upper Primary,34-MUNCIPAL,1 To 8,3-Co-educational,2-Urban,NA,,Mangalagiri (M) - Ward No.31,Mangalagiri-Municipality,OLD BANK COLONY 25 TH WARD MANGALAGIRI (M)(VILL) MANGALAGIRI(MANDAL) GUNTUR(DIST),522503,mplupsleg[at]gmail[dot]com,https://kys.udiseplus.gov.in/#/schooldetail/4679639/12,4679639,20/12/2025 13:57,2268
******00704 Operational,,MPMS (LE) GOTTIPADU,,,,Andhra Pradesh,1-Primary,33-MPP_ZPP SCHOOLS,1 To 5,3-Co-educational,1-Rural,Prathipadu,Gottipadu,,,CHURCH BAZAR VRO COLONY GOTTIPADU GOTTIPADU(VILL) PRATHIPADU(MANDAL) GUNTUR(DIST) 522019,522019,miriyalakaladhar[at]gmail[dot]com,https://kys.udiseplus.gov.in/#/schooldetail/4681183/12,4681183,23/12/2025 12:51,2268
******00302 Operational,,MPPPS M CHAMALLAMUDI,,,,Andhra Pradesh,1-Primary,33-MPP_ZPP SCHOOLS,1 To 5,3-Co-educational,1-Rural,Vatticherukuru,Chamallamudi,,,"MAIN ROAD, CHAMALLAMUDI(VILL) VATTICHERUKURU(MANDAL) GUNTUR(DIST)",522017,Chamallamudiup[at]gmail[dot]com,https://kys.udiseplus.gov.in/#/schooldetail/4681849/12,4681849,19/09/2024 19:04,2268
******00301 Operational,,MPPS 113 THALLURU,,,,Andhra Pradesh,1-Primary,33-MPP_ZPP SCHOOLS,1 To 5,3-Co-educational,1-Rural,Phirangipuram,113 Thalluru,,,SC COLONY 113 THAALLURU 113 THALLURU(VILL) PHIRANGIPURAM(MANDAL) GUNTUR(DIST),522529,mppsthalluru[at]gmail[dot]com,https://kys.udiseplus.gov.in/#/schooldetail/4680524/12,4680524,16/05/2022 11:56,2268
******00302 Operational,,MPPS 2WARD,,,,Andhra Pradesh,1-Primary,33-MPP_ZPP SCHOOLS,1 To 5,3-Co-educational,2-Urban,NA,,Tadepalli Ward No.3,Tadepalli-Municipality,02th WARD TADEPALLI TADEPALLI(VILL) THADEPALLE(MANDAL) GUNTUR(DIST),522501,mpps2ndwardtadepalli[at]gmail[dot]com,https://kys.udiseplus.gov.in/#/schooldetail/4679477/12,4679477,08/10/2024 11:43,2268
******00902 Operational,,MPPS (7 WARD) KR KONDURU,,,,Andhra Pradesh,1-Primary,33-MPP_ZPP SCHOOLS,1 To 5,3-Co-educational,1-Rural,Duggirala,Kantamraju Konduru,,,7th WARD KR KONDURU K.R.KONDURU(VILL) DUGGIRALA(MANDAL) GUNTUR(DIST),522330,KIKKILIGADDAPUNNAIAHA1968[at]GMAIL[dot]COM,https://kys.udiseplus.gov.in/#/schooldetail/4681305/12,4681305,11/03/2024 17:02,2268
******00606 Operational,,MPPS (AA) BOYA COLONY,,,,Andhra Pradesh,1-Primary,33-MPP_ZPP SCHOOLS,1 To 2,3-Co-educational,1-Rural,Prathipadu,Nadimpalem,,,1st WARD BOYAPALEM NADIMPALEM(VILL) PRATHIPADU(MANDAL) GUNTUR(DIST),522019,mppsaaboyacolony[at]gmail[dot]com,https://kys.udiseplus.gov.in/#/schooldetail/4681907/12,4681907,22/12/2025 20:06,2268
******00801 Operational,,MPPS AA CHINAKAKANI,,,,Andhra Pradesh,1-Primary,33-MPP_ZPP SCHOOLS,1 To 5,3-Co-educational,2-Urban,NA,,Mangalagiri (M) - Ward No.26,Mangalagiri-Municipality,NEAR G T ROAD CHINAKAKANI CHINAKAKANI(VILL) MANGALAGIRI(MANDAL) GUNTUR(DIST),522503,ravisankarnelavalli9[at]gmail[dot]com,https://kys.udiseplus.gov.in/#/schooldetail/4679596/12,4679596,20/12/2025 13:23,2268
******01101 Operational,,MPPS AA DOKIPARRU AB NAGAR,,,,Andhra Pradesh,1-Primary,33-MPP_ZPP SCHOOLS,1 To 5,3-Co-educational,1-Rural,Medikonduru,Dokiparru,,,AMBEDKAR NAGAR DOKIPARRU DOKIPARRU(VILL) MEDIKONDURU(MANDAL) GUNTUR(DIST),522438,mchreddy14[at]gmail[dot]com,https://kys.udiseplus.gov.in/#/schooldetail/4680650/12,4680650,23/12/2025 11:30,2268
******00702 Operational,,MPPS (AA) GOTTIPADU,,,,Andhra Pradesh,1-Primary,33-MPP_ZPP SCHOOLS,1 To 5,3-Co-educational,1-Rural,Prathipadu,Gottipadu,,,AA colony GOTTIPADU GOTTIPADU(VILL) PRATHIPADU(MANDAL) GUNTUR(DIST),522019,mppsaagottipadu[at]gmail[dot]com,https://kys.udiseplus.gov.in/#/schooldetail/4681181/12,4681181,23/12/2025 14:47,2268
******00702 Operational,,"MPPS(AA), GOWDAPALEM",,,,Andhra Pradesh,1-Primary,33-MPP_ZPP SCHOOLS,1 To 5,3-Co-educational,1-Rural,Chebrole,Vadlamudi,,,"MPPS (AA )GOWDAPALEM, VADLAMUDI(VILL) CHEBROLU(MANDAL) GUNTUR(DIST)",522213,mppsaagowdapalem123[at]gmail[dot]com,https://kys.udiseplus.gov.in/#/schooldetail/4681796/12,4681796,22/12/2025 12:00,2268
******00804 Operational,,MPPS (AA)GUNDIMEDA,,,,Andhra Pradesh,1-Primary,33-MPP_ZPP SCHOOLS,1 To 5,3-Co-educational,2-Urban,NA,,Tadepalli Ward No.12,Tadepalli-Municipality,GUNDIMEDA GUNDIMEDA GUNDIMEDA(VILL) THADEPALLE(MANDAL) GUNTUR(DIST),522303,ylakshmikanakadurga[at]gmail[dot]com,https://kys.udiseplus.gov.in/#/schooldetail/4679532/12,4679532,08/10/2024 11:43,2268
******02003 Operational,,MPPS(AA)MACHAVARAM,,,,Andhra Pradesh,1-Primary,33-MPP_ZPP SCHOOLS,1 To 5,3-Co-educational,1-Rural,Ponnur,Mulukuduru,,,MPPS AA MACHAVRAM NEAR CHURCH MACHAVARAM VILLAGE PONNUR MANDAL GUNTUR DT-522315,522315,mppsaamachavaram2003[at]gmail[dot]com,https://kys.udiseplus.gov.in/#/schooldetail/4682938/12,4682938,07/10/2024 17:05,2268
******01901 Operational,,MPPS (AA) MALAKAPURAM,,,,Andhra Pradesh,1-Primary,33-MPP_ZPP SCHOOLS,1 To 5,3-Co-educational,1-Rural,Thullur,Malkapuram,,,MALKAPURAM MALKAPURAM MALKAPURAM(VILL) THULLUR(MANDAL) GUNTUR(DIST),522503,mppsaa1901[at]gmail[dot]com,https://kys.udiseplus.gov.in/#/schooldetail/4679451/12,4679451,08/10/2024 13:46,2268
******02001 Operational,,MPPS(AA) MANDADAM,,,,Andhra Pradesh,1-Primary,33-MPP_ZPP SCHOOLS,1 To 5,3-Co-educational,1-Rural,Thullur,Mandadam,,,S C COLONY MANDADAM MANDADAM(VILL) THULLUR(MANDAL) GUNTUR(DIST),522503,parisesrinivasarao79[at]gmail[dot]com,https://kys.udiseplus.gov.in/#/schooldetail/4679453/12,4679453,08/10/2024 13:48,2268
******01102 Operational,,MPPS(AA) NUDURUPADU,,,,Andhra Pradesh,1-Primary,33-MPP_ZPP SCHOOLS,1 To 2,3-Co-educational,1-Rural,Phirangipuram,Nudurupadu,,,WEST BAZAR NUDURUPADU NUDURUPADU(VILL) PHIRANGIPURAM(MANDAL) GUNTUR(DIST),522529,bhaskarppm26[at]gmail[dot]com,https://kys.udiseplus.gov.in/#/schooldetail/4680564/12,4680564,12/11/2025 12:47,2268
******00501 Operational,,MPPS(AA) PEDAPARIMI,,,,Andhra Pradesh,1-Primary,33-MPP_ZPP SCHOOLS,1 To 5,3-Co-educational,1-Rural,Thullur,Pedaparimi,,,PEDAPARIMI PEDAPARIMI PEDAPARIMI(VILL) THULLUR(MANDAL) GUNTUR(DIST),522236,skolukula4[at]gmail[dot]com,https://kys.udiseplus.gov.in/#/schooldetail/4679406/12,4679406,08/10/2024 13:10,2268
******00405 Operational,,MPPS(AA) PRATHIPADU,,,,Andhra Pradesh,1-Primary,33-MPP_ZPP SCHOOLS,1 To 5,3-Co-educational,1-Rural,Prathipadu,Prathipadu,,,MPPS AA PRATHIPADU GUNTUR DISTRICT,522019,dvsnprasad63[at]gmail[dot]com,https://kys.udiseplus.gov.in/#/schooldetail/4681889/12,4681889,23/12/2025 10:03,2268
******00603 Operational,,MPPS(AA) SEKURUPALEM,,,,Andhra Pradesh,1-Primary,33-MPP_ZPP SCHOOLS,1 To 5,3-Co-educational,1-Rural,Chebrole,Sekuru,,,"SEKURUPALEM , SEKURUPALEM SEKUR(VILL) CHEBROLU(MANDAL) GUNTUR(DIST)",522213,battudevid[at]gmail[dot]com,https://kys.udiseplus.gov.in/#/schooldetail/4681787/12,4681787,22/12/2025 11:58,2268
******00604 Operational,,MPPS(AA) SELAMPADU,,,,Andhra Pradesh,1-Primary,33-MPP_ZPP SCHOOLS,1 To 5,3-Co-educational,1-Rural,Chebrole,Sekuru,,,"MAINROAD SALAPADU , SELAMPADU SEKUR(VILL) CHEBROLU(MANDAL) GUNTUR(DIST)",522213,ramanakumari1969[at]gmail[dot]com,https://kys.udiseplus.gov.in/#/schooldetail/4681788/12,4681788,22/12/2025 11:58,2268
******00402 Operational,,MPPS(AA) SUDDAPALLI,,,,Andhra Pradesh,1-Primary,33-MPP_ZPP SCHOOLS,1 To 5,3-Co-educational,1-Rural,Chebrole,Suddapalle,,,"ADI ANDHRA AREA , SUDDAPALLI SUDDAPALLI(VILL) CHEBROLU(MANDAL) GUNTUR(DIST)",522213,mppsaa402[at]gmail[dot]com,https://kys.udiseplus.gov.in/#/schooldetail/4681052/12,4681052,20/07/2022 14:35,2268
******01801 Operational,,MPPS(AA) U.R.PALEM,,,,Andhra Pradesh,1-Primary,33-MPP_ZPP SCHOOLS,1 To 2,3-Co-educational,1-Rural,Thullur,Uddandarayunipalem,,,UDDANDRAYUNIPALEM UDDANDRAYUNIPALEM UDDANDA RAYUNI PALEM(VILL) THULLUR(MANDAL) GUNTUR(DIST),522503,mstephenpaul75[at]gmail[dot]com,https://kys.udiseplus.gov.in/#/schooldetail/4679448/12,4679448,20/06/2025 15:24,2268
******00302 Operational,,MPPS ABBINENIGUNTAPALEM,,,,Andhra Pradesh,1-Primary,33-MPP_ZPP SCHOOLS,1 To 2,3-Co-educational,1-Rural,Pedanandipadu,Gorijavoluguntapalem,,,MAIN ROAD ABBINENI GUNTAPALEM GORIJAVOLUGUNTAPALEM(VILL) PEDANANDIPADU(MANDAL) GUNTUR(DIST),522015,mpps28174600302[at]gmail[dot]com,https://kys.udiseplus.gov.in/#/schooldetail/4682788/12,4682788,22/12/2025 14:15,2268
******00502 Operational,,MPPS AB COL PUSULUR,,,,Andhra Pradesh,1-Primary,33-MPP_ZPP SCHOOLS,1 To 5,3-Co-educational,1-Rural,Pedanandipadu,Pusulur,,,AMBEDKAR COLONY PUSULUR PUSULUR(VILL) PEDANANDIPADU(MANDAL) GUNTUR(DIST),522235,mpps28174600502[at]gmail[dot]com,https://kys.udiseplus.gov.in/#/schooldetail/4682798/12,4682798,22/12/2025 18:54,2268
******00902 Permanently Closed,,MPPS (ABH) MALLAYAPALEM,,,,Andhra Pradesh,1-Primary,33-MPP_ZPP SCHOOLS,1 To 5,3-Co-educational,1-Rural,Prathipadu,Mallayapalem,,,NA,522019,,https://kys.udiseplus.gov.in/#/schooldetail/4716027/12,4716027,15/10/2020 12:18,2268
******00201 Operational,,"MPPS , (AB) NARAKODURU",,,,Andhra Pradesh,1-Primary,33-MPP_ZPP SCHOOLS,1 To 5,3-Co-educational,1-Rural,Chebrole,Narakodur,,,"NARAKODUR , NARAKODUR NARAKODUR(VILL) CHEBROLU(MANDAL) GUNTUR(DIST)",522212,sanku6k[at]gmail[dot]com,https://kys.udiseplus.gov.in/#/schooldetail/4681768/12,4681768,22/12/2025 11:55,2268
******00104 Operational,,MPPS(AC) CHINALINGAYAPALEM,,,,Andhra Pradesh,1-Primary,33-MPP_ZPP SCHOOLS,1 To 5,3-Co-educational,1-Rural,Kakumanu,Vallur,,,AMBEDKAR COLONY VALLUR VALLUR(VILL) KAKUMANU(MANDAL) GUNTUR(DIST),522124,mppsacchlpalem104[at]gmail[dot]com,https://kys.udiseplus.gov.in/#/schooldetail/4682832/12,4682832,28/09/2024 11:22,2268
******00603 Operational,,MPPS(AC) THULLUR,,,,Andhra Pradesh,1-Primary,33-MPP_ZPP SCHOOLS,1 To 5,3-Co-educational,1-Rural,Thullur,Thullur,,,THULLUR THULLUR TULLUR(VILL) THULLUR(MANDAL) GUNTUR(DIST),522237,sailakshmiachuta[at]gmail[dot]com,https://kys.udiseplus.gov.in/#/schooldetail/4679416/12,4679416,08/10/2024 13:23,2268
******00202 Operational,,MPPS ADAVITAKKELLA PADU,,,,Andhra Pradesh,1-Primary,33-MPP_ZPP SCHOOLS,1 To 5,3-Co-educational,2-Urban,NA,,Guntur Ward No. 56,Guntur-Municipal Corporations,ADAVITAKELLAPADU PEDA PALAKALURU(VILL) GUNTUR(MANDAL) GUNTUR(DIST),522018,mppsatpadu[at]yahoo[dot]in,https://kys.udiseplus.gov.in/#/schooldetail/4679893/12,4679893,20/12/2025 12:14,2268
******00209 Operational,,MPPS ADAVITAKKELLAPADU (OLD UP),,,,Andhra Pradesh,1-Primary,33-MPP_ZPP SCHOOLS,1 To 5,3-Co-educational,2-Urban,NA,,Guntur Ward No. 56,Guntur-Municipal Corporations,ADAVITHAKKELLAPADU ADAVITHAKKELLAPADU PEDA PALAKALURU(VILL) GUNTUR(MANDAL) GUNTUR(DIST),522006,mpprasadmpprasad[at]gmail[dot]com,https://kys.udiseplus.gov.in/#/schooldetail/4680662/12,4680662,20/12/2025 12:41,2268
******00502 Operational,,MPPS (AE) ATHOTA,,,,Andhra Pradesh,1-Primary,33-MPP_ZPP SCHOOLS,1 To 5,3-Co-educational,1-Rural,Kollipara,Athota,,,V HOSPITAL ROAD. ATHOTA ATHOTA(VILL) KOLLIPARA(MANDAL) GUNTUR(DIST),522306,mppsaeathota9[at]gmail[dot]com,https://kys.udiseplus.gov.in/#/schooldetail/4681350/12,4681350,22/12/2025 15:07,2268
******00803 Operational,,MPPS (AGP) VATTICHERUKURU,,,,Andhra Pradesh,1-Primary,33-MPP_ZPP SCHOOLS,1 To 5,3-Co-educational,1-Rural,Vatticherukuru,Vatticherukuru,,,AYYANNAGUNTE PALLE VATTICHERUKURU VATTICHERUKURU(VILL) VATTICHERUKURU(MANDAL) GUNTUR(DIST),522212,vlourdhuswamy[at]gmail[dot]com,https://kys.udiseplus.gov.in/#/schooldetail/4681858/12,4681858,24/09/2024 16:23,2268
******01105 Operational,,MPPS ALINAGAR DUGGIRALA,,,,Andhra Pradesh,1-Primary,33-MPP_ZPP SCHOOLS,1 To 5,3-Co-educational,1-Rural,Duggirala,Duggirala,,,ALINAGAR DUGGIRALA DUGGIRALA(VILL) DUGGIRALA(MANDAL) GUNTUR(DIST),522330,mppsurdualinagar[at]gmail[dot]com,https://kys.udiseplus.gov.in/#/schooldetail/4681317/12,4681317,15/10/2020 12:18,2268
******01303 Operational,,MPPS ALURU,,,,Andhra Pradesh,1-Primary,33-MPP_ZPP SCHOOLS,1 To 5,3-Co-educational,1-Rural,Ponnur,Kondamudi,,,MPPS ALURU VILLAGE PONNUR MANDAL GUNTUR DT - 522124,522124,venkat55.1970[at]gmail[dot]com,https://kys.udiseplus.gov.in/#/schooldetail/4682176/12,4682176,07/10/2024 16:35,2268
******00702 Operational,,MPPS AMBEDHAKAR COLONY,,,,Andhra Pradesh,1-Primary,33-MPP_ZPP SCHOOLS,1 To 5,3-Co-educational,1-Rural,Pedakakani,Uppalapadu,,,AMBEDKAR COLONY UPPALAPADU UPPALAPADU(VILL) PEDAKAKANI(MANDAL) GUNTUR(DIST),522509,kchnrao740[at]gmail[dot]com,https://kys.udiseplus.gov.in/#/schooldetail/4681258/12,4681258,18/09/2024 12:41,2268
******01202 Operational,,MPPS AMBEDKAR NAGAR,,,,Andhra Pradesh,1-Primary,33-MPP_ZPP SCHOOLS,1 To 5,3-Co-educational,1-Rural,Pedanandipadu,Palaparru,,,NEAR CHURCH PALAPARRU,522235,mpps28174601202[at]gmail[dot]com,https://kys.udiseplus.gov.in/#/schooldetail/4682827/12,4682827,22/12/2025 19:02,2268
******00602 Operational,,MPPS AMBEDKAR NAGAR,,,,Andhra Pradesh,1-Primary,33-MPP_ZPP SCHOOLS,1 To 5,3-Co-educational,1-Rural,Kakumanu,Kakumanu,,,AMBEDKAR NAGAR KAKUMANU KAKUMANU(VILL) KAKUMANU(MANDAL) GUNTUR(DIST),522112,mppsabnagar02[at]gmail[dot]com,https://kys.udiseplus.gov.in/#/schooldetail/4682851/12,4682851,28/09/2024 11:38,2268
******00305 Operational,,MPPS AMBEDKARNAGAR PK,,,,Andhra Pradesh,1-Primary,33-MPP_ZPP SCHOOLS,1 To 5,3-Co-educational,1-Rural,Pedakakani,Pedakakani,,,AMBEDKAR NAGAR PEDA KAKANI PEDAKAKANI(VILL) PEDAKAKANI(MANDAL) GUNTUR(DIST),522509,gkdass66[at]gmail[dot]com,https://kys.udiseplus.gov.in/#/schooldetail/4681221/12,4681221,18/09/2024 12:19,2268
******00301 Operational,,MPPS ANANTHAVARAM,,,,Andhra Pradesh,1-Primary,33-MPP_ZPP SCHOOLS,1 To 5,3-Co-educational,1-Rural,Thullur,Ananthavaram,,,VS TEMPLE ROAD ANANTHAVARAM ANANTHAVARAM(VILL) THULLUR(MANDAL) GUNTUR(DIST),522236,bagikumariluckyvicky[at]gmail[dot]com,https://kys.udiseplus.gov.in/#/schooldetail/4679401/12,4679401,08/10/2024 13:04,2268
******01101 Operational,,MPPS ANKIREDDYPALEM,,,,Andhra Pradesh,1-Primary,33-MPP_ZPP SCHOOLS,1 To 5,3-Co-educational,2-Urban,NA,,Guntur Ward No. 55,Guntur-Municipal Corporations,ANKIREDDY PALEM ANKIREDDY PALEM ANKIREDDIPALEM(VILL) GUNTUR(MANDAL) GUNTUR(DIST),522005,gayatrikolla027[at]gmail[dot]com,https://kys.udiseplus.gov.in/#/schooldetail/4680810/12,4680810,20/12/2025 13:06,2268
******00201 Operational,,MPPS ANNAPARRU,,,,Andhra Pradesh,1-Primary,33-MPP_ZPP SCHOOLS,1 To 5,3-Co-educational,1-Rural,Pedanandipadu,Annaparru,,,RAMALAYAMROAD ANNAPARRU ANNAPARRU(VILL) PEDANANDIPADU(MANDAL) GUNTUR(DIST),522235,mppsrr28174600201[at]gmail[dot]com,https://kys.udiseplus.gov.in/#/schooldetail/4682784/12,4682784,22/12/2025 13:09,2268
******01001 Operational,,MPPS ANNAVARAM,,,,Andhra Pradesh,1-Primary,33-MPP_ZPP SCHOOLS,1 To 5,3-Co-educational,1-Rural,Pedanandipadu,Annavaram,,,SC COLONY ANNAVARAM(VILL) PEDANANDIPADU(MANDAL) GUNTUR(DIST),522611,mpps28174601001[at]gmail[dot]com,https://kys.udiseplus.gov.in/#/schooldetail/4682820/12,4682820,22/12/2025 19:01,2268
******01101 Operational,,MPPS ANNAVARAPULANKA,,,,Andhra Pradesh,1-Primary,33-MPP_ZPP SCHOOLS,1 To 2,3-Co-educational,1-Rural,Kollipara,Annavaram,,,ANNAVARAPU LANKA ANNAVARAPU LANKA ANNAVARAM(VILL) KOLLIPARA(MANDAL) GUNTUR(DIST),522301,mppsavlanka[at]gmail[dot]com,https://kys.udiseplus.gov.in/#/schooldetail/4681380/12,4681380,23/12/2025 11:23,2268
******00707 Operational,,MPPS AN PHIRANPURAM,,,,Andhra Pradesh,1-Primary,33-MPP_ZPP SCHOOLS,1 To 2,3-Co-educational,1-Rural,Phirangipuram,Phirangipuram,,,AROGYA NAGAR PHIRANGIPURAM PHIRANGIPURAM (PT)(VILL) PHIRANGIPURAM(MANDAL) GUNTUR(DIST),522529,mppsanphirangipuram[at]gmail[dot]com,https://kys.udiseplus.gov.in/#/schooldetail/4680538/12,4680538,12/11/2025 12:46,2268
******01001 Operational,,MPPS ANUMARLAPUDI,,,,Andhra Pradesh,1-Primary,33-MPP_ZPP SCHOOLS,1 To 5,3-Co-educational,1-Rural,Pedakakani,Anumarlapudi,,,NEAR PANCHAYAT OFFICE ANUMARLAPUDI ANUMARLAPUDI ANUMARLAPUDI(VILL) PEDAKAKANI(MANDAL) GUNTUR(DIST),522213,sharondasari2008[at]gmail[dot]com,https://kys.udiseplus.gov.in/#/schooldetail/4681266/12,4681266,20/06/2025 15:30,2268
******00901 Operational,,MPPS APPAPURAM,,,,Andhra Pradesh,1-Primary,33-MPP_ZPP SCHOOLS,1 To 5,3-Co-educational,1-Rural,Kakumanu,Appapuram,,,APPAPURAM KAKUMANU MANDAL GUNTUR DISTRICT,522112,mppschool1921[at]gmail[dot]com,https://kys.udiseplus.gov.in/#/schooldetail/4682863/12,4682863,28/09/2024 11:48,2268
******00903 Operational,,MPPS ( APS ) CHEBROLE,,,,Andhra Pradesh,1-Primary,33-MPP_ZPP SCHOOLS,1 To 5,3-Co-educational,1-Rural,Chebrole,Chebrolu,,,CHEBROLE CHEBROLE(VILL) CHEBROLU(MANDAL) GUNTUR(DIST),522212,psirisharani[at]gmail[dot]com,https://kys.udiseplus.gov.in/#/schooldetail/4681809/12,4681809,27/09/2024 11:03,2268
******00501 Operational,,MPPS AREMANDA,,,,Andhra Pradesh,1-Primary,33-MPP_ZPP SCHOOLS,1 To 5,3-Co-educational,1-Rural,Ponnur,Aremanda,,,AREMANDA(VILL) PONNURU (MNDL) AREMANDA(VILL) PONNURU(MANDAL) GUNTUR(DIST),522316,Klakshmisujatha[at]apschooledu[dot]in,https://kys.udiseplus.gov.in/#/schooldetail/4682885/12,4682885,23/12/2025 12:54,2268
******01203 Operational,,MPPS (AS) MUTLURU,,,,Andhra Pradesh,1-Primary,33-MPP_ZPP SCHOOLS,1 To 5,3-Co-educational,1-Rural,Vatticherukuru,Mutluru,,,AMBEDKAR STREET MUTLURU MUTLURU(VILL) VATTICHERUKURU(MANDAL) GUNTUR(DIST),522212,kannaindiradevi67[at]gmail[dot]com,https://kys.udiseplus.gov.in/#/schooldetail/4681867/12,4681867,28/09/2024 15:36,2268
******00504 Operational,,MPPS ATHOTA Y.PALEM,,,,Andhra Pradesh,1-Primary,33-MPP_ZPP SCHOOLS,1 To 5,3-Co-educational,1-Rural,Kollipara,Athota,,,YADAVAPALEM YADAVAPALEM ATHOTA(VILL) KOLLIPARA(MANDAL) GUNTUR(DIST),522306,mppsaypalem[at]gmail[dot]com,https://kys.udiseplus.gov.in/#/schooldetail/4681352/12,4681352,24/12/2025 11:38,2268
******00503 Operational,,MPPS AVN COLONY,,,,Andhra Pradesh,1-Primary,33-MPP_ZPP SCHOOLS,1 To 5,3-Co-educational,1-Rural,Pedakakani,Agatha Varappadu,,,AVN COLONY AGATHAVARAPPADU AGATHAVARAPPADU(VILL) PEDAKAKANI(MANDAL) GUNTUR(DIST),522509,dksubbareddy74[at]gmail[dot]com,https://kys.udiseplus.gov.in/#/schooldetail/4681247/12,4681247,18/09/2024 12:34,2268
******00708 Operational,,MPPS (AVP) PHIRANGIPURAM,,,,Andhra Pradesh,1-Primary,33-MPP_ZPP SCHOOLS,1 To 5,3-Co-educational,1-Rural,Phirangipuram,Phirangipuram,,,VASANTHANAGAR PHIRANGIPURAM PHIRANGIPURAM (PT)(VILL) PHIRANGIPURAM(MANDAL) GUNTUR(DIST),522529,mppsallamvaripalem[at]gmail[dot]com,https://kys.udiseplus.gov.in/#/schooldetail/4680539/12,4680539,15/10/2020 12:18,2268
******00705 Operational,,MPPS AVR GOTTIPADU,,,,Andhra Pradesh,1-Primary,33-MPP_ZPP SCHOOLS,1 To 2,3-Co-educational,1-Rural,Prathipadu,Gottipadu,,,GANDACHETTU STREET GOTTIPADU GOTTIPADU(VILL) PRATHIPADU(MANDAL) GUNTUR(DIST) 522019,522019,mppsavrgottipadu[at]gmail[dot]com,https://kys.udiseplus.gov.in/#/schooldetail/4681910/12,4681910,22/12/2025 20:04,2268
******00606 Operational,,MPPS BADEPURAM,,,,Andhra Pradesh,1-Primary,33-MPP_ZPP SCHOOLS,1 To 5,3-Co-educational,1-Rural,Tadikonda,Tadikonda,,,BADEPURAM TADI KONDA TADIKONDA(VILL) TADIKONDA(MANDAL) GUNTUR(DIST),522236,mppsbadepuram08[at]gmail[dot]com,https://kys.udiseplus.gov.in/#/schooldetail/4679675/12,4679675,22/12/2025 10:50,2268
******00904 Operational,,MPPS BANDARUPALLI(STC),,,,Andhra Pradesh,1-Primary,33-MPP_ZPP SCHOOLS,1 To 5,3-Co-educational,1-Rural,Tadikonda,Bandarupalle,,,BANDARU PALLI BANDARUPALLI BANDARUPALLI(VILL) TADIKONDA(MANDAL) GUNTUR(DIST),522018,prdeviashok6[at]gmail[dot]com,https://kys.udiseplus.gov.in/#/schooldetail/4679711/12,4679711,22/12/2025 10:56,2268
******00405 Operational,,MPPS BANDLAVARI PALEM,,,,Andhra Pradesh,1-Primary,33-MPP_ZPP SCHOOLS,1 To 2,3-Co-educational,1-Rural,Kakumanu,Garikapadu,,,"BANDLAVARI PALEM(VILLAGE) ,KAKUNMANU(MD),GUNTUR (DT)",522112,jbhavani031[at]gmail[dot]com,https://kys.udiseplus.gov.in/#/schooldetail/4682843/12,4682843,21/06/2025 11:04,2268
******90513 Operational,,MPPS BAPANAIAHNAGAR,,,,Andhra Pradesh,1-Primary,33-MPP_ZPP SCHOOLS,1 To 5,3-Co-educational,2-Urban,NA,,Mangalagiri (M) - Ward No.32,Mangalagiri-Municipality,BAPANAIAH NAGAR 1 ST WARD MANGALAGIRI (M)(VILL) MANGALAGIRI(MANDAL) GUNTUR(DIST),522503,,https://kys.udiseplus.gov.in/#/schooldetail/4679635/12,4679635,20/12/2025 13:58,2268
******00504 Operational,,MPPS BAPIJI NAGAR,,,,Andhra Pradesh,1-Primary,33-MPP_ZPP SCHOOLS,1 To 5,3-Co-educational,2-Urban,NA,,Mangalagiri (M) - Ward No.32,Mangalagiri-Municipality,BETHAPUDI BETHAPUDI MANGALAGIRI (U)(VILL) MANGALAGIRI(MANDAL) GUNTUR(DIST),522503,kr.rudrapati[at]gmail[dot]com,https://kys.udiseplus.gov.in/#/schooldetail/4679572/12,4679572,20/12/2025 13:16,2268
******00601 Operational,,MPPS (BAPUJI) THULLUR,,,,Andhra Pradesh,1-Primary,33-MPP_ZPP SCHOOLS,1 To 5,3-Co-educational,1-Rural,Thullur,Thullur,,,THULLUR THULLUR TULLUR(VILL) THULLUR(MANDAL) GUNTUR(DIST),522237,gudavallilakshmitulasi[at]gmail[dot]com,https://kys.udiseplus.gov.in/#/schooldetail/4679414/12,4679414,08/10/2024 13:21,2268
******00801 Operational,,MPPS (BC) MORAMPUDI,,,,Andhra Pradesh,1-Primary,33-MPP_ZPP SCHOOLS,1 To 5,3-Co-educational,1-Rural,Duggirala,Morampudi,,,BC COLONY MORAMPUDI MORAMPUDI(VILL) DUGGIRALA(MANDAL) GUNTUR(DIST),522330,harivankayala66[at]gmail[dot]com,https://kys.udiseplus.gov.in/#/schooldetail/4681300/12,4681300,28/09/2024 13:25,2268
******00203 Operational,,MPPS (BC) NARAKODURU,,,,Andhra Pradesh,1-Primary,33-MPP_ZPP SCHOOLS,1 To 5,3-Co-educational,1-Rural,Chebrole,Narakodur,,,"YADAVAPALEM ,NARAKODUR NARAKODUR(VILL) CHEBROLU(MANDAL) GUNTUR(DIST)",522212,narakodurumppsbc[at]gmail[dot]com,https://kys.udiseplus.gov.in/#/schooldetail/4681770/12,4681770,22/12/2025 11:55,2268
******00201 Operational,,MPPS BEJATHPURAM,,,,Andhra Pradesh,1-Primary,33-MPP_ZPP SCHOOLS,1 To 5,3-Co-educational,1-Rural,Tadikonda,Bejatpuram,,,MPPS BEJATHPURAM BEZATHPURAM(VILL) TADIKONDA(MANDAL) GUNTUR(DIST),522018,mppsbejathpuram1971[at]gmail[dot]com,https://kys.udiseplus.gov.in/#/schooldetail/4679660/12,4679660,22/12/2025 10:57,2268
******00308 Operational,,MPPS BETHAPUDI,,,,Andhra Pradesh,1-Primary,33-MPP_ZPP SCHOOLS,1 To 5,3-Co-educational,2-Urban,NA,,Mangalagiri (M) - Ward No.31,Mangalagiri-Municipality,BETHAPUDI NOWLUR NOWLUR(VILL) MANGALAGIRI(MANDAL) GUNTUR(DIST),522503,mpps[at]123gmail[dot]com,https://kys.udiseplus.gov.in/#/schooldetail/4679550/12,4679550,20/12/2025 13:11,2268
******00503 Operational,,MPPS BETHAPUDI (OLD UP),,,,Andhra Pradesh,1-Primary,33-MPP_ZPP SCHOOLS,1 To 5,3-Co-educational,1-Rural,Phirangipuram,Bethapudi,,,BETHAPUDI BETHAPUDI BETHAPUDI(VILL) PHIRANGIPURAM(MANDAL) GUNTUR(DIST),522529,venkateswararao71school[at]gmail[dot]com,https://kys.udiseplus.gov.in/#/schooldetail/4679757/12,4679757,08/10/2024 14:58,2268
******00202 Operational,,MPPS (BFS) NARAKODURU,,,,Andhra Pradesh,1-Primary,33-MPP_ZPP SCHOOLS,1 To 5,3-Co-educational,1-Rural,Chebrole,Narakodur,,,"NARAKODURU (VILL), CHEBROLU(MANDAL) ,GUNTUR(DIST)",522212,pushpalathanirmala[at]gmail[dot]com,https://kys.udiseplus.gov.in/#/schooldetail/4681769/12,4681769,22/12/2025 11:55,2268
******01001 Operational,,MPPS (BFS) VANGIPURAM,,,,Andhra Pradesh,1-Primary,33-MPP_ZPP SCHOOLS,1 To 5,3-Co-educational,1-Rural,Prathipadu,Vangipuram,,,MPPS (BFS) VANGIPURAM NEAR SC COLONY VANGIPURAM,522019,mppsbfsvangipuram116[at]gmail[dot]com,https://kys.udiseplus.gov.in/#/schooldetail/4681920/12,4681920,22/12/2025 17:59,2268
******00305 Operational,,"MPPS(BFS), VEJENDLA",,,,Andhra Pradesh,1-Primary,33-MPP_ZPP SCHOOLS,1 To 5,3-Co-educational,1-Rural,Chebrole,Vejendla,,,"12th WARD VEJENDLA , VEJENDLA(VILL) CHEBROLU(MANDAL) GUNTUR(DIST)",522213,mppsschool97[at]gmail[dot]com,https://kys.udiseplus.gov.in/#/schooldetail/4681777/12,4681777,20/07/2022 14:33,2268
******00804 Operational,,MPPS (BGP) VATTICHERUKURU,,,,Andhra Pradesh,1-Primary,33-MPP_ZPP SCHOOLS,1 To 5,3-Co-educational,1-Rural,Vatticherukuru,Vatticherukuru,,,BURADAGUNTA PALLE VATTICHERUKURU VATTICHERUKURU(VILL) VATTICHERUKURU(MANDAL) GUNTUR(DIST),522212,mppsbgpvatticherukur[at]gmail[dot]com,https://kys.udiseplus.gov.in/#/schooldetail/4681859/12,4681859,28/09/2024 15:34,2268
******00809 Operational,,MPPS BHEMINENIVARIPALEM,,,,Andhra Pradesh,1-Primary,33-MPP_ZPP SCHOOLS,1 To 5,3-Co-educational,1-Rural,Medikonduru,Medikonduru,,,MEDIKONDUR MEDIKONDUR MEDIKONDURU(VILL) MEDIKONDURU(MANDAL) GUNTUR(DIST),522438,dhanalakshmip2043[at]gmail[dot]com,https://kys.udiseplus.gov.in/#/schooldetail/4680623/12,4680623,23/12/2025 11:24,2268
******01105 Operational,,MPPS BH NAGAR,,,,Andhra Pradesh,1-Primary,33-MPP_ZPP SCHOOLS,1 To 5,3-Co-educational,1-Rural,Ponnur,Upparapalem,,,BHARATHI NAGAR UPPARAPALEM(VILL) UPPARAPALEM(VILL) PONNURU(MANDAL) GUNTUR(DIST),522124,mppsbhnagar1105[at]gmail[dot]com,https://kys.udiseplus.gov.in/#/schooldetail/4682911/12,4682911,07/10/2024 16:31,2268
******00201 Operational,,MPPS B KODURU,,,,Andhra Pradesh,1-Primary,33-MPP_ZPP SCHOOLS,1 To 5,3-Co-educational,1-Rural,Ponnur,Brahmanakodur,,,DLD MPPS NEAR VENUGOPALASWAMI TEMPLE BRAHMANAKODUR VILLAGE PONNUR MANDAL GUNTUR DT-522212,522212,mppsbrahmanakoduru0201[at]gmail[dot]com,https://kys.udiseplus.gov.in/#/schooldetail/4682878/12,4682878,07/10/2024 16:03,2268
******00501 Operational,,MPPS B K PALEM,,,,Andhra Pradesh,1-Primary,33-MPP_ZPP SCHOOLS,1 To 5,3-Co-educational,1-Rural,Kakumanu,Bhallukanudupalem,,,BHALLUKANUDU PALEMKAKUMANU MANDAL GUNTUR DISTRICT,522112,devarakondapushpavathi[at]gmail[dot]com,https://kys.udiseplus.gov.in/#/schooldetail/4682847/12,4682847,28/09/2024 11:35,2268
******01101 Operational,,MPPS BODIPALEM,,,,Andhra Pradesh,1-Primary,33-MPP_ZPP SCHOOLS,1 To 5,3-Co-educational,1-Rural,Kakumanu,Bodipalem,,,BODIPALEM(VILL) KAKUMANU(MANDAL) GUNTUR(DIST),522315,mppsbodipalem[at]gmail[dot]com,https://kys.udiseplus.gov.in/#/schooldetail/4682871/12,4682871,28/09/2024 11:52,2268
******00802 Operational,,MPPS BONTHAPADU,,,,Andhra Pradesh,1-Primary,33-MPP_ZPP SCHOOLS,1 To 5,3-Co-educational,2-Urban,NA,,Guntur Ward No. 60,Guntur-Municipal Corporations,BOTNHAPADU (VILL) GUNTUR(MANDAL) GUNTUR(DIST),522005,nusumukusuma[at]gmail[dot]com,https://kys.udiseplus.gov.in/#/schooldetail/4680033/12,4680033,20/12/2025 12:07,2268
******00203 Operational,,MPPS BORRAVARIPALEM,,,,Andhra Pradesh,1-Primary,33-MPP_ZPP SCHOOLS,1 To 5,3-Co-educational,1-Rural,Prathipadu,Enamadala,,,BORRAVARIPALEM BORRAVARIPALEM ENAMADALA(VILL) PRATHIPADU(MANDAL) GUNTUR(DIST),522019,mppsborravaripalem[at]gmail[dot]com,https://kys.udiseplus.gov.in/#/schooldetail/4681882/12,4681882,23/12/2025 12:28,2268
******00901 Operational,,MPPS BORUPALEM,,,,Andhra Pradesh,1-Primary,33-MPP_ZPP SCHOOLS,1 To 5,3-Co-educational,1-Rural,Thullur,Borupalem,,,BORUPALEM BORUPALEM BORUPALEM(VILL) THULLUR(MANDAL) GUNTUR(DIST),522237,munnyn121[at]gmail[dot]com,https://kys.udiseplus.gov.in/#/schooldetail/4679426/12,4679426,08/10/2024 13:30,2268
******00201 Operational,,MPPS (BR) ANANTHAVARAPADU,,,,Andhra Pradesh,1-Primary,33-MPP_ZPP SCHOOLS,1 To 2,3-Co-educational,1-Rural,Vatticherukuru,Ananthavarappadu,,,B R CENTER ANANTHAVARAPADU ANANTHAVARAPADU(VILL) VATTICHERUKURU(MANDAL) GUNTUR(DIST),522017,supriyakakarla1983[at]gmail[dot]com,https://kys.udiseplus.gov.in/#/schooldetail/4681843/12,4681843,12/11/2025 13:02,2268
******00308 Operational,,MPPS B.R.PURAM(T),,,,Andhra Pradesh,1-Primary,33-MPP_ZPP SCHOOLS,1 To 5,3-Co-educational,2-Urban,NA,,Tadepalli Ward No.7,Tadepalli-Municipality,KRISHNANAGAR KRISHNANAGAR TADEPALLI(VILL) THADEPALLE(MANDAL) GUNTUR(DIST),522501,mppstbrpuram[at]gmail[dot]com,https://kys.udiseplus.gov.in/#/schooldetail/4679483/12,4679483,08/10/2024 11:56,2268
******00306 Operational,,MPPS B.R.PURAM (U),,,,Andhra Pradesh,1-Primary,33-MPP_ZPP SCHOOLS,1 To 5,3-Co-educational,2-Urban,NA,,Tadepalli Ward No.7,Tadepalli-Municipality,BRAHMANANDAPURAM KRISHNANAGAR THADEPALLE(MANDAL) GUNTUR(DIST) PIN 522502,522502,mujarburan[at]gmail[dot]com,https://kys.udiseplus.gov.in/#/schooldetail/4679481/12,4679481,08/10/2024 11:55,2268
******01003 Permanently Closed,,MPPS BURRI PALEM(H W),,,,Andhra Pradesh,1-Primary,33-MPP_ZPP SCHOOLS,1 To 5,3-Co-educational,1-Rural,Tenali,Burripalem,,,NA,522301,,https://kys.udiseplus.gov.in/#/schooldetail/4715993/12,4715993,15/10/2020 12:18,2268
******01002 Operational,,MPPS BURRI PALEM (LE),,,,Andhra Pradesh,1-Primary,33-MPP_ZPP SCHOOLS,1 To 5,3-Co-educational,1-Rural,Tenali,Burripalem,,,BURRIPALEM BURRIPALEM BURRIPALEM(VILL) TENALI(MANDAL) GUNTUR(DIST),522301,sajjau379[at]gmail[dot]com,https://kys.udiseplus.gov.in/#/schooldetail/4681613/12,4681613,22/12/2025 15:24,2268
******01001 Operational,,MPPS BURRI PALEM (R),,,,Andhra Pradesh,1-Primary,33-MPP_ZPP SCHOOLS,1 To 5,3-Co-educational,1-Rural,Tenali,Burripalem,,,BURRIPALEM BURRIPALEM BURRIPALEM(VILL) TENALI(MANDAL) GUNTUR(DIST),522301,bhaswanthpadmaja[at]gmail[dot]com,https://kys.udiseplus.gov.in/#/schooldetail/4681612/12,4681612,22/12/2025 15:24,2268
******00902 Operational,,MPPS CC APPAPURAM,,,,Andhra Pradesh,1-Primary,33-MPP_ZPP SCHOOLS,1 To 5,3-Co-educational,1-Rural,Kakumanu,Appapuram,,,APPAPURAM KAKUMANU MANDAL GUNTUR DISTRICT,522112,mppsccappapuram902[at]gmail[dot]com,https://kys.udiseplus.gov.in/#/schooldetail/4682864/12,4682864,28/09/2024 11:48,2268
******00607 Operational,,MPPS (CC) TADIKONDA,,,,Andhra Pradesh,1-Primary,33-MPP_ZPP SCHOOLS,1 To 5,3-Co-educational,1-Rural,Tadikonda,Tadikonda,,,CHECHU COLONY TADI KONDA TADIKONDA(VILL) TADIKONDA(MANDAL) GUNTUR(DIST),522236,mppscc607[at]gmail[dot]com,https://kys.udiseplus.gov.in/#/schooldetail/4679676/12,4679676,22/12/2025 10:50,2268
******01304 Operational,,MPPS CHAKRAYAPALEM,,,,Andhra Pradesh,1-Primary,33-MPP_ZPP SCHOOLS,1 To 5,3-Co-educational,1-Rural,Kollipara,Davuluru,,,CHAKRAYA PALEM KOLLIPARA(MD) GUNTUR(DT),522201,manoramakumari8270[at]gmail[dot]com,https://kys.udiseplus.gov.in/#/schooldetail/4681392/12,4681392,22/12/2025 14:48,2268
******00403 Operational,,MPPS CHALAMAREDDYPALEM,,,,Andhra Pradesh,1-Primary,33-MPP_ZPP SCHOOLS,1 To 2,3-Co-educational,1-Rural,Guntur,Jonnalagadda,,,CHALAMAREDDYPALEM JONNALAGADDA GUNTUR MANDAL,522034,sarojanammakoppula[at]gmail[dot]com,https://kys.udiseplus.gov.in/#/schooldetail/4679984/12,4679984,20/12/2025 11:47,2268
******01106 Operational,,MPPS CHALLAVARIPALEM HE,,,,Andhra Pradesh,1-Primary,33-MPP_ZPP SCHOOLS,1 To 5,3-Co-educational,1-Rural,Guntur,Nallapadu (R),,,CHALLA VARI PALEM ANKIREDDIPALEM(V)PUTLAMMA GUDI ANKIREDDIPALEM(VILL) GUNTUR(MANDAL) GUNTUR(DIST),522001,babumfx99[at]gmail[dot]com,https://kys.udiseplus.gov.in/#/schooldetail/4680814/12,4680814,20/12/2025 13:07,2268
******00301 Operational,,MPPS CHAMALLAMUDI,,,,Andhra Pradesh,1-Primary,33-MPP_ZPP SCHOOLS,1 To 2,3-Co-educational,1-Rural,Vatticherukuru,Chamallamudi,,,"MADIGA PALLE, CHAMALLAMUDI(VILL) VATTICHERUKURU(MANDAL) GUNTUR(DIST)",522017,jayarajkonatham7368[at]gmail[dot]com,https://kys.udiseplus.gov.in/#/schooldetail/4681848/12,4681848,20/06/2025 14:45,2268
******00717 Operational,,"MPPS, CHAVA VARI PALEM",,,,Andhra Pradesh,1-Primary,33-MPP_ZPP SCHOOLS,1 To 5,3-Co-educational,1-Rural,Tenali,Angalakuduru,,,chavavaripalem VILLAGE,522202,padmamalinich[at]gmail[dot]com,https://kys.udiseplus.gov.in/#/schooldetail/4681570/12,4681570,22/12/2025 14:56,2268
******01305 Operational,,MPPS CHEKKA CHOWDAVARAM,,,,Andhra Pradesh,1-Primary,33-MPP_ZPP SCHOOLS,1 To 5,3-Co-educational,2-Urban,NA,,Guntur Ward No. 59,Guntur-Municipal Corporations,CHEKKA CHEKKA CHOWDAVARAM(VILL) GUNTUR(MANDAL) GUNTUR(DIST),522019,durgamrao[at]yahoo[dot]com,https://kys.udiseplus.gov.in/#/schooldetail/4680838/12,4680838,20/12/2025 12:26,2268
******01001 Operational,,MPPSCHERLOPALEM,,,,Andhra Pradesh,1-Primary,33-MPP_ZPP SCHOOLS,1 To 5,3-Co-educational,1-Rural,Chebrole,Pathareddipalem,,,"PATHAREDDIPALEM , PATHAREDDIPALEM(VILL) CHEBROLU(MANDAL) GUNTUR(DIST)",522212,jyothimogili84[at]gmail[dot]com,https://kys.udiseplus.gov.in/#/schooldetail/4681821/12,4681821,11/03/2024 16:58,2268
******01003 Operational,,"MPPS,CHILIPALEM",,,,Andhra Pradesh,1-Primary,33-MPP_ZPP SCHOOLS,1 To 5,3-Co-educational,1-Rural,Chebrole,Pathareddipalem,,,"PATHAREDDIPALEM , PATHAREDDIPALEM PATHAREDDIPALEM(VILL) CHEBROLU(MANDAL) GUNTUR(DIST)",522212,mppschilipalem[at]gmail[dot]com,https://kys.udiseplus.gov.in/#/schooldetail/4681823/12,4681823,27/09/2024 09:44,2268
******00103 Operational,,MPPS CHILUVURU(BRA),,,,Andhra Pradesh,1-Primary,33-MPP_ZPP SCHOOLS,1 To 5,3-Co-educational,1-Rural,Duggirala,Chiluvuru,,,B R AMBEDKAR. CHILUVURU CHILUVURU(VILL) DUGGIRALA(MANDAL) GUNTUR(DIST),522330,boddumanjula08[at]gmail[dot]com,https://kys.udiseplus.gov.in/#/schooldetail/4681268/12,4681268,15/10/2020 12:18,2268
******00903 Operational,,MPPS CHILUVURU DONKA,,,,Andhra Pradesh,1-Primary,33-MPP_ZPP SCHOOLS,1 To 5,3-Co-educational,1-Rural,Duggirala,Kantamraju Konduru,,,CHILUVURUDONKA CHILUVURUDONKA K.R.KONDURU(VILL) DUGGIRALA(MANDAL) GUNTUR(DIST),522330,mppsurduchiluvurudonka[at]gmail[dot]com,https://kys.udiseplus.gov.in/#/schooldetail/4681306/12,4681306,03/06/2022 12:44,2268
******00102 Permanently Closed,,MPPS CHILUVURU(NV),,,,Andhra Pradesh,1-Primary,33-MPP_ZPP SCHOOLS,1 To 5,3-Co-educational,1-Rural,Duggirala,Chiluvuru,,,NA,522330,,https://kys.udiseplus.gov.in/#/schooldetail/4715943/12,4715943,15/10/2020 12:18,2268
******00101 Operational,,MPPS CHILUVURU(SIVA ST),,,,Andhra Pradesh,1-Primary,33-MPP_ZPP SCHOOLS,1 To 5,3-Co-educational,1-Rural,Duggirala,Chiluvuru,,,SIVALAYAM STREET CHILUVURU CHILUVURU(VILL) DUGGIRALA(MANDAL) GUNTUR(DIST),522330,mppsrchiluvuru[at]gmail[dot]com,https://kys.udiseplus.gov.in/#/schooldetail/4681267/12,4681267,25/09/2024 11:43,2268
******00907 Operational,,MPPS CHIMPAREDDYPALEM,,,,Andhra Pradesh,1-Primary,33-MPP_ZPP SCHOOLS,1 To 2,3-Co-educational,1-Rural,Kollipara,Kollipara,,,CHIMPAREDDYPALEM CHIMPAREDDYPALEM KOLLIPARA(VILL) KOLLIPARA(MANDAL) GUNTUR(DIST),522304,ravitejaperavali[at]gmail[dot]com,https://kys.udiseplus.gov.in/#/schooldetail/4681364/12,4681364,22/12/2025 13:44,2268
******00903 Operational,,MPPS CHINAKAKUMANU,,,,Andhra Pradesh,1-Primary,33-MPP_ZPP SCHOOLS,1 To 5,3-Co-educational,1-Rural,Kakumanu,Appapuram,,,CHINAKAKUMANU KAKUMANU MANDAL GUNTUR DISTRICT,522112,mppschinakakumanu7[at]gmail[dot]com,https://kys.udiseplus.gov.in/#/schooldetail/4682865/12,4682865,28/09/2024 11:49,2268
******00103 Operational,,MPPS CHINALINGAYAPALEM,,,,Andhra Pradesh,1-Primary,33-MPP_ZPP SCHOOLS,1 To 5,3-Co-educational,1-Rural,Kakumanu,Vallur,,,CHINALINGAYAPALEM CHINALINGAYAPALEM VALLUR(VILL) KAKUMANU(MANDAL) GUNTUR(DIST),522124,mppschlplm103[at]gmail[dot]com,https://kys.udiseplus.gov.in/#/schooldetail/4682831/12,4682831,28/09/2024 11:21,2268
******00101 Operational,,MPPS CHINAPALAKALUR,,,,Andhra Pradesh,1-Primary,33-MPP_ZPP SCHOOLS,1 To 5,3-Co-educational,1-Rural,Guntur,China Palakaluru,,,CHINAPALAKALURU(VILL) PERECHARLA(POST) GUNTUR(MANDAL) GUNTUR(DIST)-522005,522005,vijayasuseela32[at]gmail[dot]com,https://kys.udiseplus.gov.in/#/schooldetail/4680657/12,4680657,20/12/2025 11:15,2268
******00601 Operational,,MPPS CHINAPALEM,,,,Andhra Pradesh,1-Primary,33-MPP_ZPP SCHOOLS,1 To 5,3-Co-educational,1-Rural,Duggirala,Chinapalem,,,CHINAPALEM CHINAPALEM CHINA PALEM(VILL) DUGGIRALA(MANDAL) GUNTUR(DIST),522305,gopikrishaudarapu[at]gmail[dot]com,https://kys.udiseplus.gov.in/#/schooldetail/4681292/12,4681292,11/03/2024 17:00,2268
******01301 Operational,,MPPS CHINTALAPUDI,,,,Andhra Pradesh,1-Primary,33-MPP_ZPP SCHOOLS,1 To 5,3-Co-educational,1-Rural,Duggirala,Chintalapudi,,,CHINTALAPUDI CHINTALAPUDI CHINTALA PUDI(VILL) DUGGIRALA(MANDAL) GUNTUR(DIST),522306,mppschintalapudi51[at]gmail[dot]com,https://kys.udiseplus.gov.in/#/schooldetail/4681335/12,4681335,20/07/2022 15:45,2268
******01701 Operational,,MPPS CHINTALAPUDI,,,,Andhra Pradesh,1-Primary,33-MPP_ZPP SCHOOLS,1 To 5,3-Co-educational,1-Rural,Ponnur,Chintalapudi,,,CHINTHALAPUDI(VILL) PONNURU (MNDL) CHINTALAPUDI(VILL) PONNURU(MANDAL) GUNTUR(DIST),522124,mppschintalapudi1701[at]gmail[dot]com,https://kys.udiseplus.gov.in/#/schooldetail/4682920/12,4682920,07/10/2024 16:46,2268
******00903 Operational,,MPPS CHIRRAVURU,,,,Andhra Pradesh,1-Primary,33-MPP_ZPP SCHOOLS,1 To 5,3-Co-educational,2-Urban,NA,,Tadepalli Ward No.23,Tadepalli-Municipality,CHIRRAVURU CHIRRAVURU CHIRRAVUR(VILL) THADEPALLE(MANDAL) GUNTUR(DIST),522503,mppschirravuru903[at]gmail[dot]com,https://kys.udiseplus.gov.in/#/schooldetail/4679534/12,4679534,08/10/2024 11:23,2268
******01108 Operational,,MPPS (CH N) DUGGIRALA,,,,Andhra Pradesh,1-Primary,33-MPP_ZPP SCHOOLS,1 To 5,3-Co-educational,1-Rural,Duggirala,Duggirala,,,CHENNAKESAVA NAGAR DUGGIRALA DUGGIRALA(VILL) DUGGIRALA(MANDAL) GUNTUR(DIST),522330,mppschndgl[at]gmail[dot]com,https://kys.udiseplus.gov.in/#/schooldetail/4681320/12,4681320,28/09/2024 10:42,2268
******01301 Operational,,MPPS CHOWDAVARAM,,,,Andhra Pradesh,1-Primary,33-MPP_ZPP SCHOOLS,1 To 5,3-Co-educational,2-Urban,NA,,Guntur Ward No. 59,Guntur-Municipal Corporations,CHOWDAVARAM (VILL) GUNTUR(MANDAL) GUNTUR(DIST),522019,sujathaglory537[at]gmail[dot]com,https://kys.udiseplus.gov.in/#/schooldetail/4680834/12,4680834,20/12/2025 12:27,2268
******01307 Operational,,MPPS CHOWDAVARAM (DG TO PS),,,,Andhra Pradesh,1-Primary,33-MPP_ZPP SCHOOLS,1 To 5,3-Co-educational,2-Urban,NA,,Guntur Ward No. 59,Guntur-Municipal Corporations,CHOWDAVARAM CHOWDAVARAM CHOWDAVARAM(VILL) GUNTUR(MANDAL) GUNTUR(DIST),522019,darlaveeranjamma822[at]gmail[dot]com,https://kys.udiseplus.gov.in/#/schooldetail/4680839/12,4680839,20/12/2025 12:25,2268
******01013 Operational,,MPPS CHUKKAPALLI VRARI PALEM,,,,Andhra Pradesh,1-Primary,33-MPP_ZPP SCHOOLS,1 To 5,3-Co-educational,1-Rural,Duggirala,Perakalapudi,,,CHUKKAPALLI VARI PALEM,522305,chukkapallivaripalem48[at]gmail[dot]com,https://kys.udiseplus.gov.in/#/schooldetail/4721432/12,4721432,11/08/2024 10:50,2268
******00502 Operational,,MPPS(CN) BETHAPUDI,,,,Andhra Pradesh,1-Primary,33-MPP_ZPP SCHOOLS,1 To 5,3-Co-educational,1-Rural,Phirangipuram,Bethapudi,,,C NAGAR COLONY BETHAPUDI BETHAPUDI(VILL) PHIRANGIPURAM(MANDAL) GUNTUR(DIST),522549,karimkop9[at]gmail[dot]com,https://kys.udiseplus.gov.in/#/schooldetail/4679756/12,4679756,08/10/2024 14:57,2268
******00906 Operational,,MPPS (CN) PEDAVADLAPUDI,,,,Andhra Pradesh,1-Primary,33-MPP_ZPP SCHOOLS,1 To 5,3-Co-educational,2-Urban,NA,,Mangalagiri (M) - Ward No.5,Mangalagiri-Municipality,CHAITANYA NAGAR PEDAVADLAPUDI PEDAVADLAPUDI(VILL) MANGALAGIRI(MANDAL) GUNTUR(DIST),522302,vallamsettivanaja[at]gmail[dot]com,https://kys.udiseplus.gov.in/#/schooldetail/4679606/12,4679606,20/12/2025 13:24,2268
******00502 Operational,,MPPS CP PADU,,,,Andhra Pradesh,1-Primary,33-MPP_ZPP SCHOOLS,1 To 5,3-Co-educational,1-Rural,Vatticherukuru,Garapadu,,,CHINTHAPALLIPADU PALLE CHINTAPALLIPADU(VILL) VATTICHERUKURU(MANDAL) GUNTUR(DIST),522017,nagisettywriter[at]gmail[dot]com,https://kys.udiseplus.gov.in/#/schooldetail/4681090/12,4681090,25/09/2024 11:10,2268
******00503 Permanently Closed,,MPPS CP PADU N,,,,Andhra Pradesh,1-Primary,33-MPP_ZPP SCHOOLS,1 To 5,3-Co-educational,1-Rural,Vatticherukuru,Garapadu,,,NA,522017,,https://kys.udiseplus.gov.in/#/schooldetail/4716019/12,4716019,15/10/2020 12:18,2268
******00202 Operational,,MPPS (CR) ANANTHAVARAPADU,,,,Andhra Pradesh,1-Primary,33-MPP_ZPP SCHOOLS,1 To 5,3-Co-educational,1-Rural,Vatticherukuru,Ananthavarappadu,,,CHURCH ROAD ANANTHAVARAPADU ANANTHAVARAPADU(VILL) VATTICHERUKURU(MANDAL) GUNTUR(DIST),522017,vgavallapalli[at]gmail[dot]com,https://kys.udiseplus.gov.in/#/schooldetail/4681844/12,4681844,28/09/2024 15:22,2268
******00601 Operational,,MPPS DANDAMUDI,,,,Andhra Pradesh,1-Primary,33-MPP_ZPP SCHOOLS,1 To 5,3-Co-educational,1-Rural,Ponnur,Dandamudi,,,DANDAMUDI(VILL) PONNURU (MNDL) DANDAMUDI(VILL) PONNURU(MANDAL) GUNTUR(DIST),522316,mppsdandamudi0601[at]gmail[dot]com,https://kys.udiseplus.gov.in/#/schooldetail/4682888/12,4682888,07/10/2024 16:16,2268
******00312 Operational,,MPPS DARGACENTRE PK,,,,Andhra Pradesh,1-Primary,33-MPP_ZPP SCHOOLS,1 To 5,3-Co-educational,1-Rural,Pedakakani,Pedakakani,,,NEAR DARGA CENTER PEDA KAKANI PEDAKAKANI(VILL) PEDAKAKANI(MANDAL) GUNTUR(DIST),522509,mppsdargacentrepk[at]gmail[dot]com,https://kys.udiseplus.gov.in/#/schooldetail/4681228/12,4681228,18/09/2024 12:22,2268
******01302 Operational,,MPPS DASARIPALEM,,,,Andhra Pradesh,1-Primary,33-MPP_ZPP SCHOOLS,1 To 5,3-Co-educational,2-Urban,NA,,Guntur Ward No. 59,Guntur-Municipal Corporations,DASARI PALEM DASARI PALEM CHOWDAVARAM(VILL) GUNTUR(MANDAL) GUNTUR(DIST),522019,kishore.bkk2010[at]gmail[dot]com,https://kys.udiseplus.gov.in/#/schooldetail/4680835/12,4680835,20/12/2025 12:27,2268
******91601 Operational,,MPPS DASUPALEM,,,,Andhra Pradesh,1-Primary,33-MPP_ZPP SCHOOLS,1 To 5,3-Co-educational,1-Rural,Guntur,China Palakaluru,,,DASUPALEM DASUPALEM DASUPALEM(VILL) GUNTUR(MANDAL) GUNTUR(DIST),522009,pangulurikavitha9[at]gmail[dot]com,https://kys.udiseplus.gov.in/#/schooldetail/4681204/12,4681204,20/12/2025 14:56,2268
******01302 Operational,,MPPS DAVULURIPALEM,,,,Andhra Pradesh,1-Primary,33-MPP_ZPP SCHOOLS,1 To 5,3-Co-educational,1-Rural,Kollipara,Davuluru,,,DAVULURIPALEM DAVULURIPALEM DAVULURU(VILL) KOLLIPARA(MANDAL) GUNTUR(DIST),522304,mppsdavuluripalem2023[at]gmail[dot]com,https://kys.udiseplus.gov.in/#/schooldetail/4681390/12,4681390,24/12/2025 11:40,2268
******01306 Operational,,MPPS DAVULURU,,,,Andhra Pradesh,1-Primary,33-MPP_ZPP SCHOOLS,1 To 5,3-Co-educational,1-Rural,Kollipara,Davuluru,,,KANNGANTI HANUMANTHUVEDDLU DAVULULRU DAVULURU(VILL) KOLLIPARA(MANDAL) GUNTUR(DIST),522304,annavarapurmnr[at]gmail[dot]com,https://kys.udiseplus.gov.in/#/schooldetail/4681394/12,4681394,23/12/2025 11:40,2268
******01304 Closed,Closed,MPPSDC) GUNDLAPADU,,,,Andhra Pradesh,1-Primary,33-MPP_ZPP SCHOOLS,1 To 5,3-Co-educational,1-Rural,Phirangipuram,Gundalapadu,,,DASULA COLONY GUNDLAP0ADU GUNDALAPADU(VILL) PHIRANGIPURAM(MANDAL) GUNTUR(DIST),522549,lourdujojip[at]gmail[dot]com,https://kys.udiseplus.gov.in/#/schooldetail/4680578/12,4680578,02/02/2023 20:57,2268
******00801 Operational,,MPPS DEVARAYABHOTLAPALEM,,,,Andhra Pradesh,1-Primary,33-MPP_ZPP SCHOOLS,1 To 5,3-Co-educational,1-Rural,Pedakakani,Devarayabhotlapalem,,,DEVARAYABHOTLAPALEM DEVARAYABHOTLAPALEM DEVARAYABHOTLAPALEM(VILL) PEDAKAKANI(MANDAL) GUNTUR(DIST),522509,dbpalem801[at]gmail[dot]com,https://kys.udiseplus.gov.in/#/schooldetail/4681264/12,4681264,22/12/2025 14:16,2268
******00307 Operational,,MPPS DOLAS NAGAR,,,,Andhra Pradesh,1-Primary,33-MPP_ZPP SCHOOLS,1 To 5,3-Co-educational,2-Urban,NA,,Tadepalli Ward No.9,Tadepalli-Municipality,TADEPALLI-THADEPALLE-GUNTUR,522501,kumarivarre7[at]gmail[dot]com,https://kys.udiseplus.gov.in/#/schooldetail/4679482/12,4679482,08/10/2024 11:55,2268
******00802 Operational,,MPPS DONDAPADU(DG TO PS),,,,Andhra Pradesh,1-Primary,33-MPP_ZPP SCHOOLS,1 To 5,3-Co-educational,1-Rural,Thullur,Dondapadu,,,DONDAPADU DONDAPADU DONDAPADU(VILL) THULLUR(MANDAL) GUNTUR(DIST),522237,bhaskararaothota2010[at]gmail[dot]com,https://kys.udiseplus.gov.in/#/schooldetail/4679425/12,4679425,08/10/2024 13:29,2268
******00901 Operational,,MPPS DOPPALAPUDI,,,,Andhra Pradesh,1-Primary,33-MPP_ZPP SCHOOLS,1 To 5,3-Co-educational,1-Rural,Ponnur,Doppalapudi,,,MPPS DOPPALAPUDI VILLAGE MANNAVA ROAD PONNUR MANDAL GUNTUR DT-522316,522316,mppsdoppalapudi0901[at]gmail[dot]com,https://kys.udiseplus.gov.in/#/schooldetail/4682900/12,4682900,07/10/2024 16:24,2268
******01401 Operational,,MPPS DP AGRAHARAM,,,,Andhra Pradesh,1-Primary,33-MPP_ZPP SCHOOLS,1 To 5,3-Co-educational,1-Rural,Duggirala,Devarapalle Agraharam,,,DP AGRAHARAM DP AGRAHARAM D.P.AGRAHARAM(VILL) DUGGIRALA(MANDAL) GUNTUR(DIST),522307,prasannagangasani7733[at]gmail[dot]com,https://kys.udiseplus.gov.in/#/schooldetail/4681336/12,4681336,28/09/2024 14:50,2268
******00403 Operational,,MPPS(DPEP) SUDDAPALLI,,,,Andhra Pradesh,1-Primary,33-MPP_ZPP SCHOOLS,1 To 5,3-Co-educational,1-Rural,Chebrole,Suddapalle,,,"SCCOLONY3rd WARD SUDDAPALLI , SUDDAPALLI(VILL) CHEBROLU(MANDAL) GUNTUR(DIST)",522212,mppsdpepsuddapalle403[at]gmail[dot]com,https://kys.udiseplus.gov.in/#/schooldetail/4681783/12,4681783,11/03/2024 16:49,2268
******00102 Permanently Closed,,MPPS(DPEP) TAKKELLAPADU,,,,Andhra Pradesh,1-Primary,33-MPP_ZPP SCHOOLS,1 To 5,3-Co-educational,1-Rural,Phirangipuram,Takkellapadu,,,NA,522438,,https://kys.udiseplus.gov.in/#/schooldetail/4715829/12,4715829,15/10/2020 12:18,2268
******00302 Operational,,MPPS DUDEKULA PK,,,,Andhra Pradesh,1-Primary,33-MPP_ZPP SCHOOLS,1 To 5,3-Co-educational,1-Rural,Pedakakani,Pedakakani,,,DUDEKULACOLONY PEDA KAKANI PEDAKAKANI(VILL) PEDAKAKANI(MANDAL) GUNTUR(DIST),522509,shaikmdhussain90[at]gmail[dot]com,https://kys.udiseplus.gov.in/#/schooldetail/4681218/12,4681218,18/09/2024 12:18,2268
******01203 Operational,,MPPS (DW) EMANI,,,,Andhra Pradesh,1-Primary,33-MPP_ZPP SCHOOLS,1 To 5,3-Co-educational,1-Rural,Duggirala,Emani,,,DALITHAWADA EMANI EMANI(VILL) DUGGIRALA(MANDAL) GUNTUR(DIST),522308,mppsemanidw[at]gmail[dot]com,https://kys.udiseplus.gov.in/#/schooldetail/4681331/12,4681331,11/03/2024 17:03,2268
******00502 Operational,,MPPS (DW) GODAVARRU,,,,Andhra Pradesh,1-Primary,33-MPP_ZPP SCHOOLS,1 To 5,3-Co-educational,1-Rural,Duggirala,Godavarru,,,DALITAVADA GODAVARRU GODAVARRU(VILL) DUGGIRALA(MANDAL) GUNTUR(DIST),522305,neerajamanepalli[at]gmail[dot]com,https://kys.udiseplus.gov.in/#/schooldetail/4681291/12,4681291,15/10/2020 12:18,2268
******01104 Operational,,MPPS(DW) NUDURUPADU,,,,Andhra Pradesh,1-Primary,33-MPP_ZPP SCHOOLS,1 To 2,3-Co-educational,1-Rural,Phirangipuram,Nudurupadu,,,DALITHWADA NUDURUPADU NUDURUPADU(VILL) PHIRANGIPURAM(MANDAL) GUNTUR(DIST),522529,kvpadma1980[at]gmail[dot]com,https://kys.udiseplus.gov.in/#/schooldetail/4680566/12,4680566,12/11/2025 12:48,2268
******00806 Operational,,MPPS DW SC HOSTEL MEDIKONDURU,,,,Andhra Pradesh,1-Primary,33-MPP_ZPP SCHOOLS,1 To 5,3-Co-educational,1-Rural,Medikonduru,Medikonduru,,,SC HOSTEL MEDIKONDUR MEDIKONDURU(VILL) MEDIKONDURU(MANDAL) GUNTUR(DIST),522438,mppsdwmedikonduru806[at]gmail[dot]com,https://kys.udiseplus.gov.in/#/schooldetail/4680621/12,4680621,23/12/2025 11:24,2268
******00402 Operational,,MPPS (DW) VEERLAPALEM,,,,Andhra Pradesh,1-Primary,33-MPP_ZPP SCHOOLS,1 To 5,3-Co-educational,1-Rural,Duggirala,Pedakondur,,,DALIT WADA VEERLAPALEM PEDA KONDURU(VILL) DUGGIRALA(MANDAL) GUNTUR(DIST),522305,meoduggirala2018[at]gmail[dot]com,https://kys.udiseplus.gov.in/#/schooldetail/4681287/12,4681287,15/10/2020 12:18,2268
******00603 Closed,Closed,MPPS (DW) VEMAVARAM,,,,Andhra Pradesh,1-Primary,33-MPP_ZPP SCHOOLS,1 To 2,3-Co-educational,1-Rural,Phirangipuram,Vemavaram,,,DALITHAWADA. VEMAVARAM VEMA VARAM(VILL) PHIRANGIPURAM(MANDAL) GUNTUR(DIST),522529,narmada.velpula26[at]gmail[dot]com,https://kys.udiseplus.gov.in/#/schooldetail/4680529/12,4680529,04/08/2025 11:52,2268
******00302 Operational,,"MPPS(DZ), VEJENDLA",,,,Andhra Pradesh,1-Primary,33-MPP_ZPP SCHOOLS,1 To 5,3-Co-educational,1-Rural,Chebrole,Vejendla,,,"WARD- I DWARAPALLI , ZKARAJAH VEJENDLA VEJENDLA(VILL) CHEBROLU(MANDAL) GUNTUR(DIST)",522213,mppsdz302[at]gmail[dot]com,https://kys.udiseplus.gov.in/#/schooldetail/4681774/12,4681774,16/10/2024 16:22,2268
******00601 Operational,,MPPS EAST TADIKONDA,,,,Andhra Pradesh,1-Primary,33-MPP_ZPP SCHOOLS,1 To 5,3-Co-educational,1-Rural,Tadikonda,Tadikonda,,,TADI KONDA TADI KONDA TADIKONDA(VILL) TADIKONDA(MANDAL) GUNTUR(DIST),522236,Kkdhanekula[at]gmail[dot]com,https://kys.udiseplus.gov.in/#/schooldetail/4679670/12,4679670,22/12/2025 10:51,2268
******00903 Operational,,MPPS ENUMULAPENTA(LE),,,,Andhra Pradesh,1-Primary,33-MPP_ZPP SCHOOLS,1 To 5,3-Co-educational,1-Rural,Tadikonda,Bandarupalle,,,ENUMULA PENTA ENUMULAPENTA BANDARUPALLI(VILL) TADIKONDA(MANDAL) GUNTUR(DIST),522018,srgudavalli1969[at]gmail[dot]com,https://kys.udiseplus.gov.in/#/schooldetail/4679710/12,4679710,22/12/2025 10:56,2268
******00401 Permanently Closed,,MPPS ERRAGUNTLAPADU,,,,Andhra Pradesh,1-Primary,33-MPP_ZPP SCHOOLS,1 To 5,3-Co-educational,1-Rural,Phirangipuram,Erraguntlapadu,,,NA,522403,,https://kys.udiseplus.gov.in/#/schooldetail/4715830/12,4715830,15/10/2020 12:18,2268
******00402 Operational,,MPPS ERRAGUNTLAPDU,,,,Andhra Pradesh,1-Primary,33-MPP_ZPP SCHOOLS,1 To 5,3-Co-educational,1-Rural,Phirangipuram,Erraguntlapadu,,,WEST STREET ERRAGUNTLAPADU ERRAGUNTLAPADU(VILL) PHIRANGIPURAM(MANDAL) GUNTUR(DIST),522403,chandu001spv[at]gmail[dot]com,https://kys.udiseplus.gov.in/#/schooldetail/4680527/12,4680527,20/06/2025 15:34,2268
******00506 Operational,,MPPS ERUKALAPUDI,,,,Andhra Pradesh,1-Primary,33-MPP_ZPP SCHOOLS,1 To 5,3-Co-educational,1-Rural,Tenali,Nandivelugu,,,ERUKULAPUDI BESIDE KOLAKALURU,522306,kathivarapuarunakumari[at]gmail[dot]com,https://kys.udiseplus.gov.in/#/schooldetail/4681545/12,4681545,22/12/2025 14:44,2268
******00801 Operational,,MPPS ETUKURU,,,,Andhra Pradesh,1-Primary,33-MPP_ZPP SCHOOLS,1 To 5,3-Co-educational,2-Urban,NA,,Guntur Ward No. 60,Guntur-Municipal Corporations,ETUKURU ETUKURU ETUKURU(VILL) GUNTUR(MANDAL) GUNTUR(DIST),522017,Mppsetukuru[at]gmail[dot]com,https://kys.udiseplus.gov.in/#/schooldetail/4680032/12,4680032,20/12/2025 12:07,2268
******01103 Operational,,MPPS(FC) RAYAPUDI,,,,Andhra Pradesh,1-Primary,33-MPP_ZPP SCHOOLS,1 To 5,3-Co-educational,1-Rural,Thullur,Rayapudi,,,FISHERMEN COLONY RAYAPUDI RAYAPUDI(VILL) THULLUR(MANDAL) GUNTUR(DIST),522237,pdhsgt2006[at]gmail[dot]com,https://kys.udiseplus.gov.in/#/schooldetail/4679431/12,4679431,08/10/2024 13:32,2268
******00604 Operational,,MPPS GANDHINAGAR TP,,,,Andhra Pradesh,1-Primary,33-MPP_ZPP SCHOOLS,1 To 5,3-Co-educational,1-Rural,Pedakakani,Takkellapadu,,,GANDHI NAGAR THAKKELLAPADU THAKKELLAPADU (R)(VILL) PEDAKAKANI(MANDAL) GUNTUR(DIST),522509,prasad8005[at]gmail[dot]com,https://kys.udiseplus.gov.in/#/schooldetail/4681252/12,4681252,18/09/2024 12:38,2268
******00802 Operational,,MPPS GANIKAPUDI,,,,Andhra Pradesh,1-Primary,33-MPP_ZPP SCHOOLS,1 To 5,3-Co-educational,1-Rural,Prathipadu,Ganikapudi,,,GANIKAPUDI GANIKAPUDI GANIKAPUDI(VILL) PRATHIPADU(MANDAL) GUNTUR(DIST),522019,sajalask1008[at]gmail[dot]com,https://kys.udiseplus.gov.in/#/schooldetail/4681915/12,4681915,22/12/2025 18:09,2268
******00501 Operational,,MPPS GARAPADU,,,,Andhra Pradesh,1-Primary,33-MPP_ZPP SCHOOLS,1 To 5,3-Co-educational,1-Rural,Vatticherukuru,Garapadu,,,"GARAPADU PALLE, GARAPADU(VILL) VATTICHERUKURU(MANDAL) GUNTUR(DIST)",522017,mppsgarapadu2024[at]gmail[dot]com,https://kys.udiseplus.gov.in/#/schooldetail/4650200/12,4650200,28/09/2024 15:27,2268
******00504 Operational,,MPPS GARAPADU M,,,,Andhra Pradesh,1-Primary,33-MPP_ZPP SCHOOLS,1 To 5,3-Co-educational,1-Rural,Vatticherukuru,Garapadu,,,GARAPADU(VILL) VATTICHERUKURU(MANDAL) GUNTUR(DIST),522017,mppsgarapadum[at]gmail[dot]com,https://kys.udiseplus.gov.in/#/schooldetail/4681118/12,4681118,28/09/2024 15:28,2268
******00401 Operational,,MPPS GARIKAPADU,,,,Andhra Pradesh,1-Primary,33-MPP_ZPP SCHOOLS,1 To 5,3-Co-educational,1-Rural,Kakumanu,Garikapadu,,,GARIKAPADU GARIKAPADU(VILL) KAKUMANU(MANDAL) GUNTUR(DIST),522112,jesusblood365[at]gmail[dot]com,https://kys.udiseplus.gov.in/#/schooldetail/4682842/12,4682842,28/09/2024 11:29,2268
******00902 Operational,,MPPS GARIKAPADU (HE),,,,Andhra Pradesh,1-Primary,33-MPP_ZPP SCHOOLS,1 To 5,3-Co-educational,1-Rural,Tadikonda,Bandarupalle,,,PANCHAYATOFFICE GARIKAPADU BANDARUPALLI(VILL) TADIKONDA(MANDAL) GUNTUR(DIST),522018,mahalakshmi99488[at]gmail[dot]com,https://kys.udiseplus.gov.in/#/schooldetail/4679709/12,4679709,22/12/2025 10:59,2268
******00705 Operational,,MPPS GARLAPADU (DG TO PS),,,,Andhra Pradesh,1-Primary,33-MPP_ZPP SCHOOLS,1 To 5,3-Co-educational,1-Rural,Kakumanu,Kommuru,,,GARLAPADU GARLAPADU KOMMURU(VILL) KAKUMANU(MANDAL) GUNTUR(DIST),522235,SWAMY2762011[at]GMAIL[dot]COM,https://kys.udiseplus.gov.in/#/schooldetail/4682859/12,4682859,28/09/2024 11:45,2268
******00101 Operational,,MPPS GARUDACHALAPALEM,,,,Andhra Pradesh,1-Primary,33-MPP_ZPP SCHOOLS,1 To 5,3-Co-educational,1-Rural,Phirangipuram,Takkellapadu,,,GARUDACHALAPALEM GARUDACHALAPALEM TAKKELLAPADU(VILL) PHIRANGIPURAM(MANDAL) GUNTUR(DIST),522438,yamarthisambasivarao[at]gmail[dot]com,https://kys.udiseplus.gov.in/#/schooldetail/4680520/12,4680520,16/05/2022 11:55,2268
******00909 Operational,,MPPS G B PALEM,,,,Andhra Pradesh,1-Primary,33-MPP_ZPP SCHOOLS,1 To 2,3-Co-educational,1-Rural,Kollipara,Kollipara,,,GUDIBANDAVARIPALEM GUDIBANDAVARIPALEM KOLLIPARA(VILL) KOLLIPARA(MANDAL) GUNTUR(DIST),522304,mppsgbpalem1965[at]gmail[dot]com,https://kys.udiseplus.gov.in/#/schooldetail/4681366/12,4681366,22/12/2025 14:53,2268
******00201 Operational,,MPPS GML SCHOOL,,,,Andhra Pradesh,1-Primary,33-MPP_ZPP SCHOOLS,1 To 5,3-Co-educational,1-Rural,Pedakakani,Nambur,,,PANCHAYAT OFFICE NAMBUR NAMBUR(VILL) PEDAKAKANI(MANDAL) GUNTUR(DIST),522508,pmastanrao6[at]gmai[dot]cim,https://kys.udiseplus.gov.in/#/schooldetail/4681208/12,4681208,18/09/2024 12:46,2268
******00403 Operational,,MPPS (GN) ATMAKUR,,,,Andhra Pradesh,1-Primary,33-MPP_ZPP SCHOOLS,1 To 5,3-Co-educational,2-Urban,NA,,Mangalagiri (M) - Ward No.8,Mangalagiri-Municipality,GANAPATHINAGAR ATMAKURU ATMAKUR(VILL) MANGALAGIRI(MANDAL) GUNTUR(DIST),522503,mppsgna[at]gmail[dot]com,https://kys.udiseplus.gov.in/#/schooldetail/4679562/12,4679562,20/12/2025 13:14,2268
******00306 Operational,,MPPS (GN) NOWLUR,,,,Andhra Pradesh,1-Primary,33-MPP_ZPP SCHOOLS,1 To 5,3-Co-educational,1-Rural,Mangalagiri,Krishnayapalem,,,NOWLURU NOWLUR NOWLUR(VILL) MANGALAGIRI(MANDAL) GUNTUR(DIST),522503,mppsgnnowluru[at]gmail[dot]com,https://kys.udiseplus.gov.in/#/schooldetail/4679548/12,4679548,20/12/2025 13:10,2268
******01003 Closed,Closed,MPPS (GN) PENUMULI,,,,Andhra Pradesh,1-Primary,33-MPP_ZPP SCHOOLS,1 To 5,3-Co-educational,1-Rural,Duggirala,Penumudi,,,GANDHI NAGARAM PENUMULI PENUMULI(VILL) DUGGIRALA(MANDAL) GUNTUR(DIST),522330,gandhinagarmpps21[at]gmail[dot]com,https://kys.udiseplus.gov.in/#/schooldetail/4681312/12,4681312,29/12/2022 14:31,2268
******00501 Operational,,MPPS GODAVARRU,,,,Andhra Pradesh,1-Primary,33-MPP_ZPP SCHOOLS,1 To 5,3-Co-educational,1-Rural,Duggirala,Godavarru,,,NR SHIVALAYAM TEMPLE GODAVARRU GODAVARRU(VILL) DUGGIRALA(MANDAL) GUNTUR(DIST),522305,valivetijayaprasad[at]gmail[dot]com,https://kys.udiseplus.gov.in/#/schooldetail/4681290/12,4681290,15/10/2020 12:18,2268
******00402 Operational,,MPPS GOGULAMUDI,,,,Andhra Pradesh,1-Primary,33-MPP_ZPP SCHOOLS,1 To 5,3-Co-educational,1-Rural,Pedanandipadu,Ravipadu,,,GOGULAMUDI GOGULAMUDI RAVIPADU(VILL) PEDANANDIPADU(MANDAL) GUNTUR(DIST),522015,mpps28174600402[at]gmail[dot]com,https://kys.udiseplus.gov.in/#/schooldetail/4682794/12,4682794,22/12/2025 14:16,2268
******00704 Closed,Closed,MPPS GOLLAMUDI,,,,Andhra Pradesh,1-Primary,33-MPP_ZPP SCHOOLS,1 To 5,3-Co-educational,1-Rural,Pedakakani,Uppalapadu,,,GOLLAMUDI GOLLAMUDI(VILL) PEDAKAKANI(MANDAL) GUNTUR(DIST),522509,,https://kys.udiseplus.gov.in/#/schooldetail/4681260/12,4681260,25/07/2024 13:12,2268
******00702 Operational,,MPPS GOLLAMUDIPADU,,,,Andhra Pradesh,1-Primary,33-MPP_ZPP SCHOOLS,1 To 5,3-Co-educational,1-Rural,Ponnur,Munipalle,,,MPPS GOLLAMUDIPADU GOLLAMUDIPADU VILLAGE PONNUR MANDAL GUNTUR DT-522212,522212,mppsgollamudipadu[at]gmail[dot]com,https://kys.udiseplus.gov.in/#/schooldetail/4682893/12,4682893,07/10/2024 16:20,2268
******00202 Operational,,MPPS GOLLAMUDIRAOD,,,,Andhra Pradesh,1-Primary,33-MPP_ZPP SCHOOLS,1 To 5,3-Co-educational,1-Rural,Pedakakani,Nambur,,,GOLLAMUDI ROAD NAMBUR NAMBUR(VILL) PEDAKAKANI(MANDAL) GUNTUR(DIST),522508,venkatasivaiah.bellamkonda[at]gmail[dot]com,https://kys.udiseplus.gov.in/#/schooldetail/4681209/12,4681209,18/09/2024 12:46,2268
******00902 Permanently Closed,,MPPS GOLLAPALEM,,,,Andhra Pradesh,1-Primary,33-MPP_ZPP SCHOOLS,1 To 5,3-Co-educational,1-Rural,Chebrole,Chebrolu,,,NA,522212,,https://kys.udiseplus.gov.in/#/schooldetail/4716015/12,4716015,15/10/2020 12:18,2268
******01003 Operational,,MPPS GOLLAPALEM,,,,Andhra Pradesh,1-Primary,33-MPP_ZPP SCHOOLS,1 To 5,3-Co-educational,1-Rural,Phirangipuram,Repudi,,,GOLLAPALEM GOLLAPALEM REPUDI(VILL) PHIRANGIPURAM(MANDAL) GUNTUR(DIST),522529,prasadaraokarra698[at]gmail[dot]com,https://kys.udiseplus.gov.in/#/schooldetail/4680562/12,4680562,19/08/2024 18:25,2268
******01002 Permanently Closed,,MPPS GOLLAPALEM,,,,Andhra Pradesh,1-Primary,33-MPP_ZPP SCHOOLS,1 To 5,3-Co-educational,1-Rural,Phirangipuram,Repudi,,,NA,522529,,https://kys.udiseplus.gov.in/#/schooldetail/4715837/12,4715837,15/10/2020 12:18,2268
******00602 Operational,,MPPS GORANTLA (A N),,,,Andhra Pradesh,1-Primary,33-MPP_ZPP SCHOOLS,1 To 5,3-Co-educational,2-Urban,NA,,Guntur Ward No. 57,Guntur-Municipal Corporations,GORANTLA(VILL) ANNAPURNA NAGAR GUNTUR (U)(VILL) GUNTUR(MANDAL) GUNTUR(DIST),522034,greeshmakovuri[at]gmail[dot]com,https://kys.udiseplus.gov.in/#/schooldetail/4680755/12,4680755,20/12/2025 11:52,2268
******00504 Operational,,MPPS GORANTLA (LE),,,,Andhra Pradesh,1-Primary,33-MPP_ZPP SCHOOLS,1 To 5,3-Co-educational,2-Urban,NA,,Guntur Ward No. 57,Guntur-Municipal Corporations,GORANTLA GORUNTLA GORANTLA(VILL) GUNTUR(MANDAL) GUNTUR(DIST),522034,rajakumarineela999[at]gmail[dot]com,https://kys.udiseplus.gov.in/#/schooldetail/4680749/12,4680749,20/12/2025 11:49,2268
******00501 Operational,,MPPS GORANTLA (N W),,,,Andhra Pradesh,1-Primary,33-MPP_ZPP SCHOOLS,1 To 5,3-Co-educational,2-Urban,NA,,Guntur Ward No. 57,Guntur-Municipal Corporations,GORANTLA GORUNTLA GORANTLA(VILL) GUNTUR(MANDAL) GUNTUR(DIST),522034,chennupativenkatapadmavathi[at]gmail[dot]com,https://kys.udiseplus.gov.in/#/schooldetail/4680746/12,4680746,20/12/2025 11:48,2268
******00301 Operational,,MPPS GORIJAVOLUGUNTAPALEM,,,,Andhra Pradesh,1-Primary,33-MPP_ZPP SCHOOLS,1 To 2,3-Co-educational,1-Rural,Pedanandipadu,Gorijavoluguntapalem,,,NEAR ZP HIGH SCHOOL GORIJAVOLUGUNTAPALEM(VILL) PEDANANDIPADU(MANDAL) GUNTUR(DIST),522015,mppsgorijavoluguntapalem[at]gmail[dot]com,https://kys.udiseplus.gov.in/#/schooldetail/4682787/12,4682787,22/12/2025 14:15,2268
******01103 Operational,,MPPS GOWDAPALEM,,,,Andhra Pradesh,1-Primary,33-MPP_ZPP SCHOOLS,1 To 5,3-Co-educational,1-Rural,Kollipara,Annavaram,,,GOWDAPALEM GOWDAPALEM ANNAVARAM(VILL) KOLLIPARA(MANDAL) GUNTUR(DIST),522301,umadevichallapalli9[at]gmail[dot]com,https://kys.udiseplus.gov.in/#/schooldetail/4681381/12,4681381,23/12/2025 11:24,2268
******01106 Operational,,MPPS (GP) DUGGIRALA,,,,Andhra Pradesh,1-Primary,33-MPP_ZPP SCHOOLS,1 To 5,3-Co-educational,1-Rural,Duggirala,Duggirala,,,GANESH PURAM DUGGIRALA DUGGIRALA(VILL) DUGGIRALA(MANDAL) GUNTUR(DIST),522330,mppsgp[at]gmail[dot]com,https://kys.udiseplus.gov.in/#/schooldetail/4681318/12,4681318,15/10/2020 12:18,2268
******01403 Permanently Closed,,MPPS(G) PONUGUPADU,,,,Andhra Pradesh,1-Primary,33-MPP_ZPP SCHOOLS,1 To 5,3-Co-educational,1-Rural,Phirangipuram,Ponugupadu,,,NA,522549,,https://kys.udiseplus.gov.in/#/schooldetail/4715838/12,4715838,15/10/2020 12:18,2268
******00501 Operational,,MPPS GUDIVADA (LE),,,,Andhra Pradesh,1-Primary,33-MPP_ZPP SCHOOLS,1 To 2,3-Co-educational,1-Rural,Tenali,Gudivada,,,GUDIVADA GUDIVADA GUDIVADA(VILL) TENALI(MANDAL) GUNTUR(DIST),522307,2002mkrishna[at]gmail[dot]com,https://kys.udiseplus.gov.in/#/schooldetail/4680794/12,4680794,22/12/2025 14:43,2268
******00505 Operational,,MPPS GUDIWADA,,,,Andhra Pradesh,1-Primary,33-MPP_ZPP SCHOOLS,1 To 5,3-Co-educational,1-Rural,Tenali,Gudivada,,,BRAMHAM GARI TEMPLE BACK SIDE GUDIVADA(VILL) TENALI(MANDAL) GUNTUR(DIST),522307,padmagarikapati58[at]gmail[dot]com,https://kys.udiseplus.gov.in/#/schooldetail/4681544/12,4681544,22/12/2025 14:44,2268
******00103 Operational,,"MPPS,GUNDDAVARAM",,,,Andhra Pradesh,1-Primary,33-MPP_ZPP SCHOOLS,1 To 5,3-Co-educational,1-Rural,Chebrole,Godavarru,,,"GUNDDAVARAM , GUNDAVARAM GODAVARRU(VILL) CHEBROLU(MANDAL) GUNTUR(DIST)",522212,mppsgundavaram103[at]gmail[dot]com,https://kys.udiseplus.gov.in/#/schooldetail/4681766/12,4681766,22/12/2025 11:54,2268
******00803 Operational,,MPPS GUNDIMEDA(HE),,,,Andhra Pradesh,1-Primary,33-MPP_ZPP SCHOOLS,1 To 5,3-Co-educational,2-Urban,NA,,Tadepalli Ward No.12,Tadepalli-Municipality,GUNDIMEDA GUNDIMEDA GUNDIMEDA(VILL) THADEPALLE(MANDAL) GUNTUR(DIST),522303,mpps4405[at]gmail[dot]com,https://kys.udiseplus.gov.in/#/schooldetail/4679531/12,4679531,08/10/2024 11:45,2268
******00502 Operational,,MPPS G V PALEM,,,,Andhra Pradesh,1-Primary,33-MPP_ZPP SCHOOLS,1 To 5,3-Co-educational,1-Rural,Ponnur,Aremanda,,,GAYAMVARIPALEM AREMANDA(VILL) AREMANDA(VILL) PONNURU(MANDAL) GUNTUR(DIST),522316,mppsgvpalem00502[at]gmail[dot]com,https://kys.udiseplus.gov.in/#/schooldetail/4682886/12,4682886,07/10/2024 16:09,2268
******00603 Operational,,MPPS (GVT COL) PEDAPALEM,,,,Andhra Pradesh,1-Primary,33-MPP_ZPP SCHOOLS,1 To 5,3-Co-educational,1-Rural,Duggirala,Chinapalem,,,PEDAPALEM PEDAPALEM CHINA PALEM(VILL) DUGGIRALA(MANDAL) GUNTUR(DIST),522305,mppsgvtpedapalem[at]gmail[dot]com,https://kys.udiseplus.gov.in/#/schooldetail/4681294/12,4681294,27/09/2024 17:05,2268
******01106 Operational,,"MPPS, HANUMANPALEM",,,,Andhra Pradesh,1-Primary,33-MPP_ZPP SCHOOLS,1 To 5,3-Co-educational,1-Rural,Kollipara,Annavaram,,,HANUMANPALEM HANUMANPALEM ANNAVARAM(VILL) KOLLIPARA(MANDAL) GUNTUR(DIST),522301,karre.ravikumar2017[at]gmail[dot]com,https://kys.udiseplus.gov.in/#/schooldetail/4680646/12,4680646,22/12/2025 14:57,2268
******00101 Operational,,MPPS HARICHANDRAPURAM,,,,Andhra Pradesh,1-Primary,33-MPP_ZPP SCHOOLS,1 To 5,3-Co-educational,1-Rural,Thullur,Harischandrapuram,,,HARICHANDRAPURAM HARICHANDRAPURAM HARISCHANDRAPURAM(VILL) THULLUR(MANDAL) GUNTUR(DIST),522020,suhaasini545[at]gmail[dot]com,https://kys.udiseplus.gov.in/#/schooldetail/4679397/12,4679397,08/10/2024 12:57,2268
******00902 Operational,,MPPS (HC) KOLLIPARA,,,,Andhra Pradesh,1-Primary,33-MPP_ZPP SCHOOLS,1 To 2,3-Co-educational,1-Rural,Kollipara,Kollipara,,,KOLLIPARA KOLLIPARA KOLLIPARA(VILL) KOLLIPARA(MANDAL) GUNTUR(DIST),522304,anmsriram[at]gmail[dot]com,https://kys.udiseplus.gov.in/#/schooldetail/4681361/12,4681361,23/12/2025 10:44,2268
******00701 Operational,,MPPS (HC) PERAKALAPUDI,,,,Andhra Pradesh,1-Primary,33-MPP_ZPP SCHOOLS,1 To 5,3-Co-educational,1-Rural,Duggirala,Perakalapudi,,,HARIJANA COLONY PERAKALAPUDI PERAKALA PUDI(VILL) DUGGIRALA(MANDAL) GUNTUR(DIST),522305,mariadasbulla999[at]gmail[dot]co,https://kys.udiseplus.gov.in/#/schooldetail/4681296/12,4681296,15/10/2020 12:18,2268
******01203 Operational,,MPPS (HC) TUMULURU,,,,Andhra Pradesh,1-Primary,33-MPP_ZPP SCHOOLS,1 To 5,3-Co-educational,1-Rural,Kollipara,Thumuluru,,,TUMULURU THUMULURU THUMULURU(VILL) KOLLIPARA(MANDAL) GUNTUR(DIST),522304,mppshcthumuluru[at]gmail[dot]com,https://kys.udiseplus.gov.in/#/schooldetail/4681385/12,4681385,22/12/2025 14:43,2268
******00801 Operational,,MPPS (HE) AMMENABAD,,,,Andhra Pradesh,1-Primary,33-MPP_ZPP SCHOOLS,1 To 5,3-Co-educational,1-Rural,Phirangipuram,Aminabada,,,HINDU AREA AMEENABAD AMEENABAD(VILL) PHIRANGIPURAM(MANDAL) GUNTUR(DIST),522529,mppsameenabad25[at]gmail[dot]com,https://kys.udiseplus.gov.in/#/schooldetail/4680555/12,4680555,15/10/2020 12:18,2268
******00804 Operational,,MPPS HE CHINAKAKANI,,,,Andhra Pradesh,1-Primary,33-MPP_ZPP SCHOOLS,1 To 5,3-Co-educational,2-Urban,NA,,Mangalagiri (M) - Ward No.26,Mangalagiri-Municipality,"CHINAKAKANI. MANGALAGIRI MANDAL, GUNTUR DISTRICT",522503,mppshechinakakani[at]gmail[dot]com,https://kys.udiseplus.gov.in/#/schooldetail/4679599/12,4679599,20/12/2025 13:23,2268
******00205 Operational,,MPPS(HE) ENAMADALA,,,,Andhra Pradesh,1-Primary,33-MPP_ZPP SCHOOLS,1 To 5,3-Co-educational,1-Rural,Prathipadu,Enamadala,,,NEAR VENUGOPALA SWAMY TEMPLE ENAMADALA ENAMADALA(VILL) PRATHIPADU(MANDAL) GUNTUR(DIST) 522019,522019,bapatuchandrakala[at]gmail[dot]com,https://kys.udiseplus.gov.in/#/schooldetail/4681150/12,4681150,23/12/2025 14:23,2268
******00204 Operational,,MPPS (HE) GORLAVARI PALEM,,,,Andhra Pradesh,1-Primary,33-MPP_ZPP SCHOOLS,1 To 5,3-Co-educational,1-Rural,Guntur,Peda Palakaluru (Part),,,GORLAVARIPALEM GORLAVARIPALEM PEDA PALAKALURU(VILL) GUNTUR(MANDAL) GUNTUR(DIST),522018,amarlapudi.69[at]gmail[dot]com,https://kys.udiseplus.gov.in/#/schooldetail/4679895/12,4679895,20/12/2025 12:14,2268
******01301 Operational,,MPPS(HE) GUNDALAPADU,,,,Andhra Pradesh,1-Primary,33-MPP_ZPP SCHOOLS,1 To 5,3-Co-educational,1-Rural,Phirangipuram,Gundalapadu,,,NEAR RICE MILL GUNDLAP0ADU GUNDALAPADU(VILL) PHIRANGIPURAM(MANDAL) GUNTUR(DIST),522549,srinivasthummala1972[at]gmail[dot]com,https://kys.udiseplus.gov.in/#/schooldetail/4680575/12,4680575,08/10/2024 15:08,2268
******01502 Operational,,MPPS(HE) INAVOLU,,,,Andhra Pradesh,1-Primary,33-MPP_ZPP SCHOOLS,1 To 5,3-Co-educational,1-Rural,Thullur,Ainavolu,,,INAVOLU THULLUR GUNTUR 522237,522237,uvalathagummadi[at]gmail[dot]com,https://kys.udiseplus.gov.in/#/schooldetail/4679442/12,4679442,08/10/2024 13:38,2268
******00401 Operational,,MPPS (HE) JONNALAGADDA,,,,Andhra Pradesh,1-Primary,33-MPP_ZPP SCHOOLS,1 To 5,3-Co-educational,1-Rural,Guntur,Jonnalagadda,,,JONNALAGADDA JONNALAGADDA JONNALA GADDA(VILL) GUNTUR(MANDAL) GUNTUR(DIST),522034,sambasivaraodevineni1965[at]gmail[dot]com,https://kys.udiseplus.gov.in/#/schooldetail/4679982/12,4679982,20/12/2025 11:47,2268
******00201 Operational,,MPPS (HE) KOYAPALEM,,,,Andhra Pradesh,1-Primary,33-MPP_ZPP SCHOOLS,1 To 5,3-Co-educational,1-Rural,Prathipadu,Enamadala,,,NEAR GRAMA PANCHAYAT OFFICE KOYAVARIPALEM KOYAVARIPALEM (VILL) PRATHIPADU(MANDAL) GUNTUR(DIST)522019,522019,sujathaankam01[at]gmail[dot]com,https://kys.udiseplus.gov.in/#/schooldetail/4681880/12,4681880,22/12/2025 20:11,2268
******01902 Operational,,MPPS(H.E) MALAKAPURAM,,,,Andhra Pradesh,1-Primary,33-MPP_ZPP SCHOOLS,1 To 5,3-Co-educational,1-Rural,Thullur,Malkapuram,,,MAIN ROAD MALKAPURAM MALKAPURAM(VILL) THULLUR(MANDAL) GUNTUR(DIST),522503,mppshe1902[at]gmail[dot]com,https://kys.udiseplus.gov.in/#/schooldetail/4679452/12,4679452,08/10/2024 13:47,2268
******00901 Operational,,MPPS (HE) MALLAYAPALEM,,,,Andhra Pradesh,1-Primary,33-MPP_ZPP SCHOOLS,1 To 2,3-Co-educational,1-Rural,Prathipadu,Mallayapalem,,,NEAR WATER TANK PATHA MALLAYAPALEM PRATHIPADU MANDAL GUNTUR DISTRICT,522019,venkatanarayanakomaravolu[at]gmail[dot]com,https://kys.udiseplus.gov.in/#/schooldetail/4681916/12,4681916,23/12/2025 09:39,2268
******02002 Operational,,MPPS(HE) MANDADAM,,,,Andhra Pradesh,1-Primary,33-MPP_ZPP SCHOOLS,1 To 5,3-Co-educational,1-Rural,Thullur,Mandadam,,,MAIN ROAD MANDADAM MANDADAM(VILL) THULLUR(MANDAL) GUNTUR(DIST),522503,jabillivr[at]gmail[dot]com,https://kys.udiseplus.gov.in/#/schooldetail/4679454/12,4679454,08/10/2024 13:49,2268
******00801 Operational,,MPPS HE MEDIKONDURU,,,,Andhra Pradesh,1-Primary,33-MPP_ZPP SCHOOLS,1 To 5,3-Co-educational,1-Rural,Medikonduru,Medikonduru,,,NEAR PANCHAYAT OFFICE MEDIKONDUR MEDIKONDURU(VILL) MEDIKONDURU(MANDAL) GUNTUR(DIST)522438,522438,mppshemedikonduru[at]gmail[dot]com,https://kys.udiseplus.gov.in/#/schooldetail/4680616/12,4680616,23/12/2025 11:23,2268
******00401 Operational,,MPPS HE MOTHADAKA,,,,Andhra Pradesh,1-Primary,33-MPP_ZPP SCHOOLS,1 To 5,3-Co-educational,1-Rural,Tadikonda,Mothadaka,,,PHC CENTRE MOTHADAKA MOTHADAKA(VILL) TADIKONDA(MANDAL) GUNTUR(DIST),522016,ponugupatiln[at]gmail[dot]com,https://kys.udiseplus.gov.in/#/schooldetail/4679663/12,4679663,22/12/2025 10:48,2268
******00102 Operational,,MPPS HE NEERUKONDA,,,,Andhra Pradesh,1-Primary,33-MPP_ZPP SCHOOLS,1 To 5,3-Co-educational,1-Rural,Mangalagiri,Kuragallu,,,NEAR VETERNITYHOSPITAL NEERUKONDA KURAGALLU(VILL) MANGALAGIRI(MANDAL) GUNTUR(DIST),522503,manuajith2005[at]gmail[dot]com,https://kys.udiseplus.gov.in/#/schooldetail/4679536/12,4679536,20/12/2025 13:06,2268
******00605 Operational,,MPPS HE NIDAMARRU,,,,Andhra Pradesh,1-Primary,33-MPP_ZPP SCHOOLS,1 To 2,3-Co-educational,2-Urban,NA,,Mangalagiri (M) - Ward No.32,Mangalagiri-Municipality,NEAR LIBRARY CENTER NIDAMARRU MANGALAGIRI CHINA HIGH SCHOOL,522503,henidamarru[at]gmail[dot]com,https://kys.udiseplus.gov.in/#/schooldetail/4679591/12,4679591,20/12/2025 13:22,2268
******01101 Operational,,MPPS(HE) NUDURUPADU,,,,Andhra Pradesh,1-Primary,33-MPP_ZPP SCHOOLS,1 To 5,3-Co-educational,1-Rural,Phirangipuram,Nudurupadu,,,EAST BAZAR NUDURUPADU NUDURUPADU(VILL) PHIRANGIPURAM(MANDAL) GUNTUR(DIST),522529,mppshendu101[at]gmail[dot]com,https://kys.udiseplus.gov.in/#/schooldetail/4680563/12,4680563,20/06/2025 13:26,2268
******00701 Permanently Closed,,MPPS HE PHIRANGIPURAM,,,,Andhra Pradesh,1-Primary,33-MPP_ZPP SCHOOLS,1 To 5,3-Co-educational,1-Rural,Phirangipuram,Phirangipuram,,,NA,522529,,https://kys.udiseplus.gov.in/#/schooldetail/4715832/12,4715832,15/10/2020 12:18,2268
******01401 Operational,,MPPS (HE)PONUGUPADU,,,,Andhra Pradesh,1-Primary,33-MPP_ZPP SCHOOLS,1 To 2,3-Co-educational,1-Rural,Phirangipuram,Ponugupadu,,,PONUGUPADU PONUGUPADU PONUGUPADU(VILL) PHIRANGIPURAM(MANDAL) GUNTUR(DIST),522549,sivaprasadganne6[at]gmail[dot]com,https://kys.udiseplus.gov.in/#/schooldetail/4680579/12,4680579,12/11/2025 12:45,2268
******00402 Operational,,MPPS(HE) PRATHIPADU,,,,Andhra Pradesh,1-Primary,33-MPP_ZPP SCHOOLS,1 To 5,3-Co-educational,1-Rural,Prathipadu,Prathipadu,,,MPPS HE OPPOSITE POLICE STATION PRATHIPADU,522019,vijayalakshminallapu[at]gmail[dot]com,https://kys.udiseplus.gov.in/#/schooldetail/4681886/12,4681886,22/12/2025 19:16,2268
******01401 Closed,Closed,MPPS(HE) SAKHAMURU,,,,Andhra Pradesh,1-Primary,33-MPP_ZPP SCHOOLS,1 To 5,3-Co-educational,1-Rural,Thullur,Sakhamur,,,SAKHAMURU SAKHAMURU SAKHAMURU(VILL) THULLUR(MANDAL) GUNTUR(DIST),522237,,https://kys.udiseplus.gov.in/#/schooldetail/4679436/12,4679436,17/12/2023 18:33,2268
******00605 Operational,,MPPS(HE) SELAMPADU,,,,Andhra Pradesh,1-Primary,33-MPP_ZPP SCHOOLS,1 To 5,3-Co-educational,1-Rural,Chebrole,Sekuru,,,"1ST WARD SELAMPADU , SEKUR(VILL) CHEBROLU(MANDAL) GUNTUR(DIST)",522213,badesandhyarani19[at]gmail[dot]com,https://kys.udiseplus.gov.in/#/schooldetail/4681789/12,4681789,22/12/2025 11:58,2268
******00204 Permanently Closed,,MPPS (HE) THIKKIREDDYPM,,,,Andhra Pradesh,1-Primary,33-MPP_ZPP SCHOOLS,1 To 5,3-Co-educational,1-Rural,Prathipadu,Enamadala,,,NA,522019,,https://kys.udiseplus.gov.in/#/schooldetail/4716022/12,4716022,15/10/2020 12:18,2268
******01003 Operational,,MPPS(HE) VANGIPURAM,,,,Andhra Pradesh,1-Primary,33-MPP_ZPP SCHOOLS,1 To 5,3-Co-educational,1-Rural,Prathipadu,Vangipuram,,,PANCHAYAT OFFICE PRATHIPADU VANGIPURAM(VILL) PRATHIPADU(MANDAL) GUNTUR(DIST),522015,vasimallama60[at]gmail[dot]com,https://kys.udiseplus.gov.in/#/schooldetail/4681922/12,4681922,22/12/2025 20:03,2268
******01102 Operational,,MPPS HN BODIPALEM,,,,Andhra Pradesh,1-Primary,33-MPP_ZPP SCHOOLS,1 To 5,3-Co-educational,1-Rural,Kakumanu,Bodipalem,,,HAYYAR NAGAR BODIPALEM(V) KAKUMANU(M) GUNTUR(D),522315,mpps.hayyarnagar[at]gmail[dot]com,https://kys.udiseplus.gov.in/#/schooldetail/4682872/12,4682872,28/09/2024 11:53,2268
******01303 Operational,,MPPS (H) SOWPADU,,,,Andhra Pradesh,1-Primary,33-MPP_ZPP SCHOOLS,1 To 5,3-Co-educational,1-Rural,Vatticherukuru,Pallapadu,,,MAIN ROAD SOWPADU(VILL) VATTICHERUKURU(MANDAL) GUNTUR(DIST),522017,mppshsowpadu[at]gmail[dot]com,https://kys.udiseplus.gov.in/#/schooldetail/4681876/12,4681876,27/09/2024 15:25,2268
******00303 Operational,,MPPS(HTC) PEDAKAKANI,,,,Andhra Pradesh,1-Primary,33-MPP_ZPP SCHOOLS,1 To 5,3-Co-educational,1-Rural,Pedakakani,Pedakakani,,,H T COLONY PEDAKAKANI PEDAKAKANI(VILL) PEDAKAKANI(MANDAL) GUNTUR(DIST),522509,stanakakumari65[at]gmail[dot]com,https://kys.udiseplus.gov.in/#/schooldetail/4681219/12,4681219,18/09/2024 12:18,2268
******01302 Operational,,MPPS(HW) GUNDLAPADU,,,,Andhra Pradesh,1-Primary,33-MPP_ZPP SCHOOLS,1 To 5,3-Co-educational,1-Rural,Phirangipuram,Gundalapadu,,,HARIJANAWADA GUNDLAP0ADU GUNDALAPADU(VILL) PHIRANGIPURAM(MANDAL) GUNTUR(DIST),522549,,https://kys.udiseplus.gov.in/#/schooldetail/4680576/12,4680576,15/10/2020 12:18,2268
******00701 Operational,,MPPS (HW) KAZA,,,,Andhra Pradesh,1-Primary,33-MPP_ZPP SCHOOLS,1 To 5,3-Co-educational,2-Urban,NA,,Mangalagiri (M) - Ward No.28,Mangalagiri-Municipality,HARIJANA WADA KAZA KAZA(VILL) MANGALAGIRI(MANDAL) GUNTUR(DIST),522503,aakaza701[at]gmail[dot]com,https://kys.udiseplus.gov.in/#/schooldetail/4679592/12,4679592,20/12/2025 13:22,2268
******00101 Operational,,MPPS (HW) KOPPURAVURU,,,,Andhra Pradesh,1-Primary,33-MPP_ZPP SCHOOLS,1 To 5,3-Co-educational,1-Rural,Pedakakani,Koppuravuru,,,HARIJANWADA KOPPURAVURU KOPPURAVURU(VILL) PEDAKAKANI(MANDAL) GUNTUR(DIST),522508,padmajayadlapali[at]gmail[dot]com,https://kys.udiseplus.gov.in/#/schooldetail/4681205/12,4681205,18/09/2024 12:45,2268
******00101 Operational,,MPPS (HW) KURAGALLU,,,,Andhra Pradesh,1-Primary,33-MPP_ZPP SCHOOLS,1 To 5,3-Co-educational,1-Rural,Mangalagiri,Kuragallu,,,HARIJANAWADA KURAGALLU KURAGALLU(VILL) MANGALAGIRI(MANDAL) GUNTUR(DIST),522503,suneethipuli[at]gmail[dot]com,https://kys.udiseplus.gov.in/#/schooldetail/4679535/12,4679535,20/12/2025 13:06,2268
******02003 Operational,,MPPS(HW) MANDADA,,,,Andhra Pradesh,1-Primary,33-MPP_ZPP SCHOOLS,1 To 5,3-Co-educational,1-Rural,Thullur,Mandadam,,,COMMUNITYHALLCENTRE MANDADAM MANDADAM(VILL) THULLUR(MANDAL) GUNTUR(DIST),522503,krishnavuyyala146[at]gmail[dot]com,https://kys.udiseplus.gov.in/#/schooldetail/4679455/12,4679455,08/10/2024 13:49,2268
******00602 Operational,,MPPS (HW) NADIMPALEM,,,,Andhra Pradesh,1-Primary,33-MPP_ZPP SCHOOLS,1 To 5,3-Co-educational,1-Rural,Prathipadu,Nadimpalem,,,BESIDE WATER TANK NADIMPALEM NADIMPALEM(VILL) PRATHIPADU(MANDAL) GUNTUR(DIST),522019,kpd1970sa[at]gmail[dot]com,https://kys.udiseplus.gov.in/#/schooldetail/4681902/12,4681902,22/12/2025 18:53,2268
******01103 Operational,,MPPS(HW) NUDURUPADU,,,,Andhra Pradesh,1-Primary,33-MPP_ZPP SCHOOLS,1 To 5,3-Co-educational,1-Rural,Phirangipuram,Nudurupadu,,,HARIJANAWADA NUDURUPADU NUDURUPADU(VILL) PHIRANGIPURAM(MANDAL) GUNTUR(DIST),522529,sadhqshaik810[at]gmail[dot]com,https://kys.udiseplus.gov.in/#/schooldetail/4680565/12,4680565,21/04/2023 15:31,2268
******01101 Operational,,MPPS (HW) NUTHAKKI,,,,Andhra Pradesh,1-Primary,33-MPP_ZPP SCHOOLS,1 To 2,3-Co-educational,2-Urban,NA,,Mangalagiri (M) - Ward No.15,Mangalagiri-Municipality,HARIJANAWADA NUTHAKKI NUTHAKKI(VILL) MANGALAGIRI(MANDAL) GUNTUR(DIST),522303,jamila2179[at]gmail[dot]com,https://kys.udiseplus.gov.in/#/schooldetail/4679616/12,4679616,20/12/2025 13:26,2268
******01302 Operational,,MPPS (HW) PALLAPADU,,,,Andhra Pradesh,1-Primary,33-MPP_ZPP SCHOOLS,1 To 5,3-Co-educational,1-Rural,Vatticherukuru,Pallapadu,,,HARIJANA WADA PALLAPADU PALLAPADU(VILL) VATTICHERUKURU(MANDAL) GUNTUR(DIST),522017,sandhyab2923[at]gmail[dot]com,https://kys.udiseplus.gov.in/#/schooldetail/4681875/12,4681875,28/09/2024 15:39,2268
******01005 Operational,,MPPS(HW)PATHAREDDY PALEM,,,,Andhra Pradesh,1-Primary,33-MPP_ZPP SCHOOLS,1 To 5,3-Co-educational,1-Rural,Chebrole,Pathareddipalem,,,"HARIJANAWADA , PATHAREDDIPALEM PATHAREDDIPALEM(VILL) CHEBROLU(MANDAL) GUNTUR(DIST)",522212,palaparthibalaji32[at]gmail[dot]com,https://kys.udiseplus.gov.in/#/schooldetail/4681825/12,4681825,27/09/2024 12:21,2268
******00502 Operational,,MPPS (HW) PEDAPARIMI,,,,Andhra Pradesh,1-Primary,33-MPP_ZPP SCHOOLS,1 To 5,3-Co-educational,1-Rural,Thullur,Pedaparimi,,,THULLUR ROAD PEDAPARIMI PEDAPARIMI(VILL) THULLUR(MANDAL) GUNTUR(DIST),522236,sesi555rekha[at]gmail[dot]com,https://kys.udiseplus.gov.in/#/schooldetail/4679407/12,4679407,08/10/2024 13:11,2268
******01001 Operational,,MPPS (HW) PENUMULI,,,,Andhra Pradesh,1-Primary,33-MPP_ZPP SCHOOLS,1 To 5,3-Co-educational,1-Rural,Duggirala,Penumudi,,,HARIJAHAWADA COLONY PENUMULI PENUMULI(VILL) DUGGIRALA(MANDAL) GUNTUR(DIST),522330,penumulimppshw[at]gmail[dot]com,https://kys.udiseplus.gov.in/#/schooldetail/4681309/12,4681309,11/03/2024 17:02,2268
******00206 Operational,,MPPS(HW)RAJIV NAGAR COL,,,,Andhra Pradesh,1-Primary,33-MPP_ZPP SCHOOLS,1 To 5,3-Co-educational,1-Rural,Prathipadu,Enamadala,,,RAJIVNAGARCOLONY ENAMADALA ENAMADALA(VILL) PRATHIPADU(MANDAL) GUNTUR(DIST),522019,lguda82[at]gmail[dot]com,https://kys.udiseplus.gov.in/#/schooldetail/4681151/12,4681151,23/12/2025 14:40,2268
******01802 Operational,,MPPS(HW) U.R.PALEM,,,,Andhra Pradesh,1-Primary,33-MPP_ZPP SCHOOLS,1 To 5,3-Co-educational,1-Rural,Thullur,Uddandarayunipalem,,,H J WADA UDDANDRAYUNIPALEM UDDANDA RAYUNI PALEM(VILL) THULLUR(MANDAL) GUNTUR(DIST),522503,adavi.srinu[at]gmail[dot]com,https://kys.udiseplus.gov.in/#/schooldetail/4679449/12,4679449,08/10/2024 13:44,2268
******00602 Operational,,MPPS(HW) VEMAVARAM,,,,Andhra Pradesh,1-Primary,33-MPP_ZPP SCHOOLS,1 To 5,3-Co-educational,1-Rural,Phirangipuram,Vemavaram,,,HARIJANAWADA VEMAVARAM VEMA VARAM(VILL) PHIRANGIPURAM(MANDAL) GUNTUR(DIST),522529,mppshw602vemavaram[at]gmail[dot]com,https://kys.udiseplus.gov.in/#/schooldetail/4679760/12,4679760,15/10/2020 12:18,2268
******00803 Operational,,MPPS(HW) VEMULURIPADU,,,,Andhra Pradesh,1-Primary,33-MPP_ZPP SCHOOLS,1 To 2,3-Co-educational,1-Rural,Phirangipuram,Aminabada,,,HARIZANAWADA VEMULURIPADU AMEENABAD(VILL) PHIRANGIPURAM(MANDAL) GUNTUR(DIST),522529,mpphwvemuluripadu[at]gmail[dot]com,https://kys.udiseplus.gov.in/#/schooldetail/4680557/12,4680557,12/11/2025 12:49,2268
******00701 Operational,,MPPS IPPATAM,,,,Andhra Pradesh,1-Primary,33-MPP_ZPP SCHOOLS,1 To 5,3-Co-educational,1-Rural,Tadepalle,Ippatam,,,IPPATAM IPPATAM IPPATAM(VILL) THADEPALLE(MANDAL) GUNTUR(DIST),522302,nallapatimadhubabu[at]gmail[dot]com,https://kys.udiseplus.gov.in/#/schooldetail/4679526/12,4679526,08/10/2024 11:49,2268
******01903 Operational,,MPPS ITIKAMPADU,,,,Andhra Pradesh,1-Primary,33-MPP_ZPP SCHOOLS,1 To 5,3-Co-educational,1-Rural,Ponnur,Nandur,,,MPPS ITIKAMPADU BESIDE SIVALAYAM TEMPLE ITIKAMPADU PONNUR MANDAL GUNTUR DT-522315,522315,nadendlahariprasanna[at]gmail[dot]com,https://kys.udiseplus.gov.in/#/schooldetail/4682932/12,4682932,07/10/2024 16:57,2268
******01501 Operational,,MPPS JADAVALLI,,,,Andhra Pradesh,1-Primary,33-MPP_ZPP SCHOOLS,1 To 5,3-Co-educational,1-Rural,Ponnur,Jadavalli,,,JADAVALLI(VILL) PONNURU (MANDAL) GUNTUR(DIST),522315,mppsjadavalli[at]gmail[dot]com,https://kys.udiseplus.gov.in/#/schooldetail/4682917/12,4682917,07/10/2024 16:36,2268
******00703 Operational,,MPPS JANDACHEETU(ANG),,,,Andhra Pradesh,1-Primary,33-MPP_ZPP SCHOOLS,1 To 5,3-Co-educational,1-Rural,Tenali,Angalakuduru,,,ANGALAKUDURU ANGALAKUDURU ANGALAKUDURU(VILL) TENALI(MANDAL) GUNTUR(DIST),522211,sarojakapuganti[at]gmail[dot]com,https://kys.udiseplus.gov.in/#/schooldetail/4681555/12,4681555,22/12/2025 14:53,2268
******00811 Operational,,MPPS JANGAMGUNTLAPALEM,,,,Andhra Pradesh,1-Primary,33-MPP_ZPP SCHOOLS,1 To 5,3-Co-educational,1-Rural,Medikonduru,Potlapadu,,,NEAR KALYANA MANDAPAM JANGAMGUNTLA PALEM MEDIKONDURU(MANDAL) GUNTUR(DIST)522438,522438,seethakoti1997[at]gmail[dot]com,https://kys.udiseplus.gov.in/#/schooldetail/4680625/12,4680625,23/12/2025 11:25,2268
******01102 Operational,,MPPS JARUGULAVARIPALEM,,,,Andhra Pradesh,1-Primary,33-MPP_ZPP SCHOOLS,1 To 2,3-Co-educational,1-Rural,Pedanandipadu,Uppalapadu,,,JARUGULAVARIPALEM JARUGULAVARIPALEM UPPALAPADU(VILL) PEDANANDIPADU(MANDAL) GUNTUR(DIST),522616,mpps28174601102[at]gmail[dot]com,https://kys.udiseplus.gov.in/#/schooldetail/4682823/12,4682823,22/12/2025 13:07,2268
******00606 Closed,Closed,MPPS(JB) KOTHAPALEM,,,,Andhra Pradesh,1-Primary,33-MPP_ZPP SCHOOLS,1 To 5,3-Co-educational,1-Rural,Chebrole,Sekuru,,,"KOTHAPALEM ,KOTHAPALEM SEKUR(VILL) CHEBROLU(MANDAL) GUNTUR(DIST)",522213,mppsjb606[at]gmail[dot]com,https://kys.udiseplus.gov.in/#/schooldetail/4681790/12,4681790,20/08/2025 17:30,2268
******00204 Operational,,MPPS JBNAGAR,,,,Andhra Pradesh,1-Primary,33-MPP_ZPP SCHOOLS,1 To 2,3-Co-educational,1-Rural,Pedakakani,Nambur,,,JAYABHARAT NAGAR NAMBUR NAMBUR(VILL) PEDAKAKANI(MANDAL) GUNTUR(DIST),522508,mppsjbr204[at]gmail[dot]com,https://kys.udiseplus.gov.in/#/schooldetail/4681141/12,4681141,12/11/2025 12:34,2268
******00601 Operational,,MPPS J.B. V.N.PALEM,,,,Andhra Pradesh,1-Primary,33-MPP_ZPP SCHOOLS,1 To 5,3-Co-educational,1-Rural,Chebrole,Sekuru,,,"VEERANAYAKUNI PALEM , MPPS JB V.N.PALEM , 522213",522213,manikyaraogali[at]gmail[dot]com,https://kys.udiseplus.gov.in/#/schooldetail/4681785/12,4681785,22/12/2025 11:57,2268
******01109 Operational,,MPPS (JEN C) DUGGIRALA,,,,Andhra Pradesh,1-Primary,33-MPP_ZPP SCHOOLS,1 To 5,3-Co-educational,1-Rural,Duggirala,Duggirala,,,JANDASCHETTUCENTRE DUGGIRALA DUGGIRALA(VILL) DUGGIRALA(MANDAL) GUNTUR(DIST),522330,meoduggirala2018[at]gmail[dot]com,https://kys.udiseplus.gov.in/#/schooldetail/4681321/12,4681321,15/10/2020 12:18,2268
******01101 Operational,,MPPS J G PAELM PEDARAVURU,,,,Andhra Pradesh,1-Primary,33-MPP_ZPP SCHOOLS,1 To 5,3-Co-educational,1-Rural,Tenali,Pedaravuru,,,JAGGADIGUNTA PALEM CHINARAVURU CHINARAVURU(VILL) TENALI(MANDAL) GUNTUR(DIST),522202,gummadiindirs4[at]gmail[dot]com,https://kys.udiseplus.gov.in/#/schooldetail/4681616/12,4681616,22/12/2025 15:23,2268
******01102 Permanently Closed,,MPPS J G PALEM (I P G),,,,Andhra Pradesh,1-Primary,33-MPP_ZPP SCHOOLS,1 To 5,3-Co-educational,1-Rural,Tenali,Pedaravuru,,,NA,522201,,https://kys.udiseplus.gov.in/#/schooldetail/4715994/12,4715994,15/10/2020 12:18,2268
******01202 Operational,,MPPS (JJV) MUTLURU,,,,Andhra Pradesh,1-Primary,33-MPP_ZPP SCHOOLS,1 To 5,3-Co-educational,1-Rural,Vatticherukuru,Mutluru,,,JAGAJEEVAN RAM VEEDI MUTLURU MUTLURU(VILL) VATTICHERUKURU(MANDAL) GUNTUR(DIST),522212,parvathi73026[at]gmail[dot]com,https://kys.udiseplus.gov.in/#/schooldetail/4681866/12,4681866,28/09/2024 15:35,2268
******00101 Operational,,MPPS JUPUDI,,,,Andhra Pradesh,1-Primary,33-MPP_ZPP SCHOOLS,1 To 2,3-Co-educational,1-Rural,Ponnur,Jupudi,,,MPPS JUPUDI JUPUDI VILLLAGE PONNUR MANDAL GUNTUR DT-522212,522212,mppsjupudi0101[at]gmail[dot]com,https://kys.udiseplus.gov.in/#/schooldetail/4682876/12,4682876,23/12/2025 12:59,2268
******00601 Operational,,MPPS KAKUMANU,,,,Andhra Pradesh,1-Primary,33-MPP_ZPP SCHOOLS,1 To 5,3-Co-educational,1-Rural,Kakumanu,Kakumanu,,,KAKUMANU KAKUMANU KAKUMANU(VILL) KAKUMANU(MANDAL) GUNTUR(DIST),522112,mppskakumanu[at]gmail[dot]com,https://kys.udiseplus.gov.in/#/schooldetail/4682850/12,4682850,28/09/2024 11:37,2268
******00308 Operational,,MPPS KALIGARDENS,,,,Andhra Pradesh,1-Primary,33-MPP_ZPP SCHOOLS,1 To 5,3-Co-educational,1-Rural,Pedakakani,Pedakakani,,,KALI GARDENS PEDA KAKANI PEDAKAKANI(VILL) PEDAKAKANI(MANDAL) GUNTUR(DIST),522509,ramachandraraosankr[at]gmail[dot]com,https://kys.udiseplus.gov.in/#/schooldetail/4681224/12,4681224,18/09/2024 12:20,2268
******00407 Operational,,MPPS KANCHARLAPALEM(LE),,,,Andhra Pradesh,1-Primary,33-MPP_ZPP SCHOOLS,1 To 5,3-Co-educational,1-Rural,Tenali,Katevaram,,,KANCHARLAPALEM KANCHARLA PALEM KATHEVARAM(VILL) TENALI(MANDAL) GUNTUR(DIST),522202,sirisha292[at]gmail[dot]com,https://kys.udiseplus.gov.in/#/schooldetail/4681538/12,4681538,22/12/2025 14:42,2268
******00604 Operational,,MPPS KANDRIKA,,,,Andhra Pradesh,1-Primary,33-MPP_ZPP SCHOOLS,1 To 5,3-Co-educational,1-Rural,Phirangipuram,Vemavaram,,,KANDRIKA KANDRIKA VEMA VARAM(VILL) PHIRANGIPURAM(MANDAL) GUNTUR(DIST),522529,kandrika2mpps[at]gmail[dot]com,https://kys.udiseplus.gov.in/#/schooldetail/4680530/12,4680530,15/10/2020 12:18,2268
******01101 Closed,Closed,MPPS KARAMPUDIPADU,,,,Andhra Pradesh,1-Primary,33-MPP_ZPP SCHOOLS,1 To 5,3-Co-educational,1-Rural,Vatticherukuru,Karempudipadu,,,KARAMPUDIPADU PALLE KAREMPUDIPADU(VILL) VATTICHERUKURU(MANDAL) GUNTUR(DIST),522212,suseela.mv84[at]gmail[dot]com,https://kys.udiseplus.gov.in/#/schooldetail/4681864/12,4681864,04/08/2025 11:55,2268
******01704 Operational,,MPPS KASUKARRU,,,,Andhra Pradesh,1-Primary,33-MPP_ZPP SCHOOLS,1 To 5,3-Co-educational,1-Rural,Ponnur,Chintalapudi,,,KASUKARRU CHINTALAPUDI(VILL) CHINTALAPUDI(VILL) PONNURU(MANDAL) GUNTUR(DIST),522124,mppskasukarru1704[at]gmail[dot]com,https://kys.udiseplus.gov.in/#/schooldetail/4682923/12,4682923,07/10/2024 16:49,2268
******00701 Operational,,MPPS KATRAPADU,,,,Andhra Pradesh,1-Primary,33-MPP_ZPP SCHOOLS,1 To 5,3-Co-educational,1-Rural,Vatticherukuru,Katrapadu,,,KATRAPADU(VILL) VATTICHERUKURU(MANDAL) GUNTUR(DIST),522017,adambasha7963[at]gmail[dot]com,https://kys.udiseplus.gov.in/#/schooldetail/4681853/12,4681853,24/09/2024 15:11,2268
******00602 Operational,,MPPS KATTEMPUDI,,,,Andhra Pradesh,1-Primary,33-MPP_ZPP SCHOOLS,1 To 5,3-Co-educational,1-Rural,Ponnur,Dandamudi,,,MPPS SPL KATTEMPUDI VILLAGE PONNUR MANDAL GUNTUR DT-522124,522124,nsrk181095[at]gmail[dot]com,https://kys.udiseplus.gov.in/#/schooldetail/4682889/12,4682889,07/10/2024 16:18,2268
******00402 Operational,,MPPS KATTEVARAM(LE),,,,Andhra Pradesh,1-Primary,33-MPP_ZPP SCHOOLS,1 To 5,3-Co-educational,1-Rural,Tenali,Katevaram,,,KATHEVARAM KATHEVARAM KATHEVARAM(VILL) TENALI(MANDAL) GUNTUR(DIST),522202,herams65[at]gmail[dot]com,https://kys.udiseplus.gov.in/#/schooldetail/4681528/12,4681528,22/12/2025 14:41,2268
******00401 Operational,,MPPS KATTEVARAM(SSA ST),,,,Andhra Pradesh,1-Primary,33-MPP_ZPP SCHOOLS,1 To 5,3-Co-educational,1-Rural,Tenali,Katevaram,,,KATHEVARAM-TENALI-GUNTUR,522202,a.sarada29[at]gmail[dot]com,https://kys.udiseplus.gov.in/#/schooldetail/4681527/12,4681527,22/12/2025 14:41,2268
******00202 Operational,,MPPS K B PALEM,,,,Andhra Pradesh,1-Primary,33-MPP_ZPP SCHOOLS,1 To 5,3-Co-educational,1-Rural,Kakumanu,Kollimarla,,,KONDABALAVARIPALEM KONDABALAVARIPALEM KOLLIMARLA(VILL) KAKUMANU(MANDAL) GUNTUR(DIST),522124,mppskbpalem620[at]gmail[dot]com,https://kys.udiseplus.gov.in/#/schooldetail/4682839/12,4682839,28/09/2024 11:26,2268
******00702 Operational,,MPPS KHAJAVARIPALEM,,,,Andhra Pradesh,1-Primary,33-MPP_ZPP SCHOOLS,1 To 5,3-Co-educational,1-Rural,Duggirala,Perakalapudi,,,KHAJAVARIPALEM PERAKALAPUDI PERAKALA PUDI(VILL) DUGGIRALA(MANDAL) GUNTUR(DIST),522305,marygoldvanguri999[at]gmail[dot]com,https://kys.udiseplus.gov.in/#/schooldetail/4681297/12,4681297,15/10/2020 12:18,2268
******00203 Operational,,MPPS K KOLLIMARLA (DG TO PS),,,,Andhra Pradesh,1-Primary,33-MPP_ZPP SCHOOLS,1 To 5,3-Co-educational,1-Rural,Kakumanu,Kollimarla,,,KOTHA KOLLIMARLA KOTHA KOLLIMARLA KOLLIMARLA(VILL) KAKUMANU(MANDAL) GUNTUR(DIST),522212,mppskothakollimarla[at]gmail[dot]com,https://kys.udiseplus.gov.in/#/schooldetail/4682840/12,4682840,28/09/2024 11:27,2268
******00305 Operational,,MPPS KL RAO COLONY,,,,Andhra Pradesh,1-Primary,33-MPP_ZPP SCHOOLS,1 To 5,3-Co-educational,2-Urban,NA,,Tadepalli Ward No.19,Tadepalli-Municipality,K.L RAO COLONY TADEPALLI TADEPALLI(VILL) THADEPALLE(MANDAL) GUNTUR(DIST),522501,jonnadulavijayalakshmi[at]gmail[dot]com,https://kys.udiseplus.gov.in/#/schooldetail/4679480/12,4679480,08/10/2024 11:48,2268
******00103 Operational,,MPPS (KMP) KORNEPADU,,,,Andhra Pradesh,1-Primary,33-MPP_ZPP SCHOOLS,1 To 5,3-Co-educational,1-Rural,Vatticherukuru,Kornepadu,,,KOTHAMALAPALLE KORNEPADU KORNEPADU(VILL) VATTICHERUKURU(MANDAL) GUNTUR(DIST),522017,bsailakshmi0123[at]gmail[dot]com,https://kys.udiseplus.gov.in/#/schooldetail/4681833/12,4681833,28/09/2024 15:14,2268
******00111 Operational,,MPPS KOLAKALURU,,,,Andhra Pradesh,1-Primary,33-MPP_ZPP SCHOOLS,1 To 5,3-Co-educational,1-Rural,Tenali,Kolakaluru,,,HALFPET HALFPET KOLAKALUR(VILL) TENALI(MANDAL) GUNTUR(DIST),522307,mppschoolhaafpet[at]gmail[dot]com,https://kys.udiseplus.gov.in/#/schooldetail/4681512/12,4681512,22/12/2025 14:38,2268
******00102 Permanently Closed,,MPPS KOLAKALURU(BFS),,,,Andhra Pradesh,1-Primary,33-MPP_ZPP SCHOOLS,1 To 5,3-Co-educational,1-Rural,Tenali,Kolakaluru,,,NA,522307,,https://kys.udiseplus.gov.in/#/schooldetail/4715975/12,4715975,15/10/2020 12:18,2268
******00104 Operational,,MPPS KOLAKALURU(GMP),,,,Andhra Pradesh,1-Primary,33-MPP_ZPP SCHOOLS,1 To 5,3-Co-educational,1-Rural,Tenali,Kolakaluru,,,kolakaluru garuku mala palli,522307,penumalavictoria5[at]gmail[dot]com,https://kys.udiseplus.gov.in/#/schooldetail/4680765/12,4680765,22/12/2025 14:37,2268
******00106 Operational,,MPPS KOLAKALURU(J H N),,,,Andhra Pradesh,1-Primary,33-MPP_ZPP SCHOOLS,1 To 5,3-Co-educational,1-Rural,Tenali,Kolakaluru,,,HALFPET HALFPET KOLAKALUR(VILL) TENALI(MANDAL) GUNTUR(DIST),522307,ranjankalintha[at]gmail[dot]com,https://kys.udiseplus.gov.in/#/schooldetail/4681507/12,4681507,22/12/2025 14:37,2268
******00110 Operational,,MPPS KOLAKALURU(KHJIPET),,,,Andhra Pradesh,1-Primary,33-MPP_ZPP SCHOOLS,1 To 5,3-Co-educational,1-Rural,Tenali,Kolakaluru,,,KHAJIPET KHAJIPET KOLAKALUR(VILL) TENALI(MANDAL) GUNTUR(DIST),522307,mppskhazipet110[at]gmail[dot]com,https://kys.udiseplus.gov.in/#/schooldetail/4681511/12,4681511,22/12/2025 14:38,2268
******00101 Operational,,MPPS KOLAKALURU(R),,,,Andhra Pradesh,1-Primary,33-MPP_ZPP SCHOOLS,1 To 5,3-Co-educational,1-Rural,Tenali,Kolakaluru,,,SHIVALAYAM KOLAKALUR KOLAKALUR(VILL) TENALI(MANDAL) GUNTUR(DIST),522307,srujanabathula304[at]gmail[dot]com,https://kys.udiseplus.gov.in/#/schooldetail/4680764/12,4680764,22/12/2025 10:25,2268
******00103 Permanently Closed,,MPPS KOLAKALURU(TC),,,,Andhra Pradesh,1-Primary,33-MPP_ZPP SCHOOLS,1 To 5,3-Co-educational,1-Rural,Tenali,Kolakaluru,,,NA,522307,,https://kys.udiseplus.gov.in/#/schooldetail/4715976/12,4715976,15/10/2020 12:18,2268
******00105 Operational,,MPPS KOLAKALURU (U),,,,Andhra Pradesh,1-Primary,33-MPP_ZPP SCHOOLS,1 To 5,3-Co-educational,1-Rural,Tenali,Kolakaluru,,,WATERTANKBAZAR. KOLAKALUR KOLAKALUR(VILL) TENALI(MANDAL) GUNTUR(DIST),522307,ayubansari4u[at]gmail[dot]com,https://kys.udiseplus.gov.in/#/schooldetail/4680766/12,4680766,22/12/2025 14:37,2268
******00501 Operational,,MPPS KOLANUKONDA,,,,Andhra Pradesh,1-Primary,33-MPP_ZPP SCHOOLS,1 To 5,3-Co-educational,2-Urban,NA,,Tadepalli Ward No.20,Tadepalli-Municipality,KOLANUKONDA KOLANUKONDA KOLANUKONDA(VILL) THADEPALLE(MANDAL) GUNTUR(DIST),522502,kolpadmavathi1971[at]gmail[dot]com,https://kys.udiseplus.gov.in/#/schooldetail/4679517/12,4679517,08/10/2024 12:21,2268
******01102 Operational,,MPPS KOLLIKONDAPALEM,,,,Andhra Pradesh,1-Primary,33-MPP_ZPP SCHOOLS,1 To 2,3-Co-educational,1-Rural,Tadikonda,Lam,,,KOLLIKONDA PALEM LAM LAM(VILL) TADIKONDA(MANDAL) GUNTUR(DIST),522034,,https://kys.udiseplus.gov.in/#/schooldetail/4679029/12,4679029,22/12/2025 10:56,2268
******00704 Operational,,MPPS KOMMURU,,,,Andhra Pradesh,1-Primary,33-MPP_ZPP SCHOOLS,1 To 5,3-Co-educational,1-Rural,Kakumanu,Kommuru,,,KOMMURU KOMMURU KOMMURU(VILL) KAKUMANU(MANDAL) GUNTUR(DIST),522235,mppskommurumain[at]gmail[dot]com,https://kys.udiseplus.gov.in/#/schooldetail/4682858/12,4682858,28/09/2024 11:43,2268
******00501 Operational,,MPPS KONDAJAGARLAMUDI,,,,Andhra Pradesh,1-Primary,33-MPP_ZPP SCHOOLS,1 To 2,3-Co-educational,1-Rural,Prathipadu,Kondajagarlamudi,,,KONDAJAGARLAMUDI KONDAJAGARLAMUDI KONDAJAGARLAMUDI(VILL) PRATHIPADU(MANDAL) GUNTUR(DIST) 522233,522233,tulasammaravi[at]gmail[dot]com,https://kys.udiseplus.gov.in/#/schooldetail/4681900/12,4681900,23/12/2025 10:46,2268
******00801 Operational,,MPPS KONDAPATURU,,,,Andhra Pradesh,1-Primary,33-MPP_ZPP SCHOOLS,1 To 5,3-Co-educational,1-Rural,Kakumanu,Kondapatur,,,KONDAPATURU KONDAPATURU KONDAPATURU(VILL) KAKUMANU(MANDAL) GUNTUR(DIST),522112,mppskondapatur[at]gmail[dot]com,https://kys.udiseplus.gov.in/#/schooldetail/4682861/12,4682861,28/09/2024 11:46,2268
******00502 Operational,,MPPS KOPALLE (A T ROAD),,,,Andhra Pradesh,1-Primary,33-MPP_ZPP SCHOOLS,1 To 5,3-Co-educational,1-Rural,Tenali,Gudivada,,,KOPALLE KOPALLE GUDIVADA(VILL) TENALI(MANDAL) GUNTUR(DIST),522307,lakshmi.talluru99[at]gmail[dot]com,https://kys.udiseplus.gov.in/#/schooldetail/4681542/12,4681542,22/12/2025 14:43,2268
******00503 Operational,,MPPS KOPALLE (LE),,,,Andhra Pradesh,1-Primary,33-MPP_ZPP SCHOOLS,1 To 5,3-Co-educational,1-Rural,Tenali,Gudivada,,,KOPALLE KOPALLE GUDIVADA(VILL) TENALI(MANDAL) GUNTUR(DIST),522307,govathotiivaralakshmi[at]gmail[dot]com,https://kys.udiseplus.gov.in/#/schooldetail/4681543/12,4681543,22/12/2025 14:43,2268
******00101 Operational,,MPPS KOPPARRU,,,,Andhra Pradesh,1-Primary,33-MPP_ZPP SCHOOLS,1 To 5,3-Co-educational,1-Rural,Pedanandipadu,Kopparru,,,MPPS KOPPARU NEAR RAMAMANDIRAM KOPPARRU(VILL) PEDANANDIPADU(MANDAL) GUNTUR(DIST),522015,mpps28174600101[at]gmail[dot]com,https://kys.udiseplus.gov.in/#/schooldetail/4682781/12,4682781,22/12/2025 13:05,2268
******00102 Operational,,MPPS KOPPURAVURU,,,,Andhra Pradesh,1-Primary,33-MPP_ZPP SCHOOLS,1 To 5,3-Co-educational,1-Rural,Pedakakani,Koppuravuru,,,KOPPURAVURU KOPPURAVURU KOPPURAVURU(VILL) PEDAKAKANI(MANDAL) GUNTUR(DIST),522508,usarthi3[at]gmail[dot]com,https://kys.udiseplus.gov.in/#/schooldetail/4681206/12,4681206,18/09/2024 12:46,2268
******00107 Operational,,MPPS KORNEPADU N,,,,Andhra Pradesh,1-Primary,33-MPP_ZPP SCHOOLS,1 To 5,3-Co-educational,1-Rural,Vatticherukuru,Kornepadu,,,MAIN ROAD KORNEPADU(VILL) VATTICHERUKURU(MANDAL) GUNTUR(DIST),522017,tumulurinagadas[at]gmail[dot]com,https://kys.udiseplus.gov.in/#/schooldetail/4681835/12,4681835,28/09/2024 15:15,2268
******00101 Operational,,MPPS KORRAPADU HE,,,,Andhra Pradesh,1-Primary,33-MPP_ZPP SCHOOLS,1 To 5,3-Co-educational,1-Rural,Medikonduru,Korrapadu,,,NEAR BODRAI CENTER KORRAPDU POST MEDIKONDURU MANDAL GUNTUR DISTRICT 522438,522438,gopiudara123[at]gmail[dot]com,https://kys.udiseplus.gov.in/#/schooldetail/4680583/12,4680583,23/12/2025 10:14,2268
******00904 Operational,,MPPS KOTHAMALLAYAPALEM,,,,Andhra Pradesh,1-Primary,33-MPP_ZPP SCHOOLS,1 To 5,3-Co-educational,1-Rural,Prathipadu,Mallayapalem,,,MPPS KOTHA MALLAYAPALEM MAIN ROAD NEAR PANCHAYAT OFFICE KOTHA MALLAYAPALEM,522019,naac.farman[at]gmail[dot]com,https://kys.udiseplus.gov.in/#/schooldetail/4681918/12,4681918,22/12/2025 19:06,2268
******00909 Operational,,MPPS KOTHAPALEM,,,,Andhra Pradesh,1-Primary,33-MPP_ZPP SCHOOLS,1 To 5,3-Co-educational,2-Urban,NA,,Mangalagiri (M) - Ward No.11,Mangalagiri-Municipality,02-KOTHAPALEM PEDAVADLAPUDI PEDAVADLAPUDI(VILL) MANGALAGIRI(MANDAL) GUNTUR(DIST),522302,donthachinnamma[at]gmail[dot]com,https://kys.udiseplus.gov.in/#/schooldetail/4679608/12,4679608,20/12/2025 13:24,2268
******00905 Operational,,MPPS KOTHAPET,,,,Andhra Pradesh,1-Primary,33-MPP_ZPP SCHOOLS,1 To 5,3-Co-educational,1-Rural,Chebrole,Chebrolu,,,"CHEBROLE , CHEBROLE(VILL) CHEBROLU(MANDAL) GUNTUR(DIST)",522212,syedsalina[at]yahoo[dot]com,https://kys.udiseplus.gov.in/#/schooldetail/4681811/12,4681811,27/09/2024 13:57,2268
******01002 Operational,,"MPPS,KOTHAREDDY PALEM",,,,Andhra Pradesh,1-Primary,33-MPP_ZPP SCHOOLS,1 To 5,3-Co-educational,1-Rural,Chebrole,Pathareddipalem,,,"KOTHAREDDY PALEM , KOTHA REDDY PALEM PATHAREDDIPALEM(VILL) CHEBROLU(MANDAL) GUNTUR(DIST)",522212,mppsswkothareddypalem760[at]gmail[dot]com,https://kys.udiseplus.gov.in/#/schooldetail/4681822/12,4681822,20/07/2022 14:49,2268
******00407 Operational,,MPPS KOTHA YADLAPALLI,,,,Andhra Pradesh,1-Primary,33-MPP_ZPP SCHOOLS,1 To 5,3-Co-educational,1-Rural,Kakumanu,Garikapadu,,,YADLAPALLI YADLAPALLI GARIKAPADU(VILL) KAKUMANU(MANDAL) GUNTUR(DIST),522124,mppskypalli[at]gmail[dot]com,https://kys.udiseplus.gov.in/#/schooldetail/4682845/12,4682845,28/09/2024 11:33,2268
******01104 Operational,,MPPS KOTHIVANIPALEM,,,,Andhra Pradesh,1-Primary,33-MPP_ZPP SCHOOLS,1 To 5,3-Co-educational,1-Rural,Kakumanu,Bodipalem,,,KOTHIVANIPALEM KOTHIVANIPALEM BODIPALEM(VILL) KAKUMANU(MANDAL) GUNTUR(DIST),522315,Kvpmpps45[at]gmail[dot]com,https://kys.udiseplus.gov.in/#/schooldetail/4682874/12,4682874,28/09/2024 11:54,2268
******01304 Operational,,MPPS KOTHURU,,,,Andhra Pradesh,1-Primary,33-MPP_ZPP SCHOOLS,1 To 5,3-Co-educational,2-Urban,NA,,Guntur Ward No. 59,Guntur-Municipal Corporations,KOTHURU CHOWDAVARAM (VILL) GUNTUR(MANDAL) GUNTUR(DIST),522019,thippareddypadma69[at]gmail[dot]com,https://kys.udiseplus.gov.in/#/schooldetail/4680837/12,4680837,20/12/2025 12:19,2268
******01001 Permanently Closed,,MPPS KOVELAMUDI,,,,Andhra Pradesh,1-Primary,33-MPP_ZPP SCHOOLS,1 To 5,3-Co-educational,1-Rural,Vatticherukuru,Kovelamudi,,,NA,522212,,https://kys.udiseplus.gov.in/#/schooldetail/4716020/12,4716020,15/10/2020 12:18,2268
******00706 Operational,,MPPS K.PET PHIRANGIPURAM,,,,Andhra Pradesh,1-Primary,33-MPP_ZPP SCHOOLS,1 To 5,3-Co-educational,1-Rural,Phirangipuram,Phirangipuram,,,KOTHAPETCOLONY PHIRANGIPURAM PHIRANGIPURAM (PT)(VILL) PHIRANGIPURAM(MANDAL) GUNTUR(DIST),522529,tdkmani05[at]gmai[dot]com,https://kys.udiseplus.gov.in/#/schooldetail/4680537/12,4680537,15/10/2020 12:18,2268
******00105 Operational,,MPPS (KP) KORNEPADU,,,,Andhra Pradesh,1-Primary,33-MPP_ZPP SCHOOLS,1 To 5,3-Co-educational,1-Rural,Vatticherukuru,Kornepadu,,,KOTHAPALEM KORNEPADU KORNEPADU(VILL) VATTICHERUKURU(MANDAL) GUNTUR(DIST),522017,kongaramurali[at]gmail[dot]com,https://kys.udiseplus.gov.in/#/schooldetail/4650010/12,4650010,25/09/2024 11:51,2268
******00901 Operational,,MPPS KR KONDURU,,,,Andhra Pradesh,1-Primary,33-MPP_ZPP SCHOOLS,1 To 5,3-Co-educational,1-Rural,Duggirala,Kantamraju Konduru,,,Nr GRAMAPANCHAYAT OFFICE KR KONDURU K.R.KONDURU(VILL) DUGGIRALA(MANDAL) GUNTUR(DIST),522330,umaravuri10[at]gmail[dot]com,https://kys.udiseplus.gov.in/#/schooldetail/4681304/12,4681304,15/10/2020 12:18,2268
******00401 Permanently Closed,,MPPS KUNCHANAPALLI,,,,Andhra Pradesh,1-Primary,33-MPP_ZPP SCHOOLS,1 To 5,3-Co-educational,1-Rural,Tadepalle,NA,,,NA,522501,,https://kys.udiseplus.gov.in/#/schooldetail/4715768/12,4715768,15/10/2020 12:18,2268
******00401 Permanently Closed,,MPPS KUNCHAVARAM,,,,Andhra Pradesh,1-Primary,33-MPP_ZPP SCHOOLS,1 To 5,3-Co-educational,1-Rural,Kollipara,Kunchavaram,,,NA,522306,,https://kys.udiseplus.gov.in/#/schooldetail/4715947/12,4715947,15/10/2020 12:18,2268
******00107 Operational,,MPPS KURAGALLU,,,,Andhra Pradesh,1-Primary,33-MPP_ZPP SCHOOLS,1 To 5,3-Co-educational,1-Rural,Mangalagiri,Kuragallu,,,KURAGALLU KURAGALLU KURAGALLU(VILL) MANGALAGIRI(MANDAL) GUNTUR(DIST),522503,jessienirmala72[at]gmail[dot]com,https://kys.udiseplus.gov.in/#/schooldetail/4678854/12,4678854,20/12/2025 13:07,2268
******00401 Operational,,MPPS KURNUTHALA,,,,Andhra Pradesh,1-Primary,33-MPP_ZPP SCHOOLS,1 To 5,3-Co-educational,1-Rural,Vatticherukuru,Kurnoothala,,,KURNUTHALA(VILL) VATTICHERUKURU(MANDAL) GUNTUR(DIST),522017,mppskurnuthala[at]gmail[dot]com,https://kys.udiseplus.gov.in/#/schooldetail/4681850/12,4681850,28/09/2024 15:24,2268
******00301 Operational,,MPPS LACHANNA GUDIPUDI,,,,Andhra Pradesh,1-Primary,33-MPP_ZPP SCHOOLS,1 To 5,3-Co-educational,1-Rural,Tadikonda,Lachannagudipudi,,,LACHANNA GUDIPUDI LACHANNA GUDIPUDI LATCHANNAGUDIPUDI(VILL) TADIKONDA(MANDAL) GUNTUR(DIST),522016,mppslgpudi25[at]gmail[dot]com,https://kys.udiseplus.gov.in/#/schooldetail/4679662/12,4679662,22/12/2025 10:56,2268
******00606 Operational,,MPPS LALPURAM,,,,Andhra Pradesh,1-Primary,33-MPP_ZPP SCHOOLS,1 To 5,3-Co-educational,1-Rural,Guntur,Ankireddipalem (R),,,MPPS Lalpuram guntur,522017,srao90815[at]gmail[dot]com,https://kys.udiseplus.gov.in/#/schooldetail/4680758/12,4680758,20/12/2025 12:53,2268
******01110 Operational,,MPPS LALPURAM (OLD UP),,,,Andhra Pradesh,1-Primary,33-MPP_ZPP SCHOOLS,1 To 5,3-Co-educational,1-Rural,Guntur,Ankireddipalem (R),,,LAL PURAM LAL PURAM ANKIREDDIPALEM(VILL) GUNTUR(MANDAL) GUNTUR(DIST),522004,shaikanwarbasha384[at]gmail[dot]com,https://kys.udiseplus.gov.in/#/schooldetail/4680818/12,4680818,20/12/2025 13:08,2268
******01104 Operational,,MPPS LAM,,,,Andhra Pradesh,1-Primary,33-MPP_ZPP SCHOOLS,1 To 5,3-Co-educational,1-Rural,Tadikonda,Lam,,,LAM (VILL) TADIKONDA(MANDAL) GUNTUR(DIST),522034,mahamooda6599[at]gmail[dot]com,https://kys.udiseplus.gov.in/#/schooldetail/4679716/12,4679716,22/12/2025 11:00,2268
******01204 Operational,,MPPS LAMBADIPALEM,,,,Andhra Pradesh,1-Primary,33-MPP_ZPP SCHOOLS,1 To 5,3-Co-educational,1-Rural,Kollipara,Thumuluru,,,LAMBADIPALEM LAMBADIPALEM THUMULURU(VILL) KOLLIPARA(MANDAL) GUNTUR(DIST),522304,mppslambadipalem[at]gmail[dot]com,https://kys.udiseplus.gov.in/#/schooldetail/4681386/12,4681386,23/12/2025 11:34,2268
******01803 Operational,,MPPS(LANKA) U.R.PALEM,,,,Andhra Pradesh,1-Primary,33-MPP_ZPP SCHOOLS,1 To 5,3-Co-educational,1-Rural,Thullur,Uddandarayunipalem,,,UDDANDRAYUNIPALEM UDDANDRAYUNIPALEM UDDANDA RAYUNI PALEM(VILL) THULLUR(MANDAL) GUNTUR(DIST),522503,knagasai92[at]gmail[dot]com,https://kys.udiseplus.gov.in/#/schooldetail/4679450/12,4679450,08/10/2024 13:45,2268
******00406 Operational,,MPPS LAXMIPURAM,,,,Andhra Pradesh,1-Primary,33-MPP_ZPP SCHOOLS,1 To 5,3-Co-educational,1-Rural,Kakumanu,Garikapadu,,,LAXMIPURAM LAXMIPURAM GARIKAPADU(VILL) KAKUMANU(MANDAL) GUNTUR(DIST),522124,mppslxprm2022[at]gmail[dot]com,https://kys.udiseplus.gov.in/#/schooldetail/4682844/12,4682844,28/09/2024 11:33,2268
******00402 Operational,,MPPS LC GARIKAPADU,,,,Andhra Pradesh,1-Primary,33-MPP_ZPP SCHOOLS,1 To 5,3-Co-educational,1-Rural,Kakumanu,Garikapadu,,,LUDHARAN CHURCH GARIKAPADU GARIKAPADU(VILL) KAKUMANU(MANDAL) GUNTUR(DIST),522112,narasimkorukonda[at]gmail[dot]com,https://kys.udiseplus.gov.in/#/schooldetail/4682106/12,4682106,28/09/2024 11:29,2268
******00503 Operational,,MPPS (LE) ATHOTA,,,,Andhra Pradesh,1-Primary,33-MPP_ZPP SCHOOLS,1 To 5,3-Co-educational,1-Rural,Kollipara,Athota,,,KAMATHAM VARI PALEM ATHOTA ATHOTA(VILL) KOLLIPARA(MANDAL) GUNTUR(DIST),522306,mppsleathota[at]gmail[dot]com,https://kys.udiseplus.gov.in/#/schooldetail/4681351/12,4681351,22/12/2025 15:07,2268
******00401 Operational,,MPPS (LE) ATMAKUR,,,,Andhra Pradesh,1-Primary,33-MPP_ZPP SCHOOLS,1 To 2,3-Co-educational,2-Urban,NA,,Mangalagiri Ward No.13,Mangalagiri-Municipality,NEAR WATER TANK ATMAKURU ATMAKUR(VILL) MANGALAGIRI(MANDAL) GUNTUR(DIST),522503,mppsleatmakur[at]gmail[dot]com,https://kys.udiseplus.gov.in/#/schooldetail/4679560/12,4679560,20/12/2025 13:14,2268
******00901 Operational,,MPPS (LE) BANDARUPALLI,,,,Andhra Pradesh,1-Primary,33-MPP_ZPP SCHOOLS,1 To 5,3-Co-educational,1-Rural,Tadikonda,Bandarupalle,,,S C COLONY BANDARUPALLI BANDARUPALLI(VILL) TADIKONDA(MANDAL) GUNTUR(DIST),522018,manikyamj71[at]gmail[dot]com,https://kys.udiseplus.gov.in/#/schooldetail/4679708/12,4679708,22/12/2025 10:59,2268
******00903 Operational,,MPPS LEB PEDAVADLAPUDI,,,,Andhra Pradesh,1-Primary,33-MPP_ZPP SCHOOLS,1 To 2,3-Co-educational,2-Urban,NA,,Mangalagiri (M) - Ward No.7,Mangalagiri-Municipality,HARIJANAWADA PEDAVADLAPUDI PEDAVADLAPUDI(VILL) MANGALAGIRI(MANDAL) GUNTUR(DIST),522302,rajyalakshmimuppavaram[at]gmail[dot]com,https://kys.udiseplus.gov.in/#/schooldetail/4679603/12,4679603,20/12/2025 13:24,2268
******00601 Operational,,MPPS(LE) CHINAKUNDRAPADU,,,,Andhra Pradesh,1-Primary,33-MPP_ZPP SCHOOLS,1 To 5,3-Co-educational,1-Rural,Prathipadu,Nadimpalem,,,NEAR LUTHARAN CHURCH CHINAKONDUR NADIMPALEM(VILL) PRATHIPADU(MANDAL) GUNTUR(DIST) 522019,522019,mppslechinakondrupadu23[at]gmail[dot]com,https://kys.udiseplus.gov.in/#/schooldetail/4681901/12,4681901,22/12/2025 18:07,2268
******00703 Operational,,MPPS(LE) CHIVALURU,,,,Andhra Pradesh,1-Primary,33-MPP_ZPP SCHOOLS,1 To 5,3-Co-educational,1-Rural,Kollipara,Chivalur,,,CHIVALUR CHIVULUR CHIVALUR(VILL) KOLLIPARA(MANDAL) GUNTUR(DIST),522304,mppslechivaluru[at]gmail[dot]com,https://kys.udiseplus.gov.in/#/schooldetail/4681355/12,4681355,22/12/2025 15:25,2268
******00707 Operational,,MPPS (LE)CH V PALEM,,,,Andhra Pradesh,1-Primary,33-MPP_ZPP SCHOOLS,1 To 5,3-Co-educational,1-Rural,Tenali,Angalakuduru,,,CHAVAVARIPALEM CHAVARIPALEM ANGALAKUDURU(VILL) TENALI(MANDAL) GUNTUR(DIST),522211,chevurinagamani1981[at]gmail[dot]com,https://kys.udiseplus.gov.in/#/schooldetail/4681558/12,4681558,22/12/2025 14:54,2268
******01301 Operational,,MPPS(LE) DAVULURU,,,,Andhra Pradesh,1-Primary,33-MPP_ZPP SCHOOLS,1 To 5,3-Co-educational,1-Rural,Kollipara,Davuluru,,,AMBEDKAR CENTRE DAVULULRU DAVULURU(VILL) KOLLIPARA(MANDAL) GUNTUR(DIST),522304,mppsledavuluru67[at]gmail[dot]com,https://kys.udiseplus.gov.in/#/schooldetail/4681389/12,4681389,24/12/2025 12:26,2268
******00203 Operational,,MPPS(LE) GORLAVARI PALEM,,,,Andhra Pradesh,1-Primary,33-MPP_ZPP SCHOOLS,1 To 5,3-Co-educational,1-Rural,Guntur,Peda Palakaluru (Part),,,GORLAVARIPALEM GORLAVARIPALEM PEDA PALAKALURU(VILL) GUNTUR(MANDAL) GUNTUR(DIST),522018,le_grpalem[at]outlook[dot]com,https://kys.udiseplus.gov.in/#/schooldetail/4679894/12,4679894,20/12/2025 12:14,2268
******00902 Operational,,MPPS LEG PVPUDI,,,,Andhra Pradesh,1-Primary,33-MPP_ZPP SCHOOLS,1 To 5,3-Co-educational,2-Urban,NA,,Mangalagiri (M) - Ward No.8,Mangalagiri-Municipality,PEDAVADLAPUDI(VILL) PANCHAYATI OFFICE COMPOUND PEDAVADLAPUDI(VILL) MANGALAGIRI(MANDAL) GUNTUR(DIST),522302,legschool123[at]gmail[dot]com,https://kys.udiseplus.gov.in/#/schooldetail/4679602/12,4679602,20/12/2025 13:24,2268
******01501 Operational,,MPPS(LE) INAVOLU,,,,Andhra Pradesh,1-Primary,33-MPP_ZPP SCHOOLS,1 To 5,3-Co-educational,1-Rural,Thullur,Ainavolu,,,INAVOLU INAVOLU AINAVOLU(VILL) THULLUR(MANDAL) GUNTUR(DIST),522237,bajibabummp1977[at]gmail[dot]com,https://kys.udiseplus.gov.in/#/schooldetail/4679438/12,4679438,08/10/2024 13:37,2268
******01201 Operational,,MPPS (LE) KANTHERU,,,,Andhra Pradesh,1-Primary,33-MPP_ZPP SCHOOLS,1 To 5,3-Co-educational,1-Rural,Tadikonda,Kantheru,,,S C COLONY KANTHERU KANTHERU(VILL) TADIKONDA(MANDAL) GUNTUR(DIST),522508,meotadikonda[at]gmail[dot]com,https://kys.udiseplus.gov.in/#/schooldetail/4679719/12,4679719,22/12/2025 11:00,2268
******00904 Operational,,MPPS (LE) KOLLIPARA,,,,Andhra Pradesh,1-Primary,33-MPP_ZPP SCHOOLS,1 To 5,3-Co-educational,1-Rural,Kollipara,Kollipara,,,B R AMBEDKARNAGAR KOLLIPARA KOLLIPARA(VILL) KOLLIPARA(MANDAL) GUNTUR(DIST),522304,dasarialivelukumari[at]gmail[dot]com,https://kys.udiseplus.gov.in/#/schooldetail/4681363/12,4681363,22/12/2025 14:53,2268
******01101 Operational,,MPPS(LE) KONDEPADU,,,,Andhra Pradesh,1-Primary,33-MPP_ZPP SCHOOLS,1 To 5,3-Co-educational,1-Rural,Prathipadu,Kondepadu,,,KONDEPADU (VILL) PRATHIPADU(MANDAL) GUNTUR(DIST),522019,vedulaumamaheswar[at]gmail[dot]com,https://kys.udiseplus.gov.in/#/schooldetail/4681924/12,4681924,22/12/2025 20:02,2268
******00202 Operational,,MPPS (LE) KOYAPALEM,,,,Andhra Pradesh,1-Primary,33-MPP_ZPP SCHOOLS,1 To 5,3-Co-educational,1-Rural,Prathipadu,Enamadala,,,MPPS LE NEAR CHURCH KOYAVARIPALEM (VILL) PRATHIPADU(MANDAL) GUNTUR(DIST) 522019,522019,Skhussainsaheb777[at]gmail[dot]com,https://kys.udiseplus.gov.in/#/schooldetail/4681881/12,4681881,23/12/2025 14:27,2268
******00903 Operational,,MPPS (LE) MALLYAPALEM,,,,Andhra Pradesh,1-Primary,33-MPP_ZPP SCHOOLS,1 To 5,3-Co-educational,1-Rural,Prathipadu,Mallayapalem,,,MPPS NEAR GANDHIBOMMA PMP MALLAYAPALEM MALLAYAPALEM(VILL) PRATHIPADU(MANDAL) GUNTUR(DIST),522019,mppslep.mpalem[at]gmail[dot]com,https://kys.udiseplus.gov.in/#/schooldetail/4681917/12,4681917,23/12/2025 09:45,2268
******00803 Operational,,MPPS (LE) MEDIKONDURU,,,,Andhra Pradesh,1-Primary,33-MPP_ZPP SCHOOLS,1 To 5,3-Co-educational,1-Rural,Medikonduru,Medikonduru,,,VELAVARTHIPADU ROAD MEDIKONDURU(VILL) MEDIKONDURU(MANDAL) GUNTUR(DIST)522438,522438,medikondurumppsle[at]gmail[dot]com,https://kys.udiseplus.gov.in/#/schooldetail/4680618/12,4680618,23/12/2025 11:23,2268
******00402 Operational,,MPPS L E MOTHADAKA,,,,Andhra Pradesh,1-Primary,33-MPP_ZPP SCHOOLS,1 To 5,3-Co-educational,1-Rural,Tadikonda,Mothadaka,,,S C COLONY MOTHADAKA MOTHADAKA(VILL) TADIKONDA(MANDAL) GUNTUR(DIST),522016,Ragiunguturu1[at]gmail[dot]com,https://kys.udiseplus.gov.in/#/schooldetail/4679664/12,4679664,22/12/2025 10:54,2268
******00202 Operational,,MPPS (LE) MUNNANGI,,,,Andhra Pradesh,1-Primary,33-MPP_ZPP SCHOOLS,1 To 5,3-Co-educational,1-Rural,Kollipara,Munnangi,,,CHURCH ROAD MUNNANGI MUNNANGI(VILL) KOLLIPARA(MANDAL) GUNTUR(DIST),522304,munagaladhanalakshmi35[at]gmail[dot]com,https://kys.udiseplus.gov.in/#/schooldetail/4681342/12,4681342,22/12/2025 14:38,2268
******00103 Operational,,MPPS (LE) NEERUKONDA,,,,Andhra Pradesh,1-Primary,33-MPP_ZPP SCHOOLS,1 To 5,3-Co-educational,1-Rural,Mangalagiri,Kuragallu,,,"NEERUKONDA VILLAGE,MANGALAGIRI MANDAL,GUNTUR DISTRICT",522503,nurjahanbegum2478[at]gmail[dot]com,https://kys.udiseplus.gov.in/#/schooldetail/4679537/12,4679537,20/12/2025 13:07,2268
******00802 Closed,Closed,MPPS(LE) PIDAPARRU,,,,Andhra Pradesh,1-Primary,33-MPP_ZPP SCHOOLS,1 To 5,3-Co-educational,1-Rural,Kollipara,Pidaparru,,,AMBEDKARNAGAR PIDAPARRU PIDAPARRU(VILL) KOLLIPARA(MANDAL) GUNTUR(DIST),522304,suvarnakolluri009[at]gmail[dot]com,https://kys.udiseplus.gov.in/#/schooldetail/4681357/12,4681357,04/08/2025 11:52,2268
******01402 Operational,,MPPS(LE) PONUGUPADU,,,,Andhra Pradesh,1-Primary,33-MPP_ZPP SCHOOLS,1 To 5,3-Co-educational,1-Rural,Phirangipuram,Ponugupadu,,,INDIRA COLONY PONUGUPADU PONUGUPADU(VILL) PHIRANGIPURAM(MANDAL) GUNTUR(DIST),522549,mppsleponugupaduprasad[at]gmail[dot]com,https://kys.udiseplus.gov.in/#/schooldetail/4680580/12,4680580,11/03/2024 17:20,2268
******00404 Operational,,MPPS (LE) PRATHIAPADU,,,,Andhra Pradesh,1-Primary,33-MPP_ZPP SCHOOLS,1 To 5,3-Co-educational,1-Rural,Prathipadu,Prathipadu,,,BEHIND AELC CHURCH PRATHIPADU PRATHIPADU(VILL) PRATHIPADU(MANDAL) GUNTUR(DIST),522019,durga.badugu445[at]gmail[dot]com,https://kys.udiseplus.gov.in/#/schooldetail/4681888/12,4681888,22/12/2025 20:05,2268
******01004 Operational,,MPPS(LE)PR PALEM,,,,Andhra Pradesh,1-Primary,33-MPP_ZPP SCHOOLS,1 To 5,3-Co-educational,1-Rural,Chebrole,Pathareddipalem,,,"L CHURCH PATHAREDDIPALEM , PATHAREDDIPALEM(VILL) CHEBROLU(MANDAL) GUNTUR(DIST)",522212,msitaramanjaneyulu73[at]gmail[dot]com,https://kys.udiseplus.gov.in/#/schooldetail/4681824/12,4681824,27/09/2024 12:22,2268
******01101 Operational,,MPPS(LE) RAYAPUDI,,,,Andhra Pradesh,1-Primary,33-MPP_ZPP SCHOOLS,1 To 5,3-Co-educational,1-Rural,Thullur,Rayapudi,,,MPPS LE RAYAPUDI THULLUR Mandal GUNTUR(DIST),522237,bjacob840[at]gmail[dot]com,https://kys.udiseplus.gov.in/#/schooldetail/4679429/12,4679429,08/10/2024 13:31,2268
******01402 Operational,,MPPS(LE) SAKHAMURU,,,,Andhra Pradesh,1-Primary,33-MPP_ZPP SCHOOLS,1 To 5,3-Co-educational,1-Rural,Thullur,Sakhamur,,,S C COLONY SAKHAMURU SAKHAMURU(VILL) THULLUR(MANDAL) GUNTUR(DIST),522237,meothullur[at]gmail[dot]com,https://kys.udiseplus.gov.in/#/schooldetail/4679437/12,4679437,08/10/2024 13:36,2268
******00602 Operational,,MPPS(LE) SEKURU,,,,Andhra Pradesh,1-Primary,33-MPP_ZPP SCHOOLS,1 To 5,3-Co-educational,1-Rural,Chebrole,Sekuru,,,"5th WARD SEKURU , SEKUR(VILL) CHEBROLU(MANDAL) GUNTUR(DIST)",522213,mkranthi86[at]gmail[dot]com,https://kys.udiseplus.gov.in/#/schooldetail/4681786/12,4681786,22/12/2025 11:57,2268
******00601 Operational,,MPPS(LE) SIRIPURAM,,,,Andhra Pradesh,1-Primary,33-MPP_ZPP SCHOOLS,1 To 5,3-Co-educational,1-Rural,Kollipara,Siripuram,,,SIRIPURAM SIRIPURAM SIRIPURAM(VILL) KOLLIPARA(MANDAL) GUNTUR(DIST),522304,mppslesiripuram[at]gmail[dot]com,https://kys.udiseplus.gov.in/#/schooldetail/4681354/12,4681354,22/12/2025 15:09,2268
******00304 Operational,,MPPS(LE)TADEPALLI,,,,Andhra Pradesh,1-Primary,33-MPP_ZPP SCHOOLS,1 To 5,3-Co-educational,2-Urban,NA,,Tadepalli Ward No.3,Tadepalli-Municipality,CRISHTIANPET TADEPALLI TADEPALLI(VILL) THADEPALLE(MANDAL) GUNTUR(DIST),522501,bsk.batti[at]gmail[dot]com,https://kys.udiseplus.gov.in/#/schooldetail/4679479/12,4679479,08/10/2024 11:47,2268
******00603 Closed,Closed,MPPS (LE) TADIKONDA,,,,Andhra Pradesh,1-Primary,33-MPP_ZPP SCHOOLS,1 To 5,3-Co-educational,1-Rural,Tadikonda,Tadikonda,,,RAMALAYAMSTREET TADI KONDA TADIKONDA(VILL) TADIKONDA(MANDAL) GUNTUR(DIST),522236,mppsletdk603[at]gmail[dot]com,https://kys.udiseplus.gov.in/#/schooldetail/4679672/12,4679672,26/07/2024 11:14,2268
******00213 Operational,,MPPS (LE)THIKKIREDDYPALEM,,,,Andhra Pradesh,1-Primary,33-MPP_ZPP SCHOOLS,1 To 5,3-Co-educational,1-Rural,Prathipadu,Enamadala,,,THIKKIREDDY PALLEM THIKKIREDDY PALLEM THIKKIREDDY PALLEM(VILL) PRATHIPADU(MANDAL) GUNTUR(DIST),522019,matangiratnarao6[at]gmail[dot]com,https://kys.udiseplus.gov.in/#/schooldetail/4681883/12,4681883,23/12/2025 12:34,2268
******01002 Operational,,MPPS (LE) THIMMAPURAM,,,,Andhra Pradesh,1-Primary,33-MPP_ZPP SCHOOLS,1 To 5,3-Co-educational,1-Rural,Prathipadu,Vangipuram,,,THIMMAPURAM VANGIPURAM VANGIPURAM(VILL) PRATHIPADU(MANDAL) GUNTUR(DIST),522015,ravindrababu1996[at]gmail[dot]com,https://kys.udiseplus.gov.in/#/schooldetail/4681921/12,4681921,22/12/2025 20:00,2268
******00602 Operational,,MPPS (LE) THULLUR,,,,Andhra Pradesh,1-Primary,33-MPP_ZPP SCHOOLS,1 To 2,3-Co-educational,1-Rural,Thullur,Thullur,,,SC COLONY THULLUR TULLUR(VILL) THULLUR(MANDAL) GUNTUR(DIST),522237,chennupatiindira[at]gmail[dot]com,https://kys.udiseplus.gov.in/#/schooldetail/4679415/12,4679415,12/11/2025 13:01,2268
******01202 Operational,,MPPS(LE) TUMULURU,,,,Andhra Pradesh,1-Primary,33-MPP_ZPP SCHOOLS,1 To 5,3-Co-educational,1-Rural,Kollipara,Thumuluru,,,AMBEDKAR NAGAR THUMULURU THUMULURU(VILL) KOLLIPARA(MANDAL) GUNTUR(DIST),522304,Sikhinamsuvarnakumari79[at]gmail[dot]com,https://kys.udiseplus.gov.in/#/schooldetail/4681384/12,4681384,23/12/2025 11:31,2268
******00102 Operational,,MPPS (LE) VALLABHAPURAM,,,,Andhra Pradesh,1-Primary,33-MPP_ZPP SCHOOLS,1 To 5,3-Co-educational,1-Rural,Kollipara,Vallabhapuram,,,VALLABHAPURAM(VILL)KOLLIPARA(MANDAL)GUNTUR(DIST),522308,mppslevallabhapuram[at]gmail[dot]com,https://kys.udiseplus.gov.in/#/schooldetail/4681338/12,4681338,22/12/2025 14:17,2268
******00802 Operational,,MPPS(LE) VEMULURIPADU,,,,Andhra Pradesh,1-Primary,33-MPP_ZPP SCHOOLS,1 To 5,3-Co-educational,1-Rural,Phirangipuram,Aminabada,,,CHRISTIAN AREA VEMULURIPADU AMEENABAD(VILL) PHIRANGIPURAM(MANDAL) GUNTUR(DIST),522529,mgnanashowramma[at]gmail[dot]com,https://kys.udiseplus.gov.in/#/schooldetail/4680556/12,4680556,15/10/2020 12:18,2268
******02101 Operational,,MPPS(LE) VENKATAPALEM,,,,Andhra Pradesh,1-Primary,33-MPP_ZPP SCHOOLS,1 To 2,3-Co-educational,1-Rural,Thullur,Venkatapalem,,,VENKATA PALEM(VILL) THULLUR(MANDAL) GUNTUR(DIST),522503,mppsle02101[at]gmail[dot]com,https://kys.udiseplus.gov.in/#/schooldetail/4679459/12,4679459,12/11/2025 13:02,2268
******00301 Operational,,MPPS (LE)YERRABALEM,,,,Andhra Pradesh,1-Primary,33-MPP_ZPP SCHOOLS,1 To 5,3-Co-educational,1-Rural,Mangalagiri,Krishnayapalem,,,NEAR THE CHURCH YERRABALEM NOWLUR(VILL) MANGALAGIRI(MANDAL) GUNTUR(DIST),522503,srinivasdontha1967[at]gmail[dot]com,https://kys.udiseplus.gov.in/#/schooldetail/4679541/12,4679541,20/12/2025 13:08,2268
******00101 Operational,,MPPS L G PALEM(SPL),,,,Andhra Pradesh,1-Primary,33-MPP_ZPP SCHOOLS,1 To 5,3-Co-educational,1-Rural,Kakumanu,Vallur,,,LINGAMGUNTAPALEM LINGAMGUNTAPALEM VALLUR(VILL) KAKUMANU(MANDAL) GUNTUR(DIST),522212,chilakachittibabu1973[at]gmail[dot]com,https://kys.udiseplus.gov.in/#/schooldetail/4682829/12,4682829,23/12/2025 15:53,2268
******00102 Operational,,MPPS L G PALEM(URADU),,,,Andhra Pradesh,1-Primary,33-MPP_ZPP SCHOOLS,1 To 5,3-Co-educational,1-Rural,Kakumanu,Vallur,,,LINGAMGUNTAPALEM LINGAMGUNTAPALEM VALLUR(VILL) KAKUMANU(MANDAL) GUNTUR(DIST),522212,magbul8578[at]gmail[dot]com,https://kys.udiseplus.gov.in/#/schooldetail/4682830/12,4682830,28/09/2024 11:20,2268
******00905 Closed,Closed,MPPS (LIC) PEDAVADLAPUDI,,,,Andhra Pradesh,1-Primary,33-MPP_ZPP SCHOOLS,1 To 5,3-Co-educational,1-Rural,NA,NA,,,LIC COLONY PEDAVADLAPUDI PEDAVADLAPUDI(VILL) MANGALAGIRI(MANDAL) GUNTUR(DIST),522302,liccolony[at]gmail[dot]com,https://kys.udiseplus.gov.in/#/schooldetail/4679605/12,4679605,29/12/2022 14:36,2268
******01104 Operational,,MPPS LINGAYAPALEM,,,,Andhra Pradesh,1-Primary,33-MPP_ZPP SCHOOLS,1 To 5,3-Co-educational,1-Rural,Guntur,Ankireddipalem (R),,,LINGAYAPALEM LINGAYAPALEM ANKIREDDIPALEM(VILL) GUNTUR(MANDAL) GUNTUR(DIST),522005,,https://kys.udiseplus.gov.in/#/schooldetail/4680812/12,4680812,20/12/2025 13:07,2268
******01701 Operational,,MPPS LINGAYAPALEM,,,,Andhra Pradesh,1-Primary,33-MPP_ZPP SCHOOLS,1 To 5,3-Co-educational,1-Rural,Thullur,Lingayapalem,,,LINGAYAPALEM LINGAYAPALEM LINGAYAPALEM(VILL) THULLUR(MANDAL) GUNTUR(DIST),522237,nathalavani[at]gmail[dot]com,https://kys.udiseplus.gov.in/#/schooldetail/4679446/12,4679446,08/10/2024 13:39,2268
******01105 Operational,,MPPS L N PURAM,,,,Andhra Pradesh,1-Primary,33-MPP_ZPP SCHOOLS,1 To 5,3-Co-educational,1-Rural,Guntur,Ankireddipalem (R),,,LAXMI NARASIMHA PURAM LAXMI NARASIMHA PURAM ANKIREDDIPALEM(VILL) GUNTUR(MANDAL) GUNTUR(DIST),522005,nirmalasrinu54[at]gmail[dot]com,https://kys.udiseplus.gov.in/#/schooldetail/4680813/12,4680813,20/12/2025 13:07,2268
******01004 Operational,,MPPS L R NAGAR,,,,Andhra Pradesh,1-Primary,33-MPP_ZPP SCHOOLS,1 To 2,3-Co-educational,2-Urban,NA,,Guntur Ward No. 54,Guntur-Municipal Corporations,LAXMI RAGHURAMNAGAR NALLAPADU NALLAPADU(VILL) GUNTUR(MANDAL) GUNTUR(DIST),522005,,https://kys.udiseplus.gov.in/#/schooldetail/4680801/12,4680801,20/12/2025 13:02,2268
******00309 Operational,,MPPS LUDHARAGIRI PK,,,,Andhra Pradesh,1-Primary,33-MPP_ZPP SCHOOLS,1 To 5,3-Co-educational,1-Rural,Pedakakani,Pedakakani,,,LUDHARGIRI PEDA KAKANI PEDAKAKANI(VILL) PEDAKAKANI(MANDAL) GUNTUR(DIST),522509,,https://kys.udiseplus.gov.in/#/schooldetail/4681225/12,4681225,18/09/2024 12:21,2268
******02002 Operational,,MPPS MACHAVARAM,,,,Andhra Pradesh,1-Primary,33-MPP_ZPP SCHOOLS,1 To 5,3-Co-educational,1-Rural,Ponnur,Mulukuduru,,,MPPS MACHAVARAM VILLAGE PONNUR MANDAL GUNTUR DT-522315,522315,mppsmachavaram2002[at]gmail[dot]com,https://kys.udiseplus.gov.in/#/schooldetail/4682937/12,4682937,07/10/2024 17:00,2268
******01002 Operational,,MPPS (Main) ANNAVARAM,,,,Andhra Pradesh,1-Primary,33-MPP_ZPP SCHOOLS,1 To 5,3-Co-educational,1-Rural,Pedanandipadu,Annavaram,,,ANNAVARAM(VILL) PEDANANDIPADU(MANDAL) GUNTUR(DIST),522616,MPPS28174601002[at]GMAIL[dot]COM,https://kys.udiseplus.gov.in/#/schooldetail/4682821/12,4682821,22/12/2025 19:01,2268
******00407 Operational,,MPPS (MAIN) ATMAKUR,,,,Andhra Pradesh,1-Primary,33-MPP_ZPP SCHOOLS,1 To 5,3-Co-educational,2-Urban,NA,,Mangalagiri Ward No.13,Mangalagiri-Municipality,NEAR RICE MILL ATMAKURU ATMAKUR(VILL) MANGALAGIRI(MANDAL) GUNTUR(DIST),522503,mppsmainatmakurmgl[at]gmail[dot]com,https://kys.udiseplus.gov.in/#/schooldetail/4679565/12,4679565,20/12/2025 13:15,2268
******00605 Operational,,MPPS (MAIN) CHINAKONDRU,,,,Andhra Pradesh,1-Primary,33-MPP_ZPP SCHOOLS,1 To 5,3-Co-educational,1-Rural,Prathipadu,Nadimpalem,,,near boddurai centre Opp co-operative society chinakondrupadu,522019,jayanthimerigala[at]gmail[dot]com,https://kys.udiseplus.gov.in/#/schooldetail/4681906/12,4681906,22/12/2025 19:56,2268
******01202 Operational,,MPPS (MAIN) EMANI,,,,Andhra Pradesh,1-Primary,33-MPP_ZPP SCHOOLS,1 To 5,3-Co-educational,1-Rural,Duggirala,Emani,,,MAIN ROAD EMANI EMANI(VILL) DUGGIRALA(MANDAL) GUNTUR(DIST),522308,meoduggirala2018[at]gmail[dot]com,https://kys.udiseplus.gov.in/#/schooldetail/4681330/12,4681330,11/03/2024 17:03,2268
******00106 Operational,,MPPS MAIN KAZA,,,,Andhra Pradesh,1-Primary,33-MPP_ZPP SCHOOLS,1 To 5,3-Co-educational,1-Rural,Mangalagiri,Kuragallu,,,NEAR MILK(SOCEITY) CENTRE KAZA KURAGALLU(VILL) MANGALAGIRI(MANDAL) GUNTUR(DIST),522503,mppsmainkaza88[at]gmail[dot]com,https://kys.udiseplus.gov.in/#/schooldetail/4679539/12,4679539,20/12/2025 13:07,2268
******00602 Operational,,MPPS (MAIN) PEDAPALEM,,,,Andhra Pradesh,1-Primary,33-MPP_ZPP SCHOOLS,1 To 5,3-Co-educational,1-Rural,Duggirala,Chinapalem,,,PEDAPALEM PEDAPALEM CHINA PALEM(VILL) DUGGIRALA(MANDAL) GUNTUR(DIST),522305,mppsmainpedapalem12[at]gmail[dot]com,https://kys.udiseplus.gov.in/#/schooldetail/4681293/12,4681293,11/03/2024 17:00,2268
******00901 Operational,,MPPS MAIN PEDAVADLAPUDI,,,,Andhra Pradesh,1-Primary,33-MPP_ZPP SCHOOLS,1 To 5,3-Co-educational,2-Urban,NA,,Mangalagiri (M) - Ward No.7,Mangalagiri-Municipality,PEDAVADLAPUDI(VIL)HARIJANAWADA MANGALAGIRI (MNDL) PEDAVADLAPUDI(VILL) MANGALAGIRI(MANDAL) GUNTUR(DIST),522302,mppsmainpvd[at]gmail[dot]com,https://kys.udiseplus.gov.in/#/schooldetail/4679601/12,4679601,20/12/2025 13:23,2268
******01004 Operational,,MPPS (MAIN) PENUMULI,,,,Andhra Pradesh,1-Primary,33-MPP_ZPP SCHOOLS,1 To 5,3-Co-educational,1-Rural,Duggirala,Penumudi,,,MAIN ROAD PENUMULI PENUMULI(VILL) DUGGIRALA(MANDAL) GUNTUR(DIST),522330,adimulamchittibabu[at]gmail[dot]com,https://kys.udiseplus.gov.in/#/schooldetail/4681313/12,4681313,15/10/2020 12:18,2268
******01105 Operational,,MPPS(MAIN) RAYAPUDI,,,,Andhra Pradesh,1-Primary,33-MPP_ZPP SCHOOLS,1 To 5,3-Co-educational,1-Rural,Thullur,Rayapudi,,,RAYAPUDI RAYAPUDI RAYAPUDI(VILL) THULLUR(MANDAL) GUNTUR(DIST)522237,522237,indlasambrajyam[at]gmail[dot]com,https://kys.udiseplus.gov.in/#/schooldetail/4679433/12,4679433,08/10/2024 13:34,2268
******00609 Operational,,MPPS(MAIN) SEKURU,,,,Andhra Pradesh,1-Primary,33-MPP_ZPP SCHOOLS,1 To 5,3-Co-educational,1-Rural,Chebrole,Sekuru,,,"4TH WARD SEKURU , SEKUR(VILL) CHEBROLU(MANDAL) GUNTUR(DIST)",522213,rajeswararaolam[at]gmail[dot]com,https://kys.udiseplus.gov.in/#/schooldetail/4681793/12,4681793,22/12/2025 11:58,2268
******00401 Operational,,MPPS (MAIN) VEERLAPALEM,,,,Andhra Pradesh,1-Primary,33-MPP_ZPP SCHOOLS,1 To 2,3-Co-educational,1-Rural,Duggirala,Pedakondur,,,MAIN ROAD VEERLAPALEM PEDA KONDURU(VILL) DUGGIRALA(MANDAL) GUNTUR(DIST),522305,berattaraninuthakki[at]gmail[dot]com,https://kys.udiseplus.gov.in/#/schooldetail/4681286/12,4681286,12/11/2025 11:46,2268
******00304 Operational,,MPPS MAKKEVARIPET,,,,Andhra Pradesh,1-Primary,33-MPP_ZPP SCHOOLS,1 To 5,3-Co-educational,2-Urban,NA,,Mangalagiri (M) - Ward No.5,Mangalagiri-Municipality,MAKKEVARIPET NOWLUR NOWLUR(VILL) MANGALAGIRI(MANDAL) GUNTUR(DIST),522503,prabhakarraom46[at]gmail[dot]com,https://kys.udiseplus.gov.in/#/schooldetail/4679546/12,4679546,20/12/2025 13:09,2268
******00102 Operational,,MPPS MALLAVARAM,,,,Andhra Pradesh,1-Primary,33-MPP_ZPP SCHOOLS,1 To 5,3-Co-educational,1-Rural,Guntur,Peda Palakaluru (Part),,,MALLAVARAM MALLAVARAM CHINAPALAKALURU(VILL) GUNTUR(MANDAL) GUNTUR(DIST),522005,saik9570[at]gmail[dot]com,https://kys.udiseplus.gov.in/#/schooldetail/4680658/12,4680658,20/12/2025 12:13,2268
******01301 Operational,,MPPS MALLEPADU,,,,Andhra Pradesh,1-Primary,33-MPP_ZPP SCHOOLS,1 To 5,3-Co-educational,1-Rural,Tenali,Pinapadu (R),,,MALLEPADU MALLEPADU PINAPADU(VILL) TENALI(MANDAL) GUNTUR(DIST),522202,ramesh.kancherla1973[at]gmail[dot]com,https://kys.udiseplus.gov.in/#/schooldetail/4681629/12,4681629,22/12/2025 15:27,2268
******00401 Operational,,MPPS MAMILLAPALLI,,,,Andhra Pradesh,1-Primary,33-MPP_ZPP SCHOOLS,1 To 5,3-Co-educational,1-Rural,Ponnur,Mamillapalle,,,MAMILLAPALLI(VILL) PONNURU (MNDL) MAMILLAPALLI(VILL) PONNURU(MANDAL) GUNTUR(DIST),522318,,https://kys.udiseplus.gov.in/#/schooldetail/4682883/12,4682883,21/12/2025 20:04,2268
******00803 Operational,,MPPS MANCHIKALAPUDI,,,,Andhra Pradesh,1-Primary,33-MPP_ZPP SCHOOLS,1 To 5,3-Co-educational,1-Rural,Duggirala,Morampudi,,,MANCHIKALAPUDI MANCHIKALAPUDI MORAMPUDI(VILL) DUGGIRALA(MANDAL) GUNTUR(DIST),522330,meoduggirala2018[at]gmail[dot]com,https://kys.udiseplus.gov.in/#/schooldetail/4681302/12,4681302,15/10/2020 12:18,2268
******00505 Operational,,MPPS MANDAPADU DW,,,,Andhra Pradesh,1-Primary,33-MPP_ZPP SCHOOLS,1 To 5,3-Co-educational,1-Rural,Medikonduru,Mandapadu,,,NEAR BY SC COLONY CHURCH MANDAPADU(VILL) MEDIKONDURU(MANDAL) GUNTUR(DIST)522401,522401,mppsdwmandapadu505[at]gmail[dot]com,https://kys.udiseplus.gov.in/#/schooldetail/4680606/12,4680606,23/12/2025 10:30,2268
******00501 Operational,,MPPS MANDAPAUD HE,,,,Andhra Pradesh,1-Primary,33-MPP_ZPP SCHOOLS,1 To 5,3-Co-educational,1-Rural,Medikonduru,Mandapadu,,,BESIDE ZPHS MANDAPADU MANDAPADU(VILL) MEDIKONDURU(MANDAL) GUNTUR(DIST)522401,522401,mppshemdpd[at]gmail[dot]com,https://kys.udiseplus.gov.in/#/schooldetail/4680603/12,4680603,23/12/2025 10:29,2268
******01201 Permanently Closed,,MPPS MANGALAGIRIPADU,,,,Andhra Pradesh,1-Primary,33-MPP_ZPP SCHOOLS,1 To 5,3-Co-educational,1-Rural,Medikonduru,Mangalagiripadu,,,NA,522438,,https://kys.udiseplus.gov.in/#/schooldetail/4680654/12,4680654,15/10/2020 12:18,2268
******01005 Operational,,MPPS MANNAVA,,,,Andhra Pradesh,1-Primary,33-MPP_ZPP SCHOOLS,1 To 5,3-Co-educational,1-Rural,Ponnur,Mannava,,,MPPS MANNAVA MANNAVA VILLAGE PONNUR MANDAL GUNTUR DT-522316,522316,mppsmannava1005[at]gmail[dot]com,https://kys.udiseplus.gov.in/#/schooldetail/4682905/12,4682905,07/10/2024 16:26,2268
******00703 Operational,,MPPS MELLEMPUDI,,,,Andhra Pradesh,1-Primary,33-MPP_ZPP SCHOOLS,1 To 5,3-Co-educational,1-Rural,Tadepalle,Ippatam,,,MALLEMPUDI MELLEMPUDI IPPATAM(VILL) THADEPALLE(MANDAL) GUNTUR(DIST),522303,tallurisrinivasarao2018[at]gmail[dot]com,https://kys.udiseplus.gov.in/#/schooldetail/4679528/12,4679528,20/06/2025 17:37,2268
******01205 Operational,,MPPS MERIKAPUDI,,,,Andhra Pradesh,1-Primary,33-MPP_ZPP SCHOOLS,1 To 5,3-Co-educational,1-Rural,Phirangipuram,Merikapudi,,,MERIKAPUDI MERIKAPUDI MERIKA PUDI(VILL) PHIRANGIPURAM(MANDAL) GUNTUR(DIST),522549,kodaveetilakshmi1967[at]gmail[dot]com,https://kys.udiseplus.gov.in/#/schooldetail/4680573/12,4680573,19/08/2024 18:24,2268
******01201 Operational,,MPPS MERIKAPUDI,,,,Andhra Pradesh,1-Primary,33-MPP_ZPP SCHOOLS,1 To 5,3-Co-educational,1-Rural,Phirangipuram,Merikapudi,,,PALAKENDRAM MERIKAPUDI MERIKA PUDI(VILL) PHIRANGIPURAM(MANDAL) GUNTUR(DIST),522549,pkhajakhan1972[at]gmail[dot]com,https://kys.udiseplus.gov.in/#/schooldetail/4680569/12,4680569,08/10/2024 15:01,2268
******01102 Operational,,MPPS(M) KARAMPUDIPADU,,,,Andhra Pradesh,1-Primary,33-MPP_ZPP SCHOOLS,1 To 5,3-Co-educational,1-Rural,Vatticherukuru,Karempudipadu,,,MAIN ROAD KAREMPUDIPADU(VILL) VATTICHERUKURU(MANDAL) GUNTUR(DIST),522212,Vineelavyuha[at]gmail[dot]com,https://kys.udiseplus.gov.in/#/schooldetail/4681865/12,4681865,24/09/2024 19:52,2268
******01702 Closed,Closed,MPPS M.L.PALEM THULLUR,,,,Andhra Pradesh,1-Primary,33-MPP_ZPP SCHOOLS,1 To 5,3-Co-educational,1-Rural,Thullur,Lingayapalem,,,MODUGULANKAPALEM MODUGULANKAPALEM LINGAYAPALEM(VILL) THULLUR(MANDAL) GUNTUR(DIST),522503,mppsstcolony22[at]gmail[dot]com,https://kys.udiseplus.gov.in/#/schooldetail/4679447/12,4679447,27/01/2023 19:19,2268
******01104 Permanently Closed,,MPPS (MN) DUGGIRALA,,,,Andhra Pradesh,1-Primary,33-MPP_ZPP SCHOOLS,1 To 5,3-Co-educational,1-Rural,Duggirala,Duggirala,,,NA,522330,,https://kys.udiseplus.gov.in/#/schooldetail/4715945/12,4715945,15/10/2020 12:18,2268
******00101 Operational,,MPPS (MP) KORNEPADU,,,,Andhra Pradesh,1-Primary,33-MPP_ZPP SCHOOLS,1 To 5,3-Co-educational,1-Rural,Vatticherukuru,Kornepadu,,,MADIGAPALLE KORNEPADU KORNEPADU(VILL) VATTICHERUKURU(MANDAL) GUNTUR(DIST),522017,sambireddymunnangi78[at]gmail[dot]com,https://kys.udiseplus.gov.in/#/schooldetail/4681831/12,4681831,28/09/2024 15:13,2268
******01002 Operational,,MPPS(MS) RETUR,,,,Andhra Pradesh,1-Primary,33-MPP_ZPP SCHOOLS,1 To 5,3-Co-educational,1-Rural,Kakumanu,Retur,,,MOSQUE STREET RETUR RETUR(VILL) KAKUMANU(MANDAL) GUNTUR(DIST),522113,gousealibaig[at]gmail[dot]com,https://kys.udiseplus.gov.in/#/schooldetail/4682867/12,4682867,28/09/2024 11:50,2268
******00312 Operational,,MPPS (M)TADEPALLI),,,,Andhra Pradesh,1-Primary,33-MPP_ZPP SCHOOLS,1 To 5,3-Co-educational,2-Urban,NA,,Tadepalli Ward No.6,Tadepalli-Municipality,1 6 8 9 10WARDS TADEPALLI TADEPALLI(VILL) THADEPALLE(MANDAL) GUNTUR(DIST),522501,kvr57007761[at]gmail[dot]com,https://kys.udiseplus.gov.in/#/schooldetail/4679487/12,4679487,08/10/2024 12:00,2268
******00202 Operational,,MPPS MUKKAMALA,,,,Andhra Pradesh,1-Primary,33-MPP_ZPP SCHOOLS,1 To 5,3-Co-educational,1-Rural,Tadikonda,Bejatpuram,,,MPPS MUKKAMALA (VILL) TADIKONDA(MANDAL) GUNTUR(DIST),522016,mpps00202[at]gmail[dot]com,https://kys.udiseplus.gov.in/#/schooldetail/4679661/12,4679661,22/12/2025 10:57,2268
******02005 Operational,,MPPS MULUKUDURU,,,,Andhra Pradesh,1-Primary,33-MPP_ZPP SCHOOLS,1 To 5,3-Co-educational,1-Rural,Ponnur,Mulukuduru,,,MPPS MULUKUDURU VILLAGE PONNUR MANDAL GUNTUR DT-522315,522315,donthuboyinathripura[at]gmail[dot]com,https://kys.udiseplus.gov.in/#/schooldetail/4682940/12,4682940,07/10/2024 17:15,2268
******01204 Operational,,MPPS MUNAGAPADU,,,,Andhra Pradesh,1-Primary,33-MPP_ZPP SCHOOLS,1 To 5,3-Co-educational,1-Rural,Phirangipuram,Merikapudi,,,MUNAGAPADU MUNAGAPADU MERIKA PUDI(VILL) PHIRANGIPURAM(MANDAL) GUNTUR(DIST),522549,lourdujojip[at]gmail[dot]com,https://kys.udiseplus.gov.in/#/schooldetail/4680572/12,4680572,23/09/2024 12:26,2268
******00701 Operational,,MPPS MUNIPALLE,,,,Andhra Pradesh,1-Primary,33-MPP_ZPP SCHOOLS,1 To 5,3-Co-educational,1-Rural,Ponnur,Munipalle,,,MPPS SPL MUNIPALLE VILLAGE PONNUR MANDAL GUNTUR DT-522316,522316,mppssplmunipalle0701[at]gmail[dot]com,https://kys.udiseplus.gov.in/#/schooldetail/4682892/12,4682892,07/10/2024 16:20,2268
******00703 Operational,,MPPS MUNIPALLE,,,,Andhra Pradesh,1-Primary,33-MPP_ZPP SCHOOLS,1 To 5,3-Co-educational,1-Rural,Ponnur,Munipalle,,,MPPS MUNIPALLE VILLAGE GBC ROAD BESIDE GOLLAMUDIPADU X ROAD PONNUR MANDAL GUNTUR DT-522316,522316,meenakumarik007[at]gmail[dot]com,https://kys.udiseplus.gov.in/#/schooldetail/4682894/12,4682894,25/09/2024 20:14,2268
******00404 Operational,,MPPS MUSLIMPALEM VENIGAN,,,,Andhra Pradesh,1-Primary,33-MPP_ZPP SCHOOLS,1 To 5,3-Co-educational,1-Rural,Pedakakani,Venigandla,,,MUSLIM PALEM VENIGANDLA VENIGANDLA(VILL) PEDAKAKANI(MANDAL) GUNTUR(DIST),522509,mdbajibaba80[at]gmail[dot]com,https://kys.udiseplus.gov.in/#/schooldetail/4681240/12,4681240,18/09/2024 12:31,2268
******01201 Permanently Closed,,MPPS MUTLURU,,,,Andhra Pradesh,1-Primary,33-MPP_ZPP SCHOOLS,1 To 5,3-Co-educational,1-Rural,Vatticherukuru,Mutluru,,,NA,522212,,https://kys.udiseplus.gov.in/#/schooldetail/4716021/12,4716021,15/10/2020 12:18,2268
******00801 Operational,,MPPS (M) VATTICHERUKURU,,,,Andhra Pradesh,1-Primary,33-MPP_ZPP SCHOOLS,1 To 5,3-Co-educational,1-Rural,Vatticherukuru,Vatticherukuru,,,MAINROAD VATTICHERUKURU VATTICHERUKURU(VILL) VATTICHERUKURU(MANDAL) GUNTUR(DIST),522212,ratnamala.nallapaneni[at]gmail[dot]com,https://kys.udiseplus.gov.in/#/schooldetail/4681856/12,4681856,28/09/2024 15:32,2268
******01002 Operational,,MPPS (MV) PENUMULI,,,,Andhra Pradesh,1-Primary,33-MPP_ZPP SCHOOLS,1 To 5,3-Co-educational,1-Rural,Duggirala,Penumudi,,,MUSLIMVEEDHI PENUMULI PENUMULI(VILL) DUGGIRALA(MANDAL) GUNTUR(DIST),522330,meoduggirala2018[at]gmail[dot]com,https://kys.udiseplus.gov.in/#/schooldetail/4681310/12,4681310,28/09/2024 14:33,2268
******01303 Operational,,MPPS NAGARAJUPALEM,,,,Andhra Pradesh,1-Primary,33-MPP_ZPP SCHOOLS,1 To 5,3-Co-educational,1-Rural,Kollipara,Davuluru,,,NAGARAJUPALEM NAGARAJUPALEM DAVULURU(VILL) KOLLIPARA(MANDAL) GUNTUR(DIST),522304,vallabhapurapu8[at]gmail[dot]com,https://kys.udiseplus.gov.in/#/schooldetail/4681391/12,4681391,22/12/2025 14:49,2268
******00601 Operational,,MPPS NAGULAPADU,,,,Andhra Pradesh,1-Primary,33-MPP_ZPP SCHOOLS,1 To 5,3-Co-educational,1-Rural,Pedanandipadu,Katrapadu,,,SC COLONY NAGULAPADU VILLAGE PEDANANDIPADU(MANDAL) GUNTUR(DIST),522235,mpp28174600601[at]gmail[dot]com,https://kys.udiseplus.gov.in/#/schooldetail/4682803/12,4682803,22/12/2025 18:55,2268
******00604 Operational,,MPPS NAGULAPADU,,,,Andhra Pradesh,1-Primary,33-MPP_ZPP SCHOOLS,1 To 5,3-Co-educational,1-Rural,Pedanandipadu,Katrapadu,,,BAPATLA ROAD NAGULAPADU VILLAGE PEDANANDIPADU(MANDAL) GUNTUR(DIST),522235,nagulapadumpps[at]gmail[dot]com,https://kys.udiseplus.gov.in/#/schooldetail/4682805/12,4682805,22/12/2025 18:56,2268
******01201 Operational,,MPPS NAIDU PET,,,,Andhra Pradesh,1-Primary,33-MPP_ZPP SCHOOLS,1 To 5,3-Co-educational,2-Urban,NA,,Guntur Ward No. 58,Guntur-Municipal Corporations,NAIDUPET NAIDUPET POTHURU(VILL) GUNTUR(MANDAL) GUNTUR(DIST),522005,naidupetmpps[at]gmail[dot]com,https://kys.udiseplus.gov.in/#/schooldetail/4680826/12,4680826,20/12/2025 13:09,2268
******01204 Operational,,MPPS NALLAMEKALA V PALEM,,,,Andhra Pradesh,1-Primary,33-MPP_ZPP SCHOOLS,1 To 5,3-Co-educational,1-Rural,Duggirala,Emani,,,NALLAMEKALA VARI PALEM EMANI EMANI(VILL) DUGGIRALA(MANDAL) GUNTUR(DIST),522308,ratnajyothi116[at]gmail[dot]com,https://kys.udiseplus.gov.in/#/schooldetail/4681332/12,4681332,15/10/2020 12:18,2268
******01003 Operational,,MPPS NALLAPADU,,,,Andhra Pradesh,1-Primary,33-MPP_ZPP SCHOOLS,1 To 5,3-Co-educational,2-Urban,NA,,Guntur Ward No. 53,Guntur-Municipal Corporations,NALLAPADU (VILL) GUNTUR(MANDAL) GUNTUR(DIST),522005,gprasadkode[at]gmail[dot]com,https://kys.udiseplus.gov.in/#/schooldetail/4680800/12,4680800,20/12/2025 13:02,2268
******00203 Operational,,MPPS NAMBUR,,,,Andhra Pradesh,1-Primary,33-MPP_ZPP SCHOOLS,1 To 5,3-Co-educational,1-Rural,Pedakakani,Nambur,,,KOTHAPALEM NAMBUR NAMBUR(VILL) PEDAKAKANI(MANDAL) GUNTUR(DIST),522508,karimun2105[at]gmail[dot]com,https://kys.udiseplus.gov.in/#/schooldetail/4681140/12,4681140,18/09/2024 12:47,2268
******00302 Operational,,MPPS NANDIVELUGU(HW),,,,Andhra Pradesh,1-Primary,33-MPP_ZPP SCHOOLS,1 To 5,3-Co-educational,1-Rural,Tenali,Nandivelugu,,,HARIJANWADA NANDIVELUGU NANDIVELUGU(VILL) TENALI(MANDAL) GUNTUR(DIST),522306,,https://kys.udiseplus.gov.in/#/schooldetail/4681521/12,4681521,22/12/2025 14:40,2268
******00303 Operational,,MPPS NANDIVELUGU (I N C),,,,Andhra Pradesh,1-Primary,33-MPP_ZPP SCHOOLS,1 To 5,3-Co-educational,1-Rural,Tenali,Nandivelugu,,,INDIRA COLONY NANDIVELUGU NANDIVELUGU(VILL) TENALI(MANDAL) GUNTUR(DIST),522306,sujathagoriparthi157[at]gmail[dot]com,https://kys.udiseplus.gov.in/#/schooldetail/4681522/12,4681522,22/12/2025 14:40,2268
******00301 Operational,,MPPS NANDIVELUGU(R)KBAZ,,,,Andhra Pradesh,1-Primary,33-MPP_ZPP SCHOOLS,1 To 5,3-Co-educational,1-Rural,Tenali,Nandivelugu,,,KALYANAM BAZAR NEAR RAMA MANDIRNANDIVELUGU NANDIVELUGU NANDIVELUGU(VILL) TENALI(MANDAL) GUNTUR(DIST),522306,snr0485[at]gmail[dot]com,https://kys.udiseplus.gov.in/#/schooldetail/4681520/12,4681520,22/12/2025 14:39,2268
******00304 Operational,,MPPS NANDIVELUGU(URDU),,,,Andhra Pradesh,1-Primary,33-MPP_ZPP SCHOOLS,1 To 5,3-Co-educational,1-Rural,Tenali,Nandivelugu,,,MASQUESTREET NANDIVELUGU NANDIVELUGU(VILL) TENALI(MANDAL) GUNTUR(DIST),522306,skmdkkrr[at]gmail[dot]com,https://kys.udiseplus.gov.in/#/schooldetail/4681523/12,4681523,22/12/2025 14:40,2268
******01901 Operational,,MPPS NANDUR,,,,Andhra Pradesh,1-Primary,33-MPP_ZPP SCHOOLS,1 To 2,3-Co-educational,1-Rural,Ponnur,Nandur,,,MPPS NANDURU VILLAGE MAIN ROAD PONNUR MANDAL GUNTUR DT-522315,522315,Mppsnandur[at]gmail[dot]com,https://kys.udiseplus.gov.in/#/schooldetail/4712173/12,4712173,12/11/2025 12:50,2268
******01103 Operational,,MPPS NC BODIPALEM,,,,Andhra Pradesh,1-Primary,33-MPP_ZPP SCHOOLS,1 To 5,3-Co-educational,1-Rural,Kakumanu,Bodipalem,,,NAVODAYA COLONY BODIPALEM BODIPALEM(VILL) KAKUMANU(MANDAL) GUNTUR(DIST),522315,mpps.nccolony[at]gmail[dot]com,https://kys.udiseplus.gov.in/#/schooldetail/4682873/12,4682873,28/09/2024 11:53,2268
******01101 Operational,,MPPS (N) DUGGIRALA,,,,Andhra Pradesh,1-Primary,33-MPP_ZPP SCHOOLS,1 To 2,3-Co-educational,1-Rural,Duggirala,Duggirala,,,DUGGIRALA(VILL)Nr SHIVALAYAM DUGGIRALA (MNDL) DUGGIRALA(VILL) DUGGIRALA(MANDAL) GUNTUR(DIST),522330,alajagan3[at]gmail[dot]com,https://kys.udiseplus.gov.in/#/schooldetail/4681314/12,4681314,12/11/2025 11:46,2268
******00403 Operational,,MPPS NEARCHURCH,,,,Andhra Pradesh,1-Primary,33-MPP_ZPP SCHOOLS,1 To 5,3-Co-educational,1-Rural,Pedakakani,Venigandla,,,NEAR CHURCH SC COLONY VENIGANDLA VENIGANDLA(VILL) PEDAKAKANI(MANDAL) GUNTUR(DIST),522509,hepsibavijayakumari[at]gmail[dot]com,https://kys.udiseplus.gov.in/#/schooldetail/4681239/12,4681239,18/09/2024 12:30,2268
******00401 Operational,,MPPS NEKKALLU,,,,Andhra Pradesh,1-Primary,33-MPP_ZPP SCHOOLS,1 To 5,3-Co-educational,1-Rural,Thullur,Nekkallu,,,NEKKALLU NEKKALLU NEKKALLU(VILL) THULLUR(MANDAL) GUNTUR(DIST),522236,chavalaadinarayana[at]gmail[dot]com,https://kys.udiseplus.gov.in/#/schooldetail/4679404/12,4679404,08/10/2024 13:08,2268
******01301 Operational,,MPPS NELAPADU,,,,Andhra Pradesh,1-Primary,33-MPP_ZPP SCHOOLS,1 To 5,3-Co-educational,1-Rural,Thullur,Nelapadu,,,NELAPADU NELAPADU NELAPADU(VILL) THULLUR(MANDAL) GUNTUR(DIST),522237,sarithaathota1979[at]gmail[dot]com,https://kys.udiseplus.gov.in/#/schooldetail/4679435/12,4679435,08/10/2024 13:35,2268
******01707 Permanently Closed,,MPPS (NEW) CH PUDI,,,,Andhra Pradesh,1-Primary,33-MPP_ZPP SCHOOLS,1 To 5,3-Co-educational,1-Rural,Ponnur,Chintalapudi,,,NA,522124,,https://kys.udiseplus.gov.in/#/schooldetail/4716110/12,4716110,15/10/2020 12:18,2268
******01904 Permanently Closed,,MPPS (NEW) NANDURU,,,,Andhra Pradesh,1-Primary,33-MPP_ZPP SCHOOLS,1 To 5,3-Co-educational,1-Rural,Ponnur,Nandur,,,NA,522315,,https://kys.udiseplus.gov.in/#/schooldetail/4716111/12,4716111,15/10/2020 12:18,2268
******00502 Operational,,MPPS NIDAMARRU(AMBEDKAR),,,,Andhra Pradesh,1-Primary,33-MPP_ZPP SCHOOLS,1 To 5,3-Co-educational,2-Urban,NA,,Mangalagiri (M) - Ward No.31,Mangalagiri-Municipality,NEAR AMBEDKAR STATUE NIDAMARRU MANGALAGIRI (U)(VILL) MANGALAGIRI(MANDAL) GUNTUR(DIST),522503,rajakumarim2611[at]gmail[dot]com,https://kys.udiseplus.gov.in/#/schooldetail/4679570/12,4679570,20/12/2025 13:16,2268
******00503 Operational,,MPPS NIDAMARRU(R.CHETTU),,,,Andhra Pradesh,1-Primary,33-MPP_ZPP SCHOOLS,1 To 5,3-Co-educational,2-Urban,NA,,Mangalagiri (M) - Ward No.32,Mangalagiri-Municipality,RAAVICHETTUCENTRE NIDAMARRU MANGALAGIRI (U)(VILL) MANGALAGIRI(MANDAL) GUNTUR(DIST),522503,mppsaanidamarru0503[at]gmail[dot]com,https://kys.udiseplus.gov.in/#/schooldetail/4679571/12,4679571,20/12/2025 13:16,2268
******00504 Operational,,MPPS NIDUMUKKALA,,,,Andhra Pradesh,1-Primary,33-MPP_ZPP SCHOOLS,1 To 5,3-Co-educational,1-Rural,Tadikonda,Nidumukkala,,,NIDUMUKKALA NIDUMUKKALA NIDUMUKKALA(VILL) TADIKONDA(MANDAL) GUNTUR(DIST),522016,padmakolli5[at]gmail[dot]com,https://kys.udiseplus.gov.in/#/schooldetail/4679668/12,4679668,22/12/2025 10:52,2268
******00501 Operational,,MPPS NIDUMUKKALA (LE),,,,Andhra Pradesh,1-Primary,33-MPP_ZPP SCHOOLS,1 To 5,3-Co-educational,1-Rural,Tadikonda,Nidumukkala,,,AMBEDKAR COLONY NIDUMUKKALA NIDUMUKKALA(VILL) TADIKONDA(MANDAL) GUNTUR(DIST),522016,sandhyakatra691[at]gmail[dot]com,https://kys.udiseplus.gov.in/#/schooldetail/4679666/12,4679666,22/12/2025 10:49,2268
******00503 Permanently Closed,,MPPS NIDUMUKKALA (POUL),,,,Andhra Pradesh,1-Primary,33-MPP_ZPP SCHOOLS,1 To 5,3-Co-educational,1-Rural,Tadikonda,Nidumukkala,,,NA,522016,,https://kys.udiseplus.gov.in/#/schooldetail/4715779/12,4715779,15/10/2020 12:18,2268
******00502 Closed,Closed,MPPS NIDUMUKKALA (U),,,,Andhra Pradesh,1-Primary,33-MPP_ZPP SCHOOLS,1 To 5,3-Co-educational,1-Rural,Tadikonda,Nidumukkala,,,NIDUMUKKALA NIDUMUKKALA NIDUMUKKALA(VILL) TADIKONDA(MANDAL) GUNTUR(DIST),522016,ahmedisk92[at]gmail[dot]com,https://kys.udiseplus.gov.in/#/schooldetail/4679667/12,4679667,12/05/2022 14:52,2268
******00401 Closed,Closed,MPPS NIMMAGADDAVARI,,,,Andhra Pradesh,1-Primary,33-MPP_ZPP SCHOOLS,1 To 5,3-Co-educational,1-Rural,Prathipadu,Prathipadu,,,NIMMAGADDAVARIPALEM NIMMAGADDAVARIPALEM PRATHIPADU(VILL) PRATHIPADU(MANDAL) GUNTUR(DIST),522019,ngvmpps[at]gmail[dot]com,https://kys.udiseplus.gov.in/#/schooldetail/4681885/12,4681885,19/12/2023 16:54,2268
******00802 Operational,,MPPS (NN) VATTICHERUKURU,,,,Andhra Pradesh,1-Primary,33-MPP_ZPP SCHOOLS,1 To 5,3-Co-educational,1-Rural,Vatticherukuru,Vatticherukuru,,,NEHRU NAGAR VATTICHERUKURU VATTICHERUKURU(VILL) VATTICHERUKURU(MANDAL) GUNTUR(DIST),522212,mppsnnvatticherukuru802[at]gmail[dot]com,https://kys.udiseplus.gov.in/#/schooldetail/4681857/12,4681857,28/09/2024 15:33,2268
******00704 Operational,,MPPS NORTH MALAPALLI(ANG),,,,Andhra Pradesh,1-Primary,33-MPP_ZPP SCHOOLS,1 To 5,3-Co-educational,1-Rural,Tenali,Angalakuduru,,,ANGALAKUDURU ANGALAKUDURU ANGALAKUDURU(VILL) TENALI(MANDAL) GUNTUR(DIST),522211,suneethainturi9[at]gmail[dot]com,https://kys.udiseplus.gov.in/#/schooldetail/4681556/12,4681556,22/12/2025 14:53,2268
******00310 Operational,,MPPS NOWLUR,,,,Andhra Pradesh,1-Primary,33-MPP_ZPP SCHOOLS,1 To 5,3-Co-educational,2-Urban,NA,,Mangalagiri (M) - Ward No.5,Mangalagiri-Municipality,NOWLUR NOWLUR NOWLUR(VILL) MANGALAGIRI(MANDAL) GUNTUR(DIST),522503,boddapatisankar[at]gmail[dot]com,https://kys.udiseplus.gov.in/#/schooldetail/4679552/12,4679552,20/12/2025 13:12,2268
******00102 Operational,,MPPSNP KORRAPADU NAGAR,,,,Andhra Pradesh,1-Primary,33-MPP_ZPP SCHOOLS,1 To 5,3-Co-educational,1-Rural,Medikonduru,Korrapadu,,,YVENKATARAONAGAR YVENKATARAONAGAR KORRAPADU(VILL) MEDIKONDURU(MANDAL) GUNTUR(DIST)522438,522438,mppsnp.korrapadu7[at]gmail[dot]com,https://kys.udiseplus.gov.in/#/schooldetail/4680584/12,4680584,23/12/2025 10:27,2268
******00306 Operational,,MPPS NP SIRIPURAM,,,,Andhra Pradesh,1-Primary,33-MPP_ZPP SCHOOLS,1 To 5,3-Co-educational,1-Rural,Medikonduru,Siripuram,,,NEW S C COLONY SIRIPURAM SIRIPURAM(VILL) MEDIKONDURU(MANDAL) GUNTUR(DIST)522401,522401,,https://kys.udiseplus.gov.in/#/schooldetail/4680593/12,4680593,23/12/2025 10:27,2268
******00605 Operational,,MPPS (NPS) THULLUR,,,,Andhra Pradesh,1-Primary,33-MPP_ZPP SCHOOLS,1 To 5,3-Co-educational,1-Rural,Thullur,Thullur,,,"MPPS (NPS) THULLUR , THULLUR",522237,priyavalaparla70[at]gmail[dot]com,https://kys.udiseplus.gov.in/#/schooldetail/4679417/12,4679417,08/10/2024 13:24,2268
******00205 Permanently Closed,,MPPSNRTEMPLE NAMBUR,,,,Andhra Pradesh,2-Primary with Upper Primary,33-MPP_ZPP SCHOOLS,1 To 6,3-Co-educational,1-Rural,Pedakakani,Nambur,,,NA,522508,,https://kys.udiseplus.gov.in/#/schooldetail/4715937/12,4715937,15/10/2020 12:18,2268
******01304 Operational,,MPPS (N) SOWPADU,,,,Andhra Pradesh,1-Primary,33-MPP_ZPP SCHOOLS,1 To 5,3-Co-educational,1-Rural,Vatticherukuru,Pallapadu,,,BURADAGUNTA PALEM PALLE SOWPADU (VILL) VATTICHERUKURU(MANDAL) GUNTUR(DIST),522017,mppsnsowpadu1304[at]gmail[dot]com,https://kys.udiseplus.gov.in/#/schooldetail/4681877/12,4681877,28/09/2024 15:40,2268
******00807 Operational,,MPPS NTR COLONY(BC) MEDIKONDURU,,,,Andhra Pradesh,1-Primary,33-MPP_ZPP SCHOOLS,1 To 5,3-Co-educational,1-Rural,Medikonduru,Medikonduru,,,N T R COLONY MEDIKONDUR MEDIKONDURU(VILL) MEDIKONDURU(MANDAL) GUNTUR(DIST),522438,mppsbcmedikonduru[at]gmail[dot]com,https://kys.udiseplus.gov.in/#/schooldetail/4680622/12,4680622,23/12/2025 11:24,2268
******00316 Operational,,MPPS NULAKPET (OLD UP),,,,Andhra Pradesh,1-Primary,33-MPP_ZPP SCHOOLS,1 To 5,3-Co-educational,2-Urban,NA,,Tadepalli Ward No.15,Tadepalli-Municipality,KRISHNANAGAR KRISHNANAGAR TADEPALLI(VILL) THADEPALLE(MANDAL) GUNTUR(DIST),522501,prema.sudha4u[at]gmail[dot]com,https://kys.udiseplus.gov.in/#/schooldetail/4679490/12,4679490,08/10/2024 12:01,2268
******00202 Operational,,MPPS PALADUGU HW,,,,Andhra Pradesh,1-Primary,33-MPP_ZPP SCHOOLS,1 To 5,3-Co-educational,1-Rural,Medikonduru,Paladugu,,,NEAR SIRIPURAM ROAD PALADUGU(VILL) MEDIKONDURU(MANDAL) GUNTUR(DIST)522401,522401,mppshwpaladugu[at]gmail[dot]com,https://kys.udiseplus.gov.in/#/schooldetail/4679822/12,4679822,23/12/2025 10:18,2268
******00201 Operational,,MPPS PALADUGU TANK ROAD HE,,,,Andhra Pradesh,1-Primary,33-MPP_ZPP SCHOOLS,1 To 5,3-Co-educational,1-Rural,Medikonduru,Paladugu,,,TANK ROAD PALADUGU PALADUGU(VILL) MEDIKONDURU(MANDAL) GUNTUR(DIST)522401,522401,mppshepaladugu[at]gmail[dot]com,https://kys.udiseplus.gov.in/#/schooldetail/4680586/12,4680586,23/12/2025 10:15,2268
******01201 Operational,,MPPS PALAPARRU,,,,Andhra Pradesh,1-Primary,33-MPP_ZPP SCHOOLS,1 To 5,3-Co-educational,1-Rural,Pedanandipadu,Palaparru,,,PALAPARRU-PEDANANDIPADU-GUNTUR,522235,mppspalaparru[at]gmail[dot]com,https://kys.udiseplus.gov.in/#/schooldetail/4682826/12,4682826,22/12/2025 19:02,2268
******01301 Operational,,MPPS PALLAPADU,,,,Andhra Pradesh,1-Primary,33-MPP_ZPP SCHOOLS,1 To 5,3-Co-educational,1-Rural,Vatticherukuru,Pallapadu,,,NEAR ZPHS PALLAPADU PALLAPADU(VILL) VATTICHERUKURU(MANDAL) GUNTUR(DIST),522017,k.s.n.m.r01[at]gmail[dot]com,https://kys.udiseplus.gov.in/#/schooldetail/4681874/12,4681874,28/09/2024 15:39,2268
******00504 Operational,,MPPS PAMIDIVARIPALEM,,,,Andhra Pradesh,1-Primary,33-MPP_ZPP SCHOOLS,1 To 5,3-Co-educational,1-Rural,Pedanandipadu,Pusulur,,,SRINIVASA COLONY PAMIDIVARIPALEM PUSULUR(VILL) PEDANANDIPADU(MANDAL) GUNTUR(DIST),522112,mpps28174600504[at]gmail[dot]com,https://kys.udiseplus.gov.in/#/schooldetail/4682800/12,4682800,22/12/2025 14:13,2268
******00503 Operational,,MPPS PAMIDIVARIPALEM,,,,Andhra Pradesh,1-Primary,33-MPP_ZPP SCHOOLS,1 To 5,3-Co-educational,1-Rural,Pedanandipadu,Pusulur,,,PAMIDIVARIPALEM VILLAGE PEDANANDIPADU(MANDAL) GUNTUR(DIST),522112,mpps28174600503[at]gmail[dot]com,https://kys.udiseplus.gov.in/#/schooldetail/4682799/12,4682799,22/12/2025 18:55,2268
******00103 Operational,,MPPS PAMULAPADU,,,,Andhra Pradesh,1-Primary,33-MPP_ZPP SCHOOLS,1 To 5,3-Co-educational,1-Rural,Tadikonda,Pamulapadu,,,PAMULA PADU PAMULA PADU PAMULAPADU(VILL) TADIKONDA(MANDAL) GUNTUR(DIST),522018,mppspamulapadu103[at]gmail[dot]com,https://kys.udiseplus.gov.in/#/schooldetail/4679659/12,4679659,22/12/2025 10:57,2268
******00101 Operational,,MPPS PAMULAPADU(KC),,,,Andhra Pradesh,1-Primary,33-MPP_ZPP SCHOOLS,1 To 5,3-Co-educational,1-Rural,Tadikonda,Pamulapadu,,,KOTHA COLONY PAMULA PADU PAMULAPADU(VILL) TADIKONDA(MANDAL) GUNTUR(DIST),522018,saishaikbabu[at]gmail[dot]com,https://kys.udiseplus.gov.in/#/schooldetail/4679657/12,4679657,22/12/2025 10:50,2268
******00701 Operational,,MPPS PANCHAYAT UP,,,,Andhra Pradesh,1-Primary,33-MPP_ZPP SCHOOLS,1 To 2,3-Co-educational,1-Rural,Pedakakani,Uppalapadu,,,NEAR PANCHAYAT OFFICE UPPALAPADU UPPALAPADU(VILL) PEDAKAKANI(MANDAL) GUNTUR(DIST),522508,subashinidevi221[at]gmail[dot]com,https://kys.udiseplus.gov.in/#/schooldetail/4681257/12,4681257,22/12/2025 14:20,2268
******00401 Operational,,MPPS PANCHAYAT VENIGANDLA,,,,Andhra Pradesh,1-Primary,33-MPP_ZPP SCHOOLS,1 To 5,3-Co-educational,1-Rural,Pedakakani,Venigandla,,,PANCHAYAT OFFICE VENIGANDLA VENIGANDLA(VILL) PEDAKAKANI(MANDAL) GUNTUR(DIST),522509,abhiamar1968[at]gmai[dot]com,https://kys.udiseplus.gov.in/#/schooldetail/4681238/12,4681238,23/12/2025 10:53,2268
******00604 Operational,,MPPS PARVATHIPURAM,,,,Andhra Pradesh,1-Primary,33-MPP_ZPP SCHOOLS,1 To 5,3-Co-educational,1-Rural,Prathipadu,Nadimpalem,,,MPPS new PARVATHIPURAM THUMMALAPALEM(VILL) PRATHIPADU(MANDAL) GUNTUR(DIST),522233,mppsnewparvathipuram[at]gmail[dot]com,https://kys.udiseplus.gov.in/#/schooldetail/4681905/12,4681905,22/12/2025 17:52,2268
******01001 Operational,,MPPS P.B.PALEM,,,,Andhra Pradesh,1-Primary,33-MPP_ZPP SCHOOLS,1 To 5,3-Co-educational,1-Rural,Kollipara,Bommuvaripalem,,,BOMMUVARIPALEM BOMMUVARIPALEM BOMMUVARIPALEM(VILL) KOLLIPARA(MANDAL) GUNTUR(DIST),522301,rathnakumaridandu[at]gmail[dot]com,https://kys.udiseplus.gov.in/#/schooldetail/4681378/12,4681378,23/12/2025 11:20,2268
******00301 Operational,,MPPS PEDAKAKANI PATHURU,,,,Andhra Pradesh,1-Primary,33-MPP_ZPP SCHOOLS,1 To 5,3-Co-educational,1-Rural,Pedakakani,Pedakakani,,,PATHURU PEDAKAKANI PEDAKAKANI(VILL) PEDAKAKANI(MANDAL) GUNTUR(DIST),522509,tsrekha74[at]gmail[dot]com,https://kys.udiseplus.gov.in/#/schooldetail/4681217/12,4681217,18/09/2024 12:17,2268
******00404 Operational,,MPPS PEDAKONDURU,,,,Andhra Pradesh,1-Primary,33-MPP_ZPP SCHOOLS,1 To 5,3-Co-educational,1-Rural,Duggirala,Pedakondur,,,PEDAKONDURU PEDAKONDURU PEDA KONDURU(VILL) DUGGIRALA(MANDAL) GUNTUR(DIST),522305,,https://kys.udiseplus.gov.in/#/schooldetail/4650008/12,4650008,15/10/2020 12:18,2268
******00801 Operational,,MPPS PEDANANDIPADU,,,,Andhra Pradesh,1-Primary,33-MPP_ZPP SCHOOLS,1 To 5,3-Co-educational,1-Rural,Pedanandipadu,Pedanandipadu,,,OPP TMB BANK PEDANANDIPADU(VILL) PEDANANDIPADU(MANDAL) GUNTUR(DIST),522235,mpp28174600801[at]gmail[dot]com,https://kys.udiseplus.gov.in/#/schooldetail/4682074/12,4682074,22/12/2025 18:58,2268
******00802 Operational,,MPPS PEDANANDIPADU CHURCH,,,,Andhra Pradesh,1-Primary,33-MPP_ZPP SCHOOLS,1 To 2,3-Co-educational,1-Rural,Pedanandipadu,Pedanandipadu,,,CHURCH BAZAR SC COLONY PEDANANDIPADU(VILL) PEDANANDIPADU(MANDAL) GUNTUR(DIST),522235,madhubabukapa[at]gmail[dot]com,https://kys.udiseplus.gov.in/#/schooldetail/4682809/12,4682809,22/12/2025 18:58,2268
******00205 Operational,,MPPS PEDAPALAKALUR,,,,Andhra Pradesh,1-Primary,33-MPP_ZPP SCHOOLS,1 To 5,3-Co-educational,2-Urban,NA,,Guntur Ward No. 54,Guntur-Municipal Corporations,PEDA PALAKALURU(VILL) GUNTUR(MANDAL) GUNTUR(DIST),522005,pedapalakalurumpps[at]gmail[dot]com,https://kys.udiseplus.gov.in/#/schooldetail/4679896/12,4679896,20/12/2025 12:14,2268
******01202 Operational,,MPPS PEDARAVURU(A B),,,,Andhra Pradesh,1-Primary,33-MPP_ZPP SCHOOLS,1 To 5,3-Co-educational,1-Rural,Tenali,Pedaravuru,,,SIVALAYAM STREET PEDAVAVURU PEDARAVURU(VILL) TENALI(MANDAL) GUNTUR(DIST),522202,katta.vijayalakshmi05[at]gmail[dot]com,https://kys.udiseplus.gov.in/#/schooldetail/4681621/12,4681621,22/12/2025 15:26,2268
******01203 Operational,,MPPS PEDARAVURU(I N C),,,,Andhra Pradesh,1-Primary,33-MPP_ZPP SCHOOLS,1 To 5,3-Co-educational,1-Rural,Tenali,Pedaravuru,,,PEDARAVURU PEDAVAVURU PEDARAVURU(VILL) TENALI(MANDAL) GUNTUR(DIST),522202,mopideviraju09[at]gmail[dot]com,https://kys.udiseplus.gov.in/#/schooldetail/4681622/12,4681622,22/12/2025 15:27,2268
******01201 Operational,,MPPS PEDARAVURU(V H ROAD),,,,Andhra Pradesh,1-Primary,33-MPP_ZPP SCHOOLS,1 To 2,3-Co-educational,1-Rural,Tenali,Pedaravuru,,,VETERNERY HOSPITAL ROAD PEDAVAVURU PEDARAVURU(VILL) TENALI(MANDAL) GUNTUR(DIST),522202,suvarnakollauri009[at]gmail[dot]com,https://kys.udiseplus.gov.in/#/schooldetail/4681620/12,4681620,22/12/2025 15:25,2268
******00703 Operational,,MPPS PEDDIVARIPALEM,,,,Andhra Pradesh,1-Primary,33-MPP_ZPP SCHOOLS,1 To 5,3-Co-educational,1-Rural,Kakumanu,Kommuru,,,PEDDIVARIPALEM PEDDIVARIPALEM KOMMURU(VILL) KAKUMANU(MANDAL) GUNTUR(DIST),522235,mppspeddivaripalem0703[at]gmail[dot]com,https://kys.udiseplus.gov.in/#/schooldetail/4682857/12,4682857,28/09/2024 11:42,2268
******00110 Operational,,MPPS PEEKAVARIPALEM,,,,Andhra Pradesh,1-Primary,33-MPP_ZPP SCHOOLS,1 To 5,3-Co-educational,1-Rural,Kollipara,Vallabhapuram,,,VALLABHAPURAM VILLAGE KOLLIPARA(MANDAL) GUNTUR(DIST),522308,p.neelu1978[at]gmail[dot]com,https://kys.udiseplus.gov.in/#/schooldetail/4681343/12,4681343,22/12/2025 14:29,2268
******00101 Operational,,MPPS PENUMAKA(HE),,,,Andhra Pradesh,1-Primary,33-MPP_ZPP SCHOOLS,1 To 5,3-Co-educational,2-Urban,NA,,Tadepalli Ward No.10,Tadepalli-Municipality,PENUMAKA PENUMAKA PENUMAKA(VILL) THADEPALLE(MANDAL) GUNTUR(DIST),522501,chilumurisubbarao26[at]gmail[dot]com,https://kys.udiseplus.gov.in/#/schooldetail/4679463/12,4679463,08/10/2024 10:51,2268
******00103 Operational,,MPPS PENUMAKA(KOTHURU),,,,Andhra Pradesh,1-Primary,33-MPP_ZPP SCHOOLS,1 To 5,3-Co-educational,2-Urban,NA,,Tadepalli Ward No.10,Tadepalli-Municipality,PENUMAKA PENUMAKA PENUMAKA(VILL) THADEPALLE(MANDAL) GUNTUR(DIST),522501,mppskothurupenumaka[at]gmail[dot]com,https://kys.udiseplus.gov.in/#/schooldetail/4679465/12,4679465,08/10/2024 10:53,2268
******00102 Operational,,MPPS PENUMAKA(LE),,,,Andhra Pradesh,1-Primary,33-MPP_ZPP SCHOOLS,1 To 5,3-Co-educational,2-Urban,NA,,Tadepalli Ward No.10,Tadepalli-Municipality,PENUMAKA PENUMAKA PENUMAKA(VILL) THADEPALLE(MANDAL) GUNTUR(DIST),522501,sikhinam.sagar[at]gmail[dot]com,https://kys.udiseplus.gov.in/#/schooldetail/4679464/12,4679464,20/12/2025 13:30,2268
******00104 Operational,,MPPS PENUMAKA(U),,,,Andhra Pradesh,1-Primary,33-MPP_ZPP SCHOOLS,1 To 5,3-Co-educational,2-Urban,NA,,Tadepalli Ward No.10,Tadepalli-Municipality,PENUMAKA PENUMAKA PENUMAKA(VILL) THADEPALLE(MANDAL) GUNTUR(DIST),522501,mrctadepalli[at]gmail[dot]com,https://kys.udiseplus.gov.in/#/schooldetail/4679466/12,4679466,08/10/2024 10:56,2268
******01004 Operational,,MPPS PERECHERLA6 M,,,,Andhra Pradesh,1-Primary,33-MPP_ZPP SCHOOLS,1 To 5,3-Co-educational,1-Rural,Medikonduru,Pericherla,,,PERICHERLA-MEDIKONDURU-GUNTUR,522005,mpps6mperecherla[at]gmail[dot]com,https://kys.udiseplus.gov.in/#/schooldetail/4680632/12,4680632,23/12/2025 11:11,2268
******01006 Operational,,MPPS PERECHERLA BC,,,,Andhra Pradesh,1-Primary,33-MPP_ZPP SCHOOLS,1 To 5,3-Co-educational,1-Rural,Medikonduru,Pericherla,,,PERECHERLA(VILL) S P COLONY MEDIKONDURU (MNDL) PERICHERLA(VILL) MEDIKONDURU(MANDAL) GUNTUR(DIST),522005,srinivasarao19720104[at]gmail[dot]com,https://kys.udiseplus.gov.in/#/schooldetail/4680634/12,4680634,23/12/2025 11:27,2268
******01003 Operational,,MPPS PERECHERLA HE,,,,Andhra Pradesh,1-Primary,33-MPP_ZPP SCHOOLS,1 To 5,3-Co-educational,1-Rural,Medikonduru,Pericherla,,,PAMULAPATI VARI STREET PERECHERLA MEDIKONDURU(MNDL)PERICHERLA(VILL) MEDIKONDURU(MANDAL) GUNTUR(DIST),522005,mppsheperecharlaperecharla[at]gmail[dot]com,https://kys.udiseplus.gov.in/#/schooldetail/4680631/12,4680631,23/12/2025 11:26,2268
******01001 Operational,,MPPS PERECHERLA HW,,,,Andhra Pradesh,1-Primary,33-MPP_ZPP SCHOOLS,1 To 5,3-Co-educational,1-Rural,Medikonduru,Pericherla,,,PERECHERLA(VILL) HARIJANAWADA MEDIKONDURU (MNDL) PERICHERLA(VILL) MEDIKONDURU(M GUNTUR(DIST)522005,522005,malli.gaddam27913[at]gmail[dot]com,https://kys.udiseplus.gov.in/#/schooldetail/4680629/12,4680629,23/12/2025 11:26,2268
******01007 Operational,,MPPS PERECHERLA QC,,,,Andhra Pradesh,1-Primary,33-MPP_ZPP SCHOOLS,1 To 2,3-Co-educational,1-Rural,Medikonduru,Pericherla,,,PERECHARLA(VILL) QUARY COLONY MEDIKONDURU (MNDL) PERICHERLA(VILL) MEDIKONDURU(MANDAL) GUNTUR(DIST),522005,,https://kys.udiseplus.gov.in/#/schooldetail/4680635/12,4680635,23/12/2025 11:27,2268
******01005 Operational,,MPPS PERECHERLA TQ,,,,Andhra Pradesh,1-Primary,33-MPP_ZPP SCHOOLS,1 To 5,3-Co-educational,1-Rural,Medikonduru,Pericherla,,,PERECHERLA(VILL) TELLA QUARAY MEDIKONDURU (MNDL) PERICHERLA(VILL) MEDIKONDURU(MANDAL) GUNTUR(DIST),522005,mppstqperecherla[at]gmail[dot]com,https://kys.udiseplus.gov.in/#/schooldetail/4680633/12,4680633,23/12/2025 11:26,2268
******01002 Operational,,MPPS PERECHERLA URDU,,,,Andhra Pradesh,1-Primary,33-MPP_ZPP SCHOOLS,1 To 5,3-Co-educational,1-Rural,Medikonduru,Pericherla,,,PERECHERLA(VLL) MUSLIM AREA MEDIKONDURU (MNDL) PERICHERLA(VILL) MEDIKONDURU(MANDAL) GUNTUR(DIST),522005,mppsurduprchrla[at]gmail[dot]com,https://kys.udiseplus.gov.in/#/schooldetail/4680630/12,4680630,23/12/2025 11:26,2268
******01102 Operational,,MPPS P ETIKAMPADU,,,,Andhra Pradesh,1-Primary,33-MPP_ZPP SCHOOLS,1 To 5,3-Co-educational,1-Rural,Ponnur,Upparapalem,,,PEDAITIKOMPADU UPPARAPALEM(VILL) S.C.COLONY UPPARAPALEM(VILL) PONNURU(MANDAL) GUNTUR(DIST),522124,mpps.pitikampadu[at]gmail[dot]com,https://kys.udiseplus.gov.in/#/schooldetail/4682908/12,4682908,07/10/2024 16:30,2268
******01001 Operational,,MPPS PHANIDARAM,,,,Andhra Pradesh,1-Primary,33-MPP_ZPP SCHOOLS,1 To 5,3-Co-educational,1-Rural,Tadikonda,Damarapalle,,,PHANIDARAM PHANIDARAM DAMARAPALLI(VILL) TADIKONDA(MANDAL) GUNTUR(DIST),522018,dsulochana0808[at]gmail[dot]com,https://kys.udiseplus.gov.in/#/schooldetail/4679713/12,4679713,22/12/2025 10:56,2268
******01104 Operational,,MPPS(PL) RAYAPUDI,,,,Andhra Pradesh,1-Primary,33-MPP_ZPP SCHOOLS,1 To 5,3-Co-educational,1-Rural,Thullur,Rayapudi,,,RAYAPUDI RAYAPUDI RAYAPUDI(VILL) THULLUR(MANDAL) GUNTUR(DIST),522237,mppspedalanka1104[at]gmail[dot]com,https://kys.udiseplus.gov.in/#/schooldetail/4679432/12,4679432,08/10/2024 13:33,2268
******00317 Operational,,MPPS POLAKAM PADU,,,,Andhra Pradesh,1-Primary,33-MPP_ZPP SCHOOLS,1 To 5,3-Co-educational,2-Urban,NA,,Tadepalli Ward No.18,Tadepalli-Municipality,TADEPALLI TADEPALLI TADEPALLI(VILL) THADEPALLE(MANDAL) GUNTUR(DIST),522501,mrctadepalli[at]gmail[dot]com,https://kys.udiseplus.gov.in/#/schooldetail/4679491/12,4679491,08/10/2024 12:02,2268
******00303 Operational,,MPPSPOLAKAMPADU(AA),,,,Andhra Pradesh,1-Primary,33-MPP_ZPP SCHOOLS,1 To 5,3-Co-educational,2-Urban,NA,,Tadepalli Ward No.16,Tadepalli-Municipality,TADEPALLI TADEPALLI TADEPALLI(VILL) THADEPALLE(MANDAL) GUNTUR(DIST),522501,korrapatisiva6[at]gmail[dot]com,https://kys.udiseplus.gov.in/#/schooldetail/4679478/12,4679478,08/10/2024 11:22,2268
******00703 Operational,,MPPS PONNEKALLU KB,,,,Andhra Pradesh,1-Primary,33-MPP_ZPP SCHOOLS,1 To 5,3-Co-educational,1-Rural,Tadikonda,Ponnekallu,,,PONNEKALLU PONNEKALLU PONNEKALLU(VILL) TADIKONDA(MANDAL) GUNTUR(DIST),522018,prasannalakshmi0074[at]gmail[dot]com,https://kys.udiseplus.gov.in/#/schooldetail/4679697/12,4679697,22/12/2025 10:54,2268
******00701 Operational,,MPPS PONNEKALLU (MODEL),,,,Andhra Pradesh,1-Primary,33-MPP_ZPP SCHOOLS,1 To 5,3-Co-educational,1-Rural,Tadikonda,Ponnekallu,,,S C COLONY PONNEKALLU PONNEKALLU(VILL) TADIKONDA(MANDAL) GUNTUR(DIST),522018,rachamantisanthi3[at]gmail[dot]com,https://kys.udiseplus.gov.in/#/schooldetail/4679695/12,4679695,22/12/2025 10:58,2268
******00704 Operational,,MPPS PONNEKALLU STC,,,,Andhra Pradesh,1-Primary,33-MPP_ZPP SCHOOLS,1 To 2,3-Co-educational,1-Rural,Tadikonda,Ponnekallu,,,PONNEKALLU PONNEKALLU PONNEKALLU(VILL) TADIKONDA(MANDAL) GUNTUR(DIST),522018,mppsstcpnk704[at]gmail[dot]com,https://kys.udiseplus.gov.in/#/schooldetail/4679698/12,4679698,22/12/2025 10:54,2268
******00702 Operational,,MPPS PONNEKALLU (URDU),,,,Andhra Pradesh,1-Primary,33-MPP_ZPP SCHOOLS,1 To 5,3-Co-educational,1-Rural,Tadikonda,Ponnekallu,,,PONNEKALLU PONNEKALLU PONNEKALLU(VILL) TADIKONDA(MANDAL) GUNTUR(DIST),522018,shaiknaseema586[at]gmail[dot]com,https://kys.udiseplus.gov.in/#/schooldetail/4679696/12,4679696,22/12/2025 10:55,2268
******01202 Operational,,MPPS POTHURU,,,,Andhra Pradesh,1-Primary,33-MPP_ZPP SCHOOLS,1 To 5,3-Co-educational,2-Urban,NA,,Guntur Ward No. 58,Guntur-Municipal Corporations,POTHURU(VILL) GUNTUR(MANDAL) GUNTUR(DIST),522005,challachandrasekhar71[at]gmail[dot]com,https://kys.udiseplus.gov.in/#/schooldetail/4680827/12,4680827,20/12/2025 13:13,2268
******00701 Operational,,MPPS POTLAPADU HE,,,,Andhra Pradesh,1-Primary,33-MPP_ZPP SCHOOLS,1 To 5,3-Co-educational,1-Rural,Medikonduru,Potlapadu,,,VELAVARTHIPADU VELAVARTHIPADU POTLAPADU(VILL) MEDIKONDURU(MANDAL) GUNTUR(DIST),522438,mppspotlapadu701[at]gmail[dot]com,https://kys.udiseplus.gov.in/#/schooldetail/4680615/12,4680615,23/12/2025 11:23,2268
******00704 Operational,,MPPS(PPN) PHIRANGIPURAM,,,,Andhra Pradesh,1-Primary,33-MPP_ZPP SCHOOLS,1 To 5,3-Co-educational,1-Rural,Phirangipuram,Phirangipuram,,,P P NAGAR PHIRANGIPURAM PHIRANGIPURAM (PT)(VILL) PHIRANGIPURAM(MANDAL) GUNTUR(DIST),522529,KATUMALAMARY349[at]GMAIL[dot]COM,https://kys.udiseplus.gov.in/#/schooldetail/4680535/12,4680535,15/10/2020 12:18,2268
******00102 Operational,,MPPS (PPS) KORNEPADU,,,,Andhra Pradesh,1-Primary,33-MPP_ZPP SCHOOLS,1 To 5,3-Co-educational,1-Rural,Vatticherukuru,Kornepadu,,,P PALLI STREET KORNEPADU KORNEPADU(VILL) VATTICHERUKURU(MANDAL) GUNTUR(DIST),522017,bhagyasarigala7[at]gmail[dot]com,https://kys.udiseplus.gov.in/#/schooldetail/4681832/12,4681832,28/09/2024 15:14,2268
******00802 Operational,,MPPS PRATHURU(AA),,,,Andhra Pradesh,1-Primary,33-MPP_ZPP SCHOOLS,1 To 5,3-Co-educational,2-Urban,NA,,Tadepalli Ward No.13,Tadepalli-Municipality,PRATURU PRATURU GUNDIMEDA(VILL) THADEPALLE(MANDAL) GUNTUR(DIST),522501,mppsaaprathuru2024[at]gmail[dot]com,https://kys.udiseplus.gov.in/#/schooldetail/4679530/12,4679530,08/10/2024 11:45,2268
******00801 Operational,,MPPS PRATHURU(LE),,,,Andhra Pradesh,1-Primary,33-MPP_ZPP SCHOOLS,1 To 5,3-Co-educational,2-Urban,NA,,Tadepalli Ward No.13,Tadepalli-Municipality,PRATURU PRATURU GUNDIMEDA(VILL) THADEPALLE(MANDAL) GUNTUR(DIST),522501,surekhadasari73[at]gmail[dot]com,https://kys.udiseplus.gov.in/#/schooldetail/4679529/12,4679529,26/09/2024 03:12,2268
******00603 Operational,,MPPS PR KAKUMANU URDU,,,,Andhra Pradesh,1-Primary,33-MPP_ZPP SCHOOLS,1 To 5,3-Co-educational,1-Rural,Kakumanu,Kakumanu,,,PUSULURUROAD KAKUMANU KAKUMANU(VILL) KAKUMANU(MANDAL) GUNTUR(DIST),522112,mdrihana16[at]gmail[dot]com,https://kys.udiseplus.gov.in/#/schooldetail/4682852/12,4682852,28/09/2024 11:39,2268
******00301 Operational,,"MPPS(PRY), VEJENDLA",,,,Andhra Pradesh,1-Primary,33-MPP_ZPP SCHOOLS,1 To 5,3-Co-educational,1-Rural,Chebrole,Vejendla,,,"NEAR Z P H S VEJENDLA , VEJENDLA(VILL) CHEBROLU(MANDAL) GUNTUR(DIST)",522213,mppsvejendla1932[at]gmail[dot]com,https://kys.udiseplus.gov.in/#/schooldetail/4681773/12,4681773,16/10/2024 16:23,2268
******00604 Permanently Closed,,MPPS(PSP) THULLUR,,,,Andhra Pradesh,1-Primary,33-MPP_ZPP SCHOOLS,1 To 5,3-Co-educational,1-Rural,Thullur,Thullur,,,NA,522237,,https://kys.udiseplus.gov.in/#/schooldetail/4715766/12,4715766,15/10/2020 12:18,2268
******00801 Operational,,MPPS P T PARRU,,,,Andhra Pradesh,1-Primary,33-MPP_ZPP SCHOOLS,1 To 5,3-Co-educational,1-Rural,Ponnur,Patchalatadiparru,,,MPPS PATCHALATADIPARRU VILLAGE PONNUR MANDAL GUNTUR DT-522316,522316,mppsptparru[at]gmail[dot]com,https://kys.udiseplus.gov.in/#/schooldetail/4682895/12,4682895,07/10/2024 16:21,2268
******00109 Operational,,MPPS PULLADIGUNTA,,,,Andhra Pradesh,1-Primary,33-MPP_ZPP SCHOOLS,1 To 5,3-Co-educational,1-Rural,Vatticherukuru,Kornepadu,,,MAIN ROAD PULLADIGUNTA(VILL) VATTICHERUKURU(MANDAL) GUNTUR(DIST),522017,vijayanirmala.parchuri[at]gmail[dot]com,https://kys.udiseplus.gov.in/#/schooldetail/4681837/12,4681837,28/09/2024 15:16,2268
******00501 Closed,Closed,MPPS PUSULUR,,,,Andhra Pradesh,1-Primary,33-MPP_ZPP SCHOOLS,1 To 5,3-Co-educational,1-Rural,Pedanandipadu,Pusulur,,,NEAR VINAYAKA TEMPLE PUSULUR(VILL) PEDANANDIPADU(MANDAL) GUNTUR(DIST),522235,mpps28174600501[at]gmail[dot]com,https://kys.udiseplus.gov.in/#/schooldetail/4682797/12,4682797,16/12/2023 10:29,2268
******01201 Operational,,MPPS (PVS) EMANI,,,,Andhra Pradesh,1-Primary,33-MPP_ZPP SCHOOLS,1 To 5,3-Co-educational,1-Rural,Duggirala,Emani,,,PEDDIRAJUVARI STREET EMANI EMANI(VILL) DUGGIRALA(MANDAL) GUNTUR(DIST),522308,mppspvsemani201[at]gmail[dot]com,https://kys.udiseplus.gov.in/#/schooldetail/4681329/12,4681329,01/10/2024 11:30,2268
******00703 Operational,,MPPS RAJIV CENTRE UP,,,,Andhra Pradesh,1-Primary,33-MPP_ZPP SCHOOLS,1 To 2,3-Co-educational,1-Rural,Pedakakani,Uppalapadu,,,RAJIV CENTER UPPALAPADU UPPALAPADU(VILL) PEDAKAKANI(MANDAL) GUNTUR(DIST),522509,chandraatluri54[at]gmail[dot]com,https://kys.udiseplus.gov.in/#/schooldetail/4681259/12,4681259,22/12/2025 14:19,2268
******00602 Operational,,MPPS RAMALAYAM STREET TP,,,,Andhra Pradesh,1-Primary,33-MPP_ZPP SCHOOLS,1 To 5,3-Co-educational,1-Rural,Pedakakani,Takkellapadu,,,RAMALAYAMSTREET TAKKELLAPAD THAKKELLAPADU (R)(VILL) PEDAKAKANI(MANDAL) GUNTUR(DIST),522509,rajakumari849000[at]gmail[dot]com,https://kys.udiseplus.gov.in/#/schooldetail/4681250/12,4681250,22/12/2025 14:28,2268
******00104 Operational,,MPPS RAMANAGAR,,,,Andhra Pradesh,1-Primary,33-MPP_ZPP SCHOOLS,1 To 5,3-Co-educational,1-Rural,Kollipara,Vallabhapuram,,,RAMNAGAR VALLABHAPURAM(VILL) KOLLIPARA(MANDAL) GUNTUR(DIST),522308,kasturigona[at]gmail[dot]com,https://kys.udiseplus.gov.in/#/schooldetail/4681339/12,4681339,22/12/2025 13:43,2268
******00408 Operational,,MPPS RAMANAGAR COLO,,,,Andhra Pradesh,1-Primary,33-MPP_ZPP SCHOOLS,1 To 5,3-Co-educational,1-Rural,Prathipadu,Prathipadu,,,RAMNAGAR COLONY PRATHIPADU PRATHIPADU(VILL) PRATHIPADU(MANDAL) GUNTUR(DIST),522019,pamisettycatherin[at]gmail[dot]com,https://kys.udiseplus.gov.in/#/schooldetail/4681892/12,4681892,22/12/2025 19:14,2268
******01908 Operational,,MPPS RAMANAPPAPALEM,,,,Andhra Pradesh,1-Primary,33-MPP_ZPP SCHOOLS,1 To 5,3-Co-educational,1-Rural,Ponnur,Nandur,,,MPPS RAMANAPPAPALEM VILLAGE PONNUR MANDAL GUNTUR DT-522315,522315,mppsramanappapalem1908[at]gmail[dot]com,https://kys.udiseplus.gov.in/#/schooldetail/4682935/12,4682935,07/10/2024 16:58,2268
******00403 Operational,,MPPS RANGANAGAR,,,,Andhra Pradesh,1-Primary,33-MPP_ZPP SCHOOLS,1 To 5,3-Co-educational,1-Rural,Kakumanu,Garikapadu,,,RANGANAGAR GARIKAPADU(VILL) KAKUMANU(MANDAL) GUNTUR(DIST),522112,chalapathipnr[at]gmail[dot]com,https://kys.udiseplus.gov.in/#/schooldetail/4682107/12,4682107,28/09/2024 11:30,2268
******00501 Operational,,MPPS (R) ATHOTA,,,,Andhra Pradesh,1-Primary,33-MPP_ZPP SCHOOLS,1 To 2,3-Co-educational,1-Rural,Kollipara,Athota,,,NR ZPHIGH SCHOOL ATHOTA ATHOTA(VILL) KOLLIPARA(MANDAL) GUNTUR(DIST),522306,mppsrathota[at]gmail[dot]com,https://kys.udiseplus.gov.in/#/schooldetail/4680613/12,4680613,24/12/2025 11:37,2268
******00206 Operational,,MPPS RATNAGIRINAGAR,,,,Andhra Pradesh,1-Primary,33-MPP_ZPP SCHOOLS,1 To 5,3-Co-educational,2-Urban,NA,,Guntur Ward No. 54,Guntur-Municipal Corporations,RATNAGIRI NAGAR PEDA PALAKALURU(VILL) GUNTUR(MANDAL) GUNTUR(DIST),522005,malempatipadmavathi69[at]gmail[dot]com,https://kys.udiseplus.gov.in/#/schooldetail/4679897/12,4679897,20/12/2025 12:14,2268
******00803 Operational,,MPPS RAVELA (AA),,,,Andhra Pradesh,1-Primary,33-MPP_ZPP SCHOOLS,1 To 2,3-Co-educational,1-Rural,Tadikonda,Ravela,,,BAPTISTCHURCHCENTR RAVELA RAVELA(VILL) TADIKONDA(MANDAL) GUNTUR(DIST),522018,bhimanagarajakumari[at]gmail[dot]com,https://kys.udiseplus.gov.in/#/schooldetail/4679704/12,4679704,22/12/2025 10:58,2268
******00801 Operational,,MPPS RAVELA(AM),,,,Andhra Pradesh,1-Primary,33-MPP_ZPP SCHOOLS,1 To 2,3-Co-educational,1-Rural,Tadikonda,Ravela,,,PANCHAYT OFFICE RAVELA RAVELA(VILL) TADIKONDA(MANDAL) GUNTUR(DIST),522018,Santhi.j.teacher[at]gmail[dot]com,https://kys.udiseplus.gov.in/#/schooldetail/4679702/12,4679702,22/12/2025 10:58,2268
******00802 Operational,,MPPS RAVELA (LE),,,,Andhra Pradesh,1-Primary,33-MPP_ZPP SCHOOLS,1 To 5,3-Co-educational,1-Rural,Tadikonda,Ravela,,,LUTHERNCHURCHCENTRE RAVELA RAVELA(VILL) TADIKONDA(MANDAL) GUNTUR(DIST),522018,lakshminarasammachirra[at]gmail[dot]com,https://kys.udiseplus.gov.in/#/schooldetail/4679703/12,4679703,22/12/2025 10:58,2268
******00805 Operational,,MPPS RAVELA (URDU),,,,Andhra Pradesh,1-Primary,33-MPP_ZPP SCHOOLS,1 To 5,3-Co-educational,1-Rural,Tadikonda,Ravela,,,CHURCH CENTERE RAVELA RAVELA(VILL) TADIKONDA(MANDAL) GUNTUR(DIST),522018,meotadikonda[at]gmail[dot]com,https://kys.udiseplus.gov.in/#/schooldetail/4679705/12,4679705,22/12/2025 10:58,2268
******00407 Operational,,MPPS RAVIPATIVARI PM,,,,Andhra Pradesh,1-Primary,33-MPP_ZPP SCHOOLS,1 To 5,3-Co-educational,1-Rural,Prathipadu,Prathipadu,,,RAVIPATIVARIPALEM RAVIPATIVARIPALEM PRATHIPADU(VILL) PRATHIPADU(MANDAL) GUNTUR(DIST),522019,premmutlur[at]gmail[dot]com,https://kys.udiseplus.gov.in/#/schooldetail/4681891/12,4681891,22/12/2025 17:58,2268
******00203 Operational,,MPPS (RB R) AV PADU,,,,Andhra Pradesh,1-Primary,33-MPP_ZPP SCHOOLS,1 To 2,3-Co-educational,1-Rural,Vatticherukuru,Ananthavarappadu,,,R B ROAD ANANTHAVARAPADU ANANTHAVARAPADU(VILL) VATTICHERUKURU(MANDAL) GUNTUR(DIST),522017,mppsrbr[at]gmail[dot]com,https://kys.udiseplus.gov.in/#/schooldetail/4681845/12,4681845,12/11/2025 13:03,2268
******00702 Permanently Closed,,MPPS (R) CHIVALURU,,,,Andhra Pradesh,1-Primary,33-MPP_ZPP SCHOOLS,1 To 5,3-Co-educational,1-Rural,Kollipara,Chivalur,,,NA,522304,,https://kys.udiseplus.gov.in/#/schooldetail/4715948/12,4715948,15/10/2020 12:18,2268
******00301 Operational,,MPPS R DANTHALURU,,,,Andhra Pradesh,1-Primary,33-MPP_ZPP SCHOOLS,1 To 5,3-Co-educational,1-Rural,Kollipara,Danthalur,,,DANTHALUR DANTHALUR DANTHALUR(VILL) KOLLIPARA(MANDAL) GUNTUR(DIST),522306,mppsrdhanthaluru1[at]gmail[dot]com,https://kys.udiseplus.gov.in/#/schooldetail/4680611/12,4680611,22/12/2025 14:59,2268
******00504 Operational,,MPPS REGULAGADDA,,,,Andhra Pradesh,1-Primary,33-MPP_ZPP SCHOOLS,1 To 5,3-Co-educational,1-Rural,Phirangipuram,Bethapudi,,,REGULAGADDA REGULAGADDA BETHAPUDI(VILL) PHIRANGIPURAM(MANDAL) GUNTUR(DIST),522529,bandlaprasadarao63[at]gamail[dot]com,https://kys.udiseplus.gov.in/#/schooldetail/4679758/12,4679758,08/10/2024 14:59,2268
******01001 Permanently Closed,,MPPS REPUDI,,,,Andhra Pradesh,1-Primary,33-MPP_ZPP SCHOOLS,1 To 5,3-Co-educational,1-Rural,Phirangipuram,Repudi,,,NA,522529,,https://kys.udiseplus.gov.in/#/schooldetail/4715836/12,4715836,15/10/2020 12:18,2268
******01001 Operational,,MPPS RETUR,,,,Andhra Pradesh,1-Primary,33-MPP_ZPP SCHOOLS,1 To 5,3-Co-educational,1-Rural,Kakumanu,Retur,,,RETUR-KAKUMANU-GUNTUR,522113,rasulsyed2006[at]gmail[dot]com,https://kys.udiseplus.gov.in/#/schooldetail/4682866/12,4682866,28/09/2024 11:50,2268
******00206 Operational,,MPPS REVENDRAPADU DPEP,,,,Andhra Pradesh,1-Primary,33-MPP_ZPP SCHOOLS,1 To 5,3-Co-educational,1-Rural,Duggirala,Tummapudi,,,REVENDRAPADU REVENDRAPADU THUMMOPUDI(VILL) DUGGIRALA(MANDAL) GUNTUR(DIST),522302,meoduggirala2018[at]gmail[dot]com,https://kys.udiseplus.gov.in/#/schooldetail/4681280/12,4681280,15/10/2020 12:18,2268
******00203 Operational,,MPPS REVENDRAPADU (N),,,,Andhra Pradesh,1-Primary,33-MPP_ZPP SCHOOLS,1 To 5,3-Co-educational,1-Rural,Duggirala,Tummapudi,,,REVENDRAPADU REVENDRAPADU THUMMOPUDI(VILL) DUGGIRALA(MANDAL) GUNTUR(DIST),522302,mppsnrvpadu[at]gmail[dot]com,https://kys.udiseplus.gov.in/#/schooldetail/4681276/12,4681276,30/09/2024 11:28,2268
******00205 Permanently Closed,,MPPS REVENDRAPADU URDU,,,,Andhra Pradesh,1-Primary,33-MPP_ZPP SCHOOLS,1 To 5,3-Co-educational,1-Rural,Duggirala,Tummapudi,,,NA,522302,,https://kys.udiseplus.gov.in/#/schooldetail/4715944/12,4715944,15/10/2020 12:18,2268
******00406 Permanently Closed,,MPPS (R)KANCHARLAPALEM,,,,Andhra Pradesh,1-Primary,33-MPP_ZPP SCHOOLS,1 To 5,3-Co-educational,1-Rural,Tenali,Katevaram,,,NA,522202,,https://kys.udiseplus.gov.in/#/schooldetail/4715978/12,4715978,15/10/2020 12:18,2268
******00901 Operational,,MPPS (R) KOLLIPARA,,,,Andhra Pradesh,1-Primary,33-MPP_ZPP SCHOOLS,1 To 5,3-Co-educational,1-Rural,Kollipara,Kollipara,,,KOLLIPARA KOLLIPARA KOLLIPARA(VILL) KOLLIPARA(MANDAL) GUNTUR(DIST),522304,chintamaneni1966[at]gmail[dot]com,https://kys.udiseplus.gov.in/#/schooldetail/4681360/12,4681360,22/12/2025 15:32,2268
******00201 Operational,,MPPS(R) MUNNANGI,,,,Andhra Pradesh,1-Primary,33-MPP_ZPP SCHOOLS,1 To 5,3-Co-educational,1-Rural,Kollipara,Munnangi,,,ARAGAVRI STREET MUNNANGI MUNNANGI(VILL) KOLLIPARA(MANDAL) GUNTUR(DIST),522304,mppsrmunnangi[at]gmail[dot]com,https://kys.udiseplus.gov.in/#/schooldetail/4681344/12,4681344,22/12/2025 14:32,2268
******00601 Operational,,MPPS R PALEM(WC),,,,Andhra Pradesh,1-Primary,33-MPP_ZPP SCHOOLS,1 To 5,3-Co-educational,2-Urban,NA,,Guntur (M Corp.) - Ward No.48,Guntur-Municipal Corporations,REDDIPALEM GUNTUR(VILL) WEAVERS COLONY GUNTUR (U)(VILL) GUNTUR(MANDAL) GUNTUR(DIST),522501,mppschoolwc[at]gmail[dot]com,https://kys.udiseplus.gov.in/#/schooldetail/4680754/12,4680754,05/01/2026 16:45,2268
******00801 Operational,,MPPS (R) PIDAPARRU,,,,Andhra Pradesh,1-Primary,33-MPP_ZPP SCHOOLS,1 To 5,3-Co-educational,1-Rural,Kollipara,Pidaparru,,,MAIN ROAD PIDAPARRU PIDAPARRU(VILL) KOLLIPARA(MANDAL) GUNTUR(DIST),522304,mppsrpidaparru66[at]gmail[dot]com,https://kys.udiseplus.gov.in/#/schooldetail/4681356/12,4681356,22/12/2025 15:30,2268
******00601 Operational,,MPPS R.R.NAGAR,,,,Andhra Pradesh,1-Primary,33-MPP_ZPP SCHOOLS,1 To 5,3-Co-educational,2-Urban,NA,,Tadepalli Ward No.20,Tadepalli-Municipality,RADHARANGANAGAR VADDESWARAM VADDESWARAM(VILL) THADEPALLE(MANDAL) GUNTUR(DIST),522502,mvijayakumar99120[at]gmail[dot]com,https://kys.udiseplus.gov.in/#/schooldetail/4679519/12,4679519,08/10/2024 12:22,2268
******01002 Permanently Closed,,MPPS (RS) NALLAPADU,,,,Andhra Pradesh,1-Primary,33-MPP_ZPP SCHOOLS,1 To 5,3-Co-educational,2-Urban,NA,,Guntur Ward No. 53,Guntur-Municipal Corporations,NA,522005,,https://kys.udiseplus.gov.in/#/schooldetail/4715896/12,4715896,15/10/2020 12:18,2268
******01105 Operational,,MPPS(RS) NUDURUPADU,,,,Andhra Pradesh,1-Primary,33-MPP_ZPP SCHOOLS,1 To 5,3-Co-educational,1-Rural,Phirangipuram,Nudurupadu,,,RAILWAY STATION NUDURUPADU NUDURUPADU(VILL) PHIRANGIPURAM(MANDAL) GUNTUR(DIST),522529,padmavatijonnalagadda[at]gmail[dot]com,https://kys.udiseplus.gov.in/#/schooldetail/4680567/12,4680567,15/10/2020 12:18,2268
******00201 Operational,,MPPS (RS) TUMMAPUDI,,,,Andhra Pradesh,1-Primary,33-MPP_ZPP SCHOOLS,1 To 5,3-Co-educational,1-Rural,Duggirala,Tummapudi,,,RAMALAYAM STREET THUMMAPUDI THUMMOPUDI(VILL) DUGGIRALA(MANDAL) GUNTUR(DIST),522330,rstpudi[at]gmail[dot]com,https://kys.udiseplus.gov.in/#/schooldetail/4681275/12,4681275,15/10/2020 12:18,2268
******01201 Operational,,MPPS(R) THUMULURU,,,,Andhra Pradesh,1-Primary,33-MPP_ZPP SCHOOLS,1 To 5,3-Co-educational,1-Rural,Kollipara,Thumuluru,,,THUMULURU THUMULURU THUMULURU(VILL) KOLLIPARA(MANDAL) GUNTUR(DIST),522304,mppsrthumulur[at]gmail[dot]com,https://kys.udiseplus.gov.in/#/schooldetail/4681383/12,4681383,23/12/2025 11:29,2268
******00101 Operational,,MPPS(R) VALLABHAPURAM,,,,Andhra Pradesh,1-Primary,33-MPP_ZPP SCHOOLS,1 To 2,3-Co-educational,1-Rural,Kollipara,Vallabhapuram,,,VALLABHAPURAM VALLABHAPURAM VALLABHAPURAM(VILL) KOLLIPARA(MANDAL) GUNTUR(DIST),522308,jhansiranimanchala111[at]gmail[dot]com,https://kys.udiseplus.gov.in/#/schooldetail/4681337/12,4681337,22/12/2025 14:11,2268
******01103 Operational,,MPPS SANTIPALEM DW,,,,Andhra Pradesh,1-Primary,33-MPP_ZPP SCHOOLS,1 To 5,3-Co-educational,1-Rural,Medikonduru,Dokiparru,,,SANTHI PALEM SANTHI PALEM DOKIPARRU(VILL) MEDIKONDURU(MANDAL) GUNTUR(DIST),522438,dwdpr1103[at]gmail[dot]com,https://kys.udiseplus.gov.in/#/schooldetail/4680652/12,4680652,23/12/2025 11:30,2268
******00601 Operational,,MPPS SARIPUDI,,,,Andhra Pradesh,1-Primary,33-MPP_ZPP SCHOOLS,1 To 5,3-Co-educational,1-Rural,Medikonduru,Velavarthipadu,,,SARIPUDI VELAVARTHI PADU(VILL) MEDIKONDURU(MANDAL) GUNTUR(DIST)522438,522438,ganikapudi1973[at]gmail[dot]com,https://kys.udiseplus.gov.in/#/schooldetail/4680609/12,4680609,23/12/2025 10:31,2268
******00702 Operational,,MPPS SATRAM BAZAR (ANG),,,,Andhra Pradesh,1-Primary,33-MPP_ZPP SCHOOLS,1 To 5,3-Co-educational,1-Rural,Tenali,Angalakuduru,,,ANGALAKUDURU ANGALAKUDURU ANGALAKUDURU(VILL) TENALI(MANDAL) GUNTUR(DIST),522211,rizwanabegum706[at]gmail[dot]com,https://kys.udiseplus.gov.in/#/schooldetail/4681554/12,4681554,22/12/2025 14:53,2268
******00303 Operational,,MPPS(SC)AB GUNTAPALEM,,,,Andhra Pradesh,1-Primary,33-MPP_ZPP SCHOOLS,1 To 2,3-Co-educational,1-Rural,Pedanandipadu,Gorijavoluguntapalem,,,MPPS SC.COLONY ABBINENIGUNTAPALEM GORIJAVOLUGUNTAPALEM(VILL) PEDANANDIPADU(MANDAL) GUNTUR(DIST),522015,mppssc303[at]gmail[dot]com,https://kys.udiseplus.gov.in/#/schooldetail/4682789/12,4682789,22/12/2025 14:15,2268
******01102 Operational,,MPPS (SC) ANKIREDDYPALEM,,,,Andhra Pradesh,1-Primary,33-MPP_ZPP SCHOOLS,1 To 2,3-Co-educational,2-Urban,NA,,Guntur Ward No. 55,Guntur-Municipal Corporations,S C COLONY ANKIREDDY PALEM ANKIREDDIPALEM(VILL) GUNTUR(MANDAL) GUNTUR(DIST),522005,,https://kys.udiseplus.gov.in/#/schooldetail/4680811/12,4680811,20/12/2025 13:06,2268
******00202 Closed,Closed,MPPS(SC) ANNAPARRU,,,,Andhra Pradesh,1-Primary,33-MPP_ZPP SCHOOLS,1 To 5,3-Co-educational,1-Rural,Pedanandipadu,Annaparru,,,SC COLONY ANNAPARRU ANNAPARRU(VILL) PEDANANDIPADU(MANDAL) GUNTUR(DIST),522235,mpps28174600202[at]gmail[dot]com,https://kys.udiseplus.gov.in/#/schooldetail/4682785/12,4682785,16/12/2023 10:28,2268
******01103 Operational,,MPPS SC DUGGIRALA,,,,Andhra Pradesh,1-Primary,33-MPP_ZPP SCHOOLS,1 To 5,3-Co-educational,1-Rural,Duggirala,Duggirala,,,DUGGIRALA(VILL)SUGALI COLONY DUGGIRALA (MNDL) DUGGIRALA(VILL) DUGGIRALA(MANDAL) GUNTUR(DIST),522330,ramasrinivas2425[at]gmail[dot]com,https://kys.udiseplus.gov.in/#/schooldetail/4681316/12,4681316,26/09/2024 12:28,2268
******00102 Operational,,MPPS (SC) KOPPARRU,,,,Andhra Pradesh,1-Primary,33-MPP_ZPP SCHOOLS,1 To 5,3-Co-educational,1-Rural,Pedanandipadu,Kopparru,,,S.C.COLONY KOPPARU KOPPARRU(VILL) PEDANANDIPADU(MANDAL) GUNTUR(DIST),522015,mpps28174600102[at]gmail[dot]com,https://kys.udiseplus.gov.in/#/schooldetail/4682782/12,4682782,22/12/2025 13:06,2268
******00402 Operational,,MPPS (SC) LE JONNALAGADDA,,,,Andhra Pradesh,1-Primary,33-MPP_ZPP SCHOOLS,1 To 2,3-Co-educational,1-Rural,Guntur,Jonnalagadda,,,JONNALAGADDA JONNALAGADDA JONNALA GADDA(VILL) GUNTUR(MANDAL) GUNTUR(DIST),522034,mppsle[at]gmail[dot]com,https://kys.udiseplus.gov.in/#/schooldetail/4679983/12,4679983,20/12/2025 11:47,2268
******00802 Operational,,MPPS (SC) MORAMPUDI,,,,Andhra Pradesh,1-Primary,33-MPP_ZPP SCHOOLS,1 To 5,3-Co-educational,1-Rural,Duggirala,Morampudi,,,SC COLONY MORAMPUDI MORAMPUDI(VILL) DUGGIRALA(MANDAL) GUNTUR(DIST),522330,kuchipudi.rs1967[at]gmail[dot]com,https://kys.udiseplus.gov.in/#/schooldetail/4681301/12,4681301,11/03/2024 17:01,2268
******00902 Operational,,MPPS (SC) RAJUPALEM,,,,Andhra Pradesh,1-Primary,33-MPP_ZPP SCHOOLS,1 To 5,3-Co-educational,1-Rural,Pedanandipadu,Rajupalem,,,MPPS S.C.COLONY RAJUPALEM RAJUPAELM(VILL) PEDANANDIPADU(MANDAL) GUNTUR(DIST),522235,mppsrajupalem00902[at]gmail[dot]com,https://kys.udiseplus.gov.in/#/schooldetail/4682819/12,4682819,22/12/2025 19:01,2268
******00204 Operational,,MPPS (SC) REVENDRAPADU,,,,Andhra Pradesh,1-Primary,33-MPP_ZPP SCHOOLS,1 To 5,3-Co-educational,1-Rural,Duggirala,Tummapudi,,,REVENDRAPADU REVENDRAPADU THUMMOPUDI(VILL) DUGGIRALA(MANDAL) GUNTUR(DIST),522302,pnrbaskar[at]gmail[dot]com,https://kys.udiseplus.gov.in/#/schooldetail/4681279/12,4681279,25/09/2024 16:54,2268
******00702 Operational,,MPPS S D STREET KOMMURU URDU,,,,Andhra Pradesh,1-Primary,33-MPP_ZPP SCHOOLS,1 To 5,3-Co-educational,1-Rural,Kakumanu,Kommuru,,,SANGAM DAIRY STREET KOMMURU KOMMURU(VILL) KAKUMANU(MANDAL) GUNTUR(DIST),522235,ska65738[at]gmail[dot]com,https://kys.udiseplus.gov.in/#/schooldetail/4682856/12,4682856,28/09/2024 11:42,2268
******00305 Operational,,MPPS (SIBIRAM) NOWLUR,,,,Andhra Pradesh,1-Primary,33-MPP_ZPP SCHOOLS,1 To 5,3-Co-educational,2-Urban,NA,,Mangalagiri (M) - Ward No.28,Mangalagiri-Municipality,AMBEDKAR NAGARNOWLUR MANGALAGIRI MANDAL,522503,meomangalagiri[at]gmail[dot]com,https://kys.udiseplus.gov.in/#/schooldetail/4679547/12,4679547,20/12/2025 13:10,2268
******00201 Operational,,MPPS SIRANGIPALEM,,,,Andhra Pradesh,1-Primary,33-MPP_ZPP SCHOOLS,1 To 5,3-Co-educational,1-Rural,Phirangipuram,Sirangipalem,,,SC COLONY AREA SC COLONY AREA SIRANGIPALEM(VILL) PHIRANGIPURAM(MANDAL) GUNTUR(DIST),522529,mppssirangipalem[at]gmail[dot]com,https://kys.udiseplus.gov.in/#/schooldetail/4680522/12,4680522,16/05/2022 11:56,2268
******00304 Operational,,MPPS SIRIPURAM BR PURAM,,,,Andhra Pradesh,1-Primary,33-MPP_ZPP SCHOOLS,1 To 5,3-Co-educational,1-Rural,Medikonduru,Siripuram,,,B R PURAM SIRIPURAM SIRIPURAM(VILL) MEDIKONDURU(MANDAL) GUNTUR(DIST)522401,522401,vimalapudota1970[at]gmail[dot]com,https://kys.udiseplus.gov.in/#/schooldetail/4680591/12,4680591,23/12/2025 10:27,2268
******00301 Operational,,MPPS SIRIPURAM HE,,,,Andhra Pradesh,1-Primary,33-MPP_ZPP SCHOOLS,1 To 5,3-Co-educational,1-Rural,Medikonduru,Siripuram,,,AYURVEDICHOSPITAL SIRIPURAM SIRIPURAM(VILL) MEDIKONDURU(MANDAL) GUNTUR(DIST)522401,522401,chirralksreddy[at]gmail[dot]com,https://kys.udiseplus.gov.in/#/schooldetail/4680588/12,4680588,23/12/2025 10:26,2268
******00302 Operational,,MPPS SIRIPURAM HW,,,,Andhra Pradesh,1-Primary,33-MPP_ZPP SCHOOLS,1 To 5,3-Co-educational,1-Rural,Medikonduru,Siripuram,,,HARIJANWADA SIRIPURAM(VILL) MEDIKONDURU(MANDAL) GUNTUR(DIST)522401,522401,,https://kys.udiseplus.gov.in/#/schooldetail/4680589/12,4680589,23/12/2025 10:26,2268
******00307 Operational,,MPPS SIRIPURAM ST,,,,Andhra Pradesh,1-Primary,33-MPP_ZPP SCHOOLS,1 To 5,3-Co-educational,1-Rural,Medikonduru,Siripuram,,,S T COLONY SIRIPURAM SIRIPURAM(VILL) MEDIKONDURU(MANDAL) GUNTUR(DIST),522401,,https://kys.udiseplus.gov.in/#/schooldetail/4680594/12,4680594,23/12/2025 10:28,2268
******00305 Operational,,MPPS SIRIPURAM URDU,,,,Andhra Pradesh,1-Primary,33-MPP_ZPP SCHOOLS,1 To 5,3-Co-educational,1-Rural,Medikonduru,Siripuram,,,NEAR BUS STOP SIRIPURAM SIRIPURAM(VILL) MEDIKONDURU(MANDAL) GUNTUR(DIST)522401,522401,sadiqunnisa75[at]gmail[dot]com,https://kys.udiseplus.gov.in/#/schooldetail/4680592/12,4680592,23/12/2025 10:27,2268
******00303 Operational,,MPPS SIRIPURAM YC,,,,Andhra Pradesh,1-Primary,33-MPP_ZPP SCHOOLS,1 To 5,3-Co-educational,1-Rural,Medikonduru,Siripuram,,,YERUKULACOLONY SIRIPURAM SIRIPURAM(VILL) MEDIKONDURU(MANDAL) GUNTUR(DIST),522401,geetharanimovva[at]gmail[dot]com,https://kys.udiseplus.gov.in/#/schooldetail/4680590/12,4680590,23/12/2025 10:26,2268
******00701 Operational,,MPPS SIVALAYAM (ANG) (R),,,,Andhra Pradesh,1-Primary,33-MPP_ZPP SCHOOLS,1 To 5,3-Co-educational,1-Rural,Tenali,Angalakuduru,,,ANGALAKUDURU ANGALAKUDURU ANGALAKUDURU(VILL) TENALI(MANDAL) GUNTUR(DIST),522211,emaniradha98[at]gmail[dot]com,https://kys.udiseplus.gov.in/#/schooldetail/4681553/12,4681553,22/12/2025 14:52,2268
******00601 Operational,,MPPS SIVALAYAM STREET PP,,,,Andhra Pradesh,1-Primary,33-MPP_ZPP SCHOOLS,1 To 2,3-Co-educational,1-Rural,Pedakakani,Takkellapadu,,,SIVALAYAMSTREET PEDAKAKANI THAKKELLAPADU (R)(VILL) PEDAKAKANI(MANDAL) GUNTUR(DIST),522509,vnrao2592[at]gmail[dot]com,https://kys.udiseplus.gov.in/#/schooldetail/4681249/12,4681249,22/12/2025 14:31,2268
******00705 Operational,,MPPS (S J PETA) ANG,,,,Andhra Pradesh,1-Primary,33-MPP_ZPP SCHOOLS,1 To 5,3-Co-educational,1-Rural,Tenali,Angalakuduru,,,ANGALAKUDURU ANGALAKUDURU ANGALAKUDURU(VILL) TENALI(MANDAL) GUNTUR(DIST),522211,pavanikatroju[at]gmail[dot]com,https://kys.udiseplus.gov.in/#/schooldetail/4681557/12,4681557,22/12/2025 14:54,2268
******00603 Operational,,MPPS S J Y M (G V S),,,,Andhra Pradesh,1-Primary,33-MPP_ZPP SCHOOLS,1 To 5,3-Co-educational,1-Rural,Tenali,Sangam Jagarlamudi,,,SANGAMJAGARALMUDI SANGAM GARLAMUDI SANGAMJAGARLAMUDI(VILL) TENALI(MANDAL) GUNTUR(DIST),522213,jayaraopilli63[at]gmail[dot]com,https://kys.udiseplus.gov.in/#/schooldetail/4681548/12,4681548,22/12/2025 14:45,2268
******00604 Operational,,MPPS S J Y M (LE),,,,Andhra Pradesh,1-Primary,33-MPP_ZPP SCHOOLS,1 To 5,3-Co-educational,1-Rural,Tenali,Sangam Jagarlamudi,,,SANGAMJAGARLAMUDI SANGAM GARLAMUDI SANGAMJAGARLAMUDI(VILL) TENALI(MANDAL) GUNTUR(DIST),522213,lakshmivenkata565[at]gmail[dot]com,https://kys.udiseplus.gov.in/#/schooldetail/4681549/12,4681549,22/12/2025 14:45,2268
******00602 Operational,,MPPS S J Y M(R),,,,Andhra Pradesh,1-Primary,33-MPP_ZPP SCHOOLS,1 To 5,3-Co-educational,1-Rural,Tenali,Sangam Jagarlamudi,,,SANGAMJAGARLAMUDI SANGAM GARLAMUDI SANGAMJAGARLAMUDI(VILL) TENALI(MANDAL) GUNTUR(DIST),522213,marakatripura[at]gmail[dot]com,https://kys.udiseplus.gov.in/#/schooldetail/4681547/12,4681547,22/12/2025 14:45,2268
******00601 Operational,,MPPS S J Y M (SPL),,,,Andhra Pradesh,1-Primary,33-MPP_ZPP SCHOOLS,1 To 5,3-Co-educational,1-Rural,Tenali,Sangam Jagarlamudi,,,SANGAM JAGARLAMUDI SANGAM JAGARLAMUDI SANGAMJAGARLAMUDI(VILL) TENALI(MANDAL) GUNTUR(DIST),522213,hmmppssplsjm[at]gmail[dot]com,https://kys.udiseplus.gov.in/#/schooldetail/4681546/12,4681546,22/12/2025 14:44,2268
******00605 Operational,,MPPS S J Y M (ST COLONY),,,,Andhra Pradesh,1-Primary,33-MPP_ZPP SCHOOLS,1 To 5,3-Co-educational,1-Rural,Tenali,Sangam Jagarlamudi,,,ST COLONY SANGAM GARLAMUDI SANGAMJAGARLAMUDI(VILL) TENALI(MANDAL) GUNTUR(DIST),522213,hmmppsstsjym[at]gmail[dot]com,https://kys.udiseplus.gov.in/#/schooldetail/4681550/12,4681550,22/12/2025 14:45,2268
******01101 Operational,,MPPS (SLC)U P PALEM,,,,Andhra Pradesh,1-Primary,33-MPP_ZPP SCHOOLS,1 To 5,3-Co-educational,1-Rural,Ponnur,Upparapalem,,,UPPERAPALEM(VILL) PONNURU (MNDL) UPPARAPALEM(VILL) PONNURU(MANDAL) GUNTUR(DIST),522124,kkm151968[at]gmail[dot]com,https://kys.udiseplus.gov.in/#/schooldetail/4682906/12,4682906,07/10/2024 16:27,2268
******00309 Operational,,MPPS S.NAGAR,,,,Andhra Pradesh,1-Primary,33-MPP_ZPP SCHOOLS,1 To 5,3-Co-educational,2-Urban,NA,,Tadepalli Ward No.23,Tadepalli-Municipality,SUNDARAIAH NAGAR TADEPALLI TADEPALLI(VILL) THADEPALLE(MANDAL) GUNTUR(DIST),522501,jyothianjaneyulu9976[at]gmail[dot]com,https://kys.udiseplus.gov.in/#/schooldetail/4679484/12,4679484,08/10/2024 11:57,2268
******00403 Operational,,MPPS SOMASUNDHARAM PAELM,,,,Andhra Pradesh,1-Primary,33-MPP_ZPP SCHOOLS,1 To 5,3-Co-educational,1-Rural,Tenali,Katevaram,,,SOMA SUNDARAM PALEM SOMA SUNDARAM PALEM KATHEVARAM(VILL) TENALI(MANDAL) GUNTUR(DIST),522202,g.sarala827devi[at]gmail[dot]com,https://kys.udiseplus.gov.in/#/schooldetail/4681529/12,4681529,22/12/2025 14:41,2268
******01204 Operational,,MPPS(SOUTH) MUTLURU,,,,Andhra Pradesh,1-Primary,33-MPP_ZPP SCHOOLS,1 To 5,3-Co-educational,1-Rural,Vatticherukuru,Mutluru,,,"NEAR ZPHS MUTLUR, MUTLURU(VILL) VATTICHERUKURU(MANDAL) GUNTUR(DIST)",522212,alivelukolluru[at]gmail[dot]com,https://kys.udiseplus.gov.in/#/schooldetail/4681869/12,4681869,19/09/2024 12:27,2268
******01305 Permanently Closed,,MPPS SOWPADU,,,,Andhra Pradesh,1-Primary,33-MPP_ZPP SCHOOLS,1 To 5,3-Co-educational,1-Rural,Vatticherukuru,Pallapadu,,,NA,522017,,https://kys.udiseplus.gov.in/#/schooldetail/4681878/12,4681878,15/10/2020 12:18,2268
******00705 Operational,,MPPS SPET PHIRANGIPURAM,,,,Andhra Pradesh,1-Primary,33-MPP_ZPP SCHOOLS,1 To 5,3-Co-educational,1-Rural,Phirangipuram,Phirangipuram,,,SANTHIPET PHIRANGIPURAM PHIRANGIPURAM (PT)(VILL) PHIRANGIPURAM(MANDAL) GUNTUR(DIST),522529,challamalleswaramma[at]gmail[dot]com,https://kys.udiseplus.gov.in/#/schooldetail/4680536/12,4680536,15/10/2020 12:18,2268
******00202 Operational,,MPPS(SPL) B KODURU,,,,Andhra Pradesh,1-Primary,33-MPP_ZPP SCHOOLS,1 To 5,3-Co-educational,1-Rural,Ponnur,Brahmanakodur,,,MPPS SPL BRAHMANAKODURU SC COLONY BRAHMANAKODURU VILLAGE PONNUR MANDAL GUNTUR DT-522212,522212,mppssplbrahmanakodur[at]gmail[dot]com,https://kys.udiseplus.gov.in/#/schooldetail/4682879/12,4682879,07/10/2024 16:04,2268
******01702 Operational,,MPPS(SPL)CH PUDI,,,,Andhra Pradesh,1-Primary,33-MPP_ZPP SCHOOLS,1 To 5,3-Co-educational,1-Rural,Ponnur,Chintalapudi,,,CHINTALAPUDI(VILL) S.C.COLONY PONNURU (MNDL) CHINTALAPUDI(VILL) PONNURU(MANDAL) GUNTUR(DIST),522124,kondururajeswari8[at]gmail[dot]com,https://kys.udiseplus.gov.in/#/schooldetail/4682921/12,4682921,07/10/2024 16:47,2268
******01705 Operational,,MPPS (SPL) KASUKARRU,,,,Andhra Pradesh,1-Primary,33-MPP_ZPP SCHOOLS,1 To 5,3-Co-educational,1-Rural,Ponnur,Chintalapudi,,,KASUKARRU CHINTALAPUDI(VILL) S.C.COLONY CHINTALAPUDI(VILL) PONNURU(MANDAL) GUNTUR(DIST),522124,kundachandra123[at]gmail[dot]com,https://kys.udiseplus.gov.in/#/schooldetail/4682924/12,4682924,07/10/2024 16:50,2268
******01302 Operational,,MPPS(SPL) KONDAMUDI,,,,Andhra Pradesh,1-Primary,33-MPP_ZPP SCHOOLS,1 To 5,3-Co-educational,1-Rural,Ponnur,Kondamudi,,,S.C. COLONY KONDAMUDI(VILL) PONNURU(MANDAL) GUNTUR(DIST),522341,tsailajaknmd[at]gmail[dot]com,https://kys.udiseplus.gov.in/#/schooldetail/4682175/12,4682175,07/10/2024 16:34,2268
******02004 Operational,,MPPS(SPL) MACHAVARAM,,,,Andhra Pradesh,1-Primary,33-MPP_ZPP SCHOOLS,1 To 5,3-Co-educational,1-Rural,Ponnur,Mulukuduru,,,MPPS SPL MACHAVRAM BESIDE NTR STATUE STREET MACHAVARAM VILLAGE PONNUR MANDAL GUNTUR DT-522315,522315,mppssplmachavaram2004[at]gmail[dot]com,https://kys.udiseplus.gov.in/#/schooldetail/4682939/12,4682939,07/10/2024 17:05,2268
******00701 Operational,,MPPS SPL MAIN ROAD KOMMURU,,,,Andhra Pradesh,1-Primary,33-MPP_ZPP SCHOOLS,1 To 5,3-Co-educational,1-Rural,Kakumanu,Kommuru,,,MAIN ROAD KOMMURU KOMMURU(VILL) KAKUMANU(MANDAL) GUNTUR(DIST),522235,meokakumanu[at]gmail[dot]com,https://kys.udiseplus.gov.in/#/schooldetail/4682855/12,4682855,28/09/2024 11:41,2268
******01002 Operational,,MPPS (SPL)MANNAVA,,,,Andhra Pradesh,1-Primary,33-MPP_ZPP SCHOOLS,1 To 5,3-Co-educational,1-Rural,Ponnur,Mannava,,,MPPS SPL MANNAVA MANNAVA(VILL) PONNURU(MANDAL) GUNTUR(DIST)-522316,522316,mppssplmannava1002[at]gmail[dot]com,https://kys.udiseplus.gov.in/#/schooldetail/4682902/12,4682902,07/10/2024 16:24,2268
******01902 Operational,,MPPS (SPL) NANDURU,,,,Andhra Pradesh,1-Primary,33-MPP_ZPP SCHOOLS,1 To 5,3-Co-educational,1-Rural,Ponnur,Nandur,,,MPPS SPL NANDURU VILLAGE SC COLONY PONNUR MANDAL GUNTUR DT-522315,522315,mppssplnanduru1902[at]gmail[dot]com,https://kys.udiseplus.gov.in/#/schooldetail/4682931/12,4682931,07/10/2024 16:56,2268
******01802 Operational,,MPPS (SPL) PEDAPALEM,,,,Andhra Pradesh,1-Primary,33-MPP_ZPP SCHOOLS,1 To 5,3-Co-educational,1-Rural,Ponnur,Vallabharaopalem,,,PEDA PONNURU(MANDAL) GUNTUR(DIST),522112,syamrajujogi17[at]gmail[dot]com,https://kys.udiseplus.gov.in/#/schooldetail/4682928/12,4682928,07/10/2024 16:53,2268
******00802 Operational,,MPPS(SPL) P T PARRU,,,,Andhra Pradesh,1-Primary,33-MPP_ZPP SCHOOLS,1 To 5,3-Co-educational,1-Rural,Ponnur,Patchalatadiparru,,,MPPS SPL PATCHALATADIPARRU VILLAGE PONNUR MANDAL GUNTUR DT-522316,522316,mppssplptparru0802[at]gmail[dot]com,https://kys.udiseplus.gov.in/#/schooldetail/4682896/12,4682896,07/10/2024 16:22,2268
******01602 Operational,,MPPS(SPL)VADDIMUKKALA,,,,Andhra Pradesh,1-Primary,33-MPP_ZPP SCHOOLS,1 To 5,3-Co-educational,1-Rural,Ponnur,Vaddemukkala,,,VADDIMUKKALA(VILL) S.C.COLONY PONNURU(MANDAL) GUNTUR(DIST),522124,mppssplvmukkala1602[at]gmail[dot]com,https://kys.udiseplus.gov.in/#/schooldetail/4682919/12,4682919,07/10/2024 16:43,2268
******00603 Operational,,MPPS S.P.N.COLONY,,,,Andhra Pradesh,1-Primary,33-MPP_ZPP SCHOOLS,1 To 5,3-Co-educational,1-Rural,Prathipadu,Nadimpalem,,,S NAGAR COLONY NADIMPALEM NADIMPALEM(VILL) PRATHIPADU(MANDAL) GUNTUR(DIST),522019,mppsspn[at]gmail[dot]com,https://kys.udiseplus.gov.in/#/schooldetail/4681903/12,4681903,23/12/2025 14:58,2268
******00801 Operational,,MPPS SRIRANGAPURAM,,,,Andhra Pradesh,1-Primary,33-MPP_ZPP SCHOOLS,1 To 5,3-Co-educational,1-Rural,Chebrole,Sreerangapuram,,,SRIRANGAPURAM SRI RANGAPURAM SREERANGAPURAM(VILL) CHEBROLU(MANDAL) GUNTUR(DIST),522212,arunakondamudi[at]gmail[dot]com,https://kys.udiseplus.gov.in/#/schooldetail/4681807/12,4681807,22/12/2025 12:02,2268
******00302 Operational,,MPPS (SRN) YERRABALEM,,,,Andhra Pradesh,1-Primary,33-MPP_ZPP SCHOOLS,1 To 5,3-Co-educational,1-Rural,Mangalagiri,Krishnayapalem,,,SRI RAM NAGAR COLONY YERRABALEM NOWLUR(VILL) MANGALAGIRI(MANDAL) GUNTUR(DIST),522503,nagavasanthakumar[at]gmail[dot]com,https://kys.udiseplus.gov.in/#/schooldetail/4679542/12,4679542,20/12/2025 13:08,2268
******01104 Permanently Closed,,MPPS S R PURAM,,,,Andhra Pradesh,1-Primary,33-MPP_ZPP SCHOOLS,1 To 5,3-Co-educational,1-Rural,Ponnur,Upparapalem,,,NA,522124,,https://kys.udiseplus.gov.in/#/schooldetail/4682910/12,4682910,15/10/2020 12:18,2268
******00301 Operational,,MPPS SRUNGARAPURAM,,,,Andhra Pradesh,1-Primary,33-MPP_ZPP SCHOOLS,1 To 5,3-Co-educational,1-Rural,Duggirala,Srungarapuram,,,SRUNGARAPURAM SRUNGARAPURAM SRUNGARA PURAM(VILL) DUGGIRALA(MANDAL) GUNTUR(DIST),522305,manchalasa[at]gmail[dot]com,https://kys.udiseplus.gov.in/#/schooldetail/4681284/12,4681284,15/10/2020 12:18,2268
******01304 Operational,,MPPS (ST) ALURU,,,,Andhra Pradesh,1-Primary,33-MPP_ZPP SCHOOLS,1 To 5,3-Co-educational,1-Rural,Ponnur,Kondamudi,,,MPPS ST COLONY ALURU VILLAGE PONNUR MANDAL GUNTUR DT-522124,522124,mppsaluru1304[at]gmail[dot]com,https://kys.udiseplus.gov.in/#/schooldetail/4682916/12,4682916,07/10/2024 16:35,2268
******00805 Operational,,MPPS(STC) AMEENABAD,,,,Andhra Pradesh,1-Primary,33-MPP_ZPP SCHOOLS,1 To 5,3-Co-educational,1-Rural,Phirangipuram,Aminabada,,,ST COLONY AMEENABAD AMEENABAD(VILL) PHIRANGIPURAM(MANDAL) GUNTUR(DIST),522529,mpschoolstc[at]gmail[dot]com,https://kys.udiseplus.gov.in/#/schooldetail/4679790/12,4679790,11/03/2024 17:17,2268
******01107 Operational,,MPPS (ST) CHALLAVARIPALEM,,,,Andhra Pradesh,1-Primary,33-MPP_ZPP SCHOOLS,1 To 5,3-Co-educational,1-Rural,Guntur,Nallapadu (R),,,CHALLAVARIPALEM CHALLAVARIPALEM ANKIREDDIPALEM(VILL) GUNTUR(MANDAL) GUNTUR(DIST),522005,mppsst107[at]gmail[dot]com,https://kys.udiseplus.gov.in/#/schooldetail/4680815/12,4680815,20/12/2025 13:07,2268
******01703 Operational,,MPPS (ST) CH PUDI,,,,Andhra Pradesh,1-Primary,33-MPP_ZPP SCHOOLS,1 To 5,3-Co-educational,1-Rural,Ponnur,Chintalapudi,,,CHINTALAPUDI(VILL) S.T.COLONY PONNURU (MNDL) CHINTALAPUDI(VILL) PONNURU(MANDAL) GUNTUR(DIST),522124,jayakumartekkem[at]gmail[dot]com,https://kys.udiseplus.gov.in/#/schooldetail/4682922/12,4682922,07/10/2024 16:49,2268
******00603 Operational,,MPPS ST COLONY TP,,,,Andhra Pradesh,1-Primary,33-MPP_ZPP SCHOOLS,1 To 5,3-Co-educational,1-Rural,Pedakakani,Takkellapadu,,,ST COLONY THAKKELLAPADU THAKKELLAPADU (R)(VILL) PEDAKAKANI(MANDAL) GUNTUR(DIST),522509,kumbhapadma1973[at]gmail[dot]com,https://kys.udiseplus.gov.in/#/schooldetail/4681251/12,4681251,22/12/2025 14:24,2268
******00104 Operational,,MPPS (ST) KAZA,,,,Andhra Pradesh,1-Primary,33-MPP_ZPP SCHOOLS,1 To 5,3-Co-educational,1-Rural,Mangalagiri,Kuragallu,,,S T COLONY KAZA KURAGALLU(VILL) MANGALAGIRI(MANDAL) GUNTUR(DIST),522503,mppsstckaza[at]gmail[dot]com,https://kys.udiseplus.gov.in/#/schooldetail/4679538/12,4679538,20/12/2025 13:07,2268
******00805 Operational,,MPPS(ST) MEDIKONDURU,,,,Andhra Pradesh,1-Primary,33-MPP_ZPP SCHOOLS,1 To 5,3-Co-educational,1-Rural,Medikonduru,Medikonduru,,,YVR NAGAR MEDIKONDURU(VILL) MEDIKONDURU(MANDAL) GUNTUR(DIST)522438,522438,vijayalakshmip0211[at]gmail[dot]com,https://kys.udiseplus.gov.in/#/schooldetail/4680620/12,4680620,23/12/2025 11:24,2268
******01203 Operational,,MPPS(ST) MERIKAPUDI,,,,Andhra Pradesh,1-Primary,33-MPP_ZPP SCHOOLS,1 To 5,3-Co-educational,1-Rural,Phirangipuram,Merikapudi,,,ST COLONY MERIKAPUDI MERIKA PUDI(VILL) PHIRANGIPURAM(MANDAL) GUNTUR(DIST),522549,dsamatha80[at]gmail[dot]com,https://kys.udiseplus.gov.in/#/schooldetail/4680571/12,4680571,08/10/2024 15:05,2268
******00602 Operational,,MPPS(ST) NAGULAPADU,,,,Andhra Pradesh,1-Primary,33-MPP_ZPP SCHOOLS,1 To 2,3-Co-educational,1-Rural,Pedanandipadu,Katrapadu,,,S.T.COLONY NAGULAPADU KATRAPADU(VILL) PEDANANDIPADU(MANDAL) GUNTUR(DIST),522235,mpps28174600602[at]gmail[dot]com,https://kys.udiseplus.gov.in/#/schooldetail/4682804/12,4682804,22/12/2025 18:56,2268
******00505 Operational,,MPPS(ST) PUSULURU,,,,Andhra Pradesh,1-Primary,33-MPP_ZPP SCHOOLS,1 To 5,3-Co-educational,1-Rural,Pedanandipadu,Pusulur,,,S T COLONY PUSULUR(VILL) PEDANANDIPADU(MANDAL) GUNTUR(DIST),522235,mpps28174600505[at]gmail[dot]com,https://kys.udiseplus.gov.in/#/schooldetail/4682801/12,4682801,22/12/2025 18:55,2268
******01801 Operational,,MPPS (ST) V B PALEM,,,,Andhra Pradesh,1-Primary,33-MPP_ZPP SCHOOLS,1 To 5,3-Co-educational,1-Rural,Ponnur,Vallabharaopalem,,,VALLABHARAO PALEM(VILL) PONNURU (MNDL) VALLABHARAO PALEM(VILL) PONNURU(MANDAL) GUNTUR(DIST),522124,mppsstvbpalem1801[at]gmail[dot]com,https://kys.udiseplus.gov.in/#/schooldetail/4682927/12,4682927,07/10/2024 16:53,2268
******01001 Operational,,MPPS (SVN) NALLAPADU,,,,Andhra Pradesh,1-Primary,33-MPP_ZPP SCHOOLS,1 To 5,3-Co-educational,2-Urban,NA,,Guntur Ward No. 53,Guntur-Municipal Corporations,SVN COLONY NALLAPADU NALLAPADU(VILL) GUNTUR(MANDAL) GUNTUR(DIST),522005,mppssvncnallapadu[at]mail[dot]com,https://kys.udiseplus.gov.in/#/schooldetail/4680799/12,4680799,20/12/2025 13:02,2268
******00403 Closed,Closed,MPPS (SV) PRATHIPADU,,,,Andhra Pradesh,1-Primary,33-MPP_ZPP SCHOOLS,1 To 5,3-Co-educational,1-Rural,Prathipadu,Prathipadu,,,PRATHIPADU-PRATHIPADU-GUNTUR,522019,,https://kys.udiseplus.gov.in/#/schooldetail/4681887/12,4681887,12/05/2022 15:01,2268
******00201 Operational,,MPPS SWARNANDRA NAGAR,,,,Andhra Pradesh,1-Primary,33-MPP_ZPP SCHOOLS,1 To 5,3-Co-educational,2-Urban,NA,,Guntur Ward No. 54,Guntur-Municipal Corporations,SWARNANDHRANAGAR SWARNANDHRANAGAR PEDA PALAKALURU(VILL) GUNTUR(MANDAL) GUNTUR(DIST),522005,gottipati.apparao[at]gmail[dot]com,https://kys.udiseplus.gov.in/#/schooldetail/4679892/12,4679892,20/12/2025 12:14,2268
******01401 Operational,,MPPS(SW) CHEMUDUPADU,,,,Andhra Pradesh,1-Primary,33-MPP_ZPP SCHOOLS,1 To 5,3-Co-educational,1-Rural,Kollipara,Chemudupadu,,,CHEMUDUPADU CHEMUDUPADU CHEMUDUPADU(VILL) KOLLIPARA(MANDAL) GUNTUR(DIST),522304,kamineni.71[at]gmail[dot]com,https://kys.udiseplus.gov.in/#/schooldetail/4681395/12,4681395,24/12/2025 11:42,2268
******00101 Operational,,MPPS(SW) GODAVARRU,,,,Andhra Pradesh,1-Primary,33-MPP_ZPP SCHOOLS,1 To 5,3-Co-educational,1-Rural,Chebrole,Godavarru,,,"SC COLONY GODAVARRU, GODAVARRU(VILL) CHEBROLU(MANDAL) GUNTUR(DIST)",522212,mppsswgodavarru[at]gmail[dot]com,https://kys.udiseplus.gov.in/#/schooldetail/4681763/12,4681763,22/12/2025 11:51,2268
******01102 Operational,,MPPS (SW) NUTHAKKI,,,,Andhra Pradesh,1-Primary,33-MPP_ZPP SCHOOLS,1 To 5,3-Co-educational,2-Urban,NA,,Mangalagiri (M) - Ward No.15,Mangalagiri-Municipality,NEAR PANCHAYAT OFFICE NUTHAKKI NUTHAKKI(VILL) MANGALAGIRI(MANDAL) GUNTUR(DIST),522303,mppsswntk[at]gmail[dot]com,https://kys.udiseplus.gov.in/#/schooldetail/4679617/12,4679617,20/12/2025 13:26,2268
******01201 Operational,,MPPS (SW)OLD PONNUR,,,,Andhra Pradesh,1-Primary,33-MPP_ZPP SCHOOLS,1 To 5,3-Co-educational,2-Urban,NA,,Ponnur (M) - Ward No.23,Ponnuru-Municipality,MPPS SW OLD PONNUR NEAR CHURCH 23RD WARD PONNUR MANDAL GUNTUR DT-522124,522124,8985300vk[at]gmail[dot]com,https://kys.udiseplus.gov.in/#/schooldetail/4682913/12,4682913,07/10/2024 16:32,2268
******00311 Operational,,MPPS TADEPALLI (HW),,,,Andhra Pradesh,1-Primary,33-MPP_ZPP SCHOOLS,1 To 5,3-Co-educational,2-Urban,NA,,Tadepalli Ward No.5,Tadepalli-Municipality,MYSORE COLONY TADEPALLI TADEPALLI(VILL) THADEPALLE(MANDAL) GUNTUR(DIST),522501,plakshmianuradha[at]gmail[dot]com,https://kys.udiseplus.gov.in/#/schooldetail/4679486/12,4679486,08/10/2024 11:59,2268
******00103 Operational,,MPPS TAKKELLAPADU,,,,Andhra Pradesh,1-Primary,33-MPP_ZPP SCHOOLS,1 To 5,3-Co-educational,1-Rural,Phirangipuram,Takkellapadu,,,TAKKELLAPADU TAKKELLAPADU TAKKELLAPADU(VILL) PHIRANGIPURAM(MANDAL) GUNTUR(DIST),522438,annmarybonagiri1979[at]gmail[dot]com,https://kys.udiseplus.gov.in/#/schooldetail/4680521/12,4680521,11/03/2024 17:13,2268
******00503 Operational,,MPPS TALLAPALEM,,,,Andhra Pradesh,1-Primary,33-MPP_ZPP SCHOOLS,1 To 2,3-Co-educational,1-Rural,Ponnur,Aremanda,,,MPPS THALLAPALEM VILLAGE PONNUR MANDAL GUNTUR DT-522124,522124,mppstallapalem0503[at]gmail[dot]com,https://kys.udiseplus.gov.in/#/schooldetail/4682887/12,4682887,12/11/2025 12:51,2268
******01101 Operational,,MPPS TATIREDDIPALEM,,,,Andhra Pradesh,1-Primary,33-MPP_ZPP SCHOOLS,1 To 5,3-Co-educational,1-Rural,Tadikonda,Lam,,,TATIREDDIPALEM LAM LAM(VILL) TADIKONDA(MANDAL) GUNTUR(DIST),522034,kolasaniparvathi[at]gmail[dot]com,https://kys.udiseplus.gov.in/#/schooldetail/4679028/12,4679028,22/12/2025 10:55,2268
******00404 Operational,,MPPS TELAGAYA PALEM,,,,Andhra Pradesh,1-Primary,33-MPP_ZPP SCHOOLS,1 To 5,3-Co-educational,1-Rural,Kakumanu,Garikapadu,,,TELAGAYA PALEM GARIKAPADU(VILL) KAKUMANU(MANDAL) GUNTUR(DIST),522112,telagayapalemmpps[at]gmail[dot]com,https://kys.udiseplus.gov.in/#/schooldetail/4682108/12,4682108,28/09/2024 11:31,2268
******00404 Permanently Closed,,MPPS TELAPROLU URDU( B),,,,Andhra Pradesh,1-Primary,33-MPP_ZPP SCHOOLS,1 To 5,3-Co-educational,1-Rural,Tenali,Katevaram,,,NA,522202,,https://kys.udiseplus.gov.in/#/schooldetail/4715977/12,4715977,15/10/2020 12:18,2268
******00405 Operational,,MPPS TELAPROLU URDU (G),,,,Andhra Pradesh,1-Primary,33-MPP_ZPP SCHOOLS,1 To 5,3-Co-educational,1-Rural,Tenali,Katevaram,,,KATHEVARAM-TENALI-GUNTUR,522202,shaikruqhsana[at]gmail[dot]com,https://kys.udiseplus.gov.in/#/schooldetail/4681537/12,4681537,22/12/2025 14:42,2268
******02004 Operational,,MPPS THALLAYAPALEM,,,,Andhra Pradesh,1-Primary,33-MPP_ZPP SCHOOLS,1 To 5,3-Co-educational,1-Rural,Thullur,Mandadam,,,THALLAYAPALEM MANDADAM MANDADAM(VILL) THULLUR(MANDAL) GUNTUR(DIST),522503,kadapasrinu1968[at]gmail[dot]com,https://kys.udiseplus.gov.in/#/schooldetail/4679456/12,4679456,08/10/2024 13:50,2268
******00901 Operational,,MPPS THANGELLAMUDI,,,,Andhra Pradesh,1-Primary,33-MPP_ZPP SCHOOLS,1 To 5,3-Co-educational,1-Rural,Pedakakani,Tangellamudi,,,NEAR CHURCH TANGELLAMUDI TANGELLAMUDI(VILL) PEDAKAKANI(MANDAL) GUNTUR(DIST),522213,mppstangellamudi1942[at]gmail[dot]com,https://kys.udiseplus.gov.in/#/schooldetail/4681265/12,4681265,22/12/2025 14:14,2268
******00907 Operational,,MPPS THOTLA PALEM,,,,Andhra Pradesh,1-Primary,33-MPP_ZPP SCHOOLS,1 To 5,3-Co-educational,1-Rural,Chebrole,Chebrolu,,,"THOTLAPALEM , THOTLAPALEM CHEBROLE(VILL) CHEBROLU(MANDAL) GUNTUR(DIST)",522212,madhumaster00[at]gmail[dot]com,https://kys.udiseplus.gov.in/#/schooldetail/4681813/12,4681813,11/03/2024 16:57,2268
******00304 Operational,,MPPS(TK) VEJENDLA,,,,Andhra Pradesh,1-Primary,33-MPP_ZPP SCHOOLS,1 To 5,3-Co-educational,1-Rural,Chebrole,Vejendla,,,"VAJENDLA VEJENDLA , VEJENDLA(VILL) CHEBROLU(MANDAL) GUNTUR(DIST)",522213,mppstk304[at]gmail[dot]com,https://kys.udiseplus.gov.in/#/schooldetail/4681776/12,4681776,26/09/2024 10:03,2268
******00701 Operational,,MPPS TS GOTTIPADU,,,,Andhra Pradesh,1-Primary,33-MPP_ZPP SCHOOLS,1 To 2,3-Co-educational,1-Rural,Prathipadu,Gottipadu,,,WEST STREET GOTTIPADU GOTTIPADU(VILL) PRATHIPADU(MANDAL) GUNTUR(DIST),522019,nagulumeera1612[at]gmail[dot]com,https://kys.udiseplus.gov.in/#/schooldetail/4681180/12,4681180,22/12/2025 18:50,2268
******00202 Closed,Closed,MPPS TUMMAPUDI URDU,,,,Andhra Pradesh,1-Primary,33-MPP_ZPP SCHOOLS,1 To 5,3-Co-educational,1-Rural,Duggirala,Tummapudi,,,THUMMAPUDI THUMMAPUDI THUMMOPUDI(VILL) DUGGIRALA(MANDAL) GUNTUR(DIST),522330,ismailsk3666[at]gmail[dot]com,https://kys.udiseplus.gov.in/#/schooldetail/4680541/12,4680541,04/08/2025 12:15,2268
******01008 Operational,,MPPS TURAKAPALEM,,,,Andhra Pradesh,1-Primary,33-MPP_ZPP SCHOOLS,1 To 5,3-Co-educational,1-Rural,Guntur,Ankireddipalem (R),,,TURAKAPALEM TURAKAPALEM NALLAPADU(VILL) GUNTUR(MANDAL) GUNTUR(DIST),522005,miriyalanagamalleswari364[at]gmail[dot]com,https://kys.udiseplus.gov.in/#/schooldetail/4680804/12,4680804,20/12/2025 13:02,2268
******00304 Closed,Closed,MPPS TURAKAPALEM PK,,,,Andhra Pradesh,1-Primary,33-MPP_ZPP SCHOOLS,1 To 5,3-Co-educational,1-Rural,Pedakakani,Pedakakani,,,TURKAPALEM PEDA KAKANI PEDAKAKANI(VILL) PEDAKAKANI(MANDAL) GUNTUR(DIST),522509,gulshadsultana3391[at]gmail[dot]com,https://kys.udiseplus.gov.in/#/schooldetail/4681220/12,4681220,14/08/2025 10:31,2268
******01305 Closed,Closed,MPPS (U) DAVULURU,,,,Andhra Pradesh,1-Primary,33-MPP_ZPP SCHOOLS,1 To 5,3-Co-educational,1-Rural,Kollipara,Davuluru,,,MOSQUE STREET DAVULULRU DAVULURU(VILL) KOLLIPARA(MANDAL) GUNTUR(DIST),522304,mppsurdudavuluru[at]gmail[dot]com,https://kys.udiseplus.gov.in/#/schooldetail/4681393/12,4681393,18/12/2023 12:59,2268
******01102 Operational,,MPPS UDRU DOKIPARRU,,,,Andhra Pradesh,1-Primary,33-MPP_ZPP SCHOOLS,1 To 5,3-Co-educational,1-Rural,Medikonduru,Dokiparru,,,TURAKAPALEM TURAKAPALEM DOKIPARRU(VILL) MEDIKONDURU(MANDAL) GUNTUR(DIST)522438,522438,rahamathullateacher123[at]gmail[dot]com,https://kys.udiseplus.gov.in/#/schooldetail/4680651/12,4680651,23/12/2025 11:30,2268
******00703 Operational,,MPPS(U) GOTTIPADU,,,,Andhra Pradesh,1-Primary,33-MPP_ZPP SCHOOLS,1 To 5,3-Co-educational,1-Rural,Prathipadu,Gottipadu,,,4th WARD GOTTIPADU GOTTIPADU(VILL) PRATHIPADU(MANDAL) GUNTUR(DIST),522019,mppsugottipadu[at]gmail[dot]com,https://kys.udiseplus.gov.in/#/schooldetail/4681182/12,4681182,22/12/2025 20:07,2268
******01303 Operational,,MPPS(U) GUNDLAPADU,,,,Andhra Pradesh,1-Primary,33-MPP_ZPP SCHOOLS,1 To 5,3-Co-educational,1-Rural,Phirangipuram,Gundalapadu,,,NEAR MASEED GUNDLAP0ADU GUNDALAPADU(VILL) PHIRANGIPURAM(MANDAL) GUNTUR(DIST),522549,jahangeerknd786[at]gmail[dot]com,https://kys.udiseplus.gov.in/#/schooldetail/4680577/12,4680577,08/10/2024 15:09,2268
******00102 Operational,,MPPS(U) HARICHNDARAPURAM,,,,Andhra Pradesh,1-Primary,33-MPP_ZPP SCHOOLS,1 To 5,3-Co-educational,1-Rural,Thullur,Harischandrapuram,,,HARICHANDRAPURAM HARICHANDRAPURAM HARISCHANDRAPURAM(VILL) THULLUR(MANDAL) GUNTUR(DIST),522237,munwarbasha6979[at]gmail[dot]com,https://kys.udiseplus.gov.in/#/schooldetail/4679398/12,4679398,08/10/2024 12:58,2268
******00903 Operational,,MPPS (U) KOLLIPARA,,,,Andhra Pradesh,1-Primary,33-MPP_ZPP SCHOOLS,1 To 5,3-Co-educational,1-Rural,Kollipara,Kollipara,,,MASQUE STREET KOLLIPARA KOLLIPARA(VILL) KOLLIPARA(MANDAL) GUNTUR(DIST),522304,mppsurdukollipara903[at]gmail[dot]com,https://kys.udiseplus.gov.in/#/schooldetail/4681362/12,4681362,23/12/2025 10:44,2268
******01005 Closed,Closed,MPPS (U) L R NAGAR,,,,Andhra Pradesh,1-Primary,33-MPP_ZPP SCHOOLS,1 To 5,3-Co-educational,2-Urban,NA,,Guntur Ward No. 54,Guntur-Municipal Corporations,NALLAPADU-GUNTUR-GUNTUR,522005,mppsurdulrnagar[at]gmail[dot]com,https://kys.udiseplus.gov.in/#/schooldetail/4680802/12,4680802,18/12/2023 17:02,2268
******01003 Operational,,MPPS(U) MANNAVA,,,,Andhra Pradesh,1-Primary,33-MPP_ZPP SCHOOLS,1 To 5,3-Co-educational,1-Rural,Ponnur,Mannava,,,MPPS U MANNAVA MANNAVA VILLAGE PONNUR MANDAL GUNTUR DT-522316,522316,amerayan_786[at]gmail[dot]com,https://kys.udiseplus.gov.in/#/schooldetail/4682903/12,4682903,07/10/2024 16:25,2268
******00203 Operational,,MPPS (U) MUNNANGI,,,,Andhra Pradesh,1-Primary,33-MPP_ZPP SCHOOLS,1 To 5,3-Co-educational,1-Rural,Kollipara,Munnangi,,,MUSLIM COLONY MUNNANGI MUNNANGI(VILL) KOLLIPARA(MANDAL) GUNTUR(DIST),522304,shyli1615[at]gmail[dot]com,https://kys.udiseplus.gov.in/#/schooldetail/4681347/12,4681347,22/12/2025 14:37,2268
******00201 Operational,,MPPS UNDAVALLI(LE),,,,Andhra Pradesh,1-Primary,33-MPP_ZPP SCHOOLS,1 To 5,3-Co-educational,2-Urban,NA,,Tadepalli Ward No.11,Tadepalli-Municipality,UNDAVALLI UNDAVALLI UNDAVALLI(VILL) THADEPALLE(MANDAL) GUNTUR(DIST),522501,nagasanthisree27[at]gmail[dot]com,https://kys.udiseplus.gov.in/#/schooldetail/4679469/12,4679469,08/10/2024 11:04,2268
******01104 Operational,,MPPS (U) NUTHAKKI,,,,Andhra Pradesh,1-Primary,33-MPP_ZPP SCHOOLS,1 To 5,3-Co-educational,2-Urban,NA,,Mangalagiri (M) - Ward No.15,Mangalagiri-Municipality,NEAR MASJID NUTHAKKI NUTHAKKI(VILL) MANGALAGIRI(MANDAL) GUNTUR(DIST),522303,urdunuthakkimpps[at]gmail[dot]com,https://kys.udiseplus.gov.in/#/schooldetail/4679618/12,4679618,20/12/2025 13:26,2268
******00208 Operational,,MPPS (U) PEADAPALAKALUR,,,,Andhra Pradesh,1-Primary,33-MPP_ZPP SCHOOLS,1 To 5,3-Co-educational,2-Urban,NA,,Guntur Ward No. 54,Guntur-Municipal Corporations,PADAPALAKALUR PADAPALAKALUR PEDA PALAKALURU(VILL) GUNTUR(MANDAL) GUNTUR(DIST),522005,,https://kys.udiseplus.gov.in/#/schooldetail/4680661/12,4680661,20/12/2025 11:36,2268
******00503 Operational,,MPPS (U)PEDAPARIMI,,,,Andhra Pradesh,1-Primary,33-MPP_ZPP SCHOOLS,1 To 5,3-Co-educational,1-Rural,Thullur,Pedaparimi,,,ISLAM PETA PEDAPARIMI PEDAPARIMI(VILL) THULLUR(MANDAL) GUNTUR(DIST),522236,abdulkalam2894[at]gmail[dot]com,https://kys.udiseplus.gov.in/#/schooldetail/4679408/12,4679408,08/10/2024 13:12,2268
******01103 Operational,,MPPS(U) P ETIKAMPADU,,,,Andhra Pradesh,1-Primary,33-MPP_ZPP SCHOOLS,1 To 5,3-Co-educational,1-Rural,Ponnur,Upparapalem,,,PEDAITIKAMPADU UPPARAPALEM(VILL) UPPARAPALEM(VILL) PONNURU(MANDAL) GUNTUR(DIST),522124,mppsurdu.pedaitikampadu[at]gmail[dot]com,https://kys.udiseplus.gov.in/#/schooldetail/4682909/12,4682909,07/10/2024 16:31,2268
******00803 Operational,,MPPS (U) PIDAPARRU,,,,Andhra Pradesh,1-Primary,33-MPP_ZPP SCHOOLS,1 To 5,3-Co-educational,1-Rural,Kollipara,Pidaparru,,,ANJUMANSTREET PIDAPARRU PIDAPARRU(VILL) KOLLIPARA(MANDAL) GUNTUR(DIST),522304,moyeenullahussaini[at]gmail[dot]com,https://kys.udiseplus.gov.in/#/schooldetail/4681358/12,4681358,22/12/2025 14:45,2268
******01106 Operational,,MPPS UPPALAPADU,,,,Andhra Pradesh,1-Primary,33-MPP_ZPP SCHOOLS,1 To 2,3-Co-educational,1-Rural,Pedanandipadu,Uppalapadu,,,BESIDE ZPHS SCHOOL UPPALAPADU(VILL) PEDANANDIPADU(MANDAL) GUNTUR(DIST),522616,,https://kys.udiseplus.gov.in/#/schooldetail/4682824/12,4682824,22/12/2025 13:06,2268
******01101 Operational,,MPPS UPPALAPADU,,,,Andhra Pradesh,1-Primary,33-MPP_ZPP SCHOOLS,1 To 5,3-Co-educational,1-Rural,Pedanandipadu,Uppalapadu,,,NEAR CHURCH UPPALAPADU(VILL) PEDANANDIPADU(MANDAL) GUNTUR(DIST),522616,mpps28174601101[at]gmail[dot]com,https://kys.udiseplus.gov.in/#/schooldetail/4682822/12,4682822,22/12/2025 19:01,2268
******00908 Operational,,MPPS UPPARA PALEM,,,,Andhra Pradesh,1-Primary,33-MPP_ZPP SCHOOLS,1 To 5,3-Co-educational,1-Rural,Chebrole,Chebrolu,,,"UPPARAPALEM , UPPARAPALEM CHEBROLE(VILL) CHEBROLU(MANDAL) GUNTUR(DIST)",522212,mppsupparapalem908[at]gmail[dot]com,https://kys.udiseplus.gov.in/#/schooldetail/4681814/12,4681814,20/07/2022 14:45,2268
******00502 Operational,,MPPS UPPARAPALEM,,,,Andhra Pradesh,1-Primary,33-MPP_ZPP SCHOOLS,1 To 5,3-Co-educational,1-Rural,Kakumanu,Bhallukanudupalem,,,UPPARAPALEM UPPARAPALEM BHALLUKANUDU PALEM(VILL) KAKUMANU(MANDAL) GUNTUR(DIST),522112,manchalachalapathi1967[at]gmail[dot]com,https://kys.udiseplus.gov.in/#/schooldetail/4682848/12,4682848,28/09/2024 11:36,2268
******00806 Operational,,MPPS (URDU) AMEENABAD,,,,Andhra Pradesh,1-Primary,33-MPP_ZPP SCHOOLS,1 To 2,3-Co-educational,1-Rural,Phirangipuram,Aminabada,,,AMEENABAD AMEENABAD AMEENABAD(VILL) PHIRANGIPURAM(MANDAL) GUNTUR(DIST),522529,shaikkausarfathima[at]gmail[dot]com,https://kys.udiseplus.gov.in/#/schooldetail/4679791/12,4679791,12/11/2025 12:46,2268
******00501 Operational,,MPPS (URDU) BETHAPUDI,,,,Andhra Pradesh,1-Primary,33-MPP_ZPP SCHOOLS,1 To 5,3-Co-educational,1-Rural,Phirangipuram,Bethapudi,,,PANCHAYATH OFFICE BETHAPUDI BETHAPUDI(VILL) PHIRANGIPURAM(MANDAL) GUNTUR(DIST),522529,afzalunnisashaik786[at]gmail[dot]com,https://kys.udiseplus.gov.in/#/schooldetail/4680528/12,4680528,08/10/2024 14:56,2268
******00801 Operational,,MPPS (URDU) GANIKAPUDI,,,,Andhra Pradesh,1-Primary,33-MPP_ZPP SCHOOLS,1 To 5,3-Co-educational,1-Rural,Prathipadu,Ganikapudi,,,NEAR MOSQUEGANIKAPUDI VILLAGE PRATHIPADU MANDAL GUNTUR DISTRICT,522019,mppsganikapudi[at]gmail[dot]com,https://kys.udiseplus.gov.in/#/schooldetail/4681914/12,4681914,22/12/2025 19:11,2268
******00102 Operational,,MPPS ( URDU) GODAVARRU,,,,Andhra Pradesh,1-Primary,33-MPP_ZPP SCHOOLS,1 To 5,3-Co-educational,1-Rural,Chebrole,Godavarru,,,"BEHIND MASQUE GODAVARRU, GODAVARRU(VILL) CHEBROLU(MANDAL) GUNTUR(DIST)",522212,shaikparveen9966[at]gmail[dot]com,https://kys.udiseplus.gov.in/#/schooldetail/4681764/12,4681764,22/12/2025 11:52,2268
******00804 Operational,,MPPS(URDU)MEDIKONDURU,,,,Andhra Pradesh,1-Primary,33-MPP_ZPP SCHOOLS,1 To 5,3-Co-educational,1-Rural,Medikonduru,Medikonduru,,,NEAR AMBEDKAR STATUE VELIVARTHIPADU ROAD MEDIKONDURU(VILL) MEDIKONDURU(MANDAL) GUNTUR(DIST)522438,522438,mppsurdumedikondur804[at]gmail[dot]com,https://kys.udiseplus.gov.in/#/schooldetail/4680619/12,4680619,23/12/2025 11:23,2268
******01202 Operational,,MPPS (URDU) MUNAGAPADU,,,,Andhra Pradesh,1-Primary,33-MPP_ZPP SCHOOLS,1 To 5,3-Co-educational,1-Rural,Phirangipuram,Merikapudi,,,"Munagapadu (village),phirangipuram(mandal),Guntur district )",522549,bibizainab098[at]gmail[dot]com,https://kys.udiseplus.gov.in/#/schooldetail/4680570/12,4680570,08/10/2024 15:02,2268
******00904 Operational,,MPPS(URDU) NADIMPET,,,,Andhra Pradesh,1-Primary,33-MPP_ZPP SCHOOLS,1 To 5,3-Co-educational,1-Rural,Chebrole,Chebrolu,,,"CHEBROLE , CHEBROLE(VILL) CHEBROLU(MANDAL) GUNTUR(DIST)",522212,sirajsyed2095[at]gmail[dot]com,https://kys.udiseplus.gov.in/#/schooldetail/4681810/12,4681810,27/09/2024 15:21,2268
******00102 Operational,,MPPS URDU PAMULAPADU,,,,Andhra Pradesh,1-Primary,33-MPP_ZPP SCHOOLS,1 To 5,3-Co-educational,1-Rural,Tadikonda,Pamulapadu,,,MPPS URDU NEAR MASQUE PAMULAPADU,522018,ibrahimvisadala[at]gmail[dot]com,https://kys.udiseplus.gov.in/#/schooldetail/4679658/12,4679658,22/12/2025 10:47,2268
******00904 Operational,,MPPS URDU PEDAVADLAPUDI,,,,Andhra Pradesh,1-Primary,33-MPP_ZPP SCHOOLS,1 To 5,3-Co-educational,2-Urban,NA,,Mangalagiri (M) - Ward No.7,Mangalagiri-Municipality,MASZEED STREET PEDAVADLAPUDI PEDAVADLAPUDI(VILL) MANGALAGIRI(MANDAL) GUNTUR(DIST),522302,abul.hussainmirza[at]gmail[dot]com,https://kys.udiseplus.gov.in/#/schooldetail/4679604/12,4679604,20/12/2025 13:24,2268
******01404 Operational,,MPPS(URDU) PONUGUPADU,,,,Andhra Pradesh,1-Primary,33-MPP_ZPP SCHOOLS,1 To 5,3-Co-educational,1-Rural,Phirangipuram,Ponugupadu,,,MUSLIM AREA PONUGUPADU PONUGUPADU(VILL) PHIRANGIPURAM(MANDAL) GUNTUR(DIST),522549,indirabonda1990[at]gmail[dot]com,https://kys.udiseplus.gov.in/#/schooldetail/4680581/12,4680581,15/10/2020 12:18,2268
******00406 Operational,,MPPS(URDU) PRATHIPADU,,,,Andhra Pradesh,1-Primary,33-MPP_ZPP SCHOOLS,1 To 5,3-Co-educational,1-Rural,Prathipadu,Prathipadu,,,OPP MOSQUE PRATHIPADU PRATHIPADU(VILL) PRATHIPADU(MANDAL) GUNTUR(DIST),522019,mppsurduprathipadu[at]gmail[dot]com,https://kys.udiseplus.gov.in/#/schooldetail/4681890/12,4681890,22/12/2025 20:02,2268
******01102 Operational,,MPPS(URDU) RAYAPUDI,,,,Andhra Pradesh,1-Primary,33-MPP_ZPP SCHOOLS,1 To 5,3-Co-educational,1-Rural,Thullur,Rayapudi,,,RAYAPUDI RAYAPUDI RAYAPUDI(VILL) THULLUR(MANDAL) GUNTUR(DIST),522237,mpupsrayapudiurdu[at]gmail[dot]com,https://kys.udiseplus.gov.in/#/schooldetail/4679430/12,4679430,08/10/2024 13:32,2268
******00605 Operational,,MPPS (URDU) TADIKONDA,,,,Andhra Pradesh,1-Primary,33-MPP_ZPP SCHOOLS,1 To 5,3-Co-educational,1-Rural,Tadikonda,Tadikonda,,,EASTMUSLIMCOLONY TADI KONDA TADIKONDA(VILL) TADIKONDA(MANDAL) GUNTUR(DIST),522236,mppsurdutdk605[at]gmail[dot]com,https://kys.udiseplus.gov.in/#/schooldetail/4679674/12,4679674,22/12/2025 10:51,2268
******01202 Operational,,MPPS URDU TURAKAPALEM (OLD UP),,,,Andhra Pradesh,1-Primary,33-MPP_ZPP SCHOOLS,1 To 5,3-Co-educational,1-Rural,Medikonduru,Mangalagiripadu,,,NEAR PEDDA MASEEDU TURAKAPALAM MANGALAGIRIPADU(VILL) MEDIKONDURU(MANDAL) GUNTUR(DIST),522438,adilabdulazeez1982[at]gmail[dot]com,https://kys.udiseplus.gov.in/#/schooldetail/4680655/12,4680655,23/12/2025 11:31,2268
******00701 Operational,,MPPS(URDU) VADLAMUDI,,,,Andhra Pradesh,1-Primary,33-MPP_ZPP SCHOOLS,1 To 5,3-Co-educational,1-Rural,Chebrole,Vadlamudi,,,"WARD - 3 VADLAMUDI ,VADLAMUDI(VILL) CHEBROLU(MANDAL) GUNTUR(DIST)",522213,pathanbibishakeela[at]gmail[dot]com,https://kys.udiseplus.gov.in/#/schooldetail/4681795/12,4681795,22/12/2025 12:00,2268
******00804 Operational,,MPPS(URDU) VEMULURIPADU,,,,Andhra Pradesh,1-Primary,33-MPP_ZPP SCHOOLS,1 To 5,3-Co-educational,1-Rural,Phirangipuram,Aminabada,,,MUSLIM AREA VEMULARIPADU AMEENABAD(VILL) PHIRANGIPURAM(MANDAL) GUNTUR(DIST),522529,khushnaveedfathima[at]gmail[dot]com,https://kys.udiseplus.gov.in/#/schooldetail/4679789/12,4679789,11/03/2024 17:16,2268
******00901 Operational,,MPPS(URDU) VISADALA,,,,Andhra Pradesh,1-Primary,33-MPP_ZPP SCHOOLS,1 To 5,3-Co-educational,1-Rural,Medikonduru,Visadala,,,MUSLIM AREA VISADALA(VILL) MEDIKONDURU(MANDAL) GUNTUR(DIST)522438,522438,mppsurduvisadala[at]gmail[dot]com,https://kys.udiseplus.gov.in/#/schooldetail/4679860/12,4679860,23/12/2025 11:25,2268
******00401 Operational,,MPPS(U) SUDDAPALLI,,,,Andhra Pradesh,1-Primary,33-MPP_ZPP SCHOOLS,1 To 5,3-Co-educational,1-Rural,Chebrole,Suddapalle,,,"5thWARD SUDDAPALLI , SUDDAPALLI(VILL) CHEBROLU(MANDAL) GUNTUR(DIST)",522213,shamimunnisa64[at]gmail[dot]com,https://kys.udiseplus.gov.in/#/schooldetail/4650484/12,4650484,20/07/2022 14:35,2268
******00303 Operational,,MPPS (U) YERRABALEM,,,,Andhra Pradesh,1-Primary,33-MPP_ZPP SCHOOLS,1 To 5,3-Co-educational,1-Rural,Mangalagiri,Krishnayapalem,,,MASJID COMPOUND YERRABALEM NOWLUR(VILL) MANGALAGIRI(MANDAL) GUNTUR(DIST),522503,Mppsurdu303[at]gmail[dot]com,https://kys.udiseplus.gov.in/#/schooldetail/4679545/12,4679545,20/12/2025 13:09,2268
******00201 Operational,,MPPS VADDAMANU,,,,Andhra Pradesh,1-Primary,33-MPP_ZPP SCHOOLS,1 To 5,3-Co-educational,1-Rural,Thullur,Vaddamanu,,,VADDAMANU VADDAMANU VADDAMANU(VILL) THULLUR(MANDAL) GUNTUR(DIST),522236,relangipunyavathi[at]gmail[dot]com,https://kys.udiseplus.gov.in/#/schooldetail/4679399/12,4679399,08/10/2024 13:01,2268
******00315 Operational,,MPPS VADDERACOLONY,,,,Andhra Pradesh,1-Primary,33-MPP_ZPP SCHOOLS,1 To 5,3-Co-educational,1-Rural,Pedakakani,Pedakakani,,,VADDERA COLONY PEDA KAKANI PEDAKAKANI(VILL) PEDAKAKANI(MANDAL) GUNTUR(DIST),522509,Sudhakarrao50[at]gmail[dot]com,https://kys.udiseplus.gov.in/#/schooldetail/4681229/12,4681229,18/09/2024 12:23,2268
******00608 Operational,,MPPS VADDESWARAM,,,,Andhra Pradesh,1-Primary,33-MPP_ZPP SCHOOLS,1 To 5,3-Co-educational,2-Urban,NA,,Tadepalli Ward No.20,Tadepalli-Municipality,VADDESWARAM VADDESWARAM VADDESWARAM(VILL) THADEPALLE(MANDAL) GUNTUR(DIST),522302,yvsprasad.yarramsetti[at]gmail[dot]com,https://kys.udiseplus.gov.in/#/schooldetail/4679523/12,4679523,08/10/2024 11:52,2268
******01601 Operational,,MPPS VADDIMUKKALA,,,,Andhra Pradesh,1-Primary,33-MPP_ZPP SCHOOLS,1 To 5,3-Co-educational,1-Rural,Ponnur,Vaddemukkala,,,VADDIMUKKALA(VILL) PONNURU (MNDL) VADDEMUKKALA(VILL) PONNURU(MANDAL) GUNTUR(DIST),522124,mppsvaddimukkala[at]gmail[dot]com,https://kys.udiseplus.gov.in/#/schooldetail/4682918/12,4682918,07/10/2024 16:37,2268
******00704 Operational,,MPPS VADLAMUDI,,,,Andhra Pradesh,1-Primary,33-MPP_ZPP SCHOOLS,1 To 5,3-Co-educational,1-Rural,Chebrole,Vadlamudi,,,"VADLAMUDI , VADLAMUDI VADLAMUDI(VILL) CHEBROLU(MANDAL) GUNTUR(DIST)",522213,mppsvadlamudimain[at]gmail[dot]com,https://kys.udiseplus.gov.in/#/schooldetail/4681798/12,4681798,22/12/2025 12:00,2268
******00603 Operational,,MPPS VALAVARTHIPADU,,,,Andhra Pradesh,1-Primary,33-MPP_ZPP SCHOOLS,1 To 5,3-Co-educational,1-Rural,Medikonduru,Velavarthipadu,,,NEAR YSR STATUE VELAVARTHI PADU(VILL) MEDIKONDURU(MANDAL) GUNTUR(DIST)522438,522438,saidavali143.shaik[at]gmail[dot]com,https://kys.udiseplus.gov.in/#/schooldetail/4680614/12,4680614,23/12/2025 11:23,2268
******00602 Operational,,MPPS VALAVARTHI PADU DW,,,,Andhra Pradesh,1-Primary,33-MPP_ZPP SCHOOLS,1 To 5,3-Co-educational,1-Rural,Medikonduru,Velavarthipadu,,,NEAR WATER TANK VELAVERTHI PADU VELAVARTHI PADU(VILL) MEDIKONDURU(MANDAL) GUNTUR(DIST),522438,klpkp1969[at]gmail[dot]com,https://kys.udiseplus.gov.in/#/schooldetail/4680610/12,4680610,23/12/2025 11:15,2268
******00702 Operational,,MPPS VARAGANI,,,,Andhra Pradesh,1-Primary,33-MPP_ZPP SCHOOLS,1 To 5,3-Co-educational,1-Rural,Pedanandipadu,Varagani,,,MAINROAD BESIDE SBI BANK VARAGANI(VILL) PEDANANDIPADU(MANDAL) GUNTUR(DIST),522235,varaganimppssw[at]gmail[dot]com,https://kys.udiseplus.gov.in/#/schooldetail/4682073/12,4682073,22/12/2025 18:58,2268
******00701 Operational,,MPPS VARAGANI,,,,Andhra Pradesh,1-Primary,33-MPP_ZPP SCHOOLS,1 To 5,3-Co-educational,1-Rural,Pedanandipadu,Varagani,,,VARAGANI VARAGANI VARAGANI(VILL) PEDANANDIPADU(MANDAL) GUNTUR(DIST),522235,mpps28174600701[at]gmail[dot]com,https://kys.udiseplus.gov.in/#/schooldetail/4682072/12,4682072,22/12/2025 18:56,2268
******00401 Operational,,MPPS VARAGANI HW,,,,Andhra Pradesh,1-Primary,33-MPP_ZPP SCHOOLS,1 To 5,3-Co-educational,1-Rural,Medikonduru,Varagani,,,HARIJANWADA VARAGANI VARAGANI(VILL) MEDIKONDURU(MANDAL) GUNTUR(DIST)522401,522401,krishnavenidasari5[at]gmail[dot]com,https://kys.udiseplus.gov.in/#/schooldetail/4680602/12,4680602,23/12/2025 10:29,2268
******01102 Operational,,MPPS VBM DUGGIRALA,,,,Andhra Pradesh,1-Primary,33-MPP_ZPP SCHOOLS,1 To 5,3-Co-educational,1-Rural,Duggirala,Duggirala,,,DUGGIRALA(VILL)SMT VBMMPSCHOOL DUGGIRALA (MNDL) DUGGIRALA(VILL) DUGGIRALA(MANDAL) GUNTUR(DIST),522330,vbmmpps[at]gmail[dot]com,https://kys.udiseplus.gov.in/#/schooldetail/4681315/12,4681315,11/03/2024 17:02,2268
******00402 Operational,,MPPS (VDPALEM)ATMAKUR,,,,Andhra Pradesh,1-Primary,33-MPP_ZPP SCHOOLS,1 To 5,3-Co-educational,2-Urban,NA,,Managalagiri - Ward No.12,Mangalagiri-Municipality,atmkaur Mangalagiri mandal,522503,mppsvdpalem402[at]gmail[dot]com,https://kys.udiseplus.gov.in/#/schooldetail/4679561/12,4679561,20/12/2025 13:14,2268
******02001 Operational,,MPPSVEERAVANAM,,,,Andhra Pradesh,1-Primary,33-MPP_ZPP SCHOOLS,1 To 5,3-Co-educational,1-Rural,Ponnur,Mulukuduru,,,MPPS VEERAVANAM BESIDE ANJANEYASWAMI TEMPLE MULUKUDURU VILLAGE PONNUR MANDAL GUNTUR DT-522315,522315,,https://kys.udiseplus.gov.in/#/schooldetail/4682936/12,4682936,07/10/2024 17:00,2268
******01601 Operational,,MPPS VELAGAPUDI,,,,Andhra Pradesh,1-Primary,33-MPP_ZPP SCHOOLS,1 To 5,3-Co-educational,1-Rural,Thullur,Velagapudi,,,VELAGAPUDI VELAGAPUDI VELAGAPUDI(VILL) THULLUR(MANDAL) GUNTUR(DIST),522503,magatalasrinivasarao1966[at]gmail[dot]com,https://kys.udiseplus.gov.in/#/schooldetail/4679444/12,4679444,08/10/2024 13:39,2268
******00301 Operational,,MPPS VELLALURU,,,,Andhra Pradesh,1-Primary,33-MPP_ZPP SCHOOLS,1 To 5,3-Co-educational,1-Rural,Ponnur,Vellalur,,,VELLALURU(VILL) PONNURU (MNDL) VELLALUR(VILL) PONNURU(MANDAL) GUNTUR(DIST),522212,mppsvellaluru0301[at]gmail[dot]com,https://kys.udiseplus.gov.in/#/schooldetail/4682881/12,4682881,23/12/2025 12:19,2268
******00601 Permanently Closed,,MPPS VEMAVAAM,,,,Andhra Pradesh,1-Primary,33-MPP_ZPP SCHOOLS,1 To 5,3-Co-educational,1-Rural,Phirangipuram,Vemavaram,,,NA,522529,,https://kys.udiseplus.gov.in/#/schooldetail/4715831/12,4715831,15/10/2020 12:18,2268
******00606 Operational,,MPPS VEMAVARAM,,,,Andhra Pradesh,1-Primary,33-MPP_ZPP SCHOOLS,1 To 5,3-Co-educational,1-Rural,Phirangipuram,Vemavaram,,,"MITTA MEEDA ,VEMAVARAM (VILL) PHIRANGIPURAM(MANDAL) GUNTUR(DIST)",522529,mppsvvm606[at]gmail[dot]com,https://kys.udiseplus.gov.in/#/schooldetail/4680532/12,4680532,24/09/2024 00:19,2268
******01111 Operational,,MPPS VENGALAYAPALEM (OLD UP),,,,Andhra Pradesh,1-Primary,33-MPP_ZPP SCHOOLS,1 To 5,3-Co-educational,1-Rural,Guntur,Nallapadu (R),,,VENGALAYAPALEM VENGALAYAPALEM ANKIREDDIPALEM(VILL) GUNTUR(MANDAL) GUNTUR(DIST),522005,ravi150765[at]gmail[dot]com,https://kys.udiseplus.gov.in/#/schooldetail/4680819/12,4680819,20/12/2025 13:08,2268
******00320 Operational,,MPPS VENGALRAO NGR,,,,Andhra Pradesh,1-Primary,33-MPP_ZPP SCHOOLS,1 To 5,3-Co-educational,1-Rural,Pedakakani,Pedakakani,,,PEDAKANAKI PEDA KAKANI PEDAKAKANI(VILL) PEDAKAKANI(MANDAL) GUNTUR(DIST),522509,firozekhan72[at]gmail[dot]com,https://kys.udiseplus.gov.in/#/schooldetail/4681232/12,4681232,18/09/2024 12:24,2268
******00211 Operational,,MPPS VENKATAKRISHNAPURAM,,,,Andhra Pradesh,1-Primary,33-MPP_ZPP SCHOOLS,1 To 5,3-Co-educational,1-Rural,Pedakakani,Nambur,,,NEAR CHURCH VENKATAKRISHNAPURAM VENKATAKRISHNAPURAM NAMBUR(VILL) PEDAKAKANI(MANDAL) GUNTUR(DIST),522509,mppsvkpuram[at]gmail[dot]com,https://kys.udiseplus.gov.in/#/schooldetail/4680477/12,4680477,18/09/2024 12:48,2268
******00201 Operational,,MPPS VENKATAREDDYPALEM,,,,Andhra Pradesh,1-Primary,33-MPP_ZPP SCHOOLS,1 To 5,3-Co-educational,1-Rural,Mangalagiri,Kuragallu,,,"GT ROAD VENKATAREDDYPALEM, KAZA VILLAGE, MANGALAGIRI(MANDAL) GUNTUR(DIST)",522503,meomangalagiri[at]gmail[dot]com,https://kys.udiseplus.gov.in/#/schooldetail/4678855/12,4678855,20/12/2025 13:07,2268
******00210 Operational,,MPPS VIJAYABHASKAR,,,,Andhra Pradesh,1-Primary,33-MPP_ZPP SCHOOLS,1 To 2,3-Co-educational,1-Rural,Pedakakani,Nambur,,,VIJAYABHASKAR NAGAR NAMBUR NAMBUR(VILL) PEDAKAKANI(MANDAL) GUNTUR(DIST),522508,,https://kys.udiseplus.gov.in/#/schooldetail/4680476/12,4680476,12/11/2025 12:37,2268
******00106 Operational,,MPPS VINJANAMPADU,,,,Andhra Pradesh,1-Primary,33-MPP_ZPP SCHOOLS,1 To 5,3-Co-educational,1-Rural,Vatticherukuru,Kornepadu,,,BACKSIDE ZPHS SCHOOL VINJANAMPADU(VILL) VATTICHERUKURU(MANDAL) GUNTUR(DIST),522017,telukutlastalin[at]gmail[dot]com,https://kys.udiseplus.gov.in/#/schooldetail/4681834/12,4681834,28/09/2024 15:15,2268
******00905 Operational,,MPPS VISADALA,,,,Andhra Pradesh,1-Primary,33-MPP_ZPP SCHOOLS,1 To 5,3-Co-educational,1-Rural,Medikonduru,Visadala,,,NEAR SIVALAYAM VISADALA(VILL) MEDIKONDURU(MANDAL) GUNTUR(DIST),522438,pitchireddysgt[at]gmail[dot]com,https://kys.udiseplus.gov.in/#/schooldetail/4680628/12,4680628,23/12/2025 11:26,2268
******01706 Operational,,MPPS V S M PALLI,,,,Andhra Pradesh,1-Primary,33-MPP_ZPP SCHOOLS,1 To 5,3-Co-educational,1-Rural,Ponnur,Chintalapudi,,,VALASAMALAPALLI CHINTALAPUDI(VILL) CHINTALAPUDI(VILL) PONNURU(MANDAL) GUNTUR(DIST),522124,mppsvsmpalli01706[at]gmail[dot]com,https://kys.udiseplus.gov.in/#/schooldetail/4682925/12,4682925,24/09/2024 13:53,2268
******00805 Operational,,MPPS (W) PIDAPARTHIPALEM,,,,Andhra Pradesh,1-Primary,33-MPP_ZPP SCHOOLS,1 To 5,3-Co-educational,1-Rural,Kollipara,Pidaparru,,,PIDAPARTHIPALEM PIDAPARTHIPALEM PIDAPARRU(VILL) KOLLIPARA(MANDAL) GUNTUR(DIST),522304,kolliparas33[at]gmail[dot]com,https://kys.udiseplus.gov.in/#/schooldetail/4681359/12,4681359,22/12/2025 14:26,2268
******00602 Operational,,MPPS (WS) TADIKONDA,,,,Andhra Pradesh,1-Primary,33-MPP_ZPP SCHOOLS,1 To 5,3-Co-educational,1-Rural,Tadikonda,Tadikonda,,,WEST STREET TADI KONDA TADIKONDA(VILL) TADIKONDA(MANDAL) GUNTUR(DIST),522236,,https://kys.udiseplus.gov.in/#/schooldetail/4679671/12,4679671,22/12/2025 10:51,2268
******00901 Operational,,MPPS X WARD CHEBROLU,,,,Andhra Pradesh,1-Primary,33-MPP_ZPP SCHOOLS,1 To 5,3-Co-educational,1-Rural,Chebrole,Chebrolu,,,"10 WARD GOLLAPALEM , CHEBROLE CHEBROLE(VILL) CHEBROLU(MANDAL) GUNTUR(DIST)",522212,bandelajhansirani30734[at]gmail[dot]com,https://kys.udiseplus.gov.in/#/schooldetail/4681808/12,4681808,26/09/2024 11:03,2268
******00402 Operational,,MPPS YADAVAPALEM,,,,Andhra Pradesh,1-Primary,33-MPP_ZPP SCHOOLS,1 To 5,3-Co-educational,1-Rural,Pedakakani,Venigandla,,,YADAVAPALEM VENIGANDLA VENIGANDLA(VILL) PEDAKAKANI(MANDAL) GUNTUR(DIST),522509,jayaraju.nvs[at]gmail[dot]com,https://kys.udiseplus.gov.in/#/schooldetail/4680505/12,4680505,18/09/2024 12:30,2268
******00310 Operational,,MPPS YADAVAPALEM PK,,,,Andhra Pradesh,1-Primary,33-MPP_ZPP SCHOOLS,1 To 5,3-Co-educational,1-Rural,Pedakakani,Pedakakani,,,YADAVAPALEM PEDAKAKANI PEDAKAKANI(VILL) PEDAKAKANI(MANDAL) GUNTUR(DIST),522509,DSREDDY6869[at]GMAIL[dot]COM,https://kys.udiseplus.gov.in/#/schooldetail/4681226/12,4681226,23/12/2025 10:55,2268
******00206 Operational,,MPPS YADAVAPALEM VKPURAM,,,,Andhra Pradesh,1-Primary,33-MPP_ZPP SCHOOLS,1 To 5,3-Co-educational,1-Rural,Pedakakani,Nambur,,,YADAVAPALEM VENKATAKRISHNAPURAM VENKATAKRISHNAPURAM NAMBUR(VILL) PEDAKAKANI(MANDAL) GUNTUR(DIST),522509,chimatasesharatnam[at]gmail[dot]com,https://kys.udiseplus.gov.in/#/schooldetail/4681212/12,4681212,18/09/2024 12:47,2268
******00906 Operational,,MPPSYADLAPATI NAGAR,,,,Andhra Pradesh,1-Primary,33-MPP_ZPP SCHOOLS,1 To 5,3-Co-educational,1-Rural,Chebrole,Chebrolu,,,"CHEBROLE , CHEBROLE(VILL) CHEBROLU(MANDAL) GUNTUR(DIST)",522212,lankavenkataramanarao1966[at]gmail[dot]com,https://kys.udiseplus.gov.in/#/schooldetail/4681812/12,4681812,11/03/2024 16:56,2268
******00601 Operational,,MPPS YAMARRU,,,,Andhra Pradesh,1-Primary,33-MPP_ZPP SCHOOLS,1 To 5,3-Co-educational,1-Rural,Vatticherukuru,Yamarru,,,YAMARRU(VILL) VATTICHERUKURU(MANDAL) GUNTUR(DIST),522017,venkeyallamudi[at]gmail[dot]com,https://kys.udiseplus.gov.in/#/schooldetail/4681851/12,4681851,28/09/2024 15:32,2268
******00310 Operational,,MPPS YC COLONY,,,,Andhra Pradesh,1-Primary,33-MPP_ZPP SCHOOLS,1 To 5,3-Co-educational,2-Urban,NA,,Tadepalli Ward No.4,Tadepalli-Municipality,YANADULA COLONY TADEPALLI TADEPALLI(VILL) THADEPALLE(MANDAL) GUNTUR(DIST),522501,rambabukurapati1967[at]gmail[dot]com,https://kys.udiseplus.gov.in/#/schooldetail/4679485/12,4679485,08/10/2024 11:58,2268
******00802 Operational,,MPPS YC MEDIKONDURU,,,,Andhra Pradesh,1-Primary,33-MPP_ZPP SCHOOLS,1 To 5,3-Co-educational,1-Rural,Medikonduru,Medikonduru,,,NEAR M R O OFFICE MEDIKONDUR MEDIKONDURU(VILL) MEDIKONDURU(MANDAL) GUNTUR(DIST),522438,medajayalakshmi2020[at]gmail[dot]com,https://kys.udiseplus.gov.in/#/schooldetail/4680617/12,4680617,23/12/2025 11:23,2268
******00702 Operational,,MPPS(YC) PHIRANGIPURAM,,,,Andhra Pradesh,1-Primary,33-MPP_ZPP SCHOOLS,1 To 5,3-Co-educational,1-Rural,Phirangipuram,Phirangipuram,,,YERUKALACOL PHIRANGIPURAM PHIRANGIPURAM (PT)(VILL) PHIRANGIPURAM(MANDAL) GUNTUR(DIST),522529,bandajyothi16[at]gmail[dot]com,https://kys.udiseplus.gov.in/#/schooldetail/4680533/12,4680533,15/10/2020 12:18,2268
******00604 Operational,,MPPS (YC) TADIKONDA,,,,Andhra Pradesh,1-Primary,33-MPP_ZPP SCHOOLS,1 To 5,3-Co-educational,1-Rural,Tadikonda,Tadikonda,,,YANADI COLONY TADI KONDA TADIKONDA(VILL) TADIKONDA(MANDAL) GUNTUR(DIST),522236,mppsyctdk[at]gmail[dot]com,https://kys.udiseplus.gov.in/#/schooldetail/4679673/12,4679673,22/12/2025 10:51,2268
******00309 Operational,,MPPS YERRABALEM,,,,Andhra Pradesh,1-Primary,33-MPP_ZPP SCHOOLS,1 To 5,3-Co-educational,1-Rural,Mangalagiri,Krishnayapalem,,,YERRABALEM YERRABALEM NOWLUR(VILL) MANGALAGIRI(MANDAL) GUNTUR(DIST),522503,yerrabalemmpps[at]gmail[dot]com,https://kys.udiseplus.gov.in/#/schooldetail/4679551/12,4679551,20/12/2025 13:11,2268
******00501 Operational,,MPUPS AGATHAVARAPADU,,,,Andhra Pradesh,2-Primary with Upper Primary,33-MPP_ZPP SCHOOLS,1 To 8,3-Co-educational,1-Rural,Pedakakani,Agatha Varappadu,,,AGATHAVARAPPADU AGATHAVARAPPADU AGATHAVARAPPADU(VILL) PEDAKAKANI(MANDAL) GUNTUR(DIST),522509,krishnarao.u999[at]gmail[dot]com,https://kys.udiseplus.gov.in/#/schooldetail/4681245/12,4681245,22/06/2025 10:33,2268
******00503 Operational,,MPUPS B K PALEM,,,,Andhra Pradesh,2-Primary with Upper Primary,33-MPP_ZPP SCHOOLS,1 To 8,3-Co-educational,1-Rural,Kakumanu,Bhallukanudupalem,,,B.K.PALEM B.K.PALEM BHALLUKANUDU PALEM(VILL) KAKUMANU(MANDAL) GUNTUR(DIST),522112,upbkpalem503[at]gmail[dot]com,https://kys.udiseplus.gov.in/#/schooldetail/4682849/12,4682849,28/09/2024 11:37,2268
******00104 Operational,,MPUPS CHILUVURU(PANCHYAT),,,,Andhra Pradesh,2-Primary with Upper Primary,33-MPP_ZPP SCHOOLS,1 To 8,3-Co-educational,1-Rural,Duggirala,Chiluvuru,,,NR PANCHAYAT OFFICE CHILUVURU CHILUVURU(VILL) DUGGIRALA(MANDAL) GUNTUR(DIST),522330,mpupschiluvuru[at]gmail[dot]com,https://kys.udiseplus.gov.in/#/schooldetail/4681269/12,4681269,21/06/2025 15:23,2268
******00604 Operational,,MPUPS DANDAMUDI,,,,Andhra Pradesh,2-Primary with Upper Primary,33-MPP_ZPP SCHOOLS,1 To 8,3-Co-educational,1-Rural,Ponnur,Dandamudi,,,DANDAMUDI(VILL) PONNURU (MNDL) DANDAMUDI(VILL) PONNURU(MANDAL) GUNTUR(DIST),522316,mpups0604[at]gmail[dot]co,https://kys.udiseplus.gov.in/#/schooldetail/4682891/12,4682891,07/10/2024 16:19,2268
******00104 Operational,,MPUPSGODAVARRU,,,,Andhra Pradesh,2-Primary with Upper Primary,33-MPP_ZPP SCHOOLS,1 To 8,3-Co-educational,1-Rural,Chebrole,Godavarru,,,"RAMMANDURAN , GODAVARRU GODAVARRU(VILL) CHEBROLU(MANDAL) GUNTUR(DIST)",522212,mpupsgodavarru[at]gmail[dot]com,https://kys.udiseplus.gov.in/#/schooldetail/4681767/12,4681767,22/12/2025 11:55,2268
******00102 Operational,,MPUPS JUPUDI,,,,Andhra Pradesh,2-Primary with Upper Primary,33-MPP_ZPP SCHOOLS,1 To 8,3-Co-educational,1-Rural,Ponnur,Jupudi,,,MPUPS JUPUDI OPP PANCHAYATHI OFFICE JUPUDI VILLAGE PONNUR MANDAL GUNTUR DT-522212,522212,,https://kys.udiseplus.gov.in/#/schooldetail/4682877/12,4682877,22/06/2025 10:15,2268
******00603 Operational,,MPUPS KATTEMPUDI,,,,Andhra Pradesh,2-Primary with Upper Primary,33-MPP_ZPP SCHOOLS,1 To 8,3-Co-educational,1-Rural,Ponnur,Dandamudi,,,MPUPS KATTEMPUDI VILLAGE PONNUR MANDAL GUNTUR DT-522124,522124,s.venkatamunagala[at]gmail[dot]com,https://kys.udiseplus.gov.in/#/schooldetail/4682890/12,4682890,22/06/2025 10:16,2268
******01002 Operational,,MPUPS KOVELAMUDI,,,,Andhra Pradesh,2-Primary with Upper Primary,33-MPP_ZPP SCHOOLS,1 To 8,3-Co-educational,1-Rural,Vatticherukuru,Kovelamudi,,,LUTHERN CHURCH KOVELAMUDI KOVELAMUDI(VILL) VATTICHERUKURU(MANDAL) GUNTUR(DIST),522212,mpupskovelamudi1[at]gmail[dot]com,https://kys.udiseplus.gov.in/#/schooldetail/4681863/12,4681863,20/09/2024 10:07,2268
******00202 Operational,,MPUPS KRISHNAYAPALEM,,,,Andhra Pradesh,2-Primary with Upper Primary,33-MPP_ZPP SCHOOLS,1 To 8,3-Co-educational,1-Rural,Mangalagiri,Krishnayapalem,,,NEAR KONDAVEETIVAGU KRISHNAYAPALEM KRISHNAYAPALEM(VILL) MANGALAGIRI(MANDAL) GUNTUR(DIST),522503,mpupskrishnayapalem[at]gmail[dot]com,https://kys.udiseplus.gov.in/#/schooldetail/4679540/12,4679540,20/12/2025 13:05,2268
******00402 Operational,,MPUPS KUNCHINAPALLI,,,,Andhra Pradesh,2-Primary with Upper Primary,33-MPP_ZPP SCHOOLS,1 To 8,3-Co-educational,1-Rural,Tadepalle,Ippatam,,,KUNCHANAPALLI KUNCHANAPALLI KUNCHANAPALLI(VILL) THADEPALLE(MANDAL) GUNTUR(DIST),522501,mpupskunchinapalli[at]gmail[dot]com,https://kys.udiseplus.gov.in/#/schooldetail/4679513/12,4679513,21/06/2025 16:05,2268
******00901 Operational,,MPUPS LAMALLEPADU,,,,Andhra Pradesh,2-Primary with Upper Primary,33-MPP_ZPP SCHOOLS,1 To 8,3-Co-educational,1-Rural,Vatticherukuru,Lemallepadu,,,"MAIN ROAD, LEMALLIPADU(VILL) VATTICHERUKURU(MANDAL) GUNTUR(DIST)",522212,sreenukambhampat1974[at]gmail[dot]com,https://kys.udiseplus.gov.in/#/schooldetail/4681862/12,4681862,23/06/2025 10:51,2268
******00106 Operational,,MPUPS L G PALEM,,,,Andhra Pradesh,2-Primary with Upper Primary,33-MPP_ZPP SCHOOLS,1 To 8,3-Co-educational,1-Rural,Kakumanu,Vallur,,,LINGAMGUNTAPALEM LINGAMGUNTAPALEM VALLUR(VILL) KAKUMANU(MANDAL) GUNTUR(DIST),522212,pragadasanthilakshmi[at]gmail[dot]com,https://kys.udiseplus.gov.in/#/schooldetail/4682833/12,4682833,28/09/2024 11:24,2268
******01101 Operational,,MPUPS MANCHALA,,,,Andhra Pradesh,2-Primary with Upper Primary,33-MPP_ZPP SCHOOLS,1 To 8,3-Co-educational,1-Rural,Chebrole,Manchala,,,"MANCHALA , MANCHALA(VILL) CHEBROLU(MANDAL) GUNTUR(DIST)",522212,manchalups[at]gmail[dot]com,https://kys.udiseplus.gov.in/#/schooldetail/4681830/12,4681830,22/12/2025 12:03,2268
******00804 Operational,,MPUPS MANCHIKALAPUDI,,,,Andhra Pradesh,2-Primary with Upper Primary,33-MPP_ZPP SCHOOLS,1 To 8,3-Co-educational,1-Rural,Duggirala,Morampudi,,,MANCHIKALAPUDI MANCHIKALAPUDI MORAMPUDI(VILL) DUGGIRALA(MANDAL) GUNTUR(DIST),522330,mpupsmanchikalapudi2817[at]gmail[dot]com,https://kys.udiseplus.gov.in/#/schooldetail/4681303/12,4681303,21/06/2025 15:25,2268
******02008 Operational,,MPUPS MULUKUDURU,,,,Andhra Pradesh,2-Primary with Upper Primary,33-MPP_ZPP SCHOOLS,1 To 8,3-Co-educational,1-Rural,Ponnur,Mulukuduru,,,MPUPS GBC ROAD MULUKUDURU VILLAGE PONNUR MANDAL GUNTUR DT-522315,522315,mulukudurumpups[at]gmail[dot]com,https://kys.udiseplus.gov.in/#/schooldetail/4682943/12,4682943,22/06/2025 10:18,2268
******00301 Operational,,MPUPS NULAKAPET (U),,,,Andhra Pradesh,2-Primary with Upper Primary,33-MPP_ZPP SCHOOLS,1 To 8,3-Co-educational,2-Urban,NA,,Tadepalli Ward No.13,Tadepalli-Municipality,KRISHNANAGAR KRISHNANAGAR TADEPALLI(VILL) THADEPALLE(MANDAL) GUNTUR(DIST),522501,urduupsnulakapet[at]gmail[dot]com,https://kys.udiseplus.gov.in/#/schooldetail/4679476/12,4679476,08/10/2024 11:35,2268
******00301 Operational,,MPUPS PANDRAPADU,,,,Andhra Pradesh,2-Primary with Upper Primary,33-MPP_ZPP SCHOOLS,1 To 8,3-Co-educational,1-Rural,Kakumanu,Pandrapadu,,,PANDRAPADU KAKUMANU MANDAL GUNTUR DISTRICT,522124,mpupschoolpandrapadu[at]gmail[dot]com,https://kys.udiseplus.gov.in/#/schooldetail/4682841/12,4682841,28/09/2024 11:27,2268
******01804 Operational,,MPUPS PEDAPALEM,,,,Andhra Pradesh,2-Primary with Upper Primary,33-MPP_ZPP SCHOOLS,1 To 8,3-Co-educational,1-Rural,Ponnur,Vallabharaopalem,,,PEDAPALEM VILLAGE PONNURU(MANDAL) GUNTUR(DIST),522112,myramikkili269[at]gmail[dot]comgmail[dot]com,https://kys.udiseplus.gov.in/#/schooldetail/4682930/12,4682930,07/10/2024 16:55,2268
******00614 Operational,,MPUPS TADIKONDA(NORTH),,,,Andhra Pradesh,2-Primary with Upper Primary,33-MPP_ZPP SCHOOLS,1 To 8,3-Co-educational,1-Rural,Tadikonda,Tadikonda,,,RAAVICHETTUCENTRE TADI KONDA TADIKONDA(VILL) TADIKONDA(MANDAL) GUNTUR(DIST),522236,prameelanuthaki65[at]gmail[dot]com,https://kys.udiseplus.gov.in/#/schooldetail/4679681/12,4679681,22/12/2025 10:52,2268
******01106 Operational,,MPUPS UPPARAPALEM,,,,Andhra Pradesh,2-Primary with Upper Primary,33-MPP_ZPP SCHOOLS,1 To 8,3-Co-educational,1-Rural,Ponnur,Upparapalem,,,UPPARAPALEM(VILL) MAIN ROAD PONNURU (MNDL) UPPARAPALEM(VILL) PONNURU(MANDAL) GUNTUR(DIST),522124,mpupsupparapalem1[at]gmail[dot]com,https://kys.udiseplus.gov.in/#/schooldetail/4682912/12,4682912,22/06/2025 10:19,2268
******00703 Operational,,MPUPS (URDU) PHIRANGIPURAM,,,,Andhra Pradesh,2-Primary with Upper Primary,33-MPP_ZPP SCHOOLS,1 To 8,3-Co-educational,1-Rural,Phirangipuram,Phirangipuram,,,MASEED STREET PHIRANGIPURAM PHIRANGIPURAM (PT)(VILL) PHIRANGIPURAM(MANDAL) GUNTUR(DIST),522529,mfpjani[at]gamil[dot]com,https://kys.udiseplus.gov.in/#/schooldetail/4680534/12,4680534,27/01/2023 13:43,2268
******00303 Operational,,"MPUPS(URDU), VEJENDLA",,,,Andhra Pradesh,2-Primary with Upper Primary,33-MPP_ZPP SCHOOLS,1 To 8,3-Co-educational,1-Rural,Chebrole,Vejendla,,,"WARD-4 MUSLIMBAZAR , VEJENDLA VEJENDLA(VILL) CHEBROLU(MANDAL) GUNTUR(DIST)",522213,mpups303school[at]gmail[dot]com,https://kys.udiseplus.gov.in/#/schooldetail/4681775/12,4681775,20/07/2022 14:33,2268
******00107 Operational,,MPUPS VALLURU,,,,Andhra Pradesh,2-Primary with Upper Primary,33-MPP_ZPP SCHOOLS,1 To 8,3-Co-educational,1-Rural,Kakumanu,Vallur,,,VALLUR VALLUR VALLUR(VILL) KAKUMANU(MANDAL) GUNTUR(DIST),522124,upvalluru107[at]gmail[dot]com,https://kys.udiseplus.gov.in/#/schooldetail/4682834/12,4682834,28/09/2024 11:24,2268
******00402 Permanently Closed,,MPUPS VARAGANI,,,,Andhra Pradesh,2-Primary with Upper Primary,33-MPP_ZPP SCHOOLS,1 To 7,3-Co-educational,1-Rural,Medikonduru,Varagani,,,NA,522401,,https://kys.udiseplus.gov.in/#/schooldetail/4715839/12,4715839,15/10/2020 12:18,2268
******01803 Operational,,MPUPS V B PALEM,,,,Andhra Pradesh,2-Primary with Upper Primary,33-MPP_ZPP SCHOOLS,1 To 8,3-Co-educational,1-Rural,Ponnur,Vallabharaopalem,,,VALLABHARAOPALEM(VILL) PONNURU (MNDL) VALLABHARAO PALEM(VILL) PONNURU(MANDAL) GUNTUR(DIST),522124,vbpalemmpups[at]gmail[dot]com,https://kys.udiseplus.gov.in/#/schooldetail/4682929/12,4682929,22/06/2025 10:20,2268
******90310 Operational,,MSMCES -10-11W K PADU,,,,Andhra Pradesh,1-Primary,34-MUNCIPAL,1 To 5,3-Co-educational,2-Urban,NA,,Guntur (M Corp.) - Ward No.42,Guntur-Municipal Corporations,11th WARD KORETIPADU GUNTUR (CORP.)(VILL) GUNTUR(MANDAL) GUNTUR(DIST),522002,marpubaburao[at]gmail[dot]com,https://kys.udiseplus.gov.in/#/schooldetail/4680117/12,4680117,20/12/2025 14:38,2268
******01582 Operational,,"MSM VOCATIONAL JUNIOR COLLEGE, GORANTLA, GUNTUR",,,,Andhra Pradesh,11-Higher Secondary only/Jr. College,38-Pvt.Unaided,11 To 12,3-Co-educational,2-Urban,GUNTUR EAST,,Guntur (M Corp.) - Ward No.29,Guntur-Municipal Corporations,D NO 128-7-341 AMARAVATHI ROAD GORANTLA GUNTUR,522034,Msmeducom[at]gmail[dot]com,https://kys.udiseplus.gov.in/#/schooldetail/4722038/12,4722038,05/01/2026 16:44,2268
******91010 Operational,,MTSMES CHINARAVURU THOTA,,,,Andhra Pradesh,1-Primary,34-MUNCIPAL,1 To 5,3-Co-educational,2-Urban,NA,,Tenali (M) - Ward No.14,Tenali-Municipality,15th WARD MUTTEM SETTI PALEM TENALI (M)(VILL) TENALI(MANDAL) GUNTUR(DIST),522201,prrao222[at]gmail[dot]com,https://kys.udiseplus.gov.in/#/schooldetail/4681640/12,4681640,22/12/2025 15:40,2268
******90363 Operational,,MU(B)ES 76-36-W B M P,,,,Andhra Pradesh,1-Primary,34-MUNCIPAL,1 To 5,3-Co-educational,2-Urban,NA,,Guntur (M Corp.) - Ward No.13,Guntur-Municipal Corporations,36th WARD(BARA) IMAM PANJA GUNTUR (CORP.)(VILL) GUNTUR(MANDAL) GUNTUR(DIST),522003,ashraffathima05[at]gmail[dot]com,https://kys.udiseplus.gov.in/#/schooldetail/4680895/12,4680895,20/12/2025 12:18,2268
******90365 Operational,,MUBES 78-35W S M,,,,Andhra Pradesh,1-Primary,34-MUNCIPAL,1 To 2,3-Co-educational,2-Urban,NA,,Guntur (M Corp.) - Ward No.15,Guntur-Municipal Corporations,15th WARD NEAR SMALL MASQUE GUNTUR (CORP.)(VILL) GUNTUR(MANDAL) GUNTUR(DIST),522003,hussainshreef789[at]gmail[dot]com,https://kys.udiseplus.gov.in/#/schooldetail/4680897/12,4680897,20/12/2025 12:44,2268
******90373 Operational,,MUES 94-2-W V N,,,,Andhra Pradesh,1-Primary,34-MUNCIPAL,1 To 5,3-Co-educational,2-Urban,NA,,Guntur (M Corp.) - Ward No.16,Guntur-Municipal Corporations,02nd WARD VENKATRAONAGAR GUNTUR (CORP.)(VILL) GUNTUR(MANDAL) GUNTUR(DIST),522001,mcpsschool94[at]gmail[dot]com,https://kys.udiseplus.gov.in/#/schooldetail/4680905/12,4680905,20/12/2025 12:46,2268
******00716 Operational,,MUKTHI TRIBEL RESEDENTIAL SCHOOL,,,,Andhra Pradesh,1-Primary,38-Pvt.Unaided,1 To 5,3-Co-educational,1-Rural,Tenali,Angalakuduru,,,"Mukti Center ,Door No-12-165/3,Tenali (Mandalam),Guntur(District),Andhrapradesh(State),Pin-522211",522211,muktisociety1994[at]gmail[dot]com,https://kys.udiseplus.gov.in/#/schooldetail/4681569/12,4681569,22/12/2025 14:55,2268
******91018 Operational,,"MUNICIPAL HIGH SCHOOL, PINAPADU",,,,Andhra Pradesh,6-Pr. Up Pr. and Secondary Only,34-MUNCIPAL,1 To 10,3-Co-educational,2-Urban,NA,,Tenali (M) - Ward No.25,Tenali-Municipality,PINAPADU WARD TENALI MADNAL,522202,mespinapadu[at]gmail[dot]com,https://kys.udiseplus.gov.in/#/schooldetail/4681648/12,4681648,22/12/2025 15:44,2268
******91430 Operational,,MUNNANGI CONCEPT HS,,,,Andhra Pradesh,7-Upper Pr. and Secondary,38-Pvt.Unaided,6 To 10,3-Co-educational,2-Urban,NA,,Guntur (M Corp.) - Ward No.29,Guntur-Municipal Corporations,N.G.O S COLONY 4TH LINE GUNTUR GUNTUR GUNTUR MANDAL,522004,munnangihighschool[at]gmail[dot]com,https://kys.udiseplus.gov.in/#/schooldetail/4681080/12,4681080,20/12/2025 15:24,2268
******91428 Operational,,MUNNANGI CONCEPT PS,,,,Andhra Pradesh,1-Primary,38-Pvt.Unaided,1 To 5,3-Co-educational,2-Urban,NA,,Guntur (M Corp.) - Ward No.29,Guntur-Municipal Corporations,N.G.O S COLONY 4TH LINE GUNTUR GUNTUR GUNTUR MANDAL GUNTUR(DIST,522004,munnangihighschool[at]gmail[dot]com,https://kys.udiseplus.gov.in/#/schooldetail/4681079/12,4681079,20/12/2025 15:24,2268
******90502 Operational,,MURTHY PS MANGALAGIRI,,,,Andhra Pradesh,1-Primary,34-MUNCIPAL,1 To 5,3-Co-educational,2-Urban,NA,,Mangalagiri (M) - Ward No.10,Mangalagiri-Municipality,NEAR POLERAMMA TEMPLE 7 WARD MANGALAGIRI (M)(VILL) MANGALAGIRI(MANDAL) GUNTUR(DIST),522503,murthyskul[at]gmail[dot]com,https://kys.udiseplus.gov.in/#/schooldetail/4679624/12,4679624,20/12/2025 13:28,2268
******90724 Operational,,MVRS VIVEKA FOSTER ELEMENTARY SCHOOL,,,,Andhra Pradesh,1-Primary,38-Pvt.Unaided,1 To 5,3-Co-educational,2-Urban,NA,,Ponnur (M) - Ward No.18,Ponnuru-Municipality,MVRS VIVEKA FOSTER ELEMENTARY SCHOOL 20WARD GBC ROAD PONNUR MD GUNTUR DT-522124,522124,VIVEKAHIGHSCHOOL.PONNUR[at]GMAIL[dot]COM,https://kys.udiseplus.gov.in/#/schooldetail/4682971/12,4682971,08/10/2024 14:41,2268
******90757 Operational,,MVRS VIVEKA HIGH SCHOOL,,,,Andhra Pradesh,7-Upper Pr. and Secondary,38-Pvt.Unaided,6 To 10,3-Co-educational,2-Urban,NA,,Ponnur (M) - Ward No.19,Ponnuru-Municipality,VIVEKA HIGH SCHOOL GBC ROAD PONNUR PONNUR MANDAL GUNTUR DT-522124,522124,VIVEKAHIGHSCHOOL.PONNUR[at]GMAIL[dot]COM,https://kys.udiseplus.gov.in/#/schooldetail/4682989/12,4682989,08/10/2024 14:52,2268
******00806 Operational,,MVT PS VATTICHERUKURU,,,,Andhra Pradesh,2-Primary with Upper Primary,38-Pvt.Unaided,1 To 7,3-Co-educational,1-Rural,Vatticherukuru,Vatticherukuru,,,"MAIN ROAD, VATTICHERUKURU(VILL) VATTICHERUKURU(MANDAL) GUNTUR(DIST)",522212,sadineni4[at]gmail[dot]com,https://kys.udiseplus.gov.in/#/schooldetail/4681861/12,4681861,28/09/2024 13:02,2268
******00315 Operational,,NAGALAKSHMI HIGH SCHOOL,,,,Andhra Pradesh,6-Pr. Up Pr. and Secondary Only,38-Pvt.Unaided,1 To 10,3-Co-educational,1-Rural,Mangalagiri,Krishnayapalem,,,YERRABALEM YERRABALEM NOWLUR(VILL) MANGALAGIRI(MANDAL) GUNTUR(DIST),522503,krishnabalusupati8[at]gmail[dot]com,https://kys.udiseplus.gov.in/#/schooldetail/4679555/12,4679555,20/12/2025 13:13,2268
******00912 Operational,,NAGARJUNA HS P V PUDI,,,,Andhra Pradesh,7-Upper Pr. and Secondary,38-Pvt.Unaided,6 To 10,3-Co-educational,2-Urban,NA,,Mangalagiri (M) - Ward No.7,Mangalagiri-Municipality,PEDAVADLAPUDI PEDAVADLAPUDI PEDAVADLAPUDI(VILL) MANGALAGIRI(MANDAL) GUNTUR(DIST),522302,jrnagarjuna[at]gmail[dot]com,https://kys.udiseplus.gov.in/#/schooldetail/4679611/12,4679611,20/12/2025 13:25,2268
******00920 Operational,,NAGARJUNA PS PVPUDI,,,,Andhra Pradesh,1-Primary,38-Pvt.Unaided,1 To 5,3-Co-educational,2-Urban,NA,,Mangalagiri (M) - Ward No.7,Mangalagiri-Municipality,PEDAVADLAPUDI PEDAVADLAPUDI PEDAVADLAPUDI(VILL) MANGALAGIRI(MANDAL) GUNTUR(DIST),522302,jrnagarjuna[at]gmail[dot]com,https://kys.udiseplus.gov.in/#/schooldetail/4679613/12,4679613,20/12/2025 13:25,2268
******00843 Operational,,NAGARJUNA PS TENALI,,,,Andhra Pradesh,6-Pr. Up Pr. and Secondary Only,38-Pvt.Unaided,1 To 10,3-Co-educational,2-Urban,NA,,Tenali (M) - Ward No.12,Tenali-Municipality,D No 2-31-42B TNC Road Nandulapet Tenali,522201,sreenagarjunapublicschool[at]gmail[dot]com,https://kys.udiseplus.gov.in/#/schooldetail/4680831/12,4680831,22/12/2025 15:03,2268
******91436 Permanently Closed,,NAGARJUNA PUBLIC SCHOOL,,,,Andhra Pradesh,2-Primary with Upper Primary,38-Pvt.Unaided,1 To 7,3-Co-educational,2-Urban,NA,,Guntur (M Corp.) - Ward No.52,Guntur-Municipal Corporations,NA,NA,,https://kys.udiseplus.gov.in/#/schooldetail/4715920/12,4715920,15/10/2020 12:18,2268
******91462 Permanently Closed,,NAGARJUNA VOCL. JR. COLLEGE H.NO.6/2 ARANDALPET GUNTUR,,,,Andhra Pradesh,11-Higher Secondary only/Jr. College,38-Pvt.Unaided,11 To 12,3-Co-educational,2-Urban,NA,,Guntur Ward No. 55,Guntur-Municipal Corporations,NA,522002,,https://kys.udiseplus.gov.in/#/schooldetail/4715923/12,4715923,15/10/2020 12:18,2268
******01308 Operational,,NANDANA GRAMEENA HIGH SCH,,,,Andhra Pradesh,7-Upper Pr. and Secondary,38-Pvt.Unaided,6 To 10,3-Co-educational,2-Urban,NA,,Guntur Ward No. 59,Guntur-Municipal Corporations,CHOWDAVARAM CHOWDAVARAM CHOWDAVARAM(VILL) GUNTUR(MANDAL) GUNTUR(DIST),522019,nandana[at]chetanacharity[dot]org,https://kys.udiseplus.gov.in/#/schooldetail/4680840/12,4680840,20/12/2025 12:27,2268
******01311 Operational,,NANDANA GRAMEENA PS,,,,Andhra Pradesh,1-Primary,38-Pvt.Unaided,1 To 5,3-Co-educational,2-Urban,NA,,Guntur Ward No. 59,Guntur-Municipal Corporations,CHOWDAVARAM CHOWDAVARAM CHOWDAVARAM(VILL) GUNTUR(MANDAL) GUNTUR(DIST),522019,nandana[at]chetanacharity[dot]org,https://kys.udiseplus.gov.in/#/schooldetail/4680842/12,4680842,20/12/2025 12:27,2268
******00811 Operational,,NANDI SCHOOL,,,,Andhra Pradesh,6-Pr. Up Pr. and Secondary Only,38-Pvt.Unaided,1 To 10,3-Co-educational,1-Rural,Pedanandipadu,Pedanandipadu,,,PEDANANDIPADU VILLAGE MANDAL GUNTUR DIST,522235,nandischool999[at]gmail[dot]com,https://kys.udiseplus.gov.in/#/schooldetail/4682816/12,4682816,22/12/2025 19:00,2268
******00915 Operational,,"NARAYANA E.M. HIGH SCHOOL, KRISHNA NAGAR, GUNTUR",,,,Andhra Pradesh,7-Upper Pr. and Secondary,38-Pvt.Unaided,6 To 10,3-Co-educational,2-Urban,NA,,Guntur (M Corp.) - Ward No.31,Guntur-Municipal Corporations,KRISHNA NAGAR 4TH lane guntur,522006,gntosnb.oly[at]narayanagroup[dot]com,https://kys.udiseplus.gov.in/#/schooldetail/4680049/12,4680049,20/12/2025 12:58,2268
******91113 Operational,,"NARAYANA E.M. SCHOOL, BACKSIDE OF RTC DEPO, TENALI",,,,Andhra Pradesh,6-Pr. Up Pr. and Secondary Only,38-Pvt.Unaided,1 To 10,3-Co-educational,2-Urban,NA,,Tenali (M) - Ward No.40,Tenali-Municipality,ACKSIDE OF RTC DEPO TENALI 522201,522201,tenali.etechno[at]narayanagroup[dot]com,https://kys.udiseplus.gov.in/#/schooldetail/4681712/12,4681712,22/12/2025 15:12,2268
******91590 Operational,,NARAYANA EM SCHOOL KOTHAPET GUNTUR,,,,Andhra Pradesh,6-Pr. Up Pr. and Secondary Only,38-Pvt.Unaided,1 To 10,3-Co-educational,2-Urban,NA,,Guntur (M Corp.) - Ward No.20,Guntur-Municipal Corporations,NARAYANA EM SCHOOLKOTHAPET,522002,gntkpet.etechno[at]narayanagroup[dot]com,https://kys.udiseplus.gov.in/#/schooldetail/4681194/12,4681194,20/12/2025 12:25,2268
******90773 Operational,,"NARAYANA EM SCHOOL, NIDUBROLU",,,,Andhra Pradesh,6-Pr. Up Pr. and Secondary Only,38-Pvt.Unaided,1 To 10,3-Co-educational,2-Urban,NA,,Ponnur (M) - Ward No.17,Ponnuru-Municipality,NARAYANA EM SCHOOL 17TH WARD NETHAJINAGAR 3RD LINE NIDUBROLU PONNUR MD GUNTUR-522124,522124,narayanaponnur[at]gmail[dot]com,https://kys.udiseplus.gov.in/#/schooldetail/4682996/12,4682996,07/10/2024 17:12,2268
******00576 Operational,,"NARAYANA E.M. SCHOOL, PEDAPALAKALUR",,,,Andhra Pradesh,6-Pr. Up Pr. and Secondary Only,38-Pvt.Unaided,1 To 10,3-Co-educational,2-Urban,NA,,Guntur Ward No. 59,Guntur-Municipal Corporations,PEDAPALAKALURU LIC COLONY GUNTUR NEAR TEJA TOWN SHIPS,522009,,https://kys.udiseplus.gov.in/#/schooldetail/4720989/12,4720989,20/12/2025 15:08,2268
******91558 Operational,,"NARAYANA EM SCHOOL, SVN COLONY 4TH LINE, GUNTUR",,,,Andhra Pradesh,6-Pr. Up Pr. and Secondary Only,38-Pvt.Unaided,1 To 10,3-Co-educational,2-Urban,NA,,Guntur (M Corp.) - Ward No.49,Guntur-Municipal Corporations,S.V.N COLONY MAIN ROAD,522006,gntsvnc1541[at]narayanagroup[dot]com,https://kys.udiseplus.gov.in/#/schooldetail/4681161/12,4681161,20/12/2025 15:15,2268
******91556 Operational,,"NARAYANA ENGLISH MEDIUM SCHOOL, BHARATHPET, 4TH LANE, GUNTUR",,,,Andhra Pradesh,6-Pr. Up Pr. and Secondary Only,38-Pvt.Unaided,1 To 10,3-Co-educational,2-Urban,NA,,Guntur (M Corp.) - Ward No.43,Guntur-Municipal Corporations,GUNTUR CORP-5 BHARATHPET,522002,gntamvt.etechno[at]narayanagroup[dot]com,https://kys.udiseplus.gov.in/#/schooldetail/4681159/12,4681159,20/12/2025 12:33,2268
******91555 Operational,,"NARAYANA ENGLISH MEDIUM SCHOOL, BRUNDAVAN GARDENS, GUNTUR",,,,Andhra Pradesh,6-Pr. Up Pr. and Secondary Only,38-Pvt.Unaided,1 To 10,3-Co-educational,2-Urban,NA,,Guntur (M Corp.) - Ward No.35,Guntur-Municipal Corporations,BRUNDAVAN GARDENS 4TH LINE,522006,gntebg.etechno[at]narayanagroup[dot]com,https://kys.udiseplus.gov.in/#/schooldetail/4681158/12,4681158,20/12/2025 15:16,2268
******91097 Operational,,NARAYANA ENGLISH MEDIUM SCHOOL CHENCHUPET TENALI,,,,Andhra Pradesh,6-Pr. Up Pr. and Secondary Only,38-Pvt.Unaided,1 To 10,3-Co-educational,2-Urban,NA,,Tenali (M) - Ward No.24,Tenali-Municipality,"Narayana EM school , BACK SIDE OF MARG APARTMENTS, CHENCHUPET, TENALI",522201,tenalibpr.etechno[at]narayanagroup[dot]com,https://kys.udiseplus.gov.in/#/schooldetail/4680965/12,4680965,22/12/2025 15:54,2268
******91557 Operational,,"NARAYANA ENGLISH MEDIUM SCHOOL, KAKUMANI VARI THOTA, GUNTUR",,,,Andhra Pradesh,6-Pr. Up Pr. and Secondary Only,38-Pvt.Unaided,1 To 10,3-Co-educational,2-Urban,NA,,Guntur (M Corp.) - Ward No.49,Guntur-Municipal Corporations,ARUNDELPET GUNTUR GUNTUR EAST,522002,gntardpet.etechno[at]narayanagroup[dot]com,https://kys.udiseplus.gov.in/#/schooldetail/4681160/12,4681160,20/12/2025 12:33,2268
******91508 Operational,,"NARAYANA ENGLISH MEDIUM SCHOOL, STAMBALAGARUVU, GUNTUR",,,,Andhra Pradesh,6-Pr. Up Pr. and Secondary Only,38-Pvt.Unaided,1 To 10,3-Co-educational,2-Urban,NA,,Guntur (M Corp.) - Ward No.32,Guntur-Municipal Corporations,NARAYANA ENGLISH MEDIUM SCHOOLSTAMABALAGARUVUGUNTUR,522006,gntppb.etechno[at]narayanagroup[dot]com,https://kys.udiseplus.gov.in/#/schooldetail/4681116/12,4681116,20/12/2025 15:19,2268
******00924 Permanently Closed,,NARAYANA JR COLLEGE,,,,Andhra Pradesh,11-Higher Secondary only/Jr. College,38-Pvt.Unaided,11 To 12,3-Co-educational,1-Rural,Kollipara,Kollipara,,,NA,522304,,https://kys.udiseplus.gov.in/#/schooldetail/4715949/12,4715949,15/10/2020 12:18,2268
******00906 Operational,,NARAYANA JR. COLLEGE,,,,Andhra Pradesh,11-Higher Secondary only/Jr. College,38-Pvt.Unaided,11 To 12,3-Co-educational,2-Urban,NA,,Tenali (M) - Ward No.22,Tenali-Municipality,nelapdu tenali manal,522201,tenalinarayanacollege[at]gmail[dot]com,https://kys.udiseplus.gov.in/#/schooldetail/4680870/12,4680870,22/12/2025 15:23,2268
******91482 Operational,,NARAYANA JR. COLLEGE BRUNDAVAN GARDEN GUNTUR,,,,Andhra Pradesh,11-Higher Secondary only/Jr. College,38-Pvt.Unaided,11 To 12,3-Co-educational,2-Urban,NA,,Guntur (M Corp.) - Ward No.38,Guntur-Municipal Corporations,BRUNDAVAN GARDEN GUNTUR,522006,gntbg586[at]gmail[dot]com,https://kys.udiseplus.gov.in/#/schooldetail/4719156/12,4719156,20/12/2025 15:21,2268
******00325 Permanently Closed,,NARAYANA JUNIOR COLLEGE,,,,Andhra Pradesh,11-Higher Secondary only/Jr. College,38-Pvt.Unaided,11 To 12,3-Co-educational,1-Rural,Pedakakani,Pedakakani,,,NA,NA,,https://kys.udiseplus.gov.in/#/schooldetail/4715942/12,4715942,15/10/2020 12:18,2268
******00376 Operational,,NARAYANA JUNIOR COLLEGE,,,,Andhra Pradesh,11-Higher Secondary only/Jr. College,38-Pvt.Unaided,11 To 12,3-Co-educational,2-Urban,NA,,Guntur Ward No. 59,Guntur-Municipal Corporations,"grand dharani apratment, pedapalakalur",522005,,https://kys.udiseplus.gov.in/#/schooldetail/4720815/12,4720815,20/12/2025 15:09,2268
******00714 Permanently Closed,,NARAYANA JUNIOR. COLLEGE,,,,Andhra Pradesh,11-Higher Secondary only/Jr. College,38-Pvt.Unaided,11 To 12,3-Co-educational,2-Urban,NA,,Guntur (M Corp.) - Ward No.25,Guntur-Municipal Corporations,NA,522007,,https://kys.udiseplus.gov.in/#/schooldetail/4715888/12,4715888,15/10/2020 12:18,2268
******01236 Operational,,NARAYANA JUNIOR COLLEGE - 06048,,,,Andhra Pradesh,11-Higher Secondary only/Jr. College,38-Pvt.Unaided,11 To 12,3-Co-educational,2-Urban,NA,,Guntur (M Corp.) - Ward No.35,Guntur-Municipal Corporations,"NARAYANA JUNIOR COLLEGE, GUNTUR",522006,GNTBG2[at]GMAIL[dot]COM,https://kys.udiseplus.gov.in/#/schooldetail/4721717/12,4721717,20/12/2025 15:07,2268
******91483 Operational,,NARAYANA JUNIOR COLLEGE AMARAVATHIROAD GUNTUR,,,,Andhra Pradesh,11-Higher Secondary only/Jr. College,38-Pvt.Unaided,11 To 12,3-Co-educational,2-Urban,NA,,Guntur Ward No. 54,Guntur-Municipal Corporations,GUNTUR (CORP ) 4 GUNTUR,522004,gntamvtc801a[at]gmail[dot]com,https://kys.udiseplus.gov.in/#/schooldetail/4681106/12,4681106,20/12/2025 12:28,2268
******91484 Operational,,NARAYANA JUNIOR COLLEGE CHALLAVARI PALEM GUNTUR,,,,Andhra Pradesh,11-Higher Secondary only/Jr. College,38-Pvt.Unaided,11 To 12,3-Co-educational,1-Rural,Guntur,Nallapadu (R),,,NARAYANA JUNIOR COLLEGE RATNAGIRI NAGAR PEDAPALAKALURU ROAD,522005,gntn120[at]narayanagroup[dot]com,https://kys.udiseplus.gov.in/#/schooldetail/4681107/12,4681107,20/12/2025 15:20,2268
******00635 Operational,,NARAYANA JUNIOR COLLEGE GUNTUR (06105),,,,Andhra Pradesh,11-Higher Secondary only/Jr. College,38-Pvt.Unaided,11 To 12,3-Co-educational,2-Urban,NA,,Guntur Ward No. 61,Guntur-Municipal Corporations,peda palakalur guntur,522006,gntnpc804a[at]narayanagroup[dot]com,https://kys.udiseplus.gov.in/#/schooldetail/4721047/12,4721047,20/12/2025 15:08,2268
******00304 Closed,Closed,"NARAYANA PRIMARY SCHOOL, AMARAVATHI ROAD, GUNTUR",,,,Andhra Pradesh,2-Primary with Upper Primary,38-Pvt.Unaided,1 To 7,3-Co-educational,2-Urban,NA,,Guntur (M Corp.) - Ward No.43,Guntur-Municipal Corporations,KORETIPADU GUNTUR,522002,gntamvt.etechno[at]narayanagroup[dot]com,https://kys.udiseplus.gov.in/#/schooldetail/4680671/12,4680671,11/05/2022 18:43,2268
******00527 Operational,,Narayana School,,,,Andhra Pradesh,6-Pr. Up Pr. and Secondary Only,38-Pvt.Unaided,1 To 10,3-Co-educational,2-Urban,NA,,Mangalagiri (M) - Ward No.29,Mangalagiri-Municipality,"TIPPERLA BAZAR, 29TH WARD, MANGALAGIRI",522503,mangalagiri.etechno[at]gmail[dot]com,https://kys.udiseplus.gov.in/#/schooldetail/4679582/12,4679582,20/12/2025 13:18,2268
******90771 Operational,,NATCO SCHOOL OF LEARNING PONNUR,,,,Andhra Pradesh,6-Pr. Up Pr. and Secondary Only,39-Pvt.Unaided (CBSE Syllabus),1 To 10,3-Co-educational,1-Rural,Ponnur,Munipalle,,,NATCO SCHOOL OF LEARNING GOLLAMUDIPADU VILLAGE PONNUR MANDAL GUNTUR DT 522212,522212,2401[at]hippocampus[dot]in,https://kys.udiseplus.gov.in/#/schooldetail/4682995/12,4682995,07/10/2024 17:13,2268
******01554 Operational,,"NATIONAL VOCATIONAL JUNIOR COLLEGE, MANGALAGIRI",,,,Andhra Pradesh,11-Higher Secondary only/Jr. College,38-Pvt.Unaided,11 To 12,3-Co-educational,2-Urban,NA,,Mangalagiri (M) - Ward No.29,Mangalagiri-Municipality,"TIPPARLA BAZAAR,D NO-7-426,OPPOSIT NARAYANA SCHOOL,MANGALAGIRI",522503,nvjcmag[at]gmail[dot]com,https://kys.udiseplus.gov.in/#/schooldetail/4721995/12,4721995,20/12/2025 13:53,2268
******91459 Permanently Closed,,NATIONAL VOCL.JR.COLLEGE BRODIPET GUNTUR.,,,,Andhra Pradesh,11-Higher Secondary only/Jr. College,38-Pvt.Unaided,11 To 12,3-Co-educational,2-Urban,NA,,Guntur (M Corp.) - Ward No.35,Guntur-Municipal Corporations,NA,522002,,https://kys.udiseplus.gov.in/#/schooldetail/4680353/12,4680353,15/10/2020 12:18,2268
******00829 Permanently Closed,,NAVATHA CONVENT R PET,,,,Andhra Pradesh,2-Primary with Upper Primary,38-Pvt.Unaided,1 To 7,3-Co-educational,2-Urban,NA,,Tenali (M) - Ward No.14,Tenali-Municipality,NA,522201,,https://kys.udiseplus.gov.in/#/schooldetail/4715981/12,4715981,15/10/2020 12:18,2268
******00503 Closed,Closed,NAVEENA APS GORANTLA,,,,Andhra Pradesh,1-Primary,35-Pvt.Aided,1 To 5,3-Co-educational,2-Urban,NA,,Guntur Ward No. 57,Guntur-Municipal Corporations,3rd LANE GORUNTLA GORANTLA(VILL) GUNTUR(MANDAL) GUNTUR(DIST),522034,ycredutrust[at]gmail[dot]com,https://kys.udiseplus.gov.in/#/schooldetail/4680748/12,4680748,11/05/2022 14:26,2268
******91333 Operational,,NAVEENA PRIMARY SCHOOL PANDURANGANAGAR GORANTLA,,,,Andhra Pradesh,1-Primary,38-Pvt.Unaided,1 To 5,3-Co-educational,2-Urban,NA,,Guntur Ward No. 57,Guntur-Municipal Corporations,PANDURANGA NAGAR 4TH LINE AMARAVAT GUNTUR GUNTUR (CORP.)-3(VILL) GUNTUR(MANDAL) GUNTUR(DIST),522034,ycredutrust[at]gmail[dot]com,https://kys.udiseplus.gov.in/#/schooldetail/4681046/12,4681046,20/12/2025 13:12,2268
******00505 Operational,,NAVEENA VNHS GORANTLA,,,,Andhra Pradesh,7-Upper Pr. and Secondary,38-Pvt.Unaided,6 To 10,3-Co-educational,2-Urban,NA,,Guntur Ward No. 57,Guntur-Municipal Corporations,GORUNTLA GORUNTLA GORANTLA(VILL) GUNTUR(MANDAL) GUNTUR(DIST),522034,ycredutrust[at]gmail[dot]com,https://kys.udiseplus.gov.in/#/schooldetail/4680750/12,4680750,20/12/2025 11:50,2268
******00324 Closed,Closed,NCLP CENTRE NOWLUR,,,,Andhra Pradesh,1-Primary,53-NCLP,1 To 5,3-Co-educational,1-Rural,NA,NA,,,"NEAR RAILWAY GATE, NOWLUR VILLAGE, MANGALAGIRI MANDAL",522503,sharonwelfare[at]rediffmail[dot]com,https://kys.udiseplus.gov.in/#/schooldetail/4679558/12,4679558,29/12/2022 14:35,2268
******00173 Closed,Closed,NCLP KVP COLONY,,,,Andhra Pradesh,1-Primary,53-NCLP,1 To 5,3-Co-educational,2-Urban,NA,,Guntur (M Corp.) - Ward No.23,Guntur-Municipal Corporations,KONDAVENKATAPPAIAH COLONY,522004,,https://kys.udiseplus.gov.in/#/schooldetail/4720569/12,4720569,01/02/2023 21:07,2268
******00172 Closed,Closed,NCLP NALLACHERUVU,,,,Andhra Pradesh,1-Primary,53-NCLP,1 To 5,3-Co-educational,2-Urban,NA,,Guntur (M Corp.) - Ward No.27,Guntur-Municipal Corporations,NALLACHERUVU GUNTUR URBAN,522004,petla.suseelkumar[at]gmail[dot]com,https://kys.udiseplus.gov.in/#/schooldetail/4720568/12,4720568,01/02/2023 21:06,2268
******00174 Closed,Closed,NCLP NETAJI NAGAR,,,,Andhra Pradesh,1-Primary,53-NCLP,1 To 5,3-Co-educational,2-Urban,NA,,Guntur (M Corp.) - Ward No.40,Guntur-Municipal Corporations,NETHAJI NAGAR GUNTUR URBAN,522004,,https://kys.udiseplus.gov.in/#/schooldetail/4720570/12,4720570,01/02/2023 21:07,2268
******00861 Closed,Closed,NCLPS,,,,Andhra Pradesh,1-Primary,53-NCLP,1 To 5,3-Co-educational,2-Urban,NA,,Tenali (M) - Ward No.11,Tenali-Municipality,PADISON PET TENALI,522201,-nclp[at]gmail[dot]com,https://kys.udiseplus.gov.in/#/schooldetail/4681562/12,4681562,02/02/2023 20:55,2268
******00169 Closed,Closed,NCLP SAIBABA COLONY,,,,Andhra Pradesh,1-Primary,53-NCLP,1 To 5,3-Co-educational,2-Urban,NA,,Guntur (M Corp.) - Ward No.10,Guntur-Municipal Corporations,SAI BABA COLONY GUNTUR URBAN,522601,sarakanam.kanaka[at]gmail[dot]com,https://kys.udiseplus.gov.in/#/schooldetail/4720565/12,4720565,01/02/2023 21:06,2268
******91062 Operational,,N.C.R.N.MHSMARISHPET,,,,Andhra Pradesh,7-Upper Pr. and Secondary,34-MUNCIPAL,6 To 10,3-Co-educational,2-Urban,NA,,Tenali (M) - Ward No.21,Tenali-Municipality,21st WARD MORRIESPET TENALI (M)(VILL) TENALI(MANDAL) GUNTUR(DIST),522201,ncrnmhs[at]gmail[dot]com,https://kys.udiseplus.gov.in/#/schooldetail/4681680/12,4681680,22/12/2025 15:59,2268
******91042 Operational,,NEHRU NIKETAN EMPBOSROAD,,,,Andhra Pradesh,1-Primary,38-Pvt.Unaided,1 To 5,3-Co-educational,2-Urban,NA,,Tenali (M) - Ward No.15,Tenali-Municipality,TENALI(VILL) TENALI (MNDL) TENALI (M)(VILL) TENALI(MANDAL) GUNTUR(DIST),522201,nehruniketan[at]gmail[dot]com,https://kys.udiseplus.gov.in/#/schooldetail/4680926/12,4680926,22/12/2025 16:03,2268
******01496 Operational,,NEHRU NIKETAN LITTLE WONDERS SCHOOL,,,,Andhra Pradesh,2-Primary with Upper Primary,38-Pvt.Unaided,1 To 7,3-Co-educational,2-Urban,Tenali,,Tenali (M) - Ward No.31,Tenali-Municipality,"Amaravathi plots, chenchupet, tenali mandal",522202,,https://kys.udiseplus.gov.in/#/schooldetail/4721938/12,4721938,22/12/2025 15:06,2268
******00608 Operational,,NEIDA JUNIOR COLLEGE,,,,Andhra Pradesh,11-Higher Secondary only/Jr. College,38-Pvt.Unaided,11 To 12,3-Co-educational,1-Rural,Prathipadu,Edulapalem,,,NEIDA JUNIOR COLLEGE NEAR KATURI MEDICAL COLLEGE EDULAPALEM,522019,stanfordjrcollege7[at]gmail[dot]com,https://kys.udiseplus.gov.in/#/schooldetail/4720092/12,4720092,10/12/2025 15:46,2268
******00387 Operational,,NEO VISION SCHOOL ANJANEYAPET AMARAVATHI ROAD GUNTUR,,,,Andhra Pradesh,6-Pr. Up Pr. and Secondary Only,38-Pvt.Unaided,1 To 10,3-Co-educational,2-Urban,NA,,Guntur Ward No. 56,Guntur-Municipal Corporations,Anjaneya Pet amaravathi road guntur,522007,visionschoolgnt[at]gmail[dot]com,https://kys.udiseplus.gov.in/#/schooldetail/4680730/12,4680730,20/12/2025 12:51,2268
******00327 Operational,,NETHAJI BALA VIDYALA,,,,Andhra Pradesh,6-Pr. Up Pr. and Secondary Only,38-Pvt.Unaided,1 To 10,3-Co-educational,2-Urban,NA,,Tadepalli Ward No.22,Tadepalli-Municipality,SEETHANAGARAM TADEPALLI TADEPALLI(VILL) THADEPALLE(MANDAL) GUNTUR(DIST),522501,chongalaharanadh[at]gmail[dot]com,https://kys.udiseplus.gov.in/#/schooldetail/4679500/12,4679500,08/10/2024 12:09,2268
******00836 Permanently Closed,,NETHAJI HS TENALI,,,,Andhra Pradesh,1-Primary,61-Unrecognised Schools,1 To 5,3-Co-educational,2-Urban,NA,,Tenali (M) - Ward No.19,Tenali-Municipality,NA,522201,,https://kys.udiseplus.gov.in/#/schooldetail/4715982/12,4715982,15/10/2020 12:18,2268
******00118 Operational,,NEW CHAITANYA LITTLE EM SCHOOL,,,,Andhra Pradesh,2-Primary with Upper Primary,38-Pvt.Unaided,1 To 7,3-Co-educational,1-Rural,Tenali,Kolakaluru,,,kolakaluru village kolakaluru 522201,522307,tenali.kolakalurcrc[at]gmail[dot]com,https://kys.udiseplus.gov.in/#/schooldetail/4681519/12,4681519,22/12/2025 14:39,2268
******00317 Operational,,NEW INDIAN PUBLIC SCHOOL,,,,Andhra Pradesh,1-Primary,38-Pvt.Unaided,1 To 5,3-Co-educational,1-Rural,Pedakakani,Pedakakani,,,SIVALAYAM ROAD PEDA KAKANI PEDAKAKANI(VILL) PEDAKAKANI(MANDAL) GUNTUR(DIST),522509,bkr1991[at]yahoo[dot]com,https://kys.udiseplus.gov.in/#/schooldetail/4681231/12,4681231,16/02/2026 15:02,2268
******90542 Operational,,NEW KENNEDY MANGALAGIRI,,,,Andhra Pradesh,6-Pr. Up Pr. and Secondary Only,38-Pvt.Unaided,1 To 10,3-Co-educational,2-Urban,NA,,Mangalagiri (M) - Ward No.31,Mangalagiri-Municipality,GOWTHAM BUDDA ROAD MANGALAGIRI MANGALAGIRI (M)(VILL) MANGALAGIRI(MANDAL) GUNTUR(DIST),522503,dasari.dutt[at]gmail[dot]com,https://kys.udiseplus.gov.in/#/schooldetail/4678963/12,4678963,20/12/2025 13:55,2268
******91596 Operational,,NEXT GEN KIDS SCHOOL RAJENDRA NAGAR,,,,Andhra Pradesh,2-Primary with Upper Primary,38-Pvt.Unaided,1 To 6,3-Co-educational,2-Urban,NA,,Guntur (M Corp.) - Ward No.35,Guntur-Municipal Corporations,4th line- Rajendranagar,522006,rngk[at]kennedyschool[dot]in,https://kys.udiseplus.gov.in/#/schooldetail/4681200/12,4681200,20/12/2025 15:12,2268
******00510 Operational,,NEXTGEN SCHOOL GORANTLA,,,,Andhra Pradesh,3-Pr. with Up.Pr. Sec. and H.Sec.,39-Pvt.Unaided (CBSE Syllabus),1 To 12,3-Co-educational,2-Urban,NA,,Guntur (M Corp.) - Ward No.47,Guntur-Municipal Corporations,GORANTLA AMARAVATHI ROAD NAGARALU,522034,info[at]nextgenschoool[dot]in,https://kys.udiseplus.gov.in/#/schooldetail/4720075/12,4720075,20/12/2025 11:51,2268
******01110 Operational,,NF ZPHS DUGGIRALA(B),,,,Andhra Pradesh,7-Upper Pr. and Secondary,33-MPP_ZPP SCHOOLS,6 To 10,1-Boys,1-Rural,Duggirala,Duggirala,,,DUGGIRALA DUGGIRALA DUGGIRALA(VILL) DUGGIRALA(MANDAL) GUNTUR(DIST),522330,hm.nfzphsboys[at]gmail[dot]com,https://kys.udiseplus.gov.in/#/schooldetail/4681322/12,4681322,20/06/2025 17:32,2268
******00416 Operational,,NIRMALA CBSE SCHOOL ATMAKUR,,,,Andhra Pradesh,6-Pr. Up Pr. and Secondary Only,39-Pvt.Unaided (CBSE Syllabus),1 To 10,3-Co-educational,2-Urban,NA,,Mangalagiri Ward No.13,Mangalagiri-Municipality,ATMAKUR NIRMALA NAGAR MANGALGAIRI,522503,nirmalacbsemgl7[at]gmail[dot]com,https://kys.udiseplus.gov.in/#/schooldetail/4679568/12,4679568,20/12/2025 13:15,2268
******91539 Operational,,NIRMALA CONVENT A.T.AGRAHARAM GUNTUR,,,,Andhra Pradesh,2-Primary with Upper Primary,38-Pvt.Unaided,1 To 7,3-Co-educational,2-Urban,NA,,Guntur (M Corp.) - Ward No.28,Guntur-Municipal Corporations,AT AGRAHARAM Boring pump central,522004,Shirleytanniru[at]gmail[dot]com,https://kys.udiseplus.gov.in/#/schooldetail/4681146/12,4681146,20/12/2025 15:16,2268
******00406 Operational,,NIRMALA E.M HS ATMAKUR,,,,Andhra Pradesh,7-Upper Pr. and Secondary,38-Pvt.Unaided,6 To 10,3-Co-educational,2-Urban,NA,,Mangalagiri Ward No.13,Mangalagiri-Municipality,NIRMALA NAGAR ATMAKURU ATMAKUR(VILL) MANGALAGIRI(MANDAL) GUNTUR DISTRICT,522503,nirmalaschool2022[at]gmail[dot]com,https://kys.udiseplus.gov.in/#/schooldetail/4679564/12,4679564,20/12/2025 13:15,2268
******00508 Operational,,"NIRMALA E.M SCHOOL,PEDAPARIMI",,,,Andhra Pradesh,6-Pr. Up Pr. and Secondary Only,38-Pvt.Unaided,1 To 10,3-Co-educational,1-Rural,Thullur,Pedaparimi,,,"PEDAPARIMI (POST), THULLUR (MANDAL), GUNTUR (DISTRICT), AP - 522236",522236,nirmalaemparimi[at]gmail[dot]com,https://kys.udiseplus.gov.in/#/schooldetail/4679413/12,4679413,08/10/2024 13:19,2268
******00404 Operational,,NIRMALA EPS ATMAKUR,,,,Andhra Pradesh,1-Primary,38-Pvt.Unaided,1 To 5,3-Co-educational,2-Urban,NA,,Mangalagiri Ward No.13,Mangalagiri-Municipality,NIRMALA NAGAR ATMAKURU ATMAKUR(VILL) MANGALAGIRI(MANDAL) GUNTUR(DIST),522503,nirmalaschool2022[at]gmail[dot]com,https://kys.udiseplus.gov.in/#/schooldetail/4679563/12,4679563,20/12/2025 13:14,2268
******00413 Operational,,NIRMALA UPS PRATHIPADU,,,,Andhra Pradesh,2-Primary with Upper Primary,38-Pvt.Unaided,1 To 7,3-Co-educational,1-Rural,Prathipadu,Prathipadu,,,PRATHIPADU PRATHIPADU PRATHIPADU(VILL) PRATHIPADU(MANDAL) GUNTUR(DIST),522019,nirmala2022[at]gmail[dot]com,https://kys.udiseplus.gov.in/#/schooldetail/4681894/12,4681894,23/12/2025 12:39,2268
******91069 Operational,,N.N.ENG MED BOSROAD,,,,Andhra Pradesh,7-Upper Pr. and Secondary,38-Pvt.Unaided,6 To 10,3-Co-educational,2-Urban,NA,,Tenali (M) - Ward No.11,Tenali-Municipality,15th WARD TENALI (MNDL) TENALI (M)(VILL) TENALI(MANDAL) GUNTUR(DIST),522201,nehruniketan[at]gmail[dot]com,https://kys.udiseplus.gov.in/#/schooldetail/4681684/12,4681684,22/12/2025 16:00,2268
******90743 Operational,,NNT PUBLIC SCHOOL PNR,,,,Andhra Pradesh,7-Upper Pr. and Secondary,38-Pvt.Unaided,6 To 10,3-Co-educational,2-Urban,NA,,Ponnur (M) - Ward No.4,Ponnuru-Municipality,NNT PUBLIC SCHOOL BESIDE ASZPGH SCHOOL SAI NAGAR PONNUR MANDAL GUNTUR DT-522124,522124,nntpschool[at]hotmail[dot]com,https://kys.udiseplus.gov.in/#/schooldetail/4682983/12,4682983,26/09/2024 10:55,2268
******90763 Operational,,NNT PUBLIC SCHOOL PONNUR,,,,Andhra Pradesh,1-Primary,38-Pvt.Unaided,1 To 5,3-Co-educational,2-Urban,NA,,Ponnur (M) - Ward No.4,Ponnuru-Municipality,NNT PUBLIC SCHOOL BESIDE ASZPGH SCHOOL SAI NAGAR PONNUR MANDAL GUNTUR DT-522124,522124,nntpschool[at]hotmail[dot]com,https://kys.udiseplus.gov.in/#/schooldetail/4682244/12,4682244,08/10/2024 14:56,2268
******01210 Closed,Closed,NOBLE PS PEDARAVUR,,,,Andhra Pradesh,2-Primary with Upper Primary,38-Pvt.Unaided,1 To 7,3-Co-educational,1-Rural,Tenali,Pedaravuru,,,PEDAVAVURU PEDAVAVURU PEDARAVURU(VILL) TENALI(MANDAL) GUNTUR(DIST),522201,,https://kys.udiseplus.gov.in/#/schooldetail/4681625/12,4681625,10/05/2022 18:56,2268
******91439 Operational,,NRI ARTS AND SCIENCE JR. COLLEGE GUNTUR,,,,Andhra Pradesh,11-Higher Secondary only/Jr. College,38-Pvt.Unaided,11 To 12,3-Co-educational,2-Urban,NA,,Guntur (M Corp.) - Ward No.33,Guntur-Municipal Corporations,LAKSHMIPURAM MAIN ROAD GUNTUR,522006,nrias06072[at]gmail[dot]com,https://kys.udiseplus.gov.in/#/schooldetail/4719151/12,4719151,20/12/2025 12:28,2268
******91492 Permanently Closed,,NRI JR. COLLEGE 4TH LINE BRINDAVAN GARDEN GUNTUR,,,,Andhra Pradesh,11-Higher Secondary only/Jr. College,38-Pvt.Unaided,11 To 12,3-Co-educational,2-Urban,NA,,Guntur (M Corp.) - Ward No.48,Guntur-Municipal Corporations,NA,522002,,https://kys.udiseplus.gov.in/#/schooldetail/4715926/12,4715926,15/10/2020 12:18,2268
******91491 Operational,,NRI JR. COLLEGE VIDYA NAGAR GUNTUR,,,,Andhra Pradesh,11-Higher Secondary only/Jr. College,38-Pvt.Unaided,11 To 12,3-Co-educational,2-Urban,NA,,Guntur Ward No. 54,Guntur-Municipal Corporations,vidyanagar 4th line guntur,522007,nrigntbie2008[at]gmail[dot]com,https://kys.udiseplus.gov.in/#/schooldetail/4681112/12,4681112,20/12/2025 12:23,2268
******00907 Operational,,NRI JUNIOR COLLEGE,,,,Andhra Pradesh,11-Higher Secondary only/Jr. College,38-Pvt.Unaided,11 To 12,3-Co-educational,2-Urban,NA,,Tenali (M) - Ward No.32,Tenali-Municipality,nelapadu tenali 522201,522202,nanijugalkishore[at]gmail[dot]com,https://kys.udiseplus.gov.in/#/schooldetail/4681611/12,4681611,22/12/2025 15:23,2268
******01270 Operational,,NRI JUNIOR COLLEGE - 06029,,,,Andhra Pradesh,11-Higher Secondary only/Jr. College,38-Pvt.Unaided,11 To 12,3-Co-educational,2-Urban,NA,,Guntur (M Corp.) - Ward No.44,Guntur-Municipal Corporations,"NRI JUNIOR COLLEGE, GUNTUR",522007,nrinp6029[at]gmail[dot]com,https://kys.udiseplus.gov.in/#/schooldetail/4721809/12,4721809,22/12/2025 13:13,2268
******01284 Operational,,NRI JUNIOR COLLEGE - 06077,,,,Andhra Pradesh,11-Higher Secondary only/Jr. College,38-Pvt.Unaided,11 To 12,3-Co-educational,1-Rural,Guntur,China Palakaluru,,,"NRI JUNIOR COLLEGE, PEDAPALAKALUR, GUNTUR",522005,nrirt6077[at]gmail[dot]com,https://kys.udiseplus.gov.in/#/schooldetail/4721725/12,4721725,20/12/2025 12:16,2268
******91444 Operational,,"NRI JUNIOR COLLEGE, GUNTUR",,,,Andhra Pradesh,11-Higher Secondary only/Jr. College,38-Pvt.Unaided,11 To 12,3-Co-educational,2-Urban,NA,,Guntur (M Corp.) - Ward No.45,Guntur-Municipal Corporations,LAKSHMIPURAM MAIN ROAD GUNTUR,522007,pidugurallacs[at]gmail[dot]com,https://kys.udiseplus.gov.in/#/schooldetail/4681093/12,4681093,20/12/2025 15:23,2268
******00644 Operational,,NRI JUNIOR KALASALA TENALI (26130),,,,Andhra Pradesh,11-Higher Secondary only/Jr. College,38-Pvt.Unaided,11 To 12,3-Co-educational,2-Urban,NA,,Tenali (M) - Ward No.37,Tenali-Municipality,"lecturers colony ganganammapeta, tenali",522201,,https://kys.udiseplus.gov.in/#/schooldetail/4721054/12,4721054,22/12/2025 15:09,2268
******91488 Operational,,NRI SAI JR. COLLEGE VIDYA NAGAR GUNTUR,,,,Andhra Pradesh,11-Higher Secondary only/Jr. College,38-Pvt.Unaided,11 To 12,3-Co-educational,2-Urban,NA,,Guntur Ward No. 55,Guntur-Municipal Corporations,VIDYA NAGAR GUNTUR URBAN,522007,nrisai06028[at]gmail[dot]com,https://kys.udiseplus.gov.in/#/schooldetail/4681111/12,4681111,20/12/2025 12:24,2268
******00209 Operational,,NRI SAI JUNIOR COLLEGE,,,,Andhra Pradesh,11-Higher Secondary only/Jr. College,38-Pvt.Unaided,11 To 12,3-Co-educational,2-Urban,NA,,Tenali (M) - Ward No.5,Tenali-Municipality,nazerpeta tenali mandal,522201,nrisaijuniorcollege[at]gmail[dot]com,https://kys.udiseplus.gov.in/#/schooldetail/4720640/12,4720640,22/12/2025 15:10,2268
******91094 Operational,,NRIS INDIAN SPRINGS EM SCHOOL,,,,Andhra Pradesh,6-Pr. Up Pr. and Secondary Only,38-Pvt.Unaided,1 To 10,3-Co-educational,2-Urban,NA,,Tenali (M) - Ward No.37,Tenali-Municipality,lecturers collonyganganammapetatenali,522201,insprincipaltenali[at]gmail[dot]com,https://kys.udiseplus.gov.in/#/schooldetail/4680962/12,4680962,22/12/2025 15:54,2268
******00857 Operational,,NRIS INDIAN SPRINGS ENGLISH MEDIUM SCHOOL CHENCHUPET,,,,Andhra Pradesh,2-Primary with Upper Primary,38-Pvt.Unaided,1 To 7,3-Co-educational,2-Urban,NA,,Tenali (M) - Ward No.28,Tenali-Municipality,chenchuepta tenali mandal,522202,insprincipal.chenchupeta[at]gmail[dot]com,https://kys.udiseplus.gov.in/#/schooldetail/4719828/12,4719828,22/12/2025 15:15,2268
******91487 Operational,,NRI VIDYA JR. COLLEGE JKC COLLEGE ROAD GUNTUR,,,,Andhra Pradesh,11-Higher Secondary only/Jr. College,38-Pvt.Unaided,11 To 12,3-Co-educational,2-Urban,NA,,Guntur Ward No. 56,Guntur-Municipal Corporations,VIJAYAPURI COLONY JKC COLLEGE ROAD GUNTUR,522005,nrividya06027[at]gmail[dot]com,https://kys.udiseplus.gov.in/#/schooldetail/4681110/12,4681110,20/12/2025 12:23,2268
******00107 Closed,Closed,(NSB) PS KOLAKALUR,,,,Andhra Pradesh,1-Primary,35-Pvt.Aided,1 To 5,3-Co-educational,1-Rural,Tenali,Kolakaluru,,,KOLAKALUR KOLAKALUR KOLAKALUR(VILL) TENALI(MANDAL) GUNTUR(DIST),522307,,https://kys.udiseplus.gov.in/#/schooldetail/4681508/12,4681508,02/02/2023 20:55,2268
******91060 Operational,,N.S.SM.HS ITHANAGAR,,,,Andhra Pradesh,7-Upper Pr. and Secondary,34-MUNCIPAL,6 To 10,3-Co-educational,2-Urban,NA,,Tenali (M) - Ward No.1,Tenali-Municipality,1st WARD ITHANAGAR TENALI (M)(VILL) TENALI(MANDAL) GUNTUR(DIST),522201,nssmhschool1[at]gmail[dot]com,https://kys.udiseplus.gov.in/#/schooldetail/4681678/12,4681678,22/12/2025 16:00,2268
******91592 Operational,,OLIVA SCHOOL AMBEDKAR NAGAR GUNTUR,,,,Andhra Pradesh,2-Primary with Upper Primary,38-Pvt.Unaided,1 To 7,3-Co-educational,2-Urban,NA,,Guntur (M Corp.) - Ward No.19,Guntur-Municipal Corporations,Ambedkar Nagar kakani road,522001,evangelistgeorgebabu[at]gmail[dot]com,https://kys.udiseplus.gov.in/#/schooldetail/4681196/12,4681196,20/12/2025 12:25,2268
******91528 Operational,,OLIVE THE SCHOOL A.T.AGRAHARAM GUNTUR,,,,Andhra Pradesh,2-Primary with Upper Primary,38-Pvt.Unaided,1 To 7,3-Co-educational,2-Urban,NA,,Guntur (M Corp.) - Ward No.25,Guntur-Municipal Corporations,16th lane A T Agraharam,522004,olivetheschool[at]gmail[dot]com,https://kys.udiseplus.gov.in/#/schooldetail/4681133/12,4681133,20/12/2025 15:17,2268
******90560 Permanently Closed,,OWTHAM EMS K ST,,,,Andhra Pradesh,6-Pr. Up Pr. and Secondary Only,38-Pvt.Unaided,1 To 10,3-Co-educational,2-Urban,NA,,Mangalagiri (M) - Ward No.29,Mangalagiri-Municipality,NA,522503,,https://kys.udiseplus.gov.in/#/schooldetail/4715776/12,4715776,15/10/2020 12:18,2268
******91560 Operational,,OXFORD EM HS A.T.AGRAHARAMGUNTUR,,,,Andhra Pradesh,6-Pr. Up Pr. and Secondary Only,38-Pvt.Unaided,1 To 10,3-Co-educational,2-Urban,NA,,Guntur (M Corp.) - Ward No.30,Guntur-Municipal Corporations,AT AGRAHARAM 4TH LANE,522004,oxfordiitschool.ata[at]gmail[dot]com,https://kys.udiseplus.gov.in/#/schooldetail/4681162/12,4681162,20/12/2025 15:15,2268
******91297 Operational,,OXFORD EM HS GUNTUR,,,,Andhra Pradesh,7-Upper Pr. and Secondary,38-Pvt.Unaided,6 To 10,3-Co-educational,2-Urban,NA,,Guntur (M Corp.) - Ward No.35,Guntur-Municipal Corporations,1st WARD CHANDRAMOULINAGAR GUNTUR (CORP.)-2(VILL) GUNTUR(MANDAL) GUNTUR(DIST),522006,oxfordiitschool[at]gmail[dot]com,https://kys.udiseplus.gov.in/#/schooldetail/4681018/12,4681018,20/12/2025 14:54,2268
******91584 Operational,,OXFORD EM PS ANNAPURNA NAGAR GORANTLA,,,,Andhra Pradesh,1-Primary,38-Pvt.Unaided,1 To 5,3-Co-educational,2-Urban,NA,,Guntur Ward No. 57,Guntur-Municipal Corporations,Annapurna Nagar6th lineGorantla,522034,oxfordiitschool.gorantla[at]gmail[dot]com,https://kys.udiseplus.gov.in/#/schooldetail/4681188/12,4681188,20/12/2025 12:23,2268
******00839 Permanently Closed,,OXFORD EM S TENALI,,,,Andhra Pradesh,2-Primary with Upper Primary,61-Unrecognised Schools,1 To 7,3-Co-educational,2-Urban,NA,,Tenali (M) - Ward No.3,Tenali-Municipality,NA,522201,,https://kys.udiseplus.gov.in/#/schooldetail/4715983/12,4715983,15/10/2020 12:18,2268
******00010 Operational,,OXFORD EM UPPER PRIMARY SCHOOL,,,,Andhra Pradesh,6-Pr. Up Pr. and Secondary Only,39-Pvt.Unaided (CBSE Syllabus),1 To 10,3-Co-educational,2-Urban,NA,,Guntur (M Corp.) - Ward No.17,Guntur-Municipal Corporations,"jonnalagadda , guntur east",522034,oxfordcbse.guntur[at]gmail[dot]com,https://kys.udiseplus.gov.in/#/schooldetail/4720586/12,4720586,20/12/2025 12:26,2268
******00341 Operational,,OXFORD ENGLISH MEDIUM SCHOOL 4TH LINE SVN COLONY GUNTUR,,,,Andhra Pradesh,6-Pr. Up Pr. and Secondary Only,38-Pvt.Unaided,1 To 10,3-Co-educational,2-Urban,NA,,Guntur (M Corp.) - Ward No.34,Guntur-Municipal Corporations,36th Ward 4th Line SVN Colony Guntur,522006,oxfordiitschool.svn[at]gmail[dot]com,https://kys.udiseplus.gov.in/#/schooldetail/4680703/12,4680703,20/12/2025 12:40,2268
******01852 Operational,,"OXFORD ENGLISH MEDIUM SCHOOL, OPP SAMATHA HOSPITAL,",,,,Andhra Pradesh,2-Primary with Upper Primary,38-Pvt.Unaided,1 To 7,3-Co-educational,2-Urban,NA,,Mangalagiri (M) - Ward No.28,Mangalagiri-Municipality,"OPP SAMATHA HOSPITAL,",522503,,,,20/12/2025 13:53,2268
******91099 Operational,,OXFORD HIGH SCHOOL EM ET COLONY,,,,Andhra Pradesh,6-Pr. Up Pr. and Secondary Only,38-Pvt.Unaided,1 To 10,3-Co-educational,2-Urban,NA,,Tenali (M) - Ward No.10,Tenali-Municipality,4-22-14 ET Colony Tenali,522201,thomasreddysalibindla[at]gmail[dot]com,https://kys.udiseplus.gov.in/#/schooldetail/4681705/12,4681705,22/12/2025 15:53,2268
******91355 Operational,,OXFORD HIGH SCHOOL GUNTURVARITHOTA GUNTUR,,,,Andhra Pradesh,7-Upper Pr. and Secondary,38-Pvt.Unaided,6 To 10,3-Co-educational,2-Urban,NA,,Guntur (M Corp.) - Ward No.20,Guntur-Municipal Corporations,GUNTURU VARI THOTA GUNTUR GUNTUR (CORP.)-3(VILL) GUNTUR(MANDAL) GUNTUR(DIST),522002,kumarprerm[at]gmail[dot]com,https://kys.udiseplus.gov.in/#/schooldetail/4681058/12,4681058,20/12/2025 13:05,2268
******91540 Operational,,"OXFORD HIGH SCHOOL NEHRU NAGAR, GUNTUR",,,,Andhra Pradesh,6-Pr. Up Pr. and Secondary Only,38-Pvt.Unaided,1 To 10,3-Co-educational,2-Urban,NA,,Guntur (M Corp.) - Ward No.19,Guntur-Municipal Corporations,7th lane Nehru Nagar,522001,srinivasareddyd039[at]gmail[dot]com,https://kys.udiseplus.gov.in/#/schooldetail/4681147/12,4681147,20/12/2025 12:35,2268
******01419 Operational,,"OXFORD JUNIOR COLLEGE, SYAMALA NAGAR, GUNTUR",,,,Andhra Pradesh,11-Higher Secondary only/Jr. College,38-Pvt.Unaided,11 To 12,3-Co-educational,2-Urban,Guntur,,Guntur (M Corp.) - Ward No.32,Guntur-Municipal Corporations,"OXFORD JUNIOR COLLEGE, SYAMALA NAGAR, GUNTUR",522006,ravikumargroshan[at]gmail[dot]com,https://kys.udiseplus.gov.in/#/schooldetail/4721884/12,4721884,20/12/2025 12:16,2268
******00346 Operational,,OXFORD PS B.R.GARDEN,,,,Andhra Pradesh,1-Primary,38-Pvt.Unaided,1 To 5,3-Co-educational,2-Urban,NA,,Guntur (M Corp.) - Ward No.35,Guntur-Municipal Corporations,"BRUNDAVAN GARDENS, lakshmipuram guntur",522007,oxfordiitschool[at]gmail[dot]com,https://kys.udiseplus.gov.in/#/schooldetail/4680708/12,4680708,20/12/2025 12:46,2268
******91583 Operational,,OXFORD PS EM SCHOOL AMARAVATHI ROAD GORANTLA,,,,Andhra Pradesh,7-Upper Pr. and Secondary,38-Pvt.Unaided,6 To 10,3-Co-educational,2-Urban,NA,,Guntur Ward No. 57,Guntur-Municipal Corporations,Annapurna nagar 5th lineGorantla,522034,oxfordiitschool.gorantla[at]gmail[dot]com,https://kys.udiseplus.gov.in/#/schooldetail/4681187/12,4681187,20/12/2025 12:29,2268
******00350 Operational,,OXFORD PUBLIC SCHOOL POST OFFICE RAOD KOTHAPET,,,,Andhra Pradesh,1-Primary,38-Pvt.Unaided,1 To 5,3-Co-educational,2-Urban,NA,,Guntur (M Corp.) - Ward No.15,Guntur-Municipal Corporations,Gunturivarit Thota Guntur,522001,skmastanvali006[at]gmail[dot]com,https://kys.udiseplus.gov.in/#/schooldetail/4680718/12,4680718,20/12/2025 11:40,2268
******01799 Operational,,OXFORD SCHOOL ANNAPURNA THEATRE ROAD,,,,Andhra Pradesh,6-Pr. Up Pr. and Secondary Only,38-Pvt.Unaided,1 To 10,3-Co-educational,2-Urban,NA,,Mangalagiri (M) - Ward No.17,Mangalagiri-Municipality,ANNAPURNA THEATRE ROAD MANGALAGIRI,522503,,,,20/12/2025 13:53,2268
******00526 Permanently Closed,,Pardhasaradhi Public School,,,,Andhra Pradesh,2-Primary with Upper Primary,61-Unrecognised Schools,1 To 6,3-Co-educational,2-Urban,NA,,Mangalagiri (M) - Ward No.22,Mangalagiri-Municipality,NA,522302,,https://kys.udiseplus.gov.in/#/schooldetail/4715773/12,4715773,15/10/2020 12:18,2268
******00921 Closed,Closed,PARDHASARADHI PUBLIC SCHOOL,,,,Andhra Pradesh,2-Primary with Upper Primary,38-Pvt.Unaided,1 To 7,3-Co-educational,2-Urban,NA,,Mangalagiri (M) - Ward No.8,Mangalagiri-Municipality,PEDAVADLAPUDI MANGALAGIRI,522302,nageswararaoballipalli94[at]gmail[dot]com,https://kys.udiseplus.gov.in/#/schooldetail/4679615/12,4679615,25/07/2024 13:26,2268
******91282 Permanently Closed,,PATTABHIPURAM AIDED H.S.,,,,Andhra Pradesh,7-Upper Pr. and Secondary,35-Pvt.Aided,6 To 10,3-Co-educational,2-Urban,NA,,Guntur (M Corp.) - Ward No.25,Guntur-Municipal Corporations,NA,522006,,https://kys.udiseplus.gov.in/#/schooldetail/4681004/12,4681004,15/10/2020 12:18,2268
******00364 Operational,,PATTABHIPURAM HIGH SCHOOL,,,,Andhra Pradesh,6-Pr. Up Pr. and Secondary Only,38-Pvt.Unaided,1 To 10,3-Co-educational,2-Urban,NA,,Guntur (M Corp.) - Ward No.31,Guntur-Municipal Corporations,Pattabhipuram Guntur corporation 2,522006,pattabhipurampublicschool[at]gmail[dot]com,https://kys.udiseplus.gov.in/#/schooldetail/4679961/12,4679961,20/12/2025 12:49,2268
******91514 Operational,,PAUL J SUMANTH ACADEMY MANGALADAS PAUL J SUMANTH ACADEMY MANGADAS NAGAR,,,,Andhra Pradesh,2-Primary with Upper Primary,38-Pvt.Unaided,1 To 7,3-Co-educational,2-Urban,NA,,Guntur (M Corp.) - Ward No.36,Guntur-Municipal Corporations,MANGALDAS NAGAR 1ST LINE GUNTUR,522001,priscilla.pjsa[at]gmail[dot]com,https://kys.udiseplus.gov.in/#/schooldetail/4681122/12,4681122,20/12/2025 12:42,2268
******91563 Permanently Closed,,PAUL J SUMANTH ACADEMYMANGALDAS NAGARGUNTUR,,,,Andhra Pradesh,2-Primary with Upper Primary,38-Pvt.Unaided,1 To 7,3-Co-educational,2-Urban,NA,,Guntur (M Corp.) - Ward No.20,Guntur-Municipal Corporations,NA,522001,,https://kys.udiseplus.gov.in/#/schooldetail/4715935/12,4715935,15/10/2020 12:18,2268
******00391 Operational,,PEARLS POWER SCHOOL OLD GUNTUR,,,,Andhra Pradesh,2-Primary with Upper Primary,38-Pvt.Unaided,1 To 7,3-Co-educational,2-Urban,NA,,Guntur (M Corp.) - Ward No.5,Guntur-Municipal Corporations,PEARLS POWER SCHOOL OLD GUNTUR,522001,pearlspowerkids[at]gmail[dot]com,https://kys.udiseplus.gov.in/#/schooldetail/4680734/12,4680734,20/12/2025 11:46,2268
******91526 Operational,,PEARLS PUBLIC SCHOOL OLD GUNTUR GUNTUR,,,,Andhra Pradesh,6-Pr. Up Pr. and Secondary Only,38-Pvt.Unaided,1 To 10,3-Co-educational,2-Urban,NA,,Guntur (M Corp.) - Ward No.5,Guntur-Municipal Corporations,YADAVA BAJAR OLD GUNTUR,522001,pearlspublicschool[at]gmail[dot]com,https://kys.udiseplus.gov.in/#/schooldetail/4681132/12,4681132,20/12/2025 12:43,2268
******01155 Operational,,PHOENIX GLOBAL SCHOOL,,,,Andhra Pradesh,6-Pr. Up Pr. and Secondary Only,38-Pvt.Unaided,1 To 10,3-Co-educational,1-Rural,Phirangipuram,Aminabada,,,"6-131/1, deenas knowledge center, ameenabad",522529,,https://kys.udiseplus.gov.in/#/schooldetail/4721586/12,4721586,07/07/2025 10:59,2268
******91267 Operational,,PMCHS R NAGAR,,,,Andhra Pradesh,7-Upper Pr. and Secondary,34-MUNCIPAL,6 To 10,3-Co-educational,2-Urban,NA,,Guntur (M Corp.) - Ward No.31,Guntur-Municipal Corporations,02nd WARD RAVINDRA NAGAR GUNTUR (CORP.)-2(VILL) GUNTUR(MANDAL) GUNTUR(DIST),522006,pmchs.gnt[at]gmail[dot]com,https://kys.udiseplus.gov.in/#/schooldetail/4680986/12,4680986,20/12/2025 12:21,2268
******00325 Operational,,PRAGATHI BALA VIDYA,,,,Andhra Pradesh,6-Pr. Up Pr. and Secondary Only,38-Pvt.Unaided,1 To 10,3-Co-educational,2-Urban,NA,,Tadepalli Ward No .1,Tadepalli-Municipality,SUNDARAIAH NAGAR TADEPALLI THADEPALLE GUNTUR 522501,522501,pbv.sn.25[at]gmail[dot]com,https://kys.udiseplus.gov.in/#/schooldetail/4679498/12,4679498,25/09/2024 13:21,2268
******91408 Operational,,PRAGNA CONVENT NPALEM,,,,Andhra Pradesh,6-Pr. Up Pr. and Secondary Only,38-Pvt.Unaided,1 To 10,3-Co-educational,2-Urban,NA,,Guntur (M Corp.) - Ward No.21,Guntur-Municipal Corporations,GUNTUR GUNTUR GUNTUR (CORP ) 4(VILL) GUNTUR(MANDAL) GUNTUR(DIST),522004,pragnasmartschool[at]gmail[dot]com,https://kys.udiseplus.gov.in/#/schooldetail/4681072/12,4681072,20/12/2025 12:41,2268
******00318 Operational,,PRASANNA GAYATHRI SCHOOL BALAJI NAGAR OLD GUNTUR,,,,Andhra Pradesh,2-Primary with Upper Primary,38-Pvt.Unaided,1 To 7,3-Co-educational,2-Urban,NA,,Guntur (M Corp.) - Ward No.5,Guntur-Municipal Corporations,10TH LINE EXTENTION BALAJI NAGAR,522001,jagathapus[at]gmail[dot]com,https://kys.udiseplus.gov.in/#/schooldetail/4680684/12,4680684,20/12/2025 11:37,2268
******01481 Operational,,PRASANNA VOCATIONAL JUNIOR COLLEGE,,,,Andhra Pradesh,11-Higher Secondary only/Jr. College,38-Pvt.Unaided,11 To 12,3-Co-educational,1-Rural,Tenali,Pedaravuru,,,TENALI VILLAGE AND MANDAL GUNTUR DISTRICT,522201,,https://kys.udiseplus.gov.in/#/schooldetail/4721937/12,4721937,22/12/2025 15:07,2268
******00893 Operational,,PRASANTHI VIDYA VIHAR,,,,Andhra Pradesh,2-Primary with Upper Primary,38-Pvt.Unaided,1 To 7,3-Co-educational,2-Urban,NA,,Tenali (M) - Ward No.21,Tenali-Municipality,tenali MANDAL 522202,522202,raja.englishmba[at]gmail[dot]com,https://kys.udiseplus.gov.in/#/schooldetail/4680864/12,4680864,22/12/2025 15:22,2268
******00922 Operational,,PRESIDENCY HS OLD MRO ST,,,,Andhra Pradesh,7-Upper Pr. and Secondary,38-Pvt.Unaided,6 To 10,3-Co-educational,1-Rural,Chebrole,Chebrolu,,,"Devabakthuni vaari veedi , PRESIDENCY HIGH SCHOOL CHEBROLU",522212,presidencyhighschool1[at]gmail[dot]com,https://kys.udiseplus.gov.in/#/schooldetail/4681086/12,4681086,27/09/2024 13:54,2268
******00910 Operational,,PRESIDENCY PS OLD MRO ST,,,,Andhra Pradesh,1-Primary,38-Pvt.Unaided,1 To 5,3-Co-educational,1-Rural,Chebrole,Chebrolu,,,Devabakthuni vaari veedi Presidency high schoo chebrolu,522212,presidencylower[at]gmail[dot]com,https://kys.udiseplus.gov.in/#/schooldetail/4681815/12,4681815,27/09/2024 13:55,2268
******00806 Operational,,PRIDHVIRAJ HIGH SCHOOL ETUKURU,,,,Andhra Pradesh,6-Pr. Up Pr. and Secondary Only,38-Pvt.Unaided,1 To 10,3-Co-educational,2-Urban,NA,,Guntur Ward No. 60,Guntur-Municipal Corporations,ETUKURU ETUKURU ETUKURU(VILL) GUNTUR(MANDAL) GUNTUR(DIST),522017,mark2tanniru[at]gmail[dot]com,https://kys.udiseplus.gov.in/#/schooldetail/4680037/12,4680037,20/12/2025 12:08,2268
******00721 Operational,,PRODIGY VIDYALAY,,,,Andhra Pradesh,6-Pr. Up Pr. and Secondary Only,39-Pvt.Unaided (CBSE Syllabus),1 To 10,3-Co-educational,2-Urban,NA,,Guntur Ward No. 62,Guntur-Municipal Corporations,181/3 Ponnur Road BUDAMPADU VILLAGE GUNTUR DT,522017,info[at]prodigyvidyalay[dot]com,https://kys.udiseplus.gov.in/#/schooldetail/4680031/12,4680031,20/12/2025 12:07,2268
******00232 Operational,,PROF MV KOTESWARARAO MEMORIAL UP SCHOOL ADAVITAKKELLAPADU,,,,Andhra Pradesh,2-Primary with Upper Primary,38-Pvt.Unaided,1 To 8,3-Co-educational,2-Urban,NA,,Guntur Ward No. 57,Guntur-Municipal Corporations,ADAVITAKKELLAPADU NEAR RTO OFFICE GUNTUR,522034,mvskoteswrarao[at]gmail[dot]com,https://kys.udiseplus.gov.in/#/schooldetail/4720402/12,4720402,20/12/2025 12:41,2268
******01105 Closed,Closed,PURIM PLAY SCHOOL,,,,Andhra Pradesh,2-Primary with Upper Primary,38-Pvt.Unaided,1 To 7,3-Co-educational,1-Rural,Tenali,Pedaravuru,,,telaporlu telnali 522202,522202,asognt[at]gmail[dot]com,https://kys.udiseplus.gov.in/#/schooldetail/4681619/12,4681619,10/05/2022 20:40,2268
******01314 Operational,,"RADIANT UP SCHOOL, CHOWDAVARAM, GUNTUR",,,,Andhra Pradesh,2-Primary with Upper Primary,38-Pvt.Unaided,1 To 7,3-Co-educational,2-Urban,NA,,Guntur Ward No. 59,Guntur-Municipal Corporations,"59 ward Chowdavaram , Guntur",522019,radiantenglishmediomumschool2020[at]gmail[dot]com,https://kys.udiseplus.gov.in/#/schooldetail/4680845/12,4680845,20/12/2025 12:26,2268
******00207 Permanently Closed,,RAGHAVENDRA V AV PADU,,,,Andhra Pradesh,1-Primary,61-Unrecognised Schools,1 To 5,3-Co-educational,1-Rural,Vatticherukuru,Ananthavarappadu,,,NA,522212,,https://kys.udiseplus.gov.in/#/schooldetail/4716018/12,4716018,15/10/2020 12:18,2268
******00326 Operational,,RAINBOW EM SCHOOL,,,,Andhra Pradesh,2-Primary with Upper Primary,38-Pvt.Unaided,1 To 7,3-Co-educational,2-Urban,NA,,Mangalagiri (M) - Ward No.32,Mangalagiri-Municipality,NEAR KAVALI VARI BAZAARNEAR WATER TANK INDUSTRIAL ROAD YERRABALEM,522503,nadempalli.nagaraju[at]gmail[dot]com,https://kys.udiseplus.gov.in/#/schooldetail/4719092/12,4719092,20/12/2025 13:13,2268
******00708 Permanently Closed,,RAINBOW EM UP SCHOOL,,,,Andhra Pradesh,2-Primary with Upper Primary,38-Pvt.Unaided,1 To 7,3-Co-educational,1-Rural,Prathipadu,Gottipadu,,,NA,522019,,https://kys.udiseplus.gov.in/#/schooldetail/4681913/12,4681913,15/10/2020 12:18,2268
******00366 Operational,,RAINBOW UP SCHOOL DASARIPALEM CHOWDAVARAM VILLAGE,,,,Andhra Pradesh,2-Primary with Upper Primary,38-Pvt.Unaided,1 To 7,3-Co-educational,2-Urban,NA,,Guntur Ward No. 59,Guntur-Municipal Corporations,DASARIPALEM CHOWDAVARAM,522019,Kbullemmakbullema[at]gmail[dot]com,https://kys.udiseplus.gov.in/#/schooldetail/4719118/12,4719118,20/12/2025 12:50,2268
******01017 Operational,,RAINBOW VIDYALAYAM,,,,Andhra Pradesh,2-Primary with Upper Primary,38-Pvt.Unaided,1 To 7,3-Co-educational,2-Urban,NA,,Guntur Ward No. 55,Guntur-Municipal Corporations,CHALLAVARIPALEM GUNTUR RURAL MANDAL,522005,kallamramanakumari[at]gmail[dot]com,https://kys.udiseplus.gov.in/#/schooldetail/4719147/12,4719147,20/12/2025 13:06,2268
******91129 Operational,,RAINBOW VIDYANIKETHAN EM SCHOOL,,,,Andhra Pradesh,6-Pr. Up Pr. and Secondary Only,38-Pvt.Unaided,1 To 10,3-Co-educational,2-Urban,NA,,Tenali (M) - Ward No.26,Tenali-Municipality,"BALAJIRAO PET, Near Railway Station, Tenali.",522202,rainbowvidyaniketan[at]gmail[dot]com,https://kys.udiseplus.gov.in/#/schooldetail/4680989/12,4680989,22/12/2025 15:10,2268
******00641 Operational,,RAJADHANI JUNIOR COLLEGE GUNTUR (06064),,,,Andhra Pradesh,11-Higher Secondary only/Jr. College,38-Pvt.Unaided,11 To 12,3-Co-educational,2-Urban,NA,,Guntur (M Corp.) - Ward No.32,Guntur-Municipal Corporations,ring road brundavan gardens guntur,522006,npcr.prince[at]gmail[dot]com,https://kys.udiseplus.gov.in/#/schooldetail/4721051/12,4721051,20/12/2025 15:08,2268
******91289 Operational,,RAJASTHAN H.E. VIDYALA,,,,Andhra Pradesh,6-Pr. Up Pr. and Secondary Only,38-Pvt.Unaided,1 To 10,3-Co-educational,2-Urban,NA,,Guntur (M Corp.) - Ward No.20,Guntur-Municipal Corporations,20th WARD IG NAGAR GUNTUR (CORP.)-2(VILL) GUNTUR(MANDAL) GUNTUR(DIST),522003,rhevgnt[at]gmail[dot]com,https://kys.udiseplus.gov.in/#/schooldetail/4681011/12,4681011,20/12/2025 13:09,2268
******90393 Operational,,RAJASTHAN HN NALLACHERUVU,,,,Andhra Pradesh,1-Primary,38-Pvt.Unaided,1 To 5,3-Co-educational,2-Urban,NA,,Guntur (M Corp.) - Ward No.18,Guntur-Municipal Corporations,20th WARD IG NAGAR GUNTUR (CORP.)(VILL) GUNTUR(MANDAL) GUNTUR(DIST),522003,Srimahaveer458[at]gmail[dot]com,https://kys.udiseplus.gov.in/#/schooldetail/4680923/12,4680923,20/12/2025 12:48,2268
******00342 Closed,Closed,RAMAKRISHNA MISSION(EM(,,,,Andhra Pradesh,1-Primary,38-Pvt.Unaided,1 To 5,3-Co-educational,2-Urban,NA,,Tadepalli Ward No.20,Tadepalli-Municipality,TADEPALLI TADEPALLI TADEPALLI(VILL) THADEPALLE(MANDAL) GUNTUR(DIST),522501,rkmvschool[at]gmail[dot]com,https://kys.udiseplus.gov.in/#/schooldetail/4679505/12,4679505,04/09/2025 19:57,2268
******00321 Closed,Closed,RAMAKRISHNA MISSION .HIGH,,,,Andhra Pradesh,7-Upper Pr. and Secondary,35-Pvt.Aided,6 To 10,3-Co-educational,2-Urban,NA,,Tadepalli Ward No.20,Tadepalli-Municipality,SITANAGARAM TADEPALLI TADEPALLI(VILL) THADEPALLE(MANDAL) GUNTUR(DIST),522501,rkmvschool[at]gmail[dot]com,https://kys.udiseplus.gov.in/#/schooldetail/4679495/12,4679495,29/07/2024 18:21,2268
******00688 Operational,,RAMA KRISHNA SAHAKARA JR.KALASALAGUJJANAGUNDLA GUNTUR,,,,Andhra Pradesh,11-Higher Secondary only/Jr. College,38-Pvt.Unaided,11 To 12,3-Co-educational,2-Urban,NA,,Guntur (M Corp.) - Ward No.16,Guntur-Municipal Corporations,1-2-24/1snv colony guntur,522006,rks06046[at]gmail[dot]com,https://kys.udiseplus.gov.in/#/schooldetail/4680774/12,4680774,20/12/2025 12:27,2268
******91595 Operational,,RAMAKRISHNA SARADA VIDYALAYA ZP COMPOUND NAGARMPALEM,,,,Andhra Pradesh,1-Primary,38-Pvt.Unaided,1 To 5,2-Girls,2-Urban,NA,,Guntur (M Corp.) - Ward No.24,Guntur-Municipal Corporations,ZP COMPOUND NAGARAMPALEM GUNTUR - 522004,522004,rksvidyalaya[at]gmail[dot]com,https://kys.udiseplus.gov.in/#/schooldetail/4681199/12,4681199,20/12/2025 12:23,2268
******00813 Operational,,RATNAM SCHOOL MEDIKONDURU,,,,Andhra Pradesh,6-Pr. Up Pr. and Secondary Only,38-Pvt.Unaided,1 To 10,3-Co-educational,1-Rural,Medikonduru,Medikonduru,,,MEDIKONDUR MEDIKONDUR MEDIKONDURU(VILL) MEDIKONDURU(MANDAL) GUNTUR(DIST),522438,ratnamhighschool2015[at]gmail[dot]com,https://kys.udiseplus.gov.in/#/schooldetail/4679858/12,4679858,23/12/2025 11:25,2268
******00835 Operational,,RATNASRI HS TENALI,,,,Andhra Pradesh,6-Pr. Up Pr. and Secondary Only,38-Pvt.Unaided,1 To 10,3-Co-educational,2-Urban,NA,,Tenali (M) - Ward No.27,Tenali-Municipality,TENALI TENALI TOWN TENALI(U)(VILL) TENALI(MANDAL) GUNTUR(DIST),522202,drirshadshaik[at]gmail[dot]com,https://kys.udiseplus.gov.in/#/schooldetail/4680828/12,4680828,22/12/2025 15:00,2268
******91239 Operational,,RAUPS V V THOTA,,,,Andhra Pradesh,2-Primary with Upper Primary,35-Pvt.Aided,1 To 7,3-Co-educational,2-Urban,NA,,Guntur (M Corp.) - Ward No.45,Guntur-Municipal Corporations,45 WARD VALLURI VARI THOTA GUNTUR (CORP.)-2(VILL) GUNTUR(MANDAL) GUNTUR(DIST),522002,tslatha527[at]gmail[dot]com,https://kys.udiseplus.gov.in/#/schooldetail/4680953/12,4680953,20/12/2025 14:46,2268
******00326 Operational,,RAVENDRABHARATHI,,,,Andhra Pradesh,6-Pr. Up Pr. and Secondary Only,38-Pvt.Unaided,1 To 10,3-Co-educational,2-Urban,NA,,Tadepalli Ward No.15,Tadepalli-Municipality,MAIN ROAD PRAKASH NAGAR TADEPALLI TADEPALLI(VILL) THADEPALLE(MANDAL) GUNTUR(DIST),522501,qhamerhussain[at]gmail[dot]com,https://kys.udiseplus.gov.in/#/schooldetail/4679499/12,4679499,08/10/2024 12:07,2268
******00905 Operational,,RAVI EM SCHOOL,,,,Andhra Pradesh,2-Primary with Upper Primary,38-Pvt.Unaided,1 To 7,3-Co-educational,2-Urban,NA,,Tadepalli Ward No.23,Tadepalli-Municipality,"CHARRAVURU,TADEPALLI MANDAL",522501,heawen.ias14319[at]gmail[dot]com,https://kys.udiseplus.gov.in/#/schooldetail/4719091/12,4719091,08/10/2024 11:12,2268
******00214 Operational,,RAVI ENGLISH MEDIUM SCHOOL,,,,Andhra Pradesh,2-Primary with Upper Primary,38-Pvt.Unaided,1 To 7,3-Co-educational,1-Rural,Prathipadu,Enamadala,,,enamadala prathipadu guntur 522019,522019,,https://kys.udiseplus.gov.in/#/schooldetail/4681884/12,4681884,23/12/2025 14:36,2268
******00926 Operational,,RAVIKANTH EM SCHOOL,,,,Andhra Pradesh,2-Primary with Upper Primary,38-Pvt.Unaided,1 To 7,3-Co-educational,2-Urban,NA,,Guntur (M Corp.) - Ward No.16,Guntur-Municipal Corporations,nehrunagar buchaiah thota 2nd lane,522001,rkpublicschool1997[at]gmail[dot]com,https://kys.udiseplus.gov.in/#/schooldetail/4680789/12,4680789,20/12/2025 12:08,2268
******91598 Operational,,RAVIKANTH PUBLIC SCHOOL SANJEEVAIH NAGAR TH LINE,,,,Andhra Pradesh,2-Primary with Upper Primary,38-Pvt.Unaided,1 To 7,3-Co-educational,2-Urban,NA,,Guntur (M Corp.) - Ward No.47,Guntur-Municipal Corporations,siva nagaraju colany main road guntur,522002,rkpublicschool1997[at]gmail[dot]com,https://kys.udiseplus.gov.in/#/schooldetail/4681202/12,4681202,20/12/2025 12:25,2268
******00305 Operational,,RAVINDRA BHARATHI AMARAVATHI ROAD,,,,Andhra Pradesh,6-Pr. Up Pr. and Secondary Only,38-Pvt.Unaided,1 To 10,3-Co-educational,2-Urban,NA,,Guntur (M Corp.) - Ward No.42,Guntur-Municipal Corporations,KORITEPADU main road GUNTUR,522002,vijethagnt[at]gmail[dot]com,https://kys.udiseplus.gov.in/#/schooldetail/4680672/12,4680672,20/12/2025 12:44,2268
******90558 Operational,,RAVINDRA BHARATHI (EM) HIGH SCHOOL,,,,Andhra Pradesh,6-Pr. Up Pr. and Secondary Only,38-Pvt.Unaided,1 To 10,3-Co-educational,2-Urban,NA,,Mangalagiri (M) - Ward No.20,Mangalagiri-Municipality,NEAR 20TH WARD MGL MANGALAGIRI MANGALAGIRI (M)(VILL) MANGALAGIRI(MANDAL) GUNTUR(DIST),522503,rbps.mgl[at]gmail[dot]com,https://kys.udiseplus.gov.in/#/schooldetail/4679648/12,4679648,20/12/2025 13:55,2268
******00219 Closed,Closed,RAVINDRA BHARATHI EM HIGH SCHOOL,,,,Andhra Pradesh,7-Upper Pr. and Secondary,38-Pvt.Unaided,6 To 10,3-Co-educational,2-Urban,NA,,Guntur (M Corp.) - Ward No.34,Guntur-Municipal Corporations,SVN COLONY GUNTUR,522006,rbps.gnt[at]gmail[dot]com,https://kys.udiseplus.gov.in/#/schooldetail/4719117/12,4719117,24/07/2024 10:23,2268
******00218 Closed,Closed,RAVINDRA BHARATHI EM HIGH SCHOOL,,,,Andhra Pradesh,1-Primary,38-Pvt.Unaided,1 To 5,3-Co-educational,2-Urban,NA,,Guntur (M Corp.) - Ward No.34,Guntur-Municipal Corporations,SVN COLONY 2ND LANE,522006,rbps.gnt[at]gmail[dot]com,https://kys.udiseplus.gov.in/#/schooldetail/4719116/12,4719116,02/09/2024 10:06,2268
******00343 Closed,Closed,RAVINDRA BHARATHI EM HIGH SCHOOL B.R.GARDENS GUNTUR,,,,Andhra Pradesh,7-Upper Pr. and Secondary,38-Pvt.Unaided,6 To 10,3-Co-educational,2-Urban,NA,,Guntur (M Corp.) - Ward No.35,Guntur-Municipal Corporations,BRUNDAVAN GARDENS,522007,rbps.gnt[at]gmail[dot]com,https://kys.udiseplus.gov.in/#/schooldetail/4680705/12,4680705,11/05/2022 14:26,2268
******00368 Closed,Closed,RAVINDRA BHARATHI EM PRIMARY SCHOOL B.R.GARDENS GUNTUR,,,,Andhra Pradesh,1-Primary,38-Pvt.Unaided,1 To 5,3-Co-educational,2-Urban,NA,,Guntur (M Corp.) - Ward No.35,Guntur-Municipal Corporations,KORITIPADU GUNTUR,522007,rbps.gnt[at]gmail[dot]com,https://kys.udiseplus.gov.in/#/schooldetail/4679962/12,4679962,11/05/2022 14:26,2268
******00879 Permanently Closed,,RAVINDRA BHARATHI I SCHOOL B P ROAD,,,,Andhra Pradesh,6-Pr. Up Pr. and Secondary Only,38-Pvt.Unaided,1 To 10,3-Co-educational,2-Urban,NA,,Tenali (M) - Ward No.5,Tenali-Municipality,NA,522201,,https://kys.udiseplus.gov.in/#/schooldetail/4681603/12,4681603,15/10/2020 12:18,2268
******91554 Permanently Closed,,RAVINDRA BHARATHI SCHOOL B.R.GARDENS GUNTUR,,,,Andhra Pradesh,6-Pr. Up Pr. and Secondary Only,38-Pvt.Unaided,1 To 10,3-Co-educational,2-Urban,NA,,Guntur (M Corp.) - Ward No.46,Guntur-Municipal Corporations,NA,522003,,https://kys.udiseplus.gov.in/#/schooldetail/4715933/12,4715933,15/10/2020 12:18,2268
******00602 Closed,Closed,RCM AIDED ES YAMARRU,,,,Andhra Pradesh,1-Primary,35-Pvt.Aided,1 To 5,3-Co-educational,1-Rural,Vatticherukuru,Yamarru,,,YAMARRU YAMARRU YAMARRU(VILL) VATTICHERUKURU(MANDAL) GUNTUR(DIST),522017,,https://kys.udiseplus.gov.in/#/schooldetail/4681852/12,4681852,10/05/2022 15:09,2268
******00612 Permanently Closed,,RCM AIDED PS BADEPURAM,,,,Andhra Pradesh,1-Primary,35-Pvt.Aided,1 To 5,3-Co-educational,1-Rural,Tadikonda,Tadikonda,,,NA,522236,,https://kys.udiseplus.gov.in/#/schooldetail/4679679/12,4679679,15/10/2020 12:18,2268
******00105 Closed,Closed,RCM AIDED PS CHILUVURU,,,,Andhra Pradesh,1-Primary,35-Pvt.Aided,1 To 5,3-Co-educational,1-Rural,Duggirala,Chiluvuru,,,CHILUVURU CHILUVURU CHILUVURU(VILL) DUGGIRALA(MANDAL) GUNTUR(DIST),522330,nirmalakanapala67[at]gmail[dot]com,https://kys.udiseplus.gov.in/#/schooldetail/4681270/12,4681270,04/08/2025 12:15,2268
******00903 Operational,,RCM AIDED PS GUNDLAPALEM,,,,Andhra Pradesh,1-Primary,35-Pvt.Aided,1 To 5,3-Co-educational,1-Rural,Medikonduru,Visadala,,,RCM CHURCH CAMPUS GUNDLAPALEM VISADALA(VILL) MEDIKONDURU(MANDAL) GUNTUR(DIST),522438,swarajyaprasadpudota[at]gmail[dot]com,https://kys.udiseplus.gov.in/#/schooldetail/4680627/12,4680627,23/12/2025 11:25,2268
******00901 Operational,,RCMAIDED PS HG,,,,Andhra Pradesh,1-Primary,35-Pvt.Aided,1 To 5,3-Co-educational,1-Rural,Phirangipuram,Havusuganesa,,,HOUSE GANESH HOUSE GANESH HAUSEGANESH(VILL) PHIRANGIPURAM(MANDAL) GUNTUR(DIST),522529,m.dariyahussain[at]gmail[dot]com,https://kys.udiseplus.gov.in/#/schooldetail/4680561/12,4680561,15/10/2020 12:18,2268
******01103 Operational,,RCM AIDED PS LAM,,,,Andhra Pradesh,1-Primary,35-Pvt.Aided,1 To 5,3-Co-educational,1-Rural,Tadikonda,Lam,,,LAM LAM LAM(VILL) TADIKONDA(MANDAL) GUNTUR(DIST),522034,reetanagendra99[at]gmail[dot]com,https://kys.udiseplus.gov.in/#/schooldetail/4679715/12,4679715,22/12/2025 10:59,2268
******90512 Operational,,RCM AIDED PS MANGALAGIRI,,,,Andhra Pradesh,1-Primary,35-Pvt.Aided,1 To 5,3-Co-educational,2-Urban,NA,,Mangalagiri (M) - Ward No.30,Mangalagiri-Municipality,PARK ROAD 26TH WARD MANGALAGIRI (M)(VILL) MANGALAGIRI(MANDAL) GUNTUR(DIST),522503,medabalimianandamary[at]gmail[dot]com,https://kys.udiseplus.gov.in/#/schooldetail/4679634/12,4679634,20/12/2025 13:58,2268
******01205 Closed,Closed,RCM AIDED PS MUTLURU,,,,Andhra Pradesh,1-Primary,35-Pvt.Aided,1 To 5,3-Co-educational,1-Rural,Vatticherukuru,Mutluru,,,"NEAR ST XAVIERS HS MUTLUR, MUTLURU(VILL) VATTICHERUKURU(MANDAL) GUNTUR(DIST)",522212,Rcm1205[at]gmail[dot]com,https://kys.udiseplus.gov.in/#/schooldetail/4681870/12,4681870,15/12/2023 14:19,2268
******00403 Closed,Closed,RCM AIDED PS PDAKONDURU,,,,Andhra Pradesh,1-Primary,35-Pvt.Aided,1 To 5,3-Co-educational,1-Rural,Duggirala,Pedakondur,,,PEDAKONDURU PEDAKONDURU PEDA KONDURU(VILL) DUGGIRALA(MANDAL) GUNTUR(DIST),522305,,https://kys.udiseplus.gov.in/#/schooldetail/4681288/12,4681288,10/05/2022 18:09,2268
******00504 Permanently Closed,,RCM AIDED PS PEDAPARIMI,,,,Andhra Pradesh,1-Primary,35-Pvt.Aided,1 To 5,3-Co-educational,1-Rural,Thullur,Pedaparimi,,,NA,522236,,https://kys.udiseplus.gov.in/#/schooldetail/4679409/12,4679409,15/10/2020 12:18,2268
******00907 Closed,Closed,RCM AIDED PS PV PUDI,,,,Andhra Pradesh,1-Primary,35-Pvt.Aided,1 To 5,3-Co-educational,2-Urban,NA,,Mangalagiri (M) - Ward No.9,Mangalagiri-Municipality,PEDAVADLAPUDI PEDAVADLAPUDI PEDAVADLAPUDI(VILL) MANGALAGIRI(MANDAL) GUNTUR(DIST),522302,,https://kys.udiseplus.gov.in/#/schooldetail/4679607/12,4679607,17/12/2023 18:33,2268
******00302 Closed,Closed,RCM AIDED PS S PURAM,,,,Andhra Pradesh,1-Primary,35-Pvt.Aided,1 To 5,3-Co-educational,1-Rural,Duggirala,Srungarapuram,,,SRUNGARAPURAM SRUNGARAPURAM SRUNGARA PURAM(VILL) DUGGIRALA(MANDAL) GUNTUR(DIST),522305,mvijayarao36[at]gmail[dot]com,https://kys.udiseplus.gov.in/#/schooldetail/4681285/12,4681285,05/02/2026 19:09,2268
******00207 Operational,,RCM AIDED PS TUMMAPUDI,,,,Andhra Pradesh,1-Primary,35-Pvt.Aided,1 To 5,3-Co-educational,1-Rural,Duggirala,Tummapudi,,,THUMMAPUDI THUMMAPUDI THUMMOPUDI(VILL) DUGGIRALA(MANDAL) GUNTUR(DIST),522330,vijayaranitr10[at]gmail[dot]com,https://kys.udiseplus.gov.in/#/schooldetail/4681281/12,4681281,15/10/2020 12:18,2268
******00902 Closed,Closed,RCM AIDED PS VISADALA,,,,Andhra Pradesh,1-Primary,35-Pvt.Aided,1 To 5,3-Co-educational,1-Rural,Medikonduru,Visadala,,,RCM CHURCH COMPOUND VISADALA(VILL) MEDIKONDURU(MANDAL) GUNTUR(DIST)522438,522438,,https://kys.udiseplus.gov.in/#/schooldetail/4680626/12,4680626,22/01/2023 10:56,2268
******91203 Operational,,RCM APS ARUNDALPET,,,,Andhra Pradesh,1-Primary,35-Pvt.Aided,1 To 5,3-Co-educational,2-Urban,NA,,Guntur (M Corp.) - Ward No.44,Guntur-Municipal Corporations,07th WARD (16 LANE) ARUNDELPET GUNTUR (CORP.)-2(VILL) GUNTUR(MANDAL) GUNTUR(DIST),522002,bommareddy.rajyalakshmi[at]gmail[dot]com,https://kys.udiseplus.gov.in/#/schooldetail/4680928/12,4680928,20/12/2025 14:44,2268
******00901 Closed,Closed,RCM. CHIRRAVURU,,,,Andhra Pradesh,1-Primary,35-Pvt.Aided,1 To 5,3-Co-educational,2-Urban,NA,,Tadepalli Ward No.23,Tadepalli-Municipality,CHIRRAVUR CHIRRAVURU CHIRRAVUR(VILL) THADEPALLE(MANDAL) GUNTUR(DIST),522303,,https://kys.udiseplus.gov.in/#/schooldetail/4679533/12,4679533,29/07/2024 18:21,2268
******00104 Operational,,RCM ELE CHINAPALAKALUR,,,,Andhra Pradesh,1-Primary,35-Pvt.Aided,1 To 5,3-Co-educational,1-Rural,Guntur,China Palakaluru,,,CHINAPALAKALURU CHINAPALAKALURU CHINAPALAKALURU(VILL) GUNTUR(MANDAL) GUNTUR(DIST),522009,sikhamarykamala[at]gmail[dot]com,https://kys.udiseplus.gov.in/#/schooldetail/4680659/12,4680659,20/12/2025 10:59,2268
******00803 Closed,Closed,RCM ELE ETUKURU,,,,Andhra Pradesh,1-Primary,35-Pvt.Aided,1 To 5,3-Co-educational,2-Urban,NA,,Guntur Ward No. 60,Guntur-Municipal Corporations,ETUKURU ETUKURU ETUKURU(VILL) GUNTUR(MANDAL) GUNTUR(DIST),522017,Prasadsankuru1[at]gmail[dot]com,https://kys.udiseplus.gov.in/#/schooldetail/4680034/12,4680034,11/05/2022 14:27,2268
******00502 Operational,,RCM ELE GORANTLA,,,,Andhra Pradesh,1-Primary,35-Pvt.Aided,1 To 5,3-Co-educational,2-Urban,NA,,Guntur Ward No. 57,Guntur-Municipal Corporations,GORANTLA GORUNTLA GORANTLA(VILL)GUNTUR(MANDAL) GUNTUR (DIST),522034,gjcf777[at]gmail[dot]com,https://kys.udiseplus.gov.in/#/schooldetail/4680747/12,4680747,20/12/2025 11:49,2268
******01004 Closed,Closed,RCM ELE MANNAVA,,,,Andhra Pradesh,1-Primary,35-Pvt.Aided,1 To 5,3-Co-educational,1-Rural,Ponnur,Mannava,,,RCM ELE SCHOOL MANNAVA VILLAGE PONNUR MANDAL GUNTUR DT-522316,522316,jasinthap157[at]gmail[dot]com,https://kys.udiseplus.gov.in/#/schooldetail/4682904/12,4682904,27/01/2023 19:25,2268
******00207 Operational,,RCM ELE TOKAVARIPALEM,,,,Andhra Pradesh,1-Primary,35-Pvt.Aided,1 To 5,3-Co-educational,1-Rural,Guntur,Ankireddipalem (R),,,THOKAVARI PALEM THOKAVARI PALEM PEDA PALAKALURU(VILL) GUNTUR(MANDAL) GUNTUR(DIST),522005,Peter.kakumanu[at]gmail[dot]com,https://kys.udiseplus.gov.in/#/schooldetail/4680660/12,4680660,20/12/2025 12:14,2268
******01108 Operational,,RCM ELE VENGALAYAPALEM,,,,Andhra Pradesh,1-Primary,35-Pvt.Aided,1 To 5,3-Co-educational,1-Rural,Guntur,Nallapadu (R),,,VENGALAYAPALLI VENGALAYAPALLI ANKIREDDIPALEM(VILL) GUNTUR(MANDAL) GUNTUR(DIST),522005,pasalabalaswamy6[at]gmail[dot]com,https://kys.udiseplus.gov.in/#/schooldetail/4680816/12,4680816,20/12/2025 13:07,2268
******01001 Closed,Closed,RCM ES ABBARAJUPALEM,,,,Andhra Pradesh,1-Primary,35-Pvt.Aided,1 To 5,3-Co-educational,1-Rural,Thullur,Abbarajupalem,,,ABBARAJUPALEM ABBARAJUPALEM ABBARAJUPALEM(VILL) THULLUR(MANDAL) GUNTUR(DIST),522237,balaprasadnuthalapati[at]gmail[dot]com,https://kys.udiseplus.gov.in/#/schooldetail/4679428/12,4679428,17/12/2023 18:33,2268
******00304 Closed,Closed,RCM ES ABGUNTAPALEM,,,,Andhra Pradesh,1-Primary,35-Pvt.Aided,1 To 5,3-Co-educational,1-Rural,Pedanandipadu,Gorijavoluguntapalem,,,ABBINENI GUNTAPALEM ABBINENI GUNTAPALEM GORIJAVOLUGUNTAPALEM(VILL) PEDANANDIPADU(MANDAL) GUNTUR(DIST),522015,-stignatius[at]gmail[dot]com,https://kys.udiseplus.gov.in/#/schooldetail/4682790/12,4682790,15/10/2020 12:18,2268
******00606 Closed,Closed,RCMES BALAYESUNAGAR,,,,Andhra Pradesh,1-Primary,35-Pvt.Aided,1 To 5,3-Co-educational,1-Rural,Pedakakani,Takkellapadu,,,BALAYESUNAGAR PEDAKAKANI THAKKELLAPADU (R)(VILL) PEDAKAKANI(MANDAL) GUNTUR(DIST),522509,gp7207065399[at]gmail[dot]com,https://kys.udiseplus.gov.in/#/schooldetail/4681253/12,4681253,14/08/2025 10:33,2268
******00902 Closed,Closed,RCMES BORUPALEM,,,,Andhra Pradesh,1-Primary,35-Pvt.Aided,1 To 5,3-Co-educational,1-Rural,Thullur,Borupalem,,,BORUPALEM BORUPALEM BORUPALEM(VILL) THULLUR(MANDAL) GUNTUR(DIST),522237,bandiratnakumari[at]gmail[dot]com,https://kys.udiseplus.gov.in/#/schooldetail/4679427/12,4679427,09/05/2022 16:56,2268
******00709 Operational,,RCMES (C) PHIRANGIPURAM,,,,Andhra Pradesh,1-Primary,35-Pvt.Aided,1 To 5,3-Co-educational,1-Rural,Phirangipuram,Phirangipuram,,,CHURCHCOMPOUND PHIRANGIPURAM PHIRANGIPURAM (PT)(VILL) PHIRANGIPURAM(MANDAL) GUNTUR(DIST),522529,sikharanimma[at]gmail[dot]com,https://kys.udiseplus.gov.in/#/schooldetail/4680540/12,4680540,15/10/2020 12:18,2268
******00801 Closed,Closed,RCM ES DONDAPADU,,,,Andhra Pradesh,1-Primary,35-Pvt.Aided,1 To 5,3-Co-educational,1-Rural,Thullur,Dondapadu,,,RCM Elementary school DONDAPADU(VILL) THULLUR(MANDAL) GUNTUR(DIST),522237,maraiah.nuthalapati25[at]gmail[dot]com,https://kys.udiseplus.gov.in/#/schooldetail/4679424/12,4679424,27/01/2023 19:19,2268
******00207 Operational,,RCMES ENAMADALA,,,,Andhra Pradesh,1-Primary,35-Pvt.Aided,1 To 5,3-Co-educational,1-Rural,Prathipadu,Enamadala,,,RCM CHURCH COMPOUND ENAMADALA(VILL) PRATHIPADU(MANDAL) GUNTUR(DIST) 522019,522019,madanusanthaiah[at]gmail[dot]com,https://kys.udiseplus.gov.in/#/schooldetail/4681152/12,4681152,23/12/2025 12:12,2268
******00710 Closed,Closed,RCMES(F) PHIRANGIPURAM,,,,Andhra Pradesh,1-Primary,35-Pvt.Aided,1 To 5,3-Co-educational,1-Rural,Phirangipuram,Phirangipuram,,,VIGNANAPURAM PHIRANGIPURAM PHIRANGIPURAM (PT)(VILL) PHIRANGIPURAM(MANDAL) GUNTUR(DIST),522529,f.r.cm.school[at]gmail[dot]com,https://kys.udiseplus.gov.in/#/schooldetail/4680542/12,4680542,15/10/2020 12:18,2268
******00705 Closed,Closed,RCMES JESUHRUDAYA UP,,,,Andhra Pradesh,1-Primary,35-Pvt.Aided,1 To 5,3-Co-educational,1-Rural,Pedakakani,Uppalapadu,,,JESUHRUDAYA PETA UPPALAPADU UPPALAPADU(VILL) PEDAKAKANI(MANDAL) GUNTUR(DIST),522509,,https://kys.udiseplus.gov.in/#/schooldetail/4681261/12,4681261,29/12/2022 14:34,2268
******00605 Closed,Closed,RCMES KANDRIKA,,,,Andhra Pradesh,1-Primary,35-Pvt.Aided,1 To 5,3-Co-educational,1-Rural,Phirangipuram,Vemavaram,,,KANDRIKA KANDRIKA VEMA VARAM(VILL) PHIRANGIPURAM(MANDAL) GUNTUR(DIST),522529,kataruraju0[at]gmail[dot]com,https://kys.udiseplus.gov.in/#/schooldetail/4680531/12,4680531,09/05/2022 16:56,2268
******90390 Operational,,RCMES KORITEPADU,,,,Andhra Pradesh,1-Primary,35-Pvt.Aided,1 To 5,3-Co-educational,2-Urban,NA,,Guntur (M Corp.) - Ward No.46,Guntur-Municipal Corporations,46th WARD (KORITEPADU) VELANGINI NAGAR GUNTUR (CORP.)(VILL) GUNTUR(MANDAL) GUNTUR(DIST),522002,rcmeskoritepadupm[at]gmail[dot]com,https://kys.udiseplus.gov.in/#/schooldetail/4680920/12,4680920,20/12/2025 14:42,2268
******01004 Permanently Closed,,RCMES MEDAVARIPALEM,,,,Andhra Pradesh,1-Primary,35-Pvt.Aided,1 To 5,3-Co-educational,1-Rural,Prathipadu,Vangipuram,,,NA,522015,,https://kys.udiseplus.gov.in/#/schooldetail/4716029/12,4716029,15/10/2020 12:18,2268
******00402 Closed,Closed,RCM ES NEKKALLU,,,,Andhra Pradesh,1-Primary,35-Pvt.Aided,1 To 5,3-Co-educational,1-Rural,Thullur,Nekkallu,,,NEKKALLU NEKKALLU NEKKALLU(VILL) THULLUR(MANDAL) GUNTUR(DIST),522236,mekalavijayarani6437[at]gmail[dot]com,https://kys.udiseplus.gov.in/#/schooldetail/4679405/12,4679405,05/08/2025 09:57,2268
******00306 Operational,,RCMES PEDAKAKANI,,,,Andhra Pradesh,1-Primary,35-Pvt.Aided,1 To 5,3-Co-educational,1-Rural,Pedakakani,Pedakakani,,,RCM CHURCH PEDAKAKANI PEDAKAKANI(VILL) PEDAKAKANI(MANDAL) GUNTUR(DIST),522509,schinamichaelaiah6[at]gmail[dot]com,https://kys.udiseplus.gov.in/#/schooldetail/4681222/12,4681222,18/09/2024 12:20,2268
******00608 Closed,Closed,RCMES SELAPADU,,,,Andhra Pradesh,1-Primary,35-Pvt.Aided,1 To 5,3-Co-educational,1-Rural,Chebrole,Sekuru,,,"SELAPADU , SELAPADU SEKUR(VILL) CHEBROLU(MANDAL) GUNTUR(DIST)",522213,,https://kys.udiseplus.gov.in/#/schooldetail/4681792/12,4681792,06/08/2024 22:11,2268
******00202 Closed,Closed,RCMES SIRANGIPALEM,,,,Andhra Pradesh,1-Primary,35-Pvt.Aided,1 To 5,3-Co-educational,1-Rural,Phirangipuram,Sirangipalem,,,SIRANGIPALEM SIRANGIPALEM(VILL) PHIRANGIPURAM(MANDAL) GUNTUR(DIST),522529,,https://kys.udiseplus.gov.in/#/schooldetail/4680523/12,4680523,09/05/2022 16:56,2268
******00607 Closed,Closed,RCMESVEERANAYAKUNIPALEM,,,,Andhra Pradesh,1-Primary,35-Pvt.Aided,1 To 5,3-Co-educational,1-Rural,Chebrole,Sekuru,,,"VEERANAYAKUNIPALEM , VEERANAYAKUNIPALEM SEKUR(VILL) CHEBROLU(MANDAL) GUNTUR(DIST)",522213,rcmvnpalem[at]gmail[dot]com,https://kys.udiseplus.gov.in/#/schooldetail/4681791/12,4681791,29/12/2022 14:33,2268
******01602 Closed,Closed,RCM ES VELAGAPUDI,,,,Andhra Pradesh,1-Primary,35-Pvt.Aided,1 To 5,3-Co-educational,1-Rural,Thullur,Velagapudi,,,VELAGAPUDI VELAGAPUDI VELAGAPUDI(VILL) THULLUR(MANDAL) GUNTUR(DIST),522503,hmrcmpsvelagapudi[at]gmail[dot]com,https://kys.udiseplus.gov.in/#/schooldetail/4679445/12,4679445,09/05/2022 16:56,2268
******00502 Closed,Closed,RCM MANDAPADU,,,,Andhra Pradesh,1-Primary,35-Pvt.Aided,1 To 5,3-Co-educational,1-Rural,Medikonduru,Mandapadu,,,NEAR RAVELA ROAD MANDAPADU(VILL) MEDIKONDURU(MANDAL) GUNTUR(DIST)522401,522401,,https://kys.udiseplus.gov.in/#/schooldetail/4680604/12,4680604,10/05/2022 13:13,2268
******00702 Permanently Closed,,RCM MELLEMPUDI,,,,Andhra Pradesh,1-Primary,35-Pvt.Aided,1 To 5,3-Co-educational,1-Rural,Tadepalle,Ippatam,,,NA,522302,,https://kys.udiseplus.gov.in/#/schooldetail/4679527/12,4679527,15/10/2020 12:18,2268
******00105 Closed,Closed,RCM PENUMAKA,,,,Andhra Pradesh,1-Primary,35-Pvt.Aided,1 To 5,3-Co-educational,2-Urban,NA,,Tadepalli Ward No.10,Tadepalli-Municipality,PENUMAKA PENUMAKA PENUMAKA(VILL) THADEPALLE(MANDAL) GUNTUR(DIST),NA,,https://kys.udiseplus.gov.in/#/schooldetail/4678782/12,4678782,11/05/2022 09:00,2268
******00314 Closed,Closed,RCM PRAKASH NAGAR,,,,Andhra Pradesh,1-Primary,35-Pvt.Aided,1 To 5,3-Co-educational,2-Urban,NA,,Tadepalli Ward No.7,Tadepalli-Municipality,KRISHNA NAGAR KRISHNANAGAR TADEPALLI(VILL) THADEPALLE(MANDAL) GUNTUR(DIST),522502,mekalathereja97[at]gmail[dot]com,https://kys.udiseplus.gov.in/#/schooldetail/4679489/12,4679489,29/12/2022 14:30,2268
******00302 Operational,,RCM PS ANANTHAVARAM,,,,Andhra Pradesh,1-Primary,35-Pvt.Aided,1 To 5,3-Co-educational,1-Rural,Thullur,Ananthavaram,,,ANANTHAVARAM ANANTHAVARAM ANANTHAVARAM(VILL) THULLUR(MANDAL) GUNTUR(DIST),522236,mekalavijayarani6437[at]gmail[dot]com,https://kys.udiseplus.gov.in/#/schooldetail/4679402/12,4679402,08/10/2024 13:06,2268
******00108 Closed,Closed,RCM PS KOLAKALUR,,,,Andhra Pradesh,1-Primary,35-Pvt.Aided,1 To 5,3-Co-educational,1-Rural,Tenali,Kolakaluru,,,KOLAKALUR KOLAKALUR KOLAKALUR(VILL) TENALI(MANDAL) GUNTUR(DIST),522307,,https://kys.udiseplus.gov.in/#/schooldetail/4681509/12,4681509,10/05/2022 19:54,2268
******91243 Operational,,RCM PS KORITEPADU,,,,Andhra Pradesh,1-Primary,35-Pvt.Aided,1 To 5,3-Co-educational,2-Urban,NA,,Guntur (M Corp.) - Ward No.41,Guntur-Municipal Corporations,11th WARD KORITEPADU GUNTUR (CORP.)-2(VILL) GUNTUR(MANDAL) GUNTUR(DIST),522007,anileddula2012[at]gmail[dot]com,https://kys.udiseplus.gov.in/#/schooldetail/4680957/12,4680957,20/12/2025 14:47,2268
******00103 Operational,,RCMPS KORRAPADU,,,,Andhra Pradesh,1-Primary,35-Pvt.Aided,1 To 5,3-Co-educational,1-Rural,Medikonduru,Korrapadu,,,NEAR RCM CHURCH KORRAPADU(VILL) MEDIKONDURU(MANDAL) GUNTUR(DIST)522438,522438,puramsettyshowraiah[at]gmail[dot]com,https://kys.udiseplus.gov.in/#/schooldetail/4712493/12,4712493,23/12/2025 10:31,2268
******01007 Closed,Closed,RCMPSPATHAREDDY PALEM,,,,Andhra Pradesh,1-Primary,35-Pvt.Aided,1 To 5,3-Co-educational,1-Rural,Chebrole,Pathareddipalem,,,PATHAREDDY PALEM PATHAREDDIPALEM PATHAREDDIPALEM(VILL) CHEBROLU(MANDAL) GUNTUR(DIST),522212,,https://kys.udiseplus.gov.in/#/schooldetail/4681827/12,4681827,10/05/2022 17:32,2268
******01204 Closed,Closed,RCM PS PEDARAVUR,,,,Andhra Pradesh,1-Primary,35-Pvt.Aided,1 To 5,3-Co-educational,1-Rural,Tenali,Pedaravuru,,,PEDARAVURU,522201,josebabu.nsm[at]gmail[dot]com,https://kys.udiseplus.gov.in/#/schooldetail/4681623/12,4681623,10/05/2022 18:56,2268
******01008 Operational,,RCMPS PERECHERLA,,,,Andhra Pradesh,1-Primary,35-Pvt.Aided,1 To 5,3-Co-educational,1-Rural,Medikonduru,Pericherla,,,PERECHERLA (VILL) CHURCHSTREET PERECHERLA (POST) PERICHERLA(VILL) MEDIKONDURU(MANDAL) GUNTUR(DIST),522005,sarojabayyavarapu[at]gmail[dot]com,https://kys.udiseplus.gov.in/#/schooldetail/4680636/12,4680636,23/12/2025 11:27,2268
******01302 Operational,,RCM PS PINAPADU,,,,Andhra Pradesh,1-Primary,35-Pvt.Aided,1 To 5,3-Co-educational,1-Rural,Tenali,Pinapadu (R),,,PINAPADU PINAPADU PINAPADU(VILL) TENALI(MANDAL) GUNTUR(DIST),522202,karemraja22[at]gmail[dot]com,https://kys.udiseplus.gov.in/#/schooldetail/4681630/12,4681630,22/12/2025 15:28,2268
******00308 Closed,Closed,RCMPS SIRIPURAM,,,,Andhra Pradesh,1-Primary,35-Pvt.Aided,1 To 5,3-Co-educational,1-Rural,Medikonduru,Siripuram,,,RCM CHURCH COMPOUND SIRIPURAM(VILL) MEDIKONDURU(MANDAL) GUNTUR(DIST)522401,522401,,https://kys.udiseplus.gov.in/#/schooldetail/4680595/12,4680595,10/05/2022 13:13,2268
******91040 Operational,,RCMP SULTHANABAD,,,,Andhra Pradesh,1-Primary,35-Pvt.Aided,1 To 5,3-Co-educational,2-Urban,NA,,Tenali (M) - Ward No.31,Tenali-Municipality,28th WARD SULTANABAD TENALI (M)(VILL) TENALI(MANDAL) GUNTUR(DIST),522202,seelamjyothi14[at]gmail[dot]com,https://kys.udiseplus.gov.in/#/schooldetail/4681668/12,4681668,22/12/2025 16:03,2268
******00202 Operational,,RCM PS VADDAMANU,,,,Andhra Pradesh,1-Primary,35-Pvt.Aided,1 To 5,3-Co-educational,1-Rural,Thullur,Vaddamanu,,,VADDAMANU(VILL)RCM CHURCH COMPOUND THULLUR(MANDAL) GUNTUR(DIST),522236,purnatumu7[at]gmail[dot]com,https://kys.udiseplus.gov.in/#/schooldetail/4679400/12,4679400,08/10/2024 13:03,2268
******00403 Closed,Closed,RCM S RAVIPADU,,,,Andhra Pradesh,1-Primary,35-Pvt.Aided,1 To 5,3-Co-educational,1-Rural,Pedanandipadu,Ravipadu,,,NEAR CHURCH RAVIPADU(VILL) PEDANANDIPADU(MANDAL) GUNTUR(DIST),522015,,https://kys.udiseplus.gov.in/#/schooldetail/4682795/12,4682795,10/05/2022 05:59,2268
******00303 Closed,Closed,RCMUPS 113THALLUR,,,,Andhra Pradesh,1-Primary,35-Pvt.Aided,1 To 5,3-Co-educational,1-Rural,Phirangipuram,113 Thalluru,,,113 THALLURU-PHIRANGIPURAM-GUNTUR,522529,rcmprimaryschoolthallur[at]gmail[dot]com,https://kys.udiseplus.gov.in/#/schooldetail/4680526/12,4680526,18/08/2024 18:26,2268
******00605 Permanently Closed,,RCM UPS KATRAPADU,,,,Andhra Pradesh,1-Primary,35-Pvt.Aided,1 To 5,3-Co-educational,1-Rural,Pedanandipadu,Katrapadu,,,NA,522235,,https://kys.udiseplus.gov.in/#/schooldetail/4682806/12,4682806,15/10/2020 12:18,2268
******00603 Operational,,RCM VADDESWARAM,,,,Andhra Pradesh,1-Primary,35-Pvt.Aided,1 To 5,3-Co-educational,2-Urban,NA,,Tadepalli Ward No.20,Tadepalli-Municipality,VADDESWARAM VADDESWARAM VADDESWARAM(VILL) THADEPALLE(MANDAL) GUNTUR(DIST),522502,kanapalasamuel2020[at]gmail[dot]com,https://kys.udiseplus.gov.in/#/schooldetail/4679521/12,4679521,08/10/2024 11:54,2268
******90559 Permanently Closed,,REATNALTES PS MGL,,,,Andhra Pradesh,2-Primary with Upper Primary,38-Pvt.Unaided,1 To 7,3-Co-educational,2-Urban,NA,,Mangalagiri (M) - Ward No.20,Mangalagiri-Municipality,NA,522503,,https://kys.udiseplus.gov.in/#/schooldetail/4715775/12,4715775,15/10/2020 12:18,2268
******00113 Closed,Closed,RESIDENTIAL HS KOLAKALUR,,,,Andhra Pradesh,7-Upper Pr. and Secondary,35-Pvt.Aided,6 To 10,3-Co-educational,1-Rural,Tenali,Kolakaluru,,,KOLAKALUR KOLAKALUR KOLAKALUR(VILL) TENALI(MANDAL) GUNTUR(DIST),522307,,https://kys.udiseplus.gov.in/#/schooldetail/4681514/12,4681514,10/05/2022 19:54,2268
******01034 Closed,Closed,RESONANCE JUNIOR COLLEGE,,,,Andhra Pradesh,11-Higher Secondary only/Jr. College,38-Pvt.Unaided,11 To 12,3-Co-educational,2-Urban,NA,,Guntur (M Corp.) - Ward No.48,Guntur-Municipal Corporations,"480/2B, Gorantla Guntur, Guntur(Dt)",522034,resonancevij[at]gmail[dot]com,https://kys.udiseplus.gov.in/#/schooldetail/4721471/12,4721471,21/10/2024 12:10,2268
******90758 Operational,,R.K.INTERNATIONAL SCHOOL,,,,Andhra Pradesh,2-Primary with Upper Primary,38-Pvt.Unaided,1 To 7,3-Co-educational,2-Urban,NA,,Ponnur (M) - Ward No.29,Ponnuru-Municipality,R K INTERNATIONAL SCHOOL PONNUR PONNUR MANDAL GUNTUR DT-522124,522124,NAZIRKHAN[at]GMAIL[dot]COM,https://kys.udiseplus.gov.in/#/schooldetail/4682990/12,4682990,08/10/2024 14:53,2268
******00360 Closed,Closed,RK KID BLOSSOMS SCHOOL 10TH LINE A.T.AGRAHARAM GUNTUR,,,,Andhra Pradesh,1-Primary,38-Pvt.Unaided,1 To 5,3-Co-educational,2-Urban,NA,,Guntur (M Corp.) - Ward No.28,Guntur-Municipal Corporations,"92-5-366/1, Sri Ram Nagar, Ramireddy Reddy Nagar, Ananda Theertha Agraharam, Guntur, Andhra Pradesh",522004,,https://kys.udiseplus.gov.in/#/schooldetail/4679958/12,4679958,12/08/2025 16:18,2268
******00346 Operational,,RMAKRISHNA MISSON EM SCHOOL,,,,Andhra Pradesh,6-Pr. Up Pr. and Secondary Only,38-Pvt.Unaided,1 To 10,3-Co-educational,2-Urban,NA,,Tadepalli Ward No.20,Tadepalli-Municipality,TADEPALLI TADEPALLI TADEPALLI(VILL) THADEPALLE(MANDAL) GUNTUR(DIST),522501,rkmvschool[at]gmail[dot]com,https://kys.udiseplus.gov.in/#/schooldetail/4679511/12,4679511,08/07/2025 11:16,2268
******00827 Operational,,ROSERY CONVENT VAHAB RD,,,,Andhra Pradesh,2-Primary with Upper Primary,38-Pvt.Unaided,1 To 7,3-Co-educational,2-Urban,NA,,Tenali (M) - Ward No.11,Tenali-Municipality,vahab road TENALI TOWN TENALI(U)(VILL) TENALI(MANDAL) GUNTUR(DIST),522201,,https://kys.udiseplus.gov.in/#/schooldetail/4681578/12,4681578,22/12/2025 14:59,2268
******00029 Closed,Closed,ROYAL APPLE ENGLISH MEDIUM SCHOOL,,,,Andhra Pradesh,2-Primary with Upper Primary,38-Pvt.Unaided,1 To 7,3-Co-educational,1-Rural,Chebrole,Vadlamudi,,,"ROYAL APPLE SCHOOL , VADLAMUDI",522213,royalapple123[at]gmail[dot]com,https://kys.udiseplus.gov.in/#/schooldetail/4720425/12,4720425,05/02/2026 19:06,2268
******00330 Operational,,ROYAL HIGH SCHOOL,,,,Andhra Pradesh,6-Pr. Up Pr. and Secondary Only,38-Pvt.Unaided,1 To 10,3-Co-educational,2-Urban,NA,,Tadepalli Ward No.13,Tadepalli-Municipality,NULAKA PETA TADEPALLI TADEPALLI(VILL) THADEPALLE(MANDAL) GUNTUR(DIST),522501,royalschool9[at]gmail[dot]com,https://kys.udiseplus.gov.in/#/schooldetail/4679502/12,4679502,08/10/2024 12:11,2268
******91399 Permanently Closed,,ROYAL PUBLIC SCHOOL NAVABHARATH COLONY,,,,Andhra Pradesh,2-Primary with Upper Primary,61-Unrecognised Schools,1 To 7,3-Co-educational,2-Urban,NA,,Guntur (M Corp.) - Ward No.43,Guntur-Municipal Corporations,NA,522001,,https://kys.udiseplus.gov.in/#/schooldetail/4680322/12,4680322,15/10/2020 12:18,2268
******00302 Closed,Closed,SA AIDED DANTHALURU,,,,Andhra Pradesh,1-Primary,35-Pvt.Aided,1 To 5,3-Co-educational,1-Rural,Kollipara,Danthalur,,,DANTHALURU,522306,,https://kys.udiseplus.gov.in/#/schooldetail/4680612/12,4680612,10/05/2022 18:56,2268
******00908 Closed,Closed,SA AIDED KOLLIPARA,,,,Andhra Pradesh,1-Primary,35-Pvt.Aided,1 To 5,3-Co-educational,1-Rural,Kollipara,Kollipara,,,KOLLIPARA KOLLIPARA KOLLIPARA(VILL) KOLLIPARA(MANDAL) GUNTUR(DIST),522304,,https://kys.udiseplus.gov.in/#/schooldetail/4681365/12,4681365,10/05/2022 18:56,2268
******01014 Operational,,SACRED HEART E/M HIGH SC,,,,Andhra Pradesh,7-Upper Pr. and Secondary,38-Pvt.Unaided,6 To 10,3-Co-educational,1-Rural,Medikonduru,Pericherla,,,PERECHERLA PERECHERLA PERICHERLA(VILL) MEDIKONDURU(MANDAL) GUNTUR(DIST),522005,sagarshj[at]gmail[dot]com,https://kys.udiseplus.gov.in/#/schooldetail/4680642/12,4680642,23/12/2025 11:28,2268
******01010 Operational,,SACRED HEART PRIMARY. SCH,,,,Andhra Pradesh,1-Primary,38-Pvt.Unaided,1 To 5,3-Co-educational,1-Rural,Medikonduru,Pericherla,,,PERECHERLA(VILL) MEDIKONDURU (MNDL) PERICHERLA(VILL) MEDIKONDURU(MANDAL) GUNTUR(DIST),522005,sagarshj[at]gmail[dot]com,https://kys.udiseplus.gov.in/#/schooldetail/4680638/12,4680638,23/12/2025 11:27,2268
******01205 Permanently Closed,,SA ES EMANI,,,,Andhra Pradesh,1-Primary,35-Pvt.Aided,1 To 5,3-Co-educational,1-Rural,Duggirala,Emani,,,NA,522308,,https://kys.udiseplus.gov.in/#/schooldetail/4650486/12,4650486,15/10/2020 12:18,2268
******00222 Operational,,SAHITHI EM SCHOOL,,,,Andhra Pradesh,1-Primary,38-Pvt.Unaided,1 To 5,3-Co-educational,1-Rural,Pedakakani,Nambur,,,"OPP NAMBURU LIBRARY, NEAR VENUGOPALA SWAMY TEMPLE NAMBURU PEDAKAKANI GUNTUR",522508,gogula84[at]gmail[dot]com,https://kys.udiseplus.gov.in/#/schooldetail/4719157/12,4719157,18/09/2024 12:49,2268
******90756 Operational,,SAI ADARSHA PS SSN COL,,,,Andhra Pradesh,6-Pr. Up Pr. and Secondary Only,38-Pvt.Unaided,1 To 10,3-Co-educational,2-Urban,NA,,Ponnur (M) - Ward No.1,Ponnuru-Municipality,SAI ADARSHA SCHOOL NEAR RTC BUS DEPOT SAMBHASIVANAGAR COLONY PONNURU (MNDL) GUNTUR(DIST)-522124,522124,saiadarshaponnur[at]gmail[dot]com,https://kys.udiseplus.gov.in/#/schooldetail/4682988/12,4682988,08/10/2024 14:50,2268
******91296 Operational,,SAI ADITYA HS GUNTUR,,,,Andhra Pradesh,7-Upper Pr. and Secondary,38-Pvt.Unaided,6 To 10,3-Co-educational,2-Urban,NA,,Guntur (M Corp.) - Ward No.41,Guntur-Municipal Corporations,41 WARD (1st LILNE) SANTHINAGAR GUNTUR (CORP.)-2(VILL) GUNTUR(MANDAL) GUNTUR(DIST),522007,saiadityaschool[at]gmail[dot]com,https://kys.udiseplus.gov.in/#/schooldetail/4681017/12,4681017,20/12/2025 14:54,2268
******91437 Permanently Closed,,SAI ADITYA HS SAMPATH NAGAR,,,,Andhra Pradesh,7-Upper Pr. and Secondary,38-Pvt.Unaided,6 To 10,3-Co-educational,2-Urban,NA,,Guntur (M Corp.) - Ward No.19,Guntur-Municipal Corporations,NA,522003,,https://kys.udiseplus.gov.in/#/schooldetail/4715921/12,4715921,15/10/2020 12:18,2268
******00951 Operational,,SAI ADITYA SCHOOL,,,,Andhra Pradesh,2-Primary with Upper Primary,38-Pvt.Unaided,1 To 7,3-Co-educational,2-Urban,NA,,Guntur (M Corp.) - Ward No.41,Guntur-Municipal Corporations,41 WARD 1ST LANE SHANTHI NAGAR GUNTUR,522007,saiadityaschool[at]gmail[dot]com,https://kys.udiseplus.gov.in/#/schooldetail/4719139/12,4719139,20/12/2025 13:01,2268
******00610 Operational,,SAI CHAITANYA PRIMARY SCHOOL,,,,Andhra Pradesh,1-Primary,38-Pvt.Unaided,1 To 5,3-Co-educational,1-Rural,Pedakakani,Takkellapadu,,,TAKKELLAPADU PEDAKAKANI THAKKELLAPADU (R)(VILL) PEDAKAKANI(MANDAL) GUNTUR(DIST),522509,prasad.nandipati005[at]gmail[dot]com,https://kys.udiseplus.gov.in/#/schooldetail/4681255/12,4681255,18/09/2024 12:40,2268
******01107 Closed,Closed,SAI DATTA PUBLIC SCHOOL,,,,Andhra Pradesh,2-Primary with Upper Primary,38-Pvt.Unaided,1 To 7,3-Co-educational,1-Rural,Tadikonda,Lam,,,LAM LAM LAM(VILL) TADIKONDA(MANDAL) GUNTUR(DIST),522034,,https://kys.udiseplus.gov.in/#/schooldetail/4679717/12,4679717,15/10/2020 12:18,2268
******00211 Operational,,SAI DEEPTHI VOCATIONAL JUNIOR COLLEGE,,,,Andhra Pradesh,11-Higher Secondary only/Jr. College,38-Pvt.Unaided,11 To 12,3-Co-educational,1-Rural,Prathipadu,Edulapalem,,,SAI DEEPTHI VOCATIONAL JUNIOR COLLEGE OPPOSITE KATURI MEDICAL COLLEGE EDULAPALEM,522019,sdvjc2020[at]gmail[dot]com,https://kys.udiseplus.gov.in/#/schooldetail/4720090/12,4720090,23/12/2025 15:47,2268
******00878 Operational,,SAI DURGA BALAKUTEER TENALI,,,,Andhra Pradesh,6-Pr. Up Pr. and Secondary Only,38-Pvt.Unaided,1 To 10,3-Co-educational,2-Urban,NA,,Tenali (M) - Ward No.30,Tenali-Municipality,Amaravathiplots Chenchupet,522202,,https://kys.udiseplus.gov.in/#/schooldetail/4681602/12,4681602,22/12/2025 15:19,2268
******91559 Permanently Closed,,SAI SANTHOSH PUBLIC SCHOOL NALLAPADUGUNTUR,,,,Andhra Pradesh,1-Primary,38-Pvt.Unaided,1 To 5,3-Co-educational,2-Urban,NA,,Guntur Ward No. 53,Guntur-Municipal Corporations,NA,522001,,https://kys.udiseplus.gov.in/#/schooldetail/4715934/12,4715934,15/10/2020 12:18,2268
******91505 Operational,,"SAI SARASWATHI VIDYANIKETHAN, PULIPAKA GUNTUR",,,,Andhra Pradesh,2-Primary with Upper Primary,38-Pvt.Unaided,1 To 7,3-Co-educational,2-Urban,NA,,Guntur (M Corp.) - Ward No.5,Guntur-Municipal Corporations,sai saraswathi vidyaniketan BALAJI Nagar oldguntur,522001,Vijayalakshmikatta1[at]gmail[dot]com,https://kys.udiseplus.gov.in/#/schooldetail/4680377/12,4680377,20/12/2025 12:40,2268
******00884 Closed,Closed,SAI SREE NAGEDRA CONVENT,,,,Andhra Pradesh,2-Primary with Upper Primary,38-Pvt.Unaided,1 To 7,3-Co-educational,2-Urban,NA,,Tenali (M) - Ward No.28,Tenali-Municipality,tenali 522202,522201,,https://kys.udiseplus.gov.in/#/schooldetail/4681605/12,4681605,10/05/2022 20:40,2268
******00916 Operational,,"SAMIA AAYESHA SIDDIQA NISWAN BESIDE MASQUE COMPLEX, PEDAPALA",,,,Andhra Pradesh,1-Primary,98-Madarsa Unrecognized,1 To 5,3-Co-educational,2-Urban,NA,,Guntur (M Corp.) - Ward No.33,Guntur-Municipal Corporations,GUJJANAGUNDLA PALAKALURU ROAD GUNTUR,522006,,https://kys.udiseplus.gov.in/#/schooldetail/4680782/12,4680782,20/12/2025 12:27,2268
******00802 Operational,,SAMSKAR S BAZAR,,,,Andhra Pradesh,2-Primary with Upper Primary,38-Pvt.Unaided,1 To 7,3-Co-educational,2-Urban,NA,,Tenali (M) - Ward No.18,Tenali-Municipality,SHARIFF BAZAR TENALI TOWN TENALI(U)(VILL) TENALI(MANDAL) GUNTUR(DIST),522201,ramakotireddy1001[at]gmail[dot]com,https://kys.udiseplus.gov.in/#/schooldetail/4681571/12,4681571,22/12/2025 14:56,2268
******01664 Operational,,SANKALPA JUNIOR COLLEGE,,,,Andhra Pradesh,11-Higher Secondary only/Jr. College,38-Pvt.Unaided,11 To 12,3-Co-educational,1-Rural,Guntur,Peda Palakaluru (Part),,,Main Road PEDAPALAKALURU,522005,,,,20/12/2025 12:15,2268
******01886 Operational,,SANKALPA JUNIOR COLLEGE PEDAPALAKALURU,,,,Andhra Pradesh,11-Higher Secondary only/Jr. College,38-Pvt.Unaided,11 To 12,3-Co-educational,2-Urban,NA,,Guntur Ward No. 54,Guntur-Municipal Corporations,Main Road PEDAPALAKALURU,522005,,,,20/12/2025 12:15,2268
******91520 Operational,,SANTHAN HIGH SCHOOL A T AGRAHARAM GUNTUR,,,,Andhra Pradesh,7-Upper Pr. and Secondary,38-Pvt.Unaided,6 To 10,3-Co-educational,2-Urban,NA,,Guntur (M Corp.) - Ward No.28,Guntur-Municipal Corporations,8th LANE A T AGRAHARAM,522004,santhanhighschool[at]gmail[dot]com,https://kys.udiseplus.gov.in/#/schooldetail/4681127/12,4681127,20/12/2025 15:17,2268
******00369 Operational,,SANTHAN PRIMARY SCHOOL A T AGRAHARAM GUNTUR,,,,Andhra Pradesh,1-Primary,38-Pvt.Unaided,1 To 5,3-Co-educational,2-Urban,NA,,Guntur (M Corp.) - Ward No.28,Guntur-Municipal Corporations,8 th LANE A T AGRAHARAM,522004,santhanhighschool[at]gmail[dot]com,https://kys.udiseplus.gov.in/#/schooldetail/4679963/12,4679963,20/12/2025 12:50,2268
******00319 Operational,,SANTHI NEKETHAN PS LAKSHMI NAGAR OLD GUNTUR,,,,Andhra Pradesh,2-Primary with Upper Primary,38-Pvt.Unaided,1 To 7,3-Co-educational,2-Urban,NA,,Guntur (M Corp.) - Ward No.5,Guntur-Municipal Corporations,Santhi school old guntur,522001,krishnasai97056[at]gmail[dot]com,https://kys.udiseplus.gov.in/#/schooldetail/4680685/12,4680685,20/12/2025 11:37,2268
******91114 Permanently Closed,,SANTHI NIKETAN CONVENT,,,,Andhra Pradesh,1-Primary,61-Unrecognised Schools,1 To 5,3-Co-educational,2-Urban,NA,,Tenali (M) - Ward No.10,Tenali-Municipality,NA,522201,,https://kys.udiseplus.gov.in/#/schooldetail/4716002/12,4716002,15/10/2020 12:18,2268
******00344 Operational,,SANTHI UP SCHOOL MADDIRALA COLONY GUNTUR,,,,Andhra Pradesh,2-Primary with Upper Primary,38-Pvt.Unaided,1 To 7,3-Co-educational,2-Urban,NA,,Guntur (M Corp.) - Ward No.2,Guntur-Municipal Corporations,Maddirala colony 6th lane kalani road guntur,522001,bvnrsunkara[at]gmail[dot]com,https://kys.udiseplus.gov.in/#/schooldetail/4680706/12,4680706,20/12/2025 11:40,2268
******91035 Closed,Closed,S.AP ITHANAGAR,,,,Andhra Pradesh,1-Primary,35-Pvt.Aided,1 To 5,3-Co-educational,2-Urban,NA,,Tenali (M) - Ward No.39,Tenali-Municipality,39th WARD ITHANAGAR TENALI (M)(VILL) TENALI(MANDAL) GUNTUR(DIST),522201,,https://kys.udiseplus.gov.in/#/schooldetail/4681664/12,4681664,10/05/2022 19:54,2268
******00207 Closed,Closed,SAPS AMBEDTHKARNAGAR,,,,Andhra Pradesh,1-Primary,35-Pvt.Aided,1 To 5,3-Co-educational,1-Rural,Pedakakani,Nambur,,,AMBEDHKAR NAGAR NAMBUR NAMBUR(VILL) PEDAKAKANI(MANDAL) GUNTUR(DIST),522508,,https://kys.udiseplus.gov.in/#/schooldetail/4680474/12,4680474,29/12/2022 14:35,2268
******01104 Closed,Closed,S.A PS ANNAVARAM,,,,Andhra Pradesh,1-Primary,35-Pvt.Aided,1 To 5,3-Co-educational,1-Rural,Kollipara,Annavaram,,,ANNAVARAM ANNAVARAM ANNAVARAM(VILL) KOLLIPARA(MANDAL) GUNTUR(DIST),522301,sapsannavaramklp[at]gmail[dot]com,https://kys.udiseplus.gov.in/#/schooldetail/4680645/12,4680645,02/02/2023 20:55,2268
******01004 Closed,Closed,SAPS BURRI PALEM,,,,Andhra Pradesh,1-Primary,35-Pvt.Aided,1 To 5,3-Co-educational,1-Rural,Tenali,Burripalem,,,BURRIPALEM,522301,,https://kys.udiseplus.gov.in/#/schooldetail/4681614/12,4681614,10/05/2022 20:40,2268
******00704 Closed,Closed,SA PS C P V PALEM,,,,Andhra Pradesh,1-Primary,35-Pvt.Aided,1 To 5,3-Co-educational,1-Rural,Duggirala,Perakalapudi,,,CHUKKAPALLIVARIPALEM CHUKKAPALLIVARIPALEM PERAKALA PUDI(VILL) DUGGIRALA(MANDAL) GUNTUR(DIST),522305,radakrishnalakarapu[at]gmail[dot]com,https://kys.udiseplus.gov.in/#/schooldetail/4681298/12,4681298,29/12/2022 14:31,2268
******01107 Closed,Closed,SA PS DUGGIRALA,,,,Andhra Pradesh,1-Primary,35-Pvt.Aided,1 To 5,3-Co-educational,1-Rural,Duggirala,Duggirala,,,DUGGIRALA DUGGIRALA DUGGIRALA(VILL) DUGGIRALA(MANDAL) GUNTUR(DIST),522330,jayaraopilli63[at]gmail[dot]com,https://kys.udiseplus.gov.in/#/schooldetail/4681319/12,4681319,10/05/2022 18:09,2268
******00408 Closed,Closed,SAPS KATTEVARAM,,,,Andhra Pradesh,1-Primary,35-Pvt.Aided,1 To 5,3-Co-educational,1-Rural,Tenali,Katevaram,,,KATTEVARAM KATTEVARAM KATHEVARAM(VILL) TENALI(MANDAL) GUNTUR(DIST),522202,,https://kys.udiseplus.gov.in/#/schooldetail/4681539/12,4681539,10/05/2022 19:54,2268
******00903 Closed,Closed,SAPS NELAPADU,,,,Andhra Pradesh,1-Primary,35-Pvt.Aided,1 To 5,3-Co-educational,1-Rural,Tenali,Nelapadu,,,NELAPADU NELAPADU NELAPADU(VILL) TENALI(MANDAL) GUNTUR(DIST),522202,evanjalin453[at]gmail[dot]com,https://kys.udiseplus.gov.in/#/schooldetail/4680869/12,4680869,02/02/2023 20:55,2268
******91474 Operational,,SARADA PUBLIC SCHOOL HS,,,,Andhra Pradesh,6-Pr. Up Pr. and Secondary Only,38-Pvt.Unaided,1 To 10,3-Co-educational,2-Urban,NA,,Guntur Ward No. 57,Guntur-Municipal Corporations,DNo11-279 Telecomnagar 1st line Nagaralu GUNTUR 522034,522034,bharathi.sps[at]gmail[dot]com,https://kys.udiseplus.gov.in/#/schooldetail/4681101/12,4681101,20/12/2025 12:50,2268
******91475 Permanently Closed,,SARADA PUBLIC SCHOOL PS,,,,Andhra Pradesh,1-Primary,38-Pvt.Unaided,1 To 5,3-Co-educational,2-Urban,NA,,Guntur Ward No. 57,Guntur-Municipal Corporations,NA,522034,,https://kys.udiseplus.gov.in/#/schooldetail/4715924/12,4715924,15/10/2020 12:18,2268
******00254 Operational,,SARADA UPPER PRIMARY SCHOOL,,,,Andhra Pradesh,2-Primary with Upper Primary,38-Pvt.Unaided,1 To 7,3-Co-educational,2-Urban,NA,,Guntur (M Corp.) - Ward No.46,Guntur-Municipal Corporations,sarada school gorantla,522034,bharathi.sps[at]gmail[dot]com,https://kys.udiseplus.gov.in/#/schooldetail/4720687/12,4720687,20/12/2025 12:28,2268
******00323 Operational,,SARADA VEDABHUMI SCHOOL,,,,Andhra Pradesh,2-Primary with Upper Primary,38-Pvt.Unaided,1 To 7,3-Co-educational,1-Rural,Pedakakani,Pedakakani,,,NEW SAGARAPALEM NEAR PANCHAYAT OFFICE VENIGANDLA PEDAKAKANI MANDAL GUNTUR DISTRICT,522509,srivedaschool[at]gmail[dot]com,https://kys.udiseplus.gov.in/#/schooldetail/4681235/12,4681235,29/07/2025 17:39,2268
******00336 Operational,,SARASWATHI SISU MANDIR SCHOOL SAMPATH NAGAR GUNTUR,,,,Andhra Pradesh,2-Primary with Upper Primary,38-Pvt.Unaided,1 To 7,3-Co-educational,2-Urban,NA,,Guntur (M Corp.) - Ward No.20,Guntur-Municipal Corporations,SAMPATH NAGAR nallacheruvu,522004,sssm.gnt[at]gmail[dot]com,https://kys.udiseplus.gov.in/#/schooldetail/4680698/12,4680698,20/12/2025 12:37,2268
******91092 Closed,Closed,SARASWATHI VIDYA PEETAM,,,,Andhra Pradesh,2-Primary with Upper Primary,38-Pvt.Unaided,1 To 7,3-Co-educational,2-Urban,NA,,Tenali (M) - Ward No.18,Tenali-Municipality,ITHANAGAR TENALI,522201,tubatiram1967[at]gmail[dot]com,https://kys.udiseplus.gov.in/#/schooldetail/4680961/12,4680961,10/05/2022 19:55,2268
******00805 Closed,Closed,SARASWATHI VN ETUKURU,,,,Andhra Pradesh,2-Primary with Upper Primary,38-Pvt.Unaided,1 To 7,3-Co-educational,2-Urban,NA,,Guntur Ward No. 60,Guntur-Municipal Corporations,ETUKURU(VILL) GUNTUR(MANDAL) GUNTUR(DIST),522017,ssvn.etukuru[at]gmail[dot]com,https://kys.udiseplus.gov.in/#/schooldetail/4680036/12,4680036,02/09/2024 10:06,2268
******00422 Operational,,Sarojini VidyalayamPrathipadu,,,,Andhra Pradesh,6-Pr. Up Pr. and Secondary Only,38-Pvt.Unaided,1 To 10,3-Co-educational,1-Rural,Prathipadu,Prathipadu,,,KOTI REDDY CAMPUS opposite andhra bank PRATHIPADU,522019,sarojinividyalayam2013[at]gmail[dot]com,https://kys.udiseplus.gov.in/#/schooldetail/4681897/12,4681897,22/12/2025 21:01,2268
******00112 Operational,,"SAROJINI VIDYALAYAM, PULLADIGUNTA",,,,Andhra Pradesh,6-Pr. Up Pr. and Secondary Only,38-Pvt.Unaided,1 To 10,3-Co-educational,1-Rural,Vatticherukuru,Kornepadu,,,"KORNEPADU ROAD, PULLADIGUNTA(VILL) VATTICHERUKURU(MANDAL) GUNTUR(DIST)",522017,sarojinividyalayam2010[at]gmail[dot]com,https://kys.udiseplus.gov.in/#/schooldetail/4681840/12,4681840,28/09/2024 15:18,2268
******00627 Operational,,SATYA SAI ELE SCHOOL,,,,Andhra Pradesh,1-Primary,38-Pvt.Unaided,1 To 5,3-Co-educational,1-Rural,Tadikonda,Tadikonda,,,TADIKONDA TADIKONDA TADIKONDA(VILL) TADIKONDA(MANDAL) GUNTUR(DIST),522236,sshspublicschool[at]gmail[dot]com,https://kys.udiseplus.gov.in/#/schooldetail/4679691/12,4679691,22/12/2025 10:52,2268
******91552 Closed,Closed,SATYA SAI PUBLIC SCHOOL LALAPET GUNTUR,,,,Andhra Pradesh,2-Primary with Upper Primary,38-Pvt.Unaided,1 To 7,3-Co-educational,2-Urban,NA,,Guntur (M Corp.) - Ward No.13,Guntur-Municipal Corporations,GUNTURCORP 5 GUNTUR GUNTUR 522003,522003,satyasaiupschool[at]gmail[dot]com,https://kys.udiseplus.gov.in/#/schooldetail/4681156/12,4681156,02/09/2024 10:06,2268
******91236 Permanently Closed,,SBHBRMUPS B N,,,,Andhra Pradesh,2-Primary with Upper Primary,35-Pvt.Aided,1 To 7,3-Co-educational,2-Urban,NA,,Guntur (M Corp.) - Ward No.19,Guntur-Municipal Corporations,NA,522001,,https://kys.udiseplus.gov.in/#/schooldetail/4680950/12,4680950,15/10/2020 12:18,2268
******91234 Permanently Closed,,SBHBRMUPS G N,,,,Andhra Pradesh,2-Primary with Upper Primary,35-Pvt.Aided,1 To 7,3-Co-educational,2-Urban,NA,,Guntur (M Corp.) - Ward No.14,Guntur-Municipal Corporations,NA,522001,,https://kys.udiseplus.gov.in/#/schooldetail/4680948/12,4680948,15/10/2020 12:18,2268
******91235 Closed,Closed,SBHBRMUPS N N,,,,Andhra Pradesh,2-Primary with Upper Primary,35-Pvt.Aided,1 To 7,3-Co-educational,2-Urban,NA,,Guntur (M Corp.) - Ward No.14,Guntur-Municipal Corporations,11TH WARD NEHRU NAGAR GUNTUR (CORP.)-2(VILL) GUNTUR(MANDAL) GUNTUR(DIST),522001,,https://kys.udiseplus.gov.in/#/schooldetail/4680949/12,4680949,15/10/2020 12:18,2268
******91553 Operational,,SBN PUBLIC SCHOOL LALAPET GUNTUR,,,,Andhra Pradesh,2-Primary with Upper Primary,38-Pvt.Unaided,1 To 7,3-Co-educational,2-Urban,NA,,Guntur (M Corp.) - Ward No.13,Guntur-Municipal Corporations,GUNTUR CORP 5 GUNTUR 522003,522003,tkraosbn123[at]gmail[dot]com,https://kys.udiseplus.gov.in/#/schooldetail/4681157/12,4681157,20/12/2025 12:33,2268
******90755 Closed,Closed,SBS ORIENTAL HS B TEMPLE,,,,Andhra Pradesh,7-Upper Pr. and Secondary,37-Pvt.Aided Oriental Schools,6 To 10,3-Co-educational,2-Urban,NA,,Ponnur (M) - Ward No.3,Ponnuru-Municipality,BHAVANNARAYANA TEMPLE PONNURU (MNDL) PONNURU (M)(VILL) PONNURU(MANDAL) GUNTUR(DIST),522124,,https://kys.udiseplus.gov.in/#/schooldetail/4682987/12,4682987,10/05/2022 18:28,2268
******00337 Operational,,"SCHOOL OF LAKSHYAA, RAGHAVA NAGAR, RTC COLONY, GUNTUR",,,,Andhra Pradesh,7-Upper Pr. and Secondary,38-Pvt.Unaided,6 To 10,3-Co-educational,2-Urban,NA,,Guntur (M Corp.) - Ward No.2,Guntur-Municipal Corporations,RTC COLONY 1 ST LINE RAGHAVA NAGAR GUNTUR,522001,lakshyaaschoolg[at]gmai[dot]com,https://kys.udiseplus.gov.in/#/schooldetail/4680699/12,4680699,08/01/2026 18:29,2268
******00852 Operational,,SCHOOL OF ROYALS MPET,,,,Andhra Pradesh,6-Pr. Up Pr. and Secondary Only,38-Pvt.Unaided,1 To 10,3-Co-educational,2-Urban,NA,,Tenali (M) - Ward No.21,Tenali-Municipality,MORRIS PET TENALI TOWN TENALI(U)(VILL) TENALI(MANDAL) GUNTUR(DIST),522201,adarsh.tenali[at]gmail[dot]com,https://kys.udiseplus.gov.in/#/schooldetail/4681584/12,4681584,22/12/2025 15:14,2268
******91268 Operational,,SCMPMCHS S GARUVU,,,,Andhra Pradesh,7-Upper Pr. and Secondary,34-MUNCIPAL,6 To 10,3-Co-educational,2-Urban,NA,,Guntur (M Corp.) - Ward No.32,Guntur-Municipal Corporations,02nd WARD STHAMBALAGARUVU GUNTUR (CORP.)-2(VILL) GUNTUR(MANDAL) GUNTUR(DIST),522006,srinivasrao.mallipeddi[at]gmail[dot]com,https://kys.udiseplus.gov.in/#/schooldetail/4680987/12,4680987,20/12/2025 12:22,2268
******91059 Operational,,SDIMGH KOTHAPET,,,,Andhra Pradesh,7-Upper Pr. and Secondary,34-MUNCIPAL,6 To 10,2-Girls,2-Urban,NA,,Tenali (M) - Ward No.7,Tenali-Municipality,09th WARD KOITHAPET TENALI (M)(VILL) TENALI(MANDAL) GUNTUR(DIST),522201,sdimghschool[at]gmail[dot]com,https://kys.udiseplus.gov.in/#/schooldetail/4681677/12,4681677,22/12/2025 16:00,2268
******01027 Permanently Closed,,SEETHIRAJU VENKATA NAGESWARARAO UPPER PRIMARY SCHOOL,,,,Andhra Pradesh,2-Primary with Upper Primary,38-Pvt.Unaided,1 To 7,3-Co-educational,1-Rural,Medikonduru,Pericherla,,,NA,522009,,https://kys.udiseplus.gov.in/#/schooldetail/4715841/12,4715841,15/10/2020 12:18,2268
******02037 Operational,,SEM SCHOOL,,,,Andhra Pradesh,2-Primary with Upper Primary,38-Pvt.Unaided,1 To 7,3-Co-educational,2-Urban,GUNTUR EAST,,Guntur (M Corp.) - Ward No.1,Guntur-Municipal Corporations,"ARUNDHATHI NAGAR,KAKANI ROAD GUNTUR",522001,,,,20/12/2025 12:18,2268
******91269 Operational,,SGNKMCHS RAILPET,,,,Andhra Pradesh,7-Upper Pr. and Secondary,34-MUNCIPAL,6 To 10,2-Girls,2-Urban,NA,,Guntur (M Corp.) - Ward No.11,Guntur-Municipal Corporations,11th WARD RAILPET GUNTUR (CORP.)-2(VILL) GUNTUR(MANDAL) GUNTUR(DIST),522001,sgnkmcghschool[at]gmail[dot]com,https://kys.udiseplus.gov.in/#/schooldetail/4680988/12,4680988,20/12/2025 13:03,2268
******00925 Closed,Closed,S G S R VOC JR COLLEGE,,,,Andhra Pradesh,11-Higher Secondary only/Jr. College,38-Pvt.Unaided,11 To 12,3-Co-educational,1-Rural,Kollipara,Kollipara,,,KOLLIPARA KOLLIPARA,522304,sgsrjc.svdc[at]yahoo[dot]com,https://kys.udiseplus.gov.in/#/schooldetail/4681377/12,4681377,10/05/2022 18:57,2268
******01013 Closed,Closed,SGVR HS PERECHERLA,,,,Andhra Pradesh,7-Upper Pr. and Secondary,35-Pvt.Aided,6 To 10,3-Co-educational,1-Rural,Medikonduru,Pericherla,,,PERECHERLA PERECHERLA PERICHERLA(VILL) MEDIKONDURU(MANDAL) GUNTUR(DIST),522005,sgvrhighschoolperecherla[at]yahoo[dot]in,https://kys.udiseplus.gov.in/#/schooldetail/4680641/12,4680641,10/05/2022 13:14,2268
******00847 Operational,,SHARON TALENT HS TENALI,,,,Andhra Pradesh,6-Pr. Up Pr. and Secondary Only,38-Pvt.Unaided,1 To 10,3-Co-educational,2-Urban,NA,,Tenali (M) - Ward No.11,Tenali-Municipality,DEVI CHOWK TENALI TOWN TENALI(U)(VILL) TENALI(MANDAL) GUNTUR(DIST),522201,sharontenali77[at]gmail[dot]com,https://kys.udiseplus.gov.in/#/schooldetail/4681582/12,4681582,22/12/2025 15:05,2268
******01100 Operational,,SHARON VOCATIONAL JUNIOR COLLEGE,,,,Andhra Pradesh,11-Higher Secondary only/Jr. College,38-Pvt.Unaided,11 To 12,3-Co-educational,2-Urban,NA,,Tenali (M) - Ward No.40,Tenali-Municipality,ITHANAGAR TENALI MANDAL 522201,522201,,https://kys.udiseplus.gov.in/#/schooldetail/4721540/12,4721540,22/12/2025 15:07,2268
******91237 Permanently Closed,,SHASAUPS O GUNTUR,,,,Andhra Pradesh,2-Primary with Upper Primary,35-Pvt.Aided,1 To 7,3-Co-educational,2-Urban,NA,,Guntur (M Corp.) - Ward No.3,Guntur-Municipal Corporations,NA,522001,,https://kys.udiseplus.gov.in/#/schooldetail/4680951/12,4680951,15/10/2020 12:18,2268
******00905 Operational,,SHINY KIDS SCHOOL VIDYA NAGAR 1ST LINE,,,,Andhra Pradesh,2-Primary with Upper Primary,38-Pvt.Unaided,1 To 7,3-Co-educational,2-Urban,NA,,Guntur (M Corp.) - Ward No.34,Guntur-Municipal Corporations,DNO 4-5-31-23 VIDYANAGAR 1ST LINE GUNTUR-522007,522006,shamee23456[at]gmail[dot]com,https://kys.udiseplus.gov.in/#/schooldetail/4680043/12,4680043,20/12/2025 12:57,2268
******00321 Operational,,SHKV PBRS KALIGARDENS,,,,Andhra Pradesh,6-Pr. Up Pr. and Secondary Only,38-Pvt.Unaided,1 To 10,3-Co-educational,1-Rural,Pedakakani,Pedakakani,,,NAMBUR PEDA KAKANI PEDAKAKANI(VILL) PEDAKAKANI(MANDAL) GUNTUR(DIST),522508,shkvpbrschool[at]gmail[dot]com,https://kys.udiseplus.gov.in/#/schooldetail/4681233/12,4681233,18/09/2024 12:24,2268
******00313 Permanently Closed,,SHKV PBRS KALIGARDENS,,,,Andhra Pradesh,1-Primary,38-Pvt.Unaided,1 To 5,3-Co-educational,1-Rural,Pedakakani,Pedakakani,,,NA,522508,,https://kys.udiseplus.gov.in/#/schooldetail/4715940/12,4715940,15/10/2020 12:18,2268
******91387 Operational,,SHLOME CHERCH ENGLISH MEDIUM SCHOOL SHALOMNAGAR,,,,Andhra Pradesh,7-Upper Pr. and Secondary,38-Pvt.Unaided,6 To 10,3-Co-educational,2-Urban,NA,,Guntur (M Corp.) - Ward No.29,Guntur-Municipal Corporations,SHALOME NAGAR PATTABHIPURAM GUNTUR (CORP.)-3(VILL) GUNTUR(MANDAL) GUNTUR(DIST),522004,shalomeschool.peace[at]gmail[dot]com,https://kys.udiseplus.gov.in/#/schooldetail/4681065/12,4681065,20/12/2025 15:05,2268
******91386 Operational,,SHLOME CHERCH PS SNAGAR,,,,Andhra Pradesh,1-Primary,38-Pvt.Unaided,1 To 5,3-Co-educational,2-Urban,NA,,Guntur (M Corp.) - Ward No.29,Guntur-Municipal Corporations,SHALOME NAGAR PATTABHIPURAM GUNTUR (CORP.)-3(VILL) GUNTUR(MANDAL) GUNTUR(DIST),522004,shalomeschool.peace[at]gmail[dot]com,https://kys.udiseplus.gov.in/#/schooldetail/4681064/12,4681064,20/12/2025 15:04,2268
******00355 Operational,,SHRIEE VISION SCHOOL REDLA BAZAR SANGADIGUNTA,,,,Andhra Pradesh,2-Primary with Upper Primary,38-Pvt.Unaided,1 To 7,3-Co-educational,2-Urban,NA,,Guntur (M Corp.) - Ward No.12,Guntur-Municipal Corporations,SANGADIGUNTA GUNTUR GUNTUR EAST MANDAL,522003,sreekanth.darsinala[at]gmail[dot]com,https://kys.udiseplus.gov.in/#/schooldetail/4680723/12,4680723,20/12/2025 11:42,2268
******00343 Operational,,SHRI RAM HIGH SCHOOL,,,,Andhra Pradesh,6-Pr. Up Pr. and Secondary Only,38-Pvt.Unaided,1 To 10,3-Co-educational,2-Urban,NA,,Tadepalli Ward No.8,Tadepalli-Municipality,TADEPALLI TADEPALLI TADEPALLI(VILL) THADEPALLE(MANDAL) GUNTUR(DIST),522502,sharonsannepalli1980[at]gmail[dot]com,https://kys.udiseplus.gov.in/#/schooldetail/4679506/12,4679506,25/09/2024 12:00,2268
******01531 Operational,,"SHUBAM JUNIOR COLLEGE, GUNTUR",,,,Andhra Pradesh,11-Higher Secondary only/Jr. College,38-Pvt.Unaided,11 To 12,3-Co-educational,2-Urban,GUNTUR EAST,,Guntur Ward No. 57,Guntur-Municipal Corporations,MADURA NAGAR 6TH LINE KFC BESIDE ROAD AMARAVATHI ROAD GUNTUR,522034,,https://kys.udiseplus.gov.in/#/schooldetail/4721960/12,4721960,05/01/2026 16:47,2268
******00917 Closed,Closed,SIDDARTHA MS KOLLIPARA,,,,Andhra Pradesh,2-Primary with Upper Primary,38-Pvt.Unaided,1 To 7,3-Co-educational,1-Rural,Kollipara,Kollipara,,,KOLLIPARA KOLLIPARA KOLLIPARA(VILL) KOLLIPARA(MANDAL) GUNTUR(DIST),522304,,https://kys.udiseplus.gov.in/#/schooldetail/4681371/12,4681371,10/05/2022 18:57,2268
******00854 Operational,,SIDDARTHA SCHOOL TENALI,,,,Andhra Pradesh,6-Pr. Up Pr. and Secondary Only,38-Pvt.Unaided,1 To 10,3-Co-educational,2-Urban,NA,,Tenali (M) - Ward No.26,Tenali-Municipality,PANDURANGA PETA TENALI TOWN TENALI(U)(VILL) TENALI(MANDAL) GUNTUR(DIST),522202,siddhartha.hschl[at]gmail[dot]com,https://kys.udiseplus.gov.in/#/schooldetail/4681585/12,4681585,22/12/2025 15:14,2268
******91461 Permanently Closed,,SIDDARTHA VOCL. JUNIOR COLLEGE 2/13 - N.T. R. BHAVAN BRODIPETGUNTUR,,,,Andhra Pradesh,11-Higher Secondary only/Jr. College,38-Pvt.Unaided,11 To 12,3-Co-educational,2-Urban,NA,,Guntur (M Corp.) - Ward No.45,Guntur-Municipal Corporations,NA,522002,,https://kys.udiseplus.gov.in/#/schooldetail/4715922/12,4715922,15/10/2020 12:18,2268
******00710 Operational,,SIDDHARTHA PS VKPURAM,,,,Andhra Pradesh,6-Pr. Up Pr. and Secondary Only,38-Pvt.Unaided,1 To 10,3-Co-educational,1-Rural,Pedakakani,Uppalapadu,,,VENKATA KRISHNA PURAM UPPALAPADU UPPALAPADU(VILL) PEDAKAKANI(MANDAL) GUNTUR(DIST),522509,siddharthaoffice126[at]gmail[dot]com,https://kys.udiseplus.gov.in/#/schooldetail/4681263/12,4681263,18/09/2024 12:43,2268
******90400 Permanently Closed,,SIMER (VOC) JR. COLLEGE,,,,Andhra Pradesh,11-Higher Secondary only/Jr. College,38-Pvt.Unaided,11 To 12,3-Co-educational,2-Urban,NA,,Guntur (M Corp.) - Ward No.32,Guntur-Municipal Corporations,NA,522034,,https://kys.udiseplus.gov.in/#/schooldetail/4715908/12,4715908,15/10/2020 12:18,2268
******00604 Operational,,SIMS JUNIOR COLLEGE,,,,Andhra Pradesh,11-Higher Secondary only/Jr. College,38-Pvt.Unaided,11 To 12,3-Co-educational,2-Urban,NA,,Guntur (M Corp.) - Ward No.1,Guntur-Municipal Corporations,NAVABHARATH COLONY GUNTUR,522002,simsjuniorcollege[at]gmail[dot]com,https://kys.udiseplus.gov.in/#/schooldetail/4720076/12,4720076,20/12/2025 11:52,2268
******00709 Closed,Closed,SIMS MY SCHOOL,,,,Andhra Pradesh,6-Pr. Up Pr. and Secondary Only,38-Pvt.Unaided,1 To 10,3-Co-educational,1-Rural,Prathipadu,Gottipadu,,,SIMS MY SCHOOL GOTTIPADU GANIKAPUDI ROAD PRATHIPADU MANDAL GUNTUR DISTRICT 522019,522019,saradakanukolla[at]gmail[dot]com,https://kys.udiseplus.gov.in/#/schooldetail/4719169/12,4719169,29/12/2022 15:41,2268
******91586 Operational,,SIMS MY SCHOOL NANDAMURY COLONY,,,,Andhra Pradesh,6-Pr. Up Pr. and Secondary Only,38-Pvt.Unaided,1 To 10,3-Co-educational,2-Urban,NA,,Guntur (M Corp.) - Ward No.1,Guntur-Municipal Corporations,SIMS MY SCHOOL NANDAMURY COLONY MANAGALAGIRI ROAD,522001,myschoolsims[at]gmail[dot]com,https://kys.udiseplus.gov.in/#/schooldetail/4681190/12,4681190,20/12/2025 12:24,2268
******00361 Operational,,"SIMS MY SCHOOL NEAR ISKCON TEMPLE, MALLAREDDY NAGAR, REDDY C",,,,Andhra Pradesh,6-Pr. Up Pr. and Secondary Only,38-Pvt.Unaided,1 To 10,3-Co-educational,2-Urban,NA,,Guntur (M Corp.) - Ward No.29,Guntur-Municipal Corporations,MALLA REDDY NAGAR GUNTUR,522004,simsmyschoolat[at]gmail[dot]com,https://kys.udiseplus.gov.in/#/schooldetail/4679959/12,4679959,20/12/2025 12:49,2268
******01589 Operational,,SIMS MY SCHOOL SANGADIGUNTA GUNTUR,,,,Andhra Pradesh,2-Primary with Upper Primary,38-Pvt.Unaided,1 To 7,3-Co-educational,2-Urban,GUNTUR EAST,,Guntur (M Corp.) - Ward No.16,Guntur-Municipal Corporations,19-7-92 REDLA BAZAR SANGADIGUNTA GUNTUR,522003,simsmyschoolatsg[at]gmail[dot]com,https://kys.udiseplus.gov.in/#/schooldetail/4722019/12,4722019,20/12/2025 12:19,2268
******00340 Operational,,SINDHU NIKETAN ADARSHA PATASALA,,,,Andhra Pradesh,6-Pr. Up Pr. and Secondary Only,38-Pvt.Unaided,1 To 10,3-Co-educational,2-Urban,NA,,Tadepalli Ward No.23,Tadepalli-Municipality,TADEPALLI TADEPALLI TADEPALLI(VILL) THADEPALLE(MANDAL) GUNTUR(DIST),522501,mrctadepalli[at]gmail[dot]com,https://kys.udiseplus.gov.in/#/schooldetail/4678820/12,4678820,08/10/2024 12:13,2268
******00206 Operational,,SISIRA ENGLISH MEDIUM SCHOOL,,,,Andhra Pradesh,2-Primary with Upper Primary,38-Pvt.Unaided,1 To 7,3-Co-educational,1-Rural,Chebrole,Narakodur,,,"NARAKODUR , CHEBROLE MANDAL , 522212,Sisira",522212,greekschoolnarakoduru[at]gmail[dot]com,https://kys.udiseplus.gov.in/#/schooldetail/4681772/12,4681772,22/12/2025 11:56,2268
******91567 Operational,,SIVAM SCHOOLHB COLONYGUNTUR,,,,Andhra Pradesh,2-Primary with Upper Primary,38-Pvt.Unaided,1 To 7,3-Co-educational,2-Urban,NA,,Guntur (M Corp.) - Ward No.29,Guntur-Municipal Corporations,Venugopal Nagar guntur,522005,sivamgunturschool[at]gmail[dot]com,https://kys.udiseplus.gov.in/#/schooldetail/4681168/12,4681168,20/12/2025 12:24,2268
******91270 Operational,,SJRRMMCHS B DELUX,,,,Andhra Pradesh,7-Upper Pr. and Secondary,34-MUNCIPAL,6 To 10,3-Co-educational,2-Urban,NA,,Guntur (M Corp.) - Ward No.17,Guntur-Municipal Corporations,8th WARD BHASKAR DELUX GUNTUR (CORP.)-2(VILL) GUNTUR(MANDAL) GUNTUR(DIST),522001,sjrrmmchs[at]gmail[dot]com,https://kys.udiseplus.gov.in/#/schooldetail/4680994/12,4680994,20/12/2025 13:04,2268
******91266 Operational,,SKBMMCHS A T A 1 W,,,,Andhra Pradesh,7-Upper Pr. and Secondary,34-MUNCIPAL,6 To 10,3-Co-educational,2-Urban,NA,,Guntur (M Corp.) - Ward No.25,Guntur-Municipal Corporations,24th WARD AT AGRAHARAM GUNTUR (CORP.)-2(VILL) GUNTUR(MANDAL) GUNTUR(DIST),522004,skbmmchschool[at]gmail[dot]com,https://kys.udiseplus.gov.in/#/schooldetail/4680985/12,4680985,20/12/2025 14:51,2268
******90384 Operational,,SKBPMC 99-50-W VGN,,,,Andhra Pradesh,1-Primary,34-MUNCIPAL,1 To 5,3-Co-educational,2-Urban,NA,,Guntur (M Corp.) - Ward No.29,Guntur-Municipal Corporations,50th WARD VENUGOPAL NAGAR GUNTUR (CORP.)(VILL) GUNTUR(MANDAL) GUNTUR(DIST),522004,skbpmcps99[at]gmail[dot]com,https://kys.udiseplus.gov.in/#/schooldetail/4680915/12,4680915,20/12/2025 14:41,2268
******91272 Operational,,SKBPMC HS VG NAGAR,,,,Andhra Pradesh,7-Upper Pr. and Secondary,34-MUNCIPAL,6 To 10,3-Co-educational,2-Urban,NA,,Guntur (M Corp.) - Ward No.29,Guntur-Municipal Corporations,1st WARD VENUGOPAL NAGAR GUNTUR (CORP.)-2(VILL) GUNTUR(MANDAL) GUNTUR(DIST),522005,skbpmchighschool[at]gmail[dot]com,https://kys.udiseplus.gov.in/#/schooldetail/4680245/12,4680245,20/12/2025 14:51,2268
******91033 Operational,,S.K.C.A ES YL NAGAR,,,,Andhra Pradesh,1-Primary,35-Pvt.Aided,1 To 5,3-Co-educational,2-Urban,NA,,Tenali (M) - Ward No.32,Tenali-Municipality,30th WARD Y.N.NAGAR TENALI (M)(VILL) TENALI(MANDAL) GUNTUR(DIST),522202,arunakumarinidumukkala[at]gmail[dot]com,https://kys.udiseplus.gov.in/#/schooldetail/4681662/12,4681662,22/12/2025 15:50,2268
******91067 Closed,Closed,SKDVSH PINAPADU,,,,Andhra Pradesh,7-Upper Pr. and Secondary,35-Pvt.Aided,6 To 10,3-Co-educational,2-Urban,NA,,Tenali (M) - Ward No.24,Tenali-Municipality,25th WARD PINAPADU TENALI (M)(VILL) TENALI(MANDAL) GUNTUR(DIST),522202,bhavanam1960[at]gmail[dot]com,https://kys.udiseplus.gov.in/#/schooldetail/4681683/12,4681683,17/12/2023 18:31,2268
******01106 Operational,,SKD ZPHS RAYAPUDI,,,,Andhra Pradesh,7-Upper Pr. and Secondary,33-MPP_ZPP SCHOOLS,6 To 10,3-Co-educational,1-Rural,Thullur,Rayapudi,,,RAYAPUDI RAYAPUDI RAYAPUDI(VILL) THULLUR(MANDAL) GUNTUR(DIST),522237,skdzphschoolrayapudi[at]gmail[dot]com,https://kys.udiseplus.gov.in/#/schooldetail/4679434/12,4679434,20/06/2025 17:34,2268
******90701 Operational,,SKM MPL ELE S PONNUR,,,,Andhra Pradesh,1-Primary,34-MUNCIPAL,1 To 5,3-Co-educational,2-Urban,NA,,Ponnur (M) - Ward No.3,Ponnuru-Municipality,2nd WARD T B ROAD PONNURU (M)(VILL) PONNURU(MANDAL) GUNTUR(DIST),522124,skmmpleleschool0701[at]gmail[dot]com,https://kys.udiseplus.gov.in/#/schooldetail/4682950/12,4682950,08/10/2024 14:28,2268
******00515 Operational,,S.K.R.P.SCHOOL MGL,,,,Andhra Pradesh,2-Primary with Upper Primary,38-Pvt.Unaided,1 To 7,3-Co-educational,2-Urban,NA,,Mangalagiri (M) - Ward No.20,Mangalagiri-Municipality,KUPPURAO COLONY 6TH LINE MANGALAGIRI MANGALAGIRI (U)(VILL) MANGALAGIRI(MANDAL) GUNTUR(DIST),522503,,https://kys.udiseplus.gov.in/#/schooldetail/4678890/12,4678890,20/12/2025 13:17,2268
******91271 Operational,,SKSMCHS KOTHAPET,,,,Andhra Pradesh,7-Upper Pr. and Secondary,34-MUNCIPAL,6 To 10,3-Co-educational,2-Urban,NA,,Guntur (M Corp.) - Ward No.16,Guntur-Municipal Corporations,8th WARD KOTHAPET GUNTUR (CORP.)-2(VILL) GUNTUR(MANDAL) GUNTUR(DIST),522001,sksmc.highschool[at]gmail[dot]com,https://kys.udiseplus.gov.in/#/schooldetail/4680995/12,4680995,20/12/2025 13:04,2268
******91287 Operational,,SKVRNHS ARENDELPET,,,,Andhra Pradesh,7-Upper Pr. and Secondary,35-Pvt.Aided,6 To 10,3-Co-educational,2-Urban,NA,,Guntur (M Corp.) - Ward No.45,Guntur-Municipal Corporations,15th WARD ARUNDALPET GUNTUR (CORP.)-2(VILL) GUNTUR(MANDAL) GUNTUR(DIST),522002,gidugusrinivas1967[at]gmail[dot]com,https://kys.udiseplus.gov.in/#/schooldetail/4681009/12,4681009,20/12/2025 14:53,2268
******00507 Closed,Closed,SKVS ORIENTAL HS MGL,,,,Andhra Pradesh,7-Upper Pr. and Secondary,37-Pvt.Aided Oriental Schools,6 To 10,3-Co-educational,2-Urban,NA,,Mangalagiri (M) - Ward No.2,Mangalagiri-Municipality,NEAR RADHAM MANGALAGIRI MANGALAGIRI (U)(VILL) MANGALAGIRI(MANDAL) GUNTUR(DIST),522503,skvsohs[at]gmail[dot]com,https://kys.udiseplus.gov.in/#/schooldetail/4679574/12,4679574,15/10/2020 12:18,2268
******90547 Operational,,SLM CHAITANYA ELEMENTARY SCHOOL,,,,Andhra Pradesh,1-Primary,38-Pvt.Unaided,1 To 5,3-Co-educational,2-Urban,NA,,Mangalagiri (M) - Ward No.5,Mangalagiri-Municipality,DWARAK A NAGAR MANGALAGIRI MANGALAGIRI (M)(VILL) MANGALAGIRI(MANDAL) GUNTUR(DIST),522503,slmchaitanya[at]gmail[dot]com,https://kys.udiseplus.gov.in/#/schooldetail/4678965/12,4678965,20/12/2025 13:55,2268
******00417 Operational,,SLM CHAITANYA EM UP SCHOOL,,,,Andhra Pradesh,2-Primary with Upper Primary,38-Pvt.Unaided,1 To 7,3-Co-educational,2-Urban,NA,,Mangalagiri Ward No.13,Mangalagiri-Municipality,1-71 ATMAKUR MANGALAGIRI GUNTUR-522503,522503,slmchaitanya[at]gmail[dot]com,https://kys.udiseplus.gov.in/#/schooldetail/4679569/12,4679569,20/12/2025 13:16,2268
******00506 Operational,,SLM CHAITANYA HS MGL,,,,Andhra Pradesh,7-Upper Pr. and Secondary,38-Pvt.Unaided,6 To 10,3-Co-educational,2-Urban,NA,,Mangalagiri (M) - Ward No.5,Mangalagiri-Municipality,DWARAKA NAGAR MANGALAGIRI MANGALAGIRI (U)(VILL) MANGALAGIRI(MANDAL) GUNTUR(DIST),522503,slmchaitanya[at]gmail[dot]com,https://kys.udiseplus.gov.in/#/schooldetail/4679573/12,4679573,20/12/2025 13:16,2268
******00521 Operational,,SLM CHAITANYA UP SCHOOL OLD MGL,,,,Andhra Pradesh,2-Primary with Upper Primary,38-Pvt.Unaided,1 To 7,3-Co-educational,2-Urban,NA,,Mangalagiri (M) - Ward No.18,Mangalagiri-Municipality,DWARKANAGRA MANGALAGIRI MANGALAGIRI (U)(VILL) MANGALAGIRI(MANDAL) GUNTUR(DIST),522503,slmchaitanya[at]gmail[dot]com,https://kys.udiseplus.gov.in/#/schooldetail/4679580/12,4679580,20/12/2025 13:18,2268
******90358 Operational,,SMC A E I 71-33-W P R,,,,Andhra Pradesh,1-Primary,34-MUNCIPAL,1 To 2,3-Co-educational,2-Urban,NA,,Guntur (M Corp.) - Ward No.12,Guntur-Municipal Corporations,33rd WARD PONNUR ROAD GUNTUR (CORP.)(VILL) GUNTUR(MANDAL) GUNTUR(DIST),522003,,https://kys.udiseplus.gov.in/#/schooldetail/4680890/12,4680890,20/12/2025 12:17,2268
******90378 Operational,,SMCES 22-23-W K R T N,,,,Andhra Pradesh,1-Primary,34-MUNCIPAL,1 To 5,3-Co-educational,2-Urban,NA,,Guntur (M Corp.) - Ward No.2,Guntur-Municipal Corporations,23rd WARD (KAKANI ROAD) THARAKARAMA NAGAR GUNTUR (CORP.)(VILL) GUNTUR(MANDAL) GUNTUR(DIST),522001,srinivasaraothorati[at]gmail[dot]com,https://kys.udiseplus.gov.in/#/schooldetail/4680910/12,4680910,20/12/2025 12:47,2268
******90342 Operational,,SMC ES 58-37W G K R N,,,,Andhra Pradesh,1-Primary,34-MUNCIPAL,1 To 5,3-Co-educational,2-Urban,NA,,Guntur (M Corp.) - Ward No.6,Guntur-Municipal Corporations,37th WARD GOLUSUKONDALA RAO NAGAR GUNTUR (CORP.)(VILL) GUNTUR(MANDAL) GUNTUR(DIST),522001,shaikshaan17[at]gmail[dot]com,https://kys.udiseplus.gov.in/#/schooldetail/4680881/12,4680881,20/12/2025 12:16,2268
******90352 Permanently Closed,,SMCES 90-42W R A,,,,Andhra Pradesh,1-Primary,34-MUNCIPAL,1 To 5,3-Co-educational,2-Urban,NA,,Guntur (M Corp.) - Ward No.22,Guntur-Municipal Corporations,NA,522003,,https://kys.udiseplus.gov.in/#/schooldetail/4715907/12,4715907,15/10/2020 12:18,2268
******90309 Operational,,SMCES -9-10W-1 L S N,,,,Andhra Pradesh,1-Primary,34-MUNCIPAL,1 To 5,3-Co-educational,2-Urban,NA,,Guntur (M Corp.) - Ward No.41,Guntur-Municipal Corporations,10th WARD (IST LANE) SANTHINAGAR GUNTUR (CORP.)(VILL) GUNTUR(MANDAL) GUNTUR(DIST),522007,srvmcps[at]gmail[dot]com,https://kys.udiseplus.gov.in/#/schooldetail/4680116/12,4680116,20/12/2025 13:14,2268
******90307 Operational,,SMCES (LE)-7-1W G G,,,,Andhra Pradesh,1-Primary,34-MUNCIPAL,1 To 5,3-Co-educational,2-Urban,NA,,Guntur (M Corp.) - Ward No.33,Guntur-Municipal Corporations,1st WARD (SCHOOL NO 7) GUJJANA GUNDLA GUNTUR (CORP.)(VILL) GUNTUR(MANDAL) GUNTUR(DIST),522007,bnr1977124[at]gmail[dot]com,https://kys.udiseplus.gov.in/#/schooldetail/4680851/12,4680851,20/12/2025 13:13,2268
******90302 Operational,,SMC JB S -1 3 W 2 L P P M,,,,Andhra Pradesh,1-Primary,34-MUNCIPAL,1 To 5,3-Co-educational,2-Urban,NA,,Guntur (M Corp.) - Ward No.31,Guntur-Municipal Corporations,31st WARD (2nd lane) PATTABHIPURAM GUNTUR (CORP.)(VILL) GUNTUR(MANDAL) GUNTUR(DIST),522006,,https://kys.udiseplus.gov.in/#/schooldetail/4680847/12,4680847,20/12/2025 13:13,2268
******90306 Permanently Closed,,SMCS - 6 GEORGEPET,,,,Andhra Pradesh,1-Primary,34-MUNCIPAL,1 To 5,3-Co-educational,2-Urban,NA,,Guntur (M Corp.) - Ward No.24,Guntur-Municipal Corporations,NA,522006,,https://kys.udiseplus.gov.in/#/schooldetail/4680850/12,4680850,15/10/2020 12:18,2268
******90360 Operational,,SMC(U) ES 73-33W A N,,,,Andhra Pradesh,1-Primary,34-MUNCIPAL,1 To 2,3-Co-educational,2-Urban,NA,,Guntur (M Corp.) - Ward No.13,Guntur-Municipal Corporations,13rd WARD AHAMED NAGAR GUNTUR (CORP.)(VILL) GUNTUR(MANDAL) GUNTUR(DIST),522003,fathimaparveen109[at]gmail[dot]com,https://kys.udiseplus.gov.in/#/schooldetail/4680892/12,4680892,20/12/2025 12:17,2268
******90367 Operational,,SMCUES 80-36-W S N,,,,Andhra Pradesh,1-Primary,34-MUNCIPAL,1 To 5,3-Co-educational,2-Urban,NA,,Guntur (M Corp.) - Ward No.6,Guntur-Municipal Corporations,36th WARD SIDDIQNAGAR GUNTUR (CORP.)(VILL) GUNTUR(MANDAL) GUNTUR(DIST),522003,zakirhussainshameem[at]gmail[dot]com,https://kys.udiseplus.gov.in/#/schooldetail/4680899/12,4680899,20/12/2025 12:45,2268
******90370 Operational,,SMC(U)ES 83-4W-4L C P,,,,Andhra Pradesh,1-Primary,34-MUNCIPAL,1 To 5,3-Co-educational,2-Urban,NA,,Guntur (M Corp.) - Ward No.38,Guntur-Municipal Corporations,38th WARD (4th LANE) COBALDPET GUNTUR (CORP.)(VILL) GUNTUR(MANDAL) GUNTUR(DIST),522002,786dinul[at]gmail[dot]com,https://kys.udiseplus.gov.in/#/schooldetail/4680902/12,4680902,20/12/2025 12:32,2268
******90369 Operational,,SMC(U)ES(G) 45-W S R T,,,,Andhra Pradesh,1-Primary,34-MUNCIPAL,1 To 2,3-Co-educational,2-Urban,NA,,Guntur (M Corp.) - Ward No.21,Guntur-Municipal Corporations,45th WARD (S NO.82) SRINIVASA RAO THOTA GUNTUR (CORP.)(VILL) GUNTUR(MANDAL) GUNTUR(DIST),522003,Kskgnt[at]gmail[dot]com,https://kys.udiseplus.gov.in/#/schooldetail/4680901/12,4680901,20/12/2025 14:41,2268
******90377 Operational,,SMEES 19-22-W R G N,,,,Andhra Pradesh,1-Primary,34-MUNCIPAL,1 To 5,3-Co-educational,2-Urban,NA,,Guntur (M Corp.) - Ward No.2,Guntur-Municipal Corporations,1st WARD(KAKANI ROAD) RAJUGOPALANAGAR GUNTUR (CORP.)(VILL) GUNTUR(MANDAL) GUNTUR(DIST),522001,bogaladevi[at]gmail[dot]com,https://kys.udiseplus.gov.in/#/schooldetail/4680909/12,4680909,20/12/2025 12:46,2268
******91013 Operational,,S M E S B P ROAD,,,,Andhra Pradesh,1-Primary,34-MUNCIPAL,1 To 5,3-Co-educational,2-Urban,NA,,Tenali (M) - Ward No.6,Tenali-Municipality,07th WARD BURRIPALEROAD TENALI (M)(VILL) TENALI(MANDAL) GUNTUR(DIST),522201,smeschoolbproad[at]gmail[dot]com,https://kys.udiseplus.gov.in/#/schooldetail/4681643/12,4681643,22/12/2025 15:41,2268
******91023 Closed,Closed,S M E S .B V PET,,,,Andhra Pradesh,1-Primary,34-MUNCIPAL,1 To 5,3-Co-educational,2-Urban,NA,,Tenali (M) - Ward No.22,Tenali-Municipality,22nd WARD BHAKTHAVASTHALAPET TENALI (M)(VILL) TENALI(MANDAL) GUNTUR(DIST),522201,eluripullaraotenali[at]gmail[dot]com,https://kys.udiseplus.gov.in/#/schooldetail/4681653/12,4681653,04/08/2025 11:55,2268
******91016 Operational,,S M E S GANGANAMMA PET,,,,Andhra Pradesh,1-Primary,34-MUNCIPAL,1 To 5,3-Co-educational,2-Urban,NA,,Tenali (M) - Ward No.23,Tenali-Municipality,04th WARD GANGAMMAPETA TENALI (M)(VILL) TENALI(MANDAL) GUNTUR(DIST),522201,nsrao3080[at]gmail[dot]com,https://kys.udiseplus.gov.in/#/schooldetail/4681646/12,4681646,22/12/2025 15:42,2268
******90317 Operational,,SMES (HB)17-50W- S N,,,,Andhra Pradesh,1-Primary,34-MUNCIPAL,1 To 2,3-Co-educational,2-Urban,NA,,Guntur (M Corp.) - Ward No.29,Guntur-Municipal Corporations,50th WARD SEETHAMMANAGAR GUNTUR (CORP.)(VILL) GUNTUR(MANDAL) GUNTUR(DIST),522006,,https://kys.udiseplus.gov.in/#/schooldetail/4680854/12,4680854,20/12/2025 14:39,2268
******90325 Permanently Closed,,SMES (JB)33-21W V P,,,,Andhra Pradesh,1-Primary,34-MUNCIPAL,1 To 5,3-Co-educational,2-Urban,NA,,Guntur (M Corp.) - Ward No.46,Guntur-Municipal Corporations,NA,522001,,https://kys.udiseplus.gov.in/#/schooldetail/4680859/12,4680859,15/10/2020 12:18,2268
******90332 Operational,,SMES LE 40-23W I P,,,,Andhra Pradesh,1-Primary,34-MUNCIPAL,1 To 5,3-Co-educational,2-Urban,NA,,Guntur (M Corp.) - Ward No.23,Guntur-Municipal Corporations,Israelpet Guntur corporation-522001,522001,Kolakaluri.Ankulu1972[at]gmail[dot]com,https://kys.udiseplus.gov.in/#/schooldetail/4680873/12,4680873,20/12/2025 12:15,2268
******90339 Operational,,SMES LE 50-36-W AN P,,,,Andhra Pradesh,1-Primary,34-MUNCIPAL,1 To 5,3-Co-educational,2-Urban,NA,,Guntur (M Corp.) - Ward No.41,Guntur-Municipal Corporations,41st WARD SUGALI COLONY MUTHYALA REDDY NAGAR GUNTUR (CORP.)(VILL) GUNTUR(MANDAL) GUNTUR(DIST) 522007,522007,mcpschoolno50[at]gmail[dot]com,https://kys.udiseplus.gov.in/#/schooldetail/4680878/12,4680878,20/12/2025 14:40,2268
******91019 Operational,,S M E S PINAPADU,,,,Andhra Pradesh,1-Primary,34-MUNCIPAL,1 To 5,3-Co-educational,2-Urban,NA,,Tenali (M) - Ward No.25,Tenali-Municipality,25th WARD PINAPADU TENALI (M)(VILL) TENALI(MANDAL) GUNTUR(DIST),522202,smespinapadu[at]gmail[dot]com,https://kys.udiseplus.gov.in/#/schooldetail/4681649/12,4681649,22/12/2025 15:44,2268
******91022 Operational,,S.M.E S P R PET,,,,Andhra Pradesh,1-Primary,34-MUNCIPAL,1 To 2,3-Co-educational,2-Urban,NA,,Tenali (M) - Ward No.22,Tenali-Municipality,26th WARD PANDURANGAPET TENALI (M)(VILL) TENALI(MANDAL) GUNTUR(DIST),522202,asamorla067[at]gmail[dot]com,https://kys.udiseplus.gov.in/#/schooldetail/4681652/12,4681652,22/12/2025 15:45,2268
******91055 Operational,,S.M.ES. PS INCOLONY,,,,Andhra Pradesh,1-Primary,34-MUNCIPAL,1 To 5,3-Co-educational,2-Urban,NA,,Tenali (M) - Ward No.27,Tenali-Municipality,29th WARD I.N.COLONY TENALI (M)(VILL) TENALI(MANDAL) GUNTUR(DIST),522202,smesincolony2817[at]gmail[dot]com,https://kys.udiseplus.gov.in/#/schooldetail/4681674/12,4681674,22/12/2025 16:02,2268
******91011 Operational,,S M E S R L PET,,,,Andhra Pradesh,1-Primary,34-MUNCIPAL,1 To 5,3-Co-educational,2-Urban,NA,,Tenali (M) - Ward No.12,Tenali-Municipality,12th WARD RAMALINGESWARAPET TENALI (M)(VILL) TENALI(MANDAL) GUNTUR(DIST),522201,navyasreerc[at]gmail[dot]com,https://kys.udiseplus.gov.in/#/schooldetail/4681641/12,4681641,22/12/2025 15:41,2268
******91008 Operational,,S M E S SALI PET,,,,Andhra Pradesh,1-Primary,34-MUNCIPAL,1 To 5,3-Co-educational,2-Urban,NA,,Tenali (M) - Ward No.19,Tenali-Municipality,19th WARD TULASIRAM CHOWK TENALI (M)(VILL) TENALI(MANDAL) GUNTUR(DIST),522201,smessalipet23[at]gmail[dot]com,https://kys.udiseplus.gov.in/#/schooldetail/4681638/12,4681638,22/12/2025 15:39,2268
******90323 Permanently Closed,,SMES (SSR)30-27W R P,,,,Andhra Pradesh,1-Primary,34-MUNCIPAL,1 To 5,3-Co-educational,2-Urban,NA,,Guntur (M Corp.) - Ward No.41,Guntur-Municipal Corporations,NA,522001,,https://kys.udiseplus.gov.in/#/schooldetail/4715901/12,4715901,15/10/2020 12:18,2268
******91009 Operational,,S M E S T R CHOWK,,,,Andhra Pradesh,1-Primary,34-MUNCIPAL,1 To 5,3-Co-educational,2-Urban,NA,,Tenali (M) - Ward No.20,Tenali-Municipality,5th WARD SALIPET TENALI (M)(VILL) TENALI(MANDAL) GUNTUR(DIST),522201,smestrchowk24[at]gmail[dot]com,https://kys.udiseplus.gov.in/#/schooldetail/4681639/12,4681639,22/12/2025 15:40,2268
******90321 Operational,,SMHES 27-26W M T R K P,,,,Andhra Pradesh,1-Primary,34-MUNCIPAL,1 To 5,3-Co-educational,2-Urban,NA,,Guntur (M Corp.) - Ward No.11,Guntur-Municipal Corporations,09th WARD RAILPET GUNTUR (CORP.)(VILL) GUNTUR(MANDAL) GUNTUR(DIST),522001,durgavakkalagada[at]gmail[dot]com,https://kys.udiseplus.gov.in/#/schooldetail/4680855/12,4680855,20/12/2025 12:13,2268
******91026 Operational,,S M M E S MARRIS PET,,,,Andhra Pradesh,1-Primary,34-MUNCIPAL,1 To 5,3-Co-educational,2-Urban,NA,,Tenali (M) - Ward No.21,Tenali-Municipality,MORRIS PET TENALI MANDAL,522202,smmesmorrispet3726.tnl[at]gmail[dot]com,https://kys.udiseplus.gov.in/#/schooldetail/4681655/12,4681655,22/12/2025 15:47,2268
******90344 Operational,,SMMPES 61-3W-1L,,,,Andhra Pradesh,1-Primary,34-MUNCIPAL,1 To 2,3-Co-educational,2-Urban,NA,,Guntur (M Corp.) - Ward No.31,Guntur-Municipal Corporations,03rd WARD SCNO 61 IST LANE GUNTUR (CORP.)(VILL) GUNTUR(MANDAL) GUNTUR(DIST),522006,kollasiri96[at]gmail[dot]com,https://kys.udiseplus.gov.in/#/schooldetail/4680883/12,4680883,20/12/2025 12:22,2268
******91046 Operational,,SMPES KOTHAPET,,,,Andhra Pradesh,1-Primary,34-MUNCIPAL,1 To 5,3-Co-educational,2-Urban,NA,,Tenali (M) - Ward No.4,Tenali-Municipality,04th WARD KOTHAPET TENALI (M)(VILL) TENALI(MANDAL) GUNTUR(DIST),522201,garikapatinagamani2[at]gmail[dot]com,https://kys.udiseplus.gov.in/#/schooldetail/4681669/12,4681669,22/12/2025 16:00,2268
******90315 Operational,,SMS(LE)-15 -6W C PET,,,,Andhra Pradesh,1-Primary,34-MUNCIPAL,1 To 5,3-Co-educational,2-Urban,NA,,Guntur (M Corp.) - Ward No.38,Guntur-Municipal Corporations,06th WARD COBALD PET GUNTUR (CORP.)(VILL) GUNTUR(MANDAL) GUNTUR(DIST),522002,mcpschool15[at]gmail[dot]com,https://kys.udiseplus.gov.in/#/schooldetail/4680121/12,4680121,20/12/2025 14:39,2268
******91088 Permanently Closed,,SMT. D. INDIRA JUNIOR COLLEGE TENALI,,,,Andhra Pradesh,11-Higher Secondary only/Jr. College,38-Pvt.Unaided,11 To 12,3-Co-educational,2-Urban,NA,,Tenali (M) - Ward No.34,Tenali-Municipality,NA,522201,,https://kys.udiseplus.gov.in/#/schooldetail/4715997/12,4715997,15/10/2020 12:18,2268
******00611 Permanently Closed,,Smt Koritala Indira Seshagiri Rao High SchoolThummalapalem,,,,Andhra Pradesh,6-Pr. Up Pr. and Secondary Only,61-Unrecognised Schools,1 To 10,3-Co-educational,1-Rural,Prathipadu,Nadimpalem,,,NA,522019,,https://kys.udiseplus.gov.in/#/schooldetail/4716026/12,4716026,15/10/2020 12:18,2268
******00904 Operational,,SMT MARY VOC JR.COLLEGE,,,,Andhra Pradesh,11-Higher Secondary only/Jr. College,38-Pvt.Unaided,11 To 12,3-Co-educational,2-Urban,NA,,Tenali (M) - Ward No.25,Tenali-Municipality,Opp New Govt Hospital Chencupet,522202,tenali.smvj[at]gmail[dot]com,https://kys.udiseplus.gov.in/#/schooldetail/4719161/12,4719161,22/12/2025 15:23,2268
******00209 Operational,,SMT SANAGALA PRAMEELA JUNIOR COLLEGE,,,,Andhra Pradesh,11-Higher Secondary only/Jr. College,38-Pvt.Unaided,11 To 12,3-Co-educational,1-Rural,Pedakakani,Nambur,,,SMTSANAGALA PRAMEELA JUNIOR COLLEGE,522508,sspjdc[at]gmail[dot]com,https://kys.udiseplus.gov.in/#/schooldetail/4720403/12,4720403,18/09/2024 12:47,2268
******00618 Operational,,SMVS PS TADIKONDA,,,,Andhra Pradesh,1-Primary,38-Pvt.Unaided,1 To 5,3-Co-educational,1-Rural,Tadikonda,Tadikonda,,,TADIKONDA TADI KONDA TADIKONDA(VILL) TADIKONDA(MANDAL) GUNTUR(DIST),522236,smvspstdk[at]gmail[dot]com,https://kys.udiseplus.gov.in/#/schooldetail/4679686/12,4679686,22/12/2025 10:53,2268
******02010 Closed,Closed,SNEHAMAI UP SCHOOL,,,,Andhra Pradesh,2-Primary with Upper Primary,38-Pvt.Unaided,1 To 8,3-Co-educational,1-Rural,Ponnur,Mulukuduru,,,SNEHAMAI UP SCHOOL NEAR MACHAVRAM X ROADS GBC ROAD MULUKUDURU VILLAGE PONNUR MANDAL GUNTUR DT-522315,522315,,https://kys.udiseplus.gov.in/#/schooldetail/4682948/12,4682948,10/05/2022 18:29,2268
******00316 Closed,Closed,SNEHA NIKETHAN,,,,Andhra Pradesh,1-Primary,38-Pvt.Unaided,1 To 5,3-Co-educational,1-Rural,Pedakakani,Pedakakani,,,RAJAKA VEEDHI PEDA KAKANI PEDAKAKANI(VILL) PEDAKAKANI(MANDAL) GUNTUR(DIST),NA,,https://kys.udiseplus.gov.in/#/schooldetail/4681230/12,4681230,10/05/2022 18:54,2268
******01203 Operational,,S N GOVT HIGH SCHOOL PALAPARRU,,,,Andhra Pradesh,7-Upper Pr. and Secondary,10-State Govt.,6 To 10,3-Co-educational,1-Rural,Pedanandipadu,Palaparru,,,PALAPARRU(VILL) PEDANANDIPADU(MANDAL) GUNTUR(DIST),522235,snhschool1[at]gmail[dot]com,https://kys.udiseplus.gov.in/#/schooldetail/4682828/12,4682828,22/12/2025 19:02,2268
******00911 Operational,,SN GOVT. HS CHEBROLU,,,,Andhra Pradesh,7-Upper Pr. and Secondary,10-State Govt.,6 To 10,3-Co-educational,1-Rural,Chebrole,Chebrolu,,,"CHEBROLE , CHEBROLE(VILL) CHEBROLU(MANDAL) GUNTUR(DIST)",522212,snghschebrole1[at]gmail[dot]com,https://kys.udiseplus.gov.in/#/schooldetail/4681816/12,4681816,20/07/2022 14:46,2268
******00966 Operational,,SPARKLING STARS SCHOOL,,,,Andhra Pradesh,6-Pr. Up Pr. and Secondary Only,38-Pvt.Unaided,1 To 10,3-Co-educational,2-Urban,NA,,Guntur (M Corp.) - Ward No.41,Guntur-Municipal Corporations,nagaralu amaravathi road guntur,522007,Ksambasivarao3452[at]gmail[dot]com,https://kys.udiseplus.gov.in/#/schooldetail/4720081/12,4720081,20/12/2025 13:01,2268
******02032 Operational,,SPARKS ENGLISH MEDIUM SCHOOL,,,,Andhra Pradesh,2-Primary with Upper Primary,38-Pvt.Unaided,1 To 7,3-Co-educational,1-Rural,Tadikonda,Ponnekallu,,,DAMARAPALLI village tadikonda mandal,522018,,,,22/12/2025 10:52,2268
******91037 Closed,Closed,SPDSCJ SARADA PRIMARY KOTHAPETA,,,,Andhra Pradesh,1-Primary,35-Pvt.Aided,1 To 5,3-Co-educational,2-Urban,NA,,Tenali (M) - Ward No.7,Tenali-Municipality,KOTHAPET TENALI (MNDL) TENALI (M)(VILL) TENALI(MANDAL) GUNTUR(DIST),522201,mvraghunadharao[at]gmail[dot]com,https://kys.udiseplus.gov.in/#/schooldetail/4681665/12,4681665,17/12/2023 18:32,2268
******00316 Closed,Closed,S PHANINDRA VN NOWLUR,,,,Andhra Pradesh,6-Pr. Up Pr. and Secondary Only,38-Pvt.Unaided,1 To 10,3-Co-educational,1-Rural,Mangalagiri,NA,,,NOWLUR NOWLUR NOWLUR(VILL) MANGALAGIRI(MANDAL) GUNTUR(DIST),522503,annam.lakshmipadmaja[at]gmail[dot]com,https://kys.udiseplus.gov.in/#/schooldetail/4679556/12,4679556,10/05/2022 17:41,2268
******90707 Operational,,SPL MPL ELE(KN) PONNUR,,,,Andhra Pradesh,1-Primary,34-MUNCIPAL,1 To 5,3-Co-educational,2-Urban,NA,,Ponnur (M) - Ward No.21,Ponnuru-Municipality,SPL MPL ELE SCHOOL KN SPP ROAD PONNUR PONNUR MANDAL GUNTUR DT-522124,522124,splmplschoolkn[at]gmail[dot]com,https://kys.udiseplus.gov.in/#/schooldetail/4682956/12,4682956,08/10/2024 14:33,2268
******90711 Operational,,SPL MPL ELE (LE) N BROLU,,,,Andhra Pradesh,1-Primary,34-MUNCIPAL,1 To 5,3-Co-educational,2-Urban,NA,,Ponnur (M) - Ward No.13,Ponnuru-Municipality,13th WARD MANDRU VARI PARK NIDUBROLU PONNURU (M) GUNTUR(DIST),522124,splmplele[at]gmail[dot]com,https://kys.udiseplus.gov.in/#/schooldetail/4682960/12,4682960,27/09/2024 13:43,2268
******90703 Operational,,SPL MPL ELE S G PALEM,,,,Andhra Pradesh,1-Primary,34-MUNCIPAL,1 To 5,3-Co-educational,2-Urban,NA,,Ponnur (M) - Ward No.26,Ponnuru-Municipality,26th WARD GAJULAPALEM PONNURU (M)(VILL) PONNURU(MANDAL) GUNTUR(DIST),522124,splmplps0703[at]gmai[dot]com,https://kys.udiseplus.gov.in/#/schooldetail/4682952/12,4682952,08/10/2024 14:31,2268
******90713 Operational,,SPL MPL (U) S G PALEM,,,,Andhra Pradesh,1-Primary,34-MUNCIPAL,1 To 5,3-Co-educational,2-Urban,NA,,Ponnur (M) - Ward No.26,Ponnuru-Municipality,26th WARD GAJULAPALEM PONNURU (M)(VILL) PONNURU(MANDAL) GUNTUR(DIST),522124,splmplups[at]gmail[dot]com,https://kys.udiseplus.gov.in/#/schooldetail/4682962/12,4682962,08/10/2024 14:35,2268
******91210 Closed,Closed,SPS APS 6 WARD,,,,Andhra Pradesh,1-Primary,38-Pvt.Unaided,1 To 5,3-Co-educational,2-Urban,NA,,Guntur (M Corp.) - Ward No.36,Guntur-Municipal Corporations,06th WARD LAKSHMI PURAM GUNTUR (CORP.)-2(VILL) GUNTUR(MANDAL) GUNTUR(DIST),522007,spshighschool1[at]mail[dot]com,https://kys.udiseplus.gov.in/#/schooldetail/4680934/12,4680934,11/05/2022 18:43,2268
******91281 Closed,Closed,SPSHS L PURAM,,,,Andhra Pradesh,7-Upper Pr. and Secondary,35-Pvt.Aided,6 To 10,3-Co-educational,2-Urban,NA,,Guntur (M Corp.) - Ward No.36,Guntur-Municipal Corporations,05th WARD (MAINROAD) LAKSHMI PURAM GUNTUR (CORP.)-2(VILL) GUNTUR(MANDAL) GUNTUR(DIST),522007,spshsem[at]gmail[dot]com,https://kys.udiseplus.gov.in/#/schooldetail/4681003/12,4681003,11/05/2022 14:27,2268
******00212 Operational,,SPV ZPHS NAMBUR,,,,Andhra Pradesh,3-Pr. with Up.Pr. Sec. and H.Sec.,33-MPP_ZPP SCHOOLS,1 To 12,3-Co-educational,1-Rural,Pedakakani,Nambur,,,NAMBUR NAMBUR NAMBUR(VILL) PEDAKAKANI(MANDAL) GUNTUR(DIST),522508,spvzphsnambur[at]gmail[dot]com,https://kys.udiseplus.gov.in/#/schooldetail/4680478/12,4680478,18/06/2025 18:42,2268
******00703 Operational,,"SR AIDED ES, GARRUVUPALEM",,,,Andhra Pradesh,1-Primary,35-Pvt.Aided,1 To 5,3-Co-educational,1-Rural,Chebrole,Vadlamudi,,,"GARUVUPALEM , GARUVUPALEM VADLAMUDI(VILL) CHEBROLU(MANDAL) GUNTUR(DIST)",522213,vsrao987[at]gmail[dot]com,https://kys.udiseplus.gov.in/#/schooldetail/4681797/12,4681797,22/12/2025 12:00,2268
******90716 Closed,Closed,SRC AIDED ELE S I S PET,,,,Andhra Pradesh,1-Primary,35-Pvt.Aided,1 To 5,3-Co-educational,2-Urban,NA,,Ponnur (M) - Ward No.20,Ponnuru-Municipality,20th WARD PONNURU (MNDL) PONNURU (M)(VILL) PONNURU(MANDAL) GUNTUR(DIST),522124,,https://kys.udiseplus.gov.in/#/schooldetail/4682965/12,4682965,06/11/2024 14:05,2268
******01108 Operational,,"SREE AADITHYA E.M HIGH SCHOOL, NUTAKKI",,,,Andhra Pradesh,6-Pr. Up Pr. and Secondary Only,38-Pvt.Unaided,1 To 10,3-Co-educational,2-Urban,NA,,Mangalagiri (M) - Ward No.15,Mangalagiri-Municipality,"Nuthakki village, mangalagiri mandal,guntur district",522303,sreeaadithya[at]gmail[dot]com,https://kys.udiseplus.gov.in/#/schooldetail/4679622/12,4679622,20/12/2025 13:27,2268
******00320 Operational,,"SREE BHARATHI ENGLISH MEDIUM SCHOOL, MANGALAGIRI",,,,Andhra Pradesh,6-Pr. Up Pr. and Secondary Only,38-Pvt.Unaided,1 To 10,3-Co-educational,2-Urban,NA,,Mangalagiri (M) - Ward No.32,Mangalagiri-Municipality,NOWLUR NOWLUR NOWLUR (VILL) MANGALAGIRI(MANDAL) GUNTUR(DIST),522503,mallikarjuna.skim1010[at]gmail[dot]com,https://kys.udiseplus.gov.in/#/schooldetail/4679557/12,4679557,20/12/2025 13:13,2268
******91105 Permanently Closed,,SREE HARSHA HIGH SCHOOL TENALI,,,,Andhra Pradesh,6-Pr. Up Pr. and Secondary Only,38-Pvt.Unaided,1 To 10,3-Co-educational,2-Urban,NA,,Tenali (M) - Ward No.29,Tenali-Municipality,NA,522201,,https://kys.udiseplus.gov.in/#/schooldetail/4681707/12,4681707,15/10/2020 12:18,2268
******00200 Operational,,SREE MAHITA JUNIOR COLLEGE,,,,Andhra Pradesh,11-Higher Secondary only/Jr. College,38-Pvt.Unaided,11 To 12,3-Co-educational,1-Rural,Duggirala,Chiluvuru,,,"TUMMAPUDI VILLAGE , DUGGIRALA MANDAL, GUNTUR DT",522330,examcelltenali[at]gmail[dot]com,https://kys.udiseplus.gov.in/#/schooldetail/4720163/12,4720163,10/12/2025 16:03,2268
******91090 Operational,,SREE MAHITA JUNIOR KALASALA,,,,Andhra Pradesh,11-Higher Secondary only/Jr. College,38-Pvt.Unaided,11 To 12,3-Co-educational,2-Urban,NA,,Tenali (M) - Ward No.25,Tenali-Municipality,TENALI 522201 near nssm hm tenali,522202,,https://kys.udiseplus.gov.in/#/schooldetail/4719162/12,4719162,10/12/2025 16:03,2268
******00607 Closed,Closed,SREE NARAYANA HIGH SCHOOL NAGULAPADU,,,,Andhra Pradesh,6-Pr. Up Pr. and Secondary Only,38-Pvt.Unaided,1 To 10,3-Co-educational,1-Rural,Pedanandipadu,Katrapadu,,,NAGULAPADU VILLAGE PEDANANDIPADU MANDAL GUNTUR DIST,522235,sreenarayanahighschools[at]gmail[dot]com,https://kys.udiseplus.gov.in/#/schooldetail/4682808/12,4682808,01/10/2025 11:44,2268
******90394 Operational,,SREE POTTI SRIRAMULU AIDE,,,,Andhra Pradesh,1-Primary,35-Pvt.Aided,1 To 5,3-Co-educational,2-Urban,NA,,Guntur (M Corp.) - Ward No.17,Guntur-Municipal Corporations,14th WARD CHOWTIA GUNTUR (CORP.)(VILL) GUNTUR(MANDAL) GUNTUR(DIST),522003,nvgphani[at]gmail[dot]com,https://kys.udiseplus.gov.in/#/schooldetail/4680183/12,4680183,20/12/2025 12:49,2268
******00403 Operational,,SREE RAMA HS MOTHADAKA,,,,Andhra Pradesh,7-Upper Pr. and Secondary,35-Pvt.Aided,6 To 10,3-Co-educational,1-Rural,Tadikonda,Mothadaka,,,HIGH SCHOOL MOTHADAKA(VILL) TADIKONDA(MANDAL) GUNTUR(DIST),522016,ademmamadda[at]gmail[dot]com,https://kys.udiseplus.gov.in/#/schooldetail/4679665/12,4679665,22/12/2025 10:48,2268
******91327 Operational,,SREE SARADA HS GUNTUR,,,,Andhra Pradesh,6-Pr. Up Pr. and Secondary Only,38-Pvt.Unaided,1 To 10,3-Co-educational,2-Urban,NA,,Guntur (M Corp.) - Ward No.36,Guntur-Municipal Corporations,8-6-33 NEHRU NAGAR GUNTUR GUNTUR (CORP.)-3(VILL) GUNTUR(MANDAL) GUNTUR(DIST),522001,sreesaradaschoolguntur[at]gmail[dot]com,https://kys.udiseplus.gov.in/#/schooldetail/4681042/12,4681042,20/12/2025 13:08,2268
******91593 Operational,,SRESHTA EM SCHOOL SRINIVASARAOPET GUNTUR,,,,Andhra Pradesh,6-Pr. Up Pr. and Secondary Only,38-Pvt.Unaided,1 To 10,3-Co-educational,2-Urban,NA,,Guntur (M Corp.) - Ward No.26,Guntur-Municipal Corporations,9 lane Srinivasaraothota Guntur,522004,ruqsarahmedshariff[at]gmail[dot]com,https://kys.udiseplus.gov.in/#/schooldetail/4681197/12,4681197,20/12/2025 15:13,2268
******00846 Operational,,SRI ABC E.M SCHOOL NEAR RAMA MANDIR HUDCO COLONY BURRIPALE,,,,Andhra Pradesh,6-Pr. Up Pr. and Secondary Only,38-Pvt.Unaided,1 To 10,3-Co-educational,2-Urban,NA,,Tenali (M) - Ward No.12,Tenali-Municipality,KOTHA PETA TENALI TOWN TENALI(U)(VILL) TENALI(MANDAL) GUNTUR(DIST),522201,,https://kys.udiseplus.gov.in/#/schooldetail/4681581/12,4681581,22/12/2025 15:04,2268
******00315 Closed,Closed,SRI AKSHRA SCHOOL SIRIPURAM,,,,Andhra Pradesh,6-Pr. Up Pr. and Secondary Only,38-Pvt.Unaided,1 To 10,3-Co-educational,1-Rural,Medikonduru,Siripuram,,,NEAR PALADUGU ROAD SIRIPURAM POST MEDIKONDURU MANDAL GUNTUR DIST 522401,522401,aksharasree81[at]gmail[dot]com,https://kys.udiseplus.gov.in/#/schooldetail/4680601/12,4680601,15/10/2020 12:18,2268
******00611 Operational,,"SRI ANITHA ENGLISH MEDIUM SCHOOL, TAKKELLAPADU",,,,Andhra Pradesh,6-Pr. Up Pr. and Secondary Only,38-Pvt.Unaided,1 To 10,3-Co-educational,1-Rural,Pedakakani,Takkellapadu,,,TAKKELLAPADU PEDAKAKANI THAKKELLAPADU (R)(VILL) PEDAKAKANI(MANDAL) GUNTUR(DIST),522509,anithaschool1478[at]gmail[dot]com,https://kys.udiseplus.gov.in/#/schooldetail/4681256/12,4681256,18/09/2024 12:40,2268
******00811 Operational,,SRI ARABINDO VK N PET,,,,Andhra Pradesh,6-Pr. Up Pr. and Secondary Only,38-Pvt.Unaided,1 To 10,3-Co-educational,2-Urban,NA,,Tenali (M) - Ward No.8,Tenali-Municipality,NAZEERPET TENALI TOWN TENALI(U)(VILL) TENALI(MANDAL) GUNTUR(DIST),522201,sriaurobindo1981[at]gmail[dot]com,https://kys.udiseplus.gov.in/#/schooldetail/4681573/12,4681573,22/12/2025 14:57,2268
******91543 Closed,Closed,SRI BAGHAVAN BALAKUTEER NALLAPADU GUNTUR,,,,Andhra Pradesh,2-Primary with Upper Primary,38-Pvt.Unaided,1 To 7,3-Co-educational,2-Urban,NA,,Guntur Ward No. 53,Guntur-Municipal Corporations,DNO1-1-12 NEAR RAMALAYAM NALLAPADU,522005,ghantagr[at]gmail[dot]com,https://kys.udiseplus.gov.in/#/schooldetail/4680411/12,4680411,02/09/2024 10:07,2268
******90780 Operational,,"SRI BALAJI EM UP SCHOOL,PONNUR",,,,Andhra Pradesh,2-Primary with Upper Primary,38-Pvt.Unaided,1 To 7,3-Co-educational,2-Urban,NA,,Ponnur (M) - Ward No.2,Ponnuru-Municipality,SRI BALAJI EM UP SCHOOL BEHIND MUNICIPAL OFFICE BHAVANAGARA COLONY PONNUR GUNTUR DT-522124,522124,galetirambabu[at]gmail[dot]com,https://kys.udiseplus.gov.in/#/schooldetail/4683001/12,4683001,07/10/2024 17:09,2268
******01283 Operational,,"SRI BALAJI JUNIOR COLLEGE , MANGALAGIRI",,,,Andhra Pradesh,11-Higher Secondary only/Jr. College,38-Pvt.Unaided,11 To 12,3-Co-educational,2-Urban,NA,,Mangalagiri (M) - Ward No.21,Mangalagiri-Municipality,MANGALAGIRI VILLAGE AND MANDAL,522503,,https://kys.udiseplus.gov.in/#/schooldetail/4721680/12,4721680,20/12/2025 13:53,2268
******00336 Operational,,SRI BHAGAWAN,,,,Andhra Pradesh,6-Pr. Up Pr. and Secondary Only,38-Pvt.Unaided,1 To 10,3-Co-educational,2-Urban,NA,,Tadepalli Ward No.6,Tadepalli-Municipality,NEAR POLICE STN TADEPALLI TADEPALLI(VILL) THADEPALLE(MANDAL) GUNTUR(DIST),522501,srinivasaraokanuri99[at]gmail[dot]com,https://kys.udiseplus.gov.in/#/schooldetail/4679504/12,4679504,08/10/2024 12:12,2268
******00816 Permanently Closed,,SRI BHARATHI (VOC) JR COLLEGE,,,,Andhra Pradesh,11-Higher Secondary only/Jr. College,38-Pvt.Unaided,11 To 12,3-Co-educational,1-Rural,Medikonduru,Medikonduru,,,NA,522438,,https://kys.udiseplus.gov.in/#/schooldetail/4715840/12,4715840,15/10/2020 12:18,2268
******91304 Operational,,SRI BORRA NAGESWARA RAO MCHS,,,,Andhra Pradesh,7-Upper Pr. and Secondary,34-MUNCIPAL,6 To 10,3-Co-educational,2-Urban,NA,,Guntur (M Corp.) - Ward No.2,Guntur-Municipal Corporations,2nd WARD (NAVABHARAT COLONY) GUNTUR(MANDAL) GUNTUR (CORP.)-3(VILL) GUNTUR(MANDAL) GUNTUR(DIST),522001,sbnrmchs9845[at]gmail[dot]com,https://kys.udiseplus.gov.in/#/schooldetail/4681028/12,4681028,20/12/2025 13:07,2268
******91070 Operational,,SRI CHAITANYA E.M HIGH SCHOOL DEVICHOWK TENALI,,,,Andhra Pradesh,7-Upper Pr. and Secondary,38-Pvt.Unaided,6 To 10,3-Co-educational,2-Urban,NA,,Tenali (M) - Ward No.11,Tenali-Municipality,11th WARD DEVI CHOWK TENALI (M)(VILL) TENALI(MANDAL) GUNTUR(DIST),522201,tenali3[at]srichaitanyaschool[dot]net,https://kys.udiseplus.gov.in/#/schooldetail/4681685/12,4681685,22/12/2025 15:59,2268
******00129 Operational,,"SRI CHAITANYA EM HIGH SCHOOL, NULAKAPET, TADEPALLI",,,,Andhra Pradesh,6-Pr. Up Pr. and Secondary Only,38-Pvt.Unaided,1 To 10,3-Co-educational,2-Urban,NA,,Tadepalli Ward No.14,Tadepalli-Municipality,NULAKAPETTADEPALLI MANDALGUNTURDIST522501,522503,mangalagiri4[at]srichaitanyaschool[dot]net,https://kys.udiseplus.gov.in/#/schooldetail/4720528/12,4720528,08/10/2024 11:08,2268
******91578 Operational,,SRI CHAITANYA HIGH SCHOOL NAGARALU,,,,Andhra Pradesh,6-Pr. Up Pr. and Secondary Only,38-Pvt.Unaided,1 To 10,3-Co-educational,2-Urban,NA,,Guntur Ward No. 57,Guntur-Municipal Corporations,"NAGARALU, AMARAVATHI ROAD, GUNTUR",522034,nagaralu[at]srichaitanyaschool[dot]net,https://kys.udiseplus.gov.in/#/schooldetail/4681177/12,4681177,20/12/2025 12:31,2268
******91577 Operational,,"SRI CHAITANYA HIGH SCHOOL NAVABHARAT NAGAR, GUNTUR",,,,Andhra Pradesh,7-Upper Pr. and Secondary,38-Pvt.Unaided,6 To 10,3-Co-educational,2-Urban,NA,,Guntur (M Corp.) - Ward No.36,Guntur-Municipal Corporations,"NAVABHARAT NAGAR, GUNTUR",522007,navabharatnagar[at]srichaitanyaschool[dot]net,https://kys.udiseplus.gov.in/#/schooldetail/4681176/12,4681176,20/12/2025 15:13,2268
******90402 Permanently Closed,,SRI CHAITANYA JR. COLLEGE,,,,Andhra Pradesh,11-Higher Secondary only/Jr. College,38-Pvt.Unaided,11 To 12,3-Co-educational,2-Urban,NA,,Guntur (M Corp.) - Ward No.34,Guntur-Municipal Corporations,NA,522007,,https://kys.udiseplus.gov.in/#/schooldetail/4680190/12,4680190,15/10/2020 12:18,2268
******00698 Operational,,"SRI CHAITANYA JR COLLEGE, GUNTUR",,,,Andhra Pradesh,11-Higher Secondary only/Jr. College,38-Pvt.Unaided,11 To 12,3-Co-educational,2-Urban,NA,,Guntur (M Corp.) - Ward No.52,Guntur-Municipal Corporations,SRI CHAITANYA JUNIOR COLLEGE DNO 22-4-47 NEAR OLD BUSTAND CENTER LALAPET GUNTUR,522003,srichaitanyammpjrcollege68[at]gmail[dot]com,https://kys.udiseplus.gov.in/#/schooldetail/4719124/12,4719124,20/12/2025 12:06,2268
******00948 Operational,,SRI CHAITANYA JUNIOR COLLEGE,,,,Andhra Pradesh,11-Higher Secondary only/Jr. College,38-Pvt.Unaided,11 To 12,3-Co-educational,2-Urban,NA,,Guntur (M Corp.) - Ward No.20,Guntur-Municipal Corporations,SRI CHAITANYA JR COLLEGE D NO 7-17-103 7-17-104 4TH LINE SRI NAGAR GUNTUR,522002,srichaitanyajuniorcollegegnt[at]gmail[dot]com,https://kys.udiseplus.gov.in/#/schooldetail/4719136/12,4719136,20/12/2025 13:00,2268
******90406 Permanently Closed,,SRI CHAITANYA JUNIOR COLLEGE,,,,Andhra Pradesh,11-Higher Secondary only/Jr. College,38-Pvt.Unaided,11 To 12,3-Co-educational,2-Urban,NA,,Guntur (M Corp.) - Ward No.34,Guntur-Municipal Corporations,NA,522006,,https://kys.udiseplus.gov.in/#/schooldetail/4715911/12,4715911,15/10/2020 12:18,2268
******00950 Operational,,SRI CHAITANYA JUNIOR COLLEGE,,,,Andhra Pradesh,11-Higher Secondary only/Jr. College,38-Pvt.Unaided,11 To 12,3-Co-educational,2-Urban,NA,,Guntur (M Corp.) - Ward No.21,Guntur-Municipal Corporations,Sri chaitanya junior collegeDNo 5-91-19 5-91-20A 4th Line Lakshmipuram Guntur,522007,scjc06103[at]gmail[dot]com,https://kys.udiseplus.gov.in/#/schooldetail/4719138/12,4719138,05/01/2026 15:11,2268
******00535 Operational,,SRI CHAITANYA JUNIOR COLLEGE,,,,Andhra Pradesh,11-Higher Secondary only/Jr. College,38-Pvt.Unaided,11 To 12,3-Co-educational,2-Urban,NA,,Mangalagiri (M) - Ward No.29,Mangalagiri-Municipality,7-426 /7 - 426A TIPPARLA BAZAR,522503,srichaitanyajuniorcollege06149[at]gmail[dot]com,https://kys.udiseplus.gov.in/#/schooldetail/4719096/12,4719096,20/12/2025 13:20,2268
******91131 Operational,,SRI CHAITANYA JUNIOR COLLEGE,,,,Andhra Pradesh,11-Higher Secondary only/Jr. College,38-Pvt.Unaided,11 To 12,3-Co-educational,2-Urban,NA,,Tenali (M) - Ward No.40,Tenali-Municipality,DOOR NO 7-5-6 BEHIND RTC BUS DEPOT GANGANAMMAPET TENALI,522201,srichaitanya.tenali[at]gmail[dot]com,https://kys.udiseplus.gov.in/#/schooldetail/4719164/12,4719164,22/12/2025 15:10,2268
******91130 Operational,,SRI CHAITANYA JUNIOR COLLEGE,,,,Andhra Pradesh,11-Higher Secondary only/Jr. College,38-Pvt.Unaided,11 To 12,3-Co-educational,2-Urban,NA,,Tenali (M) - Ward No.40,Tenali-Municipality,DOOR NO 2-1-74 GANDHINAGAR TENALI,522201,srichaitanya.tenalivyas[at]gmail[dot]com,https://kys.udiseplus.gov.in/#/schooldetail/4719163/12,4719163,22/12/2025 15:08,2268
******00679 Closed,Closed,"SRI CHAITANYA JUNIOR COLLEGE, AMARAVATHI ROAD, GORANTLA, GUNTUR",,,,Andhra Pradesh,11-Higher Secondary only/Jr. College,38-Pvt.Unaided,11 To 12,3-Co-educational,2-Urban,NA,,Guntur (M Corp.) - Ward No.25,Guntur-Municipal Corporations,SRI CHAITANYA JUNIOR COLLEGE DNO 11-207 AMARAVATHI ROAD GORANTLA GUNTUR,522034,srichaitanyajuniorcollege06021[at]gmail[dot]com,https://kys.udiseplus.gov.in/#/schooldetail/4719122/12,4719122,14/08/2025 10:53,2268
******00677 Operational,,"SRI CHAITANYA JUNIOR COLLEGE, CHANDRAMOULINAGAR, GUNTUR",,,,Andhra Pradesh,11-Higher Secondary only/Jr. College,38-Pvt.Unaided,11 To 12,3-Co-educational,2-Urban,NA,,Guntur (M Corp.) - Ward No.27,Guntur-Municipal Corporations,"SRICHAITANYA JUNIOR COLLEGE D.NO. 5-89-11/5,1st LINE CHANDRAMOULINAGAR GUNTUR",522007,srichaitanyajuniorcollege06019[at]gmail[dot]com,https://kys.udiseplus.gov.in/#/schooldetail/4680012/12,4680012,20/12/2025 12:55,2268
******00506 Operational,,"SRI CHAITANYA JUNIOR COLLEGE, GORANTLA, GUNTUR",,,,Andhra Pradesh,11-Higher Secondary only/Jr. College,38-Pvt.Unaided,11 To 12,3-Co-educational,2-Urban,NA,,Guntur Ward No. 57,Guntur-Municipal Corporations,SRI CHAITANYA JR.COLLEGE 88/1 GORANTLA GUNTUR 522034,522034,srichaitanyajuniorcollege06056[at]gmail[dot]com,https://kys.udiseplus.gov.in/#/schooldetail/4680751/12,4680751,20/12/2025 11:50,2268
******91455 Operational,,"SRI CHAITANYA JUNIOR COLLEGE, INNER RING ROAD, GUNTUR",,,,Andhra Pradesh,11-Higher Secondary only/Jr. College,38-Pvt.Unaided,11 To 12,3-Co-educational,2-Urban,NA,,Guntur (M Corp.) - Ward No.47,Guntur-Municipal Corporations,SRI CHAITANYA JR COLLEGE D NO 283-1 VIJAY DIGITAL BACK SIDE INNER RING ROAD REDDYPALEM GUNTUR,522509,srichaitanyajuniorcollege06006[at]gmail[dot]com,https://kys.udiseplus.gov.in/#/schooldetail/4719155/12,4719155,05/01/2026 16:48,2268
******00672 Operational,,"SRI CHAITANYA JUNIOR COLLEGE KORETAPADU, GUNTUR",,,,Andhra Pradesh,11-Higher Secondary only/Jr. College,38-Pvt.Unaided,11 To 12,3-Co-educational,2-Urban,NA,,Guntur (M Corp.) - Ward No.26,Guntur-Municipal Corporations,SRI CHAITANYA JUNIOR COLLEGE DNO 4-12-41 1ST LINE NAIDUPET KORITEPADU GUNTUR,522007,srichaitanyajuniorcollege06009[at]gmail[dot]com,https://kys.udiseplus.gov.in/#/schooldetail/4680008/12,4680008,20/12/2025 12:54,2268
******00214 Operational,,"SRI CHAITANYA JUNIOR COLLEGE, LAKSHMIPURAM, GUNTUR",,,,Andhra Pradesh,11-Higher Secondary only/Jr. College,38-Pvt.Unaided,11 To 12,3-Co-educational,2-Urban,NA,,Guntur Ward No. 54,Guntur-Municipal Corporations,SRI CHAITANYA JUNIOR COLLEGE DNO 5-89-9 3RD LINE LAKSHMIPURAM GUNTUR,522007,srichaitanyajuniorcollege06013[at]gmail[dot]com,https://kys.udiseplus.gov.in/#/schooldetail/4719115/12,4719115,20/12/2025 12:43,2268
******00673 Operational,,"SRI CHAITANYA JUNIOR COLLEGE, LALAPET, GUNTUR",,,,Andhra Pradesh,11-Higher Secondary only/Jr. College,38-Pvt.Unaided,11 To 12,3-Co-educational,2-Urban,NA,,Guntur (M Corp.) - Ward No.32,Guntur-Municipal Corporations,SRI CHAITANYA JR COLLEGE DNO 22-4-105 HEMASUDARSHANA COMPLEX JINNAH TOWER CENTRE LALAPET GUNTUR,522003,srichaitanyajuniorcollege06010[at]gmail[dot]com,https://kys.udiseplus.gov.in/#/schooldetail/4719121/12,4719121,20/12/2025 12:02,2268
******00675 Operational,,"SRI CHAITANYA JUNIOR COLLEGE, NAVABHARATNAGAR, GUNTUR",,,,Andhra Pradesh,11-Higher Secondary only/Jr. College,38-Pvt.Unaided,11 To 12,3-Co-educational,2-Urban,NA,,Guntur (M Corp.) - Ward No.32,Guntur-Municipal Corporations,SRICHAITANYA JUNIOR COLLEGE DNO5 TSNO1742/1 4/2 NAVABARATH NAGAR GUNTUR,522006,srichaitanyajuniorcollege06016[at]gmail[dot]com,https://kys.udiseplus.gov.in/#/schooldetail/4680010/12,4680010,20/12/2025 12:54,2268
******00949 Operational,,"SRI CHAITANYA JUNIOR COLLEGE, OLD PATTABHIPURAM, GUNTUR",,,,Andhra Pradesh,11-Higher Secondary only/Jr. College,38-Pvt.Unaided,11 To 12,3-Co-educational,2-Urban,NA,,Guntur (M Corp.) - Ward No.21,Guntur-Municipal Corporations,SRICHAITANYA JUNIOR COLLEGE DNO 3-14-43 1st LINE OLD PATTABHIPURAM GUNTUR 522006,522006,scjc06109[at]gmail[dot]com,https://kys.udiseplus.gov.in/#/schooldetail/4719137/12,4719137,20/12/2025 13:00,2268
******91441 Operational,,"SRI CHAITANYA JUNIOR COLLEGE, PONNUR ROAD, GUNTUR",,,,Andhra Pradesh,11-Higher Secondary only/Jr. College,38-Pvt.Unaided,11 To 12,3-Co-educational,2-Urban,NA,,Guntur (M Corp.) - Ward No.19,Guntur-Municipal Corporations,SRI CHAITANYA JR COLLEGE DNO 1172/A 1173/B ANMOL TOWERS PONNUR ROAD GUNTUR,522003,srichaitanyajuniorcollege06075[at]gmail[dot]com,https://kys.udiseplus.gov.in/#/schooldetail/4681089/12,4681089,20/12/2025 12:54,2268
******00669 Operational,,"SRI CHAITANYA JUNIOR COLLEGE, REDDYPALEM, GUNTUR",,,,Andhra Pradesh,11-Higher Secondary only/Jr. College,38-Pvt.Unaided,11 To 12,3-Co-educational,2-Urban,NA,,Guntur (M Corp.) - Ward No.45,Guntur-Municipal Corporations,D NO 326/P 327/P INNER RING ROAD REDDYPALEM GUNTUR,522509,-srichaitanyajuniorcollege06039[at]gmail[dot]com,https://kys.udiseplus.gov.in/#/schooldetail/4719119/12,4719119,20/12/2025 12:00,2268
******91452 Operational,,"SRI CHAITANYA JUNIOR COLLEGE,REDDYPALEM, GUNTUR",,,,Andhra Pradesh,11-Higher Secondary only/Jr. College,38-Pvt.Unaided,11 To 12,3-Co-educational,2-Urban,NA,,Guntur (M Corp.) - Ward No.34,Guntur-Municipal Corporations,"SRI CHAITANYA JUNIOR COLLEGE D.NO 315 1ST LINE SAKUNTALA NAGAR, INNER RING ROAD, REDDYPALEM, GUNTUR",522509,srichaitanyajuniorcollege06012[at]gmail[dot]com,https://kys.udiseplus.gov.in/#/schooldetail/4719153/12,4719153,20/12/2025 12:55,2268
******91454 Operational,,"SRI CHAITANYA JUNIOR COLLEGE, SAIBABA ROAD, GUNTUR",,,,Andhra Pradesh,11-Higher Secondary only/Jr. College,38-Pvt.Unaided,11 To 12,3-Co-educational,2-Urban,NA,,Guntur (M Corp.) - Ward No.45,Guntur-Municipal Corporations,SRI CHAITANYA JUNIOR COLLEGE 35/A SAIBABA ROAD GUNTUR,522007,srichaitanyajuniorcollege06001[at]gmail[dot]com,https://kys.udiseplus.gov.in/#/schooldetail/4680351/12,4680351,20/12/2025 15:22,2268
******91110 Operational,,SRI CHAITANYA PRIMARY SCHOOL DEVICHOWK TENALI,,,,Andhra Pradesh,6-Pr. Up Pr. and Secondary Only,38-Pvt.Unaided,1 To 10,3-Co-educational,2-Urban,NA,,Tenali (M) - Ward No.11,Tenali-Municipality,SRI CHAITANYA PRIMARY SCHOOL DEVICHOWK TENALI,522201,tenali3[at]srichaitanyaschool[dot]net,https://kys.udiseplus.gov.in/#/schooldetail/4681711/12,4681711,22/12/2025 15:52,2268
******91466 Operational,,SRI CHAITANYA PUBLIC SCHOOL PEDAPALAKALUR,,,,Andhra Pradesh,1-Primary,38-Pvt.Unaided,1 To 5,3-Co-educational,2-Urban,NA,,Guntur Ward No. 54,Guntur-Municipal Corporations,PEDAPALAKALURU guntur rural,522009,sanagalasambireddy[at]gmail[dot]com,https://kys.udiseplus.gov.in/#/schooldetail/4680356/12,4680356,20/12/2025 15:21,2268
******01145 Operational,,SRI CHAITANYA SCHOOL,,,,Andhra Pradesh,2-Primary with Upper Primary,38-Pvt.Unaided,1 To 7,3-Co-educational,2-Urban,Guntur,,Guntur (M Corp.) - Ward No.8,Guntur-Municipal Corporations,"LAKSHMIPURAM, 3rd LINE, NEAR IDBI BANK, GUNTUR",522007,gunturcoipl[at]srichaitanyaschool[dot]net,https://kys.udiseplus.gov.in/#/schooldetail/4721580/12,4721580,20/12/2025 15:07,2268
******00924 Operational,,SRI CHAITANYA SCHOOL,,,,Andhra Pradesh,6-Pr. Up Pr. and Secondary Only,39-Pvt.Unaided (CBSE Syllabus),1 To 10,3-Co-educational,2-Urban,NA,,Guntur (M Corp.) - Ward No.34,Guntur-Municipal Corporations,"Reddy PALEM Area, GUNTUR East",522006,internationalschoolwhitehouseprincipal[at]srichaitanyaschool[dot]net,https://kys.udiseplus.gov.in/#/schooldetail/4680787/12,4680787,20/12/2025 12:08,2268
******00533 Operational,,SRI CHAITANYA SCHOOL,,,,Andhra Pradesh,6-Pr. Up Pr. and Secondary Only,38-Pvt.Unaided,1 To 10,3-Co-educational,2-Urban,NA,,Mangalagiri (M) - Ward No.11,Mangalagiri-Municipality,"NEAR HEAD POST OFFICE, 32ND WARD, MANGALAGIRI",522503,mangalagiri[at]srichaitanyaschool[dot]net,https://kys.udiseplus.gov.in/#/schooldetail/4719094/12,4719094,20/12/2025 13:20,2268
******01543 Operational,,"SRI CHAITANYA SCHOOL, AGATHAVARAPPADU",,,,Andhra Pradesh,7-Upper Pr. and Secondary,38-Pvt.Unaided,6 To 10,3-Co-educational,1-Rural,Pedakakani,Agatha Varappadu,,,"NEAR BHASHYAM RAMSETHU, AGAHTAVARAPADU VILLAGE, PEDAKAKANI MANDAL",522509,gunturcoipl2[at]srichaitanyaschool[dot]net,https://kys.udiseplus.gov.in/#/schooldetail/4721992/12,4721992,18/09/2024 12:45,2268
******91107 Operational,,SRI CHAITANYA SCHOOL B P ROAD TENALI,,,,Andhra Pradesh,6-Pr. Up Pr. and Secondary Only,38-Pvt.Unaided,1 To 10,3-Co-educational,2-Urban,NA,,Tenali (M) - Ward No.4,Tenali-Municipality,ARAVIND ENCLAVE opp veterinary hospital burripalem road tenali-522201,522201,Tenali2principal[at]srichaitanyaschool[dot]net,https://kys.udiseplus.gov.in/#/schooldetail/4681708/12,4681708,22/12/2025 15:53,2268
******91108 Operational,,SRI CHAITANYA SCHOOL GANGANAMMPETA TENALI,,,,Andhra Pradesh,6-Pr. Up Pr. and Secondary Only,38-Pvt.Unaided,1 To 10,3-Co-educational,2-Urban,NA,,Tenali (M) - Ward No.37,Tenali-Municipality,7-2-23 GANGANAMMA PET OPP ASN PETROL BUNK BHAVANAM VARI STREET TENALI-522201,522201,tenali[at]srichaitanyaschool[dot]net,https://kys.udiseplus.gov.in/#/schooldetail/4681709/12,4681709,22/12/2025 15:52,2268
******00328 Operational,,"SRI CHAITANYA SCHOOL, LAKSHMIPURAM, GUNTUR",,,,Andhra Pradesh,7-Upper Pr. and Secondary,38-Pvt.Unaided,6 To 10,3-Co-educational,2-Urban,NA,,Guntur (M Corp.) - Ward No.37,Guntur-Municipal Corporations,"LAKSHMIPURAM, GUNTUR",522007,gunturds1principal[at]srichaitanyaschool[dot]net,https://kys.udiseplus.gov.in/#/schooldetail/4680692/12,4680692,20/12/2025 12:44,2268
******00520 Operational,,SRI CHAITANYA SCHOOL MANAGALAGIRI,,,,Andhra Pradesh,6-Pr. Up Pr. and Secondary Only,38-Pvt.Unaided,1 To 10,3-Co-educational,2-Urban,NA,,Mangalagiri (M) - Ward No.30,Mangalagiri-Municipality,18TH WARD MANGALAGIRI MANGALAGIRI (U)(VILL) MANGALAGIRI(MANDAL) GUNTUR(DIST),522503,mangalagiri[at]srichaitanyaschool[dot]net,https://kys.udiseplus.gov.in/#/schooldetail/4679579/12,4679579,20/12/2025 13:18,2268
******00525 Operational,,SRI CHAITANYA SCHOOL NAVABHARATH NAGAR,,,,Andhra Pradesh,2-Primary with Upper Primary,38-Pvt.Unaided,1 To 7,3-Co-educational,2-Urban,NA,,Guntur (M Corp.) - Ward No.4,Guntur-Municipal Corporations,"Navabharat Nagar, Guntur",522007,srichaitanyanbnagar[at]gmail[dot]com,https://kys.udiseplus.gov.in/#/schooldetail/4720954/12,4720954,05/01/2026 16:33,2268
******91580 Operational,,SRI CHAITANYA SCHOOL NEHRU NAGAR,,,,Andhra Pradesh,6-Pr. Up Pr. and Secondary Only,38-Pvt.Unaided,1 To 10,3-Co-educational,2-Urban,NA,,Guntur (M Corp.) - Ward No.19,Guntur-Municipal Corporations,"BUTCHAIAHTHOTA, 1ST LINE, NEHRUNAGAR, GUNTUR",522001,nehrunagarprincipal[at]srichaitanyaschool[dot]net,https://kys.udiseplus.gov.in/#/schooldetail/4681184/12,4681184,20/12/2025 12:31,2268
******91576 Operational,,SRI CHAITANYA SCHOOL REDDYPALEM,,,,Andhra Pradesh,6-Pr. Up Pr. and Secondary Only,38-Pvt.Unaided,1 To 10,3-Co-educational,2-Urban,NA,,Guntur Ward No. 62,Guntur-Municipal Corporations,"INNER RING ROAD, REDDYPALEM, GUNTUR",522509,gunturres[at]srichaitanyaschool[dot]net,https://kys.udiseplus.gov.in/#/schooldetail/4680440/12,4680440,20/12/2025 12:31,2268
******91109 Operational,,SRI CHAITANYA SCHOOLS CHENCHUPET TENALI,,,,Andhra Pradesh,6-Pr. Up Pr. and Secondary Only,38-Pvt.Unaided,1 To 10,3-Co-educational,2-Urban,NA,,Tenali (M) - Ward No.28,Tenali-Municipality,TENALI MANDAL 522202,522201,tenali4[at]srichaitanyaschool[dot]net,https://kys.udiseplus.gov.in/#/schooldetail/4681710/12,4681710,22/12/2025 15:52,2268
******00534 Operational,,SRI CHAITANYA SCHOOL SHARAFF BAZAR,,,,Andhra Pradesh,6-Pr. Up Pr. and Secondary Only,38-Pvt.Unaided,1 To 10,3-Co-educational,2-Urban,NA,,Mangalagiri (M) - Ward No.11,Mangalagiri-Municipality,"11th ward, sharaff bazar, mangalagiri",522503,mangalagiri5[at]srichaitanyaschool[dot]net,https://kys.udiseplus.gov.in/#/schooldetail/4719095/12,4719095,20/12/2025 13:20,2268
******91579 Operational,,SRI CHAITANYA SCHOOL SYAMALANAGAR,,,,Andhra Pradesh,6-Pr. Up Pr. and Secondary Only,38-Pvt.Unaided,1 To 10,3-Co-educational,2-Urban,NA,,Guntur (M Corp.) - Ward No.31,Guntur-Municipal Corporations,"SYAMALANAGAR, GUNTUR",522006,syamalanagar[at]srichaitanyaschool[dot]net,https://kys.udiseplus.gov.in/#/schooldetail/4681178/12,4681178,20/12/2025 15:13,2268
******00327 Operational,,"SRI CHAITHANYA UPPER PRIMARY SCHOOL, LAKSHMIPURAM, GUNTUR",,,,Andhra Pradesh,2-Primary with Upper Primary,38-Pvt.Unaided,1 To 7,3-Co-educational,2-Urban,NA,,Guntur (M Corp.) - Ward No.36,Guntur-Municipal Corporations,"LAKSHMIPURAM, MAIN ROAD, GUNTUR",522006,gunturds[at]srichaitanyaschool[dot]net,https://kys.udiseplus.gov.in/#/schooldetail/4680690/12,4680690,20/12/2025 12:44,2268
******00111 Operational,,SRI CHARAN VIDYANIKETHAN,,,,Andhra Pradesh,6-Pr. Up Pr. and Secondary Only,38-Pvt.Unaided,1 To 10,3-Co-educational,2-Urban,NA,,Tadepalli Ward No.11,Tadepalli-Municipality,PENUMAKA TADEPALLI MANDAL GUNTUR DIST522501,522501,ramumaster36[at]gmail[dot]com,https://kys.udiseplus.gov.in/#/schooldetail/4720062/12,4720062,07/07/2025 10:50,2268
******00603 Closed,Closed,SRI CHARITHA NIDAMARRU,,,,Andhra Pradesh,2-Primary with Upper Primary,38-Pvt.Unaided,1 To 7,3-Co-educational,1-Rural,Mangalagiri,NA,,,NEAR CINEMA HALL NIDAMARRU NIDAMARRU(VILL) MANGALAGIRI(MANDAL) GUNTUR(DIST),522503,,https://kys.udiseplus.gov.in/#/schooldetail/4679589/12,4679589,10/05/2022 17:41,2268
******91472 Closed,Closed,SRI DATTA SAI TALENT SCHOOL,,,,Andhra Pradesh,2-Primary with Upper Primary,38-Pvt.Unaided,1 To 7,3-Co-educational,2-Urban,NA,,Guntur Ward No. 57,Guntur-Municipal Corporations,NALLACHERUVU GUNTUR,522003,saisrinivas0575[at]gmail[dot]com,https://kys.udiseplus.gov.in/#/schooldetail/4681099/12,4681099,22/12/2023 10:08,2268
******91525 Permanently Closed,,SRI DATTA SAI TALENT SCHOOL NALLACHERUVU,,,,Andhra Pradesh,2-Primary with Upper Primary,38-Pvt.Unaided,1 To 7,3-Co-educational,2-Urban,NA,,Guntur (M Corp.) - Ward No.18,Guntur-Municipal Corporations,NA,522003,,https://kys.udiseplus.gov.in/#/schooldetail/4715929/12,4715929,15/10/2020 12:18,2268
******00850 Operational,,"SRI DEVI ENGLISH MEDIUM SCHOOL, BOSE ROAD, TENALI",,,,Andhra Pradesh,6-Pr. Up Pr. and Secondary Only,38-Pvt.Unaided,1 To 10,3-Co-educational,2-Urban,NA,,Tenali (M) - Ward No.15,Tenali-Municipality,BOSE ROAD TENALI TOWN TENALI(U)(VILL) TENALI(MANDAL) GUNTUR(DIST),522201,sridevi28173200850[at]gmail[dot]com,https://kys.udiseplus.gov.in/#/schooldetail/4681583/12,4681583,22/12/2025 15:14,2268
******00715 Operational,,SRI DIVYAMATHA VN PP,,,,Andhra Pradesh,2-Primary with Upper Primary,38-Pvt.Unaided,1 To 8,3-Co-educational,1-Rural,Phirangipuram,Phirangipuram,,,AIBABATEMPLE PHIRANGIPURAM PHIRANGIPURAM (PT)(VILL) PHIRANGIPURAM(MANDAL) GUNTUR(DIST),522529,sridivyamathavidhyaniketan2016[at]gmail[dot]com,https://kys.udiseplus.gov.in/#/schooldetail/4680546/12,4680546,11/03/2024 17:14,2268
******00321 Permanently Closed,,SRI GANESH PUBLIC SCHOOL GOLUSU KONDALARAO NAGAR OLD GUNTUR,,,,Andhra Pradesh,2-Primary with Upper Primary,38-Pvt.Unaided,1 To 7,3-Co-educational,2-Urban,NA,,Guntur (M Corp.) - Ward No.5,Guntur-Municipal Corporations,NA,522001,,https://kys.udiseplus.gov.in/#/schooldetail/4680687/12,4680687,15/10/2020 12:18,2268
******00805 Operational,,SRI GAYATHRI VIDYALAYA (EM) CHINAKAKANI,,,,Andhra Pradesh,7-Upper Pr. and Secondary,38-Pvt.Unaided,6 To 10,3-Co-educational,2-Urban,NA,,Mangalagiri (M) - Ward No.26,Mangalagiri-Municipality,"CHINAKAKANI VILLAGE,MANGALAGIRI MANDAL",522503,asognt[at]gmail[dot]com,https://kys.udiseplus.gov.in/#/schooldetail/4679600/12,4679600,20/12/2025 13:23,2268
******90404 Permanently Closed,,SRI GAYATRI JR. COLLEGE,,,,Andhra Pradesh,11-Higher Secondary only/Jr. College,38-Pvt.Unaided,11 To 12,2-Girls,2-Urban,NA,,Guntur (M Corp.) - Ward No.28,Guntur-Municipal Corporations,NA,522005,,https://kys.udiseplus.gov.in/#/schooldetail/4715910/12,4715910,15/10/2020 12:18,2268
******00825 Operational,,SRI GEETHANJALI UP SCHOOL CHINNARAVURU THOTA TENALI,,,,Andhra Pradesh,2-Primary with Upper Primary,38-Pvt.Unaided,1 To 8,3-Co-educational,2-Urban,NA,,Tenali (M) - Ward No.14,Tenali-Municipality,CHINARAVU THOTA TENALI TOWN TENALI(U)(VILL) TENALI(MANDAL) GUNTUR(DIST),522201,nsm4158[at]gmail[dot]com,https://kys.udiseplus.gov.in/#/schooldetail/4681576/12,4681576,22/12/2025 14:58,2268
******00699 Permanently Closed,,SRI G.H.R. M.C.M.R. JR.COLLEGE GUNTUR,,,,Andhra Pradesh,11-Higher Secondary only/Jr. College,35-Pvt.Aided,11 To 12,3-Co-educational,2-Urban,NA,,Guntur (M Corp.) - Ward No.32,Guntur-Municipal Corporations,NA,522004,,https://kys.udiseplus.gov.in/#/schooldetail/4680779/12,4680779,15/10/2020 12:18,2268
******00446 Operational,,SRI GNANA SARASWATHI VIDYALAYA BACHAPAN CREATIVE KIDS,,,,Andhra Pradesh,2-Primary with Upper Primary,38-Pvt.Unaided,1 To 7,3-Co-educational,2-Urban,NA,,Mangalagiri (M) - Ward No.9,Mangalagiri-Municipality,"D NO-5-468/1,NEAR MARKANDEYA KALYANA MANDAPAM, MANGALAGIRI",522503,bachpanmangalagiri[at]gmail[dot]com,https://kys.udiseplus.gov.in/#/schooldetail/4720865/12,4720865,16/02/2026 15:06,2268
******91419 Permanently Closed,,SRI GOWTHAMI PUBLIC SCHOOL,,,,Andhra Pradesh,2-Primary with Upper Primary,38-Pvt.Unaided,1 To 7,3-Co-educational,2-Urban,NA,,Guntur (M Corp.) - Ward No.34,Guntur-Municipal Corporations,NA,522002,,https://kys.udiseplus.gov.in/#/schooldetail/4715919/12,4715919,15/10/2020 12:18,2268
******00913 Operational,,SRI GUDIBANDI SOMIREDDY JUNIOR COLLEGE,,,,Andhra Pradesh,11-Higher Secondary only/Jr. College,38-Pvt.Unaided,11 To 12,3-Co-educational,1-Rural,Kollipara,Kollipara,,,KOLLIPARA KOLLIPARA(VILL) KOLLIPARA(MANDAL) GUNTUR (DIST),522304,,https://kys.udiseplus.gov.in/#/schooldetail/4720086/12,4720086,24/12/2025 11:43,2268
******01016 Permanently Closed,,SRI HARSHITA CONVENT NALLAPADU,,,,Andhra Pradesh,1-Primary,61-Unrecognised Schools,1 To 5,3-Co-educational,2-Urban,NA,,Guntur Ward No. 53,Guntur-Municipal Corporations,NA,522005,,https://kys.udiseplus.gov.in/#/schooldetail/4715898/12,4715898,15/10/2020 12:18,2268
******91468 Operational,,SRI KONDAVEEDU PUBLIC SCHOOL REDLA BAZAR SANGADIGUNTA,,,,Andhra Pradesh,1-Primary,38-Pvt.Unaided,1 To 5,3-Co-educational,2-Urban,NA,,Guntur (M Corp.) - Ward No.17,Guntur-Municipal Corporations,REDLABAZAR SANGADIGUNTA,522003,tmrtakkellapati[at]gmail[dot]com,https://kys.udiseplus.gov.in/#/schooldetail/4681097/12,4681097,20/12/2025 12:51,2268
******91464 Operational,,SRI KONDAVEEDU PUBLIC SCHOOL SANGADIGUNTA GUNTUR,,,,Andhra Pradesh,7-Upper Pr. and Secondary,38-Pvt.Unaided,6 To 10,3-Co-educational,2-Urban,NA,,Guntur (M Corp.) - Ward No.17,Guntur-Municipal Corporations,REDLA BAZAR SANGADIGUNTA GUNTUR,522003,srikondaveedupublicschool[at]gmail[dot]com,https://kys.udiseplus.gov.in/#/schooldetail/4680354/12,4680354,20/12/2025 12:51,2268
******00873 Operational,,SRI KRISHNA IIT CONCEPT,,,,Andhra Pradesh,2-Primary with Upper Primary,38-Pvt.Unaided,1 To 7,3-Co-educational,2-Urban,NA,,Tenali (M) - Ward No.24,Tenali-Municipality,TENALI TENALITOWN TENALI(U)(VILL) TENALI(MANDAL) GUNTUR(DIST),522202,hemalatha.maraka1974[at]gmail[dot]com,https://kys.udiseplus.gov.in/#/schooldetail/4681598/12,4681598,22/12/2025 15:18,2268
******00718 Permanently Closed,,SRI KRISHNA JR. COLLEGE,,,,Andhra Pradesh,11-Higher Secondary only/Jr. College,38-Pvt.Unaided,11 To 12,3-Co-educational,2-Urban,NA,,Guntur (M Corp.) - Ward No.45,Guntur-Municipal Corporations,NA,522002,,https://kys.udiseplus.gov.in/#/schooldetail/4715890/12,4715890,15/10/2020 12:18,2268
******00962 Operational,,SRI KRISHNA JUNIOR COLLEGE,,,,Andhra Pradesh,11-Higher Secondary only/Jr. College,38-Pvt.Unaided,11 To 12,3-Co-educational,2-Urban,NA,,Guntur (M Corp.) - Ward No.33,Guntur-Municipal Corporations,kanakadurga ammavari temple beside Ponnur road Guntur,522003,Gunturoxfordjuniorcollege[at]gmail[dot]com,https://kys.udiseplus.gov.in/#/schooldetail/4719145/12,4719145,20/12/2025 12:12,2268
******91283 Operational,,SRI MAJETI GURAVAIAH H.S.,,,,Andhra Pradesh,7-Upper Pr. and Secondary,35-Pvt.Aided,6 To 10,3-Co-educational,2-Urban,NA,,Guntur (M Corp.) - Ward No.39,Guntur-Municipal Corporations,08th WARD BRODIPET GUNTUR (CORP.)-2(VILL) GUNTUR(MANDAL) GUNTUR(DIST),522002,smghs1945[at]gmail[dot]com,https://kys.udiseplus.gov.in/#/schooldetail/4681005/12,4681005,20/12/2025 14:49,2268
******91513 Operational,,"SRI MAJETY HIGH SCHOOL, NALLACHERUVU, GUNTUR",,,,Andhra Pradesh,6-Pr. Up Pr. and Secondary Only,38-Pvt.Unaided,1 To 10,3-Co-educational,2-Urban,NA,,Guntur (M Corp.) - Ward No.20,Guntur-Municipal Corporations,1st lane Nallacheruvu Guntur,522003,majety.srimani[at]gmail[dot]com,https://kys.udiseplus.gov.in/#/schooldetail/4681121/12,4681121,20/12/2025 12:40,2268
******00624 Operational,,SRI MARGADARSI HIGH SCHOOL TADIKONDA,,,,Andhra Pradesh,6-Pr. Up Pr. and Secondary Only,38-Pvt.Unaided,1 To 10,3-Co-educational,1-Rural,Tadikonda,Tadikonda,,,TADIKONDA TADIKONDA TADIKONDA(VILL) TADIKONDA(MANDAL) GUNTUR(DIST),522236,srimargadarsi[at]gmail[dot]com,https://kys.udiseplus.gov.in/#/schooldetail/4679689/12,4679689,22/12/2025 10:53,2268
******91104 Permanently Closed,,SRI MAYEE CS KOTHAPET,,,,Andhra Pradesh,6-Pr. Up Pr. and Secondary Only,61-Unrecognised Schools,1 To 10,3-Co-educational,2-Urban,NA,,Tenali (M) - Ward No.11,Tenali-Municipality,NA,522201,,https://kys.udiseplus.gov.in/#/schooldetail/4715999/12,4715999,15/10/2020 12:18,2268
******91447 Operational,,SRI MEDHA COMMERCE JR.COLLEGE 16/1 ARUNDELPET GUNTUR,,,,Andhra Pradesh,11-Higher Secondary only/Jr. College,38-Pvt.Unaided,11 To 12,3-Co-educational,2-Urban,NA,,Guntur (M Corp.) - Ward No.46,Guntur-Municipal Corporations,D.No.12-19-94 Old Bank Road Kothapeta Guntur,522001,srimedhagnt86[at]gmail[dot]com,https://kys.udiseplus.gov.in/#/schooldetail/4719152/12,4719152,20/12/2025 12:54,2268
******00692 Operational,,SRI M.GURAVAIAH JR.COLLEGE BRODIPETA GUNTUR,,,,Andhra Pradesh,11-Higher Secondary only/Jr. College,38-Pvt.Unaided,11 To 12,3-Co-educational,2-Urban,NA,,Guntur (M Corp.) - Ward No.42,Guntur-Municipal Corporations,D.NO.5-42-1 6/7 BRODIPET GUNTUR 522006,522002,srimajety[at]gmail[dot]com,https://kys.udiseplus.gov.in/#/schooldetail/4680777/12,4680777,20/12/2025 12:56,2268
******91537 Operational,,"SRINADH HIGH SCHOOL, GUNTUR",,,,Andhra Pradesh,6-Pr. Up Pr. and Secondary Only,38-Pvt.Unaided,1 To 10,3-Co-educational,2-Urban,NA,,Guntur (M Corp.) - Ward No.3,Guntur-Municipal Corporations,NH-16 KAKATIYA NAGAR VASAVI NAGAR EXT GUNTUR,522001,spschool99[at]gmail[dot]com,https://kys.udiseplus.gov.in/#/schooldetail/4681144/12,4681144,20/12/2025 12:35,2268
******00333 Operational,,SRI NARAYANA EM SCHOOL D.NO25-18-15/A SAMPATH NAGAR GUNTUR,,,,Andhra Pradesh,2-Primary with Upper Primary,38-Pvt.Unaided,1 To 7,3-Co-educational,2-Urban,NA,,Guntur (M Corp.) - Ward No.20,Guntur-Municipal Corporations,Door no 25 18 85 Sampathnagar,522004,ramubommini[at]gmail[dot]com,https://kys.udiseplus.gov.in/#/schooldetail/4680695/12,4680695,20/12/2025 12:37,2268
******91509 Operational,,SRI NARENDRA SCHOOL RAJENDRA NAGAR GUNTUR,,,,Andhra Pradesh,6-Pr. Up Pr. and Secondary Only,38-Pvt.Unaided,1 To 10,3-Co-educational,2-Urban,NA,,Guntur (M Corp.) - Ward No.35,Guntur-Municipal Corporations,RAJENDRA NAGAR guntur,522006,srinarendra2610[at]gmail[dot]com,https://kys.udiseplus.gov.in/#/schooldetail/4681117/12,4681117,20/12/2025 15:19,2268
******00876 Operational,,SRI NAVODAYA VIDYA NIKETHAN HIGH SCHOOL GANGANAMMA PETA TENALI,,,,Andhra Pradesh,6-Pr. Up Pr. and Secondary Only,38-Pvt.Unaided,1 To 10,3-Co-educational,2-Urban,NA,,Tenali (M) - Ward No.37,Tenali-Municipality,ganganammapet tenali,522201,www.snvnhs18[at]gmail[dot]com,https://kys.udiseplus.gov.in/#/schooldetail/4681600/12,4681600,22/12/2025 15:18,2268
******00807 Operational,,SRI NEHRU N BR PET,,,,Andhra Pradesh,2-Primary with Upper Primary,38-Pvt.Unaided,1 To 7,3-Co-educational,2-Urban,NA,,Tenali (M) - Ward No.33,Tenali-Municipality,BALAJI RAO PETA TENALI TOWN TENALI(U)(VILL) TENALI(MANDAL) GUNTUR(DIST),522201,nehruniketan[at]gmail[dot]com,https://kys.udiseplus.gov.in/#/schooldetail/4681572/12,4681572,22/12/2025 14:56,2268
******00606 Operational,,SRINIVASA HS NAGULAPADU,,,,Andhra Pradesh,6-Pr. Up Pr. and Secondary Only,38-Pvt.Unaided,1 To 10,3-Co-educational,1-Rural,Pedanandipadu,Katrapadu,,,NAGULAPADU KATRAPADU(VILL) PEDANANDIPADU(MANDAL) GUNTUR(DIST),522235,pnpsrinivasa[at]gmail[dot]com,https://kys.udiseplus.gov.in/#/schooldetail/4682807/12,4682807,22/12/2025 18:56,2268
******00709 Permanently Closed,,SRINIVASA PADMAVATHI GOWTHAM JR COLLEGE,,,,Andhra Pradesh,11-Higher Secondary only/Jr. College,38-Pvt.Unaided,11 To 12,3-Co-educational,2-Urban,NA,,Guntur (M Corp.) - Ward No.31,Guntur-Municipal Corporations,NA,522002,,https://kys.udiseplus.gov.in/#/schooldetail/4715883/12,4715883,15/10/2020 12:18,2268
******00417 Operational,,SRINIVASA PS PAPADU,,,,Andhra Pradesh,6-Pr. Up Pr. and Secondary Only,38-Pvt.Unaided,1 To 10,3-Co-educational,1-Rural,Prathipadu,Prathipadu,,,PRATHIPADU PRATHIPADU PRATHIPADU(VILL) PRATHIPADU(MANDAL) GUNTUR(DIST),522019,srinivasapublicschool2003[at]gmail[dot]com,https://kys.udiseplus.gov.in/#/schooldetail/4681895/12,4681895,23/12/2025 15:57,2268
******91006 Operational,,SRI N.V.R.M ES RAJAKAPET,,,,Andhra Pradesh,1-Primary,34-MUNCIPAL,1 To 2,3-Co-educational,2-Urban,NA,,Tenali (M) - Ward No.38,Tenali-Municipality,38th WARD RAJAKAPET TENALI (M)(VILL) TENALI(MANDAL) GUNTUR(DIST),522201,vemusrujana[at]gmail[dot]com,https://kys.udiseplus.gov.in/#/schooldetail/4681636/12,4681636,22/12/2025 15:36,2268
******00312 Operational,,SRI NVS V N NOWLUR,,,,Andhra Pradesh,6-Pr. Up Pr. and Secondary Only,38-Pvt.Unaided,1 To 10,3-Co-educational,1-Rural,Mangalagiri,Krishnayapalem,,,NOWLUR NOWLUR NOWLUR(VILL) MANGALAGIRI(MANDAL) GUNTUR(DIST),522503,slmchaitanya[at]gmail[dot]com,https://kys.udiseplus.gov.in/#/schooldetail/4679554/12,4679554,20/12/2025 13:13,2268
******00885 Operational,,SRI PADMA RAJA SCHOOL,,,,Andhra Pradesh,2-Primary with Upper Primary,38-Pvt.Unaided,1 To 7,3-Co-educational,1-Rural,Tenali,Kolakaluru,,,kolalaluru tenali 522307,522201,ilavenkaiah[at]gmail[dot]com,https://kys.udiseplus.gov.in/#/schooldetail/4681606/12,4681606,22/12/2025 15:20,2268
******00920 Closed,Closed,SRIPATHI SMART KIDS EM SCHOOL,,,,Andhra Pradesh,2-Primary with Upper Primary,38-Pvt.Unaided,1 To 7,3-Co-educational,2-Urban,NA,,Guntur (M Corp.) - Ward No.5,Guntur-Municipal Corporations,Sri pathi smart school vi rabradranilaya oldguntur,522001,vamsy045[at]gmail[dot]com,https://kys.udiseplus.gov.in/#/schooldetail/4712170/12,4712170,25/06/2021 19:33,2268
******00946 Operational,,"SRI PATIBANDLA SITARAMAIAH HIGH SCHOOL, GUNTUR",,,,Andhra Pradesh,6-Pr. Up Pr. and Secondary Only,39-Pvt.Unaided (CBSE Syllabus),1 To 10,3-Co-educational,2-Urban,NA,,Guntur (M Corp.) - Ward No.36,Guntur-Municipal Corporations,LAKSHMIPURAM MAINROAD GUNTUR-522007,522007,spshsem[at]gmail[dot]com,https://kys.udiseplus.gov.in/#/schooldetail/4719134/12,4719134,20/12/2025 13:00,2268
******00930 Operational,,SRI PAVAN EM SCHOOL,,,,Andhra Pradesh,6-Pr. Up Pr. and Secondary Only,38-Pvt.Unaided,1 To 10,3-Co-educational,2-Urban,NA,,Guntur (M Corp.) - Ward No.27,Guntur-Municipal Corporations,LAKSHMINAGAR GUNTUR corporation,522004,sripavanplay[at]gmail[dot]com,https://kys.udiseplus.gov.in/#/schooldetail/4680791/12,4680791,20/12/2025 12:59,2268
******91298 Operational,,SRI POOJITHA SCHOOL GUNTUR,,,,Andhra Pradesh,6-Pr. Up Pr. and Secondary Only,38-Pvt.Unaided,1 To 10,3-Co-educational,2-Urban,NA,,Guntur (M Corp.) - Ward No.31,Guntur-Municipal Corporations,1st WARD (AIN ROAD) PATHABHIPURAM GUNTUR (CORP.)-2(VILL) GUNTUR(MANDAL) GUNTUR(DIST),522006,sripoojithagntoffice[at]gmail[dot]com,https://kys.udiseplus.gov.in/#/schooldetail/4681019/12,4681019,20/12/2025 14:55,2268
******00341 Operational,,SRI PRATHIBHA SCHOOL,,,,Andhra Pradesh,6-Pr. Up Pr. and Secondary Only,38-Pvt.Unaided,1 To 10,3-Co-educational,2-Urban,NA,,Tadepalli Ward No.22,Tadepalli-Municipality,TADEPALLI TADEPALLI TADEPALLI(VILL) THADEPALLE(MANDAL) GUNTUR(DIST),522501,sriprathibha[at]gmail[dot]com,https://kys.udiseplus.gov.in/#/schooldetail/4678821/12,4678821,08/10/2024 12:14,2268
******90396 Closed,Closed,SRI PRV 8WARD,,,,Andhra Pradesh,1-Primary,35-Pvt.Aided,1 To 5,3-Co-educational,2-Urban,NA,,Guntur (M Corp.) - Ward No.40,Guntur-Municipal Corporations,40th WARD BRODIPET GUNTUR (CORP.)(VILL) GUNTUR(MANDAL) GUNTUR(DIST),522002,ratnasucharitha2[at]gmail[dot]com,https://kys.udiseplus.gov.in/#/schooldetail/4680185/12,4680185,12/08/2025 16:18,2268
******91478 Permanently Closed,,SRI RAGHAVENDRA PUBLIC SCHOOL,,,,Andhra Pradesh,2-Primary with Upper Primary,38-Pvt.Unaided,1 To 7,3-Co-educational,2-Urban,NA,,Guntur (M Corp.) - Ward No.25,Guntur-Municipal Corporations,NA,522004,,https://kys.udiseplus.gov.in/#/schooldetail/4681102/12,4681102,15/10/2020 12:18,2268
******91240 Operational,,SRI RAGHAVENDRA UPS,,,,Andhra Pradesh,2-Primary with Upper Primary,35-Pvt.Aided,1 To 7,3-Co-educational,2-Urban,NA,,Guntur (M Corp.) - Ward No.2,Guntur-Municipal Corporations,WARD 2 RAHUL GANDHI NAGAR 4TH LINE RTC COLONY GUNTUR,522002,nagalakshmiach2[at]gmail[dot]com,https://kys.udiseplus.gov.in/#/schooldetail/4680954/12,4680954,20/12/2025 12:58,2268
******00607 Closed,Closed,SRI RAGHAVENDRA VN,,,,Andhra Pradesh,6-Pr. Up Pr. and Secondary Only,38-Pvt.Unaided,1 To 10,3-Co-educational,2-Urban,NA,,Tenali (M) - Ward No.21,Tenali-Municipality,SANGAMJAGARLAMUDI SANGAM GARLAMUDI SANGAMJAGARLAMUDI(VILL) TENALI(MANDAL) GUNTUR(DIST),522202,tadivakavishnu2019[at]gmail[dot]com,https://kys.udiseplus.gov.in/#/schooldetail/4681552/12,4681552,01/10/2025 11:40,2268
******91352 Operational,,SRI RAMA KRISHNA SISU VIDYA MANDIRAMU,,,,Andhra Pradesh,2-Primary with Upper Primary,38-Pvt.Unaided,1 To 7,3-Co-educational,2-Urban,NA,,Guntur (M Corp.) - Ward No.19,Guntur-Municipal Corporations,R AGRAHARAM GUNTUR GUNTUR (CORP.)-3(VILL) GUNTUR(MANDAL) GUNTUR(DIST),522004,srksvm[at]gmail[dot]com,https://kys.udiseplus.gov.in/#/schooldetail/4681055/12,4681055,20/12/2025 15:02,2268
******00611 Closed,Closed,SRI RAMA KRISHNA VIDYALAYAM,,,,Andhra Pradesh,2-Primary with Upper Primary,38-Pvt.Unaided,1 To 7,3-Co-educational,2-Urban,NA,,Tadepalli Ward No.10,Tadepalli-Municipality,VADDESWRAMTADEPALLI MANDALGUNTURDIST522502,522502,ramakrishnasrkv[at]gmail[dot]com,https://kys.udiseplus.gov.in/#/schooldetail/4679525/12,4679525,16/12/2023 20:34,2268
******90727 Operational,,SRI RAMA MPLHS 27 W,,,,Andhra Pradesh,7-Upper Pr. and Secondary,34-MUNCIPAL,6 To 10,3-Co-educational,2-Urban,NA,,Ponnur (M) - Ward No.27,Ponnuru-Municipality,SRI RAMA MUNICIPAL HIGH SCHOOL ITIKAMPADU ROAD PONNUR PONNUR MANDAL GUNTUR DT-522124,522124,srmhs727[at]gmail[dot]com,https://kys.udiseplus.gov.in/#/schooldetail/4682975/12,4682975,08/10/2024 14:44,2268
******91432 Operational,,SRI RATNAM PUBLIC SCHOOL HS,,,,Andhra Pradesh,6-Pr. Up Pr. and Secondary Only,38-Pvt.Unaided,1 To 10,3-Co-educational,2-Urban,NA,,Guntur Ward No. 54,Guntur-Municipal Corporations,PALAKALURU ROAD GUNTUR GUNTUR GUNTUR(MANDAL) GUNTUR(DIST),522004,aniracharitabletrust[at]gmail[dot]com,https://kys.udiseplus.gov.in/#/schooldetail/4681082/12,4681082,20/12/2025 15:23,2268
******90392 Operational,,SRI RAVINDRA VID LALAPET,,,,Andhra Pradesh,1-Primary,35-Pvt.Aided,1 To 5,3-Co-educational,2-Urban,NA,,Guntur (M Corp.) - Ward No.12,Guntur-Municipal Corporations,1st WARD LALAPET GUNTUR (CORP.)(VILL) GUNTUR(MANDAL) GUNTUR(DIST),522003,suvarna.chiruvolu[at]gmail[dot]com,https://kys.udiseplus.gov.in/#/schooldetail/4680922/12,4680922,20/12/2025 12:48,2268
******90397 Permanently Closed,,SRI RKV 34 WARD,,,,Andhra Pradesh,1-Primary,35-Pvt.Aided,1 To 5,3-Co-educational,2-Urban,NA,,Guntur (M Corp.) - Ward No.12,Guntur-Municipal Corporations,NA,522003,,https://kys.udiseplus.gov.in/#/schooldetail/4680186/12,4680186,15/10/2020 12:18,2268
******90534 Operational,,SRI SAI APEX PBLC MGL,,,,Andhra Pradesh,2-Primary with Upper Primary,38-Pvt.Unaided,1 To 7,3-Co-educational,2-Urban,NA,,Mangalagiri (M) - Ward No.27,Mangalagiri-Municipality,OPP OLD ANDHRA BANK MANGALAGIRI MANGALAGIRI (M)(VILL) MANGALAGIRI(MANDAL) GUNTUR(DIST),522503,durgababu.pe[at]gmail[dot]com,https://kys.udiseplus.gov.in/#/schooldetail/4679647/12,4679647,20/12/2025 13:56,2268
******91544 Operational,,SRI SAI CHAITHANYA EM SCHOOL NGOS COLONY GUNTUR,,,,Andhra Pradesh,2-Primary with Upper Primary,38-Pvt.Unaided,1 To 7,3-Co-educational,2-Urban,NA,,Guntur (M Corp.) - Ward No.29,Guntur-Municipal Corporations,"89-5-884/5, Housing Board Colony, NGO Colony, Guntur, Andhra Pradesh 522001, India",522001,ajaypendyala95[at]gmail[dot]com,https://kys.udiseplus.gov.in/#/schooldetail/4680412/12,4680412,20/12/2025 15:16,2268
******00419 Closed,Closed,SRI SAIGAYATRI UP SCHOOL,,,,Andhra Pradesh,2-Primary with Upper Primary,38-Pvt.Unaided,1 To 5,3-Co-educational,1-Rural,Prathipadu,Prathipadu,,,PRATHIPADU PRATHIPADU PRATHIPADU PRATHIPADU(MANDAL) GUNTUR(DIST),522019,,https://kys.udiseplus.gov.in/#/schooldetail/4681896/12,4681896,15/10/2020 12:18,2268
******01110 Operational,,"SRI SAI HIGH SCHOOL, LAM",,,,Andhra Pradesh,6-Pr. Up Pr. and Secondary Only,38-Pvt.Unaided,1 To 10,3-Co-educational,1-Rural,Tadikonda,Lam,,,LAM MAIN ROAD SRI SAI SCHOOL,522034,venkatakirankumarbarla[at]gmail[dot]com,https://kys.udiseplus.gov.in/#/schooldetail/4679718/12,4679718,22/12/2025 10:54,2268
******00713 Operational,,SRI SAI HS PONNEKALLU,,,,Andhra Pradesh,6-Pr. Up Pr. and Secondary Only,38-Pvt.Unaided,1 To 10,3-Co-educational,1-Rural,Tadikonda,Ponnekallu,,,PONNEKALLU PONNEKALLU PONNEKALLU(VILL) TADIKONDA(MANDAL) GUNTUR(DIST),522018,srisaihighschool2003[at]gmail[dot]com,https://kys.udiseplus.gov.in/#/schooldetail/4679701/12,4679701,22/12/2025 10:54,2268
******91594 Operational,,SRI SAI LITTLE PUBLIC SCHOOL SRINVSARAOPET GUNTUR,,,,Andhra Pradesh,2-Primary with Upper Primary,38-Pvt.Unaided,1 To 7,3-Co-educational,2-Urban,NA,,Guntur (M Corp.) - Ward No.21,Guntur-Municipal Corporations,26th ward Srinivasaraopeta,522004,Slps2000[at]gmail[dot]com,https://kys.udiseplus.gov.in/#/schooldetail/4681198/12,4681198,20/12/2025 15:12,2268
******00629 Operational,,SRI SAINADHA VID PS,,,,Andhra Pradesh,1-Primary,38-Pvt.Unaided,1 To 5,3-Co-educational,1-Rural,Tadikonda,Tadikonda,,,TADIKONDA TADIKONDA TADIKONDA(VILL) TADIKONDA(MANDAL) GUNTUR(DIST),522236,ssnvpeet[at]gmail[dot]com,https://kys.udiseplus.gov.in/#/schooldetail/4679692/12,4679692,22/12/2025 10:52,2268
******00626 Operational,,SRI SAINADHA VIDYAPEET,,,,Andhra Pradesh,7-Upper Pr. and Secondary,38-Pvt.Unaided,6 To 10,3-Co-educational,1-Rural,Tadikonda,Tadikonda,,,NEAR OID MOVIE THEATRE CENTRE,522236,ssnvpeet[at]gmail[dot]com,https://kys.udiseplus.gov.in/#/schooldetail/4679690/12,4679690,22/12/2025 10:53,2268
******91518 Operational,,"SRI SAI SANTHOSH HIGH SCHOOL, MD NAGAR, GUNTUR",,,,Andhra Pradesh,6-Pr. Up Pr. and Secondary Only,38-Pvt.Unaided,1 To 10,3-Co-educational,2-Urban,NA,,Guntur (M Corp.) - Ward No.27,Guntur-Municipal Corporations,SMD NAGAR NALLAPADU ROAD NEAR REDDY COLLEGE,522004,seshu.sssps[at]gmail[dot]com,https://kys.udiseplus.gov.in/#/schooldetail/4681125/12,4681125,20/12/2025 15:19,2268
******00703 Operational,,"SRI SAI SCHOOL, VATTICHERUKURU",,,,Andhra Pradesh,2-Primary with Upper Primary,38-Pvt.Unaided,1 To 7,3-Co-educational,1-Rural,Vatticherukuru,Katrapadu,,,"MAIN ROAD, KATRAPADU VATTICHERUKURU MANDAL GUNTUR 522017",522017,katyayani898[at]gmail[dot]com,https://kys.udiseplus.gov.in/#/schooldetail/4681855/12,4681855,24/09/2024 15:13,2268
******00328 Operational,,SRISAI SIDDHARTHA PLAY MODAL EM PRIMARY SCHOOL PEDAKAKANI,,,,Andhra Pradesh,2-Primary with Upper Primary,38-Pvt.Unaided,1 To 7,3-Co-educational,1-Rural,Pedakakani,Pedakakani,,,SRI SAI SIDDHARTHA PLAY MODEL EM PRIMARY SCHOOL PEDAKAKANI,522509,subhashsai460[at]gmail[dot]com,https://kys.udiseplus.gov.in/#/schooldetail/4720085/12,4720085,18/09/2024 12:28,2268
******01117 Closed,Closed,SRI SAI SUPRIYA VIDYA VIKAS ADAVITAKKELLAPADU,,,,Andhra Pradesh,2-Primary with Upper Primary,38-Pvt.Unaided,1 To 7,3-Co-educational,2-Urban,NA,,Guntur Ward No. 56,Guntur-Municipal Corporations,Near nallapadu police station Adavithakkellapadu,522018,asognt[at]gmail[dot]com,https://kys.udiseplus.gov.in/#/schooldetail/4680825/12,4680825,11/05/2022 14:27,2268
******01907 Closed,Closed,SRI SAI UPS NANDURU,,,,Andhra Pradesh,2-Primary with Upper Primary,38-Pvt.Unaided,1 To 7,3-Co-educational,1-Rural,Ponnur,Nandur,,,SRI SAI UPS CHINA ITIKAMPADU ROAD NANDURU VILLAGE PONNUR MANDAL GUNTUR DT-522315,522315,msr1437[at]gmail[dot]com,https://kys.udiseplus.gov.in/#/schooldetail/4682934/12,4682934,28/08/2024 10:51,2268
******91479 Operational,,SRI SAI VIDYA NIKETHAN HS,,,,Andhra Pradesh,7-Upper Pr. and Secondary,38-Pvt.Unaided,6 To 10,3-Co-educational,2-Urban,NA,,Guntur (M Corp.) - Ward No.46,Guntur-Municipal Corporations,R Agraharam nallacheruvu Guntur,522003,srisaividyaniketanragaraharam[at]gmail[dot]com,https://kys.udiseplus.gov.in/#/schooldetail/4681103/12,4681103,20/12/2025 12:41,2268
******91418 Operational,,SRI SAI VIDYA NIKETHAN UPS,,,,Andhra Pradesh,1-Primary,38-Pvt.Unaided,1 To 5,3-Co-educational,2-Urban,NA,,Guntur (M Corp.) - Ward No.33,Guntur-Municipal Corporations,SRI SAI VIDYA NIKETHAN UPS R.AGRAHARAM GUNTUR,522003,srisaividyaniketanragraharam[at]gmail[dot]com,https://kys.udiseplus.gov.in/#/schooldetail/4681076/12,4681076,20/12/2025 12:53,2268
******01213 Permanently Closed,,SRI SAI VIDYA PEET PEDARAVURU,,,,Andhra Pradesh,1-Primary,61-Unrecognised Schools,1 To 5,3-Co-educational,1-Rural,Tenali,Pedaravuru,,,NA,522202,,https://kys.udiseplus.gov.in/#/schooldetail/4681628/12,4681628,15/10/2020 12:18,2268
******91522 Permanently Closed,,SRI SAI VIDYAVIHAR SITHARAM NAGAR 4TH LINE,,,,Andhra Pradesh,2-Primary with Upper Primary,38-Pvt.Unaided,1 To 8,3-Co-educational,2-Urban,NA,,Guntur (M Corp.) - Ward No.42,Guntur-Municipal Corporations,NA,522001,,https://kys.udiseplus.gov.in/#/schooldetail/4681129/12,4681129,15/10/2020 12:18,2268
******00954 Closed,Closed,SRI SANTHI MODERN SCHOOL,,,,Andhra Pradesh,2-Primary with Upper Primary,38-Pvt.Unaided,1 To 7,3-Co-educational,2-Urban,NA,,Guntur (M Corp.) - Ward No.24,Guntur-Municipal Corporations,Santhi modernschool,522002,gunturmeo99[at]gmail[dot]com,https://kys.udiseplus.gov.in/#/schooldetail/4719142/12,4719142,18/12/2023 17:01,2268
******90387 Operational,,"SRI SARADA NIKETHANAM GOVT PS, BRODIPET",,,,Andhra Pradesh,1-Primary,10-State Govt.,1 To 5,3-Co-educational,2-Urban,NA,,Guntur (M Corp.) - Ward No.39,Guntur-Municipal Corporations,07th WARD BRODIPETA GUNTUR (CORP.)(VILL) GUNTUR(MANDAL) GUNTUR(DIST),522002,madamanchiusha9[at]gmail[dot]com,https://kys.udiseplus.gov.in/#/schooldetail/4680918/12,4680918,20/12/2025 14:42,2268
******91066 Operational,,SRI SARASWAATHI V.N GPET,,,,Andhra Pradesh,6-Pr. Up Pr. and Secondary Only,38-Pvt.Unaided,1 To 10,3-Co-educational,2-Urban,NA,,Tenali (M) - Ward No.35,Tenali-Municipality,32nd WARD GANGANAMMPET TENALI (M)(VILL) TENALI(MANDAL) GUNTUR(DIST),522201,adash.tenali[at]gmail[dot]com,https://kys.udiseplus.gov.in/#/schooldetail/4681682/12,4681682,22/12/2025 15:59,2268
******91211 Operational,,SRI SARASWATHI SM 1W,,,,Andhra Pradesh,2-Primary with Upper Primary,38-Pvt.Unaided,1 To 7,3-Co-educational,2-Urban,NA,,Guntur (M Corp.) - Ward No.4,Guntur-Municipal Corporations,1st WARD OLD GUNTUR GUNTUR (CORP.)-2(VILL) GUNTUR(MANDAL) GUNTUR(DIST),522001,padmaja123999[at]gmail[dot]com,https://kys.udiseplus.gov.in/#/schooldetail/4680935/12,4680935,20/12/2025 12:56,2268
******01206 Operational,,SRI SARASWATHI SM T LURU,,,,Andhra Pradesh,6-Pr. Up Pr. and Secondary Only,38-Pvt.Unaided,1 To 10,3-Co-educational,1-Rural,Kollipara,Thumuluru,,,THUMULURU KOLLIPARA GUNTUR,522306,sssmtumulur8[at]gmail[dot]com,https://kys.udiseplus.gov.in/#/schooldetail/4681388/12,4681388,23/12/2025 16:29,2268
******90541 Closed,Closed,SRI SARASWATHI VIDYALAYA HIGH SCHOOL,,,,Andhra Pradesh,7-Upper Pr. and Secondary,38-Pvt.Unaided,6 To 10,3-Co-educational,2-Urban,NA,,Mangalagiri (M) - Ward No.30,Mangalagiri-Municipality,NEAR HESD POST OFFICE MANGALAGIRI MANGALAGIRI (M)(VILL) MANGALAGIRI(MANDAL) GUNTUR(DIST),522503,mangalagiri[at]srichaitanyaschool[dot]net,https://kys.udiseplus.gov.in/#/schooldetail/4678962/12,4678962,11/05/2022 17:01,2268
******91581 Operational,,SRI SARASWATHI VIDYALAYAM GORANTLA,,,,Andhra Pradesh,2-Primary with Upper Primary,38-Pvt.Unaided,1 To 7,3-Co-educational,2-Urban,NA,,Guntur Ward No. 57,Guntur-Municipal Corporations,gunturcorp5 guntur guntur 522035,522034,padmavathi.rekhapalli[at]gmail[dot]com,https://kys.udiseplus.gov.in/#/schooldetail/4681185/12,4681185,05/01/2026 16:49,2268
******91077 Operational,,SRI SARASWATHI VN PS,,,,Andhra Pradesh,1-Primary,38-Pvt.Unaided,1 To 5,3-Co-educational,2-Urban,NA,,Tenali (M) - Ward No.35,Tenali-Municipality,32nd WARD GANGANAMMPET TENALI (M)(VILL) TENALI(MANDAL) GUNTUR(DIST),522201,adarsh.tenali[at]gmail[dot]com,https://kys.udiseplus.gov.in/#/schooldetail/4681689/12,4681689,22/12/2025 15:58,2268
******01241 Operational,,SRI SARASWATI SISU MANDIR,,,,Andhra Pradesh,1-Primary,38-Pvt.Unaided,1 To 5,3-Co-educational,1-Rural,Duggirala,Emani,,,"Kacheri Road , Emani village",522308,sssmemani7[at]gmail[dot]com,https://kys.udiseplus.gov.in/#/schooldetail/4721801/12,4721801,09/09/2024 18:11,2268
******91125 Operational,,SRI SARSWATHI SISUMANDIR,,,,Andhra Pradesh,2-Primary with Upper Primary,38-Pvt.Unaided,1 To 7,3-Co-educational,2-Urban,NA,,Tenali (M) - Ward No.29,Tenali-Municipality,Tenali(m1) Tenali Guntur 522201,522201,srisaraswathisisumandirtenali[at]gmail[dot]com,https://kys.udiseplus.gov.in/#/schooldetail/4681720/12,4681720,22/12/2025 15:11,2268
******90736 Closed,Closed,SRI SARSWATHI VIDYANIKETHAN PONNUR,,,,Andhra Pradesh,2-Primary with Upper Primary,38-Pvt.Unaided,1 To 5,3-Co-educational,2-Urban,NA,,Ponnur (M) - Ward No.25,Ponnuru-Municipality,SRI SARASWATHI VIDYANIKETHAN PONNUR PONNUR MANDAL GUNTUR DT-522124,522124,ramubvl[at]gmail[dot]com,https://kys.udiseplus.gov.in/#/schooldetail/4682981/12,4682981,15/10/2020 12:18,2268
******00334 Operational,,SRI SATYA SAI IDEAL SCHOOL CHOWTHRA,,,,Andhra Pradesh,6-Pr. Up Pr. and Secondary Only,38-Pvt.Unaided,1 To 10,3-Co-educational,2-Urban,NA,,Guntur (M Corp.) - Ward No.13,Guntur-Municipal Corporations,"SANGADIGUNTA ,CHOWTRA, GUNTUR",522003,sssidealschool[at]gmail[dot]com,https://kys.udiseplus.gov.in/#/schooldetail/4680696/12,4680696,20/12/2025 11:39,2268
******00901 Closed,Closed,SRI SATYA SAI LAKSHYA EM SCHOOL,,,,Andhra Pradesh,2-Primary with Upper Primary,38-Pvt.Unaided,1 To 7,3-Co-educational,2-Urban,NA,,Guntur (M Corp.) - Ward No.39,Guntur-Municipal Corporations,4/18 brodipet,522002,asognt[at]gmail[dot]com,https://kys.udiseplus.gov.in/#/schooldetail/4680040/12,4680040,25/06/2021 16:45,2268
******00394 Permanently Closed,,SRI SATYA SAI LAKSHYA EM SCHOOL BRODIPET 4/18,,,,Andhra Pradesh,2-Primary with Upper Primary,61-Unrecognised Schools,1 To 7,3-Co-educational,2-Urban,NA,,Guntur (M Corp.) - Ward No.28,Guntur-Municipal Corporations,NA,522002,,https://kys.udiseplus.gov.in/#/schooldetail/4715863/12,4715863,15/10/2020 12:18,2268
******91410 Operational,,SRI SATYA SAI VIDYA NIKETAN RAILPET GUNTUR,,,,Andhra Pradesh,6-Pr. Up Pr. and Secondary Only,38-Pvt.Unaided,1 To 10,3-Co-educational,2-Urban,NA,,Guntur (M Corp.) - Ward No.11,Guntur-Municipal Corporations,"9-6-58/a, railpet, GUNTUR 522001",522001,ssvn2223[at]gmail[dot]com,https://kys.udiseplus.gov.in/#/schooldetail/4681073/12,4681073,20/12/2025 12:52,2268
******00352 Operational,,SRI SATYA SAI VIDYA VIHAR SAI BOMMIDALA NAGAR SANGADIGUNTA,,,,Andhra Pradesh,6-Pr. Up Pr. and Secondary Only,38-Pvt.Unaided,1 To 10,3-Co-educational,2-Urban,NA,,Guntur (M Corp.) - Ward No.16,Guntur-Municipal Corporations,Sri Sathya sai vidya vihar sai bommidala nagar near IPD colony sangadigunta extension,522003,sssvvbommidala[at]gmail[dot]com,https://kys.udiseplus.gov.in/#/schooldetail/4680720/12,4680720,20/12/2025 11:41,2268
******91417 Operational,,"SRI SATYA SAI VIDYA VIHAR, ZP COMPOUND, GUNTUR",,,,Andhra Pradesh,6-Pr. Up Pr. and Secondary Only,38-Pvt.Unaided,1 To 10,3-Co-educational,2-Urban,NA,,Guntur (M Corp.) - Ward No.43,Guntur-Municipal Corporations,ZP COMPUND GUNTUR GUNTUR GUNTUR GUNTUR(MANDAL) GUNTUR(DIST),522004,sssvvguntur[at]gmail[dot]com,https://kys.udiseplus.gov.in/#/schooldetail/4681075/12,4681075,20/12/2025 12:23,2268
******91565 Operational,,SRI SIDDHARTHA PUBLIC SCHOOLSRINIVASA RAO PETGUNTUR,,,,Andhra Pradesh,2-Primary with Upper Primary,38-Pvt.Unaided,1 To 7,3-Co-educational,2-Urban,NA,,Guntur (M Corp.) - Ward No.26,Guntur-Municipal Corporations,Srinivasa Rao Pet Guntur,522004,sivanagsandu[at]gmail[dot]com,https://kys.udiseplus.gov.in/#/schooldetail/4681166/12,4681166,20/12/2025 15:15,2268
******91364 Operational,,SRI SITARAM UP SCHOOL 10TH LANE AT AGRAHARAM GUNTUR.,,,,Andhra Pradesh,2-Primary with Upper Primary,38-Pvt.Unaided,1 To 7,3-Co-educational,2-Urban,NA,,Guntur (M Corp.) - Ward No.28,Guntur-Municipal Corporations,10th lane AT Agraharam,522004,anjaneyulu.apparaju[at]gmail[dot]com,https://kys.udiseplus.gov.in/#/schooldetail/4681060/12,4681060,20/12/2025 15:03,2268
******02085 Operational,,SRI SPL VIDYANIKETHAN,,,,Andhra Pradesh,2-Primary with Upper Primary,38-Pvt.Unaided,1 To 7,3-Co-educational,2-Urban,Guntur,,Guntur (M Corp.) - Ward No.41,Guntur-Municipal Corporations,CHANDRAMOULI NAGAR 6TH LANE,522007,,,,20/12/2025 12:15,2268
******00506 Operational,,SRI SRINIVASA HS MANDAPADU,,,,Andhra Pradesh,7-Upper Pr. and Secondary,38-Pvt.Unaided,6 To 10,3-Co-educational,1-Rural,Medikonduru,Mandapadu,,,MANDAPADU MANDAPADU MANDAPADU(VILL) MEDIKONDURU(MANDAL) GUNTUR(DIST),522401,srisrinivasapublicschool[at]gmail[dot]com,https://kys.udiseplus.gov.in/#/schooldetail/4680607/12,4680607,23/12/2025 10:30,2268
******00507 Operational,,SRI SRINIVASA PS MANDAPADU,,,,Andhra Pradesh,1-Primary,38-Pvt.Unaided,1 To 5,3-Co-educational,1-Rural,Medikonduru,Mandapadu,,,MANDAPADU MANDAPADU MANDAPADU(VILL) MEDIKONDURU(MANDAL) GUNTUR(DIST),522401,srinivasahighschoolmandapadu[at]gmail[dot]com,https://kys.udiseplus.gov.in/#/schooldetail/4680608/12,4680608,23/12/2025 10:31,2268
******00706 Operational,,"SRI SRINIVASA VIDYA VIHAR, KAZA",,,,Andhra Pradesh,6-Pr. Up Pr. and Secondary Only,38-Pvt.Unaided,1 To 10,3-Co-educational,2-Urban,NA,,Mangalagiri (M) - Ward No.27,Mangalagiri-Municipality,KAZA KAZA KAZA(VILL) MANGALAGIRI(MANDAL) GUNTUR(DIST),522503,ssvvihar.kaza[at]gmail[dot]com,https://kys.udiseplus.gov.in/#/schooldetail/4679593/12,4679593,20/12/2025 13:22,2268
******00619 Operational,,SRI S S HS TADIKONDA,,,,Andhra Pradesh,7-Upper Pr. and Secondary,38-Pvt.Unaided,6 To 10,3-Co-educational,1-Rural,Tadikonda,Tadikonda,,,TADIKONDA TADI KONDA TADIKONDA(VILL) TADIKONDA(MANDAL) GUNTUR(DIST),522236,sshspublicschool1980[at]gmail[dot]com,https://kys.udiseplus.gov.in/#/schooldetail/4679687/12,4679687,22/12/2025 10:53,2268
******01034 Operational,,SRI SURYA CS-H PCHRLA,,,,Andhra Pradesh,7-Upper Pr. and Secondary,38-Pvt.Unaided,6 To 10,3-Co-educational,1-Rural,Medikonduru,Pericherla,,,PERECHERLA PERECHERLA PERICHERLA(VILL) MEDIKONDURU(MANDAL) GUNTUR(DIST),522005,basaraperecherla[at]gmail[dot]com,https://kys.udiseplus.gov.in/#/schooldetail/4680648/12,4680648,23/12/2025 11:31,2268
******01033 Operational,,SRI SURYA CS-P PCHRLA,,,,Andhra Pradesh,1-Primary,38-Pvt.Unaided,1 To 5,3-Co-educational,1-Rural,Medikonduru,Pericherla,,,cinima hall road perecherla,522005,basaraperecherla[at]gmail[dot]com,https://kys.udiseplus.gov.in/#/schooldetail/4680647/12,4680647,23/12/2025 11:29,2268
******00941 Operational,,SRI SURYA TEJA HIGH SCHOOL,,,,Andhra Pradesh,6-Pr. Up Pr. and Secondary Only,38-Pvt.Unaided,1 To 10,3-Co-educational,2-Urban,NA,,Guntur (M Corp.) - Ward No.16,Guntur-Municipal Corporations,SANGADIGUNTA GUNTUR GUNTUR EAST MANDAL,522003,bhanuprasadsteps2008[at]gmail[dot]com,https://kys.udiseplus.gov.in/#/schooldetail/4719129/12,4719129,20/12/2025 12:10,2268
******91095 Operational,,SRI TRIVENI ENGLISHMEDIUM SCHOOL,,,,Andhra Pradesh,2-Primary with Upper Primary,38-Pvt.Unaided,1 To 7,3-Co-educational,2-Urban,NA,,Tenali (M) - Ward No.38,Tenali-Municipality,KAVI RAJA PARKTENALI 522202,522201,adarshnpet[at]gmail[dot]com,https://kys.udiseplus.gov.in/#/schooldetail/4680963/12,4680963,22/12/2025 15:50,2268
******90564 Permanently Closed,,SRI VAISHNAVI ABHAYAAS JUNIOR COLLEGE,,,,Andhra Pradesh,11-Higher Secondary only/Jr. College,38-Pvt.Unaided,11 To 12,3-Co-educational,2-Urban,NA,,Mangalagiri (M) - Ward No.18,Mangalagiri-Municipality,NA,NA,,https://kys.udiseplus.gov.in/#/schooldetail/4715778/12,4715778,15/10/2020 12:18,2268
******00728 Permanently Closed,,SRI VAISHNAVI ABHYAAS JR COLLEGE,,,,Andhra Pradesh,11-Higher Secondary only/Jr. College,38-Pvt.Unaided,11 To 12,3-Co-educational,1-Rural,Phirangipuram,Phirangipuram,,,NA,522529,,https://kys.udiseplus.gov.in/#/schooldetail/4715834/12,4715834,15/10/2020 12:18,2268
******00375 Operational,,SRI VARDHANI JUNIOR COLLEGE,,,,Andhra Pradesh,11-Higher Secondary only/Jr. College,38-Pvt.Unaided,11 To 12,3-Co-educational,2-Urban,NA,,Guntur (M Corp.) - Ward No.24,Guntur-Municipal Corporations,"brodipet, guntur, andhra pradesh",522002,vardhanijrcollege[at]gmail[dot]com,https://kys.udiseplus.gov.in/#/schooldetail/4720832/12,4720832,20/12/2025 15:09,2268
******01530 Operational,,"SRI VASUDHA PRIMARY SCHOOL, REDDYPALEM",,,,Andhra Pradesh,1-Primary,38-Pvt.Unaided,1 To 3,3-Co-educational,2-Urban,GUNTUR EAST,,Guntur (M Corp.) - Ward No.18,Guntur-Municipal Corporations,"REDDY PALEM GUNTUR,MAHATMA GANDHI INNER RING ROAD,GORANTLA",522509,,https://kys.udiseplus.gov.in/#/schooldetail/4721959/12,4721959,20/12/2025 12:19,2268
******00503 Operational,,Sri Vazrala Appi Reddy Z P High School,,,,Andhra Pradesh,7-Upper Pr. and Secondary,33-MPP_ZPP SCHOOLS,6 To 10,3-Co-educational,1-Rural,Medikonduru,Mandapadu,,,MANDAPADU MANDAPADU MANDAPADU(VILL) MEDIKONDURU(MANDAL) GUNTUR(DIST),522401,svarzphsmandapadu[at]gmail[dot]com,https://kys.udiseplus.gov.in/#/schooldetail/4680605/12,4680605,23/12/2025 10:30,2268
******90745 Operational,,"SRI VEDA HIGH SCHOOL, PONNUR",,,,Andhra Pradesh,6-Pr. Up Pr. and Secondary Only,38-Pvt.Unaided,1 To 10,3-Co-educational,2-Urban,NA,,Ponnur (M) - Ward No.1,Ponnuru-Municipality,"SRI VEDA HIGH SCHOOL, BHAVANAGAR COLONY, GBC ROAD, PONNUR MANDAL, GUNTUR DT-522124",522124,veda.ponnur[at]gmial[dot]com,https://kys.udiseplus.gov.in/#/schooldetail/4682985/12,4682985,08/10/2024 14:48,2268
******91302 Operational,,"SRI VENKATESWARA BALA KUTEER, BRODIPET GUNTUR",,,,Andhra Pradesh,6-Pr. Up Pr. and Secondary Only,38-Pvt.Unaided,1 To 10,3-Co-educational,2-Urban,NA,,Guntur (M Corp.) - Ward No.39,Guntur-Municipal Corporations,2/17 BRODIPET GUNTUR,522002,svbkbpet[at]svbalakuteer[dot]com,https://kys.udiseplus.gov.in/#/schooldetail/4681026/12,4681026,20/12/2025 14:55,2268
******91585 Operational,,"SRI VENKATESWARA BALA KUTEER , SYAMALANAGAR",,,,Andhra Pradesh,6-Pr. Up Pr. and Secondary Only,39-Pvt.Unaided (CBSE Syllabus),1 To 10,3-Co-educational,2-Urban,NA,,Guntur (M Corp.) - Ward No.31,Guntur-Municipal Corporations,"3rd Lane, Syamala Nagar, Guntur - 522006",522006,info[at]svbk[dot]in,https://kys.udiseplus.gov.in/#/schooldetail/4681189/12,4681189,20/12/2025 15:13,2268
******90766 Operational,,SRI VENKATESWARA JR.COLLEGE-26103,,,,Andhra Pradesh,11-Higher Secondary only/Jr. College,38-Pvt.Unaided,11 To 12,3-Co-educational,2-Urban,NA,,Ponnur (M) - Ward No.19,Ponnuru-Municipality,SRI VENKATESWARA JUNIOR COLLEGE GBC ROAD OPP CHAITANYA SCHOOL PONNUR GUNTUR DT 522124,522124,svdcponnur[at]gmail[dot]com,https://kys.udiseplus.gov.in/#/schooldetail/4682246/12,4682246,08/10/2024 14:56,2268
******00607 Closed,Closed,SRI VENKATESWARA JUNIOR COLLEGE,,,,Andhra Pradesh,11-Higher Secondary only/Jr. College,38-Pvt.Unaided,11 To 12,3-Co-educational,2-Urban,NA,,Guntur Ward No. 53,Guntur-Municipal Corporations,GUJJNAGUNDLA STHAMBALAGARUVU GUNTUR,522006,dronajrcollegeguntur[at]gmail[dot]com,https://kys.udiseplus.gov.in/#/schooldetail/4720077/12,4720077,05/01/2024 11:19,2268
******90740 Operational,,"SRI VENKATESWARA VIDYA BHAVAN,NIDUBROLU",,,,Andhra Pradesh,6-Pr. Up Pr. and Secondary Only,38-Pvt.Unaided,1 To 10,3-Co-educational,2-Urban,NA,,Ponnur (M) - Ward No.17,Ponnuru-Municipality,SRI VENKATESWARA VIDYA BHAVAN NEAR RAMA MANDIRAM NETHAJI NAGAR 17TH W NIDUBROLU PONNUR MDL GUNTUR DT,522124,rphani211[at]gmail[dot]com,https://kys.udiseplus.gov.in/#/schooldetail/4682982/12,4682982,08/10/2024 14:47,2268
******01445 Closed,Closed,SRI VENKATESWARA VOCATIONAL JUNIOR COLLEGE,,,,Andhra Pradesh,11-Higher Secondary only/Jr. College,38-Pvt.Unaided,11 To 12,3-Co-educational,2-Urban,NA,,Guntur (M Corp.) - Ward No.42,Guntur-Municipal Corporations,"SRI VENKATESWARA VOCATIONAL JUNIOR COLLEGE, BHARATPET, GUNTUR",522002,,https://kys.udiseplus.gov.in/#/schooldetail/4721873/12,4721873,14/08/2025 15:52,2268
******91561 Permanently Closed,,SRI VENKATESWRA PUBLIC SCHOOL NEHRU NAGAR,,,,Andhra Pradesh,2-Primary with Upper Primary,38-Pvt.Unaided,1 To 7,3-Co-educational,2-Urban,NA,,Guntur (M Corp.) - Ward No.20,Guntur-Municipal Corporations,NA,522004,,https://kys.udiseplus.gov.in/#/schooldetail/4681163/12,4681163,15/10/2020 12:18,2268
******91542 Closed,Closed,SRI VENKATESWRA PUBLIC SCHOOL SARDA COLONY,,,,Andhra Pradesh,4-Upper Primary only,38-Pvt.Unaided,6 To 8,3-Co-educational,2-Urban,NA,,Guntur Ward No. 57,Guntur-Municipal Corporations,SARADA COLONY,522002,,https://kys.udiseplus.gov.in/#/schooldetail/4680410/12,4680410,05/02/2023 22:04,2268
******91591 Operational,,SRI VENUS SCHOOL,,,,Andhra Pradesh,2-Primary with Upper Primary,38-Pvt.Unaided,1 To 7,3-Co-educational,2-Urban,NA,,Guntur (M Corp.) - Ward No.49,Guntur-Municipal Corporations,"7-13-37, Bharathpet, Srinagar Colony, Guntur, Andhra Pradesh 522001, India",522002,srivenus2021[at]gmail[dot]com,https://kys.udiseplus.gov.in/#/schooldetail/4681195/12,4681195,20/12/2025 12:25,2268
******91550 Operational,,SRI VIDYA BHARATHI CONVENT VASANTHARAYAPURAM GUNTUR,,,,Andhra Pradesh,1-Primary,38-Pvt.Unaided,1 To 5,3-Co-educational,2-Urban,NA,,Guntur (M Corp.) - Ward No.48,Guntur-Municipal Corporations,SRI VIDYA BHARATHI CONVENT VASANTHARAYAPURAM GUNTUR,522002,kcyrajeshnaidu[at]gmail[dot]com,https://kys.udiseplus.gov.in/#/schooldetail/4681148/12,4681148,20/12/2025 12:33,2268
******01010 Closed,Closed,SRI VIDYA E.M.SCHOOL,,,,Andhra Pradesh,1-Primary,38-Pvt.Unaided,1 To 5,3-Co-educational,1-Rural,Chebrole,Pathareddipalem,,,"PATHAREDDY PALEM , PATHAREDDIPALEM(VILL) CHEBROLU(MANDAL) GUNTUR(DIST)",522212,lnsharma7511[at]gmail[dot]com,https://kys.udiseplus.gov.in/#/schooldetail/4681829/12,4681829,29/07/2024 18:22,2268
******00923 Operational,,SRI VIDYA SCHOOL NGOS COLONY SANTOSH NAGAR,,,,Andhra Pradesh,6-Pr. Up Pr. and Secondary Only,38-Pvt.Unaided,1 To 10,3-Co-educational,2-Urban,NA,,Guntur (M Corp.) - Ward No.29,Guntur-Municipal Corporations,Santoosh nagar ngos colony,522004,vijaya.gangavarapu[at]gmail[dot]com,https://kys.udiseplus.gov.in/#/schooldetail/4680786/12,4680786,20/12/2025 12:59,2268
******00371 Closed,Closed,"SRI VIDYA U.P.SCHOOL, PEDAPULI STREET, LALAPET, GUNTUR",,,,Andhra Pradesh,2-Primary with Upper Primary,38-Pvt.Unaided,1 To 7,3-Co-educational,2-Urban,NA,,Guntur (M Corp.) - Ward No.12,Guntur-Municipal Corporations,lalapeta guntur,522001,srividya[at]gmail[dot]com,https://kys.udiseplus.gov.in/#/schooldetail/4679965/12,4679965,01/11/2024 10:53,2268
******91406 Operational,,SRI VIJETHA PS GUNTUR,,,,Andhra Pradesh,6-Pr. Up Pr. and Secondary Only,38-Pvt.Unaided,1 To 10,3-Co-educational,2-Urban,NA,,Guntur (M Corp.) - Ward No.30,Guntur-Municipal Corporations,2/2 A T AGRAHARAM GUNTUR (CORP ) 4(VILL) GUNTUR(MANDAL) GUNTUR(DIST),522004,srivijethahighschool[at]gmail[dot]com,https://kys.udiseplus.gov.in/#/schooldetail/4681070/12,4681070,20/12/2025 15:06,2268
******01006 Permanently Closed,,SRI VIKAS EM SCHOOL,,,,Andhra Pradesh,2-Primary with Upper Primary,61-Unrecognised Schools,1 To 7,3-Co-educational,1-Rural,Kakumanu,Retur,,,NA,522113,,https://kys.udiseplus.gov.in/#/schooldetail/4716109/12,4716109,15/10/2020 12:18,2268
******91338 Operational,,SRI VIKAS NEHRUNAGAR,,,,Andhra Pradesh,6-Pr. Up Pr. and Secondary Only,38-Pvt.Unaided,1 To 10,3-Co-educational,2-Urban,NA,,Guntur (M Corp.) - Ward No.19,Guntur-Municipal Corporations,NEHRU NAGAR GUNTUR GUNTUR (CORP.)-3(VILL) GUNTUR(MANDAL) GUNTUR(DIST),522001,srivikasschool[at]gmail[dot]com,https://kys.udiseplus.gov.in/#/schooldetail/4681049/12,4681049,20/12/2025 13:13,2268
******00856 Operational,,SRI VINAYAKA APPLE EM SCHOOL,,,,Andhra Pradesh,2-Primary with Upper Primary,38-Pvt.Unaided,1 To 7,3-Co-educational,2-Urban,NA,,Tenali (M) - Ward No.4,Tenali-Municipality,"nandulapeta, ward no 4",522201,,https://kys.udiseplus.gov.in/#/schooldetail/4720404/12,4720404,22/12/2025 15:14,2268
******00874 Permanently Closed,,SRI VINAYAKA CAMBRIDGE,,,,Andhra Pradesh,2-Primary with Upper Primary,61-Unrecognised Schools,1 To 7,3-Co-educational,2-Urban,NA,,Tenali (M) - Ward No.30,Tenali-Municipality,NA,522201,,https://kys.udiseplus.gov.in/#/schooldetail/4715985/12,4715985,15/10/2020 12:18,2268
******00607 Operational,,SRI VISHNU JUNIOR COLLEGE,,,,Andhra Pradesh,11-Higher Secondary only/Jr. College,38-Pvt.Unaided,11 To 12,3-Co-educational,1-Rural,Thullur,Thullur,,,"NEAR GEETHA MANDHIR ,THULLUR",522237,,https://kys.udiseplus.gov.in/#/schooldetail/4720061/12,4720061,18/07/2022 18:45,2268
******00374 Operational,,SRI VISHNU JUNIOR COLLEGE MANGALAGIRI,,,,Andhra Pradesh,11-Higher Secondary only/Jr. College,38-Pvt.Unaided,11 To 12,3-Co-educational,2-Urban,NA,,Mangalagiri (M) - Ward No.2,Mangalagiri-Municipality,"AJAY NAGAR.NEAR NOWLUR RAILWAY GATE ,MANGALAGIRI",522503,meomangalagiri[at]gmail[dot]com,https://kys.udiseplus.gov.in/#/schooldetail/4720831/12,4720831,20/12/2025 13:54,2268
******00851 Permanently Closed,,SRI VISWA BHARATHI KPET,,,,Andhra Pradesh,2-Primary with Upper Primary,38-Pvt.Unaided,1 To 7,3-Co-educational,2-Urban,NA,,Tenali (M) - Ward No.12,Tenali-Municipality,NA,522201,,https://kys.udiseplus.gov.in/#/schooldetail/4715984/12,4715984,15/10/2020 12:18,2268
******01203 Operational,,SRI VISWASANTHI HIGH KANTHERU,,,,Andhra Pradesh,6-Pr. Up Pr. and Secondary Only,38-Pvt.Unaided,1 To 10,3-Co-educational,1-Rural,Tadikonda,Kantheru,,,KANTHERU KANTHERU KANTHERU(VILL) TADIKONDA(MANDAL) GUNTUR(DIST),522508,sriviswasanthi1986[at]gmail[dot]com,https://kys.udiseplus.gov.in/#/schooldetail/4679723/12,4679723,22/12/2025 10:53,2268
******00906 Permanently Closed,,SRI VISWASANTHI PS MPALEM,,,,Andhra Pradesh,2-Primary with Upper Primary,38-Pvt.Unaided,1 To 7,3-Co-educational,1-Rural,Prathipadu,Mallayapalem,,,NA,522019,,https://kys.udiseplus.gov.in/#/schooldetail/4716028/12,4716028,15/10/2020 12:18,2268
******00803 Operational,,SRI VISWASANTHI UP SCHOOL KAZA,,,,Andhra Pradesh,2-Primary with Upper Primary,38-Pvt.Unaided,1 To 7,3-Co-educational,2-Urban,NA,,Mangalagiri (M) - Ward No.27,Mangalagiri-Municipality,CHINAKAKANI CHINAKAKANI CHINAKAKANI(VILL) MANGALAGIRI(MANDAL) GUNTUR(DIST),522503,sriviswasanthi1986[at]gmail[dot]com,https://kys.udiseplus.gov.in/#/schooldetail/4679598/12,4679598,20/12/2025 13:23,2268
******00899 Operational,,SRI VIVEKAKANDA CENTRAL SCHOOL,,,,Andhra Pradesh,3-Pr. with Up.Pr. Sec. and H.Sec.,39-Pvt.Unaided (CBSE Syllabus),1 To 12,3-Co-educational,1-Rural,Tenali,Nelapadu,,,TENALI GUNTUR 522201,522201,svcs.cbse[at]gmail[dot]com,https://kys.udiseplus.gov.in/#/schooldetail/4680868/12,4680868,22/12/2025 15:22,2268
******02017 Operational,,SRI VIVEKANANDA ENGLISH MEDIUM SCHOOL,,,,Andhra Pradesh,6-Pr. Up Pr. and Secondary Only,38-Pvt.Unaided,1 To 10,3-Co-educational,2-Urban,NA,,Mangalagiri (M) - Ward No.9,Mangalagiri-Municipality,"NOWLURU 4-178.3 villgae mangalagiri mandal guntur district, andhra pradesh",522503,,,,20/12/2025 13:52,2268
******01539 Operational,,SR JUNIOR COLLEGE - 06186,,,,Andhra Pradesh,11-Higher Secondary only/Jr. College,38-Pvt.Unaided,11 To 12,3-Co-educational,2-Urban,Guntur,,Guntur Ward No. 54,Guntur-Municipal Corporations,brundhavan gardens guntur,522005,,https://kys.udiseplus.gov.in/#/schooldetail/4721986/12,4721986,09/02/2026 09:33,2268
******00323 Operational,,SR JUNIOR COLLEGE GORANTLA,,,,Andhra Pradesh,11-Higher Secondary only/Jr. College,38-Pvt.Unaided,11 To 12,3-Co-educational,2-Urban,NA,,Guntur Ward No. 60,Guntur-Municipal Corporations,chandramouli nagar 5thlane,522007,,https://kys.udiseplus.gov.in/#/schooldetail/4720737/12,4720737,20/12/2025 15:09,2268
******00678 Operational,,"S R JUNIOR COLLEGE, GUNTUR",,,,Andhra Pradesh,11-Higher Secondary only/Jr. College,38-Pvt.Unaided,11 To 12,3-Co-educational,2-Urban,NA,,Guntur (M Corp.) - Ward No.36,Guntur-Municipal Corporations,11-943/93 VIDYA NAGAR,522007,srjcguntur[at]gmail[dot]com,https://kys.udiseplus.gov.in/#/schooldetail/4680013/12,4680013,20/12/2025 12:55,2268
******00183 Operational,,"S R JUNIOR COLLEGE, PEDAPALAKALUR, GUNTUR",,,,Andhra Pradesh,11-Higher Secondary only/Jr. College,38-Pvt.Unaided,11 To 12,3-Co-educational,2-Urban,NA,,Guntur (M Corp.) - Ward No.38,Guntur-Municipal Corporations,STHAMBALAGARUVU GUNTUR,522006,srcollege06133[at]gmail[dot]com,https://kys.udiseplus.gov.in/#/schooldetail/4720595/12,4720595,20/12/2025 14:47,2268
******91286 Operational,,SRMOHS KORITEPADU,,,,Andhra Pradesh,7-Upper Pr. and Secondary,37-Pvt.Aided Oriental Schools,6 To 10,3-Co-educational,2-Urban,NA,,Guntur (M Corp.) - Ward No.40,Guntur-Municipal Corporations,1st WARD KORETIPADU GUNTUR (CORP.)-2(VILL) GUNTUR(MANDAL) GUNTUR(DIST),522007,lalitha43030308[at]gmail[dot]com,https://kys.udiseplus.gov.in/#/schooldetail/4681008/12,4681008,20/12/2025 14:53,2268
******90704 Operational,,SR MPL ELE S PONNUR,,,,Andhra Pradesh,1-Primary,34-MUNCIPAL,1 To 5,3-Co-educational,2-Urban,NA,,Ponnur (M) - Ward No.24,Ponnuru-Municipality,SRI RAMA MUNICIPAL ELEMENTARY SCHOOL 24TH WARD PONNUR PONNUR MANDAL GUNTUR DT-522124,522124,srmplschool[at]gmail[dot]com,https://kys.udiseplus.gov.in/#/schooldetail/4682953/12,4682953,08/10/2024 14:31,2268
******91241 Operational,,S.R.N.T.C.U.P.SCHOOL,,,,Andhra Pradesh,2-Primary with Upper Primary,35-Pvt.Aided,1 To 7,3-Co-educational,2-Urban,NA,,Guntur (M Corp.) - Ward No.26,Guntur-Municipal Corporations,26th WARD SRINIVASA RAO PET GUNTUR (CORP.)-2(VILL) GUNTUR(MANDAL) GUNTUR(DIST),522004,tagorebabutenali[at]gmail[dot]com,https://kys.udiseplus.gov.in/#/schooldetail/4680955/12,4680955,20/12/2025 14:46,2268
******91058 Operational,,S.R.S.M.BH KOTHAPET,,,,Andhra Pradesh,7-Upper Pr. and Secondary,34-MUNCIPAL,6 To 10,3-Co-educational,2-Urban,NA,,Tenali (M) - Ward No.7,Tenali-Municipality,07th WARD KOTHAPETA TENALI (M)(VILL) TENALI(MANDAL) GUNTUR(DIST),522201,bharathimgl78[at]gmail[dot]com,https://kys.udiseplus.gov.in/#/schooldetail/4681676/12,4681676,22/12/2025 16:02,2268
******00426 Operational,,SRS RAINBOW SCHOOL,,,,Andhra Pradesh,6-Pr. Up Pr. and Secondary Only,38-Pvt.Unaided,1 To 10,3-Co-educational,1-Rural,Prathipadu,Prathipadu,,,SRS RAINBOW UP SCHOOL BESIDE HP PETROL BUNK PRATHIPADU,522019,srsrainbowschool[at]gmail[dot]com,https://kys.udiseplus.gov.in/#/schooldetail/4720091/12,4720091,23/12/2025 15:56,2268
******00616 Operational,,SRVSNSR Jr.COLLEGE THULLUR,,,,Andhra Pradesh,11-Higher Secondary only/Jr. College,38-Pvt.Unaided,11 To 12,3-Co-educational,1-Rural,Thullur,Thullur,,,THULLURGUNTUR 522237,522237,srvsjrcollege[at]gmail[dot]com,https://kys.udiseplus.gov.in/#/schooldetail/4679423/12,4679423,14/10/2024 16:18,2268
******02022 Operational,,S S BACHPAN SCHOOL,,,,Andhra Pradesh,2-Primary with Upper Primary,38-Pvt.Unaided,1 To 7,3-Co-educational,2-Urban,Tadepalle,,Tadepalli Ward No.2,Tadepalli-Municipality,"12-45531, Near Hatel narmada Grand",522501,mvallabhaneni19[at]gmail[dot]com,,,20/12/2025 15:09,2268
******91238 Operational,,SSCAUPS S R NAGAR,,,,Andhra Pradesh,2-Primary with Upper Primary,35-Pvt.Aided,1 To 7,3-Co-educational,2-Urban,NA,,Guntur (M Corp.) - Ward No.2,Guntur-Municipal Corporations,D NO 40-10-463 SITHARAMNAGAR 2nd LANE KAKANI ROAD GUNTUR CITY GUNTUR DISTRICT-522001 ANDHRA PRADESH,522001,sscaupschool[at]gmail[dot]com,https://kys.udiseplus.gov.in/#/schooldetail/4680952/12,4680952,20/12/2025 12:58,2268
******00514 Operational,,SS CONCEPT SCHOOL MGL,,,,Andhra Pradesh,6-Pr. Up Pr. and Secondary Only,38-Pvt.Unaided,1 To 10,3-Co-educational,2-Urban,NA,,Mangalagiri (M) - Ward No.16,Mangalagiri-Municipality,NEAR HUSSAIN KATTA MANGALAGIRI MANGALAGIRI (U)(VILL) MANGALAGIRI(MANDAL) GUNTUR(DIST),522503,rani0442[at]gmail[dot]com,https://kys.udiseplus.gov.in/#/schooldetail/4678889/12,4678889,20/12/2025 13:17,2268
******91048 Operational,,SSEC AIDEDUP GNAGAR,,,,Andhra Pradesh,2-Primary with Upper Primary,35-Pvt.Aided,1 To 7,3-Co-educational,2-Urban,NA,,Tenali (M) - Ward No.1,Tenali-Municipality,SUNDARAYYA NAGAR OPP TMC CHURCH,522201,ssecup28[at]gmail[dot]com,https://kys.udiseplus.gov.in/#/schooldetail/4681671/12,4681671,22/12/2025 16:01,2268
******91313 Operational,,S.S.N.O. GOVT. HIGH SCHOOL,,,,Andhra Pradesh,7-Upper Pr. and Secondary,10-State Govt.,6 To 10,2-Girls,2-Urban,NA,,Guntur (M Corp.) - Ward No.39,Guntur-Municipal Corporations,2/14 BRODIE PET GUNTUR GUNTUR (CORP.)-3(VILL) GUNTUR(MANDAL) GUNTUR(DIST),522002,ssnosschool2015[at]gmail[dot]com,https://kys.udiseplus.gov.in/#/schooldetail/4681033/12,4681033,20/12/2025 14:59,2268
******00711 Operational,,SSR PS PONNEKALLU,,,,Andhra Pradesh,2-Primary with Upper Primary,38-Pvt.Unaided,1 To 7,3-Co-educational,1-Rural,Tadikonda,Ponnekallu,,,PONNEKALLU PONNEKALLU PONNEKALLU(VILL) TADIKONDA(MANDAL) GUNTUR(DIST),522018,ssrpsponnekallu438[at]gmail[dot]com,https://kys.udiseplus.gov.in/#/schooldetail/4679700/12,4679700,22/12/2025 10:54,2268
******01209 Permanently Closed,,SSS MANDIR EMANI,,,,Andhra Pradesh,1-Primary,38-Pvt.Unaided,1 To 5,3-Co-educational,1-Rural,Duggirala,Emani,,,NA,522308,,https://kys.udiseplus.gov.in/#/schooldetail/4715946/12,4715946,15/10/2020 12:18,2268
******90391 Operational,,SSV GUNTUR,,,,Andhra Pradesh,1-Primary,35-Pvt.Aided,1 To 5,3-Co-educational,2-Urban,NA,,Guntur (M Corp.) - Ward No.21,Guntur-Municipal Corporations,23rd WARD RAMAKSHETRAM GUNTUR (CORP.)(VILL) GUNTUR(MANDAL) GUNTUR(DIST),522004,sirigiribhagyalakshimi[at]gmail[dot]com,https://kys.udiseplus.gov.in/#/schooldetail/4680921/12,4680921,20/12/2025 14:42,2268
******00808 Operational,,SSV PUBLIC SCHOOL ETUKURU ROAD GUNTUR,,,,Andhra Pradesh,6-Pr. Up Pr. and Secondary Only,38-Pvt.Unaided,1 To 10,3-Co-educational,2-Urban,NA,,Guntur (M Corp.) - Ward No.16,Guntur-Municipal Corporations,ETUKURU ROAD GUNTUR nallacheruvu,522003,rajeshnarra111[at]gmail[dot]com,https://kys.udiseplus.gov.in/#/schooldetail/4680039/12,4680039,20/12/2025 12:38,2268
******91284 Operational,,STALL (G) HS GUNTUR,,,,Andhra Pradesh,7-Upper Pr. and Secondary,35-Pvt.Aided,6 To 10,2-Girls,2-Urban,NA,,Guntur (M Corp.) - Ward No.23,Guntur-Municipal Corporations,43rd WARD NAGARAPALEM GUNTUR (CORP.)-2(VILL) GUNTUR(MANDAL) GUNTUR(DIST),522004,stallgirlshighschoolg[at]gmail[dot]com,https://kys.udiseplus.gov.in/#/schooldetail/4681006/12,4681006,20/12/2025 12:41,2268
******91209 Operational,,STALL GIRLS HS 43W,,,,Andhra Pradesh,1-Primary,35-Pvt.Aided,1 To 5,2-Girls,2-Urban,NA,,Guntur (M Corp.) - Ward No.23,Guntur-Municipal Corporations,43rd WARD GUNTUR (MNDL) GUNTUR (CORP.)-2(VILL) GUNTUR(MANDAL) GUNTUR(DIST),522004,stallgirlshighschool[at]gmail[dot]com,https://kys.udiseplus.gov.in/#/schooldetail/4680933/12,4680933,20/12/2025 12:39,2268
******00111 Operational,,ST ALPHONSA EMHS CHILUVURU,,,,Andhra Pradesh,7-Upper Pr. and Secondary,38-Pvt.Unaided,6 To 10,3-Co-educational,1-Rural,Duggirala,Chiluvuru,,,Chiluvuru Village Duggirala Mandal Guntur,522330,stalphonsaclvr[at]gmail[dot]com,https://kys.udiseplus.gov.in/#/schooldetail/4681274/12,4681274,15/10/2020 12:18,2268
******00109 Operational,,ST ALPHONSA EMPS CHILUVURU,,,,Andhra Pradesh,1-Primary,38-Pvt.Unaided,1 To 5,3-Co-educational,1-Rural,Duggirala,Chiluvuru,,,CHILUVURU CHILUVURU CHILUVURU(VILL) DUGGIRALA(MANDAL) GUNTUR(DIST),522330,stalphonsaclvr[at]gmail[dot]com,https://kys.udiseplus.gov.in/#/schooldetail/4681272/12,4681272,21/04/2023 15:31,2268
******00723 Operational,,ST.ANNES CEMHS PH.PM,,,,Andhra Pradesh,7-Upper Pr. and Secondary,38-Pvt.Unaided,6 To 10,3-Co-educational,1-Rural,Phirangipuram,Phirangipuram,,,PHIRANGIPURAM PHIRANGIPURAM PHIRANGIPURAM (PT)(VILL) PHIRANGIPURAM(MANDAL) GUNTUR(DIST),522529,st.annscemschool123[at]gmail[dot]com,https://kys.udiseplus.gov.in/#/schooldetail/4680551/12,4680551,15/10/2020 12:18,2268
******00718 Operational,,"ST ANN's CENTENARY EM SCHOOL, PHIRANGIPURAM",,,,Andhra Pradesh,1-Primary,38-Pvt.Unaided,1 To 5,3-Co-educational,1-Rural,Phirangipuram,Phirangipuram,,,CHURCH COMPOUND PHIRANGIPURAM PHIRANGIPURAM (PT)(VILL) PHIRANGIPURAM(MANDAL) GUNTUR(DIST),522529,st.annscemschool123[at]gmail[dot]com,https://kys.udiseplus.gov.in/#/schooldetail/4680549/12,4680549,03/09/2024 17:08,2268
******91294 Operational,,ST ANNS(EM) HS GUNTUR,,,,Andhra Pradesh,6-Pr. Up Pr. and Secondary Only,38-Pvt.Unaided,1 To 10,3-Co-educational,2-Urban,NA,,Guntur (M Corp.) - Ward No.43,Guntur-Municipal Corporations,12th WARD (7th LINE) BHARAT PET GUNTUR (CORP.)-2(VILL) GUNTUR(MANDAL) GUNTUR(DIST),522002,stanns_emschoolguntur[at]yahoo[dot]com,https://kys.udiseplus.gov.in/#/schooldetail/4681015/12,4681015,20/12/2025 14:54,2268
******01209 Operational,,ST ANNS EM SCHOOL MUTLUR,,,,Andhra Pradesh,2-Primary with Upper Primary,38-Pvt.Unaided,1 To 7,3-Co-educational,1-Rural,Vatticherukuru,Mutluru,,,NEAR ST XAVIERS HS MUTLUR MUTLUR(VILL) VATTICHERUKURU MD GUNTUR DT,522212,sulochananiginam[at]gmail[dot]com,https://kys.udiseplus.gov.in/#/schooldetail/4719167/12,4719167,28/09/2024 15:38,2268
******91309 Permanently Closed,,ST ANNS EMS GUNTUR,,,,Andhra Pradesh,1-Primary,38-Pvt.Unaided,1 To 5,3-Co-educational,2-Urban,NA,,Guntur (M Corp.) - Ward No.44,Guntur-Municipal Corporations,NA,522002,,https://kys.udiseplus.gov.in/#/schooldetail/4715917/12,4715917,15/10/2020 12:18,2268
******00816 Operational,,ST ANNS EM S TENALI,,,,Andhra Pradesh,6-Pr. Up Pr. and Secondary Only,39-Pvt.Unaided (CBSE Syllabus),1 To 10,3-Co-educational,2-Urban,NA,,Tenali (M) - Ward No.29,Tenali-Municipality,SULTHANABAD TENALI TOWN TENALI(U)(VILL) TENALI(MANDAL) GUNTUR(DIST),522202,stannestnl[at]gmail[dot]com,https://kys.udiseplus.gov.in/#/schooldetail/4681574/12,4681574,22/12/2025 14:57,2268
******00922 Closed,Closed,ST ANNS ENGLISH MEDIUM SCHOOL,,,,Andhra Pradesh,2-Primary with Upper Primary,38-Pvt.Unaided,1 To 7,3-Co-educational,1-Rural,Mangalagiri,Kuragallu,,,"PEDAVADLAPUDI VILLAGE,NEAR RCM SCHOOL,MANGALAGIRI MANDAL,GUNTUR DISTRICT",522302,,https://kys.udiseplus.gov.in/#/schooldetail/4720064/12,4720064,25/07/2024 13:26,2268
******00714 Operational,,ST.ANNS GIRLS HS PP,,,,Andhra Pradesh,7-Upper Pr. and Secondary,35-Pvt.Aided,6 To 10,2-Girls,1-Rural,Phirangipuram,Phirangipuram,,,PHIRANGIPURAM PHIRANGIPURAM PHIRANGIPURAM (PT)(VILL) PHIRANGIPURAM(MANDAL) GUNTUR(DIST),522529,ppmst.anns[at]gmail[dot]com,https://kys.udiseplus.gov.in/#/schooldetail/4680545/12,4680545,15/10/2020 12:18,2268
******90731 Operational,,ST ANNS HS 1 W,,,,Andhra Pradesh,7-Upper Pr. and Secondary,40-Pvt.Unaided (ICSE Syllabus),6 To 10,3-Co-educational,2-Urban,NA,,Ponnur (M) - Ward No.18,Ponnuru-Municipality,ST ANNS HIGH SCHOOL GBC ROAD PONNUR MANDAL GUNTUR DT-522124,522124,stanns06[at]gmail[dot]com,https://kys.udiseplus.gov.in/#/schooldetail/4682978/12,4682978,08/10/2024 14:46,2268
******00696 Permanently Closed,,ST.ANNS JR.COLLEGE FOR (G) BHARATPET 7TH LINEAMARAVATHI ROAD,,,,Andhra Pradesh,11-Higher Secondary only/Jr. College,38-Pvt.Unaided,11 To 12,2-Girls,2-Urban,NA,,Guntur (M Corp.) - Ward No.51,Guntur-Municipal Corporations,NA,522002,,https://kys.udiseplus.gov.in/#/schooldetail/4715874/12,4715874,15/10/2020 12:18,2268
******00710 Operational,,ST ANNS JR COLLEGE GIRLS,,,,Andhra Pradesh,11-Higher Secondary only/Jr. College,38-Pvt.Unaided,11 To 12,2-Girls,2-Urban,NA,,Guntur (M Corp.) - Ward No.32,Guntur-Municipal Corporations,BHARATHPETA GUNTUR URBAN,522002,stannsjrcollegeforgirls.gnt[at]gmail[dot]com,https://kys.udiseplus.gov.in/#/schooldetail/4715884/12,4715884,20/12/2025 12:56,2268
******91308 Operational,,ST ANNS MK MKPET,,,,Andhra Pradesh,6-Pr. Up Pr. and Secondary Only,38-Pvt.Unaided,1 To 10,3-Co-educational,2-Urban,NA,,Guntur (M Corp.) - Ward No.45,Guntur-Municipal Corporations,45th ward MALLI KARJUNA PET 3RD LINE GUNTUR GUNTUR (CORP.)-3(VILL) GUNTUR(MANDAL) GUNTUR(DIST),522002,stannsmanovikasguntur[at]gmail[dot]com,https://kys.udiseplus.gov.in/#/schooldetail/4681032/12,4681032,20/12/2025 13:07,2268
******90762 Operational,,ST ANNS PS PONNURU,,,,Andhra Pradesh,1-Primary,40-Pvt.Unaided (ICSE Syllabus),1 To 5,3-Co-educational,2-Urban,NA,,Ponnur (M) - Ward No.18,Ponnuru-Municipality,ST ANNS PRIMARY SCHOOL GBC ROAD PONUR MANDAL GUNTUR DT-522124,522124,stanns06[at]gmail[dot]com,https://kys.udiseplus.gov.in/#/schooldetail/4682992/12,4682992,08/10/2024 14:55,2268
******01109 Closed,Closed,ST.ANTHONY BALA VIDYA NIK,,,,Andhra Pradesh,2-Primary with Upper Primary,38-Pvt.Unaided,1 To 7,3-Co-educational,2-Urban,NA,,Guntur Ward No. 53,Guntur-Municipal Corporations,VENGALAYA PALEM VENGALAYAPALLI ANKIREDDIPALEM(VILL) GUNTUR(MANDAL) GUNTUR(DIST),522005,,https://kys.udiseplus.gov.in/#/schooldetail/4680817/12,4680817,05/02/2023 22:04,2268
******00342 Operational,,"STEM SCHOOL, 1ST LINE, 1ST CROSS, VIDYA NAGAR, GUNTUR",,,,Andhra Pradesh,6-Pr. Up Pr. and Secondary Only,40-Pvt.Unaided (ICSE Syllabus),1 To 10,3-Co-educational,2-Urban,NA,,Guntur (M Corp.) - Ward No.34,Guntur-Municipal Corporations,DNO 4-5-38 1STLINE VIDYANAGAR GUNTUR-522007,522007,stemschool2016[at]gmail[dot]com,https://kys.udiseplus.gov.in/#/schooldetail/4680704/12,4680704,20/12/2025 12:45,2268
******00518 Operational,,ST FRANCIS EMS IST W MGL,,,,Andhra Pradesh,6-Pr. Up Pr. and Secondary Only,38-Pvt.Unaided,1 To 10,3-Co-educational,2-Urban,NA,,Mangalagiri (M) - Ward No.17,Mangalagiri-Municipality,NEAR BUNGLOW MANGALAGIRI MANGALAGIRI (U)(VILL) MANGALAGIRI(MANDAL) GUNTUR(DIST),522503,st.francisschool2005[at]gmail[dot]com,https://kys.udiseplus.gov.in/#/schooldetail/4679577/12,4679577,20/12/2025 13:17,2268
******00308 Operational,,"ST. IGNATIOUS ENGLISH MEDIUM SCHOOL, PEDANANDIPADU",,,,Andhra Pradesh,6-Pr. Up Pr. and Secondary Only,38-Pvt.Unaided,1 To 10,3-Co-educational,1-Rural,Pedanandipadu,Gorijavoluguntapalem,,,ABBINENI GUNTA PALEM ABBINENI GUNTAPALEM GORIJAVOLUGUNTAPALEM(VILL) PEDANANDIPADU(MANDAL) GUNTUR(DIST),522015,stignatious1976[at]gmail[dot]com,https://kys.udiseplus.gov.in/#/schooldetail/4682793/12,4682793,22/12/2025 14:16,2268
******91303 Operational,,ST IGNATIUS EM HS GUNTUR,,,,Andhra Pradesh,7-Upper Pr. and Secondary,38-Pvt.Unaided,6 To 10,3-Co-educational,2-Urban,NA,,Guntur (M Corp.) - Ward No.45,Guntur-Municipal Corporations,1st WARD ARUNDEL PET GUNTUR (CORP.)-3(VILL) GUNTUR(MANDAL) GUNTUR(DIST),522002,st.ignatiusguntur[at]gmail[dot]com,https://kys.udiseplus.gov.in/#/schooldetail/4681027/12,4681027,20/12/2025 14:57,2268
******91385 Operational,,ST IGNATIUS EM PS APET,,,,Andhra Pradesh,1-Primary,38-Pvt.Unaided,1 To 5,3-Co-educational,2-Urban,NA,,Guntur (M Corp.) - Ward No.45,Guntur-Municipal Corporations,GUNTUR GUNTUR GUNTUR (CORP.)-3(VILL) GUNTUR(MANDAL) GUNTUR(DIST),522002,st.ignatiusguntur[at]gmail[dot]com,https://kys.udiseplus.gov.in/#/schooldetail/4681063/12,4681063,20/12/2025 15:03,2268
******91279 Operational,,ST. IGNATIUS(G) HS GUNTUR,,,,Andhra Pradesh,7-Upper Pr. and Secondary,35-Pvt.Aided,6 To 10,2-Girls,2-Urban,NA,,Guntur (M Corp.) - Ward No.45,Guntur-Municipal Corporations,16th WARD (16th LINE) ARUNDELPETE GUNTUR (CORP.)-2(VILL) GUNTUR(MANDAL) GUNTUR(DIST),522002,stignatiusghs[at]gmail[dot]com,https://kys.udiseplus.gov.in/#/schooldetail/4681001/12,4681001,20/12/2025 14:53,2268
******90395 Closed,Closed,ST. JOHNS AIDED PS 1WARD,,,,Andhra Pradesh,1-Primary,35-Pvt.Aided,1 To 5,3-Co-educational,2-Urban,NA,,Guntur (M Corp.) - Ward No.17,Guntur-Municipal Corporations,1st WARD NAGARAMPALEM GUNTUR (CORP.)(VILL) GUNTUR(MANDAL) GUNTUR(DIST),522004,,https://kys.udiseplus.gov.in/#/schooldetail/4680184/12,4680184,15/10/2020 12:18,2268
******00877 Operational,,ST.JOHNS EM SCHOOL NAZERPET TENALI,,,,Andhra Pradesh,6-Pr. Up Pr. and Secondary Only,38-Pvt.Unaided,1 To 10,3-Co-educational,2-Urban,NA,,Tenali (M) - Ward No.10,Tenali-Municipality,MISSION COMPOUND NAZER PET TENALI,522265,jemstenali[at]gmail[dot]com,https://kys.udiseplus.gov.in/#/schooldetail/4681601/12,4681601,22/12/2025 15:19,2268
******91127 Operational,,ST JOHNS ENGLISH MEDIUM SCHOOL,,,,Andhra Pradesh,3-Pr. with Up.Pr. Sec. and H.Sec.,39-Pvt.Unaided (CBSE Syllabus),1 To 12,3-Co-educational,2-Urban,NA,,Tenali (M) - Ward No.10,Tenali-Municipality,missioncompound Nazer pet Tenali,522201,jemstenalicultural[at]gmail[dot]com,https://kys.udiseplus.gov.in/#/schooldetail/4681722/12,4681722,22/12/2025 15:11,2268
******00519 Operational,,ST JOHNS PS 27 W MGL,,,,Andhra Pradesh,2-Primary with Upper Primary,38-Pvt.Unaided,1 To 7,3-Co-educational,2-Urban,NA,,Mangalagiri (M) - Ward No.28,Mangalagiri-Municipality,BAPANAIAH NAGAR MANGALAGIRI MANGALAGIRI (U)(VILL) MANGALAGIRI(MANDAL) GUNTUR(DIST),522503,meomangalagiri[at]gmail[dot]com,https://kys.udiseplus.gov.in/#/schooldetail/4679578/12,4679578,20/12/2025 13:18,2268
******01206 Operational,,ST. JOSEPH EMPS EMANI,,,,Andhra Pradesh,1-Primary,38-Pvt.Unaided,1 To 5,3-Co-educational,1-Rural,Duggirala,Emani,,,EMANI(VILL) DUGGIRALA(MANDAL) GUNTUR(DIST),522308,emanistjosephs[at]gmail[dot]com,https://kys.udiseplus.gov.in/#/schooldetail/4681333/12,4681333,16/06/2023 15:21,2268
******91208 Operational,,ST. JOSEPH GIRLS HS 1W,,,,Andhra Pradesh,1-Primary,35-Pvt.Aided,1 To 5,3-Co-educational,2-Urban,NA,,Guntur (M Corp.) - Ward No.28,Guntur-Municipal Corporations,1st WARD GUNTUR (MNDL) GUNTUR (CORP.)-2(VILL) GUNTUR(MANDAL) GUNTUR(DIST),522004,stjosephschoolgnt[at]yahoo[dot]in,https://kys.udiseplus.gov.in/#/schooldetail/4680932/12,4680932,20/12/2025 14:44,2268
******01794 Operational,,ST JOSEPHINE PUBLIC SCHOOL,,,,Andhra Pradesh,2-Primary with Upper Primary,38-Pvt.Unaided,1 To 7,3-Co-educational,2-Urban,NA,,Mangalagiri (M) - Ward No.1,Mangalagiri-Municipality,KOTHAPET MANGALAGIRI,522503,Stjosephinepublics[at]gmail[dot]com,,,20/12/2025 13:53,2268
******00313 Closed,Closed,ST.JOSEPHS CONVENT VEJENDLA,,,,Andhra Pradesh,1-Primary,38-Pvt.Unaided,1 To 5,3-Co-educational,1-Rural,Chebrole,Vejendla,,,VEJENDLACHEBROLUGUNTUR522213,522213,stjosephvejendla[at]gmail[dot]com,https://kys.udiseplus.gov.in/#/schooldetail/4681782/12,4681782,10/05/2022 17:31,2268
******01208 Operational,,ST. JOSEPHS EMHS EMANI,,,,Andhra Pradesh,7-Upper Pr. and Secondary,38-Pvt.Unaided,6 To 10,3-Co-educational,1-Rural,Duggirala,Emani,,,EMANI(VILL) DUGGIRALA (MANDAL) GUNTUR (DIST),522308,sharonjoymsmhc[at]gmail[dot]com,https://kys.udiseplus.gov.in/#/schooldetail/4681334/12,4681334,15/10/2020 12:18,2268
******00717 Operational,,ST JOSEPHS EM HS PP,,,,Andhra Pradesh,7-Upper Pr. and Secondary,38-Pvt.Unaided,6 To 10,3-Co-educational,1-Rural,Phirangipuram,Phirangipuram,,,BEHIND ST PAULS SEMINARY PHIRANGIPURAM PHIRANGIPURAM (PT)(VILL) PHIRANGIPURAM(MANDAL) GUNTUR(DIST),522529,stjosephschool31[at]gmail[dot]com,https://kys.udiseplus.gov.in/#/schooldetail/4680548/12,4680548,15/10/2020 12:18,2268
******00716 Operational,,ST JOSEPHS EM PP,,,,Andhra Pradesh,1-Primary,38-Pvt.Unaided,1 To 5,3-Co-educational,1-Rural,Phirangipuram,Phirangipuram,,,PHIRANGIPURAM PHIRANGIPURAM PHIRANGIPURAM (PT)(VILL) PHIRANGIPURAM(MANDAL) GUNTUR(DIST),522529,stjosephschool31[at]gmail[dot]com,https://kys.udiseplus.gov.in/#/schooldetail/4680547/12,4680547,11/03/2024 17:15,2268
******91278 Operational,,ST. JOSEPHS (G) HS GUNTUR,,,,Andhra Pradesh,7-Upper Pr. and Secondary,35-Pvt.Aided,6 To 10,2-Girls,2-Urban,NA,,Guntur (M Corp.) - Ward No.23,Guntur-Municipal Corporations,1st WARAD NEAR FLYOVER GUNTUR (CORP.)-2(VILL) GUNTUR(MANDAL) GUNTUR(DIST),522004,rsreelakshmi2016[at]gmail[dot]com,https://kys.udiseplus.gov.in/#/schooldetail/4681000/12,4681000,20/12/2025 14:52,2268
******91589 Operational,,ST.JOSEPHs HIGH SCHOOL CBSE GUNTUR,,,,Andhra Pradesh,6-Pr. Up Pr. and Secondary Only,39-Pvt.Unaided (CBSE Syllabus),1 To 10,3-Co-educational,1-Rural,Pedakakani,Pedakakani,,,Beside Bommidala Cancer Hospital,522509,stjosephscbsegnt[at]gmail[dot]com,https://kys.udiseplus.gov.in/#/schooldetail/4681193/12,4681193,22/12/2025 15:11,2268
******91588 Operational,,ST.JOSEPHs HIGH SCHOOL EM GUNTUR,,,,Andhra Pradesh,6-Pr. Up Pr. and Secondary Only,38-Pvt.Unaided,1 To 10,3-Co-educational,2-Urban,NA,,Guntur (M Corp.) - Ward No.23,Guntur-Municipal Corporations,main road NAGARAMPALEM,522004,stjosephschoolgnt[at]yahoo[dot]co[dot]in,https://kys.udiseplus.gov.in/#/schooldetail/4681192/12,4681192,20/12/2025 15:13,2268
******91450 Operational,,ST.JOSEPHS JR.COLLEGE (G) NALLAPADU,,,,Andhra Pradesh,11-Higher Secondary only/Jr. College,35-Pvt.Aided,11 To 12,2-Girls,2-Urban,NA,,Guntur Ward No. 53,Guntur-Municipal Corporations,4-110 LOYOLA NAGAR NALLAPADU GUNTUR DT,522005,stjosephsjrcolnallapadu[at]gmail[dot]com,https://kys.udiseplus.gov.in/#/schooldetail/4681096/12,4681096,20/12/2025 12:27,2268
******01104 Operational,,St.Josephs Upper Primary School Chinaravuru,,,,Andhra Pradesh,2-Primary with Upper Primary,38-Pvt.Unaided,1 To 8,3-Co-educational,2-Urban,NA,,Tenali (M) - Ward No.5,Tenali-Municipality,NEAR CHINARAVUR WATER TANK,522201,bilbyvemuri[at]gmail[dot]com,https://kys.udiseplus.gov.in/#/schooldetail/4681618/12,4681618,22/12/2025 15:25,2268
******91523 Operational,,ST. LAURELS HS RTC COLONY GUNTUR,,,,Andhra Pradesh,6-Pr. Up Pr. and Secondary Only,38-Pvt.Unaided,1 To 10,3-Co-educational,2-Urban,NA,,Guntur Ward No. 55,Guntur-Municipal Corporations,4TH LANE RTC COLONY GUNTUR,522001,raveendrababu.mekala[at]gmail[dot]com,https://kys.udiseplus.gov.in/#/schooldetail/4681130/12,4681130,20/12/2025 12:43,2268
******00354 Operational,,ST. LUKES SCHOOL NEHRU NAGAR GUNTUR,,,,Andhra Pradesh,6-Pr. Up Pr. and Secondary Only,38-Pvt.Unaided,1 To 10,3-Co-educational,2-Urban,NA,,Guntur (M Corp.) - Ward No.51,Guntur-Municipal Corporations,"NEHRU NAGAR LANE 4,GUNTUR",522001,stlukes007[at]gmail[dot]com,https://kys.udiseplus.gov.in/#/schooldetail/4680722/12,4680722,20/12/2025 11:41,2268
******00506 Operational,,ST. MARYS HS PEDAPARIMI,,,,Andhra Pradesh,7-Upper Pr. and Secondary,35-Pvt.Aided,6 To 10,3-Co-educational,1-Rural,Thullur,Pedaparimi,,,PEDAPARIMI (VILL) THULLUR(MANDAL) GUNTUR(DIST),522236,nirmalach7[at]gmail[dot]com,https://kys.udiseplus.gov.in/#/schooldetail/4679411/12,4679411,08/10/2024 13:13,2268
******00505 Closed,Closed,ST. MARYS PS PEDAPARIMI,,,,Andhra Pradesh,1-Primary,35-Pvt.Aided,1 To 5,3-Co-educational,1-Rural,Thullur,Pedaparimi,,,"PEDAPARIMI (POST), THULLUR (MANDAL), GUNTUR (DISTRICT), A.P - 522236.",522236,kumarimary644[at]gmail[dot]com,https://kys.udiseplus.gov.in/#/schooldetail/4679410/12,4679410,09/08/2024 15:24,2268
******00312 Permanently Closed,,ST MARYS UPS SIRIPURAM,,,,Andhra Pradesh,2-Primary with Upper Primary,38-Pvt.Unaided,1 To 7,3-Co-educational,1-Rural,Medikonduru,Siripuram,,,NA,522401,,https://kys.udiseplus.gov.in/#/schooldetail/4680599/12,4680599,15/10/2020 12:18,2268
******00956 Operational,,ST PATRICKS ENGLISH MEDIUM SCHOOL,,,,Andhra Pradesh,2-Primary with Upper Primary,38-Pvt.Unaided,1 To 7,3-Co-educational,2-Urban,NA,,Guntur (M Corp.) - Ward No.15,Guntur-Municipal Corporations,SANGADIGUNTA PONNURU ROAD GUNTUR,522003,stpatricksenglishmedium[at]gmail[dot]com,https://kys.udiseplus.gov.in/#/schooldetail/4720082/12,4720082,20/12/2025 12:12,2268
******91334 Operational,,ST PATRICKS PS LALAPET,,,,Andhra Pradesh,6-Pr. Up Pr. and Secondary Only,38-Pvt.Unaided,1 To 10,3-Co-educational,2-Urban,NA,,Guntur (M Corp.) - Ward No.13,Guntur-Municipal Corporations,LALA PET GUNTUR GUNTUR (CORP.)-3(VILL) GUNTUR(MANDAL) GUNTUR(DIST),522003,pagolujaswanth[at]gmail[dot]com,https://kys.udiseplus.gov.in/#/schooldetail/4681047/12,4681047,20/12/2025 13:13,2268
******00892 Operational,,ST.PAUL E. M SCHOOL MORRISPET,,,,Andhra Pradesh,6-Pr. Up Pr. and Secondary Only,38-Pvt.Unaided,1 To 10,3-Co-educational,2-Urban,NA,,Tenali (M) - Ward No.23,Tenali-Municipality,tenali MANDAL 522202,522201,St.paulsemschool1991[at]gmail[dot]com,https://kys.udiseplus.gov.in/#/schooldetail/4680863/12,4680863,22/12/2025 15:21,2268
******00713 Operational,,ST. PAULS HS PHI PURAM,,,,Andhra Pradesh,7-Upper Pr. and Secondary,35-Pvt.Aided,6 To 10,1-Boys,1-Rural,Phirangipuram,Phirangipuram,,,PHIRANGIPURAM PHIRANGIPURAM PHIRANGIPURAM (PT)(VILL) PHIRANGIPURAM(MANDAL) GUNTUR(DIST),522529,stpaulshighschoolppm[at]gmail[dot]com,https://kys.udiseplus.gov.in/#/schooldetail/4680544/12,4680544,15/10/2020 12:18,2268
******00706 Permanently Closed,,ST PAULS JUNIOR COLLEGE,,,,Andhra Pradesh,11-Higher Secondary only/Jr. College,38-Pvt.Unaided,11 To 12,3-Co-educational,2-Urban,NA,,Guntur (M Corp.) - Ward No.45,Guntur-Municipal Corporations,NA,522007,,https://kys.udiseplus.gov.in/#/schooldetail/4715880/12,4715880,15/10/2020 12:18,2268
******00888 Closed,Closed,St.Pauls Kids SchoolCHENCHUPETSt.Pauls Kids SchoolCHENCHUPETSt.Pauls Kids School,,,,Andhra Pradesh,2-Primary with Upper Primary,38-Pvt.Unaided,1 To 7,3-Co-educational,2-Urban,NA,,Tenali (M) - Ward No.30,Tenali-Municipality,tenali 522202,522201,,https://kys.udiseplus.gov.in/#/schooldetail/4681609/12,4681609,25/06/2021 19:07,2268
******01242 Operational,,ST PAULS VOCATIONAL JUNIOR COLLEGE,,,,Andhra Pradesh,11-Higher Secondary only/Jr. College,38-Pvt.Unaided,11 To 12,3-Co-educational,2-Urban,Tenali,,Tenali (M) - Ward No.10,Tenali-Municipality,TENALI VILLAGE AND MANDAL GUNTUR DISTRICT,522201,,https://kys.udiseplus.gov.in/#/schooldetail/4721676/12,4721676,22/12/2025 15:07,2268
******01009 Operational,,ST. PETERS RCMPS PERECHERLA,,,,Andhra Pradesh,1-Primary,35-Pvt.Aided,1 To 5,3-Co-educational,1-Rural,Medikonduru,Pericherla,,,PERECHERLA (VILL) MEDIKONDURU (MNDL) PERICHERLA(VILL) MEDIKONDURU(MANDAL) GUNTUR(DIST),522005,jojappa94[at]gmail[dot]com,https://kys.udiseplus.gov.in/#/schooldetail/4680637/12,4680637,23/12/2025 11:27,2268
******90566 Closed,Closed,ST PETERS SCHOOL,,,,Andhra Pradesh,2-Primary with Upper Primary,38-Pvt.Unaided,1 To 7,3-Co-educational,2-Urban,NA,,Mangalagiri (M) - Ward No.2,Mangalagiri-Municipality,"KOTHAPET, MANGALAGIRI(U),MANGALAGIRI MANDAL,GUNTUR DISTRICT",522503,stpetersschool[at]gmail[dot]com,https://kys.udiseplus.gov.in/#/schooldetail/4679655/12,4679655,14/08/2025 10:36,2268
******01796 Operational,,ST PETERS SCHOOL MANGALAGIRI,,,,Andhra Pradesh,6-Pr. Up Pr. and Secondary Only,38-Pvt.Unaided,1 To 10,3-Co-educational,2-Urban,Mangalagiri,,Mangalagiri (M) - Ward No.26,Mangalagiri-Municipality,GOWTHAM BUDDHA ROAD MANGALAGIRI,522503,,,,20/12/2025 13:53,2268
******90389 Operational,,ST POULS RCMPS 1-W,,,,Andhra Pradesh,1-Primary,35-Pvt.Aided,1 To 5,3-Co-educational,2-Urban,NA,,Guntur (M Corp.) - Ward No.49,Guntur-Municipal Corporations,49th WARD STRATHIPET GUNTUR (CORP.)(VILL) GUNTUR(MANDAL) GUNTUR(DIST),522002,annapurnadevi07[at]gmail[dot]com,https://kys.udiseplus.gov.in/#/schooldetail/4680919/12,4680919,20/12/2025 12:48,2268
******90732 Operational,,ST THOMAS KEM PNR,,,,Andhra Pradesh,6-Pr. Up Pr. and Secondary Only,38-Pvt.Unaided,1 To 10,3-Co-educational,2-Urban,NA,,Ponnur (M) - Ward No.3,Ponnuru-Municipality,ST THOMAS KEM H SCHOOL DNO 3-2-111/1 VIDYA NAGAR NORTH EXTENSION DVC COLONY ROAD PONNUR-522124,522124,sttkems.info[at]gmail[dot]com,https://kys.udiseplus.gov.in/#/schooldetail/4682980/12,4682980,24/09/2024 09:14,2268
******01207 Operational,,ST XAVIER HS MUTLURU,,,,Andhra Pradesh,7-Upper Pr. and Secondary,35-Pvt.Aided,6 To 10,3-Co-educational,1-Rural,Vatticherukuru,Mutluru,,,MUTLURU(VILL) VATTICHERUKURU(MANDAL) GUNTUR(DIST),522212,stxavierhs207[at]gmail[dot]com,https://kys.udiseplus.gov.in/#/schooldetail/4681872/12,4681872,28/09/2024 15:37,2268
******01013 Operational,,"ST XAVIER'S HIGH SCHOOL, NALLAPADU",,,,Andhra Pradesh,7-Upper Pr. and Secondary,38-Pvt.Unaided,6 To 10,3-Co-educational,2-Urban,NA,,Guntur Ward No. 53,Guntur-Municipal Corporations,CHALLAVARIPALEM NALLAPADU MAINROAD NALLAPADU(VILL) GUNTUR(MANDAL) GUNTUR(DIST),522005,stxavieremschool32[at]gmail[dot]com,https://kys.udiseplus.gov.in/#/schooldetail/4680808/12,4680808,20/12/2025 13:03,2268
******01014 Operational,,"ST XAVIER'S PUBLIC SCHOOL, NALLAPADU",,,,Andhra Pradesh,1-Primary,38-Pvt.Unaided,1 To 5,3-Co-educational,2-Urban,NA,,Guntur Ward No. 53,Guntur-Municipal Corporations,CHALLAVANI PALEM NALLAPADU NALLAPADU(VILL) GUNTUR(MANDAL) GUNTUR(DIST),522005,stxavieremschool32[at]gmail[dot]com,https://kys.udiseplus.gov.in/#/schooldetail/4680809/12,4680809,20/12/2025 13:03,2268
******91465 Operational,,SUCCESS HIGH SCHOOL VIDYANAGAR GUNTUR,,,,Andhra Pradesh,7-Upper Pr. and Secondary,38-Pvt.Unaided,6 To 10,3-Co-educational,2-Urban,NA,,Guntur (M Corp.) - Ward No.37,Guntur-Municipal Corporations,2/1 VIDYA NAGAR guntur corporation,522007,successschoolguntur[at]gmail[dot]com,https://kys.udiseplus.gov.in/#/schooldetail/4680355/12,4680355,20/12/2025 15:21,2268
******91530 Operational,,SUJATHA HIGH SCHOOL SRINIVASARAOPET GUNTUR,,,,Andhra Pradesh,6-Pr. Up Pr. and Secondary Only,38-Pvt.Unaided,1 To 10,3-Co-educational,2-Urban,NA,,Guntur (M Corp.) - Ward No.26,Guntur-Municipal Corporations,GUNTUR CORP 5 GUNTUR 522004,522004,sujathahighschoolguntur[at]gmail[dot]com,https://kys.udiseplus.gov.in/#/schooldetail/4681135/12,4681135,20/12/2025 15:16,2268
******91321 Operational,,SUJATHA PS GUNTUR,,,,Andhra Pradesh,2-Primary with Upper Primary,38-Pvt.Unaided,1 To 7,3-Co-educational,2-Urban,NA,,Guntur (M Corp.) - Ward No.27,Guntur-Municipal Corporations,KVP COLONY 1ST LANE GUNTUR GUNTUR (CORP.)-3(VILL) GUNTUR(MANDAL) GUNTUR(DIST),522004,srisujathapublicschoolgnt1995[at]gmail[dot]com,https://kys.udiseplus.gov.in/#/schooldetail/4681036/12,4681036,20/12/2025 15:01,2268
******00904 Operational,,SUMEDHA HIGH SCHOOL NGOS COLONY MAIN ROAD GUNTUR,,,,Andhra Pradesh,6-Pr. Up Pr. and Secondary Only,38-Pvt.Unaided,1 To 10,3-Co-educational,2-Urban,NA,,Guntur (M Corp.) - Ward No.29,Guntur-Municipal Corporations,NGGOs colony 3rd line,522004,sumedhahs2017[at]gmail[dot]com,https://kys.udiseplus.gov.in/#/schooldetail/4680042/12,4680042,20/12/2025 12:57,2268
******91507 Permanently Closed,,SURYA PRIMARY SCHOOL GARDENS GUNTUR,,,,Andhra Pradesh,2-Primary with Upper Primary,61-Unrecognised Schools,1 To 8,3-Co-educational,2-Urban,NA,,Guntur Ward No. 55,Guntur-Municipal Corporations,NA,522002,,https://kys.udiseplus.gov.in/#/schooldetail/4715927/12,4715927,15/10/2020 12:18,2268
******00604 Operational,,SVEM SCH NIDAMARRU,,,,Andhra Pradesh,2-Primary with Upper Primary,38-Pvt.Unaided,1 To 7,3-Co-educational,2-Urban,NA,,Mangalagiri (M) - Ward No.32,Mangalagiri-Municipality,NIDAMARRU NIDAMARRU NIDAMARRU(VILL) MANGALAGIRI(MANDAL) GUNTUR(DIST),522503,srivivekanandaemschool[at]gmail[dot]com,https://kys.udiseplus.gov.in/#/schooldetail/4679590/12,4679590,20/12/2025 13:21,2268
******00807 Permanently Closed,,SVL GANDHI MEMORIAL PS PRATURU,,,,Andhra Pradesh,2-Primary with Upper Primary,61-Unrecognised Schools,1 To 7,3-Co-educational,1-Rural,Tadepalle,NA,,,NA,522501,,https://kys.udiseplus.gov.in/#/schooldetail/4715769/12,4715769,15/10/2020 12:18,2268
******00887 Operational,,S.V.P IDEAL SCHOOL TENALI,,,,Andhra Pradesh,6-Pr. Up Pr. and Secondary Only,38-Pvt.Unaided,1 To 10,3-Co-educational,2-Urban,NA,,Tenali (M) - Ward No.4,Tenali-Municipality,SVP IDEAL SCHOOL BURRIPALEM ROAD -TENALI,522201,Komarabathini1988[at]gmail[dot]com,https://kys.udiseplus.gov.in/#/schooldetail/4681608/12,4681608,22/12/2025 15:20,2268
******00208 Operational,,SVSPS DANGE NAGAR,,,,Andhra Pradesh,1-Primary,10-State Govt.,1 To 5,3-Co-educational,1-Rural,Pedakakani,Nambur,,,DANGE NAGAR NAMBUR NAMBUR(VILL) PEDAKAKANI(MANDAL) GUNTUR(DIST),522508,krushnakota1973[at]gmail[dot]com,https://kys.udiseplus.gov.in/#/schooldetail/4680475/12,4680475,18/09/2024 12:47,2268
******00617 Operational,,SVV HS TADIKONDA,,,,Andhra Pradesh,7-Upper Pr. and Secondary,35-Pvt.Aided,6 To 10,3-Co-educational,1-Rural,Tadikonda,Tadikonda,,,TADIKONDA TADI KONDA TADIKONDA(VILL) TADIKONDA(MANDAL) GUNTUR(DIST),522236,svvhighschooltadikonda9[at]gmail[dot]com,https://kys.udiseplus.gov.in/#/schooldetail/4679685/12,4679685,22/12/2025 10:53,2268
******01112 Operational,,SVV NIKETAN DUGGIRALA,,,,Andhra Pradesh,2-Primary with Upper Primary,38-Pvt.Unaided,1 To 7,3-Co-educational,1-Rural,Duggirala,Duggirala,,,DUGGIRALA DUGGIRALA DUGGIRALA(VILL) DUGGIRALA(MANDAL) GUNTUR(DIST),522330,ssvvn123[at]gmail[dot]com,https://kys.udiseplus.gov.in/#/schooldetail/4681324/12,4681324,21/04/2023 15:31,2268
******91519 Operational,,TAKSHASEELA PUBLIC SCHOOL A.T.AGRAHARAM,,,,Andhra Pradesh,2-Primary with Upper Primary,38-Pvt.Unaided,1 To 7,3-Co-educational,2-Urban,NA,,Guntur (M Corp.) - Ward No.25,Guntur-Municipal Corporations,ATAGRAHARAM GUNTUR- 522004,522004,takshasilavidyalaya.8[at]gmail[dot]com,https://kys.udiseplus.gov.in/#/schooldetail/4681126/12,4681126,20/12/2025 15:18,2268
******00923 Closed,Closed,TAPASWI VIDYANIKHETAN CHEBROLU,,,,Andhra Pradesh,2-Primary with Upper Primary,38-Pvt.Unaided,1 To 7,3-Co-educational,1-Rural,Chebrole,Chebrolu,,,CHEBROLE GUNTURDist 522212,522212,,https://kys.udiseplus.gov.in/#/schooldetail/4681820/12,4681820,18/12/2023 17:22,2268
******00922 Permanently Closed,,TAUHEEDUL ISLAM DEENIYATH SCHOOL,,,,Andhra Pradesh,2-Primary with Upper Primary,61-Unrecognised Schools,1 To 7,3-Co-educational,2-Urban,NA,,Guntur (M Corp.) - Ward No.11,Guntur-Municipal Corporations,NA,522001,,https://kys.udiseplus.gov.in/#/schooldetail/4715894/12,4715894,15/10/2020 12:18,2268
******91470 Operational,,TEJA HIGH SCHOOL 1/4 YADAVA STREETOLD GUNTUR,,,,Andhra Pradesh,6-Pr. Up Pr. and Secondary Only,38-Pvt.Unaided,1 To 10,3-Co-educational,2-Urban,NA,,Guntur (M Corp.) - Ward No.5,Guntur-Municipal Corporations,Tsaka highschool yadavabazer1lion oldguntur,522330,aradhyulasureshbabu010[at]gmail[dot]com,https://kys.udiseplus.gov.in/#/schooldetail/4681098/12,4681098,20/12/2025 12:50,2268
******00905 Permanently Closed,,TEJAS VOC JR.COLLEGE,,,,Andhra Pradesh,11-Higher Secondary only/Jr. College,38-Pvt.Unaided,11 To 12,3-Co-educational,2-Urban,NA,,Tenali (M) - Ward No.26,Tenali-Municipality,NA,522201,,https://kys.udiseplus.gov.in/#/schooldetail/4715992/12,4715992,15/10/2020 12:18,2268
******91353 Operational,,THE CENTRAL PUBLIC S,,,,Andhra Pradesh,6-Pr. Up Pr. and Secondary Only,38-Pvt.Unaided,1 To 10,3-Co-educational,2-Urban,NA,,Guntur (M Corp.) - Ward No.39,Guntur-Municipal Corporations,BRODIE PET GUNTUR GUNTUR (CORP.)-3(VILL) GUNTUR(MANDAL) GUNTUR(DIST),522002,thecentralpublicschool[at]gmail[dot]com,https://kys.udiseplus.gov.in/#/schooldetail/4681056/12,4681056,20/12/2025 15:02,2268
******00258 Operational,,THE CENTRAL SCHOOL,,,,Andhra Pradesh,2-Primary with Upper Primary,38-Pvt.Unaided,1 To 8,3-Co-educational,2-Urban,NA,,Guntur (M Corp.) - Ward No.29,Guntur-Municipal Corporations,A T AGRAHARAM GUNTUR URBAN,522004,,https://kys.udiseplus.gov.in/#/schooldetail/4720669/12,4720669,20/12/2025 15:11,2268
******91480 Closed,Closed,THE CHILDREN HS GUNTUR,,,,Andhra Pradesh,7-Upper Pr. and Secondary,38-Pvt.Unaided,6 To 10,3-Co-educational,2-Urban,NA,,Guntur (M Corp.) - Ward No.48,Guntur-Municipal Corporations,bapuji road sangadigunta,522003,,https://kys.udiseplus.gov.in/#/schooldetail/4681104/12,4681104,11/05/2022 12:56,2268
******91407 Operational,,THE CHILDRENS PS GUNTUR,,,,Andhra Pradesh,2-Primary with Upper Primary,38-Pvt.Unaided,1 To 7,3-Co-educational,2-Urban,NA,,Guntur (M Corp.) - Ward No.34,Guntur-Municipal Corporations,BAPUJI ROAD SANGADIGUNTA SUNTUR,522003,sridevi.ganta65[at]gmail[dot]com,https://kys.udiseplus.gov.in/#/schooldetail/4681071/12,4681071,20/12/2025 12:52,2268
******00303 Operational,,THE CROSS WORD NAGARALU 3RD LINE,,,,Andhra Pradesh,6-Pr. Up Pr. and Secondary Only,38-Pvt.Unaided,1 To 10,3-Co-educational,2-Urban,NA,,Guntur Ward No. 57,Guntur-Municipal Corporations,2nd LINE PS NAGAR NAGARALU AMARAVATHI ROAD GUNTUR,522034,thecrosswordschool[at]gmail[dot]com,https://kys.udiseplus.gov.in/#/schooldetail/4680670/12,4680670,20/12/2025 11:36,2268
******90777 Operational,,"THE INDO ENGLISH PUBLIC SCHOOL, PONNUR",,,,Andhra Pradesh,6-Pr. Up Pr. and Secondary Only,38-Pvt.Unaided,1 To 10,3-Co-educational,2-Urban,NA,,Ponnur (M) - Ward No.31,Ponnuru-Municipality,THE INDO ENGLISH PUBLIC SCHOOL DOOR NO 25-1-60 SAMBASIVARAO COLONY PONNUR MDL GUNTUR DT-522124,522124,indoschoolponnur[at]gmail[dot]com,https://kys.udiseplus.gov.in/#/schooldetail/4682998/12,4682998,25/09/2024 11:25,2268
******00605 Permanently Closed,,THE KAKUMANU PS KAKUMANU,,,,Andhra Pradesh,2-Primary with Upper Primary,61-Unrecognised Schools,1 To 7,3-Co-educational,1-Rural,Kakumanu,Kakumanu,,,NA,522112,,https://kys.udiseplus.gov.in/#/schooldetail/4716107/12,4716107,15/10/2020 12:18,2268
******00719 Operational,,THE MASTERMINDS JUNIOR COLLEGE,,,,Andhra Pradesh,11-Higher Secondary only/Jr. College,38-Pvt.Unaided,11 To 12,3-Co-educational,2-Urban,NA,,Guntur (M Corp.) - Ward No.36,Guntur-Municipal Corporations,main road CHINNA PALAKALURU,522005,tmmboardwork[at]gmail[dot]com,https://kys.udiseplus.gov.in/#/schooldetail/4719126/12,4719126,20/12/2025 12:31,2268
******91117 Permanently Closed,,THE TENALI PUBLIC SCHOOL NANDHULAPET TENALI,,,,Andhra Pradesh,2-Primary with Upper Primary,61-Unrecognised Schools,1 To 7,3-Co-educational,2-Urban,NA,,Tenali (M) - Ward No.6,Tenali-Municipality,NA,522201,,https://kys.udiseplus.gov.in/#/schooldetail/4716003/12,4716003,15/10/2020 12:18,2268
******00943 Operational,,TINY TOTS SCHOOL,,,,Andhra Pradesh,2-Primary with Upper Primary,38-Pvt.Unaided,1 To 7,3-Co-educational,2-Urban,NA,,Guntur Ward No. 62,Guntur-Municipal Corporations,DNO 132-44 GOSALAROAD REDDYPALEM 522032,522002,tinytots.gnt[at]gmail[dot]com,https://kys.udiseplus.gov.in/#/schooldetail/4719131/12,4719131,20/12/2025 12:10,2268
******00398 Operational,,TINY TOTS SCHOOL 4TH LINE BRUNDHAVAN GARDEN,,,,Andhra Pradesh,2-Primary with Upper Primary,38-Pvt.Unaided,1 To 7,3-Co-educational,2-Urban,NA,,Guntur (M Corp.) - Ward No.35,Guntur-Municipal Corporations,4TH LINE BRUNDAVAN GARDENS GUNTUR-522007,522006,tinytots.gnt[at]gmail[dot]com,https://kys.udiseplus.gov.in/#/schooldetail/4679980/12,4679980,20/12/2025 12:52,2268
******91064 Closed,Closed,T.J.COLLEGEKOTHAPET,,,,Andhra Pradesh,7-Upper Pr. and Secondary,35-Pvt.Aided,6 To 10,3-Co-educational,2-Urban,NA,,Tenali (M) - Ward No.7,Tenali-Municipality,09-th WARD KOTHAPET TENALI (M)(VILL) TENALI(MANDAL) GUNTUR(DIST),522201,meotenali[at]gmail[dot]com,https://kys.udiseplus.gov.in/#/schooldetail/4681681/12,4681681,17/12/2023 18:31,2268
******00690 Operational,,T.J.P.S. COLLEGE GUNTUR,,,,Andhra Pradesh,11-Higher Secondary only/Jr. College,38-Pvt.Unaided,11 To 12,3-Co-educational,2-Urban,NA,,Guntur (M Corp.) - Ward No.25,Guntur-Municipal Corporations,OPP JUTEMILL RING ROAD GUNTUR,522006,tjpscollege[at]yahoo[dot]com,https://kys.udiseplus.gov.in/#/schooldetail/4680775/12,4680775,20/12/2025 12:55,2268
******91326 Operational,,TOP KIDS EMS GUNTUR,,,,Andhra Pradesh,6-Pr. Up Pr. and Secondary Only,39-Pvt.Unaided (CBSE Syllabus),1 To 10,3-Co-educational,2-Urban,NA,,Guntur Ward No. 56,Guntur-Municipal Corporations,ADAVITAKKELLAPADU GUNTUR 522018,522018,topkidsschool[at]gmail[dot]com,https://kys.udiseplus.gov.in/#/schooldetail/4681041/12,4681041,20/12/2025 12:41,2268
******01006 Permanently Closed,,Triplaar SchoolEnamadala,,,,Andhra Pradesh,3-Pr. with Up.Pr. Sec. and H.Sec.,38-Pvt.Unaided,1 To 12,3-Co-educational,1-Rural,Prathipadu,Enamadala,,,NA,522019,,https://kys.udiseplus.gov.in/#/schooldetail/4716030/12,4716030,15/10/2020 12:18,2268
******00830 Operational,,TRIVENI CONVENT I PET,,,,Andhra Pradesh,2-Primary with Upper Primary,38-Pvt.Unaided,1 To 7,3-Co-educational,2-Urban,NA,,Tenali (M) - Ward No.12,Tenali-Municipality,MOSQUE STREET ISLAM PET TENALI TOWN TENALI(U)(VILL) TENALI(MANDAL) GUNTUR(DIST),522201,,https://kys.udiseplus.gov.in/#/schooldetail/4681579/12,4681579,22/12/2025 14:59,2268
******91501 Operational,,TSR KIDS SCHOOL BRODIPET GUNTUR,,,,Andhra Pradesh,2-Primary with Upper Primary,38-Pvt.Unaided,1 To 7,3-Co-educational,2-Urban,NA,,Guntur (M Corp.) - Ward No.40,Guntur-Municipal Corporations,BRODIPET GUNTUR corporation,522002,tsrtuitions[at]gmail[dot]com,https://kys.udiseplus.gov.in/#/schooldetail/4681113/12,4681113,20/12/2025 15:20,2268
******91061 Operational,,T.S.R.MHS GPET,,,,Andhra Pradesh,7-Upper Pr. and Secondary,34-MUNCIPAL,6 To 10,3-Co-educational,2-Urban,NA,,Tenali (M) - Ward No.35,Tenali-Municipality,35TH WARD GANGANAMMAPETA TENALI (M)(VILL) TENALI(MANDAL) GUNTUR(DIST),522201,tsrmunicipalhighschool1[at]gmail[dot]com,https://kys.udiseplus.gov.in/#/schooldetail/4681679/12,4681679,22/12/2025 16:00,2268
******00306 Operational,,TWIN PUBLIC SCHOOL RATNAGIRI NAGAR,,,,Andhra Pradesh,2-Primary with Upper Primary,38-Pvt.Unaided,1 To 7,3-Co-educational,2-Urban,NA,,Guntur Ward No. 54,Guntur-Municipal Corporations,gujjanagundla near chaitanya godavari bank,522006,vineelathamatam31[at]gmail[dot]com,https://kys.udiseplus.gov.in/#/schooldetail/4680673/12,4680673,20/12/2025 12:45,2268
******00824 Closed,Closed,UJWALA PS RL PET,,,,Andhra Pradesh,2-Primary with Upper Primary,38-Pvt.Unaided,1 To 7,3-Co-educational,2-Urban,NA,,Tenali (M) - Ward No.12,Tenali-Municipality,RAMA LINGESWARA PETA TENALI TOWN TENALI(U)(VILL) TENALI(MANDAL) GUNTUR(DIST),522201,ujwala1992[at]gmail[dot]com,https://kys.udiseplus.gov.in/#/schooldetail/4681575/12,4681575,03/09/2024 09:54,2268
******00902 Operational,,"UNIQE SCHOOL, 18/2 NALLACHERUVU",,,,Andhra Pradesh,2-Primary with Upper Primary,38-Pvt.Unaided,1 To 7,3-Co-educational,2-Urban,NA,,Guntur (M Corp.) - Ward No.19,Guntur-Municipal Corporations,nallacheruvu 18/2 lane guntur,522003,Shaikkarimullah1999[at]gmail[dot]com,https://kys.udiseplus.gov.in/#/schooldetail/4719128/12,4719128,20/12/2025 12:57,2268
******91504 Operational,,UNIQUE SCHOOL RAILPET GUNTUR,,,,Andhra Pradesh,2-Primary with Upper Primary,38-Pvt.Unaided,1 To 7,3-Co-educational,2-Urban,NA,,Guntur (M Corp.) - Ward No.11,Guntur-Municipal Corporations,RAILPET GUNTUR GUNTUR EAST,522001,uniqueschool[at]gmail[dot]com,https://kys.udiseplus.gov.in/#/schooldetail/4680376/12,4680376,20/12/2025 12:45,2268
******00205 Operational,,UNIVERSAL SCHOOL,,,,Andhra Pradesh,2-Primary with Upper Primary,38-Pvt.Unaided,1 To 7,3-Co-educational,2-Urban,NA,,Tadepalli Ward No.11,Tadepalli-Municipality,UNDAVALLI UNDAVALLI UNDAVALLI(VILL) THADEPALLE(MANDAL) GUNTUR(DIST),522501,srinivasmaster[at]yahoo[dot]com,https://kys.udiseplus.gov.in/#/schooldetail/4679475/12,4679475,08/10/2024 11:34,2268
******91571 Operational,,USHODAYA E.M HIGH SCHOOLCHETHANA CHOWDAVARAMGUNTUR,,,,Andhra Pradesh,7-Upper Pr. and Secondary,38-Pvt.Unaided,6 To 10,3-Co-educational,2-Urban,NA,,Guntur Ward No. 59,Guntur-Municipal Corporations,Chowdavaram Guntur Rural -522019,522019,officestate[at]chetanacharity[dot]org,https://kys.udiseplus.gov.in/#/schooldetail/4681172/12,4681172,20/12/2025 14:47,2268
******01312 Operational,,USHODAYA EM SCHOOL CBSE CHOWDAVARAM GUNTUR RURAL,,,,Andhra Pradesh,6-Pr. Up Pr. and Secondary Only,39-Pvt.Unaided (CBSE Syllabus),1 To 10,3-Co-educational,2-Urban,NA,,Guntur Ward No. 59,Guntur-Municipal Corporations,CHOWDAVARAM GUNTUR 522019,522019,office.cbse[at]chetanacharity[dot]org,https://kys.udiseplus.gov.in/#/schooldetail/4680843/12,4680843,20/12/2025 13:13,2268
******91570 Operational,,"USHODAYA E.M. SCHOOL , CHETHANA CHOWDAVARAM, GUNTUR",,,,Andhra Pradesh,1-Primary,38-Pvt.Unaided,1 To 5,3-Co-educational,2-Urban,NA,,Guntur Ward No. 59,Guntur-Municipal Corporations,GUNTUR CORP 5 GUNTUR GUNTUR-522019,522019,officestate[at]chetanacharity[dot]org,https://kys.udiseplus.gov.in/#/schooldetail/4681171/12,4681171,20/12/2025 14:47,2268
******00310 Permanently Closed,,USHODAYA SCHOOL MALLIKHARJUNAPET LAST LINE,,,,Andhra Pradesh,2-Primary with Upper Primary,38-Pvt.Unaided,1 To 7,3-Co-educational,2-Urban,NA,,Guntur (M Corp.) - Ward No.37,Guntur-Municipal Corporations,NA,522006,,https://kys.udiseplus.gov.in/#/schooldetail/4715845/12,4715845,15/10/2020 12:18,2268
******00203 Operational,,VAMSI HIGH SCHOOL,,,,Andhra Pradesh,6-Pr. Up Pr. and Secondary Only,38-Pvt.Unaided,1 To 10,3-Co-educational,2-Urban,NA,,Tadepalli Ward No.11,Tadepalli-Municipality,UNDAVALLI UNDAVALLI UNDAVALLI(VILL) THADEPALLE(MANDAL) GUNTUR(DIST),522501,vamsihighschools[at]gmail[dot]com,https://kys.udiseplus.gov.in/#/schooldetail/4679471/12,4679471,08/10/2024 11:06,2268
******00415 Permanently Closed,,VAMSI JR COLLEGE [INCENTIVE],,,,Andhra Pradesh,11-Higher Secondary only/Jr. College,38-Pvt.Unaided,11 To 12,3-Co-educational,1-Rural,Mangalagiri,NA,,,NA,518422,,https://kys.udiseplus.gov.in/#/schooldetail/4715771/12,4715771,15/10/2020 12:18,2268
******90531 Closed,Closed,"VANI HIGH SCHOOL, MAIN BAZAR, MANGALAGIRI",,,,Andhra Pradesh,6-Pr. Up Pr. and Secondary Only,38-Pvt.Unaided,1 To 10,3-Co-educational,2-Urban,NA,,Mangalagiri (M) - Ward No.3,Mangalagiri-Municipality,MAIN BAZAR 11TH WARD 11TH WARD MANGALAGIRI (M)(VILL) MANGALAGIRI(MANDAL) GUNTUR(DIST),522503,vanihighschool1982[at]gmail[dot]com,https://kys.udiseplus.gov.in/#/schooldetail/4679646/12,4679646,19/12/2023 16:53,2268
******91573 Operational,,VANI VIDYALAYAMRING ROADGUNTUR,,,,Andhra Pradesh,2-Primary with Upper Primary,38-Pvt.Unaided,1 To 7,3-Co-educational,2-Urban,NA,,Guntur (M Corp.) - Ward No.33,Guntur-Municipal Corporations,Navbarath Nagar 2nd linr Ring road,522006,liveprinciple0123[at]gmail[dot]com,https://kys.udiseplus.gov.in/#/schooldetail/4681174/12,4681174,20/12/2025 15:15,2268
******00370 Operational,,VANI VIDYA VIHAR KRISHNABABU NAGAR GUNTUR,,,,Andhra Pradesh,6-Pr. Up Pr. and Secondary Only,38-Pvt.Unaided,1 To 10,3-Co-educational,2-Urban,NA,,Guntur (M Corp.) - Ward No.35,Guntur-Municipal Corporations,krishna babu nagar palakaluru road guntur,522006,Vanividyavihar74[at]gmail[dot]com,https://kys.udiseplus.gov.in/#/schooldetail/4679964/12,4679964,20/12/2025 12:50,2268
******01327 Operational,,VARALAKSHMI SCHOOL NAMBUR,,,,Andhra Pradesh,6-Pr. Up Pr. and Secondary Only,38-Pvt.Unaided,1 To 10,3-Co-educational,1-Rural,Pedakakani,Nambur,,,"D.NO.9-3/1,gollamoodi road, namburu village, peda kakani mandal, guntur district, A.P",522508,VARALAKSHMISCHOOL2[at]GMAIL[dot]COM,https://kys.udiseplus.gov.in/#/schooldetail/4721687/12,4721687,29/07/2025 17:40,2268
******00340 Operational,,"VASAVI ENGLISH MEDIUM SCHOOL, REDDY STREET NEAR JENDA CHETTU",,,,Andhra Pradesh,2-Primary with Upper Primary,38-Pvt.Unaided,1 To 7,3-Co-educational,2-Urban,NA,,Guntur (M Corp.) - Ward No.3,Guntur-Municipal Corporations,GUNTUR CORP 5 GUNTUR GUNTUR 522001,522001,chavali698[at]gmail[dot]com,https://kys.udiseplus.gov.in/#/schooldetail/4680702/12,4680702,20/12/2025 11:40,2268
******91533 Operational,,VASAVI HIGH SCHOOL,,,,Andhra Pradesh,6-Pr. Up Pr. and Secondary Only,38-Pvt.Unaided,1 To 10,3-Co-educational,2-Urban,NA,,Guntur (M Corp.) - Ward No.3,Guntur-Municipal Corporations,GUNTURCORP 5 GUNTUR GUNTUR 522001,522001,vhsoldguntur[at]gmail[dot]com,https://kys.udiseplus.gov.in/#/schooldetail/4681138/12,4681138,20/12/2025 12:38,2268
******00891 Closed,Closed,VASTHYALYA PUBLIC SCHOOL,,,,Andhra Pradesh,2-Primary with Upper Primary,38-Pvt.Unaided,1 To 7,3-Co-educational,2-Urban,NA,,Tenali (M) - Ward No.19,Tenali-Municipality,VASTHYLYA 522201,522201,konjetiradhika073[at]gmail[dot]com,https://kys.udiseplus.gov.in/#/schooldetail/4680862/12,4680862,14/10/2024 10:08,2268
******00314 Permanently Closed,,VATTICHERUKURU JUNIOR COLLEGE [INC],,,,Andhra Pradesh,11-Higher Secondary only/Jr. College,38-Pvt.Unaided,11 To 12,3-Co-educational,1-Rural,Chebrole,Pathareddipalem,,,NA,522213,,https://kys.udiseplus.gov.in/#/schooldetail/4716014/12,4716014,15/10/2020 12:18,2268
******00706 Operational,,VDR SM ZPHS KOMMURU,,,,Andhra Pradesh,7-Upper Pr. and Secondary,33-MPP_ZPP SCHOOLS,6 To 10,3-Co-educational,1-Rural,Kakumanu,Kommuru,,,KOMMURU KOMMURU KOMMURU(VILL) KAKUMANU(MANDAL) GUNTUR(DIST),522235,vdrsmzphskommuru[at]gmail[dot]com,https://kys.udiseplus.gov.in/#/schooldetail/4682860/12,4682860,28/09/2024 11:45,2268
******91536 Operational,,VENKATESWRA PUBLIC SCHOOL RAJEEV GANDHI NAGAR,,,,Andhra Pradesh,6-Pr. Up Pr. and Secondary Only,38-Pvt.Unaided,1 To 10,3-Co-educational,2-Urban,NA,,Guntur (M Corp.) - Ward No.47,Guntur-Municipal Corporations,RAJIVGANDHI NAGAR 6th line,522001,mallisvps[at]gmail[dot]com,https://kys.udiseplus.gov.in/#/schooldetail/4681143/12,4681143,20/12/2025 12:35,2268
******00113 Permanently Closed,,VENU VN KORNEPADU,,,,Andhra Pradesh,1-Primary,38-Pvt.Unaided,1 To 5,3-Co-educational,1-Rural,Vatticherukuru,Kornepadu,,,NA,522017,,https://kys.udiseplus.gov.in/#/schooldetail/4681841/12,4681841,15/10/2020 12:18,2268
******00309 Operational,,VICTORIA ENGLISH MEDIUM SCHOOL,,,,Andhra Pradesh,7-Upper Pr. and Secondary,38-Pvt.Unaided,6 To 10,3-Co-educational,1-Rural,Tenali,Nandivelugu,,,NANDIVELUGU village nandhivelugu,522306,victoriaups[at]gmail[dot]com,https://kys.udiseplus.gov.in/#/schooldetail/4681526/12,4681526,22/12/2025 14:41,2268
******00308 Operational,,VICTORIA UPS NANDIVELUGU,,,,Andhra Pradesh,1-Primary,38-Pvt.Unaided,1 To 5,3-Co-educational,1-Rural,Tenali,Nandivelugu,,,NANDIVELUGU NANDIVELUGU NANDIVELUGU(VILL) TENALI(MANDAL) GUNTUR(DIST),522306,victoriaups[at]g[dot]mail[dot]com,https://kys.udiseplus.gov.in/#/schooldetail/4681525/12,4681525,22/12/2025 14:40,2268
******00919 Operational,,VICTOR PUBLIC SCHOOL,,,,Andhra Pradesh,2-Primary with Upper Primary,38-Pvt.Unaided,1 To 7,3-Co-educational,1-Rural,Kollipara,Kollipara,,,KOLLIPARA KOLLIPARA KOLLIPARA(VILL) KOLLIPARA(MANDAL) GUNTUR(DIST),522304,victorenglishmediumschoolkolli[at]gmail[dot]com,https://kys.udiseplus.gov.in/#/schooldetail/4681372/12,4681372,23/12/2025 16:17,2268
******00670 Operational,,"VIDWAN JUNIOR COLLEGE, LAKSHMIPURAM, GUNTUR",,,,Andhra Pradesh,11-Higher Secondary only/Jr. College,38-Pvt.Unaided,11 To 12,3-Co-educational,2-Urban,NA,,Guntur (M Corp.) - Ward No.47,Guntur-Municipal Corporations,VIDWAN JR.COLLEGE LAKSHMIPURAM 3RD LANE GUNTUR,522006,arkainstitutionsgnt[at]gmail[dot]com,https://kys.udiseplus.gov.in/#/schooldetail/4680007/12,4680007,20/12/2025 12:24,2268
******00704 Permanently Closed,,VIDYA BHARATHI JR COLLEGE,,,,Andhra Pradesh,11-Higher Secondary only/Jr. College,38-Pvt.Unaided,11 To 12,3-Co-educational,2-Urban,NA,,Guntur (M Corp.) - Ward No.43,Guntur-Municipal Corporations,NA,522005,,https://kys.udiseplus.gov.in/#/schooldetail/4715878/12,4715878,15/10/2020 12:18,2268
******90781 Operational,,VIDYA BHARATHI UP SCHOOL UPPARAPALEM,,,,Andhra Pradesh,2-Primary with Upper Primary,38-Pvt.Unaided,1 To 8,3-Co-educational,1-Rural,Ponnur,Upparapalem,,,VIDYA BHARATHI UP SCHOOL NEAR PANCHAYATHI OFFICE UPPARAPALEM VILLAGE PONNUR MANDAL GUNTUR DT-522124,522124,vidyabharathidigitalschool[at]gmail[dot]com,https://kys.udiseplus.gov.in/#/schooldetail/4683002/12,4683002,07/10/2024 17:08,2268
******01082 Operational,,Vidyapeeth School,,,,Andhra Pradesh,6-Pr. Up Pr. and Secondary Only,38-Pvt.Unaided,1 To 10,3-Co-educational,1-Rural,Tadepalle,Ippatam,,,"AMARAVATHI SCHOOL ,KUNCHANAPALLI,TADEPALLI MANDAL,GUNTUR DISTIC",522501,amaravathischool[at]gmail[dot]com,https://kys.udiseplus.gov.in/#/schooldetail/4721520/12,4721520,27/06/2025 12:53,2268
******91435 Closed,Closed,VIDYA VIGNAN PUBLIC SCHOOL,,,,Andhra Pradesh,2-Primary with Upper Primary,38-Pvt.Unaided,1 To 7,3-Co-educational,2-Urban,NA,,Guntur (M Corp.) - Ward No.45,Guntur-Municipal Corporations,SRI NAGAR 7TH LINE GUNTUR GUNTUR GUNTUR GUNTUR(MANDAL) GUNTUR(DIST),522002,,https://kys.udiseplus.gov.in/#/schooldetail/4681087/12,4681087,15/10/2020 12:18,2268
******91314 Operational,,VIGNANANDA BALAKUTEER HIGH SCHOOL,,,,Andhra Pradesh,7-Upper Pr. and Secondary,38-Pvt.Unaided,6 To 10,3-Co-educational,2-Urban,NA,,Guntur (M Corp.) - Ward No.12,Guntur-Municipal Corporations,CHATHANYA PURI 2ND LINE SAI BABA R GUNTUR GUNTUR (CORP.)-3(VILL) GUNTUR(MANDAL) GUNTUR(DIST),522007,vignananda1997[at]gmail[dot]com,https://kys.udiseplus.gov.in/#/schooldetail/4681034/12,4681034,20/12/2025 14:59,2268
******91315 Operational,,VIGNANANDA BKP CPURI,,,,Andhra Pradesh,1-Primary,38-Pvt.Unaided,1 To 5,3-Co-educational,2-Urban,NA,,Guntur (M Corp.) - Ward No.17,Guntur-Municipal Corporations,CHATHANYA PURI 2ND LINE SAI BABA R GUNTUR GUNTUR (CORP.)-3(VILL) GUNTUR(MANDAL) GUNTUR(DIST),522007,vignananda1997[at]gmail[dot]com,https://kys.udiseplus.gov.in/#/schooldetail/4680281/12,4680281,20/12/2025 14:59,2268
******01105 Operational,,VIGNANA VIHARA PRIMARY SCHOOL,,,,Andhra Pradesh,1-Primary,40-Pvt.Unaided (ICSE Syllabus),1 To 5,3-Co-educational,2-Urban,NA,,Mangalagiri (M) - Ward No.15,Mangalagiri-Municipality,NUTHAKKI NUTHAKKI NUTHAKKI(VILL) MANGALAGIRI(MANDAL) GUNTUR(DIST),522303,vijnanaviharanutakki[at]gmail[dot]com,https://kys.udiseplus.gov.in/#/schooldetail/4679619/12,4679619,20/12/2025 13:26,2268
******00347 Operational,,VIGNAN HIGH SCHOOL LIC COLONY,,,,Andhra Pradesh,6-Pr. Up Pr. and Secondary Only,39-Pvt.Unaided (CBSE Syllabus),1 To 10,3-Co-educational,2-Urban,NA,,Guntur (M Corp.) - Ward No.32,Guntur-Municipal Corporations,lic colony KORITEPADU guntur,522006,vignanhighschoollic[at]gmail[dot]com,https://kys.udiseplus.gov.in/#/schooldetail/4680709/12,4680709,20/12/2025 12:46,2268
******91291 Closed,Closed,VIGNAN HS GUNTUR,,,,Andhra Pradesh,7-Upper Pr. and Secondary,38-Pvt.Unaided,6 To 10,3-Co-educational,2-Urban,NA,,Guntur (M Corp.) - Ward No.45,Guntur-Municipal Corporations,1st WARD (2nd LINE) LIC COLONY GUNTUR (CORP.)-2(VILL) GUNTUR(MANDAL) GUNTUR(DIST),522006,vignanhighschoollic[at]gmail[dot]com,https://kys.udiseplus.gov.in/#/schooldetail/4681013/12,4681013,15/10/2020 12:18,2268
******00613 Permanently Closed,,VIGNAN RES PS PALAKALUR,,,,Andhra Pradesh,1-Primary,38-Pvt.Unaided,1 To 5,3-Co-educational,2-Urban,NA,,Guntur Ward No. 54,Guntur-Municipal Corporations,NA,522002,,https://kys.udiseplus.gov.in/#/schooldetail/4715865/12,4715865,15/10/2020 12:18,2268
******00215 Operational,,VIGNANS GIRLS JR.COLLEGE PEDAPALAKALURU,,,,Andhra Pradesh,11-Higher Secondary only/Jr. College,38-Pvt.Unaided,11 To 12,2-Girls,2-Urban,NA,,Guntur Ward No. 54,Guntur-Municipal Corporations,PEDAPALAKALURU PRATHIPAUD,522005,vignantv[at]gmail[dot]com,https://kys.udiseplus.gov.in/#/schooldetail/4680666/12,4680666,20/12/2025 12:45,2268
******00917 Permanently Closed,,"VIGNAN UPPER PRIMARY SCHOOL, LIC COLONY, 2ND LANE, GUNTUR",,,,Andhra Pradesh,2-Primary with Upper Primary,61-Unrecognised Schools,1 To 7,3-Co-educational,2-Urban,NA,,Guntur (M Corp.) - Ward No.27,Guntur-Municipal Corporations,NA,522005,,https://kys.udiseplus.gov.in/#/schooldetail/4680783/12,4680783,15/10/2020 12:18,2268
******00213 Operational,,VIGNAN VIDYALAYAM JR.COLLEPEDDAPALAKALURUGE,,,,Andhra Pradesh,11-Higher Secondary only/Jr. College,38-Pvt.Unaided,11 To 12,3-Co-educational,2-Urban,NA,,Guntur Ward No. 54,Guntur-Municipal Corporations,vignan junior college PEDAPALAKALURU,522004,vignanvidyalayam[at]gmail[dot]com,https://kys.udiseplus.gov.in/#/schooldetail/4719114/12,4719114,20/12/2025 12:43,2268
******00609 Permanently Closed,,VIGNAN VOC.JR.COLLEGE,,,,Andhra Pradesh,11-Higher Secondary only/Jr. College,38-Pvt.Unaided,11 To 12,3-Co-educational,1-Rural,Kakumanu,Kakumanu,,,NA,522112,,https://kys.udiseplus.gov.in/#/schooldetail/4716108/12,4716108,15/10/2020 12:18,2268
******00310 Operational,,VIJAYAMARY EMS SIRIPURAM,,,,Andhra Pradesh,6-Pr. Up Pr. and Secondary Only,38-Pvt.Unaided,1 To 10,3-Co-educational,1-Rural,Medikonduru,Siripuram,,,SIRIPURAM VILLAGE MEDIKONDURU MD GUNTUR DT,522401,vijayamaryemssiripuram[at]gmail[dot]com,https://kys.udiseplus.gov.in/#/schooldetail/4680597/12,4680597,23/12/2025 10:28,2268
******00410 Operational,,VIJAYA VANI PS KATHEVARAM,,,,Andhra Pradesh,6-Pr. Up Pr. and Secondary Only,38-Pvt.Unaided,1 To 10,3-Co-educational,1-Rural,Tenali,Katevaram,,,KATHEVARAM KATTEVARAM KATHEVARAM(VILL) TENALI(MANDAL) GUNTUR(DIST),522202,vijayavani.kattevaram[at]gmail[dot]com,https://kys.udiseplus.gov.in/#/schooldetail/4681541/12,4681541,22/12/2025 14:42,2268
******00700 Permanently Closed,,VIJAYAWADA NALANDA JR COLLEGE,,,,Andhra Pradesh,11-Higher Secondary only/Jr. College,38-Pvt.Unaided,11 To 12,3-Co-educational,2-Urban,NA,,Guntur (M Corp.) - Ward No.34,Guntur-Municipal Corporations,NA,522002,,https://kys.udiseplus.gov.in/#/schooldetail/4715876/12,4715876,15/10/2020 12:18,2268
******00676 Operational,,VIJAYAWADA NALANDA SCIENCE ARTS COLLEGE VIDYANAGAR GUNTUR,,,,Andhra Pradesh,11-Higher Secondary only/Jr. College,38-Pvt.Unaided,11 To 12,3-Co-educational,2-Urban,NA,,Guntur (M Corp.) - Ward No.45,Guntur-Municipal Corporations,"V N JUNIOR COLLEGE OF SCIENCE AND ARTS, NEAR SIDDHARDHA GARDENS RINGROAD, VIDYANAGAR GUNTUR 522007",522007,vnjuniorcollegeguntur06017[at]gmail[dot]com,https://kys.udiseplus.gov.in/#/schooldetail/4680011/12,4680011,20/12/2025 12:35,2268
******00896 Closed,Closed,VIJAYAWADA RAVINDRA BHARATHI B P ROAD,,,,Andhra Pradesh,6-Pr. Up Pr. and Secondary Only,38-Pvt.Unaided,1 To 10,3-Co-educational,2-Urban,NA,,Tenali (M) - Ward No.5,Tenali-Municipality,burripalem road tenali,522201,,https://kys.udiseplus.gov.in/#/schooldetail/4680866/12,4680866,10/05/2022 19:55,2268
******00897 Permanently Closed,,VIJAYAWADA RAVINDRA BHARATHI SULTHANABAD,,,,Andhra Pradesh,6-Pr. Up Pr. and Secondary Only,38-Pvt.Unaided,1 To 10,3-Co-educational,2-Urban,NA,,Tenali (M) - Ward No.24,Tenali-Municipality,NA,522201,,https://kys.udiseplus.gov.in/#/schooldetail/4715988/12,4715988,15/10/2020 12:18,2268
******00916 Operational,,"VIJETA SCHOOL, PEDAVADLAPUDI",,,,Andhra Pradesh,6-Pr. Up Pr. and Secondary Only,38-Pvt.Unaided,1 To 10,3-Co-educational,2-Urban,NA,,Mangalagiri (M) - Ward No.7,Mangalagiri-Municipality,OPP SAI BABA TEMPLE PEDAVADLAPUDI PEDAVADLAPUDI(VILL) MANGALAGIRI(MANDAL) GUNTUR(DIST),522302,vijetahighschoolpvd[at]gmail[dot]com,https://kys.udiseplus.gov.in/#/schooldetail/4679612/12,4679612,20/12/2025 13:25,2268
******00925 Operational,,VIJETHA ENGLISH MEDIUM SCHOOL,,,,Andhra Pradesh,6-Pr. Up Pr. and Secondary Only,38-Pvt.Unaided,1 To 10,3-Co-educational,1-Rural,Tadikonda,Ravela,,,"RAVELA VILLAGE , TADIKONDA MANDAL",522018,,https://kys.udiseplus.gov.in/#/schooldetail/4721336/12,4721336,22/12/2025 10:53,2268
******00906 Operational,,VIJETHA UPPER PRIMARY SCHOOL,,,,Andhra Pradesh,2-Primary with Upper Primary,38-Pvt.Unaided,1 To 7,3-Co-educational,2-Urban,NA,,Guntur (M Corp.) - Ward No.28,Guntur-Municipal Corporations,RAMI REDDY NAGAR MAIN ROAD GUNTUR,522004,srivijethahighschool[at]gmail[dot]com,https://kys.udiseplus.gov.in/#/schooldetail/4680044/12,4680044,20/12/2025 12:58,2268
******00577 Operational,,VIJETHA VIDYALAYA SCHOOL,,,,Andhra Pradesh,6-Pr. Up Pr. and Secondary Only,38-Pvt.Unaided,1 To 9,3-Co-educational,2-Urban,NA,,Guntur Ward No. 57,Guntur-Municipal Corporations,"annapurna nagar, guntur",522034,vijethagnt[at]gmail[dot]com,https://kys.udiseplus.gov.in/#/schooldetail/4720990/12,4720990,05/01/2026 16:41,2268
******00612 Operational,,VIJETHA VIDYA NIKETAN,,,,Andhra Pradesh,2-Primary with Upper Primary,38-Pvt.Unaided,1 To 7,3-Co-educational,1-Rural,Prathipadu,Nadimpalem,,,nadimpalem prathipadu mandalam522019,522019,vijetha2017[at]gmail[dot]com,https://kys.udiseplus.gov.in/#/schooldetail/4681179/12,4681179,23/12/2025 12:13,2268
******01107 Operational,,VIJNANA VIHARA ENGLISH MEDIUM HIGH SCHOOL,,,,Andhra Pradesh,7-Upper Pr. and Secondary,39-Pvt.Unaided (CBSE Syllabus),6 To 10,3-Co-educational,2-Urban,NA,,Mangalagiri (M) - Ward No.15,Mangalagiri-Municipality,NUTHAKKI NUTHAKKI NUTHAKKI(VILL) MANGALAGIRI(MANDAL) GUNTUR(DIST),522303,vijnanaviharanutakki[at]gmail[dot]com,https://kys.udiseplus.gov.in/#/schooldetail/4679621/12,4679621,20/12/2025 13:27,2268
******01978 Operational,,VIKAS EM SCHOOL,,,,Andhra Pradesh,6-Pr. Up Pr. and Secondary Only,38-Pvt.Unaided,1 To 10,3-Co-educational,2-Urban,NA,,Guntur (M Corp.) - Ward No.40,Guntur-Municipal Corporations,Main road SYAMALA NAGAR,522006,,,,20/12/2025 12:15,2268
******00707 Permanently Closed,,VIKAS (VOC) JR COLLEGE,,,,Andhra Pradesh,11-Higher Secondary only/Jr. College,38-Pvt.Unaided,11 To 12,3-Co-educational,2-Urban,NA,,Guntur (M Corp.) - Ward No.46,Guntur-Municipal Corporations,NA,522002,,https://kys.udiseplus.gov.in/#/schooldetail/4715881/12,4715881,15/10/2020 12:18,2268
******91354 Operational,,VISHANAVI VIDYA NIKE,,,,Andhra Pradesh,6-Pr. Up Pr. and Secondary Only,38-Pvt.Unaided,1 To 10,3-Co-educational,2-Urban,NA,,Guntur (M Corp.) - Ward No.21,Guntur-Municipal Corporations,SAMPATH NAGAR GUNTUR GUNTUR (CORP.)-3(VILL) GUNTUR(MANDAL) GUNTUR(DIST),522003,challamalleswari11[at]gmail[dot]com,https://kys.udiseplus.gov.in/#/schooldetail/4681057/12,4681057,20/12/2025 12:21,2268
******91132 Permanently Closed,,VISHNAVI JUNIOR COLLEGE,,,,Andhra Pradesh,11-Higher Secondary only/Jr. College,38-Pvt.Unaided,11 To 12,3-Co-educational,2-Urban,NA,,Tenali (M) - Ward No.33,Tenali-Municipality,NA,522202,,https://kys.udiseplus.gov.in/#/schooldetail/4716004/12,4716004,15/10/2020 12:18,2268
******00911 Operational,,VISHWASANTHI HS KOLLIPARA,,,,Andhra Pradesh,7-Upper Pr. and Secondary,38-Pvt.Unaided,6 To 10,3-Co-educational,1-Rural,Kollipara,Kollipara,,,KOLLIPARA KOLLIPARA KOLLIPARA(VILL) KOLLIPARA(MANDAL) GUNTUR(DIST),522304,kolliparameo[at]gmail[dot]com,https://kys.udiseplus.gov.in/#/schooldetail/4681368/12,4681368,22/12/2025 14:53,2268
******91405 Permanently Closed,,VISION CONCEPT GUNTUR,,,,Andhra Pradesh,2-Primary with Upper Primary,38-Pvt.Unaided,1 To 7,3-Co-educational,2-Urban,NA,,Guntur (M Corp.) - Ward No.42,Guntur-Municipal Corporations,NA,522002,,https://kys.udiseplus.gov.in/#/schooldetail/4680324/12,4680324,15/10/2020 12:18,2268
******91538 Permanently Closed,,VISION INDIA SCHOOL A.T.AGRAHARAM GUNTUR,,,,Andhra Pradesh,2-Primary with Upper Primary,38-Pvt.Unaided,1 To 7,3-Co-educational,2-Urban,NA,,Guntur (M Corp.) - Ward No.28,Guntur-Municipal Corporations,NA,522004,,https://kys.udiseplus.gov.in/#/schooldetail/4681145/12,4681145,15/10/2020 12:18,2268
******00612 Closed,Closed,VISION JUNIOR COLLEGE GUNTUR (06126),,,,Andhra Pradesh,11-Higher Secondary only/Jr. College,38-Pvt.Unaided,11 To 12,3-Co-educational,2-Urban,NA,,Guntur (M Corp.) - Ward No.39,Guntur-Municipal Corporations,opp stambalagaruvu guntur,522006,visionjuniorcollege1[at]gmail[dot]com,https://kys.udiseplus.gov.in/#/schooldetail/4721007/12,4721007,21/10/2024 12:10,2268
******91121 Operational,,VISWA BHARATHI ENGLISH MEDIUM HIGH SCHOOL CHINARAVURU TENALI,,,,Andhra Pradesh,6-Pr. Up Pr. and Secondary Only,38-Pvt.Unaided,1 To 10,3-Co-educational,2-Urban,NA,,Tenali (M) - Ward No.12,Tenali-Municipality,Kummarivari street - Chinnaravuru Thota - Tenali,522201,mmanjunath155[at]gmail[dot]com,https://kys.udiseplus.gov.in/#/schooldetail/4681716/12,4681716,22/12/2025 15:13,2268
******91365 Operational,,VISWA JANANI HIGH SCHOOL SANGADIGUNTA,,,,Andhra Pradesh,6-Pr. Up Pr. and Secondary Only,38-Pvt.Unaided,1 To 10,3-Co-educational,2-Urban,NA,,Guntur (M Corp.) - Ward No.16,Guntur-Municipal Corporations,G NAGAR GUNTUR GUNTUR (CORP.)-3(VILL) GUNTUR(MANDAL) GUNTUR(DIST),522003,tanubuddi123[at]gmail[dot]com,https://kys.udiseplus.gov.in/#/schooldetail/4681061/12,4681061,20/12/2025 13:05,2268
******91562 Operational,,VISWA JYOTHI UP SCHOOLSANGADIGUNTAGUNTUR,,,,Andhra Pradesh,6-Pr. Up Pr. and Secondary Only,38-Pvt.Unaided,1 To 10,3-Co-educational,2-Urban,NA,,Guntur (M Corp.) - Ward No.16,Guntur-Municipal Corporations,I LANE INDIRANAGAR COLONY SANGADIGUNTA GUNTUR,522003,viswajyothiguntur[at]gmail[dot]com,https://kys.udiseplus.gov.in/#/schooldetail/4681164/12,4681164,20/12/2025 12:32,2268
******00721 Operational,,VISWASANTHI CS PPRM,,,,Andhra Pradesh,2-Primary with Upper Primary,38-Pvt.Unaided,1 To 7,3-Co-educational,1-Rural,Phirangipuram,Phirangipuram,,,PHIRANGIPURAM PHIRANGIPURAM PHIRANGIPURAM (PT)(VILL) PHIRANGIPURAM(MANDAL) GUNTUR(DIST),522529,mahendradmr[at]gmail[dot]com,https://kys.udiseplus.gov.in/#/schooldetail/4680550/12,4680550,21/04/2023 15:31,2268
******00921 Operational,,VISWASANTHI PS KOLLIPARA,,,,Andhra Pradesh,1-Primary,38-Pvt.Unaided,1 To 5,3-Co-educational,1-Rural,Kollipara,Kollipara,,,KOLLIPARA KOLLIPARA KOLLIPARA(VILL) KOLLIPARA(MANDAL) GUNTUR(DIST),522304,kolliparameo[at]gmail[dot]com,https://kys.udiseplus.gov.in/#/schooldetail/4681374/12,4681374,23/12/2025 16:20,2268
******00308 Permanently Closed,,VISWAS PUBLIC SCHOOL ADITYA NAGAR,,,,Andhra Pradesh,2-Primary with Upper Primary,61-Unrecognised Schools,1 To 7,3-Co-educational,2-Urban,NA,,Guntur (M Corp.) - Ward No.39,Guntur-Municipal Corporations,NA,522006,,https://kys.udiseplus.gov.in/#/schooldetail/4680674/12,4680674,15/10/2020 12:18,2268
******00881 Operational,,VISWAVEHDA TALENT SCHOOL,,,,Andhra Pradesh,6-Pr. Up Pr. and Secondary Only,38-Pvt.Unaided,1 To 10,3-Co-educational,2-Urban,NA,,Tenali (M) - Ward No.21,Tenali-Municipality,tenalki MANDAL 522201,522201,ilavenkaiah[at]gmail[dot]com,https://kys.udiseplus.gov.in/#/schooldetail/4681604/12,4681604,22/12/2025 15:19,2268
******00338 Operational,,VISWA VIJETHA UP SCHOOL NEHRU NAGAR GUNTUR,,,,Andhra Pradesh,2-Primary with Upper Primary,38-Pvt.Unaided,1 To 7,3-Co-educational,2-Urban,NA,,Guntur (M Corp.) - Ward No.14,Guntur-Municipal Corporations,4TH LANE NEHRU NAGAR,522001,sadineni4[at]gmail[dot]com,https://kys.udiseplus.gov.in/#/schooldetail/4680700/12,4680700,20/12/2025 11:39,2268
******00116 Operational,,VIVARDHINI UPS KOLAKALUR,,,,Andhra Pradesh,2-Primary with Upper Primary,38-Pvt.Unaided,1 To 7,3-Co-educational,1-Rural,Tenali,Kolakaluru,,,W/O KOTESWARA RAO 1-34 KOLAKALURU,522307,cherukurisrinivasarao13[at]gmail[dot]com,https://kys.udiseplus.gov.in/#/schooldetail/4681517/12,4681517,22/12/2025 14:39,2268
******00221 Operational,,VIVA THE SCHOOL,,,,Andhra Pradesh,3-Pr. with Up.Pr. Sec. and H.Sec.,39-Pvt.Unaided (CBSE Syllabus),1 To 12,3-Co-educational,1-Rural,Pedakakani,Nambur,,,NAMBUR PEDAKAKANI MANDAL GUNTUR,522508,vivatheschool[at]gmail[dot]com,https://kys.udiseplus.gov.in/#/schooldetail/4681216/12,4681216,30/11/2024 10:27,2268
******00923 Operational,,VIVEKA HIGH SCHOOLKOLLIPARA,,,,Andhra Pradesh,6-Pr. Up Pr. and Secondary Only,38-Pvt.Unaided,1 To 10,3-Co-educational,1-Rural,Kollipara,Kollipara,,,28172900923 KOLLIPARA(VILL) KOLLIPARA(MANDAL) GUNTUR(DIST),522304,vmskollipara[at]gmail[dot]com,https://kys.udiseplus.gov.in/#/schooldetail/4681376/12,4681376,23/12/2025 16:26,2268
******91098 Operational,,VIVEKA HIGH SCHOOOL CHENCHUPETA AMARAVATHI PLOTS TENALI,,,,Andhra Pradesh,6-Pr. Up Pr. and Secondary Only,38-Pvt.Unaided,1 To 10,3-Co-educational,2-Urban,NA,,Tenali (M) - Ward No.25,Tenali-Municipality,TENALI MANDAL 522202,522202,,https://kys.udiseplus.gov.in/#/schooldetail/4681704/12,4681704,22/12/2025 15:54,2268
******00714 Operational,,VIVEKA HS ANGALAKUDURU,,,,Andhra Pradesh,6-Pr. Up Pr. and Secondary Only,38-Pvt.Unaided,1 To 10,3-Co-educational,1-Rural,Tenali,Angalakuduru,,,ANGALAKUDURU ANGALAKUDURU ANGALAKUDURU(VILL) TENALI(MANDAL) GUNTUR(DIST),522201,ilavenkaiah[at]gmail[dot]com,https://kys.udiseplus.gov.in/#/schooldetail/4681567/12,4681567,22/12/2025 14:55,2268
******91124 Operational,,VIVEKA HS NAZERPETA,,,,Andhra Pradesh,1-Primary,38-Pvt.Unaided,1 To 5,3-Co-educational,2-Urban,NA,,Tenali (M) - Ward No.10,Tenali-Municipality,NEAR ONE TOWN POLICE STATION,522202,,https://kys.udiseplus.gov.in/#/schooldetail/4681719/12,4681719,22/12/2025 15:12,2268
******00524 Operational,,VIVEKANANDA VIDYALAYAM MANGALAGIRI,,,,Andhra Pradesh,2-Primary with Upper Primary,38-Pvt.Unaided,1 To 7,3-Co-educational,2-Urban,NA,,Mangalagiri (M) - Ward No.16,Mangalagiri-Municipality,NEAR VEGETABLE MARKET MANGALAGIRI,522503,svyogi2012[at]gmail[dot]com,https://kys.udiseplus.gov.in/#/schooldetail/4679581/12,4679581,20/12/2025 13:18,2268
******00507 Closed,Closed,VIVEKANDA SCH PEDAPARIMI,,,,Andhra Pradesh,2-Primary with Upper Primary,38-Pvt.Unaided,1 To 7,3-Co-educational,1-Rural,Thullur,Pedaparimi,,,PEDAPARIMI PEDAPARIMI PEDAPARIMI(VILL) THULLUR(MANDAL) GUNTUR(DIST),522236,,https://kys.udiseplus.gov.in/#/schooldetail/4679412/12,4679412,05/08/2025 09:57,2268
******00205 Operational,,VIVEKANDA V MANDIR,,,,Andhra Pradesh,2-Primary with Upper Primary,38-Pvt.Unaided,1 To 7,3-Co-educational,1-Rural,Kollipara,Munnangi,,,MUNNANGI MUNNANGI MUNNANGI(VILL) KOLLIPARA(MANDAL) GUNTUR(DIST),522304,pvsmahalakshmi68[at]gmail[dot]com,https://kys.udiseplus.gov.in/#/schooldetail/4681349/12,4681349,24/12/2025 11:36,2268
******91071 Operational,,VIVEKHS NAZERPET,,,,Andhra Pradesh,7-Upper Pr. and Secondary,38-Pvt.Unaided,6 To 10,3-Co-educational,2-Urban,NA,,Tenali (M) - Ward No.10,Tenali-Municipality,08th WARD NAZERPET TENALI (M)(VILL) TENALI(MANDAL) GUNTUR(DIST),522201,,https://kys.udiseplus.gov.in/#/schooldetail/4681686/12,4681686,22/12/2025 15:58,2268
******00952 Operational,,VIZIA NAGAR EM SCHOOL,,,,Andhra Pradesh,2-Primary with Upper Primary,38-Pvt.Unaided,1 To 7,3-Co-educational,2-Urban,NA,,Guntur (M Corp.) - Ward No.15,Guntur-Municipal Corporations,SANGADIGUNTA GUNTUR GUNTUR EAST MANDAL,522006,ramakrishnaaradhyula[at]gmail[dot]com,https://kys.udiseplus.gov.in/#/schooldetail/4719140/12,4719140,20/12/2025 12:11,2268
******91057 Operational,,VLPMES CHINARAVURU,,,,Andhra Pradesh,1-Primary,34-MUNCIPAL,1 To 5,3-Co-educational,2-Urban,NA,,Tenali (M) - Ward No.18,Tenali-Municipality,NEAR CHINARAVUR PARK,522201,vlpmes2817[at]gmail[dot]com,https://kys.udiseplus.gov.in/#/schooldetail/4681675/12,4681675,22/12/2025 16:02,2268
******91503 Operational,,VR PUBLIC SCHOOL OLD GUNTUR,,,,Andhra Pradesh,6-Pr. Up Pr. and Secondary Only,38-Pvt.Unaided,1 To 10,3-Co-educational,2-Urban,NA,,Guntur (M Corp.) - Ward No.5,Guntur-Municipal Corporations,MAIN ROAD OLD GUNTUR GUNTUR 522001,522001,vrpublicschool[at]gmail[dot]com,https://kys.udiseplus.gov.in/#/schooldetail/4681115/12,4681115,20/12/2025 12:49,2268
******00363 Operational,,V.R.UPPER PRIMARY SCHOOL BALAJI NAGAR OLD GUNTUR,,,,Andhra Pradesh,2-Primary with Upper Primary,38-Pvt.Unaided,1 To 7,3-Co-educational,2-Urban,NA,,Guntur (M Corp.) - Ward No.5,Guntur-Municipal Corporations,BALAJI NAGAR 5TH LANE OLD GUNTUR,522001,vrpublicschool[at]gmail[dot]com,https://kys.udiseplus.gov.in/#/schooldetail/4679960/12,4679960,20/12/2025 11:43,2268
******91524 Operational,,"VSR PUBLIC SCHOOL, ETUKURU ROAD GUNTUR",,,,Andhra Pradesh,6-Pr. Up Pr. and Secondary Only,38-Pvt.Unaided,1 To 10,3-Co-educational,2-Urban,NA,,Guntur (M Corp.) - Ward No.47,Guntur-Municipal Corporations,ETUKURU ROAD NALLACHERUVU GUNTUR,522003,vsrpublicschool[at]gmail[dot]com,https://kys.udiseplus.gov.in/#/schooldetail/4681131/12,4681131,20/12/2025 12:21,2268
******91100 Operational,,VYSHNAVI JR COLLEGE,,,,Andhra Pradesh,11-Higher Secondary only/Jr. College,38-Pvt.Unaided,11 To 12,3-Co-educational,2-Urban,NA,,Tenali (M) - Ward No.24,Tenali-Municipality,RAILWAY STATION ROAD - TENALI,522201,vyshnavicollege999[at]gmail[dot]com,https://kys.udiseplus.gov.in/#/schooldetail/4681706/12,4681706,22/12/2025 15:53,2268
******00886 Operational,,WEST BERRY HIGH SCHOOL,,,,Andhra Pradesh,3-Pr. with Up.Pr. Sec. and H.Sec.,39-Pvt.Unaided (CBSE Syllabus),1 To 12,3-Co-educational,1-Rural,Tenali,Burripalem,,,PEMMASANI BUILDING BURRIPALEM ROAD TENALI,522202,principal.tenali[at]westberry[dot]in,https://kys.udiseplus.gov.in/#/schooldetail/4681607/12,4681607,22/12/2025 15:20,2268
******91564 Operational,,WISDOM CHILDRENS ACADEMYSITHARAM NAGARGUNTUR,,,,Andhra Pradesh,6-Pr. Up Pr. and Secondary Only,38-Pvt.Unaided,1 To 10,3-Co-educational,2-Urban,NA,,Guntur (M Corp.) - Ward No.2,Guntur-Municipal Corporations,GUNTUR CORP 5 GUNTUR GUNTUR 522001,522001,wisdomchildrensacademy[at]gmail[dot]com,https://kys.udiseplus.gov.in/#/schooldetail/4681165/12,4681165,20/12/2025 12:32,2268
******91350 Operational,,WISDOM HS GUNTUR,,,,Andhra Pradesh,6-Pr. Up Pr. and Secondary Only,38-Pvt.Unaided,1 To 10,3-Co-educational,2-Urban,NA,,Guntur (M Corp.) - Ward No.11,Guntur-Municipal Corporations,RAIL PET GUNTUR GUNTUR (CORP.)-3(VILL) GUNTUR(MANDAL) GUNTUR(DIST),522001,wisdomravi[at]ymail[dot]com,https://kys.udiseplus.gov.in/#/schooldetail/4681054/12,4681054,20/12/2025 13:05,2268
******91532 Operational,,YADAVA ELEMANTRY SCHOOL YADAVA COLONY,,,,Andhra Pradesh,6-Pr. Up Pr. and Secondary Only,38-Pvt.Unaided,1 To 10,3-Co-educational,2-Urban,NA,,Guntur (M Corp.) - Ward No.3,Guntur-Municipal Corporations,Yadava Street Old Guntur Guntur,522001,yadavaeleschool[at]gmail[dot]com,https://kys.udiseplus.gov.in/#/schooldetail/4681137/12,4681137,20/12/2025 12:44,2268
******00685 Permanently Closed,,YADAVA JR.COLLEGE OLD GUNTUR,,,,Andhra Pradesh,11-Higher Secondary only/Jr. College,38-Pvt.Unaided,11 To 12,3-Co-educational,2-Urban,NA,,Guntur (M Corp.) - Ward No.5,Guntur-Municipal Corporations,NA,522001,,https://kys.udiseplus.gov.in/#/schooldetail/4680771/12,4680771,15/10/2020 12:18,2268
******00963 Operational,,YADAVA JUNIOR COLLEGE,,,,Andhra Pradesh,11-Higher Secondary only/Jr. College,38-Pvt.Unaided,11 To 12,3-Co-educational,2-Urban,NA,,Guntur (M Corp.) - Ward No.34,Guntur-Municipal Corporations,16-4-50 main road Yadava bazar Old guntur guntur,522001,yadavajuniorcollege[at]gmail[dot]com,https://kys.udiseplus.gov.in/#/schooldetail/4719146/12,4719146,20/12/2025 12:12,2268
******91276 Operational,,YHS OLD GUNTUR,,,,Andhra Pradesh,7-Upper Pr. and Secondary,35-Pvt.Aided,6 To 10,3-Co-educational,2-Urban,NA,,Guntur (M Corp.) - Ward No.5,Guntur-Municipal Corporations,32nd WARD OLD GUNTUR GUNTUR (CORP.)-2(VILL) GUNTUR(MANDAL) GUNTUR(DIST),522001,hm.yadavahighschooltm[at]gmail[dot]com,https://kys.udiseplus.gov.in/#/schooldetail/4680999/12,4680999,20/12/2025 13:07,2268
******00919 Operational,,YOUNG INDIA MS CHEBROLU,,,,Andhra Pradesh,2-Primary with Upper Primary,38-Pvt.Unaided,1 To 7,3-Co-educational,1-Rural,Chebrole,Chebrolu,,,"CHEBROLE , CHEBROLE(VILL) CHEBROLU(MANDAL) GUNTUR(DIST)",522212,,https://kys.udiseplus.gov.in/#/schooldetail/4681819/12,4681819,16/06/2023 15:21,2268
******91096 Operational,,ZION ENGLISH MEDIUM SCHOOL,,,,Andhra Pradesh,2-Primary with Upper Primary,38-Pvt.Unaided,1 To 7,3-Co-educational,2-Urban,NA,,Tenali (M) - Ward No.26,Tenali-Municipality,NEAR CHINARAVUR RAILWAY STATION,522201,zoinschooltnl[at]gmail[dot]com,https://kys.udiseplus.gov.in/#/schooldetail/4680964/12,4680964,22/12/2025 15:51,2268
******00904 Operational,,Z PHIGH CHIRRAVURU,,,,Andhra Pradesh,7-Upper Pr. and Secondary,33-MPP_ZPP SCHOOLS,6 To 10,3-Co-educational,1-Rural,Tadepalle,Ippatam,,,CHIRRAVURU CHIRRAVURU CHIRRAVUR(VILL) THADEPALLE(MANDAL) GUNTUR(DIST),522303,zphschirravuru[at]gmail[dot]com,https://kys.udiseplus.gov.in/#/schooldetail/4650260/12,4650260,20/06/2025 16:55,2268
******00307 Operational,,ZPHS ABBINENIGUNTAPALEM,,,,Andhra Pradesh,6-Pr. Up Pr. and Secondary Only,33-MPP_ZPP SCHOOLS,1 To 10,3-Co-educational,1-Rural,Pedanandipadu,Gorijavoluguntapalem,,,Abbineniguntapalem village PEDANANDIPADU MADNAL GUNTUR DISTRICT,522015,mrzphsabpalem[at]gmail[dot]com,https://kys.udiseplus.gov.in/#/schooldetail/4682792/12,4682792,22/12/2025 14:15,2268
******00217 Operational,,ZPHS ADAVITAKKELLAPADU,,,,Andhra Pradesh,7-Upper Pr. and Secondary,33-MPP_ZPP SCHOOLS,6 To 10,3-Co-educational,2-Urban,NA,,Guntur Ward No. 56,Guntur-Municipal Corporations,ADAVITAKKELLAPADU NEAR RTO OFFICE GUNTUR RURAL MANDAL,522006,kalvajayasree05[at]gmail[dot]com,https://kys.udiseplus.gov.in/#/schooldetail/4680668/12,4680668,20/12/2025 12:21,2268
******00712 Operational,,ZPHS ALLAMVARIPALEM,,,,Andhra Pradesh,7-Upper Pr. and Secondary,33-MPP_ZPP SCHOOLS,6 To 10,3-Co-educational,1-Rural,Phirangipuram,Phirangipuram,,,PHIRANGIPURAM PHIRANGIPURAM PHIRANGIPURAM (PT)(VILL) PHIRANGIPURAM(MANDAL) GUNTUR(DIST),522529,hmzphsallamvaripalem[at]gmail[dot]com,https://kys.udiseplus.gov.in/#/schooldetail/4680543/12,4680543,20/06/2025 17:39,2268
******00303 Operational,,ZPHS ANANTHAVARAM,,,,Andhra Pradesh,7-Upper Pr. and Secondary,33-MPP_ZPP SCHOOLS,6 To 10,3-Co-educational,1-Rural,Thullur,Ananthavaram,,,ANANTHAVARAM ANANTHAVARAM ANANTHAVARAM(VILL) THULLUR(MANDAL) GUNTUR(DIST),522236,zphsananthavaram1[at]gmail[dot]com,https://kys.udiseplus.gov.in/#/schooldetail/4679403/12,4679403,08/10/2024 13:06,2268
******00204 Operational,,ZPHS ANANTHAVARAPADU,,,,Andhra Pradesh,6-Pr. Up Pr. and Secondary Only,33-MPP_ZPP SCHOOLS,1 To 10,3-Co-educational,1-Rural,Vatticherukuru,Ananthavarappadu,,,MAIN ROAD ANANTHAVARAPADU ANANTHAVARAPADU(VILL) VATTICHERUKURU(MANDAL) GUNTUR(DIST),522017,hmzphsavpadu[at]gmail[dot]com,https://kys.udiseplus.gov.in/#/schooldetail/4681846/12,4681846,16/06/2025 19:15,2268
******00708 Operational,,ZPHS ANGALAKUDURU,,,,Andhra Pradesh,5-Up. Pr. Secondary and Higher Sec,33-MPP_ZPP SCHOOLS,6 To 12,3-Co-educational,1-Rural,Tenali,Angalakuduru,,,ANGALAKUDURU ANGALAKUDURU ANGALAKUDURU(VILL) TENALI(MANDAL) GUNTUR(DIST),522211,zphsangalakuduru[at]gmail[dot]com,https://kys.udiseplus.gov.in/#/schooldetail/4681559/12,4681559,22/12/2025 14:55,2268
******01112 Operational,,ZPHS ANIKREDDY PALEM,,,,Andhra Pradesh,5-Up. Pr. Secondary and Higher Sec,33-MPP_ZPP SCHOOLS,6 To 12,3-Co-educational,2-Urban,NA,,Guntur Ward No. 55,Guntur-Municipal Corporations,ANKIREDDY PALEM ANKIREDDY PALEM ANKIREDDIPALEM(VILL) GUNTUR(MANDAL) GUNTUR(DIST),522005,hmzphsarpalem[at]gmail[dot]com,https://kys.udiseplus.gov.in/#/schooldetail/4680820/12,4680820,20/12/2025 12:21,2268
******01107 Operational,,ZPHS ANNAVARAPULANKA,,,,Andhra Pradesh,6-Pr. Up Pr. and Secondary Only,33-MPP_ZPP SCHOOLS,1 To 10,3-Co-educational,1-Rural,Kollipara,Annavaram,,,ANNAVARAPULANKA ANNAVARAPULANKA ANNAVARAM(VILL) KOLLIPARA(MANDAL) GUNTUR(DIST),522301,hmzphs.avlanka[at]gmail[dot]com,https://kys.udiseplus.gov.in/#/schooldetail/4681382/12,4681382,23/12/2025 15:40,2268
******00505 Operational,,ZPHS ATHOTA,,,,Andhra Pradesh,6-Pr. Up Pr. and Secondary Only,33-MPP_ZPP SCHOOLS,1 To 10,3-Co-educational,1-Rural,Kollipara,Athota,,,ATHOTA ATHOTA ATHOTA(VILL) KOLLIPARA(MANDAL) GUNTUR(DIST),522306,zphschoolathota[at]gmail[dot]com,https://kys.udiseplus.gov.in/#/schooldetail/4713605/12,4713605,22/12/2025 14:41,2268
******00408 Operational,,ZPHS ATMAKUR,,,,Andhra Pradesh,7-Upper Pr. and Secondary,33-MPP_ZPP SCHOOLS,6 To 10,3-Co-educational,2-Urban,NA,,Mangalagiri Ward No.13,Mangalagiri-Municipality,ATMAKURU ATMAKURU ATMAKUR(VILL) MANGALAGIRI(MANDAL) GUNTUR(DIST),522503,zphsatmakur[at]gmail[dot]com,https://kys.udiseplus.gov.in/#/schooldetail/4679566/12,4679566,20/12/2025 13:15,2268
******00905 Operational,,ZPHS BANDARUPALLI,,,,Andhra Pradesh,6-Pr. Up Pr. and Secondary Only,33-MPP_ZPP SCHOOLS,1 To 10,3-Co-educational,1-Rural,Tadikonda,Bandarupalle,,,PADAMATA BAZAAR BANDARUPALLI BANDARUPALLI(VILL) TADIKONDA(MANDAL) GUNTUR(DIST),522018,mpupsbandarupalli905[at]gmail[dot]com,https://kys.udiseplus.gov.in/#/schooldetail/4679712/12,4679712,22/12/2025 10:56,2268
******00505 Operational,,ZPHS BETHAPUDI,,,,Andhra Pradesh,7-Upper Pr. and Secondary,33-MPP_ZPP SCHOOLS,6 To 10,3-Co-educational,1-Rural,Phirangipuram,Bethapudi,,,BETHAPUDI PANCHAYATI PHIRANGIPURAM MANDAL,522549,zphsbethapudi.5[at]gmail[dot]com,https://kys.udiseplus.gov.in/#/schooldetail/4679759/12,4679759,21/06/2025 11:44,2268
******00203 Operational,,ZPHS B KODURU,,,,Andhra Pradesh,7-Upper Pr. and Secondary,33-MPP_ZPP SCHOOLS,6 To 10,3-Co-educational,1-Rural,Ponnur,Brahmanakodur,,,ZPHS MAIN ROAD BRAHMANAKODURU VILLAGE PONNUR MANDAL GUNTUR DT-522126,522212,zphsbrahmanakodur[at]gmail[dot]com,https://kys.udiseplus.gov.in/#/schooldetail/4682880/12,4682880,23/12/2025 12:21,2268
******01105 Operational,,ZPHS BODIPALEM,,,,Andhra Pradesh,7-Upper Pr. and Secondary,33-MPP_ZPP SCHOOLS,6 To 10,3-Co-educational,1-Rural,Kakumanu,Bodipalem,,,BODIPALEM BODIPALEM BODIPALEM(VILL) KAKUMANU(MANDAL) GUNTUR(DIST),522315,hmbodipalem69[at]gmail[dot]com,https://kys.udiseplus.gov.in/#/schooldetail/4682875/12,4682875,28/09/2024 11:55,2268
******00702 Operational,,ZPHS BUDAMPADU,,,,Andhra Pradesh,6-Pr. Up Pr. and Secondary Only,33-MPP_ZPP SCHOOLS,1 To 10,3-Co-educational,2-Urban,NA,,Guntur Ward No. 61,Guntur-Municipal Corporations,BUDAMPADU BUDAMPADU BUDAMPADU(VILL) GUNTUR(MANDAL) GUNTUR(DIST),522017,allavsp68[at]gmail[dot]com,https://kys.udiseplus.gov.in/#/schooldetail/4680780/12,4680780,20/12/2025 12:06,2268
******01005 Operational,,ZPHS BURRI PALEM,,,,Andhra Pradesh,7-Upper Pr. and Secondary,33-MPP_ZPP SCHOOLS,6 To 10,3-Co-educational,1-Rural,Tenali,Burripalem,,,BURRIPALEM BURRIPALEM BURRIPALEM(VILL) TENALI(MANDAL) GUNTUR(DIST),522301,usanagapalli[at]gmail[dot]com,https://kys.udiseplus.gov.in/#/schooldetail/4681615/12,4681615,22/12/2025 15:25,2268
******00802 Operational,,ZPHS CHINAKAKANI,,,,Andhra Pradesh,5-Up. Pr. Secondary and Higher Sec,33-MPP_ZPP SCHOOLS,6 To 12,3-Co-educational,2-Urban,NA,,Mangalagiri (M) - Ward No.26,Mangalagiri-Municipality,CHINAKAKANI CHINAKAKANI CHINAKAKANI(VILL) MANGALAGIRI(MANDAL) GUNTUR(DIST),522503,zphschinakakani2014[at]gmail[dot]com,https://kys.udiseplus.gov.in/#/schooldetail/4679597/12,4679597,20/12/2025 13:23,2268
******00609 Operational,,ZPHS CHINKONDRUPADU,,,,Andhra Pradesh,7-Upper Pr. and Secondary,33-MPP_ZPP SCHOOLS,6 To 10,3-Co-educational,1-Rural,Prathipadu,Nadimpalem,,,CHINAKONDRUPADU NADIMPALEM(VILL) PRATHIPADU(MANDAL) GUNTUR(DIST),522019,zphschkp[at]gmail[dot]com,https://kys.udiseplus.gov.in/#/schooldetail/4681909/12,4681909,22/12/2025 21:07,2268
******01708 Operational,,ZPHS CHINTALAPADUI,,,,Andhra Pradesh,7-Upper Pr. and Secondary,33-MPP_ZPP SCHOOLS,6 To 10,3-Co-educational,1-Rural,Ponnur,Chintalapudi,,,CHINTALAPUDI(VILL) PONNURU (MNDL) CHINTALAPUDI(VILL) PONNURU(MANDAL) GUNTUR(DIST),522124,hm_chinthalapudi[at]yahoo[dot]com,https://kys.udiseplus.gov.in/#/schooldetail/4682926/12,4682926,07/10/2024 16:50,2268
******01307 Permanently Closed,,ZPHS CHKRAYAPALEM,,,,Andhra Pradesh,7-Upper Pr. and Secondary,33-MPP_ZPP SCHOOLS,6 To 10,3-Co-educational,1-Rural,Kollipara,Davuluru,,,NA,522301,,https://kys.udiseplus.gov.in/#/schooldetail/4715950/12,4715950,15/10/2020 12:18,2268
******01002 Operational,,ZPHS DAMARAPALLI,,,,Andhra Pradesh,6-Pr. Up Pr. and Secondary Only,33-MPP_ZPP SCHOOLS,1 To 10,3-Co-educational,1-Rural,Tadikonda,Damarapalle,,,DAMARAPALLY DAMARAPALLI DAMARAPALLI(VILL) TADIKONDA(MANDAL) GUNTUR(DIST),522016,zphsdamarapalli[at]gmail[dot]com,https://kys.udiseplus.gov.in/#/schooldetail/4679714/12,4679714,22/12/2025 10:55,2268
******01104 Operational,,ZPHS DOKIPARRU,,,,Andhra Pradesh,6-Pr. Up Pr. and Secondary Only,33-MPP_ZPP SCHOOLS,1 To 10,3-Co-educational,1-Rural,Medikonduru,Dokiparru,,,DOKIPARRU DOKIPARRU DOKIPARRU(VILL) MEDIKONDURU(MANDAL) GUNTUR(DIST),522438,nageswararaovaddempudi1968[at]gmail[dot]com,https://kys.udiseplus.gov.in/#/schooldetail/4680653/12,4680653,23/12/2025 11:30,2268
******00902 Operational,,ZPHS DOPPALAPUDI,,,,Andhra Pradesh,7-Upper Pr. and Secondary,33-MPP_ZPP SCHOOLS,6 To 10,3-Co-educational,1-Rural,Ponnur,Doppalapudi,,,ZPHS DOPPALAPUDI VILLAGE MANNAVA ROAD PONNUR MANDAL GUNTUR DT-522316,522316,zphsdoppalapudi0902[at]gmail[dot]com,https://kys.udiseplus.gov.in/#/schooldetail/4682901/12,4682901,07/10/2024 16:24,2268
******00210 Operational,,ZPHS ENAMADLA,,,,Andhra Pradesh,7-Upper Pr. and Secondary,33-MPP_ZPP SCHOOLS,6 To 10,3-Co-educational,1-Rural,Prathipadu,Enamadala,,,ENAMADLA ENAMADALA ENAMADALA(VILL) PRATHIPADU(MANDAL) GUNTUR(DIST),522019,hmzphighschoolyanamadala[at]gmail[dot]com,https://kys.udiseplus.gov.in/#/schooldetail/4681155/12,4681155,23/12/2025 14:44,2268
******00804 Operational,,ZPHS ETUKURU,,,,Andhra Pradesh,7-Upper Pr. and Secondary,33-MPP_ZPP SCHOOLS,6 To 10,3-Co-educational,2-Urban,NA,,Guntur Ward No. 60,Guntur-Municipal Corporations,ETUKURU ETUKURU ETUKURU(VILL) GUNTUR(MANDAL) GUNTUR(DIST),522017,hmzphsetukuru[at]gmail[dot]com,https://kys.udiseplus.gov.in/#/schooldetail/4680035/12,4680035,20/12/2025 12:08,2268
******00502 Operational,,ZPHS GADDIPADU,,,,Andhra Pradesh,6-Pr. Up Pr. and Secondary Only,33-MPP_ZPP SCHOOLS,1 To 10,3-Co-educational,1-Rural,Pedakakani,Agatha Varappadu,,,GADDIPADU AGATHAVARAPPADU AGATHAVARAPPADU(VILL) PEDAKAKANI(MANDAL) GUNTUR(DIST),522509,raosvaddineni[at]gmail[dot]com,https://kys.udiseplus.gov.in/#/schooldetail/4681246/12,4681246,19/06/2025 14:51,2268
******00505 Operational,,ZPHS GARAPADU,,,,Andhra Pradesh,7-Upper Pr. and Secondary,33-MPP_ZPP SCHOOLS,6 To 10,3-Co-educational,1-Rural,Vatticherukuru,Garapadu,,,MAIN ROAD GARAPADU(VILL) VATTICHERUKURU(MANDAL) GUNTUR(DIST),522017,hmbkrzphsgarapadu3[at]gmail[dot]com,https://kys.udiseplus.gov.in/#/schooldetail/4650411/12,4650411,20/06/2025 17:32,2268
******00408 Operational,,ZPHS GARIKAPADU,,,,Andhra Pradesh,7-Upper Pr. and Secondary,33-MPP_ZPP SCHOOLS,6 To 10,3-Co-educational,1-Rural,Kakumanu,Garikapadu,,,GARIKAPADU GARIKAPADU GARIKAPADU(VILL) KAKUMANU(MANDAL) GUNTUR(DIST),522112,hm.garikapadu[at]gmail[dot]com,https://kys.udiseplus.gov.in/#/schooldetail/4682846/12,4682846,28/09/2024 11:34,2268
******01111 Operational,,ZPHS (G) DUGGIRALA,,,,Andhra Pradesh,7-Upper Pr. and Secondary,33-MPP_ZPP SCHOOLS,6 To 10,2-Girls,1-Rural,Duggirala,Duggirala,,,DUGGIRALA DUGGIRALA DUGGIRALA(VILL) DUGGIRALA(MANDAL) GUNTUR(DIST),522330,hm_zpghsduggirala[at]myyahoo[dot]com,https://kys.udiseplus.gov.in/#/schooldetail/4681323/12,4681323,20/06/2025 17:17,2268
******00213 Operational,,ZPHS(GIRLS) NAMBUR,,,,Andhra Pradesh,7-Upper Pr. and Secondary,33-MPP_ZPP SCHOOLS,6 To 10,3-Co-educational,1-Rural,Pedakakani,Nambur,,,GIRLS HIGH SCHOOL NAMBUR NAMBUR(VILL) PEDAKAKANI(MANDAL) GUNTUR(DIST),522508,hmzphsndo[at]gmail[dot]com,https://kys.udiseplus.gov.in/#/schooldetail/4680479/12,4680479,20/06/2025 16:16,2268
******00404 Operational,,ZPHS GOGULAMUDI,,,,Andhra Pradesh,7-Upper Pr. and Secondary,33-MPP_ZPP SCHOOLS,6 To 10,3-Co-educational,1-Rural,Pedanandipadu,Ravipadu,,,GOGULAMUDI NEAR GRAMA SACHIVALAYAM PEDANANDIPADU(MANDAL) GUNTUR(DIST)522015,522015,hmzphsgogulamudi[at]gmail[dot]com,https://kys.udiseplus.gov.in/#/schooldetail/4682796/12,4682796,22/12/2025 14:16,2268
******00306 Operational,,ZPHSGORIJAVOLUGUNTAPALEM,,,,Andhra Pradesh,6-Pr. Up Pr. and Secondary Only,33-MPP_ZPP SCHOOLS,1 To 10,3-Co-educational,1-Rural,Pedanandipadu,Gorijavoluguntapalem,,,GORIJAVOLUGUNTAPALEM GORIJAVOLUGUNTAPALEM GORIJAVOLUGUNTAPALEM(VILL) PEDANANDIPADU(MANDAL) GUNTUR(DIST),522015,zphsggpalem[at]gmail[dot]com,https://kys.udiseplus.gov.in/#/schooldetail/4682791/12,4682791,22/12/2025 14:15,2268
******00707 Operational,,ZPHS GOTTIPADU,,,,Andhra Pradesh,3-Pr. with Up.Pr. Sec. and H.Sec.,33-MPP_ZPP SCHOOLS,1 To 12,3-Co-educational,1-Rural,Prathipadu,Gottipadu,,,GOTTIPADU GOTTIPADU GOTTIPADU(VILL) PRATHIPADU(MANDAL) GUNTUR(DIST),522019,gottipaduzphs[at]gmail[dot]com,https://kys.udiseplus.gov.in/#/schooldetail/4681912/12,4681912,23/12/2025 09:59,2268
******90725 Operational,,ZPHS (G) PONNUR,,,,Andhra Pradesh,7-Upper Pr. and Secondary,33-MPP_ZPP SCHOOLS,6 To 10,2-Girls,2-Urban,NA,,Ponnur (M) - Ward No.5,Ponnuru-Municipality,5 th WARD Sai Nagar PONNURU PONNURU (Mandal) GUNTUR (DIST) AP (state),522124,aszpghs123[at]gmail[dot]com,https://kys.udiseplus.gov.in/#/schooldetail/4682973/12,4682973,27/09/2024 10:21,2268
******01503 Operational,,ZPHS INAVOLU,,,,Andhra Pradesh,7-Upper Pr. and Secondary,33-MPP_ZPP SCHOOLS,6 To 10,3-Co-educational,1-Rural,Thullur,Ainavolu,,,INAVOLU(V) THULLUR(MANDAL) GUNTUR(DIST),522237,zphsinavolu[at]gmail[dot]com,https://kys.udiseplus.gov.in/#/schooldetail/4679443/12,4679443,08/10/2024 13:38,2268
******00404 Operational,,ZPHS JONNALAGADDA,,,,Andhra Pradesh,7-Upper Pr. and Secondary,33-MPP_ZPP SCHOOLS,6 To 10,3-Co-educational,1-Rural,Guntur,Jonnalagadda,,,JONNALA GADDA JONNALA GADDA JONNALA GADDA(VILL) GUNTUR(MANDAL) GUNTUR(DIST),522034,jonnalagaddazphs76[at]gmail[dot]com,https://kys.udiseplus.gov.in/#/schooldetail/4679985/12,4679985,20/12/2025 11:47,2268
******00604 Operational,,ZPHS KAKUMANU,,,,Andhra Pradesh,5-Up. Pr. Secondary and Higher Sec,33-MPP_ZPP SCHOOLS,6 To 12,3-Co-educational,1-Rural,Kakumanu,Kakumanu,,,KAKUMANU KAKUMANU KAKUMANU(VILL) KAKUMANU(MANDAL) GUNTUR(DIST),522112,nzphshmkakumanu[at]gmail[dot]com,https://kys.udiseplus.gov.in/#/schooldetail/4682853/12,4682853,28/09/2024 11:40,2268
******01202 Operational,,ZPHS KANTHERU,,,,Andhra Pradesh,6-Pr. Up Pr. and Secondary Only,33-MPP_ZPP SCHOOLS,1 To 10,3-Co-educational,1-Rural,Tadikonda,Kantheru,,,KANTHERU KANTHERU KANTHERU(VILL) TADIKONDA(MANDAL) GUNTUR(DIST),522508,zphskantheru2023[at]gmail[dot]com,https://kys.udiseplus.gov.in/#/schooldetail/4679722/12,4679722,22/12/2025 10:53,2268
******00702 Operational,,ZPHS KATRAPADU,,,,Andhra Pradesh,7-Upper Pr. and Secondary,33-MPP_ZPP SCHOOLS,6 To 10,3-Co-educational,1-Rural,Vatticherukuru,Katrapadu,,,"MAIN ROAD, KATRAPADU(VILL) VATTICHERUKURU(MANDAL) GUNTUR(DIST)",522017,hmzphskatrapadu[at]gmail[dot]com,https://kys.udiseplus.gov.in/#/schooldetail/4681854/12,4681854,24/09/2024 20:46,2268
******00409 Operational,,ZPHS KATTEVARAM,,,,Andhra Pradesh,7-Upper Pr. and Secondary,33-MPP_ZPP SCHOOLS,6 To 10,3-Co-educational,1-Rural,Tenali,Katevaram,,,KATHEVARAM KATTEVARAM KATHEVARAM(VILL) TENALI(MANDAL) GUNTUR(DIST),522202,tatisridhar[at]gmail[dot]com,https://kys.udiseplus.gov.in/#/schooldetail/4681540/12,4681540,22/12/2025 14:42,2268
******00115 Operational,,ZPHS KHAZIPET (T),,,,Andhra Pradesh,7-Upper Pr. and Secondary,33-MPP_ZPP SCHOOLS,6 To 10,3-Co-educational,1-Rural,Tenali,Kolakaluru,,,KHAZIPET KHAZIPET KOLAKALUR(VILL) TENALI(MANDAL) GUNTUR(DIST),522307,zphskhazipetgnt[at]gmail[dot]com,https://kys.udiseplus.gov.in/#/schooldetail/4681516/12,4681516,22/12/2025 14:38,2268
******00112 Operational,,ZPHS KOLAKALURU,,,,Andhra Pradesh,7-Upper Pr. and Secondary,33-MPP_ZPP SCHOOLS,6 To 10,3-Co-educational,1-Rural,Tenali,Kolakaluru,,,KOLAKALUR KOLAKALUR KOLAKALUR(VILL) TENALI(MANDAL) GUNTUR(DIST),522307,zphskolakalur[at]yahoo[dot]com,https://kys.udiseplus.gov.in/#/schooldetail/4681513/12,4681513,22/12/2025 14:38,2268
******00802 Operational,,ZPHS KONDAPATURU,,,,Andhra Pradesh,6-Pr. Up Pr. and Secondary Only,33-MPP_ZPP SCHOOLS,1 To 10,3-Co-educational,1-Rural,Kakumanu,Kondapatur,,,KONDAPATURU KONDAPATURU KONDAPATURU(VILL) KAKUMANU(MANDAL) GUNTUR(DIST),522112,prakasaraojupudi2[at]gmail[dot]com,https://kys.udiseplus.gov.in/#/schooldetail/4682862/12,4682862,17/06/2025 16:38,2268
******00103 Operational,,ZPHS KOPPARRU,,,,Andhra Pradesh,5-Up. Pr. Secondary and Higher Sec,33-MPP_ZPP SCHOOLS,6 To 12,3-Co-educational,1-Rural,Pedanandipadu,Kopparru,,,KOPPARRU KOPPARU KOPPARRU(VILL) PEDANANDIPADU(MANDAL) GUNTUR(DIST),522015,kopparruzphs[at]gmail[dot]com,https://kys.udiseplus.gov.in/#/schooldetail/4682783/12,4682783,22/12/2025 13:08,2268
******00103 Operational,,ZPHS KOPPURAVURU,,,,Andhra Pradesh,7-Upper Pr. and Secondary,33-MPP_ZPP SCHOOLS,6 To 10,3-Co-educational,1-Rural,Pedakakani,Koppuravuru,,,KOPPURAVURU KOPPURAVURU KOPPURAVURU(VILL) PEDAKAKANI(MANDAL) GUNTUR(DIST),522508,hmzphskoppuravuru[at]gmail[dot]com,https://kys.udiseplus.gov.in/#/schooldetail/4681207/12,4681207,22/12/2025 15:44,2268
******00111 Operational,,ZPHS KORNEPADU,,,,Andhra Pradesh,5-Up. Pr. Secondary and Higher Sec,33-MPP_ZPP SCHOOLS,6 To 12,3-Co-educational,1-Rural,Vatticherukuru,Kornepadu,,,"PEDDA PALLEROAD, KORNEPADU(VILL) VATTICHERUKURU(MANDAL) GUNTUR(DIST)",522017,zphskornepadu[at]gmail[dot]com,https://kys.udiseplus.gov.in/#/schooldetail/4681839/12,4681839,19/09/2024 14:44,2268
******00104 Operational,,ZPHS KORRAPADU,,,,Andhra Pradesh,7-Upper Pr. and Secondary,33-MPP_ZPP SCHOOLS,6 To 10,3-Co-educational,1-Rural,Medikonduru,Korrapadu,,,KORRAPADU KORRAPADU KORRAPADU(VILL) MEDIKONDURU(MANDAL) GUNTUR(DIST),522438,hmzphskorrapadu[at]gmail[dot]com,https://kys.udiseplus.gov.in/#/schooldetail/4680585/12,4680585,23/12/2025 10:14,2268
******00208 Operational,,ZPHS KOYAVARIPALEM,,,,Andhra Pradesh,7-Upper Pr. and Secondary,33-MPP_ZPP SCHOOLS,6 To 10,3-Co-educational,1-Rural,Prathipadu,Enamadala,,,KOYAVARIPALEM KOYAVARIPALEM ENAMADALA(VILL) PRATHIPADU(MANDAL) GUNTUR(DIST),522019,zphskoyavaripalem[at]gmail[dot]com,https://kys.udiseplus.gov.in/#/schooldetail/4681153/12,4681153,23/12/2025 09:50,2268
******01115 Operational,,ZPHS LALPURAM,,,,Andhra Pradesh,7-Upper Pr. and Secondary,33-MPP_ZPP SCHOOLS,6 To 10,3-Co-educational,1-Rural,Guntur,Ankireddipalem (R),,,NETHAJI NAGARLALPURAM ROAD GUNTUR,522004,zphslalpuram2018[at]gmail[dot]com,https://kys.udiseplus.gov.in/#/schooldetail/4680823/12,4680823,20/12/2025 12:21,2268
******01105 Operational,,ZPHS LAM,,,,Andhra Pradesh,7-Upper Pr. and Secondary,33-MPP_ZPP SCHOOLS,6 To 10,3-Co-educational,1-Rural,Tadikonda,Lam,,,SPSZPHS LAM TADIKONDA MANDAL,522034,bhanumathi1208[at]gmail[dot]com,https://kys.udiseplus.gov.in/#/schooldetail/4719100/12,4719100,22/12/2025 10:54,2268
******01011 Operational,,ZPHS LNC PERECHERLA,,,,Andhra Pradesh,6-Pr. Up Pr. and Secondary Only,33-MPP_ZPP SCHOOLS,1 To 10,3-Co-educational,1-Rural,Medikonduru,Pericherla,,,PERECHERLA PERECHERLA PERICHERLA(VILL) MEDIKONDURU(MANDAL) GUNTUR(DIST),522005,mpupslncperecherla[at]gmail[dot]com,https://kys.udiseplus.gov.in/#/schooldetail/4680639/12,4680639,23/12/2025 11:28,2268
******02009 Operational,,ZPHS MACHAVARAM,,,,Andhra Pradesh,7-Upper Pr. and Secondary,33-MPP_ZPP SCHOOLS,6 To 10,3-Co-educational,1-Rural,Ponnur,Mulukuduru,,,ZP HIGH SCHOOL NEAR SHIVA TEMPLE MACHAVARAM VILLAGE PONNUR MANDAL GUNTUR DT-522124,522315,basha.sk786[at]yahoo[dot]com,https://kys.udiseplus.gov.in/#/schooldetail/4682947/12,4682947,07/10/2024 17:17,2268
******00402 Operational,,ZPHS MAMILLAPALLI,,,,Andhra Pradesh,6-Pr. Up Pr. and Secondary Only,33-MPP_ZPP SCHOOLS,1 To 10,3-Co-educational,1-Rural,Ponnur,Mamillapalle,,,MAMILLAPALLI(VILL) PONNURU (MANDAL) GUNTUR(DIST),522318,mpupsmamillapalli0402[at]gmail[dot]com,https://kys.udiseplus.gov.in/#/schooldetail/4682884/12,4682884,23/12/2025 14:14,2268
******02005 Operational,,ZPHS MANDADAM,,,,Andhra Pradesh,5-Up. Pr. Secondary and Higher Sec,33-MPP_ZPP SCHOOLS,6 To 12,3-Co-educational,1-Rural,Thullur,Mandadam,,,MANDADAM MANDADAM MANDADAM(VILL) THULLUR(MANDAL) GUNTUR(DIST),522503,zphsmandadam5[at]gmail[dot]com,https://kys.udiseplus.gov.in/#/schooldetail/4679457/12,4679457,08/10/2024 13:52,2268
******00810 Operational,,ZPHS MEDIKONDUR,,,,Andhra Pradesh,7-Upper Pr. and Secondary,33-MPP_ZPP SCHOOLS,6 To 10,3-Co-educational,1-Rural,Medikonduru,Medikonduru,,,MEDIKONDUR MEDIKONDUR MEDIKONDURU(VILL) MEDIKONDURU(MANDAL) GUNTUR(DIST),522438,medikonduruzphs[at]gmail[dot]com,https://kys.udiseplus.gov.in/#/schooldetail/4680624/12,4680624,23/12/2025 11:25,2268
******01206 Operational,,ZPHS MUNAGAPADU,,,,Andhra Pradesh,5-Up. Pr. Secondary and Higher Sec,33-MPP_ZPP SCHOOLS,6 To 12,3-Co-educational,1-Rural,Phirangipuram,Merikapudi,,,MUNAGAPADU MUNAGAPADU MERIKA PUDI(VILL) PHIRANGIPURAM(MANDAL) GUNTUR(DIST),522549,zphsmunagapadu2003[at]gmil[dot]com,https://kys.udiseplus.gov.in/#/schooldetail/4680574/12,4680574,08/10/2024 15:07,2268
******00204 Operational,,ZPHS MUNNANGI,,,,Andhra Pradesh,7-Upper Pr. and Secondary,33-MPP_ZPP SCHOOLS,6 To 10,3-Co-educational,1-Rural,Kollipara,Munnangi,,,MUNNANGI MUNNANGI MUNNANGI(VILL) KOLLIPARA(MANDAL) GUNTUR(DIST),522304,hmmunnangi[at]gmail[dot]com,https://kys.udiseplus.gov.in/#/schooldetail/4681348/12,4681348,23/12/2025 12:43,2268
******01206 Operational,,ZPHS MUTLURU,,,,Andhra Pradesh,7-Upper Pr. and Secondary,33-MPP_ZPP SCHOOLS,6 To 10,3-Co-educational,1-Rural,Vatticherukuru,Mutluru,,,MUTLURU(VILL) VATTICHERUKURU(MANDAL) GUNTUR(DIST),522212,hmzphsmutlur[at]gmail[dot]com,https://kys.udiseplus.gov.in/#/schooldetail/4681871/12,4681871,20/06/2025 15:46,2268
******01009 Operational,,ZPHS NALLAPADU,,,,Andhra Pradesh,7-Upper Pr. and Secondary,33-MPP_ZPP SCHOOLS,6 To 10,3-Co-educational,2-Urban,NA,,Guntur Ward No. 53,Guntur-Municipal Corporations,NALLAPADU NALLAPADU NALLAPADU(VILL) GUNTUR(MANDAL) GUNTUR(DIST),522005,nallapaduzphs[at]gmail[dot]com,https://kys.udiseplus.gov.in/#/schooldetail/4680805/12,4680805,20/12/2025 12:20,2268
******00305 Operational,,ZPHS NANDIVELUGU,,,,Andhra Pradesh,7-Upper Pr. and Secondary,33-MPP_ZPP SCHOOLS,6 To 10,3-Co-educational,1-Rural,Tenali,Nandivelugu,,,NANDIVELUGU NANDIVELUGU NANDIVELUGU(VILL) TENALI(MANDAL) GUNTUR(DIST),522306,sivagolla1965[at]gmail[dot]com,https://kys.udiseplus.gov.in/#/schooldetail/4681524/12,4681524,22/12/2025 14:40,2268
******01906 Operational,,ZPHS NANDURU,,,,Andhra Pradesh,6-Pr. Up Pr. and Secondary Only,33-MPP_ZPP SCHOOLS,1 To 10,3-Co-educational,1-Rural,Ponnur,Nandur,,,ZP HIGH SCHOOL NANDURU VILLAGE PONNUR MANDAL GUNTUR DT-522315,522315,hmzphsnanduru[at]gmail[dot]com,https://kys.udiseplus.gov.in/#/schooldetail/4682933/12,4682933,12/06/2025 11:32,2268
******00204 Operational,,ZPHS NARAKODURU,,,,Andhra Pradesh,5-Up. Pr. Secondary and Higher Sec,33-MPP_ZPP SCHOOLS,6 To 12,3-Co-educational,1-Rural,Chebrole,Narakodur,,,"NARAKONDUR ,NARAKODUR NARAKODUR(VILL) CHEBROLU(MANDAL) GUNTUR(DIST)",522212,zphs.narakoduru[at]gmail[dot]com,https://kys.udiseplus.gov.in/#/schooldetail/4681771/12,4681771,22/12/2025 11:56,2268
******90726 Operational,,ZPHS NIDUBROLU,,,,Andhra Pradesh,5-Up. Pr. Secondary and Higher Sec,33-MPP_ZPP SCHOOLS,6 To 12,3-Co-educational,2-Urban,NA,,Ponnur (M) - Ward No.6,Ponnuru-Municipality,ZPHS NIDUBROLU NEAR REPALLE BUS STAND NIDUBROLU PONNUR MANDAL GUNTUR-522124,522124,hmzphsndo[at]gmail[dot]com,https://kys.udiseplus.gov.in/#/schooldetail/4682974/12,4682974,08/10/2024 14:43,2268
******00505 Operational,,ZPHS NIDUMUKKALA,,,,Andhra Pradesh,7-Upper Pr. and Secondary,33-MPP_ZPP SCHOOLS,6 To 10,3-Co-educational,1-Rural,Tadikonda,Nidumukkala,,,nidumukkala tadikonda mandal guntur dt,522016,zphsndmk09[at]gmail[dot]com,https://kys.udiseplus.gov.in/#/schooldetail/4679669/12,4679669,22/12/2025 10:52,2268
******00325 Operational,,ZPHS NOWLUR,,,,Andhra Pradesh,7-Upper Pr. and Secondary,33-MPP_ZPP SCHOOLS,6 To 10,3-Co-educational,2-Urban,NA,,Mangalagiri (M) - Ward No.5,Mangalagiri-Municipality,"NEAR WATER TANK, NOWLUR VILLAGE, MANGALAGIRI",522503,zphsnowluru2023[at]gmail[dot]com,https://kys.udiseplus.gov.in/#/schooldetail/4679559/12,4679559,20/12/2025 13:13,2268
******00347 Operational,,ZPHS NULAKAPET,,,,Andhra Pradesh,7-Upper Pr. and Secondary,33-MPP_ZPP SCHOOLS,6 To 10,3-Co-educational,2-Urban,NA,,Tadepalli Ward No.15,Tadepalli-Municipality,NULAKAPETATADEPALLIMANDAL GUNTURDIST522501,522501,vanaja1409[at]gmail[dot]com,https://kys.udiseplus.gov.in/#/schooldetail/4679512/12,4679512,20/06/2025 16:54,2268
******01106 Operational,,ZPHS NUTHAKKI,,,,Andhra Pradesh,7-Upper Pr. and Secondary,33-MPP_ZPP SCHOOLS,6 To 10,3-Co-educational,2-Urban,NA,,Mangalagiri (M) - Ward No.15,Mangalagiri-Municipality,NUTHAKKI NUTHAKKI NUTHAKKI(VILL) MANGALAGIRI(MANDAL) GUNTUR(DIST),522303,hmzphsnuthakki[at]gmail[dot]com,https://kys.udiseplus.gov.in/#/schooldetail/4679620/12,4679620,20/12/2025 13:27,2268
******01203 Operational,,ZPHS OBULNAIDUPALEM,,,,Andhra Pradesh,6-Pr. Up Pr. and Secondary Only,33-MPP_ZPP SCHOOLS,1 To 10,3-Co-educational,1-Rural,Guntur,Ankireddipalem (R),,,OBUKNAIDUPALEM OBUKNAIDUPALEM POTHURU(VILL) GUNTUR(MANDAL) GUNTUR(DIST),522005,mulpurikrishnarao1965[at]gmail[dot]com,https://kys.udiseplus.gov.in/#/schooldetail/4680832/12,4680832,20/12/2025 12:20,2268
******00203 Operational,,ZPHS PALADUGU,,,,Andhra Pradesh,7-Upper Pr. and Secondary,33-MPP_ZPP SCHOOLS,6 To 10,3-Co-educational,1-Rural,Medikonduru,Paladugu,,,PALADUGU PALADUGU PALADUGU(VILL) MEDIKONDURU(MANDAL) GUNTUR(DIST),522401,zphspaladugu[at]gmail[dot]com,https://kys.udiseplus.gov.in/#/schooldetail/4680587/12,4680587,23/12/2025 10:25,2268
******01306 Operational,,ZPHS PALLAPADU,,,,Andhra Pradesh,7-Upper Pr. and Secondary,33-MPP_ZPP SCHOOLS,6 To 10,3-Co-educational,1-Rural,Vatticherukuru,Pallapadu,,,MAIN ROAD PALLAPADU(VILL) VATTICHERUKURU(MANDAL) GUNTUR(DIST),522017,pallapaduzphs[at]gmail[dot]com,https://kys.udiseplus.gov.in/#/schooldetail/4681879/12,4681879,24/06/2025 18:32,2268
******00905 Operational,,ZPHS PATHAMALLAYAPALEM,,,,Andhra Pradesh,6-Pr. Up Pr. and Secondary Only,33-MPP_ZPP SCHOOLS,1 To 10,3-Co-educational,1-Rural,Prathipadu,Mallayapalem,,,PATHA MALLAYAPALEM PRATHIPADU GUNTUR 522109,522019,hmzphspmpalem[at]gmail[dot]com,https://kys.udiseplus.gov.in/#/schooldetail/4681919/12,4681919,23/12/2025 09:53,2268
******00311 Operational,,ZPHS PEDAKAKANI,,,,Andhra Pradesh,7-Upper Pr. and Secondary,33-MPP_ZPP SCHOOLS,6 To 10,3-Co-educational,1-Rural,Pedakakani,Pedakakani,,,PEDAKAKANI PEDA KAKANI PEDAKAKANI(VILL) PEDAKAKANI(MANDAL) GUNTUR(DIST),522509,zphspedakakani[at]gmail[dot]com,https://kys.udiseplus.gov.in/#/schooldetail/4681227/12,4681227,18/09/2024 12:22,2268
******00405 Operational,,ZPHS PEDAKONDURU,,,,Andhra Pradesh,7-Upper Pr. and Secondary,33-MPP_ZPP SCHOOLS,6 To 10,3-Co-educational,1-Rural,Duggirala,Pedakondur,,,PEDAKONDURU PEDAKONDURU PEDA KONDURU(VILL) DUGGIRALA(MANDAL) GUNTUR(DIST),522305,spmnzphsc[at]gmail[dot]com,https://kys.udiseplus.gov.in/#/schooldetail/4681289/12,4681289,20/06/2025 17:32,2268
******00805 Operational,,ZPHS PEDANANDIPADU,,,,Andhra Pradesh,5-Up. Pr. Secondary and Higher Sec,33-MPP_ZPP SCHOOLS,6 To 12,3-Co-educational,1-Rural,Pedanandipadu,Pedanandipadu,,,MAIN ROAD PEDANANDIPADU(VILL) PEDANANDIPADU(MANDAL) GUNTUR(DIST),522235,zphs1pnpadu[at]gmail[dot]com,https://kys.udiseplus.gov.in/#/schooldetail/4682812/12,4682812,22/12/2025 18:59,2268
******00210 Operational,,ZPHS PEDAPALAKALUR,,,,Andhra Pradesh,7-Upper Pr. and Secondary,33-MPP_ZPP SCHOOLS,6 To 10,3-Co-educational,2-Urban,NA,,Guntur Ward No. 54,Guntur-Municipal Corporations,"PEDAPALAKALURU,PEDAPALAKALURU(VILL) GUNTUR(MANDAL) GUNTUR(DIST)",522005,hmzphspedapalakaluru[at]gmail[dot]com,https://kys.udiseplus.gov.in/#/schooldetail/4680663/12,4680663,20/12/2025 11:37,2268
******01206 Operational,,ZPHS PEDARAVURU,,,,Andhra Pradesh,7-Upper Pr. and Secondary,33-MPP_ZPP SCHOOLS,6 To 10,3-Co-educational,1-Rural,Tenali,Pedaravuru,,,PEDAVAVURU PEDAVAVURU PEDARAVURU(VILL) TENALI(MANDAL) GUNTUR(DIST),522202,saralaputta989[at]gmail[dot]com,https://kys.udiseplus.gov.in/#/schooldetail/4681624/12,4681624,22/12/2025 15:27,2268
******00910 Operational,,ZPHS PEDAVADLAPUDI,,,,Andhra Pradesh,7-Upper Pr. and Secondary,33-MPP_ZPP SCHOOLS,6 To 10,3-Co-educational,2-Urban,NA,,Mangalagiri (M) - Ward No.6,Mangalagiri-Municipality,PEDAVADLAPUDI PEDAVADLAPUDI PEDAVADLAPUDI(VILL) MANGALAGIRI(MANDAL) GUNTUR(DIST),522302,zphspedavadlapudi[at]gmail[dot]com,https://kys.udiseplus.gov.in/#/schooldetail/4679609/12,4679609,20/12/2025 13:25,2268
******00106 Operational,,ZPHS PENUMAKA,,,,Andhra Pradesh,7-Upper Pr. and Secondary,33-MPP_ZPP SCHOOLS,6 To 10,3-Co-educational,2-Urban,NA,,Tadepalli Ward No.10,Tadepalli-Municipality,PENUMAKA PENUMAKA PENUMAKA(VILL) THADEPALLE(MANDAL) GUNTUR(DIST),522501,penumakazphs[at]gmail[dot]com,https://kys.udiseplus.gov.in/#/schooldetail/4679467/12,4679467,08/10/2024 10:57,2268
******01005 Operational,,ZPHS PENUMULI,,,,Andhra Pradesh,7-Upper Pr. and Secondary,33-MPP_ZPP SCHOOLS,6 To 10,3-Co-educational,1-Rural,Duggirala,Penumudi,,,PENUMULI PENUMULI(VILL) DUGGIRALA(MANDAL) GUNTUR(DIST),522330,zphs.penumuli[at]gmail[dot]com,https://kys.udiseplus.gov.in/#/schooldetail/4650482/12,4650482,15/10/2020 12:18,2268
******00705 Operational,,ZPHS PERAKALAPUDI,,,,Andhra Pradesh,6-Pr. Up Pr. and Secondary Only,33-MPP_ZPP SCHOOLS,1 To 10,3-Co-educational,1-Rural,Duggirala,Perakalapudi,,,SIVALAYAMVEEDHI PERAKALAPUDI PERAKALA PUDI(VILL) DUGGIRALA(MANDAL) GUNTUR(DIST),522305,mpupsperukalapudi705[at]gmail[dot]com,https://kys.udiseplus.gov.in/#/schooldetail/4681299/12,4681299,20/06/2025 17:32,2268
******00108 Operational,,ZPHS PLUS CHINALINGAYAPALEM,,,,Andhra Pradesh,5-Up. Pr. Secondary and Higher Sec,33-MPP_ZPP SCHOOLS,6 To 12,3-Co-educational,1-Rural,Kakumanu,Vallur,,,CHINALINGAYAPALEM CHINALINGAYAPALEM VALLUR(VILL) KAKUMANU(MANDAL) GUNTUR(DIST),522124,hm.chlplm[at]gmail[dot]com,https://kys.udiseplus.gov.in/#/schooldetail/4682837/12,4682837,28/09/2024 11:25,2268
******01207 Operational,,ZPHS PLUS EMANI,,,,Andhra Pradesh,5-Up. Pr. Secondary and Higher Sec,33-MPP_ZPP SCHOOLS,6 To 12,3-Co-educational,1-Rural,Duggirala,Emani,,,EMANI EMANI EMANI(VILL) DUGGIRALA(MANDAL) GUNTUR(DIST),522308,zphighschool.emani[at]gmail[dot]com,https://kys.udiseplus.gov.in/#/schooldetail/4650409/12,4650409,27/01/2023 12:31,2268
******00910 Operational,,ZPHS (PLUS) KOLLIPARA,,,,Andhra Pradesh,5-Up. Pr. Secondary and Higher Sec,33-MPP_ZPP SCHOOLS,6 To 12,3-Co-educational,1-Rural,Kollipara,Kollipara,,,KOLLIPARA KOLLIPARA KOLLIPARA(VILL) KOLLIPARA(MANDAL) GUNTUR(DIST),522304,zphs.kollipara[at]gmail[dot]com,https://kys.udiseplus.gov.in/#/schooldetail/4681367/12,4681367,22/12/2025 14:53,2268
******00601 Operational,,ZPHS PLUS NIDAMARRU,,,,Andhra Pradesh,3-Pr. with Up.Pr. Sec. and H.Sec.,33-MPP_ZPP SCHOOLS,1 To 12,3-Co-educational,2-Urban,NA,,Mangalagiri (M) - Ward No.32,Mangalagiri-Municipality,"NIDAMARRU , (VILL) MANGALAGIRI(MANDAL) GUNTUR(DIST)",522503,hmzphsnidamarru[at]gmail[dot]com,https://kys.udiseplus.gov.in/#/schooldetail/4679588/12,4679588,20/12/2025 13:21,2268
******01012 Operational,,ZPHS PLUS PERECHERLA,,,,Andhra Pradesh,5-Up. Pr. Secondary and Higher Sec,33-MPP_ZPP SCHOOLS,6 To 12,3-Co-educational,1-Rural,Medikonduru,Pericherla,,,PERECHERLA PERECHERLA PERICHERLA(VILL) MEDIKONDURU(MANDAL) GUNTUR(DIST),522009,rangaraju.bahatam[at]gmail[dot]com,https://kys.udiseplus.gov.in/#/schooldetail/4680640/12,4680640,23/12/2025 11:28,2268
******00303 Operational,,ZPHS PLUS VELLALURU,,,,Andhra Pradesh,5-Up. Pr. Secondary and Higher Sec,33-MPP_ZPP SCHOOLS,6 To 12,3-Co-educational,1-Rural,Ponnur,Vellalur,,,VELLALUR(VILL) PONNURU (MNDL) VELLALUR(VILL) PONNURU(MANDAL) GUNTUR(DIST),522212,zphsvellaluru1966[at]gmail[dot]com,https://kys.udiseplus.gov.in/#/schooldetail/4682882/12,4682882,23/12/2025 15:11,2268
******00705 Operational,,ZPHS PONNEKALLU,,,,Andhra Pradesh,5-Up. Pr. Secondary and Higher Sec,33-MPP_ZPP SCHOOLS,6 To 12,3-Co-educational,1-Rural,Tadikonda,Ponnekallu,,,PONNEKALLU PONNEKALLU PONNEKALLU(VILL) TADIKONDA(MANDAL) GUNTUR(DIST),522018,hmponnekallu[at]gmail[dot]com,https://kys.udiseplus.gov.in/#/schooldetail/4679699/12,4679699,22/12/2025 10:54,2268
******01405 Operational,,ZPHS PONUGUPADU,,,,Andhra Pradesh,7-Upper Pr. and Secondary,33-MPP_ZPP SCHOOLS,6 To 10,3-Co-educational,1-Rural,Phirangipuram,Ponugupadu,,,PONUGUPAD PONUGUPADU PONUGUPADU(VILL) PHIRANGIPURAM(MANDAL) GUNTUR(DIST),522549,highschoolponugupadu51[at]gmail[dot]com,https://kys.udiseplus.gov.in/#/schooldetail/4680582/12,4680582,20/06/2025 17:30,2268
******01204 Operational,,ZPHS POTHURU,,,,Andhra Pradesh,7-Upper Pr. and Secondary,33-MPP_ZPP SCHOOLS,6 To 10,3-Co-educational,2-Urban,NA,,Guntur Ward No. 58,Guntur-Municipal Corporations,POTHURU POTHURU POTHURU(VILL) GUNTUR(MANDAL) GUNTUR(DIST),522005,gmadhumohan4u[at]gmail[dot]com,https://kys.udiseplus.gov.in/#/schooldetail/4680833/12,4680833,20/12/2025 12:20,2268
******00804 Operational,,ZPHS P T PARRU,,,,Andhra Pradesh,7-Upper Pr. and Secondary,33-MPP_ZPP SCHOOLS,6 To 10,3-Co-educational,1-Rural,Ponnur,Patchalatadiparru,,,ZPHS PATCHALATADIPARRU VILLAGE GBC ROAD PONNUR MANDAL GUNTUR DT-522316,522316,zphsptparru[at]gmail[dot]com,https://kys.udiseplus.gov.in/#/schooldetail/4682898/12,4682898,07/10/2024 16:23,2268
******00506 Operational,,ZPHS PUSULURU,,,,Andhra Pradesh,7-Upper Pr. and Secondary,33-MPP_ZPP SCHOOLS,6 To 10,3-Co-educational,1-Rural,Pedanandipadu,Pusulur,,,Opp PANCHAYAT OFFICE PUSULUR(VILLAGE) PEDANANDIPADU(MANDAL) GUNTUR(DIST),522235,zphspusuluru[at]gmail[dot]com,https://kys.udiseplus.gov.in/#/schooldetail/4682802/12,4682802,22/12/2025 18:55,2268
******00806 Operational,,ZPHS RAVELA,,,,Andhra Pradesh,5-Up. Pr. Secondary and Higher Sec,33-MPP_ZPP SCHOOLS,6 To 12,3-Co-educational,1-Rural,Tadikonda,Ravela,,,RAVELA RAVELA RAVELA(VILL) TADIKONDA(MANDAL) GUNTUR(DIST),522018,zphsravela1412[at]gmail[dot]com,https://kys.udiseplus.gov.in/#/schooldetail/4679706/12,4679706,22/12/2025 10:59,2268
******00605 Operational,,ZPHS REDDYPALEM,,,,Andhra Pradesh,6-Pr. Up Pr. and Secondary Only,33-MPP_ZPP SCHOOLS,1 To 10,3-Co-educational,2-Urban,NA,,Guntur Ward No. 62,Guntur-Municipal Corporations,REDDY PALEM GUNTUR (VIL) GUNTUR (U)(VILL) GUNTUR(MANDAL) GUNTUR(DIST),522501,sudha.melam[at]gmail[dot]com,https://kys.udiseplus.gov.in/#/schooldetail/4680757/12,4680757,20/12/2025 11:53,2268
******01005 Operational,,ZPHS RETURU,,,,Andhra Pradesh,7-Upper Pr. and Secondary,33-MPP_ZPP SCHOOLS,6 To 10,3-Co-educational,1-Rural,Kakumanu,Retur,,,RETURU RETUR RETUR(VILL) KAKUMANU(MANDAL) GUNTUR(DIST),522113,zphsreturu[at]gmail[dot]com,https://kys.udiseplus.gov.in/#/schooldetail/4682869/12,4682869,28/09/2024 11:51,2268
******00208 Operational,,ZPHS REVENDRAPADU,,,,Andhra Pradesh,7-Upper Pr. and Secondary,33-MPP_ZPP SCHOOLS,6 To 10,3-Co-educational,1-Rural,Duggirala,Tummapudi,,,REVENDRAPADU REVENDRAPADU THUMMOPUDI(VILL) DUGGIRALA(MANDAL) GUNTUR(DIST),522302,zphrevendrapadu[at]rediffmail[dot]com,https://kys.udiseplus.gov.in/#/schooldetail/4681282/12,4681282,28/09/2024 10:54,2268
******00606 Operational,,ZPHS SANGAM JAGARLAMUDI,,,,Andhra Pradesh,5-Up. Pr. Secondary and Higher Sec,33-MPP_ZPP SCHOOLS,6 To 12,3-Co-educational,1-Rural,Tenali,Sangam Jagarlamudi,,,SANGAMJAGARLAMUDI SANGAM GARLAMUDI SANGAMJAGARLAMUDI(VILL) TENALI(MANDAL) GUNTUR(DIST),522213,hmsjmudi[at]gmail[dot]com,https://kys.udiseplus.gov.in/#/schooldetail/4681551/12,4681551,22/12/2025 14:46,2268
******00610 Operational,,ZPHS SEKURU,,,,Andhra Pradesh,7-Upper Pr. and Secondary,33-MPP_ZPP SCHOOLS,6 To 10,3-Co-educational,1-Rural,Chebrole,Sekuru,,,"SEKURU , SEKURU SEKUR(VILL) CHEBROLU(MANDAL) GUNTUR(DIST)",522213,zphs.sekuru610[at]gmail[dot]com,https://kys.udiseplus.gov.in/#/schooldetail/4650410/12,4650410,22/12/2025 11:59,2268
******00309 Operational,,ZPHS SIRIPURAM,,,,Andhra Pradesh,7-Upper Pr. and Secondary,33-MPP_ZPP SCHOOLS,6 To 10,3-Co-educational,1-Rural,Medikonduru,Siripuram,,,NEAR PANCHAYAT OFFICE SIRIPURAM(VILL) MEDIKONDURU(MANDAL) GUNTUR(DIST),522401,zphssiripuram1946[at]gmail[dot]com,https://kys.udiseplus.gov.in/#/schooldetail/4680596/12,4680596,23/12/2025 10:28,2268
******00404 Operational,,ZPHS Suddapalli,,,,Andhra Pradesh,6-Pr. Up Pr. and Secondary Only,33-MPP_ZPP SCHOOLS,1 To 10,3-Co-educational,1-Rural,Chebrole,Suddapalle,,,"MAIN ROAD SUDDAPALLI , SUDDAPALLI(VILL) CHEBROLU(MANDAL) GUNTUR(DIST)",522213,mpupschoolsuddapalli729[at]gmail[dot]com,https://kys.udiseplus.gov.in/#/schooldetail/4681784/12,4681784,17/06/2025 18:39,2268
******00604 Operational,,ZPHS(SVVG) PEDAPALEM,,,,Andhra Pradesh,7-Upper Pr. and Secondary,33-MPP_ZPP SCHOOLS,6 To 10,3-Co-educational,1-Rural,Duggirala,Chinapalem,,,PEDAPALEM PEDAPALEM CHINA PALEM(VILL) DUGGIRALA(MANDAL) GUNTUR(DIST),522305,pedapalemzphs[at]gmail[dot]com,https://kys.udiseplus.gov.in/#/schooldetail/4681295/12,4681295,15/10/2020 12:18,2268
******00320 Operational,,Z.PHS TADEPALLI,,,,Andhra Pradesh,7-Upper Pr. and Secondary,33-MPP_ZPP SCHOOLS,6 To 10,3-Co-educational,2-Urban,NA,,Tadepalli Ward No.6,Tadepalli-Municipality,TADEPALLI-THADEPALLE-GUNTUR,522501,zphstadepalli[at]gmail[dot]com,https://kys.udiseplus.gov.in/#/schooldetail/4679494/12,4679494,08/10/2024 12:03,2268
******00613 Operational,,ZPHS TADIKONDA,,,,Andhra Pradesh,6-Pr. Up Pr. and Secondary Only,33-MPP_ZPP SCHOOLS,1 To 10,3-Co-educational,1-Rural,Tadikonda,Tadikonda,,,ANNEBASANT NAGAR TADI KONDA TADIKONDA(VILL) TADIKONDA(MANDAL) GUNTUR(DIST),522236,hmzphstdk1[at]gmail[dot]com,https://kys.udiseplus.gov.in/#/schooldetail/4679680/12,4679680,22/12/2025 10:50,2268
******00607 Operational,,ZPHS THAKKELLAPADU,,,,Andhra Pradesh,6-Pr. Up Pr. and Secondary Only,33-MPP_ZPP SCHOOLS,1 To 10,3-Co-educational,1-Rural,Pedakakani,Takkellapadu,,,THAKKELLAPADU PEDAKAKANI THAKKELLAPADU (R)(VILL) PEDAKAKANI(MANDAL) GUNTUR(DIST),522509,gmsrinivasareddy[at]gmail[dot]com,https://kys.udiseplus.gov.in/#/schooldetail/4681254/12,4681254,22/12/2025 14:22,2268
******00209 Operational,,ZPHS THIKKAREDDYPALEM,,,,Andhra Pradesh,7-Upper Pr. and Secondary,33-MPP_ZPP SCHOOLS,6 To 10,3-Co-educational,1-Rural,Prathipadu,Enamadala,,,THIKKAREDDYPALEM THIKKAREDDYPALEM ENAMADALA(VILL) PRATHIPADU(MANDAL) GUNTUR(DIST),522019,zphstrpalemgnt[at]gmail[dot]com,https://kys.udiseplus.gov.in/#/schooldetail/4681154/12,4681154,23/12/2025 14:50,2268
******00607 Operational,,ZPHS THUMMALAPALEM,,,,Andhra Pradesh,6-Pr. Up Pr. and Secondary Only,33-MPP_ZPP SCHOOLS,1 To 10,3-Co-educational,1-Rural,Prathipadu,Nadimpalem,,,TUMMALAPALEM TUMMALAPALEM NADIMPALEM(VILL) PRATHIPADU(MANDAL) GUNTUR(DIST),522233,mukkantichina[at]gmail[dot]com,https://kys.udiseplus.gov.in/#/schooldetail/4681908/12,4681908,22/12/2025 20:03,2268
******01205 Operational,,ZPHS THUMULURU,,,,Andhra Pradesh,5-Up. Pr. Secondary and Higher Sec,33-MPP_ZPP SCHOOLS,6 To 12,3-Co-educational,1-Rural,Kollipara,Thumuluru,,,THUMULURU(VILL) KOLLIPARA(MANDAL) GUNTUR(DIST),522304,zphsthumuluru1205[at]gmail[dot]com,https://kys.udiseplus.gov.in/#/schooldetail/4681387/12,4681387,23/12/2025 15:38,2268
******01203 Operational,,ZPHS TURAKAPALEM,,,,Andhra Pradesh,7-Upper Pr. and Secondary,33-MPP_ZPP SCHOOLS,6 To 10,3-Co-educational,1-Rural,Medikonduru,Mangalagiripadu,,,TURAKAPALEM VILLAGE MANGALAGIRIPADU POST MEDIKONDURU MANDAL GUNTUR DIST 522438,522438,zphsturakapalem203[at]gmail[dot]com,https://kys.udiseplus.gov.in/#/schooldetail/4680656/12,4680656,23/12/2025 11:31,2268
******00202 Operational,,ZPHS UNDAVALLI,,,,Andhra Pradesh,6-Pr. Up Pr. and Secondary Only,33-MPP_ZPP SCHOOLS,1 To 10,3-Co-educational,2-Urban,NA,,Tadepalli Ward No.11,Tadepalli-Municipality,UNDAVALLI UNDAVALLI(VILL) THADEPALLE(MANDAL) GUNTUR(DIST),522501,thokalaanjaneyulu902[at]gmail[dot]com,https://kys.udiseplus.gov.in/#/schooldetail/4679470/12,4679470,14/07/2025 14:59,2268
******01107 Operational,,ZPHS UPPALAPADU,,,,Andhra Pradesh,7-Upper Pr. and Secondary,33-MPP_ZPP SCHOOLS,6 To 10,3-Co-educational,1-Rural,Pedanandipadu,Uppalapadu,,,UPPALAPADU(VILL) PEDANANDIPADU(MANDAL) GUNTUR(DIST),522616,zphsuppalapadu2012[at]gmail[dot]com,https://kys.udiseplus.gov.in/#/schooldetail/4682825/12,4682825,22/12/2025 19:01,2268
******00706 Operational,,ZPHS UPPALAPADU,,,,Andhra Pradesh,6-Pr. Up Pr. and Secondary Only,33-MPP_ZPP SCHOOLS,1 To 10,3-Co-educational,1-Rural,Pedakakani,Uppalapadu,,,BEHING BIRDS PROTECTION CENTRE UPPALAPADU UPPALAPADU(VILL) PEDAKAKANI(MANDAL) GUNTUR(DIST),522509,hmzphsuppalapadu[at]gmail[dot]com,https://kys.udiseplus.gov.in/#/schooldetail/4681262/12,4681262,22/12/2025 14:18,2268
******00810 Operational,,ZPHS (URDU) AMEENABAD,,,,Andhra Pradesh,6-Pr. Up Pr. and Secondary Only,33-MPP_ZPP SCHOOLS,1 To 10,3-Co-educational,1-Rural,Phirangipuram,Aminabada,,,AMEENABAD AMEENABAD AMEENABAD(VILL) PHIRANGIPURAM(MANDAL) GUNTUR(DIST),522529,yeruvasudhakar78[at]gmail[dot]com,https://kys.udiseplus.gov.in/#/schooldetail/4680559/12,4680559,24/06/2025 18:08,2268
******00604 Operational,,ZPHS VADDESWARAM,,,,Andhra Pradesh,5-Up. Pr. Secondary and Higher Sec,33-MPP_ZPP SCHOOLS,6 To 12,3-Co-educational,2-Urban,NA,,Tadepalli Ward No.20,Tadepalli-Municipality,VADDESWARAM VADDESWARAM VADDESWARAM(VILL) THADEPALLE(MANDAL) GUNTUR(DIST),522302,zphsvaddeswarami4[at]gmail[dot]com,https://kys.udiseplus.gov.in/#/schooldetail/4679522/12,4679522,08/10/2024 11:53,2268
******00105 Operational,,ZPHS VALLABHAPURAM,,,,Andhra Pradesh,7-Upper Pr. and Secondary,33-MPP_ZPP SCHOOLS,6 To 10,3-Co-educational,1-Rural,Kollipara,Vallabhapuram,,,VALLABHAPURAM VALLABHAPURAM VALLABHAPURAM(VILL) KOLLIPARA(MANDAL) GUNTUR(DIST),522308,hm.zphs.vallabhapuram[at]gmail[dot]com,https://kys.udiseplus.gov.in/#/schooldetail/4681340/12,4681340,23/12/2025 13:43,2268
******01005 Operational,,ZPHS VANGIPURAM,,,,Andhra Pradesh,7-Upper Pr. and Secondary,33-MPP_ZPP SCHOOLS,6 To 10,3-Co-educational,1-Rural,Prathipadu,Vangipuram,,,VANGIPURAM(VILL) PRATHIPADU(MANDAL) GUNTUR(DIST),522015,zphsvangipuram[at]gmail[dot]com,https://kys.udiseplus.gov.in/#/schooldetail/4681923/12,4681923,22/12/2025 20:57,2268
******00805 Operational,,ZPHS VATTICHERUKURU,,,,Andhra Pradesh,5-Up. Pr. Secondary and Higher Sec,33-MPP_ZPP SCHOOLS,6 To 12,3-Co-educational,1-Rural,Vatticherukuru,Vatticherukuru,,,"PONNUR ROAD, VATTICHERUKURU(VILL) VATTICHERUKURU(MANDAL) GUNTUR(DIST)",522212,hmzphsvatticherukur[at]gmail[dot]com,https://kys.udiseplus.gov.in/#/schooldetail/4681860/12,4681860,20/06/2025 15:46,2268
******00307 Operational,,ZPHS VEJENDLA,,,,Andhra Pradesh,7-Upper Pr. and Secondary,33-MPP_ZPP SCHOOLS,6 To 10,3-Co-educational,1-Rural,Chebrole,Vejendla,,,"VEJENDLA , VEJENDLA VEJENDLA(VILL) CHEBROLU(MANDAL) GUNTUR(DIST)",522213,zphs.vejendla[at]gmail[dot]com,https://kys.udiseplus.gov.in/#/schooldetail/4681779/12,4681779,20/07/2022 14:33,2268
******00807 Operational,,ZPHS VEMULURIPADU,,,,Andhra Pradesh,6-Pr. Up Pr. and Secondary Only,33-MPP_ZPP SCHOOLS,1 To 10,3-Co-educational,1-Rural,Phirangipuram,Aminabada,,,VEMULURIPADU VEMULURIPADU AMEENABAD(VILL) PHIRANGIPURAM(MANDAL) GUNTUR(DIST),522529,yvpam1976[at]gmail[dot]com,https://kys.udiseplus.gov.in/#/schooldetail/4679792/12,4679792,19/06/2025 14:47,2268
******01116 Operational,,ZPHS VENGALAYAPALEM,,,,Andhra Pradesh,7-Upper Pr. and Secondary,33-MPP_ZPP SCHOOLS,6 To 10,3-Co-educational,1-Rural,Guntur,Nallapadu (R),,,"NEAR RYTHU BHAROSA KENDRAM,VENGALAYAPALEM",522005,hmzphsvpalem[at]gmail[dot]com,https://kys.udiseplus.gov.in/#/schooldetail/4680824/12,4680824,20/12/2025 12:20,2268
******00406 Operational,,ZPHS VENIGANDLA,,,,Andhra Pradesh,5-Up. Pr. Secondary and Higher Sec,33-MPP_ZPP SCHOOLS,6 To 12,3-Co-educational,1-Rural,Pedakakani,Venigandla,,,VENIGANDLA VENIGANDLA VENIGANDLA(VILL) PEDAKAKANI(MANDAL) GUNTUR(DIST),522509,venigandlazphs2011[at]gmail[dot]com,https://kys.udiseplus.gov.in/#/schooldetail/4681242/12,4681242,21/06/2025 19:13,2268
******02102 Operational,,ZPHS VENKATAPALEM,,,,Andhra Pradesh,6-Pr. Up Pr. and Secondary Only,33-MPP_ZPP SCHOOLS,1 To 10,3-Co-educational,1-Rural,Thullur,Venkatapalem,,,VENKATAPALEM VENKATAPALEM VENKATA PALEM(VILL) THULLUR(MANDAL) GUNTUR(DIST),522503,tsrinivasarao73[at]gmail[dot]com,https://kys.udiseplus.gov.in/#/schooldetail/4679460/12,4679460,19/06/2025 13:58,2268
******00110 Operational,,ZPHS VINJANAMPADU,,,,Andhra Pradesh,7-Upper Pr. and Secondary,33-MPP_ZPP SCHOOLS,6 To 10,3-Co-educational,1-Rural,Vatticherukuru,Kornepadu,,,"MAIN ROAD, VINJANAMPADU (VILL) VATTICHERUKURU(MANDAL) GUNTUR(DIST)",522017,zphsvinjanampadu[at]gmail[dot]com,https://kys.udiseplus.gov.in/#/schooldetail/4681838/12,4681838,20/06/2025 15:43,2268
******01106 Operational,,ZPSHS NUDURUPADU,,,,Andhra Pradesh,5-Up. Pr. Secondary and Higher Sec,33-MPP_ZPP SCHOOLS,6 To 12,3-Co-educational,1-Rural,Phirangipuram,Nudurupadu,,,NUDURUPADU NUDURUPADU NUDURUPADU(VILL) PHIRANGIPURAM(MANDAL) GUNTUR(DIST),522529,nudurupaduzphshm[at]gmail[dot]com,https://kys.udiseplus.gov.in/#/schooldetail/4680568/12,4680568,20/06/2025 17:08,2268
